TFI_price,VTEB_price,MUB_price,TFI_price_chg,VTEB_price_chg,MUB_price_chg,MUB/TFI,MUB/VTEB,MUB/MUB,MUB/TFI_moving_avg,MUB/VTEB_moving_avg,MUB/MUB_moving_avg,MUB/TFI_prev_moving_avg,MUB/VTEB_prev_moving_avg,MUB/MUB_prev_moving_avg,TFI_scaled_price,VTEB_scaled_price,MUB_scaled_price,TFI_scaled_comm,VTEB_scaled_comm,MUB_scaled_comm,TFI_scaled_price_minus_comm,VTEB_scaled_price_minus_comm,MUB_scaled_price_minus_comm,TFI_scaled_price_plus_comm,VTEB_scaled_price_plus_comm,MUB_scaled_price_plus_comm,min_price_plus_comm,max_price_minus_comm,tgt_max-min,tgt_pct_diff,tgt_min_price_etf,tgt_max_price_etf,date,ex_div_date,TFI_shs_per_unit,VTEB_shs_per_unit,MUB_shs_per_unit,TFI_current_shs,VTEB_current_shs,MUB_current_shs,current_long_etf,current_short_etf,current_max-min,current_pct_diff,current_position,open_trade,exit_trade,flatten_for_div,tgt_position,tgt_long_etf,tgt_short_etf,TFI_tgt_shs,VTEB_tgt_shs,MUB_tgt_shs,TFI_tgt_inv_amt,VTEB_tgt_inv_amt,MUB_tgt_inv_amt,gross_inv_amt,net_inv_amt,TFI_shs_to_trade,VTEB_shs_to_trade,MUB_shs_to_trade,TFI_shs_to_buy,VTEB_shs_to_buy,MUB_shs_to_buy,TFI_shs_to_sell,VTEB_shs_to_sell,MUB_shs_to_sell,TFI_daily_comm,VTEB_daily_comm,MUB_daily_comm,daily_comm,TFI_daily_profit,VTEB_daily_profit,MUB_daily_profit,daily_gross_profit,daily_net_profit,cumulative_net_profit
45.7,50.2,106.68,,,,2.3343544857768053,2.1250996015936257,1.0,,,,,,,,,,,,,,,,,,,,,,,,,2025-01-02,False,,,,0,0,0,,,0.0,0.0,0,False,False,False,0,,,0,0,0,,,,0.0,0.0,0,0,0,0,0,0,0,0,0,-0.0,-0.0,-0.0,0.0,,,,0.0,0.0,0.0
45.68,50.19,106.58,-0.0200000000000031,-0.0100000000000051,-0.1000000000000085,2.333187390542907,2.12353058378163,1.0,,,,,,,,,,,,,,,,,,,,,,,,,2025-01-03,False,,,,0,0,0,,,0.0,0.0,0,False,False,False,0,,,0,0,0,0.0,0.0,0.0,0.0,0.0,0,0,0,0,0,0,0,0,0,-0.0,-0.0,-0.0,0.0,-0.0,-0.0,-0.0,0.0,0.0,0.0
45.76,50.21,106.64,0.0799999999999983,0.0200000000000031,0.0600000000000022,2.3304195804195804,2.1238797052380005,1.0,,,,,,,,,,,,,,,,,,,,,,,,,2025-01-06,False,,,,0,0,0,,,0.0,0.0,0,False,False,False,0,,,0,0,0,0.0,0.0,0.0,0.0,0.0,0,0,0,0,0,0,0,0,0,-0.0,-0.0,-0.0,0.0,0.0,0.0,0.0,0.0,0.0,0.0
45.64,50.08,106.43,-0.1199999999999974,-0.1300000000000025,-0.2099999999999937,2.331945661700263,2.1251996805111824,1.0,,,,,,,,,,,,,,,,,,,,,,,,,2025-01-07,False,,,,0,0,0,,,0.0,0.0,0,False,False,False,0,,,0,0,0,0.0,0.0,0.0,0.0,0.0,0,0,0,0,0,0,0,0,0,-0.0,-0.0,-0.0,0.0,-0.0,-0.0,-0.0,0.0,0.0,0.0
45.54,49.92,106.1,-0.1000000000000014,-0.1599999999999966,-0.3300000000000125,2.3298199385155907,2.125400641025641,1.0,,,,,,,,,,,,,,,,,,,,,,,,,2025-01-08,False,,,,0,0,0,,,0.0,0.0,0,False,False,False,0,,,0,0,0,0.0,0.0,0.0,0.0,0.0,0,0,0,0,0,0,0,0,0,-0.0,-0.0,-0.0,0.0,-0.0,-0.0,-0.0,0.0,0.0,0.0
45.34,49.71,105.65,-0.1999999999999957,-0.2100000000000008,-0.4499999999999886,2.330172033524481,2.125326895996781,1.0,,,,,,,,,,,,,,,,,,,,,,,,,2025-01-10,False,,,,0,0,0,,,0.0,0.0,0,False,False,False,0,,,0,0,0,0.0,0.0,0.0,0.0,0.0,0,0,0,0,0,0,0,0,0,-0.0,-0.0,-0.0,0.0,-0.0,-0.0,-0.0,0.0,0.0,0.0
45.22,49.6,105.47,-0.1200000000000045,-0.1099999999999994,-0.1800000000000068,2.332375055285272,2.1264112903225807,1.0,,,,,,,,,,,,,,,,,,,,,,,,,2025-01-13,False,,,,0,0,0,,,0.0,0.0,0,False,False,False,0,,,0,0,0,0.0,0.0,0.0,0.0,0.0,0,0,0,0,0,0,0,0,0,-0.0,-0.0,-0.0,0.0,-0.0,-0.0,-0.0,0.0,0.0,0.0
45.17,49.54,105.35,-0.0499999999999971,-0.0600000000000022,-0.1200000000000045,2.332300199247288,2.1265643924101734,1.0,,,,,,,,,,,,,,,,,,,,,,,,,2025-01-14,False,,,,0,0,0,,,0.0,0.0,0,False,False,False,0,,,0,0,0,0.0,0.0,0.0,0.0,0.0,0,0,0,0,0,0,0,0,0,-0.0,-0.0,-0.0,0.0,-0.0,-0.0,-0.0,0.0,0.0,0.0
45.29,49.79,105.93,0.1199999999999974,0.25,0.5800000000000125,2.3389269154338708,2.1275356497288613,1.0,,,,,,,,,,,,,,,,,,,,,,,,,2025-01-15,False,,,,0,0,0,,,0.0,0.0,0,False,False,False,0,,,0,0,0,0.0,0.0,0.0,0.0,0.0,0,0,0,0,0,0,0,0,0,-0.0,-0.0,-0.0,0.0,0.0,0.0,0.0,0.0,0.0,0.0
45.34,49.83,105.99,0.0500000000000042,0.0399999999999991,0.059999999999988,2.337670930745478,2.127031908488862,1.0,,,,,,,,,,,,,,,,,,,,,,,,,2025-01-16,False,,,,0,0,0,,,0.0,0.0,0,False,False,False,0,,,0,0,0,0.0,0.0,0.0,0.0,0.0,0,0,0,0,0,0,0,0,0,-0.0,-0.0,-0.0,0.0,0.0,0.0,0.0,0.0,0.0,0.0
45.4,49.94,106.23,0.0599999999999951,0.1099999999999994,0.2400000000000091,2.339867841409692,2.12715258309972,1.0,,,,,,,,,,,,,,,,,,,,,,,,,2025-01-17,False,,,,0,0,0,,,0.0,0.0,0,False,False,False,0,,,0,0,0,0.0,0.0,0.0,0.0,0.0,0,0,0,0,0,0,0,0,0,-0.0,-0.0,-0.0,0.0,0.0,0.0,0.0,0.0,0.0,0.0
45.49,50.02,106.37,0.0900000000000034,0.0800000000000054,0.1400000000000005,2.338316113431524,2.126549380247901,1.0,,,,,,,,,,,,,,,,,,,,,,,,,2025-01-21,False,,,,0,0,0,,,0.0,0.0,0,False,False,False,0,,,0,0,0,0.0,0.0,0.0,0.0,0.0,0,0,0,0,0,0,0,0,0,-0.0,-0.0,-0.0,0.0,0.0,0.0,0.0,0.0,0.0,0.0
45.53,50.03,106.31,0.0399999999999991,0.009999999999998,-0.0600000000000022,2.334943992971667,2.124925044973016,1.0,,,,,,,,,,,,,,,,,,,,,,,,,2025-01-22,False,,,,0,0,0,,,0.0,0.0,0,False,False,False,0,,,0,0,0,0.0,0.0,0.0,0.0,0.0,0,0,0,0,0,0,0,0,0,-0.0,-0.0,-0.0,0.0,0.0,0.0,-0.0,0.0,0.0,0.0
45.43,49.93,106.02,-0.1000000000000014,-0.1000000000000014,-0.2900000000000062,2.333700198106978,2.1233727218105347,1.0,,,,,,,,,,,,,,,,,,,,,,,,,2025-01-23,False,,,,0,0,0,,,0.0,0.0,0,False,False,False,0,,,0,0,0,0.0,0.0,0.0,0.0,0.0,0,0,0,0,0,0,0,0,0,-0.0,-0.0,-0.0,0.0,-0.0,-0.0,-0.0,0.0,0.0,0.0
45.5,50.0,106.29,0.0700000000000002,0.0700000000000002,0.2700000000000102,2.336043956043956,2.1258,1.0,,,,,,,,,,,,,,,,,,,,,,,,,2025-01-24,False,,,,0,0,0,,,0.0,0.0,0,False,False,False,0,,,0,0,0,0.0,0.0,0.0,0.0,0.0,0,0,0,0,0,0,0,0,0,-0.0,-0.0,-0.0,0.0,0.0,0.0,0.0,0.0,0.0,0.0
45.75,50.23,106.83,0.25,0.2299999999999968,0.539999999999992,2.3350819672131147,2.126816643440175,1.0,,,,,,,,,,,,,,,,,,,,,,,,,2025-01-27,False,,,,0,0,0,,,0.0,0.0,0,False,False,False,0,,,0,0,0,0.0,0.0,0.0,0.0,0.0,0,0,0,0,0,0,0,0,0,-0.0,-0.0,-0.0,0.0,0.0,0.0,0.0,0.0,0.0,0.0
45.8,50.18,106.68,0.0499999999999971,-0.0499999999999971,-0.1499999999999914,2.329257641921397,2.125946592267836,1.0,,,,,,,,,,,,,,,,,,,,,,,,,2025-01-28,False,,,,0,0,0,,,0.0,0.0,0,False,False,False,0,,,0,0,0,0.0,0.0,0.0,0.0,0.0,0,0,0,0,0,0,0,0,0,-0.0,-0.0,-0.0,0.0,0.0,-0.0,-0.0,0.0,0.0,0.0
45.67,50.12,106.53,-0.1299999999999954,-0.0600000000000022,-0.1500000000000056,2.332603459601489,2.1254988028731048,1.0,,,,,,,,,,,,,,,,,,,,,,,,,2025-01-29,False,,,,0,0,0,,,0.0,0.0,0,False,False,False,0,,,0,0,0,0.0,0.0,0.0,0.0,0.0,0,0,0,0,0,0,0,0,0,-0.0,-0.0,-0.0,0.0,-0.0,-0.0,-0.0,0.0,0.0,0.0
45.75,50.21,106.71,0.0799999999999983,0.0900000000000034,0.1799999999999926,2.3324590163934427,2.1252738498307107,1.0,,,,,,,,,,,,,,,,,,,,,,,,,2025-01-30,False,,,,0,0,0,,,0.0,0.0,0,False,False,False,0,,,0,0,0,0.0,0.0,0.0,0.0,0.0,0,0,0,0,0,0,0,0,0,-0.0,-0.0,-0.0,0.0,0.0,0.0,0.0,0.0,0.0,0.0
45.7,50.13,106.54,-0.0499999999999971,-0.0799999999999983,-0.1699999999999875,2.331291028446389,2.125274286854179,1.0,2.33373687033656,2.125629512724726,1.0,,,,,,,,,,,,,,,,,,,,,,2025-01-31,False,,,,0,0,0,,,0.0,0.0,0,False,False,False,0,,,0,0,0,0.0,0.0,0.0,0.0,0.0,0,0,0,0,0,0,0,0,0,-0.0,-0.0,-0.0,0.0,-0.0,-0.0,-0.0,0.0,0.0,0.0
45.68,50.07,106.43,-0.0200000000000031,-0.0600000000000022,-0.1099999999999994,2.329903677758319,2.125624126223288,1.0,2.333514329935635,2.125655738956209,1.0,2.33373687033656,2.125629512724726,1.0,106.60510023697402,106.43026970212702,106.43,0.0116686843516827,0.0106281475636236,0.005,106.59343155262236,106.4196415545634,106.425,106.6167689213257,106.44089784969064,106.435,106.435,106.59343155262236,0.1584315526223463,0.0014885986340538,MUB,TFI,2025-02-03,True,2194.0,1998.0,940.0,0,0,0,,,0.0,0.0,0,False,True,False,0,,,0,0,0,0.0,0.0,0.0,0.0,0.0,0,0,0,0,0,0,0,0,0,-0.0,-0.0,-0.0,0.0,-0.0,-0.0,-0.0,0.0,0.0,0.0
45.75,50.18,106.69,0.0700000000000002,0.1099999999999994,0.2599999999999909,2.3320218579234973,2.126145874850538,1.0,2.3334560533046647,2.125786503509654,1.0,2.333514329935635,2.125655738956209,1.0,106.7582805945553,106.66540498082256,106.69,0.0116675716496781,0.010628278694781,0.005,106.74661302290562,106.6547767021278,106.685,106.76994816620498,106.67603325951735,106.695,106.67603325951735,106.74661302290562,0.0705797633882667,0.0006615405697653,VTEB,TFI,2025-02-04,False,2187.0,1992.0,937.0,0,0,0,,,0.0,0.0,0,False,True,True,0,,,0,0,0,0.0,0.0,0.0,0.0,0.0,0,0,0,0,0,0,0,0,0,-0.0,-0.0,-0.0,0.0,0.0,0.0,0.0,0.0,0.0,0.0
45.91,50.36,107.06,0.1599999999999966,0.1799999999999997,0.3700000000000045,2.3319538226965806,2.1258935663224783,1.0,2.3335327654185147,2.1258871965638777,1.0,2.3334560533046647,2.125786503509654,1.0,107.12896740721716,107.05460831674618,107.06,0.0116672802665233,0.0106289325175482,0.005,107.11730012695062,107.04397938422863,107.055,107.14063468748368,107.06523724926372,107.065,107.065,107.11730012695062,0.0523001269506266,0.0004885123010519,MUB,TFI,2025-02-05,False,2179.0,1985.0,934.0,0,0,0,,,0.0,0.0,0,False,True,False,0,,,0,0,0,0.0,0.0,0.0,0.0,0.0,0,0,0,0,0,0,0,0,0,-0.0,-0.0,-0.0,0.0,0.0,0.0,0.0,0.0,0.0,0.0
45.89,50.3,106.94,-0.019999999999996,-0.0600000000000022,-0.1200000000000045,2.330355197210721,2.1260437375745527,1.0,2.3334532421940373,2.1259293994170467,1.0,2.3335327654185147,2.1258871965638777,1.0,107.08581860505564,106.93212598716303,106.94,0.0116676638270925,0.0106294359828193,0.005,107.07415094122854,106.92149655118024,106.935,107.09748626888272,106.94275542314588,106.945,106.94275542314588,107.07415094122854,0.1313955180826695,0.00122868447805,VTEB,TFI,2025-02-06,False,2182.0,1988.0,935.0,0,0,0,,,0.0,0.0,0,False,True,False,0,,,0,0,0,0.0,0.0,0.0,0.0,0.0,0,0,0,0,0,0,0,0,0,-0.0,-0.0,-0.0,0.0,-0.0,-0.0,-0.0,0.0,0.0,0.0
45.81,50.23,106.71,-0.0799999999999983,-0.0700000000000002,-0.2300000000000039,2.3294040602488537,2.124427632888712,1.0,2.3334324482807007,2.1258807490102,1.0,2.3334532421940373,2.1259293994170467,1.0,106.89549302490886,106.78543373271825,106.71,0.0116672662109701,0.0106296469970852,0.005,106.8838257586979,106.77480408572116,106.705,106.90716029111982,106.79606337971532,106.715,106.715,106.8838257586979,0.1688257586979062,0.0015820987601715,MUB,TFI,2025-02-07,False,2186.0,1992.0,937.0,0,0,0,,,0.0,0.0,0,True,False,False,1,MUB,TFI,-2186,0,937,0.0,0.0,0.0,0.0,0.0,-2186,0,937,0,0,937,2186,0,0,-10.93,-0.0,-4.6850000000000005,-15.615,-0.0,-0.0,-0.0,0.0,-15.615,-15.615
45.85,50.24,106.72,0.0399999999999991,0.0100000000000051,0.0100000000000051,2.327589967284624,2.124203821656051,1.0,2.333303344968708,2.125824595293164,1.0,2.3334324482807007,2.1258807490102,1.0,106.98787775367012,106.80424883027246,106.72,0.0116671622414035,0.010629403745051,0.005,106.97621059142872,106.7936194265274,106.715,106.99954491591154,106.81487823401751,106.725,106.725,106.97621059142872,0.2512105914287303,0.0023539223334776,MUB,TFI,2025-02-10,False,2186.0,1992.0,937.0,-2186,0,937,MUB,TFI,0.2512105914287303,0.0023539223334776,1,True,False,False,1,MUB,TFI,-2186,0,937,-100140.66,0.0,99987.26999999999,200127.93,-153.39000000001397,0,0,0,0,0,0,0,0,0,-0.0,-0.0,-0.0,0.0,-87.43999999999804,0.0,9.37000000000478,-78.06999999999326,-78.06999999999326,-93.68499999999325
45.77,50.16,106.59,-0.0799999999999983,-0.0800000000000054,-0.1299999999999954,2.328818003058772,2.125,1.0,2.3331254923573828,2.125754030777035,1.0,2.333303344968708,2.125824595293164,1.0,106.79529409921776,106.63136169990509,106.59,0.0116665167248435,0.0106291229764658,0.005,106.78362758249293,106.62073257692862,106.585,106.8069606159426,106.64199082288155,106.595,106.595,106.78362758249293,0.1886275824929129,0.0017696555257802,MUB,TFI,2025-02-11,False,2189.0,1994.0,938.0,-2186,0,937,MUB,TFI,0.1886275824929271,0.0017696555257803,1,True,False,False,1,MUB,TFI,-2189,0,938,-100228.1,0.0,99996.64,200224.74,-231.4600000000064,-3,0,1,0,0,1,3,0,0,-0.015,-0.0,-0.005,-0.02,174.87999999999627,-0.0,-121.80999999999568,53.07000000000059,53.05000000000059,-40.634999999992665
45.51,49.93,106.13,-0.2600000000000051,-0.2299999999999968,-0.4600000000000079,2.3320149417710394,2.12557580612858,1.0,2.3331112294835705,2.125704601462956,1.0,2.3331254923573828,2.125754030777035,1.0,106.18054115718448,106.13889875669734,106.13,0.0116656274617869,0.0106287701538851,0.005,106.1688755297227,106.12826998654346,106.125,106.19220678464626,106.14952752685124,106.135,106.135,106.1688755297227,0.0338755297227066,0.0003191890108612,MUB,TFI,2025-02-12,False,2198.0,2002.0,942.0,-2189,0,938,MUB,TFI,0.0338755297226924,0.0003191890108611,1,False,True,False,0,,,0,0,0,-100190.53000000001,0.0,99981.42,200171.95,-209.11000000001513,2189,0,-938,2189,0,0,0,0,938,-10.945,-0.0,-4.69,-15.635000000000002,569.1400000000112,-0.0,-431.4800000000074,137.66000000000383,122.02500000000383,81.39000000001116
45.66,50.14,106.54,0.1499999999999985,0.2100000000000008,0.4100000000000108,2.333333333333333,2.124850418827284,1.0,2.332831550378544,2.1255703399178763,1.0,2.3331112294835705,2.125704601462956,1.0,106.52985873821984,106.58282871735258,106.54,0.0116655561474178,0.0106285230073147,0.005,106.5181931820724,106.57220019434529,106.535,106.54152429436724,106.5934572403599,106.545,106.54152429436724,106.57220019434529,0.0306758999780214,0.0002879284773608,TFI,VTEB,2025-02-13,False,2191.0,1996.0,939.0,0,0,0,,,0.0,0.0,0,False,True,False,0,,,0,0,0,0.0,0.0,0.0,0.0,0.0,0,0,0,0,0,0,0,0,0,-0.0,-0.0,-0.0,0.0,0.0,0.0,0.0,0.0,0.0,81.39000000001116
45.75,50.19,106.7,0.0900000000000034,0.0499999999999971,0.1599999999999966,2.33224043715847,2.125921498306436,1.0,2.332560025699193,2.125514819408755,1.0,2.332831550378544,2.1255703399178763,1.0,106.72704342981837,106.6823753604782,106.7,0.0116641577518927,0.0106278516995893,0.005,106.71537927206646,106.6717475087786,106.695,106.73870758757025,106.6930032121778,106.705,106.6930032121778,106.71537927206646,0.022376059888657,0.0002097100270727,VTEB,TFI,2025-02-14,False,2186.0,1992.0,937.0,0,0,0,,,0.0,0.0,0,False,True,False,0,,,0,0,0,0.0,0.0,0.0,0.0,0.0,0,0,0,0,0,0,0,0,0,-0.0,-0.0,-0.0,0.0,0.0,0.0,0.0,0.0,0.0,81.39000000001116
45.7,50.07,106.5,-0.0499999999999971,-0.1199999999999974,-0.2000000000000028,2.330415754923413,2.127022168963451,1.0,2.332087421374879,2.1255082987019414,1.0,2.332560025699193,2.125514819408755,1.0,106.59799317445312,106.42452700779636,106.5,0.0116628001284959,0.0106275740970437,0.005,106.58633037432465,106.41389943369931,106.495,106.6096559745816,106.4351545818934,106.505,106.4351545818934,106.58633037432465,0.151175792431232,0.0014194910087439,VTEB,TFI,2025-02-18,False,2190.0,1996.0,939.0,0,0,0,,,0.0,0.0,0,False,True,False,0,,,0,0,0,0.0,0.0,0.0,0.0,0.0,0,0,0,0,0,0,0,0,0,-0.0,-0.0,-0.0,0.0,-0.0,-0.0,-0.0,0.0,0.0,81.39000000001116
45.8,50.14,106.71,0.0999999999999943,0.0700000000000002,0.2099999999999937,2.3299126637554584,2.1282409254088552,1.0,2.331667248891076,2.125592875959989,1.0,2.332087421374879,2.1255082987019414,1.0,106.80960389896946,106.57298609691534,106.71,0.0116604371068743,0.0106275414935097,0.005,106.7979434618626,106.56235855542184,106.705,106.82126433607633,106.58361363840883,106.715,106.58361363840883,106.7979434618626,0.2143298234537383,0.002008526131138,VTEB,TFI,2025-02-19,False,2185.0,1992.0,937.0,0,0,0,,,0.0,0.0,0,True,False,False,1,VTEB,TFI,-2185,1992,0,0.0,0.0,0.0,0.0,0.0,-2185,1992,0,0,1992,0,2185,0,0,-10.925,-9.96,-0.0,-20.885,0.0,0.0,0.0,0.0,-20.885,60.50500000001115
45.82,50.22,106.84,0.0200000000000031,0.0799999999999983,0.1300000000000096,2.3317328677433435,2.1274392672242137,1.0,2.33150669262966,2.125718587072549,1.0,2.331667248891076,2.125592875959989,1.0,106.83699334418908,106.74727423071066,106.84,0.0116583362444553,0.0106279643797999,0.005,106.82533500794464,106.73664626633088,106.835,106.84865168043352,106.75790219509044,106.845,106.75790219509044,106.835,0.077097804909556,0.0007216192896813,VTEB,MUB,2025-02-20,False,2182.0,1990.0,936.0,-2185,1992,0,VTEB,TFI,0.0674328128542072,0.0006311569903987,1,False,True,False,0,,,0,0,0,-100073.0,99878.88,0.0,199951.88,-194.11999999999534,2185,-1992,0,2185,0,0,0,1992,0,-10.925,-9.96,-0.0,-20.885,-43.70000000000677,159.3599999999966,0.0,115.65999999998984,94.77499999998983,155.280000000001
45.9,50.36,107.08,0.0799999999999983,0.1400000000000005,0.2399999999999948,2.332897603485838,2.1262907069102464,1.0,2.3314665628986027,2.1258644863275347,1.0,2.33150669262966,2.125718587072549,1.0,107.01615719170138,107.05118804497356,107.08,0.0116575334631483,0.0106285929353627,0.005,107.00449965823825,107.0405594520382,107.075,107.02781472516452,107.06181663790892,107.085,107.02781472516452,107.075,0.0471852748354706,0.0004406544157216,TFI,MUB,2025-02-21,False,2178.0,1985.0,934.0,0,0,0,,,0.0,0.0,0,False,True,False,0,,,0,0,0,0.0,0.0,0.0,0.0,0.0,0,0,0,0,0,0,0,0,0,-0.0,-0.0,-0.0,0.0,0.0,0.0,0.0,0.0,0.0,155.280000000001
45.91,50.36,107.1,0.009999999999998,0.0,0.019999999999996,2.3328250925724245,2.1266878474980144,1.0,2.3313056197250264,2.125908878702435,1.0,2.3314665628986027,2.1258644863275347,1.0,107.03762990267484,107.05853553145464,107.1,0.011657332814493,0.0106293224316376,0.005,107.02597256986034,107.047906209023,107.095,107.04928723548932,107.06916485388628,107.105,107.04928723548932,107.095,0.045712764510668,0.0004268231980454,TFI,MUB,2025-02-24,False,2178.0,1986.0,934.0,0,0,0,,,0.0,0.0,0,False,True,False,0,,,0,0,0,0.0,0.0,0.0,0.0,0.0,0,0,0,0,0,0,0,0,0,-0.0,-0.0,-0.0,0.0,0.0,0.0,0.0,0.0,0.0,155.280000000001
46.11,50.54,107.46,0.2000000000000028,0.1799999999999997,0.3599999999999994,2.330513988288874,2.1262366442421845,1.0,2.331077220778814,2.1258798787425355,1.0,2.3313056197250264,2.125908878702435,1.0,107.49650212552096,107.44343472962107,107.46,0.0116565280986251,0.0106295443935121,0.005,107.48484559742234,107.43280518522756,107.455,107.5081586536196,107.45406427401458,107.465,107.45406427401458,107.48484559742234,0.0307813234077514,0.0002864444761562,VTEB,TFI,2025-02-25,False,2170.0,1979.0,931.0,0,0,0,,,0.0,0.0,0,False,True,False,0,,,0,0,0,0.0,0.0,0.0,0.0,0.0,0,0,0,0,0,0,0,0,0,-0.0,-0.0,-0.0,0.0,0.0,0.0,0.0,0.0,0.0,155.280000000001
46.19,50.61,107.6,0.0799999999999983,0.0700000000000002,0.1400000000000005,2.329508551634553,2.126062043074491,1.0,2.331089766264472,2.1258856512828683,1.0,2.331077220778814,2.1258798787425355,1.0,107.67245682777342,107.59078066315972,107.6,0.011655386103894,0.0106293993937126,0.005,107.66080144166952,107.580151263766,107.595,107.68411221387731,107.60141006255344,107.605,107.60141006255344,107.66080144166952,0.0593913791160929,0.0005519644899265,VTEB,TFI,2025-02-26,False,2166.0,1975.0,929.0,0,0,0,,,0.0,0.0,0,False,True,False,0,,,0,0,0,0.0,0.0,0.0,0.0,0.0,0,0,0,0,0,0,0,0,0,-0.0,-0.0,-0.0,0.0,0.0,0.0,0.0,0.0,0.0,155.280000000001
46.11,50.52,107.41,-0.0799999999999983,-0.0899999999999963,-0.1899999999999977,2.329429624810236,2.126088677751385,1.0,2.330931074524909,2.125915145026782,1.0,2.331089766264472,2.1258856512828683,1.0,107.4865491224548,107.39974310281052,107.41,0.0116554488313223,0.0106294282564143,0.005,107.47489367362348,107.38911367455412,107.405,107.49820457128612,107.41037253106693,107.415,107.41037253106693,107.47489367362348,0.0645211425565435,0.000600699586226,VTEB,TFI,2025-02-27,False,2170.0,1979.0,931.0,0,0,0,,,0.0,0.0,0,False,True,False,0,,,0,0,0,0.0,0.0,0.0,0.0,0.0,0,0,0,0,0,0,0,0,0,-0.0,-0.0,-0.0,0.0,-0.0,-0.0,-0.0,0.0,0.0,155.280000000001
46.22,50.66,107.68,0.1099999999999994,0.1399999999999934,0.2700000000000102,2.32972739073994,2.125542834583498,1.0,2.330794493242234,2.1259285942644217,1.0,2.330931074524909,2.125915145026782,1.0,107.73563426454132,107.69886124705675,107.68,0.0116546553726245,0.0106295757251339,0.005,107.7239796091687,107.68823167133164,107.675,107.74728891991394,107.7094908227819,107.685,107.685,107.7239796091687,0.0389796091686918,0.0003619948845532,MUB,TFI,2025-02-28,False,2165.0,1975.0,929.0,0,0,0,,,0.0,0.0,0,False,True,False,0,,,0,0,0,0.0,0.0,0.0,0.0,0.0,0,0,0,0,0,0,0,0,0,-0.0,-0.0,-0.0,0.0,0.0,0.0,0.0,0.0,0.0,155.280000000001
46.05,50.46,107.31,-0.1700000000000017,-0.1999999999999957,-0.3700000000000045,2.3302931596091208,2.1266349583828776,1.0,2.3307445998003704,2.125996627840857,1.0,2.330794493242234,2.1259285942644217,1.0,107.33308641380488,107.27435686658272,107.31,0.0116539724662111,0.0106296429713221,0.005,107.32143244133869,107.2637272236114,107.305,107.34474038627108,107.28498650955405,107.315,107.28498650955405,107.32143244133869,0.0364459317846268,0.0003396322037519,VTEB,TFI,2025-03-03,True,2172.0,1981.0,932.0,0,0,0,,,0.0,0.0,0,False,True,False,0,,,0,0,0,0.0,0.0,0.0,0.0,0.0,0,0,0,0,0,0,0,0,0,-0.0,-0.0,-0.0,0.0,-0.0,-0.0,-0.0,0.0,0.0,155.280000000001
45.95,50.3,106.96,-0.0999999999999943,-0.1600000000000037,-0.3500000000000085,2.3277475516866155,2.126441351888668,1.0,2.3306367934967853,2.1260374891241254,1.0,2.3307445998003704,2.125996627840857,1.0,107.09771436082704,106.93763038039508,106.96,0.0116537229990018,0.0106299831392042,0.005,107.08606063782804,106.92700039725588,106.955,107.10936808382604,106.9482603635343,106.965,106.9482603635343,107.08606063782804,0.1378002742937241,0.0012883346512128,VTEB,TFI,2025-03-04,False,2179.0,1988.0,935.0,0,0,0,,,0.0,0.0,0,False,True,True,0,,,0,0,0,0.0,0.0,0.0,0.0,0.0,0,0,0,0,0,0,0,0,0,-0.0,-0.0,-0.0,0.0,-0.0,-0.0,-0.0,0.0,0.0,155.280000000001
45.95,50.23,106.81,0.0,-0.0700000000000002,-0.1499999999999914,2.324483133841132,2.1264184750149315,1.0,2.3302598572926674,2.1260511191323457,1.0,2.3306367934967853,2.1260374891241254,1.0,107.0927606611773,106.79086307870482,106.81,0.0116531839674839,0.0106301874456206,0.005,107.0811074772098,106.7802328912592,106.805,107.10441384514478,106.80149326615044,106.815,106.80149326615044,107.0811074772098,0.279614211059382,0.0026178654719537,VTEB,TFI,2025-03-05,False,2181.0,1990.0,936.0,0,0,0,,,0.0,0.0,0,True,False,False,1,VTEB,TFI,-2181,1990,0,0.0,0.0,0.0,0.0,0.0,-2181,1990,0,0,1990,0,2181,0,0,-10.905,-9.950000000000001,-0.0,-20.855,0.0,-0.0,-0.0,0.0,-20.855,134.425000000001
45.76,50.09,106.46,-0.1900000000000048,-0.1399999999999934,-0.3500000000000085,2.3264860139860137,2.1253743262128166,1.0,2.3299864668571386,2.1260251571268625,1.0,2.3302598572926674,2.1260511191323457,1.0,106.63269106971244,106.4939005573392,106.46,0.0116512992864633,0.0106302555956617,0.005,106.62103977042598,106.48327030174354,106.455,106.64434236899892,106.50453081293486,106.465,106.465,106.62103977042598,0.1560397704259912,0.0014657126660341,MUB,TFI,2025-03-06,False,2188.0,1996.0,939.0,-2181,1990,0,VTEB,TFI,0.1165089574911206,0.0010943918607093,1,False,True,False,0,,,0,0,0,-100216.95000000001,99957.7,0.0,200174.65000000002,-259.25000000001455,2181,-1990,0,2181,0,0,0,1990,0,-10.905,-9.950000000000001,-0.0,-20.855,414.3900000000105,-278.5999999999869,-0.0,135.7900000000236,114.9350000000236,249.36000000002463
45.69,50.07,106.41,-0.0700000000000002,-0.0200000000000031,-0.0499999999999971,2.328956007879186,2.125224685440384,1.0,2.329916507390562,2.125984204520154,1.0,2.3299864668571386,2.1260251571268625,1.0,106.45708167070266,106.450079617342,106.41,0.0116499323342856,0.0106301257856343,0.005,106.44543173836838,106.43944949155636,106.405,106.46873160303694,106.46070974312764,106.415,106.415,106.44543173836838,0.0304317383683923,0.000285985700295,MUB,TFI,2025-03-07,False,2190.0,1998.0,940.0,0,0,0,,,0.0,0.0,0,False,True,False,0,,,0,0,0,0.0,0.0,0.0,0.0,0.0,0,0,0,0,0,0,0,0,0,-0.0,-0.0,-0.0,0.0,-0.0,-0.0,-0.0,0.0,0.0,249.36000000002463
45.77,50.13,106.51,0.0800000000000054,0.0600000000000022,0.1000000000000085,2.327070133275071,2.1246758428086974,1.0,2.3297998110418727,2.1259966150161533,1.0,2.329916507390562,2.125984204520154,1.0,106.64027854326602,106.57558817259532,106.51,0.0116495825369528,0.0106299210226007,0.005,106.62862896072907,106.56495825157272,106.505,106.65192812580295,106.58621809361792,106.515,106.515,106.62862896072907,0.1136289607290734,0.0010668384257729,MUB,TFI,2025-03-10,False,2188.0,1996.0,939.0,0,0,0,,,0.0,0.0,0,False,True,False,0,,,0,0,0,0.0,0.0,0.0,0.0,0.0,0,0,0,0,0,0,0,0,0,-0.0,-0.0,-0.0,0.0,0.0,0.0,0.0,0.0,0.0,249.36000000002463
45.61,49.95,106.19,-0.1600000000000037,-0.1799999999999997,-0.3200000000000074,2.328217496163122,2.1259259259259258,1.0,2.329831187485797,2.126082720229647,1.0,2.3297998110418727,2.1259966150161533,1.0,106.2621693816198,106.19353092005686,106.19,0.0116489990552093,0.0106299830750807,0.005,106.2505203825646,106.18290093698178,106.185,106.27381838067502,106.20416090313194,106.195,106.195,106.2505203825646,0.0555203825646088,0.0005228400279179,MUB,TFI,2025-03-11,False,2195.0,2003.0,942.0,0,0,0,,,0.0,0.0,0,False,True,False,0,,,0,0,0,0.0,0.0,0.0,0.0,0.0,0,0,0,0,0,0,0,0,0,-0.0,-0.0,-0.0,0.0,-0.0,-0.0,-0.0,0.0,0.0,249.36000000002463
45.45,49.77,105.74,-0.1599999999999966,-0.1799999999999997,-0.4500000000000028,2.3265126512651264,2.1245730359654407,1.0,2.3297159198961155,2.1260613720279187,1.0,2.329831187485797,2.126082720229647,1.0,105.8908274712295,105.81513698582953,105.74,0.0116491559374289,0.0106304136011482,0.005,105.87917831529208,105.80450657222838,105.735,105.90247662716692,105.82576739943067,105.745,105.745,105.87917831529208,0.1341783152920754,0.0012689456713833,MUB,TFI,2025-03-12,False,2204.0,2011.0,946.0,0,0,0,,,0.0,0.0,0,False,True,False,0,,,0,0,0,0.0,0.0,0.0,0.0,0.0,0,0,0,0,0,0,0,0,0,-0.0,-0.0,-0.0,0.0,-0.0,-0.0,-0.0,0.0,0.0,249.36000000002463
45.37,49.73,105.81,-0.0800000000000054,-0.0400000000000062,0.0700000000000073,2.332157813533172,2.127689523426503,1.0,2.3297230634842223,2.126167057892815,1.0,2.3297159198961155,2.1260613720279187,1.0,105.69921128568676,105.7290320309484,105.81,0.0116485795994805,0.0106303068601395,0.005,105.68756270608728,105.71840172408824,105.805,105.71085986528624,105.73966233780853,105.815,105.71085986528624,105.805,0.0941401347137684,0.0008897092402775,TFI,MUB,2025-03-13,False,2202.0,2009.0,945.0,0,0,0,,,0.0,0.0,0,False,True,False,0,,,0,0,0,0.0,0.0,0.0,0.0,0.0,0,0,0,0,0,0,0,0,0,-0.0,-0.0,-0.0,0.0,-0.0,-0.0,0.0,0.0,0.0,249.36000000002463
45.31,49.76,105.86,-0.0599999999999951,0.0300000000000011,0.0499999999999971,2.336349591701611,2.127411575562701,1.0,2.329873876402636,2.1262951157295857,1.0,2.3297230634842223,2.126167057892815,1.0,105.55975200647012,105.79807280074648,105.86,0.0116486153174211,0.010630835289464,0.005,105.5481033911527,105.78744196545702,105.855,105.57140062178756,105.80870363603594,105.865,105.57140062178756,105.855,0.2835993782124575,0.0026790041395471,TFI,MUB,2025-03-14,False,2202.0,2009.0,945.0,0,0,0,,,0.0,0.0,0,True,False,False,1,TFI,MUB,2202,0,-945,0.0,0.0,0.0,0.0,0.0,2202,0,-945,2202,0,0,0,0,945,-11.01,-0.0,-4.7250000000000005,-15.735,-0.0,0.0,0.0,0.0,-15.735,233.6250000000246
45.36,49.78,105.86,0.0499999999999971,0.0200000000000031,0.0,2.333774250440917,2.1265568501406187,1.0,2.329950567066758,2.126326883321295,1.0,2.329873876402636,2.1262951157295857,1.0,105.68307903362356,105.84697086101878,105.86,0.0116493693820131,0.0106314755786479,0.005,105.67142966424154,105.83633938544013,105.855,105.69472840300556,105.85760233659742,105.865,105.69472840300556,105.855,0.1602715969944341,0.001513995815175,TFI,MUB,2025-03-17,False,2202.0,2009.0,945.0,2202,0,-945,TFI,MUB,0.1602715969944483,0.0015139958151752,1,True,False,False,1,TFI,MUB,2202,0,-945,99772.62000000001,0.0,-100037.7,199810.32,-265.0799999999872,0,0,0,0,0,0,0,0,0,-0.0,-0.0,-0.0,0.0,110.09999999999361,0.0,-0.0,110.09999999999361,110.09999999999361,343.7250000000182
45.37,49.82,105.95,0.009999999999998,0.0399999999999991,0.0900000000000034,2.335243553008596,2.126655961461261,1.0,2.3301919569710177,2.126308572946185,1.0,2.329950567066758,2.126326883321295,1.0,105.70985722781884,105.93360532706691,105.95,0.0116497528353337,0.0106316344166064,0.005,105.69820747498348,105.9229736926503,105.945,105.72150698065415,105.94423696148353,105.955,105.72150698065415,105.945,0.2234930193458382,0.0021094197201117,TFI,MUB,2025-03-18,False,2199.0,2007.0,944.0,2202,0,-945,TFI,MUB,0.2234930193458382,0.0021094197201117,1,True,False,False,1,TFI,MUB,2199,0,-944,99882.72,0.0,-100037.7,199920.41999999998,-154.97999999999593,-3,0,1,0,0,1,3,0,0,-0.015,-0.0,-0.005,-0.02,22.019999999995598,0.0,-85.05000000000321,-63.03000000000761,-63.050000000007614,280.6750000000106
45.33,49.81,105.95,-0.0399999999999991,-0.009999999999998,0.0,2.3373042135451136,2.1270829150772936,1.0,2.3305615344605006,2.126250672429608,1.0,2.3301919569710177,2.126308572946185,1.0,105.62760140949622,105.91143001844952,105.95,0.011650959784855,0.0106315428647309,0.005,105.61595044971136,105.90079847558478,105.945,105.63925236928108,105.92206156131424,105.955,105.63925236928108,105.945,0.3057476307189262,0.0028857728241522,TFI,MUB,2025-03-19,False,2200.0,2007.0,944.0,2199,0,-944,TFI,MUB,0.305747630718912,0.002885772824152,1,True,False,False,1,TFI,MUB,2200,0,-944,99768.62999999999,0.0,-100016.8,199785.43,-248.1700000000128,1,0,0,1,0,0,0,0,0,-0.005,-0.0,-0.0,-0.005,-87.95999999999802,-0.0,-0.0,-87.95999999999802,-87.96499999999801,192.71000000001257
45.39,49.86,106.03,0.0600000000000022,0.0499999999999971,0.0799999999999983,2.335977087464199,2.126554352186121,1.0,2.330773745446543,2.1262064266777028,1.0,2.3305615344605006,2.126250672429608,1.0,105.78418804916213,106.01485852734024,106.03,0.0116528076723025,0.010631253362148,0.005,105.77253524148982,106.00422727397807,106.025,105.79584085683445,106.0254897807024,106.035,105.79584085683445,106.025,0.2291591431655746,0.0021612670297611,TFI,MUB,2025-03-20,False,2198.0,2005.0,943.0,2200,0,-944,TFI,MUB,0.2291591431655604,0.002161267029761,1,True,False,False,1,TFI,MUB,2198,0,-943,99726.0,0.0,-100016.8,199742.8,-290.8000000000029,-2,0,1,0,0,1,2,0,0,-0.01,-0.0,-0.005,-0.015,132.00000000000483,0.0,-75.51999999999839,56.48000000000644,56.46500000000644,249.175000000019
45.32,49.78,105.83,-0.0700000000000002,-0.0799999999999983,-0.2000000000000028,2.335172109443954,2.1259541984732824,1.0,2.330887470744449,2.1261896012558545,1.0,2.330773745446543,2.1262064266777028,1.0,105.63066614363731,105.84255592001604,105.83,0.0116538687272327,0.0106310321333885,0.005,105.61901227491008,105.83192488788264,105.825,105.64232001236456,105.85318695214944,105.835,105.64232001236456,105.83192488788264,0.1896048755180857,0.0017915985591806,TFI,VTEB,2025-03-21,False,2203.0,2009.0,945.0,2198,0,-943,TFI,MUB,0.1826799876354385,0.0017261644867753,1,True,False,False,1,TFI,VTEB,2203,-2009,0,99767.22,0.0,-99986.29000000001,199753.51,-219.07000000000698,5,-2009,943,5,0,943,0,2009,0,-0.025,-10.045,-4.715,-14.785,-153.86000000000044,-0.0,188.60000000000264,34.7400000000022,19.955000000002197,269.1300000000212
45.26,49.68,105.54,-0.0600000000000022,-0.1000000000000014,-0.289999999999992,2.331860362350862,2.124396135265701,1.0,2.3308392342333706,2.126075015644239,1.0,2.330887470744449,2.1261896012558545,1.0,105.49596692589375,105.62909939039083,105.54,0.0116544373537222,0.0106309480062792,0.005,105.48431248854004,105.61846844238455,105.535,105.50762136324748,105.63973033839711,105.545,105.50762136324748,105.61846844238455,0.1108470791370876,0.0010502850022464,TFI,VTEB,2025-03-24,False,2210.0,2016.0,948.0,2203,-2009,0,TFI,VTEB,0.1108470791370734,0.0010502850022462,1,False,True,False,0,,,0,0,0,99839.96,-100008.02,0.0,199847.98,-168.05999999999767,-2203,2009,0,0,2009,0,2203,0,0,-11.015,-10.045,-0.0,-21.060000000000002,-132.18000000000484,200.9000000000028,-0.0,68.71999999999795,47.65999999999795,316.7900000000192
45.18,49.59,105.35,-0.0799999999999983,-0.0899999999999963,-0.1900000000000119,2.33178397521027,2.124420246017342,1.0,2.3309027335794403,2.125984195732997,1.0,2.3308392342333706,2.126075015644239,1.0,105.30731660266368,105.4320600257978,105.35,0.0116541961711668,0.0106303750782211,0.005,105.29566240649253,105.4214296507196,105.345,105.31897079883484,105.44269040087605,105.355,105.31897079883484,105.4214296507196,0.102458851884748,0.0009725567335998,TFI,VTEB,2025-03-25,False,2212.0,2018.0,949.0,0,0,0,,,0.0,0.0,0,False,True,False,0,,,0,0,0,0.0,0.0,0.0,0.0,0.0,0,0,0,0,0,0,0,0,0,-0.0,-0.0,-0.0,0.0,-0.0,-0.0,-0.0,0.0,0.0,316.7900000000192
44.94,49.39,104.84,-0.240000000000002,-0.2000000000000028,-0.5099999999999909,2.3328882955051182,2.1226969022069246,1.0,2.331071720772969,2.1258159386896187,1.0,2.3309027335794403,2.125984195732997,1.0,104.75076884706004,105.00235942725274,104.84,0.0116545136678972,0.0106299209786649,0.005,104.73911433339217,104.99172950627408,104.835,104.76242336072794,105.0129893482314,104.845,104.76242336072794,104.99172950627408,0.2293061455461469,0.0021872009304287,TFI,VTEB,2025-03-26,False,2224.0,2028.0,954.0,0,0,0,,,0.0,0.0,0,True,False,False,1,TFI,VTEB,2224,-2028,0,0.0,0.0,0.0,0.0,0.0,2224,-2028,0,2224,0,0,0,2028,0,-11.120000000000001,-10.14,-0.0,-21.26,-0.0,-0.0,-0.0,0.0,-21.26,295.5300000000192
44.81,49.25,104.71,-0.1299999999999954,-0.1400000000000005,-0.1300000000000096,2.336755188573979,2.126091370558376,1.0,2.331437998961156,2.125816073329968,1.0,2.331071720772969,2.1258159386896187,1.0,104.45532380783676,104.69643498046372,104.71,0.0116553586038648,0.010629079693448,0.005,104.44366844923287,104.68580590077028,104.705,104.4669791664406,104.70706406015717,104.715,104.4669791664406,104.705,0.2380208335593892,0.0022731432867862,TFI,MUB,2025-03-27,False,2226.0,2030.0,955.0,2224,-2028,0,TFI,VTEB,0.2188267343296814,0.0020898360646517,1,True,False,False,1,TFI,MUB,2226,0,-955,99946.56,-100162.92,0.0,200109.47999999998,-216.36000000000058,2,2028,-955,2,2028,0,0,0,955,-0.01,-10.14,-4.775,-14.925,-289.1199999999898,283.92000000000104,-0.0,-5.199999999988734,-20.124999999988734,275.40500000003044
44.93,49.54,105.19,0.1199999999999974,0.2899999999999991,0.480000000000004,2.3411974182060984,2.1233346790472347,1.0,2.332011500334464,2.1257056655531548,1.0,2.331437998961156,2.125816073329968,1.0,104.75150929332472,105.3129282727666,105.19,0.0116571899948057,0.0106290803666498,0.005,104.73985210332992,105.30229919239994,105.185,104.76316648331954,105.32355735313324,105.195,104.76316648331954,105.30229919239994,0.5391327090804054,0.0051253228356346,TFI,VTEB,2025-03-28,False,2217.0,2022.0,951.0,2226,0,-955,TFI,MUB,0.421833516680465,0.0040102055012878,1,True,False,False,1,TFI,VTEB,2217,-2022,0,99747.06000000001,0.0,-99998.04999999999,199745.11,-250.98999999997613,-9,-2022,955,0,0,955,9,2022,0,-0.045,-10.11,-4.775,-14.93,267.1199999999942,0.0,-458.4000000000038,-191.28000000000958,-206.2100000000096,69.19500000002085
45.07,49.62,105.44,0.1400000000000005,0.0799999999999983,0.25,2.339471932549368,2.124949617089883,1.0,2.3324704389814763,2.125621398488505,1.0,2.332011500334464,2.1257056655531548,1.0,105.1037583200743,105.47751512474754,105.44,0.0116600575016723,0.0106285283277657,0.005,105.09209826257263,105.46688659641976,105.435,105.11541837757598,105.48814365307533,105.445,105.11541837757598,105.46688659641976,0.3514682188437916,0.0033333480542848,TFI,VTEB,2025-03-31,False,2211.0,2015.0,948.0,2217,-2022,0,TFI,VTEB,0.3514682188437774,0.0033333480542846,1,True,False,False,1,TFI,VTEB,2211,-2015,0,99609.81,-100169.88,0.0,199779.69,-560.070000000007,-6,7,0,0,7,0,6,0,0,-0.03,-0.035,-0.0,-0.065,310.38000000000113,-161.75999999999655,0.0,148.62000000000458,148.55500000000458,217.75000000002544
45.13,49.68,105.51,0.0600000000000022,0.0600000000000022,0.0700000000000073,2.33791269665411,2.123792270531401,1.0,2.332978696229851,2.125488944420642,1.0,2.3324704389814763,2.125621398488505,1.0,105.26439091123405,105.60087107690896,105.51,0.0116623521949073,0.0106281069924425,0.005,105.25272855903911,105.59024296991652,105.505,105.27605326342892,105.6114991839014,105.515,105.27605326342892,105.59024296991652,0.314189706487582,0.0029778192255481,TFI,VTEB,2025-04-01,True,2211.0,2015.0,948.0,2211,-2015,0,TFI,VTEB,0.3141897064875962,0.0029778192255482,1,True,False,False,1,TFI,VTEB,2211,-2015,0,99649.77,-99984.29999999999,0.0,199634.07,-334.5299999999843,0,0,0,0,0,0,0,0,0,-0.0,-0.0,-0.0,0.0,132.66000000000486,-120.90000000000443,0.0,11.760000000000431,11.760000000000431,229.51000000002585
45.12,49.54,105.28,-0.0100000000000051,-0.1400000000000005,-0.2300000000000039,2.333333333333333,2.125151392813888,1.0,2.333421206204461,2.1254255903105896,1.0,2.332978696229851,2.125488944420642,1.0,105.26399877389086,105.2967223065986,105.28,0.0116648934811492,0.0106274447221032,0.005,105.25233388040972,105.28609486187648,105.275,105.27566366737202,105.3073497513207,105.285,105.27566366737202,105.28609486187648,0.010431194504477,9.908049491334584e-05,TFI,VTEB,2025-04-02,False,2216.0,2019.0,950.0,2211,-2015,0,TFI,VTEB,0.0104311945044628,9.908049491321084e-05,1,False,True,True,0,,,0,0,0,99782.43000000001,-100105.2,0.0,199887.63,-322.7699999999895,-2211,2015,0,0,2015,0,2211,0,0,-11.055,-10.075000000000001,-0.0,-21.130000000000003,-22.110000000011276,282.10000000000105,-0.0,259.9899999999898,238.85999999998978,468.37000000001564
45.33,49.8,105.8,0.2100000000000008,0.259999999999998,0.519999999999996,2.333995146701964,2.124497991967872,1.0,2.3337966628402587,2.1253817735983427,1.0,2.333421206204461,2.1254255903105896,1.0,105.77398327724822,105.84619439746736,105.8,0.0116671060310223,0.0106271279515529,0.005,105.7623161712172,105.8355672695158,105.795,105.78565038327925,105.85682152541892,105.805,105.78565038327925,105.8355672695158,0.0499168862365593,0.0004718042177368,TFI,VTEB,2025-04-03,False,2205.0,2009.0,945.0,0,0,0,,,0.0,0.0,0,False,True,False,0,,,0,0,0,0.0,0.0,0.0,0.0,0.0,0,0,0,0,0,0,0,0,0,-0.0,-0.0,-0.0,0.0,0.0,0.0,0.0,0.0,0.0,468.37000000001564
45.4,49.85,105.74,0.0700000000000002,0.0500000000000042,-0.0600000000000022,2.329074889867841,2.1211634904714143,1.0,2.333802606939692,2.125178713849894,1.0,2.3337966628402587,2.1253817735983427,1.0,105.95436849294774,105.9502814138774,105.74,0.0116689833142012,0.0106269088679917,0.005,105.94269950963354,105.9396545050094,105.735,105.96603747626192,105.96090832274538,105.745,105.745,105.94269950963354,0.1976995096335514,0.0018696757105499,MUB,TFI,2025-04-04,False,2208.0,2011.0,946.0,0,0,0,,,0.0,0.0,0,True,False,False,1,MUB,TFI,-2208,0,946,0.0,0.0,0.0,0.0,0.0,-2208,0,946,0,0,946,2208,0,0,-11.040000000000001,-0.0,-4.73,-15.770000000000001,0.0,0.0,-0.0,0.0,-15.770000000000001,452.60000000001565
44.47,48.85,103.82,-0.9299999999999996,-1.0,-1.9200000000000017,2.3346076006296377,2.125281473899693,1.0,2.33417948030742,2.125208995404444,1.0,2.333802606939692,2.125178713849894,1.0,103.78420193060808,103.81498017156731,103.82,0.0116690130346984,0.0106258935692494,0.005,103.77253291757336,103.80435427799806,103.815,103.79587094364278,103.82560606513655,103.825,103.79587094364278,103.815,0.0191290563572152,0.0001842521321249,TFI,MUB,2025-04-07,False,2247.0,2047.0,963.0,-2208,0,946,MUB,TFI,-0.0524670824266451,-0.0005053658488407,1,False,True,False,0,,,0,0,0,-100243.2,0.0,100030.04,200273.24,-213.1600000000035,2208,0,-946,2208,0,0,0,0,946,-11.040000000000001,-0.0,-4.73,-15.770000000000001,2053.439999999999,-0.0,-1816.3200000000015,237.11999999999762,221.3499999999976,673.9500000000132
43.8,48.23,102.37,-0.6700000000000017,-0.6200000000000045,-1.4499999999999886,2.337214611872146,2.122537839518972,1.0,2.334629336092871,2.125039591084096,1.0,2.33417948030742,2.125208995404444,1.0,102.237061237465,102.49882984835632,102.37,0.0116708974015371,0.0106260449770222,0.005,102.22539034006344,102.4882038033793,102.365,102.24873213486651,102.50945589333334,102.375,102.24873213486651,102.4882038033793,0.2394716685127775,0.002339275847541,TFI,VTEB,2025-04-08,False,2280.0,2076.0,977.0,0,0,0,,,0.0,0.0,0,True,False,False,1,TFI,VTEB,2280,-2076,0,0.0,0.0,0.0,0.0,0.0,2280,-2076,0,2280,0,0,0,2076,0,-11.4,-10.38,-0.0,-21.78,-0.0,-0.0,-0.0,0.0,-21.78,652.1700000000133
43.89,48.52,103.32,0.0900000000000034,0.2900000000000062,0.9499999999999886,2.354066985645933,2.1294311624072546,1.0,2.3360070528119112,2.125282497406187,1.0,2.334629336092871,2.125039591084096,1.0,102.46688156111612,103.10692095940034,103.32,0.0116731466804643,0.0106251979554204,0.005,102.45520841443565,103.09629576144492,103.315,102.47855470779658,103.11754615735576,103.325,102.47855470779658,103.315,0.8364452922034218,0.0080956764634477,TFI,MUB,2025-04-09,False,2260.0,2057.0,968.0,2280,-2076,0,TFI,VTEB,0.617741053648345,0.0059789107012034,1,True,False,False,1,TFI,MUB,2260,0,-968,99864.0,-100125.48,0.0,199989.47999999998,-261.4799999999959,-20,2076,-968,0,2076,0,20,0,968,-0.1,-10.38,-4.84,-15.32,205.20000000000775,-602.0400000000128,0.0,-396.84000000000503,-412.160000000005,240.01000000000823
43.94,48.5,102.96,0.0499999999999971,-0.0200000000000031,-0.3599999999999994,2.3431952662721893,2.122886597938144,1.0,2.336558925448862,2.1250423511317686,1.0,2.3360070528119112,2.125282497406187,1.0,102.64414990055538,103.07620112420004,102.96,0.0116800352640595,0.0106264124870309,0.005,102.63246986529133,103.06557471171304,102.955,102.65582993581944,103.08682753668708,102.965,102.65582993581944,103.06557471171304,0.4097447758935857,0.0039796501155165,TFI,VTEB,2025-04-10,False,2268.0,2064.0,971.0,2260,0,-968,TFI,MUB,0.2991700641805579,0.0029056921540458,1,True,False,False,1,TFI,VTEB,2268,-2064,0,99191.4,0.0,-100013.76,199205.15999999997,-822.3600000000006,8,-2064,968,8,0,968,0,2064,0,-0.04,-10.32,-4.84,-15.2,112.99999999999345,-0.0,348.4799999999994,461.47999999999286,446.27999999999287,686.2900000000011
43.63,48.13,102.31,-0.3099999999999951,-0.3699999999999974,-0.6499999999999915,2.344946137978455,2.125701225846665,1.0,2.3369887527627045,2.124956833645967,1.0,2.336558925448862,2.1250423511317686,1.0,101.94406591733386,102.27828835997202,102.31,0.0116827946272443,0.0106252117556588,0.005,101.9323831227066,102.26766314821636,102.305,101.9557487119611,102.28891357172768,102.315,101.9557487119611,102.305,0.3492512880389,0.0034136573945743,TFI,MUB,2025-04-11,False,2283.0,2076.0,977.0,2268,-2064,0,TFI,VTEB,0.3119144362552504,0.0030487189546989,1,True,False,False,1,TFI,MUB,2283,0,-977,99655.92,-100104.0,0.0,199759.91999999998,-448.08000000000175,15,2064,-977,15,2064,0,0,0,977,-0.075,-10.32,-4.885,-15.28,-703.0799999999889,763.6799999999946,-0.0,60.60000000000571,45.320000000005706,731.6100000000068
44.06,48.5,103.21,0.4299999999999997,0.3699999999999974,0.8999999999999915,2.342487517022242,2.128041237113402,1.0,2.3374244160917703,2.1250310529946064,1.0,2.3369887527627045,2.124956833645967,1.0,102.96772444672476,103.0604064318294,103.21,0.0116849437638135,0.0106247841682298,0.005,102.95603950296096,103.04978164766116,103.205,102.97940939048856,103.07103121599762,103.215,102.97940939048856,103.205,0.2255906095114284,0.0021857437216493,TFI,MUB,2025-04-14,False,2265.0,2059.0,969.0,2283,0,-977,TFI,MUB,0.2255906095114426,0.0021857437216494,1,True,False,False,1,TFI,MUB,2265,0,-969,99607.29000000001,0.0,-99956.87,199564.16,-349.5799999999872,-18,0,8,0,0,8,18,0,0,-0.09,-0.0,-0.04,-0.13,981.6899999999994,0.0,-879.2999999999917,102.39000000000772,102.26000000000772,833.8700000000146
44.11,48.6,103.42,0.0499999999999971,0.1000000000000014,0.2100000000000079,2.344593062797552,2.12798353909465,1.0,2.337891891581218,2.125097431876276,1.0,2.3374244160917703,2.1250310529946064,1.0,103.103790993808,103.27650917553788,103.42,0.0116871220804588,0.010625155264973,0.005,103.09210387172752,103.26588402027288,103.415,103.11547811588844,103.28713433080284,103.425,103.11547811588844,103.415,0.2995218841115559,0.0028961698328326,TFI,MUB,2025-04-15,False,2260.0,2055.0,967.0,2265,0,-969,TFI,MUB,0.2995218841115701,0.0028961698328328,1,True,False,False,1,TFI,MUB,2260,0,-967,99795.90000000001,0.0,-100010.48999999999,199806.39,-214.58999999998196,-5,0,2,0,0,2,5,0,0,-0.025,-0.0,-0.01,-0.035,113.24999999999343,0.0,-203.49000000000765,-90.24000000001422,-90.27500000001422,743.5950000000004
44.22,48.71,103.66,0.1099999999999994,0.1099999999999994,0.2399999999999948,2.3441881501582995,2.128105111886676,1.0,2.3382360884118776,2.1251485417167446,1.0,2.337891891581218,2.125097431876276,1.0,103.38157944572146,103.5134959066934,103.66,0.011689459457906,0.0106254871593813,0.005,103.36988998626354,103.502870419534,103.655,103.39326890517935,103.52412139385278,103.665,103.39326890517935,103.655,0.2617310948206324,0.0025248996220396,TFI,MUB,2025-04-16,False,2256.0,2051.0,965.0,2260,0,-967,TFI,MUB,0.2617310948206466,0.0025248996220398,1,True,False,False,1,TFI,MUB,2256,0,-965,99688.6,0.0,-100007.14,199695.74,-318.5399999999936,-4,0,2,0,0,2,4,0,0,-0.02,-0.0,-0.01,-0.03,248.59999999999866,0.0,-232.07999999999498,16.520000000003677,16.490000000003675,760.085000000004
44.23,48.65,103.6,0.009999999999998,-0.0600000000000022,-0.0600000000000022,2.3423016052453085,2.129496402877698,1.0,2.338552314300933,2.125295644251324,1.0,2.3382360884118776,2.1251485417167446,1.0,103.42018219045734,103.38847655451964,103.6,0.0116911804420593,0.0106257427085837,0.005,103.40849101001528,103.37785081181104,103.595,103.4318733708994,103.3991022972282,103.605,103.3991022972282,103.595,0.1958977027717878,0.0018909044669091,VTEB,MUB,2025-04-17,False,2256.0,2051.0,965.0,2256,0,-965,TFI,MUB,0.1631266291006028,0.0015745813619749,1,True,False,False,1,VTEB,MUB,0,2051,-965,99760.31999999999,0.0,-100031.9,199792.21999999997,-271.58000000000175,-2256,2051,0,0,2051,0,2256,0,0,-11.28,-10.255,-0.0,-21.535,22.559999999995487,-0.0,57.90000000000212,80.4599999999976,58.92499999999761,819.0100000000016
43.99,48.36,102.97,-0.2399999999999948,-0.2899999999999991,-0.6299999999999955,2.34075926346897,2.129239040529363,1.0,2.338831672002184,2.125459886354128,1.0,2.338552314300933,2.125295644251324,1.0,102.87291630609803,102.77929735599402,102.97,0.0116927615715046,0.0106264782212566,0.005,102.86122354452652,102.76867087777276,102.965,102.88460906766954,102.78992383421529,102.975,102.78992383421529,102.965,0.1750761657847306,0.0017002638223242,VTEB,MUB,2025-04-21,False,2271.0,2064.0,971.0,0,2051,-965,VTEB,MUB,0.1750761657847164,0.0017002638223241,1,True,False,False,1,VTEB,MUB,0,2064,-971,0.0,99781.15,-99974.0,199755.15,-192.85000000000582,0,13,-6,0,13,0,0,0,6,-0.0,-0.065,-0.03,-0.095,-0.0,-594.7899999999981,607.9499999999956,13.159999999997467,13.064999999997466,832.074999999999
43.97,48.44,103.13,-0.0200000000000031,0.0799999999999983,0.1599999999999966,2.345462815556061,2.129025598678778,1.0,2.339511794662444,2.1256913595247817,1.0,2.338831672002184,2.125459886354128,1.0,102.838428617936,102.95727689499395,103.13,0.0116941583600109,0.0106272994317706,0.005,102.826734459576,102.94664959556218,103.125,102.85012277629602,102.96790419442571,103.135,102.85012277629602,103.125,0.2748772237039816,0.002665346879705,TFI,MUB,2025-04-22,False,2269.0,2062.0,970.0,0,2064,-971,VTEB,MUB,0.1570958055742863,0.0015232794102034,1,True,False,False,1,TFI,MUB,2269,0,-970,0.0,99815.04,-99983.87,199798.90999999997,-168.83000000000175,2269,-2064,1,2269,0,1,0,2064,0,-11.345,-10.32,-0.005,-21.669999999999998,-0.0,165.11999999999648,-155.3599999999967,9.759999999999792,-11.910000000000206,820.1649999999988
44.1,48.61,103.49,0.1300000000000025,0.1700000000000017,0.3599999999999994,2.346712018140589,2.1289858053898376,1.0,2.34025819680896,2.125919637493406,1.0,2.339511794662444,2.1256913595247817,1.0,103.17247014461375,103.32985698649964,103.49,0.0116975589733122,0.0106284567976239,0.005,103.16077258564046,103.31922852970202,103.485,103.18416770358708,103.34048544329724,103.495,103.18416770358708,103.485,0.3008322964129206,0.0029068730931773,TFI,MUB,2025-04-23,False,2260.0,2053.0,966.0,2269,0,-970,TFI,MUB,0.3008322964129206,0.0029068730931773,1,True,False,False,1,TFI,MUB,2260,0,-966,99767.93,0.0,-100036.09999999999,199804.02999999997,-268.16999999999825,-9,0,4,0,0,4,9,0,0,-0.045,-0.0,-0.02,-0.065,294.97000000000565,0.0,-349.1999999999994,-54.229999999993765,-54.29499999999376,765.8700000000051
44.29,48.77,103.89,0.1899999999999977,0.1600000000000037,0.4000000000000057,2.345676224881464,2.1302029936436333,1.0,2.340897593277777,2.126294942065242,1.0,2.34025819680896,2.125919637493406,1.0,103.65003553666882,103.68110072055345,103.89,0.0117012909840447,0.010629598187467,0.005,103.63833424568476,103.67047112236595,103.885,103.66173682765287,103.6917303187409,103.895,103.66173682765287,103.885,0.2232631723471314,0.0021490342896056,TFI,MUB,2025-04-24,False,2254.0,2047.0,963.0,2260,0,-966,TFI,MUB,0.2232631723471314,0.0021490342896056,1,True,False,False,1,TFI,MUB,2254,0,-963,99666.0,0.0,-99971.34,199637.34,-305.3399999999965,-6,0,3,0,0,3,6,0,0,-0.03,-0.0,-0.015,-0.045,429.3999999999948,0.0,-386.4000000000055,42.99999999998931,42.95499999998931,808.8249999999945
44.37,48.85,104.02,0.0799999999999983,0.0799999999999983,0.1299999999999954,2.344376831192247,2.129375639713408,1.0,2.3412786754086903,2.126459155522993,1.0,2.340897593277777,2.126294942065242,1.0,103.86562621373496,103.86950791988708,104.02,0.0117044879663888,0.0106314747103262,0.005,103.8539217257686,103.85887644517676,104.015,103.87733070170135,103.8801393945974,104.025,103.87733070170135,104.015,0.1376692982986469,0.001323488735807,TFI,MUB,2025-04-25,False,2250.0,2043.0,961.0,2254,0,-963,TFI,MUB,0.1376692982986469,0.001323488735807,1,False,True,False,0,,,0,0,0,99829.66,0.0,-100046.07,199875.73,-216.4100000000035,-2254,0,963,0,0,963,2254,0,0,-11.27,-0.0,-4.815,-16.085,180.31999999999616,0.0,-125.18999999999556,55.13000000000059,39.04500000000059,847.8699999999951
44.47,48.91,104.25,0.1000000000000014,0.0599999999999951,0.2300000000000039,2.3442770407015967,2.131465957881824,1.0,2.341432656533465,2.126865719464723,1.0,2.3412786754086903,2.126459155522993,1.0,104.11666269542444,104.0051172966296,104.25,0.0117063933770434,0.0106322957776149,0.005,104.1049563020474,103.99448500085198,104.245,104.12836908880148,104.0157495924072,104.255,104.0157495924072,104.245,0.2292504075928008,0.0021990446771491,VTEB,MUB,2025-04-28,False,2245.0,2039.0,959.0,0,0,0,,,0.0,0.0,0,True,False,False,1,VTEB,MUB,0,2039,-959,0.0,0.0,0.0,0.0,0.0,0,2039,-959,0,2039,0,0,0,959,-0.0,-10.195,-4.795,-14.99,0.0,0.0,0.0,0.0,-14.99,832.8799999999951
44.54,49.0,104.38,0.0700000000000002,0.0900000000000034,0.1299999999999954,2.3435114503816794,2.130204081632653,1.0,2.341634632425081,2.1271284426918613,1.0,2.341432656533465,2.126865719464723,1.0,104.28741052200051,104.21642025377142,104.38,0.0117071632826673,0.0106343285973236,0.005,104.27570335871786,104.2057859251741,104.375,104.2991176852832,104.22705458236874,104.385,104.22705458236874,104.375,0.1479454176312629,0.0014173732288873,VTEB,MUB,2025-04-29,False,2243.0,2038.0,958.0,0,2039,-959,VTEB,MUB,0.1479454176312629,0.0014173732288873,1,False,True,False,0,,,0,0,0,0.0,99727.48999999999,-99975.75,199703.24,-248.2600000000093,0,-2039,959,0,0,959,0,2039,0,-0.0,-10.195,-4.795,-14.99,0.0,183.51000000000693,-124.66999999999558,58.840000000011344,43.85000000001134,876.7300000000065
44.68,49.2,104.73,0.1400000000000005,0.2000000000000028,0.3500000000000085,2.3440017905102954,2.1286585365853656,1.0,2.3419390871178902,2.1273717559945595,1.0,2.341634632425081,2.1271284426918613,1.0,104.62423537675262,104.6547193804396,104.73,0.0117081731621254,0.0106356422134593,0.005,104.6125272035905,104.64408373822612,104.725,104.63594354991474,104.66535502265305,104.735,104.63594354991474,104.725,0.0890564500852661,0.0008503432644444,TFI,MUB,2025-04-30,False,2236.0,2031.0,955.0,0,0,0,,,0.0,0.0,0,False,True,False,0,,,0,0,0,0.0,0.0,0.0,0.0,0.0,0,0,0,0,0,0,0,0,0,-0.0,-0.0,-0.0,0.0,0.0,0.0,0.0,0.0,0.0,876.7300000000065
44.53,48.98,104.39,-0.1499999999999985,-0.2200000000000059,-0.3400000000000034,2.344262295081968,2.131278072682728,1.0,2.3424855352053218,2.127678089988001,1.0,2.3419390871178902,2.1273717559945595,1.0,104.28654754935964,104.19866860861352,104.39,0.0117096954355894,0.0106368587799727,0.005,104.27483785392408,104.18803174983354,104.385,104.29825724479524,104.20930546739348,104.395,104.20930546739348,104.385,0.1756945326065135,0.0016830590344526,VTEB,MUB,2025-05-01,True,2244.0,2038.0,958.0,0,0,0,,,0.0,0.0,0,True,False,False,1,VTEB,MUB,0,2038,-958,0.0,0.0,0.0,0.0,0.0,0,2038,-958,0,2038,0,0,0,958,-0.0,-10.19,-4.79,-14.98,-0.0,-0.0,-0.0,0.0,-14.98,861.7500000000065
44.43,48.92,104.25,-0.1000000000000014,-0.0599999999999951,-0.1400000000000005,2.346387575962188,2.1310302534750614,1.0,2.343105156668333,2.128004703063361,1.0,2.3424855352053218,2.127678089988001,1.0,104.07663232917244,104.08601216221304,104.25,0.0117124276760266,0.01063839044994,0.005,104.0649199014964,104.0753737717631,104.245,104.08834475684849,104.09665055266298,104.255,104.08834475684849,104.245,0.1566552431515333,0.0015026881837077,TFI,MUB,2025-05-02,False,2246.0,2040.0,959.0,0,2038,-958,VTEB,MUB,0.1483494473370257,0.0014230162814103,1,True,False,True,0,,,0,0,0,0.0,99821.23999999999,-100005.62,199826.86,-184.38000000000466,0,-2038,958,0,0,958,0,2038,0,-0.0,-10.19,-4.79,-14.98,-0.0,-122.27999999999001,134.1200000000005,11.840000000010477,-3.1399999999895236,858.610000000017
44.4,48.82,104.0,-0.0300000000000011,-0.1000000000000014,-0.25,2.3423423423423424,2.1302744776730846,1.0,2.343768529292058,2.1284602524234444,1.0,2.343105156668333,2.128004703063361,1.0,104.03386895607396,103.88918960355328,104.0,0.0117155257833416,0.0106400235153168,0.005,104.02215343029064,103.87854958003796,103.995,104.04558448185732,103.8998296270686,104.005,103.8998296270686,104.02215343029064,0.1223238032220166,0.0011761904155963,VTEB,TFI,2025-05-05,False,2254.0,2047.0,962.0,0,0,0,,,0.0,0.0,0,False,True,False,0,,,0,0,0,0.0,0.0,0.0,0.0,0.0,0,0,0,0,0,0,0,0,0,-0.0,-0.0,-0.0,0.0,-0.0,-0.0,-0.0,0.0,0.0,858.610000000017
44.53,48.99,104.4,0.1300000000000025,0.1700000000000017,0.4000000000000057,2.344486862789131,2.131047152480098,1.0,2.344262492400033,2.128748536352465,1.0,2.343768529292058,2.1284602524234444,1.0,104.36801260937534,104.27326776622456,104.4,0.0117188426464602,0.0106423012621172,0.005,104.35629376672888,104.26262546496244,104.395,104.3797314520218,104.28391006748669,104.405,104.28391006748669,104.395,0.1110899325133374,0.0010640798133461,VTEB,MUB,2025-05-06,False,2245.0,2039.0,958.0,0,0,0,,,0.0,0.0,0,False,True,False,0,,,0,0,0,0.0,0.0,0.0,0.0,0.0,0,0,0,0,0,0,0,0,0,-0.0,-0.0,-0.0,0.0,0.0,0.0,0.0,0.0,0.0,858.610000000017
44.6,49.06,104.53,0.0700000000000002,0.0700000000000002,0.1299999999999954,2.3437219730941705,2.1306563391765185,1.0,2.344587860461134,2.129154461335342,1.0,2.344262492400033,2.128748536352465,1.0,104.55410716104149,104.43640319345194,104.53,0.0117213124620001,0.0106437426817623,0.005,104.54238584857949,104.42575945077016,104.525,104.56582847350349,104.4470469361337,104.535,104.4470469361337,104.54238584857949,0.0953389124457686,0.0009120722514662,VTEB,TFI,2025-05-07,False,2243.0,2037.0,957.0,0,0,0,,,0.0,0.0,0,False,True,False,0,,,0,0,0,0.0,0.0,0.0,0.0,0.0,0,0,0,0,0,0,0,0,0,-0.0,-0.0,-0.0,0.0,0.0,0.0,0.0,0.0,0.0,858.610000000017
44.49,48.91,104.19,-0.1099999999999994,-0.1500000000000056,-0.3400000000000034,2.341874578556979,2.1302392148844818,1.0,2.3439782401066864,2.129194863959204,1.0,2.344587860461134,2.129154461335342,1.0,104.31071391191584,104.13694470391158,104.19,0.0117229393023056,0.0106457723066767,0.005,104.29899097261357,104.12629893160492,104.185,104.32243685121816,104.14759047621826,104.195,104.14759047621826,104.29899097261357,0.151400496395297,0.0014531192666791,VTEB,TFI,2025-05-08,False,2251.0,2044.0,960.0,0,0,0,,,0.0,0.0,0,False,True,False,0,,,0,0,0,0.0,0.0,0.0,0.0,0.0,0,0,0,0,0,0,0,0,0,-0.0,-0.0,-0.0,0.0,-0.0,-0.0,-0.0,0.0,0.0,858.610000000017
44.51,48.92,104.28,0.019999999999996,0.0100000000000051,0.0900000000000034,2.3428443046506406,2.1316434995911693,1.0,2.343960692025609,2.1296327090418545,1.0,2.3439782401066864,2.129194863959204,1.0,104.3304714671486,104.16021274488423,104.28,0.0117198912005334,0.010645974319796,0.005,104.31875157594808,104.14956677056443,104.275,104.34219135834914,104.17085871920403,104.285,104.17085871920403,104.31875157594808,0.1478928567440363,0.0014182283922519,VTEB,TFI,2025-05-09,False,2248.0,2042.0,959.0,0,0,0,,,0.0,0.0,0,False,True,False,0,,,0,0,0,0.0,0.0,0.0,0.0,0.0,0,0,0,0,0,0,0,0,0,-0.0,-0.0,-0.0,0.0,0.0,0.0,0.0,0.0,0.0,858.610000000017
44.47,48.96,104.21,-0.0399999999999991,0.0399999999999991,-0.0700000000000073,2.343377557904205,2.128472222222222,1.0,2.3438822630218965,2.1297712588606323,1.0,2.343960692025609,2.1296327090418545,1.0,104.23593197437884,104.2668174346892,104.21,0.011719803460128,0.0106481635452092,0.005,104.2242121709187,104.256169271144,104.205,104.24765177783895,104.2774655982344,104.215,104.215,104.256169271144,0.0411692711439997,0.0003950606577487,MUB,VTEB,2025-05-12,False,2250.0,2044.0,960.0,0,0,0,,,0.0,0.0,0,False,True,False,0,,,0,0,0,0.0,0.0,0.0,0.0,0.0,0,0,0,0,0,0,0,0,0,-0.0,-0.0,-0.0,0.0,-0.0,0.0,-0.0,0.0,0.0,858.610000000017
44.55,49.01,104.43,0.0799999999999983,0.0499999999999971,0.220000000000013,2.3441077441077445,2.1307896347684148,1.0,2.343963274376171,2.129908678743383,1.0,2.3438822630218965,2.1297712588606323,1.0,104.41995481762548,104.3800893967596,104.43,0.0117194113151094,0.0106488562943031,0.005,104.40823540631035,104.36944054046528,104.425,104.4316742289406,104.3907382530539,104.435,104.3907382530539,104.425,0.0342617469461146,0.0003280833759084,VTEB,MUB,2025-05-13,False,2245.0,2040.0,958.0,0,0,0,,,0.0,0.0,0,False,True,False,0,,,0,0,0,0.0,0.0,0.0,0.0,0.0,0,0,0,0,0,0,0,0,0,-0.0,-0.0,-0.0,0.0,0.0,0.0,0.0,0.0,0.0,858.610000000017
44.38,48.8,104.02,-0.1699999999999946,-0.2100000000000008,-0.4100000000000108,2.34384858044164,2.13155737704918,1.0,2.343926050258376,2.130087370641109,1.0,2.343963274376171,2.129908678743383,1.0,104.02509011681448,103.9395435226771,104.02,0.0117198163718808,0.0106495433937169,0.005,104.0133703004426,103.9288939792834,104.015,104.03680993318636,103.9501930660708,104.025,103.9501930660708,104.015,0.0648069339291907,0.0006230237832069,VTEB,MUB,2025-05-14,False,2253.0,2047.0,961.0,0,0,0,,,0.0,0.0,0,False,True,False,0,,,0,0,0,0.0,0.0,0.0,0.0,0.0,0,0,0,0,0,0,0,0,0,-0.0,-0.0,-0.0,0.0,-0.0,-0.0,-0.0,0.0,0.0,858.610000000017
44.54,48.99,104.41,0.1599999999999966,0.1900000000000048,0.3900000000000005,2.344185002245173,2.1312512757705653,1.0,2.34392589286272,2.130244678835304,1.0,2.343926050258376,2.130087370641109,1.0,104.39846627850804,104.35298028770796,104.41,0.0117196302512918,0.0106504368532055,0.005,104.38674664825676,104.34232985085474,104.405,104.41018590875936,104.36363072456116,104.415,104.36363072456116,104.405,0.0413692754388392,0.000396219475518,VTEB,MUB,2025-05-15,False,2245.0,2041.0,958.0,0,0,0,,,0.0,0.0,0,False,True,False,0,,,0,0,0,0.0,0.0,0.0,0.0,0.0,0,0,0,0,0,0,0,0,0,-0.0,-0.0,-0.0,0.0,0.0,0.0,0.0,0.0,0.0,858.610000000017
44.59,49.05,104.51,0.0500000000000042,0.0599999999999951,0.1000000000000085,2.3437990580847723,2.1306829765545365,1.0,2.344000765504693,2.130304007519146,1.0,2.34392589286272,2.130244678835304,1.0,104.51565556274866,104.48850149687166,104.51,0.0117196294643135,0.0106512233941765,0.005,104.50393593328435,104.47785027347749,104.505,104.52737519221296,104.49915272026584,104.515,104.49915272026584,104.505,0.0058472797341693,5.5949475975211165e-05,VTEB,MUB,2025-05-16,False,2243.0,2039.0,957.0,0,0,0,,,0.0,0.0,0,False,True,False,0,,,0,0,0,0.0,0.0,0.0,0.0,0.0,0,0,0,0,0,0,0,0,0,-0.0,-0.0,-0.0,0.0,0.0,0.0,0.0,0.0,0.0,858.610000000017
44.56,48.99,104.44,-0.0300000000000011,-0.0599999999999951,-0.0700000000000073,2.343806104129264,2.1318636456419675,1.0,2.344153107537708,2.130435237774776,1.0,2.344000765504693,2.130304007519146,1.0,104.44867411088912,104.36359332836297,104.44,0.0117200038275234,0.0106515200375957,0.005,104.4369541070616,104.35294180832535,104.435,104.46039411471664,104.37424484840056,104.445,104.37424484840056,104.4369541070616,0.0627092586610302,0.0006004333460458,VTEB,TFI,2025-05-19,False,2243.0,2039.0,957.0,0,0,0,,,0.0,0.0,0,False,True,False,0,,,0,0,0,0.0,0.0,0.0,0.0,0.0,0,0,0,0,0,0,0,0,0,-0.0,-0.0,-0.0,0.0,-0.0,-0.0,-0.0,0.0,0.0,858.610000000017
44.5,48.93,104.18,-0.0600000000000022,-0.0600000000000022,-0.2599999999999909,2.341123595505618,2.1291641119967304,1.0,2.343936146535185,2.130442163440674,1.0,2.344153107537708,2.130435237774776,1.0,104.314813285428,104.2421961843198,104.18,0.0117207655376885,0.0106521761888738,0.005,104.3030925198903,104.23154400813092,104.175,104.32653405096568,104.25284836050866,104.185,104.185,104.3030925198903,0.1180925198902969,0.0011335430974303,MUB,TFI,2025-05-20,False,2250.0,2045.0,960.0,0,0,0,,,0.0,0.0,0,False,True,False,0,,,0,0,0,0.0,0.0,0.0,0.0,0.0,0,0,0,0,0,0,0,0,0,-0.0,-0.0,-0.0,0.0,-0.0,-0.0,-0.0,0.0,0.0,858.610000000017
44.32,48.73,103.68,-0.1799999999999997,-0.2000000000000028,-0.5,2.339350180505415,2.127642109583419,1.0,2.343568054653427,2.130374978650353,1.0,2.343936146535185,2.130442163440674,1.0,103.8832500144394,103.81644662446404,103.68,0.0117196807326759,0.0106522108172033,0.005,103.87153033370672,103.80579441364684,103.675,103.8949696951721,103.82709883528123,103.685,103.685,103.87153033370672,0.1865303337067274,0.0017990965828195,MUB,TFI,2025-05-21,False,2262.0,2056.0,965.0,0,0,0,,,0.0,0.0,0,True,False,False,1,MUB,TFI,-2262,0,965,0.0,0.0,0.0,0.0,0.0,-2262,0,965,0,0,965,2262,0,0,-11.31,-0.0,-4.825,-16.135,-0.0,-0.0,-0.0,0.0,-16.135,842.475000000017
44.4,48.7,103.7,0.0799999999999983,-0.029999999999994,0.019999999999996,2.335585585585586,2.129363449691992,1.0,2.3430635226886327,2.130333001452771,1.0,2.343568054653427,2.130374978650353,1.0,104.05442162661215,103.7492614602722,103.7,0.0117178402732671,0.0106518748932517,0.005,104.04270378633888,103.73860958537894,103.695,104.06613946688542,103.75991333516544,103.705,103.705,104.04270378633888,0.3377037863388921,0.0032565456734705,MUB,TFI,2025-05-22,False,2259.0,2054.0,964.0,-2262,0,965,MUB,TFI,0.3377037863388779,0.0032565456734703,1,True,False,False,1,MUB,TFI,-2259,0,964,-100251.84,0.0,100051.20000000001,200303.04,-200.63999999998487,3,0,-1,3,0,0,0,0,1,-0.015,-0.0,-0.005,-0.02,-180.95999999999614,-0.0,19.29999999999614,-161.66,-161.68,680.7950000000169
44.41,48.73,103.75,0.009999999999998,0.029999999999994,0.0499999999999971,2.3361855437964425,2.1290785963472194,1.0,2.3426539583188424,2.1303181492844616,1.0,2.3430635226886327,2.130333001452771,1.0,104.05545104260216,103.81112716079352,103.75,0.0117153176134431,0.0106516650072638,0.005,104.04373572498874,103.80047549578627,103.745,104.0671663602156,103.8217788258008,103.755,103.755,104.04373572498874,0.2887357249887401,0.0027829949396505,MUB,TFI,2025-05-23,False,2259.0,2054.0,964.0,-2259,0,964,MUB,TFI,0.2887357249887401,0.0027829949396505,1,True,False,False,1,MUB,TFI,-2259,0,964,-100299.59999999999,0.0,99966.8,200266.4,-332.79999999998836,0,0,0,0,0,0,0,0,0,-0.0,-0.0,-0.0,0.0,-22.58999999999548,0.0,48.1999999999972,25.610000000001722,25.610000000001722,706.4050000000186
44.53,48.9,104.07,0.1200000000000045,0.1700000000000017,0.3199999999999932,2.337076128452728,2.128220858895705,1.0,2.342293912706399,2.130155894335156,1.0,2.3426539583188424,2.1303181492844616,1.0,104.31838076393804,104.17255750001016,104.07,0.0117132697915942,0.0106515907464223,0.005,104.30666749414644,104.16190590926377,104.065,104.33009403372964,104.1832090907566,104.075,104.075,104.30666749414644,0.231667494146464,0.0022260737402369,MUB,TFI,2025-05-27,False,2251.0,2047.0,961.0,-2259,0,964,MUB,TFI,0.2316674941464356,0.0022260737402367,1,True,False,False,1,MUB,TFI,-2251,0,961,-100322.18999999999,0.0,100015.0,200337.19,-307.1899999999878,8,0,-3,8,0,0,0,0,3,-0.04,-0.0,-0.015,-0.055,-271.08000000001016,0.0,308.4799999999934,37.399999999983265,37.344999999983266,743.7500000000019
44.5,48.83,103.89,-0.0300000000000011,-0.0700000000000002,-0.1799999999999926,2.3346067415730336,2.1275855007167728,1.0,2.3418486772659666,2.130024965289361,1.0,2.342293912706399,2.130155894335156,1.0,104.23207911543476,104.01551232038568,103.89,0.0117114695635319,0.0106507794716757,0.005,104.22036764587122,104.004861540914,103.885,104.2437905849983,104.02616309985734,103.895,103.895,104.22036764587122,0.3253676458712249,0.0031318475875563,MUB,TFI,2025-05-28,False,2256.0,2051.0,963.0,-2251,0,961,MUB,TFI,0.3253676458712249,0.0031318475875563,1,True,False,False,1,MUB,TFI,-2256,0,963,-100237.03,0.0,100011.26999999999,200248.3,-225.7600000000093,-5,0,2,0,0,2,5,0,0,-0.025,-0.0,-0.01,-0.035,67.53000000000247,-0.0,-172.9799999999929,-105.44999999999044,-105.48499999999044,638.2650000000115
44.54,48.88,103.99,0.0399999999999991,0.0500000000000042,0.0999999999999943,2.334755276156264,2.127454991816694,1.0,2.341386351548265,2.1299647880509283,1.0,2.3418486772659666,2.130024965289361,1.0,104.30594008542614,104.115620303344,103.99,0.0117092433863298,0.0106501248264468,0.005,104.2942308420398,104.10497017851756,103.985,104.31764932881248,104.12627042817044,103.995,103.995,104.2942308420398,0.2992308420398188,0.0028774963173364,MUB,TFI,2025-05-29,False,2253.0,2049.0,962.0,-2256,0,963,MUB,TFI,0.2992308420397904,0.0028774963173361,1,True,False,False,1,MUB,TFI,-2253,0,962,-100392.0,0.0,100046.07,200438.07,-345.929999999993,3,0,-1,3,0,0,0,0,1,-0.015,-0.0,-0.005,-0.02,-90.23999999999796,0.0,96.29999999999451,6.059999999996549,6.0399999999965495,644.305000000008
44.44,48.8,103.85,-0.1000000000000014,-0.0800000000000054,-0.1400000000000005,2.3368586858685867,2.128073770491804,1.0,2.3410161710875963,2.129804572941382,1.0,2.341386351548265,2.1299647880509283,1.0,104.05120946280488,103.9422816568853,103.85,0.0117069317577413,0.0106498239402546,0.005,104.03950253104716,103.93163183294504,103.845,104.06291639456263,103.95293148082555,103.855,103.855,104.03950253104716,0.1845025310471584,0.0017766252387786,MUB,TFI,2025-05-30,False,2255.0,2051.0,963.0,-2253,0,962,MUB,TFI,0.1845025310471584,0.0017766252387786,1,True,False,False,1,MUB,TFI,-2255,0,963,-100348.62,0.0,100038.37999999999,200387.0,-310.24000000000524,-2,0,1,0,0,1,2,0,0,-0.01,-0.0,-0.005,-0.015,225.30000000000314,-0.0,-134.6800000000005,90.62000000000265,90.60500000000265,734.9100000000107
44.27,48.6,103.28,-0.1699999999999946,-0.1999999999999957,-0.5699999999999932,2.3329568556584594,2.125102880658436,1.0,2.3403446350724098,2.12950820430055,1.0,2.3410161710875963,2.129804572941382,1.0,103.63678589404788,103.50850224495116,103.28,0.0117050808554379,0.0106490228647069,0.005,103.62508081319244,103.49785322208643,103.275,103.64849097490332,103.51915126781589,103.285,103.285,103.62508081319244,0.3400808131924577,0.0032928041556202,MUB,TFI,2025-06-02,True,2266.0,2062.0,968.0,-2255,0,963,MUB,TFI,0.3400808131924435,0.00329280415562,1,True,False,False,1,MUB,TFI,-2266,0,968,-100212.2,0.0,100007.54999999999,200219.75,-204.65000000000873,-11,0,5,0,0,5,11,0,0,-0.055,-0.0,-0.025,-0.08,383.3499999999878,-0.0,-548.9099999999935,-165.5600000000057,-165.6400000000057,569.270000000005
44.25,48.57,103.3,-0.0200000000000031,-0.0300000000000011,0.019999999999996,2.334463276836158,2.126827259625283,1.0,2.3399506817971005,2.1293358433981604,1.0,2.3403446350724098,2.12950820430055,1.0,103.56025010195413,103.43021348287772,103.3,0.011701723175362,0.0106475410215027,0.005,103.54854837877876,103.41956594185622,103.295,103.57195182512947,103.44086102389922,103.305,103.305,103.54854837877876,0.2435483787787689,0.0023576803366773,MUB,TFI,2025-06-03,False,2265.0,2061.0,968.0,-2266,0,968,MUB,TFI,0.2435483787787546,0.0023576803366771,1,True,False,True,0,,,0,0,0,-100315.82,0.0,99975.04000000001,200290.86000000002,-340.77999999999884,2266,0,-968,2266,0,0,0,0,968,-11.33,-0.0,-4.84,-16.17,45.32000000000702,-0.0,19.359999999996127,64.68000000000315,48.510000000003146,617.7800000000082
44.33,48.69,103.55,0.0799999999999983,0.1199999999999974,0.25,2.335889916535078,2.1267200657219143,1.0,2.339520834484398,2.129119489060251,1.0,2.3399506817971005,2.1293358433981604,1.0,103.73001372406546,103.67736221505642,103.55,0.0116997534089855,0.0106466792169908,0.005,103.71831397065648,103.66671553583944,103.545,103.74171347747443,103.6880088942734,103.555,103.555,103.71831397065648,0.1633139706564748,0.0015771508513421,MUB,TFI,2025-06-04,False,2260.0,2057.0,966.0,0,0,0,,,0.0,0.0,0,True,False,False,1,MUB,TFI,-2260,0,966,0.0,0.0,0.0,0.0,0.0,-2260,0,966,0,0,966,2260,0,0,-11.3,-0.0,-4.83,-16.130000000000003,0.0,0.0,0.0,0.0,-16.130000000000003,601.6500000000082
44.32,48.73,103.54,-0.009999999999998,0.0399999999999991,-0.0099999999999909,2.3361913357400725,2.124769136055818,1.0,2.3391443026166927,2.128825128904216,1.0,2.339520834484398,2.129119489060251,1.0,103.68756338434852,103.75199270190603,103.54,0.0116976041724219,0.0106455974453012,0.005,103.67586578017608,103.74134710446071,103.535,103.69926098852092,103.76263829935134,103.545,103.545,103.74134710446071,0.1963471044607274,0.0018963405877991,MUB,VTEB,2025-06-05,False,2260.0,2057.0,966.0,-2260,0,966,MUB,TFI,0.1308657801760802,0.0012639152035549,1,True,False,False,1,MUB,VTEB,0,-2057,966,-100185.8,0.0,100029.3,200215.1,-156.5,2260,-2057,0,2260,0,0,0,2057,0,-11.3,-10.285,-0.0,-21.585,22.59999999999548,0.0,-9.659999999991209,12.94000000000427,-8.644999999995731,593.0050000000124
44.25,48.61,103.2,-0.0700000000000002,-0.1199999999999974,-0.3400000000000034,2.332203389830509,2.1230199547418227,1.0,2.338660743180369,2.128464165897083,1.0,2.3391443026166927,2.128825128904216,1.0,103.50713539078863,103.48218951603394,103.2,0.0116957215130834,0.010644125644521,0.005,103.49543966927556,103.47154539038942,103.195,103.51883111230173,103.49283364167846,103.205,103.205,103.49543966927556,0.2904396692755711,0.0028143378805772,MUB,TFI,2025-06-06,False,2267.0,2063.0,969.0,0,-2057,966,MUB,VTEB,0.2665453903894246,0.0025828041704401,1,True,False,False,1,MUB,TFI,-2267,0,969,0.0,-100237.61,100019.64,200257.25,-217.97000000000116,-2267,2057,3,0,2057,3,2267,0,0,-11.335,-10.285,-0.015,-21.635,-0.0,246.83999999999466,-328.4400000000033,-81.60000000000863,-103.23500000000864,489.77000000000373
44.36,48.75,103.47,0.1099999999999994,0.1400000000000005,0.269999999999996,2.332506762849414,2.1224615384615384,1.0,2.338143866090308,2.128005067840602,1.0,2.338660743180369,2.128464165897083,1.0,103.74299056748116,103.7626280874828,103.47,0.0116933037159018,0.0106423208294854,0.005,103.73129726376528,103.7519857666533,103.465,103.75468387119707,103.77327040831229,103.475,103.475,103.7519857666533,0.2769857666533113,0.0026769669145966,MUB,VTEB,2025-06-09,False,2259.0,2056.0,966.0,-2267,0,969,MUB,TFI,0.2562972637652905,0.0024770200421889,1,True,False,False,1,MUB,VTEB,0,-2056,966,-100314.75,0.0,100000.8,200315.55,-313.9499999999971,2267,-2056,-3,2267,0,0,0,2056,3,-11.335,-10.28,-0.015,-21.630000000000003,-249.36999999999864,0.0,261.62999999999613,12.25999999999749,-9.370000000002513,480.4000000000012
44.33,48.67,103.44,-0.0300000000000011,-0.0799999999999983,-0.0300000000000011,2.333408526956914,2.1253338812410107,1.0,2.337645414542944,2.1278481507915408,1.0,2.338143866090308,2.128005067840602,1.0,103.64991758378336,103.5700066518021,103.44,0.0116907193304515,0.010640025339203,0.005,103.6382268644529,103.5593666264629,103.435,103.6616083031138,103.5806466771413,103.445,103.445,103.6382268644529,0.1932268644529102,0.0018680091304419,MUB,TFI,2025-06-10,False,2261.0,2058.0,967.0,0,-2056,966,MUB,VTEB,0.1143666264629104,0.0011056325064086,1,True,False,False,1,MUB,TFI,-2261,0,967,0.0,-100230.0,99952.02,200182.02000000002,-277.9799999999959,-2261,2056,1,0,2056,1,2261,0,0,-11.305,-10.28,-0.005,-21.59,-0.0,164.4799999999965,-28.980000000001063,135.49999999999542,113.90999999999542,594.3099999999966
44.42,48.76,103.64,0.0900000000000034,0.0899999999999963,0.2000000000000028,2.333183250787933,2.125512715340443,1.0,2.3370991898769526,2.1275843048201426,1.0,2.337645414542944,2.1278481507915408,1.0,103.83820931399754,103.75387583259553,103.64,0.0116882270727147,0.0106392407539577,0.005,103.82652108692484,103.74323659184157,103.635,103.84989754107023,103.76451507334949,103.645,103.645,103.82652108692484,0.1815210869248318,0.0017514578051411,MUB,TFI,2025-06-11,False,2256.0,2053.0,965.0,-2261,0,967,MUB,TFI,0.181521086924846,0.0017514578051413,1,True,False,False,1,MUB,TFI,-2256,0,965,-100230.12999999999,0.0,100026.48,200256.61,-203.64999999999418,5,0,-2,5,0,0,0,0,2,-0.025,-0.0,-0.01,-0.035,-203.49000000000768,0.0,193.4000000000027,-10.090000000004977,-10.125000000004977,584.1849999999916
44.55,48.93,104.1,0.1299999999999954,0.1700000000000017,0.4599999999999937,2.3367003367003365,2.1275291232372777,1.0,2.336741777689888,2.1273828921295475,1.0,2.3370991898769526,2.1275843048201426,1.0,104.11776890901824,104.10270003484958,104.1,0.0116854959493847,0.0106379215241007,0.005,104.10608341306886,104.09206211332548,104.095,104.12945440496762,104.11333795637368,104.105,104.105,104.10608341306886,0.0010834130688692,1.0407426213921966e-05,MUB,TFI,2025-06-12,False,2246.0,2045.0,961.0,-2256,0,965,MUB,TFI,0.001083413068855,1.0407426213785457e-05,1,False,True,False,0,,,0,0,0,-100211.52,0.0,100012.6,200224.12,-198.91999999999825,2256,0,-965,2256,0,0,0,0,965,-11.28,-0.0,-4.825,-16.105,-293.2799999999896,0.0,443.8999999999939,150.62000000000427,134.51500000000428,718.699999999996
44.43,48.82,103.88,-0.1199999999999974,-0.1099999999999994,-0.2199999999999988,2.338059869457574,2.127816468660385,1.0,2.3364355210505083,2.127211151774038,1.0,2.336741777689888,2.1273828921295475,1.0,103.82143718276173,103.8588327937645,103.88,0.0116837088884494,0.0106369144606477,0.005,103.80975347387329,103.84819587930386,103.875,103.83312089165018,103.86946970822515,103.885,103.83312089165018,103.875,0.0418791083498177,0.0004031489059474,TFI,MUB,2025-06-13,False,2250.0,2049.0,963.0,0,0,0,,,0.0,0.0,0,False,True,False,0,,,0,0,0,0.0,0.0,0.0,0.0,0.0,0,0,0,0,0,0,0,0,0,-0.0,-0.0,-0.0,0.0,-0.0,-0.0,-0.0,0.0,0.0,718.699999999996
44.46,48.81,103.96,0.0300000000000011,-0.009999999999998,0.0799999999999983,2.338281601439496,2.129891415693505,1.0,2.336159648218244,2.127171573730987,1.0,2.3364355210505083,2.127211151774038,1.0,103.8779232659056,103.82917631809084,103.96,0.0116821776052525,0.0106360557588701,0.005,103.86624108830036,103.81854026233196,103.955,103.88960544351086,103.8398123738497,103.965,103.8398123738497,103.955,0.1151876261503019,0.0011079994820152,VTEB,MUB,2025-06-16,False,2248.0,2046.0,962.0,0,0,0,,,0.0,0.0,0,False,True,False,0,,,0,0,0,0.0,0.0,0.0,0.0,0.0,0,0,0,0,0,0,0,0,0,-0.0,-0.0,-0.0,0.0,0.0,-0.0,0.0,0.0,0.0,718.699999999996
44.51,48.85,104.07,0.0499999999999971,0.0399999999999991,0.1099999999999994,2.338126263760953,2.130399181166837,1.0,2.3358756561998284,2.1270983505072305,1.0,2.336159648218244,2.127171573730987,1.0,103.98246594219404,103.91233137675871,104.07,0.0116807982410912,0.0106358578686549,0.005,103.97078514395294,103.90169551889008,104.065,103.99414674043511,103.92296723462736,104.075,103.92296723462736,104.065,0.1420327653726332,0.001364781064405,VTEB,MUB,2025-06-17,False,2245.0,2044.0,961.0,0,0,0,,,0.0,0.0,0,False,True,False,0,,,0,0,0,0.0,0.0,0.0,0.0,0.0,0,0,0,0,0,0,0,0,0,-0.0,-0.0,-0.0,0.0,0.0,0.0,0.0,0.0,0.0,718.699999999996
44.39,48.8,103.97,-0.1199999999999974,-0.0500000000000042,-0.0999999999999943,2.3421941878801533,2.130532786885246,1.0,2.335929185818556,2.127166784251656,1.0,2.3358756561998284,2.1270983505072305,1.0,103.68952037871038,103.80239950475284,103.97,0.0116793782809991,0.0106354917525361,0.005,103.67784100042938,103.7917640130003,103.965,103.7011997569914,103.81303499650538,103.975,103.7011997569914,103.965,0.2638002430086175,0.0025372727037474,TFI,MUB,2025-06-18,False,2247.0,2046.0,962.0,0,0,0,,,0.0,0.0,0,True,False,False,1,TFI,MUB,2247,0,-962,0.0,0.0,0.0,0.0,0.0,2247,0,-962,2247,0,0,0,0,962,-11.235,-0.0,-4.8100000000000005,-16.045,-0.0,-0.0,-0.0,0.0,-16.045,702.654999999996
44.46,48.87,103.96,0.0700000000000002,0.0700000000000002,-0.0100000000000051,2.338281601439496,2.1272764477184367,1.0,2.335875756865259,2.127148501158408,1.0,2.335929185818556,2.127166784251656,1.0,103.85541160149296,103.95464074637842,103.96,0.0116796459290927,0.0106358339212582,0.005,103.84373195556388,103.94400491245716,103.955,103.86709124742208,103.96527658029969,103.965,103.86709124742208,103.955,0.0879087525779311,0.0008456016985179,TFI,MUB,2025-06-20,False,2247.0,2046.0,962.0,2247,0,-962,TFI,MUB,0.0879087525779169,0.0008456016985178,1,False,True,False,0,,,0,0,0,99744.33,0.0,-100019.14,199763.47,-274.8099999999977,-2247,0,962,0,0,962,2247,0,0,-11.235,-0.0,-4.8100000000000005,-16.045,157.29000000000045,0.0,9.620000000004907,166.91000000000537,150.86500000000535,853.5200000000013
44.59,48.91,104.08,0.1300000000000025,0.0399999999999991,0.1200000000000045,2.334155640278089,2.1279901860560213,1.0,2.3358042595998847,2.1270798379766083,1.0,2.335875756865259,2.127148501158408,1.0,104.1566999986219,104.03883319165767,104.08,0.0116793787843262,0.010635742505792,0.005,104.14502061983758,104.02819744915188,104.075,104.16837937740624,104.04946893416349,104.085,104.04946893416349,104.14502061983758,0.0955516856740956,0.0009180600083983,VTEB,TFI,2025-06-23,False,2245.0,2044.0,961.0,0,0,0,,,0.0,0.0,0,False,True,False,0,,,0,0,0,0.0,0.0,0.0,0.0,0.0,0,0,0,0,0,0,0,0,0,-0.0,-0.0,-0.0,0.0,0.0,0.0,0.0,0.0,0.0,853.5200000000013
44.51,48.91,104.21,-0.0800000000000054,0.0,0.1299999999999954,2.3412716243540777,2.130648129216929,1.0,2.336058563627766,2.127158314620094,1.0,2.3358042595998847,2.1270798379766083,1.0,103.96664759479086,104.03547487543592,104.21,0.0116790212979994,0.010635399189883,0.005,103.95496857349286,104.02483947624604,104.205,103.97832661608884,104.0461102746258,104.215,103.97832661608884,104.205,0.2266733839111481,0.0021751596191454,TFI,MUB,2025-06-24,False,2242.0,2042.0,960.0,0,0,0,,,0.0,0.0,0,True,False,False,1,TFI,MUB,2242,0,-960,0.0,0.0,0.0,0.0,0.0,2242,0,-960,2242,0,0,0,0,960,-11.21,-0.0,-4.8,-16.01,-0.0,0.0,0.0,0.0,-16.01,837.5100000000014
44.52,48.9,104.19,0.0100000000000051,-0.009999999999998,-0.019999999999996,2.3402964959568733,2.130674846625767,1.0,2.3362195820029736,2.1272810140065967,1.0,2.336058563627766,2.127158314620094,1.0,104.00132725270817,104.0180415849226,104.19,0.0116802928181388,0.0106357915731004,0.005,103.98964695989002,104.0074057933495,104.185,104.0130075455263,104.0286773764957,104.195,104.0130075455263,104.185,0.1719924544736955,0.0016507577932017,TFI,MUB,2025-06-25,False,2243.0,2042.0,960.0,2242,0,-960,TFI,MUB,0.1719924544736955,0.0016507577932017,1,True,False,False,1,TFI,MUB,2243,0,-960,99791.42,0.0,-100041.59999999999,199833.02,-250.17999999999302,1,0,0,1,0,0,0,0,0,-0.005,-0.0,-0.0,-0.005,22.420000000011434,-0.0,19.19999999999616,41.62000000000759,41.61500000000759,879.125000000009
44.56,48.96,104.35,0.0399999999999991,0.0600000000000022,0.1599999999999966,2.341786355475763,2.131331699346405,1.0,2.33657856269811,2.127468323938079,1.0,2.3362195820029736,2.1272810140065967,1.0,104.10194457405252,104.15167844576298,104.35,0.0116810979100148,0.0106364050700329,0.005,104.0902634761425,104.14104204069297,104.345,104.11362567196252,104.162314850833,104.355,104.11362567196252,104.345,0.2313743280374751,0.0022172911167942,TFI,MUB,2025-06-26,False,2238.0,2038.0,958.0,2243,0,-960,TFI,MUB,0.2313743280374751,0.0022172911167942,1,True,False,False,1,TFI,MUB,2238,0,-958,99858.36,0.0,-100022.4,199880.76,-164.0399999999936,-5,0,2,0,0,2,5,0,0,-0.025,-0.0,-0.01,-0.035,89.71999999999798,0.0,-153.59999999999673,-63.879999999998745,-63.91499999999874,815.2100000000103
44.57,48.97,104.32,0.009999999999998,0.009999999999998,-0.0300000000000011,2.3405878393538253,2.13028384725342,1.0,2.336870190857988,2.1276097667099148,1.0,2.33657856269811,2.127468323938079,1.0,104.14130653945476,104.18212382324772,104.32,0.0116828928134905,0.0106373416196903,0.005,104.12962364664128,104.17148648162804,104.315,104.15298943226828,104.1927611648674,104.325,104.15298943226828,104.315,0.1620105677317269,0.0015530154115387,TFI,MUB,2025-06-27,False,2241.0,2040.0,959.0,2238,0,-958,TFI,MUB,0.1620105677317127,0.0015530154115386,1,True,False,False,1,TFI,MUB,2241,0,-959,99725.28,0.0,-99967.29999999999,199692.58,-242.01999999998952,3,0,-1,3,0,0,0,0,1,-0.015,-0.0,-0.005,-0.02,22.379999999995523,0.0,28.740000000001054,51.11999999999658,51.09999999999658,866.3100000000069
44.67,49.03,104.48,0.1000000000000014,0.0600000000000022,0.1600000000000108,2.338929930602194,2.1309402406689784,1.0,2.336973753094669,2.1277530902187736,1.0,2.336870190857988,2.1276097667099148,1.0,104.38799142562632,104.31670686178713,104.48,0.0116843509542899,0.0106380488335495,0.005,104.37630707467204,104.30606881295355,104.475,104.3996757765806,104.32734491062068,104.485,104.32734491062068,104.475,0.1476550893793273,0.0014132378386229,VTEB,MUB,2025-06-30,False,2236.0,2036.0,957.0,2241,0,-959,TFI,MUB,0.0753242234194004,0.0007209439454383,1,False,True,False,0,,,0,0,0,99881.37,0.0,-100042.87999999999,199924.25,-161.50999999999476,-2241,0,959,0,0,959,2241,0,0,-11.205,-0.0,-4.795,-16.0,224.10000000000312,0.0,-153.44000000001034,70.65999999999278,54.65999999999278,920.9699999999997
44.58,48.93,104.29,-0.0900000000000034,-0.1000000000000014,-0.1899999999999977,2.339389860924181,2.131412221540977,1.0,2.3372954033579543,2.128068557262901,1.0,2.336973753094669,2.1277530902187736,1.0,104.18228991296031,104.1109587044046,104.29,0.0116848687654733,0.0106387654510938,0.005,104.17060504419486,104.1003199389535,104.285,104.1939747817258,104.12159746985569,104.295,104.12159746985569,104.285,0.1634025301443245,0.0015668091873077,VTEB,MUB,2025-07-01,True,2241.0,2041.0,959.0,0,0,0,,,0.0,0.0,0,True,False,False,1,VTEB,MUB,0,2041,-959,0.0,0.0,0.0,0.0,0.0,0,2041,-959,0,2041,0,0,0,959,-0.0,-10.205,-4.795,-15.0,-0.0,-0.0,-0.0,0.0,-15.0,905.9699999999997
44.6,48.97,104.36,0.0200000000000031,0.0399999999999991,0.0699999999999931,2.339910313901345,2.1311006738819684,1.0,2.337567755211213,2.128282227975735,1.0,2.3372954033579543,2.128068557262901,1.0,104.24337498976476,104.21151724916425,104.36,0.0116864770167897,0.0106403427863145,0.005,104.23168851274797,104.20087690637791,104.355,104.25506146678156,104.22215759195056,104.365,104.22215759195056,104.355,0.1328424080494556,0.0012729245692742,VTEB,MUB,2025-07-02,False,2239.0,2039.0,958.0,0,2041,-959,VTEB,MUB,0.1328424080494414,0.001272924569274,1,False,True,True,0,,,0,0,0,0.0,99866.13,-100014.11,199880.24,-147.97999999999593,0,-2041,959,0,0,959,0,2041,0,-0.0,-10.205,-4.795,-15.0,0.0,81.63999999999817,-67.12999999999337,14.510000000004794,-0.4899999999952058,905.4800000000045
44.57,48.95,104.27,-0.0300000000000011,-0.019999999999996,-0.0900000000000034,2.339466008525914,2.1301327885597545,1.0,2.337746559810756,2.128452864117627,1.0,2.337567755211213,2.128282227975735,1.0,104.18539484976378,104.17941505941224,104.27,0.011687838776056,0.0106414111398786,0.005,104.17370701098773,104.16877364827238,104.265,104.19708268853984,104.19005647055212,104.275,104.19005647055212,104.265,0.0749435294478786,0.0007187448877709,VTEB,MUB,2025-07-03,False,2242.0,2041.0,959.0,0,0,0,,,0.0,0.0,0,False,True,False,0,,,0,0,0,0.0,0.0,0.0,0.0,0.0,0,0,0,0,0,0,0,0,0,-0.0,-0.0,-0.0,0.0,-0.0,-0.0,-0.0,0.0,0.0,905.4800000000045
44.59,49.0,104.29,0.0200000000000031,0.0499999999999971,0.0200000000000102,2.3388652164162367,2.128367346938776,1.0,2.337880253844564,2.128632774661776,1.0,2.337746559810756,2.128452864117627,1.0,104.2401191019616,104.29419034176372,104.29,0.0116887327990537,0.0106422643205881,0.005,104.22843036916254,104.28354807744311,104.285,104.25180783476064,104.30483260608432,104.295,104.25180783476064,104.285,0.033192165239356,0.0003182679570366,TFI,MUB,2025-07-07,False,2242.0,2041.0,959.0,0,0,0,,,0.0,0.0,0,False,True,False,0,,,0,0,0,0.0,0.0,0.0,0.0,0.0,0,0,0,0,0,0,0,0,0,-0.0,-0.0,-0.0,0.0,0.0,0.0,0.0,0.0,0.0,905.4800000000045
44.54,48.91,104.13,-0.0500000000000042,-0.0900000000000034,-0.1600000000000108,2.3378985181859004,2.1290124718871395,1.0,2.3381650102623337,2.128932400519041,1.0,2.337880253844564,2.128632774661776,1.0,104.12918650623688,104.11142900870742,104.13,0.0116894012692228,0.0106431638733088,0.005,104.11749710496768,104.1007858448341,104.125,104.14087590750611,104.12207217258072,104.135,104.12207217258072,104.125,0.0029278274192705,2.811704042322632e-05,VTEB,MUB,2025-07-08,False,2244.0,2043.0,960.0,0,0,0,,,0.0,0.0,0,False,True,False,0,,,0,0,0,0.0,0.0,0.0,0.0,0.0,0,0,0,0,0,0,0,0,0,-0.0,-0.0,-0.0,0.0,-0.0,-0.0,-0.0,0.0,0.0,905.4800000000045
44.62,48.95,104.26,0.0799999999999983,0.0400000000000062,0.1300000000000096,2.336620349619005,2.1299284984678244,1.0,2.338370689600813,2.129305748519355,1.0,2.3381650102623337,2.128932400519041,1.0,104.32892275790532,104.21124100540706,104.26,0.0116908250513116,0.0106446620025952,0.005,104.317231932854,104.20059634340448,104.255,104.34061358295664,104.22188566740964,104.265,104.22188566740964,104.317231932854,0.0953462654443484,0.0009145047520079,VTEB,TFI,2025-07-09,False,2242.0,2042.0,959.0,0,0,0,,,0.0,0.0,0,False,True,False,0,,,0,0,0,0.0,0.0,0.0,0.0,0.0,0,0,0,0,0,0,0,0,0,-0.0,-0.0,-0.0,0.0,0.0,0.0,0.0,0.0,0.0,905.4800000000045
44.61,48.94,104.26,-0.009999999999998,-0.0100000000000051,0.0,2.337144138085632,2.130363710666122,1.0,2.338557470157249,2.12955723999061,1.0,2.338370689600813,2.129305748519355,1.0,104.31471646309228,104.20822333253724,104.26,0.011691853448004,0.0106465287425967,0.005,104.30302460964428,104.19757680379465,104.255,104.32640831654028,104.21886986127984,104.265,104.21886986127984,104.30302460964428,0.0841547483644546,0.000807162366818,VTEB,TFI,2025-07-10,False,2242.0,2042.0,959.0,0,0,0,,,0.0,0.0,0,False,True,False,0,,,0,0,0,0.0,0.0,0.0,0.0,0.0,0,0,0,0,0,0,0,0,0,-0.0,-0.0,-0.0,0.0,-0.0,-0.0,0.0,0.0,0.0,905.4800000000045
44.51,48.82,103.95,-0.1000000000000014,-0.1199999999999974,-0.3100000000000023,2.335430240395417,2.129250307251126,1.0,2.338669819637623,2.1297441195861446,1.0,2.338557470157249,2.12955723999061,1.0,104.08919299669914,103.9649844563416,103.95,0.0116927873507862,0.010647786199953,0.005,104.07750020934836,103.95433667014166,103.945,104.10088578404992,103.97563224254156,103.955,103.955,104.07750020934836,0.1225002093483595,0.0011784531923844,MUB,TFI,2025-07-11,False,2250.0,2049.0,962.0,0,0,0,,,0.0,0.0,0,False,True,False,0,,,0,0,0,0.0,0.0,0.0,0.0,0.0,0,0,0,0,0,0,0,0,0,-0.0,-0.0,-0.0,0.0,-0.0,-0.0,-0.0,0.0,0.0,905.4800000000045
44.5,48.8,103.83,-0.009999999999998,-0.0200000000000031,-0.1200000000000045,2.333258426966292,2.12766393442623,1.0,2.338497724150921,2.129750860145593,1.0,2.338669819637623,2.1297441195861446,1.0,104.07080697387424,103.93151303580385,103.83,0.0116933490981881,0.0106487205979307,0.005,104.05911362477605,103.92086431520592,103.825,104.08250032297242,103.94216175640176,103.835,103.835,104.05911362477605,0.224113624776038,0.0021584669630746,MUB,TFI,2025-07-14,False,2252.0,2051.0,963.0,0,0,0,,,0.0,0.0,0,True,False,False,1,MUB,TFI,-2252,0,963,0.0,0.0,0.0,0.0,0.0,-2252,0,963,0,0,963,2252,0,0,-11.26,-0.0,-4.815,-16.075,-0.0,-0.0,-0.0,0.0,-16.075,889.4050000000044
44.42,48.72,103.65,-0.0799999999999983,-0.0799999999999983,-0.1799999999999926,2.333408374606033,2.127463054187192,1.0,2.338265149408344,2.129733189421933,1.0,2.338497724150921,2.129750860145593,1.0,103.87606890678391,103.76146190629326,103.65,0.0116924886207546,0.0106487543007279,0.005,103.86437641816316,103.75081315199252,103.645,103.88776139540468,103.772110660594,103.655,103.655,103.86437641816316,0.2093764181631598,0.0020200329779369,MUB,TFI,2025-07-15,False,2257.0,2055.0,965.0,-2252,0,963,MUB,TFI,0.2093764181631598,0.0020200329779369,1,True,False,False,1,MUB,TFI,-2257,0,965,-100214.0,0.0,99988.29,200202.28999999998,-225.7100000000064,-5,0,2,0,0,2,5,0,0,-0.025,-0.0,-0.01,-0.035,180.15999999999616,-0.0,-173.33999999999287,6.82000000000329,6.78500000000329,896.1900000000077
44.35,48.64,103.41,-0.0700000000000002,-0.0799999999999983,-0.2400000000000091,2.331679819616685,2.1260279605263155,1.0,2.337935060317204,2.129540016663573,1.0,2.338265149408344,2.129733189421933,1.0,103.70205937626004,103.59022233348284,103.41,0.0116913257470417,0.0106486659471096,0.005,103.69036805051302,103.57957366753573,103.405,103.71375070200708,103.60087099942994,103.415,103.415,103.69036805051302,0.2753680505130234,0.0026628764192343,MUB,TFI,2025-07-16,False,2261.0,2059.0,967.0,-2257,0,965,MUB,TFI,0.2753680505130091,0.0026628764192342,1,True,False,False,1,MUB,TFI,-2261,0,967,-100255.94,0.0,100022.25,200278.19,-233.69000000000233,-4,0,2,0,0,2,4,0,0,-0.02,-0.0,-0.01,-0.03,157.99000000000046,-0.0,-231.60000000000878,-73.61000000000831,-73.64000000000831,822.5499999999994
44.26,48.57,103.26,-0.0900000000000034,-0.0700000000000002,-0.1499999999999914,2.3330320831450524,2.126003705991353,1.0,2.337680351286408,2.1293202429048,1.0,2.337935060317204,2.129540016663573,1.0,103.47700576963942,103.43175860934976,103.26,0.011689675301586,0.0106477000833178,0.005,103.46531609433784,103.42111090926645,103.255,103.488695444941,103.44240630943308,103.265,103.265,103.46531609433784,0.2003160943378361,0.0019399195655417,MUB,TFI,2025-07-17,False,2263.0,2061.0,968.0,-2261,0,967,MUB,TFI,0.2003160943378361,0.0019399195655417,1,True,False,False,1,MUB,TFI,-2263,0,968,-100275.35,0.0,99997.47,200272.82,-277.88000000000466,-2,0,1,0,0,1,2,0,0,-0.01,-0.0,-0.005,-0.015,203.49000000000768,-0.0,-145.04999999999168,58.440000000016,58.425000000016,880.9750000000154
44.23,48.51,103.24,-0.0300000000000011,-0.0600000000000022,-0.0200000000000102,2.3341623332579697,2.1282209853638423,1.0,2.337278758555299,2.1292046528287285,1.0,2.337680351286408,2.1293202429048,1.0,103.39560193739784,103.2933249833118,103.24,0.011688401756432,0.0106466012145239,0.005,103.3839135356414,103.28267838209727,103.235,103.40729033915426,103.30397158452632,103.245,103.245,103.3839135356414,0.1389135356414073,0.0013455398647947,MUB,TFI,2025-07-18,False,2265.0,2063.0,969.0,-2263,0,968,MUB,TFI,0.138913535641393,0.0013455398647945,1,False,True,False,0,,,0,0,0,-100160.37999999999,0.0,99955.68000000001,200116.06,-204.69999999998254,2263,0,-968,2263,0,0,0,0,968,-11.315,-0.0,-4.84,-16.155,67.89000000000249,-0.0,-19.360000000009872,48.52999999999261,32.37499999999261,913.350000000008
44.3,48.6,103.55,0.0700000000000002,0.0900000000000034,0.3100000000000023,2.337471783295712,2.1306584362139915,1.0,2.33723826764811,2.129373752253507,1.0,2.337278758555299,2.1292046528287285,1.0,103.54144900399974,103.4793461274762,103.55,0.0116863937927764,0.0106460232641436,0.005,103.52976261020696,103.46870010421206,103.545,103.55313539779252,103.48999215074036,103.555,103.48999215074036,103.545,0.0550078492596526,0.0005312201763365,VTEB,MUB,2025-07-21,False,2258.0,2057.0,966.0,0,0,0,,,0.0,0.0,0,False,True,False,0,,,0,0,0,0.0,0.0,0.0,0.0,0.0,0,0,0,0,0,0,0,0,0,-0.0,-0.0,-0.0,0.0,0.0,0.0,0.0,0.0,0.0,913.350000000008
44.29,48.6,103.62,-0.009999999999998,0.0,0.0700000000000073,2.3395800406412284,2.132098765432098,1.0,2.3375094876662663,2.1295791812223106,1.0,2.33723826764811,2.129373752253507,1.0,103.5162828741348,103.48756435952043,103.62,0.0116861913382405,0.0106468687612675,0.005,103.50459668279656,103.47691749075916,103.615,103.52796906547304,103.4982112282817,103.625,103.4982112282817,103.615,0.1167887717183049,0.0011270871619214,VTEB,MUB,2025-07-22,False,2255.0,2055.0,965.0,0,0,0,,,0.0,0.0,0,False,True,False,0,,,0,0,0,0.0,0.0,0.0,0.0,0.0,0,0,0,0,0,0,0,0,0,-0.0,-0.0,-0.0,0.0,-0.0,0.0,0.0,0.0,0.0,913.350000000008
44.26,48.54,103.54,-0.0300000000000011,-0.0600000000000022,-0.0799999999999983,2.339358337098961,2.1330861145447058,1.0,2.337413823303512,2.1297010804886995,1.0,2.3375094876662663,2.1295791812223106,1.0,103.45816992410894,103.36977345653096,103.54,0.0116875474383313,0.0106478959061115,0.005,103.44648237667062,103.35912556062485,103.535,103.46985747154729,103.38042135243708,103.545,103.38042135243708,103.535,0.1545786475629427,0.0014929365227249,VTEB,MUB,2025-07-23,False,2258.0,2057.0,966.0,0,0,0,,,0.0,0.0,0,False,True,False,0,,,0,0,0,0.0,0.0,0.0,0.0,0.0,0,0,0,0,0,0,0,0,0,-0.0,-0.0,-0.0,0.0,-0.0,-0.0,-0.0,0.0,0.0,913.350000000008
44.22,48.5,103.49,-0.0399999999999991,-0.0399999999999991,-0.0500000000000113,2.340343735866124,2.1338144329896904,1.0,2.337416185298973,2.1298580598068955,1.0,2.337413823303512,2.1297010804886995,1.0,103.36043926648128,103.29050240370192,103.49,0.0116870691165175,0.0106485054024434,0.005,103.34875219736476,103.27985389829948,103.485,103.37212633559778,103.30115090910436,103.495,103.30115090910436,103.485,0.1838490908956345,0.0017764913604757,VTEB,MUB,2025-07-24,False,2258.0,2057.0,966.0,0,0,0,,,0.0,0.0,0,True,False,False,1,VTEB,MUB,0,2057,-966,0.0,0.0,0.0,0.0,0.0,0,2057,-966,0,2057,0,0,0,966,-0.0,-10.285,-4.83,-15.115,-0.0,-0.0,-0.0,0.0,-15.115,898.235000000008
44.3,48.56,103.62,0.0799999999999983,0.0600000000000022,0.1300000000000096,2.339051918735892,2.1338550247116967,1.0,2.33727946346198,2.12998422607516,1.0,2.337416185298973,2.1298580598068955,1.0,103.54753700874453,103.42590738422284,103.62,0.0116870809264948,0.0106492902990344,0.005,103.53584992781802,103.41525809392382,103.615,103.559224089671,103.43655667452188,103.625,103.43655667452188,103.615,0.1784433254781277,0.0017220934711264,VTEB,MUB,2025-07-25,False,2256.0,2055.0,965.0,0,2057,-966,VTEB,MUB,0.1784433254781134,0.0017220934711263,1,True,False,False,1,VTEB,MUB,0,2055,-965,0.0,99764.5,-99971.34,199735.84,-206.8399999999965,0,-2,1,0,0,1,0,2,0,-0.0,-0.01,-0.005,-0.015,0.0,123.42000000000452,-125.58000000000928,-2.1600000000047572,-2.1750000000047574,896.0600000000032
44.29,48.56,103.63,-0.009999999999998,0.0,0.0099999999999909,2.3398058252427183,2.1340609555189456,1.0,2.3372403627564244,2.1301730814884365,1.0,2.33727946346198,2.12998422607516,1.0,103.51810743673109,103.43203401820976,103.63,0.0116863973173099,0.0106499211303757,0.005,103.50642103941378,103.42138409707938,103.625,103.5297938340484,103.44268393934014,103.635,103.44268393934014,103.625,0.1823160606598577,0.001759298086074,VTEB,MUB,2025-07-28,False,2255.0,2055.0,965.0,0,2055,-965,VTEB,MUB,0.1823160606598577,0.001759298086074,1,True,False,False,1,VTEB,MUB,0,2055,-965,0.0,99790.8,-99993.3,199784.1,-202.5,0,0,0,0,0,0,0,0,0,-0.0,-0.0,-0.0,0.0,-0.0,0.0,-9.649999999991218,-9.649999999991218,-9.649999999991218,886.410000000012
44.42,48.68,103.86,0.1300000000000025,0.1199999999999974,0.2300000000000039,2.338135974786132,2.133525061626952,1.0,2.3372006649656214,2.130302322536335,1.0,2.3372403627564244,2.1301730814884365,1.0,103.82021691364038,103.69682560685708,103.86,0.0116862018137821,0.0106508654074421,0.005,103.8085307118266,103.68617474144963,103.855,103.83190311545415,103.70747647226452,103.865,103.70747647226452,103.855,0.1475235277354727,0.0014204075460761,VTEB,MUB,2025-07-29,False,2251.0,2051.0,963.0,0,2055,-965,VTEB,MUB,0.1475235277354869,0.0014204075460763,1,False,True,False,0,,,0,0,0,0.0,99790.8,-100002.95,199793.75,-212.14999999999418,0,-2055,965,0,0,965,0,2055,0,-0.0,-10.275,-4.825,-15.100000000000001,0.0,246.59999999999465,-221.95000000000377,24.649999999990882,9.549999999990881,895.9600000000029
44.34,48.59,103.63,-0.0799999999999983,-0.0899999999999963,-0.2300000000000039,2.337167343256653,2.132743362831858,1.0,2.3370895390822453,2.130368879600879,1.0,2.3372006649656214,2.130302322536335,1.0,103.63147748457564,103.51138985204052,103.63,0.0116860033248281,0.0106515116126816,0.005,103.61979148125084,103.50073834042784,103.625,103.64316348790048,103.5220413636532,103.635,103.5220413636532,103.625,0.1029586363467984,0.0009935215318614,VTEB,MUB,2025-07-30,False,2255.0,2056.0,965.0,0,0,0,,,0.0,0.0,0,False,True,False,0,,,0,0,0,0.0,0.0,0.0,0.0,0.0,0,0,0,0,0,0,0,0,0,-0.0,-0.0,-0.0,0.0,-0.0,-0.0,-0.0,0.0,0.0,895.9600000000029
44.44,48.68,103.87,0.0999999999999943,0.0899999999999963,0.2400000000000091,2.3373087308730875,2.133730484798685,1.0,2.3369594599308323,2.1305003701467147,1.0,2.3370895390822453,2.130368879600879,1.0,103.86025911681496,103.7063570589708,103.87,0.0116854476954112,0.0106518443980043,0.005,103.84857366911956,103.6957052145728,103.865,103.8719445645104,103.7170089033688,103.875,103.7170089033688,103.865,0.1479910966312161,0.0014247722791105,VTEB,MUB,2025-07-31,False,2251.0,2052.0,963.0,0,0,0,,,0.0,0.0,0,False,True,False,0,,,0,0,0,0.0,0.0,0.0,0.0,0.0,0,0,0,0,0,0,0,0,0,-0.0,-0.0,-0.0,0.0,0.0,0.0,0.0,0.0,0.0,895.9600000000029
44.59,48.83,104.11,0.1500000000000056,0.1499999999999985,0.2399999999999948,2.334828436869253,2.132090927708376,1.0,2.336727581348,2.130598277104146,1.0,2.3369594599308323,2.1305003701467147,1.0,104.20502231831584,104.03233307426407,104.11,0.0116847972996541,0.0106525018507335,0.005,104.19333752101618,104.02168057241336,104.105,104.21670711561548,104.0429855761148,104.115,104.0429855761148,104.19333752101618,0.1503519449013737,0.0014441642964304,VTEB,TFI,2025-08-01,True,2246.0,2047.0,961.0,0,0,0,,,0.0,0.0,0,False,True,False,0,,,0,0,0,0.0,0.0,0.0,0.0,0.0,0,0,0,0,0,0,0,0,0,-0.0,-0.0,-0.0,0.0,0.0,0.0,0.0,0.0,0.0,895.9600000000029
44.55,48.83,104.09,-0.0400000000000062,0.0,-0.019999999999996,2.3364758698092034,2.131681343436412,1.0,2.336608114017648,2.1307639769290274,1.0,2.336727581348,2.130598277104146,1.0,104.10121374905336,104.03711387099544,104.09,0.0116836379067399,0.0106529913855207,0.005,104.08953011114662,104.02646087960991,104.085,104.1128973869601,104.04776686238095,104.095,104.04776686238095,104.08953011114662,0.0417632487656476,0.0004012224879013,VTEB,TFI,2025-08-04,False,2246.0,2048.0,961.0,0,0,0,,,0.0,0.0,0,False,True,True,0,,,0,0,0,0.0,0.0,0.0,0.0,0.0,0,0,0,0,0,0,0,0,0,-0.0,-0.0,-0.0,0.0,-0.0,0.0,-0.0,0.0,0.0,895.9600000000029
44.59,48.89,104.18,0.0400000000000062,0.0600000000000022,0.0900000000000034,2.336398295581969,2.130906115770096,1.0,2.3365331028874508,2.130858659123176,1.0,2.336608114017648,2.1307639769290274,1.0,104.18935580404693,104.17305083206016,104.18,0.0116830405700882,0.0106538198846451,0.005,104.17767276347683,104.1623970121755,104.175,104.20103884461702,104.1837046519448,104.185,104.1837046519448,104.17767276347683,-0.006031888467973,-5.7898718256604814e-05,VTEB,TFI,2025-08-05,False,2243.0,2046.0,960.0,0,0,0,,,0.0,0.0,0,False,True,False,0,,,0,0,0,0.0,0.0,0.0,0.0,0.0,0,0,0,0,0,0,0,0,0,-0.0,-0.0,-0.0,0.0,0.0,0.0,0.0,0.0,0.0,895.9600000000029
44.54,48.86,104.03,-0.0500000000000042,-0.0300000000000011,-0.1500000000000056,2.335653345307589,2.129144494474007,1.0,2.33648475267188,2.130819458923485,1.0,2.3365331028874508,2.130858659123176,1.0,104.06918440260704,104.11375408475836,104.03,0.0116826655144372,0.0106542932956158,0.005,104.0575017370926,104.10309979146275,104.025,104.08086706812148,104.124408378054,104.035,104.035,104.10309979146275,0.0680997914627568,0.0006546168553566,MUB,VTEB,2025-08-06,False,2245.0,2048.0,961.0,0,0,0,,,0.0,0.0,0,False,True,False,0,,,0,0,0,0.0,0.0,0.0,0.0,0.0,0,0,0,0,0,0,0,0,0,-0.0,-0.0,-0.0,0.0,-0.0,-0.0,-0.0,0.0,0.0,895.9600000000029
44.57,48.86,104.08,0.0300000000000011,0.0,0.0499999999999971,2.335203051379852,2.1301678264428983,1.0,2.3363876983365914,2.130809664712324,1.0,2.33648475267188,2.130819458923485,1.0,104.13712542658568,104.11183876300149,104.08,0.0116824237633594,0.0106540972946174,0.005,104.12544300282232,104.10118466570684,104.075,104.14880785034904,104.12249286029608,104.085,104.085,104.12544300282232,0.0404430028223288,0.0003885761224282,MUB,TFI,2025-08-07,False,2245.0,2048.0,961.0,0,0,0,,,0.0,0.0,0,False,True,False,0,,,0,0,0,0.0,0.0,0.0,0.0,0.0,0,0,0,0,0,0,0,0,0,-0.0,-0.0,-0.0,0.0,0.0,0.0,0.0,0.0,0.0,895.9600000000029
44.55,48.86,104.02,-0.0200000000000031,0.0,-0.0600000000000022,2.334904601571268,2.128939828080229,1.0,2.336361416395384,2.130794140753779,1.0,2.3363876983365914,2.130809664712324,1.0,104.08607196089514,104.11136021784417,104.02,0.0116819384916829,0.0106540483235616,0.005,104.07439002240346,104.1007061695206,104.015,104.09775389938682,104.12201426616772,104.025,104.025,104.1007061695206,0.0757061695206005,0.0007278039753951,MUB,VTEB,2025-08-08,False,2245.0,2048.0,961.0,0,0,0,,,0.0,0.0,0,False,True,False,0,,,0,0,0,0.0,0.0,0.0,0.0,0.0,0,0,0,0,0,0,0,0,0,-0.0,-0.0,-0.0,0.0,-0.0,0.0,-0.0,0.0,0.0,895.9600000000029
44.6,48.92,104.15,0.0500000000000042,0.0600000000000022,0.1300000000000096,2.335201793721973,2.1289860997547017,1.0,2.336458584733168,2.1308602490202024,1.0,2.336361416395384,2.130794140753779,1.0,104.20171917123412,104.23844936567488,104.15,0.0116818070819769,0.0106539707037688,0.005,104.19003736415216,104.22779539497112,104.145,104.21340097831607,104.24910333637864,104.155,104.155,104.22779539497112,0.0727953949711093,0.0006989476233423,MUB,VTEB,2025-08-11,False,2243.0,2046.0,960.0,0,0,0,,,0.0,0.0,0,False,True,False,0,,,0,0,0,0.0,0.0,0.0,0.0,0.0,0,0,0,0,0,0,0,0,0,-0.0,-0.0,-0.0,0.0,0.0,0.0,0.0,0.0,0.0,895.9600000000029
44.63,48.95,104.15,0.0300000000000011,0.0300000000000011,0.0,2.3336320860407795,2.127681307456589,1.0,2.3364697703049053,2.130871161683672,1.0,2.336458584733168,2.1308602490202024,1.0,104.27614663664129,104.30560918953891,104.15,0.0116822929236658,0.010654301245101,0.005,104.2644643437176,104.29495488829382,104.145,104.28782892956494,104.316263490784,104.155,104.155,104.29495488829382,0.1399548882938148,0.0013437819327298,MUB,VTEB,2025-08-12,False,2243.0,2046.0,960.0,0,0,0,,,0.0,0.0,0,False,True,False,0,,,0,0,0,0.0,0.0,0.0,0.0,0.0,0,0,0,0,0,0,0,0,0,-0.0,-0.0,-0.0,0.0,0.0,0.0,0.0,0.0,0.0,895.9600000000029
44.65,48.95,104.22,0.019999999999996,0.0,0.0699999999999931,2.334154535274356,2.129111338100102,1.0,2.3365935060877883,2.1310253305623617,1.0,2.3364697703049053,2.130871161683672,1.0,104.32337524411402,104.30614336441576,104.22,0.0116823488515245,0.0106543558084183,0.005,104.3116928952625,104.29548900860736,104.215,104.33505759296554,104.31679772022416,104.225,104.225,104.3116928952625,0.0866928952625016,0.0008318258996593,MUB,TFI,2025-08-13,False,2243.0,2046.0,960.0,0,0,0,,,0.0,0.0,0,False,True,False,0,,,0,0,0,0.0,0.0,0.0,0.0,0.0,0,0,0,0,0,0,0,0,0,-0.0,-0.0,-0.0,0.0,0.0,0.0,0.0,0.0,0.0,895.9600000000029
44.55,48.88,104.05,-0.1000000000000014,-0.0700000000000002,-0.1700000000000017,2.335578002244669,2.1286824877250408,1.0,2.3367208020427697,2.131159269649046,1.0,2.3365935060877883,2.1310253305623617,1.0,104.09524069621096,104.16451815788824,104.05,0.0116829675304389,0.0106551266528118,0.005,104.08355772868052,104.15386303123545,104.045,104.1069236637414,104.17517328454105,104.055,104.055,104.15386303123545,0.0988630312354388,0.0009501492670392,MUB,VTEB,2025-08-14,False,2245.0,2048.0,961.0,0,0,0,,,0.0,0.0,0,False,True,False,0,,,0,0,0,0.0,0.0,0.0,0.0,0.0,0,0,0,0,0,0,0,0,0,-0.0,-0.0,-0.0,0.0,-0.0,-0.0,-0.0,0.0,0.0,895.9600000000029
44.57,48.88,104.06,0.0200000000000031,0.0,0.0100000000000051,2.334754319048688,2.128887070376432,1.0,2.336750401332305,2.131192573899676,1.0,2.3367208020427697,2.131159269649046,1.0,104.14764614704625,104.17106510044538,104.06,0.0116836040102138,0.0106557963482452,0.005,104.13596254303604,104.16040930409712,104.055,104.15932975105646,104.18172089679362,104.065,104.065,104.16040930409712,0.0954093040971315,0.0009168681923614,MUB,VTEB,2025-08-15,False,2246.0,2048.0,961.0,0,0,0,,,0.0,0.0,0,False,True,False,0,,,0,0,0,0.0,0.0,0.0,0.0,0.0,0,0,0,0,0,0,0,0,0,-0.0,-0.0,-0.0,0.0,0.0,0.0,0.0,0.0,0.0,895.9600000000029
44.58,48.89,104.04,0.009999999999998,0.009999999999998,-0.019999999999996,2.3337819650067297,2.1280425444876254,1.0,2.336565910417856,2.1310617793133573,1.0,2.336750401332305,2.131192573899676,1.0,104.17233289139418,104.19400493795511,104.04,0.0116837520066615,0.0106559628694983,0.005,104.16064913938752,104.18334897508564,104.035,104.18401664340084,104.20466090082462,104.045,104.045,104.18334897508564,0.1383489750856341,0.0013297671576858,MUB,VTEB,2025-08-18,False,2246.0,2048.0,961.0,0,0,0,,,0.0,0.0,0,False,True,False,0,,,0,0,0,0.0,0.0,0.0,0.0,0.0,0,0,0,0,0,0,0,0,0,-0.0,-0.0,-0.0,0.0,0.0,0.0,-0.0,0.0,0.0,895.9600000000029
44.58,48.89,104.1,0.0,0.0,0.059999999999988,2.335127860026918,2.12926978932297,1.0,2.336343301387141,2.1309203305079008,1.0,2.336565910417856,2.1310617793133573,1.0,104.16410828642802,104.18761039063004,104.1,0.0116828295520892,0.0106553088965667,0.005,104.15242545687592,104.17695508173348,104.095,104.1757911159801,104.1982656995266,104.105,104.105,104.17695508173348,0.0719550817334919,0.0006912111597837,MUB,VTEB,2025-08-19,False,2245.0,2048.0,961.0,0,0,0,,,0.0,0.0,0,False,True,False,0,,,0,0,0,0.0,0.0,0.0,0.0,0.0,0,0,0,0,0,0,0,0,0,-0.0,-0.0,-0.0,0.0,0.0,0.0,0.0,0.0,0.0,895.9600000000029
44.55,48.86,104.05,-0.0300000000000011,-0.0300000000000011,-0.0499999999999971,2.335578002244669,2.129553827261564,1.0,2.3361542846444263,2.1307437161437432,1.0,2.336343301387141,2.1309203305079008,1.0,104.08409407679711,104.11676734861602,104.05,0.0116817165069357,0.0106546016525395,0.005,104.07241236029016,104.10611274696348,104.045,104.09577579330406,104.12742195026856,104.055,104.055,104.10611274696348,0.0511127469634971,0.000491232551307,MUB,VTEB,2025-08-20,False,2245.0,2048.0,961.0,0,0,0,,,0.0,0.0,0,False,True,False,0,,,0,0,0,0.0,0.0,0.0,0.0,0.0,0,0,0,0,0,0,0,0,0,-0.0,-0.0,-0.0,0.0,-0.0,-0.0,-0.0,0.0,0.0,895.9600000000029
44.51,48.83,103.91,-0.0399999999999991,-0.0300000000000011,-0.1400000000000005,2.3345315659402384,2.1279950849887364,1.0,2.335863676148132,2.130452748743696,1.0,2.3361542846444263,2.1307437161437432,1.0,103.98222720952342,104.04421565929898,103.91,0.0116807714232221,0.0106537185807187,0.005,103.9705464381002,104.03356194071829,103.905,103.99390798094664,104.0548693778797,103.915,103.915,104.03356194071829,0.1185619407182798,0.0011410060698516,MUB,VTEB,2025-08-21,False,2247.0,2050.0,962.0,0,0,0,,,0.0,0.0,0,False,True,False,0,,,0,0,0,0.0,0.0,0.0,0.0,0.0,0,0,0,0,0,0,0,0,0,-0.0,-0.0,-0.0,0.0,-0.0,-0.0,-0.0,0.0,0.0,895.9600000000029
44.65,48.99,104.23,0.1400000000000005,0.1600000000000037,0.3200000000000074,2.33437849944009,2.1275770565421515,1.0,2.3356300051833414,2.1301388503352188,1.0,2.335863676148132,2.130452748743696,1.0,104.29631314001408,104.37088016095367,104.23,0.0116793183807406,0.0106522637437184,0.005,104.28463382163336,104.36022789720997,104.225,104.30799245839484,104.3815324246974,104.235,104.235,104.36022789720997,0.1252278972099532,0.0012014573271606,MUB,VTEB,2025-08-22,False,2240.0,2043.0,959.0,0,0,0,,,0.0,0.0,0,False,True,False,0,,,0,0,0,0.0,0.0,0.0,0.0,0.0,0,0,0,0,0,0,0,0,0,-0.0,-0.0,-0.0,0.0,0.0,0.0,0.0,0.0,0.0,895.9600000000029
44.64,48.96,104.25,-0.009999999999998,-0.0300000000000011,0.019999999999996,2.3353494623655915,2.1292892156862746,1.0,2.335407187039485,2.1299002633435853,1.0,2.3356300051833414,2.1301388503352188,1.0,104.26252343138437,104.29159811241232,104.25,0.0116781500259167,0.010650694251676,0.005,104.25084528135844,104.28094741816064,104.245,104.27420158141028,104.302248806664,104.255,104.255,104.28094741816064,0.0259474181606407,0.0002488960974641,MUB,VTEB,2025-08-25,False,2240.0,2043.0,959.0,0,0,0,,,0.0,0.0,0,False,True,False,0,,,0,0,0,0.0,0.0,0.0,0.0,0.0,0,0,0,0,0,0,0,0,0,-0.0,-0.0,-0.0,0.0,-0.0,-0.0,0.0,0.0,0.0,895.9600000000029
44.66,48.97,104.33,0.019999999999996,0.009999999999998,0.0799999999999983,2.336094939543216,2.130488053910557,1.0,2.3353051352773395,2.129748412957765,1.0,2.335407187039485,2.1299002633435853,1.0,104.2992849731834,104.30121589593536,104.33,0.0116770359351974,0.0106495013167179,0.005,104.2876079372482,104.29056639461864,104.325,104.3109620091186,104.31186539725208,104.335,104.3109620091186,104.325,0.0140379908814054,0.0001345537322093,TFI,MUB,2025-08-26,False,2237.0,2040.0,958.0,0,0,0,,,0.0,0.0,0,False,True,False,0,,,0,0,0,0.0,0.0,0.0,0.0,0.0,0,0,0,0,0,0,0,0,0,-0.0,-0.0,-0.0,0.0,0.0,0.0,0.0,0.0,0.0,895.9600000000029
44.73,49.0,104.44,0.0700000000000002,0.0300000000000011,0.1099999999999994,2.3348982785602503,2.1314285714285712,1.0,2.33519168204252,2.129682673387601,1.0,2.3353051352773395,2.129748412957765,1.0,104.4581987009554,104.3576722349305,104.44,0.0116765256763866,0.0106487420647888,0.005,104.446522175279,104.34702349286572,104.435,104.4698752266318,104.36832097699528,104.445,104.36832097699528,104.446522175279,0.0782011982837076,0.0007487667395988,VTEB,TFI,2025-08-27,False,2235.0,2038.0,957.0,0,0,0,,,0.0,0.0,0,False,True,False,0,,,0,0,0,0.0,0.0,0.0,0.0,0.0,0,0,0,0,0,0,0,0,0,-0.0,-0.0,-0.0,0.0,0.0,0.0,0.0,0.0,0.0,895.9600000000029
44.71,49.02,104.54,-0.019999999999996,0.0200000000000031,0.1000000000000085,2.3381793782151643,2.1325989392084863,1.0,2.335235214409624,2.129626096108092,1.0,2.33519168204252,2.129682673387601,1.0,104.40642010412104,104.3970446494602,104.54,0.0116759584102125,0.010648413366938,0.005,104.39474414571085,104.38639623609328,104.535,104.41809606253123,104.40769306282716,104.545,104.40769306282716,104.535,0.127306937172861,0.0012177820659351,VTEB,MUB,2025-08-28,False,2235.0,2038.0,957.0,0,0,0,,,0.0,0.0,0,False,True,False,0,,,0,0,0,0.0,0.0,0.0,0.0,0.0,0,0,0,0,0,0,0,0,0,-0.0,-0.0,-0.0,0.0,-0.0,0.0,0.0,0.0,0.0,895.9600000000029
44.7,49.01,104.46,-0.009999999999998,-0.0100000000000051,-0.0800000000000125,2.336912751677852,2.13140175474393,1.0,2.335339430150053,2.129591637459869,1.0,2.335235214409624,2.129626096108092,1.0,104.38501408411015,104.37297497025754,104.46,0.0116761760720481,0.0106481304805404,0.005,104.37333790803812,104.362326839777,104.455,104.3966902601822,104.38362310073808,104.465,104.38362310073808,104.455,0.0713768992619066,0.000683294076794,VTEB,MUB,2025-08-29,False,2235.0,2038.0,957.0,0,0,0,,,0.0,0.0,0,False,True,False,0,,,0,0,0,0.0,0.0,0.0,0.0,0.0,0,0,0,0,0,0,0,0,0,-0.0,-0.0,-0.0,0.0,-0.0,-0.0,-0.0,0.0,0.0,895.9600000000029
44.51,48.8,103.97,-0.1900000000000048,-0.2100000000000008,-0.4899999999999949,2.335879577623006,2.130532786885246,1.0,2.335309615540744,2.12953420963231,1.0,2.335339430150053,2.129591637459869,1.0,103.94595803597886,103.9240719080416,103.97,0.0116766971507502,0.0106479581872993,0.005,103.93428133882811,103.91342394985428,103.965,103.9576347331296,103.9347198662289,103.975,103.9347198662289,103.965,0.0302801337711002,0.0002912391437058,VTEB,MUB,2025-09-02,True,2247.0,2049.0,962.0,0,0,0,,,0.0,0.0,0,False,True,False,0,,,0,0,0,0.0,0.0,0.0,0.0,0.0,0,0,0,0,0,0,0,0,0,-0.0,-0.0,-0.0,0.0,-0.0,-0.0,-0.0,0.0,0.0,895.9600000000029
44.63,48.94,104.23,0.1200000000000045,0.1400000000000005,0.2600000000000051,2.335424602285458,2.129750715161422,1.0,2.3352609308759176,2.1294764396018766,1.0,2.335309615540744,2.12953420963231,1.0,104.2248681415834,104.21940421940526,104.23,0.0116765480777037,0.0106476710481615,0.005,104.21319159350568,104.2087565483571,104.225,104.23654468966107,104.23005189045342,104.235,104.23005189045342,104.225,-0.0050518904534158,-4.846867939571916e-05,VTEB,MUB,2025-09-03,False,2240.0,2042.0,959.0,0,0,0,,,0.0,0.0,0,False,True,True,0,,,0,0,0,0.0,0.0,0.0,0.0,0.0,0,0,0,0,0,0,0,0,0,-0.0,-0.0,-0.0,0.0,0.0,0.0,0.0,0.0,0.0,895.9600000000029
44.8,49.06,104.55,0.1699999999999946,0.1200000000000045,0.3199999999999932,2.333705357142857,2.1310640032613124,1.0,2.335163531467681,2.129572415041242,1.0,2.3352609308759176,2.1294764396018766,1.0,104.61968970324112,104.47211412686806,104.55,0.0116763046543795,0.0106473821980093,0.005,104.60801339858672,104.46146674467003,104.545,104.6313660078955,104.48276150906608,104.555,104.48276150906608,104.60801339858672,0.1252518895206407,0.0011980094645685,VTEB,TFI,2025-09-04,False,2233.0,2036.0,956.0,0,0,0,,,0.0,0.0,0,False,True,False,0,,,0,0,0,0.0,0.0,0.0,0.0,0.0,0,0,0,0,0,0,0,0,0,-0.0,-0.0,-0.0,0.0,0.0,0.0,0.0,0.0,0.0,895.9600000000029
45.02,49.35,105.25,0.2200000000000059,0.2899999999999991,0.7000000000000028,2.337849844513549,2.132725430597771,1.0,2.3352958711243663,2.1297002952489854,1.0,2.335163531467681,2.129572415041242,1.0,105.129062186675,105.09439868228527,105.25,0.0116758176573384,0.0106478620752062,0.005,105.11738636901768,105.08375082021008,105.245,105.14073800433236,105.10504654436048,105.255,105.10504654436048,105.245,0.1399534556395139,0.0013297240440808,VTEB,MUB,2025-09-05,False,2218.0,2023.0,950.0,0,0,0,,,0.0,0.0,0,False,True,False,0,,,0,0,0,0.0,0.0,0.0,0.0,0.0,0,0,0,0,0,0,0,0,0,-0.0,-0.0,-0.0,0.0,0.0,0.0,0.0,0.0,0.0,895.9600000000029
45.26,49.65,105.83,0.2399999999999948,0.2999999999999971,0.5799999999999983,2.338267786124613,2.131520644511581,1.0,2.3354640303520333,2.129829336070553,1.0,2.3352958711243663,2.1297002952489854,1.0,105.6954911270888,105.73961965911212,105.83,0.0116764793556218,0.0106485014762449,0.005,105.6838146477332,105.72897115763588,105.825,105.70716760644444,105.75026816058836,105.835,105.70716760644444,105.825,0.1178323935555596,0.0011134120150766,TFI,MUB,2025-09-08,False,2207.0,2013.0,945.0,0,0,0,,,0.0,0.0,0,False,True,False,0,,,0,0,0,0.0,0.0,0.0,0.0,0.0,0,0,0,0,0,0,0,0,0,-0.0,-0.0,-0.0,0.0,0.0,0.0,0.0,0.0,0.0,895.9600000000029
45.22,49.63,105.67,-0.0399999999999991,-0.019999999999996,-0.1599999999999966,2.336797877045555,2.1291557525690106,1.0,2.335543834518212,2.1298378187112688,1.0,2.3354640303520333,2.129829336070553,1.0,105.60968345251896,105.70342994918155,105.67,0.0116773201517601,0.0106491466803527,0.005,105.5980061323672,105.6927808025012,105.665,105.62136077267073,105.7140790958619,105.675,105.62136077267073,105.6927808025012,0.0714200298304916,0.0006758780148622,TFI,VTEB,2025-09-09,False,2209.0,2015.0,946.0,0,0,0,,,0.0,0.0,0,False,True,False,0,,,0,0,0,0.0,0.0,0.0,0.0,0.0,0,0,0,0,0,0,0,0,0,-0.0,-0.0,-0.0,0.0,-0.0,-0.0,-0.0,0.0,0.0,895.9600000000029
45.35,49.82,106.09,0.1300000000000025,0.1899999999999977,0.4200000000000017,2.3393605292171995,2.1294660778803696,1.0,2.335830256677033,2.129927057232458,1.0,2.335543834518212,2.1298378187112688,1.0,105.91691289540093,106.1085201281954,106.09,0.011677719172591,0.0106491890935563,0.005,105.90523517622832,106.09787093910184,106.085,105.92859061457352,106.11916931728896,106.095,105.92859061457352,106.09787093910184,0.16928032452833,0.0015956294139723,TFI,VTEB,2025-09-10,False,2202.0,2008.0,943.0,0,0,0,,,0.0,0.0,0,True,False,False,1,TFI,VTEB,2202,-2008,0,0.0,0.0,0.0,0.0,0.0,2202,-2008,0,2202,0,0,0,2008,0,-11.01,-10.040000000000001,-0.0,-21.05,0.0,0.0,0.0,0.0,-21.05,874.9100000000029
45.48,50.02,106.48,0.1299999999999954,0.2000000000000028,0.3900000000000005,2.341248900615656,2.12874850059976,1.0,2.3361849749440986,2.129908915357441,1.0,2.335830256677033,2.129927057232458,1.0,106.23356007367148,106.53895140276757,106.48,0.0116791512833851,0.0106496352861622,0.005,106.22188092238808,106.5283017674814,106.475,106.24523922495486,106.54960103805372,106.485,106.24523922495486,106.5283017674814,0.2830625425265367,0.0026583634722627,TFI,VTEB,2025-09-11,False,2193.0,2000.0,939.0,2202,-2008,0,TFI,VTEB,0.2830625425265367,0.0026583634722627,1,True,False,False,1,TFI,VTEB,2193,-2000,0,99860.7,-100038.56,0.0,199899.26,-177.86000000000058,-9,8,0,0,8,0,9,0,0,-0.045,-0.04,-0.0,-0.08499999999999999,286.2599999999899,-401.6000000000056,0.0,-115.34000000001572,-115.42500000001571,759.4849999999872
45.52,49.99,106.43,0.0400000000000062,-0.0300000000000011,-0.0499999999999971,2.3380931458699474,2.1290258051610325,1.0,2.336310732125362,2.12992608122924,1.0,2.3361849749440986,2.129908915357441,1.0,106.34314005945538,106.47414667871848,106.43,0.0116809248747204,0.0106495445767872,0.005,106.33145913458064,106.46349713414168,106.425,106.3548209843301,106.48479622329526,106.435,106.3548209843301,106.46349713414168,0.108676149811572,0.0010211044800485,TFI,VTEB,2025-09-12,False,2196.0,2002.0,940.0,2193,-2000,0,TFI,VTEB,0.108676149811572,0.0010211044800485,1,False,True,False,0,,,0,0,0,99737.64,-100040.0,0.0,199777.64,-302.3600000000006,-2193,2000,0,0,2000,0,2193,0,0,-10.965,-10.0,-0.0,-20.965,87.72000000001358,60.000000000002196,-0.0,147.72000000001577,126.75500000001577,886.240000000003
45.67,50.12,106.63,0.1499999999999985,0.1299999999999954,0.1999999999999886,2.334793080797022,2.1274940143655225,1.0,2.336312670212779,2.1298564284286945,1.0,2.336310732125362,2.12992608122924,1.0,106.69931113616528,106.7518951912095,106.63,0.0116815536606268,0.0106496304061462,0.005,106.68762958250468,106.74124556080336,106.625,106.71099268982591,106.76254482161563,106.635,106.635,106.74124556080336,0.1062455608033587,0.00099639464319,MUB,VTEB,2025-09-15,False,2191.0,1998.0,938.0,0,0,0,,,0.0,0.0,0,False,True,False,0,,,0,0,0,0.0,0.0,0.0,0.0,0.0,0,0,0,0,0,0,0,0,0,-0.0,-0.0,-0.0,0.0,0.0,0.0,0.0,0.0,0.0,886.240000000003
45.74,50.13,106.68,0.0700000000000002,0.0100000000000051,0.0500000000000113,2.332313073895933,2.128067025733094,1.0,2.336239225657239,2.1298576524909683,1.0,2.336312670212779,2.1298564284286945,1.0,106.86294153553251,106.76970275713046,106.68,0.0116815633510638,0.0106492821421434,0.005,106.85125997218144,106.75905347498832,106.675,106.87462309888356,106.7803520392726,106.685,106.685,106.85125997218144,0.1662599721814501,0.0015584924276476,MUB,TFI,2025-09-16,False,2189.0,1996.0,937.0,0,0,0,,,0.0,0.0,0,True,False,False,1,MUB,TFI,-2189,0,937,0.0,0.0,0.0,0.0,0.0,-2189,0,937,0,0,937,2189,0,0,-10.945,-0.0,-4.6850000000000005,-15.63,0.0,0.0,0.0,0.0,-15.63,870.610000000003
45.71,50.17,106.66,-0.0300000000000011,0.0399999999999991,-0.0200000000000102,2.3334062568365783,2.125971696232808,1.0,2.3361531454977227,2.12969274783646,1.0,2.336239225657239,2.1298576524909683,1.0,106.7894950047924,106.85495842547188,106.66,0.0116811961282861,0.0106492882624548,0.005,106.77781380866412,106.84430913720942,106.655,106.80117620092068,106.86560771373432,106.665,106.665,106.84430913720942,0.1793091372094295,0.0016811282318528,MUB,VTEB,2025-09-17,False,2191.0,1998.0,938.0,-2189,0,937,MUB,TFI,0.1128138086641143,0.0010576955621987,1,True,False,False,1,MUB,VTEB,0,-1998,938,-100124.86,0.0,99959.16,200084.02000000002,-165.6999999999971,2189,-1998,1,2189,0,1,0,1998,0,-10.945,-9.99,-0.005,-20.94,65.6700000000024,0.0,-18.74000000000956,46.929999999992845,25.989999999992843,896.5999999999958
45.7,50.19,106.58,-0.009999999999998,0.019999999999996,-0.0799999999999983,2.332166301969365,2.12353058378163,1.0,2.335982560483957,2.1293915856624634,1.0,2.3361531454977227,2.12969274783646,1.0,106.76219874924594,106.88927901391192,106.58,0.0116807657274886,0.0106484637391823,0.005,106.75051798351844,106.87863055017274,106.575,106.77387951497344,106.89992747765112,106.585,106.585,106.87863055017274,0.2936305501727503,0.0027550248655728,MUB,VTEB,2025-09-18,False,2191.0,1998.0,938.0,0,-1998,938,MUB,VTEB,0.2936305501727503,0.0027550248655728,1,True,False,False,1,MUB,VTEB,0,-1998,938,0.0,-100239.66,100047.08,200286.74,-192.58000000000175,0,0,0,0,0,0,0,0,0,-0.0,-0.0,-0.0,0.0,-0.0,-39.95999999999201,-75.0399999999984,-114.99999999999041,-114.99999999999041,781.6000000000054
45.69,50.15,106.47,-0.0100000000000051,-0.0399999999999991,-0.1099999999999994,2.3302692055154304,2.123030907278165,1.0,2.3357694424627167,2.129143376776935,1.0,2.335982560483957,2.1293915856624634,1.0,106.731043188512,106.78898802097254,106.47,0.0116799128024197,0.0106469579283123,0.005,106.71936327570955,106.77834106304422,106.465,106.7427231013144,106.79963497890084,106.475,106.475,106.77834106304422,0.303341063044229,0.0028490754488985,MUB,VTEB,2025-09-19,False,2193.0,1999.0,939.0,0,-1998,938,MUB,VTEB,0.303341063044229,0.0028490754488985,1,True,False,False,1,MUB,VTEB,0,-1999,939,0.0,-100279.62,99972.04,200251.65999999997,-307.58000000000175,0,-1,1,0,0,1,0,1,0,-0.0,-0.005,-0.005,-0.01,-0.0,79.9199999999982,-103.17999999999944,-23.26000000000124,-23.270000000001243,758.3300000000041
45.68,50.13,106.48,-0.009999999999998,-0.019999999999996,0.0100000000000051,2.330998248686515,2.124077398763216,1.0,2.335600429925038,2.128968393887988,1.0,2.3357694424627167,2.129143376776935,1.0,106.69794813169688,106.73395747782776,106.48,0.0116788472123135,0.0106457168838846,0.005,106.68626928448458,106.72331176094389,106.475,106.7096269789092,106.74460319471164,106.485,106.485,106.72331176094389,0.2383117609438727,0.0022380894153256,MUB,VTEB,2025-09-22,False,2193.0,1999.0,939.0,0,-1999,939,MUB,VTEB,0.2383117609438869,0.0022380894153257,1,True,False,False,1,MUB,VTEB,0,-1999,939,0.0,-100249.84999999999,99975.33,200225.18,-274.5199999999895,0,0,0,0,0,0,0,0,0,-0.0,-0.0,-0.0,0.0,-0.0,39.979999999992,9.39000000000479,49.36999999999679,49.36999999999679,807.700000000001
45.62,50.11,106.43,-0.0600000000000022,-0.0200000000000031,-0.0499999999999971,2.3329679964927665,2.123927359808422,1.0,2.335481356631397,2.1287003010940952,1.0,2.335600429925038,2.128968393887988,1.0,106.55009161318024,106.68260621772708,106.43,0.0116780021496251,0.0106448419694399,0.005,106.5384136110306,106.67196137575765,106.425,106.56176961532984,106.69325105969652,106.435,106.435,106.67196137575765,0.2369613757576303,0.0022264528399664,MUB,VTEB,2025-09-23,False,2195.0,2001.0,940.0,0,-1999,939,MUB,VTEB,0.2369613757576445,0.0022264528399665,1,True,False,False,1,MUB,VTEB,0,-2001,940,0.0,-100209.87000000001,99984.72,200194.59000000003,-225.15000000000873,0,-2,1,0,0,1,0,2,0,-0.0,-0.01,-0.005,-0.015,-0.0,39.98000000000619,-46.94999999999728,-6.969999999991089,-6.984999999991088,800.7150000000099
45.57,50.04,106.35,-0.0499999999999971,-0.0700000000000002,-0.0800000000000125,2.333772218564845,2.1252997601918464,1.0,2.3353652205824784,2.12844088640816,1.0,2.335481356631397,2.1287003010940952,1.0,106.42788542169276,106.52016306674852,106.35,0.0116774067831569,0.0106435015054704,0.005,106.4162080149096,106.50951956524304,106.345,106.43956282847591,106.530806568254,106.355,106.355,106.50951956524304,0.1545195652430635,0.0014529343229249,MUB,VTEB,2025-09-24,False,2195.0,2001.0,940.0,0,-2001,940,MUB,VTEB,0.1545195652430351,0.0014529343229246,1,False,True,False,0,,,0,0,0,0.0,-100270.11,100044.20000000001,200314.31,-225.90999999998894,0,2001,-940,0,2001,0,0,0,940,-0.0,-10.005,-4.7,-14.705000000000002,-0.0,140.0700000000004,-75.20000000001176,64.86999999998864,50.16499999998864,850.8799999999985
45.54,50.01,106.25,-0.0300000000000011,-0.0300000000000011,-0.0999999999999943,2.3331137461572244,2.1245750849830034,1.0,2.335275993962327,2.128098212085882,1.0,2.3353652205824784,2.12844088640816,1.0,106.35253214532608,106.44332872927204,106.25,0.0116768261029123,0.0106422044320407,0.005,106.34085531922317,106.43268652484,106.245,106.36420897142898,106.4539709337041,106.255,106.255,106.43268652484,0.1776865248400128,0.0016723437632001,MUB,VTEB,2025-09-25,False,2198.0,2003.0,941.0,0,0,0,,,0.0,0.0,0,True,False,False,1,MUB,VTEB,0,-2003,941,0.0,0.0,0.0,0.0,0.0,0,-2003,941,0,0,941,0,2003,0,-0.0,-10.015,-4.705,-14.72,-0.0,-0.0,-0.0,0.0,-14.72,836.1599999999985
45.52,49.98,106.26,-0.019999999999996,-0.0300000000000011,0.0100000000000051,2.334358523725834,2.126050420168068,1.0,2.33508495123786,2.1277707861338606,1.0,2.335275993962327,2.128098212085882,1.0,106.30176324516512,106.36234864005236,106.26,0.0116763799698116,0.0106404910604294,0.005,106.29008686519532,106.35170814899192,106.255,106.31343962513496,106.3729891311128,106.265,106.265,106.35170814899192,0.0867081489919314,0.0008159998964043,MUB,VTEB,2025-09-26,False,2197.0,2003.0,941.0,0,-2003,941,MUB,VTEB,0.0867081489919172,0.0008159998964042,1,False,True,False,0,,,0,0,0,0.0,-100170.03,99981.25,200151.28,-188.77999999999884,0,2003,-941,0,2003,0,0,0,941,-0.0,-10.015,-4.705,-14.72,-0.0,60.0900000000022,9.4100000000048,69.50000000000699,54.78000000000699,890.9400000000055
45.57,50.05,106.42,0.0499999999999971,0.0700000000000002,0.1599999999999966,2.335308316875137,2.1262737262737263,1.0,2.335004729497725,2.1275143847103504,1.0,2.33508495123786,2.1277707861338606,1.0,106.40982122790928,106.49492784599973,106.42,0.0116754247561893,0.0106388539306693,0.005,106.3981458031531,106.48428899206904,106.415,106.42149665266548,106.50556669993038,106.425,106.42149665266548,106.48428899206904,0.0627923394035576,0.0005900426555493,TFI,VTEB,2025-09-29,False,2195.0,2000.0,940.0,0,0,0,,,0.0,0.0,0,False,True,False,0,,,0,0,0,0.0,0.0,0.0,0.0,0.0,0,0,0,0,0,0,0,0,0,-0.0,-0.0,-0.0,0.0,0.0,0.0,0.0,0.0,0.0,890.9400000000055
45.57,50.07,106.49,0.0,0.0200000000000031,0.0699999999999931,2.336844415185429,2.126822448571999,1.0,2.3350529713758457,2.127328867794688,1.0,2.335004729497725,2.1275143847103504,1.0,106.40616552321131,106.52464524244724,106.49,0.0116750236474886,0.0106375719235517,0.005,106.39449049956384,106.5140076705237,106.485,106.4178405468588,106.5352828143708,106.495,106.4178405468588,106.5140076705237,0.096167123664884,0.0009030624815934,TFI,VTEB,2025-09-30,False,2193.0,1998.0,939.0,0,0,0,,,0.0,0.0,0,False,True,False,0,,,0,0,0,0.0,0.0,0.0,0.0,0.0,0,0,0,0,0,0,0,0,0,-0.0,-0.0,-0.0,0.0,0.0,0.0,0.0,0.0,0.0,890.9400000000055
45.48,49.99,106.39,-0.0900000000000034,-0.0799999999999983,-0.0999999999999943,2.339270008795075,2.128225645129026,1.0,2.335245241701327,2.127252614293068,1.0,2.3350529713758457,2.127328867794688,1.0,106.19820913817344,106.34517010105644,106.39,0.0116752648568792,0.0106366443389734,0.005,106.18653387331658,106.33453345671748,106.385,106.20988440303032,106.3558067453954,106.395,106.20988440303032,106.385,0.1751155969696753,0.0016459779769684,TFI,MUB,2025-10-01,True,2195.0,2000.0,940.0,0,0,0,,,0.0,0.0,0,True,False,False,1,TFI,MUB,2195,0,-940,0.0,0.0,0.0,0.0,0.0,2195,0,-940,2195,0,0,0,0,940,-10.975,-0.0,-4.7,-15.675,-0.0,-0.0,-0.0,0.0,-15.675,875.2650000000056
45.49,49.99,106.36,0.0100000000000051,0.0,-0.0300000000000011,2.33809628489778,2.127625525105021,1.0,2.3354647880890727,2.1270806903852537,1.0,2.335245241701327,2.127252614293068,1.0,106.23030604499336,106.34135818851048,106.36,0.0116762262085066,0.0106362630714653,0.005,106.21862981878486,106.330721925439,106.355,106.24198227120188,106.35199445158192,106.365,106.24198227120188,106.355,0.1130177287981268,0.0010625961714754,TFI,MUB,2025-10-02,False,2195.0,2000.0,940.0,2195,0,-940,TFI,MUB,0.1130177287981268,0.0010625961714754,1,False,True,True,0,,,0,0,0,99828.59999999999,0.0,-100006.6,199835.2,-178.00000000001455,-2195,0,940,0,0,940,2195,0,0,-10.975,-0.0,-4.7,-15.675,21.950000000011194,0.0,28.200000000001033,50.15000000001223,34.47500000001223,909.7400000000177
45.51,49.98,106.38,0.019999999999996,-0.0100000000000051,0.019999999999996,2.3375082399472644,2.128451380552221,1.0,2.3354477078607583,2.126866987882976,1.0,2.3354647880890727,2.1270806903852537,1.0,106.28700250593369,106.31149290545495,106.38,0.0116773239404453,0.0106354034519262,0.005,106.27532518199324,106.30085750200304,106.375,106.29867982987412,106.3221283089069,106.385,106.29867982987412,106.375,0.076320170125868,0.0007174296872144,TFI,MUB,2025-10-03,False,2195.0,1999.0,940.0,0,0,0,,,0.0,0.0,0,False,True,False,0,,,0,0,0,0.0,0.0,0.0,0.0,0.0,0,0,0,0,0,0,0,0,0,-0.0,-0.0,-0.0,0.0,0.0,-0.0,0.0,0.0,0.0,909.7400000000177
45.5,50.02,106.46,-0.009999999999998,0.0400000000000062,0.0799999999999983,2.33978021978022,2.128348660535785,1.0,2.335523329543539,2.1267083886841864,1.0,2.3354477078607583,2.126866987882976,1.0,106.2628707076645,106.38588673390646,106.46,0.0116772385393037,0.0106343349394148,0.005,106.2511934691252,106.37525239896704,106.455,106.2745479462038,106.39652106884589,106.465,106.2745479462038,106.455,0.1804520537961877,0.0016950221096767,TFI,MUB,2025-10-06,False,2193.0,1997.0,939.0,0,0,0,,,0.0,0.0,0,True,False,False,1,TFI,MUB,2193,0,-939,0.0,0.0,0.0,0.0,0.0,2193,0,-939,2193,0,0,0,0,939,-10.965,-0.0,-4.695,-15.66,-0.0,0.0,0.0,0.0,-15.66,894.0800000000178
45.53,50.07,106.54,0.0300000000000011,0.0499999999999971,0.0800000000000125,2.3399956072918955,2.127821050529259,1.0,2.3356832160558563,2.1266416535821984,1.0,2.335523329543539,2.1267083886841864,1.0,106.33637719411732,106.4842890214172,106.54,0.0116776166477176,0.0106335419434209,0.005,106.32469957746962,106.4736554794738,106.535,106.34805481076503,106.49492256336065,106.545,106.34805481076503,106.535,0.1869451892349616,0.0017546948492112,TFI,MUB,2025-10-07,False,2193.0,1997.0,939.0,2193,0,-939,TFI,MUB,0.1869451892349616,0.0017546948492112,1,True,False,False,1,TFI,MUB,2193,0,-939,99781.5,0.0,-99965.93999999999,199747.44,-184.43999999998778,0,0,0,0,0,0,0,0,0,-0.0,-0.0,-0.0,0.0,65.79000000000241,0.0,-75.12000000001174,-9.330000000009335,-9.330000000009335,884.7500000000084
45.53,50.1,106.57,0.0,0.0300000000000011,0.0299999999999869,2.340654513507577,2.1271457085828342,1.0,2.3357479152703746,2.1265256351173223,1.0,2.3356832160558563,2.1266416535821984,1.0,106.34365682702314,106.54474684446814,106.57,0.0116784160802792,0.0106332082679109,0.005,106.33197841094288,106.53411363620025,106.565,106.3553352431034,106.55538005273604,106.575,106.3553352431034,106.565,0.2096647568965863,0.001967390043132,TFI,MUB,2025-10-08,False,2191.0,1995.0,938.0,2193,0,-939,TFI,MUB,0.2096647568966005,0.0019673900431322,1,True,False,False,1,TFI,MUB,2191,0,-938,99847.29000000001,0.0,-100041.06000000001,199888.35000000003,-193.77000000000407,-2,0,1,0,0,1,2,0,0,-0.01,-0.0,-0.005,-0.015,0.0,0.0,-28.169999999987702,-28.169999999987702,-28.184999999987703,856.5650000000207
45.55,50.1,106.56,0.019999999999996,0.0,-0.0099999999999909,2.3394072447859497,2.126946107784431,1.0,2.3356558324788894,2.1264355154765555,1.0,2.3357479152703746,2.1265256351173223,1.0,106.39331754056556,106.53893431937784,106.56,0.0116787395763518,0.0106326281755866,0.005,106.3816388009892,106.52830169120226,106.555,106.40499628014192,106.54956694755344,106.565,106.40499628014192,106.555,0.1500037198580912,0.0014076925662358,TFI,MUB,2025-10-09,False,2191.0,1995.0,938.0,2191,0,-938,TFI,MUB,0.1500037198580912,0.0014076925662358,1,False,True,False,0,,,0,0,0,99756.23,0.0,-99962.65999999999,199718.88999999998,-206.42999999999302,-2191,0,938,0,0,938,2191,0,0,-10.955,-0.0,-4.69,-15.645,43.81999999999124,0.0,9.379999999991464,53.1999999999827,37.5549999999827,894.1200000000034
45.66,50.22,106.85,0.1099999999999994,0.1199999999999974,0.289999999999992,2.3401226456417,2.127638391079252,1.0,2.3357573074674773,2.1263661447724664,1.0,2.3356558324788894,2.1264355154765555,1.0,106.64604531098608,106.78959158723262,106.85,0.0116782791623944,0.0106321775773827,0.005,106.63436703182369,106.77895940965524,106.845,106.65772359014848,106.80022376481,106.855,106.65772359014848,106.845,0.1872764098515205,0.0017527038825598,TFI,MUB,2025-10-10,False,2186.0,1990.0,936.0,0,0,0,,,0.0,0.0,0,True,False,False,1,TFI,MUB,2186,0,-936,0.0,0.0,0.0,0.0,0.0,2186,0,-936,2186,0,0,0,0,936,-10.93,-0.0,-4.68,-15.61,0.0,0.0,0.0,0.0,-15.61,878.5100000000034
45.77,50.31,107.01,0.1100000000000065,0.0900000000000034,0.1600000000000108,2.337994319423203,2.12701252236136,1.0,2.3359173693987865,2.1263420701722584,1.0,2.3357573074674773,2.1263661447724664,1.0,106.90761196278643,106.9774807435028,107.01,0.0116787865373373,0.0106318307238623,0.005,106.89593317624912,106.96684891277891,107.005,106.91929074932378,106.98811257422666,107.015,106.91929074932378,107.005,0.0857092506762313,0.0008009461795741,TFI,MUB,2025-10-13,False,2182.0,1986.0,934.0,2186,0,-936,TFI,MUB,0.0857092506762171,0.000800946179574,1,False,True,False,0,,,0,0,0,99812.76,0.0,-100011.59999999999,199824.36,-198.8399999999965,-2186,0,936,0,0,936,2186,0,0,-10.93,-0.0,-4.68,-15.61,240.4600000000142,0.0,-149.7600000000101,90.70000000000408,75.09000000000408,953.6000000000075
45.7,50.27,106.95,-0.0700000000000002,-0.0399999999999991,-0.0600000000000022,2.3402625820568925,2.127511438233539,1.0,2.3363148448068345,2.1263142907972807,1.0,2.3359173693987865,2.1263420701722584,1.0,106.75142378152457,106.89121586755944,106.95,0.0116795868469939,0.0106317103508612,0.005,106.73974419467756,106.88058415720856,106.945,106.76310336837156,106.9018475779103,106.955,106.76310336837156,106.945,0.1818966316284616,0.0017007632690833,TFI,MUB,2025-10-14,False,2184.0,1988.0,935.0,0,0,0,,,0.0,0.0,0,True,False,False,1,TFI,MUB,2184,0,-935,0.0,0.0,0.0,0.0,0.0,2184,0,-935,2184,0,0,0,0,935,-10.92,-0.0,-4.675,-15.594999999999999,-0.0,-0.0,-0.0,0.0,-15.594999999999999,938.0050000000075
45.73,50.35,107.1,0.029999999999994,0.0799999999999983,0.1499999999999914,2.342007434944238,2.127110228401192,1.0,2.336744903712217,2.1263712174056995,1.0,2.3363148448068345,2.1263142907972807,1.0,106.83967785301654,107.05992454164308,107.1,0.0116815742240341,0.0106315714539864,0.005,106.82799627879253,107.0492929701891,107.095,106.85135942724057,107.07055611309708,107.105,106.85135942724057,107.095,0.2436405727594319,0.0022748886345418,TFI,MUB,2025-10-15,False,2182.0,1986.0,934.0,2184,0,-935,TFI,MUB,0.2436405727594319,0.0022748886345418,1,True,False,False,1,TFI,MUB,2182,0,-934,99808.8,0.0,-99998.25,199807.05,-189.4499999999971,-2,0,1,0,0,1,2,0,0,-0.01,-0.0,-0.005,-0.015,65.5199999999869,0.0,-140.24999999999196,-74.73000000000506,-74.74500000000506,863.2600000000025
45.85,50.48,107.42,0.1200000000000045,0.1299999999999954,0.3200000000000074,2.342857142857143,2.1279714738510305,1.0,2.337279445756606,2.1265932619091696,1.0,2.336744903712217,2.1263712174056995,1.0,107.13975383520516,107.3392190546397,107.42,0.011683724518561,0.0106318560870284,0.005,107.1280701106866,107.32858719855268,107.415,107.15143755972372,107.34985091072672,107.425,107.15143755972372,107.415,0.2635624402762886,0.0024535695426949,TFI,MUB,2025-10-16,False,2176.0,1980.0,931.0,2182,0,-934,TFI,MUB,0.2635624402762886,0.0024535695426949,1,True,False,False,1,TFI,MUB,2176,0,-931,99782.85999999999,0.0,-100031.4,199814.25999999998,-248.54000000000815,-6,0,3,0,0,3,6,0,0,-0.03,-0.0,-0.015,-0.045,261.8400000000098,0.0,-298.88000000000693,-37.03999999999712,-37.08499999999712,826.1750000000054
45.82,50.5,107.42,-0.0300000000000011,0.0200000000000031,0.0,2.344391095591445,2.1271287128712872,1.0,2.337985540260407,2.126798152188826,1.0,2.337279445756606,2.1265932619091696,1.0,107.09414420456768,107.39295972641308,107.42,0.011686397228783,0.0106329663095458,0.005,107.0824578073389,107.38232676010352,107.415,107.10583060179648,107.4035926927226,107.425,107.10583060179648,107.415,0.3091693982035366,0.002878136270746,TFI,MUB,2025-10-17,False,2176.0,1980.0,931.0,2176,0,-931,TFI,MUB,0.3091693982035224,0.0028781362707458,1,True,False,False,1,TFI,MUB,2176,0,-931,99769.6,0.0,-100008.02,199777.62,-238.41999999999825,0,0,0,0,0,0,0,0,0,-0.0,-0.0,-0.0,0.0,-65.28000000000239,0.0,-0.0,-65.28000000000239,-65.28000000000239,760.895000000003
45.91,50.54,107.51,0.0899999999999963,0.0399999999999991,0.0900000000000034,2.341755608799826,2.127225959635932,1.0,2.3385234082660724,2.126955580232462,1.0,2.337985540260407,2.126798152188826,1.0,107.33691615335528,107.48837861162326,107.51,0.011689927701302,0.0106339907609441,0.005,107.32522622565398,107.47774462086232,107.505,107.34860608105656,107.4990126023842,107.515,107.34860608105656,107.505,0.1563939189434364,0.0014546918327917,TFI,MUB,2025-10-20,False,2174.0,1978.0,930.0,2176,0,-931,TFI,MUB,0.1563939189434364,0.0014546918327917,1,False,True,False,0,,,0,0,0,99704.32,0.0,-100008.02,199712.34000000003,-303.6999999999971,-2176,0,931,0,0,931,2176,0,0,-10.88,-0.0,-4.655,-15.535,195.83999999999196,0.0,-83.79000000000316,112.0499999999888,96.5149999999888,857.4099999999919
45.91,50.56,107.58,0.0,0.0200000000000031,0.0699999999999931,2.343280331082553,2.127768987341772,1.0,2.3390390249955617,2.127147661609129,1.0,2.3385234082660724,2.126955580232462,1.0,107.36160967349538,107.53887413655328,107.58,0.0116926170413303,0.0106347779011623,0.005,107.34991705645405,107.52823935865212,107.575,107.37330229053671,107.54950891445444,107.585,107.37330229053671,107.575,0.2016977094632892,0.0018748625159257,TFI,MUB,2025-10-21,False,2175.0,1978.0,930.0,0,0,0,,,0.0,0.0,0,True,False,False,1,TFI,MUB,2175,0,-930,0.0,0.0,0.0,0.0,0.0,2175,0,-930,2175,0,0,0,0,930,-10.875,-0.0,-4.65,-15.525,0.0,0.0,0.0,0.0,-15.525,841.8849999999919
45.92,50.59,107.6,0.0100000000000051,0.0300000000000011,0.019999999999996,2.343205574912892,2.126902549911049,1.0,2.339510692812964,2.1272278010950894,1.0,2.3390390249955617,2.127147661609129,1.0,107.4086720277962,107.61240020080584,107.6,0.0116951951249778,0.0106357383080456,0.005,107.39697683267124,107.6017644624978,107.595,107.42036722292116,107.62303593911388,107.605,107.42036722292116,107.6017644624978,0.1813972395766399,0.0016858479514557,TFI,VTEB,2025-10-22,False,2173.0,1976.0,929.0,2175,0,-930,TFI,MUB,0.1746327770788411,0.0016229811996174,1,True,False,False,1,TFI,VTEB,2173,-1976,0,99854.24999999999,0.0,-100049.4,199903.64999999997,-195.15000000000873,-2,-1976,930,0,0,930,2,1976,0,-0.01,-9.88,-4.65,-14.540000000000001,21.75000000001109,0.0,-18.59999999999628,3.15000000001481,-11.389999999985191,830.4950000000067
45.9,50.54,107.53,-0.0200000000000031,-0.0500000000000042,-0.0699999999999931,2.3427015250544665,2.127621685793431,1.0,2.339990081757826,2.1273801311356104,1.0,2.339510692812964,2.1272278010950894,1.0,107.38354080011504,107.51009306734582,107.53,0.0116975534640648,0.0106361390054754,0.005,107.37184324665098,107.49945692834036,107.525,107.3952383535791,107.52072920635128,107.535,107.3952383535791,107.525,0.1297616464209028,0.0012067483160132,TFI,MUB,2025-10-23,False,2176.0,1978.0,930.0,2173,-1976,0,TFI,VTEB,0.104218574761262,0.0009692046383452,1,False,True,False,0,,,0,0,0,99784.16,-99965.84000000001,0.0,199750.0,-181.68000000000757,-2173,1976,0,0,1976,0,2173,0,0,-10.865,-9.88,-0.0,-20.745,-43.46000000000674,98.8000000000083,-0.0,55.34000000000156,34.59500000000156,865.0900000000083
45.85,50.57,107.6,-0.0499999999999971,0.0300000000000011,0.0699999999999931,2.346782988004362,2.127743721574056,1.0,2.3406113049717527,2.1274647962059103,1.0,2.339990081757826,2.1273801311356104,1.0,107.28854524859634,107.58161323152784,107.6,0.0116999504087891,0.010636900655678,0.005,107.27684529818757,107.57097633087214,107.595,107.30024519900512,107.59225013218352,107.605,107.30024519900512,107.595,0.2947548009948804,0.0027393568865695,TFI,MUB,2025-10-24,False,2174.0,1976.0,929.0,0,0,0,,,0.0,0.0,0,True,False,False,1,TFI,MUB,2174,0,-929,0.0,0.0,0.0,0.0,0.0,2174,0,-929,2174,0,0,0,0,929,-10.870000000000001,-0.0,-4.6450000000000005,-15.515,-0.0,0.0,0.0,0.0,-15.515,849.5750000000083
45.92,50.58,107.61,0.0700000000000002,0.009999999999998,0.0100000000000051,2.343423344947736,2.127520759193357,1.0,2.3410170563753825,2.127527147851892,1.0,2.3406113049717527,2.1274647962059103,1.0,107.4808711243029,107.60716939209496,107.61,0.0117030565248587,0.0106373239810295,0.005,107.46916806777804,107.59653206811392,107.605,107.49257418082776,107.61780671607598,107.615,107.49257418082776,107.605,0.1124258191722447,0.0010447525246003,TFI,MUB,2025-10-27,False,2174.0,1976.0,929.0,2174,0,-929,TFI,MUB,0.1124258191722447,0.0010447525246003,1,False,True,False,0,,,0,0,0,99677.90000000001,0.0,-99960.4,199638.3,-282.49999999998545,-2174,0,929,0,0,929,2174,0,0,-10.870000000000001,-0.0,-4.6450000000000005,-15.515,152.18000000000043,0.0,-9.290000000004738,142.8899999999957,127.3749999999957,976.950000000004
45.91,50.56,107.55,-0.0100000000000051,-0.019999999999996,-0.0600000000000022,2.34262687867567,2.1271756329113924,1.0,2.3413061795498944,2.1275448070688614,1.0,2.3410170563753825,2.127527147851892,1.0,107.4760930581938,107.56777259539165,107.55,0.0117050852818769,0.0106376357392594,0.005,107.46438797291192,107.55713495965236,107.545,107.48779814347569,107.57841023113087,107.555,107.48779814347569,107.55713495965236,0.0693368161767011,0.0006446937812803,TFI,VTEB,2025-10-28,False,2177.0,1979.0,930.0,0,0,0,,,0.0,0.0,0,False,True,False,0,,,0,0,0,0.0,0.0,0.0,0.0,0.0,0,0,0,0,0,0,0,0,0,-0.0,-0.0,-0.0,0.0,-0.0,-0.0,-0.0,0.0,0.0,976.950000000004
45.85,50.52,107.4,-0.0599999999999951,-0.0399999999999991,-0.1499999999999914,2.342420937840785,2.125890736342043,1.0,2.34146372600218,2.1274280616295123,1.0,2.3413061795498944,2.1275448070688614,1.0,107.34888833236266,107.48356365311888,107.4,0.0117065308977494,0.0106377240353443,0.005,107.33718180146492,107.47292592908352,107.395,107.36059486326042,107.49420137715424,107.405,107.36059486326042,107.47292592908352,0.1123310658231133,0.0010459130896006,TFI,VTEB,2025-10-29,False,2180.0,1981.0,931.0,0,0,0,,,0.0,0.0,0,False,True,False,0,,,0,0,0,0.0,0.0,0.0,0.0,0.0,0,0,0,0,0,0,0,0,0,-0.0,-0.0,-0.0,0.0,-0.0,-0.0,-0.0,0.0,0.0,976.950000000004
45.83,50.5,107.36,-0.0200000000000031,-0.0200000000000031,-0.0400000000000062,2.342570368754091,2.125940594059406,1.0,2.3416874301949955,2.1273438150772312,1.0,2.34146372600218,2.1274280616295123,1.0,107.3092825626799,107.43511711229036,107.36,0.0117073186300108,0.0106371403081475,0.005,107.29757524404988,107.42447997198222,107.355,107.32098988130991,107.44575425259852,107.365,107.32098988130991,107.42447997198222,0.1034900906723095,0.0009639538997048,TFI,VTEB,2025-10-30,False,2180.0,1981.0,931.0,0,0,0,,,0.0,0.0,0,False,True,False,0,,,0,0,0,0.0,0.0,0.0,0.0,0.0,0,0,0,0,0,0,0,0,0,-0.0,-0.0,-0.0,0.0,-0.0,-0.0,-0.0,0.0,0.0,976.950000000004
45.9,50.52,107.48,0.0700000000000002,0.0200000000000031,0.1200000000000045,2.34161220043573,2.127474267616785,1.0,2.341892628219419,2.1272949594304595,1.0,2.3416874301949955,2.1273438150772312,1.0,107.48345304595028,107.47340953770173,107.48,0.0117084371509749,0.0106367190753861,0.005,107.47174460879933,107.46277281862632,107.475,107.49516148310126,107.48404625677712,107.485,107.48404625677712,107.475,-0.0090462567771112,-8.416688478890248e-05,VTEB,MUB,2025-10-31,False,2178.0,1978.0,930.0,0,0,0,,,0.0,0.0,0,False,True,False,0,,,0,0,0,0.0,0.0,0.0,0.0,0.0,0,0,0,0,0,0,0,0,0,-0.0,-0.0,-0.0,0.0,0.0,0.0,0.0,0.0,0.0,976.950000000004
45.69,50.31,107.06,-0.2100000000000008,-0.2100000000000008,-0.4200000000000017,2.343182315605165,2.1280063605645,1.0,2.342062733010666,2.1272778444318954,1.0,2.341892628219419,2.1272949594304595,1.0,107.00107418334524,107.02420940894642,107.06,0.011709463141097,0.0106364747971522,0.005,106.98936472020414,107.01357293414928,107.055,107.01278364648634,107.03484588374356,107.065,107.01278364648634,107.055,0.0422163535136661,0.0003943242435425,TFI,MUB,2025-11-03,True,2187.0,1987.0,934.0,0,0,0,,,0.0,0.0,0,False,True,False,0,,,0,0,0,0.0,0.0,0.0,0.0,0.0,0,0,0,0,0,0,0,0,0,-0.0,-0.0,-0.0,0.0,-0.0,-0.0,-0.0,0.0,0.0,976.950000000004
45.73,50.39,107.23,0.0399999999999991,0.0799999999999983,0.1700000000000017,2.3448502077410893,2.1280015876165908,1.0,2.3423054630331253,2.127286871286262,1.0,2.342062733010666,2.1272778444318954,1.0,107.10252878057774,107.1935305809232,107.23,0.0117103136650533,0.0106363892221594,0.005,107.0908184669127,107.18289419170104,107.225,107.1142390942428,107.20416697014537,107.235,107.1142390942428,107.225,0.1107609057572176,0.0010329283386852,TFI,MUB,2025-11-04,False,2185.0,1985.0,933.0,0,0,0,,,0.0,0.0,0,False,True,True,0,,,0,0,0,0.0,0.0,0.0,0.0,0.0,0,0,0,0,0,0,0,0,0,-0.0,-0.0,-0.0,0.0,0.0,0.0,0.0,0.0,0.0,976.950000000004
45.67,50.3,106.99,-0.0599999999999951,-0.0900000000000034,-0.2400000000000091,2.342675717100941,2.127037773359841,1.0,2.342406523212794,2.127281474525112,1.0,2.3423054630331253,2.127286871286262,1.0,106.97309049672285,107.00252962569895,106.99,0.0117115273151656,0.0106364343564313,0.005,106.96137896940766,106.99189319134254,106.985,106.984802024038,107.0131660600554,106.995,106.984802024038,106.99189319134254,0.0070911673045372,6.627878591024669e-05,TFI,VTEB,2025-11-05,False,2190.0,1989.0,935.0,0,0,0,,,0.0,0.0,0,False,True,False,0,,,0,0,0,0.0,0.0,0.0,0.0,0.0,0,0,0,0,0,0,0,0,0,-0.0,-0.0,-0.0,0.0,-0.0,-0.0,-0.0,0.0,0.0,976.950000000004
45.75,50.39,107.23,0.0799999999999983,0.0900000000000034,0.2400000000000091,2.343825136612022,2.1280015876165908,1.0,2.3426274178040973,2.1273342485167204,1.0,2.342406523212794,2.127281474525112,1.0,107.16509843698532,107.1937135013204,107.23,0.0117120326160639,0.0106364073726255,0.005,107.15338640436926,107.18307709394776,107.225,107.17681046960138,107.20434990869305,107.235,107.17681046960138,107.225,0.0481895303986306,0.0004494034355929,TFI,MUB,2025-11-06,False,2185.0,1985.0,933.0,0,0,0,,,0.0,0.0,0,False,True,False,0,,,0,0,0,0.0,0.0,0.0,0.0,0.0,0,0,0,0,0,0,0,0,0,-0.0,-0.0,-0.0,0.0,0.0,0.0,0.0,0.0,0.0,976.950000000004
45.74,50.36,107.22,-0.009999999999998,-0.0300000000000011,-0.0100000000000051,2.344118933100131,2.129070691024623,1.0,2.342827232177019,2.1274058635139887,1.0,2.3426274178040973,2.1273342485167204,1.0,107.1517780903594,107.13255275530204,107.22,0.0117131370890204,0.0106366712425836,0.005,107.1400649532704,107.12191608405946,107.215,107.16349122744845,107.14318942654462,107.225,107.14318942654462,107.215,0.0718105734553802,0.0006697497990615,VTEB,MUB,2025-11-07,False,2186.0,1985.0,933.0,0,0,0,,,0.0,0.0,0,False,True,False,0,,,0,0,0,0.0,0.0,0.0,0.0,0.0,0,0,0,0,0,0,0,0,0,-0.0,-0.0,-0.0,0.0,-0.0,-0.0,-0.0,0.0,0.0,976.950000000004
45.78,50.4,107.27,0.0399999999999991,0.0399999999999991,0.0499999999999971,2.343162953254696,2.128373015873016,1.0,2.3430856638685933,2.1274738881895714,1.0,2.342827232177019,2.1274058635139887,1.0,107.25463068906394,107.22125552110504,107.27,0.011714136160885,0.0106370293175699,0.005,107.24291655290304,107.21061849178749,107.265,107.26634482522483,107.2318925504226,107.275,107.2318925504226,107.265,0.0331074495774004,0.0003086366139405,VTEB,MUB,2025-11-10,False,2184.0,1983.0,932.0,0,0,0,,,0.0,0.0,0,False,True,False,0,,,0,0,0,0.0,0.0,0.0,0.0,0.0,0,0,0,0,0,0,0,0,0,-0.0,-0.0,-0.0,0.0,0.0,0.0,0.0,0.0,0.0,976.950000000004
45.91,50.52,107.54,0.1299999999999954,0.1200000000000045,0.2700000000000102,2.342409061206709,2.1286619160728426,1.0,2.343192987826084,2.1275314120815367,1.0,2.3430856638685933,2.1274738881895714,1.0,107.5710628282071,107.47998083133716,107.54,0.0117154283193429,0.0106373694409478,0.005,107.55934739988776,107.46934346189622,107.535,107.58277825652644,107.4906182007781,107.545,107.4906182007781,107.55934739988776,0.0687291991096543,0.0006391035810828,VTEB,TFI,2025-11-11,False,2179.0,1979.0,930.0,0,0,0,,,0.0,0.0,0,False,True,False,0,,,0,0,0,0.0,0.0,0.0,0.0,0.0,0,0,0,0,0,0,0,0,0,-0.0,-0.0,-0.0,0.0,0.0,0.0,0.0,0.0,0.0,976.950000000004
45.88,50.45,107.37,-0.029999999999994,-0.0700000000000002,-0.1700000000000017,2.3402353966870098,2.128245787908821,1.0,2.343104385913223,2.1275881900569185,1.0,2.343192987826084,2.1275314120815367,1.0,107.50569428146076,107.33395973951352,107.37,0.0117159649391304,0.0106376570604076,0.005,107.49397831652162,107.32332208245312,107.365,107.51741024639988,107.34459739657396,107.375,107.34459739657396,107.49397831652162,0.1493809199476743,0.001391272421977,VTEB,TFI,2025-11-12,False,2182.0,1981.0,931.0,0,0,0,,,0.0,0.0,0,False,True,False,0,,,0,0,0,0.0,0.0,0.0,0.0,0.0,0,0,0,0,0,0,0,0,0,-0.0,-0.0,-0.0,0.0,-0.0,-0.0,-0.0,0.0,0.0,976.950000000004
45.76,50.37,107.19,-0.1200000000000045,-0.0800000000000054,-0.1800000000000068,2.342438811188812,2.128052412150089,1.0,2.3430834693298066,2.1275922369718714,1.0,2.343104385913223,2.1275881900569185,1.0,107.22045669938908,107.16661713316698,107.19,0.0117155219295661,0.0106379409502845,0.005,107.20874117745952,107.15597919221668,107.185,107.23217222131863,107.17725507411728,107.195,107.17725507411728,107.20874117745952,0.031486103342246,0.0002937410517981,VTEB,TFI,2025-11-13,False,2186.0,1985.0,933.0,0,0,0,,,0.0,0.0,0,False,True,False,0,,,0,0,0,0.0,0.0,0.0,0.0,0.0,0,0,0,0,0,0,0,0,0,-0.0,-0.0,-0.0,0.0,-0.0,-0.0,-0.0,0.0,0.0,976.950000000004
45.69,50.27,106.97,-0.0700000000000002,-0.0999999999999943,-0.2199999999999988,2.341212519150799,2.1279092898348915,1.0,2.342924540507774,2.127631265820052,1.0,2.3430834693298066,2.1275922369718714,1.0,107.05548371367884,106.95406175257598,106.97,0.011715417346649,0.0106379611848593,0.005,107.0437682963322,106.94342379139113,106.965,107.0671991310255,106.96469971376084,106.975,106.96469971376084,107.0437682963322,0.0790685825713666,0.0007391659584123,VTEB,TFI,2025-11-14,False,2191.0,1989.0,935.0,0,0,0,,,0.0,0.0,0,False,True,False,0,,,0,0,0,0.0,0.0,0.0,0.0,0.0,0,0,0,0,0,0,0,0,0,-0.0,-0.0,-0.0,0.0,-0.0,-0.0,-0.0,0.0,0.0,976.950000000004
45.75,50.34,107.09,0.0600000000000022,0.0700000000000002,0.1200000000000045,2.3407650273224045,2.127334127930076,1.0,2.342875011433903,2.1276366742347586,1.0,2.342924540507774,2.127631265820052,1.0,107.18879772823068,107.1049579213814,107.09,0.0117146227025388,0.0106381563291002,0.005,107.17708310552813,107.0943197650523,107.085,107.2005123509332,107.11559607771048,107.095,107.095,107.17708310552813,0.0820831055281274,0.0007664871185743,MUB,TFI,2025-11-17,False,2188.0,1987.0,934.0,0,0,0,,,0.0,0.0,0,False,True,False,0,,,0,0,0,0.0,0.0,0.0,0.0,0.0,0,0,0,0,0,0,0,0,0,-0.0,-0.0,-0.0,0.0,0.0,0.0,0.0,0.0,0.0,976.950000000004
45.8,50.39,107.21,0.0499999999999971,0.0499999999999971,0.1199999999999903,2.340829694323144,2.127604683468942,1.0,2.3427524795959327,2.1276284590411167,1.0,2.342875011433903,2.1276366742347586,1.0,107.30367552367277,107.21161201468948,107.21,0.0117143750571695,0.0106381833711737,0.005,107.29196114861558,107.20097383131832,107.205,107.31538989872992,107.22225019806064,107.215,107.215,107.29196114861558,0.0769611486155952,0.0007178541984478,MUB,TFI,2025-11-18,False,2186.0,1985.0,933.0,0,0,0,,,0.0,0.0,0,False,True,False,0,,,0,0,0,0.0,0.0,0.0,0.0,0.0,0,0,0,0,0,0,0,0,0,-0.0,-0.0,-0.0,0.0,0.0,0.0,0.0,0.0,0.0,976.950000000004
45.73,50.33,107.05,-0.0700000000000002,-0.0600000000000022,-0.1599999999999966,2.340914060791603,2.1269620504669184,1.0,2.342637903889868,2.12763143406891,1.0,2.3427524795959327,2.1276284590411167,1.0,107.134070891922,107.0835403435394,107.05,0.0117137623979796,0.0106381422952055,0.005,107.12235712952402,107.0729022012442,107.045,107.14578465431995,107.0941784858346,107.055,107.055,107.12235712952402,0.0673571295240265,0.0006292118591688,MUB,TFI,2025-11-19,False,2188.0,1987.0,934.0,0,0,0,,,0.0,0.0,0,False,True,False,0,,,0,0,0,0.0,0.0,0.0,0.0,0.0,0,0,0,0,0,0,0,0,0,-0.0,-0.0,-0.0,0.0,-0.0,-0.0,-0.0,0.0,0.0,976.950000000004
45.77,50.39,107.12,0.0400000000000062,0.0600000000000022,0.0700000000000073,2.340397640375792,2.125818614804525,1.0,2.3425227096559347,2.1275412805194653,1.0,2.342637903889868,2.12763143406891,1.0,107.22253686103927,107.2113479627324,107.12,0.0117131895194493,0.0106381571703445,0.005,107.21082367151982,107.20070980556206,107.115,107.23425005055871,107.22198611990277,107.125,107.125,107.21082367151982,0.0858236715198188,0.000801191855114,MUB,TFI,2025-11-20,False,2188.0,1987.0,934.0,0,0,0,,,0.0,0.0,0,False,True,False,0,,,0,0,0,0.0,0.0,0.0,0.0,0.0,0,0,0,0,0,0,0,0,0,-0.0,-0.0,-0.0,0.0,0.0,0.0,0.0,0.0,0.0,976.950000000004
45.77,50.39,107.16,0.0,0.0,0.039999999999992,2.3412715752676423,2.126612423099821,1.0,2.3422471390190984,2.1274847155957533,1.0,2.3425227096559347,2.1275412805194653,1.0,107.21726442095212,107.20680512537588,107.16,0.0117126135482796,0.0106377064025973,0.005,107.20555180740384,107.19616741897327,107.155,107.22897703450042,107.21744283177846,107.165,107.165,107.20555180740384,0.0405518074038582,0.0003784229880912,MUB,TFI,2025-11-21,False,2186.0,1985.0,933.0,0,0,0,,,0.0,0.0,0,False,True,False,0,,,0,0,0,0.0,0.0,0.0,0.0,0.0,0,0,0,0,0,0,0,0,0,-0.0,-0.0,-0.0,0.0,0.0,0.0,0.0,0.0,0.0,976.950000000004
45.81,50.42,107.2,0.0399999999999991,0.0300000000000011,0.0400000000000062,2.340100414756604,2.1261404204680683,1.0,2.342080992509542,2.127415698659489,1.0,2.3422471390190984,2.1274847155957533,1.0,107.2983414384649,107.26777936033788,107.2,0.0117112356950954,0.0106374235779787,0.005,107.2866302027698,107.25714193675992,107.195,107.31005267416,107.27841678391586,107.205,107.205,107.2866302027698,0.0816302027698014,0.0007614757721063,MUB,TFI,2025-11-24,False,2185.0,1985.0,933.0,0,0,0,,,0.0,0.0,0,False,True,False,0,,,0,0,0,0.0,0.0,0.0,0.0,0.0,0,0,0,0,0,0,0,0,0,-0.0,-0.0,-0.0,0.0,0.0,0.0,0.0,0.0,0.0,976.950000000004
45.81,50.42,107.25,0.0,0.0,0.0499999999999971,2.341191879502292,2.127132090440301,1.0,2.342009242550873,2.127413521535934,1.0,2.342080992509542,2.127415698659489,1.0,107.29073026686213,107.26429952641146,107.25,0.0117104049625477,0.0106370784932974,0.005,107.27901986189956,107.25366244791816,107.245,107.30244067182466,107.27493660490477,107.255,107.255,107.27901986189956,0.0240198618995748,0.000223961416313,MUB,TFI,2025-11-25,False,2183.0,1983.0,932.0,0,0,0,,,0.0,0.0,0,False,True,False,0,,,0,0,0,0.0,0.0,0.0,0.0,0.0,0,0,0,0,0,0,0,0,0,-0.0,-0.0,-0.0,0.0,0.0,0.0,0.0,0.0,0.0,976.950000000004
45.9,50.54,107.4,0.0899999999999963,0.1199999999999974,0.1500000000000056,2.339869281045752,2.1250494657696875,1.0,2.341881659711121,2.1273714580073166,1.0,2.342009242550873,2.127413521535934,1.0,107.49822423308508,107.51947937842613,107.4,0.0117100462127543,0.0106370676076796,0.005,107.48651418687233,107.50884231081844,107.395,107.50993427929784,107.5301164460338,107.405,107.405,107.50884231081844,0.103842310818436,0.0009668744024062,MUB,VTEB,2025-11-26,False,2180.0,1981.0,931.0,0,0,0,,,0.0,0.0,0,False,True,False,0,,,0,0,0,0.0,0.0,0.0,0.0,0.0,0,0,0,0,0,0,0,0,0,-0.0,-0.0,-0.0,0.0,0.0,0.0,0.0,0.0,0.0,976.950000000004
45.92,50.52,107.43,0.0200000000000031,-0.019999999999996,0.0300000000000011,2.339503484320557,2.126484560570072,1.0,2.341728315489445,2.1273986563328497,1.0,2.341881659711121,2.1273714580073166,1.0,107.53920581393469,107.47480605852964,107.43,0.0117094082985556,0.0106368572900365,0.005,107.52749640563611,107.4641692012396,107.425,107.55091522223324,107.48544291581968,107.435,107.435,107.52749640563611,0.0924964056361261,0.0008609923265021,MUB,TFI,2025-11-28,False,2180.0,1981.0,931.0,0,0,0,,,0.0,0.0,0,False,True,False,0,,,0,0,0,0.0,0.0,0.0,0.0,0.0,0,0,0,0,0,0,0,0,0,-0.0,-0.0,-0.0,0.0,0.0,-0.0,0.0,0.0,0.0,976.950000000004
45.64,50.25,106.87,-0.2800000000000011,-0.2700000000000031,-0.5600000000000023,2.3415863277826467,2.126766169154229,1.0,2.3417270218567903,2.1273632514097223,1.0,2.341728315489445,2.1273986563328497,1.0,106.87648031893828,106.9017824807257,106.87,0.0117086415774472,0.0106369932816642,0.005,106.86477167736084,106.89114548744404,106.865,106.88818896051572,106.91241947400736,106.875,106.875,106.89114548744404,0.0161454874440352,0.0001510759562462,MUB,VTEB,2025-12-01,True,2192.0,1991.0,936.0,0,0,0,,,0.0,0.0,0,False,True,False,0,,,0,0,0,0.0,0.0,0.0,0.0,0.0,0,0,0,0,0,0,0,0,0,-0.0,-0.0,-0.0,0.0,-0.0,-0.0,-0.0,0.0,0.0,976.950000000004
45.63,50.22,106.81,-0.009999999999998,-0.0300000000000011,-0.0600000000000022,2.3407845715538023,2.1268418956591,1.0,2.3416071346542227,2.1273050281644523,1.0,2.3417270218567903,2.1273632514097223,1.0,106.85300400732535,106.83618248579624,106.81,0.0117086351092839,0.0106368162570486,0.005,106.84129537221608,106.8255456695392,106.805,106.86471264243464,106.84681930205328,106.815,106.815,106.84129537221608,0.0262953722160688,0.0002461882989988,MUB,TFI,2025-12-02,False,2192.0,1991.0,936.0,0,0,0,,,0.0,0.0,0,False,True,True,0,,,0,0,0,0.0,0.0,0.0,0.0,0.0,0,0,0,0,0,0,0,0,0,-0.0,-0.0,-0.0,0.0,-0.0,-0.0,-0.0,0.0,0.0,976.950000000004
45.64,50.22,106.87,0.009999999999998,0.0,0.0600000000000022,2.3415863277826467,2.128036638789327,1.0,2.3414439406563003,2.1273067807230888,1.0,2.3416071346542227,2.1273050281644523,1.0,106.87094962561872,106.8332585144188,106.87,0.0117080356732711,0.0106365251408222,0.005,106.85924158994546,106.82262198927796,106.865,106.882657661292,106.8438950395596,106.875,106.8438950395596,106.865,0.0211049604403967,0.000197482553012,VTEB,MUB,2025-12-03,False,2192.0,1991.0,936.0,0,0,0,,,0.0,0.0,0,False,True,False,0,,,0,0,0,0.0,0.0,0.0,0.0,0.0,0,0,0,0,0,0,0,0,0,-0.0,-0.0,-0.0,0.0,0.0,0.0,0.0,0.0,0.0,976.950000000004
45.65,50.21,106.86,0.009999999999998,-0.009999999999998,-0.0100000000000051,2.340854326396495,2.1282613025293764,1.0,2.3413528711210776,2.127367957181566,1.0,2.3414439406563003,2.1273067807230888,1.0,106.88691589096013,106.81207346010628,106.86,0.0117072197032815,0.0106365339036154,0.005,106.87520867125684,106.80143692620268,106.855,106.8986231106634,106.82270999400993,106.865,106.82270999400993,106.87520867125684,0.0524986772469162,0.0004912846457693,VTEB,TFI,2025-12-04,False,2192.0,1991.0,936.0,0,0,0,,,0.0,0.0,0,False,True,False,0,,,0,0,0,0.0,0.0,0.0,0.0,0.0,0,0,0,0,0,0,0,0,0,-0.0,-0.0,-0.0,0.0,0.0,-0.0,-0.0,0.0,0.0,976.950000000004
45.65,50.23,106.91,0.0,0.019999999999996,0.0499999999999971,2.341949616648412,2.1284093171411507,1.0,2.341259095122897,2.127388343657794,1.0,2.3413528711210776,2.127367957181566,1.0,106.88275856667718,106.85769248923006,106.91,0.0117067643556053,0.0106368397859078,0.005,106.87105180232156,106.84705564944416,106.905,106.8944653310328,106.86832932901596,106.915,106.86832932901596,106.905,0.0366706709840372,0.0003430050601818,VTEB,MUB,2025-12-05,False,2189.0,1989.0,935.0,0,0,0,,,0.0,0.0,0,False,True,False,0,,,0,0,0,0.0,0.0,0.0,0.0,0.0,0,0,0,0,0,0,0,0,0,-0.0,-0.0,-0.0,0.0,0.0,0.0,0.0,0.0,0.0,976.950000000004
45.62,50.19,106.85,-0.0300000000000011,-0.0399999999999991,-0.0600000000000022,2.3421744848750548,2.1289101414624425,1.0,2.3411618727116434,2.1273803161796847,1.0,2.341259095122897,2.127388343657794,1.0,106.80823991950658,106.77362096818467,106.85,0.0117062954756144,0.0106369417182889,0.005,106.79653362403096,106.76298402646638,106.845,106.8199462149822,106.78425790990296,106.855,106.78425790990296,106.845,0.0607420900970367,0.0005684800196259,VTEB,MUB,2025-12-08,False,2191.0,1991.0,936.0,0,0,0,,,0.0,0.0,0,False,True,False,0,,,0,0,0,0.0,0.0,0.0,0.0,0.0,0,0,0,0,0,0,0,0,0,-0.0,-0.0,-0.0,0.0,-0.0,-0.0,-0.0,0.0,0.0,976.950000000004
45.59,50.19,106.79,-0.029999999999994,0.0,-0.059999999999988,2.342399649045843,2.1277146842000403,1.0,2.341123707501201,2.127347399596036,1.0,2.3411618727116434,2.1273803161796847,1.0,106.73356977692384,106.77321806905836,106.79,0.0117058093635582,0.0106369015808984,0.005,106.72186396756028,106.76258116747748,106.785,106.7452755862874,106.78385497063928,106.795,106.7452755862874,106.785,0.0397244137126193,0.0003719862694317,TFI,MUB,2025-12-09,False,2191.0,1991.0,936.0,0,0,0,,,0.0,0.0,0,False,True,False,0,,,0,0,0,0.0,0.0,0.0,0.0,0.0,0,0,0,0,0,0,0,0,0,-0.0,-0.0,-0.0,0.0,-0.0,0.0,-0.0,0.0,0.0,976.950000000004
45.66,50.26,106.97,0.0699999999999931,0.0700000000000002,0.1799999999999926,2.3427507665352607,2.1283326701154,1.0,2.3411407927676287,2.127330937298164,1.0,2.341123707501201,2.127347399596036,1.0,106.89570848450484,106.92048030369678,106.97,0.011705618537506,0.0106367369979801,0.005,106.88400286596732,106.9098435666988,106.965,106.90741410304234,106.93111704069476,106.975,106.90741410304234,106.965,0.0575858969576614,0.0005383368884515,TFI,MUB,2025-12-10,False,2189.0,1989.0,935.0,0,0,0,,,0.0,0.0,0,False,True,False,0,,,0,0,0,0.0,0.0,0.0,0.0,0.0,0,0,0,0,0,0,0,0,0,-0.0,-0.0,-0.0,0.0,0.0,0.0,0.0,0.0,0.0,976.950000000004
45.64,50.25,106.97,-0.019999999999996,-0.009999999999998,0.0,2.343777388255916,2.1287562189054725,1.0,2.3413178923460736,2.1273564588479963,1.0,2.3411407927676287,2.127330937298164,1.0,106.84966578191457,106.89837959923275,106.97,0.0117057039638381,0.0106366546864908,0.005,106.83796007795073,106.88774294454626,106.965,106.8613714858784,106.90901625391923,106.975,106.8613714858784,106.965,0.1036285141215955,0.0009687624018098,TFI,MUB,2025-12-11,False,2189.0,1989.0,935.0,0,0,0,,,0.0,0.0,0,False,True,False,0,,,0,0,0,0.0,0.0,0.0,0.0,0.0,0,0,0,0,0,0,0,0,0,-0.0,-0.0,-0.0,0.0,-0.0,-0.0,0.0,0.0,0.0,976.950000000004
45.58,50.18,106.85,-0.0600000000000022,-0.0700000000000002,-0.1200000000000045,2.34422992540588,2.1293343961737743,1.0,2.341407448056928,2.1274205580491805,1.0,2.3413178923460736,2.1273564588479963,1.0,106.71726953313404,106.75074710499246,106.85,0.0117065894617303,0.0106367822942399,0.005,106.7055629436723,106.7401103226982,106.845,106.72897612259575,106.7613838872867,106.855,106.72897612259575,106.845,0.1160238774042454,0.0010858575330299,TFI,MUB,2025-12-12,False,2191.0,1991.0,936.0,0,0,0,,,0.0,0.0,0,False,True,False,0,,,0,0,0,0.0,0.0,0.0,0.0,0.0,0,0,0,0,0,0,0,0,0,-0.0,-0.0,-0.0,0.0,-0.0,-0.0,-0.0,0.0,0.0,976.950000000004
45.65,50.23,106.84,0.0700000000000002,0.0499999999999971,-0.0099999999999909,2.3404162102957287,2.127015727652797,1.0,2.341367632614174,2.127375879940076,1.0,2.341407448056928,2.1274205580491805,1.0,106.88525000379872,106.86033463081031,106.84,0.0117070372402846,0.0106371027902459,0.005,106.87354296655845,106.84969752802007,106.835,106.89695704103902,106.87097173360056,106.845,106.845,106.87354296655845,0.0285429665584473,0.0002671561826885,MUB,TFI,2025-12-15,False,2192.0,1991.0,936.0,0,0,0,,,0.0,0.0,0,False,True,False,0,,,0,0,0,0.0,0.0,0.0,0.0,0.0,0,0,0,0,0,0,0,0,0,-0.0,-0.0,-0.0,0.0,0.0,0.0,-0.0,0.0,0.0,976.950000000004
