DATE,SPHY_price,SCYB_price,HYLB_price,USHY_price,HYG_price,JNK_price,SPHY_price_chg,SCYB_price_chg,HYLB_price_chg,USHY_price_chg,HYG_price_chg,JNK_price_chg,JNK/SPHY,JNK/SCYB,JNK/HYLB,JNK/USHY,JNK/HYG,JNK/JNK,JNK/SPHY_moving_avg,JNK/SCYB_moving_avg,JNK/HYLB_moving_avg,JNK/USHY_moving_avg,JNK/HYG_moving_avg,JNK/JNK_moving_avg,JNK/SPHY_prev_moving_avg,JNK/SCYB_prev_moving_avg,JNK/HYLB_prev_moving_avg,JNK/USHY_prev_moving_avg,JNK/HYG_prev_moving_avg,JNK/JNK_prev_moving_avg,SPHY_scaled_price,SCYB_scaled_price,HYLB_scaled_price,USHY_scaled_price,HYG_scaled_price,JNK_scaled_price,ln(SPHY*/JNK),ln(SCYB*/JNK),ln(HYLB*/JNK),ln(USHY*/JNK),ln(HYG*/JNK),ln(JNK*/JNK)
2025-01-02,23.53,26.22,36.16,36.86,78.84,95.75,,,,,,,4.0692732681682955,3.6517925247902365,2.647953539823009,2.5976668475311993,1.2144850329781836,1.0,,,,,,,,,,,,,,,,,,,,,,,,
2025-01-03,23.57,26.26,36.25,36.96,78.96,95.95,0.03999999999999915,0.0400000000000027,0.09000000000000341,0.10000000000000142,0.11999999999999034,0.20000000000000284,4.070852778956301,3.6538461538461537,2.646896551724138,2.5960497835497836,1.2151722391084094,1.0,,,,,,,,,,,,,,,,,,,,,,,,
2025-01-06,23.61,26.26,36.29,36.99,79.1,96.06,0.03999999999999915,0.0,0.03999999999999915,0.030000000000001137,0.14000000000000057,0.10999999999999943,4.06861499364676,3.658035034272658,2.6470101956461836,2.5969180859691807,1.2144121365360305,1.0,,,,,,,,,,,,,,,,,,,,,,,,
2025-01-07,23.54,26.19,36.19,36.88,78.84,95.77,-0.07000000000000028,-0.07000000000000028,-0.10000000000000142,-0.10999999999999943,-0.2599999999999909,-0.29000000000000625,4.06839422259983,3.656739213440244,2.6463111356728377,2.596800433839479,1.2147387113140538,1.0,,,,,,,,,,,,,,,,,,,,,,,,
2025-01-08,23.55,26.22,36.24,36.91,78.94,95.87,0.010000000000001563,0.029999999999997584,0.05000000000000426,0.02999999999999403,0.09999999999999432,0.10000000000000853,4.0709129511677284,3.6563691838291383,2.6454194260485653,2.597399078840423,1.214466683557132,1.0,,,,,,,,,,,,,,,,,,,,,,,,
2025-01-10,23.43,26.1,36.03,36.71,78.53,95.34,-0.120000000000001,-0.11999999999999744,-0.21000000000000085,-0.19999999999999574,-0.4099999999999966,-0.5300000000000011,4.069142125480154,3.6528735632183906,2.646128226477935,2.5971125034050666,1.2140583216605119,1.0,,,,,,,,,,,,,,,,,,,,,,,,
2025-01-13,23.43,26.08,36.04,36.73,78.51,95.3,0.0,-0.020000000000003126,0.00999999999999801,0.01999999999999602,-0.01999999999999602,-0.04000000000000625,4.067434912505335,3.6541411042944785,2.644284128745838,2.5946093111897635,1.2138581072474843,1.0,,,,,,,,,,,,,,,,,,,,,,,,
2025-01-14,23.46,26.1,36.05,36.76,78.61,95.38,0.030000000000001137,0.020000000000003126,0.00999999999999801,0.030000000000001137,0.09999999999999432,0.0799999999999983,4.065643648763853,3.6544061302681987,2.6457697642163662,2.5946681175190425,1.2133316371962855,1.0,,,,,,,,,,,,,,,,,,,,,,,,
2025-01-15,23.65,26.31,36.38,37.08,79.3,96.26,0.18999999999999773,0.2099999999999973,0.3300000000000054,0.3200000000000003,0.6899999999999977,0.8800000000000097,4.070190274841438,3.65868491068035,2.645959318306762,2.5960086299892127,1.2138713745271124,1.0,,,,,,,,,,,,,,,,,,,,,,,,
2025-01-16,23.68,26.36,36.43,37.12,79.39,96.37,0.030000000000001137,0.05000000000000071,0.04999999999999716,0.03999999999999915,0.09000000000000341,0.10999999999999943,4.069679054054054,3.655918057663126,2.6453472412846555,2.5961745689655173,1.2138808414157956,1.0,,,,,,,,,,,,,,,,,,,,,,,,
2025-01-17,23.72,26.39,36.47,37.19,79.46,96.45,0.03999999999999915,0.030000000000001137,0.03999999999999915,0.07000000000000028,0.06999999999999318,0.0799999999999983,4.0661888701517706,3.6547934823796893,2.6446394296682207,2.5934390965313256,1.2138182733450795,1.0,,,,,,,,,,,,,,,,,,,,,,,,
2025-01-21,23.77,26.47,36.56,37.26,79.67,96.73,0.05000000000000071,0.0799999999999983,0.09000000000000341,0.07000000000000028,0.21000000000000796,0.28000000000000114,4.069415229280606,3.6543256516811486,2.6457877461706785,2.5960815888352125,1.2141332998619305,1.0,,,,,,,,,,,,,,,,,,,,,,,,
2025-01-22,23.74,26.43,36.5,37.21,79.56,96.57,-0.030000000000001137,-0.03999999999999915,-0.060000000000002274,-0.04999999999999716,-0.10999999999999943,-0.1600000000000108,4.067818028643639,3.6538024971623155,2.645753424657534,2.595270088685837,1.2138009049773755,1.0,,,,,,,,,,,,,,,,,,,,,,,,
2025-01-23,23.77,26.46,36.55,37.27,79.66,96.71,0.030000000000001137,0.030000000000001137,0.04999999999999716,0.060000000000002274,0.09999999999999432,0.14000000000000057,4.068573832562053,3.654950869236583,2.6459644322845417,2.594848403541722,1.214034647250816,1.0,,,,,,,,,,,,,,,,,,,,,,,,
2025-01-24,23.8,26.48,36.58,37.29,79.75,96.81,0.030000000000001137,0.019999999999999574,0.030000000000001137,0.01999999999999602,0.09000000000000341,0.10000000000000853,4.067647058823529,3.655966767371601,2.6465281574630946,2.596138374899437,1.2139184952978057,1.0,,,,,,,,,,,,,,,,,,,,,,,,
2025-01-27,23.82,26.51,36.61,37.34,79.81,96.92,0.019999999999999574,0.030000000000001137,0.030000000000001137,0.05000000000000426,0.060000000000002274,0.10999999999999943,4.068849706129303,3.655978875895888,2.6473641081671677,2.5956079271558647,1.214384162385666,1.0,,,,,,,,,,,,,,,,,,,,,,,,
2025-01-28,23.81,26.5,36.61,37.31,79.78,96.86,-0.010000000000001563,-0.010000000000001563,0.0,-0.030000000000001137,-0.030000000000001137,-0.060000000000002274,4.068038639227216,3.6550943396226416,2.6457252116907948,2.5960868399892787,1.2140887440461268,1.0,,,,,,,,,,,,,,,,,,,,,,,,
2025-01-29,23.8,26.49,36.58,37.3,79.73,96.78,-0.00999999999999801,-0.010000000000001563,-0.030000000000001137,-0.010000000000005116,-0.04999999999999716,-0.0799999999999983,4.0663865546218485,3.6534541336353343,2.645708037178786,2.594638069705094,1.2138467327229399,1.0,,,,,,,,,,,,,,,,,,,,,,,,
2025-01-30,23.83,26.53,36.63,37.35,79.88,96.98,0.029999999999997584,0.0400000000000027,0.05000000000000426,0.05000000000000426,0.14999999999999147,0.20000000000000284,4.069660092320604,3.655484357331323,2.6475566475566477,2.5965194109772423,1.21407110665999,1.0,,,,,,,,,,,,,,,,,,,,,,,,
2025-01-31,23.78,26.49,36.58,37.29,79.72,96.76,-0.04999999999999716,-0.0400000000000027,-0.05000000000000426,-0.060000000000002274,-0.1599999999999966,-0.21999999999999886,4.068965517241379,3.6526991317478297,2.645161290322581,2.5947975328506305,1.2137481184144507,1.0,4.068584087959285,3.6549677991183662,2.6460634006553168,2.595841734698516,1.2141059785251591,1.0,,,,,,,,,,,,,,,,,,
2025-02-03,23.61,26.29,36.35,37.05,79.26,96.1,-0.1700000000000017,-0.1999999999999993,-0.22999999999999687,-0.240000000000002,-0.45999999999999375,-0.6600000000000108,4.070309191020754,3.6553822746291367,2.6437414030261346,2.593792172739541,1.2124653040625788,1.0,4.068635884101907,3.655147286610311,2.645852793815473,2.5956480009589327,1.2140049920793785,1.0,4.068584087959285,3.6549677991183662,2.6460634006553168,2.595841734698516,1.2141059785251591,1.0,96.05927031671871,96.08910343882185,96.18440461382077,96.17593627058001,96.23003985790412,96.1,-0.00042391588835754044,-0.00011339416225844578,0.0008779143520393631,0.0007898676870426999,0.0013522575861379786,0.0
2025-02-04,23.68,26.36,36.43,37.14,79.51,96.38,0.07000000000000028,0.07000000000000028,0.0799999999999983,0.09000000000000341,0.25,0.28000000000000114,4.070101351351351,3.656297420333839,2.6456217403239086,2.59504577275175,1.212174569236574,1.0,4.06859831272166,3.655269849934696,2.6457890532454615,2.595597800419031,1.213855108585787,1.0,4.068635884101907,3.655147286610311,2.645852793815473,2.5956480009589327,1.2140049920793785,1.0,96.34529773553315,96.3496824750478,96.38841727869769,96.40236675561476,96.52553692023139,96.38,-0.00036012153307971115,-0.00031461189384972526,8.733047479325025e-05,0.000232041509724709,0.0015088934218025164,0.0
2025-02-05,23.74,26.46,36.54,37.26,79.72,96.64,0.05999999999999872,0.10000000000000142,0.10999999999999943,0.11999999999999744,0.20999999999999375,0.2600000000000051,4.070766638584668,3.6523053665910807,2.6447728516694036,2.593666129898014,1.2122428499749123,1.0,4.068705894968556,3.654983366550617,2.6456771860466226,2.595435202615473,1.213746644257731,1.0,4.06859831272166,3.655269849934696,2.6457890532454615,2.595597800419031,1.213855108585787,1.0,96.5885239440122,96.71844022927206,96.67713200558916,96.7119740436131,96.76852925645893,96.64,-0.0005327997767085185,0.0008113453282103631,0.0003841563927685382,0.0007444873246675463,0.0013290962489978667,0.0
2025-02-06,23.71,26.4,36.48,37.19,79.6,96.52,-0.029999999999997584,-0.060000000000002274,-0.060000000000002274,-0.07000000000000028,-0.12000000000000455,-0.12000000000000455,4.070856178827499,3.6560606060606062,2.6458333333333335,2.595321322936273,1.2125628140703517,1.0,4.06882899277994,3.654949436181635,2.6456532959296473,2.5953612470703122,1.2136378493955458,1.0,4.068705894968556,3.654983366550617,2.6456771860466226,2.595435202615473,1.213746644257731,1.0,96.46901676970445,96.49156087693629,96.51430374698079,96.52423518526943,96.61423288291537,96.52,-0.0005283537098115041,-0.0002946882885180492,-5.9018038869704476e-05,4.3877873545860545e-05,0.0009758279408726093,0.0
2025-02-07,23.65,26.33,36.38,37.09,79.35,96.24,-0.060000000000002274,-0.07000000000000028,-0.09999999999999432,-0.09999999999999432,-0.25,-0.28000000000000114,4.069344608879493,3.655146221040638,2.6454095656954366,2.5947694796441088,1.2128544423440455,1.0,4.068750575665527,3.6548882880422098,2.6456528029119912,2.5952297671104967,1.2135572373348915,1.0,4.06882899277994,3.654949436181635,2.6456532959296473,2.5953612470703122,1.2136378493955458,1.0,96.22780567924558,96.23481865466245,96.24886690592058,96.26194865383789,96.30216334953654,96.24,-0.0001267154340716929,-5.38392021877591e-05,9.212902615493526e-05,0.0002280356545633571,0.0006457115741820565,0.0
2025-02-10,23.69,26.39,36.46,37.16,79.51,96.46,0.0400000000000027,0.060000000000002274,0.0799999999999983,0.06999999999999318,0.1600000000000108,0.21999999999999886,4.071760236386661,3.655172413793103,2.645639056500274,2.5958019375672765,1.2131807319833983,1.0,4.068881481210854,3.6550032305709457,2.6456283444131077,2.595164238818607,1.213513357851036,1.0,4.068750575665527,3.6548882880422098,2.6456528029119912,2.5952297671104967,1.2135572373348915,1.0,96.38870113751635,96.45250192143392,96.4605011941712,96.43873814582605,96.48993594049723,96.46,-0.0007394280107842453,-7.773553808245521e-05,5.195862213833911e-06,-0.00022044575785641813,0.0003102974934043982,0.0
2025-02-11,23.67,26.35,36.42,37.13,79.48,96.35,-0.019999999999999574,-0.03999999999999915,-0.03999999999999915,-0.02999999999999403,-0.030000000000001137,-0.10999999999999943,4.070553443177017,3.656546489563567,2.64552443712246,2.594936708860759,1.2122546552591846,1.0,4.069037407744436,3.6551234998344,2.645690359831939,2.595180608702157,1.213433185251621,1.0,4.068881481210854,3.6550032305709457,2.6456283444131077,2.595164238818607,1.213513357851036,1.0,96.3104246602609,96.30933512554442,96.35378430352539,96.35844818733489,96.45004168200035,96.35,-0.0004108299913228652,-0.0004221427945130544,3.927586102732339e-05,8.767843257273986e-05,0.0010377766530148436,0.0
2025-02-12,23.62,26.32,36.34,37.06,79.31,96.13,-0.05000000000000071,-0.030000000000001137,-0.0799999999999983,-0.07000000000000028,-0.1700000000000017,-0.21999999999999886,4.069856054191363,3.652355623100304,2.645294441386901,2.5939017808958442,1.2120791829529693,1.0,4.069248028015812,3.655020974476005,2.645666593690466,2.5951422918709968,1.213370562539455,1.0,4.069037407744436,3.6551234998344,2.645690359831939,2.595180608702157,1.213433185251621,1.0,96.11066357092359,96.20285051564142,96.14438767629267,96.17739335850194,96.23738592230606,96.13,-0.00020116898040649855,0.0007575462946660857,0.00014965775206355096,0.0004928917046167694,0.0011164671490013955,0.0
2025-02-13,23.73,26.39,36.5,37.23,79.67,96.56,0.10999999999999943,0.07000000000000028,0.1599999999999966,0.1699999999999946,0.35999999999999943,0.4300000000000068,4.069110830172777,3.6589617279272453,2.6454794520547944,2.5936073059360734,1.211999497928957,1.0,4.069194055782379,3.6550348153383494,2.6456426003778675,2.59502222566834,1.2132769687095473,1.0,4.069248028015812,3.655020974476005,2.645666593690466,2.5951422918709968,1.213370562539455,1.0,96.56325570481522,96.45600351642177,96.56683066970201,96.6171475263572,96.66923271751838,96.56,3.371634144876082e-05,-0.001077594518040717,7.073765650462032e-05,0.0005916593008651252,0.0011306025244507008,0.0
2025-02-14,23.75,26.45,36.53,37.26,79.76,96.68,0.019999999999999574,0.05999999999999872,0.030000000000001137,0.030000000000001137,0.09000000000000341,0.12000000000000455,4.070736842105264,3.6551984877126658,2.6465918423213797,2.5947396672034357,1.212136409227683,1.0,4.06924694518494,3.6549988368408273,2.6457048304297035,2.594950480580236,1.2131897471001418,1.0,4.069194055782379,3.6550348153383494,2.6456426003778675,2.59502222566834,1.2132769687095473,1.0,96.64335882483151,96.67567086569935,96.6453241918035,96.69052812840235,96.77097102427349,96.68,-0.00037906620110451613,-4.477897422921211e-05,-0.0003587301220192722,0.00010889072408961183,0.0009405073595397039,0.0
2025-02-18,23.74,26.41,36.51,37.25,79.69,96.62,-0.010000000000001563,-0.03999999999999915,-0.020000000000003126,-0.00999999999999801,-0.07000000000000739,-0.060000000000002274,4.069924178601517,3.6584627035213937,2.6463982470556013,2.593825503355705,1.2124482369180576,1.0,4.069433710607426,3.6551822978979125,2.6457927712990723,2.594969800921455,1.2131212452787907,1.0,4.06924694518494,3.6549988368408273,2.6457048304297035,2.594950480580236,1.2131897471001418,1.0,96.60392247869046,96.52851928096625,96.59468335898848,96.6619054016138,96.6790909464103,96.62,-0.00016641336269758775,-0.0009472578533323569,-0.0002620571140483202,0.0004336195070440448,0.0006113939590887086,0.0
2025-02-19,23.75,26.41,36.55,37.26,79.75,96.7,0.010000000000001563,0.0,0.03999999999999915,0.00999999999999801,0.060000000000002274,0.0799999999999983,4.071578947368421,3.6614918591442636,2.6456908344733243,2.5952764358561464,1.212539184952978,1.0,4.069541896511818,3.6555406082710675,2.645787925714205,2.5949295432725017,1.2130415395333431,1.0,4.069433710607426,3.6551822978979125,2.6457927712990723,2.594969800921455,1.2131212452787907,1.0,96.64905062692638,96.53336448748387,96.70372579098108,96.6885747823334,96.74641931098355,96.7,-0.0005270196474994896,-0.0017247078863892329,3.852863709110743e-05,-0.00011815814551356406,0.0004799190601700285,0.0
2025-02-20,23.77,26.44,36.56,37.29,79.8,96.77,0.019999999999999574,0.030000000000001137,0.010000000000005116,0.030000000000001137,0.04999999999999716,0.06999999999999318,4.071098022717711,3.6599848714069587,2.646881838074398,2.5950657012603915,1.21265664160401,1.0,4.069705896215521,3.6558497269833006,2.645844346385048,2.5949193239012294,1.212984326364675,1.0,4.069541896511818,3.6555406082710675,2.645787925714205,2.5949295432725017,1.2130415395333431,1.0,96.7330108800859,96.65249368268702,96.73000656411135,96.76492266863158,96.80071485476078,96.77,-0.00038231054076520027,-0.0012150224054267124,-0.00041336883825774794,-5.246940758356215e-05,0.00031735022564354084,0.0
2025-02-21,23.74,26.41,36.51,37.23,79.65,96.63,-0.030000000000001137,-0.030000000000001137,-0.05000000000000426,-0.060000000000002274,-0.14999999999999147,-0.14000000000000057,4.0703454085930915,3.658841347974252,2.646672144617913,2.5954875100725223,1.2131826741996232,1.0,4.069794475017074,3.6560442509201834,2.6458797320017164,2.5949512792277694,1.212941727712115,1.0,4.069705896215521,3.6558497269833006,2.645844346385048,2.5949193239012294,1.212984326364675,1.0,96.61481797615647,96.55099128962897,96.5997770865181,96.60884642884277,96.61420159494637,96.63,-0.00015712735827800396,-0.0008179760777587312,-0.0003128183883875616,-0.00021893704741731657,-0.00016350715787002184,0.0
2025-02-24,23.76,26.44,36.56,37.28,79.75,96.72,0.020000000000003126,0.030000000000001137,0.05000000000000426,0.05000000000000426,0.09999999999999432,0.09000000000000341,4.07070707070707,3.658093797276853,2.6455142231947484,2.594420600858369,1.2127899686520376,1.0,4.069947475611251,3.656150602415446,2.6458290352882994,2.594865390525716,1.2128853013798266,1.0,4.069794475017074,3.6560442509201834,2.6458797320017164,2.5949512792277694,1.212941727712115,1.0,96.69831672640568,96.66580999432965,96.73336300198275,96.73978368961124,96.73210278504118,96.72,-0.0002242111714355013,-0.0005604341610204289,0.00013815218093538248,0.0002045250883971574,0.00012512435773747468,0.0
2025-02-25,23.8,26.51,36.63,37.37,79.95,96.96,0.03999999999999915,0.07000000000000028,0.07000000000000028,0.0899999999999963,0.20000000000000284,0.23999999999999488,4.0739495798319325,3.657487740475292,2.6470106470106467,2.5945945945945947,1.2127579737335834,1.0,4.070202469296381,3.6562260456444164,2.6458113622304733,2.5948147238976524,1.2128039919472227,1.0,4.069947475611251,3.656150602415446,2.6458290352882994,2.594865390525716,1.2128853013798266,1.0,96.86474991954778,96.92455247003349,96.91671756261042,96.970119643946,96.97017984531715,96.96,-0.0009828475275659547,-0.0003656560557287014,-0.00044649443886578434,0.00010436381902687937,0.00010498464276810553,0.0
2025-02-26,23.84,26.52,36.69,37.4,80.06,97.05,0.03999999999999915,0.00999999999999801,0.05999999999999517,0.030000000000001137,0.10999999999999943,0.09000000000000341,4.070889261744966,3.659502262443439,2.645134914145544,2.5949197860962565,1.212215838121409,1.0,4.07034500042227,3.6564464417854565,2.6457818473532106,2.5947563712030015,1.2127103466509868,1.0,4.070202469296381,3.6562260456444164,2.6458113622304733,2.5948147238976524,1.2128039919472227,1.0,97.03362686802573,96.96311473048992,97.07481888023607,97.04607067377219,97.09708759529465,97.05,-0.00016872244482776588,-0.0008956639394109822,0.00025570022951677585,-4.048846753782521e-05,0.00048507136317275414,0.0
2025-02-27,23.79,26.47,36.62,37.33,79.91,96.85,-0.05000000000000071,-0.05000000000000071,-0.07000000000000028,-0.07000000000000028,-0.15000000000000568,-0.20000000000000284,4.0710382513661205,3.658859085757461,2.644729655925724,2.594428073935173,1.211988487047929,1.0,4.070577585259484,3.656716689391563,2.6457329282905575,2.5947458714145055,1.212617434367236,1.0,4.07034500042227,3.6564464417854565,2.6457818473532106,2.5947563712030015,1.2127103466509868,1.0,96.8335075600458,96.78613731406104,96.88853125007456,96.86225533700804,96.90768380088035,96.85,-0.00017030298760922148,-0.0006596153914276295,0.0003977654866481265,0.00012653135448843317,0.0005954220906547027,0.0
2025-02-28,23.84,26.54,36.72,37.45,80.13,97.12,0.05000000000000071,0.07000000000000028,0.10000000000000142,0.12000000000000455,0.21999999999999886,0.27000000000001023,4.073825503355705,3.6593820648078377,2.6448801742919392,2.593324432576769,1.2120304505179085,1.0,4.070785855811239,3.656911574765388,2.645599104627322,2.5945861224944817,1.212515401560132,1.0,4.070577585259484,3.656716689391563,2.6457329282905575,2.5947458714145055,1.212617434367236,1.0,97.0425696325861,97.04926093645207,97.15131312682927,97.17323288447324,97.16703501584662,97.12,-0.0007975828880420585,-0.0007286330115943398,0.0003223649091206227,0.0005479643836786538,0.0004841807047151199,0.0
2025-03-03,23.66,26.34,36.46,37.15,79.59,96.38,-0.17999999999999972,-0.1999999999999993,-0.259999999999998,-0.30000000000000426,-0.539999999999992,-0.7400000000000091,4.073541842772612,3.659073652239939,2.643444871091607,2.5943472409152086,1.2109561502701343,1.0,4.0710146720878,3.657230300789994,2.6455132836657738,2.5945636078977103,1.2123758031529162,1.0,4.070785855811239,3.656911574765388,2.645599104627322,2.5945861224944817,1.212515401560132,1.0,96.31479334849391,96.32305087932032,96.45854335471216,96.38887445066999,96.50410081017091,96.38,-0.0006767868800388719,-0.0005910557417510895,0.0008146022853014201,9.207348127698566e-05,0.001286791672033471,0.0
2025-03-04,23.63,26.33,36.46,37.14,79.58,96.27,-0.030000000000001137,-0.010000000000001563,0.0,-0.00999999999999801,-0.010000000000005116,-0.10999999999999943,4.0740584003385525,3.6562856057728825,2.64042786615469,2.592084006462035,1.209726061824579,1.0,4.071202132553689,3.6572754673471812,2.6453476068222015,2.5944781995838353,1.212238841041016,1.0,4.0710146720878,3.657230300789994,2.6455132836657738,2.5945636078977103,1.2123758031529162,1.0,96.19807670143472,96.29487381980054,96.45541432245412,96.36209239732096,96.48086641490906,96.27,-0.0007473790266500998,0.0002583422349620604,0.001924130040768731,0.0009561480975565689,0.0021879694027103487,0.0
2025-03-05,23.65,26.26,36.49,37.15,79.62,96.31,0.019999999999999574,-0.06999999999999673,0.030000000000001137,0.00999999999999801,0.04000000000000625,0.04000000000000625,4.072304439746301,3.6675552170601673,2.639353247465059,2.592462987886945,1.2096206983170057,1.0,4.071312286973437,3.657838357183498,2.6450341821792587,2.594349060340595,1.212111147495038,1.0,4.071202132553689,3.6572754673471812,2.6453476068222015,2.5944781995838353,1.212238841041016,1.0,96.28393043489474,96.04005377253698,96.52873417294214,96.38486511453948,96.5184565236857,96.31,-0.0002707205279586384,-0.0028068243225742836,0.0022685718996070573,0.0007770328312777042,0.002162093797241842,0.0
2025-03-06,23.56,26.24,36.33,37.01,79.32,95.97,-0.08999999999999986,-0.020000000000003126,-0.1600000000000037,-0.14000000000000057,-0.30000000000001137,-0.3400000000000034,4.073429541595925,3.657393292682927,2.641618497109827,2.5930829505539044,1.209909228441755,1.0,4.0714454321239995,3.65809275348809,2.64487646445128,2.5943199013733897,1.21199446641838,1.0,4.071312286973437,3.657838357183498,2.6450341821792587,2.594349060340595,1.212111147495038,1.0,95.92011748109417,95.98167849249498,96.09409183857247,96.01685872320542,96.1446562193064,95.97,-0.0005199071289782932,0.00012168158779447144,0.001292192149521993,0.0004881451204267069,0.0018182503184484544,0.0
2025-03-07,23.61,26.27,36.41,37.09,79.45,96.11,0.05000000000000071,0.030000000000001137,0.0799999999999983,0.0800000000000054,0.13000000000000966,0.14000000000000057,4.070732740364252,3.6585458698134756,2.639659434221368,2.591264491776759,1.209691629955947,1.0,4.071439260200838,3.6582170166757337,2.6445677694956817,2.5941170598154137,1.2118509072126598,1.0,4.0714454321239995,3.65809275348809,2.64487646445128,2.5943199013733897,1.21199446641838,1.0,96.12682665244762,96.09809663413212,96.2999520706711,96.22332514193903,96.29296035694028,96.11,0.00017506169638363572,-0.00012385915152948084,0.0019744522602594414,0.001178424539479019,0.00190184612282931,0.0
2025-03-10,23.52,26.17,36.27,36.94,79.15,95.74,-0.08999999999999986,-0.09999999999999787,-0.13999999999999346,-0.15000000000000568,-0.29999999999999716,-0.37000000000000455,4.070578231292517,3.6583874665647684,2.6396470912599943,2.5917704385489984,1.2096020214782057,1.0,4.071500941321489,3.6583790789519397,2.6442796457739095,2.5939671077606583,1.2116882861693676,1.0,4.071439260200838,3.6582170166757337,2.6445677694956817,2.5941170598154137,1.2118509072126598,1.0,95.7602513999237,95.73553932640395,95.91847299960838,95.82668418958137,95.91799930588202,95.74,0.00021150259439508824,-4.6592620786311506e-05,0.001862407107832585,0.0009050028282789178,0.0018574685920158401,0.0
2025-03-11,23.42,26.1,36.12,36.8,78.87,95.31,-0.09999999999999787,-0.07000000000000028,-0.15000000000000568,-0.14000000000000057,-0.28000000000000114,-0.4299999999999926,4.069598633646456,3.6517241379310343,2.6387043189368775,2.5899456521739133,1.208444275389882,1.0,4.071392861184479,3.6582066651588363,2.64393290889574,2.5936742934909907,1.2114514633396918,1.0,4.071500941321489,3.6583790789519397,2.6442796457739095,2.5939671077606583,1.2116882861693676,1.0,95.35455204574927,95.48369396064564,95.51138080535361,95.45798956559221,95.56585513017804,95.31,0.0004673343427721974,0.0018207520911714232,0.0021106741735689794,0.0015515139161014866,0.0026808553993286238,0.0
2025-03-12,23.44,26.12,36.14,36.78,78.96,95.4,0.019999999999999574,0.019999999999999574,0.020000000000003126,-0.01999999999999602,0.0899999999999892,0.09000000000000341,4.0699658703071675,3.652373660030628,2.6397343663530717,2.5938009787928222,1.2082066869300914,1.0,4.071363482540986,3.6579980236821887,2.6436434053572704,2.5936175069875933,1.2112490649232373,1.0,4.071392861184479,3.6582066651588363,2.64393290889574,2.5936742934909907,1.2114514633396918,1.0,95.43344866616418,95.55235809394881,95.55173532749204,95.39534051459864,95.65620754530205,95.4,0.00035055349825200446,0.0015957710897219896,0.0015892535270090346,-4.884275884013053e-05,0.0026820138656901285,0.0
2025-03-13,23.32,25.98,35.96,36.63,78.52,94.86,-0.120000000000001,-0.14000000000000057,-0.17999999999999972,-0.14999999999999858,-0.4399999999999977,-0.5400000000000063,4.067753001715266,3.651270207852194,2.6379310344827585,2.5896805896805897,1.208099847172695,1.0,4.071258329917181,3.657943752919784,2.643275235012063,2.5934064474268306,1.2110500981342236,1.0,4.071363482540986,3.6579980236821887,2.6436434053572704,2.5936175069875933,1.2112490649232373,1.0,94.94419641285579,95.03478865526327,95.06541685664745,95.00420928095555,95.10727657777258,94.86,0.000887192380038858,0.0018409004887707191,0.0021631326669709133,0.0015190783901096634,0.0026033611881662324,0.0
2025-03-14,23.43,26.08,36.14,36.81,78.88,95.33,0.10999999999999943,0.09999999999999787,0.17999999999999972,0.17999999999999972,0.35999999999999943,0.46999999999999886,4.068715322236449,3.655291411042945,2.637797454344217,2.589785384406411,1.2085446247464504,1.0,4.071238554520365,3.657760237075569,2.6428911351265345,2.5932153513503478,1.2108773544750981,1.0,4.071258329917181,3.657943752919784,2.643275235012063,2.5934064474268306,1.2110500981342236,1.0,95.38958266995955,95.39917307614796,95.52796699333597,95.46329132978164,95.52763174082756,95.33,0.0006248196547396759,0.0007253539462810551,0.0020744962073221155,0.0013972331053945914,0.002070986731435264,0.0
2025-03-17,23.47,26.17,36.24,36.88,79.07,95.58,0.03999999999999915,0.09000000000000341,0.10000000000000142,0.07000000000000028,0.18999999999999773,0.25,4.072432893054964,3.65227359572029,2.637417218543046,2.5916485900216917,1.2088023270519794,1.0,4.0713233570678495,3.6576139924759503,2.642432403937618,2.5930607974912605,1.210710650366313,1.0,4.071238554520365,3.657760237075569,2.6428911351265345,2.5932153513503478,1.2108773544750981,1.0,95.55196887459296,95.72358540426765,95.77837473698561,95.63778215780083,95.74407241834601,95.58,-0.0002933169764645907,0.0015011263999776233,0.0020733329107879683,0.0006043596877605026,0.0017151261364294114,0.0
2025-03-18,23.44,26.12,36.19,36.81,78.93,95.41,-0.029999999999997584,-0.05000000000000071,-0.05000000000000426,-0.07000000000000028,-0.13999999999998636,-0.1700000000000017,4.070392491467577,3.6527565084226645,2.6363636363636362,2.591958706873132,1.2087926010388952,1.0,4.071346772711153,3.657328682721014,2.64193067340302,2.5929674576671315,1.2105278685723548,1.0,4.0713233570678495,3.6576139924759503,2.642432403937618,2.5930607974912605,1.210710650366313,1.0,95.4318194896704,95.53687748347183,95.62962869850239,95.4505679556533,95.5613916334131,95.41,0.0002286657067494077,0.001328929844956729,0.00229930090169714,0.00042510568525253067,0.0015854905159563323,0.0
2025-03-19,23.58,26.27,36.38,37.05,79.45,95.98,0.13999999999999702,0.14999999999999858,0.19000000000000483,0.23999999999999488,0.519999999999996,0.5700000000000074,4.070398642917727,3.6535972592310624,2.6382627817482134,2.5905533063427804,1.2080553807426053,1.0,4.071287757488618,3.656933952725354,2.6415592707667637,2.5927313011914634,1.2103036783618362,1.0,4.071346772711153,3.657328682721014,2.64193067340302,2.5929674576671315,1.2105278685723548,1.0,96.00235690052898,96.07802449508104,96.11343789840187,96.06944430656722,96.17643915807359,95.98,0.0002329057835415755,0.001020780088210062,0.001389302220052857,0.0009314717192469128,0.0020445760481964423,0.0
2025-03-20,23.54,26.22,36.33,36.99,79.34,95.86,-0.03999999999999915,-0.05000000000000071,-0.05000000000000426,-0.05999999999999517,-0.10999999999999943,-0.12000000000000455,4.072217502124044,3.6559877955758964,2.6385906963941648,2.5915112192484453,1.2082177968237962,1.0,4.071343731458934,3.656734098933801,2.641144713682752,2.5925535770908663,1.2100817361228255,1.0,4.071287757488618,3.656933952725354,2.6415592707667637,2.5927313011914634,1.2103036783618362,1.0,95.83811381128207,95.88480824045878,95.96784830695653,95.90513083107224,96.02549384122808,95.86,-0.00022834015815692882,0.00025876310107017893,0.0011244281711070146,0.0004706886148682375,0.0017249233274369343,0.0
2025-03-21,23.51,26.25,36.31,36.97,79.22,95.76,-0.029999999999997584,0.030000000000001137,-0.01999999999999602,-0.020000000000003126,-0.12000000000000455,-0.09999999999999432,4.0731603572947686,3.648,2.637290002754062,2.5902082769813366,1.2087856601868217,1.0,4.0714844788940185,3.656192031535088,2.64067560658956,2.592289615436307,1.2098618854221856,1.0,4.071343731458934,3.656734098933801,2.641144713682752,2.5925535770908663,1.2100817361228255,1.0,95.71729112659955,95.98927009701227,95.89996455382074,95.84670574504932,95.86267513565024,95.76,-0.0004460985828391244,0.0023913541486173884,0.001460551023555838,0.0009050387942375165,0.0010716387860010613,0.0
2025-03-24,23.6,26.31,36.44,37.11,79.45,96.13,0.08999999999999986,0.05999999999999872,0.12999999999999545,0.14000000000000057,0.23000000000000398,0.36999999999999034,4.073305084745762,3.653743823641201,2.638035126234907,2.590406898410132,1.2099433606041534,1.0,4.071614379595953,3.6559745328533046,2.6403016517415674,2.5920889303138948,1.2097195550197912,1.0,4.0714844788940185,3.656192031535088,2.64067560658956,2.592289615436307,1.2098618854221856,1.0,96.08703370189885,96.19441234968816,96.22621910412356,96.19986762884135,96.12352679679265,96.13,-0.0004470602629671251,0.0006698302239383206,0.0010004263194273609,0.0007265395934191245,-6.734028048949849e-05,0.0
2025-03-25,23.59,26.26,36.38,37.05,79.41,96.03,-0.010000000000001563,-0.04999999999999716,-0.05999999999999517,-0.060000000000002274,-0.04000000000000625,-0.09999999999999432,4.0707927087749045,3.6568926123381567,2.639637163276525,2.5919028340080974,1.2092935398564413,1.0,4.071456536043102,3.6559447764464488,2.6399329775548614,2.59195434228457,1.2095463333259342,1.0,4.071614379595953,3.6559745328533046,2.6403016517415674,2.5920889303138948,1.2097195550197912,1.0,96.04938321466854,96.00589123272779,96.05417409035823,96.03689486812979,96.06382986412162,96.03,0.00020182504139622208,-0.00025108605734177995,0.0002517030942329225,7.179652836570565e-05,0.00035222229152585214,0.0
2025-03-26,23.49,26.17,36.25,36.91,79.09,95.57,-0.10000000000000142,-0.08999999999999986,-0.13000000000000256,-0.14000000000000057,-0.3199999999999932,-0.46000000000000796,4.068539804171988,3.65189147879251,2.636413793103448,2.5892712002167433,1.2083702111518522,1.0,4.071339063164453,3.655564237263902,2.6394969215027566,2.591671912990594,1.2093540519774564,1.0,4.071456536043102,3.6559447764464488,2.6399329775548614,2.59195434228457,1.2095463333259342,1.0,95.63851403165246,95.67607479960357,95.69757043636373,95.66903477372347,95.66301950274814,95.57,0.0007166420902510835,0.0011093018310808537,0.0013339475687324021,0.0010357172393557765,0.0009728394220443243,0.0
2025-03-27,23.43,26.1,36.17,36.83,78.94,95.39,-0.05999999999999872,-0.07000000000000028,-0.0799999999999983,-0.0799999999999983,-0.15000000000000568,-0.1799999999999926,4.071276141698677,3.654789272030651,2.6372684545203207,2.5900081455335324,1.208386116037497,1.0,4.071350957681081,3.655360746577562,2.639123861432487,2.5914509165705124,1.209173933426935,1.0,4.071339063164453,3.655564237263902,2.6394969215027566,2.591671912990594,1.2093540519774564,1.0,95.39147424994314,95.41022659258785,95.47060365075471,95.45127655544357,95.4664088631004,95.39,1.545485429303249e-05,0.00021201853923175242,0.0008446337694093617,0.0006421730000487675,0.00080069480126739,0.0
2025-03-28,23.41,26.1,36.1,36.77,78.8,95.21,-0.019999999999999574,0.0,-0.07000000000000028,-0.05999999999999517,-0.14000000000000057,-0.18000000000000682,4.067065356685177,3.647892720306513,2.6373961218836564,2.589339135164536,1.208248730964467,1.0,4.071012950347554,3.654786279352495,2.6387496588120722,2.5912516516999005,1.2089848474492628,1.0,4.071350957681081,3.655360746577562,2.639123861432487,2.5914509165705124,1.209173933426935,1.0,95.31032591931411,95.40491548567437,95.27237139771277,95.28765020229775,95.28290595404246,95.21,0.0010531782171097589,0.002045123836342188,0.0006548784486900563,0.000815235321967279,0.0007654453821995914,0.0
2025-03-31,23.42,26.11,36.15,36.81,78.89,95.3,0.010000000000001563,0.00999999999999801,0.04999999999999716,0.03999999999999915,0.09000000000000341,0.09000000000000341,4.069171648163962,3.6499425507468404,2.636237897648686,2.588970388481391,1.208011154772468,1.0,4.070794440617122,3.65432972427784,2.6383893101399267,2.59098280907821,1.2088375976743795,1.0,4.071012950347554,3.654786279352495,2.6387496588120722,2.5912516516999005,1.2089848474492628,1.0,95.34312329713973,95.42646975389364,95.39080016605641,95.38397329907335,95.37681461527235,95.3,0.00045239814717048876,0.0013261900416116545,0.000952328825929593,0.0008807589127594131,0.0008057048737967152,0.0
2025-04-01,23.32,25.99,36.05,36.67,78.69,95.02,-0.10000000000000142,-0.120000000000001,-0.10000000000000142,-0.14000000000000057,-0.20000000000000284,-0.28000000000000114,4.074614065180103,3.65602154674875,2.6357836338418865,2.5912189800927186,1.2075231922734782,1.0,4.070822223859199,3.6543165213266335,2.638157098524286,2.590939557759744,1.2087274541968243,1.0,4.070794440617122,3.65432972427784,2.6383893101399267,2.59098280907821,1.2088375976743795,1.0,94.93092635519127,94.97602953398106,95.11393463054435,95.01133960889797,95.12343056099692,95.02,-0.0009378596150788088,-0.0004628566913928473,0.0009880891422081209,-9.1146977396967e-05,0.0010879215852289971,0.0
2025-04-02,23.35,26.05,36.12,36.74,78.85,95.2,0.030000000000001137,0.060000000000002274,0.07000000000000028,0.07000000000000028,0.1599999999999966,0.18000000000000682,4.077087794432548,3.654510556621881,2.6356589147286824,2.5911812738160043,1.2073557387444516,1.0,4.071061391593512,3.6536642883047192,2.637972381887468,2.590875472056197,1.2086142062181966,1.0,4.070822223859199,3.6543165213266335,2.638157098524286,2.590939557759744,1.2087274541968243,1.0,95.05369892711231,95.1949453805588,95.29023439869721,95.191119352093,95.30815976341958,95.2,-0.001537958027098208,-5.309615160512351e-05,0.000947391405456582,-9.328846790401456e-05,0.0011354870591899504,0.0
2025-04-03,23.05,25.76,35.68,36.29,77.87,93.9,-0.3000000000000007,-0.28999999999999915,-0.4399999999999977,-0.45000000000000284,-0.9799999999999898,-1.2999999999999972,4.073752711496747,3.645186335403727,2.6317264573991035,2.587489666574814,1.2058559137023244,1.0,4.071077550088552,3.653053940440759,2.637477779901931,2.5905958078572424,1.2084115404812252,1.0,4.071061391593512,3.6536642883047192,2.637972381887468,2.590875472056197,1.2086142062181966,1.0,93.83796507623045,94.11839206672957,94.12285458574485,94.02287088091938,94.11478823821098,93.9,-0.0006608671400284792,0.0023230936351118126,0.0023705064003317995,0.0013076737052026932,0.0022848025271022324,0.0
2025-04-04,22.67,25.28,35.17,35.69,76.76,92.45,-0.379999999999999,-0.4800000000000004,-0.509999999999998,-0.6000000000000014,-1.1099999999999994,-1.4500000000000028,4.078076753418615,3.6570411392405062,2.628660790446403,2.5903614457831328,1.2044033350703491,1.0,4.0714447507412705,3.6529787039121104,2.636927847713183,2.5905506555575615,1.2081471257369452,1.0,4.071077550088552,3.653053940440759,2.637477779901931,2.5905958078572424,1.2084115404812252,1.0,92.29132806050748,92.34920361434239,92.76009351915093,92.45836438242497,92.75766984733886,92.45,-0.001717774578921599,-0.001090874783894328,0.0033485627377221206,9.047056858254134e-05,0.0033224340073167756,0.0
2025-04-07,22.54,25.07,34.85,35.4,76.1,91.61,-0.13000000000000256,-0.21000000000000085,-0.3200000000000003,-0.28999999999999915,-0.6600000000000108,-0.8400000000000034,4.06433007985803,3.6541683286796967,2.6286944045911045,2.5878531073446327,1.2038107752956637,1.0,4.0711323431695465,3.6527677470178572,2.6363802133797387,2.5903547889973426,1.2078575634278181,1.0,4.0714447507412705,3.6529787039121104,2.636927847713183,2.5905506555575615,1.2081471257369452,1.0,91.77036468170823,91.58017610707661,91.89693549280442,91.70549320673767,91.93999626858152,91.61,0.0017489846621857059,-0.0003256058138123008,0.0031272466719407034,0.0010418455494940982,0.0035957137655987363,0.0
2025-04-08,22.4,24.95,34.72,35.3,75.75,91.23,-0.14000000000000057,-0.120000000000001,-0.13000000000000256,-0.10000000000000142,-0.3499999999999943,-0.37999999999999545,4.072767857142858,3.6565130260521044,2.627592165898618,2.584419263456091,1.2043564356435643,1.0,4.0712908043443665,3.653007191423911,2.6358246057278256,2.5900784695614516,1.207653171440502,1.0,4.0711323431695465,3.6527677470178572,2.6363802133797387,2.5903547889973426,1.2078575634278181,1.0,91.19336448699784,91.13655528809554,91.53512100854452,91.43952405160618,91.49521042965722,91.23,-0.00040165374208192886,-0.0010248010654689364,0.003338944436795416,0.0022940240806979583,0.0029028355229749952,0.0
2025-04-09,22.98,25.61,35.63,36.21,77.78,93.69,0.5800000000000018,0.6600000000000001,0.9100000000000037,0.9100000000000037,2.030000000000001,2.4599999999999937,4.077023498694516,3.6583365872705973,2.6295256806062306,2.587406793703397,1.2045512985343276,1.0,4.071643685763735,3.65330533778591,2.6353141714404833,2.5897587603069803,1.207470402020714,1.0,4.0712908043443665,3.653007191423911,2.6358246057278256,2.5900784695614516,1.207653171440502,1.0,93.55826268383355,93.55351417236636,93.91443070208243,93.78674138282017,93.93126367464225,93.69,-0.0014070874251516494,-0.001457843305385157,0.0023925960416350854,0.0010320361949242899,0.0025718173185532854,0.0
2025-04-10,22.62,25.17,35.03,35.61,76.51,92.17,-0.35999999999999943,-0.4399999999999977,-0.6000000000000014,-0.6000000000000014,-1.269999999999996,-1.519999999999996,4.07471264367816,3.6618990862137464,2.631173280045675,2.588317888233642,1.2046791269115147,1.0,4.071991667861878,3.653836781703987,2.634976283718629,2.589690625234633,1.207299366007655,1.0,4.071643685763735,3.65330533778591,2.6353141714404833,2.5897587603069803,1.207470402020714,1.0,92.10058017197568,91.95369535207136,92.31505542556013,92.22130945453156,92.38356045860485,92.17,-0.0007534553941669853,-0.0023495590507552513,0.001572544237989949,0.0005565279188879215,0.0023143476982719824,0.0
2025-04-11,22.69,25.25,35.13,35.69,76.74,92.39,0.07000000000000028,0.0799999999999983,0.10000000000000142,0.0799999999999983,0.22999999999998977,0.21999999999999886,4.071837814014985,3.659009900990099,2.6299459151722173,2.588680302605772,1.2039353661714882,1.0,4.072147792450806,3.6540227062013444,2.6345837067600293,2.589635371144601,1.2070689030789068,1.0,4.071991667861878,3.653836781703987,2.634976283718629,2.589690625234633,1.207299366007655,1.0,92.39349094378602,92.25937873802567,92.56671684703545,92.42605841462405,92.64815334742744,92.39,3.778415234604127e-05,-0.0014148033928456042,0.0019109000616141748,0.00039020867981810314,0.002790273359820568,0.0
2025-04-14,22.8,25.42,35.32,35.89,77.12,92.93,0.10999999999999943,0.1700000000000017,0.18999999999999773,0.20000000000000284,0.38000000000000966,0.5400000000000063,4.075877192982456,3.655782848151062,2.631087202718007,2.589300640847033,1.2050051867219918,1.0,4.07232000744718,3.654198168822883,2.6342672059687775,2.589517973685868,1.2068790460624075,1.0,4.072147792450806,3.6540227062013444,2.6345837067600293,2.589635371144601,1.2070689030789068,1.0,92.84496966787837,92.88525719163817,93.05349652276423,92.94201347037973,93.08915380544529,92.93,-0.0009154122130818257,-0.00048158380428824164,0.0013280376294015842,0.0001292660489566015,0.0017111554484973168,0.0
2025-04-15,22.85,25.52,35.43,35.99,77.33,93.2,0.05000000000000071,0.09999999999999787,0.10999999999999943,0.10000000000000142,0.20999999999999375,0.269999999999996,4.078774617067833,3.6520376175548592,2.6305390911656787,2.5896082245068075,1.2052243631191,1.0,4.072739113727193,3.654162224279493,2.6339759787088797,2.589400449567552,1.206700634166418,1.0,4.07232000744718,3.654198168822883,2.6342672059687775,2.589517973685868,1.2068790460624075,1.0,93.05251217016807,93.25513726835997,93.33208710747378,93.19675187295438,93.32795663200596,93.2,-0.0015837409003645925,0.0005914266646115861,0.0014162403005262073,-3.485175587355656e-05,0.0013719836359959625,0.0
2025-04-16,22.84,25.49,35.43,36.02,77.32,93.12,-0.010000000000001563,-0.030000000000001137,0.0,0.030000000000001137,-0.010000000000005116,-0.0799999999999983,4.077057793345009,3.653197332287172,2.6282811176968672,2.5852304275402553,1.2043455768235904,1.0,4.073072071248557,3.654142227932298,2.633476895506312,2.5891343056274256,1.2065151439704669,1.0,4.072739113727193,3.654162224279493,2.6339759787088797,2.589400449567552,1.206700634166418,1.0,93.0213613575291,93.14459509688427,93.3217689256556,93.27020419342323,93.30209303374743,93.12,-0.0010598251886023645,0.0002640877297632723,0.00216441847325622,0.001611718025502948,0.0019535569920446864,0.0
2025-04-17,22.99,25.62,35.64,36.22,77.77,93.72,0.14999999999999858,0.13000000000000256,0.21000000000000085,0.19999999999999574,0.45000000000000284,0.5999999999999943,4.076555023923445,3.6580796252927397,2.6296296296296298,2.5875207067918278,1.2050919377652052,1.0,4.073288947338527,3.65424681941814,2.633028842168085,2.5889347800045948,1.2063588510175376,1.0,4.073072071248557,3.654142227932298,2.633476895506312,2.5891343056274256,1.2065151439704669,1.0,93.63992691800432,93.61912387962548,93.85711655584497,93.77844454982535,93.83068274658321,93.72,-0.0008547514742129682,-0.001076936072242414,0.0014619755627449647,0.0006234137233354059,0.0011802970568986406,0.0
2025-04-21,22.85,25.51,35.43,36.02,77.31,93.15,-0.13999999999999702,-0.10999999999999943,-0.21000000000000085,-0.19999999999999574,-0.45999999999999375,-0.5699999999999932,4.076586433260394,3.6515092120736967,2.6291278577476715,2.5860632981676845,1.2048894062863795,1.0,4.073460251136809,3.654422280021825,2.632620734917766,2.5887275310639124,1.2061640383225154,1.0,4.073288947338527,3.65424681941814,2.633028842168085,2.5889347800045948,1.2063588510175376,1.0,93.07465244668536,93.21983636335676,93.28821187801525,93.25343077576551,93.26360277216584,93.15,-0.0008092114168163106,0.0007494385141731993,0.0014826563926131678,0.0011097519605735278,0.00121882507005764,0.0
2025-04-22,22.95,25.58,35.56,36.14,77.61,93.5,0.09999999999999787,0.06999999999999673,0.13000000000000256,0.11999999999999744,0.29999999999999716,0.3499999999999943,4.074074074074074,3.655199374511337,2.6293588301462316,2.5871610403984504,1.2047416570029637,1.0,4.073498700603224,3.6544950575653323,2.632186920113332,2.588565238163328,1.205903953142456,1.0,4.073460251136809,3.654422280021825,2.632620734917766,2.5887275310639124,1.2061640383225154,1.0,93.48591276358977,93.48012192295828,93.61599333367576,93.5566129726498,93.61039101421042,93.5,-0.00015067698126215829,-0.00021262235698835965,0.0012398015419960936,0.0006053031056071057,0.0011799561362694844,0.0
2025-04-23,23.06,25.73,35.73,36.32,78.0,94.04,0.10999999999999943,0.15000000000000213,0.1699999999999946,0.17999999999999972,0.39000000000000057,0.5400000000000063,4.078057241977451,3.6548775748153908,2.6319619367478313,2.58920704845815,1.2056410256410257,1.0,4.073861927263351,3.6543943056891934,2.631803158786897,2.588430448885831,1.2057213274316851,1.0,4.073498700603224,3.6544950575653323,2.632186920113332,2.588565238163328,1.205903953142456,1.0,93.93488003591034,94.030157831156,94.04803865564935,94.01668945009207,94.06050834511157,94.04,-0.0011184470502406424,-0.00010466486513846418,8.547758498291173e-05,-0.0002479098201237053,0.00021805730748163416,0.0
2025-04-24,23.26,25.92,36.05,36.67,78.7,94.85,0.20000000000000284,0.19000000000000128,0.3200000000000003,0.3500000000000014,0.7000000000000028,0.8099999999999881,4.077815993121238,3.6593364197530858,2.6310679611650487,2.5865830379056445,1.2052096569250317,1.0,4.074325736710813,3.6547665527372226,2.6315358671899776,2.5882960407702758,1.205563299720344,1.0,4.073861927263351,3.6543943056891934,2.631803158786897,2.588430448885831,1.2057213274316851,1.0,94.75802842814556,94.7219004034639,94.87650387426763,94.91774456064343,94.89026846887363,94.85,-0.0009701232572275118,-0.0013514620654299476,0.00027939032131858705,0.0007139734276554305,0.00042445886477519786,0.0
2025-04-25,23.31,25.99,36.11,36.73,78.77,95.02,0.04999999999999716,0.06999999999999673,0.060000000000002274,0.05999999999999517,0.06999999999999318,0.1700000000000017,4.076362076362076,3.65602154674875,2.631404043201329,2.5869861148924587,1.2062968135076806,1.0,4.074580033443985,3.654828166473128,2.631242646624028,2.588144939238222,1.2054588345938533,1.0,4.074325736710813,3.6547665527372226,2.6315358671899776,2.5882960407702758,1.205563299720344,1.0,94.97253292272904,94.98738270564041,95.02476016423009,95.06811357749223,94.9622211189715,95.02,-0.0004996730927090202,-0.0003433266035825928,5.00951904906412e-05,0.000506223957029261,-0.0006082556827641905,0.0
2025-04-28,23.3,26.01,36.12,36.71,78.81,95.03,-0.00999999999999801,0.020000000000003126,0.00999999999999801,-0.01999999999999602,0.04000000000000625,0.010000000000005116,4.078540772532189,3.65359477124183,2.6309523809523814,2.5886679378915827,1.205811445248065,1.0,4.075153804236335,3.655113269019894,2.6309204595774642,2.588111379374575,1.2053369703080332,1.0,4.074580033443985,3.654828166473128,2.631242646624028,2.588144939238222,1.2054588345938533,1.0,94.93771477924484,95.06208060996606,95.04048439605988,95.01080071943514,95.00221075434158,95.03,-0.0009715885472650244,0.0003375270570733643,0.00011032113801172682,-0.00020205430157625446,-0.0002924687951185034,0.0
2025-04-29,23.37,26.07,36.21,36.83,79.02,95.27,0.07000000000000028,0.05999999999999872,0.09000000000000341,0.11999999999999744,0.20999999999999375,0.23999999999999488,4.076593923833975,3.654392021480629,2.6310411488539076,2.586749932120554,1.2056441407238674,1.0,4.075524918019836,3.655335742556583,2.630660622137725,2.588000356556533,1.2052186196056032,1.0,4.075153804236335,3.655113269019894,2.6309204595774642,2.588111379374575,1.2053369703080332,1.0,95.23634440500315,95.28880292334864,95.26562984129998,95.3201421023656,95.24572739374078,95.27,-0.0003533278164786159,0.00019734510420102742,-4.587235158499359e-05,0.0005261773034992406,-0.00025480947659913304,0.0
2025-04-30,23.25,25.97,36.03,36.6,78.6,94.71,-0.120000000000001,-0.10000000000000142,-0.17999999999999972,-0.22999999999999687,-0.4200000000000017,-0.5600000000000023,4.073548387096774,3.6469002695417787,2.628642797668609,2.5877049180327867,1.2049618320610687,1.0,4.075471634115669,3.654879678696235,2.6303035803290618,2.587824653453536,1.2050905515949828,1.0,4.075524918019836,3.655335742556583,2.630660622137725,2.588000356556533,1.2052186196056032,1.0,94.75595434396118,94.92906923419446,94.78270221562224,94.72081304996911,94.7301835010004,94.71,0.00048509343033640765,0.002310381848275583,0.0007673352940715076,0.00011416358095880038,0.0002130857424625181,0.0
2025-05-01,23.11,25.77,35.88,36.43,78.3,94.3,-0.14000000000000057,-0.1999999999999993,-0.14999999999999858,-0.1700000000000017,-0.29999999999999716,-0.4099999999999966,4.080484638684552,3.6592937524253006,2.6282051282051277,2.5885259401592093,1.2043422733077906,1.0,4.0756414763282685,3.6551188384864055,2.6299308910028834,2.5876918867706964,1.2049398783231497,1.0,4.075471634115669,3.654879678696235,2.6303035803290618,2.587824653453536,1.2050905515949828,1.0,94.1841494644131,94.18624932000198,94.37529246220674,94.27445212531232,94.35859018988715,94.3,-0.0012292869241793147,-0.0012069919606126,0.0007981168622652291,-0.0002709579644118618,0.0006211240284561573,0.0
2025-05-02,23.18,25.87,35.99,36.55,78.54,94.57,0.07000000000000028,0.10000000000000142,0.10999999999999943,0.11999999999999744,0.2400000000000091,0.269999999999996,4.079810181190681,3.6555856204097408,2.6276743539872185,2.5874145006839946,1.2040998217468803,1.0,4.075944349812966,3.655638802736706,2.6297282858322895,2.5876881284761555,1.2048520737253774,1.0,4.0756414763282685,3.6551188384864055,2.6299308910028834,2.5876918867706964,1.2049398783231497,1.0,94.47336942128926,94.55792435164331,94.65121276719378,94.58013846146895,94.63597804350019,94.57,-0.0010223113079545977,-0.00012769820653917076,0.0008583897227252612,0.00010720014863471375,0.0006974203125791967,0.0
2025-05-05,23.16,25.87,35.98,36.52,78.51,94.53,-0.019999999999999574,0.0,-0.010000000000005116,-0.02999999999999403,-0.030000000000001137,-0.03999999999999204,4.081606217616581,3.6540394279087747,2.627292940522513,2.588444687842278,1.2040504394344669,1.0,4.076120823022864,3.65548871717012,2.629659893336095,2.5875922905791127,1.2048344289435833,1.0,4.075944349812966,3.655638802736706,2.6297282858322895,2.5876881284761555,1.2048520737253774,1.0,94.3988711416683,94.57137582679859,94.61762372424576,94.5023704519492,94.59293630817939,94.53,-0.0013881296023776073,0.0004376047215728946,0.000926511565820055,-0.00029232610458716156,0.0006655597859380702,0.0
2025-05-06,23.15,25.84,35.93,36.47,78.45,94.48,-0.010000000000001563,-0.030000000000001137,-0.04999999999999716,-0.05000000000000426,-0.060000000000002274,-0.04999999999999716,4.081209503239741,3.656346749226006,2.629557472863902,2.5906224293940228,1.2043339706819631,1.0,4.07696479419195,3.6555976381974356,2.629703046749735,2.5877307566815824,1.2048605887128983,1.0,4.076120823022864,3.65548871717012,2.629659893336095,2.5875922905791127,1.2048344289435833,1.0,94.36219705297928,94.4578284516759,94.48367996756589,94.36949083742023,94.51926095062412,94.48,-0.0012476338884002615,-0.00023469676356052915,3.894894052644377e-05,-0.0011703412564517122,0.000415461425524851,0.0
2025-05-07,23.17,25.85,35.96,36.53,78.52,94.5,0.020000000000003126,0.010000000000001563,0.030000000000001137,0.060000000000002274,0.06999999999999318,0.01999999999999602,4.078549848942598,3.6557059961315277,2.6279199110122358,2.586914864494936,1.2035150280183393,1.0,4.077253893781937,3.6555572867014057,2.6297194340054153,2.5878555367335245,1.2048185183316371,1.0,4.07696479419195,3.6555976381974356,2.629703046749735,2.5877307566815824,1.2048605887128983,1.0,94.46327428142749,94.49719894740372,94.56412156112047,94.5298045415782,94.60565342573676,94.5,-0.0003887074795309635,-2.964120751090692e-05,0.0006783049374944866,0.00031534224877892555,0.0011174011439204414,0.0
2025-05-08,23.16,25.82,35.98,36.51,78.5,94.53,-0.010000000000001563,-0.030000000000001137,0.01999999999999602,-0.020000000000003126,-0.01999999999999602,0.030000000000001137,4.081606217616581,3.661115414407436,2.627292940522513,2.589153656532457,1.2042038216560509,1.0,4.07748302972804,3.655696228058248,2.62960779700123,2.5879428798749773,1.2048011444877231,1.0,4.077253893781937,3.6555572867014057,2.6297194340054153,2.5878555367335245,1.2048185183316371,1.0,94.42920017998966,94.3864891426303,94.61730523551483,94.48260564614098,94.57825368903352,94.53,-0.0010668951760563431,-0.0015193050180677156,0.0009231454987553387,-0.0005014941166520459,0.0005103287576237043,0.0
2025-05-09,23.18,25.86,35.98,36.53,78.55,94.55,0.019999999999999574,0.03999999999999915,0.0,0.020000000000003126,0.04999999999999716,0.01999999999999602,4.078947368421052,3.6562258313998455,2.6278488048916064,2.588283602518478,1.2036919159770847,1.0,4.077694765965184,3.6554125653175533,2.6294415732435263,2.587941165589219,1.2047517839410016,1.0,4.07748302972804,3.655696228058248,2.62960779700123,2.5879428798749773,1.2048011444877231,1.0,94.51605662909597,94.5363044575863,94.61328853610425,94.53755340183292,94.63712989951065,94.55,-0.00035906361907465424,-0.00014486022641285767,0.0006691418716125166,-0.0001316490478736426,0.0009210976002137344,0.0
2025-05-12,23.42,26.14,36.37,36.92,79.33,95.65,0.240000000000002,0.28000000000000114,0.39000000000000057,0.39000000000000057,0.7800000000000011,1.1000000000000085,4.084116140051238,3.6591430757459835,2.62991476491614,2.590736728060672,1.2057229295348546,1.0,4.078308682266997,3.655419224055348,2.6294400157307223,2.588043986861964,1.2048411621091701,1.0,4.077694765965184,3.6554125653175533,2.6294415732435263,2.587941165589219,1.2047517839410016,1.0,95.4996114189046,95.55248445740085,95.63279001886704,95.54678783355398,95.57295902003965,95.65,-0.001573517319849024,-0.0010200238907028707,-0.00017994280800384668,-0.001079643414945663,-0.0008057712789669211,0.0
2025-05-13,23.46,26.17,36.41,36.98,79.47,95.8,0.03999999999999915,0.030000000000001137,0.03999999999999915,0.05999999999999517,0.14000000000000057,0.14999999999999147,4.083546462063086,3.660680168131448,2.631145289755562,2.590589507842077,1.205486347049201,1.0,4.078692145721028,3.655664090054367,2.6294429200826004,2.588108430211716,1.2048652201255305,1.0,4.078308682266997,3.655419224055348,2.6294400157307223,2.588043986861964,1.2048411621091701,1.0,95.67712168598376,95.66232109352846,95.73791097275559,95.70586663415543,95.74872715281575,95.8,-0.0012834779403675543,-0.0014381830264681525,-0.0006483210462498186,-0.0009830860545460402,-0.0005353504475956606,0.0
2025-05-14,23.37,26.1,36.28,36.86,79.18,95.45,-0.08999999999999986,-0.07000000000000028,-0.12999999999999545,-0.11999999999999744,-0.28999999999999204,-0.3499999999999943,4.0842961061189555,3.657088122605364,2.6309261300992284,2.589527943570266,1.205481182116696,1.0,4.078968220173584,3.6559166153068916,2.6294622720292775,2.588104416164889,1.2048780610754102,1.0,4.078692145721028,3.655664090054367,2.6294429200826004,2.588108430211716,1.2048652201255305,1.0,95.31903544550043,95.41283275041899,95.39618914059675,95.39767673760386,95.40122812953952,95.45,-0.0013730171122163129,-0.0003894655603213105,-0.0005639186307212558,-0.0005483248693568635,-0.0005110983251212395,0.0
2025-05-15,23.43,26.12,36.35,36.93,79.33,95.62,0.05999999999999872,0.019999999999999574,0.07000000000000028,0.07000000000000028,0.14999999999999147,0.1700000000000017,4.081092616303884,3.6607963246554367,2.6305364511691884,2.5892228540481996,1.2053447623849742,1.0,4.0791699613215275,3.656296564925305,2.6295750387028938,2.5883040374902864,1.2049280203534796,1.0,4.078968220173584,3.6559166153068916,2.6294622720292775,2.588104416164889,1.2048780610754102,1.0,95.57022539866708,95.49254199181601,95.58095358826424,95.57869608896935,95.58297658511229,95.62,-0.0005206814559025925,-0.0013338530873273859,-0.0004084332378661583,-0.0004320522317154499,-0.00038726819018898573,0.0
2025-05-16,23.45,26.13,36.38,36.96,79.42,95.74,0.019999999999999574,0.00999999999999801,0.030000000000001137,0.030000000000001137,0.09000000000000341,0.11999999999999034,4.08272921108742,3.6639877535399923,2.631665750412314,2.590367965367965,1.205489801057668,1.0,4.079478670679727,3.656591971337668,2.6296768447420282,2.5884464004190932,1.2049479135181025,1.0,4.0791699613215275,3.656296564925305,2.6295750387028938,2.5883040374902864,1.2049280203534796,1.0,95.65653559298981,95.53902924149821,95.66393990801129,95.66371722564098,95.69538337647334,95.74,-0.00087216220546849,-0.0021013368088443635,-0.0007947599827760014,-0.0007970877421145814,-0.00046612724928438436,0.0
2025-05-19,23.44,26.17,36.37,36.95,79.38,95.68,-0.00999999999999801,0.0400000000000027,-0.010000000000005116,-0.00999999999999801,-0.04000000000000625,-0.05999999999998806,4.081911262798635,3.6560947649980893,2.630739620566401,2.5894451962110963,1.2053413958175865,1.0,4.079744912156639,3.6568212489838876,2.6297574328829643,2.588615495321264,1.2049705129946628,1.0,4.079478670679727,3.656591971337668,2.6296768447420282,2.5884464004190932,1.2049479135181025,1.0,95.6229800407328,95.69301188990677,95.64134684326756,95.6430944954855,95.64876537506697,95.68,-0.0005961220357740624,0.00013598458631454346,-0.0004040652848845349,-0.0003857924739255122,-0.00032650213520465823,0.0
2025-05-20,23.43,26.15,36.35,36.93,79.34,95.64,-0.010000000000001563,-0.020000000000003126,-0.01999999999999602,-0.020000000000003126,-0.03999999999999204,-0.04000000000000625,4.081946222791293,3.65736137667304,2.631086657496561,2.5897644191714053,1.205444920594908,1.0,4.0801385195925,3.6569293490919725,2.629843824250481,2.5887456642599114,1.20500567617426,1.0,4.079744912156639,3.6568212489838876,2.6297574328829643,2.588615495321264,1.2049705129946628,1.0,95.58842329183005,95.62587566092866,95.59168268529575,95.59757024221427,95.60236050099655,95.64,-0.0005394251391371808,-0.0001476932468816658,-0.0005053275174275556,-0.00044373873217695464,-0.00039363140457841333,0.0
2025-05-21,23.29,25.96,36.12,36.68,78.81,95.0,-0.14000000000000057,-0.18999999999999773,-0.23000000000000398,-0.25,-0.5300000000000011,-0.6400000000000006,4.079003864319451,3.6594761171032357,2.630121816168328,2.589967284623773,1.2054307828955715,1.0,4.0801858507096,3.6571592762063654,2.629751818221506,2.588783676068193,1.2049951640369874,1.0,4.0801385195925,3.6569293490919725,2.629843824250481,2.5887456642599114,1.20500567617426,1.0,95.02642612130933,94.9338859024276,94.98995893192736,94.95519096505355,94.96649733929344,95.0,0.00027813101597582785,-0.0006961801463550697,-0.000105701039554285,-0.00047178532526479775,-0.000352721785400613,0.0
2025-05-22,23.33,26.02,36.18,36.76,78.97,95.16,0.03999999999999915,0.05999999999999872,0.060000000000002274,0.0799999999999983,0.1599999999999966,0.1599999999999966,4.0788684097728245,3.6571867794004613,2.630182421227197,2.588683351468988,1.2050145624920856,1.0,4.080238471542179,3.657051794188734,2.629707541224613,2.58888869174636,1.20498540931534,1.0,4.0801858507096,3.6571592762063654,2.629751818221506,2.588783676068193,1.2049951640369874,1.0,95.19073589705496,95.15928436688962,95.14442078325408,95.16368793226677,95.15846810400089,95.16,0.00032293962171709714,-7.520342594427881e-06,-0.00016372942590189726,3.8754316998564336e-05,-1.6098238015437835e-05,0.0
2025-05-23,23.32,25.99,36.18,36.75,78.95,95.12,-0.00999999999999801,-0.030000000000001137,0.0,-0.00999999999999801,-0.01999999999999602,-0.03999999999999204,4.078902229845626,3.659869180454021,2.629076838032062,2.5882993197278914,1.2048131728942368,1.0,4.080365479216356,3.657244175873997,2.6295911809661496,2.5889543519881313,1.204911227284668,1.0,4.080238471542179,3.657051794188734,2.629707541224613,2.58888869174636,1.20498540931534,1.0,95.15116115636361,95.04677613096518,95.1428188415065,95.14165942167874,95.1335980654461,95.12,0.00032754471516143125,-0.0007701016354529868,0.0002398665357198862,0.00022768036227728105,0.0001429467364351581,0.0
2025-05-27,23.46,26.16,36.41,36.98,79.43,95.73,0.14000000000000057,0.1700000000000017,0.22999999999999687,0.22999999999999687,0.480000000000004,0.6099999999999994,4.080562659846548,3.659403669724771,2.629222741005219,2.58869659275284,1.2052121364723656,1.0,4.080466573582075,3.657534620798144,2.629504698968792,2.5889557847311946,1.2048812618458828,1.0,4.080365479216356,3.657244175873997,2.6295911809661496,2.5889543519881313,1.204911227284668,1.0,95.72537414241572,95.67350764086376,95.7434148989775,95.73953193652109,95.7060987832212,95.73,-4.8323089450081305e-05,-0.0005902959822725913,0.00014012283644208444,9.956609213540423e-05,-0.000249704387572833,0.0
2025-05-28,23.45,26.14,36.37,36.96,79.38,95.68,-0.010000000000001563,-0.019999999999999574,-0.03999999999999915,-0.01999999999999602,-0.05000000000001137,-0.04999999999999716,4.080170575692964,3.660290742157613,2.630739620566401,2.588744588744589,1.2053413958175865,1.0,4.080645406175024,3.657829556831994,2.6294896225544164,2.5890555175623957,1.204866124600569,1.0,4.080466573582075,3.657534620798144,2.629504698968792,2.5889557847311946,1.2048812618458828,1.0,95.68694115049965,95.60795498766349,95.63508590149496,95.68780580366496,95.64347456532617,95.68,7.2542837973639e-05,-0.0007532624387951611,-0.0004695301378722578,8.157906850104007e-05,-0.0003818186471948006,0.0
2025-05-29,23.47,26.19,36.43,37.0,79.5,95.8,0.019999999999999574,0.05000000000000071,0.060000000000002274,0.03999999999999915,0.12000000000000455,0.11999999999999034,4.0818065615679595,3.6578846888125236,2.6297007960472136,2.589189189189189,1.2050314465408805,1.0,4.081058314898583,3.65837877779553,2.629542522473346,2.589129731120216,1.2048696053245593,1.0,4.080645406175024,3.657829556831994,2.6294896225544164,2.5890555175623957,1.204866124600569,1.0,95.7727476829278,95.79855609342992,95.79230694965739,95.79505414980864,95.78685690574524,95.8,-0.000284511420185209,-1.5072207218528246e-05,-8.03064639622526e-05,-5.1628161430432926e-05,-0.00013720246250335496,0.0
2025-05-30,23.5,26.18,36.46,37.03,79.57,95.91,0.030000000000001137,-0.010000000000001563,0.030000000000001137,0.030000000000001137,0.06999999999999318,0.10999999999999943,4.081276595744681,3.663483575248281,2.6305540318156884,2.590062111801242,1.2053537765489506,1.0,4.08109791275159,3.65858826893668,2.6296599676538746,2.5892065397023183,1.2049201804866174,1.0,4.081058314898583,3.65837877779553,2.629542522473346,2.589129731120216,1.2048696053245593,1.0,95.9048704001167,95.77635640268697,95.8731203693782,95.8754739433816,95.87147449567517,95.91,-5.348490316530592e-05,-0.0013943988656804549,-0.00038459725762474237,-0.000360048717783075,-0.0004017646119819873,0.0
2025-06-02,23.35,26.01,36.26,36.82,79.18,95.37,-0.14999999999999858,-0.16999999999999815,-0.20000000000000284,-0.21000000000000085,-0.38999999999998636,-0.539999999999992,4.084368308351178,3.6666666666666665,2.6301709873138446,2.5901683867463334,1.204470825966153,1.0,4.081325819109615,3.6591423212495258,2.6297847993202064,2.589344234005435,1.2049387306975812,1.0,4.08109791275159,3.65858826893668,2.6296599676538746,2.5892065397023183,1.2049201804866174,1.0,95.29363626274963,95.15988087504306,95.35147042712948,95.33458479183936,95.40557989093037,95.37,-0.0008010309971050903,-0.0022056299954032283,-0.00019431029854498233,-0.00037141433811278785,0.0003730025757304686,0.0
2025-06-03,23.4,26.1,36.32,36.88,79.33,95.59,0.04999999999999716,0.08999999999999986,0.060000000000002274,0.060000000000002274,0.14999999999999147,0.21999999999999886,4.085042735042736,3.6624521072796936,2.6318832599118944,2.591919739696312,1.204966595235094,1.0,4.081497644980923,3.659562955218072,2.630014315289675,2.5895179865981364,1.2049845384876126,1.0,4.081325819109615,3.6591423212495258,2.6297847993202064,2.589344234005435,1.2049387306975812,1.0,95.503024167165,95.50361458461263,95.5137839113099,95.49501535012045,95.58778950623912,95.59,-0.0009102984184803977,-0.0009041162517086001,-0.0007976408543160741,-0.0009941612379049127,-2.312500596112729e-05,0.0
2025-06-04,23.45,26.14,36.39,36.97,79.48,95.81,0.05000000000000071,0.03999999999999915,0.07000000000000028,0.0899999999999963,0.15000000000000568,0.21999999999999886,4.085714285714286,3.6652639632746746,2.6328661720252815,2.591560724912091,1.205460493205838,1.0,4.08172288410465,3.660008815920505,2.630179750247744,2.58956490137404,1.2050408646138062,1.0,4.081497644980923,3.659562955218072,2.630014315289675,2.5895179865981364,1.2049845384876126,1.0,95.71111977480263,95.6609756494004,95.70622093339126,95.7344799645331,95.77217111899544,95.81,-0.0010325778598129236,-0.0015566263261126583,-0.0010837627879319064,-0.0007885378831489942,-0.00039491024947926667,0.0
2025-06-05,23.4,26.08,36.33,36.88,79.31,95.61,-0.05000000000000071,-0.060000000000002274,-0.060000000000002274,-0.0899999999999963,-0.1700000000000017,-0.20000000000000284,4.0858974358974365,3.6660276073619635,2.6317093311312965,2.592462039045553,1.2055226327070987,1.0,4.0820902634523915,3.660524896482027,2.630369221253697,2.5898422601015705,1.2051412448482444,1.0,4.08172288410465,3.660008815920505,2.630179750247744,2.58956490137404,1.2050408646138062,1.0,95.5123154880488,95.45302991920676,95.55443032650054,95.5031535626746,95.57179097252097,95.61,-0.001022219934997234,-0.0016431239070792993,-0.0005813809082555966,-0.0011181485571842846,-0.000399714091947596,0.0
2025-06-06,23.39,26.09,36.31,36.89,79.3,95.62,-0.00999999999999801,0.010000000000001563,-0.01999999999999602,0.00999999999999801,-0.010000000000005116,0.010000000000005116,4.088071825566481,3.665005749329245,2.6334343156155327,2.5920303605313095,1.205800756620429,1.0,4.082413543849887,3.6607194132281173,2.6306762900083482,2.5899860953015135,1.2052210915964632,1.0,4.0820902634523915,3.660524896482027,2.630369221253697,2.5898422601015705,1.2051412448482444,1.0,95.48009126215143,95.50309454921609,95.50870642372175,95.53928097514694,95.56770071646578,95.62,-0.0014642459029897165,-0.0012233525795470035,-0.0011645931261656326,-0.0008445211683033241,-0.0005470988420566846,0.0
2025-06-09,23.43,26.11,36.34,36.91,79.34,95.72,0.03999999999999915,0.019999999999999574,0.030000000000001137,0.01999999999999602,0.04000000000000625,0.09999999999999432,4.085360648740931,3.666028341631559,2.6340121078701153,2.593335139528583,1.2064532392235945,1.0,4.082734207865881,3.6612095387397035,2.6309844551572734,2.5902386721520188,1.2053591577587885,1.0,4.082413543849887,3.6607194132281173,2.6306762900083482,2.5899860953015135,1.2052210915964632,1.0,95.65094933240285,95.58138387938614,95.59877637890338,95.59638677757886,95.62224140726339,95.72,-0.0007216421388371059,-0.0014491912401519498,-0.0012672424485856671,-0.0012922389106843695,-0.0010218193382031861,0.0
2025-06-10,23.47,26.18,36.41,37.0,79.53,95.93,0.03999999999999915,0.07000000000000028,0.06999999999999318,0.09000000000000341,0.18999999999999773,0.21000000000000796,4.087345547507457,3.664247517188694,2.634715737434771,2.5927027027027028,1.2062114925185465,1.0,4.082895678238691,3.661464760811839,2.631224503783205,2.5903369708841204,1.2053835859079733,1.0,4.082734207865881,3.6612095387397035,2.6309844551572734,2.5902386721520188,1.2053591577587885,1.0,95.82177185861222,95.85046572420543,95.79414401227632,95.8388308696247,95.86221381655645,95.93,-0.001128836013679647,-0.0008294304641914006,-0.0014172029418838517,-0.0009508233098199299,-0.0007068710967686497,0.0
2025-06-11,23.47,26.17,36.4,36.99,79.51,95.88,0.0,-0.00999999999999801,-0.00999999999999801,-0.00999999999999801,-0.01999999999999602,-0.05000000000001137,4.085215168299958,3.663737103553687,2.634065934065934,2.5920519059205187,1.205886052068922,1.0,4.082979113550535,3.6616176075829507,2.6313705359987236,2.5904100907880427,1.2054035711589592,1.0,4.082895678238691,3.661464760811839,2.631224503783205,2.5903369708841204,1.2053835859079733,1.0,95.82556156826206,95.82053279044582,95.77657193770865,95.81656455300362,95.84004891554297,95.88,-0.0005679379644061871,-0.0006204178005772936,-0.001079306295484183,-0.0006618318847789732,-0.0004167648116227277,0.0
2025-06-12,23.49,26.18,36.44,37.04,79.6,96.0,0.019999999999999574,0.00999999999999801,0.03999999999999915,0.04999999999999716,0.0899999999999892,0.12000000000000455,4.086845466155811,3.6669213139801378,2.6344676180021955,2.591792656587473,1.206030150753769,1.0,4.083106581552378,3.6621092671516893,2.631547610393872,2.5905233264389027,1.205431019590813,1.0,4.082979113550535,3.6616176075829507,2.6313705359987236,2.5904100907880427,1.2054035711589592,1.0,95.90917937730207,95.86114896652165,95.88714233179348,95.9487897627891,95.95012426425315,96.0,-0.0009464959390978538,-0.0014474119275045246,-0.001176292271052277,-0.0005335823006665855,-0.0005196739211342549,0.0
2025-06-13,23.43,26.11,36.34,36.94,79.36,95.7,-0.05999999999999872,-0.07000000000000028,-0.09999999999999432,-0.10000000000000142,-0.23999999999999488,-0.29999999999999716,4.084507042253521,3.6652623515894294,2.6334617501375894,2.590687601515972,1.205897177419355,1.0,4.08327730284986,3.662332568498389,2.631693875342292,2.5905965638122916,1.2054586403425318,1.0,4.083106581552378,3.6621092671516893,2.631547610393872,2.5905233264389027,1.205431019590813,1.0,95.66718720577221,95.6176729653306,95.63044016171332,95.69393167865306,95.6630057147269,95.7,-0.00034293020688104563,-0.0008606318326470037,-0.0007271173504077565,-6.341184692482555e-05,-0.00038663988993887453,0.0
2025-06-16,23.48,26.19,36.43,37.02,79.52,95.92,0.05000000000000071,0.08000000000000185,0.0899999999999963,0.0800000000000054,0.1599999999999966,0.21999999999999886,4.085178875638841,3.6624665903016416,2.6329947845182544,2.5910318746623444,1.2062374245472838,1.0,4.083399786077431,3.6622565103364715,2.6317603270475893,2.5906297592770104,1.2054960215170127,1.0,4.08327730284986,3.662332568498389,2.631693875342292,2.5905965638122916,1.2054586403425318,1.0,95.8753510709147,95.91648996897281,95.87260787871969,95.90388479233104,95.85807108003813,95.92,-0.00046558928193567666,-3.659398718306558e-05,-0.000494201760631478,-0.00016802086689386258,-0.0006458394514627479,0.0
2025-06-17,23.46,26.17,36.38,36.97,79.43,95.79,-0.019999999999999574,-0.019999999999999574,-0.04999999999999716,-0.05000000000000426,-0.0899999999999892,-0.12999999999999545,4.08312020460358,3.6602980512036685,2.6330401319406267,2.591019745739789,1.2059675185698098,1.0,4.083460233167679,3.6624666746467502,2.6318753526163006,2.590708486753445,1.205527327654624,1.0,4.083399786077431,3.6622565103364715,2.6317603270475893,2.5906297592770104,1.2054960215170127,1.0,95.79655898137653,95.84125287550546,95.7434406979913,95.77558220047108,95.75254898909633,95.79,6.847016214456259e-05,0.0005349114610321927,-0.0004861741402035477,-0.00015052599105266359,-0.0003910463923402173,0.0
2025-06-18,23.48,26.2,36.45,37.05,79.55,95.94,0.019999999999999574,0.029999999999997584,0.07000000000000028,0.0799999999999983,0.11999999999999034,0.14999999999999147,4.0860306643952296,3.6618320610687025,2.6320987654320986,2.5894736842105264,1.206033940917662,1.0,4.083664455247875,3.6626902088665334,2.631925958013077,2.5906939500054014,1.2055567786707617,1.0,4.083460233167679,3.6624666746467502,2.6318753526163006,2.590708486753445,1.205527327654624,1.0,95.8796462747771,95.95662687574486,95.93185660286416,95.98574943421512,95.89969891492532,95.94,-0.00062927576383963,0.00017328992236250994,-8.488370608284762e-05,0.0004767409815148152,-0.00042015376270380055,0.0
2025-06-20,23.56,26.27,36.54,37.13,79.8,96.23,0.0799999999999983,0.07000000000000028,0.0899999999999963,0.0800000000000054,0.25,0.29000000000000625,4.084465195246181,3.6631138180433958,2.633552271483306,2.591704820899542,1.2058897243107771,1.0,4.083937521794211,3.662872093913541,2.632097480778826,2.590780826819189,1.2055797257415217,1.0,4.083664455247875,3.6626902088665334,2.631925958013077,2.5906939500054014,1.2055567786707617,1.0,96.21113456563992,96.21887178692383,96.17057450579783,96.19246636370056,96.20343093792678,96.23,-0.0001960644688891068,-0.00011564851469646122,-0.0006177268050730077,-0.0003901169908562484,-0.00027613769720312594,0.0
2025-06-23,23.6,26.33,36.63,37.22,79.95,96.42,0.0400000000000027,0.05999999999999872,0.09000000000000341,0.0899999999999963,0.15000000000000568,0.18999999999999773,4.085593220338983,3.661982529434106,2.632268632268632,2.5905427189682966,1.2060037523452158,1.0,4.084273762322519,3.6631118814152237,2.632201791330898,2.590873795194155,1.2056291852341785,1.0,4.083937521794211,3.662872093913541,2.632097480778826,2.590780826819189,1.2055797257415217,1.0,96.38092551434339,96.44342223274353,96.4137307209284,96.42886237421023,96.38609907303467,96.42,-0.00040533504792423256,0.00024288932123606738,-6.50226394560381e-05,9.191004922044163e-05,-0.0003516582460583513,0.0
2025-06-24,23.67,26.38,36.73,37.31,80.17,96.68,0.07000000000000028,0.05000000000000071,0.09999999999999432,0.09000000000000341,0.21999999999999886,0.2600000000000051,4.084495141529362,3.6648976497346477,2.6321807786550506,2.591262396140445,1.2059373830609954,1.0,4.084553407906706,3.6633633048792547,2.632356988362047,2.5910219490147828,1.2056853957425164,1.0,4.084273762322519,3.6631118814152237,2.632201791330898,2.590873795194155,1.2056291852341785,1.0,96.67475995417404,96.6328914317336,96.68077179558388,96.66550129869394,96.65529178022409,96.68,-5.4201363633332076e-05,-0.0004873815589847836,7.982959280890609e-06,-0.00014997712629313538,-0.0002555996857368134,0.0
2025-06-25,23.66,26.38,36.72,37.31,80.15,96.71,-0.010000000000001563,0.0,-0.00999999999999801,0.0,-0.01999999999999602,0.029999999999986926,4.087489433643279,3.666034874905231,2.633714596949891,2.5920664701152503,1.2066126013724265,1.0,4.084899746596543,3.663694865138278,2.6325815811592808,2.591190442882903,1.2057554189875195,1.0,4.084553407906706,3.6633633048792547,2.632356988362047,2.5910219490147828,1.2056853957425164,1.0,96.64053363107267,96.63952398271473,96.66014861265437,96.67102891774155,96.6356844687627,96.71,-0.000718553712903309,-0.0007290012300493568,-0.0005156058347960901,-0.00040304969938483216,-0.0007687322848834766,0.0
2025-06-26,23.73,26.47,36.82,37.4,80.38,97.02,0.07000000000000028,0.08999999999999986,0.10000000000000142,0.0899999999999963,0.22999999999998977,0.3100000000000023,4.088495575221239,3.665281450698904,2.634980988593156,2.5941176470588236,1.2070166708136352,1.0,4.085315996572957,3.6639444005653425,2.6327936495606186,2.5914590957986148,1.2058391827373218,1.0,4.084899746596543,3.663694865138278,2.6325815811592808,2.591190442882903,1.2057554189875195,1.0,96.93467098673597,96.97800308021021,96.93165381828472,96.91052256382056,96.9186205782168,97.02,-0.0008798861954194075,-0.00043296239939611477,-0.0009110124722962828,-0.001129037826140961,-0.0010454795513667396,0.0
2025-06-27,23.72,26.45,36.8,37.4,80.34,96.94,-0.010000000000001563,-0.019999999999999574,-0.020000000000003126,0.0,-0.03999999999999204,-0.0799999999999983,4.086846543001687,3.665028355387524,2.634239130434783,2.5919786096256683,1.206621857107294,1.0,4.085567995644643,3.6643015838940927,2.6330205662799973,2.591598566820439,1.2059187032656424,1.0,4.085315996572957,3.6639444005653425,2.6327936495606186,2.5914590957986148,1.2058391827373218,1.0,96.90369543871054,96.91132939495331,96.88680630383075,96.92057018286819,96.87711994111643,96.94,-0.0003745756252920116,-0.0002957999343643676,-0.0005488786460354241,-0.00020045146033088922,-0.0006488597200165862,0.0
2025-06-30,23.8,26.54,36.92,37.51,80.65,97.27,0.08000000000000185,0.08999999999999986,0.12000000000000455,0.10999999999999943,0.3100000000000023,0.3299999999999983,4.086974789915966,3.6650339110776184,2.6346153846153846,2.593175153292455,1.2060756354618722,1.0,4.0858529053532076,3.6643791006855593,2.6332236339199815,2.5917542188949994,1.2059547962112886,1.0,4.085567995644643,3.6643015838940927,2.6330205662799973,2.591598566820439,1.2059187032656424,1.0,97.23651829634251,97.25056403654922,97.2111193070575,97.21086224143465,97.25734341837406,97.27,-0.00034427333625055634,-0.00019983453792373726,-0.0006055157945545628,-0.000608160203595204,-0.0001301265048027217,0.0
2025-07-01,23.62,26.38,36.72,37.28,80.17,96.66,-0.17999999999999972,-0.16000000000000014,-0.20000000000000284,-0.22999999999999687,-0.480000000000004,-0.6099999999999994,4.09229466553768,3.664139499620925,2.6323529411764706,2.592811158798283,1.2056879131844829,1.0,4.086249223212532,3.6642527423332725,2.633332731613113,2.5918863574975974,1.206015650572205,1.0,4.0858529053532076,3.6643791006855593,2.6332236339199815,2.5917542188949994,1.2059547962112886,1.0,96.50784562444277,96.66632067608505,96.69197183754171,96.62059728040558,96.68139601225901,96.66,-0.0015753595691135429,6.538867615347435e-05,0.00033071126742861227,-0.00040772556267622224,0.00022132882856610938,0.0
2025-07-02,23.67,26.41,36.77,37.33,80.32,96.85,0.05000000000000071,0.030000000000001137,0.05000000000000426,0.04999999999999716,0.14999999999999147,0.18999999999999773,4.091677228559357,3.6671715259371447,2.6339407125373944,2.594428073935173,1.2058017928286853,1.0,4.086580947888363,3.6644887132661452,2.6334356042443883,2.59201177420954,1.2060574104518846,1.0,4.086249223212532,3.6642527423332725,2.633332731613113,2.5918863574975974,1.206015650572205,1.0,96.72151911344064,96.77291492502172,96.82764454141417,96.7551177253853,96.86717705395951,96.85,-0.001327477368728372,-0.0007962392166315616,-0.00023085223633354825,-0.000980162955666771,0.00017734156842218873,0.0
2025-07-03,23.69,26.43,36.78,37.37,80.37,96.91,0.019999999999999574,0.019999999999999574,0.00999999999999801,0.03999999999999915,0.05000000000001137,0.060000000000002274,4.0907555930772475,3.6666666666666665,2.6348558999456224,2.5932566229595935,1.2057981834017668,1.0,4.086833013256511,3.6645588484357448,2.633535090640405,2.592096569111915,1.206074294961681,1.0,4.086580947888363,3.6644887132661452,2.6334356042443883,2.59201177420954,1.2060574104518846,1.0,96.81110265547532,96.85243669162422,96.85776152410861,96.8634800022105,96.93083407801798,96.91,-0.0010210281870245965,-0.0005941637713903457,-0.0005391864647253292,-0.00048014825024254545,0.00021496067324825368,0.0
2025-07-07,23.62,26.38,36.66,37.25,80.1,96.56,-0.07000000000000028,-0.05000000000000071,-0.12000000000000455,-0.11999999999999744,-0.27000000000001023,-0.3499999999999943,4.088060965283658,3.6603487490523126,2.6339334424440812,2.592214765100671,1.2054931335830212,1.0,4.086941189725822,3.664274905520262,2.6336462962060443,2.592084205414671,1.206072820005477,1.0,4.086833013256511,3.6645588484357448,2.633535090640405,2.592096569111915,1.206074294961681,1.0,96.53099577311879,96.67106242173494,96.54539642287725,96.55559719941884,96.60655102643064,96.56,-0.00030042029648484246,0.001149529817545982,-0.00015124980887236842,-4.5597565870066276e-05,0.0004819781383932944,0.0
2025-07-08,23.57,26.29,36.61,37.2,79.99,96.41,-0.05000000000000071,-0.08999999999999986,-0.04999999999999716,-0.04999999999999716,-0.10999999999999943,-0.15000000000000568,4.090369113279593,3.6671738303537467,2.6334334881180004,2.5916666666666663,1.2052756594574323,1.0,4.087056054111478,3.6643833095714866,2.6336462548311674,2.5920660207214388,1.2060465651473273,1.0,4.086941189725822,3.664274905520262,2.6336462962060443,2.592084205414671,1.206072820005477,1.0,96.32920384183763,96.33378726612769,96.41779090410328,96.42553244142576,96.4737648722381,96.41,-0.0008383988444965624,-0.000790819137936743,8.080685954023305e-05,0.0001610952220547404,0.000661174097293863,0.0
2025-07-09,23.64,26.37,36.71,37.3,80.21,96.66,0.07000000000000028,0.08000000000000185,0.10000000000000142,0.09999999999999432,0.21999999999999886,0.25,4.088832487309644,3.6655290102389078,2.63307000817216,2.59142091152815,1.205086647550181,1.0,4.087229646039914,3.6643583430018545,2.63359914984627,2.5919703093214173,1.2059782355636568,1.0,4.087056054111478,3.6643833095714866,2.6336462548311674,2.5920660207214388,1.2060465651473273,1.0,96.61800511919536,96.6297878734001,96.68115401485215,96.68406257290965,96.73699499046712,96.66,-0.00043455416915744735,-0.00031260965391221495,0.00021882578537771045,0.0002489093558258379,0.0007962377547674591,0.0
2025-07-10,23.64,26.35,36.68,37.27,80.13,96.61,0.0,-0.019999999999999574,-0.030000000000001137,-0.02999999999999403,-0.0799999999999983,-0.04999999999999716,4.0867174280879865,3.666413662239089,2.6338604143947655,2.5921652803863693,1.205665793086235,1.0,4.087198240068941,3.6644666502543743,2.63355638369427,2.5919434382056004,1.205950950592041,1.0,4.087229646039914,3.6643583430018545,2.63359914984627,2.5919703093214173,1.2059782355636568,1.0,96.62210883238356,96.55584233809887,96.60041681636118,96.60273342840922,96.63503601571581,96.61,0.0001253294027848933,-0.0005607374747485947,-9.919945109157869e-05,-7.52183509364399e-05,0.0002591116064047305,0.0
2025-07-11,23.59,26.31,36.62,37.22,80.03,96.44,-0.05000000000000071,-0.0400000000000027,-0.060000000000002274,-0.05000000000000426,-0.09999999999999432,-0.1700000000000017,4.088172954641797,3.6655264158114784,2.633533588203168,2.5910800644814618,1.20504810695989,1.0,4.087346129386032,3.6645561158672635,2.6335297664011312,2.5918948461336475,1.2059090533365895,1.0,4.087198240068941,3.6644666502543743,2.63355638369427,2.5919434382056004,1.205950950592041,1.0,96.4170064832263,96.41211756819258,96.44083477088417,96.47213477001245,96.51225457588104,96.44,-0.00023845145480512722,-0.0002891586813074882,8.655819902042446e-06,0.0003331544731282053,0.0007489373930065657,0.0
2025-07-14,23.61,26.34,36.65,37.24,80.09,96.53,0.019999999999999574,0.030000000000001137,0.030000000000001137,0.020000000000003126,0.060000000000002274,0.09000000000000341,4.08852181279119,3.664768413059985,2.6338335607094137,2.5921052631578947,1.2052690722936696,1.0,4.087429946717801,3.664448470821257,2.633498063536492,2.5919104764621688,1.2058709994135843,1.0,4.087346129386032,3.6645561158672635,2.6335297664011312,2.5918948461336475,1.2059090533365895,1.0,96.5022421148042,96.52440809194373,96.51886593860145,96.52216407001704,96.58125608172746,96.53,-0.0002875984351942177,-5.793090262075221e-05,-0.000115349669181015,-8.117940583579478e-05,0.0005308451094058116,0.0
2025-07-15,23.54,26.27,36.55,37.14,79.85,96.22,-0.07000000000000028,-0.07000000000000028,-0.10000000000000142,-0.10000000000000142,-0.2400000000000091,-0.3100000000000023,4.0875106202209,3.662733155690902,2.632558139534884,2.5907377490576198,1.205009392611146,1.0,4.08758012561617,3.66432201102633,2.633452883006357,2.591912983839251,1.205826610173174,1.0,4.087429946717801,3.664448470821257,2.633498063536492,2.5919104764621688,1.2058709994135843,1.0,96.21810094573704,96.26506132847442,96.25435422225877,96.26355509580495,96.2887993031747,96.22,-1.9736780332946198e-05,0.000468205989457997,0.0003569745461664266,0.0004525591448748645,0.00071476531309539,0.0
2025-07-16,23.6,26.33,36.63,37.21,80.06,96.44,0.060000000000002274,0.05999999999999872,0.0800000000000054,0.07000000000000028,0.21000000000000796,0.21999999999999886,4.0864406779661016,3.662742119255602,2.6328146328146325,2.591776404192421,1.2045965525855609,1.0,4.087643215732532,3.6643357874740277,2.633443875421176,2.5919502103157552,1.2057445665750879,1.0,4.08758012561617,3.66432201102633,2.633452883006357,2.591912983839251,1.205826610173174,1.0,96.46689096454162,96.48159855032326,96.46337910452287,96.44508212865854,96.53847841046432,96.44,0.00027879734706562055,0.00043124825090114986,0.0002423918621422393,5.269592239716101e-05,0.001020615561111813,0.0
2025-07-17,23.62,26.36,36.67,37.27,80.14,96.56,0.019999999999999574,0.030000000000001137,0.03999999999999915,0.060000000000002274,0.0799999999999983,0.12000000000000455,4.088060965283658,3.663125948406677,2.6332151622579767,2.5908237188086933,1.204891439980035,1.0,4.0878902537665365,3.6644771823341786,2.6334526269370437,2.5919404089692004,1.2056907626455993,1.0,4.087643215732532,3.6643357874740277,2.633443875421176,2.5919502103157552,1.2057445665750879,1.0,96.55013275560242,96.59189135781537,96.56838691169453,96.6019843384682,96.62836956532755,96.56,-0.0001021929224051507,0.0003302205107180242,8.685322581424815e-05,0.00043470602430524893,0.0007078021139233998,0.0
2025-07-18,23.67,26.39,36.71,37.32,80.25,96.7,0.05000000000000071,0.030000000000001137,0.03999999999999915,0.04999999999999716,0.10999999999999943,0.14000000000000057,4.085340092944656,3.6642667677150436,2.634159629528739,2.5911039657020365,1.2049844236760126,1.0,4.087855725194009,3.6645989176664955,2.6335556701418756,2.5920219230437755,1.205638286783517,1.0,4.0878902537665365,3.6644771823341786,2.6334526269370437,2.5919404089692004,1.2056907626455993,1.0,96.76036230665393,96.70555284179898,96.67404593485888,96.73121606273057,96.75668370230935,96.7,0.0006240276601680461,5.742174119518991e-05,-0.00026843380321789844,0.00032276137881934956,0.0005860092589895375,0.0
2025-07-21,23.69,26.44,36.77,37.37,80.36,96.83,0.019999999999999574,0.05000000000000071,0.060000000000002274,0.04999999999999716,0.10999999999999943,0.12999999999999545,4.0873786407766985,3.662254160363086,2.6333967908621156,2.591115868343591,1.204952712792434,1.0,4.088001397470534,3.66455593478248,2.6335478961108163,2.5919924754159784,1.2055914362075995,1.0,4.087855725194009,3.6645989176664955,2.6335556701418756,2.5920219230437755,1.205638286783517,1.0,96.84130212984608,96.89199538310214,96.83584199111678,96.86385926414589,96.88509272592341,96.83,0.0001167145543467643,0.0006400448756057594,6.033062989834289e-05,0.0003496162926321412,0.0005688016006757687,0.0
2025-07-22,23.73,26.46,36.84,37.43,80.5,97.01,0.03999999999999915,0.019999999999999574,0.07000000000000028,0.060000000000002274,0.14000000000000057,0.18000000000000682,4.088074167720186,3.6662887377173092,2.6332790445168293,2.5917713064386856,1.2050931677018635,1.0,4.088125444839594,3.66477124519664,2.633598416723226,2.5920539047894975,1.205545906975432,1.0,4.088001397470534,3.66455593478248,2.6335478961108163,2.5919924754159784,1.2055914362075995,1.0,97.00827316197578,96.96415003434441,97.01990449272247,97.01827835482007,97.05011061471176,97.01,-1.7800777175574413e-05,-0.00047274305881867966,0.00010209243525595084,8.533142586504661e-05,0.0004133834115201644,0.0
2025-07-23,23.74,26.49,36.85,37.46,80.54,97.08,0.00999999999999801,0.029999999999997584,0.00999999999999801,0.030000000000001137,0.04000000000000625,0.06999999999999318,4.089300758213985,3.664779161947905,2.634464043419267,2.5915643352909767,1.2053637943878817,1.0,4.0883657256738255,3.664765320807303,2.633712579961437,2.5920690017470243,1.2055172275417763,1.0,4.088125444839594,3.66477124519664,2.633598416723226,2.5920539047894975,1.205545906975432,1.0,97.05209806049196,97.07979028525898,97.04810165625088,97.09833927341458,97.09466734780129,97.08,-0.00028745313092402413,-2.1602283429202964e-06,-0.0003286319060872841,0.00018889103221017572,0.0001510737526118182,0.0
2025-07-24,23.71,26.44,36.8,37.4,80.44,96.94,-0.029999999999997584,-0.04999999999999716,-0.05000000000000426,-0.060000000000002274,-0.10000000000000853,-0.14000000000000057,4.088570223534373,3.666414523449319,2.634239130434783,2.5919786096256683,1.2051218299353557,1.0,4.08841976516838,3.6647843032345073,2.633738806635681,2.5920646087225454,1.2054426889699228,1.0,4.0883657256738255,3.664765320807303,2.633712579961437,2.5920690017470243,1.2055172275417763,1.0,96.9351513557264,96.89639508214509,96.92062294258088,96.94338066533871,96.97180578346048,96.94,-5.001821265592905e-05,-0.00044991466718084116,-0.0001999071001581824,3.487318332746252e-05,0.0003280438095783462,0.0
2025-07-25,23.74,26.49,36.82,37.43,80.49,97.04,0.029999999999997584,0.04999999999999716,0.020000000000003126,0.030000000000001137,0.04999999999999716,0.10000000000000853,4.087615838247684,3.663269158172896,2.635524171645845,2.5925728025647876,1.2056156044229098,1.0,4.088375778319703,3.664683688608207,2.633765965788316,2.5919873664978432,1.2053726356503867,1.0,4.08841976516838,3.6647843032345073,2.633738806635681,2.5920646087225454,1.2054426889699228,1.0,97.05908522509733,97.08013619268209,96.97426286032578,97.02097830448487,97.02608203518908,97.04,0.00019665445755908024,0.00041351911286705234,-0.0006776526758464414,-0.00019603833539585583,-0.00014343531531971852,0.0
2025-07-28,23.73,26.47,36.81,37.42,80.45,97.0,-0.00999999999999801,-0.019999999999999574,-0.00999999999999801,-0.00999999999999801,-0.03999999999999204,-0.04000000000000625,4.0876527602191315,3.6645258783528525,2.635153490899212,2.59219668626403,1.2057178371659416,1.0,4.0884160891805745,3.6646585647564733,2.6338116838115373,2.5919982703297615,1.205327434653319,1.0,4.088375778319703,3.664683688608207,2.633765965788316,2.5919873664978432,1.2053726356503867,1.0,97.01715721952655,97.00417723745923,96.94892520066792,96.9921672543493,96.97222853807361,97.0,0.00017686291065345365,4.3063376462982164e-05,-0.0005266829961536903,-8.075321561498105e-05,-0.0002863447239375515,0.0
2025-07-29,23.74,26.47,36.84,37.44,80.5,97.02,0.00999999999999801,0.0,0.030000000000001137,0.01999999999999602,0.04999999999999716,0.01999999999999602,4.086773378264533,3.665281450698904,2.633550488599348,2.5913461538461537,1.2052173913043478,1.0,4.088406018598003,3.664670941737538,2.6337584390107356,2.5919068203574462,1.2052845224454427,1.0,4.0884160891805745,3.6646585647564733,2.6338116838115373,2.5919982703297615,1.205327434653319,1.0,97.05899795714683,97.00351220910385,97.02962243161704,97.04441524114627,97.02885848959217,97.02,0.0004018771539649763,-0.00016995662791706676,9.917495849099917e-05,0.000251619971077721,9.13016409091608e-05,0.0
2025-07-30,23.7,26.45,36.75,37.37,80.33,96.85,-0.03999999999999915,-0.019999999999999574,-0.09000000000000341,-0.07000000000000028,-0.1700000000000017,-0.1700000000000017,4.086497890295359,3.661625708884688,2.6353741496598637,2.5916510569975917,1.205651686791983,1.0,4.088116179835887,3.664545252200726,2.633909499434905,2.5918488152674115,1.2052827111258178,1.0,4.088406018598003,3.664670941737538,2.6337584390107356,2.5919068203574462,1.2052845224454427,1.0,96.89522264077267,96.93054640895787,96.79062263364453,96.85955787675776,96.82050568804242,96.85,0.0004668258755241009,0.0008313157857093303,-0.0006132738824003427,9.868255206700767e-05,-0.00030458238419743577,0.0
2025-07-31,23.7,26.43,36.77,37.39,80.38,96.89,0.0,-0.019999999999999574,0.020000000000003126,0.020000000000003126,0.04999999999999716,0.04000000000000625,4.088185654008439,3.66590995081347,2.635028555887952,2.5913345814388875,1.2053993530729037,1.0,4.087941601108341,3.6644821734445423,2.6339638916024333,2.5916941406425975,1.2052625891380284,1.0,4.088116179835887,3.664545252200726,2.633909499434905,2.5918488152674115,1.2052827111258178,1.0,96.88835346211052,96.85393101566518,96.84885229422147,96.90922720284851,96.88062432029322,96.89,-1.6994033235455654e-05,-0.00037233666688227945,-0.0004247749577327632,0.00019842393789811503,-9.677090887209393e-05,0.0
2025-08-01,23.55,26.26,36.57,37.18,79.98,96.35,-0.14999999999999858,-0.16999999999999815,-0.20000000000000284,-0.21000000000000085,-0.3999999999999915,-0.5400000000000063,4.091295116772823,3.6690784463061688,2.634673229423024,2.5914470145239377,1.2046761690422605,1.0,4.08796857729312,3.6646027624265165,2.6339547580763027,2.591603660220815,1.2052064884200533,1.0,4.087941601108341,3.6644821734445423,2.6339638916024333,2.5916941406425975,1.2052625891380284,1.0,96.27102470610143,96.22930187465369,96.32405951590098,96.35918814909178,96.39690187925952,96.35,-0.0008200070417483499,-0.0012534902762151765,-0.0002692680511420977,9.535766495620535e-05,0.00048666805772704016,0.0
2025-08-04,23.63,26.36,36.69,37.3,80.25,96.71,0.0799999999999983,0.09999999999999787,0.11999999999999744,0.11999999999999744,0.269999999999996,0.35999999999999943,4.09267879813796,3.668816388467375,2.6358680839465793,2.592761394101877,1.2051090342679127,1.0,4.0881994689358345,3.6650261443972703,2.634051490151428,2.591630991670875,1.2051872834542978,1.0,4.08796857729312,3.6646027624265165,2.6339547580763027,2.591603660220815,1.2052064884200533,1.0,96.59869748143642,96.59892881756298,96.63980007381954,96.66681652623639,96.71782069570928,96.71,-0.001151552230326939,-0.0011491574169848655,-0.0007261443170695001,-0.00044662514625245543,8.08642281696474e-05,0.0
2025-08-05,23.64,26.4,36.69,37.3,80.21,96.64,0.010000000000001563,0.03999999999999915,0.0,0.0,-0.04000000000000625,-0.06999999999999318,4.0879864636209815,3.6606060606060606,2.6339602071409107,2.5908847184986596,1.2048373020820347,1.0,4.088080336452904,3.6646977559098866,2.6340778261025735,2.5915918942624745,1.205165365585528,1.0,4.0881994689358345,3.6650261443972703,2.634051490151428,2.591630991670875,1.2051872834542978,1.0,96.64503544564313,96.75669021208793,96.64334917365588,96.66783598932363,96.66807200586922,96.64,5.210383341545027e-05,0.0012067448116163065,3.46555838412609e-05,0.00028799649402272106,0.00029043801198014047,0.0
2025-08-06,23.65,26.38,36.72,37.33,80.29,96.77,0.00999999999999801,-0.019999999999999574,0.030000000000001137,0.030000000000001137,0.0800000000000125,0.12999999999999545,4.091754756871036,3.668309325246399,2.6353485838779958,2.592285025448701,1.2052559471914308,1.0,4.088226449930973,3.664836771660261,2.634191754887865,2.5916350999585025,1.2051738305675905,1.0,4.088080336452904,3.6646977559098866,2.6340778261025735,2.5915918942624745,1.205165365585528,1.0,96.68309995711118,96.6747268009028,96.7233377744865,96.74412541281816,96.76272720286204,96.77,-0.0008984094724056945,-0.0009850173574238164,-0.00048231351998746373,-0.0002674180738055229,-7.515831814593928e-05,0.0
2025-08-07,23.64,26.37,36.69,37.31,80.21,96.7,-0.00999999999999801,-0.00999999999999801,-0.030000000000001137,-0.01999999999999602,-0.0800000000000125,-0.06999999999999318,4.090524534686971,3.6670458854759196,2.6355955301171985,2.591798445456982,1.2055853384864732,1.0,4.088416805260923,3.664868382822102,2.6342785106739868,2.591616758212033,1.2051698078376023,1.0,4.088226449930973,3.664836771660261,2.634191754887865,2.5916350999585025,1.2051738305675905,1.0,96.6456732763682,96.64174566868108,96.64849548683576,96.69390557945174,96.66699294982642,96.7,-0.000561964735397644,-0.0006026048112918559,-0.0005327635392538663,-6.302598349234383e-05,-0.0003413928095031502,0.0
2025-08-08,23.64,26.39,36.68,37.3,80.22,96.72,0.0,0.019999999999999574,-0.00999999999999801,-0.010000000000005116,0.010000000000005116,0.01999999999999602,4.091370558375634,3.665024630541872,2.6368593238822244,2.593029490616622,1.205684367988033,1.0,4.088576685447615,3.664843293558622,2.63444479745794,2.5917142295187907,1.2052016208890095,1.0,4.088416805260923,3.664868382822102,2.6342785106739868,2.591616758212033,1.2051698078376023,1.0,96.65017327636824,96.71587662267527,96.62533577152183,96.66730508130883,96.67872198473246,96.72,-0.0007222078305428523,-4.263301510922381e-05,-0.0009792244086439673,-0.000544967726533799,-0.0004268695829085668,0.0
2025-08-11,23.63,26.39,36.68,37.31,80.22,96.7,-0.010000000000001563,0.0,0.0,0.010000000000005116,0.0,-0.01999999999999602,4.092255607278883,3.6642667677150436,2.6363140676117776,2.591798445456982,1.2054350536025928,1.0,4.088763375171999,3.6648182112913745,2.6345688228030584,2.5916988886337453,1.2052099199544557,1.0,4.088576685447615,3.664843293558622,2.63444479745794,2.5917142295187907,1.2052016208890095,1.0,96.61306707712714,96.71521451701204,96.63143517075723,96.69685790334609,96.68127402771634,96.7,-0.0008994004393747304,0.0001573249248402629,-0.0007092983306808276,-3.24937714941112e-05,-0.00019366893135171608,0.0
2025-08-12,23.68,26.42,36.75,37.38,80.4,96.89,0.05000000000000071,0.030000000000001137,0.07000000000000028,0.07000000000000028,0.18000000000000682,0.18999999999999773,4.091638513513513,3.6672975018925054,2.6364625850340135,2.592027822364901,1.2050995024875621,1.0,4.0889697698366305,3.6650464286014546,2.6347640450780143,2.591763392299109,1.2052144254482766,1.0,4.088763375171999,3.6648182112913745,2.6345688228030584,2.5916988886337453,1.2052099199544557,1.0,96.82191672407295,96.82449714231812,96.8204042380124,96.87770445712941,96.89887756433825,96.89,-0.0007029333030393701,-0.0006762824790575527,-0.000718554744189838,-0.00012691013625353538,9.162098935744976e-05,0.0
2025-08-13,23.74,26.49,36.87,37.49,80.61,97.17,0.05999999999999872,0.06999999999999673,0.11999999999999744,0.10999999999999943,0.20999999999999375,0.28000000000000114,4.093091828138164,3.6681766704416763,2.635475996745322,2.5918911709789274,1.2054335690360998,1.0,4.089302327345234,3.665318156160759,2.6348971132745485,2.5917691306384345,1.2052562762708035,1.0,4.0889697698366305,3.6650464286014546,2.6347640450780143,2.591763392299109,1.2052144254482766,1.0,97.0721423359216,97.08707989365253,97.14375034202638,97.1652095772936,97.15233483538557,97.17,-0.0010075843602274964,-0.0008537152049138883,-0.0002701780814491474,-4.930061534183212e-05,-0.0001818130137028089,0.0
2025-08-14,23.7,26.44,36.78,37.4,80.4,96.89,-0.03999999999999915,-0.04999999999999716,-0.0899999999999963,-0.09000000000000341,-0.20999999999999375,-0.28000000000000114,4.088185654008439,3.6645234493192134,2.6343121261555194,2.5906417112299467,1.2050995024875621,1.0,4.089308561781473,3.6653880312063847,2.634951961469426,2.591760030259497,1.2052666793961797,1.0,4.089302327345234,3.665318156160759,2.6348971132745485,2.5917691306384345,1.2052562762708035,1.0,96.91646515808203,96.91101204889047,96.91151582623789,96.93216548587745,96.90260461217261,96.89,0.00027310913725145174,0.00021684147828388773,0.00022203981464808672,0.0004350945768966495,0.00013008352114999994,0.0
2025-08-15,23.69,26.45,36.78,37.41,80.46,96.92,-0.00999999999999801,0.00999999999999801,0.0,0.00999999999999801,0.05999999999998806,0.030000000000001137,4.091177712114816,3.664272211720227,2.635127786840674,2.590751136059877,1.2045737012179967,1.0,4.089600442739981,3.665388303406645,2.6350003693350224,2.5917423887773894,1.2052461432732788,1.0,4.089308561781473,3.6653880312063847,2.634951961469426,2.591760030259497,1.2052666793961797,1.0,96.8757198286031,96.94951342540887,96.91353314284548,96.95774273200777,96.9757570242166,96.92,-0.00045697781361374746,0.0003044669078227219,-6.672588640437561e-05,0.0003893456974762539,0.0005751237325582525,0.0
2025-08-18,23.69,26.45,36.78,37.39,80.4,96.87,0.0,0.0,0.0,-0.01999999999999602,-0.05999999999998806,-0.04999999999999716,4.089067116926973,3.6623818525519853,2.633768352365416,2.590799679058572,1.2048507462686566,1.0,4.089684866547494,3.6653946880160895,2.6350189474101877,2.5917265793131383,1.20524104494709,1.0,4.089600442739981,3.665388303406645,2.6350003693350224,2.5917423887773894,1.2052461432732788,1.0,96.88263448851015,96.94952062510575,96.91531358414213,96.90524791638659,96.90178991917162,96.87,0.00013041875339047914,0.0008205636801826134,0.0004676678962911376,0.0003638020557770291,0.00032811710590152627,0.0
2025-08-19,23.69,26.42,36.77,37.4,80.38,96.86,0.0,-0.029999999999997584,-0.00999999999999801,0.00999999999999801,-0.020000000000010232,-0.010000000000005116,4.088644997889404,3.666161998485995,2.6342126733750337,2.5898395721925134,1.2050261259019657,1.0,4.089713408055955,3.6653883510545233,2.635065628853098,2.5916299926008297,1.2052376928570951,1.0,4.089684866547494,3.6653946880160895,2.6350189474101877,2.5917265793131383,1.20524104494709,1.0,96.88463448851014,96.83972765738508,96.8896466962726,96.93057406631137,96.8772751928471,96.86,0.00025429853794841934,-0.0002093172038402588,0.0003060309735733854,0.0007283539952482991,0.000178336284286972,0.0
2025-08-20,23.68,26.41,36.74,37.37,80.35,96.79,-0.010000000000001563,-0.010000000000001563,-0.030000000000001137,-0.030000000000001137,-0.030000000000001137,-0.06999999999999318,4.087415540540541,3.6648996592199925,2.634458356015242,2.5900454910355903,1.2046048537647793,1.0,4.089619147172283,3.6653943759181282,2.635065344482897,2.5915540503880603,1.2051997458259402,1.0,4.089713408055955,3.6653883510545233,2.635065628853098,2.5916299926008297,1.2052376928570951,1.0,96.84441350276501,96.80290635134996,96.81231120406282,96.849212823493,96.8408486210676,96.79,0.0005620230744420041,0.00013333496161932,0.0002304848947600561,0.0006115788685071705,0.0005252119959043026,0.0
2025-08-21,23.64,26.39,36.69,37.32,80.2,96.62,-0.03999999999999915,-0.019999999999999574,-0.05000000000000426,-0.04999999999999716,-0.14999999999999147,-0.1700000000000017,4.087140439932318,3.6612353164077303,2.633415099482148,2.5889603429796355,1.2047381546134663,1.0,4.0895476579921795,3.6651354155660485,2.635024142935265,2.591403137055759,1.2051805620598457,1.0,4.089619147172283,3.6653943759181282,2.635065344482897,2.5915540503880603,1.2051997458259402,1.0,96.67859663915277,96.7297575804794,96.68054748907748,96.71679716048241,96.65701961524042,96.62,0.0006062810798057081,0.0011353269188683981,0.0006264595920099182,0.0010013320794798974,0.00038307312236919436,0.0
2025-08-22,23.81,26.59,37.0,37.6,80.85,97.43,0.16999999999999815,0.1999999999999993,0.3100000000000023,0.28000000000000114,0.6499999999999915,0.8100000000000023,4.091978160436792,3.664159458443024,2.6332432432432435,2.5912234042553193,1.2050711193568338,1.0,4.089765774101635,3.665179930579555,2.6349100965151346,2.591335667140285,1.2051533378065418,1.0,4.0895476579921795,3.6651354155660485,2.635024142935265,2.591403137055759,1.2051805620598457,1.0,97.37212973679378,97.45595069990122,97.4958932886048,97.43675795329654,97.43884844253851,97.43,-0.0005941440680016949,0.0002663167864218931,0.0006760855626006348,6.93597345203371e-05,9.081433605543039e-05,0.0
2025-08-25,23.79,26.56,36.92,37.55,80.69,97.31,-0.019999999999999574,-0.030000000000001137,-0.0799999999999983,-0.05000000000000426,-0.1599999999999966,-0.12000000000000455,4.090374106767549,3.663780120481928,2.6356988082340194,2.5914780292942745,1.2059734787458174,1.0,4.089901841429056,3.665142642686009,2.6349373623818755,2.5912997342917974,1.2051661198855355,1.0,4.089765774101635,3.665179930579555,2.6349100965151346,2.591335667140285,1.2051533378065418,1.0,97.29552776587789,97.34717895619298,97.28088076333877,97.30465430111771,97.24382282760985,97.31,-0.00014873405000298223,0.00038199419969428105,-0.0002992867575742396,-5.493624211226779e-05,-0.0006802968348871121,0.0
2025-08-26,23.84,26.59,36.99,37.63,80.87,97.52,0.05000000000000071,0.030000000000001137,0.07000000000000028,0.0800000000000054,0.18000000000000682,0.20999999999999375,4.090604026845638,3.6675441895449414,2.6363882130305485,2.5915492957746475,1.2058859898602694,1.0,4.090093373858112,3.6652557796283105,2.635079248603435,2.591309891388222,1.2051995498133317,1.0,4.089901841429056,3.665142642686009,2.6349373623818755,2.5912997342917974,1.2051661198855355,1.0,97.5032598996687,97.45614286902098,97.46633303450558,97.51060900140034,97.46178411514326,97.52,-0.00017167285975030607,-0.0006550250950969895,-0.0005504690099493842,-9.630281784992553e-05,-0.0005971417981511288,0.0
2025-08-27,23.87,26.61,37.03,37.68,80.97,97.67,0.030000000000001137,0.019999999999999574,0.03999999999999915,0.04999999999999716,0.09999999999999432,0.15000000000000568,4.091746962714705,3.670424652386321,2.6375911423170404,2.5920912951167727,1.2062492281091763,1.0,4.090355827479079,3.665695726803392,2.6351900982362944,2.5913319032941815,1.2052294268791912,1.0,4.090093373858112,3.6652557796283105,2.635079248603435,2.591309891388222,1.2051995498133317,1.0,97.63052883399314,97.53245629590934,97.5769845757852,97.64055670750821,97.58500754838546,97.67,-0.0004042095203728848,-0.0014092417632820202,-0.0009527976214710287,-0.00030150231724466726,-0.0008705790243203927,0.0
2025-08-28,23.87,26.65,37.03,37.67,81.01,97.68,0.0,0.03999999999999915,0.0,-0.00999999999999801,0.04000000000000625,0.010000000000005116,4.092165898617512,3.665290806754222,2.6378611936267893,2.5930448632864347,1.2057770645599308,1.0,4.090554839709533,3.66566476960043,2.635331730123236,2.5914174173865585,1.2052483124535427,1.0,4.090355827479079,3.665695726803392,2.6351900982362944,2.5913319032941815,1.2052294268791912,1.0,97.63679360192562,97.69079111931039,97.58108933768999,97.61547279709183,97.63563587148329,97.68,-0.00044242379758919033,0.00011046809258981022,-0.0010131119426368324,-0.0006608161913037323,-0.0004542813900354635,0.0
2025-08-29,23.84,26.57,37.0,37.63,80.86,97.51,-0.030000000000001137,-0.0799999999999983,-0.030000000000001137,-0.03999999999999915,-0.15000000000000568,-0.1700000000000017,4.090184563758389,3.6699284907790743,2.6354054054054057,2.591283550358756,1.2059114518921594,1.0,4.090499312058811,3.6657072718240755,2.6353683389223552,2.5914092441782994,1.2053100765960376,1.0,4.090554839709533,3.66566476960043,2.635331730123236,2.5914174173865585,1.2052483124535427,1.0,97.51882737867527,97.39671292828343,97.50727401455973,97.5150374162562,97.45637854499346,97.51,9.052383486007346e-05,-0.0011624749375950983,-2.7956348525805897e-05,5.165917488406085e-05,-0.0005500584947898446,0.0
2025-09-02,23.66,26.41,36.74,37.36,80.39,96.84,-0.17999999999999972,-0.16000000000000014,-0.259999999999998,-0.2700000000000031,-0.46999999999999886,-0.6700000000000017,4.092983939137786,3.6667928814842865,2.6358192705498094,2.592077087794433,1.204627441224033,1.0,4.0905145691088025,3.665606096474921,2.635365898252517,2.5913750288629274,1.2052859969438436,1.0,4.090499312058811,3.6657072718240755,2.6353683389223552,2.5914092441782994,1.2053100765960376,1.0,96.78121372331147,96.81132904887383,96.82343277200734,96.81504936250127,96.89487705755546,96.84,-0.0006072297282351862,-0.00029610900659944004,-0.00017109299154670308,-0.0002576812504391075,0.0005665170862017352,0.0
2025-09-03,23.73,26.48,36.82,37.45,80.61,97.14,0.07000000000000028,0.07000000000000028,0.0799999999999983,0.09000000000000341,0.21999999999999886,0.29999999999999716,4.0935524652338815,3.668429003021148,2.6382400869092884,2.5938584779706275,1.2050614067733532,1.0,4.090792869189448,3.6659972435956747,2.6355798922409353,2.5915237168365257,1.2052972021784096,1.0,4.0905145691088025,3.665606096474921,2.635365898252517,2.5913750288629274,1.2052859969438436,1.0,97.06791072495189,97.06524943465591,97.03417237365768,97.04699483091663,97.15810421364324,97.14,-0.0007423928107768638,-0.0007698099742738708,-0.001090027942717613,-0.0009578929451566185,0.00018635502151602315,0.0
2025-09-04,23.79,26.57,36.93,37.55,80.83,97.41,0.05999999999999872,0.08999999999999986,0.10999999999999943,0.09999999999999432,0.21999999999999886,0.269999999999996,4.094577553593947,3.6661648475724498,2.637692932575142,2.5941411451398135,1.2051218606952865,1.0,4.0909340090255935,3.665890019711978,2.635697109675793,2.5916165228210812,1.2052904978536023,1.0,4.090792869189448,3.6659972435956747,2.6355798922409353,2.5915237168365257,1.2052972021784096,1.0,97.31996235801697,97.40554676233708,97.33196542045773,97.31171556721154,97.42417285208084,97.41,-0.000924743653303903,-4.571747725166795e-05,-0.0008014151808559749,-0.0010094861874923413,0.00014548630662036854,0.0
2025-09-05,23.81,26.58,36.96,37.59,80.87,97.51,0.019999999999999574,0.00999999999999801,0.030000000000001137,0.04000000000000625,0.04000000000000625,0.10000000000000853,4.095338093238135,3.66854778028593,2.6382575757575757,2.5940409683426444,1.2057623346111042,1.0,4.091174686953151,3.665965114452478,2.6358302119578116,2.5917286489653644,1.205299347659834,1.0,4.0909340090255935,3.665890019711978,2.635697109675793,2.5916165228210812,1.2052904978536023,1.0,97.40513875489937,97.43935672394437,97.4153651736173,97.41886509284446,97.47184256142083,97.51,-0.0010759682997127393,-0.0007247346729923371,-0.0009709853177256242,-0.0009350581685512014,-0.00039139479415137643,0.0
2025-09-08,23.82,26.57,36.97,37.6,80.87,97.52,0.010000000000001563,-0.00999999999999801,0.00999999999999801,0.00999999999999801,0.0,0.009999999999990905,4.094038623005877,3.670304855099736,2.6378144441439004,2.5936170212765957,1.2058859898602694,1.0,4.091308090184663,3.6662291256803714,2.6358779679708952,2.591758025498363,1.2053094287534456,1.0,4.091174686953151,3.665965114452478,2.6358302119578116,2.5917286489653644,1.205299347659834,1.0,97.45178104322406,97.40469309100234,97.4466429360803,97.4489972010977,97.47255824525078,97.52,-0.000699782903913552,-0.001183091999467463,-0.0007525089038478149,-0.0007283496664645097,-0.00048660067965930313,0.0
2025-09-09,23.8,26.55,36.93,37.56,80.78,97.4,-0.019999999999999574,-0.019999999999999574,-0.03999999999999915,-0.03999999999999915,-0.09000000000000341,-0.11999999999999034,4.0924369747899165,3.6685499058380415,2.6374221500135393,2.593184238551651,1.2057439960386234,1.0,4.091317158560214,3.6664432825865214,2.6359333720909834,2.591827315153097,1.2053248758752473,1.0,4.091308090184663,3.6662291256803714,2.6358779679708952,2.591758025498363,1.2053094287534456,1.0,97.37313254639498,97.33838328681387,97.34297335716516,97.34643143771852,97.36489565470333,97.4,-0.00027588459890928583,-0.0006328153104939463,-0.0005856606118492434,-0.0005501365363879321,-0.0003604791875744019,0.0
2025-09-10,23.81,26.57,36.94,37.59,80.84,97.49,0.00999999999999801,0.019999999999999574,0.00999999999999801,0.030000000000001137,0.060000000000002274,0.0899999999999892,4.094498110037799,3.669175762137749,2.639144558743909,2.593508911944666,1.2059623948540326,1.0,4.091460138386429,3.6665371955987838,2.6360674707764784,2.591901369632085,1.2053680204935708,1.0,4.091317158560214,3.6664432825865214,2.6359333720909834,2.591827315153097,1.2053248758752473,1.0,97.4142615453187,97.41739801832388,97.37137876504092,97.42678877660492,97.438462965755,97.49,-0.0007771862748724625,-0.0007449895260229403,-0.001217493690781176,-0.0006485970347426544,-0.0005287789649775112,0.0
2025-09-11,23.87,26.64,37.03,37.7,81.04,97.77,0.060000000000002274,0.07000000000000028,0.09000000000000341,0.10999999999999943,0.20000000000000284,0.28000000000000114,4.095936321742773,3.670045045045045,2.6402916554145284,2.593368700265252,1.2064412635735438,1.0,4.091602363066659,3.6666306143289518,2.636308253709939,2.5919752460964007,1.205418405220443,1.0,4.091460138386429,3.6665371955987838,2.6360674707764784,2.591901369632085,1.2053680204935708,1.0,97.66315350328406,97.6765508907516,97.613578442853,97.71468163512961,97.68302438079898,97.77,-0.0010934327717284482,-0.00095626262979441,-0.001601174385407007,-0.0005659611370493822,-0.0008899900650556578,0.0
2025-09-12,23.87,26.62,37.0,37.69,80.96,97.69,0.0,-0.019999999999999574,-0.030000000000001137,-0.010000000000005116,-0.0800000000000125,-0.0799999999999983,4.092584834520318,3.6697971450037565,2.6402702702702703,2.5919342000530645,1.206645256916996,1.0,4.091822322092254,3.666894299113179,2.6366061609156763,2.5920398705375574,1.205495692941915,1.0,4.091602363066659,3.6666306143289518,2.636308253709939,2.5919752460964007,1.205418405220443,1.0,97.66654840640116,97.6057069534367,97.54340538726774,97.69154702537334,97.59067408664707,97.69,-0.00024009017258741565,-0.0008632350717040679,-0.0015017372666493176,1.5835941489088686e-05,-0.0010172632021360998,0.0
2025-09-15,23.93,26.7,37.1,37.78,81.19,97.99,0.05999999999999872,0.0799999999999983,0.10000000000000142,0.09000000000000341,0.23000000000000398,0.29999999999999716,4.09486000835771,3.6700374531835207,2.6412398921832883,2.593700370566437,1.2069220347333416,1.0,4.0920064369043985,3.667182561186344,2.6369117661828065,2.5921873322628852,1.2056131096176819,1.0,4.091822322092254,3.666894299113179,2.6366061609156763,2.5920398705375574,1.205495692941915,1.0,97.91730816766763,97.90607778632189,97.8180885699716,97.92726630890893,97.87419530995408,97.99,-0.0007421043793447669,-0.0008568034619220324,-0.0017559180057817874,-0.0006404100508038686,-0.001182499980222113,0.0
2025-09-16,23.92,26.67,37.08,37.75,81.13,97.92,-0.00999999999999801,-0.029999999999997584,-0.020000000000003126,-0.030000000000001137,-0.060000000000002274,-0.06999999999999318,4.093645484949833,3.6715410573678287,2.6407766990291264,2.593907284768212,1.206951805743868,1.0,4.092235355305542,3.667640521427136,2.6372621835159924,2.592342712548367,1.2057181625914426,1.0,4.0920064369043985,3.667182561186344,2.6369117661828065,2.5921873322628852,1.2056131096176819,1.0,97.88079397075322,97.8037589068398,97.77668829005846,97.85507179292392,97.81139158328253,97.92,-0.0004004685474014832,-0.0011878078315719902,-0.0014646311780996523,-0.0006632939409695249,-0.0011097701496492842,0.0
2025-09-17,23.89,26.65,37.05,37.71,81.05,97.8,-0.030000000000001137,-0.020000000000003126,-0.030000000000001137,-0.03999999999999915,-0.0799999999999983,-0.12000000000000455,4.09376308078694,3.6697936210131332,2.639676113360324,2.593476531424025,1.2066625539790252,1.0,4.092491259450418,3.667822102553493,2.637535355515257,2.5925245605099425,1.2057999839952955,1.0,4.092235355305542,3.667640521427136,2.6372621835159924,2.592342712548367,1.2057181625914426,1.0,97.7635026382494,97.74261989603318,97.71056389926751,97.75724369019892,97.72345707803642,97.8,-0.0003732533083316368,-0.0005868808103755285,-0.0009148979491155678,-0.0004372766733212622,-0.0007829538922606464,0.0
2025-09-18,23.94,26.72,37.13,37.78,81.23,98.02,0.05000000000000071,0.07000000000000028,0.0800000000000054,0.07000000000000028,0.18000000000000682,0.21999999999999886,4.094402673350041,3.6684131736526946,2.639913816321034,2.594494441503441,1.2066970331158438,1.0,4.092840616090893,3.667997778275128,2.6378081285305464,2.592747008033335,1.2059045929628485,1.0,4.092491259450418,3.667822102553493,2.637535355515257,2.5925245605099425,1.2057999839952955,1.0,97.97424075124302,98.00420658022932,97.9316877502815,97.94557789606563,97.94713269993787,98.02,-0.0004669448389199389,-0.0001611374439960336,-0.0009013676453784342,-0.0007595426534727026,-0.000743668618471127,0.0
2025-09-19,23.96,26.72,37.14,37.79,81.26,98.09,0.019999999999999574,0.0,0.00999999999999801,0.00999999999999801,0.030000000000001137,0.07000000000000739,4.093906510851419,3.6710329341317367,2.641087775982768,2.595660227573432,1.207112970711297,1.0,4.093178919636848,3.668487659161328,2.6381917623555777,2.593082002263025,1.2060233337677402,1.0,4.092840616090893,3.667997778275128,2.6378081285305464,2.592747008033335,1.2059045929628485,1.0,98.06446116153779,98.00890063551142,97.96819389362449,97.97990943357973,97.99180722416108,98.09,-0.00026039518505249965,-0.0008271272184531216,-0.0012425506899579502,-0.0011229727020083337,-0.001001549153764957,0.0
2025-09-22,23.97,26.73,37.16,37.85,81.32,98.19,0.00999999999999801,0.010000000000001563,0.01999999999999602,0.060000000000002274,0.05999999999998806,0.09999999999999432,4.0963704630788484,3.6734006734006734,2.642357373519914,2.5941875825627476,1.207452041318249,1.0,4.0933985347689505,3.668949719909211,2.638647468869411,2.5932302111783962,1.206142379865811,1.0,4.093178919636848,3.668487659161328,2.6381917623555777,2.593082002263025,1.2060233337677402,1.0,98.11349870369526,98.0586751293823,98.03520588913327,98.14815378565551,98.07381750199262,98.19,-0.000779418611311158,-0.0013383518653911717,-0.0015777192565527647,-0.00042626676650744434,-0.0011839422371112264,0.0
2025-09-23,23.96,26.75,37.14,37.8,81.26,98.13,-0.00999999999999801,0.019999999999999574,-0.01999999999999602,-0.05000000000000426,-0.05999999999998806,-0.060000000000002274,4.095575959933222,3.668411214953271,2.6421647819063003,2.596031746031746,1.2076052178193453,1.0,4.093658627427234,3.669181274632778,2.638970767553025,2.59345789701527,1.2062239668194876,1.0,4.0933985347689505,3.668949719909211,2.638647468869411,2.5932302111783962,1.206142379865811,1.0,98.07782889306407,98.1444050075714,97.99936699380993,98.02410198254337,98.01112978789581,98.13,-0.0005317943576439876,0.00014678437157112335,-0.0013321108155287034,-0.001079743188388101,-0.0012120887320879725,0.0
2025-09-24,23.94,26.71,37.09,37.78,81.15,97.98,-0.019999999999999574,-0.03999999999999915,-0.04999999999999716,-0.01999999999999602,-0.10999999999999943,-0.14999999999999147,4.0927318295739346,3.6682890303257207,2.641682394176328,2.5934356802541028,1.2073937153419594,1.0,4.0937650175636495,3.6692185166718168,2.639235476610314,2.593552216239243,1.206299353093572,1.0,4.093658627427234,3.669181274632778,2.638970767553025,2.59345789701527,1.2062239668194876,1.0,98.00218754060799,98.0038318454415,97.87942576854171,97.9808393492369,97.88507490740143,97.98,0.00022642405395318586,0.00024320215942869264,-0.001027004341543404,8.566499711678557e-06,-0.000969290722968187,0.0
2025-09-25,23.88,26.63,36.99,37.66,80.92,97.67,-0.060000000000002274,-0.08000000000000185,-0.10000000000000142,-0.12000000000000455,-0.23000000000000398,-0.3100000000000023,4.090033500837521,3.667668043559895,2.6404433630711,2.5934678704195435,1.2069945625308947,1.0,4.09367934446979,3.669080686230496,2.639378087648017,2.5936210450043813,1.206336619814658,1.0,4.0937650175636495,3.6692185166718168,2.639235476610314,2.593552216239243,1.206299353093572,1.0,97.75910861941995,97.71128909897048,97.62532027981553,97.67317646356987,97.61374365233185,97.67,0.000911927872206642,0.00042265152180669466,-0.00045756058977730894,3.252187895834539e-05,-0.0005761498440391522,0.0
2025-09-26,23.92,26.66,37.05,37.73,81.08,97.85,0.0400000000000027,0.030000000000001137,0.05999999999999517,0.07000000000000028,0.1599999999999966,0.1799999999999926,4.09071906354515,3.6702925731432856,2.641025641025641,2.593426981182083,1.2068327577701035,1.0,4.093607002716172,3.669330774549949,2.63953631001796,2.5936401508991636,1.2063894044751664,1.0,4.09367934446979,3.669080686230496,2.639378087648017,2.5936210450043813,1.206336619814658,1.0,97.92080991971739,97.81769109490503,97.78895814735903,97.8573220280153,97.80977313457247,97.85,0.000723396126668239,-0.00033024261908347254,-0.0006240255540088866,7.4826306372818e-05,-0.0004111919926090736,0.0
2025-09-29,23.95,26.73,37.12,37.8,81.22,98.06,0.029999999999997584,0.07000000000000028,0.07000000000000028,0.07000000000000028,0.14000000000000057,0.21000000000000796,4.094363256784969,3.6685372240927796,2.641702586206897,2.5941798941798946,1.2073380940655012,1.0,4.0938159373675,3.669261211215634,2.6398511690580344,2.5937849680902207,1.2064607365838333,1.0,4.093607002716172,3.669330774549949,2.63953631001796,2.5936401508991636,1.2063894044751664,1.0,98.04188771505231,98.08121160372013,97.97958782786667,98.03959770398838,97.98294743147301,98.06,-0.00018472320904435683,0.00021628910751997157,-0.0008203667181113676,-0.00020808095808581235,-0.000786078494576978,0.0
2025-09-30,23.94,26.73,37.11,37.78,81.19,97.99,-0.00999999999999801,0.0,-0.00999999999999801,-0.01999999999999602,-0.030000000000001137,-0.07000000000000739,4.093149540517961,3.665918443696221,2.640528159525734,2.593700370566437,1.2069220347333416,1.0,4.09382421743651,3.6692174893262313,2.6400866135068304,2.593866132228821,1.206575466259299,1.0,4.0938159373675,3.669261211215634,2.6398511690580344,2.5937849680902207,1.2064607365838333,1.0,98.00595354057796,98.0793521757939,97.96487688374366,97.99319609444855,97.95254720324142,97.99,0.0001627945916739543,0.0009114344591631527,-0.00025641736295138845,3.261600496902212e-05,-0.0003822834575671667,0.0
2025-10-01,23.84,26.61,36.99,37.65,80.96,97.64,-0.10000000000000142,-0.120000000000001,-0.11999999999999744,-0.13000000000000256,-0.23000000000000398,-0.3499999999999943,4.095637583892618,3.6692972566704247,2.63963233306299,2.5933598937583002,1.20602766798419,1.0,4.093928473369447,3.669260902008695,2.6401562258145157,2.5938412030182043,1.2066237793198407,1.0,4.09382421743651,3.6692174893262313,2.6400866135068304,2.593866132228821,1.206575466259299,1.0,97.5967693436864,97.63787739097101,97.65680383361766,97.6590598784151,97.68434974835283,97.64,-0.0004428536403818948,-2.1739370147125363e-05,0.00017208508617936382,0.00019518658704747234,0.0004541138795250837,0.0
2025-10-02,23.83,26.59,36.97,37.61,80.93,97.59,-0.010000000000001563,-0.019999999999999574,-0.020000000000003126,-0.03999999999999915,-0.029999999999986926,-0.04999999999999716,4.095258078052875,3.670176758179767,2.6397078712469573,2.5947886200478596,1.205856913381935,1.0,4.093962499592393,3.66946149753906,2.640256972748106,2.593873576763607,1.2066605319541732,1.0,4.093928473369447,3.669260902008695,2.6401562258145157,2.5938412030182043,1.2066237793198407,1.0,97.5583155203939,97.56564738441119,97.60657566836264,97.55436764551466,97.65206246035471,97.59,-0.0003247220433343239,-0.0002495712119183214,0.00016983564743104466,-0.0003651896830153887,0.0006357488920468624,0.0
2025-10-03,23.81,26.56,36.93,37.59,80.84,97.47,-0.019999999999999574,-0.030000000000001137,-0.03999999999999915,-0.01999999999999602,-0.09000000000000341,-0.12000000000000455,4.093658126837464,3.66980421686747,2.6393176279447603,2.592976855546688,1.2057149925779316,1.0,4.09387850127236,3.6695243193681377,2.6403099753574653,2.593820371123809,1.2066581648525145,1.0,4.093962499592393,3.66946149753906,2.640256972748106,2.593873576763607,1.2066605319541732,1.0,97.47724711529486,97.46089737463743,97.50469000358756,97.503707750544,97.54643740317536,97.47,7.434950126708896e-05,-9.33933562281201e-05,0.00035584109868796413,0.00034576714233651754,0.0007839073270693575,0.0
2025-10-06,23.82,26.56,36.94,37.59,80.86,97.49,0.010000000000001563,0.0,0.00999999999999801,0.0,0.01999999999999602,0.01999999999999602,4.092779177162049,3.6705572289156625,2.639144558743909,2.593508911944666,1.2056641108088053,1.0,4.093815528980167,3.669536938058934,2.6403764810874657,2.5938149656572125,1.2066470708999415,1.0,4.09387850127236,3.6695243193681377,2.6403099753574653,2.593820371123809,1.2066581648525145,1.0,97.5161859003076,97.46256592241774,97.53305048970476,97.50170775054399,97.57037920997432,97.49,0.00026856481853745006,-0.0002814436181800496,0.00044149130367860084,0.0001200845994234787,0.0008241470138575522,0.0
2025-10-07,23.8,26.57,36.92,37.55,80.77,97.38,-0.019999999999999574,0.010000000000001563,-0.01999999999999602,-0.04000000000000625,-0.09000000000000341,-0.10999999999999943,4.091596638655462,3.6650357546104626,2.6375947995666302,2.593342210386152,1.205645660517519,1.0,4.093773512173445,3.669361230497555,2.64038511356512,2.5938228642489376,1.206642154123886,1.0,4.093815528980167,3.669536938058934,2.6403764810874657,2.5938149656572125,1.2066470708999415,1.0,97.43280958972798,97.49959644422587,97.48269968174924,97.39775196042832,97.46088391658827,97.38,0.0005421572753120681,0.0012273882071001203,0.0010540723435100495,0.00018227913916048306,0.0008302561516728378,0.0
2025-10-08,23.76,26.52,36.86,37.5,80.65,97.24,-0.03999999999999915,-0.05000000000000071,-0.060000000000002274,-0.04999999999999716,-0.11999999999999034,-0.14000000000000057,4.092592592592592,3.6666666666666665,2.6380900705371677,2.5930666666666666,1.2057036577805331,1.0,4.093678236301185,3.669235775724001,2.6403323891547834,2.5938007519850377,1.206629217270211,1.0,4.093773512173445,3.669361230497555,2.64038511356512,2.5938228642489376,1.206642154123886,1.0,97.26805864924106,97.31145983279517,97.32459528601032,97.26835740933517,97.31568973009142,97.24,0.00028850886313442156,0.000734611151930813,0.0008695856634834295,0.0002915803712887816,0.0007780778245551049,0.0
2025-10-09,23.68,26.45,36.75,37.39,80.42,96.94,-0.08000000000000185,-0.07000000000000028,-0.10999999999999943,-0.10999999999999943,-0.23000000000000398,-0.29999999999999716,4.09375,3.665028355387524,2.6378231292517005,2.5926718373896764,1.2054215369311116,1.0,4.093568920214047,3.668984941241125,2.640208962846642,2.5937659088412586,1.2065782309380897,1.0,4.093678236301185,3.669235775724001,2.6403323891547834,2.5938007519850377,1.206629217270211,1.0,96.93830063561207,97.05128626789983,97.03221530143828,96.98221011672057,97.03712165287038,96.94,-1.7530217486013905e-05,0.0011473327719883498,0.0009508094573458415,0.0004353304076080143,0.001001372328432472,0.0
2025-10-10,23.54,26.27,36.54,37.19,79.95,96.34,-0.14000000000000057,-0.17999999999999972,-0.21000000000000085,-0.20000000000000284,-0.46999999999999886,-0.5999999999999943,4.0926083262531865,3.6673011039208223,2.63656267104543,2.5904813121806938,1.2050031269543464,1.0,4.09357009480069,3.668860139186978,2.6400235828853997,2.5936932644476403,1.206496124439957,1.0,4.093568920214047,3.668984941241125,2.640208962846642,2.5937659088412586,1.2065782309380897,1.0,96.36261238183866,96.38423440640436,96.47323550241629,96.4621541498064,96.46592956350027,96.34,0.0002346868230061264,0.0004590435376990317,0.0013820163670344198,0.0012671452421251061,0.0013062832838419125,0.0
2025-10-13,23.69,26.45,36.76,37.4,80.45,96.92,0.15000000000000213,0.17999999999999972,0.21999999999999886,0.21000000000000085,0.5,0.5799999999999983,4.091177712114816,3.664272211720227,2.6365614798694237,2.59144385026738,1.2047234307022996,1.0,4.093385979988545,3.6685718771138136,2.639789662269707,2.5935804384326873,1.206386194238405,1.0,4.09357009480069,3.668860139186978,2.6400235828853997,2.5936932644476403,1.206496124439957,1.0,96.97667554582834,97.04135068149556,97.04726690686729,97.00412809034174,97.06261321119455,96.92,0.0005845953498983905,0.0012512874023884184,0.0013122515686242407,0.0008676392818965131,0.0014703713340879043,0.0
2025-10-14,23.7,26.47,36.79,37.44,80.54,96.98,0.00999999999999801,0.019999999999999574,0.030000000000001137,0.03999999999999915,0.09000000000000341,0.060000000000002274,4.091983122362869,3.6637703060068003,2.636042402826855,2.590277777777778,1.204122175316613,1.0,4.093302861859197,3.6681833395457617,2.639552947459593,2.5933989630831658,1.2062447127170421,1.0,4.093385979988545,3.6685718771138136,2.639789662269707,2.5935804384326873,1.206386194238405,1.0,97.01324772572852,97.10709758720265,97.11786167490251,97.10365161491981,97.16234408396116,96.98,0.0003427719927763644,0.0013096965944698255,0.0014205380409222583,0.0012742096577543524,0.0018784581842758265,0.0
2025-10-15,23.79,26.58,36.91,37.55,80.8,97.34,0.08999999999999986,0.10999999999999943,0.11999999999999744,0.10999999999999943,0.2599999999999909,0.35999999999999943,4.091635140815469,3.662151993980437,2.637225684096451,2.592276964047936,1.2047029702970298,1.0,4.093196464860624,3.667801258194127,2.6394304259963994,2.5933389847143613,1.2061467335329425,1.0,4.093302861859197,3.6681833395457617,2.639552947459593,2.5933989630831658,1.2062447127170421,1.0,97.37967508363029,97.50031316512634,97.42589929073357,97.38213106377286,97.46457278753701,97.34,0.00040750976153082984,0.0016455855433487286,0.0008820773720240642,0.0004327301082844659,0.0012789515434357432,0.0
2025-10-16,23.73,26.49,36.8,37.45,80.51,97.04,-0.05999999999999872,-0.08999999999999986,-0.10999999999999943,-0.09999999999999432,-0.28999999999999204,-0.29999999999999716,4.089338390223346,3.663269158172896,2.6369565217391306,2.591188251001335,1.205316109800025,1.0,4.092943250704289,3.6675440574201374,2.6392825612673043,2.5931736751892562,1.2060776873671517,1.0,4.093196464860624,3.667801258194127,2.6394304259963994,2.5933389847143613,1.2061467335329425,1.0,97.1315521111426,97.16005532956241,97.1310396766675,97.12054497755284,97.10687351673721,97.04,0.0009430023804374028,0.0012364089665452547,0.0009377266917894024,0.0008296740430190387,0.0006888961760814384,0.0
2025-10-17,23.78,26.55,36.87,37.54,80.72,97.24,0.05000000000000071,0.060000000000002274,0.07000000000000028,0.0899999999999963,0.20999999999999375,0.19999999999998863,4.08915054667788,3.6625235404896417,2.637374559262273,2.5903036760788494,1.2046580773042617,1.0,4.092705452495611,3.6671185877380323,2.6390969004312796,2.592905847614527,1.2059549426967997,1.0,4.092943250704289,3.6675440574201374,2.6392825612673043,2.5931736751892562,1.2060776873671517,1.0,97.330190501748,97.37329472450465,97.31034803392551,97.34773976660468,97.35459092427648,97.24,0.0009270742653340223,0.0013698421326963823,0.0007231859279863656,0.0011073645003906196,0.0011777402134117976,0.0
2025-10-20,23.81,26.59,36.94,37.6,80.88,97.45,0.029999999999997584,0.03999999999999915,0.07000000000000028,0.060000000000002274,0.1599999999999966,0.21000000000000796,4.092818143637127,3.6649116209101167,2.6380617217108826,2.591755319148936,1.2048714144411474,1.0,4.092527836523526,3.6666941351135045,2.6388821178408284,2.5927842344438363,1.2058259113529446,1.0,4.092705452495611,3.6671185877380323,2.6390969004312796,2.592905847614527,1.2059549426967997,1.0,97.4473168239205,97.50868324795428,97.48823950193146,97.49325987030622,97.53763576531715,97.45,-2.7534253661279723e-05,0.0006020070380956691,0.00039232428198422047,0.00044382012535445077,0.0008988854177749311,0.0
2025-10-21,23.8,26.55,36.93,37.58,80.76,97.37,-0.00999999999999801,-0.03999999999999915,-0.00999999999999801,-0.020000000000003126,-0.11999999999999034,-0.0799999999999983,4.091176470588235,3.6674199623352166,2.63660980232873,2.5910058541777543,1.2056711243189697,1.0,4.092307862056276,3.666644572482602,2.6386043688619494,2.5925329398511368,1.2057292066779257,1.0,4.092527836523526,3.6666941351135045,2.6388821178408284,2.5927842344438363,1.2058259113529446,1.0,97.40216250925991,97.35072928726355,97.45391661186179,97.43683153039936,97.3825006008638,97.37,0.00033025776515370215,-0.0001979318059243557,0.0008614611441017715,0.0006861313075750532,0.00012837422721049876,0.0
2025-10-22,23.76,26.53,36.88,37.53,80.68,97.27,-0.03999999999999915,-0.019999999999999574,-0.04999999999999716,-0.04999999999999716,-0.0799999999999983,-0.10000000000000853,4.093855218855219,3.666415378816434,2.6374728850325377,2.5917932320810015,1.2056271690629647,1.0,4.09236403152034,3.6665508899071377,2.6383938934047597,2.5924508174424816,1.2056408793639761,1.0,4.092307862056276,3.666644572482602,2.6386043688619494,2.5925329398511368,1.2057292066779257,1.0,97.23323480245712,97.27608050796344,97.3117291236287,97.29776123261317,97.27823239477506,97.27,-0.0003780420209265325,6.250969384266103e-05,0.00042891102321245456,0.0002853631313398098,8.463088745292893e-05,0.0
2025-10-23,23.8,26.58,36.94,37.6,80.86,97.45,0.03999999999999915,0.04999999999999716,0.05999999999999517,0.07000000000000028,0.1799999999999926,0.18000000000000682,4.09453781512605,3.6662904439428146,2.6380617217108826,2.591755319148936,1.2051694286420975,1.0,4.092589247234767,3.666482009926283,2.638274811336749,2.5923651898789513,1.2055496226695364,1.0,4.09236403152034,3.6665508899071377,2.6383938934047597,2.5924508174424816,1.2056408793639761,1.0,97.3982639501841,97.45692265373171,97.46227042237182,97.47615073583731,97.48812150537111,97.45,-0.000531039384009502,7.103548340264444e-05,0.0001259071310536128,0.0002683142912889789,0.00039111391412491824,0.0
2025-10-24,23.87,26.63,37.06,37.7,81.08,97.74,0.07000000000000028,0.05000000000000071,0.12000000000000455,0.10000000000000142,0.21999999999999886,0.28999999999999204,4.094679514034352,3.670296657904619,2.6373448461953584,2.592572944297082,1.2054760730143068,1.0,4.092787269759226,3.6664822141643496,2.638090771595235,2.592322488034701,1.2054817884317464,1.0,4.092589247234767,3.666482009926283,2.638274811336749,2.5923651898789513,1.2055496226695364,1.0,97.6901053314939,97.63841592433691,97.77446450813991,97.73216765843647,97.745963406046,97.74,-0.0005106139558748336,-0.0010398700832567156,0.0003525520076848371,-8.013766523947162e-05,6.1011091987853155e-05,0.0
2025-10-27,23.93,26.71,37.14,37.8,81.28,98.02,0.05999999999999872,0.08000000000000185,0.0799999999999983,0.09999999999999432,0.20000000000000284,0.28000000000000114,4.096113664855829,3.6697865967802317,2.6392030156165855,2.5931216931216934,1.2059547244094488,1.0,4.09287479016277,3.6665446827987234,2.637965793065719,2.5922695779817913,1.205412619948944,1.0,4.092787269759226,3.6664822141643496,2.638090771595235,2.592322488034701,1.2054817884317464,1.0,97.94039936533828,97.93173994032978,97.97869125704702,97.98979004771168,97.98155976373235,98.02,-0.0008124155625083297,-0.0009008347225261762,-0.0004215206060783679,-0.0003082494248901179,-0.00039224419241187634,0.0
2025-10-28,23.92,26.7,37.1,37.76,81.2,97.91,-0.00999999999999801,-0.010000000000001563,-0.03999999999999915,-0.03999999999999915,-0.0799999999999983,-0.10999999999999943,4.093227424749164,3.6670411985018725,2.639083557951482,2.592955508474576,1.2057881773399013,1.0,4.0928786843743294,3.666600820539005,2.6378935629870073,2.592232334877198,1.205355927079272,1.0,4.09287479016277,3.6665446827987234,2.637965793065719,2.5922695779817913,1.205412619948944,1.0,97.90156498069346,97.89674303072591,97.86853092273819,97.88409926459244,97.87950473985427,97.91,-8.615445479520009e-05,-0.000135408710539187,-0.00042363253709731374,-0.00026457115567765085,-0.00031151067502667337,0.0
2025-10-29,23.84,26.61,36.99,37.65,80.95,97.62,-0.08000000000000185,-0.08999999999999986,-0.10999999999999943,-0.10999999999999943,-0.25,-0.28999999999999204,4.094798657718121,3.6685456595264943,2.6390916463909164,2.592828685258964,1.205929586164299,1.0,4.092836738065605,3.666563240681809,2.6378665286534035,2.592205774452231,1.2053510229882773,1.0,4.0928786843743294,3.666600820539005,2.6378935629870073,2.592232334877198,1.205355927079272,1.0,97.57422783548401,97.56824783454292,97.57568289488941,97.5975474081265,97.57356229706707,97.62,-0.0004689909723513763,-0.0005302795352071783,-0.000454078750255185,-0.0002300263707909801,-0.0004758118378757912,0.0
2025-10-30,23.8,26.57,36.92,37.58,80.8,97.39,-0.03999999999999915,-0.03999999999999915,-0.07000000000000028,-0.07000000000000028,-0.15000000000000568,-0.23000000000000398,4.092016806722689,3.6654121189311253,2.6378656554712894,2.591538052155402,1.2053217821782178,1.0,4.092674674499095,3.6663250087193773,2.63777441786462,2.5920432460576084,1.2053242664280914,1.0,4.092836738065605,3.666563240681809,2.6378665286534035,2.592205774452231,1.2053510229882773,1.0,97.40951436596141,97.42058530491568,97.39003223788366,97.41509300391483,97.39236265745281,97.39,0.00020035333342802392,0.00031400044426842775,3.310183625567031e-07,0.00025762164291158154,2.4259459847169582e-05,0.0
2025-10-31,23.8,26.51,36.93,37.58,80.8,97.39,0.0,-0.05999999999999872,0.00999999999999801,0.0,0.0,0.0,4.092016806722689,3.673708034703885,2.6371513674519362,2.591538052155402,1.2053217821782178,1.0,4.092592608493357,3.6665201996111976,2.6376661048399788,2.5919713058880443,1.2053046059081056,1.0,4.092674674499095,3.6663250087193773,2.63777441786462,2.5920432460576084,1.2053242664280914,1.0,97.40565725307847,97.1942759811507,97.41300925174042,97.40898518684492,97.39020072738978,97.39,0.0001607556691251168,-0.0020117153235564263,0.00023623096928320273,0.00019492079886150986,2.0610656424595083e-06,0.0
2025-11-03,23.59,26.32,36.62,37.25,80.14,96.58,-0.21000000000000085,-0.19000000000000128,-0.3100000000000023,-0.3299999999999983,-0.6599999999999966,-0.8100000000000023,4.0941076727426875,3.669452887537994,2.637356635718187,2.592751677852349,1.2051410032443224,1.0,4.092659033272389,3.666464982542314,2.6375767086886923,2.5919334441834283,1.2052784505298817,1.0,4.092592608493357,3.6665201996111976,2.6376661048399788,2.5919713058880443,1.2053046059081056,1.0,96.54425963435828,96.50281165376673,96.59133275924002,96.55093114432965,96.59311111747559,96.58,-0.00037012818707916884,-0.0007995362164460741,0.00011733375849444813,-0.0003010274503169522,0.00013574474645949936,0.0
2025-11-04,23.57,26.31,36.61,37.23,80.15,96.56,-0.019999999999999574,-0.010000000000001563,-0.00999999999999801,-0.020000000000003126,0.010000000000005116,-0.01999999999999602,4.096733135341536,3.6700874192322313,2.6375307293089323,2.5936073059360734,1.2047411104179662,1.0,4.092915858106693,3.666717565773402,2.6375735051758076,2.591946698960924,1.2052332230249039,1.0,4.092659033272389,3.666464982542314,2.6375767086886923,2.5919334441834283,1.2052784505298817,1.0,96.4639734142302,96.46469369068828,96.56168330509303,96.49768212694903,96.60306780997003,96.56,-0.0009949706452851486,-0.0009875038808183298,1.743258513770303e-05,-0.0006455881426611461,0.00044592179211050577,0.0
2025-11-05,23.6,26.33,36.64,37.27,80.23,96.65,0.030000000000001137,0.019999999999999574,0.030000000000001137,0.04000000000000625,0.0799999999999983,0.09000000000000341,4.095338983050848,3.6707178123813144,2.6378275109170306,2.5932385296485108,1.2046615979060202,1.0,4.0930531776296055,3.6669201230591346,2.637560377194801,2.5919552921100166,1.2051811200311784,1.0,4.092915858106693,3.666717565773402,2.6375735051758076,2.591946698960924,1.2052332230249039,1.0,96.59281425131796,96.54467350681367,96.64069322964158,96.60185347027364,96.69586148328804,96.65,-0.0005918538350096721,-0.0010903665376451614,-9.629817359658575e-05,-0.0004982775570628394,0.00047439840497545406,0.0
2025-11-06,23.6,26.35,36.67,37.3,80.26,96.7,0.0,0.020000000000003126,0.030000000000001137,0.02999999999999403,0.030000000000001137,0.04999999999999716,4.097457627118644,3.6698292220113853,2.6370329970002726,2.5924932975871315,1.204834288562173,1.0,4.093238558985538,3.667160166390328,2.6375208705822293,2.591946365119889,1.2051517576127313,1.0,4.0930531776296055,3.6669201230591346,2.637560377194801,2.5919552921100166,1.2051811200311784,1.0,96.5960549920587,96.6233452426082,96.71933903173336,96.67993239570362,96.72783669370239,96.7,-0.0010755006662191873,-0.0007930212599295889,0.00019996999156961936,-0.00020754588255167,0.00028782510697914805,0.0
2025-11-07,23.63,26.35,36.7,37.33,80.33,96.76,0.029999999999997584,0.0,0.030000000000001137,0.030000000000001137,0.06999999999999318,0.060000000000002274,4.094794752433348,3.6721062618595823,2.6365122615803815,2.592017144387892,1.2045313083530438,1.0,4.093347880294546,3.6674004242872664,2.6375183501089774,2.592023156730249,1.2051281666826665,1.0,4.093238558985538,3.667160166390328,2.6375208705822293,2.591946365119889,1.2051517576127313,1.0,96.72322714882826,96.62967038438515,96.79701595036782,96.75735780992545,96.80984068903071,96.76,-0.0003801141024614336,-0.0013478448470021602,0.0003824811065342993,-2.7307008576538657e-05,0.0005149633843239233,0.0
2025-11-10,23.71,26.44,36.83,37.44,80.6,97.09,0.08000000000000185,0.08999999999999986,0.12999999999999545,0.10999999999999943,0.269999999999996,0.3299999999999983,4.094896668072543,3.672087745839637,2.636166168884062,2.593215811965812,1.2045905707196032,1.0,4.093533828092432,3.6677912009932365,2.637498584559709,2.592111754815171,1.2051215236835315,1.0,4.093347880294546,3.6674004242872664,2.6375183501089774,2.592023156730249,1.2051281666826665,1.0,97.0532782417837,96.96606721815533,97.13980083451364,97.04534698798051,97.13333023462292,97.09,-0.00037829544228154896,-0.0012772885740767656,0.0005128032401927206,-0.0004600193988341982,0.00044618980932353293,0.0
2025-11-11,23.74,26.47,36.88,37.49,80.69,97.26,0.029999999999997584,0.029999999999997584,0.05000000000000426,0.05000000000000426,0.09000000000000341,0.1700000000000017,4.096882898062343,3.6743483188515302,2.6372017353579174,2.59429181114964,1.2053538232742596,1.0,4.093778816877405,3.668320101635473,2.637556551186262,2.592312456483764,1.2051831060814138,1.0,4.093533828092432,3.6677912009932365,2.637498584559709,2.592111754815171,1.2051215236835315,1.0,97.18049307891432,97.08643309029097,97.27094779856208,97.17826968802076,97.24125574602415,97.26,-0.0008178021384115622,-0.0017861604465218748,0.00011255585496839653,-0.0008406813835971455,-0.00019274172767665097,0.0
2025-11-12,23.69,26.43,36.8,37.43,80.53,97.03,-0.04999999999999716,-0.03999999999999915,-0.0800000000000054,-0.060000000000002274,-0.1599999999999966,-0.23000000000000398,4.095821021528071,3.6712069617858494,2.636684782608696,2.5923056371894204,1.2048925866136844,1.0,4.093988110913036,3.6687728500257437,2.637529506111874,2.592313890140838,1.2051925868972466,1.0,4.093778816877405,3.668320101635473,2.637556551186262,2.592312456483764,1.2051831060814138,1.0,96.98162017182574,96.95370028622555,97.06208108365443,97.03025524618728,97.05339553273625,97.03,-0.0004987312526354772,-0.0007866611225233672,0.00033057591806405533,2.6305869479513396e-06,0.00024108742311867732,0.0
2025-11-13,23.59,26.32,36.66,37.26,80.2,96.6,-0.10000000000000142,-0.10999999999999943,-0.14000000000000057,-0.1700000000000017,-0.3299999999999983,-0.4300000000000068,4.094955489614243,3.6702127659574466,2.635024549918167,2.5925925925925926,1.2044887780548628,1.0,4.094268965882581,3.669120030414971,2.637432907520826,2.592384107220401,1.2051512203099883,1.0,4.093988110913036,3.6687728500257437,2.637529506111874,2.592313890140838,1.2051925868972466,1.0,96.5771795364385,96.56210141267758,96.69183169406129,96.58961554664761,96.65644546915918,96.6,-0.00023626459111167624,-0.0003924019000781689,0.0009501870841171118,-0.00010750529559264065,0.0005841509774976031,0.0
2025-11-14,23.59,26.33,36.67,37.27,80.22,96.63,0.0,0.00999999999999801,0.010000000000005116,0.010000000000005116,0.01999999999999602,0.030000000000001137,4.096227214921576,3.669958222559818,2.6351240796291244,2.59270190501744,1.2045624532535526,1.0,4.094622799294766,3.6694917645184804,2.6373203835391683,2.5925040186673307,1.205146439107453,1.0,4.094268965882581,3.669120030414971,2.637432907520826,2.592384107220401,1.2051512203099883,1.0,96.58380490517007,96.60793040082618,96.7146647187887,96.61815567610435,96.67723089326726,96.63,-0.00047817593295486094,-0.00022841891572734403,0.0008757906438575627,-0.0001225814949595674,0.0004886614327758075,0.0
2025-11-17,23.56,26.31,36.61,37.21,80.09,96.46,-0.030000000000001137,-0.019999999999999574,-0.060000000000002274,-0.060000000000002274,-0.12999999999999545,-0.1700000000000017,4.094227504244482,3.6662865830482705,2.634799235181644,2.592313894114485,1.204395055562492,1.0,4.094693267325133,3.669560512625388,2.6371572592127066,2.592531947415608,1.2051226211635202,1.0,4.094622799294766,3.6694917645184804,2.6373203835391683,2.5925040186673307,1.205146439107453,1.0,96.46931315138467,96.54432832448121,96.55229924136896,96.46707453461138,96.5201783081159,96.46,9.654470064478191e-05,0.0008738491056597367,0.0009564079467203295,7.333895080954124e-05,0.000623673483920727,0.0
2025-11-18,23.56,26.3,36.6,37.21,80.11,96.41,0.0,-0.00999999999999801,-0.00999999999999801,0.0,0.01999999999999602,-0.04999999999999716,4.092105263157895,3.665779467680608,2.634153005464481,2.590970169309325,1.2034702284359007,1.0,4.094739706953616,3.6694784878926576,2.637034419369494,2.5925301631721864,1.2050125763693669,1.0,4.094693267325133,3.669560512625388,2.6371572592127066,2.592531947415608,1.2051226211635202,1.0,96.47097337818013,96.5094414820477,96.51995568718506,96.46811376333477,96.5423731814096,96.41,0.0006322384125637882,0.001030912074913893,0.0011398509754330251,0.0006025957425590317,0.0013720816178029625,0.0
2025-11-19,23.56,26.3,36.64,37.23,80.15,96.49,0.0,0.0,0.03999999999999915,0.01999999999999602,0.04000000000000625,0.0799999999999983,4.095500848896434,3.668821292775665,2.633460698689956,2.591727101799624,1.2038677479725512,1.0,4.094821988455677,3.6695987835906188,2.636833810052365,2.5925268566581177,1.2049246053148461,1.0,4.094739706953616,3.6694784878926576,2.637034419369494,2.5925301631721864,1.2050125763693669,1.0,96.47206749582719,96.5072842315769,96.62094112569827,96.51989797490049,96.58175799600477,96.49,-0.00018586558961713754,0.00017911372889973517,0.0013561235319188211,0.00030980768813759974,0.0009505067324761152,0.0
2025-11-20,23.55,26.29,36.62,37.22,80.1,96.47,-0.00999999999999801,-0.010000000000001563,-0.020000000000003126,-0.00999999999999801,-0.05000000000001137,-0.01999999999999602,4.096390658174098,3.6694560669456067,2.634352812670672,2.591886082751209,1.2043695380774033,1.0,4.094914630608079,3.6697570647407582,2.6366483646003545,2.5925333948382314,1.2048846107866114,1.0,4.094821988455677,3.6695987835906188,2.636833810052365,2.5925268566581177,1.2049246053148461,1.0,96.4330578281312,96.47375202059736,96.5608541241176,96.49384960481514,96.51446088571917,96.47,-0.00038301282246469386,3.889237727098072e-05,0.0009413430950081098,0.00024719246620981514,0.0004607716735508201,0.0
2025-11-21,23.63,26.39,36.73,37.34,80.37,96.76,0.0799999999999983,0.10000000000000142,0.10999999999999943,0.12000000000000455,0.27000000000001023,0.29000000000000625,4.094794752433348,3.6665403561955285,2.634358834739995,2.591322978039636,1.2039318153539877,1.0,4.09492039252803,3.6695692496553045,2.6364990640275865,2.592470896525359,1.2048073979035956,1.0,4.094914630608079,3.6697570647407582,2.6366483646003545,2.5925333948382314,1.2048846107866114,1.0,96.7628327212689,96.84488893850862,96.84409443177101,96.80519696325958,96.83657616891996,96.76,2.9275318361732356e-05,0.0008769297553800115,0.0008687258118849606,0.000466994736554368,0.0007910901569533062,0.0
2025-11-24,23.7,26.46,36.81,37.44,80.59,97.04,0.07000000000000028,0.07000000000000028,0.0800000000000054,0.09999999999999432,0.21999999999999886,0.28000000000000114,4.09451476793249,3.667422524565382,2.6362401521325727,2.591880341880342,1.204119617818588,1.0,4.094840447681863,3.6694510460445615,2.6363509208533857,2.592408828963291,1.2047156425740524,1.0,4.09492039252803,3.6695692496553045,2.6364990640275865,2.592470896525359,1.2048073979035956,1.0,97.0496133029143,97.09680234587935,97.04953054685546,97.06211036590943,97.09542819705078,97.04,9.906045726568267e-05,0.0005851785628885696,9.820773780284261e-05,0.0002278220052671113,0.0005710261034954556,0.0
2025-11-25,23.78,26.55,36.96,37.56,80.87,97.42,0.08000000000000185,0.08999999999999986,0.14999999999999858,0.12000000000000455,0.28000000000000114,0.37999999999999545,4.096719932716568,3.669303201506591,2.6358225108225106,2.593716719914803,1.2046494373686163,1.0,4.095015073080233,3.669564146194797,2.636187868496937,2.5924468895353026,1.204658705575488,1.0,4.094840447681863,3.6694510460445615,2.6363509208533857,2.592408828963291,1.2047156425740524,1.0,97.3753058458747,97.42392527248312,97.43953003474114,97.37087561586122,97.42535401496362,97.42,-0.00045888328484610297,4.029145356383778e-05,0.00020045244698108796,-0.0005043807624449179,5.495655764582667e-05,0.0
2025-11-26,23.82,26.58,37.0,37.61,80.95,97.57,0.03999999999999915,0.029999999999997584,0.03999999999999915,0.04999999999999716,0.0799999999999983,0.14999999999999147,4.0961376994122585,3.6708051166290443,2.6370270270270266,2.5942568465833555,1.205311920938851,1.0,4.095082025164939,3.6696771190499247,2.6360846375287426,2.592518297601522,1.2046278223142157,1.0,4.095015073080233,3.669564146194797,2.636187868496937,2.5924468895353026,1.204658705575488,1.0,97.54325904077115,97.5370150058577,97.53895113438668,97.50192751542272,97.51712221633576,97.57,-0.00027410704457234624,-0.0003381220757803842,-0.00031827208023912863,-0.0006979219225179323,-0.0005420940588841463,0.0
2025-11-28,23.82,26.58,37.02,37.64,80.99,97.65,0.0,0.0,0.020000000000003126,0.030000000000001137,0.03999999999999204,0.0800000000000125,4.099496221662469,3.673814898419865,2.6377633711507293,2.594314558979809,1.205704407951599,1.0,4.095455995911928,3.6700972580243616,2.6360795233127146,2.5926571229427426,1.2046469536028848,1.0,4.095082025164939,3.6696771190499247,2.6360846375287426,2.592518297601522,1.2046278223142157,1.0,97.54485383942885,97.54001782434699,97.58785328131405,97.5823887217213,97.56280732922832,97.65,-0.0010773457258015297,-0.0011269243019527081,-0.0006366257335903702,-0.0006926236105013912,-0.0008933089766283442,0.0
2025-12-01,23.65,26.43,36.76,37.36,80.47,96.96,-0.1700000000000017,-0.14999999999999858,-0.2600000000000051,-0.28000000000000114,-0.519999999999996,-0.6900000000000119,4.099788583509514,3.6685584562996594,2.6376496191512513,2.595289079229122,1.2049210886044488,1.0,4.095844584751269,3.66983977910415,2.6361044358976806,2.5928446742964284,1.2046269189241963,1.0,4.095455995911928,3.6700972580243616,2.6360795233127146,2.5926571229427426,1.2046469536028848,1.0,96.8575343033171,97.00067052958387,96.90228327697538,96.86167011314086,96.93794035642414,96.96,-0.0010573419644137525,0.00041936883460851575,-0.0005954404720121619,-0.0010146429471753612,-0.00022753871062768466,0.0
2025-12-02,23.69,26.45,36.83,37.41,80.62,97.11,0.0400000000000027,0.019999999999999574,0.07000000000000028,0.04999999999999716,0.15000000000000568,0.15000000000000568,4.09919797382862,3.6714555765595462,2.6367092044528917,2.595829991980754,1.204539816422724,1.0,4.096099099805566,3.6699399135552278,2.636072064334416,2.592998590002849,1.2045968595831162,1.0,4.095844584751269,3.66983977910415,2.6361044358976806,2.5928446742964284,1.2046269189241963,1.0,97.03055821275757,97.06726215730477,97.08772637411157,96.99831926542937,97.11702220366871,97.11,-0.0008183945941821138,-0.0004401941083165177,-0.0002293912127806967,-0.0011507054135187864,7.230923475108672e-05,0.0
2025-12-03,23.72,26.48,36.87,37.48,80.69,97.26,0.029999999999997584,0.030000000000001137,0.03999999999999915,0.07000000000000028,0.06999999999999318,0.15000000000000568,4.100337268128162,3.6729607250755287,2.6379170056956878,2.5949839914621133,1.2053538232742596,1.0,4.096279306444897,3.670083578847393,2.636091378153753,2.593067424279151,1.2046274952259313,1.0,4.096099099805566,3.6699399135552278,2.636072064334416,2.592998590002849,1.2045968595831162,1.0,97.15947064738802,97.18000891094243,97.19197701200991,97.18558715330677,97.19892059976165,97.26,-0.0010341491131173502,-0.0008227843026572056,-0.0006996379446491554,-0.0007653848196332357,-0.0006281985116304271,0.0
2025-12-04,23.72,26.51,36.88,37.48,80.75,97.29,0.0,0.030000000000001137,0.010000000000005116,0.0,0.060000000000002274,0.030000000000001137,4.10160202360877,3.6699358732553753,2.6380151843817785,2.595784418356457,1.2048297213622292,1.0,4.096592458472793,3.6700444818910958,2.6361007618269907,2.5931947187145483,1.2046359013987415,1.0,4.096279306444897,3.670083578847393,2.636091378153753,2.593067424279151,1.2046274952259313,1.0,97.16374514887295,97.29391567524439,97.21905002631043,97.18816706198257,97.27367023949395,97.29,-0.001298559395417192,4.0246648664000145e-05,-0.0007295287990629598,-0.0010472429770670743,-0.00016786032586962044,0.0
2025-12-05,23.73,26.5,36.89,37.48,80.75,97.29,0.010000000000001563,-0.010000000000001563,0.00999999999999801,0.0,0.0,0.0,4.099873577749684,3.6713207547169815,2.6373000813228518,2.595784418356457,1.2048297213622292,1.0,4.096713256004345,3.6701190585263754,2.63611411604312,2.5933592747530145,1.2046356730387444,1.0,4.096592458472793,3.6700444818910958,2.6361007618269907,2.5931947187145483,1.2046359013987415,1.0,97.21213903955939,97.25617877011403,97.24575710379769,97.19293805742126,97.27434903794838,97.29,-0.0008006180804396194,-0.0003476935958393273,-0.0004548561932654478,-0.0009981538905870207,-0.00016088211599674576,0.0
2025-12-08,23.67,26.45,36.81,37.4,80.55,97.08,-0.05999999999999872,-0.05000000000000071,-0.0799999999999983,-0.0799999999999983,-0.20000000000000284,-0.21000000000000796,4.101394169835234,3.670321361058601,2.637326813365933,2.59572192513369,1.2052141527001863,1.0,4.09704322687444,3.6700298134863267,2.636154843632397,2.5935445137903046,1.2046698152561013,1.0,4.096713256004345,3.6701190585263754,2.63611411604312,2.5933592747530145,1.2046356730387444,1.0,96.96920276962285,97.07464909802263,97.03536061154726,96.99163687576274,97.03340346327086,97.08,-0.001141949988314099,-5.5119998450544985e-05,-0.0004599263973649207,-0.0009106238476257891,-0.000480096034511846,0.0
2025-12-09,23.65,26.41,36.77,37.35,80.46,96.94,-0.020000000000003126,-0.03999999999999915,-0.03999999999999915,-0.04999999999999716,-0.09000000000000341,-0.14000000000000057,4.098942917547569,3.6705793260128736,2.6363883600761486,2.595448460508701,1.204822271936366,1.0,4.097245539348192,3.6699543924949887,2.6361659531920014,2.593656146217449,1.2046814003169395,1.0,4.09704322687444,3.6700298134863267,2.636154843632397,2.5935445137903046,1.2046698152561013,1.0,96.8950723155805,96.92548737417388,96.93141360036326,96.86888759006789,96.9277333355059,96.94,-0.0004635661099648754,-0.00014971850894959015,-8.857829509672113e-05,-0.0007338405788058977,-0.00012654673678194451,0.0
2025-12-10,23.72,26.48,36.89,37.47,80.73,97.28,0.07000000000000028,0.07000000000000028,0.11999999999999744,0.11999999999999744,0.27000000000001023,0.3400000000000034,4.101180438448567,3.673716012084592,2.6370290051504472,2.596210301574593,1.205004335439118,1.0,4.097460416367502,3.6699227771566414,2.6361573166816283,2.5937520707386965,1.2046639259251823,1.0,4.097245539348192,3.6699543924949887,2.6361659531920014,2.593656146217449,1.2046814003169395,1.0,97.18666419333911,97.1803923132673,97.24816201325294,97.1842957987678,97.25392944758653,97.28,-0.0009599158212023918,-0.0010244522728697894,-0.0003273355045546795,-0.0009842856609307013,-0.00026803090487689514,0.0
2025-12-11,23.73,26.5,36.89,37.47,80.72,97.27,0.010000000000001563,0.019999999999999574,0.0,0.0,-0.010000000000005116,-0.010000000000005116,4.099030762747577,3.670566037735849,2.6367579289780427,2.5959434214037898,1.205029732408325,1.0,4.097620903428478,3.6698907309541418,2.636160974000096,2.593933959949415,1.2046707832149146,1.0,4.097460416367502,3.6699227771566414,2.6361573166816283,2.5937520707386965,1.2046639259251823,1.0,97.23273568040082,97.252953594651,97.24784341238527,97.18789009057896,97.24047210068072,97.27,-0.00038317527951224704,-0.00017526369076374307,-0.00022781033679857872,-0.0008445007221123677,-0.00030361244026820474,0.0
2025-12-12,23.68,26.45,36.82,37.38,80.57,97.07,-0.05000000000000071,-0.05000000000000071,-0.07000000000000028,-0.0899999999999963,-0.15000000000000568,-0.20000000000000284,4.099239864864865,3.6699432892249524,2.6363389462248774,2.596843231674692,1.2047908650862604,1.0,4.097835122191009,3.669877257117517,2.636226693815431,2.59414649190352,1.2046858875664843,1.0,4.097620903428478,3.6698907309541418,2.636160974000096,2.593933959949415,1.2046707832149146,1.0,97.03166299318636,97.06860983373704,97.06344706268354,96.96125142290913,97.06032500362566,97.07,-0.00039501987485276107,-1.4321378567201296e-05,-6.750961689597517e-05,-0.001120938897010487,-9.96752710546729e-05,0.0
2025-12-15,23.69,26.47,36.86,37.4,80.61,97.17,0.010000000000001563,0.019999999999999574,0.03999999999999915,0.01999999999999602,0.04000000000000625,0.10000000000000853,4.101730688054031,3.6709482432942955,2.6361909929462835,2.5981283422459893,1.2054335690360998,1.0,4.098110295847632,3.669926758154241,2.636280039481289,2.5944178137649474,1.2047294433556117,1.0,4.097835122191009,3.669877257117517,2.636226693815431,2.59414649190352,1.2046858875664843,1.0,97.07771404470502,97.14165099590068,97.17131593403678,97.02107879719165,97.1097293967343,97.17,-0.0009501883993051469,-0.000291789032259962,1.3542504129739946e-05,-0.001533759768208913,-0.0006204518133347106,0.0
