date,close,symbol,time
2026-04-27,25.84,ARKB,09:30:00
2026-04-27,25.8,ARKB,09:45:00
2026-04-27,25.84,ARKB,10:00:00
2026-04-27,25.84,ARKB,10:15:00
2026-04-27,25.95,ARKB,10:30:00
2026-04-27,25.82,ARKB,10:45:00
2026-04-27,25.68,ARKB,11:00:00
2026-04-27,25.5,ARKB,11:15:00
2026-04-27,25.55,ARKB,11:30:00
2026-04-27,25.48,ARKB,11:45:00
2026-04-27,25.46,ARKB,12:00:00
2026-04-27,25.46,ARKB,12:15:00
2026-04-27,25.41,ARKB,12:30:00
2026-04-27,25.41,ARKB,12:45:00
2026-04-27,25.44,ARKB,13:00:00
2026-04-27,25.48,ARKB,13:15:00
2026-04-27,25.5,ARKB,13:30:00
2026-04-27,25.45,ARKB,13:45:00
2026-04-27,25.46,ARKB,14:00:00
2026-04-27,25.45,ARKB,14:15:00
2026-04-27,25.46,ARKB,14:30:00
2026-04-27,25.48,ARKB,14:45:00
2026-04-27,25.51,ARKB,15:00:00
2026-04-27,25.41,ARKB,15:15:00
2026-04-27,25.48,ARKB,15:30:00
2026-04-27,25.52,ARKB,15:45:00
2026-04-28,25.3,ARKB,09:30:00
2026-04-28,25.29,ARKB,09:45:00
2026-04-28,25.23,ARKB,10:00:00
2026-04-28,25.16,ARKB,10:15:00
2026-04-28,25.16,ARKB,10:30:00
2026-04-28,25.2,ARKB,10:45:00
2026-04-28,25.2,ARKB,11:00:00
2026-04-28,25.21,ARKB,11:15:00
2026-04-28,25.19,ARKB,11:30:00
2026-04-28,25.23,ARKB,11:45:00
2026-04-28,25.21,ARKB,12:00:00
2026-04-28,25.2,ARKB,12:15:00
2026-04-28,25.18,ARKB,12:30:00
2026-04-28,25.26,ARKB,12:45:00
2026-04-28,25.23,ARKB,13:00:00
2026-04-28,25.25,ARKB,13:15:00
2026-04-28,25.27,ARKB,13:30:00
2026-04-28,25.27,ARKB,13:45:00
2026-04-28,25.26,ARKB,14:00:00
2026-04-28,25.3,ARKB,14:15:00
2026-04-28,25.27,ARKB,14:30:00
2026-04-28,25.3,ARKB,14:45:00
2026-04-28,25.23,ARKB,15:00:00
2026-04-28,25.27,ARKB,15:15:00
2026-04-28,25.32,ARKB,15:30:00
2026-04-28,25.33,ARKB,15:45:00
2026-04-29,25.4,ARKB,09:30:00
2026-04-29,25.46,ARKB,09:45:00
2026-04-29,25.4,ARKB,10:00:00
2026-04-29,25.45,ARKB,10:15:00
2026-04-29,25.41,ARKB,10:30:00
2026-04-29,25.4,ARKB,10:45:00
2026-04-29,25.29,ARKB,11:00:00
2026-04-29,25.27,ARKB,11:15:00
2026-04-29,25.2,ARKB,11:30:00
2026-04-29,25.19,ARKB,11:45:00
2026-04-29,25.21,ARKB,12:00:00
2026-04-29,25.15,ARKB,12:15:00
2026-04-29,25.16,ARKB,12:30:00
2026-04-29,25.13,ARKB,12:45:00
2026-04-29,25.18,ARKB,13:00:00
2026-04-29,25.16,ARKB,13:15:00
2026-04-29,25.2,ARKB,13:30:00
2026-04-29,25.26,ARKB,13:45:00
2026-04-29,24.94,ARKB,14:00:00
2026-04-29,24.93,ARKB,14:15:00
2026-04-29,24.95,ARKB,14:30:00
2026-04-29,25.04,ARKB,14:45:00
2026-04-29,25.05,ARKB,15:00:00
2026-04-29,25.04,ARKB,15:15:00
2026-04-29,25.01,ARKB,15:30:00
2026-04-29,25.05,ARKB,15:45:00
2026-04-30,25.43,ARKB,09:30:00
2026-04-30,25.34,ARKB,09:45:00
2026-04-30,25.33,ARKB,10:00:00
2026-04-30,25.33,ARKB,10:15:00
2026-04-30,25.32,ARKB,10:30:00
2026-04-30,25.3,ARKB,10:45:00
2026-04-30,25.34,ARKB,11:00:00
2026-04-30,25.38,ARKB,11:15:00
2026-04-30,25.36,ARKB,11:30:00
2026-04-30,25.36,ARKB,11:45:00
2026-04-30,25.37,ARKB,12:00:00
2026-04-30,25.32,ARKB,12:15:00
2026-04-30,25.32,ARKB,12:30:00
2026-04-30,25.29,ARKB,12:45:00
2026-04-30,25.27,ARKB,13:00:00
2026-04-30,25.25,ARKB,13:15:00
2026-04-30,25.26,ARKB,13:30:00
2026-04-30,25.29,ARKB,13:45:00
2026-04-30,25.29,ARKB,14:00:00
2026-04-30,25.3,ARKB,14:15:00
2026-04-30,25.34,ARKB,14:30:00
2026-04-30,25.32,ARKB,14:45:00
2026-04-30,25.36,ARKB,15:00:00
2026-04-30,25.37,ARKB,15:15:00
2026-04-30,25.36,ARKB,15:30:00
2026-04-30,25.34,ARKB,15:45:00
2026-05-01,25.98,ARKB,09:30:00
2026-05-01,26.13,ARKB,09:45:00
2026-05-01,26.13,ARKB,10:00:00
2026-05-01,25.98,ARKB,10:15:00
2026-05-01,25.95,ARKB,10:30:00
2026-05-01,26.01,ARKB,10:45:00
2026-05-01,26.05,ARKB,11:00:00
2026-05-01,26.08,ARKB,11:15:00
2026-05-01,26.12,ARKB,11:30:00
2026-05-01,26.04,ARKB,11:45:00
2026-05-01,26.02,ARKB,12:00:00
2026-05-01,26.01,ARKB,12:15:00
2026-05-01,25.98,ARKB,12:30:00
2026-05-01,25.95,ARKB,12:45:00
2026-05-01,26.0,ARKB,13:00:00
2026-05-01,25.96,ARKB,13:15:00
2026-05-01,26.04,ARKB,13:30:00
2026-05-01,26.08,ARKB,13:45:00
2026-05-01,26.07,ARKB,14:00:00
2026-05-01,26.09,ARKB,14:15:00
2026-05-01,26.04,ARKB,14:30:00
2026-05-01,26.02,ARKB,14:45:00
2026-05-01,26.05,ARKB,15:00:00
2026-05-01,26.02,ARKB,15:15:00
2026-05-01,26.0,ARKB,15:30:00
2026-05-01,26.01,ARKB,15:45:00
2026-05-04,26.16,ARKB,09:30:00
2026-05-04,26.13,ARKB,09:45:00
2026-05-04,26.2,ARKB,10:00:00
2026-05-04,26.3,ARKB,10:15:00
2026-05-04,26.4,ARKB,10:30:00
2026-05-04,26.63,ARKB,10:45:00
2026-05-04,26.59,ARKB,11:00:00
2026-05-04,26.45,ARKB,11:15:00
2026-05-04,26.52,ARKB,11:30:00
2026-05-04,26.55,ARKB,11:45:00
2026-05-04,26.45,ARKB,12:00:00
2026-05-04,26.63,ARKB,12:15:00
2026-05-04,26.65,ARKB,12:30:00
2026-05-04,26.55,ARKB,12:45:00
2026-05-04,26.68,ARKB,13:00:00
2026-05-04,26.7,ARKB,13:15:00
2026-05-04,26.63,ARKB,13:30:00
2026-05-04,26.68,ARKB,13:45:00
2026-05-04,26.68,ARKB,14:00:00
2026-05-04,26.63,ARKB,14:15:00
2026-05-04,26.61,ARKB,14:30:00
2026-05-04,26.59,ARKB,14:45:00
2026-05-04,26.58,ARKB,15:00:00
2026-05-04,26.52,ARKB,15:15:00
2026-05-04,26.55,ARKB,15:30:00
2026-05-04,26.55,ARKB,15:45:00
2026-05-05,27.02,ARKB,09:30:00
2026-05-05,26.98,ARKB,09:45:00
2026-05-05,26.91,ARKB,10:00:00
2026-05-05,27.02,ARKB,10:15:00
2026-05-05,26.95,ARKB,10:30:00
2026-05-05,26.98,ARKB,10:45:00
2026-05-05,27.07,ARKB,11:00:00
2026-05-05,27.09,ARKB,11:15:00
2026-05-05,27.09,ARKB,11:30:00
2026-05-05,27.05,ARKB,11:45:00
2026-05-05,27.02,ARKB,12:00:00
2026-05-05,27.02,ARKB,12:15:00
2026-05-05,26.9,ARKB,12:30:00
2026-05-05,26.98,ARKB,12:45:00
2026-05-05,26.98,ARKB,13:00:00
2026-05-05,27.01,ARKB,13:15:00
2026-05-05,26.97,ARKB,13:30:00
2026-05-05,26.95,ARKB,13:45:00
2026-05-05,27.07,ARKB,14:00:00
2026-05-05,27.02,ARKB,14:15:00
2026-05-05,27.05,ARKB,14:30:00
2026-05-05,27.05,ARKB,14:45:00
2026-05-05,27.02,ARKB,15:00:00
2026-05-05,27.05,ARKB,15:15:00
2026-05-05,27.09,ARKB,15:30:00
2026-05-05,27.08,ARKB,15:45:00
2026-05-06,27.18,ARKB,09:30:00
2026-05-06,27.09,ARKB,09:45:00
2026-05-06,27.02,ARKB,10:00:00
2026-05-06,27.08,ARKB,10:15:00
2026-05-06,27.16,ARKB,10:30:00
2026-05-06,27.04,ARKB,10:45:00
2026-05-06,27.0,ARKB,11:00:00
2026-05-06,27.09,ARKB,11:15:00
2026-05-06,27.08,ARKB,11:30:00
2026-05-06,27.11,ARKB,11:45:00
2026-05-06,27.13,ARKB,12:00:00
2026-05-06,27.04,ARKB,12:15:00
2026-05-06,27.09,ARKB,12:30:00
2026-05-06,27.08,ARKB,12:45:00
2026-05-06,27.09,ARKB,13:00:00
2026-05-06,27.02,ARKB,13:15:00
2026-05-06,27.05,ARKB,13:30:00
2026-05-06,27.02,ARKB,13:45:00
2026-05-06,27.02,ARKB,14:00:00
2026-05-06,27.02,ARKB,14:15:00
2026-05-06,26.99,ARKB,14:30:00
2026-05-06,26.98,ARKB,14:45:00
2026-05-06,26.95,ARKB,15:00:00
2026-05-06,26.98,ARKB,15:15:00
2026-05-06,27.01,ARKB,15:30:00
2026-05-06,27.02,ARKB,15:45:00
2026-05-07,26.73,ARKB,09:30:00
2026-05-07,26.7,ARKB,09:45:00
2026-05-07,26.76,ARKB,10:00:00
2026-05-07,26.68,ARKB,10:15:00
2026-05-07,26.59,ARKB,10:30:00
2026-05-07,26.59,ARKB,10:45:00
2026-05-07,26.59,ARKB,11:00:00
2026-05-07,26.48,ARKB,11:15:00
2026-05-07,26.52,ARKB,11:30:00
2026-05-07,26.51,ARKB,11:45:00
2026-05-07,26.48,ARKB,12:00:00
2026-05-07,26.52,ARKB,12:15:00
2026-05-07,26.5,ARKB,12:30:00
2026-05-07,26.46,ARKB,12:45:00
2026-05-07,26.5,ARKB,13:00:00
2026-05-07,26.43,ARKB,13:15:00
2026-05-07,26.5,ARKB,13:30:00
2026-05-07,26.58,ARKB,13:45:00
2026-05-07,26.59,ARKB,14:00:00
2026-05-07,26.58,ARKB,14:15:00
2026-05-07,26.59,ARKB,14:30:00
2026-05-07,26.61,ARKB,14:45:00
2026-05-07,26.59,ARKB,15:00:00
2026-05-07,26.52,ARKB,15:15:00
2026-05-07,26.59,ARKB,15:30:00
2026-05-07,26.59,ARKB,15:45:00
2026-05-08,26.4,ARKB,09:30:00
2026-05-08,26.41,ARKB,09:45:00
2026-05-08,26.51,ARKB,10:00:00
2026-05-08,26.55,ARKB,10:15:00
2026-05-08,26.61,ARKB,10:30:00
2026-05-08,26.58,ARKB,10:45:00
2026-05-08,26.5,ARKB,11:00:00
2026-05-08,26.44,ARKB,11:15:00
2026-05-08,26.52,ARKB,11:30:00
2026-05-08,26.59,ARKB,11:45:00
2026-05-08,26.52,ARKB,12:00:00
2026-05-08,26.52,ARKB,12:15:00
2026-05-08,26.46,ARKB,12:30:00
2026-05-08,26.46,ARKB,12:45:00
2026-05-08,26.48,ARKB,13:00:00
2026-05-08,26.55,ARKB,13:15:00
2026-05-08,26.59,ARKB,13:30:00
2026-05-08,26.55,ARKB,13:45:00
2026-05-08,26.61,ARKB,14:00:00
2026-05-08,26.62,ARKB,14:15:00
2026-05-08,26.59,ARKB,14:30:00
2026-05-08,26.57,ARKB,14:45:00
2026-05-08,26.55,ARKB,15:00:00
2026-05-08,26.55,ARKB,15:15:00
2026-05-08,26.58,ARKB,15:30:00
2026-05-08,26.61,ARKB,15:45:00
2026-05-11,26.88,ARKB,09:30:00
2026-05-11,26.88,ARKB,09:45:00
2026-05-11,26.91,ARKB,10:00:00
2026-05-11,26.77,ARKB,10:15:00
2026-05-11,26.8,ARKB,10:30:00
2026-05-11,26.84,ARKB,10:45:00
2026-05-11,26.87,ARKB,11:00:00
2026-05-11,26.98,ARKB,11:15:00
2026-05-11,26.95,ARKB,11:30:00
2026-05-11,27.02,ARKB,11:45:00
2026-05-11,27.13,ARKB,12:00:00
2026-05-11,27.13,ARKB,12:15:00
2026-05-11,27.07,ARKB,12:30:00
2026-05-11,27.07,ARKB,12:45:00
2026-05-11,27.04,ARKB,13:00:00
2026-05-11,27.09,ARKB,13:15:00
2026-05-11,27.2,ARKB,13:30:00
2026-05-11,27.19,ARKB,13:45:00
2026-05-11,27.2,ARKB,14:00:00
2026-05-11,27.21,ARKB,14:15:00
2026-05-11,27.19,ARKB,14:30:00
2026-05-11,27.16,ARKB,14:45:00
2026-05-11,27.18,ARKB,15:00:00
2026-05-11,27.16,ARKB,15:15:00
2026-05-11,27.2,ARKB,15:30:00
2026-05-11,27.2,ARKB,15:45:00
2026-05-12,26.79,ARKB,09:30:00
2026-05-12,26.68,ARKB,09:45:00
2026-05-12,26.77,ARKB,10:00:00
2026-05-12,26.75,ARKB,10:15:00
2026-05-12,26.8,ARKB,10:30:00
2026-05-12,26.7,ARKB,10:45:00
2026-05-12,26.73,ARKB,11:00:00
2026-05-12,26.61,ARKB,11:15:00
2026-05-12,26.66,ARKB,11:30:00
2026-05-12,26.63,ARKB,11:45:00
2026-05-12,26.66,ARKB,12:00:00
2026-05-12,26.63,ARKB,12:15:00
2026-05-12,26.62,ARKB,12:30:00
2026-05-12,26.52,ARKB,12:45:00
2026-05-12,26.61,ARKB,13:00:00
2026-05-12,26.68,ARKB,13:15:00
2026-05-12,26.7,ARKB,13:30:00
2026-05-12,26.7,ARKB,13:45:00
2026-05-12,26.7,ARKB,14:00:00
2026-05-12,26.7,ARKB,14:15:00
2026-05-12,26.76,ARKB,14:30:00
2026-05-12,26.76,ARKB,14:45:00
2026-05-12,26.8,ARKB,15:00:00
2026-05-12,26.77,ARKB,15:15:00
2026-05-12,26.79,ARKB,15:30:00
2026-05-12,26.82,ARKB,15:45:00
2026-05-13,26.48,ARKB,09:30:00
2026-05-13,26.41,ARKB,09:45:00
2026-05-13,26.44,ARKB,10:00:00
2026-05-13,26.48,ARKB,10:15:00
2026-05-13,26.43,ARKB,10:30:00
2026-05-13,26.44,ARKB,10:45:00
2026-05-13,26.34,ARKB,11:00:00
2026-05-13,26.29,ARKB,11:15:00
2026-05-13,26.27,ARKB,11:30:00
2026-05-13,26.13,ARKB,11:45:00
2026-05-13,26.16,ARKB,12:00:00
2026-05-13,26.2,ARKB,12:15:00
2026-05-13,26.23,ARKB,12:30:00
2026-05-13,26.23,ARKB,12:45:00
2026-05-13,26.27,ARKB,13:00:00
2026-05-13,26.3,ARKB,13:15:00
2026-05-13,26.34,ARKB,13:30:00
2026-05-13,26.37,ARKB,13:45:00
2026-05-13,26.4,ARKB,14:00:00
2026-05-13,26.45,ARKB,14:15:00
2026-05-13,26.41,ARKB,14:30:00
2026-05-13,26.4,ARKB,14:45:00
2026-05-13,26.37,ARKB,15:00:00
2026-05-13,26.36,ARKB,15:15:00
2026-05-13,26.37,ARKB,15:30:00
2026-05-13,26.4,ARKB,15:45:00
2026-05-14,26.48,ARKB,09:30:00
2026-05-14,26.43,ARKB,09:45:00
2026-05-14,26.52,ARKB,10:00:00
2026-05-14,26.59,ARKB,10:15:00
2026-05-14,26.66,ARKB,10:30:00
2026-05-14,26.86,ARKB,10:45:00
2026-05-14,26.87,ARKB,11:00:00
2026-05-14,26.88,ARKB,11:15:00
2026-05-14,26.88,ARKB,11:30:00
2026-05-14,26.98,ARKB,11:45:00
2026-05-14,27.07,ARKB,12:00:00
2026-05-14,27.05,ARKB,12:15:00
2026-05-14,27.05,ARKB,12:30:00
2026-05-14,27.18,ARKB,12:45:00
2026-05-14,27.12,ARKB,13:00:00
2026-05-14,27.04,ARKB,13:15:00
2026-05-14,27.09,ARKB,13:30:00
2026-05-14,27.09,ARKB,13:45:00
2026-05-14,27.16,ARKB,14:00:00
2026-05-14,27.16,ARKB,14:15:00
2026-05-14,27.05,ARKB,14:30:00
2026-05-14,27.07,ARKB,14:45:00
2026-05-14,27.05,ARKB,15:00:00
2026-05-14,26.98,ARKB,15:15:00
2026-05-14,27.02,ARKB,15:30:00
2026-05-14,27.01,ARKB,15:45:00
2026-05-15,26.23,ARKB,09:30:00
2026-05-15,26.09,ARKB,09:45:00
2026-05-15,26.27,ARKB,10:00:00
2026-05-15,26.21,ARKB,10:15:00
2026-05-15,26.26,ARKB,10:30:00
2026-05-15,26.24,ARKB,10:45:00
2026-05-15,26.27,ARKB,11:00:00
2026-05-15,26.23,ARKB,11:15:00
2026-05-15,26.21,ARKB,11:30:00
2026-05-15,26.23,ARKB,11:45:00
2026-05-15,26.26,ARKB,12:00:00
2026-05-15,26.3,ARKB,12:15:00
2026-05-15,26.29,ARKB,12:30:00
2026-05-15,26.29,ARKB,12:45:00
2026-05-15,26.27,ARKB,13:00:00
2026-05-15,26.32,ARKB,13:15:00
2026-05-15,26.33,ARKB,13:30:00
2026-05-15,26.34,ARKB,13:45:00
2026-05-15,26.34,ARKB,14:00:00
2026-05-15,26.27,ARKB,14:15:00
2026-05-15,26.29,ARKB,14:30:00
2026-05-15,26.27,ARKB,14:45:00
2026-05-15,26.21,ARKB,15:00:00
2026-05-15,26.23,ARKB,15:15:00
2026-05-15,26.23,ARKB,15:30:00
2026-05-15,26.23,ARKB,15:45:00
2026-05-18,25.46,ARKB,09:30:00
2026-05-18,25.51,ARKB,09:45:00
2026-05-18,25.41,ARKB,10:00:00
2026-05-18,25.41,ARKB,10:15:00
2026-05-18,25.34,ARKB,10:30:00
2026-05-18,25.32,ARKB,10:45:00
2026-05-18,25.27,ARKB,11:00:00
2026-05-18,25.2,ARKB,11:15:00
2026-05-18,25.29,ARKB,11:30:00
2026-05-18,25.32,ARKB,11:45:00
2026-05-18,25.36,ARKB,12:00:00
2026-05-18,25.27,ARKB,12:15:00
2026-05-18,25.34,ARKB,12:30:00
2026-05-18,25.33,ARKB,12:45:00
2026-05-18,25.38,ARKB,13:00:00
2026-05-18,25.41,ARKB,13:15:00
2026-05-18,25.41,ARKB,13:30:00
2026-05-18,25.43,ARKB,13:45:00
2026-05-18,25.34,ARKB,14:00:00
2026-05-18,25.3,ARKB,14:15:00
2026-05-18,25.3,ARKB,14:30:00
2026-05-18,25.27,ARKB,14:45:00
2026-05-18,25.4,ARKB,15:00:00
2026-05-18,25.4,ARKB,15:15:00
2026-05-18,25.48,ARKB,15:30:00
2026-05-18,25.5,ARKB,15:45:00
2026-05-19,25.43,ARKB,09:30:00
2026-05-19,25.48,ARKB,09:45:00
2026-05-19,25.39,ARKB,10:00:00
2026-05-19,25.33,ARKB,10:15:00
2026-05-19,25.34,ARKB,10:30:00
2026-05-19,25.32,ARKB,10:45:00
2026-05-19,25.38,ARKB,11:00:00
2026-05-19,25.34,ARKB,11:15:00
2026-05-19,25.34,ARKB,11:30:00
2026-05-19,25.36,ARKB,11:45:00
2026-05-19,25.34,ARKB,12:00:00
2026-05-19,25.38,ARKB,12:15:00
2026-05-19,25.45,ARKB,12:30:00
2026-05-19,25.48,ARKB,12:45:00
2026-05-19,25.51,ARKB,13:00:00
2026-05-19,25.48,ARKB,13:15:00
2026-05-19,25.48,ARKB,13:30:00
2026-05-19,25.46,ARKB,13:45:00
2026-05-19,25.5,ARKB,14:00:00
2026-05-19,25.45,ARKB,14:15:00
2026-05-19,25.46,ARKB,14:30:00
2026-05-19,25.45,ARKB,14:45:00
2026-05-19,25.54,ARKB,15:00:00
2026-05-19,25.45,ARKB,15:15:00
2026-05-19,25.48,ARKB,15:30:00
2026-05-19,25.46,ARKB,15:45:00
2026-05-20,25.55,ARKB,09:30:00
2026-05-20,25.59,ARKB,09:45:00
2026-05-20,25.55,ARKB,10:00:00
2026-05-20,25.66,ARKB,10:15:00
2026-05-20,25.65,ARKB,10:30:00
2026-05-20,25.66,ARKB,10:45:00
2026-05-20,25.63,ARKB,11:00:00
2026-05-20,25.7,ARKB,11:15:00
2026-05-20,25.66,ARKB,11:30:00
2026-05-20,25.68,ARKB,11:45:00
2026-05-20,25.69,ARKB,12:00:00
2026-05-20,25.55,ARKB,12:15:00
2026-05-20,25.63,ARKB,12:30:00
2026-05-20,25.63,ARKB,12:45:00
2026-05-20,25.66,ARKB,13:00:00
2026-05-20,25.71,ARKB,13:15:00
2026-05-20,25.75,ARKB,13:30:00
2026-05-20,25.71,ARKB,13:45:00
2026-05-20,25.69,ARKB,14:00:00
2026-05-20,25.69,ARKB,14:15:00
2026-05-20,25.68,ARKB,14:30:00
2026-05-20,25.66,ARKB,14:45:00
2026-05-20,25.66,ARKB,15:00:00
2026-05-20,25.7,ARKB,15:15:00
2026-05-20,25.73,ARKB,15:30:00
2026-05-20,25.75,ARKB,15:45:00
2026-05-21,25.44,ARKB,09:30:00
2026-05-21,25.57,ARKB,09:45:00
2026-05-21,25.55,ARKB,10:00:00
2026-05-21,25.54,ARKB,10:15:00
2026-05-21,25.52,ARKB,10:30:00
2026-05-21,25.51,ARKB,10:45:00
2026-05-21,25.57,ARKB,11:00:00
2026-05-21,25.61,ARKB,11:15:00
2026-05-21,25.59,ARKB,11:30:00
2026-05-21,25.61,ARKB,11:45:00
2026-05-21,25.62,ARKB,12:00:00
2026-05-21,25.58,ARKB,12:15:00
2026-05-21,25.54,ARKB,12:30:00
2026-05-21,25.59,ARKB,12:45:00
2026-05-21,25.7,ARKB,13:00:00
2026-05-21,25.84,ARKB,13:15:00
2026-05-21,25.83,ARKB,13:30:00
2026-05-21,25.82,ARKB,13:45:00
2026-05-21,25.76,ARKB,14:00:00
2026-05-21,25.77,ARKB,14:15:00
2026-05-21,25.77,ARKB,14:30:00
2026-05-21,25.65,ARKB,14:45:00
2026-05-21,25.7,ARKB,15:00:00
2026-05-21,25.7,ARKB,15:15:00
2026-05-21,25.73,ARKB,15:30:00
2026-05-21,25.75,ARKB,15:45:00
2026-05-22,25.59,ARKB,09:30:00
2026-05-22,25.62,ARKB,09:45:00
2026-05-22,25.54,ARKB,10:00:00
2026-05-22,25.46,ARKB,10:15:00
2026-05-22,25.45,ARKB,10:30:00
2026-05-22,25.44,ARKB,10:45:00
2026-05-22,25.44,ARKB,11:00:00
2026-05-22,25.5,ARKB,11:15:00
2026-05-22,25.43,ARKB,11:30:00
2026-05-22,25.45,ARKB,11:45:00
2026-05-22,25.48,ARKB,12:00:00
2026-05-22,25.5,ARKB,12:15:00
2026-05-22,25.48,ARKB,12:30:00
2026-05-22,25.51,ARKB,12:45:00
2026-05-22,25.52,ARKB,13:00:00
2026-05-22,25.55,ARKB,13:15:00
2026-05-22,25.51,ARKB,13:30:00
2026-05-22,25.43,ARKB,13:45:00
2026-05-22,25.45,ARKB,14:00:00
2026-05-22,25.45,ARKB,14:15:00
2026-05-22,25.38,ARKB,14:30:00
2026-05-22,25.37,ARKB,14:45:00
2026-05-22,25.26,ARKB,15:00:00
2026-05-22,25.27,ARKB,15:15:00
2026-05-22,25.13,ARKB,15:30:00
2026-05-22,25.13,ARKB,15:45:00
2026-05-26,25.48,ARKB,09:30:00
2026-05-26,25.59,ARKB,09:45:00
2026-05-26,25.66,ARKB,10:00:00
2026-05-26,25.84,ARKB,10:15:00
2026-05-26,25.45,ARKB,10:30:00
2026-05-26,25.48,ARKB,10:45:00
2026-05-26,25.51,ARKB,11:00:00
2026-05-26,25.4,ARKB,11:15:00
2026-05-26,25.34,ARKB,11:30:00
2026-05-26,25.34,ARKB,11:45:00
2026-05-26,25.29,ARKB,12:00:00
2026-05-26,25.36,ARKB,12:15:00
2026-05-26,25.36,ARKB,12:30:00
2026-05-26,25.37,ARKB,12:45:00
2026-05-26,25.34,ARKB,13:00:00
2026-05-26,25.2,ARKB,13:15:00
2026-05-26,25.18,ARKB,13:30:00
2026-05-26,25.16,ARKB,13:45:00
2026-05-26,25.18,ARKB,14:00:00
2026-05-26,25.2,ARKB,14:15:00
2026-05-26,25.13,ARKB,14:30:00
2026-05-26,25.12,ARKB,14:45:00
2026-05-26,25.12,ARKB,15:00:00
2026-05-26,25.15,ARKB,15:15:00
2026-05-26,25.18,ARKB,15:30:00
2026-05-26,25.19,ARKB,15:45:00
2026-05-27,24.8,ARKB,09:30:00
2026-05-27,24.86,ARKB,09:45:00
2026-05-27,24.84,ARKB,10:00:00
2026-05-27,24.79,ARKB,10:15:00
2026-05-27,24.86,ARKB,10:30:00
2026-05-27,24.84,ARKB,10:45:00
2026-05-27,24.88,ARKB,11:00:00
2026-05-27,24.95,ARKB,11:15:00
2026-05-27,24.9,ARKB,11:30:00
2026-05-27,24.95,ARKB,11:45:00
2026-05-27,24.93,ARKB,12:00:00
2026-05-27,24.87,ARKB,12:15:00
2026-05-27,24.88,ARKB,12:30:00
2026-05-27,24.94,ARKB,12:45:00
2026-05-27,24.83,ARKB,13:00:00
2026-05-27,24.84,ARKB,13:15:00
2026-05-27,24.8,ARKB,13:30:00
2026-05-27,24.79,ARKB,13:45:00
2026-05-27,24.75,ARKB,14:00:00
2026-05-27,24.8,ARKB,14:15:00
2026-05-27,24.83,ARKB,14:30:00
2026-05-27,24.84,ARKB,14:45:00
2026-05-27,24.84,ARKB,15:00:00
2026-05-27,24.84,ARKB,15:15:00
2026-05-27,24.84,ARKB,15:30:00
2026-05-27,24.86,ARKB,15:45:00
2026-05-28,24.09,ARKB,09:30:00
2026-05-28,24.18,ARKB,09:45:00
2026-05-28,24.27,ARKB,10:00:00
2026-05-28,24.16,ARKB,10:15:00
2026-05-28,24.12,ARKB,10:30:00
2026-05-28,24.18,ARKB,10:45:00
2026-05-28,24.13,ARKB,11:00:00
2026-05-28,24.16,ARKB,11:15:00
2026-05-28,24.18,ARKB,11:30:00
2026-05-28,24.15,ARKB,11:45:00
2026-05-28,24.2,ARKB,12:00:00
2026-05-28,24.21,ARKB,12:15:00
2026-05-28,24.29,ARKB,12:30:00
2026-05-28,24.32,ARKB,12:45:00
2026-05-28,24.34,ARKB,13:00:00
2026-05-28,24.29,ARKB,13:15:00
2026-05-28,24.34,ARKB,13:30:00
2026-05-28,24.36,ARKB,13:45:00
2026-05-28,24.38,ARKB,14:00:00
2026-05-28,24.37,ARKB,14:15:00
2026-05-28,24.38,ARKB,14:30:00
2026-05-28,24.4,ARKB,14:45:00
2026-05-28,24.34,ARKB,15:00:00
2026-05-28,24.36,ARKB,15:15:00
2026-05-28,24.32,ARKB,15:30:00
2026-05-28,24.32,ARKB,15:45:00
2026-05-29,24.27,ARKB,09:30:00
2026-05-29,24.23,ARKB,09:45:00
2026-05-29,24.18,ARKB,10:00:00
2026-05-29,24.09,ARKB,10:15:00
2026-05-29,24.07,ARKB,10:30:00
2026-05-29,24.2,ARKB,10:45:00
2026-05-29,24.41,ARKB,11:00:00
2026-05-29,24.4,ARKB,11:15:00
2026-05-29,24.45,ARKB,11:30:00
2026-05-29,24.45,ARKB,11:45:00
2026-05-29,24.5,ARKB,12:00:00
2026-05-29,24.4,ARKB,12:15:00
2026-05-29,24.55,ARKB,12:30:00
2026-05-29,24.54,ARKB,12:45:00
2026-05-29,24.59,ARKB,13:00:00
2026-05-29,24.59,ARKB,13:15:00
2026-05-29,24.59,ARKB,13:30:00
2026-05-29,24.51,ARKB,13:45:00
2026-05-29,24.54,ARKB,14:00:00
2026-05-29,24.45,ARKB,14:15:00
2026-05-29,24.45,ARKB,14:30:00
2026-05-29,24.3,ARKB,14:45:00
2026-05-29,24.33,ARKB,15:00:00
2026-05-29,24.3,ARKB,15:15:00
2026-05-29,24.41,ARKB,15:30:00
2026-05-29,24.36,ARKB,15:45:00
2026-06-01,23.71,ARKB,09:30:00
2026-06-01,23.73,ARKB,09:45:00
2026-06-01,23.73,ARKB,10:00:00
2026-06-01,23.68,ARKB,10:15:00
2026-06-01,23.66,ARKB,10:30:00
2026-06-01,23.69,ARKB,10:45:00
2026-06-01,23.68,ARKB,11:00:00
2026-06-01,23.52,ARKB,11:15:00
2026-06-01,23.59,ARKB,11:30:00
2026-06-01,23.55,ARKB,11:45:00
2026-06-01,23.45,ARKB,12:00:00
2026-06-01,23.54,ARKB,12:15:00
2026-06-01,23.63,ARKB,12:30:00
2026-06-01,23.7,ARKB,12:45:00
2026-06-01,23.7,ARKB,13:00:00
2026-06-01,23.77,ARKB,13:15:00
2026-06-01,23.76,ARKB,13:30:00
2026-06-01,23.73,ARKB,13:45:00
2026-06-01,23.68,ARKB,14:00:00
2026-06-01,23.7,ARKB,14:15:00
2026-06-01,23.69,ARKB,14:30:00
2026-06-01,23.68,ARKB,14:45:00
2026-06-01,23.66,ARKB,15:00:00
2026-06-01,23.71,ARKB,15:15:00
2026-06-01,23.73,ARKB,15:30:00
2026-06-01,23.71,ARKB,15:45:00
2026-06-02,22.8,ARKB,09:30:00
2026-06-02,22.79,ARKB,09:45:00
2026-06-02,22.7,ARKB,10:00:00
2026-06-02,22.48,ARKB,10:15:00
2026-06-02,22.52,ARKB,10:30:00
2026-06-02,22.52,ARKB,10:45:00
2026-06-02,22.45,ARKB,11:00:00
2026-06-02,22.33,ARKB,11:15:00
2026-06-02,22.27,ARKB,11:30:00
2026-06-02,22.27,ARKB,11:45:00
2026-06-02,22.48,ARKB,12:00:00
2026-06-02,22.46,ARKB,12:15:00
2026-06-02,22.39,ARKB,12:30:00
2026-06-02,22.33,ARKB,12:45:00
2026-06-02,22.34,ARKB,13:00:00
2026-06-02,22.43,ARKB,13:15:00
2026-06-02,22.34,ARKB,13:30:00
2026-06-02,22.34,ARKB,13:45:00
2026-06-02,22.38,ARKB,14:00:00
2026-06-02,22.29,ARKB,14:15:00
2026-06-02,22.29,ARKB,14:30:00
2026-06-02,22.3,ARKB,14:45:00
2026-06-02,22.3,ARKB,15:00:00
2026-06-02,22.18,ARKB,15:15:00
2026-06-02,22.16,ARKB,15:30:00
2026-06-02,22.3,ARKB,15:45:00
2026-06-03,22.11,ARKB,09:30:00
2026-06-03,22.16,ARKB,09:45:00
2026-06-03,22.16,ARKB,10:00:00
2026-06-03,22.12,ARKB,10:15:00
2026-06-03,22.09,ARKB,10:30:00
2026-06-03,22.15,ARKB,10:45:00
2026-06-03,22.02,ARKB,11:00:00
2026-06-03,22.05,ARKB,11:15:00
2026-06-03,21.95,ARKB,11:30:00
2026-06-03,21.9,ARKB,11:45:00
2026-06-03,21.91,ARKB,12:00:00
2026-06-03,21.73,ARKB,12:15:00
2026-06-03,21.84,ARKB,12:30:00
2026-06-03,21.88,ARKB,12:45:00
2026-06-03,21.77,ARKB,13:00:00
2026-06-03,21.84,ARKB,13:15:00
2026-06-03,21.88,ARKB,13:30:00
2026-06-03,21.84,ARKB,13:45:00
2026-06-03,21.84,ARKB,14:00:00
2026-06-03,21.83,ARKB,14:15:00
2026-06-03,21.88,ARKB,14:30:00
2026-06-03,21.88,ARKB,14:45:00
2026-06-03,21.84,ARKB,15:00:00
2026-06-03,21.75,ARKB,15:15:00
2026-06-03,21.79,ARKB,15:30:00
2026-06-03,21.69,ARKB,15:45:00
2026-06-04,21.15,ARKB,09:30:00
2026-06-04,21.29,ARKB,09:45:00
2026-06-04,21.34,ARKB,10:00:00
2026-06-04,21.27,ARKB,10:15:00
2026-06-04,21.21,ARKB,10:30:00
2026-06-04,21.2,ARKB,10:45:00
2026-06-04,21.34,ARKB,11:00:00
2026-06-04,21.2,ARKB,11:15:00
2026-06-04,21.16,ARKB,11:30:00
2026-06-04,21.18,ARKB,11:45:00
2026-06-04,21.09,ARKB,12:00:00
2026-06-04,21.09,ARKB,12:15:00
2026-06-04,21.13,ARKB,12:30:00
2026-06-04,21.05,ARKB,12:45:00
2026-06-04,21.06,ARKB,13:00:00
2026-06-04,20.95,ARKB,13:15:00
2026-06-04,20.88,ARKB,13:30:00
2026-06-04,21.05,ARKB,13:45:00
2026-06-04,20.93,ARKB,14:00:00
2026-06-04,21.16,ARKB,14:15:00
2026-06-04,21.18,ARKB,14:30:00
2026-06-04,21.13,ARKB,14:45:00
2026-06-04,21.16,ARKB,15:00:00
2026-06-04,21.23,ARKB,15:15:00
2026-06-04,21.13,ARKB,15:30:00
2026-06-04,21.08,ARKB,15:45:00
2026-06-05,20.5,ARKB,09:30:00
2026-06-05,20.13,ARKB,09:45:00
2026-06-05,20.18,ARKB,10:00:00
2026-06-05,20.02,ARKB,10:15:00
2026-06-05,20.18,ARKB,10:30:00
2026-06-05,20.18,ARKB,10:45:00
2026-06-05,20.09,ARKB,11:00:00
2026-06-05,20.15,ARKB,11:15:00
2026-06-05,20.02,ARKB,11:30:00
2026-06-05,20.04,ARKB,11:45:00
2026-06-05,20.19,ARKB,12:00:00
2026-06-05,20.2,ARKB,12:15:00
2026-06-05,20.16,ARKB,12:30:00
2026-06-05,20.34,ARKB,12:45:00
2026-06-05,20.23,ARKB,13:00:00
2026-06-05,20.12,ARKB,13:15:00
2026-06-05,20.13,ARKB,13:30:00
2026-06-05,20.15,ARKB,13:45:00
2026-06-05,20.09,ARKB,14:00:00
2026-06-05,19.94,ARKB,14:15:00
2026-06-05,19.87,ARKB,14:30:00
2026-06-05,19.69,ARKB,14:45:00
2026-06-05,19.69,ARKB,15:00:00
2026-06-05,19.84,ARKB,15:15:00
2026-06-05,19.8,ARKB,15:30:00
2026-06-05,20.0,ARKB,15:45:00
2026-06-08,21.05,ARKB,09:30:00
2026-06-08,21.13,ARKB,09:45:00
2026-06-08,21.18,ARKB,10:00:00
2026-06-08,21.13,ARKB,10:15:00
2026-06-08,21.19,ARKB,10:30:00
2026-06-08,21.2,ARKB,10:45:00
2026-06-08,21.29,ARKB,11:00:00
2026-06-08,21.21,ARKB,11:15:00
2026-06-08,21.18,ARKB,11:30:00
2026-06-08,21.15,ARKB,11:45:00
2026-06-08,21.14,ARKB,12:00:00
2026-06-08,21.18,ARKB,12:15:00
2026-06-08,21.12,ARKB,12:30:00
2026-06-08,21.05,ARKB,12:45:00
2026-06-08,21.0,ARKB,13:00:00
2026-06-08,21.09,ARKB,13:15:00
2026-06-08,21.02,ARKB,13:30:00
2026-06-08,21.07,ARKB,13:45:00
2026-06-08,21.09,ARKB,14:00:00
2026-06-08,21.11,ARKB,14:15:00
2026-06-08,21.05,ARKB,14:30:00
2026-06-08,21.05,ARKB,14:45:00
2026-06-08,21.03,ARKB,15:00:00
2026-06-08,21.07,ARKB,15:15:00
2026-06-08,21.05,ARKB,15:30:00
2026-06-08,21.02,ARKB,15:45:00
2026-04-27,42.28,BITB,09:30:00
2026-04-27,42.23,BITB,09:45:00
2026-04-27,42.28,BITB,10:00:00
2026-04-27,42.3,BITB,10:15:00
2026-04-27,42.45,BITB,10:30:00
2026-04-27,42.27,BITB,10:45:00
2026-04-27,42.02,BITB,11:00:00
2026-04-27,41.73,BITB,11:15:00
2026-04-27,41.84,BITB,11:30:00
2026-04-27,41.69,BITB,11:45:00
2026-04-27,41.69,BITB,12:00:00
2026-04-27,41.67,BITB,12:15:00
2026-04-27,41.59,BITB,12:30:00
2026-04-27,41.61,BITB,12:45:00
2026-04-27,41.64,BITB,13:00:00
2026-04-27,41.72,BITB,13:15:00
2026-04-27,41.73,BITB,13:30:00
2026-04-27,41.67,BITB,13:45:00
2026-04-27,41.67,BITB,14:00:00
2026-04-27,41.64,BITB,14:15:00
2026-04-27,41.69,BITB,14:30:00
2026-04-27,41.72,BITB,14:45:00
2026-04-27,41.75,BITB,15:00:00
2026-04-27,41.61,BITB,15:15:00
2026-04-27,41.7,BITB,15:30:00
2026-04-27,41.75,BITB,15:45:00
2026-04-28,41.42,BITB,09:30:00
2026-04-28,41.38,BITB,09:45:00
2026-04-28,41.31,BITB,10:00:00
2026-04-28,41.17,BITB,10:15:00
2026-04-28,41.19,BITB,10:30:00
2026-04-28,41.23,BITB,10:45:00
2026-04-28,41.25,BITB,11:00:00
2026-04-28,41.27,BITB,11:15:00
2026-04-28,41.23,BITB,11:30:00
2026-04-28,41.3,BITB,11:45:00
2026-04-28,41.27,BITB,12:00:00
2026-04-28,41.23,BITB,12:15:00
2026-04-28,41.22,BITB,12:30:00
2026-04-28,41.33,BITB,12:45:00
2026-04-28,41.28,BITB,13:00:00
2026-04-28,41.31,BITB,13:15:00
2026-04-28,41.38,BITB,13:30:00
2026-04-28,41.36,BITB,13:45:00
2026-04-28,41.34,BITB,14:00:00
2026-04-28,41.39,BITB,14:15:00
2026-04-28,41.34,BITB,14:30:00
2026-04-28,41.39,BITB,14:45:00
2026-04-28,41.31,BITB,15:00:00
2026-04-28,41.36,BITB,15:15:00
2026-04-28,41.44,BITB,15:30:00
2026-04-28,41.45,BITB,15:45:00
2026-04-29,41.56,BITB,09:30:00
2026-04-29,41.69,BITB,09:45:00
2026-04-29,41.56,BITB,10:00:00
2026-04-29,41.64,BITB,10:15:00
2026-04-29,41.59,BITB,10:30:00
2026-04-29,41.56,BITB,10:45:00
2026-04-29,41.39,BITB,11:00:00
2026-04-29,41.38,BITB,11:15:00
2026-04-29,41.25,BITB,11:30:00
2026-04-29,41.22,BITB,11:45:00
2026-04-29,41.27,BITB,12:00:00
2026-04-29,41.16,BITB,12:15:00
2026-04-29,41.2,BITB,12:30:00
2026-04-29,41.14,BITB,12:45:00
2026-04-29,41.22,BITB,13:00:00
2026-04-29,41.2,BITB,13:15:00
2026-04-29,41.25,BITB,13:30:00
2026-04-29,41.37,BITB,13:45:00
2026-04-29,40.81,BITB,14:00:00
2026-04-29,40.8,BITB,14:15:00
2026-04-29,40.83,BITB,14:30:00
2026-04-29,40.98,BITB,14:45:00
2026-04-29,41.0,BITB,15:00:00
2026-04-29,40.98,BITB,15:15:00
2026-04-29,40.94,BITB,15:30:00
2026-04-29,41.0,BITB,15:45:00
2026-04-30,41.61,BITB,09:30:00
2026-04-30,41.48,BITB,09:45:00
2026-04-30,41.45,BITB,10:00:00
2026-04-30,41.45,BITB,10:15:00
2026-04-30,41.44,BITB,10:30:00
2026-04-30,41.42,BITB,10:45:00
2026-04-30,41.5,BITB,11:00:00
2026-04-30,41.53,BITB,11:15:00
2026-04-30,41.5,BITB,11:30:00
2026-04-30,41.5,BITB,11:45:00
2026-04-30,41.5,BITB,12:00:00
2026-04-30,41.45,BITB,12:15:00
2026-04-30,41.45,BITB,12:30:00
2026-04-30,41.39,BITB,12:45:00
2026-04-30,41.36,BITB,13:00:00
2026-04-30,41.34,BITB,13:15:00
2026-04-30,41.34,BITB,13:30:00
2026-04-30,41.39,BITB,13:45:00
2026-04-30,41.39,BITB,14:00:00
2026-04-30,41.42,BITB,14:15:00
2026-04-30,41.47,BITB,14:30:00
2026-04-30,41.45,BITB,14:45:00
2026-04-30,41.5,BITB,15:00:00
2026-04-30,41.52,BITB,15:15:00
2026-04-30,41.5,BITB,15:30:00
2026-04-30,41.48,BITB,15:45:00
2026-05-01,42.51,BITB,09:30:00
2026-05-01,42.78,BITB,09:45:00
2026-05-01,42.75,BITB,10:00:00
2026-05-01,42.52,BITB,10:15:00
2026-05-01,42.48,BITB,10:30:00
2026-05-01,42.56,BITB,10:45:00
2026-05-01,42.64,BITB,11:00:00
2026-05-01,42.67,BITB,11:15:00
2026-05-01,42.73,BITB,11:30:00
2026-05-01,42.61,BITB,11:45:00
2026-05-01,42.59,BITB,12:00:00
2026-05-01,42.56,BITB,12:15:00
2026-05-01,42.52,BITB,12:30:00
2026-05-01,42.48,BITB,12:45:00
2026-05-01,42.56,BITB,13:00:00
2026-05-01,42.5,BITB,13:15:00
2026-05-01,42.61,BITB,13:30:00
2026-05-01,42.67,BITB,13:45:00
2026-05-01,42.66,BITB,14:00:00
2026-05-01,42.7,BITB,14:15:00
2026-05-01,42.61,BITB,14:30:00
2026-05-01,42.61,BITB,14:45:00
2026-05-01,42.64,BITB,15:00:00
2026-05-01,42.59,BITB,15:15:00
2026-05-01,42.56,BITB,15:30:00
2026-05-01,42.57,BITB,15:45:00
2026-05-04,42.81,BITB,09:30:00
2026-05-04,42.78,BITB,09:45:00
2026-05-04,42.88,BITB,10:00:00
2026-05-04,43.03,BITB,10:15:00
2026-05-04,43.2,BITB,10:30:00
2026-05-04,43.56,BITB,10:45:00
2026-05-04,43.52,BITB,11:00:00
2026-05-04,43.3,BITB,11:15:00
2026-05-04,43.42,BITB,11:30:00
2026-05-04,43.47,BITB,11:45:00
2026-05-04,43.28,BITB,12:00:00
2026-05-04,43.59,BITB,12:15:00
2026-05-04,43.59,BITB,12:30:00
2026-05-04,43.47,BITB,12:45:00
2026-05-04,43.67,BITB,13:00:00
2026-05-04,43.7,BITB,13:15:00
2026-05-04,43.61,BITB,13:30:00
2026-05-04,43.66,BITB,13:45:00
2026-05-04,43.64,BITB,14:00:00
2026-05-04,43.59,BITB,14:15:00
2026-05-04,43.53,BITB,14:30:00
2026-05-04,43.52,BITB,14:45:00
2026-05-04,43.5,BITB,15:00:00
2026-05-04,43.39,BITB,15:15:00
2026-05-04,43.44,BITB,15:30:00
2026-05-04,43.48,BITB,15:45:00
2026-05-05,44.22,BITB,09:30:00
2026-05-05,44.17,BITB,09:45:00
2026-05-05,44.04,BITB,10:00:00
2026-05-05,44.22,BITB,10:15:00
2026-05-05,44.11,BITB,10:30:00
2026-05-05,44.17,BITB,10:45:00
2026-05-05,44.3,BITB,11:00:00
2026-05-05,44.34,BITB,11:15:00
2026-05-05,44.34,BITB,11:30:00
2026-05-05,44.28,BITB,11:45:00
2026-05-05,44.23,BITB,12:00:00
2026-05-05,44.2,BITB,12:15:00
2026-05-05,44.03,BITB,12:30:00
2026-05-05,44.14,BITB,12:45:00
2026-05-05,44.17,BITB,13:00:00
2026-05-05,44.2,BITB,13:15:00
2026-05-05,44.14,BITB,13:30:00
2026-05-05,44.13,BITB,13:45:00
2026-05-05,44.3,BITB,14:00:00
2026-05-05,44.23,BITB,14:15:00
2026-05-05,44.27,BITB,14:30:00
2026-05-05,44.25,BITB,14:45:00
2026-05-05,44.25,BITB,15:00:00
2026-05-05,44.27,BITB,15:15:00
2026-05-05,44.34,BITB,15:30:00
2026-05-05,44.31,BITB,15:45:00
2026-05-06,44.48,BITB,09:30:00
2026-05-06,44.34,BITB,09:45:00
2026-05-06,44.22,BITB,10:00:00
2026-05-06,44.31,BITB,10:15:00
2026-05-06,44.47,BITB,10:30:00
2026-05-06,44.25,BITB,10:45:00
2026-05-06,44.2,BITB,11:00:00
2026-05-06,44.34,BITB,11:15:00
2026-05-06,44.31,BITB,11:30:00
2026-05-06,44.36,BITB,11:45:00
2026-05-06,44.39,BITB,12:00:00
2026-05-06,44.25,BITB,12:15:00
2026-05-06,44.34,BITB,12:30:00
2026-05-06,44.31,BITB,12:45:00
2026-05-06,44.34,BITB,13:00:00
2026-05-06,44.23,BITB,13:15:00
2026-05-06,44.27,BITB,13:30:00
2026-05-06,44.22,BITB,13:45:00
2026-05-06,44.23,BITB,14:00:00
2026-05-06,44.23,BITB,14:15:00
2026-05-06,44.17,BITB,14:30:00
2026-05-06,44.17,BITB,14:45:00
2026-05-06,44.11,BITB,15:00:00
2026-05-06,44.14,BITB,15:15:00
2026-05-06,44.2,BITB,15:30:00
2026-05-06,44.23,BITB,15:45:00
2026-05-07,43.73,BITB,09:30:00
2026-05-07,43.7,BITB,09:45:00
2026-05-07,43.8,BITB,10:00:00
2026-05-07,43.66,BITB,10:15:00
2026-05-07,43.5,BITB,10:30:00
2026-05-07,43.52,BITB,10:45:00
2026-05-07,43.5,BITB,11:00:00
2026-05-07,43.34,BITB,11:15:00
2026-05-07,43.42,BITB,11:30:00
2026-05-07,43.38,BITB,11:45:00
2026-05-07,43.34,BITB,12:00:00
2026-05-07,43.42,BITB,12:15:00
2026-05-07,43.36,BITB,12:30:00
2026-05-07,43.31,BITB,12:45:00
2026-05-07,43.36,BITB,13:00:00
2026-05-07,43.27,BITB,13:15:00
2026-05-07,43.36,BITB,13:30:00
2026-05-07,43.48,BITB,13:45:00
2026-05-07,43.53,BITB,14:00:00
2026-05-07,43.5,BITB,14:15:00
2026-05-07,43.5,BITB,14:30:00
2026-05-07,43.55,BITB,14:45:00
2026-05-07,43.52,BITB,15:00:00
2026-05-07,43.42,BITB,15:15:00
2026-05-07,43.5,BITB,15:30:00
2026-05-07,43.53,BITB,15:45:00
2026-05-08,43.2,BITB,09:30:00
2026-05-08,43.23,BITB,09:45:00
2026-05-08,43.39,BITB,10:00:00
2026-05-08,43.45,BITB,10:15:00
2026-05-08,43.55,BITB,10:30:00
2026-05-08,43.5,BITB,10:45:00
2026-05-08,43.36,BITB,11:00:00
2026-05-08,43.28,BITB,11:15:00
2026-05-08,43.41,BITB,11:30:00
2026-05-08,43.52,BITB,11:45:00
2026-05-08,43.41,BITB,12:00:00
2026-05-08,43.39,BITB,12:15:00
2026-05-08,43.31,BITB,12:30:00
2026-05-08,43.31,BITB,12:45:00
2026-05-08,43.34,BITB,13:00:00
2026-05-08,43.45,BITB,13:15:00
2026-05-08,43.52,BITB,13:30:00
2026-05-08,43.47,BITB,13:45:00
2026-05-08,43.56,BITB,14:00:00
2026-05-08,43.56,BITB,14:15:00
2026-05-08,43.53,BITB,14:30:00
2026-05-08,43.48,BITB,14:45:00
2026-05-08,43.47,BITB,15:00:00
2026-05-08,43.45,BITB,15:15:00
2026-05-08,43.5,BITB,15:30:00
2026-05-08,43.55,BITB,15:45:00
2026-05-11,44.0,BITB,09:30:00
2026-05-11,44.0,BITB,09:45:00
2026-05-11,44.05,BITB,10:00:00
2026-05-11,43.81,BITB,10:15:00
2026-05-11,43.84,BITB,10:30:00
2026-05-11,43.94,BITB,10:45:00
2026-05-11,43.97,BITB,11:00:00
2026-05-11,44.16,BITB,11:15:00
2026-05-11,44.09,BITB,11:30:00
2026-05-11,44.22,BITB,11:45:00
2026-05-11,44.42,BITB,12:00:00
2026-05-11,44.41,BITB,12:15:00
2026-05-11,44.3,BITB,12:30:00
2026-05-11,44.3,BITB,12:45:00
2026-05-11,44.25,BITB,13:00:00
2026-05-11,44.33,BITB,13:15:00
2026-05-11,44.5,BITB,13:30:00
2026-05-11,44.5,BITB,13:45:00
2026-05-11,44.5,BITB,14:00:00
2026-05-11,44.56,BITB,14:15:00
2026-05-11,44.5,BITB,14:30:00
2026-05-11,44.45,BITB,14:45:00
2026-05-11,44.48,BITB,15:00:00
2026-05-11,44.48,BITB,15:15:00
2026-05-11,44.53,BITB,15:30:00
2026-05-11,44.52,BITB,15:45:00
2026-05-12,43.84,BITB,09:30:00
2026-05-12,43.67,BITB,09:45:00
2026-05-12,43.81,BITB,10:00:00
2026-05-12,43.78,BITB,10:15:00
2026-05-12,43.86,BITB,10:30:00
2026-05-12,43.72,BITB,10:45:00
2026-05-12,43.75,BITB,11:00:00
2026-05-12,43.53,BITB,11:15:00
2026-05-12,43.63,BITB,11:30:00
2026-05-12,43.59,BITB,11:45:00
2026-05-12,43.63,BITB,12:00:00
2026-05-12,43.58,BITB,12:15:00
2026-05-12,43.56,BITB,12:30:00
2026-05-12,43.42,BITB,12:45:00
2026-05-12,43.55,BITB,13:00:00
2026-05-12,43.66,BITB,13:15:00
2026-05-12,43.7,BITB,13:30:00
2026-05-12,43.7,BITB,13:45:00
2026-05-12,43.73,BITB,14:00:00
2026-05-12,43.7,BITB,14:15:00
2026-05-12,43.78,BITB,14:30:00
2026-05-12,43.8,BITB,14:45:00
2026-05-12,43.86,BITB,15:00:00
2026-05-12,43.81,BITB,15:15:00
2026-05-12,43.84,BITB,15:30:00
2026-05-12,43.89,BITB,15:45:00
2026-05-13,43.34,BITB,09:30:00
2026-05-13,43.23,BITB,09:45:00
2026-05-13,43.25,BITB,10:00:00
2026-05-13,43.34,BITB,10:15:00
2026-05-13,43.25,BITB,10:30:00
2026-05-13,43.28,BITB,10:45:00
2026-05-13,43.11,BITB,11:00:00
2026-05-13,43.02,BITB,11:15:00
2026-05-13,43.0,BITB,11:30:00
2026-05-13,42.77,BITB,11:45:00
2026-05-13,42.81,BITB,12:00:00
2026-05-13,42.89,BITB,12:15:00
2026-05-13,42.94,BITB,12:30:00
2026-05-13,42.92,BITB,12:45:00
2026-05-13,43.0,BITB,13:00:00
2026-05-13,43.06,BITB,13:15:00
2026-05-13,43.11,BITB,13:30:00
2026-05-13,43.16,BITB,13:45:00
2026-05-13,43.2,BITB,14:00:00
2026-05-13,43.3,BITB,14:15:00
2026-05-13,43.23,BITB,14:30:00
2026-05-13,43.2,BITB,14:45:00
2026-05-13,43.16,BITB,15:00:00
2026-05-13,43.14,BITB,15:15:00
2026-05-13,43.16,BITB,15:30:00
2026-05-13,43.23,BITB,15:45:00
2026-05-14,43.34,BITB,09:30:00
2026-05-14,43.25,BITB,09:45:00
2026-05-14,43.41,BITB,10:00:00
2026-05-14,43.5,BITB,10:15:00
2026-05-14,43.63,BITB,10:30:00
2026-05-14,43.97,BITB,10:45:00
2026-05-14,43.98,BITB,11:00:00
2026-05-14,43.98,BITB,11:15:00
2026-05-14,44.0,BITB,11:30:00
2026-05-14,44.14,BITB,11:45:00
2026-05-14,44.3,BITB,12:00:00
2026-05-14,44.3,BITB,12:15:00
2026-05-14,44.27,BITB,12:30:00
2026-05-14,44.48,BITB,12:45:00
2026-05-14,44.39,BITB,13:00:00
2026-05-14,44.25,BITB,13:15:00
2026-05-14,44.34,BITB,13:30:00
2026-05-14,44.36,BITB,13:45:00
2026-05-14,44.45,BITB,14:00:00
2026-05-14,44.45,BITB,14:15:00
2026-05-14,44.28,BITB,14:30:00
2026-05-14,44.31,BITB,14:45:00
2026-05-14,44.3,BITB,15:00:00
2026-05-14,44.17,BITB,15:15:00
2026-05-14,44.23,BITB,15:30:00
2026-05-14,44.22,BITB,15:45:00
2026-05-15,42.94,BITB,09:30:00
2026-05-15,42.72,BITB,09:45:00
2026-05-15,43.0,BITB,10:00:00
2026-05-15,42.91,BITB,10:15:00
2026-05-15,42.98,BITB,10:30:00
2026-05-15,42.95,BITB,10:45:00
2026-05-15,43.0,BITB,11:00:00
2026-05-15,42.95,BITB,11:15:00
2026-05-15,42.92,BITB,11:30:00
2026-05-15,42.95,BITB,11:45:00
2026-05-15,42.98,BITB,12:00:00
2026-05-15,43.05,BITB,12:15:00
2026-05-15,43.03,BITB,12:30:00
2026-05-15,43.03,BITB,12:45:00
2026-05-15,43.02,BITB,13:00:00
2026-05-15,43.08,BITB,13:15:00
2026-05-15,43.09,BITB,13:30:00
2026-05-15,43.13,BITB,13:45:00
2026-05-15,43.14,BITB,14:00:00
2026-05-15,43.03,BITB,14:15:00
2026-05-15,43.03,BITB,14:30:00
2026-05-15,43.02,BITB,14:45:00
2026-05-15,42.91,BITB,15:00:00
2026-05-15,42.94,BITB,15:15:00
2026-05-15,42.92,BITB,15:30:00
2026-05-15,42.95,BITB,15:45:00
2026-05-18,41.67,BITB,09:30:00
2026-05-18,41.75,BITB,09:45:00
2026-05-18,41.61,BITB,10:00:00
2026-05-18,41.59,BITB,10:15:00
2026-05-18,41.48,BITB,10:30:00
2026-05-18,41.44,BITB,10:45:00
2026-05-18,41.36,BITB,11:00:00
2026-05-18,41.27,BITB,11:15:00
2026-05-18,41.39,BITB,11:30:00
2026-05-18,41.44,BITB,11:45:00
2026-05-18,41.48,BITB,12:00:00
2026-05-18,41.36,BITB,12:15:00
2026-05-18,41.47,BITB,12:30:00
2026-05-18,41.45,BITB,12:45:00
2026-05-18,41.53,BITB,13:00:00
2026-05-18,41.59,BITB,13:15:00
2026-05-18,41.59,BITB,13:30:00
2026-05-18,41.61,BITB,13:45:00
2026-05-18,41.47,BITB,14:00:00
2026-05-18,41.42,BITB,14:15:00
2026-05-18,41.39,BITB,14:30:00
2026-05-18,41.36,BITB,14:45:00
2026-05-18,41.56,BITB,15:00:00
2026-05-18,41.56,BITB,15:15:00
2026-05-18,41.7,BITB,15:30:00
2026-05-18,41.72,BITB,15:45:00
2026-05-19,41.61,BITB,09:30:00
2026-05-19,41.7,BITB,09:45:00
2026-05-19,41.56,BITB,10:00:00
2026-05-19,41.45,BITB,10:15:00
2026-05-19,41.48,BITB,10:30:00
2026-05-19,41.42,BITB,10:45:00
2026-05-19,41.55,BITB,11:00:00
2026-05-19,41.48,BITB,11:15:00
2026-05-19,41.48,BITB,11:30:00
2026-05-19,41.5,BITB,11:45:00
2026-05-19,41.48,BITB,12:00:00
2026-05-19,41.56,BITB,12:15:00
2026-05-19,41.67,BITB,12:30:00
2026-05-19,41.72,BITB,12:45:00
2026-05-19,41.75,BITB,13:00:00
2026-05-19,41.7,BITB,13:15:00
2026-05-19,41.72,BITB,13:30:00
2026-05-19,41.69,BITB,13:45:00
2026-05-19,41.73,BITB,14:00:00
2026-05-19,41.64,BITB,14:15:00
2026-05-19,41.67,BITB,14:30:00
2026-05-19,41.66,BITB,14:45:00
2026-05-19,41.8,BITB,15:00:00
2026-05-19,41.66,BITB,15:15:00
2026-05-19,41.7,BITB,15:30:00
2026-05-19,41.67,BITB,15:45:00
2026-05-20,41.81,BITB,09:30:00
2026-05-20,41.88,BITB,09:45:00
2026-05-20,41.83,BITB,10:00:00
2026-05-20,42.0,BITB,10:15:00
2026-05-20,41.98,BITB,10:30:00
2026-05-20,42.0,BITB,10:45:00
2026-05-20,41.94,BITB,11:00:00
2026-05-20,42.08,BITB,11:15:00
2026-05-20,42.02,BITB,11:30:00
2026-05-20,42.03,BITB,11:45:00
2026-05-20,42.03,BITB,12:00:00
2026-05-20,41.81,BITB,12:15:00
2026-05-20,41.95,BITB,12:30:00
2026-05-20,41.95,BITB,12:45:00
2026-05-20,41.98,BITB,13:00:00
2026-05-20,42.09,BITB,13:15:00
2026-05-20,42.14,BITB,13:30:00
2026-05-20,42.09,BITB,13:45:00
2026-05-20,42.03,BITB,14:00:00
2026-05-20,42.03,BITB,14:15:00
2026-05-20,42.03,BITB,14:30:00
2026-05-20,42.0,BITB,14:45:00
2026-05-20,42.0,BITB,15:00:00
2026-05-20,42.08,BITB,15:15:00
2026-05-20,42.11,BITB,15:30:00
2026-05-20,42.14,BITB,15:45:00
2026-05-21,41.63,BITB,09:30:00
2026-05-21,41.84,BITB,09:45:00
2026-05-21,41.81,BITB,10:00:00
2026-05-21,41.78,BITB,10:15:00
2026-05-21,41.75,BITB,10:30:00
2026-05-21,41.75,BITB,10:45:00
2026-05-21,41.84,BITB,11:00:00
2026-05-21,41.91,BITB,11:15:00
2026-05-21,41.89,BITB,11:30:00
2026-05-21,41.91,BITB,11:45:00
2026-05-21,41.92,BITB,12:00:00
2026-05-21,41.86,BITB,12:15:00
2026-05-21,41.8,BITB,12:30:00
2026-05-21,41.86,BITB,12:45:00
2026-05-21,42.06,BITB,13:00:00
2026-05-21,42.31,BITB,13:15:00
2026-05-21,42.27,BITB,13:30:00
2026-05-21,42.25,BITB,13:45:00
2026-05-21,42.14,BITB,14:00:00
2026-05-21,42.17,BITB,14:15:00
2026-05-21,42.17,BITB,14:30:00
2026-05-21,41.98,BITB,14:45:00
2026-05-21,42.06,BITB,15:00:00
2026-05-21,42.06,BITB,15:15:00
2026-05-21,42.11,BITB,15:30:00
2026-05-21,42.14,BITB,15:45:00
2026-05-22,41.88,BITB,09:30:00
2026-05-22,41.92,BITB,09:45:00
2026-05-22,41.8,BITB,10:00:00
2026-05-22,41.67,BITB,10:15:00
2026-05-22,41.66,BITB,10:30:00
2026-05-22,41.63,BITB,10:45:00
2026-05-22,41.64,BITB,11:00:00
2026-05-22,41.72,BITB,11:15:00
2026-05-22,41.61,BITB,11:30:00
2026-05-22,41.64,BITB,11:45:00
2026-05-22,41.69,BITB,12:00:00
2026-05-22,41.73,BITB,12:15:00
2026-05-22,41.7,BITB,12:30:00
2026-05-22,41.73,BITB,12:45:00
2026-05-22,41.75,BITB,13:00:00
2026-05-22,41.81,BITB,13:15:00
2026-05-22,41.75,BITB,13:30:00
2026-05-22,41.61,BITB,13:45:00
2026-05-22,41.67,BITB,14:00:00
2026-05-22,41.66,BITB,14:15:00
2026-05-22,41.53,BITB,14:30:00
2026-05-22,41.5,BITB,14:45:00
2026-05-22,41.34,BITB,15:00:00
2026-05-22,41.36,BITB,15:15:00
2026-05-22,41.11,BITB,15:30:00
2026-05-22,41.14,BITB,15:45:00
2026-05-26,41.7,BITB,09:30:00
2026-05-26,41.89,BITB,09:45:00
2026-05-26,42.0,BITB,10:00:00
2026-05-26,42.3,BITB,10:15:00
2026-05-26,41.64,BITB,10:30:00
2026-05-26,41.7,BITB,10:45:00
2026-05-26,41.73,BITB,11:00:00
2026-05-26,41.56,BITB,11:15:00
2026-05-26,41.48,BITB,11:30:00
2026-05-26,41.48,BITB,11:45:00
2026-05-26,41.39,BITB,12:00:00
2026-05-26,41.5,BITB,12:15:00
2026-05-26,41.5,BITB,12:30:00
2026-05-26,41.52,BITB,12:45:00
2026-05-26,41.48,BITB,13:00:00
2026-05-26,41.23,BITB,13:15:00
2026-05-26,41.2,BITB,13:30:00
2026-05-26,41.17,BITB,13:45:00
2026-05-26,41.2,BITB,14:00:00
2026-05-26,41.25,BITB,14:15:00
2026-05-26,41.14,BITB,14:30:00
2026-05-26,41.11,BITB,14:45:00
2026-05-26,41.11,BITB,15:00:00
2026-05-26,41.14,BITB,15:15:00
2026-05-26,41.2,BITB,15:30:00
2026-05-26,41.2,BITB,15:45:00
2026-05-27,40.59,BITB,09:30:00
2026-05-27,40.67,BITB,09:45:00
2026-05-27,40.64,BITB,10:00:00
2026-05-27,40.56,BITB,10:15:00
2026-05-27,40.69,BITB,10:30:00
2026-05-27,40.66,BITB,10:45:00
2026-05-27,40.7,BITB,11:00:00
2026-05-27,40.84,BITB,11:15:00
2026-05-27,40.75,BITB,11:30:00
2026-05-27,40.83,BITB,11:45:00
2026-05-27,40.8,BITB,12:00:00
2026-05-27,40.7,BITB,12:15:00
2026-05-27,40.73,BITB,12:30:00
2026-05-27,40.81,BITB,12:45:00
2026-05-27,40.64,BITB,13:00:00
2026-05-27,40.64,BITB,13:15:00
2026-05-27,40.59,BITB,13:30:00
2026-05-27,40.56,BITB,13:45:00
2026-05-27,40.5,BITB,14:00:00
2026-05-27,40.59,BITB,14:15:00
2026-05-27,40.64,BITB,14:30:00
2026-05-27,40.66,BITB,14:45:00
2026-05-27,40.67,BITB,15:00:00
2026-05-27,40.67,BITB,15:15:00
2026-05-27,40.66,BITB,15:30:00
2026-05-27,40.67,BITB,15:45:00
2026-05-28,39.44,BITB,09:30:00
2026-05-28,39.58,BITB,09:45:00
2026-05-28,39.73,BITB,10:00:00
2026-05-28,39.53,BITB,10:15:00
2026-05-28,39.48,BITB,10:30:00
2026-05-28,39.58,BITB,10:45:00
2026-05-28,39.48,BITB,11:00:00
2026-05-28,39.53,BITB,11:15:00
2026-05-28,39.56,BITB,11:30:00
2026-05-28,39.52,BITB,11:45:00
2026-05-28,39.59,BITB,12:00:00
2026-05-28,39.64,BITB,12:15:00
2026-05-28,39.75,BITB,12:30:00
2026-05-28,39.81,BITB,12:45:00
2026-05-28,39.83,BITB,13:00:00
2026-05-28,39.75,BITB,13:15:00
2026-05-28,39.83,BITB,13:30:00
2026-05-28,39.86,BITB,13:45:00
2026-05-28,39.92,BITB,14:00:00
2026-05-28,39.89,BITB,14:15:00
2026-05-28,39.89,BITB,14:30:00
2026-05-28,39.92,BITB,14:45:00
2026-05-28,39.83,BITB,15:00:00
2026-05-28,39.86,BITB,15:15:00
2026-05-28,39.8,BITB,15:30:00
2026-05-28,39.81,BITB,15:45:00
2026-05-29,39.73,BITB,09:30:00
2026-05-29,39.67,BITB,09:45:00
2026-05-29,39.58,BITB,10:00:00
2026-05-29,39.42,BITB,10:15:00
2026-05-29,39.38,BITB,10:30:00
2026-05-29,39.61,BITB,10:45:00
2026-05-29,39.95,BITB,11:00:00
2026-05-29,39.92,BITB,11:15:00
2026-05-29,40.03,BITB,11:30:00
2026-05-29,40.02,BITB,11:45:00
2026-05-29,40.09,BITB,12:00:00
2026-05-29,39.92,BITB,12:15:00
2026-05-29,40.17,BITB,12:30:00
2026-05-29,40.14,BITB,12:45:00
2026-05-29,40.25,BITB,13:00:00
2026-05-29,40.25,BITB,13:15:00
2026-05-29,40.25,BITB,13:30:00
2026-05-29,40.11,BITB,13:45:00
2026-05-29,40.16,BITB,14:00:00
2026-05-29,40.02,BITB,14:15:00
2026-05-29,40.02,BITB,14:30:00
2026-05-29,39.78,BITB,14:45:00
2026-05-29,39.81,BITB,15:00:00
2026-05-29,39.77,BITB,15:15:00
2026-05-29,39.97,BITB,15:30:00
2026-05-29,39.86,BITB,15:45:00
2026-06-01,38.81,BITB,09:30:00
2026-06-01,38.84,BITB,09:45:00
2026-06-01,38.83,BITB,10:00:00
2026-06-01,38.75,BITB,10:15:00
2026-06-01,38.73,BITB,10:30:00
2026-06-01,38.78,BITB,10:45:00
2026-06-01,38.75,BITB,11:00:00
2026-06-01,38.5,BITB,11:15:00
2026-06-01,38.61,BITB,11:30:00
2026-06-01,38.53,BITB,11:45:00
2026-06-01,38.39,BITB,12:00:00
2026-06-01,38.52,BITB,12:15:00
2026-06-01,38.67,BITB,12:30:00
2026-06-01,38.78,BITB,12:45:00
2026-06-01,38.81,BITB,13:00:00
2026-06-01,38.89,BITB,13:15:00
2026-06-01,38.89,BITB,13:30:00
2026-06-01,38.84,BITB,13:45:00
2026-06-01,38.75,BITB,14:00:00
2026-06-01,38.78,BITB,14:15:00
2026-06-01,38.77,BITB,14:30:00
2026-06-01,38.75,BITB,14:45:00
2026-06-01,38.72,BITB,15:00:00
2026-06-01,38.81,BITB,15:15:00
2026-06-01,38.84,BITB,15:30:00
2026-06-01,38.81,BITB,15:45:00
2026-06-02,37.34,BITB,09:30:00
2026-06-02,37.3,BITB,09:45:00
2026-06-02,37.16,BITB,10:00:00
2026-06-02,36.78,BITB,10:15:00
2026-06-02,36.86,BITB,10:30:00
2026-06-02,36.84,BITB,10:45:00
2026-06-02,36.75,BITB,11:00:00
2026-06-02,36.55,BITB,11:15:00
2026-06-02,36.45,BITB,11:30:00
2026-06-02,36.47,BITB,11:45:00
2026-06-02,36.81,BITB,12:00:00
2026-06-02,36.77,BITB,12:15:00
2026-06-02,36.64,BITB,12:30:00
2026-06-02,36.55,BITB,12:45:00
2026-06-02,36.59,BITB,13:00:00
2026-06-02,36.7,BITB,13:15:00
2026-06-02,36.58,BITB,13:30:00
2026-06-02,36.56,BITB,13:45:00
2026-06-02,36.64,BITB,14:00:00
2026-06-02,36.48,BITB,14:15:00
2026-06-02,36.48,BITB,14:30:00
2026-06-02,36.5,BITB,14:45:00
2026-06-02,36.5,BITB,15:00:00
2026-06-02,36.3,BITB,15:15:00
2026-06-02,36.28,BITB,15:30:00
2026-06-02,36.48,BITB,15:45:00
2026-06-03,36.19,BITB,09:30:00
2026-06-03,36.28,BITB,09:45:00
2026-06-03,36.28,BITB,10:00:00
2026-06-03,36.2,BITB,10:15:00
2026-06-03,36.17,BITB,10:30:00
2026-06-03,36.25,BITB,10:45:00
2026-06-03,36.05,BITB,11:00:00
2026-06-03,36.11,BITB,11:15:00
2026-06-03,35.94,BITB,11:30:00
2026-06-03,35.83,BITB,11:45:00
2026-06-03,35.86,BITB,12:00:00
2026-06-03,35.56,BITB,12:15:00
2026-06-03,35.73,BITB,12:30:00
2026-06-03,35.81,BITB,12:45:00
2026-06-03,35.64,BITB,13:00:00
2026-06-03,35.75,BITB,13:15:00
2026-06-03,35.84,BITB,13:30:00
2026-06-03,35.77,BITB,13:45:00
2026-06-03,35.77,BITB,14:00:00
2026-06-03,35.73,BITB,14:15:00
2026-06-03,35.81,BITB,14:30:00
2026-06-03,35.8,BITB,14:45:00
2026-06-03,35.77,BITB,15:00:00
2026-06-03,35.59,BITB,15:15:00
2026-06-03,35.66,BITB,15:30:00
2026-06-03,35.48,BITB,15:45:00
2026-06-04,34.61,BITB,09:30:00
2026-06-04,34.84,BITB,09:45:00
2026-06-04,34.92,BITB,10:00:00
2026-06-04,34.8,BITB,10:15:00
2026-06-04,34.72,BITB,10:30:00
2026-06-04,34.69,BITB,10:45:00
2026-06-04,34.92,BITB,11:00:00
2026-06-04,34.7,BITB,11:15:00
2026-06-04,34.63,BITB,11:30:00
2026-06-04,34.66,BITB,11:45:00
2026-06-04,34.52,BITB,12:00:00
2026-06-04,34.52,BITB,12:15:00
2026-06-04,34.59,BITB,12:30:00
2026-06-04,34.47,BITB,12:45:00
2026-06-04,34.48,BITB,13:00:00
2026-06-04,34.28,BITB,13:15:00
2026-06-04,34.19,BITB,13:30:00
2026-06-04,34.45,BITB,13:45:00
2026-06-04,34.25,BITB,14:00:00
2026-06-04,34.64,BITB,14:15:00
2026-06-04,34.66,BITB,14:30:00
2026-06-04,34.59,BITB,14:45:00
2026-06-04,34.64,BITB,15:00:00
2026-06-04,34.77,BITB,15:15:00
2026-06-04,34.59,BITB,15:30:00
2026-06-04,34.5,BITB,15:45:00
2026-06-05,33.55,BITB,09:30:00
2026-06-05,32.95,BITB,09:45:00
2026-06-05,33.03,BITB,10:00:00
2026-06-05,32.77,BITB,10:15:00
2026-06-05,33.02,BITB,10:30:00
2026-06-05,33.03,BITB,10:45:00
2026-06-05,32.88,BITB,11:00:00
2026-06-05,32.98,BITB,11:15:00
2026-06-05,32.77,BITB,11:30:00
2026-06-05,32.78,BITB,11:45:00
2026-06-05,33.03,BITB,12:00:00
2026-06-05,33.06,BITB,12:15:00
2026-06-05,33.0,BITB,12:30:00
2026-06-05,33.3,BITB,12:45:00
2026-06-05,33.11,BITB,13:00:00
2026-06-05,32.92,BITB,13:15:00
2026-06-05,32.95,BITB,13:30:00
2026-06-05,32.98,BITB,13:45:00
2026-06-05,32.89,BITB,14:00:00
2026-06-05,32.64,BITB,14:15:00
2026-06-05,32.53,BITB,14:30:00
2026-06-05,32.23,BITB,14:45:00
2026-06-05,32.23,BITB,15:00:00
2026-06-05,32.48,BITB,15:15:00
2026-06-05,32.42,BITB,15:30:00
2026-06-05,32.73,BITB,15:45:00
2026-06-08,34.45,BITB,09:30:00
2026-06-08,34.59,BITB,09:45:00
2026-06-08,34.66,BITB,10:00:00
2026-06-08,34.61,BITB,10:15:00
2026-06-08,34.69,BITB,10:30:00
2026-06-08,34.72,BITB,10:45:00
2026-06-08,34.84,BITB,11:00:00
2026-06-08,34.73,BITB,11:15:00
2026-06-08,34.67,BITB,11:30:00
2026-06-08,34.61,BITB,11:45:00
2026-06-08,34.61,BITB,12:00:00
2026-06-08,34.66,BITB,12:15:00
2026-06-08,34.56,BITB,12:30:00
2026-06-08,34.47,BITB,12:45:00
2026-06-08,34.39,BITB,13:00:00
2026-06-08,34.53,BITB,13:15:00
2026-06-08,34.39,BITB,13:30:00
2026-06-08,34.48,BITB,13:45:00
2026-06-08,34.5,BITB,14:00:00
2026-06-08,34.53,BITB,14:15:00
2026-06-08,34.45,BITB,14:30:00
2026-06-08,34.44,BITB,14:45:00
2026-06-08,34.42,BITB,15:00:00
2026-06-08,34.48,BITB,15:15:00
2026-06-08,34.45,BITB,15:30:00
2026-06-08,34.39,BITB,15:45:00
2026-04-27,21.96,BRRR,09:30:00
2026-04-27,21.93,BRRR,09:45:00
2026-04-27,21.96,BRRR,10:00:00
2026-04-27,21.96,BRRR,10:15:00
2026-04-27,22.05,BRRR,10:30:00
2026-04-27,21.95,BRRR,10:45:00
2026-04-27,21.83,BRRR,11:00:00
2026-04-27,21.66,BRRR,11:15:00
2026-04-27,21.73,BRRR,11:30:00
2026-04-27,21.65,BRRR,11:45:00
2026-04-27,21.65,BRRR,12:00:00
2026-04-27,21.65,BRRR,12:15:00
2026-04-27,21.59,BRRR,12:30:00
2026-04-27,21.61,BRRR,12:45:00
2026-04-27,21.63,BRRR,13:00:00
2026-04-27,21.66,BRRR,13:15:00
2026-04-27,21.68,BRRR,13:30:00
2026-04-27,21.63,BRRR,13:45:00
2026-04-27,21.65,BRRR,14:00:00
2026-04-27,21.63,BRRR,14:15:00
2026-04-27,21.65,BRRR,14:30:00
2026-04-27,21.66,BRRR,14:45:00
2026-04-27,21.69,BRRR,15:00:00
2026-04-27,21.61,BRRR,15:15:00
2026-04-27,21.66,BRRR,15:30:00
2026-04-27,21.69,BRRR,15:45:00
2026-04-28,21.52,BRRR,09:30:00
2026-04-28,21.5,BRRR,09:45:00
2026-04-28,21.45,BRRR,10:00:00
2026-04-28,21.38,BRRR,10:15:00
2026-04-28,21.38,BRRR,10:30:00
2026-04-28,21.41,BRRR,10:45:00
2026-04-28,21.43,BRRR,11:00:00
2026-04-28,21.44,BRRR,11:15:00
2026-04-28,21.41,BRRR,11:30:00
2026-04-28,21.45,BRRR,11:45:00
2026-04-28,21.44,BRRR,12:00:00
2026-04-28,21.41,BRRR,12:15:00
2026-04-28,21.41,BRRR,12:30:00
2026-04-28,21.46,BRRR,12:45:00
2026-04-28,21.44,BRRR,13:00:00
2026-04-28,21.45,BRRR,13:15:00
2026-04-28,21.48,BRRR,13:30:00
2026-04-28,21.48,BRRR,13:45:00
2026-04-28,21.46,BRRR,14:00:00
2026-04-28,21.5,BRRR,14:15:00
2026-04-28,21.48,BRRR,14:30:00
2026-04-28,21.51,BRRR,14:45:00
2026-04-28,21.45,BRRR,15:00:00
2026-04-28,21.48,BRRR,15:15:00
2026-04-28,21.52,BRRR,15:30:00
2026-04-28,21.52,BRRR,15:45:00
2026-04-29,21.59,BRRR,09:30:00
2026-04-29,21.65,BRRR,09:45:00
2026-04-29,21.59,BRRR,10:00:00
2026-04-29,21.63,BRRR,10:15:00
2026-04-29,21.59,BRRR,10:30:00
2026-04-29,21.59,BRRR,10:45:00
2026-04-29,21.5,BRRR,11:00:00
2026-04-29,21.48,BRRR,11:15:00
2026-04-29,21.41,BRRR,11:30:00
2026-04-29,21.41,BRRR,11:45:00
2026-04-29,21.43,BRRR,12:00:00
2026-04-29,21.38,BRRR,12:15:00
2026-04-29,21.4,BRRR,12:30:00
2026-04-29,21.37,BRRR,12:45:00
2026-04-29,21.41,BRRR,13:00:00
2026-04-29,21.4,BRRR,13:15:00
2026-04-29,21.43,BRRR,13:30:00
2026-04-29,21.59,BRRR,13:45:00
2026-04-29,21.2,BRRR,14:00:00
2026-04-29,21.19,BRRR,14:15:00
2026-04-29,21.2,BRRR,14:30:00
2026-04-29,21.29,BRRR,14:45:00
2026-04-29,21.3,BRRR,15:00:00
2026-04-29,21.29,BRRR,15:15:00
2026-04-29,21.26,BRRR,15:30:00
2026-04-29,21.29,BRRR,15:45:00
2026-04-30,21.61,BRRR,09:30:00
2026-04-30,21.55,BRRR,09:45:00
2026-04-30,21.52,BRRR,10:00:00
2026-04-30,21.52,BRRR,10:15:00
2026-04-30,21.52,BRRR,10:30:00
2026-04-30,21.51,BRRR,10:45:00
2026-04-30,21.55,BRRR,11:00:00
2026-04-30,21.58,BRRR,11:15:00
2026-04-30,21.55,BRRR,11:30:00
2026-04-30,21.55,BRRR,11:45:00
2026-04-30,21.55,BRRR,12:00:00
2026-04-30,21.52,BRRR,12:15:00
2026-04-30,21.52,BRRR,12:30:00
2026-04-30,21.5,BRRR,12:45:00
2026-04-30,21.48,BRRR,13:00:00
2026-04-30,21.46,BRRR,13:15:00
2026-04-30,21.46,BRRR,13:30:00
2026-04-30,21.5,BRRR,13:45:00
2026-04-30,21.5,BRRR,14:00:00
2026-04-30,21.51,BRRR,14:15:00
2026-04-30,21.54,BRRR,14:30:00
2026-04-30,21.52,BRRR,14:45:00
2026-04-30,21.55,BRRR,15:00:00
2026-04-30,21.56,BRRR,15:15:00
2026-04-30,21.55,BRRR,15:30:00
2026-04-30,21.54,BRRR,15:45:00
2026-05-01,22.09,BRRR,09:30:00
2026-05-01,22.23,BRRR,09:45:00
2026-05-01,22.2,BRRR,10:00:00
2026-05-01,22.09,BRRR,10:15:00
2026-05-01,22.06,BRRR,10:30:00
2026-05-01,22.12,BRRR,10:45:00
2026-05-01,22.15,BRRR,11:00:00
2026-05-01,22.16,BRRR,11:15:00
2026-05-01,22.2,BRRR,11:30:00
2026-05-01,22.13,BRRR,11:45:00
2026-05-01,22.12,BRRR,12:00:00
2026-05-01,22.11,BRRR,12:15:00
2026-05-01,22.09,BRRR,12:30:00
2026-05-01,22.08,BRRR,12:45:00
2026-05-01,22.11,BRRR,13:00:00
2026-05-01,22.08,BRRR,13:15:00
2026-05-01,22.13,BRRR,13:30:00
2026-05-01,22.16,BRRR,13:45:00
2026-05-01,22.16,BRRR,14:00:00
2026-05-01,22.19,BRRR,14:15:00
2026-05-01,22.13,BRRR,14:30:00
2026-05-01,22.13,BRRR,14:45:00
2026-05-01,22.16,BRRR,15:00:00
2026-05-01,22.13,BRRR,15:15:00
2026-05-01,22.11,BRRR,15:30:00
2026-05-01,22.12,BRRR,15:45:00
2026-05-04,22.25,BRRR,09:30:00
2026-05-04,22.22,BRRR,09:45:00
2026-05-04,22.27,BRRR,10:00:00
2026-05-04,22.36,BRRR,10:15:00
2026-05-04,22.45,BRRR,10:30:00
2026-05-04,22.63,BRRR,10:45:00
2026-05-04,22.61,BRRR,11:00:00
2026-05-04,22.5,BRRR,11:15:00
2026-05-04,22.55,BRRR,11:30:00
2026-05-04,22.58,BRRR,11:45:00
2026-05-04,22.48,BRRR,12:00:00
2026-05-04,22.65,BRRR,12:15:00
2026-05-04,22.65,BRRR,12:30:00
2026-05-04,22.58,BRRR,12:45:00
2026-05-04,22.68,BRRR,13:00:00
2026-05-04,22.7,BRRR,13:15:00
2026-05-04,22.66,BRRR,13:30:00
2026-05-04,22.68,BRRR,13:45:00
2026-05-04,22.68,BRRR,14:00:00
2026-05-04,22.65,BRRR,14:15:00
2026-05-04,22.62,BRRR,14:30:00
2026-05-04,22.61,BRRR,14:45:00
2026-05-04,22.59,BRRR,15:00:00
2026-05-04,22.54,BRRR,15:15:00
2026-05-04,22.56,BRRR,15:30:00
2026-05-04,22.58,BRRR,15:45:00
2026-05-05,22.96,BRRR,09:30:00
2026-05-05,22.95,BRRR,09:45:00
2026-05-05,22.88,BRRR,10:00:00
2026-05-05,22.96,BRRR,10:15:00
2026-05-05,22.91,BRRR,10:30:00
2026-05-05,22.95,BRRR,10:45:00
2026-05-05,23.02,BRRR,11:00:00
2026-05-05,23.04,BRRR,11:15:00
2026-05-05,23.04,BRRR,11:30:00
2026-05-05,23.01,BRRR,11:45:00
2026-05-05,22.98,BRRR,12:00:00
2026-05-05,22.96,BRRR,12:15:00
2026-05-05,22.88,BRRR,12:30:00
2026-05-05,22.94,BRRR,12:45:00
2026-05-05,22.95,BRRR,13:00:00
2026-05-05,22.96,BRRR,13:15:00
2026-05-05,22.94,BRRR,13:30:00
2026-05-05,22.93,BRRR,13:45:00
2026-05-05,23.01,BRRR,14:00:00
2026-05-05,22.98,BRRR,14:15:00
2026-05-05,23.0,BRRR,14:30:00
2026-05-05,23.0,BRRR,14:45:00
2026-05-05,22.98,BRRR,15:00:00
2026-05-05,23.0,BRRR,15:15:00
2026-05-05,23.04,BRRR,15:30:00
2026-05-05,23.02,BRRR,15:45:00
2026-05-06,23.11,BRRR,09:30:00
2026-05-06,23.04,BRRR,09:45:00
2026-05-06,22.98,BRRR,10:00:00
2026-05-06,23.02,BRRR,10:15:00
2026-05-06,23.09,BRRR,10:30:00
2026-05-06,22.98,BRRR,10:45:00
2026-05-06,22.95,BRRR,11:00:00
2026-05-06,23.02,BRRR,11:15:00
2026-05-06,23.02,BRRR,11:30:00
2026-05-06,23.04,BRRR,11:45:00
2026-05-06,23.05,BRRR,12:00:00
2026-05-06,22.98,BRRR,12:15:00
2026-05-06,23.04,BRRR,12:30:00
2026-05-06,23.02,BRRR,12:45:00
2026-05-06,23.04,BRRR,13:00:00
2026-05-06,22.96,BRRR,13:15:00
2026-05-06,23.0,BRRR,13:30:00
2026-05-06,22.96,BRRR,13:45:00
2026-05-06,22.98,BRRR,14:00:00
2026-05-06,22.96,BRRR,14:15:00
2026-05-06,22.95,BRRR,14:30:00
2026-05-06,22.94,BRRR,14:45:00
2026-05-06,22.91,BRRR,15:00:00
2026-05-06,22.94,BRRR,15:15:00
2026-05-06,22.96,BRRR,15:30:00
2026-05-06,22.97,BRRR,15:45:00
2026-05-07,22.71,BRRR,09:30:00
2026-05-07,22.7,BRRR,09:45:00
2026-05-07,22.75,BRRR,10:00:00
2026-05-07,22.68,BRRR,10:15:00
2026-05-07,22.59,BRRR,10:30:00
2026-05-07,22.61,BRRR,10:45:00
2026-05-07,22.59,BRRR,11:00:00
2026-05-07,22.51,BRRR,11:15:00
2026-05-07,22.55,BRRR,11:30:00
2026-05-07,22.52,BRRR,11:45:00
2026-05-07,22.51,BRRR,12:00:00
2026-05-07,22.55,BRRR,12:15:00
2026-05-07,22.52,BRRR,12:30:00
2026-05-07,22.5,BRRR,12:45:00
2026-05-07,22.52,BRRR,13:00:00
2026-05-07,22.46,BRRR,13:15:00
2026-05-07,22.52,BRRR,13:30:00
2026-05-07,22.59,BRRR,13:45:00
2026-05-07,22.61,BRRR,14:00:00
2026-05-07,22.59,BRRR,14:15:00
2026-05-07,22.59,BRRR,14:30:00
2026-05-07,22.62,BRRR,14:45:00
2026-05-07,22.61,BRRR,15:00:00
2026-05-07,22.55,BRRR,15:15:00
2026-05-07,22.59,BRRR,15:30:00
2026-05-07,22.6,BRRR,15:45:00
2026-05-08,22.44,BRRR,09:30:00
2026-05-08,22.45,BRRR,09:45:00
2026-05-08,22.54,BRRR,10:00:00
2026-05-08,22.56,BRRR,10:15:00
2026-05-08,22.62,BRRR,10:30:00
2026-05-08,22.59,BRRR,10:45:00
2026-05-08,22.52,BRRR,11:00:00
2026-05-08,22.48,BRRR,11:15:00
2026-05-08,22.55,BRRR,11:30:00
2026-05-08,22.61,BRRR,11:45:00
2026-05-08,22.55,BRRR,12:00:00
2026-05-08,22.55,BRRR,12:15:00
2026-05-08,22.5,BRRR,12:30:00
2026-05-08,22.5,BRRR,12:45:00
2026-05-08,22.52,BRRR,13:00:00
2026-05-08,22.56,BRRR,13:15:00
2026-05-08,22.61,BRRR,13:30:00
2026-05-08,22.58,BRRR,13:45:00
2026-05-08,22.62,BRRR,14:00:00
2026-05-08,22.63,BRRR,14:15:00
2026-05-08,22.61,BRRR,14:30:00
2026-05-08,22.59,BRRR,14:45:00
2026-05-08,22.58,BRRR,15:00:00
2026-05-08,22.56,BRRR,15:15:00
2026-05-08,22.59,BRRR,15:30:00
2026-05-08,22.61,BRRR,15:45:00
2026-05-11,22.86,BRRR,09:30:00
2026-05-11,22.85,BRRR,09:45:00
2026-05-11,22.88,BRRR,10:00:00
2026-05-11,22.76,BRRR,10:15:00
2026-05-11,22.77,BRRR,10:30:00
2026-05-11,22.81,BRRR,10:45:00
2026-05-11,22.84,BRRR,11:00:00
2026-05-11,22.94,BRRR,11:15:00
2026-05-11,22.9,BRRR,11:30:00
2026-05-11,22.96,BRRR,11:45:00
2026-05-11,23.06,BRRR,12:00:00
2026-05-11,23.06,BRRR,12:15:00
2026-05-11,23.01,BRRR,12:30:00
2026-05-11,23.01,BRRR,12:45:00
2026-05-11,22.98,BRRR,13:00:00
2026-05-11,23.02,BRRR,13:15:00
2026-05-11,23.12,BRRR,13:30:00
2026-05-11,23.11,BRRR,13:45:00
2026-05-11,23.12,BRRR,14:00:00
2026-05-11,23.13,BRRR,14:15:00
2026-05-11,23.12,BRRR,14:30:00
2026-05-11,23.09,BRRR,14:45:00
2026-05-11,23.11,BRRR,15:00:00
2026-05-11,23.09,BRRR,15:15:00
2026-05-11,23.13,BRRR,15:30:00
2026-05-11,23.11,BRRR,15:45:00
2026-05-12,22.77,BRRR,09:30:00
2026-05-12,22.69,BRRR,09:45:00
2026-05-12,22.76,BRRR,10:00:00
2026-05-12,22.73,BRRR,10:15:00
2026-05-12,22.77,BRRR,10:30:00
2026-05-12,22.7,BRRR,10:45:00
2026-05-12,22.73,BRRR,11:00:00
2026-05-12,22.62,BRRR,11:15:00
2026-05-12,22.66,BRRR,11:30:00
2026-05-12,22.65,BRRR,11:45:00
2026-05-12,22.66,BRRR,12:00:00
2026-05-12,22.63,BRRR,12:15:00
2026-05-12,22.62,BRRR,12:30:00
2026-05-12,22.55,BRRR,12:45:00
2026-05-12,22.62,BRRR,13:00:00
2026-05-12,22.68,BRRR,13:15:00
2026-05-12,22.7,BRRR,13:30:00
2026-05-12,22.7,BRRR,13:45:00
2026-05-12,22.7,BRRR,14:00:00
2026-05-12,22.7,BRRR,14:15:00
2026-05-12,22.73,BRRR,14:30:00
2026-05-12,22.75,BRRR,14:45:00
2026-05-12,22.79,BRRR,15:00:00
2026-05-12,22.76,BRRR,15:15:00
2026-05-12,22.77,BRRR,15:30:00
2026-05-12,22.79,BRRR,15:45:00
2026-05-13,22.51,BRRR,09:30:00
2026-05-13,22.45,BRRR,09:45:00
2026-05-13,22.46,BRRR,10:00:00
2026-05-13,22.51,BRRR,10:15:00
2026-05-13,22.46,BRRR,10:30:00
2026-05-13,22.48,BRRR,10:45:00
2026-05-13,22.38,BRRR,11:00:00
2026-05-13,22.34,BRRR,11:15:00
2026-05-13,22.34,BRRR,11:30:00
2026-05-13,22.21,BRRR,11:45:00
2026-05-13,22.23,BRRR,12:00:00
2026-05-13,22.27,BRRR,12:15:00
2026-05-13,22.3,BRRR,12:30:00
2026-05-13,22.3,BRRR,12:45:00
2026-05-13,22.34,BRRR,13:00:00
2026-05-13,22.37,BRRR,13:15:00
2026-05-13,22.38,BRRR,13:30:00
2026-05-13,22.41,BRRR,13:45:00
2026-05-13,22.45,BRRR,14:00:00
2026-05-13,22.48,BRRR,14:15:00
2026-05-13,22.45,BRRR,14:30:00
2026-05-13,22.44,BRRR,14:45:00
2026-05-13,22.41,BRRR,15:00:00
2026-05-13,22.41,BRRR,15:15:00
2026-05-13,22.41,BRRR,15:30:00
2026-05-13,22.45,BRRR,15:45:00
2026-05-14,22.52,BRRR,09:30:00
2026-05-14,22.48,BRRR,09:45:00
2026-05-14,22.55,BRRR,10:00:00
2026-05-14,22.59,BRRR,10:15:00
2026-05-14,22.66,BRRR,10:30:00
2026-05-14,22.84,BRRR,10:45:00
2026-05-14,22.84,BRRR,11:00:00
2026-05-14,22.84,BRRR,11:15:00
2026-05-14,22.86,BRRR,11:30:00
2026-05-14,22.93,BRRR,11:45:00
2026-05-14,23.01,BRRR,12:00:00
2026-05-14,23.01,BRRR,12:15:00
2026-05-14,23.0,BRRR,12:30:00
2026-05-14,23.09,BRRR,12:45:00
2026-05-14,23.05,BRRR,13:00:00
2026-05-14,22.98,BRRR,13:15:00
2026-05-14,23.02,BRRR,13:30:00
2026-05-14,23.04,BRRR,13:45:00
2026-05-14,23.09,BRRR,14:00:00
2026-05-14,23.09,BRRR,14:15:00
2026-05-14,23.01,BRRR,14:30:00
2026-05-14,23.02,BRRR,14:45:00
2026-05-14,23.01,BRRR,15:00:00
2026-05-14,22.95,BRRR,15:15:00
2026-05-14,22.96,BRRR,15:30:00
2026-05-14,22.96,BRRR,15:45:00
2026-05-15,22.3,BRRR,09:30:00
2026-05-15,22.2,BRRR,09:45:00
2026-05-15,22.34,BRRR,10:00:00
2026-05-15,22.3,BRRR,10:15:00
2026-05-15,22.33,BRRR,10:30:00
2026-05-15,22.31,BRRR,10:45:00
2026-05-15,22.34,BRRR,11:00:00
2026-05-15,22.3,BRRR,11:15:00
2026-05-15,22.3,BRRR,11:30:00
2026-05-15,22.3,BRRR,11:45:00
2026-05-15,22.33,BRRR,12:00:00
2026-05-15,22.36,BRRR,12:15:00
2026-05-15,22.34,BRRR,12:30:00
2026-05-15,22.36,BRRR,12:45:00
2026-05-15,22.34,BRRR,13:00:00
2026-05-15,22.38,BRRR,13:15:00
2026-05-15,22.38,BRRR,13:30:00
2026-05-15,22.4,BRRR,13:45:00
2026-05-15,22.41,BRRR,14:00:00
2026-05-15,22.34,BRRR,14:15:00
2026-05-15,22.34,BRRR,14:30:00
2026-05-15,22.34,BRRR,14:45:00
2026-05-15,22.29,BRRR,15:00:00
2026-05-15,22.3,BRRR,15:15:00
2026-05-15,22.3,BRRR,15:30:00
2026-05-15,22.3,BRRR,15:45:00
2026-05-18,21.65,BRRR,09:30:00
2026-05-18,21.68,BRRR,09:45:00
2026-05-18,21.62,BRRR,10:00:00
2026-05-18,21.59,BRRR,10:15:00
2026-05-18,21.55,BRRR,10:30:00
2026-05-18,21.52,BRRR,10:45:00
2026-05-18,21.48,BRRR,11:00:00
2026-05-18,21.44,BRRR,11:15:00
2026-05-18,21.5,BRRR,11:30:00
2026-05-18,21.52,BRRR,11:45:00
2026-05-18,21.55,BRRR,12:00:00
2026-05-18,21.48,BRRR,12:15:00
2026-05-18,21.54,BRRR,12:30:00
2026-05-18,21.52,BRRR,12:45:00
2026-05-18,21.58,BRRR,13:00:00
2026-05-18,21.61,BRRR,13:15:00
2026-05-18,21.61,BRRR,13:30:00
2026-05-18,21.62,BRRR,13:45:00
2026-05-18,21.54,BRRR,14:00:00
2026-05-18,21.51,BRRR,14:15:00
2026-05-18,21.51,BRRR,14:30:00
2026-05-18,21.48,BRRR,14:45:00
2026-05-18,21.59,BRRR,15:00:00
2026-05-18,21.59,BRRR,15:15:00
2026-05-18,21.66,BRRR,15:30:00
2026-05-18,21.67,BRRR,15:45:00
2026-05-19,21.62,BRRR,09:30:00
2026-05-19,21.66,BRRR,09:45:00
2026-05-19,21.59,BRRR,10:00:00
2026-05-19,21.54,BRRR,10:15:00
2026-05-19,21.54,BRRR,10:30:00
2026-05-19,21.52,BRRR,10:45:00
2026-05-19,21.58,BRRR,11:00:00
2026-05-19,21.55,BRRR,11:15:00
2026-05-19,21.55,BRRR,11:30:00
2026-05-19,21.55,BRRR,11:45:00
2026-05-19,21.55,BRRR,12:00:00
2026-05-19,21.59,BRRR,12:15:00
2026-05-19,21.63,BRRR,12:30:00
2026-05-19,21.66,BRRR,12:45:00
2026-05-19,21.69,BRRR,13:00:00
2026-05-19,21.66,BRRR,13:15:00
2026-05-19,21.66,BRRR,13:30:00
2026-05-19,21.66,BRRR,13:45:00
2026-05-19,21.68,BRRR,14:00:00
2026-05-19,21.63,BRRR,14:15:00
2026-05-19,21.65,BRRR,14:30:00
2026-05-19,21.63,BRRR,14:45:00
2026-05-19,21.71,BRRR,15:00:00
2026-05-19,21.63,BRRR,15:15:00
2026-05-19,21.66,BRRR,15:30:00
2026-05-19,21.65,BRRR,15:45:00
2026-05-20,21.71,BRRR,09:30:00
2026-05-20,21.76,BRRR,09:45:00
2026-05-20,21.73,BRRR,10:00:00
2026-05-20,21.8,BRRR,10:15:00
2026-05-20,21.8,BRRR,10:30:00
2026-05-20,21.81,BRRR,10:45:00
2026-05-20,21.77,BRRR,11:00:00
2026-05-20,21.86,BRRR,11:15:00
2026-05-20,21.83,BRRR,11:30:00
2026-05-20,21.83,BRRR,11:45:00
2026-05-20,21.84,BRRR,12:00:00
2026-05-20,21.71,BRRR,12:15:00
2026-05-20,21.79,BRRR,12:30:00
2026-05-20,21.79,BRRR,12:45:00
2026-05-20,21.8,BRRR,13:00:00
2026-05-20,21.86,BRRR,13:15:00
2026-05-20,21.88,BRRR,13:30:00
2026-05-20,21.86,BRRR,13:45:00
2026-05-20,21.84,BRRR,14:00:00
2026-05-20,21.84,BRRR,14:15:00
2026-05-20,21.83,BRRR,14:30:00
2026-05-20,21.8,BRRR,14:45:00
2026-05-20,21.81,BRRR,15:00:00
2026-05-20,21.86,BRRR,15:15:00
2026-05-20,21.88,BRRR,15:30:00
2026-05-20,21.88,BRRR,15:45:00
2026-05-21,21.62,BRRR,09:30:00
2026-05-21,21.73,BRRR,09:45:00
2026-05-21,21.71,BRRR,10:00:00
2026-05-21,21.7,BRRR,10:15:00
2026-05-21,21.69,BRRR,10:30:00
2026-05-21,21.69,BRRR,10:45:00
2026-05-21,21.73,BRRR,11:00:00
2026-05-21,21.77,BRRR,11:15:00
2026-05-21,21.76,BRRR,11:30:00
2026-05-21,21.77,BRRR,11:45:00
2026-05-21,21.77,BRRR,12:00:00
2026-05-21,21.73,BRRR,12:15:00
2026-05-21,21.7,BRRR,12:30:00
2026-05-21,21.75,BRRR,12:45:00
2026-05-21,21.84,BRRR,13:00:00
2026-05-21,21.96,BRRR,13:15:00
2026-05-21,21.95,BRRR,13:30:00
2026-05-21,21.94,BRRR,13:45:00
2026-05-21,21.88,BRRR,14:00:00
2026-05-21,21.91,BRRR,14:15:00
2026-05-21,21.91,BRRR,14:30:00
2026-05-21,21.8,BRRR,14:45:00
2026-05-21,21.84,BRRR,15:00:00
2026-05-21,21.84,BRRR,15:15:00
2026-05-21,21.87,BRRR,15:30:00
2026-05-21,21.89,BRRR,15:45:00
2026-05-22,21.75,BRRR,09:30:00
2026-05-22,21.77,BRRR,09:45:00
2026-05-22,21.71,BRRR,10:00:00
2026-05-22,21.65,BRRR,10:15:00
2026-05-22,21.65,BRRR,10:30:00
2026-05-22,21.63,BRRR,10:45:00
2026-05-22,21.63,BRRR,11:00:00
2026-05-22,21.68,BRRR,11:15:00
2026-05-22,21.62,BRRR,11:30:00
2026-05-22,21.63,BRRR,11:45:00
2026-05-22,21.66,BRRR,12:00:00
2026-05-22,21.68,BRRR,12:15:00
2026-05-22,21.66,BRRR,12:30:00
2026-05-22,21.69,BRRR,12:45:00
2026-05-22,21.69,BRRR,13:00:00
2026-05-22,21.71,BRRR,13:15:00
2026-05-22,21.69,BRRR,13:30:00
2026-05-22,21.63,BRRR,13:45:00
2026-05-22,21.63,BRRR,14:00:00
2026-05-22,21.63,BRRR,14:15:00
2026-05-22,21.56,BRRR,14:30:00
2026-05-22,21.55,BRRR,14:45:00
2026-05-22,21.48,BRRR,15:00:00
2026-05-22,21.48,BRRR,15:15:00
2026-05-22,21.36,BRRR,15:30:00
2026-05-22,21.37,BRRR,15:45:00
2026-05-26,21.66,BRRR,09:30:00
2026-05-26,21.76,BRRR,09:45:00
2026-05-26,21.81,BRRR,10:00:00
2026-05-26,21.96,BRRR,10:15:00
2026-05-26,21.63,BRRR,10:30:00
2026-05-26,21.66,BRRR,10:45:00
2026-05-26,21.68,BRRR,11:00:00
2026-05-26,21.59,BRRR,11:15:00
2026-05-26,21.55,BRRR,11:30:00
2026-05-26,21.55,BRRR,11:45:00
2026-05-26,21.48,BRRR,12:00:00
2026-05-26,21.55,BRRR,12:15:00
2026-05-26,21.55,BRRR,12:30:00
2026-05-26,21.55,BRRR,12:45:00
2026-05-26,21.54,BRRR,13:00:00
2026-05-26,21.43,BRRR,13:15:00
2026-05-26,21.41,BRRR,13:30:00
2026-05-26,21.38,BRRR,13:45:00
2026-05-26,21.4,BRRR,14:00:00
2026-05-26,21.43,BRRR,14:15:00
2026-05-26,21.37,BRRR,14:30:00
2026-05-26,21.34,BRRR,14:45:00
2026-05-26,21.34,BRRR,15:00:00
2026-05-26,21.37,BRRR,15:15:00
2026-05-26,21.4,BRRR,15:30:00
2026-05-26,21.41,BRRR,15:45:00
2026-05-27,21.09,BRRR,09:30:00
2026-05-27,21.13,BRRR,09:45:00
2026-05-27,21.11,BRRR,10:00:00
2026-05-27,21.08,BRRR,10:15:00
2026-05-27,21.13,BRRR,10:30:00
2026-05-27,21.12,BRRR,10:45:00
2026-05-27,21.15,BRRR,11:00:00
2026-05-27,21.2,BRRR,11:15:00
2026-05-27,21.16,BRRR,11:30:00
2026-05-27,21.2,BRRR,11:45:00
2026-05-27,21.2,BRRR,12:00:00
2026-05-27,21.13,BRRR,12:15:00
2026-05-27,21.16,BRRR,12:30:00
2026-05-27,21.2,BRRR,12:45:00
2026-05-27,21.11,BRRR,13:00:00
2026-05-27,21.12,BRRR,13:15:00
2026-05-27,21.09,BRRR,13:30:00
2026-05-27,21.06,BRRR,13:45:00
2026-05-27,21.04,BRRR,14:00:00
2026-05-27,21.09,BRRR,14:15:00
2026-05-27,21.11,BRRR,14:30:00
2026-05-27,21.12,BRRR,14:45:00
2026-05-27,21.13,BRRR,15:00:00
2026-05-27,21.13,BRRR,15:15:00
2026-05-27,21.12,BRRR,15:30:00
2026-05-27,21.13,BRRR,15:45:00
2026-05-28,20.48,BRRR,09:30:00
2026-05-28,20.55,BRRR,09:45:00
2026-05-28,20.63,BRRR,10:00:00
2026-05-28,20.54,BRRR,10:15:00
2026-05-28,20.51,BRRR,10:30:00
2026-05-28,20.55,BRRR,10:45:00
2026-05-28,20.51,BRRR,11:00:00
2026-05-28,20.54,BRRR,11:15:00
2026-05-28,20.55,BRRR,11:30:00
2026-05-28,20.52,BRRR,11:45:00
2026-05-28,20.58,BRRR,12:00:00
2026-05-28,20.59,BRRR,12:15:00
2026-05-28,20.65,BRRR,12:30:00
2026-05-28,20.68,BRRR,12:45:00
2026-05-28,20.7,BRRR,13:00:00
2026-05-28,20.66,BRRR,13:15:00
2026-05-28,20.7,BRRR,13:30:00
2026-05-28,20.71,BRRR,13:45:00
2026-05-28,20.73,BRRR,14:00:00
2026-05-28,20.71,BRRR,14:15:00
2026-05-28,20.73,BRRR,14:30:00
2026-05-28,20.75,BRRR,14:45:00
2026-05-28,20.7,BRRR,15:00:00
2026-05-28,20.71,BRRR,15:15:00
2026-05-28,20.68,BRRR,15:30:00
2026-05-28,20.68,BRRR,15:45:00
2026-05-29,20.63,BRRR,09:30:00
2026-05-29,20.59,BRRR,09:45:00
2026-05-29,20.55,BRRR,10:00:00
2026-05-29,20.48,BRRR,10:15:00
2026-05-29,20.45,BRRR,10:30:00
2026-05-29,20.58,BRRR,10:45:00
2026-05-29,20.76,BRRR,11:00:00
2026-05-29,20.73,BRRR,11:15:00
2026-05-29,20.79,BRRR,11:30:00
2026-05-29,20.79,BRRR,11:45:00
2026-05-29,20.83,BRRR,12:00:00
2026-05-29,20.73,BRRR,12:15:00
2026-05-29,20.87,BRRR,12:30:00
2026-05-29,20.86,BRRR,12:45:00
2026-05-29,20.91,BRRR,13:00:00
2026-05-29,20.91,BRRR,13:15:00
2026-05-29,20.91,BRRR,13:30:00
2026-05-29,20.84,BRRR,13:45:00
2026-05-29,20.86,BRRR,14:00:00
2026-05-29,20.79,BRRR,14:15:00
2026-05-29,20.79,BRRR,14:30:00
2026-05-29,20.66,BRRR,14:45:00
2026-05-29,20.69,BRRR,15:00:00
2026-05-29,20.66,BRRR,15:15:00
2026-05-29,20.76,BRRR,15:30:00
2026-05-29,20.7,BRRR,15:45:00
2026-06-01,20.16,BRRR,09:30:00
2026-06-01,20.18,BRRR,09:45:00
2026-06-01,20.16,BRRR,10:00:00
2026-06-01,20.13,BRRR,10:15:00
2026-06-01,20.12,BRRR,10:30:00
2026-06-01,20.13,BRRR,10:45:00
2026-06-01,20.13,BRRR,11:00:00
2026-06-01,20.01,BRRR,11:15:00
2026-06-01,20.05,BRRR,11:30:00
2026-06-01,20.02,BRRR,11:45:00
2026-06-01,19.95,BRRR,12:00:00
2026-06-01,20.01,BRRR,12:15:00
2026-06-01,20.08,BRRR,12:30:00
2026-06-01,20.15,BRRR,12:45:00
2026-06-01,20.16,BRRR,13:00:00
2026-06-01,20.2,BRRR,13:15:00
2026-06-01,20.2,BRRR,13:30:00
2026-06-01,20.16,BRRR,13:45:00
2026-06-01,20.13,BRRR,14:00:00
2026-06-01,20.15,BRRR,14:15:00
2026-06-01,20.13,BRRR,14:30:00
2026-06-01,20.13,BRRR,14:45:00
2026-06-01,20.12,BRRR,15:00:00
2026-06-01,20.16,BRRR,15:15:00
2026-06-01,20.18,BRRR,15:30:00
2026-06-01,20.16,BRRR,15:45:00
2026-06-02,19.38,BRRR,09:30:00
2026-06-02,19.38,BRRR,09:45:00
2026-06-02,19.3,BRRR,10:00:00
2026-06-02,19.11,BRRR,10:15:00
2026-06-02,19.15,BRRR,10:30:00
2026-06-02,19.14,BRRR,10:45:00
2026-06-02,19.09,BRRR,11:00:00
2026-06-02,18.98,BRRR,11:15:00
2026-06-02,18.94,BRRR,11:30:00
2026-06-02,18.95,BRRR,11:45:00
2026-06-02,19.12,BRRR,12:00:00
2026-06-02,19.09,BRRR,12:15:00
2026-06-02,19.04,BRRR,12:30:00
2026-06-02,18.98,BRRR,12:45:00
2026-06-02,19.01,BRRR,13:00:00
2026-06-02,19.06,BRRR,13:15:00
2026-06-02,19.0,BRRR,13:30:00
2026-06-02,19.0,BRRR,13:45:00
2026-06-02,19.02,BRRR,14:00:00
2026-06-02,18.95,BRRR,14:15:00
2026-06-02,18.95,BRRR,14:30:00
2026-06-02,18.95,BRRR,14:45:00
2026-06-02,18.95,BRRR,15:00:00
2026-06-02,18.86,BRRR,15:15:00
2026-06-02,18.84,BRRR,15:30:00
2026-06-02,18.95,BRRR,15:45:00
2026-06-03,18.8,BRRR,09:30:00
2026-06-03,18.84,BRRR,09:45:00
2026-06-03,18.84,BRRR,10:00:00
2026-06-03,18.8,BRRR,10:15:00
2026-06-03,18.8,BRRR,10:30:00
2026-06-03,18.83,BRRR,10:45:00
2026-06-03,18.73,BRRR,11:00:00
2026-06-03,18.75,BRRR,11:15:00
2026-06-03,18.66,BRRR,11:30:00
2026-06-03,18.61,BRRR,11:45:00
2026-06-03,18.63,BRRR,12:00:00
2026-06-03,18.48,BRRR,12:15:00
2026-06-03,18.56,BRRR,12:30:00
2026-06-03,18.61,BRRR,12:45:00
2026-06-03,18.51,BRRR,13:00:00
2026-06-03,18.56,BRRR,13:15:00
2026-06-03,18.62,BRRR,13:30:00
2026-06-03,18.58,BRRR,13:45:00
2026-06-03,18.58,BRRR,14:00:00
2026-06-03,18.55,BRRR,14:15:00
2026-06-03,18.59,BRRR,14:30:00
2026-06-03,18.59,BRRR,14:45:00
2026-06-03,18.58,BRRR,15:00:00
2026-06-03,18.5,BRRR,15:15:00
2026-06-03,18.52,BRRR,15:30:00
2026-06-03,18.44,BRRR,15:45:00
2026-06-04,17.98,BRRR,09:30:00
2026-06-04,18.09,BRRR,09:45:00
2026-06-04,18.15,BRRR,10:00:00
2026-06-04,18.08,BRRR,10:15:00
2026-06-04,18.04,BRRR,10:30:00
2026-06-04,18.02,BRRR,10:45:00
2026-06-04,18.13,BRRR,11:00:00
2026-06-04,18.02,BRRR,11:15:00
2026-06-04,17.98,BRRR,11:30:00
2026-06-04,18.0,BRRR,11:45:00
2026-06-04,17.94,BRRR,12:00:00
2026-06-04,17.93,BRRR,12:15:00
2026-06-04,17.96,BRRR,12:30:00
2026-06-04,17.91,BRRR,12:45:00
2026-06-04,17.91,BRRR,13:00:00
2026-06-04,17.81,BRRR,13:15:00
2026-06-04,17.76,BRRR,13:30:00
2026-06-04,17.9,BRRR,13:45:00
2026-06-04,17.8,BRRR,14:00:00
2026-06-04,18.0,BRRR,14:15:00
2026-06-04,18.01,BRRR,14:30:00
2026-06-04,17.98,BRRR,14:45:00
2026-06-04,18.0,BRRR,15:00:00
2026-06-04,18.06,BRRR,15:15:00
2026-06-04,17.96,BRRR,15:30:00
2026-06-04,17.92,BRRR,15:45:00
2026-06-05,17.43,BRRR,09:30:00
2026-06-05,17.12,BRRR,09:45:00
2026-06-05,17.16,BRRR,10:00:00
2026-06-05,17.02,BRRR,10:15:00
2026-06-05,17.16,BRRR,10:30:00
2026-06-05,17.16,BRRR,10:45:00
2026-06-05,17.08,BRRR,11:00:00
2026-06-05,17.13,BRRR,11:15:00
2026-06-05,17.02,BRRR,11:30:00
2026-06-05,17.02,BRRR,11:45:00
2026-06-05,17.16,BRRR,12:00:00
2026-06-05,17.18,BRRR,12:15:00
2026-06-05,17.15,BRRR,12:30:00
2026-06-05,17.3,BRRR,12:45:00
2026-06-05,17.2,BRRR,13:00:00
2026-06-05,17.11,BRRR,13:15:00
2026-06-05,17.12,BRRR,13:30:00
2026-06-05,17.13,BRRR,13:45:00
2026-06-05,17.08,BRRR,14:00:00
2026-06-05,16.95,BRRR,14:15:00
2026-06-05,16.88,BRRR,14:30:00
2026-06-05,16.75,BRRR,14:45:00
2026-06-05,16.75,BRRR,15:00:00
2026-06-05,16.87,BRRR,15:15:00
2026-06-05,16.84,BRRR,15:30:00
2026-06-05,17.0,BRRR,15:45:00
2026-06-08,17.88,BRRR,09:30:00
2026-06-08,17.98,BRRR,09:45:00
2026-06-08,18.01,BRRR,10:00:00
2026-06-08,17.98,BRRR,10:15:00
2026-06-08,18.02,BRRR,10:30:00
2026-06-08,18.04,BRRR,10:45:00
2026-06-08,18.09,BRRR,11:00:00
2026-06-08,18.05,BRRR,11:15:00
2026-06-08,18.01,BRRR,11:30:00
2026-06-08,17.98,BRRR,11:45:00
2026-06-08,17.98,BRRR,12:00:00
2026-06-08,18.01,BRRR,12:15:00
2026-06-08,17.95,BRRR,12:30:00
2026-06-08,17.91,BRRR,12:45:00
2026-06-08,17.86,BRRR,13:00:00
2026-06-08,17.94,BRRR,13:15:00
2026-06-08,17.88,BRRR,13:30:00
2026-06-08,17.91,BRRR,13:45:00
2026-06-08,17.93,BRRR,14:00:00
2026-06-08,17.95,BRRR,14:15:00
2026-06-08,17.9,BRRR,14:30:00
2026-06-08,17.88,BRRR,14:45:00
2026-06-08,17.88,BRRR,15:00:00
2026-06-08,17.91,BRRR,15:15:00
2026-06-08,17.9,BRRR,15:30:00
2026-06-08,17.87,BRRR,15:45:00
2026-04-27,34.44,BTC,09:30:00
2026-04-27,34.39,BTC,09:45:00
2026-04-27,34.45,BTC,10:00:00
2026-04-27,34.45,BTC,10:15:00
2026-04-27,34.59,BTC,10:30:00
2026-04-27,34.42,BTC,10:45:00
2026-04-27,34.23,BTC,11:00:00
2026-04-27,33.98,BTC,11:15:00
2026-04-27,34.08,BTC,11:30:00
2026-04-27,33.95,BTC,11:45:00
2026-04-27,33.95,BTC,12:00:00
2026-04-27,33.95,BTC,12:15:00
2026-04-27,33.88,BTC,12:30:00
2026-04-27,33.89,BTC,12:45:00
2026-04-27,33.92,BTC,13:00:00
2026-04-27,33.98,BTC,13:15:00
2026-04-27,34.0,BTC,13:30:00
2026-04-27,33.94,BTC,13:45:00
2026-04-27,33.95,BTC,14:00:00
2026-04-27,33.92,BTC,14:15:00
2026-04-27,33.95,BTC,14:30:00
2026-04-27,33.98,BTC,14:45:00
2026-04-27,34.0,BTC,15:00:00
2026-04-27,33.89,BTC,15:15:00
2026-04-27,33.97,BTC,15:30:00
2026-04-27,34.01,BTC,15:45:00
2026-04-28,33.73,BTC,09:30:00
2026-04-28,33.7,BTC,09:45:00
2026-04-28,33.64,BTC,10:00:00
2026-04-28,33.53,BTC,10:15:00
2026-04-28,33.55,BTC,10:30:00
2026-04-28,33.59,BTC,10:45:00
2026-04-28,33.61,BTC,11:00:00
2026-04-28,33.61,BTC,11:15:00
2026-04-28,33.59,BTC,11:30:00
2026-04-28,33.64,BTC,11:45:00
2026-04-28,33.61,BTC,12:00:00
2026-04-28,33.59,BTC,12:15:00
2026-04-28,33.58,BTC,12:30:00
2026-04-28,33.67,BTC,12:45:00
2026-04-28,33.63,BTC,13:00:00
2026-04-28,33.66,BTC,13:15:00
2026-04-28,33.7,BTC,13:30:00
2026-04-28,33.7,BTC,13:45:00
2026-04-28,33.67,BTC,14:00:00
2026-04-28,33.73,BTC,14:15:00
2026-04-28,33.69,BTC,14:30:00
2026-04-28,33.72,BTC,14:45:00
2026-04-28,33.64,BTC,15:00:00
2026-04-28,33.69,BTC,15:15:00
2026-04-28,33.75,BTC,15:30:00
2026-04-28,33.75,BTC,15:45:00
2026-04-29,33.86,BTC,09:30:00
2026-04-29,33.95,BTC,09:45:00
2026-04-29,33.86,BTC,10:00:00
2026-04-29,33.92,BTC,10:15:00
2026-04-29,33.88,BTC,10:30:00
2026-04-29,33.86,BTC,10:45:00
2026-04-29,33.72,BTC,11:00:00
2026-04-29,33.7,BTC,11:15:00
2026-04-29,33.59,BTC,11:30:00
2026-04-29,33.58,BTC,11:45:00
2026-04-29,33.61,BTC,12:00:00
2026-04-29,33.53,BTC,12:15:00
2026-04-29,33.55,BTC,12:30:00
2026-04-29,33.52,BTC,12:45:00
2026-04-29,33.56,BTC,13:00:00
2026-04-29,33.55,BTC,13:15:00
2026-04-29,33.61,BTC,13:30:00
2026-04-29,33.67,BTC,13:45:00
2026-04-29,33.25,BTC,14:00:00
2026-04-29,33.23,BTC,14:15:00
2026-04-29,33.25,BTC,14:30:00
2026-04-29,33.39,BTC,14:45:00
2026-04-29,33.41,BTC,15:00:00
2026-04-29,33.39,BTC,15:15:00
2026-04-29,33.34,BTC,15:30:00
2026-04-29,33.4,BTC,15:45:00
2026-04-30,33.89,BTC,09:30:00
2026-04-30,33.78,BTC,09:45:00
2026-04-30,33.77,BTC,10:00:00
2026-04-30,33.75,BTC,10:15:00
2026-04-30,33.75,BTC,10:30:00
2026-04-30,33.73,BTC,10:45:00
2026-04-30,33.8,BTC,11:00:00
2026-04-30,33.83,BTC,11:15:00
2026-04-30,33.8,BTC,11:30:00
2026-04-30,33.8,BTC,11:45:00
2026-04-30,33.81,BTC,12:00:00
2026-04-30,33.77,BTC,12:15:00
2026-04-30,33.75,BTC,12:30:00
2026-04-30,33.72,BTC,12:45:00
2026-04-30,33.7,BTC,13:00:00
2026-04-30,33.67,BTC,13:15:00
2026-04-30,33.67,BTC,13:30:00
2026-04-30,33.72,BTC,13:45:00
2026-04-30,33.73,BTC,14:00:00
2026-04-30,33.75,BTC,14:15:00
2026-04-30,33.78,BTC,14:30:00
2026-04-30,33.77,BTC,14:45:00
2026-04-30,33.81,BTC,15:00:00
2026-04-30,33.83,BTC,15:15:00
2026-04-30,33.8,BTC,15:30:00
2026-04-30,33.8,BTC,15:45:00
2026-05-01,34.63,BTC,09:30:00
2026-05-01,34.84,BTC,09:45:00
2026-05-01,34.83,BTC,10:00:00
2026-05-01,34.64,BTC,10:15:00
2026-05-01,34.59,BTC,10:30:00
2026-05-01,34.67,BTC,10:45:00
2026-05-01,34.73,BTC,11:00:00
2026-05-01,34.77,BTC,11:15:00
2026-05-01,34.83,BTC,11:30:00
2026-05-01,34.72,BTC,11:45:00
2026-05-01,34.7,BTC,12:00:00
2026-05-01,34.67,BTC,12:15:00
2026-05-01,34.66,BTC,12:30:00
2026-05-01,34.63,BTC,12:45:00
2026-05-01,34.67,BTC,13:00:00
2026-05-01,34.64,BTC,13:15:00
2026-05-01,34.73,BTC,13:30:00
2026-05-01,34.78,BTC,13:45:00
2026-05-01,34.77,BTC,14:00:00
2026-05-01,34.8,BTC,14:15:00
2026-05-01,34.73,BTC,14:30:00
2026-05-01,34.72,BTC,14:45:00
2026-05-01,34.75,BTC,15:00:00
2026-05-01,34.72,BTC,15:15:00
2026-05-01,34.69,BTC,15:30:00
2026-05-01,34.69,BTC,15:45:00
2026-05-04,34.89,BTC,09:30:00
2026-05-04,34.84,BTC,09:45:00
2026-05-04,34.92,BTC,10:00:00
2026-05-04,35.06,BTC,10:15:00
2026-05-04,35.2,BTC,10:30:00
2026-05-04,35.5,BTC,10:45:00
2026-05-04,35.45,BTC,11:00:00
2026-05-04,35.28,BTC,11:15:00
2026-05-04,35.36,BTC,11:30:00
2026-05-04,35.41,BTC,11:45:00
2026-05-04,35.27,BTC,12:00:00
2026-05-04,35.52,BTC,12:15:00
2026-05-04,35.52,BTC,12:30:00
2026-05-04,35.42,BTC,12:45:00
2026-05-04,35.58,BTC,13:00:00
2026-05-04,35.61,BTC,13:15:00
2026-05-04,35.53,BTC,13:30:00
2026-05-04,35.56,BTC,13:45:00
2026-05-04,35.56,BTC,14:00:00
2026-05-04,35.5,BTC,14:15:00
2026-05-04,35.47,BTC,14:30:00
2026-05-04,35.45,BTC,14:45:00
2026-05-04,35.44,BTC,15:00:00
2026-05-04,35.36,BTC,15:15:00
2026-05-04,35.41,BTC,15:30:00
2026-05-04,35.42,BTC,15:45:00
2026-05-05,36.03,BTC,09:30:00
2026-05-05,36.0,BTC,09:45:00
2026-05-05,35.89,BTC,10:00:00
2026-05-05,36.03,BTC,10:15:00
2026-05-05,35.95,BTC,10:30:00
2026-05-05,35.98,BTC,10:45:00
2026-05-05,36.09,BTC,11:00:00
2026-05-05,36.11,BTC,11:15:00
2026-05-05,36.11,BTC,11:30:00
2026-05-05,36.08,BTC,11:45:00
2026-05-05,36.03,BTC,12:00:00
2026-05-05,36.03,BTC,12:15:00
2026-05-05,35.86,BTC,12:30:00
2026-05-05,35.98,BTC,12:45:00
2026-05-05,35.98,BTC,13:00:00
2026-05-05,36.02,BTC,13:15:00
2026-05-05,35.97,BTC,13:30:00
2026-05-05,35.97,BTC,13:45:00
2026-05-05,36.09,BTC,14:00:00
2026-05-05,36.05,BTC,14:15:00
2026-05-05,36.06,BTC,14:30:00
2026-05-05,36.06,BTC,14:45:00
2026-05-05,36.05,BTC,15:00:00
2026-05-05,36.06,BTC,15:15:00
2026-05-05,36.13,BTC,15:30:00
2026-05-05,36.11,BTC,15:45:00
2026-05-06,36.23,BTC,09:30:00
2026-05-06,36.13,BTC,09:45:00
2026-05-06,36.03,BTC,10:00:00
2026-05-06,36.09,BTC,10:15:00
2026-05-06,36.23,BTC,10:30:00
2026-05-06,36.06,BTC,10:45:00
2026-05-06,36.0,BTC,11:00:00
2026-05-06,36.11,BTC,11:15:00
2026-05-06,36.11,BTC,11:30:00
2026-05-06,36.14,BTC,11:45:00
2026-05-06,36.17,BTC,12:00:00
2026-05-06,36.05,BTC,12:15:00
2026-05-06,36.13,BTC,12:30:00
2026-05-06,36.1,BTC,12:45:00
2026-05-06,36.13,BTC,13:00:00
2026-05-06,36.03,BTC,13:15:00
2026-05-06,36.06,BTC,13:30:00
2026-05-06,36.02,BTC,13:45:00
2026-05-06,36.05,BTC,14:00:00
2026-05-06,36.03,BTC,14:15:00
2026-05-06,36.0,BTC,14:30:00
2026-05-06,35.98,BTC,14:45:00
2026-05-06,35.94,BTC,15:00:00
2026-05-06,35.98,BTC,15:15:00
2026-05-06,36.02,BTC,15:30:00
2026-05-06,36.03,BTC,15:45:00
2026-05-07,35.63,BTC,09:30:00
2026-05-07,35.61,BTC,09:45:00
2026-05-07,35.69,BTC,10:00:00
2026-05-07,35.56,BTC,10:15:00
2026-05-07,35.45,BTC,10:30:00
2026-05-07,35.45,BTC,10:45:00
2026-05-07,35.45,BTC,11:00:00
2026-05-07,35.31,BTC,11:15:00
2026-05-07,35.38,BTC,11:30:00
2026-05-07,35.34,BTC,11:45:00
2026-05-07,35.31,BTC,12:00:00
2026-05-07,35.38,BTC,12:15:00
2026-05-07,35.34,BTC,12:30:00
2026-05-07,35.3,BTC,12:45:00
2026-05-07,35.34,BTC,13:00:00
2026-05-07,35.25,BTC,13:15:00
2026-05-07,35.34,BTC,13:30:00
2026-05-07,35.44,BTC,13:45:00
2026-05-07,35.45,BTC,14:00:00
2026-05-07,35.45,BTC,14:15:00
2026-05-07,35.45,BTC,14:30:00
2026-05-07,35.48,BTC,14:45:00
2026-05-07,35.45,BTC,15:00:00
2026-05-07,35.36,BTC,15:15:00
2026-05-07,35.45,BTC,15:30:00
2026-05-07,35.46,BTC,15:45:00
2026-05-08,35.2,BTC,09:30:00
2026-05-08,35.23,BTC,09:45:00
2026-05-08,35.34,BTC,10:00:00
2026-05-08,35.42,BTC,10:15:00
2026-05-08,35.48,BTC,10:30:00
2026-05-08,35.44,BTC,10:45:00
2026-05-08,35.34,BTC,11:00:00
2026-05-08,35.25,BTC,11:15:00
2026-05-08,35.36,BTC,11:30:00
2026-05-08,35.45,BTC,11:45:00
2026-05-08,35.36,BTC,12:00:00
2026-05-08,35.36,BTC,12:15:00
2026-05-08,35.28,BTC,12:30:00
2026-05-08,35.28,BTC,12:45:00
2026-05-08,35.31,BTC,13:00:00
2026-05-08,35.39,BTC,13:15:00
2026-05-08,35.45,BTC,13:30:00
2026-05-08,35.42,BTC,13:45:00
2026-05-08,35.48,BTC,14:00:00
2026-05-08,35.5,BTC,14:15:00
2026-05-08,35.45,BTC,14:30:00
2026-05-08,35.42,BTC,14:45:00
2026-05-08,35.42,BTC,15:00:00
2026-05-08,35.41,BTC,15:15:00
2026-05-08,35.44,BTC,15:30:00
2026-05-08,35.48,BTC,15:45:00
2026-05-11,35.86,BTC,09:30:00
2026-05-11,35.85,BTC,09:45:00
2026-05-11,35.89,BTC,10:00:00
2026-05-11,35.7,BTC,10:15:00
2026-05-11,35.72,BTC,10:30:00
2026-05-11,35.78,BTC,10:45:00
2026-05-11,35.81,BTC,11:00:00
2026-05-11,35.98,BTC,11:15:00
2026-05-11,35.92,BTC,11:30:00
2026-05-11,36.02,BTC,11:45:00
2026-05-11,36.19,BTC,12:00:00
2026-05-11,36.17,BTC,12:15:00
2026-05-11,36.09,BTC,12:30:00
2026-05-11,36.08,BTC,12:45:00
2026-05-11,36.05,BTC,13:00:00
2026-05-11,36.11,BTC,13:15:00
2026-05-11,36.25,BTC,13:30:00
2026-05-11,36.23,BTC,13:45:00
2026-05-11,36.25,BTC,14:00:00
2026-05-11,36.28,BTC,14:15:00
2026-05-11,36.25,BTC,14:30:00
2026-05-11,36.2,BTC,14:45:00
2026-05-11,36.23,BTC,15:00:00
2026-05-11,36.23,BTC,15:15:00
2026-05-11,36.27,BTC,15:30:00
2026-05-11,36.25,BTC,15:45:00
2026-05-12,35.72,BTC,09:30:00
2026-05-12,35.58,BTC,09:45:00
2026-05-12,35.69,BTC,10:00:00
2026-05-12,35.66,BTC,10:15:00
2026-05-12,35.73,BTC,10:30:00
2026-05-12,35.61,BTC,10:45:00
2026-05-12,35.64,BTC,11:00:00
2026-05-12,35.47,BTC,11:15:00
2026-05-12,35.53,BTC,11:30:00
2026-05-12,35.52,BTC,11:45:00
2026-05-12,35.55,BTC,12:00:00
2026-05-12,35.5,BTC,12:15:00
2026-05-12,35.48,BTC,12:30:00
2026-05-12,35.38,BTC,12:45:00
2026-05-12,35.47,BTC,13:00:00
2026-05-12,35.56,BTC,13:15:00
2026-05-12,35.61,BTC,13:30:00
2026-05-12,35.61,BTC,13:45:00
2026-05-12,35.61,BTC,14:00:00
2026-05-12,35.59,BTC,14:15:00
2026-05-12,35.67,BTC,14:30:00
2026-05-12,35.67,BTC,14:45:00
2026-05-12,35.73,BTC,15:00:00
2026-05-12,35.7,BTC,15:15:00
2026-05-12,35.72,BTC,15:30:00
2026-05-12,35.75,BTC,15:45:00
2026-05-13,35.3,BTC,09:30:00
2026-05-13,35.2,BTC,09:45:00
2026-05-13,35.23,BTC,10:00:00
2026-05-13,35.3,BTC,10:15:00
2026-05-13,35.23,BTC,10:30:00
2026-05-13,35.25,BTC,10:45:00
2026-05-13,35.11,BTC,11:00:00
2026-05-13,35.05,BTC,11:15:00
2026-05-13,35.03,BTC,11:30:00
2026-05-13,34.84,BTC,11:45:00
2026-05-13,34.88,BTC,12:00:00
2026-05-13,34.92,BTC,12:15:00
2026-05-13,34.98,BTC,12:30:00
2026-05-13,34.98,BTC,12:45:00
2026-05-13,35.03,BTC,13:00:00
2026-05-13,35.08,BTC,13:15:00
2026-05-13,35.11,BTC,13:30:00
2026-05-13,35.14,BTC,13:45:00
2026-05-13,35.2,BTC,14:00:00
2026-05-13,35.27,BTC,14:15:00
2026-05-13,35.22,BTC,14:30:00
2026-05-13,35.2,BTC,14:45:00
2026-05-13,35.14,BTC,15:00:00
2026-05-13,35.14,BTC,15:15:00
2026-05-13,35.16,BTC,15:30:00
2026-05-13,35.2,BTC,15:45:00
2026-05-14,35.31,BTC,09:30:00
2026-05-14,35.23,BTC,09:45:00
2026-05-14,35.36,BTC,10:00:00
2026-05-14,35.45,BTC,10:15:00
2026-05-14,35.53,BTC,10:30:00
2026-05-14,35.81,BTC,10:45:00
2026-05-14,35.83,BTC,11:00:00
2026-05-14,35.83,BTC,11:15:00
2026-05-14,35.84,BTC,11:30:00
2026-05-14,35.95,BTC,11:45:00
2026-05-14,36.09,BTC,12:00:00
2026-05-14,36.08,BTC,12:15:00
2026-05-14,36.06,BTC,12:30:00
2026-05-14,36.23,BTC,12:45:00
2026-05-14,36.17,BTC,13:00:00
2026-05-14,36.05,BTC,13:15:00
2026-05-14,36.11,BTC,13:30:00
2026-05-14,36.13,BTC,13:45:00
2026-05-14,36.22,BTC,14:00:00
2026-05-14,36.22,BTC,14:15:00
2026-05-14,36.08,BTC,14:30:00
2026-05-14,36.09,BTC,14:45:00
2026-05-14,36.09,BTC,15:00:00
2026-05-14,35.98,BTC,15:15:00
2026-05-14,36.03,BTC,15:30:00
2026-05-14,36.02,BTC,15:45:00
2026-05-15,34.98,BTC,09:30:00
2026-05-15,34.8,BTC,09:45:00
2026-05-15,35.03,BTC,10:00:00
2026-05-15,34.95,BTC,10:15:00
2026-05-15,35.02,BTC,10:30:00
2026-05-15,34.98,BTC,10:45:00
2026-05-15,35.02,BTC,11:00:00
2026-05-15,34.98,BTC,11:15:00
2026-05-15,34.97,BTC,11:30:00
2026-05-15,34.98,BTC,11:45:00
2026-05-15,35.0,BTC,12:00:00
2026-05-15,35.06,BTC,12:15:00
2026-05-15,35.05,BTC,12:30:00
2026-05-15,35.06,BTC,12:45:00
2026-05-15,35.03,BTC,13:00:00
2026-05-15,35.09,BTC,13:15:00
2026-05-15,35.11,BTC,13:30:00
2026-05-15,35.13,BTC,13:45:00
2026-05-15,35.14,BTC,14:00:00
2026-05-15,35.05,BTC,14:15:00
2026-05-15,35.05,BTC,14:30:00
2026-05-15,35.03,BTC,14:45:00
2026-05-15,34.95,BTC,15:00:00
2026-05-15,34.97,BTC,15:15:00
2026-05-15,34.97,BTC,15:30:00
2026-05-15,34.98,BTC,15:45:00
2026-05-18,33.95,BTC,09:30:00
2026-05-18,34.0,BTC,09:45:00
2026-05-18,33.89,BTC,10:00:00
2026-05-18,33.86,BTC,10:15:00
2026-05-18,33.8,BTC,10:30:00
2026-05-18,33.75,BTC,10:45:00
2026-05-18,33.7,BTC,11:00:00
2026-05-18,33.61,BTC,11:15:00
2026-05-18,33.72,BTC,11:30:00
2026-05-18,33.75,BTC,11:45:00
2026-05-18,33.8,BTC,12:00:00
2026-05-18,33.7,BTC,12:15:00
2026-05-18,33.77,BTC,12:30:00
2026-05-18,33.75,BTC,12:45:00
2026-05-18,33.83,BTC,13:00:00
2026-05-18,33.88,BTC,13:15:00
2026-05-18,33.88,BTC,13:30:00
2026-05-18,33.89,BTC,13:45:00
2026-05-18,33.78,BTC,14:00:00
2026-05-18,33.73,BTC,14:15:00
2026-05-18,33.73,BTC,14:30:00
2026-05-18,33.69,BTC,14:45:00
2026-05-18,33.86,BTC,15:00:00
2026-05-18,33.86,BTC,15:15:00
2026-05-18,33.98,BTC,15:30:00
2026-05-18,33.98,BTC,15:45:00
2026-05-19,33.89,BTC,09:30:00
2026-05-19,33.97,BTC,09:45:00
2026-05-19,33.84,BTC,10:00:00
2026-05-19,33.77,BTC,10:15:00
2026-05-19,33.78,BTC,10:30:00
2026-05-19,33.75,BTC,10:45:00
2026-05-19,33.84,BTC,11:00:00
2026-05-19,33.8,BTC,11:15:00
2026-05-19,33.78,BTC,11:30:00
2026-05-19,33.8,BTC,11:45:00
2026-05-19,33.78,BTC,12:00:00
2026-05-19,33.84,BTC,12:15:00
2026-05-19,33.94,BTC,12:30:00
2026-05-19,33.98,BTC,12:45:00
2026-05-19,34.0,BTC,13:00:00
2026-05-19,33.97,BTC,13:15:00
2026-05-19,33.98,BTC,13:30:00
2026-05-19,33.95,BTC,13:45:00
2026-05-19,33.98,BTC,14:00:00
2026-05-19,33.92,BTC,14:15:00
2026-05-19,33.95,BTC,14:30:00
2026-05-19,33.94,BTC,14:45:00
2026-05-19,34.05,BTC,15:00:00
2026-05-19,33.94,BTC,15:15:00
2026-05-19,33.97,BTC,15:30:00
2026-05-19,33.94,BTC,15:45:00
2026-05-20,34.05,BTC,09:30:00
2026-05-20,34.11,BTC,09:45:00
2026-05-20,34.06,BTC,10:00:00
2026-05-20,34.2,BTC,10:15:00
2026-05-20,34.2,BTC,10:30:00
2026-05-20,34.22,BTC,10:45:00
2026-05-20,34.16,BTC,11:00:00
2026-05-20,34.28,BTC,11:15:00
2026-05-20,34.22,BTC,11:30:00
2026-05-20,34.23,BTC,11:45:00
2026-05-20,34.23,BTC,12:00:00
2026-05-20,34.05,BTC,12:15:00
2026-05-20,34.17,BTC,12:30:00
2026-05-20,34.17,BTC,12:45:00
2026-05-20,34.2,BTC,13:00:00
2026-05-20,34.28,BTC,13:15:00
2026-05-20,34.33,BTC,13:30:00
2026-05-20,34.28,BTC,13:45:00
2026-05-20,34.23,BTC,14:00:00
2026-05-20,34.25,BTC,14:15:00
2026-05-20,34.23,BTC,14:30:00
2026-05-20,34.2,BTC,14:45:00
2026-05-20,34.2,BTC,15:00:00
2026-05-20,34.28,BTC,15:15:00
2026-05-20,34.31,BTC,15:30:00
2026-05-20,34.33,BTC,15:45:00
2026-05-21,33.91,BTC,09:30:00
2026-05-21,34.08,BTC,09:45:00
2026-05-21,34.05,BTC,10:00:00
2026-05-21,34.05,BTC,10:15:00
2026-05-21,34.0,BTC,10:30:00
2026-05-21,34.0,BTC,10:45:00
2026-05-21,34.09,BTC,11:00:00
2026-05-21,34.14,BTC,11:15:00
2026-05-21,34.11,BTC,11:30:00
2026-05-21,34.14,BTC,11:45:00
2026-05-21,34.14,BTC,12:00:00
2026-05-21,34.11,BTC,12:15:00
2026-05-21,34.05,BTC,12:30:00
2026-05-21,34.11,BTC,12:45:00
2026-05-21,34.25,BTC,13:00:00
2026-05-21,34.47,BTC,13:15:00
2026-05-21,34.42,BTC,13:30:00
2026-05-21,34.42,BTC,13:45:00
2026-05-21,34.34,BTC,14:00:00
2026-05-21,34.36,BTC,14:15:00
2026-05-21,34.36,BTC,14:30:00
2026-05-21,34.2,BTC,14:45:00
2026-05-21,34.27,BTC,15:00:00
2026-05-21,34.27,BTC,15:15:00
2026-05-21,34.3,BTC,15:30:00
2026-05-21,34.34,BTC,15:45:00
2026-05-22,34.11,BTC,09:30:00
2026-05-22,34.16,BTC,09:45:00
2026-05-22,34.05,BTC,10:00:00
2026-05-22,33.95,BTC,10:15:00
2026-05-22,33.94,BTC,10:30:00
2026-05-22,33.92,BTC,10:45:00
2026-05-22,33.92,BTC,11:00:00
2026-05-22,33.99,BTC,11:15:00
2026-05-22,33.89,BTC,11:30:00
2026-05-22,33.92,BTC,11:45:00
2026-05-22,33.97,BTC,12:00:00
2026-05-22,34.0,BTC,12:15:00
2026-05-22,33.98,BTC,12:30:00
2026-05-22,34.0,BTC,12:45:00
2026-05-22,34.02,BTC,13:00:00
2026-05-22,34.05,BTC,13:15:00
2026-05-22,34.02,BTC,13:30:00
2026-05-22,33.92,BTC,13:45:00
2026-05-22,33.95,BTC,14:00:00
2026-05-22,33.95,BTC,14:15:00
2026-05-22,33.84,BTC,14:30:00
2026-05-22,33.83,BTC,14:45:00
2026-05-22,33.67,BTC,15:00:00
2026-05-22,33.7,BTC,15:15:00
2026-05-22,33.5,BTC,15:30:00
2026-05-22,33.52,BTC,15:45:00
2026-05-26,33.98,BTC,09:30:00
2026-05-26,34.12,BTC,09:45:00
2026-05-26,34.2,BTC,10:00:00
2026-05-26,34.45,BTC,10:15:00
2026-05-26,33.94,BTC,10:30:00
2026-05-26,33.97,BTC,10:45:00
2026-05-26,34.0,BTC,11:00:00
2026-05-26,33.84,BTC,11:15:00
2026-05-26,33.8,BTC,11:30:00
2026-05-26,33.78,BTC,11:45:00
2026-05-26,33.7,BTC,12:00:00
2026-05-26,33.8,BTC,12:15:00
2026-05-26,33.8,BTC,12:30:00
2026-05-26,33.81,BTC,12:45:00
2026-05-26,33.78,BTC,13:00:00
2026-05-26,33.59,BTC,13:15:00
2026-05-26,33.56,BTC,13:30:00
2026-05-26,33.53,BTC,13:45:00
2026-05-26,33.56,BTC,14:00:00
2026-05-26,33.59,BTC,14:15:00
2026-05-26,33.52,BTC,14:30:00
2026-05-26,33.48,BTC,14:45:00
2026-05-26,33.48,BTC,15:00:00
2026-05-26,33.52,BTC,15:15:00
2026-05-26,33.55,BTC,15:30:00
2026-05-26,33.56,BTC,15:45:00
2026-05-27,33.06,BTC,09:30:00
2026-05-27,33.13,BTC,09:45:00
2026-05-27,33.09,BTC,10:00:00
2026-05-27,33.05,BTC,10:15:00
2026-05-27,33.14,BTC,10:30:00
2026-05-27,33.11,BTC,10:45:00
2026-05-27,33.16,BTC,11:00:00
2026-05-27,33.27,BTC,11:15:00
2026-05-27,33.2,BTC,11:30:00
2026-05-27,33.25,BTC,11:45:00
2026-05-27,33.23,BTC,12:00:00
2026-05-27,33.14,BTC,12:15:00
2026-05-27,33.17,BTC,12:30:00
2026-05-27,33.25,BTC,12:45:00
2026-05-27,33.09,BTC,13:00:00
2026-05-27,33.09,BTC,13:15:00
2026-05-27,33.05,BTC,13:30:00
2026-05-27,33.03,BTC,13:45:00
2026-05-27,32.98,BTC,14:00:00
2026-05-27,33.05,BTC,14:15:00
2026-05-27,33.09,BTC,14:30:00
2026-05-27,33.11,BTC,14:45:00
2026-05-27,33.11,BTC,15:00:00
2026-05-27,33.11,BTC,15:15:00
2026-05-27,33.11,BTC,15:30:00
2026-05-27,33.13,BTC,15:45:00
2026-05-28,32.13,BTC,09:30:00
2026-05-28,32.23,BTC,09:45:00
2026-05-28,32.36,BTC,10:00:00
2026-05-28,32.2,BTC,10:15:00
2026-05-28,32.16,BTC,10:30:00
2026-05-28,32.23,BTC,10:45:00
2026-05-28,32.17,BTC,11:00:00
2026-05-28,32.2,BTC,11:15:00
2026-05-28,32.23,BTC,11:30:00
2026-05-28,32.19,BTC,11:45:00
2026-05-28,32.27,BTC,12:00:00
2026-05-28,32.28,BTC,12:15:00
2026-05-28,32.38,BTC,12:30:00
2026-05-28,32.42,BTC,12:45:00
2026-05-28,32.45,BTC,13:00:00
2026-05-28,32.39,BTC,13:15:00
2026-05-28,32.45,BTC,13:30:00
2026-05-28,32.48,BTC,13:45:00
2026-05-28,32.52,BTC,14:00:00
2026-05-28,32.5,BTC,14:15:00
2026-05-28,32.5,BTC,14:30:00
2026-05-28,32.53,BTC,14:45:00
2026-05-28,32.45,BTC,15:00:00
2026-05-28,32.48,BTC,15:15:00
2026-05-28,32.42,BTC,15:30:00
2026-05-28,32.42,BTC,15:45:00
2026-05-29,32.36,BTC,09:30:00
2026-05-29,32.3,BTC,09:45:00
2026-05-29,32.23,BTC,10:00:00
2026-05-29,32.11,BTC,10:15:00
2026-05-29,32.08,BTC,10:30:00
2026-05-29,32.28,BTC,10:45:00
2026-05-29,32.55,BTC,11:00:00
2026-05-29,32.52,BTC,11:15:00
2026-05-29,32.61,BTC,11:30:00
2026-05-29,32.59,BTC,11:45:00
2026-05-29,32.66,BTC,12:00:00
2026-05-29,32.53,BTC,12:15:00
2026-05-29,32.72,BTC,12:30:00
2026-05-29,32.7,BTC,12:45:00
2026-05-29,32.8,BTC,13:00:00
2026-05-29,32.78,BTC,13:15:00
2026-05-29,32.78,BTC,13:30:00
2026-05-29,32.67,BTC,13:45:00
2026-05-29,32.7,BTC,14:00:00
2026-05-29,32.59,BTC,14:15:00
2026-05-29,32.59,BTC,14:30:00
2026-05-29,32.41,BTC,14:45:00
2026-05-29,32.44,BTC,15:00:00
2026-05-29,32.39,BTC,15:15:00
2026-05-29,32.55,BTC,15:30:00
2026-05-29,32.47,BTC,15:45:00
2026-06-01,31.62,BTC,09:30:00
2026-06-01,31.63,BTC,09:45:00
2026-06-01,31.63,BTC,10:00:00
2026-06-01,31.57,BTC,10:15:00
2026-06-01,31.55,BTC,10:30:00
2026-06-01,31.59,BTC,10:45:00
2026-06-01,31.55,BTC,11:00:00
2026-06-01,31.37,BTC,11:15:00
2026-06-01,31.45,BTC,11:30:00
2026-06-01,31.38,BTC,11:45:00
2026-06-01,31.27,BTC,12:00:00
2026-06-01,31.38,BTC,12:15:00
2026-06-01,31.48,BTC,12:30:00
2026-06-01,31.59,BTC,12:45:00
2026-06-01,31.61,BTC,13:00:00
2026-06-01,31.69,BTC,13:15:00
2026-06-01,31.66,BTC,13:30:00
2026-06-01,31.63,BTC,13:45:00
2026-06-01,31.55,BTC,14:00:00
2026-06-01,31.59,BTC,14:15:00
2026-06-01,31.58,BTC,14:30:00
2026-06-01,31.58,BTC,14:45:00
2026-06-01,31.55,BTC,15:00:00
2026-06-01,31.63,BTC,15:15:00
2026-06-01,31.63,BTC,15:30:00
2026-06-01,31.62,BTC,15:45:00
2026-06-02,30.41,BTC,09:30:00
2026-06-02,30.38,BTC,09:45:00
2026-06-02,30.27,BTC,10:00:00
2026-06-02,29.95,BTC,10:15:00
2026-06-02,30.02,BTC,10:30:00
2026-06-02,30.02,BTC,10:45:00
2026-06-02,29.95,BTC,11:00:00
2026-06-02,29.77,BTC,11:15:00
2026-06-02,29.7,BTC,11:30:00
2026-06-02,29.7,BTC,11:45:00
2026-06-02,29.98,BTC,12:00:00
2026-06-02,29.95,BTC,12:15:00
2026-06-02,29.86,BTC,12:30:00
2026-06-02,29.77,BTC,12:45:00
2026-06-02,29.8,BTC,13:00:00
2026-06-02,29.9,BTC,13:15:00
2026-06-02,29.8,BTC,13:30:00
2026-06-02,29.79,BTC,13:45:00
2026-06-02,29.84,BTC,14:00:00
2026-06-02,29.7,BTC,14:15:00
2026-06-02,29.71,BTC,14:30:00
2026-06-02,29.73,BTC,14:45:00
2026-06-02,29.73,BTC,15:00:00
2026-06-02,29.57,BTC,15:15:00
2026-06-02,29.55,BTC,15:30:00
2026-06-02,29.73,BTC,15:45:00
2026-06-03,29.46,BTC,09:30:00
2026-06-03,29.55,BTC,09:45:00
2026-06-03,29.55,BTC,10:00:00
2026-06-03,29.5,BTC,10:15:00
2026-06-03,29.46,BTC,10:30:00
2026-06-03,29.52,BTC,10:45:00
2026-06-03,29.37,BTC,11:00:00
2026-06-03,29.41,BTC,11:15:00
2026-06-03,29.27,BTC,11:30:00
2026-06-03,29.19,BTC,11:45:00
2026-06-03,29.21,BTC,12:00:00
2026-06-03,28.98,BTC,12:15:00
2026-06-03,29.11,BTC,12:30:00
2026-06-03,29.18,BTC,12:45:00
2026-06-03,29.02,BTC,13:00:00
2026-06-03,29.13,BTC,13:15:00
2026-06-03,29.2,BTC,13:30:00
2026-06-03,29.13,BTC,13:45:00
2026-06-03,29.13,BTC,14:00:00
2026-06-03,29.11,BTC,14:15:00
2026-06-03,29.16,BTC,14:30:00
2026-06-03,29.16,BTC,14:45:00
2026-06-03,29.13,BTC,15:00:00
2026-06-03,29.0,BTC,15:15:00
2026-06-03,29.05,BTC,15:30:00
2026-06-03,28.91,BTC,15:45:00
2026-06-04,28.2,BTC,09:30:00
2026-06-04,28.38,BTC,09:45:00
2026-06-04,28.45,BTC,10:00:00
2026-06-04,28.36,BTC,10:15:00
2026-06-04,28.29,BTC,10:30:00
2026-06-04,28.26,BTC,10:45:00
2026-06-04,28.45,BTC,11:00:00
2026-06-04,28.27,BTC,11:15:00
2026-06-04,28.2,BTC,11:30:00
2026-06-04,28.23,BTC,11:45:00
2026-06-04,28.13,BTC,12:00:00
2026-06-04,28.12,BTC,12:15:00
2026-06-04,28.18,BTC,12:30:00
2026-06-04,28.08,BTC,12:45:00
2026-06-04,28.09,BTC,13:00:00
2026-06-04,27.94,BTC,13:15:00
2026-06-04,27.86,BTC,13:30:00
2026-06-04,28.07,BTC,13:45:00
2026-06-04,27.91,BTC,14:00:00
2026-06-04,28.23,BTC,14:15:00
2026-06-04,28.23,BTC,14:30:00
2026-06-04,28.19,BTC,14:45:00
2026-06-04,28.21,BTC,15:00:00
2026-06-04,28.32,BTC,15:15:00
2026-06-04,28.18,BTC,15:30:00
2026-06-04,28.11,BTC,15:45:00
2026-06-05,27.33,BTC,09:30:00
2026-06-05,26.84,BTC,09:45:00
2026-06-05,26.91,BTC,10:00:00
2026-06-05,26.7,BTC,10:15:00
2026-06-05,26.9,BTC,10:30:00
2026-06-05,26.91,BTC,10:45:00
2026-06-05,26.79,BTC,11:00:00
2026-06-05,26.87,BTC,11:15:00
2026-06-05,26.69,BTC,11:30:00
2026-06-05,26.7,BTC,11:45:00
2026-06-05,26.91,BTC,12:00:00
2026-06-05,26.94,BTC,12:15:00
2026-06-05,26.88,BTC,12:30:00
2026-06-05,27.13,BTC,12:45:00
2026-06-05,26.98,BTC,13:00:00
2026-06-05,26.82,BTC,13:15:00
2026-06-05,26.84,BTC,13:30:00
2026-06-05,26.87,BTC,13:45:00
2026-06-05,26.79,BTC,14:00:00
2026-06-05,26.59,BTC,14:15:00
2026-06-05,26.5,BTC,14:30:00
2026-06-05,26.26,BTC,14:45:00
2026-06-05,26.26,BTC,15:00:00
2026-06-05,26.45,BTC,15:15:00
2026-06-05,26.41,BTC,15:30:00
2026-06-05,26.66,BTC,15:45:00
2026-06-08,28.06,BTC,09:30:00
2026-06-08,28.18,BTC,09:45:00
2026-06-08,28.23,BTC,10:00:00
2026-06-08,28.19,BTC,10:15:00
2026-06-08,28.25,BTC,10:30:00
2026-06-08,28.29,BTC,10:45:00
2026-06-08,28.38,BTC,11:00:00
2026-06-08,28.3,BTC,11:15:00
2026-06-08,28.23,BTC,11:30:00
2026-06-08,28.19,BTC,11:45:00
2026-06-08,28.2,BTC,12:00:00
2026-06-08,28.23,BTC,12:15:00
2026-06-08,28.14,BTC,12:30:00
2026-06-08,28.07,BTC,12:45:00
2026-06-08,28.01,BTC,13:00:00
2026-06-08,28.13,BTC,13:15:00
2026-06-08,28.02,BTC,13:30:00
2026-06-08,28.09,BTC,13:45:00
2026-06-08,28.12,BTC,14:00:00
2026-06-08,28.14,BTC,14:15:00
2026-06-08,28.07,BTC,14:30:00
2026-06-08,28.05,BTC,14:45:00
2026-06-08,28.04,BTC,15:00:00
2026-06-08,28.09,BTC,15:15:00
2026-06-08,28.07,BTC,15:30:00
2026-06-08,28.02,BTC,15:45:00
2026-04-27,82.35,BTCW,09:30:00
2026-04-27,82.23,BTCW,09:45:00
2026-04-27,82.36,BTCW,10:00:00
2026-04-27,82.37,BTCW,10:15:00
2026-04-27,82.71,BTCW,10:30:00
2026-04-27,82.31,BTCW,10:45:00
2026-04-27,81.81,BTCW,11:00:00
2026-04-27,81.26,BTCW,11:15:00
2026-04-27,81.49,BTCW,11:30:00
2026-04-27,81.19,BTCW,11:45:00
2026-04-27,81.18,BTCW,12:00:00
2026-04-27,81.14,BTCW,12:15:00
2026-04-27,80.99,BTCW,12:30:00
2026-04-27,81.02,BTCW,12:45:00
2026-04-27,81.1,BTCW,13:00:00
2026-04-27,81.26,BTCW,13:15:00
2026-04-27,81.27,BTCW,13:30:00
2026-04-27,81.13,BTCW,13:45:00
2026-04-27,81.16,BTCW,14:00:00
2026-04-27,81.09,BTCW,14:15:00
2026-04-27,81.16,BTCW,14:30:00
2026-04-27,81.25,BTCW,14:45:00
2026-04-27,81.31,BTCW,15:00:00
2026-04-27,81.03,BTCW,15:15:00
2026-04-27,81.2,BTCW,15:30:00
2026-04-27,81.32,BTCW,15:45:00
2026-04-28,80.66,BTCW,09:30:00
2026-04-28,80.58,BTCW,09:45:00
2026-04-28,80.45,BTCW,10:00:00
2026-04-28,80.17,BTCW,10:15:00
2026-04-28,80.2,BTCW,10:30:00
2026-04-28,80.3,BTCW,10:45:00
2026-04-28,80.33,BTCW,11:00:00
2026-04-28,80.38,BTCW,11:15:00
2026-04-28,80.28,BTCW,11:30:00
2026-04-28,80.43,BTCW,11:45:00
2026-04-28,80.39,BTCW,12:00:00
2026-04-28,80.31,BTCW,12:15:00
2026-04-28,80.28,BTCW,12:30:00
2026-04-28,80.49,BTCW,12:45:00
2026-04-28,80.41,BTCW,13:00:00
2026-04-28,80.47,BTCW,13:15:00
2026-04-28,80.58,BTCW,13:30:00
2026-04-28,80.55,BTCW,13:45:00
2026-04-28,80.5,BTCW,14:00:00
2026-04-28,80.62,BTCW,14:15:00
2026-04-28,80.53,BTCW,14:30:00
2026-04-28,80.62,BTCW,14:45:00
2026-04-28,80.45,BTCW,15:00:00
2026-04-28,80.55,BTCW,15:15:00
2026-04-28,80.71,BTCW,15:30:00
2026-04-28,80.72,BTCW,15:45:00
2026-04-29,80.95,BTCW,09:30:00
2026-04-29,81.2,BTCW,09:45:00
2026-04-29,80.97,BTCW,10:00:00
2026-04-29,81.09,BTCW,10:15:00
2026-04-29,80.98,BTCW,10:30:00
2026-04-29,80.95,BTCW,10:45:00
2026-04-29,80.59,BTCW,11:00:00
2026-04-29,80.58,BTCW,11:15:00
2026-04-29,80.3,BTCW,11:30:00
2026-04-29,80.23,BTCW,11:45:00
2026-04-29,80.37,BTCW,12:00:00
2026-04-29,80.14,BTCW,12:15:00
2026-04-29,80.2,BTCW,12:30:00
2026-04-29,80.12,BTCW,12:45:00
2026-04-29,80.25,BTCW,13:00:00
2026-04-29,80.19,BTCW,13:15:00
2026-04-29,80.34,BTCW,13:30:00
2026-04-29,80.91,BTCW,13:45:00
2026-04-29,79.47,BTCW,14:00:00
2026-04-29,79.43,BTCW,14:15:00
2026-04-29,79.52,BTCW,14:30:00
2026-04-29,79.81,BTCW,14:45:00
2026-04-29,79.85,BTCW,15:00:00
2026-04-29,79.84,BTCW,15:15:00
2026-04-29,79.7,BTCW,15:30:00
2026-04-29,79.87,BTCW,15:45:00
2026-04-30,81.05,BTCW,09:30:00
2026-04-30,80.81,BTCW,09:45:00
2026-04-30,80.74,BTCW,10:00:00
2026-04-30,80.71,BTCW,10:15:00
2026-04-30,80.73,BTCW,10:30:00
2026-04-30,80.67,BTCW,10:45:00
2026-04-30,80.81,BTCW,11:00:00
2026-04-30,80.87,BTCW,11:15:00
2026-04-30,80.85,BTCW,11:30:00
2026-04-30,80.86,BTCW,11:45:00
2026-04-30,80.86,BTCW,12:00:00
2026-04-30,80.72,BTCW,12:15:00
2026-04-30,80.72,BTCW,12:30:00
2026-04-30,80.62,BTCW,12:45:00
2026-04-30,80.58,BTCW,13:00:00
2026-04-30,80.48,BTCW,13:15:00
2026-04-30,80.5,BTCW,13:30:00
2026-04-30,80.61,BTCW,13:45:00
2026-04-30,80.63,BTCW,14:00:00
2026-04-30,80.66,BTCW,14:15:00
2026-04-30,80.76,BTCW,14:30:00
2026-04-30,80.73,BTCW,14:45:00
2026-04-30,80.84,BTCW,15:00:00
2026-04-30,80.86,BTCW,15:15:00
2026-04-30,80.81,BTCW,15:30:00
2026-04-30,80.78,BTCW,15:45:00
2026-05-01,82.76,BTCW,09:30:00
2026-05-01,83.31,BTCW,09:45:00
2026-05-01,83.3,BTCW,10:00:00
2026-05-01,82.8,BTCW,10:15:00
2026-05-01,82.72,BTCW,10:30:00
2026-05-01,82.9,BTCW,10:45:00
2026-05-01,83.01,BTCW,11:00:00
2026-05-01,83.09,BTCW,11:15:00
2026-05-01,83.24,BTCW,11:30:00
2026-05-01,82.99,BTCW,11:45:00
2026-05-01,82.97,BTCW,12:00:00
2026-05-01,82.89,BTCW,12:15:00
2026-05-01,82.84,BTCW,12:30:00
2026-05-01,82.77,BTCW,12:45:00
2026-05-01,82.84,BTCW,13:00:00
2026-05-01,82.73,BTCW,13:15:00
2026-05-01,83.0,BTCW,13:30:00
2026-05-01,83.11,BTCW,13:45:00
2026-05-01,83.09,BTCW,14:00:00
2026-05-01,83.12,BTCW,14:15:00
2026-05-01,82.99,BTCW,14:30:00
2026-05-01,82.95,BTCW,14:45:00
2026-05-01,83.02,BTCW,15:00:00
2026-05-01,82.96,BTCW,15:15:00
2026-05-01,82.86,BTCW,15:30:00
2026-05-01,82.92,BTCW,15:45:00
2026-05-04,83.41,BTCW,09:30:00
2026-05-04,83.34,BTCW,09:45:00
2026-05-04,83.5,BTCW,10:00:00
2026-05-04,83.86,BTCW,10:15:00
2026-05-04,84.16,BTCW,10:30:00
2026-05-04,84.89,BTCW,10:45:00
2026-05-04,84.74,BTCW,11:00:00
2026-05-04,84.34,BTCW,11:15:00
2026-05-04,84.56,BTCW,11:30:00
2026-05-04,84.69,BTCW,11:45:00
2026-05-04,84.35,BTCW,12:00:00
2026-05-04,84.92,BTCW,12:15:00
2026-05-04,84.98,BTCW,12:30:00
2026-05-04,84.69,BTCW,12:45:00
2026-05-04,85.06,BTCW,13:00:00
2026-05-04,85.15,BTCW,13:15:00
2026-05-04,84.97,BTCW,13:30:00
2026-05-04,85.06,BTCW,13:45:00
2026-05-04,85.06,BTCW,14:00:00
2026-05-04,84.92,BTCW,14:15:00
2026-05-04,84.83,BTCW,14:30:00
2026-05-04,84.78,BTCW,14:45:00
2026-05-04,84.71,BTCW,15:00:00
2026-05-04,84.55,BTCW,15:15:00
2026-05-04,84.63,BTCW,15:30:00
2026-05-04,84.66,BTCW,15:45:00
2026-05-05,86.11,BTCW,09:30:00
2026-05-05,86.03,BTCW,09:45:00
2026-05-05,85.79,BTCW,10:00:00
2026-05-05,86.14,BTCW,10:15:00
2026-05-05,85.92,BTCW,10:30:00
2026-05-05,86.03,BTCW,10:45:00
2026-05-05,86.26,BTCW,11:00:00
2026-05-05,86.31,BTCW,11:15:00
2026-05-05,86.33,BTCW,11:30:00
2026-05-05,86.26,BTCW,11:45:00
2026-05-05,86.16,BTCW,12:00:00
2026-05-05,86.09,BTCW,12:15:00
2026-05-05,85.74,BTCW,12:30:00
2026-05-05,85.94,BTCW,12:45:00
2026-05-05,85.98,BTCW,13:00:00
2026-05-05,86.1,BTCW,13:15:00
2026-05-05,85.99,BTCW,13:30:00
2026-05-05,85.96,BTCW,13:45:00
2026-05-05,86.25,BTCW,14:00:00
2026-05-05,86.17,BTCW,14:15:00
2026-05-05,86.2,BTCW,14:30:00
2026-05-05,86.19,BTCW,14:45:00
2026-05-05,86.13,BTCW,15:00:00
2026-05-05,86.22,BTCW,15:15:00
2026-05-05,86.34,BTCW,15:30:00
2026-05-05,86.31,BTCW,15:45:00
2026-05-06,86.6,BTCW,09:30:00
2026-05-06,86.38,BTCW,09:45:00
2026-05-06,86.11,BTCW,10:00:00
2026-05-06,86.32,BTCW,10:15:00
2026-05-06,86.56,BTCW,10:30:00
2026-05-06,86.19,BTCW,10:45:00
2026-05-06,86.03,BTCW,11:00:00
2026-05-06,86.35,BTCW,11:15:00
2026-05-06,86.33,BTCW,11:30:00
2026-05-06,86.41,BTCW,11:45:00
2026-05-06,86.5,BTCW,12:00:00
2026-05-06,86.21,BTCW,12:15:00
2026-05-06,86.35,BTCW,12:30:00
2026-05-06,86.28,BTCW,12:45:00
2026-05-06,86.38,BTCW,13:00:00
2026-05-06,86.16,BTCW,13:15:00
2026-05-06,86.19,BTCW,13:30:00
2026-05-06,86.14,BTCW,13:45:00
2026-05-06,86.12,BTCW,14:00:00
2026-05-06,86.17,BTCW,14:15:00
2026-05-06,86.05,BTCW,14:30:00
2026-05-06,86.02,BTCW,14:45:00
2026-05-06,85.9,BTCW,15:00:00
2026-05-06,85.97,BTCW,15:15:00
2026-05-06,86.12,BTCW,15:30:00
2026-05-06,86.13,BTCW,15:45:00
2026-05-07,85.19,BTCW,09:30:00
2026-05-07,85.1,BTCW,09:45:00
2026-05-07,85.28,BTCW,10:00:00
2026-05-07,85.03,BTCW,10:15:00
2026-05-07,84.75,BTCW,10:30:00
2026-05-07,84.73,BTCW,10:45:00
2026-05-07,84.73,BTCW,11:00:00
2026-05-07,84.38,BTCW,11:15:00
2026-05-07,84.55,BTCW,11:30:00
2026-05-07,84.44,BTCW,11:45:00
2026-05-07,84.36,BTCW,12:00:00
2026-05-07,84.51,BTCW,12:15:00
2026-05-07,84.41,BTCW,12:30:00
2026-05-07,84.33,BTCW,12:45:00
2026-05-07,84.41,BTCW,13:00:00
2026-05-07,84.27,BTCW,13:15:00
2026-05-07,84.44,BTCW,13:30:00
2026-05-07,84.69,BTCW,13:45:00
2026-05-07,84.75,BTCW,14:00:00
2026-05-07,84.73,BTCW,14:15:00
2026-05-07,84.7,BTCW,14:30:00
2026-05-07,84.84,BTCW,14:45:00
2026-05-07,84.77,BTCW,15:00:00
2026-05-07,84.54,BTCW,15:15:00
2026-05-07,84.72,BTCW,15:30:00
2026-05-07,84.72,BTCW,15:45:00
2026-05-08,84.13,BTCW,09:30:00
2026-05-08,84.19,BTCW,09:45:00
2026-05-08,84.47,BTCW,10:00:00
2026-05-08,84.67,BTCW,10:15:00
2026-05-08,84.8,BTCW,10:30:00
2026-05-08,84.72,BTCW,10:45:00
2026-05-08,84.44,BTCW,11:00:00
2026-05-08,84.22,BTCW,11:15:00
2026-05-08,84.53,BTCW,11:30:00
2026-05-08,84.73,BTCW,11:45:00
2026-05-08,84.55,BTCW,12:00:00
2026-05-08,84.53,BTCW,12:15:00
2026-05-08,84.37,BTCW,12:30:00
2026-05-08,84.38,BTCW,12:45:00
2026-05-08,84.41,BTCW,13:00:00
2026-05-08,84.58,BTCW,13:15:00
2026-05-08,84.72,BTCW,13:30:00
2026-05-08,84.63,BTCW,13:45:00
2026-05-08,84.8,BTCW,14:00:00
2026-05-08,84.87,BTCW,14:15:00
2026-05-08,84.78,BTCW,14:30:00
2026-05-08,84.7,BTCW,14:45:00
2026-05-08,84.65,BTCW,15:00:00
2026-05-08,84.62,BTCW,15:15:00
2026-05-08,84.7,BTCW,15:30:00
2026-05-08,84.8,BTCW,15:45:00
2026-05-11,85.72,BTCW,09:30:00
2026-05-11,85.72,BTCW,09:45:00
2026-05-11,85.77,BTCW,10:00:00
2026-05-11,85.31,BTCW,10:15:00
2026-05-11,85.41,BTCW,10:30:00
2026-05-11,85.53,BTCW,10:45:00
2026-05-11,85.62,BTCW,11:00:00
2026-05-11,86.0,BTCW,11:15:00
2026-05-11,85.86,BTCW,11:30:00
2026-05-11,86.09,BTCW,11:45:00
2026-05-11,86.46,BTCW,12:00:00
2026-05-11,86.47,BTCW,12:15:00
2026-05-11,86.26,BTCW,12:30:00
2026-05-11,86.27,BTCW,12:45:00
2026-05-11,86.17,BTCW,13:00:00
2026-05-11,86.3,BTCW,13:15:00
2026-05-11,86.69,BTCW,13:30:00
2026-05-11,86.63,BTCW,13:45:00
2026-05-11,86.69,BTCW,14:00:00
2026-05-11,86.74,BTCW,14:15:00
2026-05-11,86.69,BTCW,14:30:00
2026-05-11,86.55,BTCW,14:45:00
2026-05-11,86.63,BTCW,15:00:00
2026-05-11,86.58,BTCW,15:15:00
2026-05-11,86.74,BTCW,15:30:00
2026-05-11,86.65,BTCW,15:45:00
2026-05-12,85.4,BTCW,09:30:00
2026-05-12,85.06,BTCW,09:45:00
2026-05-12,85.32,BTCW,10:00:00
2026-05-12,85.26,BTCW,10:15:00
2026-05-12,85.46,BTCW,10:30:00
2026-05-12,85.14,BTCW,10:45:00
2026-05-12,85.23,BTCW,11:00:00
2026-05-12,84.79,BTCW,11:15:00
2026-05-12,84.95,BTCW,11:30:00
2026-05-12,84.94,BTCW,11:45:00
2026-05-12,84.98,BTCW,12:00:00
2026-05-12,84.89,BTCW,12:15:00
2026-05-12,84.84,BTCW,12:30:00
2026-05-12,84.56,BTCW,12:45:00
2026-05-12,84.78,BTCW,13:00:00
2026-05-12,85.02,BTCW,13:15:00
2026-05-12,85.11,BTCW,13:30:00
2026-05-12,85.14,BTCW,13:45:00
2026-05-12,85.13,BTCW,14:00:00
2026-05-12,85.11,BTCW,14:15:00
2026-05-12,85.28,BTCW,14:30:00
2026-05-12,85.31,BTCW,14:45:00
2026-05-12,85.44,BTCW,15:00:00
2026-05-12,85.34,BTCW,15:15:00
2026-05-12,85.38,BTCW,15:30:00
2026-05-12,85.47,BTCW,15:45:00
2026-05-13,84.4,BTCW,09:30:00
2026-05-13,84.19,BTCW,09:45:00
2026-05-13,84.25,BTCW,10:00:00
2026-05-13,84.4,BTCW,10:15:00
2026-05-13,84.23,BTCW,10:30:00
2026-05-13,84.28,BTCW,10:45:00
2026-05-13,83.91,BTCW,11:00:00
2026-05-13,83.77,BTCW,11:15:00
2026-05-13,83.75,BTCW,11:30:00
2026-05-13,83.29,BTCW,11:45:00
2026-05-13,83.36,BTCW,12:00:00
2026-05-13,83.48,BTCW,12:15:00
2026-05-13,83.59,BTCW,12:30:00
2026-05-13,83.57,BTCW,12:45:00
2026-05-13,83.69,BTCW,13:00:00
2026-05-13,83.81,BTCW,13:15:00
2026-05-13,83.91,BTCW,13:30:00
2026-05-13,84.03,BTCW,13:45:00
2026-05-13,84.12,BTCW,14:00:00
2026-05-13,84.28,BTCW,14:15:00
2026-05-13,84.2,BTCW,14:30:00
2026-05-13,84.13,BTCW,14:45:00
2026-05-13,84.04,BTCW,15:00:00
2026-05-13,84.0,BTCW,15:15:00
2026-05-13,84.05,BTCW,15:30:00
2026-05-13,84.16,BTCW,15:45:00
2026-05-14,84.4,BTCW,09:30:00
2026-05-14,84.26,BTCW,09:45:00
2026-05-14,84.52,BTCW,10:00:00
2026-05-14,84.72,BTCW,10:15:00
2026-05-14,84.94,BTCW,10:30:00
2026-05-14,85.63,BTCW,10:45:00
2026-05-14,85.64,BTCW,11:00:00
2026-05-14,85.68,BTCW,11:15:00
2026-05-14,85.67,BTCW,11:30:00
2026-05-14,85.98,BTCW,11:45:00
2026-05-14,86.3,BTCW,12:00:00
2026-05-14,86.27,BTCW,12:15:00
2026-05-14,86.23,BTCW,12:30:00
2026-05-14,86.63,BTCW,12:45:00
2026-05-14,86.45,BTCW,13:00:00
2026-05-14,86.16,BTCW,13:15:00
2026-05-14,86.34,BTCW,13:30:00
2026-05-14,86.39,BTCW,13:45:00
2026-05-14,86.56,BTCW,14:00:00
2026-05-14,86.59,BTCW,14:15:00
2026-05-14,86.25,BTCW,14:30:00
2026-05-14,86.31,BTCW,14:45:00
2026-05-14,86.27,BTCW,15:00:00
2026-05-14,86.03,BTCW,15:15:00
2026-05-14,86.11,BTCW,15:30:00
2026-05-14,86.08,BTCW,15:45:00
2026-05-15,83.65,BTCW,09:30:00
2026-05-15,83.2,BTCW,09:45:00
2026-05-15,83.73,BTCW,10:00:00
2026-05-15,83.55,BTCW,10:15:00
2026-05-15,83.72,BTCW,10:30:00
2026-05-15,83.68,BTCW,10:45:00
2026-05-15,83.75,BTCW,11:00:00
2026-05-15,83.65,BTCW,11:15:00
2026-05-15,83.6,BTCW,11:30:00
2026-05-15,83.66,BTCW,11:45:00
2026-05-15,83.72,BTCW,12:00:00
2026-05-15,83.81,BTCW,12:15:00
2026-05-15,83.81,BTCW,12:30:00
2026-05-15,83.81,BTCW,12:45:00
2026-05-15,83.78,BTCW,13:00:00
2026-05-15,83.94,BTCW,13:15:00
2026-05-15,83.94,BTCW,13:30:00
2026-05-15,84.0,BTCW,13:45:00
2026-05-15,84.04,BTCW,14:00:00
2026-05-15,83.81,BTCW,14:15:00
2026-05-15,83.78,BTCW,14:30:00
2026-05-15,83.81,BTCW,14:45:00
2026-05-15,83.59,BTCW,15:00:00
2026-05-15,83.64,BTCW,15:15:00
2026-05-15,83.62,BTCW,15:30:00
2026-05-15,83.63,BTCW,15:45:00
2026-05-18,81.17,BTCW,09:30:00
2026-05-18,81.3,BTCW,09:45:00
2026-05-18,81.03,BTCW,10:00:00
2026-05-18,80.98,BTCW,10:15:00
2026-05-18,80.79,BTCW,10:30:00
2026-05-18,80.69,BTCW,10:45:00
2026-05-18,80.58,BTCW,11:00:00
2026-05-18,80.36,BTCW,11:15:00
2026-05-18,80.61,BTCW,11:30:00
2026-05-18,80.69,BTCW,11:45:00
2026-05-18,80.8,BTCW,12:00:00
2026-05-18,80.55,BTCW,12:15:00
2026-05-18,80.75,BTCW,12:30:00
2026-05-18,80.72,BTCW,12:45:00
2026-05-18,80.88,BTCW,13:00:00
2026-05-18,81.0,BTCW,13:15:00
2026-05-18,81.0,BTCW,13:30:00
2026-05-18,81.04,BTCW,13:45:00
2026-05-18,80.77,BTCW,14:00:00
2026-05-18,80.66,BTCW,14:15:00
2026-05-18,80.63,BTCW,14:30:00
2026-05-18,80.56,BTCW,14:45:00
2026-05-18,80.96,BTCW,15:00:00
2026-05-18,80.97,BTCW,15:15:00
2026-05-18,81.24,BTCW,15:30:00
2026-05-18,81.27,BTCW,15:45:00
2026-05-19,81.06,BTCW,09:30:00
2026-05-19,81.21,BTCW,09:45:00
2026-05-19,80.94,BTCW,10:00:00
2026-05-19,80.75,BTCW,10:15:00
2026-05-19,80.77,BTCW,10:30:00
2026-05-19,80.69,BTCW,10:45:00
2026-05-19,80.92,BTCW,11:00:00
2026-05-19,80.81,BTCW,11:15:00
2026-05-19,80.8,BTCW,11:30:00
2026-05-19,80.84,BTCW,11:45:00
2026-05-19,80.8,BTCW,12:00:00
2026-05-19,80.94,BTCW,12:15:00
2026-05-19,81.15,BTCW,12:30:00
2026-05-19,81.26,BTCW,12:45:00
2026-05-19,81.33,BTCW,13:00:00
2026-05-19,81.22,BTCW,13:15:00
2026-05-19,81.25,BTCW,13:30:00
2026-05-19,81.2,BTCW,13:45:00
2026-05-19,81.28,BTCW,14:00:00
2026-05-19,81.12,BTCW,14:15:00
2026-05-19,81.18,BTCW,14:30:00
2026-05-19,81.14,BTCW,14:45:00
2026-05-19,81.43,BTCW,15:00:00
2026-05-19,81.14,BTCW,15:15:00
2026-05-19,81.22,BTCW,15:30:00
2026-05-19,81.18,BTCW,15:45:00
2026-05-20,81.44,BTCW,09:30:00
2026-05-20,81.58,BTCW,09:45:00
2026-05-20,81.5,BTCW,10:00:00
2026-05-20,81.8,BTCW,10:15:00
2026-05-20,81.78,BTCW,10:30:00
2026-05-20,81.83,BTCW,10:45:00
2026-05-20,81.69,BTCW,11:00:00
2026-05-20,81.95,BTCW,11:15:00
2026-05-20,81.83,BTCW,11:30:00
2026-05-20,81.86,BTCW,11:45:00
2026-05-20,81.88,BTCW,12:00:00
2026-05-20,81.42,BTCW,12:15:00
2026-05-20,81.73,BTCW,12:30:00
2026-05-20,81.72,BTCW,12:45:00
2026-05-20,81.77,BTCW,13:00:00
2026-05-20,81.96,BTCW,13:15:00
2026-05-20,82.1,BTCW,13:30:00
2026-05-20,81.97,BTCW,13:45:00
2026-05-20,81.88,BTCW,14:00:00
2026-05-20,81.89,BTCW,14:15:00
2026-05-20,81.88,BTCW,14:30:00
2026-05-20,81.79,BTCW,14:45:00
2026-05-20,81.8,BTCW,15:00:00
2026-05-20,81.94,BTCW,15:15:00
2026-05-20,82.02,BTCW,15:30:00
2026-05-20,82.06,BTCW,15:45:00
2026-05-21,81.05,BTCW,09:30:00
2026-05-21,81.47,BTCW,09:45:00
2026-05-21,81.43,BTCW,10:00:00
2026-05-21,81.39,BTCW,10:15:00
2026-05-21,81.33,BTCW,10:30:00
2026-05-21,81.35,BTCW,10:45:00
2026-05-21,81.51,BTCW,11:00:00
2026-05-21,81.65,BTCW,11:15:00
2026-05-21,81.59,BTCW,11:30:00
2026-05-21,81.63,BTCW,11:45:00
2026-05-21,81.64,BTCW,12:00:00
2026-05-21,81.55,BTCW,12:15:00
2026-05-21,81.42,BTCW,12:30:00
2026-05-21,81.54,BTCW,12:45:00
2026-05-21,81.89,BTCW,13:00:00
2026-05-21,82.39,BTCW,13:15:00
2026-05-21,82.32,BTCW,13:30:00
2026-05-21,82.3,BTCW,13:45:00
2026-05-21,82.1,BTCW,14:00:00
2026-05-21,82.17,BTCW,14:15:00
2026-05-21,82.18,BTCW,14:30:00
2026-05-21,81.74,BTCW,14:45:00
2026-05-21,81.94,BTCW,15:00:00
2026-05-21,81.92,BTCW,15:15:00
2026-05-21,82.03,BTCW,15:30:00
2026-05-21,82.09,BTCW,15:45:00
2026-05-22,81.56,BTCW,09:30:00
2026-05-22,81.66,BTCW,09:45:00
2026-05-22,81.42,BTCW,10:00:00
2026-05-22,81.19,BTCW,10:15:00
2026-05-22,81.16,BTCW,10:30:00
2026-05-22,81.11,BTCW,10:45:00
2026-05-22,81.12,BTCW,11:00:00
2026-05-22,81.25,BTCW,11:15:00
2026-05-22,81.03,BTCW,11:30:00
2026-05-22,81.15,BTCW,11:45:00
2026-05-22,81.21,BTCW,12:00:00
2026-05-22,81.28,BTCW,12:15:00
2026-05-22,81.25,BTCW,12:30:00
2026-05-22,81.31,BTCW,12:45:00
2026-05-22,81.33,BTCW,13:00:00
2026-05-22,81.44,BTCW,13:15:00
2026-05-22,81.36,BTCW,13:30:00
2026-05-22,81.1,BTCW,13:45:00
2026-05-22,81.13,BTCW,14:00:00
2026-05-22,81.19,BTCW,14:15:00
2026-05-22,80.93,BTCW,14:30:00
2026-05-22,80.85,BTCW,14:45:00
2026-05-22,80.53,BTCW,15:00:00
2026-05-22,80.55,BTCW,15:15:00
2026-05-22,80.1,BTCW,15:30:00
2026-05-22,80.16,BTCW,15:45:00
2026-05-26,81.25,BTCW,09:30:00
2026-05-26,81.6,BTCW,09:45:00
2026-05-26,81.78,BTCW,10:00:00
2026-05-26,82.42,BTCW,10:15:00
2026-05-26,81.09,BTCW,10:30:00
2026-05-26,81.23,BTCW,10:45:00
2026-05-26,81.25,BTCW,11:00:00
2026-05-26,80.94,BTCW,11:15:00
2026-05-26,80.81,BTCW,11:30:00
2026-05-26,80.78,BTCW,11:45:00
2026-05-26,80.59,BTCW,12:00:00
2026-05-26,80.78,BTCW,12:15:00
2026-05-26,80.83,BTCW,12:30:00
2026-05-26,80.8,BTCW,12:45:00
2026-05-26,80.77,BTCW,13:00:00
2026-05-26,80.33,BTCW,13:15:00
2026-05-26,80.23,BTCW,13:30:00
2026-05-26,80.16,BTCW,13:45:00
2026-05-26,80.21,BTCW,14:00:00
2026-05-26,80.3,BTCW,14:15:00
2026-05-26,80.12,BTCW,14:30:00
2026-05-26,80.01,BTCW,14:45:00
2026-05-26,80.03,BTCW,15:00:00
2026-05-26,80.13,BTCW,15:15:00
2026-05-26,80.24,BTCW,15:30:00
2026-05-26,80.3,BTCW,15:45:00
2026-05-27,79.06,BTCW,09:30:00
2026-05-27,79.22,BTCW,09:45:00
2026-05-27,79.14,BTCW,10:00:00
2026-05-27,79.0,BTCW,10:15:00
2026-05-27,79.19,BTCW,10:30:00
2026-05-27,79.19,BTCW,10:45:00
2026-05-27,79.27,BTCW,11:00:00
2026-05-27,79.51,BTCW,11:15:00
2026-05-27,79.34,BTCW,11:30:00
2026-05-27,79.5,BTCW,11:45:00
2026-05-27,79.45,BTCW,12:00:00
2026-05-27,79.25,BTCW,12:15:00
2026-05-27,79.29,BTCW,12:30:00
2026-05-27,79.48,BTCW,12:45:00
2026-05-27,79.12,BTCW,13:00:00
2026-05-27,79.15,BTCW,13:15:00
2026-05-27,79.03,BTCW,13:30:00
2026-05-27,79.0,BTCW,13:45:00
2026-05-27,78.86,BTCW,14:00:00
2026-05-27,79.03,BTCW,14:15:00
2026-05-27,79.12,BTCW,14:30:00
2026-05-27,79.16,BTCW,14:45:00
2026-05-27,79.18,BTCW,15:00:00
2026-05-27,79.19,BTCW,15:15:00
2026-05-27,79.16,BTCW,15:30:00
2026-05-27,79.2,BTCW,15:45:00
2026-05-28,76.81,BTCW,09:30:00
2026-05-28,77.1,BTCW,09:45:00
2026-05-28,77.39,BTCW,10:00:00
2026-05-28,77.0,BTCW,10:15:00
2026-05-28,76.85,BTCW,10:30:00
2026-05-28,77.03,BTCW,10:45:00
2026-05-28,76.9,BTCW,11:00:00
2026-05-28,76.98,BTCW,11:15:00
2026-05-28,77.02,BTCW,11:30:00
2026-05-28,76.94,BTCW,11:45:00
2026-05-28,77.15,BTCW,12:00:00
2026-05-28,77.2,BTCW,12:15:00
2026-05-28,77.38,BTCW,12:30:00
2026-05-28,77.5,BTCW,12:45:00
2026-05-28,77.57,BTCW,13:00:00
2026-05-28,77.44,BTCW,13:15:00
2026-05-28,77.59,BTCW,13:30:00
2026-05-28,77.67,BTCW,13:45:00
2026-05-28,77.77,BTCW,14:00:00
2026-05-28,77.71,BTCW,14:15:00
2026-05-28,77.7,BTCW,14:30:00
2026-05-28,77.75,BTCW,14:45:00
2026-05-28,77.59,BTCW,15:00:00
2026-05-28,77.65,BTCW,15:15:00
2026-05-28,77.54,BTCW,15:30:00
2026-05-28,77.52,BTCW,15:45:00
2026-05-29,77.35,BTCW,09:30:00
2026-05-29,77.23,BTCW,09:45:00
2026-05-29,77.07,BTCW,10:00:00
2026-05-29,76.78,BTCW,10:15:00
2026-05-29,76.7,BTCW,10:30:00
2026-05-29,77.21,BTCW,10:45:00
2026-05-29,77.84,BTCW,11:00:00
2026-05-29,77.8,BTCW,11:15:00
2026-05-29,77.95,BTCW,11:30:00
2026-05-29,77.96,BTCW,11:45:00
2026-05-29,78.12,BTCW,12:00:00
2026-05-29,77.78,BTCW,12:15:00
2026-05-29,78.22,BTCW,12:30:00
2026-05-29,78.24,BTCW,12:45:00
2026-05-29,78.44,BTCW,13:00:00
2026-05-29,78.4,BTCW,13:15:00
2026-05-29,78.4,BTCW,13:30:00
2026-05-29,78.13,BTCW,13:45:00
2026-05-29,78.19,BTCW,14:00:00
2026-05-29,77.92,BTCW,14:15:00
2026-05-29,77.92,BTCW,14:30:00
2026-05-29,77.45,BTCW,14:45:00
2026-05-29,77.55,BTCW,15:00:00
2026-05-29,77.42,BTCW,15:15:00
2026-05-29,77.8,BTCW,15:30:00
2026-05-29,77.68,BTCW,15:45:00
2026-06-01,75.55,BTCW,09:30:00
2026-06-01,75.69,BTCW,09:45:00
2026-06-01,75.6,BTCW,10:00:00
2026-06-01,75.47,BTCW,10:15:00
2026-06-01,75.4,BTCW,10:30:00
2026-06-01,75.47,BTCW,10:45:00
2026-06-01,75.43,BTCW,11:00:00
2026-06-01,75.0,BTCW,11:15:00
2026-06-01,75.2,BTCW,11:30:00
2026-06-01,75.01,BTCW,11:45:00
2026-06-01,74.77,BTCW,12:00:00
2026-06-01,74.97,BTCW,12:15:00
2026-06-01,75.27,BTCW,12:30:00
2026-06-01,75.5,BTCW,12:45:00
2026-06-01,75.56,BTCW,13:00:00
2026-06-01,75.7,BTCW,13:15:00
2026-06-01,75.67,BTCW,13:30:00
2026-06-01,75.63,BTCW,13:45:00
2026-06-01,75.45,BTCW,14:00:00
2026-06-01,75.5,BTCW,14:15:00
2026-06-01,75.53,BTCW,14:30:00
2026-06-01,75.48,BTCW,14:45:00
2026-06-01,75.41,BTCW,15:00:00
2026-06-01,75.59,BTCW,15:15:00
2026-06-01,75.63,BTCW,15:30:00
2026-06-01,75.58,BTCW,15:45:00
2026-06-02,72.68,BTCW,09:30:00
2026-06-02,72.61,BTCW,09:45:00
2026-06-02,72.33,BTCW,10:00:00
2026-06-02,71.61,BTCW,10:15:00
2026-06-02,71.71,BTCW,10:30:00
2026-06-02,71.72,BTCW,10:45:00
2026-06-02,71.55,BTCW,11:00:00
2026-06-02,71.18,BTCW,11:15:00
2026-06-02,70.99,BTCW,11:30:00
2026-06-02,71.0,BTCW,11:45:00
2026-06-02,71.66,BTCW,12:00:00
2026-06-02,71.57,BTCW,12:15:00
2026-06-02,71.37,BTCW,12:30:00
2026-06-02,71.15,BTCW,12:45:00
2026-06-02,71.21,BTCW,13:00:00
2026-06-02,71.47,BTCW,13:15:00
2026-06-02,71.21,BTCW,13:30:00
2026-06-02,71.2,BTCW,13:45:00
2026-06-02,71.34,BTCW,14:00:00
2026-06-02,71.02,BTCW,14:15:00
2026-06-02,70.99,BTCW,14:30:00
2026-06-02,71.03,BTCW,14:45:00
2026-06-02,71.03,BTCW,15:00:00
2026-06-02,70.66,BTCW,15:15:00
2026-06-02,70.64,BTCW,15:30:00
2026-06-02,71.07,BTCW,15:45:00
2026-06-03,70.45,BTCW,09:30:00
2026-06-03,70.63,BTCW,09:45:00
2026-06-03,70.6,BTCW,10:00:00
2026-06-03,70.47,BTCW,10:15:00
2026-06-03,70.44,BTCW,10:30:00
2026-06-03,70.56,BTCW,10:45:00
2026-06-03,70.19,BTCW,11:00:00
2026-06-03,70.27,BTCW,11:15:00
2026-06-03,70.0,BTCW,11:30:00
2026-06-03,69.75,BTCW,11:45:00
2026-06-03,69.87,BTCW,12:00:00
2026-06-03,69.27,BTCW,12:15:00
2026-06-03,69.58,BTCW,12:30:00
2026-06-03,69.73,BTCW,12:45:00
2026-06-03,69.38,BTCW,13:00:00
2026-06-03,69.62,BTCW,13:15:00
2026-06-03,69.79,BTCW,13:30:00
2026-06-03,69.63,BTCW,13:45:00
2026-06-03,69.63,BTCW,14:00:00
2026-06-03,69.53,BTCW,14:15:00
2026-06-03,69.72,BTCW,14:30:00
2026-06-03,69.72,BTCW,14:45:00
2026-06-03,69.62,BTCW,15:00:00
2026-06-03,69.3,BTCW,15:15:00
2026-06-03,69.44,BTCW,15:30:00
2026-06-03,69.11,BTCW,15:45:00
2026-06-04,67.4,BTCW,09:30:00
2026-06-04,67.82,BTCW,09:45:00
2026-06-04,68.02,BTCW,10:00:00
2026-06-04,67.75,BTCW,10:15:00
2026-06-04,67.59,BTCW,10:30:00
2026-06-04,67.54,BTCW,10:45:00
2026-06-04,67.99,BTCW,11:00:00
2026-06-04,67.57,BTCW,11:15:00
2026-06-04,67.44,BTCW,11:30:00
2026-06-04,67.5,BTCW,11:45:00
2026-06-04,67.24,BTCW,12:00:00
2026-06-04,67.23,BTCW,12:15:00
2026-06-04,67.37,BTCW,12:30:00
2026-06-04,67.12,BTCW,12:45:00
2026-06-04,67.14,BTCW,13:00:00
2026-06-04,66.73,BTCW,13:15:00
2026-06-04,66.55,BTCW,13:30:00
2026-06-04,67.09,BTCW,13:45:00
2026-06-04,66.68,BTCW,14:00:00
2026-06-04,67.43,BTCW,14:15:00
2026-06-04,67.5,BTCW,14:30:00
2026-06-04,67.4,BTCW,14:45:00
2026-06-04,67.44,BTCW,15:00:00
2026-06-04,67.72,BTCW,15:15:00
2026-06-04,67.35,BTCW,15:30:00
2026-06-04,67.16,BTCW,15:45:00
2026-06-05,65.31,BTCW,09:30:00
2026-06-05,64.16,BTCW,09:45:00
2026-06-05,64.31,BTCW,10:00:00
2026-06-05,63.8,BTCW,10:15:00
2026-06-05,64.28,BTCW,10:30:00
2026-06-05,64.32,BTCW,10:45:00
2026-06-05,64.0,BTCW,11:00:00
2026-06-05,64.22,BTCW,11:15:00
2026-06-05,63.77,BTCW,11:30:00
2026-06-05,63.87,BTCW,11:45:00
2026-06-05,64.31,BTCW,12:00:00
2026-06-05,64.38,BTCW,12:15:00
2026-06-05,64.26,BTCW,12:30:00
2026-06-05,64.87,BTCW,12:45:00
2026-06-05,64.48,BTCW,13:00:00
2026-06-05,64.09,BTCW,13:15:00
2026-06-05,64.18,BTCW,13:30:00
2026-06-05,64.22,BTCW,13:45:00
2026-06-05,64.03,BTCW,14:00:00
2026-06-05,63.55,BTCW,14:15:00
2026-06-05,63.31,BTCW,14:30:00
2026-06-05,62.75,BTCW,14:45:00
2026-06-05,62.77,BTCW,15:00:00
2026-06-05,63.25,BTCW,15:15:00
2026-06-05,63.14,BTCW,15:30:00
2026-06-05,63.75,BTCW,15:45:00
2026-06-08,67.06,BTCW,09:30:00
2026-06-08,67.39,BTCW,09:45:00
2026-06-08,67.5,BTCW,10:00:00
2026-06-08,67.41,BTCW,10:15:00
2026-06-08,67.52,BTCW,10:30:00
2026-06-08,67.59,BTCW,10:45:00
2026-06-08,67.84,BTCW,11:00:00
2026-06-08,67.64,BTCW,11:15:00
2026-06-08,67.47,BTCW,11:30:00
2026-06-08,67.36,BTCW,11:45:00
2026-06-08,67.43,BTCW,12:00:00
2026-06-08,67.49,BTCW,12:15:00
2026-06-08,67.26,BTCW,12:30:00
2026-06-08,67.13,BTCW,12:45:00
2026-06-08,66.94,BTCW,13:00:00
2026-06-08,67.22,BTCW,13:15:00
2026-06-08,66.97,BTCW,13:30:00
2026-06-08,67.14,BTCW,13:45:00
2026-06-08,67.2,BTCW,14:00:00
2026-06-08,67.25,BTCW,14:15:00
2026-06-08,67.11,BTCW,14:30:00
2026-06-08,67.06,BTCW,14:45:00
2026-06-08,67.04,BTCW,15:00:00
2026-06-08,67.13,BTCW,15:15:00
2026-06-08,67.09,BTCW,15:30:00
2026-06-08,66.95,BTCW,15:45:00
2026-04-27,45.0,EZBC,09:30:00
2026-04-27,44.95,EZBC,09:45:00
2026-04-27,45.0,EZBC,10:00:00
2026-04-27,45.02,EZBC,10:15:00
2026-04-27,45.19,EZBC,10:30:00
2026-04-27,44.99,EZBC,10:45:00
2026-04-27,44.72,EZBC,11:00:00
2026-04-27,44.41,EZBC,11:15:00
2026-04-27,44.53,EZBC,11:30:00
2026-04-27,44.36,EZBC,11:45:00
2026-04-27,44.36,EZBC,12:00:00
2026-04-27,44.36,EZBC,12:15:00
2026-04-27,44.26,EZBC,12:30:00
2026-04-27,44.28,EZBC,12:45:00
2026-04-27,44.32,EZBC,13:00:00
2026-04-27,44.39,EZBC,13:15:00
2026-04-27,44.42,EZBC,13:30:00
2026-04-27,44.34,EZBC,13:45:00
2026-04-27,44.35,EZBC,14:00:00
2026-04-27,44.32,EZBC,14:15:00
2026-04-27,44.36,EZBC,14:30:00
2026-04-27,44.41,EZBC,14:45:00
2026-04-27,44.44,EZBC,15:00:00
2026-04-27,44.27,EZBC,15:15:00
2026-04-27,44.38,EZBC,15:30:00
2026-04-27,44.44,EZBC,15:45:00
2026-04-28,44.08,EZBC,09:30:00
2026-04-28,44.05,EZBC,09:45:00
2026-04-28,43.96,EZBC,10:00:00
2026-04-28,43.81,EZBC,10:15:00
2026-04-28,43.83,EZBC,10:30:00
2026-04-28,43.89,EZBC,10:45:00
2026-04-28,43.91,EZBC,11:00:00
2026-04-28,43.93,EZBC,11:15:00
2026-04-28,43.88,EZBC,11:30:00
2026-04-28,43.95,EZBC,11:45:00
2026-04-28,43.92,EZBC,12:00:00
2026-04-28,43.89,EZBC,12:15:00
2026-04-28,43.86,EZBC,12:30:00
2026-04-28,43.99,EZBC,12:45:00
2026-04-28,43.94,EZBC,13:00:00
2026-04-28,43.98,EZBC,13:15:00
2026-04-28,44.04,EZBC,13:30:00
2026-04-28,44.03,EZBC,13:45:00
2026-04-28,44.0,EZBC,14:00:00
2026-04-28,44.06,EZBC,14:15:00
2026-04-28,44.02,EZBC,14:30:00
2026-04-28,44.07,EZBC,14:45:00
2026-04-28,43.97,EZBC,15:00:00
2026-04-28,44.02,EZBC,15:15:00
2026-04-28,44.11,EZBC,15:30:00
2026-04-28,44.11,EZBC,15:45:00
2026-04-29,44.24,EZBC,09:30:00
2026-04-29,44.37,EZBC,09:45:00
2026-04-29,44.25,EZBC,10:00:00
2026-04-29,44.33,EZBC,10:15:00
2026-04-29,44.26,EZBC,10:30:00
2026-04-29,44.25,EZBC,10:45:00
2026-04-29,44.06,EZBC,11:00:00
2026-04-29,44.04,EZBC,11:15:00
2026-04-29,43.9,EZBC,11:30:00
2026-04-29,43.87,EZBC,11:45:00
2026-04-29,43.93,EZBC,12:00:00
2026-04-29,43.81,EZBC,12:15:00
2026-04-29,43.84,EZBC,12:30:00
2026-04-29,43.79,EZBC,12:45:00
2026-04-29,43.87,EZBC,13:00:00
2026-04-29,43.84,EZBC,13:15:00
2026-04-29,43.92,EZBC,13:30:00
2026-04-29,44.02,EZBC,13:45:00
2026-04-29,43.43,EZBC,14:00:00
2026-04-29,43.41,EZBC,14:15:00
2026-04-29,43.45,EZBC,14:30:00
2026-04-29,43.62,EZBC,14:45:00
2026-04-29,43.65,EZBC,15:00:00
2026-04-29,43.63,EZBC,15:15:00
2026-04-29,43.57,EZBC,15:30:00
2026-04-29,43.65,EZBC,15:45:00
2026-04-30,44.29,EZBC,09:30:00
2026-04-30,44.17,EZBC,09:45:00
2026-04-30,44.13,EZBC,10:00:00
2026-04-30,44.12,EZBC,10:15:00
2026-04-30,44.11,EZBC,10:30:00
2026-04-30,44.08,EZBC,10:45:00
2026-04-30,44.17,EZBC,11:00:00
2026-04-30,44.21,EZBC,11:15:00
2026-04-30,44.17,EZBC,11:30:00
2026-04-30,44.18,EZBC,11:45:00
2026-04-30,44.18,EZBC,12:00:00
2026-04-30,44.12,EZBC,12:15:00
2026-04-30,44.11,EZBC,12:30:00
2026-04-30,44.06,EZBC,12:45:00
2026-04-30,44.03,EZBC,13:00:00
2026-04-30,43.99,EZBC,13:15:00
2026-04-30,44.0,EZBC,13:30:00
2026-04-30,44.05,EZBC,13:45:00
2026-04-30,44.06,EZBC,14:00:00
2026-04-30,44.08,EZBC,14:15:00
2026-04-30,44.14,EZBC,14:30:00
2026-04-30,44.12,EZBC,14:45:00
2026-04-30,44.18,EZBC,15:00:00
2026-04-30,44.19,EZBC,15:15:00
2026-04-30,44.17,EZBC,15:30:00
2026-04-30,44.16,EZBC,15:45:00
2026-05-01,45.27,EZBC,09:30:00
2026-05-01,45.56,EZBC,09:45:00
2026-05-01,45.52,EZBC,10:00:00
2026-05-01,45.27,EZBC,10:15:00
2026-05-01,45.22,EZBC,10:30:00
2026-05-01,45.31,EZBC,10:45:00
2026-05-01,45.39,EZBC,11:00:00
2026-05-01,45.44,EZBC,11:15:00
2026-05-01,45.5,EZBC,11:30:00
2026-05-01,45.37,EZBC,11:45:00
2026-05-01,45.34,EZBC,12:00:00
2026-05-01,45.3,EZBC,12:15:00
2026-05-01,45.27,EZBC,12:30:00
2026-05-01,45.23,EZBC,12:45:00
2026-05-01,45.3,EZBC,13:00:00
2026-05-01,45.25,EZBC,13:15:00
2026-05-01,45.38,EZBC,13:30:00
2026-05-01,45.44,EZBC,13:45:00
2026-05-01,45.42,EZBC,14:00:00
2026-05-01,45.47,EZBC,14:15:00
2026-05-01,45.37,EZBC,14:30:00
2026-05-01,45.36,EZBC,14:45:00
2026-05-01,45.4,EZBC,15:00:00
2026-05-01,45.36,EZBC,15:15:00
2026-05-01,45.31,EZBC,15:30:00
2026-05-01,45.33,EZBC,15:45:00
2026-05-04,45.58,EZBC,09:30:00
2026-05-04,45.54,EZBC,09:45:00
2026-05-04,45.64,EZBC,10:00:00
2026-05-04,45.82,EZBC,10:15:00
2026-05-04,45.99,EZBC,10:30:00
2026-05-04,46.39,EZBC,10:45:00
2026-05-04,46.33,EZBC,11:00:00
2026-05-04,46.09,EZBC,11:15:00
2026-05-04,46.21,EZBC,11:30:00
2026-05-04,46.27,EZBC,11:45:00
2026-05-04,46.09,EZBC,12:00:00
2026-05-04,46.41,EZBC,12:15:00
2026-05-04,46.42,EZBC,12:30:00
2026-05-04,46.27,EZBC,12:45:00
2026-05-04,46.48,EZBC,13:00:00
2026-05-04,46.52,EZBC,13:15:00
2026-05-04,46.42,EZBC,13:30:00
2026-05-04,46.47,EZBC,13:45:00
2026-05-04,46.47,EZBC,14:00:00
2026-05-04,46.4,EZBC,14:15:00
2026-05-04,46.34,EZBC,14:30:00
2026-05-04,46.32,EZBC,14:45:00
2026-05-04,46.3,EZBC,15:00:00
2026-05-04,46.19,EZBC,15:15:00
2026-05-04,46.25,EZBC,15:30:00
2026-05-04,46.27,EZBC,15:45:00
2026-05-05,47.08,EZBC,09:30:00
2026-05-05,47.05,EZBC,09:45:00
2026-05-05,46.88,EZBC,10:00:00
2026-05-05,47.07,EZBC,10:15:00
2026-05-05,46.97,EZBC,10:30:00
2026-05-05,47.03,EZBC,10:45:00
2026-05-05,47.16,EZBC,11:00:00
2026-05-05,47.2,EZBC,11:15:00
2026-05-05,47.21,EZBC,11:30:00
2026-05-05,47.16,EZBC,11:45:00
2026-05-05,47.11,EZBC,12:00:00
2026-05-05,47.08,EZBC,12:15:00
2026-05-05,46.88,EZBC,12:30:00
2026-05-05,47.01,EZBC,12:45:00
2026-05-05,47.02,EZBC,13:00:00
2026-05-05,47.06,EZBC,13:15:00
2026-05-05,47.0,EZBC,13:30:00
2026-05-05,46.98,EZBC,13:45:00
2026-05-05,47.16,EZBC,14:00:00
2026-05-05,47.09,EZBC,14:15:00
2026-05-05,47.14,EZBC,14:30:00
2026-05-05,47.13,EZBC,14:45:00
2026-05-05,47.1,EZBC,15:00:00
2026-05-05,47.14,EZBC,15:15:00
2026-05-05,47.21,EZBC,15:30:00
2026-05-05,47.17,EZBC,15:45:00
2026-05-06,47.34,EZBC,09:30:00
2026-05-06,47.2,EZBC,09:45:00
2026-05-06,47.07,EZBC,10:00:00
2026-05-06,47.16,EZBC,10:15:00
2026-05-06,47.33,EZBC,10:30:00
2026-05-06,47.11,EZBC,10:45:00
2026-05-06,47.05,EZBC,11:00:00
2026-05-06,47.19,EZBC,11:15:00
2026-05-06,47.16,EZBC,11:30:00
2026-05-06,47.22,EZBC,11:45:00
2026-05-06,47.25,EZBC,12:00:00
2026-05-06,47.09,EZBC,12:15:00
2026-05-06,47.2,EZBC,12:30:00
2026-05-06,47.16,EZBC,12:45:00
2026-05-06,47.2,EZBC,13:00:00
2026-05-06,47.08,EZBC,13:15:00
2026-05-06,47.12,EZBC,13:30:00
2026-05-06,47.06,EZBC,13:45:00
2026-05-06,47.09,EZBC,14:00:00
2026-05-06,47.07,EZBC,14:15:00
2026-05-06,47.02,EZBC,14:30:00
2026-05-06,47.01,EZBC,14:45:00
2026-05-06,46.95,EZBC,15:00:00
2026-05-06,47.0,EZBC,15:15:00
2026-05-06,47.06,EZBC,15:30:00
2026-05-06,47.08,EZBC,15:45:00
2026-05-07,46.56,EZBC,09:30:00
2026-05-07,46.53,EZBC,09:45:00
2026-05-07,46.62,EZBC,10:00:00
2026-05-07,46.47,EZBC,10:15:00
2026-05-07,46.31,EZBC,10:30:00
2026-05-07,46.32,EZBC,10:45:00
2026-05-07,46.31,EZBC,11:00:00
2026-05-07,46.13,EZBC,11:15:00
2026-05-07,46.2,EZBC,11:30:00
2026-05-07,46.16,EZBC,11:45:00
2026-05-07,46.12,EZBC,12:00:00
2026-05-07,46.21,EZBC,12:15:00
2026-05-07,46.16,EZBC,12:30:00
2026-05-07,46.1,EZBC,12:45:00
2026-05-07,46.15,EZBC,13:00:00
2026-05-07,46.04,EZBC,13:15:00
2026-05-07,46.16,EZBC,13:30:00
2026-05-07,46.29,EZBC,13:45:00
2026-05-07,46.31,EZBC,14:00:00
2026-05-07,46.3,EZBC,14:15:00
2026-05-07,46.3,EZBC,14:30:00
2026-05-07,46.35,EZBC,14:45:00
2026-05-07,46.33,EZBC,15:00:00
2026-05-07,46.2,EZBC,15:15:00
2026-05-07,46.3,EZBC,15:30:00
2026-05-07,46.31,EZBC,15:45:00
2026-05-08,45.98,EZBC,09:30:00
2026-05-08,46.0,EZBC,09:45:00
2026-05-08,46.17,EZBC,10:00:00
2026-05-08,46.26,EZBC,10:15:00
2026-05-08,46.34,EZBC,10:30:00
2026-05-08,46.3,EZBC,10:45:00
2026-05-08,46.15,EZBC,11:00:00
2026-05-08,46.05,EZBC,11:15:00
2026-05-08,46.2,EZBC,11:30:00
2026-05-08,46.31,EZBC,11:45:00
2026-05-08,46.2,EZBC,12:00:00
2026-05-08,46.19,EZBC,12:15:00
2026-05-08,46.09,EZBC,12:30:00
2026-05-08,46.09,EZBC,12:45:00
2026-05-08,46.13,EZBC,13:00:00
2026-05-08,46.24,EZBC,13:15:00
2026-05-08,46.31,EZBC,13:30:00
2026-05-08,46.26,EZBC,13:45:00
2026-05-08,46.35,EZBC,14:00:00
2026-05-08,46.37,EZBC,14:15:00
2026-05-08,46.32,EZBC,14:30:00
2026-05-08,46.28,EZBC,14:45:00
2026-05-08,46.27,EZBC,15:00:00
2026-05-08,46.25,EZBC,15:15:00
2026-05-08,46.29,EZBC,15:30:00
2026-05-08,46.34,EZBC,15:45:00
2026-05-11,46.83,EZBC,09:30:00
2026-05-11,46.84,EZBC,09:45:00
2026-05-11,46.88,EZBC,10:00:00
2026-05-11,46.64,EZBC,10:15:00
2026-05-11,46.67,EZBC,10:30:00
2026-05-11,46.76,EZBC,10:45:00
2026-05-11,46.8,EZBC,11:00:00
2026-05-11,47.0,EZBC,11:15:00
2026-05-11,46.92,EZBC,11:30:00
2026-05-11,47.05,EZBC,11:45:00
2026-05-11,47.27,EZBC,12:00:00
2026-05-11,47.26,EZBC,12:15:00
2026-05-11,47.15,EZBC,12:30:00
2026-05-11,47.14,EZBC,12:45:00
2026-05-11,47.1,EZBC,13:00:00
2026-05-11,47.17,EZBC,13:15:00
2026-05-11,47.37,EZBC,13:30:00
2026-05-11,47.36,EZBC,13:45:00
2026-05-11,47.37,EZBC,14:00:00
2026-05-11,47.41,EZBC,14:15:00
2026-05-11,47.36,EZBC,14:30:00
2026-05-11,47.3,EZBC,14:45:00
2026-05-11,47.34,EZBC,15:00:00
2026-05-11,47.33,EZBC,15:15:00
2026-05-11,47.38,EZBC,15:30:00
2026-05-11,47.36,EZBC,15:45:00
2026-05-12,46.66,EZBC,09:30:00
2026-05-12,46.48,EZBC,09:45:00
2026-05-12,46.63,EZBC,10:00:00
2026-05-12,46.59,EZBC,10:15:00
2026-05-12,46.69,EZBC,10:30:00
2026-05-12,46.52,EZBC,10:45:00
2026-05-12,46.56,EZBC,11:00:00
2026-05-12,46.34,EZBC,11:15:00
2026-05-12,46.42,EZBC,11:30:00
2026-05-12,46.4,EZBC,11:45:00
2026-05-12,46.43,EZBC,12:00:00
2026-05-12,46.38,EZBC,12:15:00
2026-05-12,46.36,EZBC,12:30:00
2026-05-12,46.2,EZBC,12:45:00
2026-05-12,46.34,EZBC,13:00:00
2026-05-12,46.47,EZBC,13:15:00
2026-05-12,46.52,EZBC,13:30:00
2026-05-12,46.52,EZBC,13:45:00
2026-05-12,46.53,EZBC,14:00:00
2026-05-12,46.51,EZBC,14:15:00
2026-05-12,46.61,EZBC,14:30:00
2026-05-12,46.61,EZBC,14:45:00
2026-05-12,46.69,EZBC,15:00:00
2026-05-12,46.63,EZBC,15:15:00
2026-05-12,46.66,EZBC,15:30:00
2026-05-12,46.71,EZBC,15:45:00
2026-05-13,46.12,EZBC,09:30:00
2026-05-13,46.01,EZBC,09:45:00
2026-05-13,46.04,EZBC,10:00:00
2026-05-13,46.12,EZBC,10:15:00
2026-05-13,46.04,EZBC,10:30:00
2026-05-13,46.07,EZBC,10:45:00
2026-05-13,45.87,EZBC,11:00:00
2026-05-13,45.78,EZBC,11:15:00
2026-05-13,45.77,EZBC,11:30:00
2026-05-13,45.51,EZBC,11:45:00
2026-05-13,45.57,EZBC,12:00:00
2026-05-13,45.64,EZBC,12:15:00
2026-05-13,45.69,EZBC,12:30:00
2026-05-13,45.69,EZBC,12:45:00
2026-05-13,45.76,EZBC,13:00:00
2026-05-13,45.82,EZBC,13:15:00
2026-05-13,45.87,EZBC,13:30:00
2026-05-13,45.91,EZBC,13:45:00
2026-05-13,45.98,EZBC,14:00:00
2026-05-13,46.07,EZBC,14:15:00
2026-05-13,46.0,EZBC,14:30:00
2026-05-13,45.97,EZBC,14:45:00
2026-05-13,45.92,EZBC,15:00:00
2026-05-13,45.91,EZBC,15:15:00
2026-05-13,45.92,EZBC,15:30:00
2026-05-13,46.0,EZBC,15:45:00
2026-05-14,46.13,EZBC,09:30:00
2026-05-14,46.04,EZBC,09:45:00
2026-05-14,46.2,EZBC,10:00:00
2026-05-14,46.31,EZBC,10:15:00
2026-05-14,46.43,EZBC,10:30:00
2026-05-14,46.8,EZBC,10:45:00
2026-05-14,46.81,EZBC,11:00:00
2026-05-14,46.82,EZBC,11:15:00
2026-05-14,46.84,EZBC,11:30:00
2026-05-14,47.0,EZBC,11:45:00
2026-05-14,47.15,EZBC,12:00:00
2026-05-14,47.15,EZBC,12:15:00
2026-05-14,47.13,EZBC,12:30:00
2026-05-14,47.36,EZBC,12:45:00
2026-05-14,47.25,EZBC,13:00:00
2026-05-14,47.11,EZBC,13:15:00
2026-05-14,47.2,EZBC,13:30:00
2026-05-14,47.22,EZBC,13:45:00
2026-05-14,47.33,EZBC,14:00:00
2026-05-14,47.33,EZBC,14:15:00
2026-05-14,47.14,EZBC,14:30:00
2026-05-14,47.16,EZBC,14:45:00
2026-05-14,47.15,EZBC,15:00:00
2026-05-14,47.02,EZBC,15:15:00
2026-05-14,47.08,EZBC,15:30:00
2026-05-14,47.07,EZBC,15:45:00
2026-05-15,45.7,EZBC,09:30:00
2026-05-15,45.47,EZBC,09:45:00
2026-05-15,45.76,EZBC,10:00:00
2026-05-15,45.66,EZBC,10:15:00
2026-05-15,45.75,EZBC,10:30:00
2026-05-15,45.72,EZBC,10:45:00
2026-05-15,45.76,EZBC,11:00:00
2026-05-15,45.71,EZBC,11:15:00
2026-05-15,45.68,EZBC,11:30:00
2026-05-15,45.72,EZBC,11:45:00
2026-05-15,45.75,EZBC,12:00:00
2026-05-15,45.81,EZBC,12:15:00
2026-05-15,45.8,EZBC,12:30:00
2026-05-15,45.8,EZBC,12:45:00
2026-05-15,45.79,EZBC,13:00:00
2026-05-15,45.85,EZBC,13:15:00
2026-05-15,45.87,EZBC,13:30:00
2026-05-15,45.9,EZBC,13:45:00
2026-05-15,45.91,EZBC,14:00:00
2026-05-15,45.78,EZBC,14:15:00
2026-05-15,45.8,EZBC,14:30:00
2026-05-15,45.78,EZBC,14:45:00
2026-05-15,45.67,EZBC,15:00:00
2026-05-15,45.69,EZBC,15:15:00
2026-05-15,45.69,EZBC,15:30:00
2026-05-15,45.7,EZBC,15:45:00
2026-05-18,44.36,EZBC,09:30:00
2026-05-18,44.43,EZBC,09:45:00
2026-05-18,44.29,EZBC,10:00:00
2026-05-18,44.26,EZBC,10:15:00
2026-05-18,44.16,EZBC,10:30:00
2026-05-18,44.11,EZBC,10:45:00
2026-05-18,44.03,EZBC,11:00:00
2026-05-18,43.92,EZBC,11:15:00
2026-05-18,44.06,EZBC,11:30:00
2026-05-18,44.11,EZBC,11:45:00
2026-05-18,44.17,EZBC,12:00:00
2026-05-18,44.03,EZBC,12:15:00
2026-05-18,44.14,EZBC,12:30:00
2026-05-18,44.12,EZBC,12:45:00
2026-05-18,44.21,EZBC,13:00:00
2026-05-18,44.28,EZBC,13:15:00
2026-05-18,44.27,EZBC,13:30:00
2026-05-18,44.28,EZBC,13:45:00
2026-05-18,44.14,EZBC,14:00:00
2026-05-18,44.09,EZBC,14:15:00
2026-05-18,44.06,EZBC,14:30:00
2026-05-18,44.03,EZBC,14:45:00
2026-05-18,44.25,EZBC,15:00:00
2026-05-18,44.25,EZBC,15:15:00
2026-05-18,44.39,EZBC,15:30:00
2026-05-18,44.41,EZBC,15:45:00
2026-05-19,44.3,EZBC,09:30:00
2026-05-19,44.38,EZBC,09:45:00
2026-05-19,44.24,EZBC,10:00:00
2026-05-19,44.13,EZBC,10:15:00
2026-05-19,44.14,EZBC,10:30:00
2026-05-19,44.1,EZBC,10:45:00
2026-05-19,44.23,EZBC,11:00:00
2026-05-19,44.17,EZBC,11:15:00
2026-05-19,44.15,EZBC,11:30:00
2026-05-19,44.18,EZBC,11:45:00
2026-05-19,44.15,EZBC,12:00:00
2026-05-19,44.23,EZBC,12:15:00
2026-05-19,44.35,EZBC,12:30:00
2026-05-19,44.41,EZBC,12:45:00
2026-05-19,44.45,EZBC,13:00:00
2026-05-19,44.39,EZBC,13:15:00
2026-05-19,44.42,EZBC,13:30:00
2026-05-19,44.38,EZBC,13:45:00
2026-05-19,44.42,EZBC,14:00:00
2026-05-19,44.34,EZBC,14:15:00
2026-05-19,44.36,EZBC,14:30:00
2026-05-19,44.34,EZBC,14:45:00
2026-05-19,44.5,EZBC,15:00:00
2026-05-19,44.34,EZBC,15:15:00
2026-05-19,44.39,EZBC,15:30:00
2026-05-19,44.36,EZBC,15:45:00
2026-05-20,44.51,EZBC,09:30:00
2026-05-20,44.59,EZBC,09:45:00
2026-05-20,44.52,EZBC,10:00:00
2026-05-20,44.71,EZBC,10:15:00
2026-05-20,44.69,EZBC,10:30:00
2026-05-20,44.72,EZBC,10:45:00
2026-05-20,44.64,EZBC,11:00:00
2026-05-20,44.8,EZBC,11:15:00
2026-05-20,44.73,EZBC,11:30:00
2026-05-20,44.73,EZBC,11:45:00
2026-05-20,44.75,EZBC,12:00:00
2026-05-20,44.51,EZBC,12:15:00
2026-05-20,44.67,EZBC,12:30:00
2026-05-20,44.66,EZBC,12:45:00
2026-05-20,44.69,EZBC,13:00:00
2026-05-20,44.8,EZBC,13:15:00
2026-05-20,44.86,EZBC,13:30:00
2026-05-20,44.78,EZBC,13:45:00
2026-05-20,44.75,EZBC,14:00:00
2026-05-20,44.75,EZBC,14:15:00
2026-05-20,44.74,EZBC,14:30:00
2026-05-20,44.7,EZBC,14:45:00
2026-05-20,44.7,EZBC,15:00:00
2026-05-20,44.8,EZBC,15:15:00
2026-05-20,44.83,EZBC,15:30:00
2026-05-20,44.86,EZBC,15:45:00
2026-05-21,44.31,EZBC,09:30:00
2026-05-21,44.53,EZBC,09:45:00
2026-05-21,44.5,EZBC,10:00:00
2026-05-21,44.49,EZBC,10:15:00
2026-05-21,44.45,EZBC,10:30:00
2026-05-21,44.44,EZBC,10:45:00
2026-05-21,44.54,EZBC,11:00:00
2026-05-21,44.61,EZBC,11:15:00
2026-05-21,44.59,EZBC,11:30:00
2026-05-21,44.61,EZBC,11:45:00
2026-05-21,44.62,EZBC,12:00:00
2026-05-21,44.56,EZBC,12:15:00
2026-05-21,44.5,EZBC,12:30:00
2026-05-21,44.58,EZBC,12:45:00
2026-05-21,44.78,EZBC,13:00:00
2026-05-21,45.03,EZBC,13:15:00
2026-05-21,44.99,EZBC,13:30:00
2026-05-21,44.97,EZBC,13:45:00
2026-05-21,44.88,EZBC,14:00:00
2026-05-21,44.89,EZBC,14:15:00
2026-05-21,44.91,EZBC,14:30:00
2026-05-21,44.69,EZBC,14:45:00
2026-05-21,44.78,EZBC,15:00:00
2026-05-21,44.78,EZBC,15:15:00
2026-05-21,44.83,EZBC,15:30:00
2026-05-21,44.87,EZBC,15:45:00
2026-05-22,44.58,EZBC,09:30:00
2026-05-22,44.66,EZBC,09:45:00
2026-05-22,44.5,EZBC,10:00:00
2026-05-22,44.37,EZBC,10:15:00
2026-05-22,44.35,EZBC,10:30:00
2026-05-22,44.33,EZBC,10:45:00
2026-05-22,44.34,EZBC,11:00:00
2026-05-22,44.42,EZBC,11:15:00
2026-05-22,44.3,EZBC,11:30:00
2026-05-22,44.34,EZBC,11:45:00
2026-05-22,44.39,EZBC,12:00:00
2026-05-22,44.43,EZBC,12:15:00
2026-05-22,44.41,EZBC,12:30:00
2026-05-22,44.44,EZBC,12:45:00
2026-05-22,44.45,EZBC,13:00:00
2026-05-22,44.51,EZBC,13:15:00
2026-05-22,44.44,EZBC,13:30:00
2026-05-22,44.31,EZBC,13:45:00
2026-05-22,44.35,EZBC,14:00:00
2026-05-22,44.35,EZBC,14:15:00
2026-05-22,44.22,EZBC,14:30:00
2026-05-22,44.19,EZBC,14:45:00
2026-05-22,44.02,EZBC,15:00:00
2026-05-22,44.03,EZBC,15:15:00
2026-05-22,43.78,EZBC,15:30:00
2026-05-22,43.8,EZBC,15:45:00
2026-05-26,44.41,EZBC,09:30:00
2026-05-26,44.62,EZBC,09:45:00
2026-05-26,44.72,EZBC,10:00:00
2026-05-26,45.02,EZBC,10:15:00
2026-05-26,44.34,EZBC,10:30:00
2026-05-26,44.39,EZBC,10:45:00
2026-05-26,44.42,EZBC,11:00:00
2026-05-26,44.24,EZBC,11:15:00
2026-05-26,44.17,EZBC,11:30:00
2026-05-26,44.15,EZBC,11:45:00
2026-05-26,44.05,EZBC,12:00:00
2026-05-26,44.17,EZBC,12:15:00
2026-05-26,44.17,EZBC,12:30:00
2026-05-26,44.19,EZBC,12:45:00
2026-05-26,44.15,EZBC,13:00:00
2026-05-26,43.9,EZBC,13:15:00
2026-05-26,43.87,EZBC,13:30:00
2026-05-26,43.82,EZBC,13:45:00
2026-05-26,43.86,EZBC,14:00:00
2026-05-26,43.9,EZBC,14:15:00
2026-05-26,43.8,EZBC,14:30:00
2026-05-26,43.75,EZBC,14:45:00
2026-05-26,43.75,EZBC,15:00:00
2026-05-26,43.8,EZBC,15:15:00
2026-05-26,43.86,EZBC,15:30:00
2026-05-26,43.87,EZBC,15:45:00
2026-05-27,43.22,EZBC,09:30:00
2026-05-27,43.3,EZBC,09:45:00
2026-05-27,43.27,EZBC,10:00:00
2026-05-27,43.19,EZBC,10:15:00
2026-05-27,43.31,EZBC,10:30:00
2026-05-27,43.29,EZBC,10:45:00
2026-05-27,43.34,EZBC,11:00:00
2026-05-27,43.48,EZBC,11:15:00
2026-05-27,43.38,EZBC,11:30:00
2026-05-27,43.46,EZBC,11:45:00
2026-05-27,43.43,EZBC,12:00:00
2026-05-27,43.33,EZBC,12:15:00
2026-05-27,43.36,EZBC,12:30:00
2026-05-27,43.45,EZBC,12:45:00
2026-05-27,43.26,EZBC,13:00:00
2026-05-27,43.27,EZBC,13:15:00
2026-05-27,43.2,EZBC,13:30:00
2026-05-27,43.18,EZBC,13:45:00
2026-05-27,43.12,EZBC,14:00:00
2026-05-27,43.22,EZBC,14:15:00
2026-05-27,43.26,EZBC,14:30:00
2026-05-27,43.28,EZBC,14:45:00
2026-05-27,43.29,EZBC,15:00:00
2026-05-27,43.29,EZBC,15:15:00
2026-05-27,43.27,EZBC,15:30:00
2026-05-27,43.3,EZBC,15:45:00
2026-05-28,41.99,EZBC,09:30:00
2026-05-28,42.13,EZBC,09:45:00
2026-05-28,42.29,EZBC,10:00:00
2026-05-28,42.09,EZBC,10:15:00
2026-05-28,42.02,EZBC,10:30:00
2026-05-28,42.13,EZBC,10:45:00
2026-05-28,42.04,EZBC,11:00:00
2026-05-28,42.09,EZBC,11:15:00
2026-05-28,42.11,EZBC,11:30:00
2026-05-28,42.08,EZBC,11:45:00
2026-05-28,42.17,EZBC,12:00:00
2026-05-28,42.2,EZBC,12:15:00
2026-05-28,42.32,EZBC,12:30:00
2026-05-28,42.38,EZBC,12:45:00
2026-05-28,42.42,EZBC,13:00:00
2026-05-28,42.33,EZBC,13:15:00
2026-05-28,42.41,EZBC,13:30:00
2026-05-28,42.44,EZBC,13:45:00
2026-05-28,42.5,EZBC,14:00:00
2026-05-28,42.47,EZBC,14:15:00
2026-05-28,42.48,EZBC,14:30:00
2026-05-28,42.52,EZBC,14:45:00
2026-05-28,42.4,EZBC,15:00:00
2026-05-28,42.45,EZBC,15:15:00
2026-05-28,42.38,EZBC,15:30:00
2026-05-28,42.38,EZBC,15:45:00
2026-05-29,42.29,EZBC,09:30:00
2026-05-29,42.21,EZBC,09:45:00
2026-05-29,42.13,EZBC,10:00:00
2026-05-29,41.95,EZBC,10:15:00
2026-05-29,41.91,EZBC,10:30:00
2026-05-29,42.17,EZBC,10:45:00
2026-05-29,42.54,EZBC,11:00:00
2026-05-29,42.5,EZBC,11:15:00
2026-05-29,42.61,EZBC,11:30:00
2026-05-29,42.59,EZBC,11:45:00
2026-05-29,42.69,EZBC,12:00:00
2026-05-29,42.5,EZBC,12:15:00
2026-05-29,42.76,EZBC,12:30:00
2026-05-29,42.75,EZBC,12:45:00
2026-05-29,42.86,EZBC,13:00:00
2026-05-29,42.85,EZBC,13:15:00
2026-05-29,42.84,EZBC,13:30:00
2026-05-29,42.7,EZBC,13:45:00
2026-05-29,42.75,EZBC,14:00:00
2026-05-29,42.6,EZBC,14:15:00
2026-05-29,42.6,EZBC,14:30:00
2026-05-29,42.36,EZBC,14:45:00
2026-05-29,42.39,EZBC,15:00:00
2026-05-29,42.33,EZBC,15:15:00
2026-05-29,42.54,EZBC,15:30:00
2026-05-29,42.43,EZBC,15:45:00
2026-06-01,41.31,EZBC,09:30:00
2026-06-01,41.36,EZBC,09:45:00
2026-06-01,41.33,EZBC,10:00:00
2026-06-01,41.25,EZBC,10:15:00
2026-06-01,41.23,EZBC,10:30:00
2026-06-01,41.27,EZBC,10:45:00
2026-06-01,41.23,EZBC,11:00:00
2026-06-01,40.98,EZBC,11:15:00
2026-06-01,41.09,EZBC,11:30:00
2026-06-01,41.02,EZBC,11:45:00
2026-06-01,40.86,EZBC,12:00:00
2026-06-01,41.0,EZBC,12:15:00
2026-06-01,41.14,EZBC,12:30:00
2026-06-01,41.28,EZBC,12:45:00
2026-06-01,41.3,EZBC,13:00:00
2026-06-01,41.39,EZBC,13:15:00
2026-06-01,41.38,EZBC,13:30:00
2026-06-01,41.33,EZBC,13:45:00
2026-06-01,41.25,EZBC,14:00:00
2026-06-01,41.28,EZBC,14:15:00
2026-06-01,41.25,EZBC,14:30:00
2026-06-01,41.25,EZBC,14:45:00
2026-06-01,41.2,EZBC,15:00:00
2026-06-01,41.31,EZBC,15:15:00
2026-06-01,41.33,EZBC,15:30:00
2026-06-01,41.3,EZBC,15:45:00
2026-06-02,39.73,EZBC,09:30:00
2026-06-02,39.7,EZBC,09:45:00
2026-06-02,39.55,EZBC,10:00:00
2026-06-02,39.15,EZBC,10:15:00
2026-06-02,39.22,EZBC,10:30:00
2026-06-02,39.22,EZBC,10:45:00
2026-06-02,39.13,EZBC,11:00:00
2026-06-02,38.9,EZBC,11:15:00
2026-06-02,38.8,EZBC,11:30:00
2026-06-02,38.81,EZBC,11:45:00
2026-06-02,39.17,EZBC,12:00:00
2026-06-02,39.13,EZBC,12:15:00
2026-06-02,39.0,EZBC,12:30:00
2026-06-02,38.89,EZBC,12:45:00
2026-06-02,38.94,EZBC,13:00:00
2026-06-02,39.06,EZBC,13:15:00
2026-06-02,38.93,EZBC,13:30:00
2026-06-02,38.92,EZBC,13:45:00
2026-06-02,38.99,EZBC,14:00:00
2026-06-02,38.82,EZBC,14:15:00
2026-06-02,38.82,EZBC,14:30:00
2026-06-02,38.84,EZBC,14:45:00
2026-06-02,38.84,EZBC,15:00:00
2026-06-02,38.63,EZBC,15:15:00
2026-06-02,38.61,EZBC,15:30:00
2026-06-02,38.84,EZBC,15:45:00
2026-06-03,38.51,EZBC,09:30:00
2026-06-03,38.61,EZBC,09:45:00
2026-06-03,38.61,EZBC,10:00:00
2026-06-03,38.54,EZBC,10:15:00
2026-06-03,38.51,EZBC,10:30:00
2026-06-03,38.58,EZBC,10:45:00
2026-06-03,38.38,EZBC,11:00:00
2026-06-03,38.43,EZBC,11:15:00
2026-06-03,38.25,EZBC,11:30:00
2026-06-03,38.14,EZBC,11:45:00
2026-06-03,38.18,EZBC,12:00:00
2026-06-03,37.86,EZBC,12:15:00
2026-06-03,38.03,EZBC,12:30:00
2026-06-03,38.13,EZBC,12:45:00
2026-06-03,37.92,EZBC,13:00:00
2026-06-03,38.06,EZBC,13:15:00
2026-06-03,38.15,EZBC,13:30:00
2026-06-03,38.06,EZBC,13:45:00
2026-06-03,38.07,EZBC,14:00:00
2026-06-03,38.03,EZBC,14:15:00
2026-06-03,38.11,EZBC,14:30:00
2026-06-03,38.11,EZBC,14:45:00
2026-06-03,38.08,EZBC,15:00:00
2026-06-03,37.89,EZBC,15:15:00
2026-06-03,37.95,EZBC,15:30:00
2026-06-03,37.79,EZBC,15:45:00
2026-06-04,36.84,EZBC,09:30:00
2026-06-04,37.09,EZBC,09:45:00
2026-06-04,37.17,EZBC,10:00:00
2026-06-04,37.04,EZBC,10:15:00
2026-06-04,36.95,EZBC,10:30:00
2026-06-04,36.93,EZBC,10:45:00
2026-06-04,37.17,EZBC,11:00:00
2026-06-04,36.94,EZBC,11:15:00
2026-06-04,36.86,EZBC,11:30:00
2026-06-04,36.89,EZBC,11:45:00
2026-06-04,36.75,EZBC,12:00:00
2026-06-04,36.75,EZBC,12:15:00
2026-06-04,36.82,EZBC,12:30:00
2026-06-04,36.7,EZBC,12:45:00
2026-06-04,36.72,EZBC,13:00:00
2026-06-04,36.5,EZBC,13:15:00
2026-06-04,36.4,EZBC,13:30:00
2026-06-04,36.67,EZBC,13:45:00
2026-06-04,36.46,EZBC,14:00:00
2026-06-04,36.88,EZBC,14:15:00
2026-06-04,36.91,EZBC,14:30:00
2026-06-04,36.83,EZBC,14:45:00
2026-06-04,36.88,EZBC,15:00:00
2026-06-04,37.01,EZBC,15:15:00
2026-06-04,36.83,EZBC,15:30:00
2026-06-04,36.73,EZBC,15:45:00
2026-06-05,35.72,EZBC,09:30:00
2026-06-05,35.08,EZBC,09:45:00
2026-06-05,35.17,EZBC,10:00:00
2026-06-05,34.89,EZBC,10:15:00
2026-06-05,35.15,EZBC,10:30:00
2026-06-05,35.16,EZBC,10:45:00
2026-06-05,35.0,EZBC,11:00:00
2026-06-05,35.11,EZBC,11:15:00
2026-06-05,34.88,EZBC,11:30:00
2026-06-05,34.91,EZBC,11:45:00
2026-06-05,35.17,EZBC,12:00:00
2026-06-05,35.2,EZBC,12:15:00
2026-06-05,35.13,EZBC,12:30:00
2026-06-05,35.46,EZBC,12:45:00
2026-06-05,35.26,EZBC,13:00:00
2026-06-05,35.05,EZBC,13:15:00
2026-06-05,35.09,EZBC,13:30:00
2026-06-05,35.11,EZBC,13:45:00
2026-06-05,35.0,EZBC,14:00:00
2026-06-05,34.74,EZBC,14:15:00
2026-06-05,34.62,EZBC,14:30:00
2026-06-05,34.31,EZBC,14:45:00
2026-06-05,34.31,EZBC,15:00:00
2026-06-05,34.57,EZBC,15:15:00
2026-06-05,34.51,EZBC,15:30:00
2026-06-05,34.84,EZBC,15:45:00
2026-06-08,36.67,EZBC,09:30:00
2026-06-08,36.83,EZBC,09:45:00
2026-06-08,36.9,EZBC,10:00:00
2026-06-08,36.84,EZBC,10:15:00
2026-06-08,36.92,EZBC,10:30:00
2026-06-08,36.96,EZBC,10:45:00
2026-06-08,37.09,EZBC,11:00:00
2026-06-08,36.97,EZBC,11:15:00
2026-06-08,36.89,EZBC,11:30:00
2026-06-08,36.84,EZBC,11:45:00
2026-06-08,36.85,EZBC,12:00:00
2026-06-08,36.89,EZBC,12:15:00
2026-06-08,36.79,EZBC,12:30:00
2026-06-08,36.69,EZBC,12:45:00
2026-06-08,36.6,EZBC,13:00:00
2026-06-08,36.77,EZBC,13:15:00
2026-06-08,36.63,EZBC,13:30:00
2026-06-08,36.72,EZBC,13:45:00
2026-06-08,36.75,EZBC,14:00:00
2026-06-08,36.78,EZBC,14:15:00
2026-06-08,36.69,EZBC,14:30:00
2026-06-08,36.67,EZBC,14:45:00
2026-06-08,36.64,EZBC,15:00:00
2026-06-08,36.7,EZBC,15:15:00
2026-06-08,36.68,EZBC,15:30:00
2026-06-08,36.61,EZBC,15:45:00
2026-04-27,67.8,FBTC,09:30:00
2026-04-27,67.71,FBTC,09:45:00
2026-04-27,67.8,FBTC,10:00:00
2026-04-27,67.81,FBTC,10:15:00
2026-04-27,68.09,FBTC,10:30:00
2026-04-27,67.77,FBTC,10:45:00
2026-04-27,67.38,FBTC,11:00:00
2026-04-27,66.91,FBTC,11:15:00
2026-04-27,67.08,FBTC,11:30:00
2026-04-27,66.84,FBTC,11:45:00
2026-04-27,66.84,FBTC,12:00:00
2026-04-27,66.81,FBTC,12:15:00
2026-04-27,66.68,FBTC,12:30:00
2026-04-27,66.71,FBTC,12:45:00
2026-04-27,66.77,FBTC,13:00:00
2026-04-27,66.88,FBTC,13:15:00
2026-04-27,66.91,FBTC,13:30:00
2026-04-27,66.81,FBTC,13:45:00
2026-04-27,66.83,FBTC,14:00:00
2026-04-27,66.77,FBTC,14:15:00
2026-04-27,66.84,FBTC,14:30:00
2026-04-27,66.9,FBTC,14:45:00
2026-04-27,66.94,FBTC,15:00:00
2026-04-27,66.71,FBTC,15:15:00
2026-04-27,66.87,FBTC,15:30:00
2026-04-27,66.97,FBTC,15:45:00
2026-04-28,66.41,FBTC,09:30:00
2026-04-28,66.34,FBTC,09:45:00
2026-04-28,66.22,FBTC,10:00:00
2026-04-28,66.0,FBTC,10:15:00
2026-04-28,66.03,FBTC,10:30:00
2026-04-28,66.13,FBTC,10:45:00
2026-04-28,66.15,FBTC,11:00:00
2026-04-28,66.18,FBTC,11:15:00
2026-04-28,66.1,FBTC,11:30:00
2026-04-28,66.22,FBTC,11:45:00
2026-04-28,66.18,FBTC,12:00:00
2026-04-28,66.12,FBTC,12:15:00
2026-04-28,66.09,FBTC,12:30:00
2026-04-28,66.27,FBTC,12:45:00
2026-04-28,66.19,FBTC,13:00:00
2026-04-28,66.25,FBTC,13:15:00
2026-04-28,66.34,FBTC,13:30:00
2026-04-28,66.33,FBTC,13:45:00
2026-04-28,66.28,FBTC,14:00:00
2026-04-28,66.38,FBTC,14:15:00
2026-04-28,66.31,FBTC,14:30:00
2026-04-28,66.38,FBTC,14:45:00
2026-04-28,66.23,FBTC,15:00:00
2026-04-28,66.31,FBTC,15:15:00
2026-04-28,66.44,FBTC,15:30:00
2026-04-28,66.45,FBTC,15:45:00
2026-04-29,66.65,FBTC,09:30:00
2026-04-29,66.84,FBTC,09:45:00
2026-04-29,66.65,FBTC,10:00:00
2026-04-29,66.78,FBTC,10:15:00
2026-04-29,66.68,FBTC,10:30:00
2026-04-29,66.66,FBTC,10:45:00
2026-04-29,66.37,FBTC,11:00:00
2026-04-29,66.34,FBTC,11:15:00
2026-04-29,66.13,FBTC,11:30:00
2026-04-29,66.09,FBTC,11:45:00
2026-04-29,66.16,FBTC,12:00:00
2026-04-29,66.0,FBTC,12:15:00
2026-04-29,66.05,FBTC,12:30:00
2026-04-29,65.96,FBTC,12:45:00
2026-04-29,66.08,FBTC,13:00:00
2026-04-29,66.05,FBTC,13:15:00
2026-04-29,66.16,FBTC,13:30:00
2026-04-29,66.3,FBTC,13:45:00
2026-04-29,65.44,FBTC,14:00:00
2026-04-29,65.41,FBTC,14:15:00
2026-04-29,65.46,FBTC,14:30:00
2026-04-29,65.71,FBTC,14:45:00
2026-04-29,65.75,FBTC,15:00:00
2026-04-29,65.72,FBTC,15:15:00
2026-04-29,65.63,FBTC,15:30:00
2026-04-29,65.75,FBTC,15:45:00
2026-04-30,66.72,FBTC,09:30:00
2026-04-30,66.52,FBTC,09:45:00
2026-04-30,66.47,FBTC,10:00:00
2026-04-30,66.47,FBTC,10:15:00
2026-04-30,66.44,FBTC,10:30:00
2026-04-30,66.41,FBTC,10:45:00
2026-04-30,66.53,FBTC,11:00:00
2026-04-30,66.59,FBTC,11:15:00
2026-04-30,66.55,FBTC,11:30:00
2026-04-30,66.55,FBTC,11:45:00
2026-04-30,66.56,FBTC,12:00:00
2026-04-30,66.46,FBTC,12:15:00
2026-04-30,66.44,FBTC,12:30:00
2026-04-30,66.38,FBTC,12:45:00
2026-04-30,66.33,FBTC,13:00:00
2026-04-30,66.28,FBTC,13:15:00
2026-04-30,66.27,FBTC,13:30:00
2026-04-30,66.35,FBTC,13:45:00
2026-04-30,66.37,FBTC,14:00:00
2026-04-30,66.41,FBTC,14:15:00
2026-04-30,66.48,FBTC,14:30:00
2026-04-30,66.46,FBTC,14:45:00
2026-04-30,66.55,FBTC,15:00:00
2026-04-30,66.56,FBTC,15:15:00
2026-04-30,66.53,FBTC,15:30:00
2026-04-30,66.52,FBTC,15:45:00
2026-05-01,68.19,FBTC,09:30:00
2026-05-01,68.62,FBTC,09:45:00
2026-05-01,68.56,FBTC,10:00:00
2026-05-01,68.19,FBTC,10:15:00
2026-05-01,68.09,FBTC,10:30:00
2026-05-01,68.25,FBTC,10:45:00
2026-05-01,68.37,FBTC,11:00:00
2026-05-01,68.44,FBTC,11:15:00
2026-05-01,68.53,FBTC,11:30:00
2026-05-01,68.34,FBTC,11:45:00
2026-05-01,68.3,FBTC,12:00:00
2026-05-01,68.23,FBTC,12:15:00
2026-05-01,68.18,FBTC,12:30:00
2026-05-01,68.13,FBTC,12:45:00
2026-05-01,68.23,FBTC,13:00:00
2026-05-01,68.15,FBTC,13:15:00
2026-05-01,68.34,FBTC,13:30:00
2026-05-01,68.44,FBTC,13:45:00
2026-05-01,68.41,FBTC,14:00:00
2026-05-01,68.47,FBTC,14:15:00
2026-05-01,68.31,FBTC,14:30:00
2026-05-01,68.31,FBTC,14:45:00
2026-05-01,68.38,FBTC,15:00:00
2026-05-01,68.31,FBTC,15:15:00
2026-05-01,68.25,FBTC,15:30:00
2026-05-01,68.27,FBTC,15:45:00
2026-05-04,68.66,FBTC,09:30:00
2026-05-04,68.59,FBTC,09:45:00
2026-05-04,68.75,FBTC,10:00:00
2026-05-04,69.0,FBTC,10:15:00
2026-05-04,69.27,FBTC,10:30:00
2026-05-04,69.88,FBTC,10:45:00
2026-05-04,69.78,FBTC,11:00:00
2026-05-04,69.42,FBTC,11:15:00
2026-05-04,69.61,FBTC,11:30:00
2026-05-04,69.69,FBTC,11:45:00
2026-05-04,69.41,FBTC,12:00:00
2026-05-04,69.9,FBTC,12:15:00
2026-05-04,69.91,FBTC,12:30:00
2026-05-04,69.69,FBTC,12:45:00
2026-05-04,70.0,FBTC,13:00:00
2026-05-04,70.08,FBTC,13:15:00
2026-05-04,69.92,FBTC,13:30:00
2026-05-04,70.0,FBTC,13:45:00
2026-05-04,70.0,FBTC,14:00:00
2026-05-04,69.88,FBTC,14:15:00
2026-05-04,69.81,FBTC,14:30:00
2026-05-04,69.77,FBTC,14:45:00
2026-05-04,69.73,FBTC,15:00:00
2026-05-04,69.58,FBTC,15:15:00
2026-05-04,69.66,FBTC,15:30:00
2026-05-04,69.71,FBTC,15:45:00
2026-05-05,70.91,FBTC,09:30:00
2026-05-05,70.81,FBTC,09:45:00
2026-05-05,70.63,FBTC,10:00:00
2026-05-05,70.9,FBTC,10:15:00
2026-05-05,70.75,FBTC,10:30:00
2026-05-05,70.81,FBTC,10:45:00
2026-05-05,71.03,FBTC,11:00:00
2026-05-05,71.09,FBTC,11:15:00
2026-05-05,71.09,FBTC,11:30:00
2026-05-05,71.0,FBTC,11:45:00
2026-05-05,70.94,FBTC,12:00:00
2026-05-05,70.88,FBTC,12:15:00
2026-05-05,70.59,FBTC,12:30:00
2026-05-05,70.78,FBTC,12:45:00
2026-05-05,70.81,FBTC,13:00:00
2026-05-05,70.88,FBTC,13:15:00
2026-05-05,70.78,FBTC,13:30:00
2026-05-05,70.75,FBTC,13:45:00
2026-05-05,71.02,FBTC,14:00:00
2026-05-05,70.92,FBTC,14:15:00
2026-05-05,70.97,FBTC,14:30:00
2026-05-05,70.97,FBTC,14:45:00
2026-05-05,70.94,FBTC,15:00:00
2026-05-05,70.98,FBTC,15:15:00
2026-05-05,71.11,FBTC,15:30:00
2026-05-05,71.06,FBTC,15:45:00
2026-05-06,71.31,FBTC,09:30:00
2026-05-06,71.12,FBTC,09:45:00
2026-05-06,70.91,FBTC,10:00:00
2026-05-06,71.05,FBTC,10:15:00
2026-05-06,71.3,FBTC,10:30:00
2026-05-06,70.96,FBTC,10:45:00
2026-05-06,70.87,FBTC,11:00:00
2026-05-06,71.08,FBTC,11:15:00
2026-05-06,71.05,FBTC,11:30:00
2026-05-06,71.13,FBTC,11:45:00
2026-05-06,71.18,FBTC,12:00:00
2026-05-06,70.95,FBTC,12:15:00
2026-05-06,71.12,FBTC,12:30:00
2026-05-06,71.05,FBTC,12:45:00
2026-05-06,71.11,FBTC,13:00:00
2026-05-06,70.93,FBTC,13:15:00
2026-05-06,70.98,FBTC,13:30:00
2026-05-06,70.9,FBTC,13:45:00
2026-05-06,70.94,FBTC,14:00:00
2026-05-06,70.91,FBTC,14:15:00
2026-05-06,70.83,FBTC,14:30:00
2026-05-06,70.81,FBTC,14:45:00
2026-05-06,70.72,FBTC,15:00:00
2026-05-06,70.78,FBTC,15:15:00
2026-05-06,70.88,FBTC,15:30:00
2026-05-06,70.91,FBTC,15:45:00
2026-05-07,70.13,FBTC,09:30:00
2026-05-07,70.08,FBTC,09:45:00
2026-05-07,70.22,FBTC,10:00:00
2026-05-07,70.0,FBTC,10:15:00
2026-05-07,69.75,FBTC,10:30:00
2026-05-07,69.78,FBTC,10:45:00
2026-05-07,69.75,FBTC,11:00:00
2026-05-07,69.48,FBTC,11:15:00
2026-05-07,69.61,FBTC,11:30:00
2026-05-07,69.55,FBTC,11:45:00
2026-05-07,69.47,FBTC,12:00:00
2026-05-07,69.61,FBTC,12:15:00
2026-05-07,69.53,FBTC,12:30:00
2026-05-07,69.44,FBTC,12:45:00
2026-05-07,69.52,FBTC,13:00:00
2026-05-07,69.34,FBTC,13:15:00
2026-05-07,69.53,FBTC,13:30:00
2026-05-07,69.72,FBTC,13:45:00
2026-05-07,69.77,FBTC,14:00:00
2026-05-07,69.73,FBTC,14:15:00
2026-05-07,69.75,FBTC,14:30:00
2026-05-07,69.81,FBTC,14:45:00
2026-05-07,69.78,FBTC,15:00:00
2026-05-07,69.61,FBTC,15:15:00
2026-05-07,69.75,FBTC,15:30:00
2026-05-07,69.77,FBTC,15:45:00
2026-05-08,69.25,FBTC,09:30:00
2026-05-08,69.31,FBTC,09:45:00
2026-05-08,69.56,FBTC,10:00:00
2026-05-08,69.69,FBTC,10:15:00
2026-05-08,69.83,FBTC,10:30:00
2026-05-08,69.75,FBTC,10:45:00
2026-05-08,69.53,FBTC,11:00:00
2026-05-08,69.38,FBTC,11:15:00
2026-05-08,69.59,FBTC,11:30:00
2026-05-08,69.78,FBTC,11:45:00
2026-05-08,69.59,FBTC,12:00:00
2026-05-08,69.58,FBTC,12:15:00
2026-05-08,69.44,FBTC,12:30:00
2026-05-08,69.44,FBTC,12:45:00
2026-05-08,69.48,FBTC,13:00:00
2026-05-08,69.66,FBTC,13:15:00
2026-05-08,69.77,FBTC,13:30:00
2026-05-08,69.71,FBTC,13:45:00
2026-05-08,69.84,FBTC,14:00:00
2026-05-08,69.84,FBTC,14:15:00
2026-05-08,69.78,FBTC,14:30:00
2026-05-08,69.72,FBTC,14:45:00
2026-05-08,69.69,FBTC,15:00:00
2026-05-08,69.68,FBTC,15:15:00
2026-05-08,69.73,FBTC,15:30:00
2026-05-08,69.82,FBTC,15:45:00
2026-05-11,70.55,FBTC,09:30:00
2026-05-11,70.55,FBTC,09:45:00
2026-05-11,70.62,FBTC,10:00:00
2026-05-11,70.25,FBTC,10:15:00
2026-05-11,70.31,FBTC,10:30:00
2026-05-11,70.44,FBTC,10:45:00
2026-05-11,70.5,FBTC,11:00:00
2026-05-11,70.8,FBTC,11:15:00
2026-05-11,70.69,FBTC,11:30:00
2026-05-11,70.88,FBTC,11:45:00
2026-05-11,71.21,FBTC,12:00:00
2026-05-11,71.19,FBTC,12:15:00
2026-05-11,71.02,FBTC,12:30:00
2026-05-11,71.02,FBTC,12:45:00
2026-05-11,70.95,FBTC,13:00:00
2026-05-11,71.06,FBTC,13:15:00
2026-05-11,71.36,FBTC,13:30:00
2026-05-11,71.34,FBTC,13:45:00
2026-05-11,71.36,FBTC,14:00:00
2026-05-11,71.43,FBTC,14:15:00
2026-05-11,71.34,FBTC,14:30:00
2026-05-11,71.27,FBTC,14:45:00
2026-05-11,71.34,FBTC,15:00:00
2026-05-11,71.31,FBTC,15:15:00
2026-05-11,71.38,FBTC,15:30:00
2026-05-11,71.36,FBTC,15:45:00
2026-05-12,70.31,FBTC,09:30:00
2026-05-12,70.02,FBTC,09:45:00
2026-05-12,70.25,FBTC,10:00:00
2026-05-12,70.19,FBTC,10:15:00
2026-05-12,70.31,FBTC,10:30:00
2026-05-12,70.09,FBTC,10:45:00
2026-05-12,70.15,FBTC,11:00:00
2026-05-12,69.8,FBTC,11:15:00
2026-05-12,69.94,FBTC,11:30:00
2026-05-12,69.9,FBTC,11:45:00
2026-05-12,69.94,FBTC,12:00:00
2026-05-12,69.87,FBTC,12:15:00
2026-05-12,69.84,FBTC,12:30:00
2026-05-12,69.62,FBTC,12:45:00
2026-05-12,69.81,FBTC,13:00:00
2026-05-12,69.98,FBTC,13:15:00
2026-05-12,70.09,FBTC,13:30:00
2026-05-12,70.08,FBTC,13:45:00
2026-05-12,70.11,FBTC,14:00:00
2026-05-12,70.06,FBTC,14:15:00
2026-05-12,70.21,FBTC,14:30:00
2026-05-12,70.22,FBTC,14:45:00
2026-05-12,70.34,FBTC,15:00:00
2026-05-12,70.25,FBTC,15:15:00
2026-05-12,70.3,FBTC,15:30:00
2026-05-12,70.37,FBTC,15:45:00
2026-05-13,69.47,FBTC,09:30:00
2026-05-13,69.28,FBTC,09:45:00
2026-05-13,69.36,FBTC,10:00:00
2026-05-13,69.47,FBTC,10:15:00
2026-05-13,69.34,FBTC,10:30:00
2026-05-13,69.4,FBTC,10:45:00
2026-05-13,69.11,FBTC,11:00:00
2026-05-13,68.97,FBTC,11:15:00
2026-05-13,68.94,FBTC,11:30:00
2026-05-13,68.56,FBTC,11:45:00
2026-05-13,68.65,FBTC,12:00:00
2026-05-13,68.75,FBTC,12:15:00
2026-05-13,68.84,FBTC,12:30:00
2026-05-13,68.83,FBTC,12:45:00
2026-05-13,68.94,FBTC,13:00:00
2026-05-13,69.03,FBTC,13:15:00
2026-05-13,69.11,FBTC,13:30:00
2026-05-13,69.18,FBTC,13:45:00
2026-05-13,69.27,FBTC,14:00:00
2026-05-13,69.41,FBTC,14:15:00
2026-05-13,69.31,FBTC,14:30:00
2026-05-13,69.25,FBTC,14:45:00
2026-05-13,69.19,FBTC,15:00:00
2026-05-13,69.18,FBTC,15:15:00
2026-05-13,69.19,FBTC,15:30:00
2026-05-13,69.31,FBTC,15:45:00
2026-05-14,69.5,FBTC,09:30:00
2026-05-14,69.34,FBTC,09:45:00
2026-05-14,69.59,FBTC,10:00:00
2026-05-14,69.75,FBTC,10:15:00
2026-05-14,69.94,FBTC,10:30:00
2026-05-14,70.48,FBTC,10:45:00
2026-05-14,70.51,FBTC,11:00:00
2026-05-14,70.53,FBTC,11:15:00
2026-05-14,70.56,FBTC,11:30:00
2026-05-14,70.78,FBTC,11:45:00
2026-05-14,71.02,FBTC,12:00:00
2026-05-14,71.0,FBTC,12:15:00
2026-05-14,70.97,FBTC,12:30:00
2026-05-14,71.31,FBTC,12:45:00
2026-05-14,71.19,FBTC,13:00:00
2026-05-14,70.97,FBTC,13:15:00
2026-05-14,71.09,FBTC,13:30:00
2026-05-14,71.12,FBTC,13:45:00
2026-05-14,71.28,FBTC,14:00:00
2026-05-14,71.28,FBTC,14:15:00
2026-05-14,71.0,FBTC,14:30:00
2026-05-14,71.05,FBTC,14:45:00
2026-05-14,71.0,FBTC,15:00:00
2026-05-14,70.83,FBTC,15:15:00
2026-05-14,70.91,FBTC,15:30:00
2026-05-14,70.9,FBTC,15:45:00
2026-05-15,68.84,FBTC,09:30:00
2026-05-15,68.47,FBTC,09:45:00
2026-05-15,68.93,FBTC,10:00:00
2026-05-15,68.78,FBTC,10:15:00
2026-05-15,68.91,FBTC,10:30:00
2026-05-15,68.84,FBTC,10:45:00
2026-05-15,68.91,FBTC,11:00:00
2026-05-15,68.84,FBTC,11:15:00
2026-05-15,68.81,FBTC,11:30:00
2026-05-15,68.86,FBTC,11:45:00
2026-05-15,68.91,FBTC,12:00:00
2026-05-15,69.0,FBTC,12:15:00
2026-05-15,68.98,FBTC,12:30:00
2026-05-15,69.0,FBTC,12:45:00
2026-05-15,68.97,FBTC,13:00:00
2026-05-15,69.06,FBTC,13:15:00
2026-05-15,69.09,FBTC,13:30:00
2026-05-15,69.13,FBTC,13:45:00
2026-05-15,69.16,FBTC,14:00:00
2026-05-15,68.97,FBTC,14:15:00
2026-05-15,68.98,FBTC,14:30:00
2026-05-15,68.97,FBTC,14:45:00
2026-05-15,68.78,FBTC,15:00:00
2026-05-15,68.83,FBTC,15:15:00
2026-05-15,68.84,FBTC,15:30:00
2026-05-15,68.83,FBTC,15:45:00
2026-05-18,66.81,FBTC,09:30:00
2026-05-18,66.94,FBTC,09:45:00
2026-05-18,66.71,FBTC,10:00:00
2026-05-18,66.66,FBTC,10:15:00
2026-05-18,66.5,FBTC,10:30:00
2026-05-18,66.44,FBTC,10:45:00
2026-05-18,66.34,FBTC,11:00:00
2026-05-18,66.16,FBTC,11:15:00
2026-05-18,66.37,FBTC,11:30:00
2026-05-18,66.44,FBTC,11:45:00
2026-05-18,66.53,FBTC,12:00:00
2026-05-18,66.34,FBTC,12:15:00
2026-05-18,66.48,FBTC,12:30:00
2026-05-18,66.47,FBTC,12:45:00
2026-05-18,66.59,FBTC,13:00:00
2026-05-18,66.68,FBTC,13:15:00
2026-05-18,66.68,FBTC,13:30:00
2026-05-18,66.71,FBTC,13:45:00
2026-05-18,66.48,FBTC,14:00:00
2026-05-18,66.4,FBTC,14:15:00
2026-05-18,66.38,FBTC,14:30:00
2026-05-18,66.31,FBTC,14:45:00
2026-05-18,66.65,FBTC,15:00:00
2026-05-18,66.65,FBTC,15:15:00
2026-05-18,66.86,FBTC,15:30:00
2026-05-18,66.9,FBTC,15:45:00
2026-05-19,66.72,FBTC,09:30:00
2026-05-19,66.85,FBTC,09:45:00
2026-05-19,66.63,FBTC,10:00:00
2026-05-19,66.47,FBTC,10:15:00
2026-05-19,66.48,FBTC,10:30:00
2026-05-19,66.41,FBTC,10:45:00
2026-05-19,66.6,FBTC,11:00:00
2026-05-19,66.52,FBTC,11:15:00
2026-05-19,66.5,FBTC,11:30:00
2026-05-19,66.55,FBTC,11:45:00
2026-05-19,66.5,FBTC,12:00:00
2026-05-19,66.63,FBTC,12:15:00
2026-05-19,66.8,FBTC,12:30:00
2026-05-19,66.88,FBTC,12:45:00
2026-05-19,66.94,FBTC,13:00:00
2026-05-19,66.87,FBTC,13:15:00
2026-05-19,66.9,FBTC,13:30:00
2026-05-19,66.84,FBTC,13:45:00
2026-05-19,66.9,FBTC,14:00:00
2026-05-19,66.78,FBTC,14:15:00
2026-05-19,66.83,FBTC,14:30:00
2026-05-19,66.81,FBTC,14:45:00
2026-05-19,67.03,FBTC,15:00:00
2026-05-19,66.81,FBTC,15:15:00
2026-05-19,66.87,FBTC,15:30:00
2026-05-19,66.81,FBTC,15:45:00
2026-05-20,67.03,FBTC,09:30:00
2026-05-20,67.13,FBTC,09:45:00
2026-05-20,67.06,FBTC,10:00:00
2026-05-20,67.33,FBTC,10:15:00
2026-05-20,67.31,FBTC,10:30:00
2026-05-20,67.34,FBTC,10:45:00
2026-05-20,67.23,FBTC,11:00:00
2026-05-20,67.46,FBTC,11:15:00
2026-05-20,67.34,FBTC,11:30:00
2026-05-20,67.37,FBTC,11:45:00
2026-05-20,67.38,FBTC,12:00:00
2026-05-20,67.02,FBTC,12:15:00
2026-05-20,67.27,FBTC,12:30:00
2026-05-20,67.25,FBTC,12:45:00
2026-05-20,67.31,FBTC,13:00:00
2026-05-20,67.47,FBTC,13:15:00
2026-05-20,67.56,FBTC,13:30:00
2026-05-20,67.47,FBTC,13:45:00
2026-05-20,67.38,FBTC,14:00:00
2026-05-20,67.41,FBTC,14:15:00
2026-05-20,67.38,FBTC,14:30:00
2026-05-20,67.31,FBTC,14:45:00
2026-05-20,67.33,FBTC,15:00:00
2026-05-20,67.47,FBTC,15:15:00
2026-05-20,67.5,FBTC,15:30:00
2026-05-20,67.56,FBTC,15:45:00
2026-05-21,66.73,FBTC,09:30:00
2026-05-21,67.08,FBTC,09:45:00
2026-05-21,67.03,FBTC,10:00:00
2026-05-21,67.0,FBTC,10:15:00
2026-05-21,66.94,FBTC,10:30:00
2026-05-21,66.93,FBTC,10:45:00
2026-05-21,67.09,FBTC,11:00:00
2026-05-21,67.19,FBTC,11:15:00
2026-05-21,67.15,FBTC,11:30:00
2026-05-21,67.19,FBTC,11:45:00
2026-05-21,67.21,FBTC,12:00:00
2026-05-21,67.12,FBTC,12:15:00
2026-05-21,67.02,FBTC,12:30:00
2026-05-21,67.13,FBTC,12:45:00
2026-05-21,67.43,FBTC,13:00:00
2026-05-21,67.82,FBTC,13:15:00
2026-05-21,67.75,FBTC,13:30:00
2026-05-21,67.73,FBTC,13:45:00
2026-05-21,67.58,FBTC,14:00:00
2026-05-21,67.6,FBTC,14:15:00
2026-05-21,67.62,FBTC,14:30:00
2026-05-21,67.28,FBTC,14:45:00
2026-05-21,67.44,FBTC,15:00:00
2026-05-21,67.44,FBTC,15:15:00
2026-05-21,67.5,FBTC,15:30:00
2026-05-21,67.57,FBTC,15:45:00
2026-05-22,67.15,FBTC,09:30:00
2026-05-22,67.22,FBTC,09:45:00
2026-05-22,67.02,FBTC,10:00:00
2026-05-22,66.81,FBTC,10:15:00
2026-05-22,66.78,FBTC,10:30:00
2026-05-22,66.75,FBTC,10:45:00
2026-05-22,66.75,FBTC,11:00:00
2026-05-22,66.9,FBTC,11:15:00
2026-05-22,66.71,FBTC,11:30:00
2026-05-22,66.77,FBTC,11:45:00
2026-05-22,66.84,FBTC,12:00:00
2026-05-22,66.91,FBTC,12:15:00
2026-05-22,66.88,FBTC,12:30:00
2026-05-22,66.93,FBTC,12:45:00
2026-05-22,66.93,FBTC,13:00:00
2026-05-22,67.03,FBTC,13:15:00
2026-05-22,66.94,FBTC,13:30:00
2026-05-22,66.73,FBTC,13:45:00
2026-05-22,66.8,FBTC,14:00:00
2026-05-22,66.78,FBTC,14:15:00
2026-05-22,66.59,FBTC,14:30:00
2026-05-22,66.56,FBTC,14:45:00
2026-05-22,66.28,FBTC,15:00:00
2026-05-22,66.31,FBTC,15:15:00
2026-05-22,65.91,FBTC,15:30:00
2026-05-22,65.97,FBTC,15:45:00
2026-05-26,66.88,FBTC,09:30:00
2026-05-26,67.18,FBTC,09:45:00
2026-05-26,67.34,FBTC,10:00:00
2026-05-26,67.83,FBTC,10:15:00
2026-05-26,66.78,FBTC,10:30:00
2026-05-26,66.85,FBTC,10:45:00
2026-05-26,66.91,FBTC,11:00:00
2026-05-26,66.63,FBTC,11:15:00
2026-05-26,66.52,FBTC,11:30:00
2026-05-26,66.5,FBTC,11:45:00
2026-05-26,66.34,FBTC,12:00:00
2026-05-26,66.53,FBTC,12:15:00
2026-05-26,66.53,FBTC,12:30:00
2026-05-26,66.56,FBTC,12:45:00
2026-05-26,66.49,FBTC,13:00:00
2026-05-26,66.13,FBTC,13:15:00
2026-05-26,66.06,FBTC,13:30:00
2026-05-26,66.0,FBTC,13:45:00
2026-05-26,66.06,FBTC,14:00:00
2026-05-26,66.13,FBTC,14:15:00
2026-05-26,65.97,FBTC,14:30:00
2026-05-26,65.9,FBTC,14:45:00
2026-05-26,65.91,FBTC,15:00:00
2026-05-26,65.96,FBTC,15:15:00
2026-05-26,66.06,FBTC,15:30:00
2026-05-26,66.09,FBTC,15:45:00
2026-05-27,65.06,FBTC,09:30:00
2026-05-27,65.19,FBTC,09:45:00
2026-05-27,65.15,FBTC,10:00:00
2026-05-27,65.03,FBTC,10:15:00
2026-05-27,65.22,FBTC,10:30:00
2026-05-27,65.18,FBTC,10:45:00
2026-05-27,65.25,FBTC,11:00:00
2026-05-27,65.47,FBTC,11:15:00
2026-05-27,65.34,FBTC,11:30:00
2026-05-27,65.44,FBTC,11:45:00
2026-05-27,65.4,FBTC,12:00:00
2026-05-27,65.23,FBTC,12:15:00
2026-05-27,65.28,FBTC,12:30:00
2026-05-27,65.43,FBTC,12:45:00
2026-05-27,65.13,FBTC,13:00:00
2026-05-27,65.16,FBTC,13:15:00
2026-05-27,65.06,FBTC,13:30:00
2026-05-27,65.03,FBTC,13:45:00
2026-05-27,64.94,FBTC,14:00:00
2026-05-27,65.07,FBTC,14:15:00
2026-05-27,65.13,FBTC,14:30:00
2026-05-27,65.18,FBTC,14:45:00
2026-05-27,65.19,FBTC,15:00:00
2026-05-27,65.19,FBTC,15:15:00
2026-05-27,65.16,FBTC,15:30:00
2026-05-27,65.22,FBTC,15:45:00
2026-05-28,63.23,FBTC,09:30:00
2026-05-28,63.44,FBTC,09:45:00
2026-05-28,63.68,FBTC,10:00:00
2026-05-28,63.39,FBTC,10:15:00
2026-05-28,63.28,FBTC,10:30:00
2026-05-28,63.45,FBTC,10:45:00
2026-05-28,63.3,FBTC,11:00:00
2026-05-28,63.38,FBTC,11:15:00
2026-05-28,63.42,FBTC,11:30:00
2026-05-28,63.36,FBTC,11:45:00
2026-05-28,63.5,FBTC,12:00:00
2026-05-28,63.55,FBTC,12:15:00
2026-05-28,63.73,FBTC,12:30:00
2026-05-28,63.81,FBTC,12:45:00
2026-05-28,63.86,FBTC,13:00:00
2026-05-28,63.73,FBTC,13:15:00
2026-05-28,63.86,FBTC,13:30:00
2026-05-28,63.91,FBTC,13:45:00
2026-05-28,64.0,FBTC,14:00:00
2026-05-28,63.95,FBTC,14:15:00
2026-05-28,63.95,FBTC,14:30:00
2026-05-28,64.0,FBTC,14:45:00
2026-05-28,63.84,FBTC,15:00:00
2026-05-28,63.92,FBTC,15:15:00
2026-05-28,63.81,FBTC,15:30:00
2026-05-28,63.83,FBTC,15:45:00
2026-05-29,63.69,FBTC,09:30:00
2026-05-29,63.59,FBTC,09:45:00
2026-05-29,63.47,FBTC,10:00:00
2026-05-29,63.2,FBTC,10:15:00
2026-05-29,63.14,FBTC,10:30:00
2026-05-29,63.52,FBTC,10:45:00
2026-05-29,64.06,FBTC,11:00:00
2026-05-29,64.01,FBTC,11:15:00
2026-05-29,64.18,FBTC,11:30:00
2026-05-29,64.16,FBTC,11:45:00
2026-05-29,64.28,FBTC,12:00:00
2026-05-29,64.01,FBTC,12:15:00
2026-05-29,64.4,FBTC,12:30:00
2026-05-29,64.38,FBTC,12:45:00
2026-05-29,64.55,FBTC,13:00:00
2026-05-29,64.53,FBTC,13:15:00
2026-05-29,64.53,FBTC,13:30:00
2026-05-29,64.33,FBTC,13:45:00
2026-05-29,64.38,FBTC,14:00:00
2026-05-29,64.16,FBTC,14:15:00
2026-05-29,64.16,FBTC,14:30:00
2026-05-29,63.78,FBTC,14:45:00
2026-05-29,63.84,FBTC,15:00:00
2026-05-29,63.75,FBTC,15:15:00
2026-05-29,64.06,FBTC,15:30:00
2026-05-29,63.89,FBTC,15:45:00
2026-06-01,62.23,FBTC,09:30:00
2026-06-01,62.28,FBTC,09:45:00
2026-06-01,62.25,FBTC,10:00:00
2026-06-01,62.13,FBTC,10:15:00
2026-06-01,62.11,FBTC,10:30:00
2026-06-01,62.17,FBTC,10:45:00
2026-06-01,62.13,FBTC,11:00:00
2026-06-01,61.75,FBTC,11:15:00
2026-06-01,61.92,FBTC,11:30:00
2026-06-01,61.78,FBTC,11:45:00
2026-06-01,61.56,FBTC,12:00:00
2026-06-01,61.75,FBTC,12:15:00
2026-06-01,61.98,FBTC,12:30:00
2026-06-01,62.19,FBTC,12:45:00
2026-06-01,62.22,FBTC,13:00:00
2026-06-01,62.36,FBTC,13:15:00
2026-06-01,62.34,FBTC,13:30:00
2026-06-01,62.25,FBTC,13:45:00
2026-06-01,62.13,FBTC,14:00:00
2026-06-01,62.19,FBTC,14:15:00
2026-06-01,62.14,FBTC,14:30:00
2026-06-01,62.14,FBTC,14:45:00
2026-06-01,62.08,FBTC,15:00:00
2026-06-01,62.23,FBTC,15:15:00
2026-06-01,62.25,FBTC,15:30:00
2026-06-01,62.22,FBTC,15:45:00
2026-06-02,59.84,FBTC,09:30:00
2026-06-02,59.78,FBTC,09:45:00
2026-06-02,59.58,FBTC,10:00:00
2026-06-02,58.98,FBTC,10:15:00
2026-06-02,59.09,FBTC,10:30:00
2026-06-02,59.09,FBTC,10:45:00
2026-06-02,58.94,FBTC,11:00:00
2026-06-02,58.59,FBTC,11:15:00
2026-06-02,58.45,FBTC,11:30:00
2026-06-02,58.45,FBTC,11:45:00
2026-06-02,59.0,FBTC,12:00:00
2026-06-02,58.95,FBTC,12:15:00
2026-06-02,58.75,FBTC,12:30:00
2026-06-02,58.59,FBTC,12:45:00
2026-06-02,58.64,FBTC,13:00:00
2026-06-02,58.84,FBTC,13:15:00
2026-06-02,58.64,FBTC,13:30:00
2026-06-02,58.63,FBTC,13:45:00
2026-06-02,58.73,FBTC,14:00:00
2026-06-02,58.48,FBTC,14:15:00
2026-06-02,58.48,FBTC,14:30:00
2026-06-02,58.5,FBTC,14:45:00
2026-06-02,58.52,FBTC,15:00:00
2026-06-02,58.19,FBTC,15:15:00
2026-06-02,58.16,FBTC,15:30:00
2026-06-02,58.5,FBTC,15:45:00
2026-06-03,58.0,FBTC,09:30:00
2026-06-03,58.14,FBTC,09:45:00
2026-06-03,58.14,FBTC,10:00:00
2026-06-03,58.03,FBTC,10:15:00
2026-06-03,58.0,FBTC,10:30:00
2026-06-03,58.09,FBTC,10:45:00
2026-06-03,57.81,FBTC,11:00:00
2026-06-03,57.88,FBTC,11:15:00
2026-06-03,57.61,FBTC,11:30:00
2026-06-03,57.42,FBTC,11:45:00
2026-06-03,57.5,FBTC,12:00:00
2026-06-03,57.03,FBTC,12:15:00
2026-06-03,57.28,FBTC,12:30:00
2026-06-03,57.42,FBTC,12:45:00
2026-06-03,57.12,FBTC,13:00:00
2026-06-03,57.31,FBTC,13:15:00
2026-06-03,57.45,FBTC,13:30:00
2026-06-03,57.34,FBTC,13:45:00
2026-06-03,57.34,FBTC,14:00:00
2026-06-03,57.28,FBTC,14:15:00
2026-06-03,57.39,FBTC,14:30:00
2026-06-03,57.39,FBTC,14:45:00
2026-06-03,57.34,FBTC,15:00:00
2026-06-03,57.06,FBTC,15:15:00
2026-06-03,57.16,FBTC,15:30:00
2026-06-03,56.89,FBTC,15:45:00
2026-06-04,55.48,FBTC,09:30:00
2026-06-04,55.86,FBTC,09:45:00
2026-06-04,55.98,FBTC,10:00:00
2026-06-04,55.78,FBTC,10:15:00
2026-06-04,55.66,FBTC,10:30:00
2026-06-04,55.62,FBTC,10:45:00
2026-06-04,55.97,FBTC,11:00:00
2026-06-04,55.64,FBTC,11:15:00
2026-06-04,55.52,FBTC,11:30:00
2026-06-04,55.56,FBTC,11:45:00
2026-06-04,55.34,FBTC,12:00:00
2026-06-04,55.34,FBTC,12:15:00
2026-06-04,55.45,FBTC,12:30:00
2026-06-04,55.26,FBTC,12:45:00
2026-06-04,55.28,FBTC,13:00:00
2026-06-04,54.98,FBTC,13:15:00
2026-06-04,54.81,FBTC,13:30:00
2026-06-04,55.23,FBTC,13:45:00
2026-06-04,54.91,FBTC,14:00:00
2026-06-04,55.53,FBTC,14:15:00
2026-06-04,55.56,FBTC,14:30:00
2026-06-04,55.45,FBTC,14:45:00
2026-06-04,55.53,FBTC,15:00:00
2026-06-04,55.73,FBTC,15:15:00
2026-06-04,55.44,FBTC,15:30:00
2026-06-04,55.3,FBTC,15:45:00
2026-06-05,53.78,FBTC,09:30:00
2026-06-05,52.81,FBTC,09:45:00
2026-06-05,52.95,FBTC,10:00:00
2026-06-05,52.53,FBTC,10:15:00
2026-06-05,52.92,FBTC,10:30:00
2026-06-05,52.95,FBTC,10:45:00
2026-06-05,52.7,FBTC,11:00:00
2026-06-05,52.87,FBTC,11:15:00
2026-06-05,52.53,FBTC,11:30:00
2026-06-05,52.56,FBTC,11:45:00
2026-06-05,52.97,FBTC,12:00:00
2026-06-05,53.02,FBTC,12:15:00
2026-06-05,52.89,FBTC,12:30:00
2026-06-05,53.39,FBTC,12:45:00
2026-06-05,53.11,FBTC,13:00:00
2026-06-05,52.78,FBTC,13:15:00
2026-06-05,52.84,FBTC,13:30:00
2026-06-05,52.89,FBTC,13:45:00
2026-06-05,52.72,FBTC,14:00:00
2026-06-05,52.31,FBTC,14:15:00
2026-06-05,52.14,FBTC,14:30:00
2026-06-05,51.67,FBTC,14:45:00
2026-06-05,51.67,FBTC,15:00:00
2026-06-05,52.06,FBTC,15:15:00
2026-06-05,51.98,FBTC,15:30:00
2026-06-05,52.45,FBTC,15:45:00
2026-06-08,55.23,FBTC,09:30:00
2026-06-08,55.46,FBTC,09:45:00
2026-06-08,55.56,FBTC,10:00:00
2026-06-08,55.48,FBTC,10:15:00
2026-06-08,55.59,FBTC,10:30:00
2026-06-08,55.66,FBTC,10:45:00
2026-06-08,55.85,FBTC,11:00:00
2026-06-08,55.69,FBTC,11:15:00
2026-06-08,55.55,FBTC,11:30:00
2026-06-08,55.48,FBTC,11:45:00
2026-06-08,55.51,FBTC,12:00:00
2026-06-08,55.55,FBTC,12:15:00
2026-06-08,55.39,FBTC,12:30:00
2026-06-08,55.25,FBTC,12:45:00
2026-06-08,55.12,FBTC,13:00:00
2026-06-08,55.36,FBTC,13:15:00
2026-06-08,55.13,FBTC,13:30:00
2026-06-08,55.29,FBTC,13:45:00
2026-06-08,55.32,FBTC,14:00:00
2026-06-08,55.37,FBTC,14:15:00
2026-06-08,55.23,FBTC,14:30:00
2026-06-08,55.22,FBTC,14:45:00
2026-06-08,55.17,FBTC,15:00:00
2026-06-08,55.27,FBTC,15:15:00
2026-06-08,55.23,FBTC,15:30:00
2026-06-08,55.16,FBTC,15:45:00
2026-04-27,60.55,GBTC,09:30:00
2026-04-27,60.45,GBTC,09:45:00
2026-04-27,60.55,GBTC,10:00:00
2026-04-27,60.56,GBTC,10:15:00
2026-04-27,60.81,GBTC,10:30:00
2026-04-27,60.52,GBTC,10:45:00
2026-04-27,60.17,GBTC,11:00:00
2026-04-27,59.75,GBTC,11:15:00
2026-04-27,59.91,GBTC,11:30:00
2026-04-27,59.7,GBTC,11:45:00
2026-04-27,59.7,GBTC,12:00:00
2026-04-27,59.67,GBTC,12:15:00
2026-04-27,59.55,GBTC,12:30:00
2026-04-27,59.58,GBTC,12:45:00
2026-04-27,59.64,GBTC,13:00:00
2026-04-27,59.73,GBTC,13:15:00
2026-04-27,59.77,GBTC,13:30:00
2026-04-27,59.66,GBTC,13:45:00
2026-04-27,59.67,GBTC,14:00:00
2026-04-27,59.63,GBTC,14:15:00
2026-04-27,59.67,GBTC,14:30:00
2026-04-27,59.73,GBTC,14:45:00
2026-04-27,59.78,GBTC,15:00:00
2026-04-27,59.56,GBTC,15:15:00
2026-04-27,59.72,GBTC,15:30:00
2026-04-27,59.78,GBTC,15:45:00
2026-04-28,59.3,GBTC,09:30:00
2026-04-28,59.23,GBTC,09:45:00
2026-04-28,59.14,GBTC,10:00:00
2026-04-28,58.95,GBTC,10:15:00
2026-04-28,58.97,GBTC,10:30:00
2026-04-28,59.06,GBTC,10:45:00
2026-04-28,59.08,GBTC,11:00:00
2026-04-28,59.09,GBTC,11:15:00
2026-04-28,59.03,GBTC,11:30:00
2026-04-28,59.13,GBTC,11:45:00
2026-04-28,59.09,GBTC,12:00:00
2026-04-28,59.03,GBTC,12:15:00
2026-04-28,59.0,GBTC,12:30:00
2026-04-28,59.17,GBTC,12:45:00
2026-04-28,59.11,GBTC,13:00:00
2026-04-28,59.14,GBTC,13:15:00
2026-04-28,59.23,GBTC,13:30:00
2026-04-28,59.22,GBTC,13:45:00
2026-04-28,59.17,GBTC,14:00:00
2026-04-28,59.25,GBTC,14:15:00
2026-04-28,59.2,GBTC,14:30:00
2026-04-28,59.25,GBTC,14:45:00
2026-04-28,59.14,GBTC,15:00:00
2026-04-28,59.2,GBTC,15:15:00
2026-04-28,59.31,GBTC,15:30:00
2026-04-28,59.33,GBTC,15:45:00
2026-04-29,59.52,GBTC,09:30:00
2026-04-29,59.69,GBTC,09:45:00
2026-04-29,59.52,GBTC,10:00:00
2026-04-29,59.64,GBTC,10:15:00
2026-04-29,59.55,GBTC,10:30:00
2026-04-29,59.53,GBTC,10:45:00
2026-04-29,59.27,GBTC,11:00:00
2026-04-29,59.23,GBTC,11:15:00
2026-04-29,59.06,GBTC,11:30:00
2026-04-29,59.02,GBTC,11:45:00
2026-04-29,59.09,GBTC,12:00:00
2026-04-29,58.94,GBTC,12:15:00
2026-04-29,58.98,GBTC,12:30:00
2026-04-29,58.91,GBTC,12:45:00
2026-04-29,59.0,GBTC,13:00:00
2026-04-29,58.98,GBTC,13:15:00
2026-04-29,59.06,GBTC,13:30:00
2026-04-29,59.2,GBTC,13:45:00
2026-04-29,58.44,GBTC,14:00:00
2026-04-29,58.39,GBTC,14:15:00
2026-04-29,58.45,GBTC,14:30:00
2026-04-29,58.67,GBTC,14:45:00
2026-04-29,58.72,GBTC,15:00:00
2026-04-29,58.67,GBTC,15:15:00
2026-04-29,58.61,GBTC,15:30:00
2026-04-29,58.7,GBTC,15:45:00
2026-04-30,59.59,GBTC,09:30:00
2026-04-30,59.41,GBTC,09:45:00
2026-04-30,59.37,GBTC,10:00:00
2026-04-30,59.34,GBTC,10:15:00
2026-04-30,59.33,GBTC,10:30:00
2026-04-30,59.3,GBTC,10:45:00
2026-04-30,59.41,GBTC,11:00:00
2026-04-30,59.47,GBTC,11:15:00
2026-04-30,59.42,GBTC,11:30:00
2026-04-30,59.42,GBTC,11:45:00
2026-04-30,59.44,GBTC,12:00:00
2026-04-30,59.34,GBTC,12:15:00
2026-04-30,59.33,GBTC,12:30:00
2026-04-30,59.25,GBTC,12:45:00
2026-04-30,59.23,GBTC,13:00:00
2026-04-30,59.17,GBTC,13:15:00
2026-04-30,59.17,GBTC,13:30:00
2026-04-30,59.25,GBTC,13:45:00
2026-04-30,59.25,GBTC,14:00:00
2026-04-30,59.28,GBTC,14:15:00
2026-04-30,59.37,GBTC,14:30:00
2026-04-30,59.33,GBTC,14:45:00
2026-04-30,59.42,GBTC,15:00:00
2026-04-30,59.44,GBTC,15:15:00
2026-04-30,59.39,GBTC,15:30:00
2026-04-30,59.39,GBTC,15:45:00
2026-05-01,60.89,GBTC,09:30:00
2026-05-01,61.25,GBTC,09:45:00
2026-05-01,61.21,GBTC,10:00:00
2026-05-01,60.88,GBTC,10:15:00
2026-05-01,60.81,GBTC,10:30:00
2026-05-01,60.94,GBTC,10:45:00
2026-05-01,61.05,GBTC,11:00:00
2026-05-01,61.09,GBTC,11:15:00
2026-05-01,61.2,GBTC,11:30:00
2026-05-01,61.0,GBTC,11:45:00
2026-05-01,60.97,GBTC,12:00:00
2026-05-01,60.92,GBTC,12:15:00
2026-05-01,60.89,GBTC,12:30:00
2026-05-01,60.84,GBTC,12:45:00
2026-05-01,60.94,GBTC,13:00:00
2026-05-01,60.87,GBTC,13:15:00
2026-05-01,61.03,GBTC,13:30:00
2026-05-01,61.12,GBTC,13:45:00
2026-05-01,61.09,GBTC,14:00:00
2026-05-01,61.14,GBTC,14:15:00
2026-05-01,61.0,GBTC,14:30:00
2026-05-01,61.0,GBTC,14:45:00
2026-05-01,61.06,GBTC,15:00:00
2026-05-01,61.0,GBTC,15:15:00
2026-05-01,60.95,GBTC,15:30:00
2026-05-01,60.97,GBTC,15:45:00
2026-05-04,61.31,GBTC,09:30:00
2026-05-04,61.23,GBTC,09:45:00
2026-05-04,61.39,GBTC,10:00:00
2026-05-04,61.62,GBTC,10:15:00
2026-05-04,61.84,GBTC,10:30:00
2026-05-04,62.38,GBTC,10:45:00
2026-05-04,62.3,GBTC,11:00:00
2026-05-04,61.98,GBTC,11:15:00
2026-05-04,62.16,GBTC,11:30:00
2026-05-04,62.23,GBTC,11:45:00
2026-05-04,61.97,GBTC,12:00:00
2026-05-04,62.41,GBTC,12:15:00
2026-05-04,62.42,GBTC,12:30:00
2026-05-04,62.23,GBTC,12:45:00
2026-05-04,62.5,GBTC,13:00:00
2026-05-04,62.56,GBTC,13:15:00
2026-05-04,62.42,GBTC,13:30:00
2026-05-04,62.5,GBTC,13:45:00
2026-05-04,62.48,GBTC,14:00:00
2026-05-04,62.39,GBTC,14:15:00
2026-05-04,62.31,GBTC,14:30:00
2026-05-04,62.28,GBTC,14:45:00
2026-05-04,62.25,GBTC,15:00:00
2026-05-04,62.12,GBTC,15:15:00
2026-05-04,62.19,GBTC,15:30:00
2026-05-04,62.22,GBTC,15:45:00
2026-05-05,63.3,GBTC,09:30:00
2026-05-05,63.22,GBTC,09:45:00
2026-05-05,63.05,GBTC,10:00:00
2026-05-05,63.3,GBTC,10:15:00
2026-05-05,63.16,GBTC,10:30:00
2026-05-05,63.23,GBTC,10:45:00
2026-05-05,63.42,GBTC,11:00:00
2026-05-05,63.47,GBTC,11:15:00
2026-05-05,63.47,GBTC,11:30:00
2026-05-05,63.39,GBTC,11:45:00
2026-05-05,63.33,GBTC,12:00:00
2026-05-05,63.31,GBTC,12:15:00
2026-05-05,63.03,GBTC,12:30:00
2026-05-05,63.2,GBTC,12:45:00
2026-05-05,63.23,GBTC,13:00:00
2026-05-05,63.28,GBTC,13:15:00
2026-05-05,63.2,GBTC,13:30:00
2026-05-05,63.17,GBTC,13:45:00
2026-05-05,63.41,GBTC,14:00:00
2026-05-05,63.31,GBTC,14:15:00
2026-05-05,63.39,GBTC,14:30:00
2026-05-05,63.37,GBTC,14:45:00
2026-05-05,63.34,GBTC,15:00:00
2026-05-05,63.38,GBTC,15:15:00
2026-05-05,63.48,GBTC,15:30:00
2026-05-05,63.44,GBTC,15:45:00
2026-05-06,63.67,GBTC,09:30:00
2026-05-06,63.48,GBTC,09:45:00
2026-05-06,63.31,GBTC,10:00:00
2026-05-06,63.44,GBTC,10:15:00
2026-05-06,63.66,GBTC,10:30:00
2026-05-06,63.36,GBTC,10:45:00
2026-05-06,63.28,GBTC,11:00:00
2026-05-06,63.47,GBTC,11:15:00
2026-05-06,63.45,GBTC,11:30:00
2026-05-06,63.5,GBTC,11:45:00
2026-05-06,63.53,GBTC,12:00:00
2026-05-06,63.34,GBTC,12:15:00
2026-05-06,63.48,GBTC,12:30:00
2026-05-06,63.42,GBTC,12:45:00
2026-05-06,63.48,GBTC,13:00:00
2026-05-06,63.33,GBTC,13:15:00
2026-05-06,63.38,GBTC,13:30:00
2026-05-06,63.31,GBTC,13:45:00
2026-05-06,63.34,GBTC,14:00:00
2026-05-06,63.31,GBTC,14:15:00
2026-05-06,63.23,GBTC,14:30:00
2026-05-06,63.22,GBTC,14:45:00
2026-05-06,63.14,GBTC,15:00:00
2026-05-06,63.2,GBTC,15:15:00
2026-05-06,63.28,GBTC,15:30:00
2026-05-06,63.31,GBTC,15:45:00
2026-05-07,62.62,GBTC,09:30:00
2026-05-07,62.56,GBTC,09:45:00
2026-05-07,62.7,GBTC,10:00:00
2026-05-07,62.5,GBTC,10:15:00
2026-05-07,62.28,GBTC,10:30:00
2026-05-07,62.3,GBTC,10:45:00
2026-05-07,62.28,GBTC,11:00:00
2026-05-07,62.05,GBTC,11:15:00
2026-05-07,62.14,GBTC,11:30:00
2026-05-07,62.09,GBTC,11:45:00
2026-05-07,62.03,GBTC,12:00:00
2026-05-07,62.14,GBTC,12:15:00
2026-05-07,62.08,GBTC,12:30:00
2026-05-07,62.0,GBTC,12:45:00
2026-05-07,62.06,GBTC,13:00:00
2026-05-07,61.92,GBTC,13:15:00
2026-05-07,62.06,GBTC,13:30:00
2026-05-07,62.25,GBTC,13:45:00
2026-05-07,62.28,GBTC,14:00:00
2026-05-07,62.27,GBTC,14:15:00
2026-05-07,62.27,GBTC,14:30:00
2026-05-07,62.31,GBTC,14:45:00
2026-05-07,62.28,GBTC,15:00:00
2026-05-07,62.13,GBTC,15:15:00
2026-05-07,62.27,GBTC,15:30:00
2026-05-07,62.29,GBTC,15:45:00
2026-05-08,61.83,GBTC,09:30:00
2026-05-08,61.88,GBTC,09:45:00
2026-05-08,62.09,GBTC,10:00:00
2026-05-08,62.2,GBTC,10:15:00
2026-05-08,62.33,GBTC,10:30:00
2026-05-08,62.25,GBTC,10:45:00
2026-05-08,62.06,GBTC,11:00:00
2026-05-08,61.92,GBTC,11:15:00
2026-05-08,62.13,GBTC,11:30:00
2026-05-08,62.28,GBTC,11:45:00
2026-05-08,62.13,GBTC,12:00:00
2026-05-08,62.12,GBTC,12:15:00
2026-05-08,62.0,GBTC,12:30:00
2026-05-08,61.98,GBTC,12:45:00
2026-05-08,62.03,GBTC,13:00:00
2026-05-08,62.19,GBTC,13:15:00
2026-05-08,62.28,GBTC,13:30:00
2026-05-08,62.22,GBTC,13:45:00
2026-05-08,62.34,GBTC,14:00:00
2026-05-08,62.36,GBTC,14:15:00
2026-05-08,62.28,GBTC,14:30:00
2026-05-08,62.23,GBTC,14:45:00
2026-05-08,62.22,GBTC,15:00:00
2026-05-08,62.19,GBTC,15:15:00
2026-05-08,62.25,GBTC,15:30:00
2026-05-08,62.31,GBTC,15:45:00
2026-05-11,62.98,GBTC,09:30:00
2026-05-11,62.98,GBTC,09:45:00
2026-05-11,63.05,GBTC,10:00:00
2026-05-11,62.72,GBTC,10:15:00
2026-05-11,62.77,GBTC,10:30:00
2026-05-11,62.88,GBTC,10:45:00
2026-05-11,62.92,GBTC,11:00:00
2026-05-11,63.2,GBTC,11:15:00
2026-05-11,63.11,GBTC,11:30:00
2026-05-11,63.28,GBTC,11:45:00
2026-05-11,63.56,GBTC,12:00:00
2026-05-11,63.55,GBTC,12:15:00
2026-05-11,63.39,GBTC,12:30:00
2026-05-11,63.38,GBTC,12:45:00
2026-05-11,63.34,GBTC,13:00:00
2026-05-11,63.44,GBTC,13:15:00
2026-05-11,63.7,GBTC,13:30:00
2026-05-11,63.67,GBTC,13:45:00
2026-05-11,63.7,GBTC,14:00:00
2026-05-11,63.75,GBTC,14:15:00
2026-05-11,63.69,GBTC,14:30:00
2026-05-11,63.62,GBTC,14:45:00
2026-05-11,63.67,GBTC,15:00:00
2026-05-11,63.64,GBTC,15:15:00
2026-05-11,63.72,GBTC,15:30:00
2026-05-11,63.69,GBTC,15:45:00
2026-05-12,62.75,GBTC,09:30:00
2026-05-12,62.5,GBTC,09:45:00
2026-05-12,62.7,GBTC,10:00:00
2026-05-12,62.64,GBTC,10:15:00
2026-05-12,62.77,GBTC,10:30:00
2026-05-12,62.56,GBTC,10:45:00
2026-05-12,62.62,GBTC,11:00:00
2026-05-12,62.31,GBTC,11:15:00
2026-05-12,62.42,GBTC,11:30:00
2026-05-12,62.39,GBTC,11:45:00
2026-05-12,62.44,GBTC,12:00:00
2026-05-12,62.37,GBTC,12:15:00
2026-05-12,62.34,GBTC,12:30:00
2026-05-12,62.14,GBTC,12:45:00
2026-05-12,62.31,GBTC,13:00:00
2026-05-12,62.48,GBTC,13:15:00
2026-05-12,62.56,GBTC,13:30:00
2026-05-12,62.56,GBTC,13:45:00
2026-05-12,62.58,GBTC,14:00:00
2026-05-12,62.53,GBTC,14:15:00
2026-05-12,62.67,GBTC,14:30:00
2026-05-12,62.67,GBTC,14:45:00
2026-05-12,62.78,GBTC,15:00:00
2026-05-12,62.7,GBTC,15:15:00
2026-05-12,62.73,GBTC,15:30:00
2026-05-12,62.8,GBTC,15:45:00
2026-05-13,62.02,GBTC,09:30:00
2026-05-13,61.86,GBTC,09:45:00
2026-05-13,61.91,GBTC,10:00:00
2026-05-13,62.02,GBTC,10:15:00
2026-05-13,61.89,GBTC,10:30:00
2026-05-13,61.95,GBTC,10:45:00
2026-05-13,61.69,GBTC,11:00:00
2026-05-13,61.56,GBTC,11:15:00
2026-05-13,61.53,GBTC,11:30:00
2026-05-13,61.2,GBTC,11:45:00
2026-05-13,61.28,GBTC,12:00:00
2026-05-13,61.38,GBTC,12:15:00
2026-05-13,61.45,GBTC,12:30:00
2026-05-13,61.43,GBTC,12:45:00
2026-05-13,61.53,GBTC,13:00:00
2026-05-13,61.61,GBTC,13:15:00
2026-05-13,61.68,GBTC,13:30:00
2026-05-13,61.75,GBTC,13:45:00
2026-05-13,61.83,GBTC,14:00:00
2026-05-13,61.95,GBTC,14:15:00
2026-05-13,61.86,GBTC,14:30:00
2026-05-13,61.81,GBTC,14:45:00
2026-05-13,61.73,GBTC,15:00:00
2026-05-13,61.73,GBTC,15:15:00
2026-05-13,61.75,GBTC,15:30:00
2026-05-13,61.84,GBTC,15:45:00
2026-05-14,62.03,GBTC,09:30:00
2026-05-14,61.89,GBTC,09:45:00
2026-05-14,62.11,GBTC,10:00:00
2026-05-14,62.25,GBTC,10:15:00
2026-05-14,62.42,GBTC,10:30:00
2026-05-14,62.92,GBTC,10:45:00
2026-05-14,62.94,GBTC,11:00:00
2026-05-14,62.95,GBTC,11:15:00
2026-05-14,62.98,GBTC,11:30:00
2026-05-14,63.17,GBTC,11:45:00
2026-05-14,63.39,GBTC,12:00:00
2026-05-14,63.38,GBTC,12:15:00
2026-05-14,63.34,GBTC,12:30:00
2026-05-14,63.64,GBTC,12:45:00
2026-05-14,63.53,GBTC,13:00:00
2026-05-14,63.32,GBTC,13:15:00
2026-05-14,63.45,GBTC,13:30:00
2026-05-14,63.47,GBTC,13:45:00
2026-05-14,63.62,GBTC,14:00:00
2026-05-14,63.62,GBTC,14:15:00
2026-05-14,63.37,GBTC,14:30:00
2026-05-14,63.41,GBTC,14:45:00
2026-05-14,63.37,GBTC,15:00:00
2026-05-14,63.2,GBTC,15:15:00
2026-05-14,63.28,GBTC,15:30:00
2026-05-14,63.27,GBTC,15:45:00
2026-05-15,61.44,GBTC,09:30:00
2026-05-15,61.12,GBTC,09:45:00
2026-05-15,61.53,GBTC,10:00:00
2026-05-15,61.39,GBTC,10:15:00
2026-05-15,61.5,GBTC,10:30:00
2026-05-15,61.45,GBTC,10:45:00
2026-05-15,61.5,GBTC,11:00:00
2026-05-15,61.45,GBTC,11:15:00
2026-05-15,61.42,GBTC,11:30:00
2026-05-15,61.45,GBTC,11:45:00
2026-05-15,61.48,GBTC,12:00:00
2026-05-15,61.59,GBTC,12:15:00
2026-05-15,61.56,GBTC,12:30:00
2026-05-15,61.56,GBTC,12:45:00
2026-05-15,61.53,GBTC,13:00:00
2026-05-15,61.64,GBTC,13:15:00
2026-05-15,61.64,GBTC,13:30:00
2026-05-15,61.7,GBTC,13:45:00
2026-05-15,61.7,GBTC,14:00:00
2026-05-15,61.55,GBTC,14:15:00
2026-05-15,61.56,GBTC,14:30:00
2026-05-15,61.55,GBTC,14:45:00
2026-05-15,61.39,GBTC,15:00:00
2026-05-15,61.42,GBTC,15:15:00
2026-05-15,61.42,GBTC,15:30:00
2026-05-15,61.45,GBTC,15:45:00
2026-05-18,59.63,GBTC,09:30:00
2026-05-18,59.73,GBTC,09:45:00
2026-05-18,59.53,GBTC,10:00:00
2026-05-18,59.5,GBTC,10:15:00
2026-05-18,59.36,GBTC,10:30:00
2026-05-18,59.28,GBTC,10:45:00
2026-05-18,59.2,GBTC,11:00:00
2026-05-18,59.05,GBTC,11:15:00
2026-05-18,59.23,GBTC,11:30:00
2026-05-18,59.28,GBTC,11:45:00
2026-05-18,59.37,GBTC,12:00:00
2026-05-18,59.19,GBTC,12:15:00
2026-05-18,59.32,GBTC,12:30:00
2026-05-18,59.31,GBTC,12:45:00
2026-05-18,59.42,GBTC,13:00:00
2026-05-18,59.5,GBTC,13:15:00
2026-05-18,59.5,GBTC,13:30:00
2026-05-18,59.53,GBTC,13:45:00
2026-05-18,59.33,GBTC,14:00:00
2026-05-18,59.25,GBTC,14:15:00
2026-05-18,59.23,GBTC,14:30:00
2026-05-18,59.17,GBTC,14:45:00
2026-05-18,59.47,GBTC,15:00:00
2026-05-18,59.47,GBTC,15:15:00
2026-05-18,59.67,GBTC,15:30:00
2026-05-18,59.68,GBTC,15:45:00
2026-05-19,59.55,GBTC,09:30:00
2026-05-19,59.67,GBTC,09:45:00
2026-05-19,59.45,GBTC,10:00:00
2026-05-19,59.31,GBTC,10:15:00
2026-05-19,59.34,GBTC,10:30:00
2026-05-19,59.28,GBTC,10:45:00
2026-05-19,59.44,GBTC,11:00:00
2026-05-19,59.37,GBTC,11:15:00
2026-05-19,59.34,GBTC,11:30:00
2026-05-19,59.39,GBTC,11:45:00
2026-05-19,59.34,GBTC,12:00:00
2026-05-19,59.45,GBTC,12:15:00
2026-05-19,59.61,GBTC,12:30:00
2026-05-19,59.69,GBTC,12:45:00
2026-05-19,59.73,GBTC,13:00:00
2026-05-19,59.67,GBTC,13:15:00
2026-05-19,59.7,GBTC,13:30:00
2026-05-19,59.64,GBTC,13:45:00
2026-05-19,59.7,GBTC,14:00:00
2026-05-19,59.59,GBTC,14:15:00
2026-05-19,59.63,GBTC,14:30:00
2026-05-19,59.61,GBTC,14:45:00
2026-05-19,59.81,GBTC,15:00:00
2026-05-19,59.61,GBTC,15:15:00
2026-05-19,59.66,GBTC,15:30:00
2026-05-19,59.62,GBTC,15:45:00
2026-05-20,59.81,GBTC,09:30:00
2026-05-20,59.92,GBTC,09:45:00
2026-05-20,59.84,GBTC,10:00:00
2026-05-20,60.08,GBTC,10:15:00
2026-05-20,60.06,GBTC,10:30:00
2026-05-20,60.09,GBTC,10:45:00
2026-05-20,60.0,GBTC,11:00:00
2026-05-20,60.19,GBTC,11:15:00
2026-05-20,60.1,GBTC,11:30:00
2026-05-20,60.12,GBTC,11:45:00
2026-05-20,60.13,GBTC,12:00:00
2026-05-20,59.81,GBTC,12:15:00
2026-05-20,60.03,GBTC,12:30:00
2026-05-20,60.01,GBTC,12:45:00
2026-05-20,60.06,GBTC,13:00:00
2026-05-20,60.2,GBTC,13:15:00
2026-05-20,60.28,GBTC,13:30:00
2026-05-20,60.2,GBTC,13:45:00
2026-05-20,60.13,GBTC,14:00:00
2026-05-20,60.14,GBTC,14:15:00
2026-05-20,60.12,GBTC,14:30:00
2026-05-20,60.07,GBTC,14:45:00
2026-05-20,60.08,GBTC,15:00:00
2026-05-20,60.2,GBTC,15:15:00
2026-05-20,60.23,GBTC,15:30:00
2026-05-20,60.28,GBTC,15:45:00
2026-05-21,59.53,GBTC,09:30:00
2026-05-21,59.83,GBTC,09:45:00
2026-05-21,59.8,GBTC,10:00:00
2026-05-21,59.78,GBTC,10:15:00
2026-05-21,59.73,GBTC,10:30:00
2026-05-21,59.7,GBTC,10:45:00
2026-05-21,59.84,GBTC,11:00:00
2026-05-21,59.95,GBTC,11:15:00
2026-05-21,59.91,GBTC,11:30:00
2026-05-21,59.94,GBTC,11:45:00
2026-05-21,59.95,GBTC,12:00:00
2026-05-21,59.87,GBTC,12:15:00
2026-05-21,59.78,GBTC,12:30:00
2026-05-21,59.89,GBTC,12:45:00
2026-05-21,60.16,GBTC,13:00:00
2026-05-21,60.5,GBTC,13:15:00
2026-05-21,60.45,GBTC,13:30:00
2026-05-21,60.42,GBTC,13:45:00
2026-05-21,60.28,GBTC,14:00:00
2026-05-21,60.33,GBTC,14:15:00
2026-05-21,60.33,GBTC,14:30:00
2026-05-21,60.03,GBTC,14:45:00
2026-05-21,60.16,GBTC,15:00:00
2026-05-21,60.17,GBTC,15:15:00
2026-05-21,60.22,GBTC,15:30:00
2026-05-21,60.3,GBTC,15:45:00
2026-05-22,59.91,GBTC,09:30:00
2026-05-22,59.97,GBTC,09:45:00
2026-05-22,59.78,GBTC,10:00:00
2026-05-22,59.62,GBTC,10:15:00
2026-05-22,59.59,GBTC,10:30:00
2026-05-22,59.56,GBTC,10:45:00
2026-05-22,59.56,GBTC,11:00:00
2026-05-22,59.68,GBTC,11:15:00
2026-05-22,59.52,GBTC,11:30:00
2026-05-22,59.56,GBTC,11:45:00
2026-05-22,59.63,GBTC,12:00:00
2026-05-22,59.7,GBTC,12:15:00
2026-05-22,59.66,GBTC,12:30:00
2026-05-22,59.7,GBTC,12:45:00
2026-05-22,59.7,GBTC,13:00:00
2026-05-22,59.8,GBTC,13:15:00
2026-05-22,59.72,GBTC,13:30:00
2026-05-22,59.53,GBTC,13:45:00
2026-05-22,59.59,GBTC,14:00:00
2026-05-22,59.59,GBTC,14:15:00
2026-05-22,59.41,GBTC,14:30:00
2026-05-22,59.38,GBTC,14:45:00
2026-05-22,59.14,GBTC,15:00:00
2026-05-22,59.16,GBTC,15:15:00
2026-05-22,58.83,GBTC,15:30:00
2026-05-22,58.87,GBTC,15:45:00
2026-05-26,59.67,GBTC,09:30:00
2026-05-26,59.93,GBTC,09:45:00
2026-05-26,60.06,GBTC,10:00:00
2026-05-26,60.5,GBTC,10:15:00
2026-05-26,59.58,GBTC,10:30:00
2026-05-26,59.64,GBTC,10:45:00
2026-05-26,59.7,GBTC,11:00:00
2026-05-26,59.45,GBTC,11:15:00
2026-05-26,59.34,GBTC,11:30:00
2026-05-26,59.33,GBTC,11:45:00
2026-05-26,59.19,GBTC,12:00:00
2026-05-26,59.36,GBTC,12:15:00
2026-05-26,59.36,GBTC,12:30:00
2026-05-26,59.38,GBTC,12:45:00
2026-05-26,59.33,GBTC,13:00:00
2026-05-26,58.98,GBTC,13:15:00
2026-05-26,58.95,GBTC,13:30:00
2026-05-26,58.88,GBTC,13:45:00
2026-05-26,58.94,GBTC,14:00:00
2026-05-26,59.0,GBTC,14:15:00
2026-05-26,58.86,GBTC,14:30:00
2026-05-26,58.78,GBTC,14:45:00
2026-05-26,58.8,GBTC,15:00:00
2026-05-26,58.84,GBTC,15:15:00
2026-05-26,58.92,GBTC,15:30:00
2026-05-26,58.94,GBTC,15:45:00
2026-05-27,58.06,GBTC,09:30:00
2026-05-27,58.17,GBTC,09:45:00
2026-05-27,58.12,GBTC,10:00:00
2026-05-27,58.02,GBTC,10:15:00
2026-05-27,58.19,GBTC,10:30:00
2026-05-27,58.14,GBTC,10:45:00
2026-05-27,58.21,GBTC,11:00:00
2026-05-27,58.41,GBTC,11:15:00
2026-05-27,58.28,GBTC,11:30:00
2026-05-27,58.38,GBTC,11:45:00
2026-05-27,58.34,GBTC,12:00:00
2026-05-27,58.2,GBTC,12:15:00
2026-05-27,58.23,GBTC,12:30:00
2026-05-27,58.37,GBTC,12:45:00
2026-05-27,58.11,GBTC,13:00:00
2026-05-27,58.12,GBTC,13:15:00
2026-05-27,58.03,GBTC,13:30:00
2026-05-27,58.0,GBTC,13:45:00
2026-05-27,57.92,GBTC,14:00:00
2026-05-27,58.03,GBTC,14:15:00
2026-05-27,58.09,GBTC,14:30:00
2026-05-27,58.13,GBTC,14:45:00
2026-05-27,58.14,GBTC,15:00:00
2026-05-27,58.14,GBTC,15:15:00
2026-05-27,58.13,GBTC,15:30:00
2026-05-27,58.17,GBTC,15:45:00
2026-05-28,56.41,GBTC,09:30:00
2026-05-28,56.59,GBTC,09:45:00
2026-05-28,56.81,GBTC,10:00:00
2026-05-28,56.53,GBTC,10:15:00
2026-05-28,56.45,GBTC,10:30:00
2026-05-28,56.59,GBTC,10:45:00
2026-05-28,56.47,GBTC,11:00:00
2026-05-28,56.53,GBTC,11:15:00
2026-05-28,56.58,GBTC,11:30:00
2026-05-28,56.52,GBTC,11:45:00
2026-05-28,56.64,GBTC,12:00:00
2026-05-28,56.67,GBTC,12:15:00
2026-05-28,56.84,GBTC,12:30:00
2026-05-28,56.92,GBTC,12:45:00
2026-05-28,56.97,GBTC,13:00:00
2026-05-28,56.86,GBTC,13:15:00
2026-05-28,56.95,GBTC,13:30:00
2026-05-28,57.0,GBTC,13:45:00
2026-05-28,57.08,GBTC,14:00:00
2026-05-28,57.03,GBTC,14:15:00
2026-05-28,57.05,GBTC,14:30:00
2026-05-28,57.09,GBTC,14:45:00
2026-05-28,56.95,GBTC,15:00:00
2026-05-28,57.02,GBTC,15:15:00
2026-05-28,56.92,GBTC,15:30:00
2026-05-28,56.93,GBTC,15:45:00
2026-05-29,56.81,GBTC,09:30:00
2026-05-29,56.71,GBTC,09:45:00
2026-05-29,56.61,GBTC,10:00:00
2026-05-29,56.38,GBTC,10:15:00
2026-05-29,56.33,GBTC,10:30:00
2026-05-29,56.66,GBTC,10:45:00
2026-05-29,57.14,GBTC,11:00:00
2026-05-29,57.09,GBTC,11:15:00
2026-05-29,57.25,GBTC,11:30:00
2026-05-29,57.23,GBTC,11:45:00
2026-05-29,57.34,GBTC,12:00:00
2026-05-29,57.11,GBTC,12:15:00
2026-05-29,57.44,GBTC,12:30:00
2026-05-29,57.42,GBTC,12:45:00
2026-05-29,57.59,GBTC,13:00:00
2026-05-29,57.58,GBTC,13:15:00
2026-05-29,57.56,GBTC,13:30:00
2026-05-29,57.39,GBTC,13:45:00
2026-05-29,57.44,GBTC,14:00:00
2026-05-29,57.23,GBTC,14:15:00
2026-05-29,57.23,GBTC,14:30:00
2026-05-29,56.91,GBTC,14:45:00
2026-05-29,56.95,GBTC,15:00:00
2026-05-29,56.88,GBTC,15:15:00
2026-05-29,57.16,GBTC,15:30:00
2026-05-29,57.03,GBTC,15:45:00
2026-06-01,55.5,GBTC,09:30:00
2026-06-01,55.56,GBTC,09:45:00
2026-06-01,55.52,GBTC,10:00:00
2026-06-01,55.42,GBTC,10:15:00
2026-06-01,55.39,GBTC,10:30:00
2026-06-01,55.45,GBTC,10:45:00
2026-06-01,55.4,GBTC,11:00:00
2026-06-01,55.06,GBTC,11:15:00
2026-06-01,55.22,GBTC,11:30:00
2026-06-01,55.09,GBTC,11:45:00
2026-06-01,54.91,GBTC,12:00:00
2026-06-01,55.08,GBTC,12:15:00
2026-06-01,55.28,GBTC,12:30:00
2026-06-01,55.45,GBTC,12:45:00
2026-06-01,55.48,GBTC,13:00:00
2026-06-01,55.6,GBTC,13:15:00
2026-06-01,55.59,GBTC,13:30:00
2026-06-01,55.52,GBTC,13:45:00
2026-06-01,55.41,GBTC,14:00:00
2026-06-01,55.45,GBTC,14:15:00
2026-06-01,55.42,GBTC,14:30:00
2026-06-01,55.41,GBTC,14:45:00
2026-06-01,55.36,GBTC,15:00:00
2026-06-01,55.5,GBTC,15:15:00
2026-06-01,55.52,GBTC,15:30:00
2026-06-01,55.48,GBTC,15:45:00
2026-06-02,53.38,GBTC,09:30:00
2026-06-02,53.33,GBTC,09:45:00
2026-06-02,53.13,GBTC,10:00:00
2026-06-02,52.59,GBTC,10:15:00
2026-06-02,52.69,GBTC,10:30:00
2026-06-02,52.69,GBTC,10:45:00
2026-06-02,52.56,GBTC,11:00:00
2026-06-02,52.25,GBTC,11:15:00
2026-06-02,52.12,GBTC,11:30:00
2026-06-02,52.13,GBTC,11:45:00
2026-06-02,52.62,GBTC,12:00:00
2026-06-02,52.56,GBTC,12:15:00
2026-06-02,52.39,GBTC,12:30:00
2026-06-02,52.25,GBTC,12:45:00
2026-06-02,52.3,GBTC,13:00:00
2026-06-02,52.47,GBTC,13:15:00
2026-06-02,52.28,GBTC,13:30:00
2026-06-02,52.28,GBTC,13:45:00
2026-06-02,52.38,GBTC,14:00:00
2026-06-02,52.14,GBTC,14:15:00
2026-06-02,52.16,GBTC,14:30:00
2026-06-02,52.17,GBTC,14:45:00
2026-06-02,52.17,GBTC,15:00:00
2026-06-02,51.89,GBTC,15:15:00
2026-06-02,51.88,GBTC,15:30:00
2026-06-02,52.19,GBTC,15:45:00
2026-06-03,51.73,GBTC,09:30:00
2026-06-03,51.86,GBTC,09:45:00
2026-06-03,51.86,GBTC,10:00:00
2026-06-03,51.77,GBTC,10:15:00
2026-06-03,51.73,GBTC,10:30:00
2026-06-03,51.81,GBTC,10:45:00
2026-06-03,51.56,GBTC,11:00:00
2026-06-03,51.63,GBTC,11:15:00
2026-06-03,51.39,GBTC,11:30:00
2026-06-03,51.22,GBTC,11:45:00
2026-06-03,51.28,GBTC,12:00:00
2026-06-03,50.86,GBTC,12:15:00
2026-06-03,51.09,GBTC,12:30:00
2026-06-03,51.2,GBTC,12:45:00
2026-06-03,50.95,GBTC,13:00:00
2026-06-03,51.12,GBTC,13:15:00
2026-06-03,51.23,GBTC,13:30:00
2026-06-03,51.13,GBTC,13:45:00
2026-06-03,51.14,GBTC,14:00:00
2026-06-03,51.09,GBTC,14:15:00
2026-06-03,51.19,GBTC,14:30:00
2026-06-03,51.19,GBTC,14:45:00
2026-06-03,51.13,GBTC,15:00:00
2026-06-03,50.89,GBTC,15:15:00
2026-06-03,50.97,GBTC,15:30:00
2026-06-03,50.73,GBTC,15:45:00
2026-06-04,49.48,GBTC,09:30:00
2026-06-04,49.81,GBTC,09:45:00
2026-06-04,49.92,GBTC,10:00:00
2026-06-04,49.75,GBTC,10:15:00
2026-06-04,49.64,GBTC,10:30:00
2026-06-04,49.59,GBTC,10:45:00
2026-06-04,49.92,GBTC,11:00:00
2026-06-04,49.62,GBTC,11:15:00
2026-06-04,49.5,GBTC,11:30:00
2026-06-04,49.55,GBTC,11:45:00
2026-06-04,49.36,GBTC,12:00:00
2026-06-04,49.34,GBTC,12:15:00
2026-06-04,49.45,GBTC,12:30:00
2026-06-04,49.28,GBTC,12:45:00
2026-06-04,49.31,GBTC,13:00:00
2026-06-04,49.03,GBTC,13:15:00
2026-06-04,48.89,GBTC,13:30:00
2026-06-04,49.25,GBTC,13:45:00
2026-06-04,48.98,GBTC,14:00:00
2026-06-04,49.53,GBTC,14:15:00
2026-06-04,49.56,GBTC,14:30:00
2026-06-04,49.47,GBTC,14:45:00
2026-06-04,49.53,GBTC,15:00:00
2026-06-04,49.7,GBTC,15:15:00
2026-06-04,49.45,GBTC,15:30:00
2026-06-04,49.33,GBTC,15:45:00
2026-06-05,47.97,GBTC,09:30:00
2026-06-05,47.11,GBTC,09:45:00
2026-06-05,47.23,GBTC,10:00:00
2026-06-05,46.84,GBTC,10:15:00
2026-06-05,47.2,GBTC,10:30:00
2026-06-05,47.22,GBTC,10:45:00
2026-06-05,47.0,GBTC,11:00:00
2026-06-05,47.14,GBTC,11:15:00
2026-06-05,46.84,GBTC,11:30:00
2026-06-05,46.88,GBTC,11:45:00
2026-06-05,47.23,GBTC,12:00:00
2026-06-05,47.28,GBTC,12:15:00
2026-06-05,47.17,GBTC,12:30:00
2026-06-05,47.61,GBTC,12:45:00
2026-06-05,47.36,GBTC,13:00:00
2026-06-05,47.06,GBTC,13:15:00
2026-06-05,47.11,GBTC,13:30:00
2026-06-05,47.16,GBTC,13:45:00
2026-06-05,47.0,GBTC,14:00:00
2026-06-05,46.64,GBTC,14:15:00
2026-06-05,46.48,GBTC,14:30:00
2026-06-05,46.08,GBTC,14:45:00
2026-06-05,46.06,GBTC,15:00:00
2026-06-05,46.42,GBTC,15:15:00
2026-06-05,46.34,GBTC,15:30:00
2026-06-05,46.79,GBTC,15:45:00
2026-06-08,49.25,GBTC,09:30:00
2026-06-08,49.45,GBTC,09:45:00
2026-06-08,49.55,GBTC,10:00:00
2026-06-08,49.47,GBTC,10:15:00
2026-06-08,49.58,GBTC,10:30:00
2026-06-08,49.63,GBTC,10:45:00
2026-06-08,49.81,GBTC,11:00:00
2026-06-08,49.66,GBTC,11:15:00
2026-06-08,49.55,GBTC,11:30:00
2026-06-08,49.47,GBTC,11:45:00
2026-06-08,49.48,GBTC,12:00:00
2026-06-08,49.54,GBTC,12:15:00
2026-06-08,49.4,GBTC,12:30:00
2026-06-08,49.27,GBTC,12:45:00
2026-06-08,49.15,GBTC,13:00:00
2026-06-08,49.37,GBTC,13:15:00
2026-06-08,49.16,GBTC,13:30:00
2026-06-08,49.3,GBTC,13:45:00
2026-06-08,49.33,GBTC,14:00:00
2026-06-08,49.37,GBTC,14:15:00
2026-06-08,49.25,GBTC,14:30:00
2026-06-08,49.23,GBTC,14:45:00
2026-06-08,49.2,GBTC,15:00:00
2026-06-08,49.27,GBTC,15:15:00
2026-06-08,49.25,GBTC,15:30:00
2026-06-08,49.16,GBTC,15:45:00
2026-04-27,22.02,HODL,09:30:00
2026-04-27,22.0,HODL,09:45:00
2026-04-27,22.02,HODL,10:00:00
2026-04-27,22.02,HODL,10:15:00
2026-04-27,22.12,HODL,10:30:00
2026-04-27,22.02,HODL,10:45:00
2026-04-27,21.88,HODL,11:00:00
2026-04-27,21.73,HODL,11:15:00
2026-04-27,21.79,HODL,11:30:00
2026-04-27,21.71,HODL,11:45:00
2026-04-27,21.71,HODL,12:00:00
2026-04-27,21.7,HODL,12:15:00
2026-04-27,21.66,HODL,12:30:00
2026-04-27,21.66,HODL,12:45:00
2026-04-27,21.69,HODL,13:00:00
2026-04-27,21.73,HODL,13:15:00
2026-04-27,21.73,HODL,13:30:00
2026-04-27,21.7,HODL,13:45:00
2026-04-27,21.7,HODL,14:00:00
2026-04-27,21.7,HODL,14:15:00
2026-04-27,21.71,HODL,14:30:00
2026-04-27,21.73,HODL,14:45:00
2026-04-27,21.75,HODL,15:00:00
2026-04-27,21.66,HODL,15:15:00
2026-04-27,21.71,HODL,15:30:00
2026-04-27,21.76,HODL,15:45:00
2026-04-28,21.56,HODL,09:30:00
2026-04-28,21.55,HODL,09:45:00
2026-04-28,21.52,HODL,10:00:00
2026-04-28,21.45,HODL,10:15:00
2026-04-28,21.45,HODL,10:30:00
2026-04-28,21.48,HODL,10:45:00
2026-04-28,21.48,HODL,11:00:00
2026-04-28,21.5,HODL,11:15:00
2026-04-28,21.48,HODL,11:30:00
2026-04-28,21.51,HODL,11:45:00
2026-04-28,21.5,HODL,12:00:00
2026-04-28,21.48,HODL,12:15:00
2026-04-28,21.46,HODL,12:30:00
2026-04-28,21.52,HODL,12:45:00
2026-04-28,21.5,HODL,13:00:00
2026-04-28,21.52,HODL,13:15:00
2026-04-28,21.55,HODL,13:30:00
2026-04-28,21.55,HODL,13:45:00
2026-04-28,21.54,HODL,14:00:00
2026-04-28,21.55,HODL,14:15:00
2026-04-28,21.54,HODL,14:30:00
2026-04-28,21.56,HODL,14:45:00
2026-04-28,21.52,HODL,15:00:00
2026-04-28,21.54,HODL,15:15:00
2026-04-28,21.59,HODL,15:30:00
2026-04-28,21.59,HODL,15:45:00
2026-04-29,21.65,HODL,09:30:00
2026-04-29,21.71,HODL,09:45:00
2026-04-29,21.66,HODL,10:00:00
2026-04-29,21.7,HODL,10:15:00
2026-04-29,21.66,HODL,10:30:00
2026-04-29,21.65,HODL,10:45:00
2026-04-29,21.55,HODL,11:00:00
2026-04-29,21.55,HODL,11:15:00
2026-04-29,21.48,HODL,11:30:00
2026-04-29,21.46,HODL,11:45:00
2026-04-29,21.5,HODL,12:00:00
2026-04-29,21.44,HODL,12:15:00
2026-04-29,21.45,HODL,12:30:00
2026-04-29,21.43,HODL,12:45:00
2026-04-29,21.46,HODL,13:00:00
2026-04-29,21.45,HODL,13:15:00
2026-04-29,21.48,HODL,13:30:00
2026-04-29,21.53,HODL,13:45:00
2026-04-29,21.26,HODL,14:00:00
2026-04-29,21.25,HODL,14:15:00
2026-04-29,21.27,HODL,14:30:00
2026-04-29,21.34,HODL,14:45:00
2026-04-29,21.36,HODL,15:00:00
2026-04-29,21.34,HODL,15:15:00
2026-04-29,21.33,HODL,15:30:00
2026-04-29,21.36,HODL,15:45:00
2026-04-30,21.68,HODL,09:30:00
2026-04-30,21.61,HODL,09:45:00
2026-04-30,21.59,HODL,10:00:00
2026-04-30,21.59,HODL,10:15:00
2026-04-30,21.59,HODL,10:30:00
2026-04-30,21.56,HODL,10:45:00
2026-04-30,21.62,HODL,11:00:00
2026-04-30,21.63,HODL,11:15:00
2026-04-30,21.62,HODL,11:30:00
2026-04-30,21.62,HODL,11:45:00
2026-04-30,21.62,HODL,12:00:00
2026-04-30,21.59,HODL,12:15:00
2026-04-30,21.58,HODL,12:30:00
2026-04-30,21.55,HODL,12:45:00
2026-04-30,21.55,HODL,13:00:00
2026-04-30,21.52,HODL,13:15:00
2026-04-30,21.52,HODL,13:30:00
2026-04-30,21.55,HODL,13:45:00
2026-04-30,21.55,HODL,14:00:00
2026-04-30,21.56,HODL,14:15:00
2026-04-30,21.59,HODL,14:30:00
2026-04-30,21.59,HODL,14:45:00
2026-04-30,21.62,HODL,15:00:00
2026-04-30,21.63,HODL,15:15:00
2026-04-30,21.62,HODL,15:30:00
2026-04-30,21.61,HODL,15:45:00
2026-05-01,22.15,HODL,09:30:00
2026-05-01,22.29,HODL,09:45:00
2026-05-01,22.27,HODL,10:00:00
2026-05-01,22.15,HODL,10:15:00
2026-05-01,22.13,HODL,10:30:00
2026-05-01,22.16,HODL,10:45:00
2026-05-01,22.2,HODL,11:00:00
2026-05-01,22.23,HODL,11:15:00
2026-05-01,22.26,HODL,11:30:00
2026-05-01,22.2,HODL,11:45:00
2026-05-01,22.18,HODL,12:00:00
2026-05-01,22.16,HODL,12:15:00
2026-05-01,22.15,HODL,12:30:00
2026-05-01,22.13,HODL,12:45:00
2026-05-01,22.16,HODL,13:00:00
2026-05-01,22.13,HODL,13:15:00
2026-05-01,22.2,HODL,13:30:00
2026-05-01,22.23,HODL,13:45:00
2026-05-01,22.21,HODL,14:00:00
2026-05-01,22.23,HODL,14:15:00
2026-05-01,22.2,HODL,14:30:00
2026-05-01,22.19,HODL,14:45:00
2026-05-01,22.2,HODL,15:00:00
2026-05-01,22.19,HODL,15:15:00
2026-05-01,22.16,HODL,15:30:00
2026-05-01,22.18,HODL,15:45:00
2026-05-04,22.3,HODL,09:30:00
2026-05-04,22.29,HODL,09:45:00
2026-05-04,22.34,HODL,10:00:00
2026-05-04,22.41,HODL,10:15:00
2026-05-04,22.51,HODL,10:30:00
2026-05-04,22.7,HODL,10:45:00
2026-05-04,22.66,HODL,11:00:00
2026-05-04,22.55,HODL,11:15:00
2026-05-04,22.62,HODL,11:30:00
2026-05-04,22.63,HODL,11:45:00
2026-05-04,22.55,HODL,12:00:00
2026-05-04,22.7,HODL,12:15:00
2026-05-04,22.71,HODL,12:30:00
2026-05-04,22.63,HODL,12:45:00
2026-05-04,22.75,HODL,13:00:00
2026-05-04,22.77,HODL,13:15:00
2026-05-04,22.71,HODL,13:30:00
2026-05-04,22.73,HODL,13:45:00
2026-05-04,22.73,HODL,14:00:00
2026-05-04,22.7,HODL,14:15:00
2026-05-04,22.68,HODL,14:30:00
2026-05-04,22.66,HODL,14:45:00
2026-05-04,22.66,HODL,15:00:00
2026-05-04,22.61,HODL,15:15:00
2026-05-04,22.63,HODL,15:30:00
2026-05-04,22.63,HODL,15:45:00
2026-05-05,23.02,HODL,09:30:00
2026-05-05,23.01,HODL,09:45:00
2026-05-05,22.94,HODL,10:00:00
2026-05-05,23.02,HODL,10:15:00
2026-05-05,22.98,HODL,10:30:00
2026-05-05,23.01,HODL,10:45:00
2026-05-05,23.08,HODL,11:00:00
2026-05-05,23.09,HODL,11:15:00
2026-05-05,23.09,HODL,11:30:00
2026-05-05,23.06,HODL,11:45:00
2026-05-05,23.04,HODL,12:00:00
2026-05-05,23.02,HODL,12:15:00
2026-05-05,22.93,HODL,12:30:00
2026-05-05,23.0,HODL,12:45:00
2026-05-05,23.01,HODL,13:00:00
2026-05-05,23.02,HODL,13:15:00
2026-05-05,23.0,HODL,13:30:00
2026-05-05,22.98,HODL,13:45:00
2026-05-05,23.06,HODL,14:00:00
2026-05-05,23.05,HODL,14:15:00
2026-05-05,23.05,HODL,14:30:00
2026-05-05,23.05,HODL,14:45:00
2026-05-05,23.05,HODL,15:00:00
2026-05-05,23.06,HODL,15:15:00
2026-05-05,23.09,HODL,15:30:00
2026-05-05,23.09,HODL,15:45:00
2026-05-06,23.16,HODL,09:30:00
2026-05-06,23.09,HODL,09:45:00
2026-05-06,23.04,HODL,10:00:00
2026-05-06,23.09,HODL,10:15:00
2026-05-06,23.16,HODL,10:30:00
2026-05-06,23.05,HODL,10:45:00
2026-05-06,23.02,HODL,11:00:00
2026-05-06,23.09,HODL,11:15:00
2026-05-06,23.09,HODL,11:30:00
2026-05-06,23.11,HODL,11:45:00
2026-05-06,23.13,HODL,12:00:00
2026-05-06,23.05,HODL,12:15:00
2026-05-06,23.11,HODL,12:30:00
2026-05-06,23.09,HODL,12:45:00
2026-05-06,23.11,HODL,13:00:00
2026-05-06,23.05,HODL,13:15:00
2026-05-06,23.06,HODL,13:30:00
2026-05-06,23.04,HODL,13:45:00
2026-05-06,23.05,HODL,14:00:00
2026-05-06,23.04,HODL,14:15:00
2026-05-06,23.02,HODL,14:30:00
2026-05-06,23.01,HODL,14:45:00
2026-05-06,22.98,HODL,15:00:00
2026-05-06,23.0,HODL,15:15:00
2026-05-06,23.02,HODL,15:30:00
2026-05-06,23.04,HODL,15:45:00
2026-05-07,22.77,HODL,09:30:00
2026-05-07,22.77,HODL,09:45:00
2026-05-07,22.81,HODL,10:00:00
2026-05-07,22.75,HODL,10:15:00
2026-05-07,22.66,HODL,10:30:00
2026-05-07,22.66,HODL,10:45:00
2026-05-07,22.66,HODL,11:00:00
2026-05-07,22.58,HODL,11:15:00
2026-05-07,22.62,HODL,11:30:00
2026-05-07,22.59,HODL,11:45:00
2026-05-07,22.58,HODL,12:00:00
2026-05-07,22.62,HODL,12:15:00
2026-05-07,22.59,HODL,12:30:00
2026-05-07,22.56,HODL,12:45:00
2026-05-07,22.59,HODL,13:00:00
2026-05-07,22.54,HODL,13:15:00
2026-05-07,22.59,HODL,13:30:00
2026-05-07,22.66,HODL,13:45:00
2026-05-07,22.68,HODL,14:00:00
2026-05-07,22.66,HODL,14:15:00
2026-05-07,22.66,HODL,14:30:00
2026-05-07,22.69,HODL,14:45:00
2026-05-07,22.66,HODL,15:00:00
2026-05-07,22.61,HODL,15:15:00
2026-05-07,22.66,HODL,15:30:00
2026-05-07,22.66,HODL,15:45:00
2026-05-08,22.5,HODL,09:30:00
2026-05-08,22.51,HODL,09:45:00
2026-05-08,22.59,HODL,10:00:00
2026-05-08,22.63,HODL,10:15:00
2026-05-08,22.68,HODL,10:30:00
2026-05-08,22.66,HODL,10:45:00
2026-05-08,22.59,HODL,11:00:00
2026-05-08,22.54,HODL,11:15:00
2026-05-08,22.61,HODL,11:30:00
2026-05-08,22.66,HODL,11:45:00
2026-05-08,22.61,HODL,12:00:00
2026-05-08,22.61,HODL,12:15:00
2026-05-08,22.56,HODL,12:30:00
2026-05-08,22.55,HODL,12:45:00
2026-05-08,22.58,HODL,13:00:00
2026-05-08,22.63,HODL,13:15:00
2026-05-08,22.66,HODL,13:30:00
2026-05-08,22.63,HODL,13:45:00
2026-05-08,22.69,HODL,14:00:00
2026-05-08,22.7,HODL,14:15:00
2026-05-08,22.66,HODL,14:30:00
2026-05-08,22.65,HODL,14:45:00
2026-05-08,22.63,HODL,15:00:00
2026-05-08,22.63,HODL,15:15:00
2026-05-08,22.66,HODL,15:30:00
2026-05-08,22.68,HODL,15:45:00
2026-05-11,22.93,HODL,09:30:00
2026-05-11,22.91,HODL,09:45:00
2026-05-11,22.94,HODL,10:00:00
2026-05-11,22.83,HODL,10:15:00
2026-05-11,22.84,HODL,10:30:00
2026-05-11,22.88,HODL,10:45:00
2026-05-11,22.9,HODL,11:00:00
2026-05-11,23.01,HODL,11:15:00
2026-05-11,22.96,HODL,11:30:00
2026-05-11,23.02,HODL,11:45:00
2026-05-11,23.13,HODL,12:00:00
2026-05-11,23.13,HODL,12:15:00
2026-05-11,23.08,HODL,12:30:00
2026-05-11,23.08,HODL,12:45:00
2026-05-11,23.05,HODL,13:00:00
2026-05-11,23.09,HODL,13:15:00
2026-05-11,23.18,HODL,13:30:00
2026-05-11,23.18,HODL,13:45:00
2026-05-11,23.19,HODL,14:00:00
2026-05-11,23.2,HODL,14:15:00
2026-05-11,23.18,HODL,14:30:00
2026-05-11,23.15,HODL,14:45:00
2026-05-11,23.16,HODL,15:00:00
2026-05-11,23.16,HODL,15:15:00
2026-05-11,23.2,HODL,15:30:00
2026-05-11,23.19,HODL,15:45:00
2026-05-12,22.84,HODL,09:30:00
2026-05-12,22.75,HODL,09:45:00
2026-05-12,22.83,HODL,10:00:00
2026-05-12,22.8,HODL,10:15:00
2026-05-12,22.84,HODL,10:30:00
2026-05-12,22.77,HODL,10:45:00
2026-05-12,22.79,HODL,11:00:00
2026-05-12,22.68,HODL,11:15:00
2026-05-12,22.71,HODL,11:30:00
2026-05-12,22.7,HODL,11:45:00
2026-05-12,22.73,HODL,12:00:00
2026-05-12,22.7,HODL,12:15:00
2026-05-12,22.69,HODL,12:30:00
2026-05-12,22.62,HODL,12:45:00
2026-05-12,22.69,HODL,13:00:00
2026-05-12,22.75,HODL,13:15:00
2026-05-12,22.77,HODL,13:30:00
2026-05-12,22.77,HODL,13:45:00
2026-05-12,22.77,HODL,14:00:00
2026-05-12,22.76,HODL,14:15:00
2026-05-12,22.8,HODL,14:30:00
2026-05-12,22.81,HODL,14:45:00
2026-05-12,22.86,HODL,15:00:00
2026-05-12,22.83,HODL,15:15:00
2026-05-12,22.84,HODL,15:30:00
2026-05-12,22.86,HODL,15:45:00
2026-05-13,22.58,HODL,09:30:00
2026-05-13,22.52,HODL,09:45:00
2026-05-13,22.54,HODL,10:00:00
2026-05-13,22.58,HODL,10:15:00
2026-05-13,22.52,HODL,10:30:00
2026-05-13,22.55,HODL,10:45:00
2026-05-13,22.45,HODL,11:00:00
2026-05-13,22.41,HODL,11:15:00
2026-05-13,22.4,HODL,11:30:00
2026-05-13,22.27,HODL,11:45:00
2026-05-13,22.3,HODL,12:00:00
2026-05-13,22.34,HODL,12:15:00
2026-05-13,22.37,HODL,12:30:00
2026-05-13,22.36,HODL,12:45:00
2026-05-13,22.4,HODL,13:00:00
2026-05-13,22.43,HODL,13:15:00
2026-05-13,22.45,HODL,13:30:00
2026-05-13,22.48,HODL,13:45:00
2026-05-13,22.51,HODL,14:00:00
2026-05-13,22.55,HODL,14:15:00
2026-05-13,22.52,HODL,14:30:00
2026-05-13,22.51,HODL,14:45:00
2026-05-13,22.48,HODL,15:00:00
2026-05-13,22.48,HODL,15:15:00
2026-05-13,22.48,HODL,15:30:00
2026-05-13,22.52,HODL,15:45:00
2026-05-14,22.58,HODL,09:30:00
2026-05-14,22.52,HODL,09:45:00
2026-05-14,22.61,HODL,10:00:00
2026-05-14,22.66,HODL,10:15:00
2026-05-14,22.71,HODL,10:30:00
2026-05-14,22.9,HODL,10:45:00
2026-05-14,22.91,HODL,11:00:00
2026-05-14,22.91,HODL,11:15:00
2026-05-14,22.91,HODL,11:30:00
2026-05-14,23.0,HODL,11:45:00
2026-05-14,23.08,HODL,12:00:00
2026-05-14,23.06,HODL,12:15:00
2026-05-14,23.06,HODL,12:30:00
2026-05-14,23.16,HODL,12:45:00
2026-05-14,23.13,HODL,13:00:00
2026-05-14,23.05,HODL,13:15:00
2026-05-14,23.09,HODL,13:30:00
2026-05-14,23.11,HODL,13:45:00
2026-05-14,23.16,HODL,14:00:00
2026-05-14,23.16,HODL,14:15:00
2026-05-14,23.08,HODL,14:30:00
2026-05-14,23.09,HODL,14:45:00
2026-05-14,23.08,HODL,15:00:00
2026-05-14,23.02,HODL,15:15:00
2026-05-14,23.04,HODL,15:30:00
2026-05-14,23.04,HODL,15:45:00
2026-05-15,22.37,HODL,09:30:00
2026-05-15,22.26,HODL,09:45:00
2026-05-15,22.4,HODL,10:00:00
2026-05-15,22.34,HODL,10:15:00
2026-05-15,22.4,HODL,10:30:00
2026-05-15,22.38,HODL,10:45:00
2026-05-15,22.4,HODL,11:00:00
2026-05-15,22.37,HODL,11:15:00
2026-05-15,22.36,HODL,11:30:00
2026-05-15,22.38,HODL,11:45:00
2026-05-15,22.38,HODL,12:00:00
2026-05-15,22.41,HODL,12:15:00
2026-05-15,22.41,HODL,12:30:00
2026-05-15,22.41,HODL,12:45:00
2026-05-15,22.41,HODL,13:00:00
2026-05-15,22.44,HODL,13:15:00
2026-05-15,22.45,HODL,13:30:00
2026-05-15,22.46,HODL,13:45:00
2026-05-15,22.46,HODL,14:00:00
2026-05-15,22.41,HODL,14:15:00
2026-05-15,22.41,HODL,14:30:00
2026-05-15,22.41,HODL,14:45:00
2026-05-15,22.34,HODL,15:00:00
2026-05-15,22.36,HODL,15:15:00
2026-05-15,22.36,HODL,15:30:00
2026-05-15,22.37,HODL,15:45:00
2026-05-18,21.71,HODL,09:30:00
2026-05-18,21.75,HODL,09:45:00
2026-05-18,21.68,HODL,10:00:00
2026-05-18,21.66,HODL,10:15:00
2026-05-18,21.61,HODL,10:30:00
2026-05-18,21.58,HODL,10:45:00
2026-05-18,21.55,HODL,11:00:00
2026-05-18,21.5,HODL,11:15:00
2026-05-18,21.55,HODL,11:30:00
2026-05-18,21.59,HODL,11:45:00
2026-05-18,21.62,HODL,12:00:00
2026-05-18,21.55,HODL,12:15:00
2026-05-18,21.59,HODL,12:30:00
2026-05-18,21.59,HODL,12:45:00
2026-05-18,21.63,HODL,13:00:00
2026-05-18,21.66,HODL,13:15:00
2026-05-18,21.66,HODL,13:30:00
2026-05-18,21.68,HODL,13:45:00
2026-05-18,21.61,HODL,14:00:00
2026-05-18,21.58,HODL,14:15:00
2026-05-18,21.56,HODL,14:30:00
2026-05-18,21.55,HODL,14:45:00
2026-05-18,21.66,HODL,15:00:00
2026-05-18,21.65,HODL,15:15:00
2026-05-18,21.73,HODL,15:30:00
2026-05-18,21.73,HODL,15:45:00
2026-05-19,21.68,HODL,09:30:00
2026-05-19,21.73,HODL,09:45:00
2026-05-19,21.65,HODL,10:00:00
2026-05-19,21.59,HODL,10:15:00
2026-05-19,21.59,HODL,10:30:00
2026-05-19,21.59,HODL,10:45:00
2026-05-19,21.65,HODL,11:00:00
2026-05-19,21.62,HODL,11:15:00
2026-05-19,21.61,HODL,11:30:00
2026-05-19,21.62,HODL,11:45:00
2026-05-19,21.61,HODL,12:00:00
2026-05-19,21.65,HODL,12:15:00
2026-05-19,21.7,HODL,12:30:00
2026-05-19,21.73,HODL,12:45:00
2026-05-19,21.75,HODL,13:00:00
2026-05-19,21.73,HODL,13:15:00
2026-05-19,21.73,HODL,13:30:00
2026-05-19,21.71,HODL,13:45:00
2026-05-19,21.73,HODL,14:00:00
2026-05-19,21.7,HODL,14:15:00
2026-05-19,21.7,HODL,14:30:00
2026-05-19,21.7,HODL,14:45:00
2026-05-19,21.77,HODL,15:00:00
2026-05-19,21.7,HODL,15:15:00
2026-05-19,21.71,HODL,15:30:00
2026-05-19,21.7,HODL,15:45:00
2026-05-20,21.77,HODL,09:30:00
2026-05-20,21.81,HODL,09:45:00
2026-05-20,21.79,HODL,10:00:00
2026-05-20,21.88,HODL,10:15:00
2026-05-20,21.87,HODL,10:30:00
2026-05-20,21.88,HODL,10:45:00
2026-05-20,21.84,HODL,11:00:00
2026-05-20,21.91,HODL,11:15:00
2026-05-20,21.88,HODL,11:30:00
2026-05-20,21.88,HODL,11:45:00
2026-05-20,21.9,HODL,12:00:00
2026-05-20,21.77,HODL,12:15:00
2026-05-20,21.86,HODL,12:30:00
2026-05-20,21.86,HODL,12:45:00
2026-05-20,21.87,HODL,13:00:00
2026-05-20,21.91,HODL,13:15:00
2026-05-20,21.95,HODL,13:30:00
2026-05-20,21.93,HODL,13:45:00
2026-05-20,21.9,HODL,14:00:00
2026-05-20,21.9,HODL,14:15:00
2026-05-20,21.88,HODL,14:30:00
2026-05-20,21.88,HODL,14:45:00
2026-05-20,21.88,HODL,15:00:00
2026-05-20,21.91,HODL,15:15:00
2026-05-20,21.94,HODL,15:30:00
2026-05-20,21.95,HODL,15:45:00
2026-05-21,21.69,HODL,09:30:00
2026-05-21,21.79,HODL,09:45:00
2026-05-21,21.77,HODL,10:00:00
2026-05-21,21.77,HODL,10:15:00
2026-05-21,21.76,HODL,10:30:00
2026-05-21,21.75,HODL,10:45:00
2026-05-21,21.8,HODL,11:00:00
2026-05-21,21.84,HODL,11:15:00
2026-05-21,21.81,HODL,11:30:00
2026-05-21,21.83,HODL,11:45:00
2026-05-21,21.84,HODL,12:00:00
2026-05-21,21.8,HODL,12:15:00
2026-05-21,21.77,HODL,12:30:00
2026-05-21,21.81,HODL,12:45:00
2026-05-21,21.91,HODL,13:00:00
2026-05-21,22.04,HODL,13:15:00
2026-05-21,22.02,HODL,13:30:00
2026-05-21,22.01,HODL,13:45:00
2026-05-21,21.95,HODL,14:00:00
2026-05-21,21.96,HODL,14:15:00
2026-05-21,21.98,HODL,14:30:00
2026-05-21,21.87,HODL,14:45:00
2026-05-21,21.91,HODL,15:00:00
2026-05-21,21.91,HODL,15:15:00
2026-05-21,21.94,HODL,15:30:00
2026-05-21,21.95,HODL,15:45:00
2026-05-22,21.81,HODL,09:30:00
2026-05-22,21.84,HODL,09:45:00
2026-05-22,21.77,HODL,10:00:00
2026-05-22,21.71,HODL,10:15:00
2026-05-22,21.7,HODL,10:30:00
2026-05-22,21.69,HODL,10:45:00
2026-05-22,21.69,HODL,11:00:00
2026-05-22,21.73,HODL,11:15:00
2026-05-22,21.68,HODL,11:30:00
2026-05-22,21.7,HODL,11:45:00
2026-05-22,21.71,HODL,12:00:00
2026-05-22,21.73,HODL,12:15:00
2026-05-22,21.73,HODL,12:30:00
2026-05-22,21.75,HODL,12:45:00
2026-05-22,21.75,HODL,13:00:00
2026-05-22,21.77,HODL,13:15:00
2026-05-22,21.75,HODL,13:30:00
2026-05-22,21.69,HODL,13:45:00
2026-05-22,21.7,HODL,14:00:00
2026-05-22,21.7,HODL,14:15:00
2026-05-22,21.63,HODL,14:30:00
2026-05-22,21.63,HODL,14:45:00
2026-05-22,21.54,HODL,15:00:00
2026-05-22,21.55,HODL,15:15:00
2026-05-22,21.43,HODL,15:30:00
2026-05-22,21.44,HODL,15:45:00
2026-05-26,21.73,HODL,09:30:00
2026-05-26,21.83,HODL,09:45:00
2026-05-26,21.88,HODL,10:00:00
2026-05-26,22.04,HODL,10:15:00
2026-05-26,21.7,HODL,10:30:00
2026-05-26,21.73,HODL,10:45:00
2026-05-26,21.74,HODL,11:00:00
2026-05-26,21.65,HODL,11:15:00
2026-05-26,21.61,HODL,11:30:00
2026-05-26,21.61,HODL,11:45:00
2026-05-26,21.55,HODL,12:00:00
2026-05-26,21.62,HODL,12:15:00
2026-05-26,21.62,HODL,12:30:00
2026-05-26,21.63,HODL,12:45:00
2026-05-26,21.61,HODL,13:00:00
2026-05-26,21.48,HODL,13:15:00
2026-05-26,21.46,HODL,13:30:00
2026-05-26,21.45,HODL,13:45:00
2026-05-26,21.46,HODL,14:00:00
2026-05-26,21.48,HODL,14:15:00
2026-05-26,21.44,HODL,14:30:00
2026-05-26,21.41,HODL,14:45:00
2026-05-26,21.41,HODL,15:00:00
2026-05-26,21.44,HODL,15:15:00
2026-05-26,21.46,HODL,15:30:00
2026-05-26,21.48,HODL,15:45:00
2026-05-27,21.15,HODL,09:30:00
2026-05-27,21.19,HODL,09:45:00
2026-05-27,21.16,HODL,10:00:00
2026-05-27,21.13,HODL,10:15:00
2026-05-27,21.2,HODL,10:30:00
2026-05-27,21.19,HODL,10:45:00
2026-05-27,21.2,HODL,11:00:00
2026-05-27,21.27,HODL,11:15:00
2026-05-27,21.23,HODL,11:30:00
2026-05-27,21.27,HODL,11:45:00
2026-05-27,21.26,HODL,12:00:00
2026-05-27,21.2,HODL,12:15:00
2026-05-27,21.21,HODL,12:30:00
2026-05-27,21.26,HODL,12:45:00
2026-05-27,21.16,HODL,13:00:00
2026-05-27,21.18,HODL,13:15:00
2026-05-27,21.15,HODL,13:30:00
2026-05-27,21.13,HODL,13:45:00
2026-05-27,21.09,HODL,14:00:00
2026-05-27,21.15,HODL,14:15:00
2026-05-27,21.16,HODL,14:30:00
2026-05-27,21.18,HODL,14:45:00
2026-05-27,21.19,HODL,15:00:00
2026-05-27,21.19,HODL,15:15:00
2026-05-27,21.18,HODL,15:30:00
2026-05-27,21.2,HODL,15:45:00
2026-05-28,20.55,HODL,09:30:00
2026-05-28,20.62,HODL,09:45:00
2026-05-28,20.7,HODL,10:00:00
2026-05-28,20.59,HODL,10:15:00
2026-05-28,20.56,HODL,10:30:00
2026-05-28,20.62,HODL,10:45:00
2026-05-28,20.56,HODL,11:00:00
2026-05-28,20.59,HODL,11:15:00
2026-05-28,20.61,HODL,11:30:00
2026-05-28,20.59,HODL,11:45:00
2026-05-28,20.63,HODL,12:00:00
2026-05-28,20.65,HODL,12:15:00
2026-05-28,20.7,HODL,12:30:00
2026-05-28,20.73,HODL,12:45:00
2026-05-28,20.75,HODL,13:00:00
2026-05-28,20.7,HODL,13:15:00
2026-05-28,20.75,HODL,13:30:00
2026-05-28,20.77,HODL,13:45:00
2026-05-28,20.8,HODL,14:00:00
2026-05-28,20.77,HODL,14:15:00
2026-05-28,20.79,HODL,14:30:00
2026-05-28,20.8,HODL,14:45:00
2026-05-28,20.75,HODL,15:00:00
2026-05-28,20.77,HODL,15:15:00
2026-05-28,20.73,HODL,15:30:00
2026-05-28,20.73,HODL,15:45:00
2026-05-29,20.7,HODL,09:30:00
2026-05-29,20.66,HODL,09:45:00
2026-05-29,20.62,HODL,10:00:00
2026-05-29,20.54,HODL,10:15:00
2026-05-29,20.52,HODL,10:30:00
2026-05-29,20.63,HODL,10:45:00
2026-05-29,20.81,HODL,11:00:00
2026-05-29,20.8,HODL,11:15:00
2026-05-29,20.86,HODL,11:30:00
2026-05-29,20.84,HODL,11:45:00
2026-05-29,20.9,HODL,12:00:00
2026-05-29,20.8,HODL,12:15:00
2026-05-29,20.93,HODL,12:30:00
2026-05-29,20.91,HODL,12:45:00
2026-05-29,20.98,HODL,13:00:00
2026-05-29,20.96,HODL,13:15:00
2026-05-29,20.96,HODL,13:30:00
2026-05-29,20.9,HODL,13:45:00
2026-05-29,20.91,HODL,14:00:00
2026-05-29,20.84,HODL,14:15:00
2026-05-29,20.84,HODL,14:30:00
2026-05-29,20.73,HODL,14:45:00
2026-05-29,20.75,HODL,15:00:00
2026-05-29,20.71,HODL,15:15:00
2026-05-29,20.81,HODL,15:30:00
2026-05-29,20.77,HODL,15:45:00
2026-06-01,20.21,HODL,09:30:00
2026-06-01,20.23,HODL,09:45:00
2026-06-01,20.23,HODL,10:00:00
2026-06-01,20.19,HODL,10:15:00
2026-06-01,20.18,HODL,10:30:00
2026-06-01,20.2,HODL,10:45:00
2026-06-01,20.19,HODL,11:00:00
2026-06-01,20.06,HODL,11:15:00
2026-06-01,20.12,HODL,11:30:00
2026-06-01,20.08,HODL,11:45:00
2026-06-01,20.01,HODL,12:00:00
2026-06-01,20.06,HODL,12:15:00
2026-06-01,20.15,HODL,12:30:00
2026-06-01,20.2,HODL,12:45:00
2026-06-01,20.21,HODL,13:00:00
2026-06-01,20.27,HODL,13:15:00
2026-06-01,20.26,HODL,13:30:00
2026-06-01,20.23,HODL,13:45:00
2026-06-01,20.19,HODL,14:00:00
2026-06-01,20.2,HODL,14:15:00
2026-06-01,20.2,HODL,14:30:00
2026-06-01,20.2,HODL,14:45:00
2026-06-01,20.18,HODL,15:00:00
2026-06-01,20.23,HODL,15:15:00
2026-06-01,20.23,HODL,15:30:00
2026-06-01,20.21,HODL,15:45:00
2026-06-02,19.45,HODL,09:30:00
2026-06-02,19.43,HODL,09:45:00
2026-06-02,19.36,HODL,10:00:00
2026-06-02,19.16,HODL,10:15:00
2026-06-02,19.2,HODL,10:30:00
2026-06-02,19.2,HODL,10:45:00
2026-06-02,19.16,HODL,11:00:00
2026-06-02,19.05,HODL,11:15:00
2026-06-02,19.0,HODL,11:30:00
2026-06-02,19.0,HODL,11:45:00
2026-06-02,19.18,HODL,12:00:00
2026-06-02,19.16,HODL,12:15:00
2026-06-02,19.09,HODL,12:30:00
2026-06-02,19.04,HODL,12:45:00
2026-06-02,19.05,HODL,13:00:00
2026-06-02,19.13,HODL,13:15:00
2026-06-02,19.05,HODL,13:30:00
2026-06-02,19.05,HODL,13:45:00
2026-06-02,19.09,HODL,14:00:00
2026-06-02,19.01,HODL,14:15:00
2026-06-02,19.01,HODL,14:30:00
2026-06-02,19.02,HODL,14:45:00
2026-06-02,19.02,HODL,15:00:00
2026-06-02,18.91,HODL,15:15:00
2026-06-02,18.91,HODL,15:30:00
2026-06-02,19.02,HODL,15:45:00
2026-06-03,18.84,HODL,09:30:00
2026-06-03,18.9,HODL,09:45:00
2026-06-03,18.9,HODL,10:00:00
2026-06-03,18.87,HODL,10:15:00
2026-06-03,18.84,HODL,10:30:00
2026-06-03,18.88,HODL,10:45:00
2026-06-03,18.79,HODL,11:00:00
2026-06-03,18.8,HODL,11:15:00
2026-06-03,18.73,HODL,11:30:00
2026-06-03,18.66,HODL,11:45:00
2026-06-03,18.69,HODL,12:00:00
2026-06-03,18.54,HODL,12:15:00
2026-06-03,18.62,HODL,12:30:00
2026-06-03,18.66,HODL,12:45:00
2026-06-03,18.55,HODL,13:00:00
2026-06-03,18.63,HODL,13:15:00
2026-06-03,18.66,HODL,13:30:00
2026-06-03,18.63,HODL,13:45:00
2026-06-03,18.63,HODL,14:00:00
2026-06-03,18.62,HODL,14:15:00
2026-06-03,18.66,HODL,14:30:00
2026-06-03,18.66,HODL,14:45:00
2026-06-03,18.63,HODL,15:00:00
2026-06-03,18.55,HODL,15:15:00
2026-06-03,18.58,HODL,15:30:00
2026-06-03,18.5,HODL,15:45:00
2026-06-04,18.02,HODL,09:30:00
2026-06-04,18.15,HODL,09:45:00
2026-06-04,18.2,HODL,10:00:00
2026-06-04,18.13,HODL,10:15:00
2026-06-04,18.09,HODL,10:30:00
2026-06-04,18.08,HODL,10:45:00
2026-06-04,18.19,HODL,11:00:00
2026-06-04,18.08,HODL,11:15:00
2026-06-04,18.04,HODL,11:30:00
2026-06-04,18.05,HODL,11:45:00
2026-06-04,17.98,HODL,12:00:00
2026-06-04,17.98,HODL,12:15:00
2026-06-04,18.02,HODL,12:30:00
2026-06-04,17.95,HODL,12:45:00
2026-06-04,17.95,HODL,13:00:00
2026-06-04,17.86,HODL,13:15:00
2026-06-04,17.81,HODL,13:30:00
2026-06-04,17.95,HODL,13:45:00
2026-06-04,17.84,HODL,14:00:00
2026-06-04,18.05,HODL,14:15:00
2026-06-04,18.05,HODL,14:30:00
2026-06-04,18.02,HODL,14:45:00
2026-06-04,18.05,HODL,15:00:00
2026-06-04,18.12,HODL,15:15:00
2026-06-04,18.02,HODL,15:30:00
2026-06-04,17.98,HODL,15:45:00
2026-06-05,17.48,HODL,09:30:00
2026-06-05,17.16,HODL,09:45:00
2026-06-05,17.2,HODL,10:00:00
2026-06-05,17.08,HODL,10:15:00
2026-06-05,17.2,HODL,10:30:00
2026-06-05,17.2,HODL,10:45:00
2026-06-05,17.13,HODL,11:00:00
2026-06-05,17.18,HODL,11:15:00
2026-06-05,17.06,HODL,11:30:00
2026-06-05,17.09,HODL,11:45:00
2026-06-05,17.21,HODL,12:00:00
2026-06-05,17.23,HODL,12:15:00
2026-06-05,17.2,HODL,12:30:00
2026-06-05,17.36,HODL,12:45:00
2026-06-05,17.26,HODL,13:00:00
2026-06-05,17.16,HODL,13:15:00
2026-06-05,17.18,HODL,13:30:00
2026-06-05,17.19,HODL,13:45:00
2026-06-05,17.13,HODL,14:00:00
2026-06-05,17.0,HODL,14:15:00
2026-06-05,16.94,HODL,14:30:00
2026-06-05,16.79,HODL,14:45:00
2026-06-05,16.79,HODL,15:00:00
2026-06-05,16.93,HODL,15:15:00
2026-06-05,16.88,HODL,15:30:00
2026-06-05,17.05,HODL,15:45:00
2026-06-08,17.95,HODL,09:30:00
2026-06-08,18.02,HODL,09:45:00
2026-06-08,18.05,HODL,10:00:00
2026-06-08,18.02,HODL,10:15:00
2026-06-08,18.06,HODL,10:30:00
2026-06-08,18.09,HODL,10:45:00
2026-06-08,18.15,HODL,11:00:00
2026-06-08,18.09,HODL,11:15:00
2026-06-08,18.05,HODL,11:30:00
2026-06-08,18.02,HODL,11:45:00
2026-06-08,18.02,HODL,12:00:00
2026-06-08,18.05,HODL,12:15:00
2026-06-08,18.0,HODL,12:30:00
2026-06-08,17.96,HODL,12:45:00
2026-06-08,17.91,HODL,13:00:00
2026-06-08,17.98,HODL,13:15:00
2026-06-08,17.91,HODL,13:30:00
2026-06-08,17.96,HODL,13:45:00
2026-06-08,17.98,HODL,14:00:00
2026-06-08,18.0,HODL,14:15:00
2026-06-08,17.95,HODL,14:30:00
2026-06-08,17.93,HODL,14:45:00
2026-06-08,17.93,HODL,15:00:00
2026-06-08,17.96,HODL,15:15:00
2026-06-08,17.95,HODL,15:30:00
2026-06-08,17.91,HODL,15:45:00
2026-04-27,44.13,IBIT,09:30:00
2026-04-27,44.06,IBIT,09:45:00
2026-04-27,44.13,IBIT,10:00:00
2026-04-27,44.14,IBIT,10:15:00
2026-04-27,44.31,IBIT,10:30:00
2026-04-27,44.11,IBIT,10:45:00
2026-04-27,43.84,IBIT,11:00:00
2026-04-27,43.55,IBIT,11:15:00
2026-04-27,43.64,IBIT,11:30:00
2026-04-27,43.5,IBIT,11:45:00
2026-04-27,43.5,IBIT,12:00:00
2026-04-27,43.48,IBIT,12:15:00
2026-04-27,43.39,IBIT,12:30:00
2026-04-27,43.42,IBIT,12:45:00
2026-04-27,43.45,IBIT,13:00:00
2026-04-27,43.53,IBIT,13:15:00
2026-04-27,43.55,IBIT,13:30:00
2026-04-27,43.48,IBIT,13:45:00
2026-04-27,43.48,IBIT,14:00:00
2026-04-27,43.45,IBIT,14:15:00
2026-04-27,43.5,IBIT,14:30:00
2026-04-27,43.53,IBIT,14:45:00
2026-04-27,43.56,IBIT,15:00:00
2026-04-27,43.41,IBIT,15:15:00
2026-04-27,43.52,IBIT,15:30:00
2026-04-27,43.58,IBIT,15:45:00
2026-04-28,43.22,IBIT,09:30:00
2026-04-28,43.17,IBIT,09:45:00
2026-04-28,43.11,IBIT,10:00:00
2026-04-28,42.95,IBIT,10:15:00
2026-04-28,42.97,IBIT,10:30:00
2026-04-28,43.03,IBIT,10:45:00
2026-04-28,43.05,IBIT,11:00:00
2026-04-28,43.06,IBIT,11:15:00
2026-04-28,43.02,IBIT,11:30:00
2026-04-28,43.09,IBIT,11:45:00
2026-04-28,43.06,IBIT,12:00:00
2026-04-28,43.03,IBIT,12:15:00
2026-04-28,43.0,IBIT,12:30:00
2026-04-28,43.14,IBIT,12:45:00
2026-04-28,43.08,IBIT,13:00:00
2026-04-28,43.11,IBIT,13:15:00
2026-04-28,43.17,IBIT,13:30:00
2026-04-28,43.17,IBIT,13:45:00
2026-04-28,43.14,IBIT,14:00:00
2026-04-28,43.2,IBIT,14:15:00
2026-04-28,43.16,IBIT,14:30:00
2026-04-28,43.2,IBIT,14:45:00
2026-04-28,43.11,IBIT,15:00:00
2026-04-28,43.17,IBIT,15:15:00
2026-04-28,43.23,IBIT,15:30:00
2026-04-28,43.25,IBIT,15:45:00
2026-04-29,43.38,IBIT,09:30:00
2026-04-29,43.5,IBIT,09:45:00
2026-04-29,43.39,IBIT,10:00:00
2026-04-29,43.47,IBIT,10:15:00
2026-04-29,43.39,IBIT,10:30:00
2026-04-29,43.38,IBIT,10:45:00
2026-04-29,43.19,IBIT,11:00:00
2026-04-29,43.17,IBIT,11:15:00
2026-04-29,43.03,IBIT,11:30:00
2026-04-29,43.0,IBIT,11:45:00
2026-04-29,43.06,IBIT,12:00:00
2026-04-29,42.95,IBIT,12:15:00
2026-04-29,42.98,IBIT,12:30:00
2026-04-29,42.94,IBIT,12:45:00
2026-04-29,43.0,IBIT,13:00:00
2026-04-29,42.98,IBIT,13:15:00
2026-04-29,43.06,IBIT,13:30:00
2026-04-29,43.15,IBIT,13:45:00
2026-04-29,42.59,IBIT,14:00:00
2026-04-29,42.56,IBIT,14:15:00
2026-04-29,42.61,IBIT,14:30:00
2026-04-29,42.77,IBIT,14:45:00
2026-04-29,42.8,IBIT,15:00:00
2026-04-29,42.77,IBIT,15:15:00
2026-04-29,42.7,IBIT,15:30:00
2026-04-29,42.78,IBIT,15:45:00
2026-04-30,43.44,IBIT,09:30:00
2026-04-30,43.3,IBIT,09:45:00
2026-04-30,43.27,IBIT,10:00:00
2026-04-30,43.25,IBIT,10:15:00
2026-04-30,43.25,IBIT,10:30:00
2026-04-30,43.23,IBIT,10:45:00
2026-04-30,43.31,IBIT,11:00:00
2026-04-30,43.34,IBIT,11:15:00
2026-04-30,43.31,IBIT,11:30:00
2026-04-30,43.33,IBIT,11:45:00
2026-04-30,43.33,IBIT,12:00:00
2026-04-30,43.27,IBIT,12:15:00
2026-04-30,43.25,IBIT,12:30:00
2026-04-30,43.2,IBIT,12:45:00
2026-04-30,43.17,IBIT,13:00:00
2026-04-30,43.14,IBIT,13:15:00
2026-04-30,43.14,IBIT,13:30:00
2026-04-30,43.2,IBIT,13:45:00
2026-04-30,43.2,IBIT,14:00:00
2026-04-30,43.22,IBIT,14:15:00
2026-04-30,43.28,IBIT,14:30:00
2026-04-30,43.27,IBIT,14:45:00
2026-04-30,43.31,IBIT,15:00:00
2026-04-30,43.34,IBIT,15:15:00
2026-04-30,43.31,IBIT,15:30:00
2026-04-30,43.3,IBIT,15:45:00
2026-05-01,44.39,IBIT,09:30:00
2026-05-01,44.67,IBIT,09:45:00
2026-05-01,44.64,IBIT,10:00:00
2026-05-01,44.39,IBIT,10:15:00
2026-05-01,44.34,IBIT,10:30:00
2026-05-01,44.44,IBIT,10:45:00
2026-05-01,44.5,IBIT,11:00:00
2026-05-01,44.56,IBIT,11:15:00
2026-05-01,44.61,IBIT,11:30:00
2026-05-01,44.5,IBIT,11:45:00
2026-05-01,44.47,IBIT,12:00:00
2026-05-01,44.42,IBIT,12:15:00
2026-05-01,44.39,IBIT,12:30:00
2026-05-01,44.36,IBIT,12:45:00
2026-05-01,44.42,IBIT,13:00:00
2026-05-01,44.36,IBIT,13:15:00
2026-05-01,44.5,IBIT,13:30:00
2026-05-01,44.56,IBIT,13:45:00
2026-05-01,44.55,IBIT,14:00:00
2026-05-01,44.59,IBIT,14:15:00
2026-05-01,44.48,IBIT,14:30:00
2026-05-01,44.48,IBIT,14:45:00
2026-05-01,44.53,IBIT,15:00:00
2026-05-01,44.48,IBIT,15:15:00
2026-05-01,44.44,IBIT,15:30:00
2026-05-01,44.45,IBIT,15:45:00
2026-05-04,44.7,IBIT,09:30:00
2026-05-04,44.64,IBIT,09:45:00
2026-05-04,44.75,IBIT,10:00:00
2026-05-04,44.92,IBIT,10:15:00
2026-05-04,45.11,IBIT,10:30:00
2026-05-04,45.5,IBIT,10:45:00
2026-05-04,45.42,IBIT,11:00:00
2026-05-04,45.2,IBIT,11:15:00
2026-05-04,45.33,IBIT,11:30:00
2026-05-04,45.38,IBIT,11:45:00
2026-05-04,45.2,IBIT,12:00:00
2026-05-04,45.52,IBIT,12:15:00
2026-05-04,45.53,IBIT,12:30:00
2026-05-04,45.38,IBIT,12:45:00
2026-05-04,45.59,IBIT,13:00:00
2026-05-04,45.63,IBIT,13:15:00
2026-05-04,45.53,IBIT,13:30:00
2026-05-04,45.56,IBIT,13:45:00
2026-05-04,45.58,IBIT,14:00:00
2026-05-04,45.5,IBIT,14:15:00
2026-05-04,45.45,IBIT,14:30:00
2026-05-04,45.42,IBIT,14:45:00
2026-05-04,45.41,IBIT,15:00:00
2026-05-04,45.3,IBIT,15:15:00
2026-05-04,45.36,IBIT,15:30:00
2026-05-04,45.39,IBIT,15:45:00
2026-05-05,46.16,IBIT,09:30:00
2026-05-05,46.11,IBIT,09:45:00
2026-05-05,45.98,IBIT,10:00:00
2026-05-05,46.17,IBIT,10:15:00
2026-05-05,46.06,IBIT,10:30:00
2026-05-05,46.11,IBIT,10:45:00
2026-05-05,46.25,IBIT,11:00:00
2026-05-05,46.28,IBIT,11:15:00
2026-05-05,46.3,IBIT,11:30:00
2026-05-05,46.23,IBIT,11:45:00
2026-05-05,46.19,IBIT,12:00:00
2026-05-05,46.17,IBIT,12:15:00
2026-05-05,45.97,IBIT,12:30:00
2026-05-05,46.09,IBIT,12:45:00
2026-05-05,46.11,IBIT,13:00:00
2026-05-05,46.16,IBIT,13:15:00
2026-05-05,46.09,IBIT,13:30:00
2026-05-05,46.06,IBIT,13:45:00
2026-05-05,46.25,IBIT,14:00:00
2026-05-05,46.19,IBIT,14:15:00
2026-05-05,46.22,IBIT,14:30:00
2026-05-05,46.2,IBIT,14:45:00
2026-05-05,46.19,IBIT,15:00:00
2026-05-05,46.22,IBIT,15:15:00
2026-05-05,46.28,IBIT,15:30:00
2026-05-05,46.27,IBIT,15:45:00
2026-05-06,46.42,IBIT,09:30:00
2026-05-06,46.28,IBIT,09:45:00
2026-05-06,46.16,IBIT,10:00:00
2026-05-06,46.25,IBIT,10:15:00
2026-05-06,46.41,IBIT,10:30:00
2026-05-06,46.19,IBIT,10:45:00
2026-05-06,46.13,IBIT,11:00:00
2026-05-06,46.27,IBIT,11:15:00
2026-05-06,46.25,IBIT,11:30:00
2026-05-06,46.3,IBIT,11:45:00
2026-05-06,46.34,IBIT,12:00:00
2026-05-06,46.19,IBIT,12:15:00
2026-05-06,46.28,IBIT,12:30:00
2026-05-06,46.25,IBIT,12:45:00
2026-05-06,46.28,IBIT,13:00:00
2026-05-06,46.17,IBIT,13:15:00
2026-05-06,46.2,IBIT,13:30:00
2026-05-06,46.14,IBIT,13:45:00
2026-05-06,46.17,IBIT,14:00:00
2026-05-06,46.16,IBIT,14:15:00
2026-05-06,46.11,IBIT,14:30:00
2026-05-06,46.09,IBIT,14:45:00
2026-05-06,46.03,IBIT,15:00:00
2026-05-06,46.09,IBIT,15:15:00
2026-05-06,46.14,IBIT,15:30:00
2026-05-06,46.17,IBIT,15:45:00
2026-05-07,45.64,IBIT,09:30:00
2026-05-07,45.61,IBIT,09:45:00
2026-05-07,45.7,IBIT,10:00:00
2026-05-07,45.56,IBIT,10:15:00
2026-05-07,45.39,IBIT,10:30:00
2026-05-07,45.41,IBIT,10:45:00
2026-05-07,45.39,IBIT,11:00:00
2026-05-07,45.23,IBIT,11:15:00
2026-05-07,45.31,IBIT,11:30:00
2026-05-07,45.25,IBIT,11:45:00
2026-05-07,45.22,IBIT,12:00:00
2026-05-07,45.31,IBIT,12:15:00
2026-05-07,45.25,IBIT,12:30:00
2026-05-07,45.2,IBIT,12:45:00
2026-05-07,45.25,IBIT,13:00:00
2026-05-07,45.14,IBIT,13:15:00
2026-05-07,45.25,IBIT,13:30:00
2026-05-07,45.39,IBIT,13:45:00
2026-05-07,45.42,IBIT,14:00:00
2026-05-07,45.39,IBIT,14:15:00
2026-05-07,45.41,IBIT,14:30:00
2026-05-07,45.45,IBIT,14:45:00
2026-05-07,45.42,IBIT,15:00:00
2026-05-07,45.3,IBIT,15:15:00
2026-05-07,45.39,IBIT,15:30:00
2026-05-07,45.41,IBIT,15:45:00
2026-05-08,45.08,IBIT,09:30:00
2026-05-08,45.11,IBIT,09:45:00
2026-05-08,45.28,IBIT,10:00:00
2026-05-08,45.36,IBIT,10:15:00
2026-05-08,45.44,IBIT,10:30:00
2026-05-08,45.39,IBIT,10:45:00
2026-05-08,45.25,IBIT,11:00:00
2026-05-08,45.14,IBIT,11:15:00
2026-05-08,45.28,IBIT,11:30:00
2026-05-08,45.41,IBIT,11:45:00
2026-05-08,45.3,IBIT,12:00:00
2026-05-08,45.28,IBIT,12:15:00
2026-05-08,45.2,IBIT,12:30:00
2026-05-08,45.2,IBIT,12:45:00
2026-05-08,45.23,IBIT,13:00:00
2026-05-08,45.34,IBIT,13:15:00
2026-05-08,45.42,IBIT,13:30:00
2026-05-08,45.36,IBIT,13:45:00
2026-05-08,45.45,IBIT,14:00:00
2026-05-08,45.48,IBIT,14:15:00
2026-05-08,45.42,IBIT,14:30:00
2026-05-08,45.39,IBIT,14:45:00
2026-05-08,45.36,IBIT,15:00:00
2026-05-08,45.36,IBIT,15:15:00
2026-05-08,45.39,IBIT,15:30:00
2026-05-08,45.45,IBIT,15:45:00
2026-05-11,45.92,IBIT,09:30:00
2026-05-11,45.92,IBIT,09:45:00
2026-05-11,45.97,IBIT,10:00:00
2026-05-11,45.73,IBIT,10:15:00
2026-05-11,45.75,IBIT,10:30:00
2026-05-11,45.84,IBIT,10:45:00
2026-05-11,45.89,IBIT,11:00:00
2026-05-11,46.09,IBIT,11:15:00
2026-05-11,46.0,IBIT,11:30:00
2026-05-11,46.14,IBIT,11:45:00
2026-05-11,46.36,IBIT,12:00:00
2026-05-11,46.34,IBIT,12:15:00
2026-05-11,46.23,IBIT,12:30:00
2026-05-11,46.23,IBIT,12:45:00
2026-05-11,46.19,IBIT,13:00:00
2026-05-11,46.25,IBIT,13:15:00
2026-05-11,46.45,IBIT,13:30:00
2026-05-11,46.44,IBIT,13:45:00
2026-05-11,46.45,IBIT,14:00:00
2026-05-11,46.5,IBIT,14:15:00
2026-05-11,46.45,IBIT,14:30:00
2026-05-11,46.39,IBIT,14:45:00
2026-05-11,46.42,IBIT,15:00:00
2026-05-11,46.41,IBIT,15:15:00
2026-05-11,46.47,IBIT,15:30:00
2026-05-11,46.45,IBIT,15:45:00
2026-05-12,45.75,IBIT,09:30:00
2026-05-12,45.58,IBIT,09:45:00
2026-05-12,45.73,IBIT,10:00:00
2026-05-12,45.69,IBIT,10:15:00
2026-05-12,45.78,IBIT,10:30:00
2026-05-12,45.61,IBIT,10:45:00
2026-05-12,45.66,IBIT,11:00:00
2026-05-12,45.42,IBIT,11:15:00
2026-05-12,45.52,IBIT,11:30:00
2026-05-12,45.48,IBIT,11:45:00
2026-05-12,45.52,IBIT,12:00:00
2026-05-12,45.47,IBIT,12:15:00
2026-05-12,45.45,IBIT,12:30:00
2026-05-12,45.31,IBIT,12:45:00
2026-05-12,45.44,IBIT,13:00:00
2026-05-12,45.56,IBIT,13:15:00
2026-05-12,45.61,IBIT,13:30:00
2026-05-12,45.61,IBIT,13:45:00
2026-05-12,45.61,IBIT,14:00:00
2026-05-12,45.59,IBIT,14:15:00
2026-05-12,45.7,IBIT,14:30:00
2026-05-12,45.7,IBIT,14:45:00
2026-05-12,45.78,IBIT,15:00:00
2026-05-12,45.73,IBIT,15:15:00
2026-05-12,45.75,IBIT,15:30:00
2026-05-12,45.81,IBIT,15:45:00
2026-05-13,45.22,IBIT,09:30:00
2026-05-13,45.09,IBIT,09:45:00
2026-05-13,45.14,IBIT,10:00:00
2026-05-13,45.22,IBIT,10:15:00
2026-05-13,45.13,IBIT,10:30:00
2026-05-13,45.17,IBIT,10:45:00
2026-05-13,44.98,IBIT,11:00:00
2026-05-13,44.89,IBIT,11:15:00
2026-05-13,44.86,IBIT,11:30:00
2026-05-13,44.61,IBIT,11:45:00
2026-05-13,44.67,IBIT,12:00:00
2026-05-13,44.73,IBIT,12:15:00
2026-05-13,44.8,IBIT,12:30:00
2026-05-13,44.78,IBIT,12:45:00
2026-05-13,44.86,IBIT,13:00:00
2026-05-13,44.92,IBIT,13:15:00
2026-05-13,44.97,IBIT,13:30:00
2026-05-13,45.02,IBIT,13:45:00
2026-05-13,45.09,IBIT,14:00:00
2026-05-13,45.17,IBIT,14:15:00
2026-05-13,45.11,IBIT,14:30:00
2026-05-13,45.09,IBIT,14:45:00
2026-05-13,45.03,IBIT,15:00:00
2026-05-13,45.03,IBIT,15:15:00
2026-05-13,45.03,IBIT,15:30:00
2026-05-13,45.11,IBIT,15:45:00
2026-05-14,45.23,IBIT,09:30:00
2026-05-14,45.14,IBIT,09:45:00
2026-05-14,45.31,IBIT,10:00:00
2026-05-14,45.41,IBIT,10:15:00
2026-05-14,45.53,IBIT,10:30:00
2026-05-14,45.89,IBIT,10:45:00
2026-05-14,45.91,IBIT,11:00:00
2026-05-14,45.91,IBIT,11:15:00
2026-05-14,45.92,IBIT,11:30:00
2026-05-14,46.08,IBIT,11:45:00
2026-05-14,46.23,IBIT,12:00:00
2026-05-14,46.23,IBIT,12:15:00
2026-05-14,46.2,IBIT,12:30:00
2026-05-14,46.42,IBIT,12:45:00
2026-05-14,46.34,IBIT,13:00:00
2026-05-14,46.2,IBIT,13:15:00
2026-05-14,46.27,IBIT,13:30:00
2026-05-14,46.3,IBIT,13:45:00
2026-05-14,46.39,IBIT,14:00:00
2026-05-14,46.41,IBIT,14:15:00
2026-05-14,46.22,IBIT,14:30:00
2026-05-14,46.25,IBIT,14:45:00
2026-05-14,46.23,IBIT,15:00:00
2026-05-14,46.11,IBIT,15:15:00
2026-05-14,46.17,IBIT,15:30:00
2026-05-14,46.16,IBIT,15:45:00
2026-05-15,44.81,IBIT,09:30:00
2026-05-15,44.56,IBIT,09:45:00
2026-05-15,44.86,IBIT,10:00:00
2026-05-15,44.77,IBIT,10:15:00
2026-05-15,44.86,IBIT,10:30:00
2026-05-15,44.81,IBIT,10:45:00
2026-05-15,44.86,IBIT,11:00:00
2026-05-15,44.81,IBIT,11:15:00
2026-05-15,44.78,IBIT,11:30:00
2026-05-15,44.81,IBIT,11:45:00
2026-05-15,44.84,IBIT,12:00:00
2026-05-15,44.92,IBIT,12:15:00
2026-05-15,44.89,IBIT,12:30:00
2026-05-15,44.91,IBIT,12:45:00
2026-05-15,44.89,IBIT,13:00:00
2026-05-15,44.95,IBIT,13:15:00
2026-05-15,44.97,IBIT,13:30:00
2026-05-15,44.98,IBIT,13:45:00
2026-05-15,45.0,IBIT,14:00:00
2026-05-15,44.89,IBIT,14:15:00
2026-05-15,44.89,IBIT,14:30:00
2026-05-15,44.89,IBIT,14:45:00
2026-05-15,44.77,IBIT,15:00:00
2026-05-15,44.8,IBIT,15:15:00
2026-05-15,44.8,IBIT,15:30:00
2026-05-15,44.8,IBIT,15:45:00
2026-05-18,43.48,IBIT,09:30:00
2026-05-18,43.56,IBIT,09:45:00
2026-05-18,43.41,IBIT,10:00:00
2026-05-18,43.38,IBIT,10:15:00
2026-05-18,43.28,IBIT,10:30:00
2026-05-18,43.22,IBIT,10:45:00
2026-05-18,43.16,IBIT,11:00:00
2026-05-18,43.05,IBIT,11:15:00
2026-05-18,43.17,IBIT,11:30:00
2026-05-18,43.22,IBIT,11:45:00
2026-05-18,43.28,IBIT,12:00:00
2026-05-18,43.14,IBIT,12:15:00
2026-05-18,43.25,IBIT,12:30:00
2026-05-18,43.23,IBIT,12:45:00
2026-05-18,43.33,IBIT,13:00:00
2026-05-18,43.39,IBIT,13:15:00
2026-05-18,43.39,IBIT,13:30:00
2026-05-18,43.41,IBIT,13:45:00
2026-05-18,43.25,IBIT,14:00:00
2026-05-18,43.2,IBIT,14:15:00
2026-05-18,43.19,IBIT,14:30:00
2026-05-18,43.14,IBIT,14:45:00
2026-05-18,43.36,IBIT,15:00:00
2026-05-18,43.36,IBIT,15:15:00
2026-05-18,43.5,IBIT,15:30:00
2026-05-18,43.53,IBIT,15:45:00
2026-05-19,43.42,IBIT,09:30:00
2026-05-19,43.5,IBIT,09:45:00
2026-05-19,43.36,IBIT,10:00:00
2026-05-19,43.25,IBIT,10:15:00
2026-05-19,43.27,IBIT,10:30:00
2026-05-19,43.23,IBIT,10:45:00
2026-05-19,43.34,IBIT,11:00:00
2026-05-19,43.28,IBIT,11:15:00
2026-05-19,43.28,IBIT,11:30:00
2026-05-19,43.31,IBIT,11:45:00
2026-05-19,43.28,IBIT,12:00:00
2026-05-19,43.36,IBIT,12:15:00
2026-05-19,43.47,IBIT,12:30:00
2026-05-19,43.53,IBIT,12:45:00
2026-05-19,43.56,IBIT,13:00:00
2026-05-19,43.5,IBIT,13:15:00
2026-05-19,43.53,IBIT,13:30:00
2026-05-19,43.5,IBIT,13:45:00
2026-05-19,43.53,IBIT,14:00:00
2026-05-19,43.45,IBIT,14:15:00
2026-05-19,43.48,IBIT,14:30:00
2026-05-19,43.47,IBIT,14:45:00
2026-05-19,43.61,IBIT,15:00:00
2026-05-19,43.47,IBIT,15:15:00
2026-05-19,43.5,IBIT,15:30:00
2026-05-19,43.48,IBIT,15:45:00
2026-05-20,43.63,IBIT,09:30:00
2026-05-20,43.7,IBIT,09:45:00
2026-05-20,43.64,IBIT,10:00:00
2026-05-20,43.83,IBIT,10:15:00
2026-05-20,43.81,IBIT,10:30:00
2026-05-20,43.83,IBIT,10:45:00
2026-05-20,43.77,IBIT,11:00:00
2026-05-20,43.89,IBIT,11:15:00
2026-05-20,43.84,IBIT,11:30:00
2026-05-20,43.84,IBIT,11:45:00
2026-05-20,43.86,IBIT,12:00:00
2026-05-20,43.63,IBIT,12:15:00
2026-05-20,43.78,IBIT,12:30:00
2026-05-20,43.78,IBIT,12:45:00
2026-05-20,43.81,IBIT,13:00:00
2026-05-20,43.91,IBIT,13:15:00
2026-05-20,43.98,IBIT,13:30:00
2026-05-20,43.92,IBIT,13:45:00
2026-05-20,43.86,IBIT,14:00:00
2026-05-20,43.86,IBIT,14:15:00
2026-05-20,43.86,IBIT,14:30:00
2026-05-20,43.81,IBIT,14:45:00
2026-05-20,43.81,IBIT,15:00:00
2026-05-20,43.91,IBIT,15:15:00
2026-05-20,43.95,IBIT,15:30:00
2026-05-20,43.98,IBIT,15:45:00
2026-05-21,43.42,IBIT,09:30:00
2026-05-21,43.66,IBIT,09:45:00
2026-05-21,43.63,IBIT,10:00:00
2026-05-21,43.61,IBIT,10:15:00
2026-05-21,43.56,IBIT,10:30:00
2026-05-21,43.56,IBIT,10:45:00
2026-05-21,43.67,IBIT,11:00:00
2026-05-21,43.73,IBIT,11:15:00
2026-05-21,43.7,IBIT,11:30:00
2026-05-21,43.73,IBIT,11:45:00
2026-05-21,43.73,IBIT,12:00:00
2026-05-21,43.69,IBIT,12:15:00
2026-05-21,43.61,IBIT,12:30:00
2026-05-21,43.7,IBIT,12:45:00
2026-05-21,43.89,IBIT,13:00:00
2026-05-21,44.14,IBIT,13:15:00
2026-05-21,44.11,IBIT,13:30:00
2026-05-21,44.09,IBIT,13:45:00
2026-05-21,43.98,IBIT,14:00:00
2026-05-21,44.02,IBIT,14:15:00
2026-05-21,44.02,IBIT,14:30:00
2026-05-21,43.8,IBIT,14:45:00
2026-05-21,43.89,IBIT,15:00:00
2026-05-21,43.89,IBIT,15:15:00
2026-05-21,43.94,IBIT,15:30:00
2026-05-21,43.98,IBIT,15:45:00
2026-05-22,43.7,IBIT,09:30:00
2026-05-22,43.75,IBIT,09:45:00
2026-05-22,43.61,IBIT,10:00:00
2026-05-22,43.48,IBIT,10:15:00
2026-05-22,43.47,IBIT,10:30:00
2026-05-22,43.44,IBIT,10:45:00
2026-05-22,43.45,IBIT,11:00:00
2026-05-22,43.53,IBIT,11:15:00
2026-05-22,43.42,IBIT,11:30:00
2026-05-22,43.45,IBIT,11:45:00
2026-05-22,43.5,IBIT,12:00:00
2026-05-22,43.55,IBIT,12:15:00
2026-05-22,43.53,IBIT,12:30:00
2026-05-22,43.56,IBIT,12:45:00
2026-05-22,43.56,IBIT,13:00:00
2026-05-22,43.63,IBIT,13:15:00
2026-05-22,43.56,IBIT,13:30:00
2026-05-22,43.42,IBIT,13:45:00
2026-05-22,43.48,IBIT,14:00:00
2026-05-22,43.48,IBIT,14:15:00
2026-05-22,43.34,IBIT,14:30:00
2026-05-22,43.31,IBIT,14:45:00
2026-05-22,43.14,IBIT,15:00:00
2026-05-22,43.16,IBIT,15:15:00
2026-05-22,42.91,IBIT,15:30:00
2026-05-22,42.95,IBIT,15:45:00
2026-05-26,43.53,IBIT,09:30:00
2026-05-26,43.72,IBIT,09:45:00
2026-05-26,43.84,IBIT,10:00:00
2026-05-26,44.14,IBIT,10:15:00
2026-05-26,43.45,IBIT,10:30:00
2026-05-26,43.5,IBIT,10:45:00
2026-05-26,43.55,IBIT,11:00:00
2026-05-26,43.36,IBIT,11:15:00
2026-05-26,43.28,IBIT,11:30:00
2026-05-26,43.28,IBIT,11:45:00
2026-05-26,43.17,IBIT,12:00:00
2026-05-26,43.3,IBIT,12:15:00
2026-05-26,43.28,IBIT,12:30:00
2026-05-26,43.31,IBIT,12:45:00
2026-05-26,43.27,IBIT,13:00:00
2026-05-26,43.03,IBIT,13:15:00
2026-05-26,43.0,IBIT,13:30:00
2026-05-26,42.95,IBIT,13:45:00
2026-05-26,42.98,IBIT,14:00:00
2026-05-26,43.03,IBIT,14:15:00
2026-05-26,42.92,IBIT,14:30:00
2026-05-26,42.88,IBIT,14:45:00
2026-05-26,42.88,IBIT,15:00:00
2026-05-26,42.92,IBIT,15:15:00
2026-05-26,42.98,IBIT,15:30:00
2026-05-26,43.0,IBIT,15:45:00
2026-05-27,42.36,IBIT,09:30:00
2026-05-27,42.44,IBIT,09:45:00
2026-05-27,42.39,IBIT,10:00:00
2026-05-27,42.33,IBIT,10:15:00
2026-05-27,42.45,IBIT,10:30:00
2026-05-27,42.42,IBIT,10:45:00
2026-05-27,42.47,IBIT,11:00:00
2026-05-27,42.61,IBIT,11:15:00
2026-05-27,42.52,IBIT,11:30:00
2026-05-27,42.59,IBIT,11:45:00
2026-05-27,42.56,IBIT,12:00:00
2026-05-27,42.45,IBIT,12:15:00
2026-05-27,42.48,IBIT,12:30:00
2026-05-27,42.58,IBIT,12:45:00
2026-05-27,42.39,IBIT,13:00:00
2026-05-27,42.41,IBIT,13:15:00
2026-05-27,42.34,IBIT,13:30:00
2026-05-27,42.31,IBIT,13:45:00
2026-05-27,42.25,IBIT,14:00:00
2026-05-27,42.36,IBIT,14:15:00
2026-05-27,42.39,IBIT,14:30:00
2026-05-27,42.42,IBIT,14:45:00
2026-05-27,42.42,IBIT,15:00:00
2026-05-27,42.42,IBIT,15:15:00
2026-05-27,42.42,IBIT,15:30:00
2026-05-27,42.44,IBIT,15:45:00
2026-05-28,41.14,IBIT,09:30:00
2026-05-28,41.28,IBIT,09:45:00
2026-05-28,41.45,IBIT,10:00:00
2026-05-28,41.25,IBIT,10:15:00
2026-05-28,41.19,IBIT,10:30:00
2026-05-28,41.28,IBIT,10:45:00
2026-05-28,41.2,IBIT,11:00:00
2026-05-28,41.25,IBIT,11:15:00
2026-05-28,41.28,IBIT,11:30:00
2026-05-28,41.23,IBIT,11:45:00
2026-05-28,41.33,IBIT,12:00:00
2026-05-28,41.36,IBIT,12:15:00
2026-05-28,41.48,IBIT,12:30:00
2026-05-28,41.53,IBIT,12:45:00
2026-05-28,41.56,IBIT,13:00:00
2026-05-28,41.48,IBIT,13:15:00
2026-05-28,41.56,IBIT,13:30:00
2026-05-28,41.61,IBIT,13:45:00
2026-05-28,41.66,IBIT,14:00:00
2026-05-28,41.63,IBIT,14:15:00
2026-05-28,41.64,IBIT,14:30:00
2026-05-28,41.67,IBIT,14:45:00
2026-05-28,41.56,IBIT,15:00:00
2026-05-28,41.61,IBIT,15:15:00
2026-05-28,41.53,IBIT,15:30:00
2026-05-28,41.55,IBIT,15:45:00
2026-05-29,41.45,IBIT,09:30:00
2026-05-29,41.39,IBIT,09:45:00
2026-05-29,41.31,IBIT,10:00:00
2026-05-29,41.14,IBIT,10:15:00
2026-05-29,41.09,IBIT,10:30:00
2026-05-29,41.34,IBIT,10:45:00
2026-05-29,41.7,IBIT,11:00:00
2026-05-29,41.67,IBIT,11:15:00
2026-05-29,41.78,IBIT,11:30:00
2026-05-29,41.75,IBIT,11:45:00
2026-05-29,41.84,IBIT,12:00:00
2026-05-29,41.67,IBIT,12:15:00
2026-05-29,41.92,IBIT,12:30:00
2026-05-29,41.91,IBIT,12:45:00
2026-05-29,42.02,IBIT,13:00:00
2026-05-29,42.0,IBIT,13:15:00
2026-05-29,42.0,IBIT,13:30:00
2026-05-29,41.86,IBIT,13:45:00
2026-05-29,41.91,IBIT,14:00:00
2026-05-29,41.75,IBIT,14:15:00
2026-05-29,41.75,IBIT,14:30:00
2026-05-29,41.52,IBIT,14:45:00
2026-05-29,41.55,IBIT,15:00:00
2026-05-29,41.48,IBIT,15:15:00
2026-05-29,41.7,IBIT,15:30:00
2026-05-29,41.59,IBIT,15:45:00
2026-06-01,40.5,IBIT,09:30:00
2026-06-01,40.53,IBIT,09:45:00
2026-06-01,40.5,IBIT,10:00:00
2026-06-01,40.42,IBIT,10:15:00
2026-06-01,40.41,IBIT,10:30:00
2026-06-01,40.45,IBIT,10:45:00
2026-06-01,40.42,IBIT,11:00:00
2026-06-01,40.17,IBIT,11:15:00
2026-06-01,40.28,IBIT,11:30:00
2026-06-01,40.2,IBIT,11:45:00
2026-06-01,40.06,IBIT,12:00:00
2026-06-01,40.19,IBIT,12:15:00
2026-06-01,40.34,IBIT,12:30:00
2026-06-01,40.47,IBIT,12:45:00
2026-06-01,40.48,IBIT,13:00:00
2026-06-01,40.59,IBIT,13:15:00
2026-06-01,40.56,IBIT,13:30:00
2026-06-01,40.52,IBIT,13:45:00
2026-06-01,40.44,IBIT,14:00:00
2026-06-01,40.48,IBIT,14:15:00
2026-06-01,40.45,IBIT,14:30:00
2026-06-01,40.45,IBIT,14:45:00
2026-06-01,40.41,IBIT,15:00:00
2026-06-01,40.5,IBIT,15:15:00
2026-06-01,40.52,IBIT,15:30:00
2026-06-01,40.5,IBIT,15:45:00
2026-06-02,38.95,IBIT,09:30:00
2026-06-02,38.91,IBIT,09:45:00
2026-06-02,38.75,IBIT,10:00:00
2026-06-02,38.38,IBIT,10:15:00
2026-06-02,38.44,IBIT,10:30:00
2026-06-02,38.44,IBIT,10:45:00
2026-06-02,38.34,IBIT,11:00:00
2026-06-02,38.13,IBIT,11:15:00
2026-06-02,38.03,IBIT,11:30:00
2026-06-02,38.05,IBIT,11:45:00
2026-06-02,38.39,IBIT,12:00:00
2026-06-02,38.36,IBIT,12:15:00
2026-06-02,38.23,IBIT,12:30:00
2026-06-02,38.13,IBIT,12:45:00
2026-06-02,38.17,IBIT,13:00:00
2026-06-02,38.3,IBIT,13:15:00
2026-06-02,38.16,IBIT,13:30:00
2026-06-02,38.14,IBIT,13:45:00
2026-06-02,38.22,IBIT,14:00:00
2026-06-02,38.05,IBIT,14:15:00
2026-06-02,38.06,IBIT,14:30:00
2026-06-02,38.08,IBIT,14:45:00
2026-06-02,38.08,IBIT,15:00:00
2026-06-02,37.88,IBIT,15:15:00
2026-06-02,37.86,IBIT,15:30:00
2026-06-02,38.09,IBIT,15:45:00
2026-06-03,37.75,IBIT,09:30:00
2026-06-03,37.84,IBIT,09:45:00
2026-06-03,37.84,IBIT,10:00:00
2026-06-03,37.78,IBIT,10:15:00
2026-06-03,37.75,IBIT,10:30:00
2026-06-03,37.81,IBIT,10:45:00
2026-06-03,37.61,IBIT,11:00:00
2026-06-03,37.67,IBIT,11:15:00
2026-06-03,37.5,IBIT,11:30:00
2026-06-03,37.38,IBIT,11:45:00
2026-06-03,37.42,IBIT,12:00:00
2026-06-03,37.11,IBIT,12:15:00
2026-06-03,37.28,IBIT,12:30:00
2026-06-03,37.36,IBIT,12:45:00
2026-06-03,37.17,IBIT,13:00:00
2026-06-03,37.31,IBIT,13:15:00
2026-06-03,37.39,IBIT,13:30:00
2026-06-03,37.31,IBIT,13:45:00
2026-06-03,37.31,IBIT,14:00:00
2026-06-03,37.28,IBIT,14:15:00
2026-06-03,37.36,IBIT,14:30:00
2026-06-03,37.36,IBIT,14:45:00
2026-06-03,37.31,IBIT,15:00:00
2026-06-03,37.14,IBIT,15:15:00
2026-06-03,37.2,IBIT,15:30:00
2026-06-03,37.03,IBIT,15:45:00
2026-06-04,36.11,IBIT,09:30:00
2026-06-04,36.36,IBIT,09:45:00
2026-06-04,36.45,IBIT,10:00:00
2026-06-04,36.31,IBIT,10:15:00
2026-06-04,36.23,IBIT,10:30:00
2026-06-04,36.2,IBIT,10:45:00
2026-06-04,36.44,IBIT,11:00:00
2026-06-04,36.22,IBIT,11:15:00
2026-06-04,36.14,IBIT,11:30:00
2026-06-04,36.17,IBIT,11:45:00
2026-06-04,36.03,IBIT,12:00:00
2026-06-04,36.02,IBIT,12:15:00
2026-06-04,36.09,IBIT,12:30:00
2026-06-04,35.97,IBIT,12:45:00
2026-06-04,35.98,IBIT,13:00:00
2026-06-04,35.78,IBIT,13:15:00
2026-06-04,35.67,IBIT,13:30:00
2026-06-04,35.95,IBIT,13:45:00
2026-06-04,35.75,IBIT,14:00:00
2026-06-04,36.14,IBIT,14:15:00
2026-06-04,36.17,IBIT,14:30:00
2026-06-04,36.11,IBIT,14:45:00
2026-06-04,36.14,IBIT,15:00:00
2026-06-04,36.28,IBIT,15:15:00
2026-06-04,36.09,IBIT,15:30:00
2026-06-04,36.0,IBIT,15:45:00
2026-06-05,35.02,IBIT,09:30:00
2026-06-05,34.39,IBIT,09:45:00
2026-06-05,34.48,IBIT,10:00:00
2026-06-05,34.2,IBIT,10:15:00
2026-06-05,34.45,IBIT,10:30:00
2026-06-05,34.47,IBIT,10:45:00
2026-06-05,34.31,IBIT,11:00:00
2026-06-05,34.42,IBIT,11:15:00
2026-06-05,34.2,IBIT,11:30:00
2026-06-05,34.22,IBIT,11:45:00
2026-06-05,34.48,IBIT,12:00:00
2026-06-05,34.5,IBIT,12:15:00
2026-06-05,34.44,IBIT,12:30:00
2026-06-05,34.75,IBIT,12:45:00
2026-06-05,34.56,IBIT,13:00:00
2026-06-05,34.34,IBIT,13:15:00
2026-06-05,34.39,IBIT,13:30:00
2026-06-05,34.42,IBIT,13:45:00
2026-06-05,34.31,IBIT,14:00:00
2026-06-05,34.05,IBIT,14:15:00
2026-06-05,33.94,IBIT,14:30:00
2026-06-05,33.63,IBIT,14:45:00
2026-06-05,33.63,IBIT,15:00:00
2026-06-05,33.89,IBIT,15:15:00
2026-06-05,33.81,IBIT,15:30:00
2026-06-05,34.14,IBIT,15:45:00
2026-06-08,35.94,IBIT,09:30:00
2026-06-08,36.11,IBIT,09:45:00
2026-06-08,36.16,IBIT,10:00:00
2026-06-08,36.12,IBIT,10:15:00
2026-06-08,36.2,IBIT,10:30:00
2026-06-08,36.23,IBIT,10:45:00
2026-06-08,36.35,IBIT,11:00:00
2026-06-08,36.24,IBIT,11:15:00
2026-06-08,36.16,IBIT,11:30:00
2026-06-08,36.11,IBIT,11:45:00
2026-06-08,36.13,IBIT,12:00:00
2026-06-08,36.16,IBIT,12:15:00
2026-06-08,36.05,IBIT,12:30:00
2026-06-08,35.97,IBIT,12:45:00
2026-06-08,35.88,IBIT,13:00:00
2026-06-08,36.04,IBIT,13:15:00
2026-06-08,35.9,IBIT,13:30:00
2026-06-08,35.98,IBIT,13:45:00
2026-06-08,36.02,IBIT,14:00:00
2026-06-08,36.05,IBIT,14:15:00
2026-06-08,35.95,IBIT,14:30:00
2026-06-08,35.94,IBIT,14:45:00
2026-06-08,35.91,IBIT,15:00:00
2026-06-08,35.97,IBIT,15:15:00
2026-06-08,35.95,IBIT,15:30:00
2026-06-08,35.88,IBIT,15:45:00
