SPHY_price,SCYB_price,HYLB_price,USHY_price,HYG_price,JNK_price,SPHY_price_chg,SCYB_price_chg,HYLB_price_chg,USHY_price_chg,HYG_price_chg,JNK_price_chg,JNK/SPHY,JNK/SCYB,JNK/HYLB,JNK/USHY,JNK/HYG,JNK/JNK,JNK/SPHY_moving_avg,JNK/SCYB_moving_avg,JNK/HYLB_moving_avg,JNK/USHY_moving_avg,JNK/HYG_moving_avg,JNK/JNK_moving_avg,JNK/SPHY_prev_moving_avg,JNK/SCYB_prev_moving_avg,JNK/HYLB_prev_moving_avg,JNK/USHY_prev_moving_avg,JNK/HYG_prev_moving_avg,JNK/JNK_prev_moving_avg,SPHY_scaled_price,SCYB_scaled_price,HYLB_scaled_price,USHY_scaled_price,HYG_scaled_price,JNK_scaled_price,SPHY_scaled_comm,SCYB_scaled_comm,HYLB_scaled_comm,USHY_scaled_comm,HYG_scaled_comm,JNK_scaled_comm,SPHY_scaled_price_minus_comm,SCYB_scaled_price_minus_comm,HYLB_scaled_price_minus_comm,USHY_scaled_price_minus_comm,HYG_scaled_price_minus_comm,JNK_scaled_price_minus_comm,SPHY_scaled_price_plus_comm,SCYB_scaled_price_plus_comm,HYLB_scaled_price_plus_comm,USHY_scaled_price_plus_comm,HYG_scaled_price_plus_comm,JNK_scaled_price_plus_comm,min_price_plus_comm,max_price_minus_comm,tgt_max-min,tgt_pct_diff,tgt_min_price_etf,tgt_max_price_etf,date,ex_div_date,SPHY_shs_per_unit,SCYB_shs_per_unit,HYLB_shs_per_unit,USHY_shs_per_unit,HYG_shs_per_unit,JNK_shs_per_unit,SPHY_current_shs,SCYB_current_shs,HYLB_current_shs,USHY_current_shs,HYG_current_shs,JNK_current_shs,current_long_etf,current_short_etf,current_max-min,current_pct_diff,current_position,open_trade,exit_trade,flatten_for_div,tgt_position,tgt_long_etf,tgt_short_etf,SPHY_tgt_shs,SCYB_tgt_shs,HYLB_tgt_shs,USHY_tgt_shs,HYG_tgt_shs,JNK_tgt_shs,SPHY_tgt_inv_amt,SCYB_tgt_inv_amt,HYLB_tgt_inv_amt,USHY_tgt_inv_amt,HYG_tgt_inv_amt,JNK_tgt_inv_amt,gross_inv_amt,net_inv_amt,SPHY_shs_to_trade,SCYB_shs_to_trade,HYLB_shs_to_trade,USHY_shs_to_trade,HYG_shs_to_trade,JNK_shs_to_trade,SPHY_shs_to_buy,SCYB_shs_to_buy,HYLB_shs_to_buy,USHY_shs_to_buy,HYG_shs_to_buy,JNK_shs_to_buy,SPHY_shs_to_sell,SCYB_shs_to_sell,HYLB_shs_to_sell,USHY_shs_to_sell,HYG_shs_to_sell,JNK_shs_to_sell,SPHY_daily_comm,SCYB_daily_comm,HYLB_daily_comm,USHY_daily_comm,HYG_daily_comm,JNK_daily_comm,daily_comm,SPHY_daily_profit,SCYB_daily_profit,HYLB_daily_profit,USHY_daily_profit,HYG_daily_profit,JNK_daily_profit,daily_gross_profit,daily_net_profit,cumulative_net_profit
23.53,26.22,36.16,36.86,78.84,95.75,,,,,,,4.069273268168296,3.651792524790237,2.647953539823009,2.5976668475312,1.2144850329781836,1.0,,,,,,,,,,,,,,,,,,,,,,,,,,,,,,,,,,,,,,,,,,,2025-01-02,False,,,,,,,0,0,0,0,0,0,,,0.0,0.0,0,False,False,False,0,,,0,0,0,0,0,0,,,,,,,0.0,0.0,0,0,0,0,0,0,0,0,0,0,0,0,0,0,0,0,0,0,-0.0,-0.0,-0.0,-0.0,-0.0,-0.0,0.0,,,,,,,0.0,0.0,0.0
23.57,26.26,36.25,36.96,78.96,95.95,0.0399999999999991,0.0400000000000027,0.0900000000000034,0.1000000000000014,0.1199999999999903,0.2000000000000028,4.070852778956301,3.6538461538461537,2.646896551724138,2.596049783549784,1.2151722391084094,1.0,,,,,,,,,,,,,,,,,,,,,,,,,,,,,,,,,,,,,,,,,,,2025-01-03,False,,,,,,,0,0,0,0,0,0,,,0.0,0.0,0,False,False,False,0,,,0,0,0,0,0,0,0.0,0.0,0.0,0.0,0.0,0.0,0.0,0.0,0,0,0,0,0,0,0,0,0,0,0,0,0,0,0,0,0,0,-0.0,-0.0,-0.0,-0.0,-0.0,-0.0,0.0,0.0,0.0,0.0,0.0,0.0,0.0,0.0,0.0,0.0
23.61,26.26,36.29,36.99,79.1,96.06,0.0399999999999991,0.0,0.0399999999999991,0.0300000000000011,0.1400000000000005,0.1099999999999994,4.06861499364676,3.658035034272658,2.647010195646184,2.5969180859691807,1.2144121365360303,1.0,,,,,,,,,,,,,,,,,,,,,,,,,,,,,,,,,,,,,,,,,,,2025-01-06,False,,,,,,,0,0,0,0,0,0,,,0.0,0.0,0,False,False,False,0,,,0,0,0,0,0,0,0.0,0.0,0.0,0.0,0.0,0.0,0.0,0.0,0,0,0,0,0,0,0,0,0,0,0,0,0,0,0,0,0,0,-0.0,-0.0,-0.0,-0.0,-0.0,-0.0,0.0,0.0,0.0,0.0,0.0,0.0,0.0,0.0,0.0,0.0
23.54,26.19,36.19,36.88,78.84,95.77,-0.0700000000000002,-0.0700000000000002,-0.1000000000000014,-0.1099999999999994,-0.2599999999999909,-0.2900000000000062,4.06839422259983,3.656739213440244,2.6463111356728377,2.596800433839479,1.2147387113140538,1.0,,,,,,,,,,,,,,,,,,,,,,,,,,,,,,,,,,,,,,,,,,,2025-01-07,False,,,,,,,0,0,0,0,0,0,,,0.0,0.0,0,False,False,False,0,,,0,0,0,0,0,0,0.0,0.0,0.0,0.0,0.0,0.0,0.0,0.0,0,0,0,0,0,0,0,0,0,0,0,0,0,0,0,0,0,0,-0.0,-0.0,-0.0,-0.0,-0.0,-0.0,0.0,-0.0,-0.0,-0.0,-0.0,-0.0,-0.0,0.0,0.0,0.0
23.55,26.22,36.24,36.91,78.94,95.87,0.0100000000000015,0.0299999999999975,0.0500000000000042,0.029999999999994,0.0999999999999943,0.1000000000000085,4.070912951167728,3.6563691838291374,2.6454194260485653,2.597399078840423,1.214466683557132,1.0,,,,,,,,,,,,,,,,,,,,,,,,,,,,,,,,,,,,,,,,,,,2025-01-08,False,,,,,,,0,0,0,0,0,0,,,0.0,0.0,0,False,False,False,0,,,0,0,0,0,0,0,0.0,0.0,0.0,0.0,0.0,0.0,0.0,0.0,0,0,0,0,0,0,0,0,0,0,0,0,0,0,0,0,0,0,-0.0,-0.0,-0.0,-0.0,-0.0,-0.0,0.0,0.0,0.0,0.0,0.0,0.0,0.0,0.0,0.0,0.0
23.43,26.1,36.03,36.71,78.53,95.34,-0.120000000000001,-0.1199999999999974,-0.2100000000000008,-0.1999999999999957,-0.4099999999999966,-0.5300000000000011,4.069142125480154,3.652873563218391,2.646128226477935,2.5971125034050666,1.214058321660512,1.0,,,,,,,,,,,,,,,,,,,,,,,,,,,,,,,,,,,,,,,,,,,2025-01-10,False,,,,,,,0,0,0,0,0,0,,,0.0,0.0,0,False,False,False,0,,,0,0,0,0,0,0,0.0,0.0,0.0,0.0,0.0,0.0,0.0,0.0,0,0,0,0,0,0,0,0,0,0,0,0,0,0,0,0,0,0,-0.0,-0.0,-0.0,-0.0,-0.0,-0.0,0.0,-0.0,-0.0,-0.0,-0.0,-0.0,-0.0,0.0,0.0,0.0
23.43,26.08,36.04,36.73,78.51,95.3,0.0,-0.0200000000000031,0.009999999999998,0.019999999999996,-0.019999999999996,-0.0400000000000062,4.067434912505335,3.65414110429448,2.644284128745838,2.5946093111897635,1.2138581072474843,1.0,,,,,,,,,,,,,,,,,,,,,,,,,,,,,,,,,,,,,,,,,,,2025-01-13,False,,,,,,,0,0,0,0,0,0,,,0.0,0.0,0,False,False,False,0,,,0,0,0,0,0,0,0.0,0.0,0.0,0.0,0.0,0.0,0.0,0.0,0,0,0,0,0,0,0,0,0,0,0,0,0,0,0,0,0,0,-0.0,-0.0,-0.0,-0.0,-0.0,-0.0,0.0,0.0,-0.0,0.0,0.0,-0.0,-0.0,0.0,0.0,0.0
23.46,26.1,36.05,36.76,78.61,95.38,0.0300000000000011,0.0200000000000031,0.009999999999998,0.0300000000000011,0.0999999999999943,0.0799999999999983,4.065643648763853,3.654406130268199,2.6457697642163662,2.5946681175190425,1.2133316371962857,1.0,,,,,,,,,,,,,,,,,,,,,,,,,,,,,,,,,,,,,,,,,,,2025-01-14,False,,,,,,,0,0,0,0,0,0,,,0.0,0.0,0,False,False,False,0,,,0,0,0,0,0,0,0.0,0.0,0.0,0.0,0.0,0.0,0.0,0.0,0,0,0,0,0,0,0,0,0,0,0,0,0,0,0,0,0,0,-0.0,-0.0,-0.0,-0.0,-0.0,-0.0,0.0,0.0,0.0,0.0,0.0,0.0,0.0,0.0,0.0,0.0
23.65,26.31,36.38,37.08,79.3,96.26,0.1899999999999977,0.2099999999999973,0.3300000000000054,0.3200000000000003,0.6899999999999977,0.8800000000000097,4.070190274841438,3.65868491068035,2.645959318306762,2.5960086299892127,1.2138713745271124,1.0,,,,,,,,,,,,,,,,,,,,,,,,,,,,,,,,,,,,,,,,,,,2025-01-15,False,,,,,,,0,0,0,0,0,0,,,0.0,0.0,0,False,False,False,0,,,0,0,0,0,0,0,0.0,0.0,0.0,0.0,0.0,0.0,0.0,0.0,0,0,0,0,0,0,0,0,0,0,0,0,0,0,0,0,0,0,-0.0,-0.0,-0.0,-0.0,-0.0,-0.0,0.0,0.0,0.0,0.0,0.0,0.0,0.0,0.0,0.0,0.0
23.68,26.36,36.43,37.12,79.39,96.37,0.0300000000000011,0.0500000000000007,0.0499999999999971,0.0399999999999991,0.0900000000000034,0.1099999999999994,4.069679054054054,3.655918057663126,2.6453472412846555,2.5961745689655173,1.2138808414157956,1.0,,,,,,,,,,,,,,,,,,,,,,,,,,,,,,,,,,,,,,,,,,,2025-01-16,False,,,,,,,0,0,0,0,0,0,,,0.0,0.0,0,False,False,False,0,,,0,0,0,0,0,0,0.0,0.0,0.0,0.0,0.0,0.0,0.0,0.0,0,0,0,0,0,0,0,0,0,0,0,0,0,0,0,0,0,0,-0.0,-0.0,-0.0,-0.0,-0.0,-0.0,0.0,0.0,0.0,0.0,0.0,0.0,0.0,0.0,0.0,0.0
23.72,26.39,36.47,37.19,79.46,96.45,0.0399999999999991,0.0300000000000011,0.0399999999999991,0.0700000000000002,0.0699999999999931,0.0799999999999983,4.0661888701517706,3.654793482379689,2.6446394296682207,2.5934390965313256,1.2138182733450795,1.0,,,,,,,,,,,,,,,,,,,,,,,,,,,,,,,,,,,,,,,,,,,2025-01-17,False,,,,,,,0,0,0,0,0,0,,,0.0,0.0,0,False,False,False,0,,,0,0,0,0,0,0,0.0,0.0,0.0,0.0,0.0,0.0,0.0,0.0,0,0,0,0,0,0,0,0,0,0,0,0,0,0,0,0,0,0,-0.0,-0.0,-0.0,-0.0,-0.0,-0.0,0.0,0.0,0.0,0.0,0.0,0.0,0.0,0.0,0.0,0.0
23.77,26.47,36.56,37.26,79.67,96.73,0.0500000000000007,0.0799999999999983,0.0900000000000034,0.0700000000000002,0.2100000000000079,0.2800000000000011,4.069415229280606,3.6543256516811486,2.6457877461706785,2.5960815888352125,1.2141332998619303,1.0,,,,,,,,,,,,,,,,,,,,,,,,,,,,,,,,,,,,,,,,,,,2025-01-21,False,,,,,,,0,0,0,0,0,0,,,0.0,0.0,0,False,False,False,0,,,0,0,0,0,0,0,0.0,0.0,0.0,0.0,0.0,0.0,0.0,0.0,0,0,0,0,0,0,0,0,0,0,0,0,0,0,0,0,0,0,-0.0,-0.0,-0.0,-0.0,-0.0,-0.0,0.0,0.0,0.0,0.0,0.0,0.0,0.0,0.0,0.0,0.0
23.74,26.43,36.5,37.21,79.56,96.57,-0.0300000000000011,-0.0399999999999991,-0.0600000000000022,-0.0499999999999971,-0.1099999999999994,-0.1600000000000108,4.067818028643639,3.653802497162316,2.645753424657534,2.595270088685837,1.2138009049773757,1.0,,,,,,,,,,,,,,,,,,,,,,,,,,,,,,,,,,,,,,,,,,,2025-01-22,False,,,,,,,0,0,0,0,0,0,,,0.0,0.0,0,False,False,False,0,,,0,0,0,0,0,0,0.0,0.0,0.0,0.0,0.0,0.0,0.0,0.0,0,0,0,0,0,0,0,0,0,0,0,0,0,0,0,0,0,0,-0.0,-0.0,-0.0,-0.0,-0.0,-0.0,0.0,-0.0,-0.0,-0.0,-0.0,-0.0,-0.0,0.0,0.0,0.0
23.77,26.46,36.55,37.27,79.66,96.71,0.0300000000000011,0.0300000000000011,0.0499999999999971,0.0600000000000022,0.0999999999999943,0.1400000000000005,4.068573832562053,3.654950869236583,2.6459644322845417,2.594848403541722,1.214034647250816,1.0,,,,,,,,,,,,,,,,,,,,,,,,,,,,,,,,,,,,,,,,,,,2025-01-23,False,,,,,,,0,0,0,0,0,0,,,0.0,0.0,0,False,False,False,0,,,0,0,0,0,0,0,0.0,0.0,0.0,0.0,0.0,0.0,0.0,0.0,0,0,0,0,0,0,0,0,0,0,0,0,0,0,0,0,0,0,-0.0,-0.0,-0.0,-0.0,-0.0,-0.0,0.0,0.0,0.0,0.0,0.0,0.0,0.0,0.0,0.0,0.0
23.8,26.48,36.58,37.29,79.75,96.81,0.0300000000000011,0.0199999999999995,0.0300000000000011,0.019999999999996,0.0900000000000034,0.1000000000000085,4.067647058823529,3.655966767371601,2.6465281574630946,2.596138374899437,1.2139184952978057,1.0,,,,,,,,,,,,,,,,,,,,,,,,,,,,,,,,,,,,,,,,,,,2025-01-24,False,,,,,,,0,0,0,0,0,0,,,0.0,0.0,0,False,False,False,0,,,0,0,0,0,0,0,0.0,0.0,0.0,0.0,0.0,0.0,0.0,0.0,0,0,0,0,0,0,0,0,0,0,0,0,0,0,0,0,0,0,-0.0,-0.0,-0.0,-0.0,-0.0,-0.0,0.0,0.0,0.0,0.0,0.0,0.0,0.0,0.0,0.0,0.0
23.82,26.51,36.61,37.34,79.81,96.92,0.0199999999999995,0.0300000000000011,0.0300000000000011,0.0500000000000042,0.0600000000000022,0.1099999999999994,4.068849706129303,3.655978875895888,2.647364108167168,2.5956079271558647,1.214384162385666,1.0,,,,,,,,,,,,,,,,,,,,,,,,,,,,,,,,,,,,,,,,,,,2025-01-27,False,,,,,,,0,0,0,0,0,0,,,0.0,0.0,0,False,False,False,0,,,0,0,0,0,0,0,0.0,0.0,0.0,0.0,0.0,0.0,0.0,0.0,0,0,0,0,0,0,0,0,0,0,0,0,0,0,0,0,0,0,-0.0,-0.0,-0.0,-0.0,-0.0,-0.0,0.0,0.0,0.0,0.0,0.0,0.0,0.0,0.0,0.0,0.0
23.81,26.5,36.61,37.31,79.78,96.86,-0.0100000000000015,-0.0100000000000015,0.0,-0.0300000000000011,-0.0300000000000011,-0.0600000000000022,4.068038639227216,3.6550943396226416,2.6457252116907948,2.5960868399892787,1.2140887440461268,1.0,,,,,,,,,,,,,,,,,,,,,,,,,,,,,,,,,,,,,,,,,,,2025-01-28,False,,,,,,,0,0,0,0,0,0,,,0.0,0.0,0,False,False,False,0,,,0,0,0,0,0,0,0.0,0.0,0.0,0.0,0.0,0.0,0.0,0.0,0,0,0,0,0,0,0,0,0,0,0,0,0,0,0,0,0,0,-0.0,-0.0,-0.0,-0.0,-0.0,-0.0,0.0,-0.0,-0.0,0.0,-0.0,-0.0,-0.0,0.0,0.0,0.0
23.8,26.49,36.58,37.3,79.73,96.78,-0.009999999999998,-0.0100000000000015,-0.0300000000000011,-0.0100000000000051,-0.0499999999999971,-0.0799999999999983,4.0663865546218485,3.6534541336353343,2.645708037178786,2.594638069705094,1.21384673272294,1.0,,,,,,,,,,,,,,,,,,,,,,,,,,,,,,,,,,,,,,,,,,,2025-01-29,False,,,,,,,0,0,0,0,0,0,,,0.0,0.0,0,False,False,False,0,,,0,0,0,0,0,0,0.0,0.0,0.0,0.0,0.0,0.0,0.0,0.0,0,0,0,0,0,0,0,0,0,0,0,0,0,0,0,0,0,0,-0.0,-0.0,-0.0,-0.0,-0.0,-0.0,0.0,-0.0,-0.0,-0.0,-0.0,-0.0,-0.0,0.0,0.0,0.0
23.83,26.53,36.63,37.35,79.88,96.98,0.0299999999999975,0.0400000000000027,0.0500000000000042,0.0500000000000042,0.1499999999999914,0.2000000000000028,4.069660092320604,3.655484357331323,2.647556647556648,2.5965194109772423,1.21407110665999,1.0,,,,,,,,,,,,,,,,,,,,,,,,,,,,,,,,,,,,,,,,,,,2025-01-30,False,,,,,,,0,0,0,0,0,0,,,0.0,0.0,0,False,False,False,0,,,0,0,0,0,0,0,0.0,0.0,0.0,0.0,0.0,0.0,0.0,0.0,0,0,0,0,0,0,0,0,0,0,0,0,0,0,0,0,0,0,-0.0,-0.0,-0.0,-0.0,-0.0,-0.0,0.0,0.0,0.0,0.0,0.0,0.0,0.0,0.0,0.0,0.0
23.78,26.49,36.58,37.29,79.72,96.76,-0.0499999999999971,-0.0400000000000027,-0.0500000000000042,-0.0600000000000022,-0.1599999999999966,-0.2199999999999988,4.068965517241379,3.6526991317478297,2.645161290322581,2.5947975328506305,1.2137481184144507,1.0,4.068584087959285,3.6549677991183662,2.6460634006553168,2.595841734698516,1.2141059785251591,1.0,,,,,,,,,,,,,,,,,,,,,,,,,,,,,,,,,,,,,2025-01-31,False,,,,,,,0,0,0,0,0,0,,,0.0,0.0,0,False,False,False,0,,,0,0,0,0,0,0,0.0,0.0,0.0,0.0,0.0,0.0,0.0,0.0,0,0,0,0,0,0,0,0,0,0,0,0,0,0,0,0,0,0,-0.0,-0.0,-0.0,-0.0,-0.0,-0.0,0.0,-0.0,-0.0,-0.0,-0.0,-0.0,-0.0,0.0,0.0,0.0
23.61,26.29,36.35,37.05,79.26,96.1,-0.1700000000000017,-0.1999999999999993,-0.2299999999999968,-0.240000000000002,-0.4599999999999937,-0.6600000000000108,4.070309191020754,3.6553822746291367,2.6437414030261346,2.593792172739541,1.2124653040625788,1.0,4.068635884101907,3.655147286610311,2.645852793815473,2.5956480009589327,1.2140049920793785,1.0,4.068584087959285,3.6549677991183662,2.6460634006553168,2.595841734698516,1.2141059785251591,1.0,96.05927031671872,96.08910343882184,96.18440461382076,96.17593627058,96.23003985790412,96.1,0.0203429204397964,0.0182748389955918,0.0132303170032765,0.0129792086734925,0.0060705298926257,0.005,96.03892739627892,96.07082859982626,96.1711742968175,96.16295706190652,96.22396932801148,96.095,96.07961323715853,96.10737827781745,96.19763493082404,96.18891547925352,96.23611038779674,96.105,96.07961323715853,96.22396932801148,0.1443560908529804,0.0015021445458166,SPHY,HYG,2025-02-03,True,4235.0,3805.0,2755.0,2702.0,1264.0,1041.0,0,0,0,0,0,0,,,0.0,0.0,0,True,False,False,1,SPHY,HYG,4235,0,0,0,-1264,0,0.0,0.0,0.0,0.0,0.0,0.0,0.0,0.0,4235,0,0,0,-1264,0,4235,0,0,0,0,0,0,0,0,0,1264,0,-21.175,-0.0,-0.0,-0.0,-6.32,-0.0,-27.495,-0.0,-0.0,-0.0,-0.0,-0.0,-0.0,0.0,-27.495,-27.495
23.68,26.36,36.43,37.14,79.51,96.38,0.0700000000000002,0.0700000000000002,0.0799999999999983,0.0900000000000034,0.25,0.2800000000000011,4.070101351351351,3.656297420333839,2.6456217403239086,2.59504577275175,1.212174569236574,1.0,4.06859831272166,3.655269849934696,2.645789053245461,2.595597800419031,1.213855108585787,1.0,4.068635884101907,3.655147286610311,2.645852793815473,2.5956480009589327,1.2140049920793785,1.0,96.34529773553317,96.3496824750478,96.38841727869767,96.40236675561476,96.5255369202314,96.38,0.0203431794205095,0.0182757364330515,0.0132292639690773,0.0129782400047946,0.0060700249603968,0.005,96.32495455611264,96.33140673861476,96.3751880147286,96.38938851560997,96.519466895271,96.375,96.36564091495366,96.36795821148084,96.40164654266675,96.41534499561956,96.53160694519178,96.385,96.36564091495366,96.519466895271,0.153825980317336,0.0015960363178806,SPHY,HYG,2025-02-04,False,4223.0,3794.0,2746.0,2694.0,1260.0,1038.0,4235,0,0,0,-1264,0,SPHY,HYG,0.153825980317336,0.0015960363178806,1,True,False,True,0,,,0,0,0,0,0,0,99988.34999999999,0.0,0.0,0.0,-100184.64,0.0,200172.99,-196.29000000000815,-4235,0,0,0,1264,0,0,0,0,0,1264,0,4235,0,0,0,0,0,-21.175,-0.0,-0.0,-0.0,-6.32,-0.0,-27.495,296.45000000000084,0.0,0.0,0.0,-316.0,0.0,-19.54999999999916,-47.04499999999916,-74.53999999999917
23.74,26.46,36.54,37.26,79.72,96.64,0.0599999999999987,0.1000000000000014,0.1099999999999994,0.1199999999999974,0.2099999999999937,0.2600000000000051,4.070766638584668,3.6523053665910807,2.644772851669404,2.593666129898014,1.2122428499749125,1.0,4.068705894968556,3.654983366550617,2.6456771860466226,2.595435202615473,1.213746644257731,1.0,4.06859831272166,3.655269849934696,2.645789053245461,2.595597800419031,1.213855108585787,1.0,96.5885239440122,96.71844022927206,96.67713200558916,96.7119740436131,96.76852925645892,96.64,0.0203429915636083,0.0182763492496734,0.0132289452662273,0.0129779890020951,0.0060692755429289,0.005,96.5681809524486,96.7001638800224,96.66390306032294,96.698996054611,96.762459980916,96.635,96.6088669355758,96.73671657852174,96.69036095085538,96.7249520326152,96.77459853200186,96.645,96.6088669355758,96.762459980916,0.1535930453402016,0.001589332008901,SPHY,HYG,2025-02-05,False,4211.0,3783.0,2738.0,2686.0,1256.0,1035.0,0,0,0,0,0,0,,,0.0,0.0,0,True,False,False,1,SPHY,HYG,4211,0,0,0,-1256,0,0.0,0.0,0.0,0.0,0.0,0.0,0.0,0.0,4211,0,0,0,-1256,0,4211,0,0,0,0,0,0,0,0,0,1256,0,-21.055,-0.0,-0.0,-0.0,-6.28,-0.0,-27.335,0.0,0.0,0.0,0.0,0.0,0.0,0.0,-27.335,-101.87499999999918
23.71,26.4,36.48,37.19,79.6,96.52,-0.0299999999999975,-0.0600000000000022,-0.0600000000000022,-0.0700000000000002,-0.1200000000000045,-0.1200000000000045,4.070856178827499,3.6560606060606062,2.645833333333333,2.595321322936273,1.2125628140703515,1.0,4.06882899277994,3.654949436181635,2.645653295929648,2.595361247070312,1.2136378493955458,1.0,4.068705894968556,3.654983366550617,2.6456771860466226,2.595435202615473,1.213746644257731,1.0,96.46901676970444,96.49156087693628,96.5143037469808,96.52423518526945,96.61423288291536,96.52,0.0203435294748427,0.018274916832753,0.0132283859302331,0.0129771760130773,0.0060687332212886,0.005,96.4486732402296,96.47328596010354,96.50107536105055,96.51125800925637,96.60816414969408,96.515,96.4893602991793,96.50983579376904,96.52753213291102,96.53721236128251,96.62030161613666,96.525,96.4893602991793,96.60816414969408,0.1188038505147943,0.0012308728814214,SPHY,HYG,2025-02-06,False,4215.0,3787.0,2741.0,2689.0,1257.0,1036.0,4211,0,0,0,-1256,0,SPHY,HYG,0.1188038505147801,0.0012308728814212,1,True,False,False,1,SPHY,HYG,4215,0,0,0,-1257,0,99969.14,0.0,0.0,0.0,-100128.31999999999,0.0,200097.46,-159.17999999999302,4,0,0,0,-1,0,4,0,0,0,0,0,0,0,0,0,1,0,-0.02,-0.0,-0.0,-0.0,-0.005,-0.0,-0.025,-126.32999999998948,-0.0,-0.0,-0.0,150.72000000000565,-0.0,24.390000000016173,24.365000000016174,-77.509999999983
23.65,26.33,36.38,37.09,79.35,96.24,-0.0600000000000022,-0.0700000000000002,-0.0999999999999943,-0.0999999999999943,-0.25,-0.2800000000000011,4.069344608879493,3.655146221040638,2.6454095656954366,2.5947694796441088,1.2128544423440455,1.0,4.068750575665527,3.6548882880422098,2.6456528029119912,2.5952297671104967,1.2135572373348915,1.0,4.06882899277994,3.654949436181635,2.645653295929648,2.595361247070312,1.2136378493955458,1.0,96.22780567924558,96.23481865466243,96.24886690592058,96.26194865383788,96.30216334953654,96.24,0.0203441449638997,0.0182747471809081,0.0132282664796482,0.0129768062353515,0.0060681892469777,0.005,96.20746153428168,96.21654390748154,96.23563863944094,96.24897184760252,96.29609516028955,96.235,96.24814982420948,96.25309340184336,96.26209517240022,96.27492546007323,96.30823153878352,96.245,96.245,96.29609516028955,0.0510951602895772,0.0005309139680961,JNK,HYG,2025-02-07,False,4228.0,3797.0,2749.0,2697.0,1261.0,1039.0,4215,0,0,0,-1257,0,SPHY,HYG,0.0479453360800761,0.000498185121364,1,True,False,False,1,JNK,HYG,0,0,0,0,-1261,1039,99937.65000000001,0.0,0.0,0.0,-100057.2,0.0,199994.85,-119.54999999998836,-4215,0,0,0,-4,1039,0,0,0,0,0,1039,4215,0,0,0,4,0,-21.075,-0.0,-0.0,-0.0,-0.02,-5.195,-26.29,-252.90000000000927,-0.0,-0.0,-0.0,314.25,-0.0,61.34999999999073,35.05999999999073,-42.449999999992265
23.69,26.39,36.46,37.16,79.51,96.46,0.0400000000000027,0.0600000000000022,0.0799999999999983,0.0699999999999931,0.1600000000000108,0.2199999999999988,4.071760236386661,3.655172413793103,2.645639056500274,2.5958019375672765,1.2131807319833985,1.0,4.068881481210854,3.6550032305709457,2.645628344413108,2.595164238818607,1.213513357851036,1.0,4.068750575665527,3.6548882880422098,2.6456528029119912,2.5952297671104967,1.2135572373348915,1.0,96.38870113751636,96.45250192143392,96.4605011941712,96.43873814582604,96.48993594049723,96.46,0.0203437528783276,0.018274441440211,0.0132282640145599,0.0129761488355524,0.0060677861866744,0.005,96.36835738463802,96.43422747999372,96.44727293015664,96.4257619969905,96.48386815431056,96.455,96.40904489039468,96.47077636287412,96.47372945818576,96.4517142946616,96.49600372668392,96.465,96.40904489039468,96.48386815431056,0.0748232639158743,0.0007756921409483,SPHY,HYG,2025-02-10,False,4219.0,3790.0,2744.0,2691.0,1258.0,1037.0,0,0,0,0,-1261,1039,JNK,HYG,0.0188681543105531,0.0001956059953405,1,True,False,False,1,SPHY,HYG,4219,0,0,0,-1258,0,0.0,0.0,0.0,0.0,-100060.34999999999,99993.36,200053.71,-66.98999999999069,4219,0,0,0,3,-1039,4219,0,0,0,3,0,0,0,0,0,0,1039,-21.095,-0.0,-0.0,-0.0,-0.015,-5.195,-26.305,0.0,0.0,0.0,0.0,-201.76000000001363,228.57999999999876,26.81999999998513,0.5149999999851289,-41.935000000007136
23.67,26.35,36.42,37.13,79.48,96.35,-0.0199999999999995,-0.0399999999999991,-0.0399999999999991,-0.029999999999994,-0.0300000000000011,-0.1099999999999994,4.070553443177017,3.656546489563567,2.64552443712246,2.594936708860759,1.2122546552591846,1.0,4.069037407744436,3.6551234998344,2.645690359831939,2.595180608702157,1.213433185251621,1.0,4.068881481210854,3.6550032305709457,2.645628344413108,2.595164238818607,1.213513357851036,1.0,96.3104246602609,96.30933512554442,96.3537843035254,96.35844818733489,96.45004168200036,96.35,0.0203444074060542,0.0182750161528547,0.0132281417220655,0.012975821194093,0.0060675667892551,0.005,96.29008025285484,96.29106010939157,96.34055616180332,96.3454723661408,96.44397411521108,96.345,96.33076906766696,96.32761014169728,96.36701244524744,96.37142400852898,96.4561092487896,96.355,96.32761014169728,96.44397411521108,0.1163639735138133,0.0012077215725356,SCYB,HYG,2025-02-11,False,4223.0,3794.0,2746.0,2694.0,1260.0,1038.0,4219,0,0,0,-1258,0,SPHY,HYG,0.1132050475441133,0.0011749356257821,1,True,False,False,1,SCYB,HYG,0,3794,0,0,-1260,0,99948.11,0.0,0.0,0.0,-100023.58,0.0,199971.69,-75.47000000000116,-4219,3794,0,0,-2,0,0,3794,0,0,0,0,4219,0,0,0,2,0,-21.095,-18.97,-0.0,-0.0,-0.01,-0.0,-40.074999999999996,-84.37999999999789,-0.0,-0.0,-0.0,37.74000000000138,-0.0,-46.63999999999651,-86.71499999999651,-128.65000000000364
23.62,26.32,36.34,37.06,79.31,96.13,-0.0500000000000007,-0.0300000000000011,-0.0799999999999983,-0.0700000000000002,-0.1700000000000017,-0.2199999999999988,4.069856054191363,3.652355623100304,2.645294441386901,2.593901780895844,1.2120791829529691,1.0,4.069248028015812,3.655020974476005,2.645666593690466,2.5951422918709968,1.213370562539455,1.0,4.069037407744436,3.6551234998344,2.645690359831939,2.595180608702157,1.213433185251621,1.0,96.1106635709236,96.20285051564142,96.14438767629268,96.17739335850194,96.23738592230606,96.13,0.0203451870387221,0.018275617499172,0.0132284517991596,0.0129759030435107,0.0060671659262581,0.005,96.09031838388486,96.18457489814224,96.1311592244935,96.16441745545843,96.2313187563798,96.125,96.13100875796232,96.2211261331406,96.15761612809185,96.19036926154546,96.24345308823231,96.135,96.13100875796232,96.2313187563798,0.1003099984174866,0.0010434827672681,SPHY,HYG,2025-02-12,False,4232.0,3801.0,2752.0,2699.0,1262.0,1040.0,0,3794,0,0,-1260,0,SCYB,HYG,0.010192623239206,0.0001060295770228,1,True,False,False,1,SPHY,HYG,4232,0,0,0,-1262,0,0.0,99971.90000000001,0.0,0.0,-100144.8,0.0,200116.7,-172.89999999999418,4232,-3794,0,0,-2,0,4232,0,0,0,0,0,0,3794,0,0,2,0,-21.16,-18.97,-0.0,-0.0,-0.01,-0.0,-40.13999999999999,-0.0,-113.82000000000417,-0.0,-0.0,214.20000000000215,-0.0,100.37999999999798,60.239999999997984,-68.41000000000565
23.73,26.39,36.5,37.23,79.67,96.56,0.1099999999999994,0.0700000000000002,0.1599999999999966,0.1699999999999946,0.3599999999999994,0.4300000000000068,4.069110830172777,3.658961727927245,2.6454794520547944,2.5936073059360734,1.211999497928957,1.0,4.069194055782379,3.655034815338349,2.6456426003778675,2.59502222566834,1.2132769687095473,1.0,4.069248028015812,3.655020974476005,2.645666593690466,2.5951422918709968,1.213370562539455,1.0,96.56325570481522,96.45600351642176,96.566830669702,96.6171475263572,96.66923271751838,96.56,0.020346240140079,0.01827510487238,0.0132283329684523,0.0129757114593549,0.0060668528126972,0.005,96.54290946467512,96.4377284115494,96.55360233673356,96.60417181489784,96.66316586470568,96.555,96.5836019449553,96.47427862129416,96.58005900267048,96.63012323781656,96.67529957033108,96.565,96.47427862129416,96.66316586470568,0.1888872434115427,0.001956164492663,SCYB,HYG,2025-02-13,False,4216.0,3787.0,2741.0,2689.0,1257.0,1036.0,4232,0,0,0,-1262,0,SPHY,HYG,0.0795639197503703,0.0008239842559069,1,True,False,False,1,SCYB,HYG,0,3787,0,0,-1257,0,99959.84000000001,0.0,0.0,0.0,-100089.22,0.0,200049.06,-129.3799999999901,-4232,3787,0,0,5,0,0,3787,0,0,5,0,4232,0,0,0,0,0,-21.16,-18.935,-0.0,-0.0,-0.025,-0.0,-40.12,465.5199999999975,0.0,0.0,0.0,-454.3199999999992,0.0,11.199999999998283,-28.920000000001714,-97.33000000000737
23.75,26.45,36.53,37.26,79.76,96.68,0.0199999999999995,0.0599999999999987,0.0300000000000011,0.0300000000000011,0.0900000000000034,0.1200000000000045,4.070736842105264,3.6551984877126658,2.64659184232138,2.594739667203436,1.212136409227683,1.0,4.06924694518494,3.6549988368408273,2.6457048304297035,2.594950480580236,1.2131897471001418,1.0,4.069194055782379,3.655034815338349,2.6456426003778675,2.59502222566834,1.2132769687095473,1.0,96.64335882483152,96.67567086569936,96.6453241918035,96.69052812840236,96.77097102427348,96.68,0.0203459702789118,0.0182751740766917,0.0132282130018893,0.0129751111283417,0.0060663848435477,0.005,96.6230128545526,96.65739569162264,96.6320959788016,96.677553017274,96.76490463942994,96.675,96.66370479511042,96.69394603977604,96.6585524048054,96.70350323953068,96.77703740911704,96.685,96.6585524048054,96.76490463942994,0.106352234624552,0.0011000438004194,HYLB,HYG,2025-02-14,False,4208.0,3779.0,2736.0,2683.0,1255.0,1034.0,0,3787,0,0,-1257,0,SCYB,HYG,0.0709585996539061,0.000733953244248,1,True,False,False,1,HYLB,HYG,0,0,2736,0,-1255,0,0.0,99938.93000000001,0.0,0.0,-100145.19,0.0,200084.12,-206.25999999999476,0,-3787,2736,0,2,0,0,0,2736,0,2,0,0,3787,0,0,0,0,-0.0,-18.935,-13.68,-0.0,-0.01,-0.0,-32.62499999999999,0.0,227.21999999999508,0.0,0.0,-113.13000000000427,0.0,114.08999999999081,81.46499999999082,-15.86500000001655
23.74,26.41,36.51,37.25,79.69,96.62,-0.0100000000000015,-0.0399999999999991,-0.0200000000000031,-0.009999999999998,-0.0700000000000073,-0.0600000000000022,4.069924178601517,3.6584627035213937,2.6463982470556013,2.593825503355705,1.2124482369180576,1.0,4.069433710607426,3.655182297897913,2.6457927712990723,2.594969800921455,1.2131212452787907,1.0,4.06924694518494,3.6549988368408273,2.6457048304297035,2.594950480580236,1.2131897471001418,1.0,96.60392247869046,96.52851928096624,96.59468335898848,96.6619054016138,96.6790909464103,96.62,0.0203462347259247,0.0182749941842041,0.0132285241521485,0.0129747524029011,0.0060659487355007,0.005,96.58357624396454,96.51024428678204,96.58145483483632,96.6489306492109,96.6730249976748,96.615,96.62426871341638,96.54679427515046,96.60791188314064,96.67488015401668,96.6851568951458,96.625,96.54679427515046,96.6730249976748,0.1262307225243404,0.0013064657682088,SCYB,HYG,2025-02-18,False,4212.0,3783.0,2738.0,2686.0,1256.0,1035.0,0,0,2736,0,-1255,0,HYLB,HYG,0.0651131145341565,0.0006739092789707,1,True,False,False,1,SCYB,HYG,0,3783,0,0,-1256,0,0.0,0.0,99946.08,0.0,-100098.8,0.0,200044.88,-152.72000000000116,0,3783,-2736,0,-1,0,0,3783,0,0,0,0,0,0,2736,0,1,0,-0.0,-18.915,-13.68,-0.0,-0.005,-0.0,-32.6,-0.0,-0.0,-54.720000000008476,-0.0,87.85000000000917,-0.0,33.1300000000007,0.5300000000006975,-15.335000000015853
23.75,26.41,36.55,37.26,79.75,96.7,0.0100000000000015,0.0,0.0399999999999991,0.009999999999998,0.0600000000000022,0.0799999999999983,4.071578947368421,3.661491859144264,2.6456908344733243,2.5952764358561464,1.212539184952978,1.0,4.069541896511818,3.655540608271068,2.645787925714205,2.5949295432725017,1.2130415395333431,1.0,4.069433710607426,3.655182297897913,2.6457927712990723,2.594969800921455,1.2131212452787907,1.0,96.64905062692638,96.53336448748388,96.70372579098108,96.6885747823334,96.74641931098355,96.7,0.0203471685530371,0.0182759114894895,0.0132289638564953,0.0129748490046072,0.0060656062263939,0.005,96.62870345837337,96.51508857599435,96.6904968271246,96.6755999333288,96.74035370475715,96.695,96.6693977954794,96.55164039897336,96.71695475483756,96.701549631338,96.75248491720996,96.705,96.55164039897336,96.74035370475715,0.1887133057837928,0.001951533668912,SCYB,HYG,2025-02-19,False,4208.0,3779.0,2736.0,2683.0,1254.0,1034.0,0,3783,0,0,-1256,0,SCYB,HYG,0.1887133057837928,0.001951533668912,1,True,False,False,1,SCYB,HYG,0,3779,0,0,-1254,0,0.0,99909.03,0.0,0.0,-100090.64,0.0,199999.66999999998,-181.61000000000058,0,-4,0,0,2,0,0,0,0,0,2,0,0,4,0,0,0,0,-0.0,-0.02,-0.0,-0.0,-0.01,-0.0,-0.03,0.0,0.0,0.0,0.0,-75.36000000000276,0.0,-75.36000000000276,-75.39000000000276,-90.72500000001861
23.77,26.44,36.56,37.29,79.8,96.77,0.0199999999999995,0.0300000000000011,0.0100000000000051,0.0300000000000011,0.0499999999999971,0.0699999999999931,4.071098022717711,3.659984871406959,2.646881838074398,2.5950657012603915,1.21265664160401,1.0,4.069705896215521,3.655849726983301,2.645844346385048,2.5949193239012294,1.212984326364675,1.0,4.069541896511818,3.655540608271068,2.645787925714205,2.5949295432725017,1.2130415395333431,1.0,96.7330108800859,96.65249368268702,96.73000656411136,96.76492266863158,96.80071485476078,96.77,0.020347709482559,0.0182777030413553,0.013228939628571,0.0129746477163625,0.0060652076976667,0.005,96.71266317060334,96.63421597964567,96.71677762448276,96.75194802091522,96.79464964706312,96.765,96.75335858956846,96.67077138572836,96.74323550373992,96.77789731634796,96.80678006245846,96.775,96.67077138572836,96.79464964706312,0.1238782613347382,0.001280130839462,SCYB,HYG,2025-02-20,False,4204.0,3776.0,2733.0,2681.0,1253.0,1033.0,0,3779,0,0,-1254,0,SCYB,HYG,0.1238782613347666,0.0012801308394622,1,True,False,False,1,SCYB,HYG,0,3776,0,0,-1253,0,0.0,99803.39,0.0,0.0,-100006.5,0.0,199809.89,-203.11000000000058,0,-3,0,0,1,0,0,0,0,0,1,0,0,3,0,0,0,0,-0.0,-0.015,-0.0,-0.0,-0.005,-0.0,-0.02,0.0,113.37000000000415,0.0,0.0,-62.699999999996365,0.0,50.67000000000779,50.650000000007786,-40.075000000010824
23.74,26.41,36.51,37.23,79.65,96.63,-0.0300000000000011,-0.0300000000000011,-0.0500000000000042,-0.0600000000000022,-0.1499999999999914,-0.1400000000000005,4.070345408593092,3.658841347974252,2.646672144617913,2.5954875100725223,1.2131826741996232,1.0,4.069794475017074,3.656044250920184,2.6458797320017164,2.5949512792277694,1.212941727712115,1.0,4.069705896215521,3.655849726983301,2.645844346385048,2.5949193239012294,1.212984326364675,1.0,96.61481797615647,96.55099128962895,96.5997770865181,96.60884642884275,96.61420159494637,96.63,0.0203485294810776,0.0182792486349165,0.0132292217319252,0.0129745966195061,0.0060649216318233,0.005,96.5944694466754,96.53271204099406,96.58654786478618,96.59587183222328,96.60813667331456,96.625,96.63516650563756,96.56927053826388,96.61300630825002,96.62182102546228,96.62026651657818,96.635,96.56927053826388,96.625,0.0557294617361208,0.0005767304329516,SCYB,JNK,2025-02-21,False,4212.0,3784.0,2738.0,2686.0,1255.0,1035.0,0,3776,0,0,-1253,0,SCYB,HYG,0.0388661350506822,0.0004022160307428,1,True,False,False,1,SCYB,JNK,0,3784,0,0,0,-1035,0.0,99837.44,0.0,0.0,-99989.4,0.0,199826.84,-151.95999999999185,0,8,0,0,1253,-1035,0,8,0,0,1253,0,0,0,0,0,0,1035,-0.0,-0.04,-0.0,-0.0,-6.265000000000001,-5.175,-11.48,-0.0,-113.28000000000415,-0.0,-0.0,187.94999999998922,-0.0,74.66999999998507,63.18999999998506,23.114999999974238
23.76,26.44,36.56,37.28,79.75,96.72,0.0200000000000031,0.0300000000000011,0.0500000000000042,0.0500000000000042,0.0999999999999943,0.0900000000000034,4.07070707070707,3.658093797276853,2.6455142231947484,2.594420600858369,1.2127899686520376,1.0,4.069947475611251,3.656150602415446,2.6458290352882994,2.594865390525716,1.2128853013798266,1.0,4.069794475017074,3.656044250920184,2.6458797320017164,2.5949512792277694,1.212941727712115,1.0,96.69831672640568,96.66580999432963,96.73336300198277,96.73978368961124,96.73210278504118,96.72,0.0203489723750853,0.0182802212546009,0.0132293986600085,0.0129747563961388,0.0060647086385605,0.005,96.6779677540306,96.64752977307504,96.72013360332276,96.72680893321512,96.72603807640262,96.715,96.71866569878075,96.68409021558423,96.74659240064275,96.75275844600738,96.73816749367974,96.725,96.68409021558423,96.72680893321512,0.0427187176308621,0.0004416740863405,SCYB,USHY,2025-02-24,False,4208.0,3780.0,2736.0,2683.0,1254.0,1034.0,0,3784,0,0,0,-1035,SCYB,JNK,0.030909784415769,0.000319580070469,1,True,False,False,1,SCYB,USHY,0,3780,0,-2683,0,0,0.0,99935.44,0.0,0.0,0.0,-100012.04999999999,199947.49,-76.60999999998603,0,-4,0,-2683,0,1035,0,0,0,0,0,1035,0,4,0,2683,0,0,-0.0,-0.02,-0.0,-13.415000000000001,-0.0,-5.175,-18.61,0.0,113.52000000000416,0.0,0.0,0.0,-93.15000000000352,20.370000000000644,1.7600000000006446,24.874999999974882
23.8,26.51,36.63,37.37,79.95,96.96,0.0399999999999991,0.0700000000000002,0.0700000000000002,0.0899999999999963,0.2000000000000028,0.2399999999999948,4.0739495798319325,3.657487740475292,2.6470106470106467,2.5945945945945947,1.2127579737335834,1.0,4.070202469296381,3.656226045644416,2.6458113622304733,2.5948147238976524,1.2128039919472229,1.0,4.069947475611251,3.656150602415446,2.6458290352882994,2.594865390525716,1.2128853013798266,1.0,96.86474991954778,96.92455247003348,96.91671756261042,96.970119643946,96.97017984531716,96.96,0.0203497373780562,0.0182807530120772,0.0132291451764414,0.0129743269526285,0.0060644265068991,0.005,96.84440018216972,96.9062717170214,96.90348841743398,96.95714531699338,96.96411541881024,96.955,96.88509965692585,96.94283322304555,96.92994670778684,96.98309397089864,96.97624427182404,96.965,96.88509965692585,96.96411541881024,0.0790157618844205,0.0008149315375868,SPHY,HYG,2025-02-25,False,4196.0,3769.0,2728.0,2675.0,1250.0,1031.0,0,3780,0,-2683,0,0,SCYB,USHY,0.0143120939478222,0.0001476082296598,1,True,False,False,1,SPHY,HYG,4196,0,0,0,-1250,0,0.0,99943.20000000001,0.0,-100022.24,0.0,0.0,199965.44,-79.0399999999936,4196,-3780,0,2683,-1250,0,4196,0,0,2683,0,0,0,3780,0,0,1250,0,-20.98,-18.900000000000002,-0.0,-13.415000000000001,-6.25,-0.0,-59.545,0.0,264.60000000000076,0.0,-241.46999999999008,0.0,0.0,23.130000000010682,-36.41499999998932,-11.540000000014437
23.84,26.52,36.69,37.4,80.06,97.05,0.0399999999999991,0.009999999999998,0.0599999999999951,0.0300000000000011,0.1099999999999994,0.0900000000000034,4.070889261744966,3.659502262443439,2.645134914145544,2.5949197860962565,1.212215838121409,1.0,4.07034500042227,3.656446441785457,2.64578184735321,2.594756371203001,1.2127103466509868,1.0,4.070202469296381,3.656226045644416,2.6458113622304733,2.5948147238976524,1.2128039919472229,1.0,97.03362686802572,96.96311473048992,97.07481888023608,97.0460706737722,97.09708759529464,97.05,0.0203510123464819,0.018281130228222,0.0132290568111523,0.0129740736194882,0.0060640199597361,0.005,97.01327585567924,96.9448336002617,97.06158982342492,97.0330966001527,97.09102357533492,97.045,97.05397788037222,96.98139586071814,97.08804793704722,97.05904474739168,97.1031516152544,97.055,96.98139586071814,97.09102357533492,0.1096277146167779,0.0011296003566901,SCYB,HYG,2025-02-26,False,4192.0,3766.0,2725.0,2673.0,1249.0,1030.0,4196,0,0,0,-1250,0,SPHY,HYG,0.0370456949626998,0.0003817176193992,1,True,False,False,1,SCYB,HYG,0,3766,0,0,-1249,0,99864.8,0.0,0.0,0.0,-99937.5,0.0,199802.3,-72.69999999999709,-4196,3766,0,0,1,0,0,3766,0,0,1,0,4196,0,0,0,0,0,-20.98,-18.830000000000002,-0.0,-0.0,-0.005,-0.0,-39.815000000000005,167.83999999999622,0.0,0.0,0.0,-137.49999999999926,0.0,30.339999999996962,-9.475000000003043,-21.01500000001748
23.79,26.47,36.62,37.33,79.91,96.85,-0.0500000000000007,-0.0500000000000007,-0.0700000000000002,-0.0700000000000002,-0.1500000000000056,-0.2000000000000028,4.0710382513661205,3.658859085757461,2.644729655925724,2.594428073935173,1.211988487047929,1.0,4.070577585259484,3.656716689391563,2.645732928290557,2.594745871414505,1.212617434367236,1.0,4.07034500042227,3.656446441785457,2.64578184735321,2.594756371203001,1.2127103466509868,1.0,96.8335075600458,96.78613731406104,96.88853125007456,96.86225533700804,96.90768380088036,96.85,0.0203517250021113,0.0182822322089272,0.013228909236766,0.012973781856015,0.0060635517332549,0.005,96.81315583504367,96.7678550818521,96.8753023408378,96.84928155515202,96.9016202491471,96.845,96.85385928504792,96.80441954626995,96.90176015931134,96.87522911886406,96.9137473526136,96.855,96.80441954626995,96.9016202491471,0.0972007028771315,0.0010036210932073,SCYB,HYG,2025-02-27,False,4205.0,3777.0,2733.0,2680.0,1253.0,1033.0,0,3766,0,0,-1249,0,SCYB,HYG,0.0972007028771457,0.0010036210932074,1,True,False,False,1,SCYB,HYG,0,3777,0,0,-1253,0,0.0,99874.31999999999,0.0,0.0,-99994.94,0.0,199869.26,-120.6200000000099,0,11,0,0,-4,0,0,11,0,0,0,0,0,0,0,0,4,0,-0.0,-0.055,-0.0,-0.0,-0.02,-0.0,-0.075,-0.0,-188.30000000000263,-0.0,-0.0,187.350000000007,-0.0,-0.9499999999956401,-1.02499999999564,-22.04000000001312
23.84,26.54,36.72,37.45,80.13,97.12,0.0500000000000007,0.0700000000000002,0.1000000000000014,0.1200000000000045,0.2199999999999988,0.2700000000000102,4.073825503355705,3.6593820648078377,2.6448801742919392,2.593324432576769,1.2120304505179085,1.0,4.070785855811239,3.656911574765388,2.645599104627322,2.5945861224944817,1.212515401560132,1.0,4.070577585259484,3.656716689391563,2.645732928290557,2.594745871414505,1.212617434367236,1.0,97.0425696325861,97.04926093645209,97.15131312682928,97.17323288447324,97.16703501584662,97.12,0.0203528879262974,0.0182835834469578,0.0132286646414527,0.0129737293570725,0.0060630871718361,0.005,97.0222167446598,97.03097735300511,97.1380844621878,97.16025915511617,97.16097192867478,97.115,97.0629225205124,97.06754451989904,97.16454179147073,97.18620661383032,97.17309810301846,97.125,97.0629225205124,97.16097192867478,0.0980494081623959,0.0010095696886572,SPHY,HYG,2025-02-28,False,4193.0,3766.0,2725.0,2673.0,1249.0,1030.0,0,3777,0,0,-1253,0,SCYB,HYG,0.0934274087757387,0.0009619790854174,1,True,False,False,1,SPHY,HYG,4193,0,0,0,-1249,0,0.0,99977.19,0.0,0.0,-100127.23,0.0,200104.41999999998,-150.0399999999936,4193,-3777,0,0,4,0,4193,0,0,0,4,0,0,3777,0,0,0,0,-20.965,-18.885,-0.0,-0.0,-0.02,-0.0,-39.870000000000005,0.0,264.3900000000008,0.0,0.0,-275.6599999999985,0.0,-11.269999999997708,-51.13999999999771,-73.18000000001084
23.66,26.34,36.46,37.15,79.59,96.38,-0.1799999999999997,-0.1999999999999993,-0.259999999999998,-0.3000000000000042,-0.539999999999992,-0.7400000000000091,4.073541842772612,3.659073652239939,2.643444871091607,2.5943472409152086,1.2109561502701345,1.0,4.0710146720878,3.657230300789994,2.6455132836657738,2.5945636078977103,1.2123758031529162,1.0,4.070785855811239,3.656911574765388,2.645599104627322,2.5945861224944817,1.212515401560132,1.0,96.31479334849392,96.32305087932032,96.45854335471216,96.38887445067,96.50410081017093,96.38,0.0203539292790561,0.0182845578738269,0.0132279955231366,0.0129729306124724,0.0060625770078006,0.005,96.29443941921484,96.3047663214465,96.44531535918902,96.37590152005752,96.49803823316311,96.375,96.33514727777296,96.34133543719416,96.4717713502353,96.40184738128248,96.51016338717872,96.385,96.33514727777296,96.49803823316311,0.1628909553901536,0.0016900908423962,SPHY,HYG,2025-03-03,True,4225.0,3796.0,2746.0,2693.0,1259.0,1038.0,4193,0,0,0,-1249,0,SPHY,HYG,0.1628909553901536,0.0016900908423962,1,True,False,False,1,SPHY,HYG,4225,0,0,0,-1259,0,99961.12,0.0,0.0,0.0,-100082.37,0.0,200043.49,-121.25,32,0,0,0,-10,0,32,0,0,0,0,0,0,0,0,0,10,0,-0.16,-0.0,-0.0,-0.0,-0.05,-0.0,-0.21000000000000002,-754.7399999999986,-0.0,-0.0,-0.0,674.45999999999,-0.0,-80.28000000000861,-80.4900000000086,-153.67000000001946
23.63,26.33,36.46,37.14,79.58,96.27,-0.0300000000000011,-0.0100000000000015,0.0,-0.009999999999998,-0.0100000000000051,-0.1099999999999994,4.0740584003385525,3.6562856057728825,2.64042786615469,2.592084006462035,1.209726061824579,1.0,4.071202132553689,3.657275467347181,2.645347606822201,2.594478199583836,1.212238841041016,1.0,4.0710146720878,3.657230300789994,2.6455132836657738,2.5945636078977103,1.2123758031529162,1.0,96.19807670143472,96.29487381980054,96.45541432245412,96.36209239732096,96.48086641490906,96.27,0.020355073360439,0.0182861515039499,0.0132275664183288,0.0129728180394885,0.0060618790157645,0.005,96.17772162807428,96.2765876682966,96.4421867560358,96.34911957928148,96.4748045358933,96.265,96.21843177479516,96.31315997130449,96.46864188887244,96.37506521536044,96.48692829392482,96.275,96.21843177479516,96.4748045358933,0.2563727610981487,0.0026630597392557,SPHY,HYG,2025-03-04,False,4230.0,3800.0,2749.0,2696.0,1260.0,1039.0,4225,0,0,0,-1259,0,SPHY,HYG,0.2563727610981345,0.0026630597392555,1,True,False,True,0,,,0,0,0,0,0,0,99963.5,0.0,0.0,0.0,-100203.81,0.0,200167.31,-240.30999999999767,-4225,0,0,0,1259,0,0,0,0,0,1259,0,4225,0,0,0,0,0,-21.125,-0.0,-0.0,-0.0,-6.295,-0.0,-27.42,-126.75000000000465,-0.0,0.0,-0.0,12.590000000006421,-0.0,-114.15999999999822,-141.57999999999822,-295.2500000000177
23.65,26.26,36.49,37.15,79.62,96.31,0.0199999999999995,-0.0699999999999967,0.0300000000000011,0.009999999999998,0.0400000000000062,0.0400000000000062,4.072304439746301,3.6675552170601673,2.639353247465059,2.592462987886945,1.2096206983170057,1.0,4.071312286973437,3.657838357183498,2.6450341821792587,2.594349060340595,1.212111147495038,1.0,4.071202132553689,3.657275467347181,2.645347606822201,2.594478199583836,1.212238841041016,1.0,96.28393043489474,96.04005377253698,96.52873417294214,96.38486511453948,96.5184565236857,96.31,0.0203560106627684,0.0182863773367359,0.013226738034111,0.0129723909979191,0.006061194205205,0.005,96.26357442423198,96.02176739520024,96.51550743490805,96.37189272354156,96.5123953294805,96.305,96.30428644555752,96.05834014987371,96.54196091097624,96.3978375055374,96.5245177178909,96.315,96.05834014987371,96.51550743490805,0.4571672850343162,0.0047468309109574,SCYB,HYLB,2025-03-05,False,4226.0,3796.0,2746.0,2693.0,1258.0,1038.0,0,0,0,0,0,0,,,0.0,0.0,0,True,False,False,1,SCYB,HYLB,0,3796,-2746,0,0,0,0.0,0.0,0.0,0.0,0.0,0.0,0.0,0.0,0,3796,-2746,0,0,0,0,3796,0,0,0,0,0,0,2746,0,0,0,-0.0,-18.98,-13.73,-0.0,-0.0,-0.0,-32.71,0.0,-0.0,0.0,0.0,0.0,0.0,0.0,-32.71,-327.96000000001766
23.56,26.24,36.33,37.01,79.32,95.97,-0.0899999999999998,-0.0200000000000031,-0.1600000000000037,-0.1400000000000005,-0.3000000000000113,-0.3400000000000034,4.073429541595925,3.657393292682927,2.641618497109827,2.5930829505539044,1.209909228441755,1.0,4.071445432124,3.65809275348809,2.64487646445128,2.5943199013733897,1.21199446641838,1.0,4.071312286973437,3.657838357183498,2.6450341821792587,2.594349060340595,1.212111147495038,1.0,95.92011748109417,95.98167849249498,96.09409183857248,96.01685872320542,96.1446562193064,95.97,0.0203565614348671,0.0182891917859174,0.0132251709108962,0.0129717453017029,0.0060605557374751,0.005,95.8997609196593,95.96338930070908,96.08086666766155,96.00388697790372,96.13859566356892,95.965,95.94047404252905,95.99996768428088,96.10731700948337,96.02983046850711,96.15071677504388,95.975,95.94047404252905,96.13859566356892,0.1981216210398884,0.0020644120145867,SPHY,HYG,2025-03-06,False,4242.0,3811.0,2756.0,2703.0,1263.0,1042.0,0,3796,-2746,0,0,0,SCYB,HYLB,0.0808989833806776,0.000842961168914,1,True,False,False,1,SPHY,HYG,4242,0,0,0,-1263,0,0.0,99682.96,-100201.54000000001,0.0,0.0,0.0,199884.5,-518.5800000000017,4242,-3796,2746,0,-1263,0,4242,0,2746,0,0,0,0,3796,0,0,1263,0,-21.21,-18.98,-13.73,-0.0,-6.315,-0.0,-60.235,-0.0,-75.92000000001177,439.36000000001013,-0.0,-0.0,-0.0,363.43999999999835,303.20499999999834,-24.755000000019322
23.61,26.27,36.41,37.09,79.45,96.11,0.0500000000000007,0.0300000000000011,0.0799999999999983,0.0800000000000054,0.1300000000000096,0.1400000000000005,4.070732740364252,3.658545869813476,2.639659434221368,2.591264491776759,1.209691629955947,1.0,4.071439260200838,3.6582170166757337,2.6445677694956817,2.5941170598154137,1.2118509072126598,1.0,4.071445432124,3.65809275348809,2.64487646445128,2.5943199013733897,1.21199446641838,1.0,96.12682665244762,96.09809663413212,96.2999520706711,96.22332514193904,96.29296035694028,96.11,0.02035722716062,0.0182904637674404,0.0132243823222564,0.0129715995068669,0.0060599723320918,0.005,96.106469425287,96.07980617036468,96.28672768834883,96.21035354243216,96.2869003846082,96.105,96.14718387960824,96.11638709789956,96.31317645299336,96.2362967414459,96.29902032927238,96.115,96.115,96.2869003846082,0.1719003846081932,0.0017885795922192,JNK,HYG,2025-03-07,False,4234.0,3804.0,2751.0,2698.0,1260.0,1040.0,4242,0,0,0,-1263,0,SPHY,HYG,0.1397165049999671,0.0014537145458325,1,True,False,False,1,JNK,HYG,0,0,0,0,-1260,1040,99941.51999999999,0.0,0.0,0.0,-100181.15999999999,0.0,200122.68,-239.63999999999942,-4242,0,0,0,3,1040,0,0,0,0,3,1040,4242,0,0,0,0,0,-21.21,-0.0,-0.0,-0.0,-0.015,-5.2,-26.425,212.10000000000295,0.0,0.0,0.0,-164.19000000001213,0.0,47.909999999990816,21.484999999990816,-3.2700000000285065
23.52,26.17,36.27,36.94,79.15,95.74,-0.0899999999999998,-0.0999999999999978,-0.1399999999999934,-0.1500000000000056,-0.2999999999999971,-0.3700000000000045,4.070578231292517,3.658387466564768,2.6396470912599943,2.5917704385489984,1.2096020214782055,1.0,4.071500941321489,3.65837907895194,2.644279645773909,2.5939671077606583,1.2116882861693676,1.0,4.071439260200838,3.6582170166757337,2.6445677694956817,2.5941170598154137,1.2118509072126598,1.0,95.7602513999237,95.73553932640397,95.91847299960838,95.82668418958136,95.91799930588202,95.74,0.0203571963010041,0.0182910850833786,0.0132228388474784,0.012970585299077,0.0060592545360632,0.005,95.7398942036227,95.71724824132058,95.9052501607609,95.8137136042823,95.91194005134597,95.735,95.78060859622472,95.75383041148731,95.93169583845588,95.83965477488044,95.92405856041808,95.745,95.745,95.91194005134597,0.1669400513459606,0.0017436813384788,JNK,HYG,2025-03-10,False,4251.0,3819.0,2761.0,2708.0,1265.0,1044.0,0,0,0,0,-1260,1040,JNK,HYG,0.1669400513459606,0.0017436813384788,1,True,False,False,1,JNK,HYG,0,0,0,0,-1265,1044,0.0,0.0,0.0,0.0,-100107.0,99954.4,200061.4,-152.60000000000582,0,0,0,0,-5,4,0,0,0,0,0,4,0,0,0,0,5,0,-0.0,-0.0,-0.0,-0.0,-0.025,-0.02,-0.045,-0.0,-0.0,-0.0,-0.0,377.99999999999636,-384.8000000000047,-6.8000000000083105,-6.84500000000831,-10.115000000036817
23.42,26.1,36.12,36.8,78.87,95.31,-0.0999999999999978,-0.0700000000000002,-0.1500000000000056,-0.1400000000000005,-0.2800000000000011,-0.4299999999999926,4.069598633646456,3.6517241379310335,2.638704318936877,2.5899456521739133,1.208444275389882,1.0,4.071392861184479,3.658206665158836,2.64393290889574,2.5936742934909907,1.2114514633396918,1.0,4.071500941321489,3.65837907895194,2.644279645773909,2.5939671077606583,1.2116882861693676,1.0,95.35455204574929,95.48369396064564,95.5113808053536,95.4579895655922,95.56585513017804,95.31,0.0203575047066074,0.0182918953947597,0.0132213982288695,0.0129698355388032,0.0060584414308468,0.005,95.33419454104266,95.46540206525088,95.49815940712476,95.44501973005342,95.55979668874718,95.305,95.37490955045588,95.5019858560404,95.52460220358248,95.470959401131,95.57191357160887,95.315,95.315,95.55979668874718,0.2447966887471864,0.0025684260701624,JNK,HYG,2025-03-11,False,4271.0,3838.0,2774.0,2721.0,1271.0,1049.0,0,0,0,0,-1265,1044,JNK,HYG,0.2447966887471864,0.0025684260701624,1,True,False,False,1,JNK,HYG,0,0,0,0,-1271,1049,0.0,0.0,0.0,0.0,-100124.75,99952.56,200077.31,-172.19000000000233,0,0,0,0,-6,5,0,0,0,0,0,5,0,0,0,0,6,0,-0.0,-0.0,-0.0,-0.0,-0.03,-0.025,-0.055,-0.0,-0.0,-0.0,-0.0,354.20000000000135,-448.9199999999923,-94.71999999999093,-94.77499999999094,-104.89000000002775
23.44,26.12,36.14,36.78,78.96,95.4,0.0199999999999995,0.0199999999999995,0.0200000000000031,-0.019999999999996,0.0899999999999892,0.0900000000000034,4.069965870307168,3.652373660030628,2.639734366353072,2.5938009787928222,1.2082066869300914,1.0,4.071363482540986,3.6579980236821887,2.6436434053572704,2.5936175069875933,1.2112490649232373,1.0,4.071392861184479,3.658206665158836,2.64393290889574,2.5936742934909907,1.2114514633396918,1.0,95.43344866616418,95.5523580939488,95.55173532749204,95.39534051459864,95.65620754530204,95.4,0.0203569643059223,0.0182910333257941,0.0132196645444787,0.0129683714674549,0.0060572573166984,0.005,95.41309170185826,95.53406706062302,95.53851566294756,95.3823721431312,95.65015028798535,95.395,95.4538056304701,95.5706491272746,95.56495499203652,95.4083088860661,95.66226480261876,95.405,95.405,95.65015028798535,0.2451502879853535,0.0025697095176661,JNK,HYG,2025-03-12,False,4267.0,3834.0,2771.0,2718.0,1270.0,1048.0,0,0,0,0,-1271,1049,JNK,HYG,0.2451502879853535,0.0025697095176661,1,True,False,False,1,JNK,HYG,0,0,0,0,-1270,1048,0.0,0.0,0.0,0.0,-100243.77,99980.19,200223.96000000002,-263.58000000000175,0,0,0,0,1,-1,0,0,0,0,1,0,0,0,0,0,0,1,-0.0,-0.0,-0.0,-0.0,-0.005,-0.005,-0.01,0.0,0.0,0.0,-0.0,-114.38999999998627,94.41000000000356,-19.97999999998271,-19.98999999998271,-124.88000000001047
23.32,25.98,35.96,36.63,78.52,94.86,-0.120000000000001,-0.1400000000000005,-0.1799999999999997,-0.1499999999999985,-0.4399999999999977,-0.5400000000000063,4.067753001715266,3.651270207852194,2.6379310344827585,2.5896805896805897,1.208099847172695,1.0,4.071258329917181,3.657943752919784,2.643275235012063,2.5934064474268306,1.2110500981342236,1.0,4.071363482540986,3.6579980236821887,2.6436434053572704,2.5936175069875933,1.2112490649232373,1.0,94.9441964128558,95.03478865526328,95.06541685664745,95.00420928095556,95.10727657777258,94.86,0.0203568174127049,0.0182899901184109,0.0132182170267863,0.0129680875349379,0.0060562453246161,0.005,94.92383959544308,95.01649866514488,95.05219863962066,94.9912411934206,95.10122033244797,94.855,94.96455323026848,95.05307864538167,95.07863507367423,95.0171773684905,95.1133328230972,94.865,94.865,95.10122033244797,0.2362203324479708,0.0024901995830483,JNK,HYG,2025-03-13,False,4291.0,3856.0,2786.0,2734.0,1277.0,1054.0,0,0,0,0,-1270,1048,JNK,HYG,0.2362203324479708,0.0024901995830483,1,True,False,False,1,JNK,HYG,0,0,0,0,-1277,1054,0.0,0.0,0.0,0.0,-100279.2,99979.20000000001,200258.40000000002,-299.99999999998545,0,0,0,0,-7,6,0,0,0,0,0,6,0,0,0,0,7,0,-0.0,-0.0,-0.0,-0.0,-0.035,-0.03,-0.065,-0.0,-0.0,-0.0,-0.0,558.7999999999971,-565.9200000000066,-7.1200000000094406,-7.185000000009441,-132.06500000001992
23.43,26.08,36.14,36.81,78.88,95.33,0.1099999999999994,0.0999999999999978,0.1799999999999997,0.1799999999999997,0.3599999999999994,0.4699999999999988,4.068715322236449,3.655291411042945,2.637797454344217,2.589785384406411,1.2085446247464504,1.0,4.071238554520365,3.657760237075569,2.6428911351265345,2.593215351350348,1.210877354475098,1.0,4.071258329917181,3.657943752919784,2.643275235012063,2.5934064474268306,1.2110500981342236,1.0,95.38958266995957,95.39917307614796,95.52796699333597,95.46329132978164,95.52763174082756,95.33,0.0203562916495859,0.0182897187645989,0.0132163761750603,0.0129670322371341,0.0060552504906711,0.005,95.36922637830996,95.38088335738335,95.5147506171609,95.45032429754453,95.52157649033688,95.325,95.40993896160914,95.41746279491257,95.54118336951105,95.47625836201875,95.53368699131823,95.335,95.335,95.52157649033688,0.1865764903368898,0.0019571644848095,JNK,HYG,2025-03-14,False,4271.0,3837.0,2773.0,2720.0,1270.0,1049.0,0,0,0,0,-1277,1054,JNK,HYG,0.1865764903368898,0.0019571644848095,1,True,False,False,1,JNK,HYG,0,0,0,0,-1270,1049,0.0,0.0,0.0,0.0,-100270.04,99982.44,200252.47999999998,-287.59999999999127,0,0,0,0,7,-5,0,0,0,0,7,0,0,0,0,0,0,5,-0.0,-0.0,-0.0,-0.0,-0.035,-0.025,-0.060000000000000005,0.0,0.0,0.0,0.0,-459.71999999999923,495.37999999999874,35.65999999999951,35.59999999999951,-96.46500000002041
23.47,26.17,36.24,36.88,79.07,95.58,0.0399999999999991,0.0900000000000034,0.1000000000000014,0.0700000000000002,0.1899999999999977,0.25,4.072432893054964,3.65227359572029,2.637417218543046,2.591648590021692,1.2088023270519794,1.0,4.0713233570678495,3.6576139924759503,2.642432403937618,2.5930607974912605,1.210710650366313,1.0,4.071238554520365,3.657760237075569,2.6428911351265345,2.593215351350348,1.210877354475098,1.0,95.55196887459296,95.72358540426764,95.7783747369856,95.63778215780084,95.744072418346,95.58,0.0203561927726018,0.0182888011853778,0.0132144556756326,0.0129660767567517,0.0060543867723754,0.005,95.53161268182036,95.70529660308227,95.76516028130996,95.62481608104407,95.73801803157365,95.575,95.57232506736555,95.74187420545304,95.79158919266123,95.65074823455758,95.75012680511838,95.585,95.57232506736555,95.76516028130996,0.19283521394442,0.0020175268251142,SPHY,HYLB,2025-03-17,False,4259.0,3826.0,2764.0,2713.0,1267.0,1046.0,0,0,0,0,-1270,1049,JNK,HYG,0.1530180315736515,0.0016009419499231,1,True,False,False,1,SPHY,HYLB,4259,0,-2764,0,0,0,0.0,0.0,0.0,0.0,-100177.59999999999,100001.17,200178.77,-176.42999999999302,4259,0,-2764,0,1270,-1049,4259,0,0,0,1270,0,0,0,2764,0,0,1049,-21.295,-0.0,-13.82,-0.0,-6.3500000000000005,-5.245,-46.71,0.0,0.0,0.0,0.0,-241.29999999999708,262.25,20.950000000002916,-25.759999999997085,-122.2250000000175
23.44,26.12,36.19,36.81,78.93,95.41,-0.0299999999999975,-0.0500000000000007,-0.0500000000000042,-0.0700000000000002,-0.1399999999999863,-0.1700000000000017,4.070392491467577,3.652756508422665,2.636363636363636,2.591958706873132,1.2087926010388952,1.0,4.071346772711153,3.657328682721014,2.64193067340302,2.5929674576671315,1.2105278685723548,1.0,4.0713233570678495,3.6576139924759503,2.642432403937618,2.5930607974912605,1.210710650366313,1.0,95.4318194896704,95.53687748347184,95.6296286985024,95.4505679556533,95.5613916334131,95.41,0.0203566167853392,0.0182880699623797,0.013212162019688,0.0129653039874563,0.0060535532518315,0.005,95.41146287288508,95.51858941350945,95.6164165364827,95.43760265166584,95.55533808016126,95.405,95.45217610645574,95.5551655534342,95.64284086052209,95.46353325964076,95.56744518666493,95.415,95.415,95.6164165364827,0.2014165364827107,0.0021110631640573,JNK,HYLB,2025-03-18,False,4267.0,3833.0,2769.0,2718.0,1269.0,1048.0,4259,0,-2764,0,0,0,SPHY,HYLB,0.1642404300269646,0.0017214173569538,1,True,False,False,1,JNK,HYLB,0,0,-2769,0,0,1048,99958.73,0.0,-100167.36,0.0,0.0,0.0,200126.09,-208.63000000000466,-4259,0,-5,0,0,1048,0,0,0,0,0,1048,4259,0,5,0,0,0,-21.295,-0.0,-0.025,-0.0,-0.0,-5.24,-26.560000000000002,-127.76999999998935,-0.0,138.2000000000116,-0.0,-0.0,-0.0,10.430000000022261,-16.12999999997774,-138.35499999999524
23.58,26.27,36.38,37.05,79.45,95.98,0.139999999999997,0.1499999999999985,0.1900000000000048,0.2399999999999948,0.519999999999996,0.5700000000000074,4.070398642917727,3.6535972592310624,2.6382627817482134,2.5905533063427804,1.208055380742605,1.0,4.071287757488618,3.656933952725354,2.641559270766764,2.5927313011914634,1.2103036783618362,1.0,4.071346772711153,3.657328682721014,2.64193067340302,2.5929674576671315,1.2105278685723548,1.0,96.00235690052898,96.07802449508104,96.11343789840188,96.06944430656722,96.1764391580736,95.98,0.0203567338635557,0.018286643413605,0.0132096533670151,0.0129648372883356,0.0060526393428617,0.005,95.98200016666544,96.05973785166744,96.10022824503486,96.05647946927888,96.17038651873072,95.975,96.02271363439252,96.09631113849464,96.12664755176888,96.08240914385556,96.18249179741646,95.985,95.985,96.17038651873072,0.1853865187307235,0.0019315119684384,JNK,HYG,2025-03-19,False,4242.0,3811.0,2753.0,2702.0,1261.0,1042.0,0,0,-2769,0,0,1048,JNK,HYLB,0.1152282450348565,0.0012005443325156,1,True,False,False,1,JNK,HYG,0,0,0,0,-1261,1042,0.0,0.0,-100210.11,0.0,0.0,99989.68,200199.78999999998,-220.43000000000757,0,0,2769,0,-1261,-6,0,0,2769,0,0,0,0,0,0,0,1261,6,-0.0,-0.0,-13.845,-0.0,-6.305,-0.03,-20.18,0.0,0.0,-526.1100000000133,0.0,0.0,597.3600000000077,71.24999999999443,51.06999999999443,-87.28500000000082
23.54,26.22,36.33,36.99,79.34,95.86,-0.0399999999999991,-0.0500000000000007,-0.0500000000000042,-0.0599999999999951,-0.1099999999999994,-0.1200000000000045,4.072217502124044,3.655987795575896,2.6385906963941648,2.5915112192484453,1.2082177968237962,1.0,4.071343731458934,3.656734098933801,2.641144713682752,2.5925535770908663,1.2100817361228255,1.0,4.071287757488618,3.656933952725354,2.641559270766764,2.5927313011914634,1.2103036783618362,1.0,95.83811381128208,95.88480824045878,95.96784830695653,95.90513083107224,96.02549384122808,95.86,0.020356438787443,0.0182846697636267,0.0132077963538338,0.0129636565059573,0.0060515183918091,0.005,95.81775737249464,95.86652357069516,95.95464051060269,95.89216717456628,96.01944232283628,95.855,95.85847025006952,95.9030929102224,95.98105610331037,95.9180944875782,96.0315453596199,95.865,95.85847025006952,96.01944232283628,0.1609720727667536,0.0016792413182427,SPHY,HYG,2025-03-20,False,4246.0,3814.0,2755.0,2704.0,1262.0,1043.0,0,0,0,0,-1261,1042,JNK,HYG,0.1544423228362887,0.0016111237516825,1,True,False,False,1,SPHY,HYG,4246,0,0,0,-1262,0,0.0,0.0,0.0,0.0,-100186.45,100011.16,200197.61,-175.2899999999936,4246,0,0,0,-1,-1042,4246,0,0,0,0,0,0,0,0,0,1,1042,-21.23,-0.0,-0.0,-0.0,-0.005,-5.21,-26.445,-0.0,-0.0,-0.0,-0.0,138.70999999999924,-125.0400000000047,13.669999999994545,-12.775000000005456,-100.06000000000628
23.51,26.25,36.31,36.97,79.22,95.76,-0.0299999999999975,0.0300000000000011,-0.019999999999996,-0.0200000000000031,-0.1200000000000045,-0.0999999999999943,4.0731603572947686,3.648,2.637290002754062,2.5902082769813366,1.2087856601868217,1.0,4.0714844788940185,3.656192031535088,2.64067560658956,2.592289615436307,1.2098618854221856,1.0,4.071343731458934,3.656734098933801,2.641144713682752,2.5925535770908663,1.2100817361228255,1.0,95.71729112659956,95.98927009701228,95.89996455382074,95.84670574504932,95.86267513565024,95.76,0.0203567186572946,0.018283670494669,0.0132057235684137,0.0129627678854543,0.0060504086806141,0.005,95.69693440794224,95.9709864265176,95.88675883025232,95.83374297716388,95.85662472696964,95.755,95.73764784525684,96.00755376750692,95.91317027738916,95.85966851293476,95.86872554433084,95.765,95.73764784525684,95.9709864265176,0.2333385812607531,0.0024367019764071,SPHY,SCYB,2025-03-21,False,4250.0,3818.0,2757.0,2707.0,1263.0,1044.0,4246,0,0,0,-1262,0,SPHY,HYG,0.1189768817127969,0.0012424486394402,1,True,False,False,1,SPHY,SCYB,4250,-3818,0,0,0,0,99950.84,0.0,0.0,0.0,-100127.08,0.0,200077.91999999998,-176.24000000000524,4,-3818,0,0,1262,0,4,0,0,0,1262,0,0,3818,0,0,0,0,-0.02,-19.09,-0.0,-0.0,-6.3100000000000005,-0.0,-25.42,-127.3799999999894,0.0,-0.0,-0.0,151.44000000000568,-0.0,24.060000000016288,-1.3599999999837138,-101.41999999999
23.6,26.31,36.44,37.11,79.45,96.13,0.0899999999999998,0.0599999999999987,0.1299999999999954,0.1400000000000005,0.2300000000000039,0.3699999999999903,4.073305084745762,3.653743823641201,2.638035126234907,2.590406898410132,1.2099433606041534,1.0,4.071614379595953,3.6559745328533046,2.6403016517415674,2.5920889303138948,1.2097195550197912,1.0,4.0714844788940185,3.656192031535088,2.64067560658956,2.592289615436307,1.2098618854221856,1.0,96.08703370189885,96.19441234968816,96.22621910412356,96.19986762884136,96.12352679679265,96.13,0.02035742239447,0.0182809601576754,0.0132033780329477,0.0129614480771815,0.0060493094271109,0.005,96.06667627950438,96.17613138953048,96.21301572609062,96.18690618076415,96.11747748736552,96.125,96.10739112429331,96.21269330984585,96.2394224821565,96.21282907691852,96.12957610621976,96.135,96.10739112429331,96.21301572609062,0.1056246017973023,0.0010987683532435,SPHY,HYLB,2025-03-24,False,4234.0,3802.0,2746.0,2696.0,1258.0,1040.0,4250,-3818,0,0,0,0,SPHY,SCYB,0.0687402652371673,0.0007150760973386,1,True,False,False,1,SPHY,HYLB,4234,0,-2746,0,0,0,99917.5,-100222.5,0.0,0.0,0.0,0.0,200140.0,-305.0,-16,3818,-2746,0,0,0,0,3818,0,0,0,0,16,0,2746,0,0,0,-0.08,-19.09,-13.73,-0.0,-0.0,-0.0,-32.9,382.49999999999915,-229.07999999999504,0.0,0.0,0.0,0.0,153.4200000000041,120.5200000000041,19.100000000014106
23.59,26.26,36.38,37.05,79.41,96.03,-0.0100000000000015,-0.0499999999999971,-0.0599999999999951,-0.0600000000000022,-0.0400000000000062,-0.0999999999999943,4.0707927087749045,3.6568926123381567,2.639637163276525,2.5919028340080974,1.2092935398564413,1.0,4.071456536043102,3.6559447764464488,2.639932977554861,2.59195434228457,1.2095463333259342,1.0,4.071614379595953,3.6559745328533046,2.6403016517415674,2.5920889303138948,1.2097195550197912,1.0,96.04938321466854,96.0058912327278,96.05417409035825,96.0368948681298,96.06382986412162,96.03,0.0203580718979797,0.0182798726642665,0.0132015082587078,0.0129604446515694,0.0060485977750989,0.005,96.02902514277056,95.98761136006353,96.04097258209951,96.02393442347822,96.05778126634652,96.025,96.06974128656653,96.02417110539206,96.06737559861692,96.04985531278136,96.06987846189672,96.035,96.02417110539206,96.05778126634652,0.0336101609544527,0.0003499964693788,SCYB,HYG,2025-03-25,False,4239.0,3806.0,2749.0,2698.0,1259.0,1041.0,4234,0,-2746,0,0,0,SPHY,HYLB,-0.0287687044670121,-0.000299580385994,1,True,False,False,1,SCYB,HYG,0,3806,0,0,-1259,0,99922.40000000001,0.0,-100064.23999999999,0.0,0.0,0.0,199986.64,-141.83999999998196,-4234,3806,2746,0,-1259,0,0,3806,2746,0,0,0,4234,0,0,0,1259,0,-21.17,-19.03,-13.73,-0.0,-6.295,-0.0,-60.22500000000001,-42.340000000006356,-0.0,164.75999999998655,-0.0,-0.0,-0.0,122.41999999998019,62.19499999998018,81.29499999999429
23.49,26.17,36.25,36.91,79.09,95.57,-0.1000000000000014,-0.0899999999999998,-0.1300000000000025,-0.1400000000000005,-0.3199999999999932,-0.4600000000000079,4.068539804171988,3.65189147879251,2.636413793103448,2.589271200216744,1.2083702111518522,1.0,4.071339063164453,3.655564237263902,2.6394969215027566,2.591671912990594,1.2093540519774564,1.0,4.071456536043102,3.6559447764464488,2.639932977554861,2.59195434228457,1.2095463333259342,1.0,95.63851403165246,95.67607479960355,95.69757043636372,95.66903477372348,95.66301950274814,95.57,0.0203572826802155,0.0182797238822322,0.0131996648877743,0.0129597717114228,0.0060477316666296,0.005,95.61815674897224,95.65779507572134,95.68437077147595,95.65607500201205,95.65697177108152,95.565,95.65887131433269,95.6943545234858,95.71077010125153,95.68199454543488,95.66906723441475,95.575,95.575,95.68437077147595,0.1093707714759659,0.0011444048495967,JNK,HYLB,2025-03-26,False,4259.0,3824.0,2761.0,2711.0,1265.0,1046.0,0,3806,0,0,-1259,0,SCYB,HYG,-0.0373827524042837,-0.0003911557225518,1,True,False,False,1,JNK,HYLB,0,0,-2761,0,0,1046,0.0,99945.56000000001,0.0,0.0,-99977.19,0.0,199922.75,-31.629999999990105,0,-3806,-2761,0,1259,1046,0,0,0,0,1259,1046,0,3806,2761,0,0,0,-0.0,-19.03,-13.805,-0.0,-6.295,-5.23,-44.36,-0.0,-342.5399999999992,-0.0,-0.0,402.8799999999914,-0.0,60.33999999999219,15.979999999992188,97.27499999998648
23.43,26.1,36.17,36.83,78.94,95.39,-0.0599999999999987,-0.0700000000000002,-0.0799999999999983,-0.0799999999999983,-0.1500000000000056,-0.1799999999999926,4.071276141698677,3.654789272030651,2.6372684545203207,2.5900081455335324,1.208386116037497,1.0,4.071350957681081,3.655360746577562,2.639123861432487,2.5914509165705124,1.209173933426935,1.0,4.071339063164453,3.655564237263902,2.6394969215027566,2.591671912990594,1.2093540519774564,1.0,95.39147424994314,95.41022659258785,95.47060365075473,95.45127655544356,95.4664088631004,95.39,0.0203566953158222,0.0182778211863195,0.0131974846075137,0.0129583595649529,0.0060467702598872,0.005,95.37111755462732,95.39194877140152,95.4574061661472,95.43831819587862,95.46036209284053,95.385,95.41183094525896,95.42850441377416,95.48380113536224,95.46423491500852,95.47245563336028,95.395,95.395,95.46036209284053,0.065362092840516,0.0006852090663645,JNK,HYG,2025-03-27,False,4267.0,3831.0,2766.0,2716.0,1267.0,1048.0,0,0,-2761,0,0,1046,JNK,HYLB,0.0624061661471984,0.0006542212616332,1,True,False,False,1,JNK,HYG,0,0,0,0,-1267,1048,0.0,0.0,-100086.25,0.0,0.0,99966.21999999999,200052.46999999997,-120.03000000001339,0,0,2761,0,-1267,2,0,0,2761,0,0,2,0,0,0,0,1267,0,-0.0,-0.0,-13.805,-0.0,-6.335,-0.01,-20.150000000000002,-0.0,-0.0,220.87999999999528,-0.0,-0.0,-188.27999999999227,32.60000000000301,12.450000000003005,109.72499999998948
23.41,26.1,36.1,36.77,78.8,95.21,-0.0199999999999995,0.0,-0.0700000000000002,-0.0599999999999951,-0.1400000000000005,-0.1800000000000068,4.067065356685177,3.647892720306513,2.6373961218836564,2.589339135164536,1.208248730964467,1.0,4.071012950347554,3.654786279352495,2.638749658812072,2.5912516516999005,1.2089848474492628,1.0,4.071350957681081,3.655360746577562,2.639123861432487,2.5914509165705124,1.209173933426935,1.0,95.31032591931412,95.40491548567437,95.27237139771276,95.28765020229775,95.28290595404246,95.21,0.0203567547884054,0.0182768037328878,0.0131956193071624,0.0129572545828525,0.0060458696671346,0.005,95.2899691645257,95.38663868194148,95.2591757784056,95.2746929477149,95.27686008437531,95.205,95.33068267410252,95.42319228940724,95.28556701701994,95.3006074568806,95.2889518237096,95.215,95.215,95.38663868194148,0.1716386819414879,0.0018027379680862,JNK,SCYB,2025-03-28,False,4275.0,3838.0,2771.0,2721.0,1270.0,1050.0,0,0,0,0,-1267,1048,JNK,HYG,0.0618600843753114,0.0006497225540942,1,True,False,False,1,JNK,SCYB,0,-3838,0,0,0,1050,0.0,0.0,0.0,0.0,-100016.98,99968.72,199985.7,-48.25999999999476,0,-3838,0,0,1267,2,0,0,0,0,1267,2,0,3838,0,0,0,0,-0.0,-19.19,-0.0,-0.0,-6.335,-0.01,-25.535000000000004,-0.0,0.0,-0.0,-0.0,177.38000000000065,-188.64000000000712,-11.260000000006471,-36.795000000006475,72.92999999998301
23.42,26.11,36.15,36.81,78.89,95.3,0.0100000000000015,0.009999999999998,0.0499999999999971,0.0399999999999991,0.0900000000000034,0.0900000000000034,4.069171648163962,3.64994255074684,2.636237897648686,2.588970388481391,1.208011154772468,1.0,4.070794440617122,3.65432972427784,2.6383893101399267,2.59098280907821,1.2088375976743797,1.0,4.071012950347554,3.654786279352495,2.638749658812072,2.5912516516999005,1.2089848474492628,1.0,95.34312329713973,95.42646975389364,95.3908001660564,95.38397329907336,95.37681461527237,95.3,0.0203550647517377,0.0182739313967624,0.0131937482940603,0.0129562582584995,0.0060449242372463,0.005,95.322768232388,95.40819582249688,95.37760641776237,95.37101704081483,95.37076969103512,95.295,95.36347836189148,95.4447436852904,95.40399391435048,95.39692955733184,95.3828595395096,95.305,95.305,95.40819582249688,0.103195822496886,0.0010828522822338,JNK,SCYB,2025-03-31,False,4270.0,3834.0,2768.0,2718.0,1268.0,1049.0,0,-3838,0,0,0,1050,JNK,SCYB,0.1031958224968718,0.0010828522822337,1,True,False,False,1,JNK,SCYB,0,-3834,0,0,0,1049,0.0,-100171.8,0.0,0.0,0.0,99970.5,200142.3,-201.3000000000029,0,4,0,0,0,-1,0,4,0,0,0,0,0,0,0,0,0,1,-0.0,-0.02,-0.0,-0.0,-0.0,-0.005,-0.025,0.0,-38.37999999999232,0.0,0.0,0.0,94.50000000000357,56.120000000011245,56.09500000001125,129.02499999999426
23.32,25.99,36.05,36.67,78.69,95.02,-0.1000000000000014,-0.120000000000001,-0.1000000000000014,-0.1400000000000005,-0.2000000000000028,-0.2800000000000011,4.074614065180103,3.65602154674875,2.6357836338418865,2.5912189800927186,1.2075231922734782,1.0,4.070822223859199,3.6543165213266335,2.638157098524286,2.590939557759744,1.2087274541968245,1.0,4.070794440617122,3.65432972427784,2.6383893101399267,2.59098280907821,1.2088375976743797,1.0,94.93092635519127,94.97602953398106,95.11393463054436,95.01133960889796,95.12343056099692,95.02,0.0203539722030856,0.0182716486213892,0.0131919465506996,0.012954914045391,0.0060441879883718,0.005,94.9105723829882,94.95775788535968,95.10074268399364,94.99838469485258,95.11738637300856,95.015,94.95128032739436,94.99430118260246,95.12712657709504,95.02429452294336,95.12947474898527,95.025,94.95128032739436,95.11738637300856,0.1661060456141996,0.0017481166661144,SPHY,HYG,2025-04-01,True,4282.0,3844.0,2776.0,2726.0,1272.0,1052.0,0,-3834,0,0,0,1049,JNK,SCYB,-0.0672421146403223,-0.0007076627514241,1,True,False,False,1,SPHY,HYG,4282,0,0,0,-1272,0,0.0,-100105.73999999999,0.0,0.0,0.0,99969.7,200075.44,-136.0399999999936,4282,3834,0,0,-1272,-1049,4282,3834,0,0,0,0,0,0,0,0,1272,1049,-21.41,-19.17,-0.0,-0.0,-6.36,-5.245,-52.184999999999995,-0.0,460.0800000000038,-0.0,-0.0,-0.0,-293.7200000000011,166.36000000000269,114.17500000000268,243.19999999999695
23.35,26.05,36.12,36.74,78.85,95.2,0.0300000000000011,0.0600000000000022,0.0700000000000002,0.0700000000000002,0.1599999999999966,0.1800000000000068,4.077087794432548,3.654510556621881,2.6356589147286824,2.5911812738160043,1.2073557387444516,1.0,4.071061391593512,3.6536642883047192,2.637972381887468,2.590875472056197,1.2086142062181966,1.0,4.070822223859199,3.6543165213266335,2.638157098524286,2.590939557759744,1.2087274541968245,1.0,95.05369892711232,95.1949453805588,95.2902343986972,95.191119352093,95.30815976341958,95.2,0.0203541111192959,0.0182715826066331,0.0131907854926214,0.0129546977887987,0.0060436372709841,0.005,95.03334481599302,95.17667379795218,95.27704361320458,95.1781646543042,95.3021161261486,95.195,95.0740530382316,95.21321696316544,95.30342518418983,95.2040740498818,95.31420340069056,95.205,95.0740530382316,95.3021161261486,0.2280630879170075,0.0023956206713971,SPHY,HYG,2025-04-02,False,4274.0,3837.0,2770.0,2720.0,1269.0,1050.0,4282,0,0,0,-1272,0,SPHY,HYG,0.2280630879170075,0.0023956206713971,1,True,False,True,0,,,0,0,0,0,0,0,99856.24,0.0,0.0,0.0,-100093.68,0.0,199949.91999999998,-237.43999999998778,-4282,0,0,0,1272,0,0,0,0,0,1272,0,4282,0,0,0,0,0,-21.41,-0.0,-0.0,-0.0,-6.36,-0.0,-27.77,128.4600000000047,0.0,0.0,0.0,-203.51999999999566,0.0,-75.05999999999096,-102.82999999999096,140.37000000000597
23.05,25.76,35.68,36.29,77.87,93.9,-0.3000000000000007,-0.2899999999999991,-0.4399999999999977,-0.4500000000000028,-0.9799999999999898,-1.2999999999999972,4.073752711496747,3.645186335403727,2.6317264573991035,2.587489666574814,1.2058559137023244,1.0,4.071077550088552,3.653053940440759,2.637477779901931,2.5905958078572424,1.2084115404812252,1.0,4.071061391593512,3.6536642883047192,2.637972381887468,2.590875472056197,1.2086142062181966,1.0,93.83796507623045,94.11839206672956,94.12285458574485,94.02287088091938,94.11478823821098,93.9,0.0203553069579675,0.0182683214415235,0.0131898619094373,0.0129543773602809,0.0060430710310909,0.005,93.81760976927248,94.10012374528804,94.1096647238354,94.0099165035591,94.10874516717988,93.895,93.8583203831884,94.1366603881711,94.13604444765429,94.03582525827969,94.12083130924206,93.905,93.8583203831884,94.1096647238354,0.2513443406469946,0.0026767235425665,SPHY,HYLB,2025-04-03,False,4336.0,3891.0,2809.0,2759.0,1287.0,1065.0,0,0,0,0,0,0,,,0.0,0.0,0,True,False,False,1,SPHY,HYLB,4336,0,-2809,0,0,0,0.0,0.0,0.0,0.0,0.0,0.0,0.0,0.0,4336,0,-2809,0,0,0,4336,0,0,0,0,0,0,0,2809,0,0,0,-21.68,-0.0,-14.045,-0.0,-0.0,-0.0,-35.725,-0.0,-0.0,-0.0,-0.0,-0.0,-0.0,0.0,-35.725,104.64500000000598
22.67,25.28,35.17,35.69,76.76,92.45,-0.379999999999999,-0.4800000000000004,-0.509999999999998,-0.6000000000000014,-1.1099999999999994,-1.4500000000000028,4.078076753418615,3.657041139240506,2.628660790446403,2.5903614457831328,1.2044033350703491,1.0,4.071444750741271,3.6529787039121104,2.636927847713183,2.590550655557561,1.2081471257369452,1.0,4.071077550088552,3.653053940440759,2.637477779901931,2.5905958078572424,1.2084115404812252,1.0,92.29132806050748,92.3492036143424,92.76009351915091,92.45836438242496,92.75766984733886,92.45,0.0203553877504427,0.0182652697022037,0.0131873888995096,0.0129529790392862,0.0060420577024061,0.005,92.27097267275704,92.3309383446402,92.74690613025142,92.44541140338568,92.75162778963646,92.445,92.31168344825792,92.36746888404458,92.77328090805044,92.47131736146426,92.76371190504126,92.455,92.31168344825792,92.75162778963646,0.4399443413785349,0.0047587273269717,SPHY,HYG,2025-04-04,False,4405.0,3953.0,2854.0,2803.0,1308.0,1082.0,4336,0,-2809,0,0,0,SPHY,HYLB,0.4352226819934941,0.0047076547538506,1,True,False,False,1,SPHY,HYG,4405,0,0,0,-1308,0,99944.8,0.0,-100225.12,0.0,0.0,0.0,200169.91999999998,-280.31999999999243,69,0,2809,0,-1308,0,69,0,2809,0,0,0,0,0,0,0,1308,0,-0.34500000000000003,-0.0,-14.045,-0.0,-6.54,-0.0,-20.93,-1647.6799999999957,-0.0,1432.5899999999945,-0.0,-0.0,-0.0,-215.09000000000128,-236.0200000000013,-131.3749999999953
22.54,25.07,34.85,35.4,76.1,91.61,-0.1300000000000025,-0.2100000000000008,-0.3200000000000003,-0.2899999999999991,-0.6600000000000108,-0.8400000000000034,4.06433007985803,3.6541683286796967,2.6286944045911045,2.5878531073446327,1.2038107752956635,1.0,4.0711323431695465,3.652767747017857,2.6363802133797387,2.5903547889973426,1.207857563427818,1.0,4.071444750741271,3.6529787039121104,2.636927847713183,2.590550655557561,1.2081471257369452,1.0,91.77036468170824,91.5801761070766,91.89693549280442,91.70549320673769,91.93999626858152,91.61,0.0203572237537063,0.0182648935195605,0.0131846392385659,0.0129527532777878,0.0060407356286847,0.005,91.75000745795452,91.56191121355704,91.88375085356586,91.69254045345988,91.93395553295284,91.605,91.79072190546194,91.59844100059615,91.91012013204298,91.71844596001546,91.9460370042102,91.615,91.59844100059615,91.93395553295284,0.3355145323566688,0.0036624225778481,SCYB,HYG,2025-04-07,False,4446.0,3989.0,2880.0,2829.0,1319.0,1092.0,4405,0,0,0,-1308,0,SPHY,HYG,0.1432336274909005,0.0015635152002063,1,True,False,False,1,SCYB,HYG,0,3989,0,0,-1319,0,99861.35,0.0,0.0,0.0,-100402.08,0.0,200263.43,-540.7299999999959,-4405,3989,0,0,-11,0,0,3989,0,0,0,0,4405,0,0,0,11,0,-22.025000000000002,-19.945,-0.0,-0.0,-0.055,-0.0,-42.025,-572.650000000011,-0.0,-0.0,-0.0,863.2800000000141,-0.0,290.63000000000306,248.60500000000306,117.23000000000775
22.4,24.95,34.72,35.3,75.75,91.23,-0.1400000000000005,-0.120000000000001,-0.1300000000000025,-0.1000000000000014,-0.3499999999999943,-0.3799999999999954,4.072767857142858,3.656513026052104,2.627592165898618,2.584419263456091,1.2043564356435643,1.0,4.071290804344367,3.653007191423911,2.6358246057278256,2.590078469561452,1.207653171440502,1.0,4.0711323431695465,3.652767747017857,2.6363802133797387,2.5903547889973426,1.207857563427818,1.0,91.19336448699784,91.13655528809554,91.53512100854452,91.43952405160618,91.49521042965722,91.23,0.0203556617158477,0.0182638387350892,0.0131819010668986,0.0129517739449867,0.006039287817139,0.005,91.17300882528198,91.11829144936044,91.52193910747762,91.4265722776612,91.48917114184007,91.225,91.21372014871368,91.15481912683065,91.54830290961142,91.45247582555118,91.50124971747437,91.235,91.15481912683065,91.52193910747762,0.36711998064699,0.0040241146623587,SCYB,HYLB,2025-04-08,False,4462.0,4003.0,2889.0,2839.0,1324.0,1096.0,0,3989,0,0,-1319,0,SCYB,HYG,0.3343520150094292,0.0036649349447487,1,True,False,False,1,SCYB,HYLB,0,4003,-2889,0,0,0,0.0,100004.23,0.0,0.0,-100375.9,0.0,200380.13,-371.66999999999825,0,14,-2889,0,1319,0,0,14,0,0,1319,0,0,0,2889,0,0,0,-0.0,-0.07,-14.445,-0.0,-6.595,-0.0,-21.11,-0.0,-478.680000000004,-0.0,-0.0,461.6499999999925,-0.0,-17.030000000011512,-38.14000000001151,79.08999999999624
22.98,25.61,35.63,36.21,77.78,93.69,0.5800000000000018,0.6600000000000001,0.9100000000000036,0.9100000000000036,2.030000000000001,2.4599999999999937,4.077023498694516,3.658336587270597,2.6295256806062306,2.587406793703397,1.2045512985343276,1.0,4.071643685763735,3.65330533778591,2.635314171440484,2.5897587603069803,1.207470402020714,1.0,4.071290804344367,3.653007191423911,2.6358246057278256,2.590078469561452,1.207653171440502,1.0,93.55826268383356,93.55351417236636,93.91443070208244,93.78674138282015,93.93126367464224,93.69,0.0203564540217218,0.0182650359571195,0.0131791230286391,0.0129503923478072,0.0060382658572025,0.005,93.53790622981182,93.53524913640923,93.9012515790538,93.77379099047236,93.92522540878504,93.685,93.57861913785528,93.57177920832348,93.92760982511106,93.79969177516796,93.93730194049944,93.695,93.57177920832348,93.92522540878504,0.3534462004615761,0.0037725072095375,SCYB,HYG,2025-04-09,False,4344.0,3898.0,2812.0,2764.0,1289.0,1067.0,0,4003,-2889,0,0,0,SCYB,HYLB,0.3294723707303291,0.0035166225929163,1,True,False,False,1,SCYB,HYG,0,3898,0,0,-1289,0,0.0,99874.84999999999,-100306.08,0.0,0.0,0.0,200180.93,-431.2300000000105,0,-105,2889,0,-1289,0,0,0,2889,0,0,0,0,105,0,0,1289,0,-0.0,-0.525,-14.445,-0.0,-6.445,-0.0,-21.415,0.0,2641.9800000000005,-2628.9900000000102,0.0,0.0,0.0,12.989999999990232,-8.425000000009767,70.66499999998646
22.62,25.17,35.03,35.61,76.51,92.17,-0.3599999999999994,-0.4399999999999977,-0.6000000000000014,-0.6000000000000014,-1.269999999999996,-1.519999999999996,4.07471264367816,3.6618990862137455,2.631173280045675,2.588317888233642,1.204679126911515,1.0,4.071991667861878,3.653836781703987,2.634976283718629,2.589690625234633,1.207299366007655,1.0,4.071643685763735,3.65330533778591,2.635314171440484,2.5897587603069803,1.207470402020714,1.0,92.10058017197568,91.95369535207136,92.31505542556012,92.22130945453156,92.38356045860483,92.17,0.0203582184288186,0.0182665266889295,0.0131765708572024,0.0129487938015349,0.0060373520101035,0.005,92.08022195354684,91.93542882538244,92.30187885470292,92.20836066073002,92.37752310659477,92.165,92.1209383904045,91.9719618787603,92.32823199641732,92.2342582483331,92.38959781061494,92.175,91.9719618787603,92.37752310659477,0.405561227834454,0.0044001435156173,SCYB,HYG,2025-04-10,False,4418.0,3964.0,2859.0,2810.0,1310.0,1085.0,0,3898,0,0,-1289,0,SCYB,HYG,0.4055612278344682,0.0044001435156175,1,True,False,False,1,SCYB,HYG,0,3964,0,0,-1310,0,0.0,99827.78,0.0,0.0,-100258.42,0.0,200086.2,-430.6399999999994,0,66,0,0,-21,0,0,66,0,0,0,0,0,0,0,0,21,0,-0.0,-0.33,-0.0,-0.0,-0.105,-0.0,-0.435,-0.0,-1715.1199999999913,-0.0,-0.0,1637.029999999995,-0.0,-78.08999999999628,-78.52499999999628,-7.860000000009819
22.69,25.25,35.13,35.69,76.74,92.39,0.0700000000000002,0.0799999999999983,0.1000000000000014,0.0799999999999983,0.2299999999999897,0.2199999999999988,4.071837814014985,3.659009900990099,2.6299459151722173,2.588680302605772,1.2039353661714882,1.0,4.072147792450806,3.654022706201344,2.6345837067600293,2.589635371144601,1.2070689030789068,1.0,4.071991667861878,3.653836781703987,2.634976283718629,2.589690625234633,1.207299366007655,1.0,92.39349094378602,92.25937873802567,92.56671684703544,92.42605841462404,92.64815334742744,92.39,0.0203599583393093,0.0182691839085199,0.0131748814185931,0.0129484531261731,0.0060364968300382,0.005,92.3731309854467,92.24110955411716,92.55354196561686,92.41310996149788,92.6421168505974,92.385,92.41385090212532,92.2776479219342,92.57989172845404,92.43900686775022,92.65418984425747,92.395,92.2776479219342,92.6421168505974,0.3644689286632143,0.0039448958617081,SCYB,HYG,2025-04-11,False,4406.0,3953.0,2851.0,2802.0,1306.0,1082.0,0,3964,0,0,-1310,0,SCYB,HYG,0.3644689286632001,0.0039448958617079,1,True,False,False,1,SCYB,HYG,0,3953,0,0,-1306,0,0.0,99773.88,0.0,0.0,-100228.1,0.0,200001.98,-454.22000000000116,0,-11,0,0,4,0,0,0,0,0,4,0,0,11,0,0,0,0,-0.0,-0.055,-0.0,-0.0,-0.02,-0.0,-0.075,0.0,317.11999999999324,0.0,0.0,-301.29999999998654,0.0,15.8200000000067,15.745000000006701,7.884999999996882
22.8,25.42,35.32,35.89,77.12,92.93,0.1099999999999994,0.1700000000000017,0.1899999999999977,0.2000000000000028,0.3800000000000096,0.5400000000000063,4.075877192982456,3.655782848151062,2.631087202718007,2.589300640847033,1.2050051867219918,1.0,4.07232000744718,3.654198168822883,2.634267205968777,2.589517973685868,1.2068790460624077,1.0,4.072147792450806,3.654022706201344,2.6345837067600293,2.589635371144601,1.2070689030789068,1.0,92.84496966787836,92.88525719163816,93.05349652276423,92.94201347037972,93.08915380544528,92.93,0.020360738962254,0.0182701135310067,0.0131729185338001,0.012948176855723,0.0060353445153945,0.005,92.82460892891612,92.86698707810716,93.04032360423044,92.929065293524,93.0831184609299,92.925,92.86533040684064,92.90352730516918,93.06666944129805,92.95496164723546,93.09518914996067,92.935,92.86533040684064,93.0831184609299,0.2177880540892687,0.0023435710113985,SPHY,HYG,2025-04-14,False,4382.0,3932.0,2835.0,2786.0,1299.0,1076.0,0,3953,0,0,-1306,0,SCYB,HYG,0.1795911557607183,0.0019325422980815,1,True,False,False,1,SPHY,HYG,4382,0,0,0,-1299,0,0.0,99813.25,0.0,0.0,-100222.43999999999,0.0,200035.69,-409.1899999999878,4382,-3953,0,0,7,0,4382,0,0,0,7,0,0,3953,0,0,0,0,-21.91,-19.765,-0.0,-0.0,-0.035,-0.0,-41.709999999999994,0.0,672.0100000000067,0.0,0.0,-496.28000000001254,0.0,175.72999999999416,134.01999999999418,141.90499999999108
22.85,25.52,35.43,35.99,77.33,93.2,0.0500000000000007,0.0999999999999978,0.1099999999999994,0.1000000000000014,0.2099999999999937,0.269999999999996,4.078774617067833,3.6520376175548592,2.6305390911656787,2.5896082245068075,1.2052243631191,1.0,4.072739113727193,3.654162224279493,2.63397597870888,2.589400449567552,1.206700634166418,1.0,4.07232000744718,3.654198168822883,2.634267205968777,2.589517973685868,1.2068790460624077,1.0,93.05251217016809,93.25513726835996,93.33208710747378,93.19675187295438,93.32795663200596,93.2,0.0203616000372359,0.0182709908441144,0.0131713360298438,0.0129475898684293,0.006034395230312,0.005,93.03215057013084,93.23686627751586,93.31891577144394,93.18380428308596,93.32192223677563,93.195,93.0728737702053,93.27340825920407,93.34525844350362,93.2096994628228,93.33399102723628,93.205,93.0728737702053,93.32192223677563,0.2490484665703434,0.0026721938473212,SPHY,HYG,2025-04-15,False,4370.0,3921.0,2827.0,2779.0,1295.0,1073.0,4382,0,0,0,-1299,0,SPHY,HYG,0.2490484665703292,0.0026721938473211,1,True,False,False,1,SPHY,HYG,4370,0,0,0,-1295,0,99909.6,0.0,0.0,0.0,-100178.88,0.0,200088.48,-269.27999999999884,-12,0,0,0,4,0,0,0,0,0,4,0,12,0,0,0,0,0,-0.06,-0.0,-0.0,-0.0,-0.02,-0.0,-0.08,219.10000000000306,0.0,0.0,0.0,-272.7899999999918,0.0,-53.689999999988714,-53.76999999998871,88.13500000000236
22.84,25.49,35.43,36.02,77.32,93.12,-0.0100000000000015,-0.0300000000000011,0.0,0.0300000000000011,-0.0100000000000051,-0.0799999999999983,4.077057793345009,3.653197332287172,2.6282811176968672,2.585230427540256,1.2043455768235904,1.0,4.073072071248557,3.654142227932298,2.633476895506312,2.5891343056274256,1.2065151439704669,1.0,4.072739113727193,3.654162224279493,2.63397597870888,2.589400449567552,1.206700634166418,1.0,93.0213613575291,93.14459509688427,93.3217689256556,93.27020419342324,93.30209303374744,93.12,0.0203636955686359,0.0182708111213974,0.0131698798935443,0.0129470022478377,0.006033503170832,0.005,93.00099766196048,93.12632428576288,93.30859904576208,93.25725719117538,93.2960595305766,93.115,93.04172505309774,93.16286590800568,93.33493880554914,93.28315119567108,93.30812653691824,93.125,93.04172505309774,93.30859904576208,0.2668739926643297,0.002865914869677,SPHY,HYLB,2025-04-16,False,4374.0,3925.0,2829.0,2781.0,1296.0,1074.0,4370,0,0,0,-1295,0,SPHY,HYG,0.2543344774788636,0.0027312551275651,1,True,False,False,1,SPHY,HYLB,4374,0,-2829,0,0,0,99854.5,0.0,0.0,0.0,-100142.34999999999,0.0,199996.84999999998,-287.84999999999127,4,0,-2829,0,1295,0,4,0,0,0,1295,0,0,0,2829,0,0,0,-0.02,-0.0,-14.145,-0.0,-6.4750000000000005,-0.0,-20.64,-43.70000000000656,-0.0,0.0,0.0,12.950000000006606,-0.0,-30.749999999999957,-51.38999999999996,36.745000000002406
22.99,25.62,35.64,36.22,77.77,93.72,0.1499999999999985,0.1300000000000025,0.2100000000000008,0.1999999999999957,0.4500000000000028,0.5999999999999943,4.076555023923445,3.65807962529274,2.6296296296296298,2.587520706791828,1.2050919377652052,1.0,4.073288947338527,3.65424681941814,2.633028842168085,2.5889347800045948,1.2063588510175376,1.0,4.073072071248557,3.654142227932298,2.633476895506312,2.5891343056274256,1.2065151439704669,1.0,93.63992691800432,93.61912387962548,93.85711655584495,93.77844454982537,93.8306827465832,93.72,0.0203653603562427,0.0182707111396614,0.0131673844775315,0.0129456715281371,0.0060325757198523,0.005,93.61956155764808,93.6008531684858,93.84394917136744,93.7654988782972,93.82465017086336,93.715,93.66029227836056,93.63739459076514,93.8702839403225,93.7913902213535,93.83671532230306,93.725,93.63739459076514,93.84394917136744,0.206554580602301,0.0022039541250779,SCYB,HYLB,2025-04-17,False,4346.0,3899.0,2810.0,2763.0,1287.0,1067.0,4374,0,-2829,0,0,0,SPHY,HYLB,0.1836568930068836,0.0019596339416014,1,True,False,False,1,SCYB,HYLB,0,3899,-2810,0,0,0,99902.16,0.0,-100231.47,0.0,0.0,0.0,200133.63,-329.3099999999977,-4374,3899,19,0,0,0,0,3899,19,0,0,0,4374,0,0,0,0,0,-21.87,-19.495,-0.095,-0.0,-0.0,-0.0,-41.46,656.0999999999934,0.0,-594.0900000000023,0.0,0.0,0.0,62.00999999999112,20.549999999991122,57.29499999999353
22.85,25.51,35.43,36.02,77.31,93.15,-0.139999999999997,-0.1099999999999994,-0.2100000000000008,-0.1999999999999957,-0.4599999999999937,-0.5699999999999932,4.076586433260394,3.6515092120736967,2.6291278577476715,2.5860632981676845,1.2048894062863795,1.0,4.073460251136809,3.654422280021825,2.632620734917766,2.5887275310639124,1.2061640383225154,1.0,4.073288947338527,3.65424681941814,2.633028842168085,2.5889347800045948,1.2063588510175376,1.0,93.07465244668536,93.21983636335676,93.28821187801525,93.25343077576552,93.26360277216584,93.15,0.0203664447366926,0.0182712340970907,0.0131651442108404,0.0129446739000229,0.0060317942550876,0.005,93.05428600194868,93.20156512925968,93.2750467338044,93.24048610186549,93.25757097791076,93.145,93.09501889142206,93.23810759745383,93.30137702222608,93.26637544966552,93.26963456642092,93.155,93.09501889142206,93.2750467338044,0.1800278423823442,0.0019326660481196,SPHY,HYLB,2025-04-21,False,4375.0,3925.0,2828.0,2781.0,1296.0,1074.0,0,3899,-2810,0,0,0,SCYB,HYLB,0.0369391363505684,0.0003965554090238,1,True,False,False,1,SPHY,HYLB,4375,0,-2828,0,0,0,0.0,99892.38,-100148.40000000001,0.0,0.0,0.0,200040.78000000003,-256.0200000000041,4375,-3899,-18,0,0,0,4375,0,0,0,0,0,0,3899,18,0,0,0,-21.875,-19.495,-0.09,-0.0,-0.0,-0.0,-41.46000000000001,-0.0,-428.88999999999766,590.1000000000023,-0.0,-0.0,-0.0,161.21000000000464,119.75000000000463,177.04499999999817
22.95,25.58,35.56,36.14,77.61,93.5,0.0999999999999978,0.0699999999999967,0.1300000000000025,0.1199999999999974,0.2999999999999971,0.3499999999999943,4.074074074074074,3.655199374511337,2.629358830146232,2.5871610403984504,1.2047416570029637,1.0,4.073498700603224,3.654495057565332,2.632186920113332,2.588565238163328,1.205903953142456,1.0,4.073460251136809,3.654422280021825,2.632620734917766,2.5887275310639124,1.2061640383225154,1.0,93.48591276358977,93.48012192295828,93.61599333367576,93.5566129726498,93.61039101421042,93.5,0.020367301255684,0.0182721114001091,0.0131631036745888,0.0129436376553195,0.0060308201916125,0.005,93.46554546233408,93.46184981155815,93.60283023000116,93.54366933499448,93.6043601940188,93.495,93.50628006484546,93.49839403435838,93.62915643735036,93.56955661030511,93.61642183440205,93.505,93.49839403435838,93.6043601940188,0.1059661596604257,0.0011333279108066,SCYB,HYG,2025-04-22,False,4359.0,3910.0,2817.0,2770.0,1291.0,1070.0,4375,0,-2828,0,0,0,SPHY,HYLB,0.0965501651557048,0.0010326220872267,1,True,False,False,1,SCYB,HYG,0,3910,0,0,-1291,0,99968.75,0.0,-100196.04,0.0,0.0,0.0,200164.78999999998,-227.2899999999936,-4375,3910,2828,0,-1291,0,0,3910,2828,0,0,0,4375,0,0,0,1291,0,-21.875,-19.55,-14.14,-0.0,-6.455,-0.0,-62.019999999999996,437.4999999999904,0.0,-367.6400000000071,0.0,0.0,0.0,69.8599999999833,7.839999999983306,184.88499999998146
23.06,25.73,35.73,36.32,78.0,94.04,0.1099999999999994,0.1500000000000021,0.1699999999999946,0.1799999999999997,0.3900000000000005,0.5400000000000063,4.078057241977451,3.654877574815391,2.631961936747832,2.58920704845815,1.2056410256410257,1.0,4.073861927263351,3.6543943056891934,2.631803158786897,2.588430448885831,1.2057213274316851,1.0,4.073498700603224,3.654495057565332,2.632186920113332,2.588565238163328,1.205903953142456,1.0,93.93488003591034,94.030157831156,94.04803865564936,94.01668945009207,94.06050834511156,94.04,0.0203674935030161,0.0182724752878266,0.0131609346005666,0.0129428261908166,0.0060295197657122,0.005,93.91451254240732,94.01188535586816,94.0348777210488,94.00374662390124,94.05447882534584,94.035,93.95524752941336,94.04843030644383,94.06119959024991,94.0296322762829,94.06653786487728,94.045,93.95524752941336,94.05447882534584,0.0992312959324976,0.0010552030618087,SPHY,HYG,2025-04-23,False,4330.0,3885.0,2798.0,2752.0,1282.0,1063.0,0,3910,0,0,-1291,0,SCYB,HYG,0.0060485189020056,6.43185761591412e-05,1,True,False,False,1,SPHY,HYG,4330,0,0,0,-1282,0,0.0,100017.79999999999,0.0,0.0,-100194.51,0.0,200212.31,-176.7100000000064,4330,-3910,0,0,9,0,4330,0,0,0,9,0,0,3910,0,0,0,0,-21.650000000000002,-19.55,-0.0,-0.0,-0.045,-0.0,-41.245000000000005,0.0,586.5000000000082,0.0,0.0,-503.49000000000063,0.0,83.01000000000755,41.76500000000755,226.649999999989
23.26,25.92,36.05,36.67,78.7,94.85,0.2000000000000028,0.1900000000000012,0.3200000000000003,0.3500000000000014,0.7000000000000028,0.8099999999999881,4.077815993121238,3.6593364197530858,2.6310679611650487,2.5865830379056445,1.2052096569250317,1.0,4.074325736710813,3.654766552737223,2.6315358671899776,2.588296040770276,1.205563299720344,1.0,4.073861927263351,3.6543943056891934,2.631803158786897,2.588430448885831,1.2057213274316851,1.0,94.75802842814556,94.7219004034639,94.87650387426764,94.91774456064344,94.89026846887364,94.85,0.0203693096363167,0.0182719715284459,0.0131590157939344,0.0129421522444291,0.0060286066371584,0.005,94.73765911850924,94.70362843193546,94.8633448584737,94.904802408399,94.88423986223648,94.845,94.77839773778187,94.74017237499235,94.88966289006156,94.93068671288786,94.8962970755108,94.855,94.74017237499235,94.904802408399,0.1646300334066381,0.0017356882805127,SCYB,USHY,2025-04-24,False,4294.0,3852.0,2774.0,2728.0,1271.0,1054.0,4330,0,0,0,-1282,0,SPHY,HYG,0.105842124454611,0.001115889556717,1,True,False,False,1,SCYB,USHY,0,3852,0,-2728,0,0,99849.79999999999,0.0,0.0,0.0,-99996.0,0.0,199845.8,-146.20000000001164,-4330,3852,0,-2728,1282,0,0,3852,0,0,1282,0,4330,0,0,2728,0,0,-21.650000000000002,-19.26,-0.0,-13.64,-6.41,-0.0,-60.96000000000001,866.000000000012,0.0,0.0,0.0,-897.4000000000036,0.0,-31.399999999991564,-92.35999999999157,134.28999999999743
23.31,25.99,36.11,36.73,78.77,95.02,0.0499999999999971,0.0699999999999967,0.0600000000000022,0.0599999999999951,0.0699999999999931,0.1700000000000017,4.076362076362076,3.65602154674875,2.631404043201329,2.5869861148924587,1.2062968135076806,1.0,4.074580033443985,3.654828166473128,2.631242646624028,2.588144939238222,1.2054588345938533,1.0,4.074325736710813,3.654766552737223,2.6315358671899776,2.588296040770276,1.205563299720344,1.0,94.97253292272904,94.9873827056404,95.02476016423007,95.06811357749224,94.9622211189715,95.02,0.020371628683554,0.0182738327636861,0.0131576793359498,0.0129414802038513,0.0060278164986017,0.005,94.9521612940455,94.96910887287672,95.01160248489414,95.05517209728838,94.9561933024729,95.015,94.9929045514126,95.0056565384041,95.03791784356604,95.08105505769608,94.9682489354701,95.025,94.9682489354701,95.05517209728838,0.0869231618182766,0.0009147880637579,HYG,USHY,2025-04-25,False,4286.0,3845.0,2768.0,2723.0,1268.0,1052.0,0,3852,0,-2728,0,0,SCYB,USHY,0.0495155588842806,0.0005211067026339,1,True,False,False,1,HYG,USHY,0,0,0,-2723,1268,0,0.0,99843.84000000001,0.0,-100035.76000000001,0.0,0.0,199879.60000000003,-191.91999999999825,0,-3852,0,5,1268,0,0,0,0,5,1268,0,0,3852,0,0,0,0,-0.0,-19.26,-0.0,-0.025,-6.34,-0.0,-25.625,0.0,269.6399999999873,0.0,-163.67999999998662,0.0,0.0,105.96000000000069,80.33500000000069,214.62499999999812
23.3,26.01,36.12,36.71,78.81,95.03,-0.009999999999998,0.0200000000000031,0.009999999999998,-0.019999999999996,0.0400000000000062,0.0100000000000051,4.078540772532189,3.65359477124183,2.6309523809523814,2.5886679378915827,1.205811445248065,1.0,4.075153804236335,3.655113269019894,2.630920459577464,2.588111379374575,1.2053369703080332,1.0,4.074580033443985,3.654828166473128,2.631242646624028,2.588144939238222,1.2054588345938533,1.0,94.93771477924484,95.06208060996606,95.04048439605988,95.01080071943514,95.00221075434158,95.03,0.0203729001672199,0.0182741408323656,0.0131562132331201,0.0129407246961911,0.0060272941729692,0.005,94.91734187907764,95.0438064691337,95.02732818282676,94.99785999473896,94.9961834601686,95.025,94.95808767941206,95.08035475079842,95.053640609293,95.02374144413132,95.00823804851454,95.035,94.95808767941206,95.0438064691337,0.0857187897216391,0.0009020182018482,SPHY,SCYB,2025-04-28,False,4286.0,3845.0,2768.0,2723.0,1268.0,1052.0,0,0,0,-2723,1268,0,HYG,USHY,-0.0103780537755824,-0.0001092081845268,1,True,False,False,1,SPHY,SCYB,4286,-3845,0,0,0,0,0.0,0.0,0.0,-100015.79,99880.36,0.0,199896.15,-135.42999999999302,4286,-3845,0,2723,-1268,0,4286,0,0,2723,0,0,0,3845,0,0,1268,0,-21.43,-19.225,-0.0,-13.615,-6.34,-0.0,-60.61,-0.0,0.0,0.0,54.45999999998911,50.72000000000786,0.0,105.17999999999697,44.569999999996966,259.1949999999951
23.37,26.07,36.21,36.83,79.02,95.27,0.0700000000000002,0.0599999999999987,0.0900000000000034,0.1199999999999974,0.2099999999999937,0.2399999999999948,4.076593923833975,3.654392021480629,2.631041148853908,2.586749932120554,1.2056441407238674,1.0,4.075524918019836,3.655335742556583,2.630660622137725,2.588000356556533,1.2052186196056032,1.0,4.075153804236335,3.655113269019894,2.630920459577464,2.588111379374575,1.2053369703080332,1.0,95.23634440500317,95.28880292334864,95.26562984129998,95.3201421023656,95.24572739374078,95.27,0.0203757690211816,0.0182755663450994,0.0131546022978873,0.0129405568968728,0.0060266848515401,0.005,95.21596863598197,95.27052735700354,95.2524752390021,95.30720154546871,95.23970070888925,95.265,95.25672017402434,95.30707848969374,95.27878444359789,95.33308265926247,95.25175407859231,95.275,95.25175407859231,95.30720154546871,0.0554474668764015,0.0005820034310528,HYG,USHY,2025-04-29,False,4279.0,3838.0,2762.0,2718.0,1266.0,1050.0,4286,-3845,0,0,0,0,SPHY,SCYB,0.0138071829792068,0.0001449268707799,1,True,False,False,1,HYG,USHY,0,0,0,-2718,1266,0,99863.8,-100008.45000000001,0.0,0.0,0.0,0.0,199872.25,-144.65000000000873,-4286,3845,0,-2718,1266,0,0,3845,0,0,1266,0,4286,0,0,2718,0,0,-21.43,-19.225,-0.0,-13.59,-6.33,-0.0,-60.575,300.02000000000083,-230.69999999999501,0.0,0.0,0.0,0.0,69.32000000000582,8.745000000005817,267.9400000000009
23.25,25.97,36.03,36.6,78.6,94.71,-0.120000000000001,-0.1000000000000014,-0.1799999999999997,-0.2299999999999968,-0.4200000000000017,-0.5600000000000023,4.073548387096774,3.646900269541778,2.628642797668609,2.5877049180327867,1.2049618320610689,1.0,4.075471634115669,3.654879678696235,2.6303035803290618,2.587824653453536,1.2050905515949828,1.0,4.075524918019836,3.655335742556583,2.630660622137725,2.588000356556533,1.2052186196056032,1.0,94.75595434396118,94.92906923419446,94.78270221562224,94.72081304996912,94.7301835010004,94.71,0.0203776245900991,0.0182766787127829,0.0131533031106886,0.0129400017827826,0.006026093098028,0.005,94.73557671937108,94.91079255548168,94.76954891251157,94.70787304818631,94.72415740790235,94.705,94.77633196855128,94.94734591290724,94.79585551873292,94.73375305175188,94.73620959409844,94.715,94.715,94.91079255548168,0.1957925554816881,0.0020672849274806,JNK,SCYB,2025-04-30,False,4304.0,3860.0,2778.0,2733.0,1273.0,1056.0,0,0,0,-2718,1266,0,HYG,USHY,-0.0283365459121256,-0.0002991927559088,1,True,False,False,1,JNK,SCYB,0,-3860,0,0,0,1056,0.0,0.0,0.0,-100103.94,100039.31999999999,0.0,200143.26,-64.6200000000099,0,-3860,0,2718,-1266,1056,0,0,0,2718,0,1056,0,3860,0,0,1266,0,-0.0,-19.3,-0.0,-13.59,-6.33,-5.28,-44.5,-0.0,-0.0,-0.0,625.1399999999912,-531.7200000000022,-0.0,93.41999999998905,48.919999999989045,316.85999999998995
23.11,25.77,35.88,36.43,78.3,94.3,-0.1400000000000005,-0.1999999999999993,-0.1499999999999985,-0.1700000000000017,-0.2999999999999971,-0.4099999999999966,4.080484638684552,3.6592937524253006,2.628205128205128,2.5885259401592093,1.2043422733077906,1.0,4.0756414763282685,3.6551188384864055,2.629930891002884,2.5876918867706964,1.2049398783231495,1.0,4.075471634115669,3.654879678696235,2.6303035803290618,2.587824653453536,1.2050905515949828,1.0,94.1841494644131,94.18624932000198,94.37529246220674,94.27445212531232,94.35859018988717,94.3,0.0203773581705783,0.0182743983934811,0.0131515179016453,0.0129391232672676,0.0060254527579749,0.005,94.16377210624252,94.16797492160848,94.3621409443051,94.26151300204504,94.35256473712916,94.295,94.20452682258367,94.20452371839546,94.3884439801084,94.2873912485796,94.36461564264512,94.305,94.20452371839546,94.3621409443051,0.1576172259096324,0.0016714446013746,SCYB,HYLB,2025-05-01,True,4320.0,3874.0,2788.0,2743.0,1277.0,1060.0,0,-3860,0,0,0,1056,JNK,SCYB,-0.137025078391531,-0.0014530761229218,1,True,False,False,1,SCYB,HYLB,0,3874,-2788,0,0,0,0.0,-100244.2,0.0,0.0,0.0,100013.76,200257.96,-230.44000000000233,0,7734,-2788,0,0,-1056,0,7734,0,0,0,0,0,0,2788,0,0,1056,-0.0,-38.67,-13.94,-0.0,-0.0,-5.28,-57.89,-0.0,771.9999999999973,-0.0,-0.0,-0.0,-432.9599999999964,339.0400000000009,281.1500000000009,598.0099999999909
23.18,25.87,35.99,36.55,78.54,94.57,0.0700000000000002,0.1000000000000014,0.1099999999999994,0.1199999999999974,0.2400000000000091,0.269999999999996,4.079810181190681,3.6555856204097408,2.6276743539872185,2.5874145006839946,1.2040998217468803,1.0,4.075944349812966,3.655638802736706,2.629728285832289,2.5876881284761555,1.2048520737253774,1.0,4.0756414763282685,3.6551188384864055,2.629930891002884,2.5876918867706964,1.2049398783231495,1.0,94.47336942128926,94.55792435164332,94.65121276719378,94.58013846146896,94.6359780435002,94.57,0.0203782073816413,0.018275594192432,0.0131496544550144,0.0129384594338534,0.0060246993916157,0.005,94.45299121390762,94.53964875745088,94.63806311273876,94.5672000020351,94.62995334410856,94.565,94.4937476286709,94.57619994583574,94.6643624216488,94.5930769209028,94.6420027428918,94.575,94.4937476286709,94.63806311273876,0.1443154840678602,0.0015260175961495,SPHY,HYLB,2025-05-02,False,4308.0,3863.0,2780.0,2735.0,1274.0,1057.0,0,3874,-2788,0,0,0,SCYB,HYLB,0.0618631669030236,0.0006541521296713,1,True,False,True,0,,,0,0,0,0,0,0,0.0,99832.98,-100033.44,0.0,0.0,0.0,199866.41999999998,-200.4600000000064,0,-3874,2788,0,0,0,0,0,2788,0,0,0,0,3874,0,0,0,0,-0.0,-19.37,-13.94,-0.0,-0.0,-0.0,-33.31,0.0,387.4000000000054,-306.67999999999836,0.0,0.0,0.0,80.72000000000702,47.41000000000702,645.4199999999979
23.16,25.87,35.98,36.52,78.51,94.53,-0.0199999999999995,0.0,-0.0100000000000051,-0.029999999999994,-0.0300000000000011,-0.039999999999992,4.081606217616581,3.654039427908775,2.627292940522513,2.588444687842278,1.2040504394344669,1.0,4.076120823022864,3.65548871717012,2.629659893336095,2.5875922905791127,1.2048344289435833,1.0,4.075944349812966,3.655638802736706,2.629728285832289,2.5876881284761555,1.2048520737253774,1.0,94.3988711416683,94.5713758267986,94.61762372424576,94.5023704519492,94.5929363081794,94.53,0.0203797217490648,0.0182781940136835,0.0131486414291614,0.0129384406423807,0.0060242603686268,0.005,94.37849141991924,94.5530976327849,94.6044750828166,94.48943201130682,94.58691204781076,94.525,94.41925086341736,94.58965402081228,94.63077236567491,94.5153088925916,94.59896056854802,94.535,94.41925086341736,94.6044750828166,0.1852242193992452,0.0019594226108033,SPHY,HYLB,2025-05-05,False,4312.0,3868.0,2782.0,2738.0,1275.0,1058.0,0,0,0,0,0,0,,,0.0,0.0,0,True,False,False,1,SPHY,HYLB,4312,0,-2782,0,0,0,0.0,0.0,0.0,0.0,0.0,0.0,0.0,0.0,4312,0,-2782,0,0,0,4312,0,0,0,0,0,0,0,2782,0,0,0,-21.56,-0.0,-13.91,-0.0,-0.0,-0.0,-35.47,-0.0,0.0,-0.0,-0.0,-0.0,-0.0,0.0,-35.47,609.9499999999979
23.15,25.84,35.93,36.47,78.45,94.48,-0.0100000000000015,-0.0300000000000011,-0.0499999999999971,-0.0500000000000042,-0.0600000000000022,-0.0499999999999971,4.081209503239741,3.656346749226006,2.629557472863902,2.5906224293940228,1.2043339706819631,1.0,4.07696479419195,3.655597638197436,2.629703046749735,2.5877307566815824,1.2048605887128985,1.0,4.076120823022864,3.65548871717012,2.629659893336095,2.5875922905791127,1.2048344289435833,1.0,94.36219705297928,94.4578284516759,94.48367996756588,94.36949083742024,94.51926095062412,94.48,0.0203806041151143,0.0182774435858505,0.0131482994666804,0.0129379614528955,0.0060241721447179,0.005,94.34181644886417,94.43955100809004,94.4705316680992,94.35655287596734,94.5132367784794,94.475,94.3825776570944,94.47610589526174,94.49682826703256,94.38242879887312,94.52528512276884,94.485,94.38242879887312,94.5132367784794,0.1308079796062742,0.0013845044412179,USHY,HYG,2025-05-06,False,4313.0,3868.0,2782.0,2738.0,1275.0,1058.0,4312,0,-2782,0,0,0,SPHY,HYLB,0.0879540110047969,0.0009309272968331,1,True,False,False,1,USHY,HYG,0,0,0,2738,-1275,0,99865.92,0.0,-100096.35999999999,0.0,0.0,0.0,199962.27999999997,-230.43999999998778,-4312,0,2782,2738,-1275,0,0,0,2782,2738,0,0,4312,0,0,0,1275,0,-21.56,-0.0,-13.91,-13.69,-6.375,-0.0,-55.535,-43.12000000000647,-0.0,139.09999999999195,-0.0,-0.0,-0.0,95.97999999998548,40.444999999985484,650.3949999999834
23.17,25.85,35.96,36.53,78.52,94.5,0.0200000000000031,0.0100000000000015,0.0300000000000011,0.0600000000000022,0.0699999999999931,0.019999999999996,4.078549848942598,3.655705996131528,2.627919911012236,2.586914864494936,1.203515028018339,1.0,4.077253893781937,3.6555572867014057,2.629719434005416,2.5878555367335245,1.2048185183316371,1.0,4.07696479419195,3.655597638197436,2.629703046749735,2.5877307566815824,1.2048605887128985,1.0,94.46327428142747,94.49719894740372,94.56412156112049,94.5298045415782,94.60565342573676,94.5,0.0203848239709597,0.0182779881909871,0.0131485152337486,0.0129386537834079,0.0060243029435644,0.005,94.44288945745652,94.47892095921272,94.55097304588672,94.5168658877948,94.5996291227932,94.495,94.48365910539844,94.5154769355947,94.57727007635422,94.5427431953616,94.61167772868032,94.505,94.48365910539844,94.5996291227932,0.1159700173947584,0.0012271959512672,SPHY,HYG,2025-05-07,False,4313.0,3868.0,2782.0,2738.0,1275.0,1058.0,0,0,0,2738,-1275,0,USHY,HYG,0.0568859274316082,0.0006019674860487,1,True,False,False,1,SPHY,HYG,4313,0,0,0,-1275,0,0.0,0.0,0.0,99854.86,-100023.75,0.0,199878.61,-168.88999999999942,4313,0,0,-2738,0,0,4313,0,0,0,0,0,0,0,0,2738,0,0,-21.565,-0.0,-0.0,-13.69,-0.0,-0.0,-35.255,0.0,0.0,0.0,164.28000000000603,-89.2499999999912,0.0,75.03000000001482,39.77500000001482,690.1699999999983
23.16,25.82,35.98,36.51,78.5,94.53,-0.0100000000000015,-0.0300000000000011,0.019999999999996,-0.0200000000000031,-0.019999999999996,0.0300000000000011,4.081606217616581,3.661115414407436,2.627292940522513,2.589153656532457,1.2042038216560509,1.0,4.07748302972804,3.655696228058248,2.62960779700123,2.5879428798749773,1.2048011444877231,1.0,4.077253893781937,3.6555572867014057,2.629719434005416,2.5878555367335245,1.2048185183316371,1.0,94.42920017998966,94.3864891426303,94.61730523551483,94.48260564614098,94.57825368903352,94.53,0.0203862694689096,0.018277786433507,0.013148597170027,0.0129392776836676,0.0060240925916581,0.005,94.40881391052076,94.3682113561968,94.6041566383448,94.46966636845733,94.57222959644186,94.525,94.44958644945858,94.4047669290638,94.63045383268486,94.49554492382464,94.58427778162518,94.535,94.4047669290638,94.6041566383448,0.1993897092810073,0.0021092744026341,SCYB,HYLB,2025-05-08,False,4314.0,3868.0,2782.0,2738.0,1275.0,1058.0,4313,0,0,0,-1275,0,SPHY,HYG,0.1226431469832789,0.0012973992064241,1,True,False,False,1,SCYB,HYLB,0,3868,-2782,0,0,0,99932.21,0.0,0.0,0.0,-100113.0,0.0,200045.21000000002,-180.7899999999936,-4313,3868,-2782,0,1275,0,0,3868,0,0,1275,0,4313,0,2782,0,0,0,-21.565,-19.34,-13.91,-0.0,-6.375,-0.0,-61.19,-43.130000000006476,-0.0,0.0,-0.0,25.499999999994902,0.0,-17.630000000011574,-78.82000000001158,611.3499999999867
23.18,25.86,35.98,36.53,78.55,94.55,0.0199999999999995,0.0399999999999991,0.0,0.0200000000000031,0.0499999999999971,0.019999999999996,4.078947368421052,3.6562258313998455,2.6278488048916064,2.588283602518478,1.2036919159770847,1.0,4.077694765965184,3.655412565317553,2.6294415732435263,2.587941165589219,1.2047517839410016,1.0,4.07748302972804,3.655696228058248,2.62960779700123,2.5879428798749773,1.2048011444877231,1.0,94.51605662909596,94.5363044575863,94.61328853610424,94.53755340183292,94.63712989951064,94.55,0.0203874151486402,0.0182784811402912,0.0131480389850061,0.0129397143993748,0.0060240057224386,0.005,94.49566921394734,94.518025976446,94.60014049711924,94.52461368743354,94.63110589378822,94.545,94.5364440442446,94.55458293872658,94.62643657508926,94.5504931162323,94.64315390523308,94.555,94.5364440442446,94.63110589378822,0.0946618495436126,0.0010011829671455,SPHY,HYG,2025-05-09,False,4314.0,3868.0,2782.0,2738.0,1275.0,1058.0,0,3868,-2782,0,0,0,SCYB,HYLB,0.0455575583926588,0.0004818356255172,1,True,False,False,1,SPHY,HYG,4314,0,0,0,-1275,0,0.0,99871.76,-100096.35999999999,0.0,0.0,0.0,199968.12,-224.59999999999127,4314,-3868,2782,0,-1275,0,4314,0,2782,0,0,0,0,3868,0,0,1275,0,-21.57,-19.34,-13.91,-0.0,-6.375,-0.0,-61.19499999999999,0.0,154.7199999999965,-0.0,0.0,0.0,0.0,154.7199999999965,93.52499999999651,704.8749999999832
23.42,26.14,36.37,36.92,79.33,95.65,0.240000000000002,0.2800000000000011,0.3900000000000005,0.3900000000000005,0.7800000000000011,1.1000000000000083,4.084116140051238,3.659143075745984,2.62991476491614,2.590736728060672,1.2057229295348546,1.0,4.078308682266997,3.655419224055348,2.6294400157307223,2.588043986861964,1.20484116210917,1.0,4.077694765965184,3.655412565317553,2.6294415732435263,2.587941165589219,1.2047517839410016,1.0,95.4996114189046,95.55248445740084,95.63279001886704,95.54678783355398,95.57295902003963,95.65,0.0203884738298259,0.0182770628265877,0.0131472078662176,0.012939705827946,0.006023758919705,0.005,95.47922294507478,95.53420739457428,95.61964281100084,95.53384812772605,95.56693526111994,95.645,95.51999989273445,95.57076152022744,95.64593722673324,95.55972753938192,95.57898277895936,95.655,95.51999989273445,95.645,0.1250001072655777,0.0013068490043447,SPHY,JNK,2025-05-12,False,4261.0,3820.0,2748.0,2704.0,1259.0,1045.0,4314,0,0,0,-1275,0,SPHY,HYG,0.0469353683854905,0.000490699094464,1,True,False,False,1,SPHY,JNK,4261,0,0,0,0,-1045,99998.52,0.0,0.0,0.0,-100151.25,0.0,200149.77000000002,-152.72999999999593,-53,0,0,0,1275,-1045,0,0,0,0,1275,0,53,0,0,0,0,1045,-0.265,-0.0,-0.0,-0.0,-6.375,-5.2250000000000005,-11.865,1035.3600000000085,0.0,0.0,0.0,-994.5000000000015,0.0,40.86000000000706,28.99500000000706,733.8699999999902
23.46,26.17,36.41,36.98,79.47,95.8,0.0399999999999991,0.0300000000000011,0.0399999999999991,0.0599999999999951,0.1400000000000005,0.1499999999999914,4.083546462063086,3.660680168131448,2.631145289755562,2.590589507842077,1.205486347049201,1.0,4.078692145721028,3.655664090054367,2.6294429200826004,2.588108430211716,1.2048652201255303,1.0,4.078308682266997,3.655419224055348,2.6294400157307223,2.588043986861964,1.20484116210917,1.0,95.67712168598376,95.66232109352846,95.7379109727556,95.70586663415544,95.74872715281576,95.8,0.0203915434113349,0.0182770961202767,0.0131472000786536,0.0129402199343098,0.0060242058105458,0.005,95.65673014257244,95.6440439974082,95.72476377267694,95.69292641422112,95.7427029470052,95.795,95.6975132293951,95.68059818964872,95.75105817283423,95.71880685408972,95.7547513586263,95.805,95.68059818964872,95.795,0.1144018103512678,0.0011941733857126,SCYB,JNK,2025-05-13,False,4258.0,3816.0,2745.0,2702.0,1258.0,1044.0,4261,0,0,0,0,-1045,SPHY,JNK,0.0974867706049025,0.0010176072088194,1,True,False,False,1,SCYB,JNK,0,3816,0,0,0,-1044,99792.62000000001,0.0,0.0,0.0,0.0,-99954.25,199746.87,-161.6299999999901,-4261,3816,0,0,0,1,0,3816,0,0,0,1,4261,0,0,0,0,0,-21.305,-19.080000000000002,-0.0,-0.0,-0.0,-0.005,-40.39000000000001,170.43999999999616,0.0,0.0,0.0,0.0,-156.749999999991,13.69000000000517,-26.699999999994837,707.1699999999954
23.37,26.1,36.28,36.86,79.18,95.45,-0.0899999999999998,-0.0700000000000002,-0.1299999999999954,-0.1199999999999974,-0.289999999999992,-0.3499999999999943,4.084296106118956,3.657088122605364,2.6309261300992284,2.589527943570266,1.205481182116696,1.0,4.078968220173584,3.655916615306892,2.629462272029277,2.588104416164889,1.2048780610754102,1.0,4.078692145721028,3.655664090054367,2.6294429200826004,2.588108430211716,1.2048652201255303,1.0,95.31903544550045,95.412832750419,95.39618914059676,95.39767673760386,95.40122812953952,95.45,0.0203934607286051,0.0182783204502718,0.013147214600413,0.0129405421510585,0.0060243261006276,0.005,95.29864198477183,95.39455442996872,95.38304192599634,95.3847361954528,95.39520380343887,95.445,95.33942890622905,95.43111107086926,95.40933635519715,95.41061727975492,95.40725245564016,95.455,95.33942890622905,95.445,0.1055710937709761,0.0011060355554842,SPHY,JNK,2025-05-14,False,4274.0,3831.0,2756.0,2712.0,1263.0,1048.0,0,3816,0,0,0,-1044,SCYB,JNK,0.0138889291307293,0.0001455099961312,1,True,False,False,1,SPHY,JNK,4274,0,0,0,0,-1048,0.0,99864.72,0.0,0.0,0.0,-100015.2,199879.91999999998,-150.47999999999593,4274,-3816,0,0,0,-4,4274,0,0,0,0,0,0,3816,0,0,0,4,-21.37,-19.080000000000002,-0.0,-0.0,-0.0,-0.02,-40.470000000000006,-0.0,-267.12000000000074,-0.0,-0.0,-0.0,365.39999999999407,98.27999999999332,57.809999999993316,764.9799999999888
23.43,26.12,36.35,36.93,79.33,95.62,0.0599999999999987,0.0199999999999995,0.0700000000000002,0.0700000000000002,0.1499999999999914,0.1700000000000017,4.081092616303884,3.6607963246554367,2.6305364511691884,2.5892228540482,1.2053447623849742,1.0,4.079169961321528,3.656296564925305,2.6295750387028938,2.5883040374902864,1.2049280203534796,1.0,4.078968220173584,3.655916615306892,2.629462272029277,2.588104416164889,1.2048780610754102,1.0,95.57022539866708,95.492541991816,95.58095358826424,95.57869608896937,95.58297658511228,95.62,0.0203948411008679,0.0182795830765344,0.0131473113601463,0.0129405220808244,0.006024390305377,0.005,95.5498305575662,95.47426240873948,95.5678062769041,95.56575556688853,95.57695219480692,95.615,95.59062023976794,95.51082157489256,95.59410089962438,95.59163661105018,95.58900097541766,95.625,95.51082157489256,95.615,0.1041784251074631,0.0010895045503813,SCYB,JNK,2025-05-15,False,4267.0,3824.0,2750.0,2707.0,1260.0,1046.0,4274,0,0,0,0,-1048,SPHY,JNK,0.0243797602320512,0.0002549650724958,1,True,False,False,1,SCYB,JNK,0,3824,0,0,0,-1046,99883.38,0.0,0.0,0.0,0.0,-100031.6,199914.98,-148.22000000000116,-4274,3824,0,0,0,2,0,3824,0,0,0,2,4274,0,0,0,0,0,-21.37,-19.12,-0.0,-0.0,-0.0,-0.01,-40.5,256.4399999999944,0.0,0.0,0.0,0.0,-178.1600000000018,78.27999999999264,37.77999999999264,802.7599999999813
23.45,26.13,36.38,36.96,79.42,95.74,0.0199999999999995,0.009999999999998,0.0300000000000011,0.0300000000000011,0.0900000000000034,0.1199999999999903,4.08272921108742,3.663987753539992,2.631665750412314,2.590367965367965,1.205489801057668,1.0,4.079478670679727,3.656591971337668,2.629676844742028,2.588446400419093,1.2049479135181025,1.0,4.079169961321528,3.656296564925305,2.6295750387028938,2.5883040374902864,1.2049280203534796,1.0,95.6565355929898,95.5390292414982,95.66393990801129,95.66371722564098,95.69538337647334,95.74,0.0203958498066076,0.0182814828246265,0.0131478751935144,0.0129415201874514,0.0060246401017673,0.005,95.6361397431832,95.52074775867358,95.65079203281778,95.65077570545353,95.68935873637156,95.735,95.67693144279642,95.55731072432285,95.6770877832048,95.67665874582843,95.70140801657512,95.745,95.55731072432285,95.735,0.1776892756771531,0.0018559565038348,SCYB,JNK,2025-05-16,False,4259.0,3817.0,2745.0,2702.0,1258.0,1044.0,0,3824,0,0,0,-1046,SCYB,JNK,0.1776892756771531,0.0018559565038348,1,True,False,False,1,SCYB,JNK,0,3817,0,0,0,-1044,0.0,99882.88,0.0,0.0,0.0,-100018.52,199901.40000000002,-135.63999999999942,0,-7,0,0,0,2,0,0,0,0,0,2,0,7,0,0,0,0,-0.0,-0.035,-0.0,-0.0,-0.0,-0.01,-0.045000000000000005,0.0,38.23999999999235,0.0,0.0,0.0,-125.51999999998985,-87.2799999999975,-87.3249999999975,715.4349999999838
23.44,26.17,36.37,36.95,79.38,95.68,-0.009999999999998,0.0400000000000027,-0.0100000000000051,-0.009999999999998,-0.0400000000000062,-0.059999999999988,4.081911262798635,3.656094764998089,2.630739620566401,2.5894451962110963,1.2053413958175865,1.0,4.079744912156639,3.656821248983888,2.6297574328829643,2.588615495321264,1.2049705129946628,1.0,4.079478670679727,3.656591971337668,2.629676844742028,2.588446400419093,1.2049479135181025,1.0,95.6229800407328,95.69301188990676,95.64134684326756,95.6430944954855,95.64876537506696,95.68,0.0203973933533986,0.0182829598566883,0.0131483842237101,0.0129422320020954,0.0060247395675905,0.005,95.6025826473794,95.67472893005008,95.62819845904384,95.6301522634834,95.64274063549938,95.675,95.6433774340862,95.71129484976346,95.65449522749128,95.6560367274876,95.65479011463457,95.685,95.6433774340862,95.675,0.0316225659138211,0.0003305034062899,SPHY,JNK,2025-05-19,False,4263.0,3821.0,2748.0,2705.0,1259.0,1045.0,0,3817,0,0,0,-1044,SCYB,JNK,-0.0362948497634647,-0.000379335804384,1,True,False,False,1,SPHY,JNK,4263,0,0,0,0,-1045,0.0,99738.20999999999,0.0,0.0,0.0,-99952.56,199690.77,-214.35000000000582,4263,-3817,0,0,0,-1,4263,0,0,0,0,0,0,3817,0,0,0,1,-21.315,-19.085,-0.0,-0.0,-0.0,-0.005,-40.40500000000001,-0.0,152.6800000000103,-0.0,-0.0,-0.0,62.639999999987474,215.31999999999778,174.91499999999778,890.3499999999816
23.43,26.15,36.35,36.93,79.34,95.64,-0.0100000000000015,-0.0200000000000031,-0.019999999999996,-0.0200000000000031,-0.039999999999992,-0.0400000000000062,4.081946222791293,3.65736137667304,2.631086657496561,2.5897644191714053,1.205444920594908,1.0,4.0801385195925,3.656929349091973,2.629843824250481,2.588745664259912,1.20500567617426,1.0,4.079744912156639,3.656821248983888,2.6297574328829643,2.588615495321264,1.2049705129946628,1.0,95.58842329183004,95.62587566092866,95.59168268529577,95.59757024221427,95.60236050099655,95.64,0.0203987245607831,0.0182841062449194,0.0131487871644148,0.0129430774766063,0.0060248525649733,0.005,95.56802456726928,95.60759155468374,95.57853389813134,95.58462716473768,95.59633564843158,95.635,95.60882201639085,95.64415976717358,95.60483147246016,95.61051331969088,95.60838535356152,95.645,95.60483147246016,95.635,0.0301685275398426,0.000315438389166,HYLB,JNK,2025-05-20,False,4267.0,3825.0,2751.0,2708.0,1260.0,1046.0,4263,0,0,0,0,-1045,SPHY,JNK,0.0261779836091591,0.0002737137558464,1,True,False,False,1,HYLB,JNK,0,0,2751,0,0,-1046,99924.72,0.0,0.0,0.0,0.0,-99985.6,199910.32,-60.88000000000466,-4263,0,2751,0,0,-1,0,0,2751,0,0,0,4263,0,0,0,0,1,-21.315,-0.0,-13.755,-0.0,-0.0,-0.005,-35.075,-42.6300000000064,-0.0,-0.0,-0.0,-0.0,41.80000000000648,-0.8299999999999201,-35.90499999999992,854.4449999999816
23.29,25.96,36.12,36.68,78.81,95.0,-0.1400000000000005,-0.1899999999999977,-0.2300000000000039,-0.25,-0.5300000000000011,-0.6400000000000006,4.079003864319451,3.659476117103236,2.630121816168328,2.589967284623773,1.2054307828955717,1.0,4.0801858507096,3.657159276206365,2.629751818221506,2.588783676068193,1.2049951640369874,1.0,4.0801385195925,3.656929349091973,2.629843824250481,2.588745664259912,1.20500567617426,1.0,95.02642612130931,94.9338859024276,94.98995893192736,94.95519096505356,94.96649733929344,95.0,0.0204006925979625,0.0182846467454598,0.0131492191212524,0.0129437283212995,0.0060250283808713,0.005,95.00602542871135,94.91560125568216,94.97680971280612,94.94224723673224,94.96047231091256,94.995,95.04682681390727,94.95217054917306,95.0031081510486,94.96813469337484,94.97252236767432,95.005,94.95217054917306,95.00602542871135,0.0538548795383064,0.0005668934688242,SCYB,SPHY,2025-05-21,False,4296.0,3851.0,2769.0,2726.0,1269.0,1053.0,0,0,2751,0,0,-1046,HYLB,JNK,-0.0081081510485887,-8.534895840619739e-05,1,True,False,False,1,SCYB,SPHY,-4296,3851,0,0,0,0,0.0,0.0,99998.85,0.0,0.0,-100039.44,200038.29,-40.58999999999651,-4296,3851,-2751,0,0,1046,0,3851,0,0,0,1046,4296,0,2751,0,0,0,-21.48,-19.255,-13.755,-0.0,-0.0,-5.23,-59.72,-0.0,-0.0,-632.7300000000107,-0.0,-0.0,669.4400000000006,36.70999999998992,-23.01000000001008,831.4349999999715
23.33,26.02,36.18,36.76,78.97,95.16,0.0399999999999991,0.0599999999999987,0.0600000000000022,0.0799999999999983,0.1599999999999966,0.1599999999999966,4.0788684097728245,3.657186779400461,2.630182421227197,2.588683351468988,1.2050145624920856,1.0,4.080238471542179,3.657051794188734,2.629707541224613,2.58888869174636,1.20498540931534,1.0,4.0801858507096,3.657159276206365,2.629751818221506,2.588783676068193,1.2049951640369874,1.0,95.19073589705496,95.15928436688962,95.14442078325408,95.16368793226675,95.15846810400087,95.16,0.020400929253548,0.0182857963810318,0.0131487590911075,0.0129439183803409,0.0060249758201849,0.005,95.1703349678014,95.1409985705086,95.13127202416295,95.15074401388642,95.1524431281807,95.155,95.21113682630852,95.17757016327066,95.1575695423452,95.17663185064713,95.16449307982109,95.165,95.1575695423452,95.1703349678014,0.012765425456223,0.0001341469678039,HYLB,SPHY,2025-05-22,False,4288.0,3844.0,2764.0,2721.0,1266.0,1051.0,-4296,3851,0,0,0,0,SCYB,SPHY,-0.0072351954692635,-7.603189858410619e-05,1,False,True,False,0,,,0,0,0,0,0,0,-100053.84,99971.96,0.0,0.0,0.0,0.0,200025.8,-81.8799999999901,4296,-3851,0,0,0,0,4296,0,0,0,0,0,0,3851,0,0,0,0,-21.48,-19.255,-0.0,-0.0,-0.0,-0.0,-40.735,-171.83999999999614,231.059999999995,0.0,0.0,0.0,0.0,59.21999999999886,18.484999999998863,849.9199999999704
23.32,25.99,36.18,36.75,78.95,95.12,-0.009999999999998,-0.0300000000000011,0.0,-0.009999999999998,-0.019999999999996,-0.039999999999992,4.078902229845626,3.659869180454021,2.629076838032062,2.5882993197278914,1.2048131728942368,1.0,4.080365479216356,3.657244175873997,2.6295911809661496,2.588954351988132,1.204911227284668,1.0,4.080238471542179,3.657051794188734,2.629707541224613,2.58888869174636,1.20498540931534,1.0,95.1511611563636,95.04677613096518,95.1428188415065,95.14165942167874,95.1335980654461,95.12,0.0204011923577108,0.0182852589709436,0.013148537706123,0.0129444434587318,0.0060249270465767,0.005,95.1307599640059,95.02849087199424,95.12967030380037,95.12871497822,95.12757313839953,95.115,95.17156234872132,95.06506138993612,95.15596737921264,95.15460386513747,95.13962299249268,95.125,95.06506138993612,95.1307599640059,0.0656985740697706,0.0006906914851742,SCYB,SPHY,2025-05-23,False,4288.0,3844.0,2764.0,2721.0,1266.0,1051.0,0,0,0,0,0,0,,,0.0,0.0,0,True,False,False,1,SCYB,SPHY,-4288,3844,0,0,0,0,0.0,0.0,0.0,0.0,0.0,0.0,0.0,0.0,-4288,3844,0,0,0,0,0,3844,0,0,0,0,4288,0,0,0,0,0,-21.44,-19.22,-0.0,-0.0,-0.0,-0.0,-40.66,-0.0,-0.0,0.0,-0.0,-0.0,-0.0,0.0,-40.66,809.2599999999704
23.46,26.16,36.41,36.98,79.43,95.73,0.1400000000000005,0.1700000000000017,0.2299999999999968,0.2299999999999968,0.480000000000004,0.6099999999999994,4.080562659846548,3.659403669724771,2.629222741005219,2.58869659275284,1.2052121364723656,1.0,4.080466573582075,3.657534620798144,2.629504698968792,2.5889557847311946,1.2048812618458828,1.0,4.080365479216356,3.657244175873997,2.6295911809661496,2.588954351988132,1.204911227284668,1.0,95.72537414241572,95.67350764086376,95.7434148989775,95.73953193652108,95.7060987832212,95.73,0.0204018273960817,0.0182862208793699,0.0131479559048307,0.0129447717599406,0.0060245561364233,0.005,95.70497231501965,95.6552214199844,95.73026694307268,95.72658716476114,95.70007422708476,95.725,95.7457759698118,95.69179386174314,95.75656285488232,95.75247670828104,95.71212333935762,95.735,95.69179386174314,95.73026694307268,0.0384730813295419,0.0004018915839291,SCYB,HYLB,2025-05-27,False,4264.0,3822.0,2748.0,2705.0,1259.0,1045.0,-4288,3844,0,0,0,0,SCYB,SPHY,0.0131784532765095,0.0001376627313956,1,True,False,False,1,SCYB,HYLB,0,3822,-2748,0,0,0,-99996.16,99905.56,0.0,0.0,0.0,0.0,199901.72,-90.60000000000582,4288,-22,-2748,0,0,0,4288,0,0,0,0,0,0,22,2748,0,0,0,-21.44,-0.11,-13.74,-0.0,-0.0,-0.0,-35.29,-600.3200000000022,653.4800000000066,0.0,0.0,0.0,0.0,53.1600000000044,17.870000000004403,827.1299999999749
23.45,26.14,36.37,36.96,79.38,95.68,-0.0100000000000015,-0.0199999999999995,-0.0399999999999991,-0.019999999999996,-0.0500000000000113,-0.0499999999999971,4.080170575692964,3.660290742157613,2.630739620566401,2.588744588744589,1.2053413958175865,1.0,4.080645406175024,3.657829556831994,2.6294896225544164,2.589055517562396,1.204866124600569,1.0,4.080466573582075,3.657534620798144,2.629504698968792,2.5889557847311946,1.2048812618458828,1.0,95.68694115049964,95.60795498766348,95.63508590149496,95.68780580366496,95.64347456532616,95.68,0.0204023328679103,0.0182876731039907,0.0131475234948439,0.0129447789236559,0.0060244063092294,0.005,95.66653881763172,95.5896673145595,95.62193837800012,95.6748610247413,95.63745015901696,95.675,95.70734348336757,95.62624266076747,95.6482334249898,95.7007505825886,95.6494989716354,95.685,95.62624266076747,95.675,0.0487573392325373,0.0005095875755909,SCYB,JNK,2025-05-28,False,4264.0,3822.0,2748.0,2705.0,1259.0,1045.0,0,3822,-2748,0,0,0,SCYB,HYLB,-0.0043042827673502,-4.498623293635333e-05,1,True,False,False,1,SCYB,JNK,0,3822,0,0,0,-1045,0.0,99983.52,-100054.68,0.0,0.0,0.0,200038.2,-71.15999999998894,0,0,2748,0,0,-1045,0,0,2748,0,0,0,0,0,0,0,0,1045,-0.0,-0.0,-13.74,-0.0,-0.0,-5.2250000000000005,-18.965,-0.0,-76.4399999999981,109.91999999999753,-0.0,-0.0,-0.0,33.479999999999436,14.514999999999436,841.6449999999743
23.47,26.19,36.43,37.0,79.5,95.8,0.0199999999999995,0.0500000000000007,0.0600000000000022,0.0399999999999991,0.1200000000000045,0.1199999999999903,4.08180656156796,3.657884688812524,2.6297007960472136,2.589189189189189,1.2050314465408805,1.0,4.081058314898583,3.65837877779553,2.629542522473346,2.589129731120216,1.2048696053245591,1.0,4.080645406175024,3.657829556831994,2.6294896225544164,2.589055517562396,1.204866124600569,1.0,95.7727476829278,95.79855609342992,95.7923069496574,95.79505414980864,95.78685690574524,95.8,0.0204032270308751,0.0182891477841599,0.013147448112772,0.0129452775878119,0.0060243306230028,0.005,95.75234445589692,95.78026694564576,95.7791595015446,95.78210887222082,95.78083257512225,95.795,95.79315090995868,95.81684524121408,95.80545439777016,95.80799942739644,95.79288123636825,95.805,95.79288123636825,95.795,0.0021187636317563,2.211653060288453e-05,HYG,JNK,2025-05-29,False,4260.0,3819.0,2745.0,2703.0,1258.0,1044.0,0,3822,0,0,0,-1045,SCYB,JNK,-0.0218452412140806,-0.000228029657767,1,False,True,False,0,,,0,0,0,0,0,0,0.0,99907.08,0.0,0.0,0.0,-99985.6,199892.68,-78.52000000000407,0,-3822,0,0,0,1045,0,0,0,0,0,1045,0,3822,0,0,0,0,-0.0,-19.11,-0.0,-0.0,-0.0,-5.2250000000000005,-24.335,0.0,191.10000000000267,0.0,0.0,0.0,-125.39999999998986,65.7000000000128,41.365000000012806,883.0099999999871
23.5,26.18,36.46,37.03,79.57,95.91,0.0300000000000011,-0.0100000000000015,0.0300000000000011,0.0300000000000011,0.0699999999999931,0.1099999999999994,4.081276595744681,3.663483575248281,2.6305540318156884,2.590062111801242,1.2053537765489506,1.0,4.08109791275159,3.65858826893668,2.6296599676538746,2.5892065397023183,1.2049201804866174,1.0,4.081058314898583,3.65837877779553,2.629542522473346,2.589129731120216,1.2048696053245591,1.0,95.9048704001167,95.77635640268696,95.8731203693782,95.8754739433816,95.87147449567516,95.91,0.0204052915744929,0.0182918938889776,0.0131477126123667,0.012945648655601,0.0060243480266227,0.005,95.88446510854222,95.758064508798,95.85997265676583,95.862528294726,95.86545014764854,95.905,95.9252756916912,95.79464829657594,95.88626808199056,95.8884195920372,95.8774988437018,95.915,95.79464829657594,95.905,0.1103517034240582,0.001150575575269,SCYB,JNK,2025-05-30,False,4257.0,3816.0,2743.0,2700.0,1257.0,1043.0,0,0,0,0,0,0,,,0.0,0.0,0,True,False,False,1,SCYB,JNK,0,3816,0,0,0,-1043,0.0,0.0,0.0,0.0,0.0,0.0,0.0,0.0,0,3816,0,0,0,-1043,0,3816,0,0,0,0,0,0,0,0,0,1043,-0.0,-19.080000000000002,-0.0,-0.0,-0.0,-5.215,-24.295,0.0,-0.0,0.0,0.0,0.0,0.0,0.0,-24.295,858.7149999999872
23.35,26.01,36.26,36.82,79.18,95.37,-0.1499999999999985,-0.1699999999999981,-0.2000000000000028,-0.2100000000000008,-0.3899999999999863,-0.539999999999992,4.084368308351178,3.6666666666666665,2.630170987313845,2.590168386746333,1.204470825966153,1.0,4.081325819109615,3.6591423212495258,2.6297847993202064,2.589344234005435,1.2049387306975812,1.0,4.08109791275159,3.65858826893668,2.6296599676538746,2.5892065397023183,1.2049201804866174,1.0,95.29363626274964,95.15988087504306,95.35147042712948,95.33458479183936,95.40557989093035,95.37,0.0204054895637579,0.0182929413446834,0.0131482998382693,0.0129460326985115,0.006024600902433,0.005,95.27323077318589,95.14158793369836,95.33832212729122,95.32163875914084,95.39955529002792,95.365,95.3140417523134,95.17817381638774,95.36461872696776,95.34753082453788,95.4116044918328,95.375,95.17817381638774,95.39955529002792,0.2213814736401929,0.002321290485899,SCYB,HYG,2025-06-02,True,4281.0,3838.0,2759.0,2716.0,1264.0,1049.0,0,3816,0,0,0,-1043,SCYB,JNK,0.1868261836122542,0.0019589617658829,1,True,False,False,1,SCYB,HYG,0,3838,0,0,-1264,0,0.0,99902.88,0.0,0.0,0.0,-100034.12999999999,199937.01,-131.24999999998545,0,22,0,0,-1264,1043,0,22,0,0,0,1043,0,0,0,0,1264,0,-0.0,-0.11,-0.0,-0.0,-6.32,-5.215,-11.645,-0.0,-648.7199999999928,-0.0,-0.0,-0.0,563.2199999999917,-85.50000000000102,-97.14500000000102,761.5699999999862
23.4,26.1,36.32,36.88,79.33,95.59,0.0499999999999971,0.0899999999999998,0.0600000000000022,0.0600000000000022,0.1499999999999914,0.2199999999999988,4.085042735042736,3.6624521072796936,2.6318832599118944,2.591919739696312,1.204966595235094,1.0,4.081497644980923,3.659562955218072,2.630014315289675,2.5895179865981364,1.2049845384876126,1.0,4.081325819109615,3.6591423212495258,2.6297847993202064,2.589344234005435,1.2049387306975812,1.0,95.503024167165,95.50361458461263,95.5137839113099,95.49501535012044,95.58778950623912,95.59,0.020406629095548,0.0182957116062476,0.013148923996601,0.0129467211700271,0.0060246936534879,0.005,95.48261753806943,95.4853188730064,95.5006349873133,95.48206862895044,95.58176481258565,95.585,95.52343079626054,95.52191029621888,95.5269328353065,95.50796207129048,95.5938141998926,95.595,95.50796207129048,95.585,0.0770379287095295,0.0008059203756619,USHY,JNK,2025-06-03,False,4269.0,3827.0,2751.0,2708.0,1260.0,1046.0,0,3838,0,0,-1264,0,SCYB,HYG,0.0598545163667694,0.0006261587652136,1,True,False,True,0,,,0,0,0,0,0,0,0.0,99826.38,0.0,0.0,-100083.52,0.0,199909.90000000002,-257.1399999999994,0,-3838,0,0,1264,0,0,0,0,0,1264,0,0,3838,0,0,0,0,-0.0,-19.19,-0.0,-0.0,-6.32,-0.0,-25.51,0.0,345.4199999999992,0.0,0.0,-189.5999999999891,0.0,155.8200000000101,130.31000000001012,891.8799999999962
23.45,26.14,36.39,36.97,79.48,95.81,0.0500000000000007,0.0399999999999991,0.0700000000000002,0.0899999999999963,0.1500000000000056,0.2199999999999988,4.085714285714286,3.665263963274674,2.632866172025281,2.591560724912091,1.205460493205838,1.0,4.08172288410465,3.660008815920505,2.630179750247744,2.58956490137404,1.2050408646138062,1.0,4.081497644980923,3.659562955218072,2.630014315289675,2.5895179865981364,1.2049845384876126,1.0,95.71111977480264,95.6609756494004,95.70622093339126,95.7344799645331,95.77217111899544,95.81,0.0204074882249046,0.0182978147760903,0.0131500715764483,0.0129475899329906,0.006024922692438,0.005,95.69071228657772,95.64267783462432,95.69307086181482,95.7215323746001,95.766146196303,95.805,95.73152726302752,95.67927346417648,95.71937100496773,95.74742755446609,95.77819604168788,95.815,95.67927346417648,95.805,0.1257265358235173,0.0013122485734632,SCYB,JNK,2025-06-04,False,4261.0,3821.0,2746.0,2703.0,1258.0,1044.0,0,0,0,0,0,0,,,0.0,0.0,0,True,False,False,1,SCYB,JNK,0,3821,0,0,0,-1044,0.0,0.0,0.0,0.0,0.0,0.0,0.0,0.0,0,3821,0,0,0,-1044,0,3821,0,0,0,0,0,0,0,0,0,1044,-0.0,-19.105,-0.0,-0.0,-0.0,-5.22,-24.325,0.0,0.0,0.0,0.0,0.0,0.0,0.0,-24.325,867.5549999999962
23.4,26.08,36.33,36.88,79.31,95.61,-0.0500000000000007,-0.0600000000000022,-0.0600000000000022,-0.0899999999999963,-0.1700000000000017,-0.2000000000000028,4.0858974358974365,3.666027607361964,2.6317093311312965,2.592462039045553,1.2055226327070987,1.0,4.082090263452392,3.660524896482027,2.630369221253697,2.5898422601015705,1.2051412448482444,1.0,4.08172288410465,3.660008815920505,2.630179750247744,2.58956490137404,1.2050408646138062,1.0,95.5123154880488,95.45302991920676,95.55443032650054,95.5031535626746,95.57179097252096,95.61,0.0204086144205232,0.0183000440796025,0.0131508987512387,0.0129478245068702,0.006025204323069,0.005,95.49190687362828,95.43472987512716,95.5412794277493,95.49020573816772,95.5657657681979,95.605,95.53272410246932,95.47132996328637,95.56758122525176,95.51610138718146,95.57781617684404,95.615,95.47132996328637,95.605,0.1336700367136387,0.0013980758991071,SCYB,JNK,2025-06-05,False,4269.0,3828.0,2751.0,2709.0,1260.0,1046.0,0,3821,0,0,0,-1044,SCYB,JNK,0.1336700367136387,0.0013980758991071,1,True,False,False,1,SCYB,JNK,0,3828,0,0,0,-1046,0.0,99880.94,0.0,0.0,0.0,-100025.64,199906.58000000002,-144.6999999999971,0,7,0,0,0,-2,0,7,0,0,0,0,0,0,0,0,0,2,-0.0,-0.035,-0.0,-0.0,-0.0,-0.01,-0.045000000000000005,-0.0,-229.2600000000084,-0.0,-0.0,-0.0,208.8000000000029,-20.460000000005493,-20.505000000005495,847.0499999999907
23.39,26.09,36.31,36.89,79.3,95.62,-0.009999999999998,0.0100000000000015,-0.019999999999996,0.009999999999998,-0.0100000000000051,0.0100000000000051,4.088071825566481,3.665005749329245,2.6334343156155327,2.592030360531309,1.205800756620429,1.0,4.082413543849887,3.660719413228117,2.630676290008348,2.589986095301513,1.2052210915964632,1.0,4.082090263452392,3.660524896482027,2.630369221253697,2.5898422601015705,1.2051412448482444,1.0,95.48009126215145,95.50309454921609,95.50870642372176,95.53928097514694,95.56770071646578,95.62,0.0204104513172619,0.0183026244824101,0.0131518461062684,0.0129492113005078,0.0060257062242412,0.005,95.45968081083416,95.48479192473368,95.49555457761548,95.52633176384644,95.56167501024154,95.615,95.5005017134687,95.5213971736985,95.52185826982802,95.55223018644745,95.57372642269002,95.625,95.5005017134687,95.615,0.1144982865313153,0.0011974303130235,SPHY,JNK,2025-06-06,False,4270.0,3829.0,2751.0,2709.0,1261.0,1046.0,0,3828,0,0,0,-1046,SCYB,JNK,0.0936028263014918,0.0009789042700427,1,True,False,False,1,SPHY,JNK,4270,0,0,0,0,-1046,0.0,99834.23999999999,0.0,0.0,0.0,-100008.06,199842.3,-173.82000000000698,4270,-3828,0,0,0,0,4270,0,0,0,0,0,0,3828,0,0,0,0,-21.35,-19.14,-0.0,-0.0,-0.0,-0.0,-40.49,-0.0,38.28000000000574,-0.0,0.0,-0.0,-10.460000000005335,27.820000000000405,-12.669999999999597,834.3799999999911
23.43,26.11,36.34,36.91,79.34,95.72,0.0399999999999991,0.0199999999999995,0.0300000000000011,0.019999999999996,0.0400000000000062,0.0999999999999943,4.085360648740931,3.666028341631559,2.634012107870116,2.593335139528583,1.2064532392235945,1.0,4.082734207865881,3.661209538739704,2.6309844551572734,2.5902386721520188,1.2053591577587883,1.0,4.082413543849887,3.660719413228117,2.630676290008348,2.589986095301513,1.2052210915964632,1.0,95.65094933240285,95.58138387938614,95.59877637890338,95.59638677757886,95.6222414072634,95.72,0.0204120677192494,0.0183035970661405,0.0131533814500417,0.0129499304765075,0.0060261054579823,0.005,95.6305372646836,95.56308028232,95.58562299745334,95.58343684710236,95.6162153018054,95.715,95.6713614001221,95.59968747645227,95.61192976035342,95.60933670805537,95.62826751272137,95.725,95.59968747645227,95.715,0.115312523547729,0.001204685787168,SCYB,JNK,2025-06-09,False,4266.0,3825.0,2749.0,2707.0,1259.0,1045.0,4270,0,0,0,0,-1046,SPHY,JNK,0.0436385998779087,0.0004558984525481,1,True,False,False,1,SCYB,JNK,0,3825,0,0,0,-1045,99875.3,0.0,0.0,0.0,0.0,-100018.52,199893.82,-143.22000000000116,-4270,3825,0,0,0,1,0,3825,0,0,0,1,4270,0,0,0,0,0,-21.35,-19.125,-0.0,-0.0,-0.0,-0.005,-40.480000000000004,170.79999999999615,0.0,0.0,0.0,0.0,-104.59999999999404,66.2000000000021,25.720000000002102,860.0999999999932
23.47,26.18,36.41,37.0,79.53,95.93,0.0399999999999991,0.0700000000000002,0.0699999999999931,0.0900000000000034,0.1899999999999977,0.2100000000000079,4.087345547507457,3.664247517188694,2.634715737434771,2.5927027027027028,1.2062114925185463,1.0,4.082895678238691,3.661464760811839,2.631224503783205,2.5903369708841204,1.2053835859079731,1.0,4.082734207865881,3.661209538739704,2.6309844551572734,2.5902386721520188,1.2053591577587883,1.0,95.82177185861222,95.85046572420543,95.79414401227632,95.8388308696247,95.86221381655643,95.93,0.0204136710393294,0.0183060476936985,0.0131549222757863,0.01295119336076,0.0060267957887939,0.005,95.80135818757287,95.83215967651174,95.78098909000052,95.82587967626394,95.85618702076763,95.925,95.84218552965156,95.86877177189912,95.80729893455212,95.85178206298546,95.86824061234525,95.935,95.80729893455212,95.925,0.1177010654479033,0.0012269474142385,HYLB,JNK,2025-06-10,False,4254.0,3815.0,2741.0,2699.0,1256.0,1042.0,0,3825,0,0,0,-1045,SCYB,JNK,0.0562282281008776,0.00058613810175,1,True,False,False,1,HYLB,JNK,0,0,2741,0,0,-1042,0.0,99870.75,0.0,0.0,0.0,-100027.4,199898.15,-156.64999999999418,0,-3825,2741,0,0,3,0,0,2741,0,0,3,0,3825,0,0,0,0,-0.0,-19.125,-13.705,-0.0,-0.0,-0.015,-32.845,0.0,267.7500000000008,0.0,0.0,0.0,-219.45000000000826,48.29999999999254,15.454999999992538,875.5549999999857
23.47,26.17,36.4,36.99,79.51,95.88,0.0,-0.009999999999998,-0.009999999999998,-0.009999999999998,-0.019999999999996,-0.0500000000000113,4.085215168299958,3.663737103553687,2.634065934065934,2.5920519059205187,1.205886052068922,1.0,4.082979113550535,3.661617607582951,2.631370535998724,2.5904100907880427,1.2054035711589592,1.0,4.082895678238691,3.661464760811839,2.631224503783205,2.5903369708841204,1.2053835859079731,1.0,95.82556156826206,95.82053279044582,95.77657193770864,95.81656455300362,95.84004891554297,95.88,0.0204144783911934,0.0183073238040591,0.013156122518916,0.0129516848544206,0.0060269179295398,0.005,95.80514708987089,95.80222546664176,95.76341581518972,95.8036128681492,95.83402199761342,95.875,95.84597604665323,95.83884011424988,95.78972806022756,95.82951623785804,95.84607583347253,95.885,95.78972806022756,95.875,0.0852719397724257,0.0008893610739718,HYLB,JNK,2025-06-11,False,4258.0,3819.0,2744.0,2702.0,1257.0,1043.0,0,0,2741,0,0,-1042,HYLB,JNK,0.0852719397724399,0.000889361073972,1,True,False,False,1,HYLB,JNK,0,0,2744,0,0,-1043,0.0,0.0,99799.81,0.0,0.0,-99959.06000000001,199758.87,-159.25000000001455,0,0,3,0,0,-1,0,0,3,0,0,0,0,0,0,0,0,1,-0.0,-0.0,-0.015,-0.0,-0.0,-0.005,-0.02,0.0,-0.0,-27.40999999999452,-0.0,-0.0,52.100000000011775,24.690000000017257,24.670000000017257,900.225000000003
23.49,26.18,36.44,37.04,79.6,96.0,0.0199999999999995,0.009999999999998,0.0399999999999991,0.0499999999999971,0.0899999999999892,0.1200000000000045,4.086845466155811,3.6669213139801378,2.6344676180021955,2.591792656587473,1.206030150753769,1.0,4.083106581552378,3.662109267151689,2.631547610393872,2.5905233264389027,1.205431019590813,1.0,4.082979113550535,3.661617607582951,2.631370535998724,2.5904100907880427,1.2054035711589592,1.0,95.90917937730208,95.86114896652164,95.88714233179348,95.9487897627891,95.95012426425316,96.0,0.0204148955677526,0.0183080880379147,0.0131568526799936,0.0129520504539402,0.0060270178557947,0.005,95.88876448173431,95.84284087848374,95.87398547911349,95.93583771233516,95.94409724639736,95.995,95.92959427286982,95.87945705455957,95.90029918447348,95.96174181324304,95.95615128210896,96.005,95.87945705455957,95.995,0.1155429454404384,0.0012035723483379,SCYB,JNK,2025-06-12,False,4254.0,3815.0,2742.0,2699.0,1256.0,1042.0,0,0,2744,0,0,-1043,HYLB,JNK,0.0947008155265223,0.0009864668284012,1,True,False,False,1,SCYB,JNK,0,3815,0,0,0,-1042,0.0,0.0,99881.59999999999,0.0,0.0,-100002.84,199884.44,-121.24000000000524,0,3815,-2744,0,0,1,0,3815,0,0,0,1,0,0,2744,0,0,0,-0.0,-19.075,-13.72,-0.0,-0.0,-0.005,-32.800000000000004,0.0,0.0,109.75999999999753,0.0,0.0,-125.1600000000047,-15.400000000007168,-48.20000000000717,852.0249999999958
23.43,26.11,36.34,36.94,79.36,95.7,-0.0599999999999987,-0.0700000000000002,-0.0999999999999943,-0.1000000000000014,-0.2399999999999948,-0.2999999999999971,4.084507042253521,3.665262351589429,2.633461750137589,2.590687601515972,1.205897177419355,1.0,4.08327730284986,3.662332568498389,2.631693875342292,2.590596563812292,1.2054586403425318,1.0,4.083106581552378,3.662109267151689,2.631547610393872,2.5905233264389027,1.205431019590813,1.0,95.6671872057722,95.6176729653306,95.63044016171332,95.69393167865306,95.6630057147269,95.7,0.0204155329077618,0.0183105463357584,0.0131577380519693,0.0129526166321945,0.006027155097954,0.005,95.64677167286445,95.59936241899484,95.61728242366136,95.68097906202088,95.65697855962895,95.695,95.68760273867996,95.63598351166635,95.6435978997653,95.70688429528523,95.66903286982486,95.705,95.63598351166635,95.695,0.0590164883336541,0.0006166822187424,SCYB,JNK,2025-06-13,False,4267.0,3827.0,2750.0,2707.0,1260.0,1045.0,0,3815,0,0,0,-1042,SCYB,JNK,0.0590164883336399,0.0006166822187423,1,True,False,False,1,SCYB,JNK,0,3827,0,0,0,-1045,0.0,99876.7,0.0,0.0,0.0,-100032.0,199908.7,-155.3000000000029,0,12,0,0,0,-3,0,12,0,0,0,0,0,0,0,0,0,3,-0.0,-0.06,-0.0,-0.0,-0.0,-0.015,-0.075,-0.0,-267.05000000000075,-0.0,-0.0,-0.0,312.59999999999695,45.5499999999962,45.4749999999962,897.4999999999919
23.48,26.19,36.43,37.02,79.52,95.92,0.0500000000000007,0.0800000000000018,0.0899999999999963,0.0800000000000054,0.1599999999999966,0.2199999999999988,4.085178875638841,3.6624665903016416,2.6329947845182544,2.5910318746623444,1.2062374245472838,1.0,4.083399786077431,3.662256510336472,2.6317603270475893,2.5906297592770104,1.2054960215170127,1.0,4.08327730284986,3.662332568498389,2.631693875342292,2.590596563812292,1.2054586403425318,1.0,95.8753510709147,95.9164899689728,95.87260787871968,95.90388479233104,95.85807108003812,95.92,0.0204163865142492,0.0183116628424919,0.0131584693767114,0.0129529828190614,0.0060272932017126,0.005,95.85493468440043,95.89817830613032,95.859449409343,95.89093180951198,95.85204378683642,95.915,95.89576745742896,95.9348016318153,95.8857663480964,95.9168377751501,95.86409837323984,95.925,95.86409837323984,95.915,0.0509016267601651,0.0005306675016697,HYG,JNK,2025-06-16,False,4259.0,3820.0,2745.0,2702.0,1257.0,1043.0,0,3827,0,0,0,-1045,SCYB,JNK,-0.019801631815298,-0.0002064390306015,1,True,False,False,1,HYG,JNK,0,0,0,0,1257,-1043,0.0,99922.97,0.0,0.0,0.0,-100006.5,199929.47,-83.52999999999884,0,-3827,0,0,1257,2,0,0,0,0,1257,2,0,3827,0,0,0,0,-0.0,-19.135,-0.0,-0.0,-6.285,-0.01,-25.430000000000003,0.0,306.1600000000069,0.0,0.0,0.0,-229.89999999999876,76.26000000000815,50.83000000000814,948.33
23.46,26.17,36.38,36.97,79.43,95.79,-0.0199999999999995,-0.0199999999999995,-0.0499999999999971,-0.0500000000000042,-0.0899999999999892,-0.1299999999999954,4.08312020460358,3.660298051203669,2.6330401319406267,2.591019745739789,1.2059675185698098,1.0,4.083460233167679,3.6624666746467502,2.631875352616301,2.590708486753445,1.205527327654624,1.0,4.083399786077431,3.662256510336472,2.6317603270475893,2.5906297592770104,1.2054960215170127,1.0,95.79655898137652,95.84125287550546,95.7434406979913,95.77558220047108,95.75254898909633,95.79,0.0204169989303871,0.0183112825516823,0.0131588016352379,0.012953148796385,0.006027480107585,0.005,95.77614198244616,95.82294159295378,95.73028189635606,95.7626290516747,95.74652150898874,95.785,95.81697598030692,95.85956415805714,95.75659949962656,95.78853534926746,95.75857646920392,95.795,95.75659949962656,95.82294159295378,0.0663420933272362,0.0006925784876003,HYLB,SCYB,2025-06-17,False,4263.0,3823.0,2748.0,2705.0,1259.0,1044.0,0,0,0,0,1257,-1043,HYG,JNK,0.0264235307960802,0.0002758485311209,1,True,False,False,1,HYLB,SCYB,0,-3823,2748,0,0,0,0.0,0.0,0.0,0.0,99956.64,-100044.56,200001.2,-87.91999999999825,0,-3823,2748,0,-1257,1043,0,0,2748,0,0,1043,0,3823,0,0,1257,0,-0.0,-19.115000000000002,-13.74,-0.0,-6.285,-5.215,-44.355000000000004,-0.0,-0.0,-0.0,-0.0,-113.12999999998642,135.5899999999952,22.460000000008776,-21.894999999991228,926.4350000000088
23.48,26.2,36.45,37.05,79.55,95.94,0.0199999999999995,0.0299999999999975,0.0700000000000002,0.0799999999999983,0.1199999999999903,0.1499999999999914,4.0860306643952296,3.661832061068704,2.632098765432098,2.5894736842105264,1.206033940917662,1.0,4.083664455247875,3.662690208866533,2.631925958013077,2.5906939500054014,1.2055567786707615,1.0,4.083460233167679,3.6624666746467502,2.631875352616301,2.590708486753445,1.205527327654624,1.0,95.8796462747771,95.95662687574486,95.93185660286416,95.98574943421512,95.89969891492532,95.94,0.0204173011658383,0.0183123333732337,0.0131593767630815,0.0129535424337672,0.0060276366382731,0.005,95.85922897361128,95.93831454237164,95.91869722610107,95.97279589178136,95.89367127828704,95.935,95.90006357594294,95.97493920911808,95.94501597962724,95.99870297664889,95.9057265515636,95.945,95.90006357594294,95.97279589178136,0.0727323158384223,0.0007581021037984,SPHY,USHY,2025-06-18,False,4255.0,3816.0,2742.0,2700.0,1256.0,1042.0,0,-3823,2748,0,0,0,HYLB,SCYB,-0.0067014372556002,-6.985029451323994e-05,1,True,False,False,1,SPHY,USHY,4255,0,0,-2700,0,0,0.0,-100047.91,99972.24,0.0,0.0,0.0,200020.15000000002,-75.66999999999825,4255,3823,-2748,-2700,0,0,4255,3823,0,0,0,0,0,0,2748,2700,0,0,-21.275000000000002,-19.115000000000002,-13.74,-13.5,-0.0,-0.0,-67.63,0.0,-114.68999999999045,192.36000000000055,0.0,0.0,0.0,77.6700000000101,10.04000000001011,936.4750000000189
23.56,26.27,36.54,37.13,79.8,96.23,0.0799999999999983,0.0700000000000002,0.0899999999999963,0.0800000000000054,0.25,0.2900000000000062,4.084465195246181,3.663113818043396,2.633552271483306,2.591704820899542,1.2058897243107771,1.0,4.083937521794211,3.662872093913541,2.632097480778826,2.590780826819189,1.2055797257415215,1.0,4.083664455247875,3.662690208866533,2.631925958013077,2.5906939500054014,1.2055567786707615,1.0,96.21113456563992,96.21887178692384,96.17057450579784,96.19246636370056,96.20343093792678,96.23,0.0204183222762393,0.0183134510443326,0.0131596297900653,0.012953469750027,0.0060277838933538,0.005,96.19071624336368,96.20055833587948,96.15741487600776,96.17951289395052,96.19740315403342,96.225,96.23155288791617,96.23718523796816,96.1837341355879,96.2054198334506,96.20945872182014,96.235,96.1837341355879,96.225,0.0412658644121108,0.0004288253602006,HYLB,JNK,2025-06-20,False,4243.0,3806.0,2735.0,2692.0,1253.0,1039.0,4255,0,0,-2700,0,0,SPHY,USHY,-0.0520399939656499,-0.000540787633437,1,True,False,False,1,HYLB,JNK,0,0,2735,0,0,-1039,99907.40000000001,0.0,0.0,-100034.99999999999,0.0,0.0,199942.4,-127.59999999997672,-4255,0,2735,2700,0,-1039,0,0,2735,2700,0,0,4255,0,0,0,0,1039,-21.275000000000002,-0.0,-13.675,-13.5,-0.0,-5.195,-53.645,340.39999999999276,0.0,0.0,-216.00000000001458,0.0,0.0,124.39999999997818,70.75499999997817,1007.2299999999971
23.6,26.33,36.63,37.22,79.95,96.42,0.0400000000000027,0.0599999999999987,0.0900000000000034,0.0899999999999963,0.1500000000000056,0.1899999999999977,4.085593220338983,3.661982529434106,2.632268632268632,2.590542718968297,1.2060037523452158,1.0,4.084273762322519,3.663111881415224,2.632201791330898,2.590873795194155,1.2056291852341785,1.0,4.083937521794211,3.662872093913541,2.632097480778826,2.590780826819189,1.2055797257415215,1.0,96.3809255143434,96.44342223274352,96.4137307209284,96.42886237421024,96.38609907303469,96.42,0.020419687608971,0.0183143604695677,0.0131604874038941,0.0129539041340959,0.0060278986287076,0.005,96.36050582673442,96.42510787227395,96.4005702335245,96.41590847007612,96.38007117440596,96.415,96.40134520195237,96.4617365932131,96.4268912083323,96.44181627834432,96.39212697166336,96.425,96.39212697166336,96.42510787227395,0.0329809006105819,0.0003420545593298,HYG,SCYB,2025-06-23,False,4235.0,3798.0,2729.0,2687.0,1250.0,1037.0,0,0,2735,0,0,-1039,HYLB,JNK,-0.0118912083322868,-0.0001233271969745,1,True,False,False,1,HYG,SCYB,0,-3798,0,0,1250,0,0.0,0.0,99936.9,0.0,0.0,-99982.97,199919.87,-46.070000000006985,0,-3798,-2735,0,1250,1039,0,0,0,0,1250,1039,0,3798,2735,0,0,0,-0.0,-18.990000000000002,-13.675,-0.0,-6.25,-5.195,-44.11000000000001,0.0,0.0,246.1500000000093,0.0,0.0,-197.4099999999976,48.74000000001169,4.630000000011684,1011.8600000000088
23.67,26.38,36.73,37.31,80.17,96.68,0.0700000000000002,0.0500000000000007,0.0999999999999943,0.0900000000000034,0.2199999999999988,0.2600000000000051,4.084495141529362,3.664897649734648,2.63218077865505,2.591262396140445,1.2059373830609954,1.0,4.084553407906706,3.663363304879255,2.632356988362047,2.5910219490147828,1.2056853957425164,1.0,4.084273762322519,3.663111881415224,2.632201791330898,2.590873795194155,1.2056291852341785,1.0,96.67475995417404,96.6328914317336,96.68077179558388,96.66550129869394,96.65529178022408,96.68,0.0204213688116126,0.0183155594070761,0.0131610089566544,0.0129543689759707,0.0060281459261708,0.005,96.65433858536242,96.61457587232653,96.66761078662722,96.65254692971796,96.64926363429792,96.675,96.69518132298565,96.65120699114068,96.69393280454054,96.67845566766992,96.66131992615026,96.685,96.65120699114068,96.675,0.0237930088593429,0.0002461006294925,SCYB,JNK,2025-06-24,False,4223.0,3788.0,2722.0,2679.0,1247.0,1034.0,0,-3798,0,0,1250,0,HYG,SCYB,-0.0467440538237298,-0.0004834924888677,1,True,False,False,1,SCYB,JNK,0,3788,0,0,0,-1034,0.0,-100001.34,0.0,0.0,99937.5,0.0,199938.84,-63.83999999999651,0,7586,0,0,-1250,-1034,0,7586,0,0,0,0,0,0,0,0,1250,1034,-0.0,-37.93,-0.0,-0.0,-6.25,-5.17,-49.35,0.0,-189.90000000000265,0.0,0.0,274.9999999999985,0.0,85.09999999999587,35.74999999999587,1047.6100000000047
23.66,26.38,36.72,37.31,80.15,96.71,-0.0100000000000015,0.0,-0.009999999999998,0.0,-0.019999999999996,0.0299999999999869,4.087489433643279,3.666034874905231,2.633714596949891,2.5920664701152503,1.2066126013724263,1.0,4.084899746596543,3.663694865138278,2.6325815811592808,2.591190442882903,1.2057554189875197,1.0,4.084553407906706,3.663363304879255,2.632356988362047,2.5910219490147828,1.2056853957425164,1.0,96.64053363107269,96.63952398271472,96.66014861265435,96.67102891774157,96.6356844687627,96.71,0.0204227670395335,0.0183168165243962,0.0131617849418102,0.0129551097450739,0.0060284269787125,0.005,96.62011086403314,96.62120716619036,96.64698682771257,96.65807380799647,96.629656041784,96.705,96.6609563981122,96.65784079923912,96.67331039759618,96.68398402748664,96.64171289574142,96.715,96.64171289574142,96.705,0.0632871042585776,0.0006544008298891,HYG,JNK,2025-06-25,False,4223.0,3788.0,2722.0,2679.0,1247.0,1034.0,0,3788,0,0,0,-1034,SCYB,JNK,0.0471592007608734,0.0004876352058822,1,True,False,False,1,HYG,JNK,0,0,0,0,1247,-1034,0.0,99927.44,0.0,0.0,0.0,-99967.12000000001,199894.56,-39.68000000000757,0,-3788,0,0,1247,0,0,0,0,0,1247,0,0,3788,0,0,0,0,-0.0,-18.94,-0.0,-0.0,-6.235,-0.0,-25.175,-0.0,0.0,-0.0,0.0,-0.0,-31.019999999986457,-31.019999999986457,-56.19499999998646,991.4150000000183
23.73,26.47,36.82,37.4,80.38,97.02,0.0700000000000002,0.0899999999999998,0.1000000000000014,0.0899999999999963,0.2299999999999897,0.3100000000000023,4.088495575221239,3.665281450698904,2.634980988593156,2.594117647058824,1.2070166708136352,1.0,4.085315996572957,3.663944400565343,2.6327936495606186,2.5914590957986148,1.2058391827373218,1.0,4.084899746596543,3.663694865138278,2.6325815811592808,2.591190442882903,1.2057554189875197,1.0,96.93467098673597,96.9780030802102,96.93165381828472,96.91052256382056,96.9186205782168,97.02,0.0204244987329827,0.0183184743256913,0.0131629079057964,0.0129559522144145,0.0060287770949375,0.005,96.914246488003,96.95968460588452,96.91849091037892,96.89756661160617,96.91259180112186,97.015,96.95509548546896,96.99632155453592,96.94481672619052,96.92347851603498,96.92464935531174,97.025,96.92347851603498,97.015,0.0915214839650246,0.0009433259530511,USHY,JNK,2025-06-26,False,4212.0,3777.0,2714.0,2672.0,1243.0,1031.0,0,0,0,0,1247,-1034,HYG,JNK,0.0903506446882573,0.0009312579332947,1,True,False,False,1,USHY,JNK,0,0,0,2672,0,-1031,0.0,0.0,0.0,0.0,99947.05,-99998.14,199945.19,-51.08999999999651,0,0,0,2672,-1247,3,0,0,0,2672,0,3,0,0,0,0,1247,0,-0.0,-0.0,-0.0,-13.36,-6.235,-0.015,-19.61,0.0,0.0,0.0,0.0,286.80999999998716,-320.54000000000235,-33.730000000015195,-53.340000000015195,938.0750000000031
23.72,26.45,36.8,37.4,80.34,96.94,-0.0100000000000015,-0.0199999999999995,-0.0200000000000031,0.0,-0.039999999999992,-0.0799999999999983,4.086846543001687,3.665028355387524,2.634239130434783,2.5919786096256683,1.206621857107294,1.0,4.085567995644643,3.6643015838940927,2.6330205662799973,2.591598566820439,1.2059187032656424,1.0,4.085315996572957,3.663944400565343,2.6327936495606186,2.5914590957986148,1.2058391827373218,1.0,96.90369543871054,96.91132939495331,96.88680630383077,96.9205701828682,96.87711994111643,96.94,0.0204265799828647,0.0183197220028267,0.013163968247803,0.012957295478993,0.0060291959136866,0.005,96.88326885872767,96.89300967295048,96.87364233558294,96.9076128873892,96.87109074520276,96.935,96.9241220186934,96.92964911695614,96.89997027207856,96.9335274783472,96.88314913703012,96.945,96.88314913703012,96.935,0.0518508629698857,0.0005348758300999,HYG,JNK,2025-06-27,False,4216.0,3781.0,2717.0,2674.0,1244.0,1032.0,0,0,0,2672,0,-1031,USHY,JNK,0.0014725216528006,1.5190031491651037e-05,1,True,False,False,1,HYG,JNK,0,0,0,0,1244,-1032,0.0,0.0,0.0,99932.8,0.0,-100027.62,199960.41999999998,-94.81999999999243,0,0,0,-2672,1244,-1,0,0,0,0,1244,0,0,0,0,2672,0,1,-0.0,-0.0,-0.0,-13.36,-6.22,-0.005,-19.584999999999997,-0.0,-0.0,-0.0,0.0,-0.0,82.47999999999824,82.47999999999824,62.89499999999825,1000.9700000000014
23.8,26.54,36.92,37.51,80.65,97.27,0.0800000000000018,0.0899999999999998,0.1200000000000045,0.1099999999999994,0.3100000000000023,0.3299999999999983,4.086974789915966,3.6650339110776176,2.6346153846153846,2.593175153292455,1.2060756354618722,1.0,4.085852905353208,3.6643791006855593,2.633223633919981,2.591754218895,1.2059547962112886,1.0,4.085567995644643,3.6643015838940927,2.6330205662799973,2.591598566820439,1.2059187032656424,1.0,97.23651829634252,97.25056403654922,97.2111193070575,97.21086224143464,97.25734341837406,97.27,0.0204278399782232,0.0183215079194704,0.0131651028313999,0.0129579928341021,0.0060295935163282,0.005,97.21609045636428,97.23224252862975,97.19795420422612,97.19790424860057,97.25131382485772,97.265,97.25694613632074,97.26888554446867,97.2242844098889,97.22382023426876,97.2633730118904,97.275,97.22382023426876,97.265,0.0411797657312433,0.0004233552557956,USHY,JNK,2025-06-30,False,4200.0,3767.0,2707.0,2664.0,1240.0,1028.0,0,0,0,0,1244,-1032,HYG,JNK,0.0016269881096064,1.672651495431774e-05,1,True,False,False,1,USHY,JNK,0,0,0,2664,0,-1028,0.0,0.0,0.0,0.0,99942.96,-100042.08,199985.04,-99.11999999999534,0,0,0,2664,-1244,4,0,0,0,2664,0,4,0,0,0,0,1244,0,-0.0,-0.0,-0.0,-13.32,-6.22,-0.02,-19.56,0.0,0.0,0.0,0.0,385.64000000000283,-340.55999999999824,45.08000000000459,25.52000000000459,1026.490000000006
23.62,26.38,36.72,37.28,80.17,96.66,-0.1799999999999997,-0.1600000000000001,-0.2000000000000028,-0.2299999999999968,-0.480000000000004,-0.6099999999999994,4.09229466553768,3.664139499620925,2.6323529411764706,2.592811158798283,1.2056879131844829,1.0,4.086249223212532,3.664252742333273,2.633332731613113,2.591886357497597,1.206015650572205,1.0,4.085852905353208,3.6643791006855593,2.633223633919981,2.591754218895,1.2059547962112886,1.0,96.50784562444277,96.66632067608504,96.69197183754171,96.62059728040558,96.681396012259,96.66,0.020429264526766,0.0183218955034277,0.0131661181695999,0.0129587710944749,0.0060297739810564,0.005,96.487416359916,96.64799878058162,96.67880571937212,96.6076385093111,96.67536623827796,96.655,96.52827488896952,96.68464257158848,96.70513795571132,96.63355605150004,96.68742578624008,96.665,96.52827488896952,96.67880571937212,0.1505308304025874,0.0015573228885018,SPHY,HYLB,2025-07-01,True,4229.0,3793.0,2725.0,2682.0,1248.0,1035.0,0,0,0,2664,0,-1028,USHY,JNK,0.0214439484999644,0.0002218492499479,1,True,False,False,1,SPHY,HYLB,4229,0,-2725,0,0,0,0.0,0.0,0.0,99926.64,0.0,-99993.56,199920.2,-66.91999999999825,4229,0,-2725,-2664,0,1028,4229,0,0,0,0,1028,0,0,2725,2664,0,0,-21.145,-0.0,-13.625,-13.32,-0.0,-5.14,-53.23,-0.0,-0.0,-0.0,-612.7199999999915,-0.0,627.0799999999995,14.360000000007972,-38.869999999992025,987.6200000000139
23.67,26.41,36.77,37.33,80.32,96.85,0.0500000000000007,0.0300000000000011,0.0500000000000042,0.0499999999999971,0.1499999999999914,0.1899999999999977,4.091677228559357,3.6671715259371447,2.6339407125373944,2.594428073935173,1.2058017928286853,1.0,4.086580947888363,3.664488713266145,2.6334356042443883,2.59201177420954,1.2060574104518846,1.0,4.086249223212532,3.664252742333273,2.633332731613113,2.591886357497597,1.206015650572205,1.0,96.72151911344064,96.77291492502172,96.82764454141416,96.7551177253853,96.86717705395952,96.85,0.0204312461160626,0.0183212637116663,0.0131666636580655,0.0129594317874879,0.006030078252861,0.005,96.70108786732456,96.75459366131004,96.8144778777561,96.7421582935978,96.86114697570665,96.845,96.7419503595567,96.7912361887334,96.84081120507224,96.7680771571728,96.87320713221236,96.855,96.7419503595567,96.86114697570665,0.1191966161499493,0.0012307342916876,SPHY,HYG,2025-07-02,False,4221.0,3785.0,2720.0,2677.0,1246.0,1033.0,4229,0,-2725,0,0,0,SPHY,HYLB,0.0725275181994078,0.0007488644109386,1,True,False,True,0,,,0,0,0,0,0,0,99888.98000000001,0.0,-100062.0,0.0,0.0,0.0,199950.98,-173.01999999998952,-4229,0,2725,0,0,0,0,0,2725,0,0,0,4229,0,0,0,0,0,-21.145,-0.0,-13.625,-0.0,-0.0,-0.0,-34.769999999999996,211.45000000000294,0.0,-136.25000000001145,0.0,0.0,0.0,75.19999999999149,40.429999999991495,1028.0500000000054
23.69,26.43,36.78,37.37,80.37,96.91,0.0199999999999995,0.0199999999999995,0.009999999999998,0.0399999999999991,0.0500000000000113,0.0600000000000022,4.090755593077248,3.6666666666666665,2.6348558999456224,2.593256622959593,1.2057981834017668,1.0,4.086833013256511,3.6645588484357448,2.633535090640405,2.592096569111915,1.206074294961681,1.0,4.086580947888363,3.664488713266145,2.6334356042443883,2.59201177420954,1.2060574104518846,1.0,96.81110265547532,96.85243669162422,96.8577615241086,96.8634800022105,96.93083407801798,96.91,0.0204329047394418,0.0183224435663307,0.0131671780212219,0.0129600588710477,0.0060302870522594,0.005,96.79066975073589,96.83411424805789,96.8445943460874,96.85051994333944,96.92480379096573,96.905,96.83153556021476,96.87075913519055,96.87092870212985,96.87644006108154,96.93686436507024,96.915,96.83153556021476,96.92480379096573,0.0932682307509651,0.0009624211201214,SPHY,HYG,2025-07-03,False,4217.0,3782.0,2718.0,2675.0,1245.0,1032.0,0,0,0,0,0,0,,,0.0,0.0,0,True,False,False,1,SPHY,HYG,4217,0,0,0,-1245,0,0.0,0.0,0.0,0.0,0.0,0.0,0.0,0.0,4217,0,0,0,-1245,0,4217,0,0,0,0,0,0,0,0,0,1245,0,-21.085,-0.0,-0.0,-0.0,-6.2250000000000005,-0.0,-27.310000000000002,0.0,0.0,0.0,0.0,0.0,0.0,0.0,-27.310000000000002,1000.7400000000055
23.62,26.38,36.66,37.25,80.1,96.56,-0.0700000000000002,-0.0500000000000007,-0.1200000000000045,-0.1199999999999974,-0.2700000000000102,-0.3499999999999943,4.088060965283658,3.660348749052313,2.633933442444081,2.592214765100671,1.2054931335830212,1.0,4.086941189725822,3.664274905520262,2.6336462962060443,2.592084205414671,1.206072820005477,1.0,4.086833013256511,3.6645588484357448,2.633535090640405,2.592096569111915,1.206074294961681,1.0,96.5309957731188,96.67106242173494,96.54539642287725,96.55559719941884,96.60655102643064,96.56,0.0204341650662825,0.0183227942421787,0.013167675453202,0.0129604828455595,0.0060303714748084,0.005,96.51056160805253,96.65273962749276,96.53222874742404,96.54263671657328,96.60052065495584,96.555,96.55142993818508,96.68938521597713,96.55856409833044,96.5685576822644,96.61258139790544,96.565,96.55142993818508,96.65273962749276,0.1013096893076976,0.0010491889944873,SPHY,SCYB,2025-07-07,False,4234.0,3796.0,2728.0,2685.0,1249.0,1036.0,4217,0,0,0,-1245,0,SPHY,HYG,0.0490907167707632,0.0005083959897552,1,True,False,False,1,SPHY,SCYB,4234,-3796,0,0,0,0,99900.73000000001,0.0,0.0,0.0,-100060.65000000001,0.0,199961.38,-159.91999999999825,17,-3796,0,0,1245,0,17,0,0,0,1245,0,0,3796,0,0,0,0,-0.085,-18.98,-0.0,-0.0,-6.2250000000000005,-0.0,-25.290000000000003,-295.19000000000085,-0.0,-0.0,-0.0,336.15000000001265,-0.0,40.9600000000118,15.6700000000118,1016.4100000000172
23.57,26.29,36.61,37.2,79.99,96.41,-0.0500000000000007,-0.0899999999999998,-0.0499999999999971,-0.0499999999999971,-0.1099999999999994,-0.1500000000000056,4.090369113279593,3.667173830353746,2.6334334881180004,2.5916666666666663,1.2052756594574323,1.0,4.087056054111478,3.664383309571487,2.6336462548311674,2.5920660207214388,1.206046565147327,1.0,4.086941189725822,3.664274905520262,2.6336462962060443,2.592084205414671,1.206072820005477,1.0,96.32920384183764,96.33378726612769,96.41779090410328,96.42553244142576,96.4737648722381,96.41,0.0204347059486291,0.0183213745276013,0.0131682314810302,0.0129604210270733,0.0060303641000273,0.005,96.308769135889,96.31546589160008,96.40462267262224,96.41257202039868,96.46773450813808,96.405,96.34963854778626,96.35210864065527,96.43095913558432,96.43849286245285,96.47979523633812,96.415,96.34963854778626,96.46773450813808,0.1180959603518232,0.0012249347614544,SPHY,HYG,2025-07-08,False,4238.0,3800.0,2731.0,2688.0,1251.0,1037.0,4234,-3796,0,0,0,0,SPHY,SCYB,-0.0341726561861719,-0.0003544513658974,1,True,False,False,1,SPHY,HYG,4238,0,0,0,-1251,0,100007.08,-100138.48,0.0,0.0,0.0,0.0,200145.56,-131.39999999999418,4,3796,0,0,-1251,0,4,3796,0,0,0,0,0,0,0,0,1251,0,-0.02,-18.98,-0.0,-0.0,-6.255,-0.0,-25.255,-211.70000000000294,341.63999999999925,-0.0,-0.0,-0.0,-0.0,129.9399999999963,104.68499999999631,1121.0950000000134
23.64,26.37,36.71,37.3,80.21,96.66,0.0700000000000002,0.0800000000000018,0.1000000000000014,0.0999999999999943,0.2199999999999988,0.25,4.088832487309644,3.665529010238908,2.63307000817216,2.59142091152815,1.205086647550181,1.0,4.087229646039914,3.664358343001856,2.63359914984627,2.5919703093214173,1.2059782355636568,1.0,4.087056054111478,3.664383309571487,2.6336462548311674,2.5920660207214388,1.206046565147327,1.0,96.61800511919536,96.6297878734001,96.68115401485215,96.68406257290964,96.73699499046712,96.66,0.0204352802705573,0.0183219165478574,0.0131682312741558,0.0129603301036071,0.0060302328257366,0.005,96.5975698389248,96.61146595685224,96.667985783578,96.67110224280604,96.7309647576414,96.655,96.63844039946592,96.64810978994797,96.6943222461263,96.69702290301326,96.74302522329286,96.665,96.63844039946592,96.7309647576414,0.0925243581754671,0.000957214547646,SPHY,HYG,2025-07-09,False,4230.0,3793.0,2726.0,2683.0,1248.0,1035.0,4238,0,0,0,-1251,0,SPHY,HYG,0.0925243581754813,0.0009572145476461,1,True,False,False,1,SPHY,HYG,4230,0,0,0,-1248,0,99889.66,0.0,0.0,0.0,-100067.48999999999,0.0,199957.15,-177.8299999999872,-8,0,0,0,3,0,0,0,0,0,3,0,8,0,0,0,0,0,-0.04,-0.0,-0.0,-0.0,-0.015,-0.0,-0.055,296.6600000000009,0.0,0.0,0.0,-275.2199999999985,0.0,21.440000000002385,21.385000000002385,1142.480000000016
23.64,26.35,36.68,37.27,80.13,96.61,0.0,-0.0199999999999995,-0.0300000000000011,-0.029999999999994,-0.0799999999999983,-0.0499999999999971,4.0867174280879865,3.666413662239089,2.633860414394765,2.5921652803863693,1.205665793086235,1.0,4.087198240068941,3.6644666502543743,2.63355638369427,2.5919434382056004,1.205950950592041,1.0,4.087229646039914,3.664358343001856,2.63359914984627,2.5919703093214173,1.2059782355636568,1.0,96.62210883238356,96.55584233809888,96.60041681636118,96.60273342840922,96.6350360157158,96.61,0.0204361482301995,0.0183217917150092,0.0131679957492313,0.012959851546607,0.0060298911778182,0.005,96.60167268415336,96.53752054638386,96.58724882061196,96.5897735768626,96.629006124538,96.605,96.64254498061376,96.57416412981388,96.6135848121104,96.61569327995583,96.64106590689364,96.615,96.57416412981388,96.629006124538,0.0548419947241143,0.0005676637483088,SCYB,HYG,2025-07-10,False,4230.0,3793.0,2726.0,2683.0,1248.0,1035.0,4230,0,0,0,-1248,0,SPHY,HYG,-0.0135388560757689,-0.0001401392824321,1,True,False,False,1,SCYB,HYG,0,3793,0,0,-1248,0,99997.2,0.0,0.0,0.0,-100102.07999999999,0.0,200099.27999999997,-104.8799999999901,-4230,3793,0,0,0,0,0,3793,0,0,0,0,4230,0,0,0,0,0,-21.150000000000002,-18.965,-0.0,-0.0,-0.0,-0.0,-40.115,0.0,-0.0,-0.0,-0.0,99.83999999999787,-0.0,99.83999999999787,59.72499999999787,1202.2050000000138
23.59,26.31,36.62,37.22,80.03,96.44,-0.0500000000000007,-0.0400000000000027,-0.0600000000000022,-0.0500000000000042,-0.0999999999999943,-0.1700000000000017,4.088172954641797,3.6655264158114784,2.633533588203168,2.5910800644814618,1.20504810695989,1.0,4.087346129386032,3.664556115867264,2.6335297664011312,2.5918948461336475,1.2059090533365897,1.0,4.087198240068941,3.6644666502543743,2.63355638369427,2.5919434382056004,1.205950950592041,1.0,96.4170064832263,96.41211756819258,96.44083477088417,96.47213477001245,96.51225457588104,96.44,0.0204359912003447,0.0183223332512718,0.0131677819184713,0.012959717191028,0.0060297547529602,0.005,96.39657049202596,96.39379523494132,96.4276669889657,96.45917505282142,96.50622482112809,96.435,96.43744247442665,96.43043990144386,96.45400255280263,96.48509448720348,96.518284330634,96.445,96.43043990144386,96.50622482112809,0.0757849196842244,0.0007858245508525,SCYB,HYG,2025-07-11,False,4238.0,3800.0,2731.0,2688.0,1251.0,1037.0,0,3793,0,0,-1248,0,SCYB,HYG,0.0757849196842244,0.0007858245508525,1,True,False,False,1,SCYB,HYG,0,3800,0,0,-1251,0,0.0,99945.55,0.0,0.0,-100002.23999999999,0.0,199947.78999999998,-56.689999999987776,0,7,0,0,-3,0,0,7,0,0,0,0,0,0,0,0,3,0,-0.0,-0.035,-0.0,-0.0,-0.015,-0.0,-0.05,-0.0,-151.72000000001023,-0.0,-0.0,124.79999999999289,-0.0,-26.92000000001734,-26.97000000001734,1175.2349999999965
23.61,26.34,36.65,37.24,80.09,96.53,0.0199999999999995,0.0300000000000011,0.0300000000000011,0.0200000000000031,0.0600000000000022,0.0900000000000034,4.08852181279119,3.664768413059985,2.6338335607094137,2.5921052631578947,1.2052690722936696,1.0,4.087429946717801,3.664448470821257,2.633498063536492,2.5919104764621688,1.2058709994135843,1.0,4.087346129386032,3.664556115867264,2.6335297664011312,2.5918948461336475,1.2059090533365897,1.0,96.5022421148042,96.52440809194373,96.51886593860144,96.52216407001704,96.58125608172746,96.53,0.0204367306469301,0.0183227805793363,0.0131676488320056,0.0129594742306682,0.0060295452666829,0.005,96.48180538415728,96.5060853113644,96.50569828976944,96.50920459578636,96.57522653646078,96.525,96.52267884545114,96.54273087252308,96.53203358743346,96.53512354424772,96.58728562699416,96.535,96.52267884545114,96.57522653646078,0.0525476910096358,0.0005443664250454,SPHY,HYG,2025-07-14,False,4234.0,3796.0,2728.0,2685.0,1249.0,1036.0,0,3800,0,0,-1251,0,SCYB,HYG,0.0324956639376949,0.0003366379771852,1,True,False,False,1,SPHY,HYG,4234,0,0,0,-1249,0,0.0,99978.0,0.0,0.0,-100117.53,0.0,200095.53,-139.52999999999884,4234,-3800,0,0,2,0,4234,0,0,0,2,0,0,3800,0,0,0,0,-21.17,-19.0,-0.0,-0.0,-0.01,-0.0,-40.18,0.0,114.00000000000418,0.0,0.0,-75.06000000000274,0.0,38.94000000000143,-1.2399999999985667,1173.9949999999978
23.54,26.27,36.55,37.14,79.85,96.22,-0.0700000000000002,-0.0700000000000002,-0.1000000000000014,-0.1000000000000014,-0.2400000000000091,-0.3100000000000023,4.0875106202209,3.662733155690902,2.632558139534884,2.59073774905762,1.205009392611146,1.0,4.08758012561617,3.66432201102633,2.633452883006357,2.591912983839251,1.205826610173174,1.0,4.087429946717801,3.664448470821257,2.633498063536492,2.5919104764621688,1.2058709994135843,1.0,96.21810094573704,96.26506132847442,96.25435422225875,96.26355509580496,96.2887993031747,96.22,0.020437149733589,0.0183222423541062,0.0131674903176824,0.0129595523823108,0.0060293549970679,0.005,96.19766379600344,96.24673908612031,96.24118673194108,96.25059554342263,96.28276994817764,96.215,96.23853809547064,96.28338357082852,96.26752171257644,96.27651464818726,96.29482865817177,96.225,96.225,96.28276994817764,0.0577699481776363,0.0006003943897072,JNK,HYG,2025-07-15,False,4247.0,3807.0,2736.0,2693.0,1253.0,1039.0,4234,0,0,0,-1249,0,SPHY,HYG,0.044231852707,0.0004596949979941,1,True,False,False,1,JNK,HYG,0,0,0,0,-1253,1039,99964.73999999999,0.0,0.0,0.0,-100032.41,0.0,199997.15,-67.6700000000128,-4234,0,0,0,-4,1039,0,0,0,0,0,1039,4234,0,0,0,4,0,-21.17,-0.0,-0.0,-0.0,-0.02,-5.195,-26.385,-296.38000000000085,-0.0,-0.0,-0.0,299.76000000001136,-0.0,3.3800000000105115,-23.00499999998949,1150.9900000000084
23.6,26.33,36.63,37.21,80.06,96.44,0.0600000000000022,0.0599999999999987,0.0800000000000054,0.0700000000000002,0.2100000000000079,0.2199999999999988,4.0864406779661016,3.662742119255602,2.6328146328146325,2.591776404192421,1.2045965525855609,1.0,4.087643215732532,3.664335787474028,2.633443875421176,2.5919502103157552,1.205744566575088,1.0,4.08758012561617,3.66432201102633,2.633452883006357,2.591912983839251,1.205826610173174,1.0,96.46689096454162,96.48159855032326,96.46337910452289,96.44508212865854,96.53847841046432,96.44,0.0204379006280808,0.0183216100551316,0.0131672644150317,0.0129595649191962,0.0060291330508658,0.005,96.44645306391354,96.46327694026812,96.45021184010784,96.43212256373934,96.53244927741346,96.435,96.4873288651697,96.49992016037838,96.4765463689379,96.45804169357774,96.54450754351518,96.445,96.445,96.53244927741346,0.0874492774134694,0.0009067739258966,JNK,HYG,2025-07-16,False,4239.0,3800.0,2731.0,2688.0,1250.0,1037.0,0,0,0,0,-1253,1039,JNK,HYG,0.0874492774134694,0.0009067739258966,1,True,False,False,1,JNK,HYG,0,0,0,0,-1250,1037,0.0,0.0,0.0,0.0,-100052.04999999999,99972.58,200024.63,-79.46999999998661,0,0,0,0,3,-2,0,0,0,0,3,0,0,0,0,0,0,2,-0.0,-0.0,-0.0,-0.0,-0.015,-0.01,-0.025,0.0,0.0,0.0,0.0,-263.1300000000099,228.57999999999876,-34.550000000011124,-34.57500000001112,1116.4149999999972
23.62,26.36,36.67,37.27,80.14,96.56,0.0199999999999995,0.0300000000000011,0.0399999999999991,0.0600000000000022,0.0799999999999983,0.1200000000000045,4.088060965283658,3.663125948406677,2.6332151622579767,2.5908237188086933,1.204891439980035,1.0,4.0878902537665365,3.664477182334178,2.633452626937044,2.5919404089692004,1.2056907626455993,1.0,4.087643215732532,3.664335787474028,2.633443875421176,2.5919502103157552,1.205744566575088,1.0,96.55013275560242,96.59189135781536,96.56838691169452,96.6019843384682,96.62836956532756,96.56,0.0204382160786626,0.0183216789373701,0.0131672193771058,0.0129597510515787,0.0060287228328754,0.005,96.52969453952376,96.573569678878,96.55521969231742,96.58902458741662,96.62234084249468,96.555,96.57057097168108,96.61021303675274,96.58155413107164,96.61494408951978,96.63439828816044,96.565,96.565,96.62234084249468,0.0573408424946677,0.0005938363970036,JNK,HYG,2025-07-17,False,4235.0,3796.0,2728.0,2685.0,1249.0,1036.0,0,0,0,0,-1250,1037,JNK,HYG,0.0573408424946819,0.0005938363970037,1,True,False,False,1,JNK,HYG,0,0,0,0,-1249,1036,0.0,0.0,0.0,0.0,-100075.0,100008.28,200083.28,-66.72000000000116,0,0,0,0,1,-1,0,0,0,0,1,0,0,0,0,0,0,1,-0.0,-0.0,-0.0,-0.0,-0.005,-0.005,-0.01,0.0,0.0,0.0,0.0,-99.99999999999787,124.44000000000467,24.440000000006805,24.430000000006803,1140.8450000000041
23.67,26.39,36.71,37.32,80.25,96.7,0.0500000000000007,0.0300000000000011,0.0399999999999991,0.0499999999999971,0.1099999999999994,0.1400000000000005,4.085340092944656,3.664266767715044,2.634159629528739,2.5911039657020365,1.2049844236760126,1.0,4.087855725194009,3.664598917666496,2.633555670141876,2.5920219230437755,1.205638286783517,1.0,4.0878902537665365,3.664477182334178,2.633452626937044,2.5919404089692004,1.2056907626455993,1.0,96.76036230665392,96.70555284179898,96.67404593485888,96.73121606273055,96.75668370230936,96.7,0.0204394512688326,0.0183223859116708,0.0131672631346852,0.012959702044846,0.0060284538132279,0.005,96.7399228553851,96.6872304558873,96.6608786717242,96.71825636068571,96.75065524849612,96.695,96.78080175792276,96.72387522771064,96.68721319799356,96.74417576477542,96.76271215612256,96.705,96.68721319799356,96.75065524849612,0.0634420505025445,0.0006560708428391,HYLB,HYG,2025-07-18,False,4227.0,3789.0,2723.0,2680.0,1247.0,1034.0,0,0,0,0,-1249,1036,JNK,HYG,0.0456552484961179,0.0004721328696599,1,True,False,False,1,HYLB,HYG,0,0,2723,0,-1247,0,0.0,0.0,0.0,0.0,-100094.86,100036.16,200131.02000000002,-58.69999999999709,0,0,2723,0,2,-1036,0,0,2723,0,2,0,0,0,0,0,0,1036,-0.0,-0.0,-13.615,-0.0,-0.01,-5.18,-18.805,0.0,0.0,0.0,0.0,-137.38999999999925,145.04000000000053,7.650000000001285,-11.154999999998715,1129.6900000000055
23.69,26.44,36.77,37.37,80.36,96.83,0.0199999999999995,0.0500000000000007,0.0600000000000022,0.0499999999999971,0.1099999999999994,0.1299999999999954,4.0873786407766985,3.662254160363086,2.633396790862116,2.591115868343591,1.204952712792434,1.0,4.088001397470534,3.66455593478248,2.6335478961108163,2.5919924754159784,1.2055914362075997,1.0,4.087855725194009,3.664598917666496,2.633555670141876,2.5920219230437755,1.205638286783517,1.0,96.84130212984608,96.89199538310214,96.83584199111678,96.86385926414589,96.8850927259234,96.83,0.02043927862597,0.0183229945883324,0.0131677783507093,0.0129601096152188,0.0060281914339175,0.005,96.82086285122011,96.8736723885138,96.82267421276607,96.85089915453068,96.8790645344895,96.825,96.86174140847206,96.91031837769049,96.84900976946749,96.87681937376112,96.89112091735733,96.835,96.835,96.8790645344895,0.0440645344895074,0.0004550710987246,JNK,HYG,2025-07-21,False,4223.0,3786.0,2720.0,2678.0,1245.0,1033.0,0,0,2723,0,-1247,0,HYLB,HYG,0.0300547650220153,0.0003103869154395,1,True,False,False,1,JNK,HYG,0,0,0,0,-1245,1033,0.0,0.0,99961.33,0.0,-100071.75,0.0,200033.08000000002,-110.41999999999825,0,0,-2723,0,2,1033,0,0,0,0,2,1033,0,0,2723,0,0,0,-0.0,-0.0,-13.615,-0.0,-0.01,-5.165,-18.79,0.0,0.0,163.380000000006,0.0,-137.16999999999925,0.0,26.210000000006744,7.420000000006745,1137.1100000000122
23.73,26.46,36.84,37.43,80.5,97.01,0.0399999999999991,0.0199999999999995,0.0700000000000002,0.0600000000000022,0.1400000000000005,0.1800000000000068,4.088074167720186,3.666288737717309,2.6332790445168293,2.5917713064386856,1.2050931677018637,1.0,4.088125444839594,3.66477124519664,2.633598416723226,2.592053904789497,1.205545906975432,1.0,4.088001397470534,3.66455593478248,2.6335478961108163,2.5919924754159784,1.2055914362075997,1.0,97.00827316197578,96.9641500343444,97.01990449272247,97.01827835482008,97.05011061471176,97.01,0.0204400069873526,0.0183227796739124,0.013167739480554,0.0129599623770798,0.0060279571810379,0.005,96.98783315498842,96.9458272546705,97.00673675324192,97.005318392443,97.04408265753072,97.005,97.02871316896314,96.98247281401832,97.03307223220304,97.03123831719716,97.0561385718928,97.015,96.98247281401832,97.04408265753072,0.0616098435124001,0.0006350875529574,SCYB,HYG,2025-07-22,False,4215.0,3778.0,2715.0,2672.0,1243.0,1031.0,0,0,0,0,-1245,1033,JNK,HYG,0.0290826575307221,0.0002997903054398,1,True,False,False,1,SCYB,HYG,0,3778,0,0,-1243,0,0.0,0.0,0.0,0.0,-100048.2,100025.39,200073.59,-22.80999999999767,0,3778,0,0,2,-1033,0,3778,0,0,2,0,0,0,0,0,0,1033,-0.0,-18.89,-0.0,-0.0,-0.01,-5.165,-24.065,0.0,0.0,0.0,0.0,-174.30000000000064,185.94000000000702,11.640000000006381,-12.42499999999362,1124.6850000000186
23.74,26.49,36.85,37.46,80.54,97.08,0.009999999999998,0.0299999999999975,0.009999999999998,0.0300000000000011,0.0400000000000062,0.0699999999999931,4.089300758213985,3.664779161947905,2.634464043419267,2.5915643352909767,1.2053637943878817,1.0,4.0883657256738255,3.664765320807303,2.633712579961437,2.5920690017470243,1.2055172275417765,1.0,4.088125444839594,3.66477124519664,2.633598416723226,2.592053904789497,1.205545906975432,1.0,97.05209806049196,97.07979028525898,97.04810165625088,97.09833927341458,97.09466734780128,97.08,0.0204406272241979,0.0183238562259832,0.0131679920836161,0.0129602695239474,0.0060277295348771,0.005,97.03165743326775,97.061466429033,97.03493366416728,97.08537900389064,97.0886396182664,97.075,97.07253868771616,97.09811414148496,97.06126964833447,97.11129954293853,97.10069507733616,97.085,97.06126964833447,97.0886396182664,0.0273699699319251,0.0002819321171397,HYLB,HYG,2025-07-23,False,4211.0,3775.0,2713.0,2670.0,1242.0,1030.0,0,3778,0,0,-1243,0,SCYB,HYG,-0.0094745232185573,-9.759500637162496e-05,1,True,False,False,1,HYLB,HYG,0,0,2713,0,-1242,0,0.0,99965.88,0.0,0.0,-100061.5,0.0,200027.38,-95.61999999999534,0,-3778,2713,0,1,0,0,0,2713,0,1,0,0,3778,0,0,0,0,-0.0,-18.89,-13.565,-0.0,-0.005,-0.0,-32.46,0.0,113.33999999999055,0.0,0.0,-49.7200000000077,0.0,63.61999999998285,31.15999999998285,1155.8450000000014
23.71,26.44,36.8,37.4,80.44,96.94,-0.0299999999999975,-0.0499999999999971,-0.0500000000000042,-0.0600000000000022,-0.1000000000000085,-0.1400000000000005,4.088570223534373,3.666414523449319,2.634239130434783,2.5919786096256683,1.2051218299353557,1.0,4.08841976516838,3.6647843032345073,2.633738806635681,2.5920646087225454,1.2054426889699228,1.0,4.0883657256738255,3.664765320807303,2.633712579961437,2.5920690017470243,1.2055172275417765,1.0,96.9351513557264,96.89639508214508,96.92062294258088,96.94338066533872,96.97180578346048,96.94,0.0204418286283691,0.0183238266040365,0.0131685628998071,0.0129603450087351,0.0060275861377088,0.005,96.91470952709804,96.87807125554106,96.90745437968108,96.93042032032996,96.96577819732278,96.935,96.95559318435475,96.91471890874912,96.93379150548068,96.95634101034744,96.9778333695982,96.945,96.91471890874912,96.96577819732278,0.0510592885736542,0.0005267102184202,SCYB,HYG,2025-07-24,False,4219.0,3782.0,2718.0,2675.0,1244.0,1032.0,0,0,2713,0,-1242,0,HYLB,HYG,0.0319866918420927,0.0003299638110387,1,True,False,False,1,SCYB,HYG,0,3782,0,0,-1244,0,0.0,0.0,99974.05,0.0,-100030.68000000001,0.0,200004.73,-56.63000000000466,0,3782,-2713,0,-2,0,0,3782,0,0,0,0,0,0,2713,0,2,0,-0.0,-18.91,-13.565,-0.0,-0.01,-0.0,-32.485,-0.0,-0.0,-135.6500000000114,-0.0,124.20000000001056,-0.0,-11.450000000000841,-43.93500000000084,1111.9100000000005
23.74,26.49,36.82,37.43,80.49,97.04,0.0299999999999975,0.0499999999999971,0.0200000000000031,0.0300000000000011,0.0499999999999971,0.1000000000000085,4.087615838247684,3.663269158172896,2.635524171645845,2.592572802564788,1.2056156044229098,1.0,4.088375778319703,3.664683688608207,2.633765965788316,2.5919873664978432,1.2053726356503869,1.0,4.08841976516838,3.6647843032345073,2.633738806635681,2.5920646087225454,1.2054426889699228,1.0,97.05908522509732,97.08013619268208,96.97426286032578,97.02097830448488,97.02608203518908,97.04,0.0204420988258419,0.0183239215161725,0.0131686940331784,0.0129603230436127,0.0060272134448496,0.005,97.0386431262715,97.06181227116592,96.9610941662926,97.00801798144126,97.02005482174422,97.035,97.07952732392316,97.09846011419826,96.98743155435896,97.03393862752849,97.03210924863392,97.045,96.98743155435896,97.06181227116592,0.0743807168069565,0.0007664954328828,HYLB,SCYB,2025-07-25,False,4215.0,3778.0,2715.0,2672.0,1243.0,1031.0,0,3782,0,0,-1244,0,SCYB,HYG,-0.0784052924540361,-0.0008079688010514,1,True,False,False,1,HYLB,SCYB,0,-3778,2715,0,0,0,0.0,99996.08,0.0,0.0,-100067.36,0.0,200063.44,-71.27999999999884,0,-7560,2715,0,1244,0,0,0,2715,0,1244,0,0,7560,0,0,0,0,-0.0,-37.800000000000004,-13.575000000000001,-0.0,-6.22,-0.0,-57.595000000000006,0.0,189.09999999998905,0.0,0.0,-62.19999999999639,0.0,126.89999999999266,69.30499999999265,1181.214999999993
23.73,26.47,36.81,37.42,80.45,97.0,-0.009999999999998,-0.0199999999999995,-0.009999999999998,-0.009999999999998,-0.039999999999992,-0.0400000000000062,4.087652760219132,3.664525878352853,2.635153490899212,2.59219668626403,1.2057178371659416,1.0,4.088416089180575,3.664658564756473,2.6338116838115373,2.591998270329761,1.205327434653319,1.0,4.088375778319703,3.664683688608207,2.633765965788316,2.5919873664978432,1.2053726356503869,1.0,97.01715721952657,97.00417723745925,96.94892520066792,96.9921672543493,96.9722285380736,97.0,0.0204418788915985,0.018323418443041,0.0131688298289415,0.0129599368324892,0.0060268631782519,0.005,96.99671534063496,96.9858538190162,96.93575637083896,96.9792073175168,96.96620167489536,96.995,97.03759909841816,97.02250065590228,96.96209403049686,97.00512719118178,96.97825540125186,97.005,96.96209403049686,96.99671534063496,0.0346213101380925,0.0003569207230731,HYLB,SPHY,2025-07-28,False,4215.0,3778.0,2715.0,2672.0,1243.0,1031.0,0,-3778,2715,0,0,0,HYLB,SCYB,0.0237597885193423,0.0002449462733952,1,True,False,False,1,HYLB,SPHY,-4215,0,2715,0,0,0,0.0,-100079.22,99966.3,0.0,0.0,0.0,200045.52000000002,-112.91999999999825,-4215,3778,0,0,0,0,0,3778,0,0,0,0,4215,0,0,0,0,0,-21.075,-18.89,-0.0,-0.0,-0.0,-0.0,-39.965,-0.0,75.55999999999811,-27.14999999999457,-0.0,-0.0,-0.0,48.41000000000354,8.445000000003539,1189.6599999999967
23.74,26.47,36.84,37.44,80.5,97.02,0.009999999999998,0.0,0.0300000000000011,0.019999999999996,0.0499999999999971,0.019999999999996,4.086773378264533,3.665281450698904,2.633550488599348,2.5913461538461537,1.2052173913043478,1.0,4.088406018598003,3.664670941737538,2.633758439010736,2.5919068203574462,1.2052845224454427,1.0,4.088416089180575,3.664658564756473,2.6338116838115373,2.591998270329761,1.205327434653319,1.0,97.05899795714684,97.00351220910385,97.02962243161704,97.04441524114628,97.02885848959215,97.02,0.0204420804459028,0.0183232928237823,0.0131690584190576,0.0129599913516488,0.0060266371732665,0.005,97.03855587670093,96.98518891628008,97.016453373198,97.03145524979462,97.0228318524189,97.015,97.07944003759272,97.02183550192764,97.0427914900361,97.05737523249792,97.03488512676545,97.025,97.02183550192764,97.03855587670093,0.0167203747732997,0.0001723394637528,SCYB,SPHY,2025-07-29,False,4215.0,3778.0,2715.0,2672.0,1243.0,1031.0,-4215,0,2715,0,0,0,HYLB,SPHY,-0.0042356133351688,-4.365711539032018e-05,1,False,True,False,0,,,0,0,0,0,0,0,-100021.95,0.0,99939.15000000001,0.0,0.0,0.0,199961.1,-82.79999999998836,4215,0,-2715,0,0,0,4215,0,0,0,0,0,0,0,2715,0,0,0,-21.075,-0.0,-13.575000000000001,-0.0,-0.0,-0.0,-34.65,-42.14999999999157,0.0,81.45000000000299,0.0,0.0,0.0,39.300000000011416,4.650000000011417,1194.3100000000081
23.7,26.45,36.75,37.37,80.33,96.85,-0.0399999999999991,-0.0199999999999995,-0.0900000000000034,-0.0700000000000002,-0.1700000000000017,-0.1700000000000017,4.086497890295359,3.661625708884688,2.635374149659864,2.591651056997592,1.205651686791983,1.0,4.088116179835887,3.664545252200726,2.633909499434905,2.5918488152674115,1.2052827111258178,1.0,4.088406018598003,3.664670941737538,2.633758439010736,2.5919068203574462,1.2052845224454427,1.0,96.89522264077269,96.93054640895788,96.79062263364452,96.85955787675776,96.82050568804242,96.85,0.02044203009299,0.0183233547086876,0.0131687921950536,0.0129595341017872,0.0060264226122272,0.005,96.87478061067968,96.91222305424918,96.77745384144949,96.84659834265598,96.8144792654302,96.845,96.91566467086568,96.94886976366656,96.8037914258396,96.87251741085954,96.82653211065464,96.855,96.8037914258396,96.91222305424918,0.1084316284095905,0.0011195831534289,HYLB,SCYB,2025-07-30,False,4223.0,3786.0,2721.0,2677.0,1245.0,1033.0,0,0,0,0,0,0,,,0.0,0.0,0,True,False,False,1,HYLB,SCYB,0,-3786,2721,0,0,0,0.0,0.0,0.0,0.0,0.0,0.0,0.0,0.0,0,-3786,2721,0,0,0,0,0,2721,0,0,0,0,3786,0,0,0,0,-0.0,-18.93,-13.605,-0.0,-0.0,-0.0,-32.535,-0.0,-0.0,-0.0,-0.0,-0.0,-0.0,0.0,-32.535,1161.775000000008
23.7,26.43,36.77,37.39,80.38,96.89,0.0,-0.0199999999999995,0.0200000000000031,0.0200000000000031,0.0499999999999971,0.0400000000000062,4.088185654008439,3.66590995081347,2.635028555887952,2.5913345814388875,1.2053993530729037,1.0,4.087941601108341,3.6644821734445423,2.6339638916024333,2.591694140642597,1.2052625891380284,1.0,4.088116179835887,3.664545252200726,2.633909499434905,2.5918488152674115,1.2052827111258178,1.0,96.88835346211052,96.85393101566518,96.84885229422147,96.90922720284853,96.88062432029322,96.89,0.0204405808991794,0.0183227262610036,0.0131695474971745,0.012959244076337,0.006026413555629,0.005,96.86791288121134,96.83560828940418,96.8356827467243,96.89626795877216,96.8745979067376,96.885,96.90879404300968,96.8722537419262,96.86202184171864,96.92218644692484,96.88665073384884,96.895,96.86202184171864,96.89626795877216,0.0342461170535273,0.0003534535767729,HYLB,USHY,2025-07-31,False,4219.0,3782.0,2718.0,2675.0,1244.0,1032.0,0,-3786,2721,0,0,0,HYLB,SCYB,-0.0264135523144659,-0.0002726138127202,1,True,False,False,1,HYLB,USHY,0,0,2718,-2675,0,0,0.0,-100139.7,99996.75,0.0,0.0,0.0,200136.45,-142.9499999999971,0,3786,-3,-2675,0,0,0,3786,0,0,0,0,0,0,3,2675,0,0,-0.0,-18.93,-0.015,-13.375,-0.0,-0.0,-32.32,0.0,75.71999999999811,54.42000000000843,0.0,0.0,0.0,130.14000000000652,97.82000000000653,1259.5950000000146
23.55,26.26,36.57,37.18,79.98,96.35,-0.1499999999999985,-0.1699999999999981,-0.2000000000000028,-0.2100000000000008,-0.3999999999999915,-0.5400000000000063,4.091295116772823,3.6690784463061688,2.634673229423024,2.5914470145239377,1.2046761690422605,1.0,4.08796857729312,3.664602762426517,2.6339547580763027,2.591603660220815,1.2052064884200533,1.0,4.087941601108341,3.6644821734445423,2.6339638916024333,2.591694140642597,1.2052625891380284,1.0,96.27102470610144,96.22930187465369,96.32405951590098,96.35918814909178,96.39690187925952,96.35,0.0204397080055417,0.0183224108672227,0.0131698194580121,0.0129584707032129,0.0060263129456901,0.005,96.25058499809587,96.21097946378646,96.31088969644296,96.34622967838855,96.39087556631382,96.345,96.29146441410695,96.24762428552091,96.337229335359,96.372146619795,96.4029281922052,96.355,96.24762428552091,96.39087556631382,0.14325128079291,0.0014867802884578,SCYB,HYG,2025-08-01,True,4243.0,3804.0,2734.0,2690.0,1251.0,1038.0,0,0,2718,-2675,0,0,HYLB,USHY,0.0090003430295553,9.341300497722184e-05,1,True,False,False,1,SCYB,HYG,0,3804,0,0,-1251,0,0.0,0.0,99940.86000000002,-100018.25,0.0,0.0,199959.11000000002,-77.38999999998487,0,3804,-2718,2675,-1251,0,0,3804,0,2675,0,0,0,0,2718,0,1251,0,-0.0,-19.02,-13.59,-13.375,-6.255,-0.0,-52.24,-0.0,-0.0,-543.6000000000075,561.7500000000022,-0.0,-0.0,18.149999999994634,-34.09000000000537,1225.5050000000092
23.63,26.36,36.69,37.3,80.25,96.71,0.0799999999999983,0.0999999999999978,0.1199999999999974,0.1199999999999974,0.269999999999996,0.3599999999999994,4.09267879813796,3.668816388467375,2.63586808394658,2.592761394101877,1.2051090342679127,1.0,4.0881994689358345,3.6650261443972703,2.634051490151428,2.591630991670875,1.2051872834542978,1.0,4.08796857729312,3.664602762426517,2.6339547580763027,2.591603660220815,1.2052064884200533,1.0,96.59869748143642,96.59892881756298,96.63980007381954,96.6668165262364,96.71782069570928,96.71,0.0204398428864656,0.0183230138121325,0.0131697737903815,0.012958018301104,0.0060260324421002,0.005,96.57825763854996,96.58060580375084,96.62663030002916,96.65385850793528,96.71179466326718,96.705,96.61913732432288,96.61725183137511,96.65296984760992,96.6797745445375,96.72384672815136,96.715,96.61725183137511,96.71179466326718,0.0945428318920704,0.0009775910649578,SCYB,HYG,2025-08-04,False,4227.0,3789.0,2724.0,2680.0,1246.0,1034.0,0,3804,0,0,-1251,0,SCYB,HYG,0.0945428318920704,0.0009775910649578,1,True,False,True,0,,,0,0,0,0,0,0,0.0,99893.04000000001,0.0,0.0,-100054.98000000001,0.0,199948.02000000002,-161.94000000000233,0,-3804,0,0,1251,0,0,0,0,0,1251,0,0,3804,0,0,0,0,-0.0,-19.02,-0.0,-0.0,-6.255,-0.0,-25.275,0.0,380.3999999999916,0.0,0.0,-337.76999999999504,0.0,42.629999999996585,17.354999999996586,1242.8600000000058
23.64,26.4,36.69,37.3,80.21,96.64,0.0100000000000015,0.0399999999999991,0.0,0.0,-0.0400000000000062,-0.0699999999999931,4.0879864636209815,3.6606060606060606,2.6339602071409107,2.59088471849866,1.2048373020820349,1.0,4.088080336452904,3.664697755909887,2.634077826102573,2.5915918942624745,1.205165365585528,1.0,4.0881994689358345,3.6650261443972703,2.634051490151428,2.591630991670875,1.2051872834542978,1.0,96.64503544564312,96.75669021208792,96.64334917365588,96.66783598932363,96.66807200586922,96.64,0.0204409973446791,0.0183251307219863,0.0131702574507571,0.0129581549583543,0.0060259364172714,0.005,96.62459444829844,96.73836508136594,96.63017891620513,96.65487783436528,96.66204606945196,96.635,96.6654764429878,96.77501534280992,96.65651943110664,96.680794144282,96.6740979422865,96.645,96.645,96.73836508136594,0.0933650813659454,0.0009661121830085,JNK,SCYB,2025-08-05,False,4231.0,3793.0,2726.0,2682.0,1247.0,1035.0,0,0,0,0,0,0,,,0.0,0.0,0,True,False,False,1,JNK,SCYB,0,-3793,0,0,0,1035,0.0,0.0,0.0,0.0,0.0,0.0,0.0,0.0,0,-3793,0,0,0,1035,0,0,0,0,0,1035,0,3793,0,0,0,0,-0.0,-18.965,-0.0,-0.0,-0.0,-5.175,-24.14,0.0,0.0,0.0,0.0,-0.0,-0.0,0.0,-24.14,1218.7200000000057
23.65,26.38,36.72,37.33,80.29,96.77,0.009999999999998,-0.0199999999999995,0.0300000000000011,0.0300000000000011,0.0800000000000125,0.1299999999999954,4.091754756871036,3.668309325246399,2.635348583877996,2.592285025448701,1.2052559471914308,1.0,4.088226449930973,3.664836771660261,2.634191754887865,2.5916350999585025,1.2051738305675903,1.0,4.088080336452904,3.664697755909887,2.634077826102573,2.5915918942624745,1.205165365585528,1.0,96.68309995711118,96.6747268009028,96.7233377744865,96.74412541281816,96.76272720286204,96.77,0.0204404016822645,0.0183234887795494,0.0131703891305128,0.0129579594713123,0.0060258268279276,0.005,96.66265955542892,96.65640331212326,96.710167385356,96.73116745334686,96.75670137603412,96.765,96.70354035879345,96.69305028968236,96.736508163617,96.75708337228949,96.76875302968996,96.775,96.69305028968236,96.765,0.0719497103176536,0.0007435125588266,SCYB,JNK,2025-08-06,False,4223.0,3786.0,2721.0,2677.0,1245.0,1033.0,0,-3793,0,0,0,1035,JNK,SCYB,-0.1185966878767459,-0.0012255522153223,1,True,False,False,1,SCYB,JNK,0,3786,0,0,0,-1033,0.0,-100135.2,0.0,0.0,0.0,100022.4,200157.59999999998,-112.80000000000291,0,7579,0,0,0,-2068,0,7579,0,0,0,0,0,0,0,0,0,2068,-0.0,-37.895,-0.0,-0.0,-0.0,-10.34,-48.235,0.0,75.85999999999811,0.0,0.0,0.0,134.54999999999524,210.40999999999335,162.17499999999336,1380.894999999999
23.64,26.37,36.69,37.31,80.21,96.7,-0.009999999999998,-0.009999999999998,-0.0300000000000011,-0.019999999999996,-0.0800000000000125,-0.0699999999999931,4.090524534686971,3.66704588547592,2.6355955301171985,2.591798445456982,1.2055853384864732,1.0,4.088416805260923,3.664868382822102,2.6342785106739868,2.591616758212033,1.2051698078376023,1.0,4.088226449930973,3.664836771660261,2.634191754887865,2.5916350999585025,1.2051738305675903,1.0,96.6456732763682,96.64174566868108,96.64849548683576,96.69390557945174,96.66699294982642,96.7,0.0204411322496548,0.0183241838583013,0.0131709587744393,0.0129581754997925,0.0060258691528379,0.005,96.62523214411854,96.6234214848228,96.63532452806132,96.68094740395196,96.6609670806736,96.695,96.66611440861786,96.66006985253938,96.6616664456102,96.70686375495151,96.67301881897926,96.705,96.66006985253938,96.695,0.0349301474606278,0.0003612217938017,SCYB,JNK,2025-08-07,False,4227.0,3789.0,2724.0,2680.0,1246.0,1034.0,0,3786,0,0,0,-1033,SCYB,JNK,0.0349301474606136,0.0003612217938015,1,True,False,False,1,SCYB,JNK,0,3789,0,0,0,-1034,0.0,99874.68,0.0,0.0,0.0,-99963.40999999999,199838.08999999997,-88.72999999999593,0,3,0,0,0,-1,0,3,0,0,0,0,0,0,0,0,0,1,-0.0,-0.015,-0.0,-0.0,-0.0,-0.005,-0.02,-0.0,-37.859999999992425,-0.0,-0.0,-0.0,72.30999999999287,34.45000000000044,34.43000000000044,1415.3249999999996
23.64,26.39,36.68,37.3,80.22,96.72,0.0,0.0199999999999995,-0.009999999999998,-0.0100000000000051,0.0100000000000051,0.019999999999996,4.091370558375634,3.665024630541872,2.6368593238822244,2.593029490616622,1.205684367988033,1.0,4.088576685447615,3.664843293558622,2.63444479745794,2.5917142295187907,1.2052016208890095,1.0,4.088416805260923,3.664868382822102,2.6342785106739868,2.591616758212033,1.2051698078376023,1.0,96.65017327636824,96.71587662267528,96.62533577152185,96.66730508130884,96.67872198473246,96.72,0.0204420840263046,0.0183243419141105,0.0131713925533699,0.0129580837910601,0.006025849039188,0.005,96.62973119234194,96.69755228076116,96.61216437896846,96.65434699751776,96.67269613569329,96.715,96.67061536039454,96.73420096458938,96.6385071640752,96.68026316509987,96.68474783377164,96.725,96.6385071640752,96.715,0.076492835924796,0.0007908688577832,HYLB,JNK,2025-08-08,False,4227.0,3789.0,2724.0,2680.0,1246.0,1034.0,0,3789,0,0,0,-1034,SCYB,JNK,-0.0192009645893733,-0.0001985211392615,1,True,False,False,1,HYLB,JNK,0,0,2724,0,0,-1034,0.0,99915.93000000001,0.0,0.0,0.0,-99987.8,199903.73,-71.86999999999534,0,-3789,2724,0,0,0,0,0,2724,0,0,0,0,3789,0,0,0,0,-0.0,-18.945,-13.620000000000001,-0.0,-0.0,-0.0,-32.565,0.0,75.77999999999811,-0.0,-0.0,0.0,-20.679999999995864,55.10000000000225,22.53500000000225,1437.860000000002
23.63,26.39,36.68,37.31,80.22,96.7,-0.0100000000000015,0.0,0.0,0.0100000000000051,0.0,-0.019999999999996,4.092255607278883,3.664266767715044,2.6363140676117776,2.591798445456982,1.2054350536025928,1.0,4.088763375171999,3.664818211291376,2.6345688228030584,2.5916988886337453,1.2052099199544557,1.0,4.088576685447615,3.664843293558622,2.63444479745794,2.5917142295187907,1.2052016208890095,1.0,96.61306707712714,96.71521451701204,96.63143517075724,96.69685790334609,96.68127402771634,96.7,0.020442883427238,0.0183242164677931,0.0131722239872897,0.0129585711475939,0.006026008104445,0.005,96.5926241936999,96.69689030054424,96.61826294676996,96.6838993321985,96.6752480196119,96.695,96.63350996055438,96.73353873347985,96.64460739474453,96.70981647449368,96.68730003582078,96.705,96.63350996055438,96.69689030054424,0.0633803399898766,0.000655432678282,SPHY,SCYB,2025-08-11,False,4228.0,3789.0,2724.0,2680.0,1246.0,1034.0,0,0,2724,0,0,-1034,HYLB,JNK,0.0503926052554675,0.0005211231153616,1,True,False,False,1,SPHY,SCYB,4228,-3789,0,0,0,0,0.0,0.0,99916.31999999999,0.0,0.0,-100008.48,199924.8,-92.16000000000349,4228,-3789,-2724,0,0,1034,4228,0,0,0,0,1034,0,3789,2724,0,0,0,-21.14,-18.945,-13.620000000000001,-0.0,-0.0,-5.17,-58.875,-0.0,0.0,0.0,0.0,0.0,20.679999999995864,20.679999999995864,-38.195000000004136,1399.664999999998
23.68,26.42,36.75,37.38,80.4,96.89,0.0500000000000007,0.0300000000000011,0.0700000000000002,0.0700000000000002,0.1800000000000068,0.1899999999999977,4.091638513513513,3.667297501892506,2.636462585034013,2.592027822364901,1.205099502487562,1.0,4.088969769836631,3.665046428601455,2.6347640450780143,2.591763392299109,1.2052144254482766,1.0,4.088763375171999,3.664818211291376,2.6345688228030584,2.5916988886337453,1.2052099199544557,1.0,96.82191672407296,96.82449714231812,96.8204042380124,96.8777044571294,96.89887756433824,96.89,0.0204438168758599,0.0183240910564568,0.0131728441140152,0.0129584944431687,0.0060260495997722,0.005,96.8014729071971,96.80617305126168,96.8072313938984,96.86474596268624,96.89285151473848,96.885,96.8423605409488,96.84282123337458,96.8335770821264,96.89066295157258,96.90490361393802,96.895,96.8335770821264,96.89285151473848,0.0592744326120708,0.0006117703850972,HYLB,HYG,2025-08-12,False,4220.0,3782.0,2719.0,2675.0,1244.0,1032.0,4228,-3789,0,0,0,0,SPHY,SCYB,-0.0361874896871228,-0.0003734904498619,1,True,False,False,1,HYLB,HYG,0,0,2719,0,-1244,0,99907.64,-99991.71,0.0,0.0,0.0,0.0,199899.35,-84.07000000000698,-4228,3789,2719,0,-1244,0,0,3789,2719,0,0,0,4228,0,0,0,1244,0,-21.14,-18.945,-13.595,-0.0,-6.22,-0.0,-59.9,211.40000000000293,-113.67000000000417,0.0,0.0,0.0,0.0,97.72999999999877,37.82999999999877,1437.4949999999967
23.74,26.49,36.87,37.49,80.61,97.17,0.0599999999999987,0.0699999999999967,0.1199999999999974,0.1099999999999994,0.2099999999999937,0.2800000000000011,4.093091828138164,3.668176670441676,2.635475996745322,2.5918911709789274,1.2054335690360998,1.0,4.089302327345234,3.665318156160759,2.6348971132745485,2.5917691306384345,1.2052562762708037,1.0,4.088969769836631,3.665046428601455,2.6347640450780143,2.591763392299109,1.2052144254482766,1.0,97.0721423359216,97.08707989365251,97.14375034202638,97.1652095772936,97.15233483538556,97.17,0.0204448488491831,0.0183252321430072,0.01317382022539,0.0129588169614955,0.0060260721272413,0.005,97.05169748707242,97.06875466150952,97.130576521801,97.1522507603321,97.14630876325832,97.165,97.09258718477078,97.10540512579554,97.15692416225176,97.1781683942551,97.15836090751282,97.175,97.09258718477078,97.165,0.072412815229228,0.0007452178164992,SPHY,JNK,2025-08-13,False,4208.0,3771.0,2711.0,2667.0,1240.0,1029.0,0,0,2719,0,-1244,0,HYLB,HYG,-0.0106153989934369,-0.0001092456415914,1,True,False,False,1,SPHY,JNK,4208,0,0,0,0,-1029,0.0,0.0,99923.25,0.0,-100017.6,0.0,199940.85,-94.35000000000582,4208,0,-2719,0,1244,-1029,4208,0,0,0,1244,0,0,0,2719,0,0,1029,-21.04,-0.0,-13.595,-0.0,-6.22,-5.1450000000000005,-46.0,0.0,0.0,326.2799999999929,0.0,-261.23999999999216,0.0,65.04000000000076,19.04000000000076,1456.5349999999976
23.7,26.44,36.78,37.4,80.4,96.89,-0.0399999999999991,-0.0499999999999971,-0.0899999999999963,-0.0900000000000034,-0.2099999999999937,-0.2800000000000011,4.088185654008439,3.664523449319213,2.63431212615552,2.5906417112299467,1.205099502487562,1.0,4.089308561781473,3.6653880312063847,2.634951961469426,2.591760030259497,1.2052666793961797,1.0,4.089302327345234,3.665318156160759,2.6348971132745485,2.5917691306384345,1.2052562762708037,1.0,96.91646515808203,96.91101204889048,96.91151582623787,96.93216548587743,96.9026046121726,96.89,0.0204465116367261,0.0183265907808037,0.0131744855663727,0.0129588456531921,0.006026281381354,0.005,96.89601864644531,96.89268545810968,96.89834134067152,96.91920664022426,96.89657833079126,96.885,96.93691166971875,96.92933863967129,96.92469031180426,96.94512433153064,96.90863089355396,96.895,96.895,96.91920664022426,0.0242066402242642,0.0002498363115312,JNK,USHY,2025-08-14,False,4220.0,3783.0,2719.0,2675.0,1244.0,1032.0,4208,0,0,0,0,-1029,SPHY,JNK,-0.0519116697187485,-0.0005357794376999,1,True,False,False,1,JNK,USHY,0,0,0,-2675,0,1032,99897.92,0.0,0.0,0.0,0.0,-99987.93000000001,199885.85,-90.01000000000931,-4208,0,0,-2675,0,2061,0,0,0,0,0,2061,4208,0,0,2675,0,0,-21.04,-0.0,-0.0,-13.375,-0.0,-10.305,-44.72,-168.3199999999962,-0.0,-0.0,-0.0,-0.0,288.1200000000011,119.80000000000487,75.08000000000487,1531.6150000000025
23.69,26.45,36.78,37.41,80.46,96.92,-0.009999999999998,0.009999999999998,0.0,0.009999999999998,0.059999999999988,0.0300000000000011,4.091177712114816,3.664272211720227,2.635127786840674,2.590751136059877,1.204573701217997,1.0,4.089600442739981,3.665388303406645,2.6350003693350224,2.5917423887773894,1.2052461432732788,1.0,4.089308561781473,3.6653880312063847,2.634951961469426,2.591760030259497,1.2052666793961797,1.0,96.8757198286031,96.94951342540888,96.91353314284548,96.95774273200776,96.9757570242166,96.92,0.0204465428089073,0.0183269401560319,0.0131747598073471,0.0129588001512974,0.0060263333969808,0.005,96.85527328579418,96.93118648525284,96.90035838303814,96.94478393185648,96.96973069081965,96.915,96.896166371412,96.9678403655649,96.92670790265282,96.97070153215908,96.98178335761358,96.925,96.896166371412,96.96973069081965,0.0735643194076232,0.0007590210421752,SPHY,HYG,2025-08-15,False,4220.0,3783.0,2719.0,2675.0,1244.0,1032.0,0,0,0,-2675,0,1032,JNK,USHY,0.0197839318564803,0.0002041264120561,1,True,False,False,1,SPHY,HYG,4220,0,0,0,-1244,0,0.0,0.0,0.0,-100045.0,0.0,99990.48,200035.47999999998,-54.520000000004075,4220,0,0,2675,-1244,-1032,4220,0,0,2675,0,0,0,0,0,0,1244,1032,-21.1,-0.0,-0.0,-13.375,-6.22,-5.16,-45.855000000000004,-0.0,0.0,0.0,-26.74999999999465,0.0,30.960000000001134,4.2100000000064846,-41.644999999993516,1489.970000000009
23.69,26.45,36.78,37.39,80.4,96.87,0.0,0.0,0.0,-0.019999999999996,-0.059999999999988,-0.0499999999999971,4.089067116926973,3.662381852551985,2.633768352365416,2.590799679058572,1.2048507462686566,1.0,4.089684866547494,3.6653946880160895,2.635018947410188,2.5917265793131383,1.20524104494709,1.0,4.089600442739981,3.665388303406645,2.6350003693350224,2.5917423887773894,1.2052461432732788,1.0,96.88263448851016,96.94952062510576,96.91531358414213,96.9052479163866,96.90178991917162,96.87,0.0204480022136999,0.0183269415170332,0.0131750018466751,0.0129587119438869,0.0060262307163663,0.005,96.86218648629644,96.93119368358872,96.90213858229544,96.8922892044427,96.89576368845523,96.865,96.90308249072385,96.96784756662278,96.9284885859888,96.91820662833048,96.907816149888,96.875,96.875,96.93119368358872,0.0561936835887166,0.0005800937709168,JNK,SCYB,2025-08-18,False,4220.0,3783.0,2719.0,2675.0,1244.0,1032.0,4220,0,0,0,-1244,0,SPHY,HYG,-0.0073188022686139,-7.555282614446084e-05,1,True,False,False,1,JNK,SCYB,0,-3783,0,0,0,1032,99971.8,0.0,0.0,0.0,-100092.23999999999,0.0,200064.03999999998,-120.43999999998778,-4220,-3783,0,0,1244,1032,0,0,0,0,1244,1032,4220,3783,0,0,0,0,-21.1,-18.915,-0.0,-0.0,-6.22,-5.16,-51.394999999999996,0.0,0.0,0.0,-0.0,74.63999999998508,-0.0,74.63999999998508,23.244999999985083,1513.214999999994
23.69,26.42,36.77,37.4,80.38,96.86,0.0,-0.0299999999999975,-0.009999999999998,0.009999999999998,-0.0200000000000102,-0.0100000000000051,4.088644997889404,3.666161998485995,2.6342126733750337,2.5898395721925134,1.2050261259019657,1.0,4.089713408055955,3.6653883510545233,2.635065628853098,2.5916299926008297,1.2052376928570951,1.0,4.089684866547494,3.6653946880160895,2.635018947410188,2.5917265793131383,1.20524104494709,1.0,96.88463448851014,96.83972765738508,96.8896466962726,96.93057406631137,96.8772751928471,96.86,0.0204484243327374,0.0183269734400804,0.0131750947370509,0.0129586328965656,0.0060262052247354,0.005,96.8641860641774,96.821400683945,96.87647160153556,96.9176154334148,96.87124898762237,96.855,96.90508291284289,96.85805463082517,96.90282179100966,96.94353269920794,96.88330139807184,96.865,96.85805463082517,96.9176154334148,0.0595608025896297,0.000614916400884,SCYB,USHY,2025-08-19,False,4221.0,3783.0,2719.0,2675.0,1244.0,1032.0,0,-3783,0,0,0,1032,JNK,SCYB,-0.0435993160549941,-0.0004501271531591,1,True,False,False,1,SCYB,USHY,0,3783,0,-2675,0,0,0.0,-100060.34999999999,0.0,0.0,0.0,99969.84000000001,200030.19,-90.50999999998021,0,7566,0,-2675,0,-1032,0,7566,0,0,0,0,0,0,0,2675,0,1032,-0.0,-37.83,-0.0,-13.375,-0.0,-5.16,-56.364999999999995,0.0,113.48999999999054,-0.0,0.0,-0.0,-10.320000000005264,103.16999999998528,46.804999999985284,1560.0199999999793
23.68,26.41,36.74,37.37,80.35,96.79,-0.0100000000000015,-0.0100000000000015,-0.0300000000000011,-0.0300000000000011,-0.0300000000000011,-0.0699999999999931,4.087415540540541,3.664899659219993,2.634458356015242,2.5900454910355903,1.204604853764779,1.0,4.089619147172283,3.665394375918128,2.635065344482897,2.5915540503880603,1.2051997458259402,1.0,4.089713408055955,3.6653883510545233,2.635065628853098,2.5916299926008297,1.2052376928570951,1.0,96.844413502765,96.80290635134996,96.81231120406282,96.849212823493,96.8408486210676,96.79,0.0204485670402797,0.0183269417552726,0.0131753281442654,0.0129581499630041,0.0060261884642854,0.005,96.82396493572472,96.78457940959468,96.79913587591857,96.83625467353,96.8348224326033,96.785,96.86486206980528,96.82123329310524,96.8254865322071,96.862170973456,96.84687480953188,96.795,96.795,96.83625467353,0.0412546735300054,0.000426228675793,JNK,USHY,2025-08-20,False,4225.0,3786.0,2722.0,2677.0,1245.0,1033.0,0,3783,0,-2675,0,0,SCYB,USHY,0.0150213804247556,0.000155195582444,1,True,False,False,1,JNK,USHY,0,0,0,-2677,0,1033,0.0,99946.86,0.0,-100045.0,0.0,0.0,199991.86,-98.13999999999942,0,-3783,0,-2,0,1033,0,0,0,0,0,1033,0,3783,0,2,0,0,-0.0,-18.915,-0.0,-0.01,-0.0,-5.165,-24.09,-0.0,-37.830000000005676,-0.0,80.25000000000294,-0.0,-0.0,42.419999999997266,18.329999999997266,1578.3499999999765
23.64,26.39,36.69,37.32,80.2,96.62,-0.0399999999999991,-0.0199999999999995,-0.0500000000000042,-0.0499999999999971,-0.1499999999999914,-0.1700000000000017,4.087140439932318,3.66123531640773,2.633415099482148,2.5889603429796355,1.2047381546134663,1.0,4.08954765799218,3.665135415566049,2.635024142935265,2.591403137055759,1.2051805620598457,1.0,4.089619147172283,3.665394375918128,2.635065344482897,2.5915540503880603,1.2051997458259402,1.0,96.67859663915276,96.7297575804794,96.68054748907748,96.7167971604824,96.65701961524042,96.62,0.0204480957358614,0.0183269718795906,0.0131753267224144,0.0129577702519403,0.0060259987291297,0.005,96.65814854341691,96.7114306085998,96.66737216235506,96.70383939023048,96.65099361651129,96.615,96.69904473488864,96.748084552359,96.6937228157999,96.72975493073436,96.66304561396954,96.625,96.625,96.7114306085998,0.0864306085998123,0.0008945415918009,JNK,SCYB,2025-08-21,False,4233.0,3794.0,2727.0,2682.0,1247.0,1035.0,0,0,0,-2677,0,1033,JNK,USHY,0.0788393902304847,0.0008159738173306,1,True,False,False,1,JNK,SCYB,0,-3794,0,0,0,1035,0.0,0.0,0.0,-100039.48999999999,0.0,99984.07,200023.56,-55.4199999999837,0,-3794,0,2677,0,2,0,0,0,2677,0,2,0,3794,0,0,0,0,-0.0,-18.97,-0.0,-13.385,-0.0,-0.01,-32.364999999999995,-0.0,-0.0,-0.0,133.84999999999224,-0.0,-175.61000000000178,-41.76000000000954,-74.12500000000954,1504.224999999967
23.81,26.59,37.0,37.6,80.85,97.43,0.1699999999999981,0.1999999999999993,0.3100000000000023,0.2800000000000011,0.6499999999999915,0.8100000000000023,4.091978160436792,3.664159458443024,2.6332432432432435,2.59122340425532,1.2050711193568338,1.0,4.089765774101635,3.665179930579555,2.634910096515134,2.591335667140285,1.2051533378065418,1.0,4.08954765799218,3.665135415566049,2.635024142935265,2.591403137055759,1.2051805620598457,1.0,97.37212973679378,97.45595069990122,97.4958932886048,97.43675795329654,97.43884844253851,97.43,0.0204477382899609,0.0183256770778302,0.0131751207146763,0.0129570156852787,0.0060259028102992,0.005,97.35168199850382,97.4376250228234,97.48271816789013,97.42380093761126,97.43282253972822,97.425,97.39257747508374,97.47427637697903,97.50906840931948,97.4497149689818,97.4448743453488,97.435,97.39257747508374,97.48271816789013,0.0901406928063863,0.0009251841610016,SPHY,HYLB,2025-08-22,False,4196.0,3760.0,2704.0,2659.0,1237.0,1026.0,0,-3794,0,0,0,1035,JNK,SCYB,0.0026250228233948,2.6942654453400687e-05,1,True,False,False,1,SPHY,HYLB,4196,0,-2704,0,0,0,0.0,-100123.66,0.0,0.0,0.0,100001.70000000001,200125.36000000002,-121.95999999999185,4196,3794,-2704,0,0,-1035,4196,3794,0,0,0,0,0,0,2704,0,0,1035,-20.98,-18.97,-13.52,-0.0,-0.0,-5.175,-58.644999999999996,0.0,-758.7999999999973,0.0,0.0,0.0,838.3500000000024,79.55000000000507,20.905000000005074,1525.129999999972
23.79,26.56,36.92,37.55,80.69,97.31,-0.0199999999999995,-0.0300000000000011,-0.0799999999999983,-0.0500000000000042,-0.1599999999999966,-0.1200000000000045,4.090374106767549,3.663780120481928,2.63569880823402,2.5914780292942745,1.2059734787458174,1.0,4.089901841429056,3.665142642686009,2.6349373623818755,2.5912997342917974,1.2051661198855357,1.0,4.089765774101635,3.665179930579555,2.634910096515134,2.591335667140285,1.2051533378065418,1.0,97.29552776587788,97.34717895619298,97.28088076333876,97.30465430111772,97.24382282760985,97.31,0.0204488288705081,0.0183258996528977,0.0131745504825756,0.0129566783357014,0.0060257666890327,0.005,97.27507893700738,97.32885305654008,97.2677062128562,97.291697622782,97.2377970609208,97.305,97.3159765947484,97.36550485584588,97.29405531382136,97.3176109794534,97.24984859429888,97.315,97.24984859429888,97.32885305654008,0.0790044622412011,0.0008118843103607,HYG,SCYB,2025-08-25,False,4204.0,3768.0,2709.0,2664.0,1239.0,1028.0,4196,0,-2704,0,0,0,SPHY,HYLB,-0.048270381892209,-0.00049604749658,1,True,False,False,1,HYG,SCYB,0,-3768,0,0,1239,0,99906.76,0.0,-100048.0,0.0,0.0,0.0,199954.76,-141.24000000000524,-4196,-3768,2704,0,1239,0,0,0,2704,0,1239,0,4196,3768,0,0,0,0,-20.98,-18.84,-13.52,-0.0,-6.195,-0.0,-59.535000000000004,-83.9199999999979,-0.0,216.3199999999954,-0.0,-0.0,-0.0,132.39999999999748,72.86499999999748,1597.9949999999694
23.84,26.59,36.99,37.63,80.87,97.52,0.0500000000000007,0.0300000000000011,0.0700000000000002,0.0800000000000054,0.1800000000000068,0.2099999999999937,4.090604026845638,3.667544189544941,2.6363882130305485,2.5915492957746475,1.2058859898602694,1.0,4.090093373858112,3.665255779628312,2.635079248603435,2.591309891388222,1.2051995498133317,1.0,4.089901841429056,3.665142642686009,2.6349373623818755,2.5912997342917974,1.2051661198855357,1.0,97.5032598996687,97.45614286902098,97.46633303450558,97.51060900140034,97.46178411514326,97.52,0.0204495092071452,0.01832571321343,0.0131746868119093,0.0129564986714589,0.0060258305994276,0.005,97.48281039046157,97.43781715580756,97.45315834769367,97.49765250272888,97.45575828454383,97.515,97.52370940887585,97.4744685822344,97.47950772131747,97.5235655000718,97.46780994574269,97.525,97.46780994574269,97.515,0.0471900542573138,0.0004839012946812,HYG,JNK,2025-08-26,False,4192.0,3757.0,2701.0,2656.0,1235.0,1025.0,0,-3768,0,0,1239,0,HYG,SCYB,-0.0299927899351217,-0.0003075552700484,1,True,False,False,1,HYG,JNK,0,0,0,0,1235,-1025,0.0,-100078.08,0.0,0.0,99974.91,0.0,200052.99,-103.16999999999825,0,3768,0,0,-4,-1025,0,3768,0,0,0,0,0,0,0,0,4,1025,-0.0,-18.84,-0.0,-0.0,-0.02,-5.125,-23.985,0.0,-113.04000000000414,0.0,0.0,223.02000000000842,0.0,109.98000000000428,85.99500000000428,1683.9899999999736
23.87,26.61,37.03,37.68,80.97,97.67,0.0300000000000011,0.0199999999999995,0.0399999999999991,0.0499999999999971,0.0999999999999943,0.1500000000000056,4.091746962714705,3.670424652386321,2.6375911423170404,2.5920912951167727,1.2062492281091763,1.0,4.090355827479079,3.665695726803392,2.6351900982362944,2.591331903294181,1.2052294268791912,1.0,4.090093373858112,3.665255779628312,2.635079248603435,2.591309891388222,1.2051995498133317,1.0,97.63052883399314,97.53245629590934,97.5769845757852,97.6405567075082,97.58500754838546,97.67,0.0204504668692905,0.0183262788981415,0.0131753962430171,0.0129565494569411,0.0060259977490666,0.005,97.61007836712383,97.5141300170112,97.5638091795422,97.62760015805128,97.5789815506364,97.665,97.65097930086245,97.55078257480749,97.59015997202822,97.65351325696516,97.59103354613453,97.675,97.55078257480749,97.665,0.1142174251925212,0.0011694217793848,SCYB,JNK,2025-08-27,False,4188.0,3753.0,2698.0,2654.0,1234.0,1024.0,0,0,0,0,1235,-1025,HYG,JNK,0.0739664538654807,0.0007573098583544,1,True,False,False,1,SCYB,JNK,0,3753,0,0,0,-1024,0.0,0.0,0.0,0.0,99874.45000000001,-99958.0,199832.45,-83.54999999998836,0,3753,0,0,-1235,1,0,3753,0,0,0,1,0,0,0,0,1235,0,-0.0,-18.765,-0.0,-0.0,-6.175,-0.005,-24.945,0.0,0.0,0.0,0.0,123.49999999999297,-153.75000000000574,-30.250000000012776,-55.195000000012776,1628.794999999961
23.87,26.65,37.03,37.67,81.01,97.68,0.0,0.0399999999999991,0.0,-0.009999999999998,0.0400000000000062,0.0100000000000051,4.092165898617512,3.665290806754222,2.6378611936267893,2.5930448632864347,1.2057770645599308,1.0,4.090554839709533,3.66566476960043,2.635331730123236,2.5914174173865585,1.2052483124535427,1.0,4.090355827479079,3.665695726803392,2.6351900982362944,2.591331903294181,1.2052294268791912,1.0,97.63679360192562,97.6907911193104,97.58108933769,97.61547279709184,97.63563587148327,97.68,0.0204517791373953,0.0183284786340169,0.0131759504911814,0.0129566595164709,0.0060261471343959,0.005,97.61634182278824,97.67246264067636,97.5679133871988,97.60251613757536,97.6296097243489,97.675,97.657245381063,97.7091195979444,97.59426528818118,97.6284294566083,97.64166201861768,97.685,97.59426528818118,97.675,0.0807347118188346,0.0008265224387677,HYLB,JNK,2025-08-28,False,4189.0,3754.0,2698.0,2654.0,1234.0,1024.0,0,3753,0,0,0,-1024,SCYB,JNK,-0.0341195979443966,-0.0003492997332554,1,True,False,False,1,HYLB,JNK,0,0,2698,0,0,-1024,0.0,99867.33,0.0,0.0,0.0,-100014.08,199881.41,-146.75,0,-3753,2698,0,0,0,0,0,2698,0,0,0,0,3753,0,0,0,0,-0.0,-18.765,-13.49,-0.0,-0.0,-0.0,-32.255,0.0,150.11999999999662,0.0,-0.0,0.0,-10.240000000005223,139.8799999999914,107.62499999999142,1736.4199999999523
23.84,26.57,37.0,37.63,80.86,97.51,-0.0300000000000011,-0.0799999999999983,-0.0300000000000011,-0.0399999999999991,-0.1500000000000056,-0.1700000000000017,4.090184563758389,3.6699284907790735,2.6354054054054057,2.591283550358756,1.2059114518921594,1.0,4.090499312058811,3.665707271824076,2.6353683389223552,2.5914092441782994,1.2053100765960376,1.0,4.090554839709533,3.66566476960043,2.635331730123236,2.5914174173865585,1.2052483124535427,1.0,97.51882737867528,97.39671292828343,97.50727401455973,97.5150374162562,97.45637854499346,97.51,0.0204527741985476,0.0183283238480021,0.0131766586506161,0.0129570870869327,0.0060262415622677,0.005,97.49837460447672,97.37838460443544,97.4940973559091,97.50208032916927,97.4503523034312,97.505,97.5392801528738,97.41504125213145,97.52045067321036,97.52799450334314,97.46240478655572,97.515,97.41504125213145,97.505,0.0899587478685788,0.0009225592028364,SCYB,JNK,2025-08-29,False,4197.0,3761.0,2704.0,2659.0,1237.0,1026.0,0,0,2698,0,0,-1024,HYLB,JNK,-0.0154506732103669,-0.0001584521916764,1,True,False,False,1,SCYB,JNK,0,3761,0,0,0,-1026,0.0,0.0,99906.94,0.0,0.0,-100024.32,199931.26,-117.38000000000466,0,3761,-2698,0,0,-2,0,3761,0,0,0,0,0,0,2698,0,0,2,-0.0,-18.805,-13.49,-0.0,-0.0,-0.01,-32.305,-0.0,-0.0,-80.94000000000297,-0.0,-0.0,174.08000000000175,93.13999999999878,60.83499999999878,1797.254999999951
23.66,26.41,36.74,37.36,80.39,96.84,-0.1799999999999997,-0.1600000000000001,-0.259999999999998,-0.2700000000000031,-0.4699999999999988,-0.6700000000000017,4.092983939137786,3.666792881484288,2.6358192705498094,2.592077087794433,1.204627441224033,1.0,4.0905145691088025,3.665606096474921,2.635365898252517,2.591375028862928,1.2052859969438436,1.0,4.090499312058811,3.665707271824076,2.6353683389223552,2.5914092441782994,1.2053100765960376,1.0,96.78121372331148,96.81132904887384,96.82343277200734,96.81504936250128,96.89487705755546,96.84,0.020452496560294,0.0183285363591203,0.0131768416946117,0.0129570462208914,0.0060265503829801,0.005,96.76076122675116,96.79300051251472,96.81025593031272,96.80209231628038,96.88885050717248,96.835,96.80166621987176,96.82965758523297,96.83660961370197,96.82800640872216,96.90090360793845,96.845,96.80166621987176,96.88885050717248,0.0871842873007153,0.000900292103477,SPHY,HYG,2025-09-02,True,4225.0,3787.0,2722.0,2677.0,1245.0,1033.0,0,3761,0,0,0,-1026,SCYB,JNK,0.0053424147670284,5.5167438734288085e-05,1,True,False,False,1,SPHY,HYG,4225,0,0,0,-1245,0,0.0,99929.77,0.0,0.0,0.0,-100045.26000000001,199975.03000000003,-115.49000000000524,4225,-3761,0,0,-1245,1026,4225,0,0,0,0,1026,0,3761,0,0,1245,0,-21.125,-18.805,-0.0,-0.0,-6.2250000000000005,-5.13,-51.285000000000004,-0.0,-601.7600000000003,-0.0,-0.0,-0.0,687.4200000000018,85.66000000000145,34.37500000000144,1831.6299999999524
23.73,26.48,36.82,37.45,80.61,97.14,0.0700000000000002,0.0700000000000002,0.0799999999999983,0.0900000000000034,0.2199999999999988,0.2999999999999971,4.0935524652338815,3.668429003021148,2.6382400869092884,2.5938584779706275,1.2050614067733532,1.0,4.090792869189448,3.665997243595674,2.635579892240936,2.5915237168365257,1.2052972021784096,1.0,4.0905145691088025,3.665606096474921,2.635365898252517,2.591375028862928,1.2052859969438436,1.0,97.06791072495189,97.06524943465593,97.03417237365768,97.04699483091665,97.15810421364324,97.14,0.020452572845544,0.0183280304823746,0.0131768294912625,0.0129568751443146,0.0060264299847192,0.005,97.04745815210634,97.04692140417352,97.02099554416642,97.03403795577232,97.15207778365853,97.135,97.08836329779744,97.08357746513828,97.04734920314894,97.05995170606094,97.16413064362796,97.145,97.04734920314894,97.15207778365853,0.1047285805095867,0.001078120038188,HYLB,HYG,2025-09-03,False,4209.0,3772.0,2712.0,2667.0,1240.0,1029.0,4225,0,0,0,-1245,0,SPHY,HYG,0.0637144858610838,0.0006559037045612,1,True,False,True,0,,,0,0,0,0,0,0,99963.5,0.0,0.0,0.0,-100085.55,0.0,200049.05,-122.05000000000291,-4225,0,0,0,1245,0,0,0,0,0,1245,0,4225,0,0,0,0,0,-21.125,-0.0,-0.0,-0.0,-6.2250000000000005,-0.0,-27.35,295.75000000000085,0.0,0.0,0.0,-273.8999999999985,0.0,21.850000000002353,-5.499999999997648,1826.1299999999546
23.79,26.57,36.93,37.55,80.83,97.41,0.0599999999999987,0.0899999999999998,0.1099999999999994,0.0999999999999943,0.2199999999999988,0.269999999999996,4.094577553593947,3.6661648475724498,2.637692932575142,2.594141145139813,1.2051218606952865,1.0,4.0909340090255935,3.665890019711978,2.635697109675793,2.591616522821081,1.2052904978536023,1.0,4.090792869189448,3.665997243595674,2.635579892240936,2.5915237168365257,1.2052972021784096,1.0,97.31996235801697,97.40554676233708,97.33196542045772,97.31171556721154,97.42417285208084,97.41,0.0204539643459472,0.0183299862179783,0.0131778994612046,0.0129576185841826,0.006026486010892,0.005,97.29950839367102,97.3872167761191,97.31878752099654,97.29875794862735,97.41814636606996,97.405,97.34041632236293,97.42387674855506,97.34514331991892,97.32467318579572,97.43019933809174,97.415,97.32467318579572,97.41814636606996,0.0934731802742305,0.0009595850556845,USHY,HYG,2025-09-04,False,4201.0,3765.0,2707.0,2661.0,1238.0,1027.0,0,0,0,0,0,0,,,0.0,0.0,0,True,False,False,1,USHY,HYG,0,0,0,2661,-1238,0,0.0,0.0,0.0,0.0,0.0,0.0,0.0,0.0,0,0,0,2661,-1238,0,0,0,0,2661,0,0,0,0,0,0,1238,0,-0.0,-0.0,-0.0,-13.305,-6.19,-0.0,-19.495,0.0,0.0,0.0,0.0,0.0,0.0,0.0,-19.495,1806.6349999999547
23.81,26.58,36.96,37.59,80.87,97.51,0.0199999999999995,0.009999999999998,0.0300000000000011,0.0400000000000062,0.0400000000000062,0.1000000000000085,4.095338093238135,3.66854778028593,2.638257575757576,2.5940409683426444,1.2057623346111042,1.0,4.091174686953151,3.665965114452478,2.635830211957812,2.5917286489653644,1.205299347659834,1.0,4.0909340090255935,3.665890019711978,2.635697109675793,2.591616522821081,1.2052904978536023,1.0,97.40513875489935,97.43935672394436,97.4153651736173,97.41886509284446,97.47184256142084,97.51,0.0204546700451279,0.0183294500985598,0.0131784855483789,0.0129580826141054,0.006026452489268,0.005,97.38468408485424,97.4210272738458,97.40218668806892,97.40590701023037,97.46581610893156,97.505,97.4255934249445,97.45768617404292,97.42854365916568,97.43182317545856,97.4778690139101,97.515,97.4255934249445,97.505,0.0794065750555148,0.0008143428884782,SPHY,JNK,2025-09-05,False,4197.0,3761.0,2704.0,2659.0,1237.0,1026.0,0,0,0,2661,-1238,0,USHY,HYG,0.0339929334730015,0.0003486097166752,1,True,False,False,1,SPHY,JNK,4197,0,0,0,0,-1026,0.0,0.0,0.0,99920.54999999999,-100067.54,0.0,199988.08999999997,-146.99000000000524,4197,0,0,-2661,1238,-1026,4197,0,0,0,1238,0,0,0,0,2661,0,1026,-20.985,-0.0,-0.0,-13.305,-6.19,-5.13,-45.61,0.0,0.0,0.0,106.4400000000165,-49.52000000000767,0.0,56.92000000000883,11.310000000008827,1817.9449999999636
23.82,26.57,36.97,37.6,80.87,97.52,0.0100000000000015,-0.009999999999998,0.009999999999998,0.009999999999998,0.0,0.0099999999999909,4.094038623005877,3.670304855099736,2.6378144441439004,2.593617021276596,1.2058859898602694,1.0,4.091308090184663,3.6662291256803714,2.6358779679708952,2.591758025498363,1.2053094287534456,1.0,4.091174686953151,3.665965114452478,2.635830211957812,2.5917286489653644,1.205299347659834,1.0,97.45178104322406,97.40469309100234,97.4466429360803,97.4489972010977,97.47255824525078,97.52,0.0204558734347657,0.0183298255722623,0.013179151059789,0.0129586432448268,0.0060264967382991,0.005,97.43132516978928,97.38636326543008,97.4334637850205,97.43603855785288,97.46653174851248,97.515,97.47223691665884,97.4230229165746,97.45982208714008,97.46195584434253,97.47858474198908,97.525,97.4230229165746,97.515,0.091977083425391,0.000943161232828,SCYB,JNK,2025-09-08,False,4193.0,3758.0,2702.0,2657.0,1235.0,1025.0,4197,0,0,0,0,-1026,SPHY,JNK,0.0427630833411569,0.000438505776673,1,True,False,False,1,SCYB,JNK,0,3758,0,0,0,-1025,99930.56999999999,0.0,0.0,0.0,0.0,-100045.26000000001,199975.83000000002,-114.69000000001688,-4197,3758,0,0,0,1,0,3758,0,0,0,1,4197,0,0,0,0,0,-20.985,-18.79,-0.0,-0.0,-0.0,-0.005,-39.78,41.9700000000063,-0.0,0.0,0.0,0.0,-10.259999999990663,31.71000000001564,-8.069999999984361,1809.874999999979
23.8,26.55,36.93,37.56,80.78,97.4,-0.0199999999999995,-0.0199999999999995,-0.0399999999999991,-0.0399999999999991,-0.0900000000000034,-0.1199999999999903,4.0924369747899165,3.6685499058380415,2.63742215001354,2.593184238551651,1.2057439960386234,1.0,4.091317158560214,3.6664432825865214,2.6359333720909834,2.591827315153097,1.2053248758752473,1.0,4.091308090184663,3.6662291256803714,2.6358779679708952,2.591758025498363,1.2053094287534456,1.0,97.37313254639498,97.33838328681388,97.34297335716516,97.34643143771852,97.36489565470332,97.4,0.0204565404509233,0.0183311456284018,0.0131793898398544,0.0129587901274918,0.0060265471437672,0.005,97.35267600594406,97.32005214118546,97.32979396732532,97.33347264759102,97.35886910755956,97.395,97.3935890868459,97.35671443244227,97.356152747005,97.35939022784602,97.3709222018471,97.405,97.356152747005,97.395,0.0388472529949979,0.0003988424332135,HYLB,JNK,2025-09-09,False,4202.0,3765.0,2707.0,2662.0,1238.0,1027.0,0,3758,0,0,0,-1025,SCYB,JNK,0.0382855675577218,0.0003930756422764,1,True,False,False,1,HYLB,JNK,0,0,2707,0,0,-1027,0.0,99850.06,0.0,0.0,0.0,-99958.0,199808.06,-107.94000000000233,0,-3758,2707,0,0,-2,0,0,2707,0,0,0,0,3758,0,0,0,2,-0.0,-18.79,-13.535,-0.0,-0.0,-0.01,-32.335,-0.0,-75.15999999999812,-0.0,-0.0,-0.0,122.99999999999005,47.83999999999193,15.50499999999193,1825.379999999971
23.81,26.57,36.94,37.59,80.84,97.49,0.009999999999998,0.0199999999999995,0.009999999999998,0.0300000000000011,0.0600000000000022,0.0899999999999892,4.094498110037799,3.669175762137749,2.639144558743909,2.593508911944666,1.2059623948540326,1.0,4.091460138386429,3.666537195598784,2.6360674707764784,2.591901369632085,1.2053680204935708,1.0,4.091317158560214,3.6664432825865214,2.6359333720909834,2.591827315153097,1.2053248758752473,1.0,97.4142615453187,97.41739801832388,97.37137876504092,97.42678877660492,97.438462965755,97.49,0.020456585792801,0.0183322164129326,0.0131796668604549,0.0129591365757654,0.0060266243793762,0.005,97.3938049595259,97.39906580191096,97.35819909818046,97.41382964002916,97.43243634137562,97.485,97.4347181311115,97.4357302347368,97.38455843190135,97.43974791318068,97.44448959013437,97.495,97.38455843190135,97.485,0.1004415680986312,0.0010302755985088,HYLB,JNK,2025-09-10,False,4198.0,3762.0,2704.0,2659.0,1237.0,1026.0,0,0,2707,0,0,-1027,HYLB,JNK,0.1004415680986454,0.001030275598509,1,True,False,False,1,HYLB,JNK,0,0,2704,0,0,-1026,0.0,0.0,99969.51,0.0,0.0,-100029.8,199999.31,-60.29000000000815,0,0,-3,0,0,1,0,0,0,0,0,1,0,0,3,0,0,0,-0.0,-0.0,-0.015,-0.0,-0.0,-0.005,-0.02,0.0,0.0,27.069999999994586,0.0,0.0,-92.42999999998891,-65.35999999999433,-65.37999999999433,1759.9999999999766
23.87,26.64,37.03,37.7,81.04,97.77,0.0600000000000022,0.0700000000000002,0.0900000000000034,0.1099999999999994,0.2000000000000028,0.2800000000000011,4.095936321742773,3.670045045045045,2.6402916554145284,2.593368700265252,1.2064412635735438,1.0,4.091602363066659,3.666630614328952,2.636308253709939,2.5919752460964007,1.205418405220443,1.0,4.091460138386429,3.666537195598784,2.6360674707764784,2.591901369632085,1.2053680204935708,1.0,97.66315350328406,97.6765508907516,97.613578442853,97.7146816351296,97.68302438079898,97.77,0.0204573006919321,0.0183326859779939,0.0131803373538823,0.0129595068481604,0.0060268401024678,0.005,97.64269620259212,97.6582182047736,97.60039810549912,97.70172212828145,97.67699754069652,97.765,97.683610803976,97.6948835767296,97.62675878020688,97.72764114197776,97.68905122090143,97.775,97.62675878020688,97.765,0.138241219793116,0.001413943129724,HYLB,JNK,2025-09-11,False,4186.0,3751.0,2697.0,2652.0,1233.0,1023.0,0,0,2704,0,0,-1026,HYLB,JNK,0.138241219793116,0.001413943129724,1,True,False,False,1,HYLB,JNK,0,0,2697,0,0,-1023,0.0,0.0,99885.76,0.0,0.0,-100024.73999999999,199910.5,-138.97999999999593,0,0,-7,0,0,3,0,0,0,0,0,3,0,0,7,0,0,0,-0.0,-0.0,-0.035,-0.0,-0.0,-0.015,-0.05,0.0,0.0,243.3600000000092,0.0,0.0,-287.2800000000011,-43.919999999991916,-43.96999999999191,1716.0299999999847
23.87,26.62,37.0,37.69,80.96,97.69,0.0,-0.0199999999999995,-0.0300000000000011,-0.0100000000000051,-0.0800000000000125,-0.0799999999999983,4.092584834520318,3.669797145003757,2.6402702702702703,2.5919342000530645,1.206645256916996,1.0,4.091822322092254,3.666894299113179,2.6366061609156763,2.5920398705375574,1.205495692941915,1.0,4.091602363066659,3.666630614328952,2.636308253709939,2.5919752460964007,1.205418405220443,1.0,97.66654840640116,97.6057069534367,97.54340538726774,97.69154702537334,97.59067408664708,97.69,0.0204580118153332,0.0183331530716447,0.0131815412685496,0.012959876230482,0.0060270920261022,0.005,97.64609039458584,97.58737380036504,97.5302238459992,97.67858714914286,97.58464699462095,97.685,97.6870064182165,97.62404010650836,97.55658692853628,97.70450690160382,97.59670117867316,97.695,97.55658692853628,97.685,0.1284130714637115,0.0013144955621221,HYLB,JNK,2025-09-12,False,4190.0,3755.0,2700.0,2654.0,1234.0,1024.0,0,0,2697,0,0,-1023,HYLB,JNK,0.1284130714637257,0.0013144955621222,1,True,False,False,1,HYLB,JNK,0,0,2700,0,0,-1024,0.0,0.0,99869.91,0.0,0.0,-100018.70999999999,199888.62,-148.79999999998836,0,0,3,0,0,-1,0,0,3,0,0,0,0,0,0,0,0,1,-0.0,-0.0,-0.015,-0.0,-0.0,-0.005,-0.02,0.0,-0.0,-80.91000000000297,-0.0,-0.0,81.83999999999826,0.9299999999952888,0.9099999999952888,1716.93999999998
23.93,26.7,37.1,37.78,81.19,97.99,0.0599999999999987,0.0799999999999983,0.1000000000000014,0.0900000000000034,0.2300000000000039,0.2999999999999971,4.09486000835771,3.6700374531835207,2.6412398921832883,2.593700370566437,1.2069220347333416,1.0,4.092006436904399,3.667182561186344,2.6369117661828065,2.592187332262885,1.205613109617682,1.0,4.091822322092254,3.666894299113179,2.6366061609156763,2.5920398705375574,1.205495692941915,1.0,97.91730816766764,97.90607778632187,97.8180885699716,97.92726630890893,97.87419530995408,97.99,0.0204591116104612,0.0183344714955658,0.0131830308045783,0.0129601993526877,0.0060274784647095,0.005,97.89684905605716,97.88774331482632,97.804905539167,97.91430610955624,97.86816783148936,97.985,97.93776727927808,97.92441225781744,97.83127160077618,97.94022650826162,97.8802227884188,97.995,97.83127160077618,97.985,0.1537283992238229,0.0015688172183265,HYLB,JNK,2025-09-15,False,4178.0,3744.0,2692.0,2646.0,1231.0,1021.0,0,0,2700,0,0,-1024,HYLB,JNK,0.1537283992238229,0.0015688172183265,1,True,False,False,1,HYLB,JNK,0,0,2692,0,0,-1021,0.0,0.0,99900.0,0.0,0.0,-100034.56,199934.56,-134.55999999999767,0,0,-8,0,0,3,0,0,0,0,0,3,0,0,8,0,0,0,-0.0,-0.0,-0.04,-0.0,-0.0,-0.015,-0.055,0.0,0.0,270.00000000000375,0.0,0.0,-307.19999999999703,-37.19999999999328,-37.25499999999328,1679.6849999999868
23.92,26.67,37.08,37.75,81.13,97.92,-0.009999999999998,-0.0299999999999975,-0.0200000000000031,-0.0300000000000011,-0.0600000000000022,-0.0699999999999931,4.093645484949833,3.6715410573678287,2.6407766990291264,2.593907284768212,1.206951805743868,1.0,4.092235355305542,3.667640521427136,2.6372621835159924,2.592342712548367,1.2057181625914426,1.0,4.092006436904399,3.667182561186344,2.6369117661828065,2.592187332262885,1.205613109617682,1.0,97.88079397075322,97.8037589068398,97.77668829005846,97.85507179292392,97.81139158328251,97.92,0.0204600321845219,0.0183359128059317,0.013184558830914,0.0129609366613144,0.0060280655480884,0.005,97.8603339385687,97.78542299403388,97.76350373122754,97.8421108562626,97.80536351773443,97.915,97.90125400293772,97.82209481964574,97.78987284888936,97.86803272958524,97.81741964883062,97.925,97.78987284888936,97.915,0.1251271511106324,0.0012778508079108,HYLB,JNK,2025-09-16,False,4178.0,3744.0,2692.0,2647.0,1231.0,1021.0,0,0,2692,0,0,-1021,HYLB,JNK,0.1251271511106466,0.001277850807911,1,True,False,False,1,HYLB,JNK,0,0,2692,0,0,-1021,0.0,0.0,99873.2,0.0,0.0,-100047.79,199920.99,-174.5899999999965,0,0,0,0,0,0,0,0,0,0,0,0,0,0,0,0,0,0,-0.0,-0.0,-0.0,-0.0,-0.0,-0.0,0.0,-0.0,-0.0,-53.84000000000834,-0.0,-0.0,71.46999999999295,17.629999999984612,17.629999999984612,1697.3149999999714
23.89,26.65,37.05,37.71,81.05,97.8,-0.0300000000000011,-0.0200000000000031,-0.0300000000000011,-0.0399999999999991,-0.0799999999999983,-0.1200000000000045,4.09376308078694,3.669793621013133,2.639676113360324,2.593476531424025,1.2066625539790252,1.0,4.092491259450418,3.667822102553493,2.637535355515257,2.5925245605099425,1.2057999839952955,1.0,4.092235355305542,3.667640521427136,2.6372621835159924,2.592342712548367,1.2057181625914426,1.0,97.7635026382494,97.74261989603318,97.71056389926753,97.75724369019892,97.72345707803642,97.8,0.0204611767765277,0.0183382026071356,0.0131863109175799,0.0129617135627418,0.0060285908129572,0.005,97.74304146147288,97.72428169342604,97.69737758834994,97.74428197663616,97.71742848722346,97.795,97.78396381502591,97.76095809864032,97.72375021018507,97.77020540376166,97.72948566884938,97.805,97.72375021018507,97.795,0.0712497898149138,0.0007285254582302,HYLB,JNK,2025-09-17,False,4182.0,3748.0,2695.0,2649.0,1232.0,1022.0,0,0,2692,0,0,-1021,HYLB,JNK,0.071249789814928,0.0007285254582303,1,True,False,False,1,HYLB,JNK,0,0,2695,0,0,-1022,0.0,0.0,99819.36,0.0,0.0,-99976.32,199795.68,-156.9600000000064,0,0,3,0,0,-1,0,0,3,0,0,0,0,0,0,0,0,1,-0.0,-0.0,-0.015,-0.0,-0.0,-0.005,-0.02,-0.0,-0.0,-80.76000000000296,-0.0,-0.0,122.5200000000046,41.76000000000164,41.740000000001636,1739.054999999973
23.94,26.72,37.13,37.78,81.23,98.02,0.0500000000000007,0.0700000000000002,0.0800000000000054,0.0700000000000002,0.1800000000000068,0.2199999999999988,4.094402673350041,3.668413173652695,2.639913816321034,2.594494441503441,1.2066970331158438,1.0,4.092840616090893,3.667997778275128,2.6378081285305464,2.592747008033335,1.2059045929628485,1.0,4.092491259450418,3.667822102553493,2.637535355515257,2.5925245605099425,1.2057999839952955,1.0,97.97424075124302,98.00420658022932,97.9316877502815,97.94557789606564,97.94713269993788,98.02,0.020462456297252,0.0183391105127674,0.0131876767775762,0.0129626228025497,0.0060289999199764,0.005,97.95377829494576,97.98586746971657,97.91850007350392,97.93261527326308,97.94110370001788,98.015,97.99470320754028,98.02254569074208,97.94487542705907,97.95854051886818,97.95316169985784,98.025,97.94487542705907,98.015,0.0701245729409265,0.0007154108645268,HYLB,JNK,2025-09-18,False,4174.0,3741.0,2690.0,2644.0,1230.0,1020.0,0,0,2695,0,0,-1022,HYLB,JNK,0.0701245729409265,0.0007154108645268,1,True,False,False,1,HYLB,JNK,0,0,2690,0,0,-1020,0.0,0.0,99849.74999999999,0.0,0.0,-99951.59999999999,199801.34999999998,-101.85000000000582,0,0,-5,0,0,2,0,0,0,0,0,2,0,0,5,0,0,0,-0.0,-0.0,-0.025,-0.0,-0.0,-0.01,-0.035,0.0,0.0,215.60000000001455,0.0,0.0,-224.83999999999878,-9.239999999984235,-9.274999999984235,1729.7799999999888
23.96,26.72,37.14,37.79,81.26,98.09,0.0199999999999995,0.0,0.009999999999998,0.009999999999998,0.0300000000000011,0.0700000000000073,4.093906510851419,3.6710329341317367,2.641087775982768,2.595660227573432,1.207112970711297,1.0,4.093178919636848,3.668487659161328,2.6381917623555777,2.593082002263025,1.2060233337677402,1.0,4.092840616090893,3.667997778275128,2.6378081285305464,2.592747008033335,1.2059045929628485,1.0,98.0644611615378,98.00890063551142,97.96819389362447,97.97990943357972,97.99180722416108,98.09,0.0204642030804544,0.0183399888913756,0.0131890406426527,0.0129637350401666,0.0060295229648142,0.005,98.04399695845734,97.99056064662004,97.95500485298184,97.96694569853956,97.98577770119628,98.085,98.08492536461824,98.0272406244028,97.98138293426716,97.99287316861992,97.99783674712587,98.095,97.98138293426716,98.085,0.1036170657328625,0.0010563468827899,HYLB,JNK,2025-09-19,False,4171.0,3738.0,2688.0,2642.0,1229.0,1019.0,0,0,2690,0,0,-1020,HYLB,JNK,0.1036170657328341,0.0010563468827896,1,True,False,False,1,HYLB,JNK,0,0,2688,0,0,-1019,0.0,0.0,99879.70000000001,0.0,0.0,-99980.4,199860.1,-100.69999999998254,0,0,-2,0,0,1,0,0,0,0,0,1,0,0,2,0,0,0,-0.0,-0.0,-0.01,-0.0,-0.0,-0.005,-0.015,0.0,0.0,26.89999999999462,0.0,0.0,-71.40000000000745,-44.50000000001283,-44.51500000001283,1685.264999999976
23.97,26.73,37.16,37.85,81.32,98.19,0.009999999999998,0.0100000000000015,0.019999999999996,0.0600000000000022,0.059999999999988,0.0999999999999943,4.096370463078848,3.6734006734006734,2.642357373519914,2.594187582562748,1.207452041318249,1.0,4.093398534768951,3.668949719909211,2.638647468869411,2.593230211178396,1.206142379865811,1.0,4.093178919636848,3.668487659161328,2.6381917623555777,2.593082002263025,1.2060233337677402,1.0,98.11349870369526,98.0586751293823,98.03520588913328,98.14815378565552,98.07381750199262,98.19,0.0204658945981842,0.0183424382958066,0.0131909588117778,0.0129654100113151,0.0060301166688387,0.005,98.09303280909708,98.04033269108648,98.02201493032148,98.1351883756442,98.06778738532378,98.185,98.13396459829345,98.0770175676781,98.04839684794504,98.16111919566684,98.07984761866146,98.195,98.04839684794504,98.185,0.1366031520549597,0.0013912124661875,HYLB,JNK,2025-09-22,False,4167.0,3735.0,2686.0,2640.0,1228.0,1018.0,0,0,2688,0,0,-1019,HYLB,JNK,0.1366031520549597,0.0013912124661875,1,True,False,False,1,HYLB,JNK,0,0,2686,0,0,-1018,0.0,0.0,99832.32,0.0,0.0,-99953.71,199786.03000000003,-121.38999999999942,0,0,-2,0,0,1,0,0,0,0,0,1,0,0,2,0,0,0,-0.0,-0.0,-0.01,-0.0,-0.0,-0.005,-0.015,0.0,0.0,53.75999999998925,0.0,0.0,-101.8999999999942,-48.140000000004946,-48.15500000000495,1637.109999999971
23.96,26.75,37.14,37.8,81.26,98.13,-0.009999999999998,0.0199999999999995,-0.019999999999996,-0.0500000000000042,-0.059999999999988,-0.0600000000000022,4.095575959933222,3.668411214953271,2.6421647819063003,2.596031746031746,1.2076052178193453,1.0,4.093658627427234,3.669181274632778,2.638970767553025,2.59345789701527,1.2062239668194876,1.0,4.093398534768951,3.668949719909211,2.638647468869411,2.593230211178396,1.206142379865811,1.0,98.07782889306408,98.1444050075714,97.99936699380991,98.02410198254336,98.0111297878958,98.13,0.0204669926738447,0.018344748599546,0.013193237344347,0.0129661510558919,0.006030711899329,0.005,98.05736190039022,98.12606025897183,97.98617375646558,98.01113583148748,98.00509907599648,98.125,98.09829588573793,98.16274975617094,98.01256023115428,98.03706813359926,98.01716049979514,98.135,98.01256023115428,98.12606025897183,0.1135000278175653,0.0011566292450582,HYLB,SCYB,2025-09-23,False,4171.0,3739.0,2689.0,2643.0,1229.0,1019.0,0,0,2686,0,0,-1018,HYLB,JNK,0.1124397688457179,0.0011458246086387,1,True,False,False,1,HYLB,SCYB,0,-3739,2689,0,0,0,0.0,0.0,99811.76,0.0,0.0,-99957.42,199769.18,-145.6600000000035,0,-3739,3,0,0,1018,0,0,3,0,0,1018,0,3739,0,0,0,0,-0.0,-18.695,-0.015,-0.0,-0.0,-5.09,-23.8,-0.0,0.0,-53.719999999989255,-0.0,-0.0,61.08000000000224,7.360000000012981,-16.43999999998702,1620.669999999984
23.94,26.71,37.09,37.78,81.15,97.98,-0.0199999999999995,-0.0399999999999991,-0.0499999999999971,-0.019999999999996,-0.1099999999999994,-0.1499999999999914,4.092731829573935,3.6682890303257207,2.641682394176328,2.5934356802541028,1.2073937153419594,1.0,4.0937650175636495,3.6692185166718168,2.639235476610314,2.593552216239243,1.206299353093572,1.0,4.093658627427234,3.669181274632778,2.638970767553025,2.59345789701527,1.2062239668194876,1.0,98.002187540608,98.0038318454415,97.87942576854172,97.9808393492369,97.88507490740145,97.98,0.0204682931371361,0.0183459063731638,0.0131948538377651,0.0129672894850763,0.0060311198340974,0.005,97.98171924747083,97.98548593906833,97.86623091470396,97.96787205975184,97.87904378756734,97.975,98.02265583374512,98.02217775181468,97.89262062237948,97.99380663872198,97.89110602723552,97.985,97.89110602723552,97.98548593906833,0.094379911832803,0.0009632569078669,HYG,SCYB,2025-09-24,False,4180.0,3746.0,2694.0,2648.0,1232.0,1021.0,0,-3739,2689,0,0,0,HYLB,SCYB,0.0928653166888437,0.0009477987006413,1,True,False,False,1,HYG,SCYB,0,-3746,0,0,1232,0,0.0,-100018.25,99869.46,0.0,0.0,0.0,199887.71000000002,-148.7899999999936,0,-7,-2689,0,1232,0,0,0,0,0,1232,0,0,7,2689,0,0,0,-0.0,-0.035,-13.445,-0.0,-6.16,-0.0,-19.64,-0.0,149.55999999999662,-134.4499999999922,-0.0,-0.0,-0.0,15.110000000004419,-4.529999999995582,1616.1399999999883
23.88,26.63,36.99,37.66,80.92,97.67,-0.0600000000000022,-0.0800000000000018,-0.1000000000000014,-0.1200000000000045,-0.2300000000000039,-0.3100000000000023,4.090033500837521,3.667668043559895,2.6404433630711,2.5934678704195435,1.2069945625308949,1.0,4.09367934446979,3.669080686230496,2.639378087648017,2.5936210450043813,1.206336619814658,1.0,4.0937650175636495,3.6692185166718168,2.639235476610314,2.593552216239243,1.206299353093572,1.0,97.75910861941996,97.71128909897048,97.62532027981553,97.67317646356987,97.61374365233183,97.67,0.0204688250878182,0.018346092583359,0.0131961773830515,0.0129677610811962,0.0060314967654678,0.005,97.73863979433212,97.69294300638713,97.61212410243247,97.66020870248867,97.60771215556638,97.665,97.77957744450777,97.72963519155384,97.63851645719858,97.68614422465107,97.61977514909732,97.675,97.61977514909732,97.73863979433212,0.1188646452348081,0.0012170026132364,HYG,SPHY,2025-09-25,False,4192.0,3757.0,2703.0,2656.0,1235.0,1024.0,0,-3746,0,0,1232,0,HYG,SCYB,0.0731678572898033,0.0007491333806675,1,True,False,False,1,HYG,SPHY,-4192,0,0,0,1235,0,0.0,-100055.66,0.0,0.0,99976.8,0.0,200032.46000000002,-78.86000000000058,-4192,3746,0,0,3,0,0,3746,0,0,3,0,4192,0,0,0,0,0,-20.96,-18.73,-0.0,-0.0,-0.015,-0.0,-39.705,-0.0,299.68000000000677,-0.0,-0.0,-283.3600000000048,-0.0,16.320000000001983,-23.384999999998016,1592.7549999999903
23.92,26.66,37.05,37.73,81.08,97.85,0.0400000000000027,0.0300000000000011,0.0599999999999951,0.0700000000000002,0.1599999999999966,0.1799999999999926,4.09071906354515,3.6702925731432856,2.641025641025641,2.593426981182083,1.2068327577701037,1.0,4.093607002716172,3.669330774549949,2.63953631001796,2.593640150899164,1.2063894044751664,1.0,4.09367934446979,3.669080686230496,2.639378087648017,2.5936210450043813,1.206336619814658,1.0,97.9208099197174,97.81769109490504,97.78895814735904,97.8573220280153,97.80977313457248,97.85,0.0204683967223489,0.0183454034311524,0.01319689043824,0.0129681052250219,0.0060316830990732,0.005,97.90034152299503,97.79934569147387,97.7757612569208,97.84435392279028,97.8037414514734,97.845,97.94127831643974,97.83603649833618,97.80215503779726,97.87029013324032,97.81580481767152,97.855,97.80215503779726,97.90034152299503,0.0981864851977718,0.001003438785874,HYLB,SPHY,2025-09-26,False,4184.0,3750.0,2697.0,2651.0,1233.0,1022.0,-4192,0,0,0,1235,0,HYG,SPHY,0.0845367053235151,0.0008639418019776,1,True,False,False,1,HYLB,SPHY,-4184,0,2697,0,0,0,-100104.95999999999,0.0,0.0,0.0,99936.2,0.0,200041.15999999997,-168.75999999999476,8,0,2697,0,-1235,0,8,0,2697,0,0,0,0,0,0,0,1235,0,-0.04,-0.0,-13.485,-0.0,-6.175,-0.0,-19.7,-167.68000000001132,0.0,0.0,0.0,197.5999999999958,0.0,29.91999999998447,10.21999999998447,1602.974999999975
23.95,26.73,37.12,37.8,81.22,98.06,0.0299999999999975,0.0700000000000002,0.0700000000000002,0.0700000000000002,0.1400000000000005,0.2100000000000079,4.094363256784969,3.66853722409278,2.641702586206897,2.5941798941798946,1.2073380940655012,1.0,4.0938159373675,3.669261211215634,2.6398511690580344,2.5937849680902207,1.2064607365838331,1.0,4.093607002716172,3.669330774549949,2.63953631001796,2.593640150899164,1.2063894044751664,1.0,98.04188771505233,98.08121160372012,97.97958782786668,98.03959770398838,97.982947431473,98.06,0.0204680350135808,0.0183466538727497,0.0131976815500898,0.0129682007544958,0.0060319470223758,0.005,98.02141968003872,98.06286494984738,97.96639014631656,98.02662950323388,97.97691548445064,98.055,98.06235575006588,98.09955825759288,97.99278550941676,98.05256590474288,97.9889793784954,98.065,97.9889793784954,98.06286494984738,0.0738855713519939,0.0007534730914949,HYG,SCYB,2025-09-29,False,4175.0,3743.0,2692.0,2646.0,1231.0,1020.0,-4184,0,2697,0,0,0,HYLB,SPHY,0.0286341706219559,0.0002920066349373,1,True,False,False,1,HYG,SCYB,0,-3743,0,0,1231,0,-100081.28000000001,0.0,99923.84999999999,0.0,0.0,0.0,200005.13,-157.43000000002212,4184,-3743,-2697,0,1231,0,4184,0,0,0,1231,0,0,3743,2697,0,0,0,-20.92,-18.715,-13.485,-0.0,-6.155,-0.0,-59.275000000000006,-125.51999999998954,0.0,188.79000000000053,0.0,0.0,0.0,63.270000000010995,3.9950000000109895,1606.969999999986
23.94,26.73,37.11,37.78,81.19,97.99,-0.009999999999998,0.0,-0.009999999999998,-0.019999999999996,-0.0300000000000011,-0.0700000000000073,4.093149540517961,3.665918443696221,2.640528159525734,2.593700370566437,1.2069220347333416,1.0,4.09382421743651,3.6692174893262313,2.6400866135068304,2.593866132228821,1.206575466259299,1.0,4.0938159373675,3.669261211215634,2.6398511690580344,2.5937849680902207,1.2064607365838331,1.0,98.00595354057796,98.0793521757939,97.96487688374366,97.99319609444856,97.95254720324142,97.99,0.0204690796868375,0.0183463060560781,0.0131992558452901,0.0129689248404511,0.0060323036829191,0.005,97.98548446089112,98.06100586973784,97.95167762789836,97.9802271696081,97.94651489955852,97.985,98.0264226202648,98.09769848184996,97.97807613958896,98.006165019289,97.95857950692434,97.995,97.95857950692434,98.06100586973784,0.1024263628134889,0.0010452736280588,HYG,SCYB,2025-09-30,False,4180.0,3746.0,2695.0,2648.0,1232.0,1021.0,0,-3743,0,0,1231,0,HYG,SCYB,0.1024263628135031,0.001045273628059,1,True,False,False,1,HYG,SCYB,0,-3746,0,0,1232,0,0.0,-100050.39,0.0,0.0,99981.81999999999,0.0,200032.21,-68.57000000000698,0,-3,0,0,1,0,0,0,0,0,1,0,0,3,0,0,0,0,-0.0,-0.015,-0.0,-0.0,-0.005,-0.0,-0.02,-0.0,-0.0,-0.0,-0.0,-36.93000000000135,-0.0,-36.93000000000135,-36.95000000000135,1570.0199999999845
23.84,26.61,36.99,37.65,80.96,97.64,-0.1000000000000014,-0.120000000000001,-0.1199999999999974,-0.1300000000000025,-0.2300000000000039,-0.3499999999999943,4.095637583892618,3.6692972566704247,2.63963233306299,2.5933598937583,1.20602766798419,1.0,4.093928473369447,3.669260902008695,2.640156225814516,2.5938412030182043,1.2066237793198409,1.0,4.09382421743651,3.6692174893262313,2.6400866135068304,2.593866132228821,1.206575466259299,1.0,97.5967693436864,97.637877390971,97.65680383361766,97.6590598784151,97.68434974835284,97.64,0.0204691210871825,0.0183460874466311,0.0132004330675341,0.0129693306611441,0.0060328773312964,0.005,97.57630022259922,97.61953130352438,97.64360340055012,97.64609054775396,97.67831687102154,97.635,97.6172384647736,97.65622347841764,97.6700042666852,97.67202920907626,97.69038262568412,97.645,97.6172384647736,97.67831687102154,0.0610784062479439,0.0006255469709949,SPHY,HYG,2025-10-01,True,4192.0,3757.0,2703.0,2656.0,1236.0,1024.0,0,-3746,0,0,1232,0,HYG,SCYB,-0.07085132215974,-0.0007256382851263,1,True,False,False,1,SPHY,HYG,4192,0,0,0,-1236,0,0.0,-100130.58,0.0,0.0,100026.08,0.0,200156.66,-104.5,4192,3746,0,0,-2468,0,4192,3746,0,0,0,0,0,0,0,0,2468,0,-20.96,-18.73,-0.0,-0.0,-12.34,-0.0,-52.03,-0.0,449.52000000000373,-0.0,-0.0,-283.3600000000048,-0.0,166.15999999999894,114.12999999999894,1684.1499999999835
23.83,26.59,36.97,37.61,80.93,97.59,-0.0100000000000015,-0.0199999999999995,-0.0200000000000031,-0.0399999999999991,-0.0299999999999869,-0.0499999999999971,4.095258078052875,3.670176758179767,2.6397078712469573,2.59478862004786,1.205856913381935,1.0,4.093962499592393,3.66946149753906,2.640256972748106,2.593873576763607,1.2066605319541732,1.0,4.093928473369447,3.669260902008695,2.640156225814516,2.5938412030182043,1.2066237793198409,1.0,97.5583155203939,97.5656473844112,97.60657566836264,97.55436764551466,97.65206246035471,97.59,0.0204696423668472,0.0183463045100434,0.0132007811290725,0.012969206015091,0.0060331188965992,0.005,97.53784587802706,97.54730107990116,97.59337488723357,97.54139843949956,97.64602934145812,97.585,97.57878516276077,97.58399368892124,97.61977644949172,97.56733685152976,97.65809557925132,97.595,97.56733685152976,97.64602934145812,0.0786924899283718,0.000806358130222,USHY,HYG,2025-10-02,False,4196.0,3761.0,2706.0,2659.0,1237.0,1025.0,4192,0,0,0,-1236,0,SPHY,HYG,0.0672441786973507,0.0006890478399154,1,True,False,True,0,,,0,0,0,0,0,0,99937.28,0.0,0.0,0.0,-100066.56,0.0,200003.84,-129.27999999999884,-4192,0,0,0,1236,0,0,0,0,0,1236,0,4192,0,0,0,0,0,-20.96,-0.0,-0.0,-0.0,-6.18,-0.0,-27.14,-41.92000000000629,-0.0,-0.0,-0.0,37.07999999998381,-0.0,-4.840000000022478,-31.98000000002248,1652.169999999961
23.81,26.56,36.93,37.59,80.84,97.47,-0.0199999999999995,-0.0300000000000011,-0.0399999999999991,-0.019999999999996,-0.0900000000000034,-0.1200000000000045,4.093658126837464,3.66980421686747,2.6393176279447603,2.592976855546688,1.2057149925779316,1.0,4.09387850127236,3.6695243193681377,2.6403099753574653,2.593820371123809,1.2066581648525143,1.0,4.093962499592393,3.66946149753906,2.640256972748106,2.593873576763607,1.2066605319541732,1.0,97.47724711529486,97.46089737463744,97.50469000358756,97.503707750544,97.54643740317536,97.47,0.0204698124979619,0.0183473074876953,0.0132012848637405,0.012969367883818,0.0060333026597708,0.005,97.4567773027969,97.44255006714972,97.49148871872382,97.49073838266018,97.5404041005156,97.465,97.49771692779282,97.47924468212511,97.5178912884513,97.5166771184278,97.55247070583512,97.475,97.475,97.5404041005156,0.0654041005155932,0.0006710177543407,JNK,HYG,2025-10-03,False,4200.0,3765.0,2709.0,2661.0,1238.0,1026.0,0,0,0,0,0,0,,,0.0,0.0,0,True,False,False,1,JNK,HYG,0,0,0,0,-1238,1026,0.0,0.0,0.0,0.0,0.0,0.0,0.0,0.0,0,0,0,0,-1238,1026,0,0,0,0,0,1026,0,0,0,0,1238,0,-0.0,-0.0,-0.0,-0.0,-6.19,-5.13,-11.32,-0.0,-0.0,-0.0,-0.0,-0.0,-0.0,0.0,-11.32,1640.849999999961
23.82,26.56,36.94,37.59,80.86,97.49,0.0100000000000015,0.0,0.009999999999998,0.0,0.019999999999996,0.019999999999996,4.092779177162049,3.670557228915664,2.639144558743909,2.593508911944666,1.205664110808805,1.0,4.093815528980167,3.669536938058934,2.6403764810874657,2.5938149656572125,1.2066470708999415,1.0,4.09387850127236,3.6695243193681377,2.6403099753574653,2.593820371123809,1.2066581648525143,1.0,97.5161859003076,97.46256592241774,97.53305048970476,97.501707750544,97.57037920997432,97.49,0.0204693925063618,0.0183476215968406,0.0132015498767873,0.012969101855619,0.0060332908242625,0.005,97.49571650780123,97.44421830082088,97.51984893982798,97.48873864868835,97.56434591915006,97.485,97.53665529281396,97.48091354401458,97.54625203958156,97.5146768523996,97.57641250079858,97.495,97.48091354401458,97.56434591915006,0.083432375135473,0.0008558044428707,SCYB,HYG,2025-10-06,False,4200.0,3765.0,2709.0,2661.0,1238.0,1026.0,0,0,0,0,-1238,1026,JNK,HYG,0.0693459191500522,0.0007113131516058,1,True,False,False,1,SCYB,HYG,0,3765,0,0,-1238,0,0.0,0.0,0.0,0.0,-100079.92,100004.22,200084.14,-75.69999999999709,0,3765,0,0,0,-1026,0,3765,0,0,0,0,0,0,0,0,0,1026,-0.0,-18.825,-0.0,-0.0,-0.0,-5.13,-23.955,0.0,0.0,0.0,0.0,-24.75999999999505,20.519999999995896,-4.239999999999153,-28.19499999999915,1612.6549999999618
23.8,26.57,36.92,37.55,80.77,97.38,-0.0199999999999995,0.0100000000000015,-0.019999999999996,-0.0400000000000062,-0.0900000000000034,-0.1099999999999994,4.091596638655462,3.665035754610463,2.6375947995666302,2.593342210386152,1.205645660517519,1.0,4.093773512173445,3.669361230497555,2.64038511356512,2.5938228642489376,1.206642154123886,1.0,4.093815528980167,3.669536938058934,2.6403764810874657,2.5938149656572125,1.2066470708999415,1.0,97.43280958972798,97.49959644422589,97.48269968174924,97.39775196042832,97.46088391658829,97.38,0.0204690776449008,0.0183476846902946,0.0132018824054373,0.012969074828286,0.0060332353544997,0.005,97.41234051208308,97.48124875953556,97.4694977993438,97.38478288560005,97.45485068123378,97.375,97.45327866737289,97.51794412891616,97.49590156415468,97.4107210352566,97.46691715194277,97.385,97.385,97.48124875953556,0.0962487595355838,0.0009883832361427,JNK,SCYB,2025-10-07,False,4204.0,3769.0,2712.0,2664.0,1239.0,1027.0,0,3765,0,0,-1238,0,SCYB,HYG,-0.0630934476823767,-0.0006479097112587,1,True,False,False,1,JNK,SCYB,0,-3769,0,0,0,1027,0.0,99998.4,0.0,0.0,-100104.68,0.0,200103.08,-106.27999999999884,0,-7534,0,0,1238,1027,0,0,0,0,1238,1027,0,7534,0,0,0,0,-0.0,-37.67,-0.0,-0.0,-6.19,-5.135,-48.995,-0.0,37.65000000000565,-0.0,-0.0,111.42000000000421,-0.0,149.07000000000986,100.07500000000985,1712.7299999999716
23.76,26.52,36.86,37.5,80.65,97.24,-0.0399999999999991,-0.0500000000000007,-0.0600000000000022,-0.0499999999999971,-0.1199999999999903,-0.1400000000000005,4.092592592592592,3.6666666666666665,2.638090070537168,2.593066666666666,1.2057036577805331,1.0,4.093678236301185,3.669235775724001,2.6403323891547834,2.5938007519850377,1.206629217270211,1.0,4.093773512173445,3.669361230497555,2.64038511356512,2.5938228642489376,1.206642154123886,1.0,97.26805864924106,97.31145983279517,97.32459528601032,97.26835740933517,97.31568973009142,97.24,0.0204688675608672,0.0183468061524877,0.0132019255678256,0.0129691143212446,0.0060332107706194,0.005,97.2475897816802,97.29311302664269,97.3113933604425,97.25538829501392,97.3096565193208,97.235,97.28852751680192,97.32980663894766,97.33779721157816,97.28132652365642,97.32172294086205,97.245,97.245,97.3113933604425,0.0663933604425039,0.0006827782850936,JNK,HYLB,2025-10-08,False,4208.0,3772.0,2714.0,2666.0,1240.0,1028.0,0,-3769,0,0,0,1027,JNK,SCYB,0.0481130266426816,0.0004947863702455,1,True,False,False,1,JNK,HYLB,0,0,-2714,0,0,1028,0.0,-100142.33,0.0,0.0,0.0,100009.26,200151.59,-133.07000000000698,0,3769,-2714,0,0,1,0,3769,0,0,0,1,0,0,2714,0,0,0,-0.0,-18.845,-13.57,-0.0,-0.0,-0.005,-32.42,-0.0,188.45000000000263,-0.0,-0.0,-0.0,-143.7800000000005,44.67000000000212,12.250000000002117,1724.9799999999736
23.68,26.45,36.75,37.39,80.42,96.94,-0.0800000000000018,-0.0700000000000002,-0.1099999999999994,-0.1099999999999994,-0.2300000000000039,-0.2999999999999971,4.09375,3.665028355387524,2.6378231292517005,2.5926718373896764,1.2054215369311116,1.0,4.093568920214047,3.668984941241125,2.640208962846642,2.5937659088412586,1.2065782309380897,1.0,4.093678236301185,3.669235775724001,2.6403323891547834,2.5938007519850377,1.206629217270211,1.0,96.93830063561208,97.05128626789984,97.03221530143828,96.98221011672057,97.03712165287038,96.94,0.0204683911815059,0.01834617887862,0.0132016619457739,0.0129690037599251,0.006033146086351,0.005,96.91783224443056,97.0329400890212,97.01901363949251,96.96924111296065,97.03108850678404,96.935,96.95876902679358,97.06963244677844,97.04541696338406,96.99517912048049,97.04315479895672,96.945,96.945,97.0329400890212,0.0879400890212167,0.0009071599857769,JNK,SCYB,2025-10-09,False,4225.0,3787.0,2725.0,2677.0,1245.0,1032.0,0,0,-2714,0,0,1028,JNK,HYLB,0.0740136394925201,0.000763499478982,1,True,False,False,1,JNK,SCYB,0,-3787,0,0,0,1032,0.0,0.0,-100038.04,0.0,0.0,99962.72,200000.76,-75.31999999999243,0,-3787,2714,0,0,4,0,0,2714,0,0,4,0,3787,0,0,0,0,-0.0,-18.935,-13.57,-0.0,-0.0,-0.02,-32.525,-0.0,-0.0,298.5399999999984,-0.0,-0.0,-308.399999999997,-9.85999999999865,-42.38499999999865,1682.594999999975
23.54,26.27,36.54,37.19,79.95,96.34,-0.1400000000000005,-0.1799999999999997,-0.2100000000000008,-0.2000000000000028,-0.4699999999999988,-0.5999999999999943,4.0926083262531865,3.6673011039208223,2.63656267104543,2.5904813121806938,1.2050031269543464,1.0,4.09357009480069,3.668860139186978,2.6400235828854,2.5936932644476403,1.206496124439957,1.0,4.093568920214047,3.668984941241125,2.640208962846642,2.5937659088412586,1.2065782309380897,1.0,96.36261238183866,96.38423440640436,96.47323550241629,96.4621541498064,96.46592956350028,96.34,0.0204678446010702,0.0183449247062056,0.0132010448142332,0.0129688295442062,0.0060328911546904,0.005,96.3421445372376,96.36588948169816,96.46003445760203,96.4491853202622,96.45989667234558,96.335,96.38308022643972,96.40257933111056,96.48643654723053,96.4751229793506,96.47196245465496,96.345,96.345,96.46003445760203,0.1150344576020501,0.0011940466846797,JNK,HYLB,2025-10-10,False,4249.0,3808.0,2741.0,2692.0,1252.0,1038.0,0,-3787,0,0,0,1032,JNK,SCYB,0.0208894816981626,0.0002168308251833,1,True,False,False,1,JNK,HYLB,0,0,-2741,0,0,1038,0.0,-100166.15,0.0,0.0,0.0,100042.08,200208.22999999998,-124.06999999999243,0,3787,-2741,0,0,6,0,3787,0,0,0,6,0,0,2741,0,0,0,-0.0,-18.935,-13.705,-0.0,-0.0,-0.03,-32.67,-0.0,681.6599999999988,-0.0,-0.0,-0.0,-619.1999999999941,62.4600000000047,29.790000000004696,1712.3849999999798
23.69,26.45,36.76,37.4,80.45,96.92,0.1500000000000021,0.1799999999999997,0.2199999999999988,0.2100000000000008,0.5,0.5799999999999983,4.091177712114816,3.664272211720227,2.636561479869424,2.59144385026738,1.2047234307022996,1.0,4.093385979988545,3.6685718771138136,2.639789662269707,2.593580438432688,1.206386194238405,1.0,4.09357009480069,3.668860139186978,2.6400235828854,2.5936932644476403,1.206496124439957,1.0,96.97667554582834,97.04135068149556,97.04726690686728,97.00412809034174,97.06261321119456,96.92,0.0204678504740034,0.0183443006959348,0.0132001179144269,0.0129684663222382,0.0060324806221997,0.005,96.95620769535434,97.02300638079964,97.03406678895288,96.9911596240195,97.05658073057236,96.915,96.99714339630236,97.05969498219147,97.06046702478172,97.01709655666396,97.06864569181674,96.925,96.925,97.05658073057236,0.1315807305723524,0.0013576220653358,JNK,HYG,2025-10-13,False,4225.0,3786.0,2725.0,2677.0,1245.0,1032.0,0,0,-2741,0,0,1038,JNK,HYLB,0.1090667889528873,0.0011253279916723,1,True,False,False,1,JNK,HYG,0,0,0,0,-1245,1032,0.0,0.0,-100156.14,0.0,0.0,100000.92,200157.06,-155.22000000000116,0,0,2741,0,-1245,-6,0,0,2741,0,0,0,0,0,0,0,1245,6,-0.0,-0.0,-13.705,-0.0,-6.2250000000000005,-0.03,-19.96,0.0,0.0,-603.0199999999967,0.0,0.0,602.0399999999983,-0.9799999999984266,-20.939999999998427,1691.4449999999813
23.7,26.47,36.79,37.44,80.54,96.98,0.009999999999998,0.0199999999999995,0.0300000000000011,0.0399999999999991,0.0900000000000034,0.0600000000000022,4.091983122362869,3.6637703060068,2.636042402826855,2.590277777777778,1.204122175316613,1.0,4.093302861859197,3.6681833395457617,2.639552947459593,2.5933989630831658,1.206244712717042,1.0,4.093385979988545,3.6685718771138136,2.639789662269707,2.593580438432688,1.206386194238405,1.0,97.01324772572852,97.10709758720265,97.11786167490251,97.1036516149198,97.16234408396116,96.98,0.0204669298999427,0.018342859385569,0.0131989483113485,0.0129679021921634,0.006031930971192,0.005,96.99278079582858,97.08875472781708,97.10466272659116,97.09068371272764,97.15631215298995,96.975,97.03371465562846,97.1254404465882,97.13106062321386,97.11661951711196,97.16837601493236,96.985,96.985,97.15631215298995,0.1713121529899695,0.0017664688903894,JNK,HYG,2025-10-14,False,4220.0,3782.0,2722.0,2674.0,1244.0,1031.0,0,0,0,0,-1245,1032,JNK,HYG,0.1713121529899552,0.0017664688903893,1,True,False,False,1,JNK,HYG,0,0,0,0,-1244,1031,0.0,0.0,0.0,0.0,-100160.25,100021.44,200181.69,-138.80999999999767,0,0,0,0,1,-1,0,0,0,0,1,0,0,0,0,0,0,1,-0.0,-0.0,-0.0,-0.0,-0.005,-0.005,-0.01,0.0,0.0,0.0,0.0,-112.05000000000423,61.92000000000227,-50.130000000001964,-50.14000000000196,1641.3049999999794
23.79,26.58,36.91,37.55,80.8,97.34,0.0899999999999998,0.1099999999999994,0.1199999999999974,0.1099999999999994,0.2599999999999909,0.3599999999999994,4.091635140815469,3.662151993980437,2.637225684096451,2.592276964047936,1.2047029702970298,1.0,4.093196464860624,3.667801258194127,2.6394304259963994,2.5933389847143613,1.2061467335329423,1.0,4.093302861859197,3.6681833395457617,2.639552947459593,2.5933989630831658,1.206244712717042,1.0,97.37967508363027,97.50031316512634,97.42589929073355,97.38213106377286,97.464572787537,97.34,0.0204665143092959,0.0183409166977288,0.0131977647372979,0.0129669948154158,0.0060312235635852,0.005,97.359208569321,97.48197224842862,97.41270152599628,97.36916406895745,97.45854156397344,97.335,97.40014159793958,97.51865408182408,97.43909705547088,97.39509805858827,97.4706040111006,97.345,97.345,97.48197224842862,0.13697224842862,0.0014071527473661,JNK,SCYB,2025-10-15,False,4204.0,3767.0,2711.0,2663.0,1239.0,1027.0,0,0,0,0,-1244,1031,JNK,HYG,0.1135415639734418,0.0011664430241775,1,True,False,False,1,JNK,SCYB,0,-3767,0,0,0,1027,0.0,0.0,0.0,0.0,-100191.76000000001,99986.38,200178.14,-205.38000000000466,0,-3767,0,0,1244,-4,0,0,0,0,1244,0,0,3767,0,0,0,4,-0.0,-18.835,-0.0,-0.0,-6.22,-0.02,-25.075,0.0,0.0,0.0,0.0,-323.4399999999887,371.15999999999934,47.72000000001066,22.645000000010658,1663.94999999999
23.73,26.49,36.8,37.45,80.51,97.04,-0.0599999999999987,-0.0899999999999998,-0.1099999999999994,-0.0999999999999943,-0.289999999999992,-0.2999999999999971,4.089338390223346,3.663269158172896,2.63695652173913,2.591188251001335,1.205316109800025,1.0,4.092943250704289,3.6675440574201374,2.6392825612673043,2.593173675189256,1.2060776873671517,1.0,4.093196464860624,3.667801258194127,2.6394304259963994,2.5933389847143613,1.2061467335329423,1.0,97.1315521111426,97.1600553295624,97.1310396766675,97.12054497755284,97.1068735167372,97.04,0.0204659823243031,0.0183390062909706,0.0131971521299819,0.0129666949235718,0.0060307336676647,0.005,97.1110861288183,97.14171632327144,97.11784252453752,97.10757828262926,97.10084278306954,97.035,97.15201809346688,97.17839433585338,97.14423682879747,97.13351167247642,97.11290425040488,97.045,97.045,97.14171632327144,0.0967163232714369,0.0009966645019727,JNK,SCYB,2025-10-16,False,4220.0,3782.0,2721.0,2674.0,1244.0,1031.0,0,-3767,0,0,0,1027,JNK,SCYB,0.0967163232714369,0.0009966645019727,1,True,False,False,1,JNK,SCYB,0,-3782,0,0,0,1031,0.0,-100126.86,0.0,0.0,0.0,99968.18000000001,200095.04,-158.67999999999302,0,-15,0,0,0,4,0,0,0,0,0,4,0,15,0,0,0,0,-0.0,-0.075,-0.0,-0.0,-0.0,-0.02,-0.095,-0.0,339.02999999999923,-0.0,-0.0,-0.0,-308.099999999997,30.930000000002224,30.835000000002225,1694.7849999999924
23.78,26.55,36.87,37.54,80.72,97.24,0.0500000000000007,0.0600000000000022,0.0700000000000002,0.0899999999999963,0.2099999999999937,0.1999999999999886,4.08915054667788,3.6625235404896417,2.637374559262273,2.5903036760788494,1.2046580773042617,1.0,4.092705452495611,3.667118587738032,2.63909690043128,2.592905847614527,1.2059549426967997,1.0,4.092943250704289,3.6675440574201374,2.6392825612673043,2.593173675189256,1.2060776873671517,1.0,97.330190501748,97.37329472450465,97.31034803392552,97.34773976660468,97.35459092427648,97.24,0.0204647162535214,0.0183377202871006,0.0131964128063365,0.0129658683759462,0.0060303884368357,0.005,97.30972578549448,97.35495700421754,97.29715162111916,97.33477389822872,97.34856053583964,97.235,97.35065521800152,97.39163244479175,97.32354444673184,97.36070563498062,97.36062131271332,97.245,97.245,97.35495700421754,0.1099570042175486,0.0011307795579756,JNK,SCYB,2025-10-17,False,4208.0,3770.0,2713.0,2666.0,1240.0,1028.0,0,-3782,0,0,0,1031,JNK,SCYB,0.1099570042175344,0.0011307795579754,1,True,False,False,1,JNK,SCYB,0,-3770,0,0,0,1028,0.0,-100185.18,0.0,0.0,0.0,100048.24,200233.41999999998,-136.93999999998778,0,12,0,0,0,-3,0,12,0,0,0,0,0,0,0,0,0,3,-0.0,-0.06,-0.0,-0.0,-0.0,-0.015,-0.075,0.0,-226.92000000000832,0.0,0.0,0.0,206.19999999998825,-20.720000000020065,-20.795000000020064,1673.9899999999723
23.81,26.59,36.94,37.6,80.88,97.45,0.0299999999999975,0.0399999999999991,0.0700000000000002,0.0600000000000022,0.1599999999999966,0.2100000000000079,4.092818143637127,3.6649116209101167,2.6380617217108826,2.591755319148936,1.2048714144411474,1.0,4.092527836523526,3.666694135113505,2.6388821178408284,2.5927842344438363,1.2058259113529446,1.0,4.092705452495611,3.667118587738032,2.63909690043128,2.592905847614527,1.2059549426967997,1.0,97.4473168239205,97.50868324795428,97.48823950193146,97.49325987030622,97.53763576531716,97.45,0.020463527262478,0.0183355929386901,0.0131954845021563,0.0129645292380726,0.0060297747134839,0.005,97.42685329665802,97.4903476550156,97.4750440174293,97.48029534106814,97.53160599060368,97.445,97.46778035118298,97.52701884089296,97.50143498643362,97.5062243995443,97.54366554003064,97.455,97.455,97.53160599060368,0.0766059906036673,0.0007861055988062,JNK,HYG,2025-10-20,False,4199.0,3762.0,2708.0,2660.0,1237.0,1026.0,0,-3770,0,0,0,1028,JNK,SCYB,0.0353476550155988,0.0003627260648086,1,True,False,False,1,JNK,HYG,0,0,0,0,-1237,1026,0.0,-100093.5,0.0,0.0,0.0,99962.72,200056.22,-130.77999999999884,0,3770,0,0,-1237,-2,0,3770,0,0,0,0,0,0,0,0,1237,2,-0.0,-18.85,-0.0,-0.0,-6.1850000000000005,-0.01,-25.045000000000005,0.0,-150.7999999999966,0.0,0.0,0.0,215.88000000000812,65.08000000001152,40.03500000001152,1714.0249999999837
23.8,26.55,36.93,37.58,80.76,97.37,-0.009999999999998,-0.0399999999999991,-0.009999999999998,-0.0200000000000031,-0.1199999999999903,-0.0799999999999983,4.091176470588235,3.6674199623352166,2.63660980232873,2.5910058541777543,1.2056711243189695,1.0,4.092307862056276,3.666644572482602,2.6386043688619494,2.5925329398511368,1.2057292066779255,1.0,4.092527836523526,3.666694135113505,2.6388821178408284,2.5927842344438363,1.2058259113529446,1.0,97.40216250925992,97.35072928726356,97.4539166118618,97.43683153039936,97.3825006008638,97.37,0.0204626391826176,0.0183334706755675,0.0131944105892041,0.0129639211722191,0.0060291295567647,0.005,97.3816998700773,97.33239581658798,97.44072220127258,97.42386760922714,97.37647147130704,97.365,97.42262514844252,97.36906275793912,97.467111022451,97.44979545157156,97.38852973042056,97.375,97.36906275793912,97.44072220127258,0.0716594433334592,0.0007359499161287,SCYB,HYLB,2025-10-21,False,4203.0,3766.0,2710.0,2663.0,1238.0,1027.0,0,0,0,0,-1237,1026,JNK,HYG,0.0014714713070418,1.5112162956165536e-05,1,True,False,False,1,SCYB,HYLB,0,3766,-2710,0,0,0,0.0,0.0,0.0,0.0,-100048.56,99983.7,200032.26,-64.86000000000058,0,3766,-2710,0,1237,-1026,0,3766,0,0,1237,0,0,0,2710,0,0,1026,-0.0,-18.830000000000002,-13.55,-0.0,-6.1850000000000005,-5.13,-43.69500000000001,-0.0,-0.0,-0.0,-0.0,148.439999999988,-82.07999999999825,66.35999999998975,22.664999999989746,1736.6899999999735
23.76,26.53,36.88,37.53,80.68,97.27,-0.0399999999999991,-0.0199999999999995,-0.0499999999999971,-0.0499999999999971,-0.0799999999999983,-0.1000000000000085,4.093855218855219,3.666415378816434,2.6374728850325377,2.591793232081001,1.2056271690629647,1.0,4.09236403152034,3.6665508899071377,2.63839389340476,2.5924508174424816,1.205640879363976,1.0,4.092307862056276,3.666644572482602,2.6386043688619494,2.5925329398511368,1.2057292066779255,1.0,97.23323480245712,97.27608050796344,97.3117291236287,97.29776123261315,97.27823239477506,97.27,0.0204615393102813,0.018333222862413,0.0131930218443097,0.0129626646992556,0.0060286460333896,0.005,97.21277326314684,97.25774728510105,97.29853610178438,97.28479856791392,97.27220374874167,97.265,97.2536963417674,97.29441373082584,97.324922145473,97.31072389731244,97.28426104080845,97.275,97.2536963417674,97.29853610178438,0.044839760016984,0.0004609824202424,SPHY,HYLB,2025-10-22,False,4207.0,3769.0,2712.0,2665.0,1239.0,1028.0,0,3766,-2710,0,0,0,SCYB,HYLB,0.0041223709585409,4.238070277105948e-05,1,True,False,False,1,SPHY,HYLB,4207,0,-2712,0,0,0,0.0,99987.3,-100080.3,0.0,0.0,0.0,200067.6,-93.0,4207,-3766,-2,0,0,0,4207,0,0,0,0,0,0,3766,2,0,0,0,-21.035,-18.830000000000002,-0.01,-0.0,-0.0,-0.0,-39.875,-0.0,-75.31999999999812,135.49999999999216,-0.0,-0.0,-0.0,60.17999999999404,20.30499999999404,1756.9949999999676
23.8,26.58,36.94,37.6,80.86,97.45,0.0399999999999991,0.0499999999999971,0.0599999999999951,0.0700000000000002,0.1799999999999926,0.1800000000000068,4.09453781512605,3.666290443942815,2.6380617217108826,2.591755319148936,1.2051694286420975,1.0,4.092589247234767,3.666482009926283,2.638274811336749,2.592365189878952,1.2055496226695364,1.0,4.09236403152034,3.6665508899071377,2.63839389340476,2.5924508174424816,1.205640879363976,1.0,97.3982639501841,97.45692265373172,97.46227042237182,97.47615073583732,97.48812150537113,97.45,0.0204618201576017,0.0183327544495356,0.0131919694670238,0.0129622540872124,0.0060282043968198,0.005,97.3778021300265,97.43858989928218,97.4490784529048,97.4631884817501,97.4820933009743,97.445,97.41872577034172,97.47525540818124,97.47546239183885,97.48911298992452,97.49414970976792,97.455,97.41872577034172,97.4820933009743,0.0633675306325898,0.0006502568561579,SPHY,HYG,2025-10-23,False,4199.0,3762.0,2707.0,2660.0,1237.0,1026.0,4207,0,-2712,0,0,0,SPHY,HYLB,0.0303526825630768,0.0003114692925918,1,True,False,False,1,SPHY,HYG,4199,0,0,0,-1237,0,99958.32,0.0,-100018.56000000001,0.0,0.0,0.0,199976.88,-60.24000000000524,-8,0,2712,0,-1237,0,0,0,2712,0,0,0,8,0,0,0,1237,0,-0.04,-0.0,-13.56,-0.0,-6.1850000000000005,-0.0,-19.785,168.27999999999622,0.0,-162.7199999999867,0.0,0.0,0.0,5.5600000000095235,-14.224999999990477,1742.769999999977
23.87,26.63,37.06,37.7,81.08,97.74,0.0700000000000002,0.0500000000000007,0.1200000000000045,0.1000000000000014,0.2199999999999988,0.289999999999992,4.094679514034352,3.670296657904619,2.6373448461953584,2.592572944297082,1.2054760730143068,1.0,4.092787269759226,3.6664822141643496,2.638090771595235,2.592322488034701,1.2054817884317464,1.0,4.092589247234767,3.666482009926283,2.638274811336749,2.592365189878952,1.2055496226695364,1.0,97.6901053314939,97.63841592433693,97.77446450813991,97.73216765843648,97.745963406046,97.74,0.0204629462361738,0.0183324100496314,0.0131913740566837,0.0129618259493947,0.0060277481133476,0.005,97.66964238525772,97.62008351428727,97.76127313408324,97.71920583248708,97.73993565793263,97.735,97.71056827773008,97.65674833438656,97.7876558821966,97.74512948438586,97.75199115415936,97.745,97.65674833438656,97.76127313408324,0.1045247996966765,0.0010694168170316,SCYB,HYLB,2025-10-24,False,4187.0,3751.0,2699.0,2652.0,1233.0,1023.0,4199,0,0,0,-1237,0,SPHY,HYG,0.029367380202558,0.0003004642950947,1,True,False,False,1,SCYB,HYLB,0,3751,-2699,0,0,0,99936.2,0.0,0.0,0.0,-100023.81999999999,0.0,199960.02,-87.61999999999534,-4199,3751,-2699,0,1237,0,0,3751,0,0,1237,0,4199,0,2699,0,0,0,-20.995,-18.755,-13.495000000000001,-0.0,-6.1850000000000005,-0.0,-59.43000000000001,293.93000000000086,0.0,0.0,0.0,-272.1399999999985,0.0,21.79000000000235,-37.639999999997656,1705.1299999999794
23.93,26.71,37.14,37.8,81.28,98.02,0.0599999999999987,0.0800000000000018,0.0799999999999983,0.0999999999999943,0.2000000000000028,0.2800000000000011,4.096113664855829,3.669786596780232,2.639203015616585,2.5931216931216934,1.2059547244094488,1.0,4.09287479016277,3.6665446827987234,2.637965793065719,2.592269577981792,1.205412619948944,1.0,4.092787269759226,3.6664822141643496,2.638090771595235,2.592322488034701,1.2054817884317464,1.0,97.94039936533828,97.93173994032978,97.97869125704702,97.98979004771168,97.98155976373236,98.02,0.0204639363487961,0.0183324110708217,0.0131904538579761,0.0129616124401735,0.0060274089421587,0.005,97.91993542898948,97.91340752925896,97.96550080318904,97.9768284352715,97.9755323547902,98.015,97.96086330168708,97.9500723514006,97.991881710905,98.00275166015186,97.98758717267452,98.025,97.9500723514006,98.015,0.0649276485994079,0.0006623918445154,SCYB,JNK,2025-10-27,False,4175.0,3740.0,2691.0,2644.0,1230.0,1020.0,0,3751,-2699,0,0,0,SCYB,HYLB,0.0154284517884377,0.0001574010588495,1,True,False,False,1,SCYB,JNK,0,3740,0,0,0,-1020,0.0,99889.12999999999,-100024.94,0.0,0.0,0.0,199914.07,-135.81000000001222,0,-11,2699,0,0,-1020,0,0,2699,0,0,0,0,11,0,0,0,1020,-0.0,-0.055,-13.495000000000001,-0.0,-0.0,-5.1000000000000005,-18.650000000000002,0.0,300.08000000000675,-215.9199999999954,0.0,0.0,0.0,84.16000000001134,65.51000000001133,1770.6399999999908
23.92,26.7,37.1,37.76,81.2,97.91,-0.009999999999998,-0.0100000000000015,-0.0399999999999991,-0.0399999999999991,-0.0799999999999983,-0.1099999999999994,4.093227424749164,3.667041198501873,2.639083557951482,2.592955508474576,1.2057881773399013,1.0,4.0928786843743294,3.666600820539005,2.637893562987008,2.592232334877198,1.205355927079272,1.0,4.09287479016277,3.6665446827987234,2.637965793065719,2.592269577981792,1.205412619948944,1.0,97.90156498069346,97.89674303072591,97.8685309227382,97.88409926459244,97.87950473985428,97.91,0.0204643739508138,0.0183327234139936,0.0131898289653285,0.0129613478899089,0.0060270630997447,0.005,97.88110060674263,97.87841030731192,97.85534109377286,97.87113791670252,97.87347767675452,97.905,97.92202935464428,97.9150757541399,97.88172075170353,97.89706061248236,97.88553180295402,97.915,97.88172075170353,97.905,0.0232792482964896,0.0002377617025481,HYLB,JNK,2025-10-28,False,4179.0,3744.0,2693.0,2647.0,1231.0,1021.0,0,3740,0,0,0,-1020,SCYB,JNK,-0.0100757541399048,-0.0001029083253999,1,True,False,False,1,HYLB,JNK,0,0,2693,0,0,-1021,0.0,99895.40000000001,0.0,0.0,0.0,-99980.4,199875.8,-84.99999999998545,0,-3740,2693,0,0,-1,0,0,2693,0,0,0,0,3740,0,0,0,1,-0.0,-18.7,-13.465,-0.0,-0.0,-0.005,-32.17,-0.0,-37.40000000000561,-0.0,-0.0,-0.0,112.19999999999939,74.79999999999379,42.629999999993785,1813.2699999999845
23.84,26.61,36.99,37.65,80.95,97.62,-0.0800000000000018,-0.0899999999999998,-0.1099999999999994,-0.1099999999999994,-0.25,-0.289999999999992,4.094798657718121,3.6685456595264943,2.6390916463909164,2.592828685258964,1.205929586164299,1.0,4.092836738065605,3.666563240681809,2.6378665286534035,2.592205774452231,1.2053510229882771,1.0,4.0928786843743294,3.666600820539005,2.637893562987008,2.592232334877198,1.205355927079272,1.0,97.574227835484,97.56824783454292,97.5756828948894,97.5975474081265,97.57356229706708,97.62,0.0204643934218716,0.018333004102695,0.013189467814935,0.0129611616743859,0.0060267796353963,0.005,97.55376344206212,97.54991483044022,97.56249342707449,97.58458624645212,97.56753551743168,97.615,97.59469222890588,97.58658083864562,97.58887236270436,97.61050856980088,97.57958907670246,97.625,97.57958907670246,97.615,0.0354109232975474,0.0003627425045845,HYG,JNK,2025-10-29,False,4191.0,3755.0,2701.0,2654.0,1234.0,1024.0,0,0,2693,0,0,-1021,HYLB,JNK,0.0261276372956302,0.0002676463562346,1,True,False,False,1,HYG,JNK,0,0,0,0,1234,-1024,0.0,0.0,99910.3,0.0,0.0,-99966.11,199876.41,-55.80999999999767,0,0,-2693,0,1234,-3,0,0,0,0,1234,0,0,0,2693,0,0,3,-0.0,-0.0,-13.465,-0.0,-6.17,-0.015,-19.65,-0.0,-0.0,-296.22999999999837,-0.0,-0.0,296.08999999999185,-0.14000000000652335,-19.790000000006522,1793.479999999978
23.8,26.57,36.92,37.58,80.8,97.39,-0.0399999999999991,-0.0399999999999991,-0.0700000000000002,-0.0700000000000002,-0.1500000000000056,-0.2300000000000039,4.092016806722689,3.665412118931125,2.6378656554712894,2.591538052155402,1.2053217821782178,1.0,4.092674674499095,3.666325008719377,2.63777441786462,2.5920432460576084,1.2053242664280914,1.0,4.092836738065605,3.666563240681809,2.6378665286534035,2.592205774452231,1.2053510229882771,1.0,97.4095143659614,97.42058530491568,97.39003223788366,97.41509300391483,97.3923626574528,97.39,0.020464183690328,0.018332816203409,0.013189332643267,0.0129610288722611,0.0060267551149413,0.005,97.38905018227108,97.40225248871226,97.3768429052404,97.40213197504258,97.38633590233786,97.385,97.42997854965174,97.43891812111907,97.40322157052692,97.42805403278707,97.39838941256777,97.395,97.395,97.40225248871226,0.0072524887122682,7.446851537394235e-05,JNK,SCYB,2025-10-30,False,4203.0,3766.0,2709.0,2662.0,1238.0,1027.0,0,0,0,0,1234,-1024,HYG,JNK,-0.0133894125677613,-0.0001374824167549,1,False,True,False,0,,,0,0,0,0,0,0,0.0,0.0,0.0,0.0,99892.3,-99962.88,199855.18,-70.58000000000175,0,0,0,0,-1234,1024,0,0,0,0,0,1024,0,0,0,0,1234,0,-0.0,-0.0,-0.0,-0.0,-6.17,-5.12,-11.29,-0.0,-0.0,-0.0,-0.0,-185.1000000000069,235.520000000004,50.41999999999709,39.12999999999709,1832.6099999999751
23.8,26.51,36.93,37.58,80.8,97.39,0.0,-0.0599999999999987,0.009999999999998,0.0,0.0,0.0,4.092016806722689,3.673708034703885,2.637151367451936,2.591538052155402,1.2053217821782178,1.0,4.092592608493357,3.6665201996111976,2.6376661048399788,2.5919713058880443,1.2053046059081056,1.0,4.092674674499095,3.666325008719377,2.63777441786462,2.5920432460576084,1.2053242664280914,1.0,97.40565725307847,97.1942759811507,97.41300925174042,97.40898518684492,97.39020072738978,97.39,0.0204633733724954,0.0183316250435968,0.0131888720893231,0.012960216230288,0.0060266213321404,0.005,97.38519387970598,97.1759443561071,97.39982037965108,97.39602497061465,97.38417410605764,97.385,97.42612062645097,97.2126076061943,97.42619812382976,97.4219454030752,97.39622734872192,97.395,97.2126076061943,97.39982037965108,0.1872127734567925,0.0019222997582584,SCYB,HYLB,2025-10-31,False,4203.0,3765.0,2709.0,2662.0,1238.0,1027.0,0,0,0,0,0,0,,,0.0,0.0,0,True,False,False,1,SCYB,HYLB,0,3765,-2709,0,0,0,0.0,0.0,0.0,0.0,0.0,0.0,0.0,0.0,0,3765,-2709,0,0,0,0,3765,0,0,0,0,0,0,2709,0,0,0,-0.0,-18.825,-13.545,-0.0,-0.0,-0.0,-32.37,0.0,-0.0,0.0,0.0,0.0,0.0,0.0,-32.37,1800.2399999999752
23.59,26.32,36.62,37.25,80.14,96.58,-0.2100000000000008,-0.1900000000000012,-0.3100000000000023,-0.3299999999999983,-0.6599999999999966,-0.8100000000000023,4.094107672742688,3.669452887537994,2.637356635718187,2.592751677852349,1.2051410032443224,1.0,4.092659033272389,3.666464982542314,2.6375767086886923,2.5919334441834283,1.2052784505298817,1.0,4.092592608493357,3.6665201996111976,2.6376661048399788,2.5919713058880443,1.2053046059081056,1.0,96.54425963435828,96.50281165376671,96.59133275924002,96.55093114432964,96.5931111174756,96.58,0.0204629630424667,0.0183326009980559,0.0131883305241998,0.0129598565294402,0.0060265230295405,0.005,96.52379667131582,96.48447905276868,96.57814442871582,96.53797128780022,96.58708459444604,96.575,96.56472259740076,96.52114425476478,96.60452108976422,96.56389100085909,96.59913764050512,96.585,96.52114425476478,96.58708459444604,0.0659403396812621,0.0006827535688679,SCYB,HYG,2025-11-03,True,4236.0,3795.0,2730.0,2683.0,1247.0,1035.0,0,3765,-2709,0,0,0,SCYB,HYLB,0.0570001739510388,0.0005901861042766,1,True,False,False,1,SCYB,HYG,0,3795,0,0,-1247,0,0.0,99810.15000000001,-100043.37,0.0,0.0,0.0,199853.52000000002,-233.2199999999866,0,30,2709,0,-1247,0,0,30,2709,0,0,0,0,0,0,0,1247,0,-0.0,-0.15,-13.545,-0.0,-6.235,-0.0,-19.93,-0.0,-715.3500000000045,839.7900000000061,-0.0,-0.0,-0.0,124.44000000000165,104.51000000000164,1904.7499999999768
23.57,26.31,36.61,37.23,80.15,96.56,-0.0199999999999995,-0.0100000000000015,-0.009999999999998,-0.0200000000000031,0.0100000000000051,-0.019999999999996,4.096733135341536,3.6700874192322313,2.6375307293089323,2.5936073059360734,1.2047411104179662,1.0,4.092915858106693,3.666717565773402,2.637573505175808,2.591946698960924,1.205233223024904,1.0,4.092659033272389,3.666464982542314,2.6375767086886923,2.5919334441834283,1.2052784505298817,1.0,96.4639734142302,96.46469369068828,96.56168330509304,96.49768212694904,96.60306780997004,96.56,0.0204632951663619,0.0183323249127115,0.0131878835434434,0.0129596672209171,0.0060263922526494,0.005,96.44351011906384,96.44636136577556,96.5484954215496,96.48472245972812,96.59704141771738,96.555,96.48443670939656,96.48302601560098,96.57487118863646,96.51064179416994,96.60909420222268,96.565,96.48302601560098,96.59704141771738,0.1140154021163937,0.0011807725985542,SCYB,HYG,2025-11-04,False,4240.0,3798.0,2733.0,2685.0,1249.0,1036.0,0,3795,0,0,-1247,0,SCYB,HYG,0.1140154021163937,0.0011807725985542,1,True,False,True,0,,,0,0,0,0,0,0,0.0,99884.4,0.0,0.0,-99934.58,0.0,199818.97999999998,-50.18000000000757,0,-3795,0,0,1247,0,0,0,0,0,1247,0,0,3795,0,0,0,0,-0.0,-18.975,-0.0,-0.0,-6.235,-0.0,-25.21,-0.0,-37.950000000005694,-0.0,-0.0,-12.47000000000636,-0.0,-50.42000000001205,-75.63000000001205,1829.1199999999649
23.6,26.33,36.64,37.27,80.23,96.65,0.0300000000000011,0.0199999999999995,0.0300000000000011,0.0400000000000062,0.0799999999999983,0.0900000000000034,4.095338983050848,3.6707178123813136,2.6378275109170306,2.5932385296485108,1.2046615979060202,1.0,4.0930531776296055,3.666920123059135,2.637560377194801,2.5919552921100166,1.2051811200311784,1.0,4.092915858106693,3.666717565773402,2.637573505175808,2.591946698960924,1.205233223024904,1.0,96.59281425131796,96.54467350681368,96.64069322964158,96.60185347027364,96.69586148328804,96.65,0.0204645792905334,0.018333587828867,0.013187867525879,0.0129597334948046,0.0060261661151245,0.005,96.57234967202744,96.5263399189848,96.6275053621157,96.58889373677884,96.68983531717292,96.645,96.6132788306085,96.56300709464251,96.65388109716748,96.61481320376843,96.70188764940316,96.655,96.56300709464251,96.68983531717292,0.126828222530392,0.0013122423438219,SCYB,HYG,2025-11-05,False,4236.0,3795.0,2730.0,2683.0,1247.0,1035.0,0,0,0,0,0,0,,,0.0,0.0,0,True,False,False,1,SCYB,HYG,0,3795,0,0,-1247,0,0.0,0.0,0.0,0.0,0.0,0.0,0.0,0.0,0,3795,0,0,-1247,0,0,3795,0,0,0,0,0,0,0,0,1247,0,-0.0,-18.975,-0.0,-0.0,-6.235,-0.0,-25.21,0.0,0.0,0.0,0.0,0.0,0.0,0.0,-25.21,1803.9099999999648
23.6,26.35,36.67,37.3,80.26,96.7,0.0,0.0200000000000031,0.0300000000000011,0.029999999999994,0.0300000000000011,0.0499999999999971,4.097457627118644,3.669829222011385,2.6370329970002726,2.5924932975871315,1.204834288562173,1.0,4.093238558985538,3.667160166390328,2.6375208705822293,2.591946365119889,1.2051517576127313,1.0,4.0930531776296055,3.666920123059135,2.637560377194801,2.5919552921100166,1.2051811200311784,1.0,96.5960549920587,96.6233452426082,96.71933903173336,96.67993239570362,96.7278366937024,96.7,0.020465265888148,0.0183346006152956,0.013187801885974,0.01295977646055,0.0060259056001558,0.005,96.57558972617056,96.6050106419929,96.70615122984738,96.66697261924308,96.72181078810225,96.695,96.61652025794685,96.64167984322349,96.73252683361932,96.69289217216416,96.73386259930254,96.705,96.61652025794685,96.72181078810225,0.1052905301553863,0.0010888369199109,SPHY,HYG,2025-11-06,False,4232.0,3792.0,2727.0,2680.0,1246.0,1034.0,0,3795,0,0,-1247,0,SCYB,HYG,0.0801309448787606,0.0008286550659644,1,True,False,False,1,SPHY,HYG,4232,0,0,0,-1246,0,0.0,99922.34999999999,0.0,0.0,-100046.81000000001,0.0,199969.16,-124.46000000002095,4232,-3795,0,0,1,0,4232,0,0,0,1,0,0,3795,0,0,0,0,-21.16,-18.975,-0.0,-0.0,-0.005,-0.0,-40.14000000000001,0.0,75.90000000001176,0.0,0.0,-37.41000000000137,0.0,38.49000000001039,-1.6499999999896175,1802.2599999999752
23.63,26.35,36.7,37.33,80.33,96.76,0.0299999999999975,0.0,0.0300000000000011,0.0300000000000011,0.0699999999999931,0.0600000000000022,4.094794752433348,3.6721062618595823,2.636512261580381,2.592017144387892,1.2045313083530438,1.0,4.093347880294546,3.6674004242872655,2.6375183501089774,2.592023156730249,1.2051281666826663,1.0,4.093238558985538,3.667160166390328,2.6375208705822293,2.591946365119889,1.2051517576127313,1.0,96.72322714882826,96.62967038438516,96.79701595036782,96.75735780992544,96.80984068903072,96.76,0.0204661927949276,0.0183358008319516,0.0131876043529111,0.0129597318255994,0.0060257587880636,0.005,96.70276095603332,96.6113345835532,96.78382834601491,96.74439807809983,96.80381493024264,96.755,96.7436933416232,96.6480061852171,96.81020355472072,96.77031754175106,96.81586644781878,96.765,96.6480061852171,96.80381493024264,0.1558087450255385,0.0016102598700448,SCYB,HYG,2025-11-07,False,4228.0,3788.0,2725.0,2677.0,1245.0,1033.0,4232,0,0,0,-1246,0,SPHY,HYG,0.0601215886194381,0.0006213475467077,1,True,False,False,1,SCYB,HYG,0,3788,0,0,-1245,0,99875.20000000001,0.0,0.0,0.0,-100003.96,0.0,199879.16000000003,-128.75999999999476,-4232,3788,0,0,1,0,0,3788,0,0,1,0,4232,0,0,0,0,0,-21.16,-18.94,-0.0,-0.0,-0.005,-0.0,-40.105000000000004,126.95999999998942,0.0,0.0,0.0,-87.2199999999914,0.0,39.73999999999802,-0.3650000000019844,1801.8949999999732
23.71,26.44,36.83,37.44,80.6,97.09,0.0800000000000018,0.0899999999999998,0.1299999999999954,0.1099999999999994,0.269999999999996,0.3299999999999983,4.094896668072543,3.672087745839637,2.636166168884062,2.593215811965812,1.2045905707196032,1.0,4.093533828092432,3.667791200993237,2.637498584559709,2.592111754815171,1.2051215236835315,1.0,4.093347880294546,3.6674004242872655,2.6375183501089774,2.592023156730249,1.2051281666826663,1.0,97.0532782417837,96.96606721815532,97.13980083451364,97.04534698798052,97.13333023462292,97.09,0.0204667394014727,0.0183370021214363,0.0131875917505448,0.0129601157836512,0.0060256408334133,0.005,97.03281150238224,96.94773021603388,97.12661324276309,97.03238687219684,97.1273045937895,97.085,97.07374498118516,96.98440422027676,97.1529884262642,97.05830710376416,97.13935587545632,97.095,96.98440422027676,97.1273045937895,0.142900373512731,0.0014718341076602,SCYB,HYG,2025-11-10,False,4216.0,3777.0,2717.0,2670.0,1241.0,1030.0,0,3788,0,0,-1245,0,SCYB,HYG,0.1429003735127452,0.0014718341076603,1,True,False,False,1,SCYB,HYG,0,3777,0,0,-1241,0,0.0,99813.8,0.0,0.0,-100010.84999999999,0.0,199824.65,-197.04999999998836,0,-11,0,0,4,0,0,0,0,0,4,0,0,11,0,0,0,0,-0.0,-0.055,-0.0,-0.0,-0.02,-0.0,-0.075,0.0,340.9199999999993,0.0,0.0,-336.14999999999503,0.0,4.770000000004245,4.695000000004245,1806.5899999999774
23.74,26.47,36.88,37.49,80.69,97.26,0.0299999999999975,0.0299999999999975,0.0500000000000042,0.0500000000000042,0.0900000000000034,0.1700000000000017,4.096882898062343,3.67434831885153,2.6372017353579174,2.59429181114964,1.2053538232742596,1.0,4.093778816877405,3.668320101635473,2.637556551186262,2.592312456483764,1.2051831060814138,1.0,4.093533828092432,3.667791200993237,2.637498584559709,2.592111754815171,1.2051215236835315,1.0,97.18049307891432,97.08643309029095,97.27094779856208,97.17826968802076,97.24125574602417,97.26,0.0204676691404621,0.0183389560049661,0.0131874929227985,0.0129605587740758,0.0060256076184176,0.005,97.16002540977388,97.068094134286,97.25776030563928,97.16530912924668,97.23523013840574,97.255,97.20096074805478,97.10477204629592,97.28413529148489,97.19123024679485,97.24728135364256,97.265,97.10477204629592,97.25776030563928,0.1529882593433456,0.0015729823086916,SCYB,HYLB,2025-11-11,False,4208.0,3770.0,2711.0,2665.0,1239.0,1028.0,0,3777,0,0,-1241,0,SCYB,HYG,0.1304580921098193,0.001341333457843,1,True,False,False,1,SCYB,HYLB,0,3770,-2711,0,0,0,0.0,99863.88,0.0,0.0,-100024.59999999999,0.0,199888.47999999998,-160.7199999999866,0,-7,-2711,0,1241,0,0,0,0,0,1241,0,0,7,2711,0,0,0,-0.0,-0.035,-13.555,-0.0,-6.205,-0.0,-19.795,0.0,113.30999999999057,0.0,0.0,-111.69000000000422,0.0,1.619999999986348,-18.175000000013654,1788.4149999999638
23.69,26.43,36.8,37.43,80.53,97.03,-0.0499999999999971,-0.0399999999999991,-0.0800000000000054,-0.0600000000000022,-0.1599999999999966,-0.2300000000000039,4.095821021528071,3.67120696178585,2.636684782608696,2.5923056371894204,1.2048925866136844,1.0,4.093988110913036,3.668772850025744,2.637529506111874,2.592313890140838,1.2051925868972466,1.0,4.093778816877405,3.668320101635473,2.637556551186262,2.592312456483764,1.2051831060814138,1.0,96.98162017182574,96.95370028622555,97.06208108365443,97.03025524618728,97.05339553273625,97.03,0.020468894084387,0.0183416005081773,0.0131877827559313,0.0129615622824188,0.006025915530407,0.005,96.96115127774137,96.93535868571738,97.0488933008985,97.01729368390488,97.04736961720585,97.025,97.00208906591013,96.97204188673372,97.07526886641035,97.0432168084697,97.05942144826663,97.035,96.97204188673372,97.0488933008985,0.0768514141647642,0.0007920376601542,SCYB,HYLB,2025-11-12,False,4221.0,3782.0,2719.0,2673.0,1243.0,1031.0,0,3770,-2711,0,0,0,SCYB,HYLB,0.0768514141647784,0.0007920376601543,1,True,False,False,1,SCYB,HYLB,0,3782,-2719,0,0,0,0.0,99791.9,-99981.68000000001,0.0,0.0,0.0,199773.58000000002,-189.7800000000134,0,12,-8,0,0,0,0,12,0,0,0,0,0,0,8,0,0,0,-0.0,-0.06,-0.04,-0.0,-0.0,-0.0,-0.1,-0.0,-150.7999999999966,216.88000000001463,-0.0,-0.0,-0.0,66.08000000001803,65.98000000001804,1854.3949999999818
23.59,26.32,36.66,37.26,80.2,96.6,-0.1000000000000014,-0.1099999999999994,-0.1400000000000005,-0.1700000000000017,-0.3299999999999983,-0.4300000000000068,4.094955489614243,3.670212765957447,2.635024549918167,2.592592592592593,1.2044887780548628,1.0,4.094268965882581,3.669120030414971,2.637432907520826,2.592384107220401,1.2051512203099883,1.0,4.093988110913036,3.668772850025744,2.637529506111874,2.592313890140838,1.2051925868972466,1.0,96.5771795364385,96.56210141267758,96.69183169406128,96.5896155466476,96.65644546915918,96.6,0.0204699405545651,0.0183438642501287,0.0131876475305593,0.0129615694507041,0.0060259629344862,0.005,96.55670959588394,96.54375754842744,96.67864404653074,96.5766539771969,96.6504195062247,96.595,96.59764947699308,96.5804452769277,96.70501934159184,96.60257711609832,96.66247143209368,96.605,96.5804452769277,96.67864404653074,0.0981987696030302,0.0010165504099692,SCYB,HYLB,2025-11-13,False,4237.0,3797.0,2730.0,2683.0,1247.0,1035.0,0,3782,-2719,0,0,0,SCYB,HYLB,0.0981987696030302,0.0010165504099692,1,True,False,False,1,SCYB,HYLB,0,3797,-2730,0,0,0,0.0,99958.26,-100059.2,0.0,0.0,0.0,200017.46,-100.94000000000233,0,15,-11,0,0,0,0,15,0,0,0,0,0,0,11,0,0,0,-0.0,-0.075,-0.055,-0.0,-0.0,-0.0,-0.13,-0.0,-416.01999999999776,380.6600000000014,-0.0,-0.0,-0.0,-35.359999999996376,-35.48999999999638,1818.9049999999854
23.59,26.33,36.67,37.27,80.22,96.63,0.0,0.009999999999998,0.0100000000000051,0.0100000000000051,0.019999999999996,0.0300000000000011,4.096227214921576,3.669958222559818,2.6351240796291244,2.59270190501744,1.2045624532535526,1.0,4.094622799294766,3.66949176451848,2.6373203835391683,2.5925040186673307,1.205146439107453,1.0,4.094268965882581,3.669120030414971,2.637432907520826,2.592384107220401,1.2051512203099883,1.0,96.58380490517008,96.60793040082618,96.7146647187887,96.61815567610437,96.67723089326726,96.63,0.0204713448294129,0.0183456001520748,0.0131871645376041,0.012961920536102,0.0060257561015499,0.005,96.56333356034064,96.5895848006741,96.7014775542511,96.60519375556824,96.67120513716571,96.625,96.60427624999949,96.62627600097824,96.7278518833263,96.63111759664044,96.6832566493688,96.635,96.60427624999949,96.7014775542511,0.0972013042516124,0.0010059122865736,SPHY,HYLB,2025-11-14,False,4238.0,3798.0,2730.0,2683.0,1247.0,1035.0,0,3797,-2730,0,0,0,SCYB,HYLB,0.075201553272862,0.0007782422981771,1,True,False,False,1,SPHY,HYLB,4238,0,-2730,0,0,0,0.0,99937.04000000001,-100081.79999999999,0.0,0.0,0.0,200018.84,-144.7599999999802,4238,-3797,0,0,0,0,4238,0,0,0,0,0,0,3797,0,0,0,0,-21.19,-18.985,-0.0,-0.0,-0.0,-0.0,-40.175,0.0,37.9699999999924,-27.300000000013924,0.0,0.0,0.0,10.66999999997848,-29.505000000021518,1789.399999999964
23.56,26.31,36.61,37.21,80.09,96.46,-0.0300000000000011,-0.0199999999999995,-0.0600000000000022,-0.0600000000000022,-0.1299999999999954,-0.1700000000000017,4.094227504244482,3.666286583048272,2.634799235181644,2.592313894114485,1.204395055562492,1.0,4.094693267325133,3.669560512625388,2.6371572592127066,2.592531947415608,1.2051226211635202,1.0,4.094622799294766,3.66949176451848,2.6373203835391683,2.5925040186673307,1.205146439107453,1.0,96.46931315138468,96.5443283244812,96.55229924136896,96.46707453461138,96.5201783081159,96.46,0.0204731139964738,0.0183474588225924,0.0131866019176958,0.0129625200933366,0.0060257321955372,0.005,96.4488400373882,96.52598086565862,96.53911263945126,96.45411201451805,96.51415257592036,96.455,96.48978626538114,96.5626757833038,96.56548584328664,96.48003705470472,96.52620404031144,96.465,96.465,96.53911263945126,0.0741126394512718,0.0007683251031647,JNK,HYLB,2025-11-17,False,4246.0,3805.0,2735.0,2688.0,1250.0,1037.0,4238,0,-2730,0,0,0,SPHY,HYLB,0.0493263740701195,0.0005113661006647,1,True,False,False,1,JNK,HYLB,0,0,-2735,0,0,1037,99974.42,0.0,-100109.1,0.0,0.0,0.0,200083.52000000002,-134.68000000000757,-4238,0,-5,0,0,1037,0,0,0,0,0,1037,4238,0,5,0,0,0,-21.19,-0.0,-0.025,-0.0,-0.0,-5.1850000000000005,-26.4,-127.14000000000466,-0.0,163.800000000006,-0.0,-0.0,-0.0,36.66000000000135,10.260000000001348,1799.6599999999653
23.56,26.3,36.6,37.21,80.11,96.41,0.0,-0.009999999999998,-0.009999999999998,0.0,0.019999999999996,-0.0499999999999971,4.092105263157895,3.665779467680608,2.634153005464481,2.590970169309325,1.203470228435901,1.0,4.094739706953616,3.6694784878926576,2.637034419369494,2.5925301631721864,1.2050125763693669,1.0,4.094693267325133,3.669560512625388,2.6371572592127066,2.592531947415608,1.2051226211635202,1.0,96.47097337818012,96.5094414820477,96.51995568718506,96.46811376333476,96.5423731814096,96.41,0.0204734663366256,0.0183478025631269,0.0131857862960635,0.012962659737078,0.0060256131058176,0.005,96.45049991184352,96.49109367948458,96.506769900889,96.45515110359769,96.53634756830378,96.405,96.49144684451676,96.52778928461083,96.53314147348112,96.48107642307184,96.54839879451542,96.415,96.415,96.53634756830378,0.1213475683037899,0.0012586616357617,JNK,HYG,2025-11-18,False,4246.0,3805.0,2735.0,2688.0,1250.0,1037.0,0,0,-2735,0,0,1037,JNK,HYLB,0.0917699008889911,0.0009518711844102,1,True,False,False,1,JNK,HYG,0,0,0,0,-1250,1037,0.0,0.0,-100128.34999999999,0.0,0.0,100029.01999999999,200157.37,-99.33000000000175,0,0,2735,0,-1250,0,0,0,2735,0,0,0,0,0,0,0,1250,0,-0.0,-0.0,-13.675,-0.0,-6.25,-0.0,-19.925,0.0,-0.0,27.34999999999453,0.0,0.0,-51.849999999996996,-24.500000000002466,-44.42500000000247,1755.2349999999628
23.56,26.3,36.64,37.23,80.15,96.49,0.0,0.0,0.0399999999999991,0.019999999999996,0.0400000000000062,0.0799999999999983,4.095500848896434,3.668821292775665,2.633460698689956,2.591727101799624,1.2038677479725512,1.0,4.094821988455677,3.6695987835906174,2.636833810052365,2.5925268566581177,1.204924605314846,1.0,4.094739706953616,3.6694784878926576,2.637034419369494,2.5925301631721864,1.2050125763693669,1.0,96.4720674958272,96.5072842315769,96.62094112569828,96.51989797490047,96.58175799600475,96.49,0.020473698534768,0.0183473924394632,0.0131851720968474,0.0129626508158609,0.0060250628818468,0.005,96.45159379729242,96.48893683913744,96.6077559536014,96.50693532408462,96.57573293312292,96.485,96.49254119436196,96.52563162401636,96.63412629779512,96.53286062571637,96.5877830588866,96.495,96.49254119436196,96.6077559536014,0.1152147592394499,0.0011940590655969,SPHY,HYLB,2025-11-19,False,4242.0,3802.0,2732.0,2686.0,1248.0,1036.0,0,0,0,0,-1250,1037,JNK,HYG,0.0807329331229169,0.0008366974103318,1,True,False,False,1,SPHY,HYLB,4242,0,-2732,0,0,0,0.0,0.0,0.0,0.0,-100137.5,99977.17,200114.66999999998,-160.33000000000175,4242,0,-2732,0,1250,-1037,4242,0,0,0,1250,0,0,0,2732,0,0,1037,-21.21,-0.0,-13.66,-0.0,-6.25,-5.1850000000000005,-46.30500000000001,0.0,0.0,0.0,0.0,-50.000000000007745,82.95999999999823,32.95999999999049,-13.34500000000952,1741.8899999999533
23.55,26.29,36.62,37.22,80.1,96.47,-0.009999999999998,-0.0100000000000015,-0.0200000000000031,-0.009999999999998,-0.0500000000000113,-0.019999999999996,4.096390658174098,3.669456066945607,2.634352812670672,2.591886082751209,1.204369538077403,1.0,4.094914630608079,3.6697570647407582,2.6366483646003545,2.5925333948382314,1.2048846107866114,1.0,4.094821988455677,3.6695987835906174,2.636833810052365,2.5925268566581177,1.204924605314846,1.0,96.4330578281312,96.47375202059736,96.5608541241176,96.49384960481514,96.51446088571916,96.47,0.0204741099422783,0.018347993917953,0.0131841690502618,0.0129626342832905,0.0060246230265742,0.005,96.41258371818893,96.4554040266794,96.54766995506732,96.48088697053186,96.5084362626926,96.465,96.45353193807348,96.49210001451532,96.57403829316786,96.50681223909842,96.52048550874576,96.475,96.45353193807348,96.54766995506732,0.0941380169938526,0.0009758268580268,SPHY,HYLB,2025-11-20,False,4246.0,3805.0,2734.0,2688.0,1250.0,1037.0,4242,0,-2732,0,0,0,SPHY,HYLB,0.0941380169938383,0.0009758268580267,1,True,False,False,1,SPHY,HYLB,4246,0,-2734,0,0,0,99941.51999999999,0.0,-100100.48,0.0,0.0,0.0,200042.0,-158.9600000000064,4,0,-2,0,0,0,4,0,0,0,0,0,0,0,2,0,0,0,-0.02,-0.0,-0.01,-0.0,-0.0,-0.0,-0.03,-42.41999999999152,-0.0,54.64000000000846,-0.0,-0.0,-0.0,12.220000000016945,12.190000000016946,1754.0799999999701
23.63,26.39,36.73,37.34,80.37,96.76,0.0799999999999983,0.1000000000000014,0.1099999999999994,0.1200000000000045,0.2700000000000102,0.2900000000000062,4.094794752433348,3.666540356195529,2.634358834739995,2.591322978039636,1.2039318153539875,1.0,4.09492039252803,3.669569249655305,2.6364990640275865,2.592470896525359,1.2048073979035956,1.0,4.094914630608079,3.6697570647407582,2.6366483646003545,2.5925333948382314,1.2048846107866114,1.0,96.7628327212689,96.84488893850862,96.844094431771,96.80519696325958,96.83657616891996,96.76,0.0204745731530403,0.0183487853237037,0.0131832418230017,0.0129626669741911,0.006024423053933,0.005,96.74235814811584,96.82654015318492,96.830911189948,96.7922342962854,96.83055174586605,96.755,96.78330729442192,96.86323772383231,96.857277673594,96.81815963023377,96.84260059197388,96.765,96.765,96.830911189948,0.0659111899480109,0.0006811822028525,JNK,HYLB,2025-11-21,False,4230.0,3791.0,2724.0,2678.0,1245.0,1033.0,4246,0,-2734,0,0,0,SPHY,HYLB,0.0476038955260804,0.0004919790773675,1,True,False,False,1,JNK,HYLB,0,0,-2724,0,0,1033,99993.3,0.0,-100119.07999999999,0.0,0.0,0.0,200112.38,-125.77999999998428,-4246,0,10,0,0,1033,0,0,10,0,0,1033,4246,0,0,0,0,0,-21.23,-0.0,-0.05,-0.0,-0.0,-5.165,-26.445,339.6799999999928,0.0,-300.73999999999836,0.0,0.0,0.0,38.93999999999443,12.494999999994427,1766.5749999999646
23.7,26.46,36.81,37.44,80.59,97.04,0.0700000000000002,0.0700000000000002,0.0800000000000054,0.0999999999999943,0.2199999999999988,0.2800000000000011,4.09451476793249,3.667422524565382,2.6362401521325727,2.591880341880342,1.204119617818588,1.0,4.094840447681863,3.6694510460445615,2.6363509208533857,2.592408828963291,1.2047156425740524,1.0,4.09492039252803,3.669569249655305,2.6364990640275865,2.592470896525359,1.2048073979035956,1.0,97.0496133029143,97.09680234587935,97.04953054685546,97.06211036590943,97.09542819705078,97.04,0.0204746019626401,0.0183478462482765,0.0131824953201379,0.0129623544826267,0.0060240369895179,0.005,97.02913870095163,97.07845449963108,97.03634805153531,97.0491480114268,97.08940416006126,97.035,97.07008790487694,97.11515019212764,97.0627130421756,97.07507272039206,97.1014522340403,97.045,97.045,97.08940416006126,0.0444041600612621,0.0004575861506725,JNK,HYG,2025-11-24,False,4222.0,3783.0,2718.0,2673.0,1242.0,1031.0,0,0,-2724,0,0,1033,JNK,HYLB,-0.0086519484646885,-8.91585785726353e-05,1,True,False,False,1,JNK,HYG,0,0,0,0,-1242,1031,0.0,0.0,-100052.51999999999,0.0,0.0,99953.08,200005.59999999998,-99.43999999998778,0,0,2724,0,-1242,-2,0,0,2724,0,0,0,0,0,0,0,1242,2,-0.0,-0.0,-13.620000000000001,-0.0,-6.21,-0.01,-19.840000000000003,0.0,0.0,-217.9200000000147,0.0,0.0,289.2400000000011,71.31999999998638,51.479999999986376,1818.054999999951
23.78,26.55,36.96,37.56,80.87,97.42,0.0800000000000018,0.0899999999999998,0.1499999999999985,0.1200000000000045,0.2800000000000011,0.3799999999999954,4.096719932716568,3.669303201506591,2.63582251082251,2.593716719914803,1.2046494373686163,1.0,4.095015073080233,3.669564146194797,2.636187868496937,2.5924468895353026,1.204658705575488,1.0,4.094840447681863,3.6694510460445615,2.6363509208533857,2.592408828963291,1.2047156425740524,1.0,97.3753058458747,97.42392527248312,97.43953003474114,97.37087561586122,97.42535401496362,97.42,0.0204742022384093,0.0183472552302228,0.0131817546042669,0.0129620441448164,0.0060235782128702,0.005,97.3548316436363,97.40557801725288,97.42634828013688,97.3579135717164,97.41933043675074,97.415,97.39578004811312,97.44227252771334,97.4527117893454,97.38383766000604,97.43137759317648,97.425,97.38383766000604,97.42634828013688,0.0425106201308409,0.0004363644029033,USHY,HYLB,2025-11-25,False,4201.0,3765.0,2705.0,2660.0,1236.0,1026.0,0,0,0,0,-1242,1031,JNK,HYG,-0.0056695632492562,-5.819711814058993e-05,1,True,False,False,1,USHY,HYLB,0,0,-2705,2660,0,0,0.0,0.0,0.0,0.0,-100092.78,100048.24,200141.02000000002,-44.5399999999936,0,0,-2705,2660,1242,-1031,0,0,0,2660,1242,0,0,0,2705,0,0,1031,-0.0,-0.0,-13.525,-13.3,-6.21,-5.155,-38.190000000000005,0.0,0.0,0.0,0.0,-347.76000000000136,391.77999999999525,44.0199999999939,5.829999999993895,1823.8849999999447
23.82,26.58,37.0,37.61,80.95,97.57,0.0399999999999991,0.0299999999999975,0.0399999999999991,0.0499999999999971,0.0799999999999983,0.1499999999999914,4.0961376994122585,3.670805116629044,2.637027027027026,2.5942568465833555,1.205311920938851,1.0,4.095082025164939,3.6696771190499247,2.6360846375287426,2.592518297601522,1.2046278223142155,1.0,4.095015073080233,3.669564146194797,2.636187868496937,2.5924468895353026,1.204658705575488,1.0,97.54325904077116,97.5370150058577,97.53895113438668,97.50192751542272,97.51712221633576,97.57,0.0204750753654011,0.0183478207309739,0.0131809393424846,0.0129622344476765,0.0060232935278774,0.005,97.52278396540576,97.51866718512672,97.5257701950442,97.48896528097504,97.51109892280788,97.565,97.56373411613654,97.55536282658868,97.55213207372915,97.5148897498704,97.52314550986364,97.575,97.5148897498704,97.565,0.050110250129606,0.0005135825574418,USHY,JNK,2025-11-26,False,4197.0,3761.0,2702.0,2657.0,1235.0,1025.0,0,0,-2705,2660,0,0,USHY,HYLB,0.0108804451737967,0.0001115142479634,1,True,False,False,1,USHY,JNK,0,0,0,2657,0,-1025,0.0,0.0,-99976.8,99909.6,0.0,0.0,199886.40000000002,-67.19999999999709,0,0,2705,-3,0,-1025,0,0,2705,0,0,0,0,0,0,3,0,1025,-0.0,-0.0,-13.525,-0.015,-0.0,-5.125,-18.665,0.0,0.0,-108.19999999999756,132.9999999999923,0.0,0.0,24.79999999999474,6.13499999999474,1830.0199999999395
23.82,26.58,37.02,37.64,80.99,97.65,0.0,0.0,0.0200000000000031,0.0300000000000011,0.039999999999992,0.0800000000000125,4.099496221662469,3.673814898419865,2.6377633711507293,2.594314558979809,1.205704407951599,1.0,4.095455995911928,3.6700972580243616,2.6360795233127146,2.592657122942742,1.2046469536028848,1.0,4.095082025164939,3.6696771190499247,2.6360846375287426,2.592518297601522,1.2046278223142155,1.0,97.54485383942884,97.540017824347,97.58785328131404,97.5823887217213,97.56280732922832,97.65,0.0204754101258246,0.0183483855952496,0.0131804231876437,0.0129625914880076,0.006023139111571,0.005,97.52437842930304,97.52166943875174,97.5746728581264,97.5694261302333,97.55678419011674,97.645,97.56532924955468,97.55836620994224,97.6010337045017,97.5953513132093,97.5688304683399,97.655,97.55836620994224,97.645,0.0866337900577747,0.0008871867901461,SCYB,JNK,2025-11-28,False,4193.0,3758.0,2699.0,2655.0,1234.0,1024.0,0,0,0,2657,0,-1025,USHY,JNK,0.0496486867906895,0.0005084350925825,1,True,False,False,1,SCYB,JNK,0,3758,0,0,0,-1024,0.0,0.0,0.0,99929.77,0.0,-100009.25,199939.02000000002,-79.47999999999593,0,3758,0,-2657,0,1,0,3758,0,0,0,1,0,0,0,2657,0,0,-0.0,-18.79,-0.0,-13.285,-0.0,-0.005,-32.080000000000005,0.0,0.0,0.0,79.71000000000292,0.0,-82.00000000001282,-2.290000000009897,-34.3700000000099,1795.6499999999296
23.65,26.43,36.76,37.36,80.47,96.96,-0.1700000000000017,-0.1499999999999985,-0.2600000000000051,-0.2800000000000011,-0.519999999999996,-0.6900000000000119,4.099788583509514,3.6685584562996594,2.637649619151252,2.595289079229122,1.2049210886044488,1.0,4.095844584751269,3.66983977910415,2.6361044358976806,2.5928446742964284,1.2046269189241965,1.0,4.095455995911928,3.6700972580243616,2.6360795233127146,2.592657122942742,1.2046469536028848,1.0,96.8575343033171,97.00067052958389,96.90228327697538,96.86167011314086,96.93794035642414,96.96,0.0204772799795596,0.0183504862901218,0.0131803976165635,0.0129632856147137,0.0060232347680144,0.005,96.83705702333754,96.98232004329375,96.88910287935882,96.84870682752614,96.93191712165611,96.955,96.87801158329664,97.019021015874,96.91546367459196,96.87463339875558,96.94396359119214,96.965,96.87463339875558,96.98232004329375,0.1076866445381767,0.0011106295847584,USHY,SCYB,2025-12-01,True,4222.0,3784.0,2718.0,2673.0,1242.0,1031.0,0,3758,0,0,0,-1024,SCYB,JNK,-0.0640210158740046,-0.0006602827544761,1,True,False,False,1,USHY,SCYB,0,-3784,0,2673,0,0,0.0,99887.64,0.0,0.0,0.0,-99993.6,199881.24,-105.9600000000064,0,-7542,0,2673,0,1024,0,0,0,2673,0,1024,0,7542,0,0,0,0,-0.0,-37.71,-0.0,-13.365,-0.0,-5.12,-56.195,-0.0,-563.6999999999944,-0.0,-0.0,-0.0,706.5600000000122,142.86000000001786,86.66500000001787,1882.3149999999475
23.69,26.45,36.83,37.41,80.62,97.11,0.0400000000000027,0.0199999999999995,0.0700000000000002,0.0499999999999971,0.1500000000000056,0.1500000000000056,4.09919797382862,3.671455576559546,2.636709204452892,2.595829991980754,1.204539816422724,1.0,4.096099099805566,3.669939913555228,2.636072064334416,2.592998590002849,1.2045968595831162,1.0,4.095844584751269,3.66983977910415,2.6361044358976806,2.5928446742964284,1.2046269189241965,1.0,97.03055821275755,97.06726215730475,97.08772637411155,96.99831926542936,97.11702220366872,97.11,0.0204792229237563,0.0183491988955207,0.0131805221794884,0.0129642233714821,0.0060231345946209,0.005,97.0100789898338,97.04891295840925,97.07454585193209,96.98535504205788,97.11099906907408,97.105,97.05103743568132,97.08561135620027,97.10090689629104,97.01128348880086,97.12304533826334,97.115,97.01128348880086,97.11099906907408,0.0997155802732265,0.0010268312251387,USHY,HYG,2025-12-02,False,4219.0,3780.0,2715.0,2671.0,1241.0,1030.0,0,-3784,0,2673,0,0,USHY,SCYB,0.0376294696083903,0.0003874932510389,1,True,False,True,0,,,0,0,0,0,0,0,0.0,-100011.12,0.0,99863.28,0.0,0.0,199874.4,-147.8399999999965,0,3784,0,-2673,0,0,0,3784,0,0,0,0,0,0,0,2673,0,0,-0.0,-18.92,-0.0,-13.365,-0.0,-0.0,-32.285000000000004,0.0,-75.67999999999812,0.0,133.64999999999225,0.0,0.0,57.96999999999413,25.684999999994126,1907.9999999999416
23.72,26.48,36.87,37.48,80.69,97.26,0.0299999999999975,0.0300000000000011,0.0399999999999991,0.0700000000000002,0.0699999999999931,0.1500000000000056,4.100337268128162,3.6729607250755287,2.637917005695688,2.5949839914621133,1.2053538232742596,1.0,4.096279306444897,3.670083578847393,2.636091378153753,2.593067424279151,1.2046274952259313,1.0,4.096099099805566,3.669939913555228,2.636072064334416,2.592998590002849,1.2045968595831162,1.0,97.15947064738802,97.18000891094243,97.19197701200991,97.18558715330676,97.19892059976164,97.26,0.0204804954990278,0.0183496995677761,0.013180360321672,0.0129649929500142,0.0060229842979155,0.005,97.138990151889,97.16165921137464,97.17879665168824,97.17262216035677,97.19289761546374,97.255,97.17995114288703,97.1983586105102,97.20515737233158,97.1985521462568,97.20494358405956,97.265,97.17995114288703,97.255,0.0750488571129608,0.0007716312678692,SPHY,JNK,2025-12-03,False,4211.0,3773.0,2710.0,2666.0,1238.0,1028.0,0,0,0,0,0,0,,,0.0,0.0,0,True,False,False,1,SPHY,JNK,4211,0,0,0,0,-1028,0.0,0.0,0.0,0.0,0.0,0.0,0.0,0.0,4211,0,0,0,0,-1028,4211,0,0,0,0,0,0,0,0,0,0,1028,-21.055,-0.0,-0.0,-0.0,-0.0,-5.14,-26.195,0.0,0.0,0.0,0.0,0.0,0.0,0.0,-26.195,1881.8049999999416
23.72,26.51,36.88,37.48,80.75,97.29,0.0,0.0300000000000011,0.0100000000000051,0.0,0.0600000000000022,0.0300000000000011,4.10160202360877,3.6699358732553753,2.6380151843817785,2.595784418356457,1.2048297213622292,1.0,4.096592458472793,3.670044481891096,2.6361007618269907,2.5931947187145483,1.2046359013987415,1.0,4.096279306444897,3.670083578847393,2.636091378153753,2.593067424279151,1.2046274952259313,1.0,97.16374514887296,97.2939156752444,97.21905002631044,97.18816706198255,97.27367023949397,97.29,0.0204813965322244,0.0183504178942369,0.0131804568907687,0.0129653371213957,0.0060231374761296,0.005,97.14326375234072,97.27556525735017,97.20586956941966,97.17520172486115,97.26764710201782,97.285,97.18422654540517,97.31226609313865,97.2322304832012,97.20113239910395,97.27969337697007,97.295,97.18422654540517,97.285,0.1007734545948437,0.0010358048575891,SPHY,JNK,2025-12-04,False,4211.0,3773.0,2710.0,2666.0,1238.0,1028.0,4211,0,0,0,0,-1028,SPHY,JNK,0.1007734545948295,0.0010358048575889,1,True,False,False,1,SPHY,JNK,4211,0,0,0,0,-1028,99884.92,0.0,0.0,0.0,0.0,-99983.28,199868.2,-98.36000000000058,0,0,0,0,0,0,0,0,0,0,0,0,0,0,0,0,0,0,-0.0,-0.0,-0.0,-0.0,-0.0,-0.0,0.0,0.0,0.0,0.0,0.0,0.0,-30.84000000000113,-30.84000000000113,-30.84000000000113,1850.9649999999406
23.73,26.5,36.89,37.48,80.75,97.29,0.0100000000000015,-0.0100000000000015,0.009999999999998,0.0,0.0,0.0,4.099873577749684,3.6713207547169815,2.637300081322852,2.595784418356457,1.2048297213622292,1.0,4.096713256004345,3.670119058526376,2.63611411604312,2.5933592747530145,1.2046356730387444,1.0,4.096592458472793,3.670044481891096,2.6361007618269907,2.5931947187145483,1.2046359013987415,1.0,97.2121390395594,97.25617877011403,97.24575710379769,97.19293805742126,97.27434903794838,97.29,0.0204829622923639,0.0183502224094554,0.0131805038091349,0.0129659735935727,0.0060231795069937,0.005,97.19165607726704,97.23782854770458,97.23257659998856,97.17997208382768,97.2683258584414,97.285,97.23262200185177,97.27452899252349,97.25893760760682,97.20590403101482,97.28037221745538,97.295,97.20590403101482,97.285,0.079095968985186,0.0008129917667302,USHY,JNK,2025-12-05,False,4211.0,3773.0,2710.0,2666.0,1238.0,1028.0,4211,0,0,0,0,-1028,SPHY,JNK,0.0523779981482306,0.0005383698031476,1,True,False,False,1,USHY,JNK,0,0,0,2666,0,-1028,99884.92,0.0,0.0,0.0,0.0,-100014.12000000001,199899.04,-129.20000000001164,-4211,0,0,2666,0,0,0,0,0,2666,0,0,4211,0,0,0,0,0,-21.055,-0.0,-0.0,-13.33,-0.0,-0.0,-34.385,42.110000000006316,-0.0,0.0,0.0,0.0,-0.0,42.110000000006316,7.725000000006318,1858.6899999999468
23.67,26.45,36.81,37.4,80.55,97.08,-0.0599999999999987,-0.0500000000000007,-0.0799999999999983,-0.0799999999999983,-0.2000000000000028,-0.2100000000000079,4.101394169835234,3.670321361058601,2.637326813365933,2.59572192513369,1.2052141527001865,1.0,4.09704322687444,3.670029813486327,2.636154843632397,2.5935445137903046,1.2046698152561013,1.0,4.096713256004345,3.670119058526376,2.63611411604312,2.5933592747530145,1.2046356730387444,1.0,96.96920276962284,97.07464909802265,97.03536061154726,96.99163687576274,97.03340346327086,97.08,0.0204835662800217,0.0183505952926318,0.0131805705802156,0.012966796373765,0.0060231783651937,0.005,96.94871920334285,97.05629850273,97.02218004096704,96.97867007938898,97.02738028490566,97.075,96.98968633590287,97.09299969331526,97.04854118212748,97.0046036721365,97.03942664163606,97.085,96.98968633590287,97.075,0.0853136640971286,0.0008787975288126,SPHY,JNK,2025-12-08,False,4220.0,3780.0,2715.0,2671.0,1241.0,1030.0,0,0,0,2666,0,-1028,USHY,JNK,0.0703963278635058,0.0007251372874279,1,True,False,False,1,SPHY,JNK,4220,0,0,0,0,-1030,0.0,0.0,0.0,99921.68,0.0,-100014.12000000001,199935.8,-92.44000000001688,4220,0,0,-2666,0,-2,4220,0,0,0,0,0,0,0,0,2666,0,2,-21.1,-0.0,-0.0,-13.33,-0.0,-0.01,-34.44,-0.0,-0.0,-0.0,-213.27999999999545,-0.0,215.88000000000812,2.6000000000126704,-31.839999999987327,1826.8499999999594
23.65,26.41,36.77,37.35,80.46,96.94,-0.0200000000000031,-0.0399999999999991,-0.0399999999999991,-0.0499999999999971,-0.0900000000000034,-0.1400000000000005,4.098942917547569,3.6705793260128736,2.6363883600761486,2.595448460508701,1.204822271936366,1.0,4.097245539348192,3.6699543924949887,2.6361659531920014,2.593656146217449,1.2046814003169397,1.0,4.09704322687444,3.670029813486327,2.636154843632397,2.5935445137903046,1.2046698152561013,1.0,96.8950723155805,96.92548737417388,96.93141360036326,96.86888759006789,96.9277333355059,96.94,0.0204852161343722,0.0183501490674316,0.0131807742181619,0.0129677225689515,0.0060233490762805,0.005,96.87458709944612,96.90713722510644,96.9182328261451,96.85591986749894,96.92170998642962,96.935,96.91555753171488,96.94383752324131,96.9445943745814,96.88185531263684,96.9337566845822,96.945,96.88185531263684,96.935,0.0531446873631722,0.0005482224815676,USHY,JNK,2025-12-09,False,4228.0,3787.0,2721.0,2677.0,1243.0,1032.0,4220,0,0,0,0,-1030,SPHY,JNK,0.0194424682851206,0.0002005618762649,1,True,False,False,1,USHY,JNK,0,0,0,2677,0,-1032,99887.40000000001,0.0,0.0,0.0,0.0,-99992.4,199879.8,-104.99999999998545,-4220,0,0,2677,0,-2,0,0,0,2677,0,0,4220,0,0,0,0,2,-21.1,-0.0,-0.0,-13.385,-0.0,-0.01,-34.495,-84.40000000001308,-0.0,-0.0,-0.0,-0.0,144.20000000000053,59.79999999998745,25.30499999998745,1852.154999999947
23.72,26.48,36.89,37.47,80.73,97.28,0.0700000000000002,0.0700000000000002,0.1199999999999974,0.1199999999999974,0.2700000000000102,0.3400000000000034,4.101180438448567,3.673716012084592,2.6370290051504472,2.596210301574593,1.205004335439118,1.0,4.097460416367502,3.6699227771566414,2.6361573166816283,2.5937520707386965,1.2046639259251823,1.0,4.097245539348192,3.6699543924949887,2.6361659531920014,2.593656146217449,1.2046814003169397,1.0,97.18666419333913,97.1803923132673,97.24816201325294,97.1842957987678,97.25392944758651,97.28,0.0204862276967409,0.0183497719624749,0.01318082976596,0.0129682807310872,0.0060234070015846,0.005,97.16617796564238,97.16204254130484,97.23498118348698,97.17132751803672,97.24790604058497,97.275,97.20715042103583,97.19874208522978,97.2613428430189,97.1972640794989,97.25995285458812,97.285,97.1972640794989,97.275,0.0777359205011123,0.0007990945775196,USHY,JNK,2025-12-10,False,4212.0,3773.0,2710.0,2666.0,1238.0,1028.0,0,0,0,2677,0,-1032,USHY,JNK,0.0777359205011123,0.0007990945775196,1,True,False,False,1,USHY,JNK,0,0,0,2666,0,-1028,0.0,0.0,0.0,99985.95,0.0,-100042.08,200028.03,-56.13000000000466,0,0,0,-11,0,4,0,0,0,0,0,4,0,0,0,11,0,0,-0.0,-0.0,-0.0,-0.055,-0.0,-0.02,-0.075,0.0,0.0,0.0,321.239999999993,0.0,-350.8800000000035,-29.640000000010502,-29.7150000000105,1822.4399999999364
23.73,26.5,36.89,37.47,80.72,97.27,0.0100000000000015,0.0199999999999995,0.0,0.0,-0.0100000000000051,-0.0100000000000051,4.099030762747577,3.670566037735849,2.6367579289780427,2.5959434214037898,1.205029732408325,1.0,4.097620903428478,3.6698907309541418,2.636160974000096,2.593933959949415,1.2046707832149146,1.0,4.097460416367502,3.6699227771566414,2.6361573166816283,2.5937520707386965,1.2046639259251823,1.0,97.23273568040082,97.252953594651,97.24784341238528,97.18789009057896,97.24047210068072,97.27,0.0204873020818375,0.0183496138857832,0.0131807865834081,0.0129687603536934,0.0060233196296259,0.005,97.212248378319,97.2346039807652,97.23466262580186,97.17492133022527,97.2344487810511,97.265,97.25322298248264,97.2713032085368,97.26102419896868,97.20085885093263,97.24649542031034,97.275,97.20085885093263,97.265,0.0641411490673533,0.0006594134786404,USHY,JNK,2025-12-11,False,4212.0,3773.0,2710.0,2666.0,1238.0,1028.0,0,0,0,2666,0,-1028,USHY,JNK,0.0641411490673675,0.0006594134786405,1,True,False,False,1,USHY,JNK,0,0,0,2666,0,-1028,0.0,0.0,0.0,99895.02,0.0,-100003.84,199898.86,-108.81999999999243,0,0,0,0,0,0,0,0,0,0,0,0,0,0,0,0,0,0,-0.0,-0.0,-0.0,-0.0,-0.0,-0.0,0.0,0.0,0.0,0.0,0.0,-0.0,10.280000000005243,10.280000000005243,10.280000000005243,1832.7199999999416
23.68,26.45,36.82,37.38,80.57,97.07,-0.0500000000000007,-0.0500000000000007,-0.0700000000000002,-0.0899999999999963,-0.1500000000000056,-0.2000000000000028,4.099239864864865,3.669943289224952,2.6363389462248774,2.596843231674692,1.2047908650862604,1.0,4.097835122191009,3.669877257117517,2.636226693815431,2.59414649190352,1.2046858875664843,1.0,4.097620903428478,3.6698907309541418,2.636160974000096,2.593933959949415,1.2046707832149146,1.0,97.03166299318636,97.06860983373704,97.06344706268354,96.96125142290911,97.06032500362566,97.07,0.0204881045171423,0.0183494536547707,0.0131808048700004,0.012969669799747,0.0060233539160745,0.005,97.01117488866922,97.05026038008228,97.05026625781352,96.94828175310938,97.0543016497096,97.065,97.0521510977035,97.0869592873918,97.07662786755354,96.97422109270887,97.06634835754174,97.075,96.97422109270887,97.065,0.0907789072911242,0.0009351901441343,USHY,JNK,2025-12-12,False,4221.0,3780.0,2715.0,2672.0,1241.0,1030.0,0,0,0,2666,0,-1028,USHY,JNK,0.0907789072911242,0.0009351901441343,1,True,False,False,1,USHY,JNK,0,0,0,2672,0,-1030,0.0,0.0,0.0,99895.02,0.0,-99993.56,199888.58000000002,-98.5399999999936,0,0,0,6,0,-2,0,0,0,6,0,0,0,0,0,0,0,2,-0.0,-0.0,-0.0,-0.03,-0.0,-0.01,-0.04,-0.0,-0.0,-0.0,-239.93999999999016,-0.0,205.60000000000286,-34.3399999999873,-34.3799999999873,1798.3399999999542
23.69,26.47,36.86,37.4,80.61,97.17,0.0100000000000015,0.0199999999999995,0.0399999999999991,0.019999999999996,0.0400000000000062,0.1000000000000085,4.101730688054031,3.670948243294296,2.6361909929462835,2.5981283422459893,1.2054335690360998,1.0,4.098110295847632,3.669926758154241,2.636280039481289,2.5944178137649474,1.2047294433556115,1.0,4.097835122191009,3.669877257117517,2.636226693815431,2.59414649190352,1.2046858875664843,1.0,97.07771404470502,97.14165099590068,97.17131593403678,97.02107879719163,97.1097293967343,97.17,0.020489175610955,0.0183493862855875,0.0131811334690771,0.0129707324595176,0.0060234294378324,0.005,97.05722486909406,97.12330160961508,97.15813480056772,97.00810806473211,97.10370596729646,97.165,97.09820322031598,97.16000038218628,97.18449706750586,97.03404952965116,97.11575282617213,97.175,97.03404952965116,97.165,0.1309504703488357,0.0013476430003996,USHY,JNK,2025-12-15,False,4217.0,3776.0,2713.0,2669.0,1240.0,1029.0,0,0,0,2672,0,-1030,USHY,JNK,0.13095047034885,0.0013476430003998,1,True,False,False,1,USHY,JNK,0,0,0,2669,0,-1029,0.0,0.0,0.0,99879.36,0.0,-99982.09999999999,199861.46,-102.73999999999069,0,0,0,-3,0,1,0,0,0,0,0,1,0,0,0,3,0,0,-0.0,-0.0,-0.0,-0.015,-0.0,-0.005,-0.02,0.0,0.0,0.0,53.43999999998931,0.0,-103.00000000000875,-49.56000000001944,-49.580000000019446,1748.7599999999347
