SPLB_price,IGLB_price,VCLT_price,SPLB_price_chg,IGLB_price_chg,VCLT_price_chg,VCLT/SPLB,VCLT/IGLB,VCLT/VCLT,VCLT/SPLB_moving_avg,VCLT/IGLB_moving_avg,VCLT/VCLT_moving_avg,VCLT/SPLB_prev_moving_avg,VCLT/IGLB_prev_moving_avg,VCLT/VCLT_prev_moving_avg,SPLB_scaled_price,IGLB_scaled_price,VCLT_scaled_price,SPLB_scaled_comm,IGLB_scaled_comm,VCLT_scaled_comm,SPLB_scaled_price_minus_comm,IGLB_scaled_price_minus_comm,VCLT_scaled_price_minus_comm,SPLB_scaled_price_plus_comm,IGLB_scaled_price_plus_comm,VCLT_scaled_price_plus_comm,min_price_plus_comm,max_price_minus_comm,tgt_max-min,tgt_pct_diff,tgt_min_price_etf,tgt_max_price_etf,date,ex_div_date,SPLB_shs_per_unit,IGLB_shs_per_unit,VCLT_shs_per_unit,SPLB_current_shs,IGLB_current_shs,VCLT_current_shs,current_long_etf,current_short_etf,current_max-min,current_pct_diff,current_position,open_trade,exit_trade,flatten_for_div,tgt_position,tgt_long_etf,tgt_short_etf,SPLB_tgt_shs,IGLB_tgt_shs,VCLT_tgt_shs,SPLB_tgt_inv_amt,IGLB_tgt_inv_amt,VCLT_tgt_inv_amt,gross_inv_amt,net_inv_amt,SPLB_shs_to_trade,IGLB_shs_to_trade,VCLT_shs_to_trade,SPLB_shs_to_buy,IGLB_shs_to_buy,VCLT_shs_to_buy,SPLB_shs_to_sell,IGLB_shs_to_sell,VCLT_shs_to_sell,SPLB_daily_comm,IGLB_daily_comm,VCLT_daily_comm,daily_comm,SPLB_daily_profit,IGLB_daily_profit,VCLT_daily_profit,daily_gross_profit,daily_net_profit,cumulative_net_profit
22.24,49.43,74.79,,,,3.3628597122302164,1.513048755816306,1.0,,,,,,,,,,,,,,,,,,,,,,,,,2025-01-02,False,,,,,,,,,,,,False,False,False,,,,,,,,,,,,,,,,,,,,,,,,,,,,,,
22.18,49.27,74.57,-0.05999999999999872,-0.1599999999999966,-0.22000000000001307,3.3620378719567174,1.513497057032677,1.0,,,,,,,,,,,,,,,,,,,,,,,,,2025-01-03,False,,,,,,,,,,,,False,False,False,,,,,,,,,,,,,,,,,,,,,,,,,,,,,,
22.08,49.07,74.22,-0.10000000000000142,-0.20000000000000284,-0.3499999999999943,3.361413043478261,1.5125331159567963,1.0,,,,,,,,,,,,,,,,,,,,,,,,,2025-01-06,False,,,,,,,,,,,,False,False,False,,,,,,,,,,,,,,,,,,,,,,,,,,,,,,
21.91,48.68,73.67,-0.16999999999999815,-0.39000000000000057,-0.5499999999999972,3.3623916020082154,1.5133525061626951,1.0,,,,,,,,,,,,,,,,,,,,,,,,,2025-01-07,False,,,,,,,,,,,,False,False,False,,,,,,,,,,,,,,,,,,,,,,,,,,,,,,
21.96,48.8,73.85,0.05000000000000071,0.11999999999999744,0.1799999999999926,3.362932604735883,1.5133196721311475,1.0,,,,,,,,,,,,,,,,,,,,,,,,,2025-01-08,False,,,,,,,,,,,,False,False,False,,,,,,,,,,,,,,,,,,,,,,,,,,,,,,
21.82,48.49,73.37,-0.14000000000000057,-0.30999999999999517,-0.47999999999998977,3.362511457378552,1.5130954836048671,1.0,,,,,,,,,,,,,,,,,,,,,,,,,2025-01-10,False,,,,,,,,,,,,False,False,False,,,,,,,,,,,,,,,,,,,,,,,,,,,,,,
21.73,48.32,73.11,-0.08999999999999986,-0.1700000000000017,-0.2600000000000051,3.364473078693051,1.5130380794701987,1.0,,,,,,,,,,,,,,,,,,,,,,,,,2025-01-13,False,,,,,,,,,,,,False,False,False,,,,,,,,,,,,,,,,,,,,,,,,,,,,,,
21.76,48.37,73.16,0.030000000000001137,0.04999999999999716,0.04999999999999716,3.362132352941176,1.5125077527393012,1.0,,,,,,,,,,,,,,,,,,,,,,,,,2025-01-14,False,,,,,,,,,,,,False,False,False,,,,,,,,,,,,,,,,,,,,,,,,,,,,,,
22.1,49.13,74.31,0.33999999999999986,0.7600000000000051,1.1500000000000057,3.362443438914027,1.5125178098921228,1.0,,,,,,,,,,,,,,,,,,,,,,,,,2025-01-15,False,,,,,,,,,,,,False,False,False,,,,,,,,,,,,,,,,,,,,,,,,,,,,,,
22.17,49.26,74.53,0.07000000000000028,0.12999999999999545,0.21999999999999886,3.3617501127649976,1.5129922858302884,1.0,,,,,,,,,,,,,,,,,,,,,,,,,2025-01-16,False,,,,,,,,,,,,False,False,False,,,,,,,,,,,,,,,,,,,,,,,,,,,,,,
22.21,49.35,74.67,0.03999999999999915,0.09000000000000341,0.14000000000000057,3.3619990995047275,1.5130699088145896,1.0,,,,,,,,,,,,,,,,,,,,,,,,,2025-01-17,False,,,,,,,,,,,,False,False,False,,,,,,,,,,,,,,,,,,,,,,,,,,,,,,
22.4,49.8,75.37,0.18999999999999773,0.44999999999999574,0.7000000000000028,3.364732142857143,1.5134538152610444,1.0,,,,,,,,,,,,,,,,,,,,,,,,,2025-01-21,False,,,,,,,,,,,,False,False,False,,,,,,,,,,,,,,,,,,,,,,,,,,,,,,
22.31,49.56,75.0,-0.08999999999999986,-0.23999999999999488,-0.37000000000000455,3.3617212012550426,1.513317191283293,1.0,,,,,,,,,,,,,,,,,,,,,,,,,2025-01-22,False,,,,,,,,,,,,False,False,False,,,,,,,,,,,,,,,,,,,,,,,,,,,,,,
22.23,49.41,74.75,-0.0799999999999983,-0.15000000000000568,-0.25,3.3625730994152048,1.5128516494636715,1.0,,,,,,,,,,,,,,,,,,,,,,,,,2025-01-23,False,,,,,,,,,,,,False,False,False,,,,,,,,,,,,,,,,,,,,,,,,,,,,,,
22.3,49.54,74.97,0.07000000000000028,0.13000000000000256,0.21999999999999886,3.3618834080717486,1.5133225676221236,1.0,,,,,,,,,,,,,,,,,,,,,,,,,2025-01-24,False,,,,,,,,,,,,False,False,False,,,,,,,,,,,,,,,,,,,,,,,,,,,,,,
22.52,50.02,75.7,0.21999999999999886,0.480000000000004,0.730000000000004,3.3614564831261102,1.5133946421431428,1.0,,,,,,,,,,,,,,,,,,,,,,,,,2025-01-27,False,,,,,,,,,,,,False,False,False,,,,,,,,,,,,,,,,,,,,,,,,,,,,,,
22.46,49.89,75.51,-0.05999999999999872,-0.13000000000000256,-0.18999999999999773,3.361976847729297,1.513529765484065,1.0,,,,,,,,,,,,,,,,,,,,,,,,,2025-01-28,False,,,,,,,,,,,,False,False,False,,,,,,,,,,,,,,,,,,,,,,,,,,,,,,
22.4,49.8,75.36,-0.060000000000002274,-0.09000000000000341,-0.15000000000000568,3.3642857142857143,1.5132530120481928,1.0,,,,,,,,,,,,,,,,,,,,,,,,,2025-01-29,False,,,,,,,,,,,,False,False,False,,,,,,,,,,,,,,,,,,,,,,,,,,,,,,
22.47,49.91,75.51,0.07000000000000028,0.10999999999999943,0.15000000000000568,3.360480640854473,1.5129232618713686,1.0,,,,,,,,,,,,,,,,,,,,,,,,,2025-01-30,False,,,,,,,,,,,,False,False,False,,,,,,,,,,,,,,,,,,,,,,,,,,,,,,
22.33,49.63,75.09,-0.14000000000000057,-0.27999999999999403,-0.4200000000000017,3.3627407075682942,1.5129961716703606,1.0,3.362439730988443,1.5131007252149125,1.0,,,,,,,,,,,,,,,,,,,,,,2025-01-31,False,,,,,,,,,,,,False,False,False,0.0,,,0.0,0.0,0.0,,,,,,,,,,,,,,,,,,,,,,,,
22.32,49.62,75.08,-0.00999999999999801,-0.010000000000005116,-0.010000000000005116,3.3637992831541217,1.513099556630391,1.0,3.3624867095346374,1.513103265255617,1.0,3.362439730988443,1.5131007252149125,1.0,75.04965479566205,75.08005798516395,75.08,0.016812198654942215,0.007565503626074562,0.005,75.0328425970071,75.07249248153788,75.075,75.066466994317,75.08762348879002,75.085,75.066466994317,75.075,0.008533005683005968,0.00011365218011462397,SPLB,VCLT,2025-02-03,True,4479.0,2015.0,1332.0,0.0,0.0,0.0,,,0.0,0.0,0.0,False,True,False,0.0,,,0.0,0.0,0.0,0.0,0.0,0.0,,,0.0,0.0,0.0,0.0,0.0,0.0,-0.0,-0.0,-0.0,-0.0,-0.0,-0.0,0.0,-0.0,-0.0,-0.0,0.0,0.0,0.0
22.4,49.78,75.29,0.0799999999999983,0.1600000000000037,0.21000000000000796,3.361160714285715,1.51245480112495,1.0,3.3624428516510876,1.5130511524602306,1.0,3.3624867095346374,1.513103265255617,1.0,75.31970229357587,75.32228054442461,75.29,0.016812433547673186,0.007565516326278085,0.005,75.3028898600282,75.31471502809833,75.28500000000001,75.33651472712354,75.3298460607509,75.295,75.295,75.31471502809833,0.019715028098332255,0.00026185453710097297,VCLT,IGLB,2025-02-04,False,4465.0,2009.0,1328.0,0.0,0.0,0.0,,,0.0,0.0,0.0,False,True,True,0.0,,,0.0,0.0,0.0,0.0,0.0,0.0,0.0,0.0,0.0,0.0,0.0,0.0,0.0,0.0,-0.0,-0.0,-0.0,-0.0,-0.0,-0.0,0.0,0.0,0.0,0.0,0.0,0.0,0.0
22.65,50.31,76.12,0.25,0.5300000000000011,0.8299999999999983,3.360706401766005,1.5130192804611409,1.0,3.3624075195654752,1.5130754606854477,1.0,3.3624428516510876,1.5130511524602306,1.0,76.15933058989712,76.1216034802742,76.12,0.016812214258255437,0.0075652557623011535,0.005,76.14251837563887,76.1140382245119,76.11500000000001,76.17614280415538,76.1291687360365,76.125,76.125,76.14251837563887,0.01751837563887193,0.00023014156120430805,VCLT,SPLB,2025-02-05,False,4418.0,1988.0,1314.0,0.0,0.0,0.0,,,0.0,0.0,0.0,False,True,False,0.0,,,0.0,0.0,0.0,0.0,0.0,0.0,0.0,0.0,0.0,0.0,0.0,0.0,0.0,0.0,-0.0,-0.0,-0.0,-0.0,-0.0,-0.0,0.0,0.0,0.0,0.0,0.0,0.0,0.0
22.61,50.23,76.0,-0.03999999999999915,-0.0800000000000054,-0.12000000000000455,3.361344537815126,1.5130400159267372,1.0,3.36235516635582,1.5130598361736498,1.0,3.3624075195654752,1.5130754606854477,1.0,76.0240340173754,76.00178039023004,76.0,0.016812037597827376,0.007565377303427239,0.005,76.00722197977757,75.99421501292662,75.995,76.04084605497323,76.00934576753346,76.005,76.005,76.00722197977757,0.002221979777573324,2.9236576020701633e-05,VCLT,SPLB,2025-02-06,False,4425.0,1991.0,1316.0,0.0,0.0,0.0,,,0.0,0.0,0.0,False,True,False,0.0,,,0.0,0.0,0.0,0.0,0.0,0.0,0.0,0.0,0.0,0.0,0.0,0.0,0.0,0.0,-0.0,-0.0,-0.0,-0.0,-0.0,-0.0,0.0,-0.0,-0.0,-0.0,0.0,0.0,0.0
22.47,49.94,75.52,-0.14000000000000057,-0.28999999999999915,-0.480000000000004,3.360925678682688,1.512214657589107,1.0,3.3622548200531606,1.5130045854465477,1.0,3.36235516635582,1.5130598361736498,1.0,75.55212058801527,75.56220821851207,75.52,0.0168117758317791,0.007565299180868249,0.005,75.53530881218349,75.5546429193312,75.515,75.56893236384705,75.56977351769294,75.52499999999999,75.52499999999999,75.5546429193312,0.029642919331209328,0.00039251746995775066,VCLT,IGLB,2025-02-07,False,4452.0,2003.0,1324.0,0.0,0.0,0.0,,,0.0,0.0,0.0,False,True,False,0.0,,,0.0,0.0,0.0,0.0,0.0,0.0,0.0,0.0,0.0,0.0,0.0,0.0,0.0,0.0,-0.0,-0.0,-0.0,-0.0,-0.0,-0.0,0.0,-0.0,-0.0,-0.0,0.0,0.0,0.0
22.45,49.9,75.49,-0.019999999999999574,-0.03999999999999915,-0.030000000000001137,3.3625835189309576,1.512825651302605,1.0,3.3622584231307813,1.5129910938314346,1.0,3.3622548200531606,1.5130045854465477,1.0,75.48262071019346,75.49892881378273,75.49,0.016811274100265804,0.007565022927232739,0.005,75.4658094360932,75.49136379085549,75.485,75.49943198429372,75.50649383670996,75.49499999999999,75.49499999999999,75.49136379085549,-0.0036362091445028,-4.8168090402739436e-05,VCLT,IGLB,2025-02-10,False,4455.0,2005.0,1325.0,0.0,0.0,0.0,,,0.0,0.0,0.0,False,True,False,0.0,,,0.0,0.0,0.0,0.0,0.0,0.0,0.0,0.0,0.0,0.0,0.0,0.0,0.0,0.0,-0.0,-0.0,-0.0,-0.0,-0.0,-0.0,0.0,-0.0,-0.0,-0.0,0.0,0.0,0.0
22.37,49.72,75.18,-0.0799999999999983,-0.17999999999999972,-0.30999999999998806,3.3607510058113546,1.51206757843926,1.0,3.362072319486696,1.5129425687798876,1.0,3.3622584231307813,1.5129910938314346,1.0,75.21372092543558,75.22591718529893,75.18,0.016811292115653905,0.007564955469157173,0.005,75.19690963331993,75.21835222982976,75.17500000000001,75.23053221755123,75.23348214076809,75.185,75.185,75.21835222982976,0.033352229829759494,0.0004436316816940608,VCLT,IGLB,2025-02-11,False,4472.0,2012.0,1330.0,0.0,0.0,0.0,,,0.0,0.0,0.0,False,True,False,0.0,,,0.0,0.0,0.0,0.0,0.0,0.0,0.0,0.0,0.0,0.0,0.0,0.0,0.0,0.0,-0.0,-0.0,-0.0,-0.0,-0.0,-0.0,0.0,-0.0,-0.0,-0.0,0.0,0.0,0.0
22.19,49.32,74.59,-0.17999999999999972,-0.3999999999999986,-0.5900000000000034,3.3614240648940963,1.5123682076236822,1.0,3.3620369050843424,1.5129355915241067,1.0,3.362072319486696,1.5129425687798876,1.0,74.60438476940979,74.61832749222405,74.59,0.01681036159743348,0.0075647128438994385,0.005,74.58757440781235,74.61076277938015,74.58500000000001,74.62119513100723,74.62589220506796,74.595,74.595,74.61076277938015,0.015762779380153802,0.00021132563855950933,VCLT,IGLB,2025-02-12,False,4509.0,2029.0,1341.0,0.0,0.0,0.0,,,0.0,0.0,0.0,False,True,False,0.0,,,0.0,0.0,0.0,0.0,0.0,0.0,0.0,0.0,0.0,0.0,0.0,0.0,0.0,0.0,-0.0,-0.0,-0.0,-0.0,-0.0,-0.0,0.0,-0.0,-0.0,-0.0,0.0,0.0,0.0
22.47,49.93,75.51,0.2799999999999976,0.6099999999999994,0.9200000000000017,3.360480640854473,1.5123172441417987,1.0,3.361938765181365,1.5129255632365906,1.0,3.3620369050843424,1.5129355915241067,1.0,75.54496925724517,75.54087408479865,75.51,0.016810184525421712,0.007564677957620534,0.005,75.52815907271975,75.53330940684103,75.50500000000001,75.5617794417706,75.54843876275626,75.515,75.515,75.53330940684103,0.018309406841027,0.00024247658377734072,VCLT,IGLB,2025-02-13,False,4451.0,2003.0,1324.0,0.0,0.0,0.0,,,0.0,0.0,0.0,False,True,False,0.0,,,0.0,0.0,0.0,0.0,0.0,0.0,0.0,0.0,0.0,0.0,0.0,0.0,0.0,0.0,-0.0,-0.0,-0.0,-0.0,-0.0,-0.0,0.0,0.0,0.0,0.0,0.0,0.0,0.0
22.57,50.14,75.86,0.10000000000000142,0.21000000000000085,0.3499999999999943,3.3610988037217546,1.5129637016354207,1.0,3.3619061997292023,1.5129241340268473,1.0,3.361938765181365,1.5129255632365906,1.0,75.8789579301434,75.85808774068265,75.86,0.016809693825906826,0.007564627816182953,0.005,75.8621482363175,75.85052311286647,75.855,75.8957676239693,75.86565236849883,75.865,75.865,75.8621482363175,-0.0028517636825000636,-3.759245560901745e-05,VCLT,SPLB,2025-02-14,False,4431.0,1994.0,1318.0,0.0,0.0,0.0,,,0.0,0.0,0.0,False,True,False,0.0,,,0.0,0.0,0.0,0.0,0.0,0.0,0.0,0.0,0.0,0.0,0.0,0.0,0.0,0.0,-0.0,-0.0,-0.0,-0.0,-0.0,-0.0,0.0,0.0,0.0,0.0,0.0,0.0,0.0
22.4,49.81,75.32,-0.1700000000000017,-0.3299999999999983,-0.5400000000000063,3.3625,1.5121461553904836,1.0,3.3619312447539658,1.5128779463556419,1.0,3.3619061997292023,1.5129241340268473,1.0,75.30669887393412,75.35875111587727,75.32,0.016809530998646013,0.0075646206701342365,0.005,75.28988934293548,75.35118649520713,75.315,75.32350840493277,75.3663157365474,75.32499999999999,75.32350840493277,75.35118649520713,0.027678090274363853,0.00036747331750350314,SPLB,IGLB,2025-02-18,False,4465.0,2009.0,1328.0,0.0,0.0,0.0,,,0.0,0.0,0.0,False,True,False,0.0,,,0.0,0.0,0.0,0.0,0.0,0.0,0.0,0.0,0.0,0.0,0.0,0.0,0.0,0.0,-0.0,-0.0,-0.0,-0.0,-0.0,-0.0,0.0,-0.0,-0.0,-0.0,0.0,0.0,0.0
22.42,49.84,75.34,0.020000000000003126,0.030000000000001137,0.020000000000010232,3.360392506690455,1.511637239165329,1.0,3.3617142629456316,1.512787117550856,1.0,3.3619312447539658,1.5128779463556419,1.0,75.37449850738392,75.4018368463652,75.34,0.016809656223769828,0.0075643897317782096,0.005,75.35768885116015,75.39427245663342,75.33500000000001,75.39130816360769,75.40940123609698,75.345,75.345,75.39427245663342,0.049272456633417505,0.000654001282630973,VCLT,IGLB,2025-02-19,False,4461.0,2008.0,1327.0,0.0,0.0,0.0,,,0.0,0.0,0.0,False,False,False,-0.0,,,0.0,0.0,0.0,0.0,0.0,0.0,0.0,0.0,0.0,0.0,0.0,0.0,0.0,0.0,-0.0,-0.0,-0.0,-0.0,-0.0,-0.0,0.0,0.0,0.0,0.0,0.0,0.0,0.0
22.49,50.0,75.6,0.06999999999999673,0.1599999999999966,0.2599999999999909,3.361493997332148,1.5119999999999998,1.0,3.3617029027494865,1.5127212579866915,1.0,3.3617142629456316,1.512787117550856,1.0,75.60495377364725,75.6393558775428,75.6,0.016808571314728158,0.00756393558775428,0.005,75.58814520233253,75.63179194195504,75.595,75.62176234496198,75.64691981313055,75.60499999999999,75.60499999999999,75.63179194195504,0.026791941955053744,0.00035439076660124,VCLT,IGLB,2025-02-20,False,4448.0,2001.0,1323.0,0.0,0.0,0.0,,,0.0,0.0,-0.0,False,True,False,0.0,,,0.0,0.0,0.0,0.0,0.0,0.0,0.0,0.0,0.0,0.0,0.0,0.0,0.0,0.0,-0.0,-0.0,-0.0,-0.0,-0.0,-0.0,0.0,0.0,0.0,0.0,0.0,0.0,0.0
22.61,50.24,76.01,0.120000000000001,0.240000000000002,0.4100000000000108,3.3617868199911545,1.5129378980891721,1.0,3.361663588778284,1.5127255704179665,1.0,3.3617029027494865,1.5127212579866915,1.0,76.00810263116588,75.99911600125138,76.01,0.016808514513747434,0.007563606289933458,0.005,75.99129411665214,75.99155239496145,76.00500000000001,76.02491114567962,76.00667960754132,76.015,76.00667960754132,76.00500000000001,-0.0016796075413054723,-2.209719170247957e-05,IGLB,VCLT,2025-02-21,False,4424.0,1991.0,1316.0,0.0,0.0,0.0,,,0.0,0.0,0.0,False,True,False,0.0,,,0.0,0.0,0.0,0.0,0.0,0.0,0.0,0.0,0.0,0.0,0.0,0.0,0.0,0.0,-0.0,-0.0,-0.0,-0.0,-0.0,-0.0,0.0,0.0,0.0,0.0,0.0,0.0,0.0
22.69,50.43,76.27,0.08000000000000185,0.18999999999999773,0.2599999999999909,3.3613926840017627,1.512393416617093,1.0,3.3616390525747852,1.512679112867715,1.0,3.361663588778284,1.5127255704179665,1.0,76.27614682937927,76.28675051617805,76.27,0.01680831794389142,0.007563627852089833,0.005,76.25933851143537,76.27918688832595,76.265,76.29295514732317,76.29431414403014,76.27499999999999,76.27499999999999,76.27918688832595,0.004186888325961036,5.4895611983231095e-05,VCLT,IGLB,2025-02-24,False,4407.0,1983.0,1311.0,0.0,0.0,0.0,,,0.0,0.0,0.0,False,True,False,0.0,,,0.0,0.0,0.0,0.0,0.0,0.0,0.0,0.0,0.0,0.0,0.0,0.0,0.0,0.0,-0.0,-0.0,-0.0,-0.0,-0.0,-0.0,0.0,0.0,0.0,0.0,0.0,0.0,0.0
22.97,51.05,77.17,0.2799999999999976,0.6199999999999974,0.9000000000000057,3.3595994775794518,1.5116552399608227,1.0,3.361546202297452,1.5125921427585989,1.0,3.3616390525747852,1.512679112867715,1.0,77.21684903764282,77.22226871189685,77.17,0.016808195262873925,0.0075633955643385755,0.005,77.20004084237995,77.21470531633251,77.165,77.23365723290568,77.22983210746118,77.175,77.175,77.21470531633251,0.039705316332515395,0.0005145175111120306,VCLT,IGLB,2025-02-25,False,4357.0,1960.0,1296.0,0.0,0.0,0.0,,,0.0,0.0,0.0,False,False,False,-0.0,,,0.0,0.0,0.0,0.0,0.0,0.0,0.0,0.0,0.0,0.0,0.0,0.0,0.0,0.0,-0.0,-0.0,-0.0,-0.0,-0.0,-0.0,0.0,0.0,0.0,0.0,0.0,0.0,0.0
23.02,51.2,77.43,0.05000000000000071,0.15000000000000568,0.2600000000000051,3.36359687228497,1.5123046875000001,1.0,3.3616272035252357,1.5125308888593956,1.0,3.361546202297452,1.5125921427585989,1.0,77.38279357688734,77.44471770924027,77.43,0.01680773101148726,0.007562960713792995,0.005,77.36598584587585,77.43715474852647,77.42500000000001,77.39960130789882,77.45228066995406,77.435,77.39960130789882,77.43715474852647,0.037553440627647205,0.00048499858746799953,SPLB,IGLB,2025-02-26,False,4340.0,1953.0,1291.0,0.0,0.0,0.0,,,0.0,0.0,-0.0,False,True,False,0.0,,,0.0,0.0,0.0,0.0,0.0,0.0,0.0,0.0,0.0,0.0,0.0,0.0,0.0,0.0,-0.0,-0.0,-0.0,-0.0,-0.0,-0.0,0.0,0.0,0.0,0.0,0.0,0.0,0.0
22.87,50.82,76.87,-0.14999999999999858,-0.38000000000000256,-0.5600000000000023,3.361171840839528,1.5125934671389218,1.0,3.361471509852927,1.512497911613932,1.0,3.3616272035252357,1.5125308888593956,1.0,76.88041414462215,76.86681977183449,76.87,0.01680813601762618,0.007562654444296978,0.005,76.86360600860452,76.85925711739019,76.86500000000001,76.89722228063978,76.87438242627879,76.875,76.87438242627879,76.86500000000001,-0.009382426278776279,-0.00012205576009855962,IGLB,VCLT,2025-02-27,False,4373.0,1968.0,1301.0,0.0,0.0,0.0,,,0.0,0.0,0.0,False,True,False,0.0,,,0.0,0.0,0.0,0.0,0.0,0.0,0.0,0.0,0.0,0.0,0.0,0.0,0.0,0.0,-0.0,-0.0,-0.0,-0.0,-0.0,-0.0,0.0,-0.0,-0.0,-0.0,0.0,0.0,0.0
23.02,51.21,77.31,0.14999999999999858,0.39000000000000057,0.4399999999999977,3.358384013900956,1.5096660808435853,1.0,3.361366678505251,1.512335052562543,1.0,3.361471509852927,1.512497911613932,1.0,77.38107415681438,77.45501805374947,77.31,0.016807357549264636,0.00756248955806966,0.005,77.36426679926511,77.4474555641914,77.305,77.39788151436365,77.46258054330754,77.315,77.315,77.4474555641914,0.13245556419140314,0.001713304413289395,VCLT,IGLB,2025-02-28,False,4346.0,1956.0,1293.0,0.0,0.0,0.0,,,0.0,0.0,0.0,True,False,False,1.0,VCLT,IGLB,0.0,-1956.0,1293.0,0.0,0.0,0.0,0.0,0.0,0.0,-1956.0,1293.0,0.0,0.0,1293.0,-0.0,1956.0,-0.0,-0.0,-9.78,-6.465,-16.244999999999997,0.0,0.0,0.0,0.0,-16.244999999999997,-16.244999999999997
23.02,51.16,77.39,0.0,-0.05000000000000426,0.0799999999999983,3.3618592528236317,1.5127052384675528,1.0,3.3613226057680174,1.5123205059024027,1.0,3.361366678505251,1.512335052562543,1.0,77.37866093919088,77.3710612890997,77.39,0.016806833392526255,0.007561675262812715,0.005,77.36185410579836,77.3634996138369,77.385,77.3954677725834,77.3786229643625,77.395,77.3786229643625,77.385,0.006377035637498807,8.240128747252625e-05,IGLB,VCLT,2025-03-03,True,4343.0,1954.0,1292.0,0.0,-1956.0,1293.0,VCLT,IGLB,-0.03150038616310269,-0.00040703432178708734,1.0,False,True,False,0.0,,,0.0,0.0,0.0,0.0,-100166.76,99961.83,200128.59,-204.92999999999302,0.0,1956.0,-1293.0,0.0,1956.0,0.0,-0.0,-0.0,1293.0,-0.0,-9.78,-6.465,-16.244999999999997,0.0,97.80000000000834,103.4399999999978,201.24000000000615,184.99500000000614,168.75000000000614
22.86,50.85,76.86,-0.16000000000000014,-0.30999999999999517,-0.5300000000000011,3.362204724409449,1.511504424778761,1.0,3.361242877830784,1.512240749309821,1.0,3.3613226057680174,1.5123205059024027,1.0,76.83983476785687,76.90149772513718,76.86,0.016806613028840088,0.007561602529512014,0.005,76.82302815482804,76.89393612260767,76.855,76.8566413808857,76.90905932766668,76.865,76.8566413808857,76.89393612260767,0.0372947417219649,0.0004852295306006362,SPLB,IGLB,2025-03-04,False,4373.0,1968.0,1301.0,0.0,0.0,0.0,,,0.0,0.0,0.0,False,True,True,0.0,,,0.0,0.0,0.0,0.0,0.0,0.0,0.0,0.0,0.0,0.0,0.0,0.0,0.0,0.0,-0.0,-0.0,-0.0,-0.0,-0.0,-0.0,0.0,-0.0,-0.0,-0.0,0.0,0.0,168.75000000000614
22.77,50.64,76.54,-0.08999999999999986,-0.21000000000000085,-0.3199999999999932,3.3614404918752747,1.5114533965244867,1.0,3.3612568667102614,1.5121906790797979,1.0,3.361242877830784,1.512240749309821,1.0,76.53550032820695,76.57987154504934,76.54,0.01680621438915392,0.007561203746549105,0.005,76.5186941138178,76.5723103413028,76.53500000000001,76.5523065425961,76.58743274879589,76.545,76.545,76.5723103413028,0.027310341302793972,0.00035681135749665496,VCLT,IGLB,2025-03-05,False,4393.0,1976.0,1307.0,0.0,0.0,0.0,,,0.0,0.0,0.0,False,True,False,0.0,,,0.0,0.0,0.0,0.0,0.0,0.0,0.0,0.0,0.0,0.0,0.0,0.0,0.0,0.0,-0.0,-0.0,-0.0,-0.0,-0.0,-0.0,0.0,-0.0,-0.0,-0.0,0.0,0.0,168.75000000000614
22.64,50.36,76.13,-0.129999999999999,-0.28000000000000114,-0.4100000000000108,3.362632508833922,1.511715647339158,1.0,3.361353172063658,1.5121254974236988,1.0,3.3612568667102614,1.5121906790797979,1.0,76.09885546232032,76.15392259845862,76.13,0.016806284333551306,0.007560953395398989,0.005,76.08204917798676,76.14636164506322,76.125,76.11566174665387,76.16148355185402,76.13499999999999,76.11566174665387,76.14636164506322,0.0306998984093525,0.0004032562512721989,SPLB,IGLB,2025-03-06,False,4417.0,1987.0,1314.0,0.0,0.0,0.0,,,0.0,0.0,0.0,False,True,False,0.0,,,0.0,0.0,0.0,0.0,0.0,0.0,0.0,0.0,0.0,0.0,0.0,0.0,0.0,0.0,-0.0,-0.0,-0.0,-0.0,-0.0,-0.0,0.0,-0.0,-0.0,-0.0,0.0,0.0,168.75000000000614
22.59,50.24,75.96,-0.05000000000000071,-0.11999999999999744,-0.1700000000000017,3.3625498007968124,1.5119426751592355,1.0,3.361413435212742,1.5120706303853237,1.0,3.361353172063658,1.5121254974236988,1.0,75.93296815691802,75.96918499056663,75.96,0.01680676586031829,0.007560627487118494,0.005,75.9161613910577,75.96162436307951,75.955,75.94977492277835,75.97674561805376,75.96499999999999,75.94977492277835,75.96162436307951,0.011849440301162417,0.00015599579122120086,SPLB,IGLB,2025-03-07,False,4424.0,1990.0,1316.0,0.0,0.0,0.0,,,0.0,0.0,0.0,False,True,False,0.0,,,0.0,0.0,0.0,0.0,0.0,0.0,0.0,0.0,0.0,0.0,0.0,0.0,0.0,0.0,-0.0,-0.0,-0.0,-0.0,-0.0,-0.0,0.0,-0.0,-0.0,-0.0,0.0,0.0,168.75000000000614
22.67,50.44,76.25,0.08000000000000185,0.19999999999999574,0.29000000000000625,3.3634759594177326,1.5116970658207771,1.0,3.361540949249494,1.5120447507969073,1.0,3.361413435212742,1.5120706303853237,1.0,76.20324257627287,76.26884259663572,76.25,0.01680706717606371,0.0075603531519266185,0.005,76.18643550909681,76.26128224348379,76.245,76.22004964344893,76.27640294978765,76.255,76.22004964344893,76.26128224348379,0.041232600034859956,0.0005407554102932453,SPLB,IGLB,2025-03-10,False,4407.0,1982.0,1311.0,0.0,0.0,0.0,,,0.0,0.0,0.0,False,False,False,-0.0,,,0.0,0.0,0.0,0.0,0.0,0.0,0.0,0.0,0.0,0.0,0.0,0.0,0.0,0.0,-0.0,-0.0,-0.0,-0.0,-0.0,-0.0,0.0,0.0,0.0,0.0,0.0,0.0,168.75000000000614
22.46,49.99,75.55,-0.21000000000000085,-0.44999999999999574,-0.7000000000000028,3.3637577916295633,1.5113022604520903,1.0,3.3615996628844242,1.5119685812543815,1.0,3.361540949249494,1.5120447507969073,1.0,75.50020972014363,75.5871170923374,75.55,0.01680770474624747,0.007560223753984537,0.005,75.48340201539739,75.57955686858341,75.545,75.51701742488987,75.59467731609138,75.55499999999999,75.51701742488987,75.57955686858341,0.06253944369353803,0.0008277887980613903,SPLB,IGLB,2025-03-11,False,4451.0,2002.0,1324.0,0.0,0.0,0.0,,,0.0,0.0,-0.0,False,False,False,0.0,,,0.0,0.0,0.0,0.0,0.0,0.0,0.0,0.0,0.0,0.0,0.0,0.0,0.0,0.0,-0.0,-0.0,-0.0,-0.0,-0.0,-0.0,0.0,-0.0,-0.0,-0.0,0.0,0.0,168.75000000000614
22.36,49.75,75.24,-0.10000000000000142,-0.240000000000002,-0.3100000000000023,3.364937388193202,1.512361809045226,1.0,3.3618089820035166,1.5119832927846797,1.0,3.3615996628844242,1.5119685812543815,1.0,75.16536846209573,75.22043691740548,75.24,0.01680799831442212,0.007559842906271908,0.005,75.14856046378131,75.2128770744992,75.235,75.18217646041015,75.22799676031175,75.24499999999999,75.18217646041015,75.235,0.052823539589851976,0.0007020672460107918,SPLB,VCLT,2025-03-12,False,4468.0,2009.0,1329.0,0.0,0.0,0.0,,,0.0,0.0,0.0,False,False,False,-0.0,,,0.0,0.0,0.0,0.0,0.0,0.0,0.0,0.0,0.0,0.0,0.0,0.0,0.0,0.0,-0.0,-0.0,-0.0,-0.0,-0.0,-0.0,0.0,-0.0,-0.0,-0.0,0.0,0.0,168.75000000000614
22.48,50.02,75.57,0.120000000000001,0.2700000000000031,0.3299999999999983,3.3616548042704624,1.510795681727309,1.0,3.3618205189723347,1.5119046664898612,1.0,3.3618089820035166,1.5119832927846797,1.0,75.57346591543906,75.62940430508968,75.57,0.016809044910017584,0.007559916463923399,0.005,75.55665687052904,75.62184438862576,75.565,75.59027496034908,75.6369642215536,75.57499999999999,75.57499999999999,75.62184438862576,0.04684438862577167,0.000619880754608597,VCLT,IGLB,2025-03-13,False,4448.0,2000.0,1323.0,0.0,0.0,0.0,,,0.0,0.0,-0.0,False,False,False,0.0,,,0.0,0.0,0.0,0.0,0.0,0.0,0.0,0.0,0.0,0.0,0.0,0.0,0.0,0.0,-0.0,-0.0,-0.0,-0.0,-0.0,-0.0,0.0,0.0,0.0,0.0,0.0,0.0,168.75000000000614
22.47,49.99,75.57,-0.010000000000001563,-0.030000000000001137,0.0,3.363150867823765,1.5117023404680934,1.0,3.3619540303208,1.5118739213061758,1.0,3.3618205189723347,1.5119046664898612,1.0,75.54010706130836,75.58011427782816,75.57,0.016809102594861673,0.007559523332449306,0.005,75.5232979587135,75.57255475449571,75.565,75.55691616390322,75.5876738011606,75.57499999999999,75.55691616390322,75.57255475449571,0.015638590592487844,0.00020694178367722436,SPLB,IGLB,2025-03-14,False,4448.0,2000.0,1323.0,0.0,0.0,0.0,,,0.0,0.0,0.0,False,True,False,0.0,,,0.0,0.0,0.0,0.0,0.0,0.0,0.0,0.0,0.0,0.0,0.0,0.0,0.0,0.0,-0.0,-0.0,-0.0,-0.0,-0.0,-0.0,0.0,-0.0,-0.0,0.0,0.0,0.0,168.75000000000614
22.55,50.19,75.85,0.08000000000000185,0.19999999999999574,0.28000000000000114,3.3636363636363633,1.5112572225542937,1.0,3.3620809083165306,1.5117885973521195,1.0,3.3619540303208,1.5118739213061758,1.0,75.81206338373404,75.88095211035696,75.85,0.016809770151604002,0.007559369606530879,0.005,75.79525361358243,75.87339274075043,75.845,75.82887315388565,75.88851147996348,75.85499999999999,75.82887315388565,75.87339274075043,0.04451958686478008,0.0005869424767934091,SPLB,IGLB,2025-03-17,False,4431.0,1993.0,1318.0,0.0,0.0,0.0,,,0.0,0.0,0.0,False,False,False,-0.0,,,0.0,0.0,0.0,0.0,0.0,0.0,0.0,0.0,0.0,0.0,0.0,0.0,0.0,0.0,-0.0,-0.0,-0.0,-0.0,-0.0,-0.0,0.0,0.0,0.0,0.0,0.0,0.0,168.75000000000614
22.62,50.31,76.03,0.07000000000000028,0.12000000000000455,0.18000000000000682,3.361184792219275,1.511230371695488,1.0,3.362015147927494,1.5117428081673698,1.0,3.3620809083165306,1.5117885973521195,1.0,76.05027014611993,76.05808433278513,76.03,0.016810404541582655,0.007558942986760598,0.005,76.03345974157834,76.05052538979837,76.025,76.06708055066152,76.06564327577189,76.035,76.035,76.05052538979837,0.015525389798369815,0.00020420083912100242,VCLT,IGLB,2025-03-18,False,4421.0,1988.0,1315.0,0.0,0.0,0.0,,,0.0,0.0,-0.0,False,True,False,0.0,,,0.0,0.0,0.0,0.0,0.0,0.0,0.0,0.0,0.0,0.0,0.0,0.0,0.0,0.0,-0.0,-0.0,-0.0,-0.0,-0.0,-0.0,0.0,0.0,0.0,0.0,0.0,0.0,168.75000000000614
22.78,50.66,76.62,0.16000000000000014,0.3499999999999943,0.5900000000000034,3.363476733977173,1.5124358468219505,1.0,3.36216935929183,1.511782738550201,1.0,3.362015147927494,1.5117428081673698,1.0,76.58670506978831,76.58489066175895,76.62,0.01681007573963747,0.00755871404083685,0.005,76.56989499404867,76.57733194771811,76.61500000000001,76.60351514552795,76.59244937579979,76.625,76.59244937579979,76.61500000000001,0.022550624200221137,0.0002943177264450683,IGLB,VCLT,2025-03-19,False,4387.0,1973.0,1305.0,0.0,0.0,0.0,,,0.0,0.0,0.0,False,True,False,0.0,,,0.0,0.0,0.0,0.0,0.0,0.0,0.0,0.0,0.0,0.0,0.0,0.0,0.0,0.0,-0.0,-0.0,-0.0,-0.0,-0.0,-0.0,0.0,0.0,0.0,0.0,0.0,0.0,168.75000000000614
22.73,50.54,76.41,-0.05000000000000071,-0.11999999999999744,-0.21000000000000796,3.361636603607567,1.5118717847249703,1.0,3.362176489605601,1.5117763277864493,1.0,3.36216935929183,1.511782738550201,1.0,76.42210953670329,76.40549960632715,76.41,0.01681084679645915,0.007558913692751005,0.005,76.40529868990683,76.3979406926344,76.405,76.43892038349975,76.4130585200199,76.41499999999999,76.4130585200199,76.40529868990683,-0.007759830113073463,-0.00010155516441661383,IGLB,SPLB,2025-03-20,False,4401.0,1979.0,1309.0,0.0,0.0,0.0,,,0.0,0.0,0.0,False,True,False,0.0,,,0.0,0.0,0.0,0.0,0.0,0.0,0.0,0.0,0.0,0.0,0.0,0.0,0.0,0.0,-0.0,-0.0,-0.0,-0.0,-0.0,-0.0,0.0,-0.0,-0.0,-0.0,0.0,0.0,168.75000000000614
22.65,50.39,76.17,-0.08000000000000185,-0.14999999999999858,-0.23999999999999488,3.3629139072847685,1.511609446318714,1.0,3.3622328439702813,1.5117099051979264,1.0,3.362176489605601,1.5117763277864493,1.0,76.15329748956685,76.17840915715918,76.17,0.016810882448028003,0.0075588816389322465,0.005,76.13648660711883,76.17085027552025,76.165,76.17010837201488,76.18596803879811,76.175,76.17010837201488,76.17085027552025,0.0007419035053715106,9.740101160187877e-06,SPLB,IGLB,2025-03-21,False,4415.0,1985.0,1313.0,0.0,0.0,0.0,,,0.0,0.0,0.0,False,True,False,0.0,,,0.0,0.0,0.0,0.0,0.0,0.0,0.0,0.0,0.0,0.0,0.0,0.0,0.0,0.0,-0.0,-0.0,-0.0,-0.0,-0.0,-0.0,0.0,-0.0,-0.0,-0.0,0.0,0.0,168.75000000000614
22.48,50.06,75.62,-0.16999999999999815,-0.3299999999999983,-0.5499999999999972,3.363879003558719,1.5105872952457051,1.0,3.3623571599481297,1.511619599129357,1.0,3.3622328439702813,1.5117099051979264,1.0,75.58299433245193,75.6761978542082,75.62,0.016811164219851408,0.007558549525989632,0.005,75.56618316823209,75.6686393046822,75.61500000000001,75.59980549667178,75.6837564037342,75.625,75.59980549667178,75.6686393046822,0.06883380801042449,0.0009102592966202656,SPLB,IGLB,2025-03-24,False,4445.0,1998.0,1322.0,0.0,0.0,0.0,,,0.0,0.0,0.0,False,False,False,-0.0,,,0.0,0.0,0.0,0.0,0.0,0.0,0.0,0.0,0.0,0.0,0.0,0.0,0.0,0.0,-0.0,-0.0,-0.0,-0.0,-0.0,-0.0,0.0,-0.0,-0.0,-0.0,0.0,0.0,168.75000000000614
22.51,50.08,75.74,0.030000000000001137,0.01999999999999602,0.11999999999999034,3.36472678809418,1.5123801916932906,1.0,3.362613525473866,1.5116558467159806,1.0,3.3623571599481297,1.511619599129357,1.0,75.6866596704324,75.7019095243982,75.74,0.016811785799740648,0.007558097995646785,0.005,75.66984788463266,75.69435142640256,75.735,75.70347145623215,75.70946762239384,75.74499999999999,75.70347145623215,75.735,0.031528543767848305,0.00041627335315352925,SPLB,VCLT,2025-03-25,False,4438.0,1995.0,1320.0,0.0,0.0,0.0,,,0.0,0.0,-0.0,False,True,False,0.0,,,0.0,0.0,0.0,0.0,0.0,0.0,0.0,0.0,0.0,0.0,0.0,0.0,0.0,0.0,-0.0,-0.0,-0.0,-0.0,-0.0,-0.0,0.0,0.0,0.0,0.0,0.0,0.0,168.75000000000614
22.35,49.73,75.22,-0.16000000000000014,-0.3500000000000014,-0.519999999999996,3.365548098434004,1.5125678664789866,1.0,3.3627110867813172,1.5116690056649298,1.0,3.362613525473866,1.5116558467159806,1.0,75.1544122943409,75.17464525718572,75.22,0.01681306762736933,0.007558279233579903,0.005,75.13759922671353,75.16708697795214,75.215,75.17122536196827,75.1822035364193,75.225,75.17122536196827,75.215,0.04377463803173498,0.0005819547730887395,SPLB,VCLT,2025-03-26,False,4469.0,2009.0,1329.0,0.0,0.0,0.0,,,0.0,0.0,0.0,False,False,False,-0.0,,,0.0,0.0,0.0,0.0,0.0,0.0,0.0,0.0,0.0,0.0,0.0,0.0,0.0,0.0,-0.0,-0.0,-0.0,-0.0,-0.0,-0.0,0.0,-0.0,-0.0,-0.0,0.0,0.0,168.75000000000614
22.3,49.61,74.99,-0.05000000000000071,-0.11999999999999744,-0.23000000000000398,3.3627802690582955,1.5115904051602498,1.0,3.362791508192256,1.5116188525659962,1.0,3.3627110867813172,1.5116690056649298,1.0,74.98845723522338,74.99389937103716,74.99,0.016813555433906585,0.007558345028324649,0.005,74.97164367978947,74.98634102600883,74.985,75.00527079065729,75.00145771606549,74.99499999999999,74.99499999999999,74.98634102600883,-0.008658973991160224,-0.00011546838233311407,VCLT,IGLB,2025-03-27,False,4486.0,2017.0,1334.0,0.0,0.0,0.0,,,0.0,0.0,-0.0,False,True,False,0.0,,,0.0,0.0,0.0,0.0,0.0,0.0,0.0,0.0,0.0,0.0,0.0,0.0,0.0,0.0,-0.0,-0.0,-0.0,-0.0,-0.0,-0.0,0.0,-0.0,-0.0,-0.0,0.0,0.0,168.75000000000614
22.47,50.02,75.61,0.16999999999999815,0.4100000000000037,0.6200000000000045,3.364931019136627,1.5115953618552578,1.0,3.3631188584540395,1.51171531661658,1.0,3.362791508192256,1.5116188525659962,1.0,75.56192518907999,75.61117500535113,75.61,0.01681395754096128,0.007558094262829981,0.005,75.54511123153902,75.6036169110883,75.605,75.57873914662095,75.61873309961396,75.615,75.57873914662095,75.605,0.026260853379056925,0.0003473198436589992,SPLB,VCLT,2025-03-28,False,4449.0,2000.0,1323.0,0.0,0.0,0.0,,,0.0,0.0,0.0,False,True,False,0.0,,,0.0,0.0,0.0,0.0,0.0,0.0,0.0,0.0,0.0,0.0,0.0,0.0,0.0,0.0,-0.0,-0.0,-0.0,-0.0,-0.0,-0.0,0.0,0.0,0.0,0.0,0.0,0.0,168.75000000000614
22.57,50.23,75.91,0.10000000000000142,0.20999999999999375,0.29999999999999716,3.363314133805937,1.5112482580131397,1.0,3.3631916025031545,1.5116424675938593,1.0,3.3631188584540395,1.51171531661658,1.0,75.90559263530767,75.9334603536508,75.91,0.016815594292270197,0.0075585765830829,0.005,75.8887770410154,75.92590177706772,75.905,75.92240822959994,75.94101893023388,75.91499999999999,75.91499999999999,75.92590177706772,0.010901777067729768,0.0001436145049101537,VCLT,IGLB,2025-03-31,False,4429.0,1991.0,1317.0,0.0,0.0,0.0,,,0.0,0.0,0.0,False,True,False,0.0,,,0.0,0.0,0.0,0.0,0.0,0.0,0.0,0.0,0.0,0.0,0.0,0.0,0.0,0.0,-0.0,-0.0,-0.0,-0.0,-0.0,-0.0,0.0,0.0,0.0,0.0,0.0,0.0,168.75000000000614
22.58,50.24,75.96,0.00999999999999801,0.010000000000005116,0.04999999999999716,3.3640389725420725,1.5119426751592355,1.0,3.3632833149097854,1.5116643801128828,1.0,3.3631916025031545,1.5116424675938593,1.0,75.94086638452123,75.9449175719155,75.96,0.016815958012515772,0.0075582123379692966,0.005,75.92405042650871,75.93735935957753,75.955,75.95768234253374,75.95247578425347,75.96499999999999,75.95247578425347,75.955,0.002524215746532832,3.323085500964761e-05,IGLB,VCLT,2025-04-01,True,4426.0,1989.0,1316.0,0.0,0.0,0.0,,,0.0,0.0,0.0,False,True,False,0.0,,,0.0,0.0,0.0,0.0,0.0,0.0,0.0,0.0,0.0,0.0,0.0,0.0,0.0,0.0,-0.0,-0.0,-0.0,-0.0,-0.0,-0.0,0.0,0.0,0.0,0.0,0.0,0.0,168.75000000000614
22.67,50.44,76.23,0.09000000000000341,0.19999999999999574,0.27000000000001023,3.3625937362152625,1.5113005551149883,1.0,3.363340977126785,1.511656738042408,1.0,3.3632833149097854,1.5116643801128828,1.0,76.24563274900484,76.2483513328938,76.23,0.016816416574548926,0.0075583219005644145,0.005,76.2288163324303,76.24079301099324,76.22500000000001,76.26244916557938,76.25590965479437,76.235,76.235,76.24079301099324,0.005793010993244252,7.599384747795161e-05,VCLT,IGLB,2025-04-02,False,4413.0,1983.0,1312.0,0.0,0.0,0.0,,,0.0,0.0,0.0,False,True,True,0.0,,,0.0,0.0,0.0,0.0,0.0,0.0,0.0,0.0,0.0,0.0,0.0,0.0,0.0,0.0,-0.0,-0.0,-0.0,-0.0,-0.0,-0.0,0.0,0.0,0.0,0.0,0.0,0.0,168.75000000000614
22.6,50.23,75.89,-0.07000000000000028,-0.21000000000000085,-0.3400000000000034,3.357964601769911,1.5108500895878958,1.0,3.3631075817735847,1.511613460154845,1.0,3.363340977126785,1.511656738042408,1.0,76.01150608306534,75.93051795187014,75.89,0.016816704885633926,0.00755828369021204,0.005,75.99468937817971,75.92295966817993,75.885,76.02832278795097,75.93807623556036,75.895,75.895,75.99468937817971,0.09968937817971835,0.0013136036128570082,VCLT,SPLB,2025-04-03,False,4433.0,1992.0,1318.0,0.0,0.0,0.0,,,0.0,0.0,0.0,True,False,False,1.0,VCLT,SPLB,-4433.0,0.0,1318.0,0.0,0.0,0.0,0.0,0.0,-4433.0,0.0,1318.0,0.0,0.0,1318.0,4433.0,-0.0,-0.0,-22.165,-0.0,-6.59,-28.755,-0.0,-0.0,-0.0,0.0,-28.755,139.99500000000614
22.62,50.27,76.12,0.019999999999999574,0.04000000000000625,0.23000000000000398,3.3651635720601236,1.5142231947483589,1.0,3.3632382703367503,1.5117274861343009,1.0,3.3631075817735847,1.511613460154845,1.0,76.0734934997185,75.98880864198406,76.12,0.016815537908867924,0.007558067300774225,0.005,76.05667796180963,75.98125057468329,76.11500000000001,76.09030903762736,75.99636670928484,76.125,75.99636670928484,76.11500000000001,0.1186332907151666,0.0015585035564262557,IGLB,VCLT,2025-04-04,False,4419.0,1986.0,1314.0,-4433.0,0.0,1318.0,VCLT,SPLB,-0.06832203819037375,-0.0008975569914657611,1.0,True,False,False,1.0,IGLB,VCLT,0.0,1986.0,-1314.0,-100185.8,0.0,100023.02,200208.82,-162.77999999999884,4433.0,1986.0,-2632.0,4433.0,1986.0,0.0,-0.0,-0.0,2632.0,-22.165,-9.93,-13.16,-45.254999999999995,-88.6599999999981,0.0,303.1400000000052,214.48000000000712,169.22500000000713,309.2200000000133
21.93,48.85,73.95,-0.6900000000000013,-1.4200000000000017,-2.1700000000000017,3.372093023255814,1.5138178096212898,1.0,3.363669123528654,1.5118335233243267,1.0,3.3632382703367503,1.5117274861343009,1.0,73.75581526848494,73.8478876976606,73.95,0.016816191351683753,0.0075586374306715045,0.005,73.73899907713326,73.84032906022992,73.94500000000001,73.77263145983662,73.85544633509127,73.955,73.77263145983662,73.94500000000001,0.1723685401633901,0.0023308795153940513,SPLB,VCLT,2025-04-07,False,4547.0,2044.0,1352.0,0.0,1986.0,-1314.0,IGLB,VCLT,0.08955366490873473,0.001211002906135696,1.0,True,False,False,1.0,SPLB,VCLT,4547.0,0.0,-1352.0,0.0,99836.22,-100021.68000000001,199857.90000000002,-185.4600000000064,4547.0,-1986.0,-38.0,4547.0,0.0,0.0,-0.0,1986.0,38.0,-22.735,-9.93,-0.19,-32.855,-0.0,-2820.1200000000035,2851.3800000000024,31.259999999998854,-1.5950000000011428,307.6250000000121
21.47,47.79,72.19,-0.46000000000000085,-1.0600000000000023,-1.7600000000000051,3.3623660922217047,1.5105670642393807,1.0,3.3635995385582618,1.5117967635136913,1.0,3.363669123528654,1.5118335233243267,1.0,72.2179760821602,72.25052407966957,72.19,0.016818345617643272,0.007559167616621634,0.005,72.20115773654257,72.24296491205295,72.185,72.23479442777784,72.2580832472862,72.195,72.195,72.24296491205295,0.047964912052961495,0.0006644259877124463,VCLT,IGLB,2025-04-08,False,4659.0,2094.0,1385.0,4547.0,0.0,-1352.0,SPLB,VCLT,-0.049794427777840156,-0.0006897690508081473,1.0,False,False,False,-1.0,,,0.0,0.0,0.0,99715.70999999999,0.0,-99980.40000000001,199696.11,-264.6900000000169,-4547.0,0.0,1352.0,0.0,0.0,1352.0,4547.0,-0.0,-0.0,-22.735,-0.0,-6.76,-29.494999999999997,-2091.620000000004,-0.0,2379.520000000007,287.9000000000028,258.4050000000028,566.030000000015
22.05,49.09,74.33,0.5800000000000018,1.3000000000000043,2.1400000000000006,3.370975056689342,1.5141576695864736,1.0,3.3639014219830683,1.5118865565407535,1.0,3.3635995385582618,1.5117967635136913,1.0,74.16736982520968,74.21410312088712,74.33,0.016817997692791308,0.0075589838175684565,0.005,74.15055182751688,74.20654413706954,74.325,74.18418782290247,74.22166210470469,74.335,74.18418782290247,74.325,0.1408121770975299,0.0018944191725754058,SPLB,VCLT,2025-04-09,False,4524.0,2033.0,1345.0,0.0,0.0,0.0,,,0.0,0.0,-1.0,True,False,False,1.0,SPLB,VCLT,4524.0,0.0,-1345.0,0.0,0.0,0.0,0.0,0.0,4524.0,0.0,-1345.0,4524.0,0.0,0.0,-0.0,-0.0,1345.0,-22.62,-0.0,-6.7250000000000005,-29.345000000000002,0.0,0.0,0.0,0.0,-29.345000000000002,536.685000000015
21.44,47.71,72.12,-0.6099999999999994,-1.3800000000000026,-2.2099999999999937,3.3638059701492535,1.5116327813875499,1.0,3.3640089802770077,1.5119284115237657,1.0,3.3639014219830683,1.5118865565407535,1.0,72.122046487317,72.13210761255935,72.12,0.01681950710991534,0.007559432782703768,0.005,72.10522698020708,72.12454817977665,72.11500000000001,72.13886599442691,72.13966704534205,72.125,72.125,72.12454817977665,-0.00045182022334699923,-6.264839480684958e-06,VCLT,IGLB,2025-04-10,False,4666.0,2097.0,1387.0,4524.0,0.0,-1345.0,SPLB,VCLT,-0.02386599442689885,-0.0003309206104672608,1.0,False,True,False,0.0,,,0.0,0.0,0.0,99754.2,0.0,-99973.84999999999,199728.05,-219.64999999999418,-4524.0,0.0,1345.0,0.0,0.0,1345.0,4524.0,-0.0,-0.0,-22.62,-0.0,-6.7250000000000005,-29.345000000000002,-2759.6399999999976,-0.0,2972.4499999999916,212.80999999999403,183.46499999999403,720.150000000009
21.55,47.94,72.44,0.10999999999999943,0.22999999999999687,0.3199999999999932,3.3614849187935034,1.511055486024197,1.0,3.363925682825495,1.5118960688015708,1.0,3.3640089802770077,1.5119284115237657,1.0,72.49439352496952,72.48184804844932,72.44,0.01682004490138504,0.007559642057618828,0.005,72.47757348006814,72.47428840639171,72.435,72.5112135698709,72.48940769050694,72.445,72.445,72.47757348006814,0.03257348006815164,0.0004496615139170574,VCLT,SPLB,2025-04-11,False,4642.0,2086.0,1380.0,0.0,0.0,0.0,,,0.0,0.0,0.0,False,True,False,0.0,,,0.0,0.0,0.0,0.0,0.0,0.0,0.0,0.0,0.0,0.0,0.0,0.0,0.0,0.0,-0.0,-0.0,-0.0,-0.0,-0.0,-0.0,0.0,0.0,0.0,0.0,0.0,0.0,720.150000000009
21.67,48.22,72.92,0.120000000000001,0.28000000000000114,0.480000000000004,3.365020766035994,1.5122355868934052,1.0,3.363994902945477,1.5119449870185262,1.0,3.363925682825495,1.5118960688015708,1.0,72.89626954682848,72.90362843761174,72.92,0.016819628414127475,0.007559480344007854,0.005,72.87944991841435,72.89606895726773,72.915,72.9130891752426,72.91118791795576,72.925,72.91118791795576,72.915,0.0038120820442486547,5.227759248832494e-05,IGLB,VCLT,2025-04-14,False,4612.0,2073.0,1371.0,0.0,0.0,0.0,,,0.0,0.0,0.0,False,True,False,0.0,,,0.0,0.0,0.0,0.0,0.0,0.0,0.0,0.0,0.0,0.0,0.0,0.0,0.0,0.0,-0.0,-0.0,-0.0,-0.0,-0.0,-0.0,0.0,0.0,0.0,0.0,0.0,0.0,720.150000000009
21.85,48.59,73.45,0.17999999999999972,0.37000000000000455,0.5300000000000011,3.3615560640732265,1.5116279069767442,1.0,3.364013466538174,1.511964863782589,1.0,3.363994902945477,1.5119449870185262,1.0,73.50328862935868,73.46540691923019,73.45,0.016819974514727384,0.007559724935092631,0.005,73.48646865484395,73.4578471942951,73.44500000000001,73.52010860387341,73.47296664416528,73.455,73.455,73.48646865484395,0.03146865484394823,0.00042843641720828086,VCLT,SPLB,2025-04-15,False,4578.0,2058.0,1361.0,0.0,0.0,0.0,,,0.0,0.0,0.0,False,True,False,0.0,,,0.0,0.0,0.0,0.0,0.0,0.0,0.0,0.0,0.0,0.0,0.0,0.0,0.0,0.0,-0.0,-0.0,-0.0,-0.0,-0.0,-0.0,0.0,0.0,0.0,0.0,0.0,0.0,720.150000000009
21.93,48.77,73.79,0.0799999999999983,0.17999999999999972,0.3400000000000034,3.3647970816233475,1.5130202993643633,1.0,3.364079483920483,1.5119940864097097,1.0,3.364013466538174,1.511964863782589,1.0,73.77281532118215,73.73852640667687,73.79,0.01682006733269087,0.007559824318912945,0.005,73.75599525384946,73.73096658235795,73.78500000000001,73.78963538851484,73.74608623099579,73.795,73.74608623099579,73.78500000000001,0.03891376900422472,0.000527358300639988,IGLB,VCLT,2025-04-16,False,4558.0,2049.0,1355.0,0.0,0.0,0.0,,,0.0,0.0,0.0,False,False,False,-0.0,,,0.0,0.0,0.0,0.0,0.0,0.0,0.0,0.0,0.0,0.0,0.0,0.0,0.0,0.0,-0.0,-0.0,-0.0,-0.0,-0.0,-0.0,0.0,0.0,0.0,0.0,0.0,0.0,720.150000000009
21.85,48.6,73.51,-0.0799999999999983,-0.1700000000000017,-0.28000000000000114,3.3643020594965676,1.5125514403292182,1.0,3.3642127567149323,1.5120280691899222,1.0,3.364079483920483,1.5119940864097097,1.0,73.50513672366256,73.48291259951189,73.51,0.016820397419602416,0.007559970432048549,0.005,73.48831632624295,73.47535262907984,73.50500000000001,73.52195712108217,73.49047256994395,73.515,73.49047256994395,73.50500000000001,0.01452743005606294,0.0001976252218210167,IGLB,VCLT,2025-04-17,False,4575.0,2056.0,1360.0,0.0,0.0,0.0,,,0.0,0.0,-0.0,False,True,False,0.0,,,0.0,0.0,0.0,0.0,0.0,0.0,0.0,0.0,0.0,0.0,0.0,0.0,0.0,0.0,-0.0,-0.0,-0.0,-0.0,-0.0,-0.0,0.0,-0.0,-0.0,-0.0,0.0,0.0,720.150000000009
21.48,47.78,72.25,-0.370000000000001,-0.8200000000000003,-1.2600000000000051,3.3635940409683425,1.512138970280452,1.0,3.3642467633991116,1.512054545388009,1.0,3.3642127567149323,1.5120280691899222,1.0,72.26329001423674,72.24470114589448,72.25,0.01682106378357466,0.007560140345949611,0.005,72.24646895045316,72.23714100554854,72.245,72.28011107802033,72.25226128624043,72.255,72.25226128624043,72.24646895045316,-0.005792335787262459,-8.017073753996484e-05,IGLB,SPLB,2025-04-21,False,4656.0,2093.0,1384.0,0.0,0.0,0.0,,,0.0,0.0,0.0,False,True,False,0.0,,,0.0,0.0,0.0,0.0,0.0,0.0,0.0,0.0,0.0,0.0,0.0,0.0,0.0,0.0,-0.0,-0.0,-0.0,-0.0,-0.0,-0.0,0.0,-0.0,-0.0,-0.0,0.0,0.0,720.150000000009
21.59,48.03,72.58,0.10999999999999943,0.25,0.3299999999999983,3.361741547012506,1.5111388715386216,1.0,3.3641398905718005,1.512082124202655,1.0,3.3642467633991116,1.512054545388009,1.0,72.63408762178682,72.62397981498607,72.58,0.01682123381699556,0.007560272726940045,0.005,72.61726638796982,72.61641954225914,72.575,72.65090885560382,72.631540087713,72.585,72.585,72.61726638796982,0.03226638796982684,0.00044456307481161256,VCLT,SPLB,2025-04-22,False,4636.0,2084.0,1378.0,0.0,0.0,0.0,,,0.0,0.0,0.0,False,True,False,0.0,,,0.0,0.0,0.0,0.0,0.0,0.0,0.0,0.0,0.0,0.0,0.0,0.0,0.0,0.0,-0.0,-0.0,-0.0,-0.0,-0.0,-0.0,0.0,0.0,0.0,0.0,0.0,0.0,720.150000000009
21.78,48.45,73.26,0.19000000000000128,0.4200000000000017,0.6800000000000068,3.3636363636363638,1.5120743034055728,1.0,3.36408536934891,1.512066829788269,1.0,3.3641398905718005,1.512082124202655,1.0,73.27096681665383,73.26037891761864,73.26,0.016820699452859002,0.007560410621013275,0.005,73.25414611720096,73.25281850699763,73.25500000000001,73.28778751610669,73.26793932823965,73.265,73.265,73.25500000000001,-0.009999999999990905,-0.00013650013650001234,VCLT,VCLT,2025-04-23,False,4592.0,2064.0,1365.0,0.0,0.0,0.0,,,0.0,0.0,0.0,False,True,False,0.0,,,0.0,0.0,0.0,0.0,0.0,0.0,0.0,0.0,0.0,0.0,0.0,0.0,0.0,0.0,-0.0,-0.0,-0.0,-0.0,-0.0,-0.0,0.0,0.0,0.0,0.0,0.0,0.0,720.150000000009
22.07,49.09,74.19,0.28999999999999915,0.6400000000000006,0.9299999999999926,3.3615768010874487,1.5113057649215724,1.0,3.363886804481582,1.5120037247103983,1.0,3.36408536934891,1.512066829788269,1.0,74.24536410153044,74.22736067430613,74.19,0.01682042684674455,0.007560334148941345,0.005,74.22854367468369,74.21980034015718,74.185,74.26218452837719,74.23492100845507,74.195,74.195,74.22854367468369,0.03354367468369901,0.00045213202161610745,VCLT,SPLB,2025-04-24,False,4535.0,2038.0,1348.0,0.0,0.0,0.0,,,0.0,0.0,0.0,False,True,False,0.0,,,0.0,0.0,0.0,0.0,0.0,0.0,0.0,0.0,0.0,0.0,0.0,0.0,0.0,0.0,-0.0,-0.0,-0.0,-0.0,-0.0,-0.0,0.0,0.0,0.0,0.0,0.0,0.0,720.150000000009
22.23,49.46,74.77,0.16000000000000014,0.36999999999999744,0.5799999999999983,3.363472784525416,1.5117266477961988,1.0,3.3639214302549383,1.5120105368421959,1.0,3.363886804481582,1.5120037247103983,1.0,74.77920366362558,74.7837042241763,74.77,0.01681943402240791,0.007560018623551992,0.005,74.76238422960317,74.77614420555275,74.765,74.79602309764799,74.79126424279985,74.77499999999999,74.77499999999999,74.77614420555275,0.0011442055527624007,1.530300324678883e-05,VCLT,IGLB,2025-04-25,False,4498.0,2022.0,1337.0,0.0,0.0,0.0,,,0.0,0.0,0.0,False,True,False,0.0,,,0.0,0.0,0.0,0.0,0.0,0.0,0.0,0.0,0.0,0.0,0.0,0.0,0.0,0.0,-0.0,-0.0,-0.0,-0.0,-0.0,-0.0,0.0,0.0,0.0,0.0,0.0,0.0,720.150000000009
22.27,49.56,74.96,0.03999999999999915,0.10000000000000142,0.18999999999999773,3.3659631791647953,1.512510088781275,1.0,3.363973038256346,1.5120562731884966,1.0,3.3639214302549383,1.5120105368421959,1.0,74.91453025177748,74.93524220589923,74.96,0.01681960715127469,0.00756005268421098,0.005,74.8977106446262,74.92768215321502,74.955,74.93134985892875,74.94280225858344,74.96499999999999,74.93134985892875,74.955,0.023650141071243524,0.000315503482807411,SPLB,VCLT,2025-04-28,False,4487.0,2017.0,1334.0,0.0,0.0,0.0,,,0.0,0.0,0.0,False,True,False,0.0,,,0.0,0.0,0.0,0.0,0.0,0.0,0.0,0.0,0.0,0.0,0.0,0.0,0.0,0.0,-0.0,-0.0,-0.0,-0.0,-0.0,-0.0,0.0,0.0,0.0,0.0,0.0,0.0,720.150000000009
22.33,49.71,75.16,0.05999999999999872,0.14999999999999858,0.20000000000000284,3.365875503806538,1.5119694226513778,1.0,3.364101106756377,1.5120923314204084,1.0,3.363973038256346,1.5120562731884966,1.0,75.11751794426421,75.16431734020017,75.16,0.01681986519128173,0.007560281365942483,0.005,75.10069807907293,75.15675705883423,75.155,75.13433780945549,75.17187762156611,75.16499999999999,75.13433780945549,75.15675705883423,0.022419249378742734,0.00029828697949365,SPLB,IGLB,2025-04-29,False,4474.0,2011.0,1330.0,0.0,0.0,0.0,,,0.0,0.0,0.0,False,True,False,0.0,,,0.0,0.0,0.0,0.0,0.0,0.0,0.0,0.0,0.0,0.0,0.0,0.0,0.0,0.0,-0.0,-0.0,-0.0,-0.0,-0.0,-0.0,0.0,0.0,0.0,0.0,0.0,0.0,720.150000000009
22.11,49.24,74.51,-0.21999999999999886,-0.46999999999999886,-0.6499999999999915,3.369968340117594,1.5132006498781478,1.0,3.3643975751351527,1.5121552301563541,1.0,3.364101106756377,1.5120923314204084,1.0,74.3802754703835,74.45542639914092,74.51,0.016820505533781886,0.007560461657102042,0.005,74.36345496484971,74.44786593748381,74.50500000000001,74.39709597591728,74.46298686079803,74.515,74.39709597591728,74.50500000000001,0.10790402408272826,0.001448181775368786,SPLB,VCLT,2025-04-30,False,4515.0,2029.0,1342.0,0.0,0.0,0.0,,,0.0,0.0,0.0,True,False,False,1.0,SPLB,VCLT,4515.0,0.0,-1342.0,0.0,0.0,0.0,0.0,0.0,4515.0,0.0,-1342.0,4515.0,0.0,0.0,-0.0,-0.0,1342.0,-22.575,-0.0,-6.71,-29.285,-0.0,-0.0,-0.0,0.0,-29.285,690.865000000009
21.93,48.83,73.78,-0.17999999999999972,-0.4100000000000037,-0.730000000000004,3.364341085271318,1.510956379275036,1.0,3.3644849425879557,1.5121380213643565,1.0,3.3643975751351527,1.5121552301563541,1.0,73.7812388227139,73.83853988853477,73.78,0.016821987875675765,0.007560776150781771,0.005,73.76441683483823,73.83097911238399,73.775,73.79806081058958,73.84610066468555,73.785,73.785,73.83097911238399,0.04597911238398922,0.0006231920897802821,VCLT,IGLB,2025-05-01,True,4559.0,2049.0,1355.0,4515.0,0.0,-1342.0,SPLB,VCLT,-0.02306081058956977,-0.000312561813358224,1.0,False,False,False,-1.0,,,0.0,0.0,0.0,99826.65,0.0,-99992.42000000001,199819.07,-165.77000000001863,-4515.0,0.0,1342.0,0.0,0.0,1342.0,4515.0,-0.0,-0.0,-22.575,-0.0,-6.71,-29.285,-812.6999999999987,-0.0,979.6600000000053,166.96000000000663,137.67500000000663,828.5400000000157
21.88,48.69,73.55,-0.05000000000000071,-0.14000000000000057,-0.23000000000000398,3.3615173674588665,1.5105771205586362,1.0,3.364662580872403,1.5121243729128935,1.0,3.3644849425879557,1.5121380213643565,1.0,73.61493054382447,73.62600026023051,73.55,0.01682242471293978,0.0075606901068217824,0.005,73.59810811911153,73.61843957012368,73.545,73.63175296853741,73.63356095033734,73.55499999999999,73.55499999999999,73.61843957012368,0.06343957012369117,0.0008625366434220418,VCLT,IGLB,2025-05-02,False,4576.0,2057.0,1360.0,0.0,0.0,0.0,,,0.0,0.0,-1.0,False,False,True,0.0,,,0.0,0.0,0.0,0.0,0.0,0.0,0.0,0.0,0.0,0.0,0.0,0.0,0.0,0.0,-0.0,-0.0,-0.0,-0.0,-0.0,-0.0,0.0,-0.0,-0.0,-0.0,0.0,0.0,828.5400000000157
21.8,48.53,73.29,-0.0799999999999983,-0.1599999999999966,-0.2599999999999909,3.3619266055045873,1.510199876365135,1.0,3.3645007325446263,1.5119232069937323,1.0,3.364662580872403,1.5121243729128935,1.0,73.34964426301839,73.38339581746273,73.29,0.016823312904362016,0.007560621864564468,0.005,73.33282095011403,73.37583519559816,73.28500000000001,73.36646757592275,73.3909564393273,73.295,73.295,73.37583519559816,0.080835195598155,0.001102949864895006,VCLT,IGLB,2025-05-05,False,4589.0,2063.0,1364.0,0.0,0.0,0.0,,,0.0,0.0,0.0,True,False,False,1.0,VCLT,IGLB,0.0,-2063.0,1364.0,0.0,0.0,0.0,0.0,0.0,0.0,-2063.0,1364.0,0.0,0.0,1364.0,-0.0,2063.0,-0.0,-0.0,-10.315,-6.82,-17.134999999999998,-0.0,-0.0,-0.0,0.0,-17.134999999999998,811.4050000000157
21.83,48.61,73.41,0.029999999999997584,0.0799999999999983,0.11999999999999034,3.3628034814475494,1.5101830898991977,1.0,3.364036255454214,1.5117414710076278,1.0,3.3645007325446263,1.5119232069937323,1.0,73.44705099144919,73.49458709196533,73.41,0.016822503662723132,0.0075596160349686616,0.005,73.43022848778647,73.48702747593036,73.405,73.46387349511191,73.5021467080003,73.41499999999999,73.41499999999999,73.48702747593036,0.07202747593036918,0.0009811670880039392,VCLT,IGLB,2025-05-06,False,4582.0,2059.0,1362.0,0.0,-2063.0,1364.0,VCLT,IGLB,0.07202747593036918,0.0009811670880039392,1.0,False,False,False,-1.0,VCLT,IGLB,0.0,-2059.0,1362.0,0.0,-100117.39,99967.56000000001,200084.95,-149.8299999999872,0.0,4.0,-2.0,0.0,4.0,0.0,-0.0,-0.0,2.0,-0.0,-0.02,-0.01,-0.03,0.0,-165.0399999999965,163.67999999998682,-1.360000000009677,-1.390000000009677,810.015000000006
21.91,48.79,73.7,0.08000000000000185,0.17999999999999972,0.29000000000000625,3.3637608397991787,1.5105554416888707,1.0,3.3641059928330868,1.5117408898801021,1.0,3.364036255454214,1.5117414710076278,1.0,73.70603435700183,73.75786637046215,73.7,0.01682018127727107,0.007558707355038139,0.005,73.68921417572456,73.75030766310711,73.69500000000001,73.7228545382791,73.7654250778172,73.705,73.705,73.75030766310711,0.045307663107109875,0.0006147579797436889,VCLT,IGLB,2025-05-07,False,4565.0,2051.0,1357.0,0.0,-2059.0,1362.0,VCLT,IGLB,0.0,0.0,-1.0,False,False,False,1.0,VCLT,IGLB,0.0,-2051.0,1357.0,0.0,-100087.99,99984.42,200072.41,-103.57000000000698,0.0,8.0,-5.0,0.0,8.0,0.0,-0.0,-0.0,5.0,-0.0,-0.04,-0.025,-0.065,0.0,-370.61999999999944,394.98000000000854,24.36000000000911,24.295000000009107,834.3100000000151
21.78,48.48,73.24,-0.129999999999999,-0.3100000000000023,-0.46000000000000796,3.3627180899908167,1.5107260726072607,1.0,3.3636931444981606,1.5115693100311416,1.0,3.3641059928330868,1.5117408898801021,1.0,73.27022852390463,73.28919834138735,73.24,0.016820529964165436,0.007558704449400511,0.005,73.25340799394047,73.28163963693795,73.235,73.2870490538688,73.29675704583674,73.24499999999999,73.24499999999999,73.28163963693795,0.036639636937962905,0.0005002681176674346,VCLT,IGLB,2025-05-08,False,4592.0,2064.0,1365.0,0.0,-2051.0,1357.0,VCLT,IGLB,0.036639636937962905,0.0005002681176674346,1.0,False,False,False,-1.0,VCLT,IGLB,0.0,-2064.0,1365.0,0.0,-100068.29,100010.90000000001,200079.19,-57.389999999984866,0.0,-13.0,8.0,0.0,0.0,8.0,-0.0,13.0,-0.0,-0.0,-0.065,-0.04,-0.10500000000000001,-0.0,635.8100000000047,-624.2200000000108,11.589999999993893,11.484999999993892,845.7950000000089
21.76,48.44,73.18,-0.019999999999999574,-0.03999999999999915,-0.05999999999998806,3.3630514705882355,1.5107349298100745,1.0,3.36365541952011,1.511524417452268,1.0,3.3636931444981606,1.5115693100311416,1.0,73.19396282427998,73.22041737790849,73.18,0.016818465722490804,0.007557846550155708,0.005,73.17714435855748,73.21285953135833,73.17500000000001,73.21078129000247,73.22797522445865,73.185,73.185,73.21285953135833,0.02785953135833097,0.000380698706727671,VCLT,IGLB,2025-05-09,False,4595.0,2065.0,1366.0,0.0,-2064.0,1365.0,VCLT,IGLB,0.0,0.0,-1.0,False,True,False,0.0,,,0.0,0.0,0.0,0.0,-100062.71999999999,99972.59999999999,200035.31999999998,-90.11999999999534,0.0,2064.0,-1365.0,0.0,2064.0,0.0,-0.0,-0.0,1365.0,-0.0,-10.32,-6.825,-17.145,-0.0,82.55999999999824,-81.8999999999837,0.6600000000145343,-16.484999999985465,829.3100000000235
21.77,48.48,73.22,0.00999999999999801,0.03999999999999915,0.03999999999999204,3.3633440514469455,1.5103135313531353,1.0,3.363748376152782,1.5114873197187149,1.0,3.36365541952011,1.511524417452268,1.0,73.2267784829528,73.27870375808594,73.22,0.01681827709760055,0.00755762208726134,0.005,73.2099602058552,73.27114613599868,73.215,73.2435967600504,73.2862613801732,73.225,73.225,73.27114613599868,0.04614613599868278,0.0006302394973870907,VCLT,IGLB,2025-05-12,False,4595.0,2065.0,1366.0,0.0,0.0,0.0,,,0.0,0.0,0.0,False,False,False,-0.0,,,0.0,0.0,0.0,0.0,0.0,0.0,0.0,0.0,0.0,0.0,0.0,0.0,0.0,0.0,-0.0,-0.0,-0.0,-0.0,-0.0,-0.0,0.0,0.0,0.0,0.0,0.0,0.0,829.3100000000235
21.76,48.43,73.21,-0.00999999999999801,-0.04999999999999716,-0.010000000000005116,3.364430147058823,1.511666322527359,1.0,3.3637188452039233,1.5114588565004126,1.0,3.363748376152782,1.5114873197187149,1.0,73.19516466508455,73.20133089397736,73.21,0.01681874188076391,0.007557436598593575,0.005,73.17834592320378,73.19377345737877,73.205,73.21198340696532,73.20888833057595,73.21499999999999,73.20888833057595,73.205,-0.003888330575946952,-5.311201442353439e-05,IGLB,VCLT,2025-05-13,False,4595.0,2065.0,1366.0,0.0,0.0,0.0,,,0.0,0.0,-0.0,False,True,False,0.0,,,0.0,0.0,0.0,0.0,0.0,0.0,0.0,0.0,0.0,0.0,0.0,0.0,0.0,0.0,-0.0,-0.0,-0.0,-0.0,-0.0,-0.0,0.0,-0.0,-0.0,-0.0,0.0,0.0,829.3100000000235
21.62,48.12,72.69,-0.14000000000000057,-0.3100000000000023,-0.519999999999996,3.362164662349676,1.5105985037406484,1.0,3.3637492751177454,1.5114073863386077,1.0,3.3637188452039233,1.5114588565004126,1.0,72.72360143330883,72.73140017479984,72.69,0.016818594226019615,0.007557294282502063,0.005,72.7067828390828,72.72384288051734,72.685,72.74042002753485,72.73895746908235,72.695,72.695,72.72384288051734,0.028842880517345293,0.0003967929635072953,VCLT,IGLB,2025-05-14,False,4628.0,2080.0,1376.0,0.0,0.0,0.0,,,0.0,0.0,0.0,False,True,False,0.0,,,0.0,0.0,0.0,0.0,0.0,0.0,0.0,0.0,0.0,0.0,0.0,0.0,0.0,0.0,-0.0,-0.0,-0.0,-0.0,-0.0,-0.0,0.0,-0.0,-0.0,-0.0,0.0,0.0,829.3100000000235
21.8,48.52,73.3,0.17999999999999972,0.4000000000000057,0.6099999999999994,3.362385321100917,1.5107172300082439,1.0,3.3636286870916243,1.5112922328708016,1.0,3.3637492751177454,1.5114073863386077,1.0,73.32973419756685,73.33348638514926,73.3,0.016818746375588726,0.007557036931693039,0.005,73.31291545119126,73.32592934821757,73.295,73.34655294394244,73.34104342208094,73.30499999999999,73.30499999999999,73.32592934821757,0.02092934821757808,0.0002855299893257583,VCLT,IGLB,2025-05-15,False,4588.0,2062.0,1364.0,0.0,0.0,0.0,,,0.0,0.0,0.0,False,True,False,0.0,,,0.0,0.0,0.0,0.0,0.0,0.0,0.0,0.0,0.0,0.0,0.0,0.0,0.0,0.0,-0.0,-0.0,-0.0,-0.0,-0.0,-0.0,0.0,0.0,0.0,0.0,0.0,0.0,829.3100000000235
21.87,48.68,73.56,0.07000000000000028,0.1599999999999966,0.2600000000000051,3.363511659807956,1.5110928512736237,1.0,3.363589167107194,1.511219303418022,1.0,3.3636286870916243,1.5112922328708016,1.0,73.56255938669382,73.56970589615062,73.56,0.01681814343545812,0.007556461164354008,0.005,73.54574124325836,73.56214943498627,73.555,73.57937753012928,73.57726235731498,73.565,73.565,73.56214943498627,-0.0028505650137304883,-3.875156353630354e-05,VCLT,IGLB,2025-05-16,False,4571.0,2054.0,1359.0,0.0,0.0,0.0,,,0.0,0.0,0.0,False,True,False,0.0,,,0.0,0.0,0.0,0.0,0.0,0.0,0.0,0.0,0.0,0.0,0.0,0.0,0.0,0.0,-0.0,-0.0,-0.0,-0.0,-0.0,-0.0,0.0,0.0,0.0,0.0,0.0,0.0,829.3100000000235
21.87,48.66,73.55,0.0,-0.020000000000003126,-0.010000000000005116,3.363054412437128,1.511508425811755,1.0,3.363562185680633,1.5111877761945869,1.0,3.363589167107194,1.511219303418022,1.0,73.56169508463434,73.53593130432094,73.55,0.01681794583553597,0.0075560965170901094,0.005,73.5448771387988,73.52837520780385,73.545,73.57851303046988,73.54348740083803,73.55499999999999,73.54348740083803,73.545,0.0015125991619697743,2.0565590237522425e-05,IGLB,VCLT,2025-05-19,False,4574.0,2055.0,1360.0,0.0,0.0,0.0,,,0.0,0.0,0.0,False,True,False,0.0,,,0.0,0.0,0.0,0.0,0.0,0.0,0.0,0.0,0.0,0.0,0.0,0.0,0.0,0.0,-0.0,-0.0,-0.0,-0.0,-0.0,-0.0,0.0,0.0,-0.0,-0.0,0.0,0.0,829.3100000000235
21.75,48.39,73.15,-0.120000000000001,-0.269999999999996,-0.3999999999999915,3.363218390804598,1.5116759661087003,1.0,3.3636360278702377,1.511214630923091,1.0,3.363562185680633,1.5111877761945869,1.0,73.15747753855376,73.12637649005606,73.15,0.016817810928403166,0.007555938880972934,0.005,73.14065972762536,73.11882055117509,73.14500000000001,73.17429534948216,73.13393242893703,73.155,73.13393242893703,73.14500000000001,0.011067571062980619,0.00015129967276801938,IGLB,VCLT,2025-05-20,False,4598.0,2066.0,1367.0,0.0,0.0,0.0,,,0.0,0.0,0.0,False,True,False,0.0,,,0.0,0.0,0.0,0.0,0.0,0.0,0.0,0.0,0.0,0.0,0.0,0.0,0.0,0.0,-0.0,-0.0,-0.0,-0.0,-0.0,-0.0,0.0,-0.0,-0.0,-0.0,0.0,0.0,829.3100000000235
21.37,47.55,71.86,-0.379999999999999,-0.8400000000000034,-1.2900000000000063,3.3626579316799248,1.5112513144058886,1.0,3.3635871062724156,1.5111734814731068,1.0,3.3636360278702377,1.511214630923091,1.0,71.88090191558699,71.85825570039297,71.86,0.01681818013935119,0.007556073154615455,0.005,71.86408373544764,71.85069962723836,71.855,71.89772009572634,71.86581177354759,71.865,71.865,71.86408373544764,-0.0009162645523588253,-1.2750689568032637e-05,VCLT,SPLB,2025-05-21,False,4682.0,2104.0,1392.0,0.0,0.0,0.0,,,0.0,0.0,0.0,False,True,False,0.0,,,0.0,0.0,0.0,0.0,0.0,0.0,0.0,0.0,0.0,0.0,0.0,0.0,0.0,0.0,-0.0,-0.0,-0.0,-0.0,-0.0,-0.0,0.0,-0.0,-0.0,-0.0,0.0,0.0,829.3100000000235
21.52,47.93,72.4,0.14999999999999858,0.38000000000000256,0.5400000000000063,3.364312267657993,1.510536198622992,1.0,3.3637238796009425,1.5111350031581776,1.0,3.3635871062724156,1.5111734814731068,1.0,72.38439452698238,72.43054496700601,72.4,0.01681793553136208,0.0075558674073655345,0.005,72.36757659145101,72.42298909959865,72.39500000000001,72.40121246251374,72.43810083441338,72.405,72.40121246251374,72.42298909959865,0.021776637084911954,0.0003007822801783419,SPLB,IGLB,2025-05-22,False,4645.0,2087.0,1381.0,0.0,0.0,0.0,,,0.0,0.0,0.0,False,True,False,0.0,,,0.0,0.0,0.0,0.0,0.0,0.0,0.0,0.0,0.0,0.0,0.0,0.0,0.0,0.0,-0.0,-0.0,-0.0,-0.0,-0.0,-0.0,0.0,0.0,0.0,0.0,0.0,0.0,829.3100000000235
21.53,47.97,72.44,0.010000000000001563,0.03999999999999915,0.03999999999999204,3.364607524384579,1.5101104857202419,1.0,3.363780616593901,1.5110541950543799,1.0,3.3637238796009425,1.5111350031581776,1.0,72.42097512780829,72.48914610149778,72.44,0.016818619398004712,0.007555675015790888,0.005,72.40415650841028,72.48159042648199,72.435,72.4377937472063,72.49670177651358,72.445,72.4377937472063,72.48159042648199,0.043796679275686756,0.0006045924803380281,SPLB,IGLB,2025-05-23,False,4642.0,2085.0,1380.0,0.0,0.0,0.0,,,0.0,0.0,0.0,False,False,False,-0.0,,,0.0,0.0,0.0,0.0,0.0,0.0,0.0,0.0,0.0,0.0,0.0,0.0,0.0,0.0,-0.0,-0.0,-0.0,-0.0,-0.0,-0.0,0.0,0.0,0.0,0.0,0.0,0.0,829.3100000000235
21.87,48.69,73.57,0.33999999999999986,0.7199999999999989,1.1299999999999955,3.363968907178783,1.5109878825220784,1.0,3.3636809029946,1.51097808474142,1.0,3.363780616593901,1.5110541950543799,1.0,73.56588208490862,73.57322875719775,73.57,0.016818903082969506,0.0075552709752719,0.005,73.54906318182566,73.56567348622248,73.565,73.58270098799159,73.58078402817303,73.57499999999999,73.57499999999999,73.56567348622248,-0.009326513777509149,-0.00012677060999740587,VCLT,IGLB,2025-05-27,False,4571.0,2054.0,1359.0,0.0,0.0,0.0,,,0.0,0.0,-0.0,False,True,False,0.0,,,0.0,0.0,0.0,0.0,0.0,0.0,0.0,0.0,0.0,0.0,0.0,0.0,0.0,0.0,-0.0,-0.0,-0.0,-0.0,-0.0,-0.0,0.0,0.0,0.0,0.0,0.0,0.0,829.3100000000235
21.78,48.52,73.32,-0.08999999999999986,-0.1699999999999946,-0.25,3.3663911845730023,1.511129431162407,1.0,3.3637066870329235,1.5109360851669718,1.0,3.3636809029946,1.51097808474142,1.0,73.26097006722239,73.3126566716537,73.32,0.016818404514973,0.0075548904237071005,0.005,73.24415166270741,73.30510178123,73.315,73.27778847173737,73.3202115620774,73.32499999999999,73.27778847173737,73.315,0.03721152826263108,0.0005075222076190818,SPLB,VCLT,2025-05-28,False,4588.0,2061.0,1364.0,0.0,0.0,0.0,,,0.0,0.0,0.0,False,False,False,-0.0,,,0.0,0.0,0.0,0.0,0.0,0.0,0.0,0.0,0.0,0.0,0.0,0.0,0.0,0.0,-0.0,-0.0,-0.0,-0.0,-0.0,-0.0,0.0,-0.0,-0.0,-0.0,0.0,0.0,829.3100000000235
21.95,48.85,73.82,0.16999999999999815,0.3299999999999983,0.5,3.3630979498861047,1.5111566018423743,1.0,3.3633631675213493,1.510833882765183,1.0,3.3637066870329235,1.5109360851669718,1.0,73.83336178037267,73.80922776040657,73.82,0.01681853343516462,0.007554680425834859,0.005,73.8165432469375,73.80167307998073,73.815,73.85018031380784,73.81678244083241,73.82499999999999,73.81678244083241,73.8165432469375,-0.0002391938949131145,-3.240231575631462e-06,IGLB,SPLB,2025-05-29,False,4558.0,2047.0,1355.0,0.0,0.0,0.0,,,0.0,0.0,-0.0,False,True,False,0.0,,,0.0,0.0,0.0,0.0,0.0,0.0,0.0,0.0,0.0,0.0,0.0,0.0,0.0,0.0,-0.0,-0.0,-0.0,-0.0,-0.0,-0.0,0.0,0.0,0.0,0.0,0.0,0.0,829.3100000000235
22.0,49.0,74.06,0.05000000000000071,0.14999999999999858,0.2400000000000091,3.3663636363636367,1.5114285714285716,1.0,3.363464295075965,1.5108574923728597,1.0,3.3633631675213493,1.510833882765183,1.0,73.99398968546969,74.03086025549396,74.06,0.016816815837606747,0.007554169413825916,0.005,73.97717286963208,74.02330608608014,74.055,74.01080650130729,74.03841442490778,74.065,74.01080650130729,74.055,0.04419349869272082,0.0005967256102176725,SPLB,VCLT,2025-05-30,False,4541.0,2040.0,1350.0,0.0,0.0,0.0,,,0.0,0.0,0.0,False,False,False,-0.0,,,0.0,0.0,0.0,0.0,0.0,0.0,0.0,0.0,0.0,0.0,0.0,0.0,0.0,0.0,-0.0,-0.0,-0.0,-0.0,-0.0,-0.0,0.0,0.0,0.0,0.0,0.0,0.0,829.3100000000235
21.8,48.54,73.31,-0.1999999999999993,-0.46000000000000085,-0.75,3.362844036697248,1.5103007828594974,1.0,3.363530628537884,1.5108436754879029,1.0,3.363464295075965,1.5108574923728597,1.0,73.32352163265604,73.33702267977861,73.31,0.016817321475379825,0.007554287461864298,0.005,73.30670431118065,73.32946839231676,73.305,73.34033895413143,73.34457696724047,73.315,73.315,73.32946839231676,0.014468392316757672,0.00019735905492780892,VCLT,IGLB,2025-06-02,True,4588.0,2061.0,1364.0,0.0,0.0,0.0,,,0.0,0.0,-0.0,False,True,False,0.0,,,0.0,0.0,0.0,0.0,0.0,0.0,0.0,0.0,0.0,0.0,0.0,0.0,0.0,0.0,-0.0,-0.0,-0.0,-0.0,-0.0,-0.0,0.0,-0.0,-0.0,-0.0,0.0,0.0,829.3100000000235
21.84,48.62,73.45,0.03999999999999915,0.0799999999999983,0.14000000000000057,3.363095238095238,1.5106951871657754,1.0,3.363589060167417,1.510868441027935,1.0,3.363530628537884,1.5108436754879029,1.0,73.45950892726738,73.45721950222183,73.45,0.01681765314268942,0.007554218377439514,0.005,73.44269127412468,73.4496652838444,73.44500000000001,73.47632658041007,73.46477372059927,73.455,73.455,73.4496652838444,-0.005334716155601882,-7.263058074338845e-05,VCLT,IGLB,2025-06-03,False,4578.0,2056.0,1361.0,0.0,0.0,0.0,,,0.0,0.0,0.0,False,True,True,0.0,,,0.0,0.0,0.0,0.0,0.0,0.0,0.0,0.0,0.0,0.0,0.0,0.0,0.0,0.0,-0.0,-0.0,-0.0,-0.0,-0.0,-0.0,0.0,0.0,0.0,0.0,0.0,0.0,829.3100000000235
22.08,49.15,74.25,0.23999999999999844,0.5300000000000011,0.7999999999999972,3.362771739130435,1.510681586978637,1.0,3.363587473051561,1.5108933658819068,1.0,3.363589060167417,1.510868441027935,1.0,74.26804644849656,74.259183876523,74.25,0.016817945300837085,0.007554342205139675,0.005,74.25122850319572,74.25162953431786,74.245,74.2848643937974,74.26673821872814,74.255,74.255,74.25162953431786,-0.0033704656821385015,-4.539347720051854e-05,VCLT,IGLB,2025-06-04,False,4531.0,2035.0,1347.0,0.0,0.0,0.0,,,0.0,0.0,0.0,False,True,False,0.0,,,0.0,0.0,0.0,0.0,0.0,0.0,0.0,0.0,0.0,0.0,0.0,0.0,0.0,0.0,-0.0,-0.0,-0.0,-0.0,-0.0,-0.0,0.0,0.0,0.0,0.0,0.0,0.0,829.3100000000235
22.02,49.0,74.03,-0.05999999999999872,-0.14999999999999858,-0.21999999999999886,3.3619436875567668,1.5108163265306123,1.0,3.3634966154394403,1.5109064101239937,1.0,3.363587473051561,1.5108933658819068,1.0,74.06619615659537,74.03377492821343,74.03,0.016817937365257805,0.007554466829409534,0.005,74.0493782192301,74.02622046138403,74.025,74.08301409396063,74.04132939504284,74.035,74.035,74.0493782192301,0.01437821923011029,0.00019422152141172888,VCLT,SPLB,2025-06-05,False,4544.0,2041.0,1351.0,0.0,0.0,0.0,,,0.0,0.0,0.0,False,True,False,0.0,,,0.0,0.0,0.0,0.0,0.0,0.0,0.0,0.0,0.0,0.0,0.0,0.0,0.0,0.0,-0.0,-0.0,-0.0,-0.0,-0.0,-0.0,0.0,-0.0,-0.0,-0.0,0.0,0.0,829.3100000000235
21.86,48.65,73.52,-0.16000000000000014,-0.3500000000000014,-0.5100000000000051,3.363220494053065,1.51120246659815,1.0,3.3635217356425526,1.5109302298235385,1.0,3.3634966154394403,1.5109064101239937,1.0,73.52603601350616,73.50559685253229,73.52,0.0168174830771972,0.007554532050619969,0.005,73.50921853042897,73.49804232048167,73.515,73.54285349658335,73.51315138458291,73.52499999999999,73.51315138458291,73.515,0.0018486154170886948,2.5144388154089974e-05,IGLB,VCLT,2025-06-06,False,4574.0,2055.0,1360.0,0.0,0.0,0.0,,,0.0,0.0,0.0,False,True,False,0.0,,,0.0,0.0,0.0,0.0,0.0,0.0,0.0,0.0,0.0,0.0,0.0,0.0,0.0,0.0,-0.0,-0.0,-0.0,-0.0,-0.0,-0.0,0.0,-0.0,-0.0,-0.0,0.0,0.0,829.3100000000235
21.94,48.82,73.75,0.08000000000000185,0.1700000000000017,0.23000000000000398,3.361440291704649,1.5106513723883654,1.0,3.363441176698374,1.5109260519524528,1.0,3.3635217356425526,1.5109302298235385,1.0,73.79566687999761,73.76361381998515,73.75,0.016817608678212765,0.007554651149117693,0.005,73.7788492713194,73.75605916883603,73.745,73.81248448867582,73.77116847113427,73.755,73.755,73.7788492713194,0.023849271319406284,0.00032337995009364454,VCLT,SPLB,2025-06-09,False,4561.0,2049.0,1356.0,0.0,0.0,0.0,,,0.0,0.0,0.0,False,True,False,0.0,,,0.0,0.0,0.0,0.0,0.0,0.0,0.0,0.0,0.0,0.0,0.0,0.0,0.0,0.0,-0.0,-0.0,-0.0,-0.0,-0.0,-0.0,0.0,0.0,0.0,0.0,0.0,0.0,829.3100000000235
22.03,49.02,74.08,0.08999999999999986,0.20000000000000284,0.3299999999999983,3.362687244666364,1.511219910240718,1.0,3.363408336359344,1.510971370896832,1.0,3.363441176698374,1.5109260519524528,1.0,74.09660912266519,74.06559506670924,74.08,0.01681720588349187,0.007554630259762264,0.005,74.07979191678169,74.05804043644947,74.075,74.11342632854868,74.073149696969,74.085,74.073149696969,74.07979191678169,0.006642219812690087,8.966279444776035e-05,IGLB,SPLB,2025-06-10,False,4541.0,2040.0,1350.0,0.0,0.0,0.0,,,0.0,0.0,0.0,False,True,False,0.0,,,0.0,0.0,0.0,0.0,0.0,0.0,0.0,0.0,0.0,0.0,0.0,0.0,0.0,0.0,-0.0,-0.0,-0.0,-0.0,-0.0,-0.0,0.0,0.0,0.0,0.0,0.0,0.0,829.3100000000235
22.09,49.19,74.3,0.05999999999999872,0.1699999999999946,0.21999999999999886,3.3635129017655045,1.51046960764383,1.0,3.3633624740946786,1.5109115351526556,1.0,3.363408336359344,1.510971370896832,1.0,74.29769015017791,74.32468173441517,74.3,0.01681704168179672,0.00755485685448416,0.005,74.28087310849612,74.31712687756068,74.295,74.3145071918597,74.33223659126965,74.30499999999999,74.30499999999999,74.31712687756068,0.012126877560689309,0.000163215041193665,VCLT,IGLB,2025-06-11,False,4527.0,2034.0,1346.0,0.0,0.0,0.0,,,0.0,0.0,0.0,False,True,False,0.0,,,0.0,0.0,0.0,0.0,0.0,0.0,0.0,0.0,0.0,0.0,0.0,0.0,0.0,0.0,-0.0,-0.0,-0.0,-0.0,-0.0,-0.0,0.0,0.0,0.0,0.0,0.0,0.0,829.3100000000235
22.31,49.62,74.99,0.21999999999999886,0.4299999999999997,0.6899999999999977,3.361272971761542,1.511285771866183,1.0,3.363317889565272,1.5109458985589321,1.0,3.3633624740946786,1.5109115351526556,1.0,75.03661679705228,74.97143037427477,74.99,0.016816812370473392,0.007554557675763279,0.005,75.0197999846818,74.96387581659901,74.985,75.05343360942275,74.97898493195054,74.99499999999999,74.97898493195054,75.0197999846818,0.0408150527312614,0.0005442732728531992,IGLB,SPLB,2025-06-12,False,4487.0,2016.0,1334.0,0.0,0.0,0.0,,,0.0,0.0,0.0,False,False,False,-0.0,,,0.0,0.0,0.0,0.0,0.0,0.0,0.0,0.0,0.0,0.0,0.0,0.0,0.0,0.0,-0.0,-0.0,-0.0,-0.0,-0.0,-0.0,0.0,0.0,0.0,0.0,0.0,0.0,829.3100000000235
22.1,49.16,74.32,-0.2099999999999973,-0.46000000000000085,-0.6700000000000017,3.3628959276018096,1.5117982099267697,1.0,3.3633434198903167,1.5109999475548586,1.0,3.363317889565272,1.5109458985589321,1.0,74.32932535939251,74.2781003731571,74.32,0.01681658944782636,0.007554729492794661,0.005,74.31250876994469,74.2705456436643,74.315,74.34614194884034,74.2856551026499,74.32499999999999,74.2856551026499,74.315,0.02934489735010004,0.000394845228069161,IGLB,VCLT,2025-06-13,False,4527.0,2034.0,1346.0,0.0,0.0,0.0,,,0.0,0.0,-0.0,False,True,False,0.0,,,0.0,0.0,0.0,0.0,0.0,0.0,0.0,0.0,0.0,0.0,0.0,0.0,0.0,0.0,-0.0,-0.0,-0.0,-0.0,-0.0,-0.0,0.0,-0.0,-0.0,-0.0,0.0,0.0,829.3100000000235
22.0,48.98,74.01,-0.10000000000000142,-0.17999999999999972,-0.30999999999998806,3.3640909090909092,1.5110249081257658,1.0,3.363372382354464,1.5109965503974656,1.0,3.3633434198903167,1.5109999475548586,1.0,73.99355523758697,74.00877743123696,74.01,0.016816717099451584,0.007554999737774293,0.005,73.97673852048753,74.00122243149919,74.00500000000001,74.01037195468642,74.01633243097474,74.015,74.01037195468642,74.00500000000001,-0.005371954686410163,-7.258417357668103e-05,SPLB,VCLT,2025-06-16,False,4544.0,2041.0,1351.0,0.0,0.0,0.0,,,0.0,0.0,0.0,False,True,False,0.0,,,0.0,0.0,0.0,0.0,0.0,0.0,0.0,0.0,0.0,0.0,0.0,0.0,0.0,0.0,-0.0,-0.0,-0.0,-0.0,-0.0,-0.0,0.0,-0.0,-0.0,-0.0,0.0,0.0,829.3100000000235
22.13,49.27,74.46,0.129999999999999,0.29000000000000625,0.44999999999998863,3.3646633529145955,1.5112644611325348,1.0,3.3634528293783377,1.5109843521635047,1.0,3.363372382354464,1.5109965503974656,1.0,74.43143082150429,74.44680003808314,74.46,0.01681686191177232,0.007554982751987328,0.005,74.41461395959251,74.43924505533116,74.455,74.44824768341607,74.45435502083512,74.46499999999999,74.44824768341607,74.455,0.006752316583927609,9.06838112265325e-05,SPLB,VCLT,2025-06-17,False,4517.0,2029.0,1343.0,0.0,0.0,0.0,,,0.0,0.0,0.0,False,True,False,0.0,,,0.0,0.0,0.0,0.0,0.0,0.0,0.0,0.0,0.0,0.0,0.0,0.0,0.0,0.0,-0.0,-0.0,-0.0,-0.0,-0.0,-0.0,0.0,0.0,0.0,0.0,0.0,0.0,829.3100000000235
22.16,49.33,74.54,0.030000000000001137,0.05999999999999517,0.0800000000000125,3.363718411552347,1.5110480437867426,1.0,3.363477830415725,1.5109529560474066,1.0,3.3634528293783377,1.5109843521635047,1.0,74.53411469902396,74.53685809222569,74.54,0.016817264146891688,0.007554921760817524,0.005,74.51729743487707,74.52930317046487,74.53500000000001,74.55093196317085,74.5444130139865,74.545,74.5444130139865,74.53500000000001,-0.00941301398648875,-0.0001262813789440401,IGLB,VCLT,2025-06-18,False,4514.0,2028.0,1342.0,0.0,0.0,0.0,,,0.0,0.0,0.0,False,True,False,0.0,,,0.0,0.0,0.0,0.0,0.0,0.0,0.0,0.0,0.0,0.0,0.0,0.0,0.0,0.0,-0.0,-0.0,-0.0,-0.0,-0.0,-0.0,0.0,0.0,0.0,0.0,0.0,0.0,829.3100000000235
22.18,49.35,74.57,0.019999999999999574,0.020000000000003126,0.029999999999986926,3.3620378719567174,1.511043566362715,1.0,3.363446827429564,1.510942568645248,1.0,3.363477830415725,1.5109529560474066,1.0,74.60193827862078,74.56552838093953,74.57,0.016817389152078626,0.007554764780237033,0.005,74.5851208894687,74.55797361615929,74.565,74.61875566777286,74.57308314571976,74.57499999999999,74.57308314571976,74.5851208894687,0.012037743748933849,0.00016142877496223482,IGLB,SPLB,2025-06-20,False,4510.0,2026.0,1341.0,0.0,0.0,0.0,,,0.0,0.0,0.0,False,True,False,0.0,,,0.0,0.0,0.0,0.0,0.0,0.0,0.0,0.0,0.0,0.0,0.0,0.0,0.0,0.0,-0.0,-0.0,-0.0,-0.0,-0.0,-0.0,0.0,0.0,0.0,0.0,0.0,0.0,829.3100000000235
22.21,49.45,74.71,0.030000000000001137,0.10000000000000142,0.14000000000000057,3.363800090049527,1.5108190091001008,1.0,3.3634212185491412,1.5109567091691036,1.0,3.363446827429564,1.510942568645248,1.0,74.70215403721062,74.71611001950752,74.71,0.01681723413714782,0.0075547128432262405,0.005,74.68533680307347,74.7085553066643,74.705,74.71897127134777,74.72366473235076,74.71499999999999,74.71499999999999,74.7085553066643,-0.006444693335694751,-8.626279394585399e-05,VCLT,IGLB,2025-06-23,False,4504.0,2023.0,1339.0,0.0,0.0,0.0,,,0.0,0.0,0.0,False,True,False,0.0,,,0.0,0.0,0.0,0.0,0.0,0.0,0.0,0.0,0.0,0.0,0.0,0.0,0.0,0.0,-0.0,-0.0,-0.0,-0.0,-0.0,-0.0,0.0,0.0,0.0,0.0,0.0,0.0,829.3100000000235
22.37,49.78,75.2,0.16000000000000014,0.3299999999999983,0.4900000000000091,3.3616450603486814,1.510646846122941,1.0,3.3632730953473464,1.5109835271892385,1.0,3.3634212185491412,1.5109567091691036,1.0,75.23973265894429,75.21542498243798,75.2,0.016817106092745705,0.007554783545845518,0.005,75.22291555285155,75.20787019889214,75.19500000000001,75.25654976503704,75.22297976598382,75.205,75.205,75.22291555285155,0.017915552851548,0.0002382387347280319,VCLT,SPLB,2025-06-24,False,4473.0,2010.0,1330.0,0.0,0.0,0.0,,,0.0,0.0,0.0,False,True,False,0.0,,,0.0,0.0,0.0,0.0,0.0,0.0,0.0,0.0,0.0,0.0,0.0,0.0,0.0,0.0,-0.0,-0.0,-0.0,-0.0,-0.0,-0.0,0.0,0.0,0.0,0.0,0.0,0.0,829.3100000000235
22.33,49.71,75.09,-0.0400000000000027,-0.07000000000000028,-0.10999999999999943,3.3627407075682942,1.5105612552806278,1.0,3.3632116853668217,1.510962195827166,1.0,3.3632730953473464,1.5109835271892385,1.0,75.10188821910624,75.11099113657704,75.09,0.016816365476736733,0.007554917635946193,0.005,75.0850718536295,75.1034362189411,75.08500000000001,75.11870458458299,75.11854605421298,75.095,75.095,75.1034362189411,0.008436218941099582,0.00011234810149286965,VCLT,IGLB,2025-06-25,False,4480.0,2013.0,1332.0,0.0,0.0,0.0,,,0.0,0.0,0.0,False,True,False,0.0,,,0.0,0.0,0.0,0.0,0.0,0.0,0.0,0.0,0.0,0.0,0.0,0.0,0.0,0.0,-0.0,-0.0,-0.0,-0.0,-0.0,-0.0,0.0,-0.0,-0.0,-0.0,0.0,0.0,829.3100000000235
22.43,49.93,75.41,0.10000000000000142,0.21999999999999886,0.3199999999999932,3.362015158270174,1.5103144402163027,1.0,3.3629928840516805,1.5109214462798606,1.0,3.3632116853668217,1.510962195827166,1.0,75.43683810277781,75.4423424376504,75.41,0.016816058426834108,0.00755481097913583,0.005,75.42002204435097,75.43478762667127,75.405,75.45365416120465,75.44989724862953,75.41499999999999,75.41499999999999,75.43478762667127,0.019787626671273983,0.00026240056585696836,VCLT,IGLB,2025-06-26,False,4460.0,2004.0,1326.0,0.0,0.0,0.0,,,0.0,0.0,0.0,False,True,False,0.0,,,0.0,0.0,0.0,0.0,0.0,0.0,0.0,0.0,0.0,0.0,0.0,0.0,0.0,0.0,-0.0,-0.0,-0.0,-0.0,-0.0,-0.0,0.0,0.0,0.0,0.0,0.0,0.0,829.3100000000235
22.36,49.77,75.2,-0.07000000000000028,-0.1599999999999966,-0.20999999999999375,3.3631484794275495,1.5109503717098653,1.0,3.3629954105287525,1.5109111347732354,1.0,3.3629928840516805,1.5109214462798606,1.0,75.19652088739558,75.19856038134867,75.2,0.016814964420258403,0.007554607231399303,0.005,75.17970592297532,75.19100577411727,75.19500000000001,75.21333585181584,75.20611498858007,75.205,75.205,75.19500000000001,-0.009999999999990905,-0.00013297872340413438,VCLT,VCLT,2025-06-27,False,4473.0,2010.0,1330.0,0.0,0.0,0.0,,,0.0,0.0,0.0,False,True,False,0.0,,,0.0,0.0,0.0,0.0,0.0,0.0,0.0,0.0,0.0,0.0,0.0,0.0,0.0,0.0,-0.0,-0.0,-0.0,-0.0,-0.0,-0.0,0.0,-0.0,-0.0,-0.0,0.0,0.0,829.3100000000235
22.57,50.21,75.9,0.21000000000000085,0.4399999999999977,0.7000000000000028,3.3628710677891007,1.511651065524796,1.0,3.3628207821000258,1.5109222594780465,1.0,3.3629954105287525,1.5109111347732354,1.0,75.90280641563395,75.86284807696414,75.9,0.016814977052643763,0.0075545556738661765,0.005,75.8859914385813,75.85529352129028,75.89500000000001,75.9196213926866,75.870402632638,75.905,75.870402632638,75.89500000000001,0.024597367362005684,0.0003240759863241855,IGLB,VCLT,2025-06-30,False,4432.0,1991.0,1318.0,0.0,0.0,0.0,,,0.0,0.0,0.0,False,True,False,0.0,,,0.0,0.0,0.0,0.0,0.0,0.0,0.0,0.0,0.0,0.0,0.0,0.0,0.0,0.0,-0.0,-0.0,-0.0,-0.0,-0.0,-0.0,0.0,0.0,0.0,0.0,0.0,0.0,829.3100000000235
22.54,50.16,75.83,-0.030000000000001137,-0.05000000000000426,-0.07000000000000739,3.3642413487133984,1.511762360446571,1.0,3.3628906477008336,1.5109953383574002,1.0,3.3628207821000258,1.5109222594780465,1.0,75.79798042853457,75.7878605354188,75.83,0.01681410391050013,0.007554611297390232,0.005,75.78116632462407,75.78030592412141,75.825,75.81479453244508,75.7954151467162,75.835,75.7954151467162,75.825,0.029584853283807888,0.00039014708273516933,IGLB,VCLT,2025-07-01,True,4436.0,1993.0,1319.0,0.0,0.0,0.0,,,0.0,0.0,0.0,False,True,False,0.0,,,0.0,0.0,0.0,0.0,0.0,0.0,0.0,0.0,0.0,0.0,0.0,0.0,0.0,0.0,-0.0,-0.0,-0.0,-0.0,-0.0,-0.0,0.0,-0.0,-0.0,-0.0,0.0,0.0,829.3100000000235
22.53,50.11,75.72,-0.00999999999999801,-0.04999999999999716,-0.10999999999999943,3.3608521970705723,1.5110756336060667,1.0,3.3627784956496,1.5110143606794146,1.0,3.3628906477008336,1.5109953383574002,1.0,75.76592629269979,75.71597640508932,75.72,0.016814453238504168,0.0075549766917870015,0.005,75.74911183946128,75.70842142839753,75.715,75.7827407459383,75.72353138178111,75.725,75.72353138178111,75.74911183946128,0.025580457680163704,0.00033782960486217255,IGLB,SPLB,2025-07-02,False,4442.0,1996.0,1321.0,0.0,0.0,0.0,,,0.0,0.0,0.0,False,True,True,0.0,,,0.0,0.0,0.0,0.0,0.0,0.0,0.0,0.0,0.0,0.0,0.0,0.0,0.0,0.0,-0.0,-0.0,-0.0,-0.0,-0.0,-0.0,0.0,-0.0,-0.0,-0.0,0.0,0.0,829.3100000000235
22.45,49.96,75.41,-0.08000000000000185,-0.14999999999999858,-0.3100000000000023,3.35902004454343,1.5094075260208166,1.0,3.3625909109202494,1.510950657631524,1.0,3.3627784956496,1.5110143606794146,1.0,75.49437722733352,75.49027745954356,75.41,0.016813892478248,0.007555071803397074,0.005,75.47756333485526,75.48272238774017,75.405,75.51119111981177,75.49783253134696,75.41499999999999,75.41499999999999,75.48272238774017,0.0677223877401758,0.0008980557981723353,VCLT,IGLB,2025-07-03,False,4459.0,2004.0,1326.0,0.0,0.0,0.0,,,0.0,0.0,0.0,False,False,False,-0.0,,,0.0,0.0,0.0,0.0,0.0,0.0,0.0,0.0,0.0,0.0,0.0,0.0,0.0,0.0,-0.0,-0.0,-0.0,-0.0,-0.0,-0.0,0.0,-0.0,-0.0,-0.0,0.0,0.0,829.3100000000235
22.23,49.45,74.67,-0.21999999999999886,-0.509999999999998,-0.7399999999999949,3.358974358974359,1.510010111223458,1.0,3.362442444491129,1.5109103468661662,1.0,3.3625909109202494,1.510950657631524,1.0,74.75039594975715,74.71651001987887,74.67,0.01681295455460125,0.00755475328815762,0.005,74.73358299520255,74.7089552665907,74.665,74.76720890431174,74.72406477316703,74.675,74.675,74.73358299520255,0.058582995202556276,0.0007845586608083069,VCLT,SPLB,2025-07-07,False,4503.0,2023.0,1339.0,0.0,0.0,0.0,,,0.0,0.0,-0.0,False,False,False,0.0,,,0.0,0.0,0.0,0.0,0.0,0.0,0.0,0.0,0.0,0.0,0.0,0.0,0.0,0.0,-0.0,-0.0,-0.0,-0.0,-0.0,-0.0,0.0,-0.0,-0.0,-0.0,0.0,0.0,829.3100000000235
22.14,49.31,74.46,-0.08999999999999986,-0.14000000000000057,-0.21000000000000796,3.363143631436314,1.510038531737984,1.0,3.3624386013602914,1.5108521501231578,1.0,3.362442444491129,1.5109103468661662,1.0,74.4444757210336,74.50298920397066,74.46,0.016812212222455644,0.007554551734330831,0.005,74.42766350881114,74.49543465223633,74.455,74.46128793325606,74.51054375570499,74.46499999999999,74.46128793325606,74.49543465223633,0.03414671898026711,0.0004585914448061659,SPLB,IGLB,2025-07-08,False,4516.0,2029.0,1343.0,0.0,0.0,0.0,,,0.0,0.0,0.0,False,True,False,0.0,,,0.0,0.0,0.0,0.0,0.0,0.0,0.0,0.0,0.0,0.0,0.0,0.0,0.0,0.0,-0.0,-0.0,-0.0,-0.0,-0.0,-0.0,0.0,-0.0,-0.0,-0.0,0.0,0.0,829.3100000000235
22.33,49.7,75.06,0.18999999999999773,0.39000000000000057,0.6000000000000085,3.3613972234661893,1.510261569416499,1.0,3.362436447948369,1.5108326599745645,1.0,3.3624386013602914,1.5108521501231578,1.0,75.0832539683753,75.08935186112095,75.06,0.01681219300680146,0.007554260750615789,0.005,75.0664417753685,75.08179760037034,75.055,75.1000661613821,75.09690612187156,75.065,75.065,75.08179760037034,0.016797600370338728,0.00022378897375884262,VCLT,IGLB,2025-07-09,False,4479.0,2012.0,1332.0,0.0,0.0,0.0,,,0.0,0.0,0.0,False,True,False,0.0,,,0.0,0.0,0.0,0.0,0.0,0.0,0.0,0.0,0.0,0.0,0.0,0.0,0.0,0.0,-0.0,-0.0,-0.0,-0.0,-0.0,-0.0,0.0,0.0,0.0,0.0,0.0,0.0,829.3100000000235
22.34,49.73,75.14,0.010000000000001563,0.02999999999999403,0.0799999999999983,3.3634735899731423,1.5109591795696764,1.0,3.362475765213708,1.5108196234410123,1.0,3.362436447948369,1.5108326599745645,1.0,75.11683024716656,75.1337081805351,75.14,0.016812182239741843,0.007554163299872823,0.005,75.10001806492681,75.12615401723522,75.135,75.13364242940631,75.14126234383497,75.145,75.13364242940631,75.135,0.0013575705936972327,1.8067215779840734e-05,SPLB,VCLT,2025-07-10,False,4475.0,2011.0,1331.0,0.0,0.0,0.0,,,0.0,0.0,0.0,False,True,False,0.0,,,0.0,0.0,0.0,0.0,0.0,0.0,0.0,0.0,0.0,0.0,0.0,0.0,0.0,0.0,-0.0,-0.0,-0.0,-0.0,-0.0,-0.0,0.0,0.0,0.0,0.0,0.0,0.0,829.3100000000235
22.1,49.23,74.35,-0.23999999999999844,-0.5,-0.7900000000000063,3.364253393665158,1.5102579727808247,1.0,3.36251278980869,1.510809041697862,1.0,3.362475765213708,1.5108196234410123,1.0,74.31071441122295,74.37765006200102,74.35,0.01681237882606854,0.007554098117205061,0.005,74.29390203239687,74.37009596388381,74.345,74.32752679004902,74.38520416011823,74.35499999999999,74.32752679004902,74.37009596388381,0.042569173834792196,0.0005725510939447504,SPLB,IGLB,2025-07-11,False,4523.0,2032.0,1345.0,0.0,0.0,0.0,,,0.0,0.0,0.0,False,False,False,-0.0,,,0.0,0.0,0.0,0.0,0.0,0.0,0.0,0.0,0.0,0.0,0.0,0.0,0.0,0.0,-0.0,-0.0,-0.0,-0.0,-0.0,-0.0,0.0,-0.0,-0.0,-0.0,0.0,0.0,829.3100000000235
22.1,49.19,74.29,0.0,-0.03999999999999915,-0.05999999999998806,3.3615384615384616,1.510266314291523,1.0,3.362526064297537,1.510758068819129,1.0,3.36251278980869,1.510809041697862,1.0,74.31153265477205,74.31669676111783,74.29,0.01681256394904345,0.00755404520848931,0.005,74.294720090823,74.30914271590933,74.28500000000001,74.3283452187211,74.32425080632632,74.295,74.295,74.30914271590933,0.014142715909329695,0.00019037173117956245,VCLT,IGLB,2025-07-14,False,4526.0,2034.0,1346.0,0.0,0.0,0.0,,,0.0,0.0,-0.0,False,True,False,0.0,,,0.0,0.0,0.0,0.0,0.0,0.0,0.0,0.0,0.0,0.0,0.0,0.0,0.0,0.0,-0.0,-0.0,-0.0,-0.0,-0.0,-0.0,0.0,0.0,-0.0,-0.0,0.0,0.0,829.3100000000235
21.99,48.96,73.94,-0.11000000000000298,-0.22999999999999687,-0.3500000000000085,3.3624374715779903,1.5102124183006536,1.0,3.362503141496346,1.5106787792378233,1.0,3.362526064297537,1.510758068819129,1.0,73.94194815390283,73.96671504938456,73.94,0.016812630321487686,0.0075537903440956455,0.005,73.92513552358135,73.95916125904047,73.935,73.95876078422431,73.97426883972865,73.945,73.945,73.95916125904047,0.014161259040477603,0.0001915236548617474,VCLT,IGLB,2025-07-15,False,4546.0,2043.0,1352.0,0.0,0.0,0.0,,,0.0,0.0,0.0,False,True,False,0.0,,,0.0,0.0,0.0,0.0,0.0,0.0,0.0,0.0,0.0,0.0,0.0,0.0,0.0,0.0,-0.0,-0.0,-0.0,-0.0,-0.0,-0.0,0.0,-0.0,-0.0,-0.0,0.0,0.0,829.3100000000235
22.0,49.02,73.99,0.010000000000001563,0.060000000000002274,0.04999999999999716,3.363181818181818,1.5093839249286003,1.0,3.362457686950891,1.510596730077965,1.0,3.362503141496346,1.5106787792378233,1.0,73.97506911291961,74.0534737582381,73.99,0.01681251570748173,0.007553393896189117,0.005,73.95825659721213,74.04592036434191,73.985,73.9918816286271,74.06102715213429,73.99499999999999,73.9918816286271,74.04592036434191,0.05403873571481199,0.0007303518815355047,SPLB,IGLB,2025-07-16,False,4546.0,2042.0,1352.0,0.0,0.0,0.0,,,0.0,0.0,0.0,False,False,False,-0.0,,,0.0,0.0,0.0,0.0,0.0,0.0,0.0,0.0,0.0,0.0,0.0,0.0,0.0,0.0,-0.0,-0.0,-0.0,-0.0,-0.0,-0.0,0.0,0.0,0.0,0.0,0.0,0.0,829.3100000000235
22.07,49.18,74.23,0.07000000000000028,0.1599999999999966,0.2400000000000091,3.363389216130494,1.5093533956893046,1.0,3.362393980111686,1.5105011768058034,1.0,3.362457686950891,1.510596730077965,1.0,74.20944115100616,74.29114718523432,74.23,0.016812288434754456,0.007552983650389825,0.005,74.19262886257141,74.28359420158394,74.22500000000001,74.22625343944091,74.29870016888471,74.235,74.22625343944091,74.28359420158394,0.057340762143027746,0.0007724742306753031,SPLB,IGLB,2025-07-17,False,4529.0,2035.0,1347.0,0.0,0.0,0.0,,,0.0,0.0,-0.0,False,False,False,0.0,,,0.0,0.0,0.0,0.0,0.0,0.0,0.0,0.0,0.0,0.0,0.0,0.0,0.0,0.0,-0.0,-0.0,-0.0,-0.0,-0.0,-0.0,0.0,0.0,0.0,0.0,0.0,0.0,829.3100000000235
22.1,49.25,74.34,0.030000000000001137,0.07000000000000028,0.10999999999999943,3.3638009049773756,1.5094416243654822,1.0,3.3623981047829377,1.5104208558347405,1.0,3.362393980111686,1.5105011768058034,1.0,74.30890696046826,74.39218295768582,74.34,0.01681196990055843,0.007552505884029018,0.005,74.2920949905677,74.38463045180178,74.33500000000001,74.32571893036882,74.39973546356985,74.345,74.32571893036882,74.38463045180178,0.05891152143296097,0.0007924606057702578,SPLB,IGLB,2025-07-18,False,4522.0,2032.0,1345.0,0.0,0.0,0.0,,,0.0,0.0,0.0,False,False,False,-0.0,,,0.0,0.0,0.0,0.0,0.0,0.0,0.0,0.0,0.0,0.0,0.0,0.0,0.0,0.0,-0.0,-0.0,-0.0,-0.0,-0.0,-0.0,0.0,0.0,0.0,0.0,0.0,0.0,829.3100000000235
22.25,49.56,74.81,0.14999999999999858,0.3100000000000023,0.46999999999999886,3.362247191011236,1.5094834543987086,1.0,3.3624085707356635,1.5103428502365401,1.0,3.3623981047829377,1.5104208558347405,1.0,74.81335783142036,74.85645761516975,74.81,0.01681199052391469,0.007552104279173703,0.005,74.79654584089644,74.84890551089057,74.805,74.83016982194428,74.86400971944892,74.815,74.815,74.84890551089057,0.03390551089057681,0.00045322164002909777,VCLT,IGLB,2025-07-21,False,4496.0,2019.0,1337.0,0.0,0.0,0.0,,,0.0,0.0,-0.0,False,True,False,0.0,,,0.0,0.0,0.0,0.0,0.0,0.0,0.0,0.0,0.0,0.0,0.0,0.0,0.0,0.0,-0.0,-0.0,-0.0,-0.0,-0.0,-0.0,0.0,0.0,0.0,0.0,0.0,0.0,829.3100000000235
22.32,49.7,75.05,0.07000000000000028,0.14000000000000057,0.23999999999999488,3.362455197132616,1.5100603621730382,1.0,3.3623413260898176,1.510304917890187,1.0,3.3624085707356635,1.5103428502365401,1.0,75.04895929882001,75.06403965675605,75.05,0.01681204285367832,0.007551714251182701,0.005,75.03214725596634,75.05648794250487,75.045,75.06577134167368,75.07159137100723,75.05499999999999,75.05499999999999,75.05648794250487,0.0014879425048803796,1.9826016054368816e-05,VCLT,IGLB,2025-07-22,False,4479.0,2012.0,1332.0,0.0,0.0,0.0,,,0.0,0.0,0.0,False,True,False,0.0,,,0.0,0.0,0.0,0.0,0.0,0.0,0.0,0.0,0.0,0.0,0.0,0.0,0.0,0.0,-0.0,-0.0,-0.0,-0.0,-0.0,-0.0,0.0,0.0,0.0,0.0,0.0,0.0,829.3100000000235
22.27,49.64,74.92,-0.05000000000000071,-0.060000000000002274,-0.12999999999999545,3.3641670408621467,1.5092667203867849,1.0,3.3624674251154913,1.5102359116033792,1.0,3.3623413260898176,1.510304917890187,1.0,74.87934133202023,74.97153612406889,74.92,0.016811706630449088,0.0075515245894509355,0.005,74.86252962538978,74.96398459947945,74.915,74.89615303865068,74.97908764865834,74.925,74.89615303865068,74.96398459947945,0.06783156082876474,0.0009053865567106879,SPLB,IGLB,2025-07-23,False,4489.0,2016.0,1335.0,0.0,0.0,0.0,,,0.0,0.0,0.0,False,False,False,-0.0,,,0.0,0.0,0.0,0.0,0.0,0.0,0.0,0.0,0.0,0.0,0.0,0.0,0.0,0.0,-0.0,-0.0,-0.0,-0.0,-0.0,-0.0,0.0,-0.0,-0.0,-0.0,0.0,0.0,829.3100000000235
22.25,49.55,74.83,-0.019999999999999574,-0.09000000000000341,-0.09000000000000341,3.3631460674157303,1.5101917255297679,1.0,3.3624876931078624,1.5102174351158362,1.0,3.3624674251154913,1.5102359116033792,1.0,74.81490020881968,74.83218941994744,74.83,0.01681233712557746,0.0075511795580168965,0.005,74.79808787169411,74.82463824038942,74.825,74.83171254594525,74.83974059950546,74.835,74.83171254594525,74.825,-0.006712545945248394,-8.97039415374635e-05,SPLB,VCLT,2025-07-24,False,4492.0,2018.0,1336.0,0.0,0.0,0.0,,,0.0,0.0,-0.0,False,True,False,0.0,,,0.0,0.0,0.0,0.0,0.0,0.0,0.0,0.0,0.0,0.0,0.0,0.0,0.0,0.0,-0.0,-0.0,-0.0,-0.0,-0.0,-0.0,0.0,-0.0,-0.0,-0.0,0.0,0.0,829.3100000000235
22.37,49.8,75.22,0.120000000000001,0.25,0.39000000000000057,3.3625391148860078,1.5104417670682733,1.0,3.3625138909386543,1.5102238014584348,1.0,3.3624876931078624,1.5102174351158362,1.0,75.2188496948229,75.20882826876864,75.22,0.01681243846553931,0.007551087175579181,0.005,75.20203725635736,75.20127718159306,75.215,75.23566213328843,75.21637935594423,75.225,75.21637935594423,75.215,-0.0013793559442234482,-1.8337622231101412e-05,IGLB,VCLT,2025-07-25,False,4469.0,2007.0,1329.0,0.0,0.0,0.0,,,0.0,0.0,0.0,False,True,False,0.0,,,0.0,0.0,0.0,0.0,0.0,0.0,0.0,0.0,0.0,0.0,0.0,0.0,0.0,0.0,-0.0,-0.0,-0.0,-0.0,-0.0,-0.0,0.0,0.0,0.0,0.0,0.0,0.0,829.3100000000235
22.28,49.62,74.93,-0.08999999999999986,-0.17999999999999972,-0.28999999999999204,3.3631059245960504,1.510076582023378,1.0,3.3625117631970793,1.5101801119741103,1.0,3.3625138909386543,1.5102238014584348,1.0,74.91680949011322,74.93730502836753,74.93,0.016812569454693272,0.007551119007292174,0.005,74.89999692065852,74.92975390936024,74.92500000000001,74.93362205956792,74.94485614737482,74.935,74.93362205956792,74.92975390936024,-0.0038681502076798324,-5.162351805258017e-05,SPLB,IGLB,2025-07-28,False,4489.0,2016.0,1335.0,0.0,0.0,0.0,,,0.0,0.0,0.0,False,True,False,0.0,,,0.0,0.0,0.0,0.0,0.0,0.0,0.0,0.0,0.0,0.0,0.0,0.0,0.0,0.0,-0.0,-0.0,-0.0,-0.0,-0.0,-0.0,0.0,-0.0,-0.0,-0.0,0.0,0.0,829.3100000000235
22.54,50.18,75.75,0.259999999999998,0.5600000000000023,0.8199999999999932,3.360692102928128,1.509565563969709,1.0,3.362402814954031,1.5100758368963558,1.0,3.3625117631970793,1.5101801119741103,1.0,75.79101514246217,75.78083801886085,75.75,0.016812558815985396,0.007550900559870552,0.005,75.77420258364619,75.77328711830097,75.745,75.80782770127816,75.78838891942073,75.755,75.755,75.77420258364619,0.019202583646190874,0.0002534994540751271,VCLT,SPLB,2025-07-29,False,4439.0,1993.0,1320.0,0.0,0.0,0.0,,,0.0,0.0,0.0,False,True,False,0.0,,,0.0,0.0,0.0,0.0,0.0,0.0,0.0,0.0,0.0,0.0,0.0,0.0,0.0,0.0,-0.0,-0.0,-0.0,-0.0,-0.0,-0.0,0.0,0.0,0.0,0.0,0.0,0.0,829.3100000000235
22.41,49.9,75.37,-0.129999999999999,-0.28000000000000114,-0.37999999999999545,3.3632307005800985,1.5104208416833669,1.0,3.3623522825473655,1.5100087609581958,1.0,3.362402814954031,1.5100758368963558,1.0,75.35144708311984,75.35278426112815,75.37,0.016812014074770155,0.007550379184481779,0.005,75.33463506904506,75.34523388194367,75.36500000000001,75.36825909719461,75.36033464031263,75.375,75.36033464031263,75.36500000000001,0.004665359687379578,6.189942533341618e-05,IGLB,VCLT,2025-07-30,False,4462.0,2004.0,1327.0,0.0,0.0,0.0,,,0.0,0.0,0.0,False,True,False,0.0,,,0.0,0.0,0.0,0.0,0.0,0.0,0.0,0.0,0.0,0.0,0.0,0.0,0.0,0.0,-0.0,-0.0,-0.0,-0.0,-0.0,-0.0,0.0,-0.0,-0.0,-0.0,0.0,0.0,829.3100000000235
22.42,49.91,75.4,0.010000000000001563,0.00999999999999801,0.030000000000001137,3.3630686886708294,1.5107192947305152,1.0,3.362463107127379,1.5099909440144184,1.0,3.3623522825473655,1.5100087609581958,1.0,75.38393817471194,75.36453725942354,75.4,0.01681176141273683,0.007550043804790979,0.005,75.3671264132992,75.35698721561876,75.39500000000001,75.40074993612468,75.37208730322833,75.405,75.37208730322833,75.39500000000001,0.022912696771683727,0.00030388192004885577,IGLB,VCLT,2025-07-31,False,4458.0,2002.0,1326.0,0.0,0.0,0.0,,,0.0,0.0,0.0,False,True,False,0.0,,,0.0,0.0,0.0,0.0,0.0,0.0,0.0,0.0,0.0,0.0,0.0,0.0,0.0,0.0,-0.0,-0.0,-0.0,-0.0,-0.0,-0.0,0.0,0.0,0.0,0.0,0.0,0.0,829.3100000000235
22.53,50.22,75.7,0.10999999999999943,0.3100000000000023,0.29999999999999716,3.359964491788726,1.5073675826364,1.0,3.3625103294896435,1.5098889468451973,1.0,3.362463107127379,1.5099909440144184,1.0,75.75629380357985,75.83174520840409,75.7,0.016812315535636894,0.007549954720072092,0.005,75.73948148804422,75.82419525368401,75.69500000000001,75.77310611911548,75.83929516312416,75.705,75.705,75.82419525368401,0.11919525368401196,0.0015745740248878726,VCLT,IGLB,2025-08-01,True,4442.0,1995.0,1321.0,0.0,0.0,0.0,,,0.0,0.0,0.0,True,False,False,1.0,VCLT,IGLB,0.0,-1995.0,1321.0,0.0,0.0,0.0,0.0,0.0,0.0,-1995.0,1321.0,0.0,0.0,1321.0,-0.0,1995.0,-0.0,-0.0,-9.975,-6.605,-16.58,0.0,0.0,0.0,0.0,-16.58,812.7300000000234
22.6,50.35,75.92,0.07000000000000028,0.13000000000000256,0.21999999999999886,3.35929203539823,1.507845084409136,1.0,3.3625262133108373,1.5097806955044812,1.0,3.3625103294896435,1.5098889468451973,1.0,75.99273344646595,76.02290847365569,75.92,0.01681255164744822,0.007549444734225986,0.005,75.9759208948185,76.01535902892147,75.915,76.0095459981134,76.03045791838991,75.925,75.925,76.01535902892147,0.09035902892146908,0.001190187419935051,VCLT,IGLB,2025-08-04,False,4428.0,1989.0,1317.0,0.0,-1995.0,1321.0,VCLT,IGLB,0.09035902892146908,0.001190187419935051,1.0,True,False,True,0.0,,,0.0,0.0,0.0,0.0,-100188.9,99999.7,200188.59999999998,-189.1999999999971,0.0,1995.0,-1321.0,0.0,1995.0,0.0,-0.0,-0.0,1321.0,-0.0,-9.975,-6.605,-16.58,0.0,-259.3500000000051,290.6199999999985,31.269999999993445,14.689999999993447,827.4200000000169
22.66,50.46,76.11,0.05999999999999872,0.10999999999999943,0.18999999999999773,3.3587819947043247,1.5083234244946493,1.0,3.362308131474238,1.5096949401423145,1.0,3.3625262133108373,1.5097806955044812,1.0,76.19484399362358,76.18353389515613,76.11,0.016812631066554187,0.007548903477522406,0.005,76.17803136255702,76.1759849916786,76.105,76.21165662469014,76.19108279863366,76.115,76.115,76.17803136255702,0.06303136255702668,0.0008281613790175626,VCLT,SPLB,2025-08-05,False,4418.0,1984.0,1314.0,0.0,0.0,0.0,,,0.0,0.0,0.0,False,False,False,-0.0,,,0.0,0.0,0.0,0.0,0.0,0.0,0.0,0.0,0.0,0.0,0.0,0.0,0.0,0.0,-0.0,-0.0,-0.0,-0.0,-0.0,-0.0,0.0,0.0,0.0,0.0,0.0,0.0,827.4200000000169
22.62,50.37,76.0,-0.03999999999999915,-0.09000000000000341,-0.10999999999999943,3.3598585322723253,1.5088346237839985,1.0,3.362231196914544,1.5096235928606894,1.0,3.362308131474238,1.5096949401423145,1.0,76.05540993394726,76.04333413496838,76.0,0.01681154065737119,0.007548474700711572,0.005,76.03859839328989,76.03578566026766,75.995,76.07222147460463,76.05088260966909,76.005,76.005,76.03859839328989,0.03359839328989267,0.00044208412223542987,VCLT,SPLB,2025-08-06,False,4425.0,1987.0,1316.0,0.0,0.0,0.0,,,0.0,0.0,-0.0,False,True,False,0.0,,,0.0,0.0,0.0,0.0,0.0,0.0,0.0,0.0,0.0,0.0,0.0,0.0,0.0,0.0,-0.0,-0.0,-0.0,-0.0,-0.0,-0.0,0.0,-0.0,-0.0,-0.0,0.0,0.0,827.4200000000169
22.6,50.33,75.94,-0.019999999999999574,-0.03999999999999915,-0.060000000000002274,3.360176991150442,1.5088416451420623,1.0,3.3620663669734094,1.509517716139309,1.0,3.362231196914544,1.5096235928606894,1.0,75.9864250502687,75.97935542867849,75.94,0.01681115598457272,0.007548117964303447,0.005,75.96961389428414,75.97180731071418,75.935,76.00323620625328,75.9869035466428,75.945,75.945,75.97180731071418,0.02680731071419018,0.00035300646186713433,VCLT,IGLB,2025-08-07,False,4428.0,1988.0,1317.0,0.0,0.0,0.0,,,0.0,0.0,0.0,False,True,False,0.0,,,0.0,0.0,0.0,0.0,0.0,0.0,0.0,0.0,0.0,0.0,0.0,0.0,0.0,0.0,-0.0,-0.0,-0.0,-0.0,-0.0,-0.0,0.0,-0.0,-0.0,-0.0,0.0,0.0,827.4200000000169
22.5,50.13,75.6,-0.10000000000000142,-0.19999999999999574,-0.3400000000000034,3.36,1.5080789946140034,1.0,3.361853697290152,1.5094087672309677,1.0,3.3620663669734094,1.509517716139309,1.0,75.6464932569017,75.67212311006357,75.6,0.01681033183486705,0.007547588580696545,0.005,75.62968292506685,75.66457552148287,75.595,75.66330358873657,75.67967069864426,75.60499999999999,75.60499999999999,75.66457552148287,0.05957552148288414,0.0007880359984508484,VCLT,IGLB,2025-08-08,False,4448.0,1997.0,1323.0,0.0,0.0,0.0,,,0.0,0.0,0.0,False,False,False,-0.0,,,0.0,0.0,0.0,0.0,0.0,0.0,0.0,0.0,0.0,0.0,0.0,0.0,0.0,0.0,-0.0,-0.0,-0.0,-0.0,-0.0,-0.0,0.0,-0.0,-0.0,-0.0,0.0,0.0,827.4200000000169
22.54,50.24,75.78,0.03999999999999915,0.10999999999999943,0.18000000000000682,3.3620230700976044,1.5083598726114649,1.0,3.3618779277181092,1.5093134451469647,1.0,3.361853697290152,1.5094087672309677,1.0,75.77618233692002,75.83269646568382,75.78,0.01680926848645076,0.007547043836154839,0.005,75.75937306843356,75.82514942184767,75.775,75.79299160540647,75.84024350951998,75.785,75.785,75.82514942184767,0.040149421847672784,0.0005298155429885561,VCLT,IGLB,2025-08-11,False,4438.0,1992.0,1320.0,0.0,0.0,0.0,,,0.0,0.0,-0.0,False,False,False,0.0,,,0.0,0.0,0.0,0.0,0.0,0.0,0.0,0.0,0.0,0.0,0.0,0.0,0.0,0.0,-0.0,-0.0,-0.0,-0.0,-0.0,-0.0,0.0,0.0,0.0,0.0,0.0,0.0,827.4200000000169
22.55,50.24,75.78,0.010000000000001563,0.0,0.0,3.360532150776053,1.5083598726114649,1.0,3.361782661678012,1.5092208178625053,1.0,3.3618779277181092,1.5093134451469647,1.0,75.81034727004337,75.82790748418351,75.78,0.016809389638590546,0.007546567225734824,0.005,75.79353788040477,75.82036091695778,75.775,75.82715665968196,75.83545405140924,75.785,75.785,75.82036091695778,0.035360916957785093,0.00046662598255192787,VCLT,IGLB,2025-08-12,False,4438.0,1992.0,1320.0,0.0,0.0,0.0,,,0.0,0.0,0.0,False,True,False,0.0,,,0.0,0.0,0.0,0.0,0.0,0.0,0.0,0.0,0.0,0.0,0.0,0.0,0.0,0.0,-0.0,-0.0,-0.0,-0.0,-0.0,-0.0,0.0,0.0,0.0,0.0,0.0,0.0,827.4200000000169
22.73,50.63,76.33,0.17999999999999972,0.39000000000000057,0.5499999999999972,3.358117025956885,1.5076041872407662,1.0,3.361529422066765,1.5091318309781137,1.0,3.361782661678012,1.5092208178625053,1.0,76.41331989994121,76.41185000837865,76.33,0.01680891330839006,0.007546104089312527,0.005,76.39651098663282,76.40430390428934,76.325,76.43012881324961,76.41939611246796,76.335,76.335,76.40430390428934,0.06930390428934174,0.0009079510584218754,VCLT,IGLB,2025-08-13,False,4404.0,1977.0,1310.0,0.0,0.0,0.0,,,0.0,0.0,0.0,False,False,False,-0.0,,,0.0,0.0,0.0,0.0,0.0,0.0,0.0,0.0,0.0,0.0,0.0,0.0,0.0,0.0,-0.0,-0.0,-0.0,-0.0,-0.0,-0.0,0.0,0.0,0.0,0.0,0.0,0.0,827.4200000000169
22.62,50.4,76.0,-0.10999999999999943,-0.23000000000000398,-0.3299999999999983,3.3598585322723253,1.507936507936508,1.0,3.3613528878738563,1.5090609865904738,1.0,3.361529422066765,1.5091318309781137,1.0,76.03779552715022,76.06024428129693,76.0,0.016807647110333827,0.007545659154890569,0.005,76.02098788003988,76.05269862214205,75.995,76.05460317426056,76.06778994045182,76.005,76.005,76.05269862214205,0.04769862214205034,0.0006276134492375045,VCLT,IGLB,2025-08-14,False,4424.0,1986.0,1316.0,0.0,0.0,0.0,,,0.0,0.0,-0.0,False,False,False,0.0,,,0.0,0.0,0.0,0.0,0.0,0.0,0.0,0.0,0.0,0.0,0.0,0.0,0.0,0.0,-0.0,-0.0,-0.0,-0.0,-0.0,-0.0,0.0,-0.0,-0.0,-0.0,0.0,0.0,827.4200000000169
22.55,50.25,75.78,-0.07000000000000028,-0.14999999999999858,-0.21999999999999886,3.360532150776053,1.5080597014925374,1.0,3.3611894501637907,1.5089918904468267,1.0,3.3613528878738563,1.5090609865904738,1.0,75.79850762155546,75.8303145761713,75.78,0.016806764439369282,0.007545304932952369,0.005,75.78170085711609,75.82276927123836,75.775,75.81531438599482,75.83785988110425,75.785,75.785,75.82276927123836,0.0377692712383606,0.0004984068519181922,VCLT,IGLB,2025-08-15,False,4437.0,1992.0,1320.0,0.0,0.0,0.0,,,0.0,0.0,0.0,False,True,False,0.0,,,0.0,0.0,0.0,0.0,0.0,0.0,0.0,0.0,0.0,0.0,0.0,0.0,0.0,0.0,-0.0,-0.0,-0.0,-0.0,-0.0,-0.0,0.0,-0.0,-0.0,-0.0,0.0,0.0,827.4200000000169
22.49,50.11,75.54,-0.060000000000002274,-0.14000000000000057,-0.23999999999999488,3.358826144953313,1.5074835362203154,1.0,3.3610183978608945,1.5088918945379068,1.0,3.3611894501637907,1.5089918904468267,1.0,75.59315073418365,75.61558363029049,75.54,0.016805947250818954,0.007544959452234133,0.005,75.57634478693284,75.60803867083825,75.53500000000001,75.60995668143447,75.62312858974272,75.545,75.545,75.60803867083825,0.0630386708382531,0.0008345071596273907,VCLT,IGLB,2025-08-18,False,4450.0,1998.0,1324.0,0.0,0.0,0.0,,,0.0,0.0,0.0,False,False,False,-0.0,,,0.0,0.0,0.0,0.0,0.0,0.0,0.0,0.0,0.0,0.0,0.0,0.0,0.0,0.0,-0.0,-0.0,-0.0,-0.0,-0.0,-0.0,0.0,-0.0,-0.0,-0.0,0.0,0.0,827.4200000000169
22.55,50.24,75.75,0.060000000000002274,0.13000000000000256,0.20999999999999375,3.35920177383592,1.507762738853503,1.0,3.3608557266960597,1.5087770133719303,1.0,3.3610183978608945,1.5088918945379068,1.0,75.79096487176318,75.80672878158444,75.75,0.016805091989304473,0.007544459472689534,0.005,75.77415977977388,75.79918432211176,75.745,75.80776996375248,75.81427324105712,75.755,75.755,75.79918432211176,0.04418432211176082,0.0005832913810133441,VCLT,IGLB,2025-08-19,False,4437.0,1992.0,1320.0,0.0,0.0,0.0,,,0.0,0.0,-0.0,False,False,False,0.0,,,0.0,0.0,0.0,0.0,0.0,0.0,0.0,0.0,0.0,0.0,0.0,0.0,0.0,0.0,-0.0,-0.0,-0.0,-0.0,-0.0,-0.0,0.0,0.0,0.0,0.0,0.0,0.0,827.4200000000169
22.56,50.26,75.78,0.00999999999999801,0.01999999999999602,0.030000000000001137,3.3590425531914896,1.5077596498209311,1.0,3.360599502312527,1.5087016598436374,1.0,3.3608557266960597,1.5087770133719303,1.0,75.8209051942631,75.83113269207321,75.78,0.0168042786334803,0.007543885066859652,0.005,75.80410091562962,75.82358880700635,75.775,75.83770947289659,75.83867657714008,75.785,75.785,75.82358880700635,0.0385888070063487,0.0005092215229130206,VCLT,IGLB,2025-08-20,False,4436.0,1992.0,1320.0,0.0,0.0,0.0,,,0.0,0.0,0.0,False,False,False,-0.0,,,0.0,0.0,0.0,0.0,0.0,0.0,0.0,0.0,0.0,0.0,0.0,0.0,0.0,0.0,-0.0,-0.0,-0.0,-0.0,-0.0,-0.0,0.0,0.0,0.0,0.0,0.0,0.0,827.4200000000169
22.44,50.03,75.4,-0.11999999999999744,-0.22999999999999687,-0.37999999999999545,3.360071301247772,1.5070957425544673,1.0,3.3604457640041288,1.5085468606948724,1.0,3.360599502312527,1.5087016598436374,1.0,75.4118528318931,75.48034404197718,75.4,0.016802997511562636,0.007543508299218187,0.005,75.39504983438154,75.47280053367795,75.39500000000001,75.42865582940466,75.4878875502764,75.405,75.405,75.47280053367795,0.06780053367795347,0.0008992113219887727,VCLT,IGLB,2025-08-21,False,4456.0,2001.0,1326.0,0.0,0.0,0.0,,,0.0,0.0,-0.0,False,False,False,0.0,,,0.0,0.0,0.0,0.0,0.0,0.0,0.0,0.0,0.0,0.0,0.0,0.0,0.0,0.0,-0.0,-0.0,-0.0,-0.0,-0.0,-0.0,0.0,-0.0,-0.0,-0.0,0.0,0.0,827.4200000000169
22.66,50.52,76.14,0.21999999999999886,0.490000000000002,0.7399999999999949,3.360105913503972,1.507125890736342,1.0,3.360324103935027,1.5083810668782758,1.0,3.3604457640041288,1.5085468606948724,1.0,76.14770101233356,76.21178740230496,76.14,0.016802228820020644,0.0075427343034743626,0.005,76.13089878351353,76.2042446680015,76.135,76.16450324115358,76.21933013660843,76.145,76.145,76.2042446680015,0.0592446680014973,0.0007781017599356095,VCLT,IGLB,2025-08-22,False,4412.0,1981.0,1313.0,0.0,0.0,0.0,,,0.0,0.0,0.0,False,False,False,-0.0,,,0.0,0.0,0.0,0.0,0.0,0.0,0.0,0.0,0.0,0.0,0.0,0.0,0.0,0.0,-0.0,-0.0,-0.0,-0.0,-0.0,-0.0,0.0,0.0,0.0,0.0,0.0,0.0,827.4200000000169
22.61,50.37,75.91,-0.05000000000000071,-0.15000000000000568,-0.23000000000000398,3.357363998230871,1.5070478459400436,1.0,3.3600370076167687,1.5082296300741092,1.0,3.360324103935027,1.5083810668782758,1.0,75.97692798997096,75.97715433865875,75.91,0.016801620519675136,0.007541905334391379,0.005,75.96012636945129,75.96961243332436,75.905,75.99372961049063,75.98469624399314,75.91499999999999,75.91499999999999,75.96961243332436,0.054612433324365384,0.0007194366134154312,VCLT,IGLB,2025-08-25,False,4426.0,1987.0,1317.0,0.0,0.0,0.0,,,0.0,0.0,-0.0,False,False,False,0.0,,,0.0,0.0,0.0,0.0,0.0,0.0,0.0,0.0,0.0,0.0,0.0,0.0,0.0,0.0,-0.0,-0.0,-0.0,-0.0,-0.0,-0.0,0.0,-0.0,-0.0,-0.0,0.0,0.0,827.4200000000169
22.59,50.35,75.88,-0.019999999999999574,-0.01999999999999602,-0.030000000000001137,3.3590084108012395,1.5070506454816284,1.0,3.359952823010423,1.5081038841497052,1.0,3.3600370076167687,1.5082296300741092,1.0,75.9032360020628,75.9393618742314,75.88,0.016800185038083844,0.007541148150370546,0.005,75.88643581702472,75.93182072608103,75.875,75.92003618710088,75.94690302238176,75.88499999999999,75.88499999999999,75.93182072608103,0.04682072608103738,0.000617036453361062,VCLT,IGLB,2025-08-26,False,4429.0,1988.0,1318.0,0.0,0.0,0.0,,,0.0,0.0,0.0,False,False,False,-0.0,,,0.0,0.0,0.0,0.0,0.0,0.0,0.0,0.0,0.0,0.0,0.0,0.0,0.0,0.0,-0.0,-0.0,-0.0,-0.0,-0.0,-0.0,0.0,-0.0,-0.0,-0.0,0.0,0.0,827.4200000000169
22.57,50.3,75.82,-0.019999999999999574,-0.05000000000000426,-0.060000000000002274,3.359326539654408,1.5073558648111332,1.0,3.3597576149641393,1.5079506353060934,1.0,3.359952823010423,1.5081038841497052,1.0,75.83413521534526,75.85762537273017,75.82,0.016799764115052115,0.007540519420748526,0.005,75.8173354512302,75.85008485330943,75.815,75.8509349794603,75.86516589215091,75.82499999999999,75.82499999999999,75.85008485330943,0.025084853309436994,0.00033084744538956735,VCLT,IGLB,2025-08-27,False,4432.0,1989.0,1319.0,0.0,0.0,0.0,,,0.0,0.0,-0.0,False,True,False,0.0,,,0.0,0.0,0.0,0.0,0.0,0.0,0.0,0.0,0.0,0.0,0.0,0.0,0.0,0.0,-0.0,-0.0,-0.0,-0.0,-0.0,-0.0,0.0,-0.0,-0.0,-0.0,0.0,0.0,827.4200000000169
22.63,50.46,76.02,0.05999999999999872,0.1600000000000037,0.20000000000000284,3.3592576226248343,1.50653983353151,1.0,3.3595670616618394,1.5077416622461433,1.0,3.3597576149641393,1.5079506353060934,1.0,76.03131482663846,76.09118905754548,76.02,0.016798788074820697,0.007539753176530467,0.005,76.01451603856364,76.08364930436895,76.015,76.04811361471329,76.09872881072201,76.02499999999999,76.02499999999999,76.08364930436895,0.05864930436895577,0.0007714983473948405,VCLT,IGLB,2025-08-28,False,4418.0,1983.0,1315.0,0.0,0.0,0.0,,,0.0,0.0,0.0,False,False,False,-0.0,,,0.0,0.0,0.0,0.0,0.0,0.0,0.0,0.0,0.0,0.0,0.0,0.0,0.0,0.0,-0.0,-0.0,-0.0,-0.0,-0.0,-0.0,0.0,0.0,0.0,0.0,0.0,0.0,827.4200000000169
22.47,50.13,75.51,-0.16000000000000014,-0.3299999999999983,-0.5099999999999909,3.360480640854473,1.5062836624775584,1.0,3.359592869115127,1.5076874662382012,1.0,3.3595670616618394,1.5077416622461433,1.0,75.48947187554153,75.58308952839917,75.51,0.016797835308309198,0.007538708311230716,0.005,75.47267404023322,75.57555082008794,75.50500000000001,75.50626971084984,75.5906282367104,75.515,75.50626971084984,75.57555082008794,0.06928110923810493,0.0009175090615561505,SPLB,IGLB,2025-08-29,False,4448.0,1996.0,1324.0,0.0,0.0,0.0,,,0.0,0.0,-0.0,False,False,False,0.0,,,0.0,0.0,0.0,0.0,0.0,0.0,0.0,0.0,0.0,0.0,0.0,0.0,0.0,0.0,-0.0,-0.0,-0.0,-0.0,-0.0,-0.0,0.0,-0.0,-0.0,-0.0,0.0,0.0,827.4200000000169
22.26,49.68,74.8,-0.2099999999999973,-0.45000000000000284,-0.710000000000008,3.360287511230907,1.5056360708534622,1.0,3.3596426429067607,1.5075770155604176,1.0,3.359592869115127,1.5076874662382012,1.0,74.78453726650274,74.90191332271384,74.8,0.016797964345575636,0.007538437331191006,0.005,74.76773930215717,74.89437488538265,74.795,74.80133523084831,74.90945176004503,74.80499999999999,74.80133523084831,74.89437488538265,0.09303965453433705,0.0012438456488547734,SPLB,IGLB,2025-09-02,True,4492.0,2016.0,1337.0,0.0,0.0,0.0,,,0.0,0.0,0.0,True,False,False,1.0,SPLB,IGLB,4492.0,-2016.0,0.0,0.0,0.0,0.0,0.0,0.0,4492.0,-2016.0,0.0,4492.0,0.0,0.0,-0.0,2016.0,-0.0,-22.46,-10.08,-0.0,-32.54,-0.0,-0.0,-0.0,0.0,-32.54,794.8800000000169
22.5,50.14,75.56,0.23999999999999844,0.46000000000000085,0.7600000000000051,3.3582222222222224,1.5069804547267651,1.0,3.3596146542826553,1.5075098670720233,1.0,3.3596426429067607,1.5075770155604176,1.0,75.59195946540211,75.58991156019934,75.56,0.016798213214533803,0.007537885077802088,0.005,75.57516125218758,75.58237367512154,75.555,75.60875767861664,75.59744944527714,75.565,75.565,75.58237367512154,0.017373675121547194,0.0002299321747160825,VCLT,IGLB,2025-09-03,False,4445.0,1995.0,1323.0,4492.0,-2016.0,0.0,SPLB,IGLB,-0.026384003495095953,-0.0003491795062876648,1.0,False,True,True,0.0,,,0.0,0.0,0.0,99991.92000000001,-100154.88,0.0,200146.80000000002,-162.95999999999185,-4492.0,2016.0,0.0,0.0,2016.0,0.0,4492.0,-0.0,-0.0,-22.46,-10.08,-0.0,-32.54,1078.0799999999929,-927.3600000000017,0.0,150.71999999999116,118.17999999999117,913.0600000000081
22.7,50.59,76.25,0.1999999999999993,0.45000000000000284,0.6899999999999977,3.3590308370044055,1.5072148645977466,1.0,3.3595732695192595,1.5074288791127106,1.0,3.3596146542826553,1.5075098670720233,1.0,76.26325265221627,76.26492417517366,76.25,0.016798073271413277,0.007537549335360117,0.005,76.24645457894485,76.25738662583831,76.245,76.28005072548768,76.27246172450901,76.255,76.255,76.25738662583831,0.002386625838312284,3.130001099425946e-05,VCLT,IGLB,2025-09-04,False,4404.0,1976.0,1311.0,0.0,0.0,0.0,,,0.0,0.0,0.0,False,True,False,0.0,,,0.0,0.0,0.0,0.0,0.0,0.0,0.0,0.0,0.0,0.0,0.0,0.0,0.0,0.0,-0.0,-0.0,-0.0,-0.0,-0.0,-0.0,0.0,0.0,0.0,0.0,0.0,0.0,913.0600000000081
22.94,51.12,77.05,0.240000000000002,0.529999999999994,0.7999999999999972,3.3587619877942454,1.5072378716744914,1.0,3.3595025193514494,1.507348690439332,1.0,3.3595732695192595,1.5074288791127106,1.0,77.06861080277181,77.05976430024177,77.05,0.016797866347596297,0.007537144395563553,0.005,77.05181293642421,77.0522271558462,77.045,77.08540866911942,77.06730144463734,77.05499999999999,77.05499999999999,77.0522271558462,-0.0027728441537959725,-3.598759446847466e-05,VCLT,IGLB,2025-09-05,False,4361.0,1957.0,1298.0,0.0,0.0,0.0,,,0.0,0.0,0.0,False,True,False,0.0,,,0.0,0.0,0.0,0.0,0.0,0.0,0.0,0.0,0.0,0.0,0.0,0.0,0.0,0.0,-0.0,-0.0,-0.0,-0.0,-0.0,-0.0,0.0,0.0,0.0,0.0,0.0,0.0,913.0600000000081
23.11,51.49,77.61,0.16999999999999815,0.37000000000000455,0.5600000000000023,3.358286456079619,1.5072829675665178,1.0,3.3594168421554307,1.5073088890869577,1.0,3.3595025193514494,1.507348690439332,1.0,77.638103222212,77.61338407072121,77.61,0.01679751259675725,0.007536743452196661,0.005,77.62130570961524,77.60584732726902,77.605,77.65490073480875,77.6209208141734,77.615,77.615,77.62130570961524,0.006305709615247679,8.124867433639581e-05,VCLT,SPLB,2025-09-08,False,4327.0,1941.0,1288.0,0.0,0.0,0.0,,,0.0,0.0,0.0,False,True,False,0.0,,,0.0,0.0,0.0,0.0,0.0,0.0,0.0,0.0,0.0,0.0,0.0,0.0,0.0,0.0,-0.0,-0.0,-0.0,-0.0,-0.0,-0.0,0.0,0.0,0.0,0.0,0.0,0.0,913.0600000000081
23.06,51.38,77.46,-0.05000000000000071,-0.10999999999999943,-0.15000000000000568,3.3590633130962706,1.5075905021409106,1.0,3.359268854305364,1.50727042056343,1.0,3.3594168421554307,1.5073088890869577,1.0,77.46815238010423,77.4455307212879,77.46,0.016797084210777153,0.007536544445434789,0.005,77.45135529589345,77.43799417684247,77.455,77.48494946431501,77.45306726573332,77.46499999999999,77.45306726573332,77.455,0.0019327342666741743,2.4951384800854303e-05,IGLB,VCLT,2025-09-09,False,4337.0,1946.0,1291.0,0.0,0.0,0.0,,,0.0,0.0,0.0,False,True,False,0.0,,,0.0,0.0,0.0,0.0,0.0,0.0,0.0,0.0,0.0,0.0,0.0,0.0,0.0,0.0,-0.0,-0.0,-0.0,-0.0,-0.0,-0.0,0.0,-0.0,-0.0,-0.0,0.0,0.0,913.0600000000081
23.16,51.6,77.8,0.10000000000000142,0.21999999999999886,0.3400000000000034,3.3592400690846285,1.5077519379844961,1.0,3.359204250220793,1.5072400238320818,1.0,3.359268854305364,1.50727042056343,1.0,77.80066666571223,77.775153701073,77.8,0.01679634427152682,0.00753635210281715,0.005,77.7838703214407,77.76761734897018,77.795,77.81746300998375,77.78269005317581,77.80499999999999,77.78269005317581,77.795,0.012309946824188955,0.0001582255375859763,IGLB,VCLT,2025-09-10,False,4317.0,1937.0,1285.0,0.0,0.0,0.0,,,0.0,0.0,0.0,False,True,False,0.0,,,0.0,0.0,0.0,0.0,0.0,0.0,0.0,0.0,0.0,0.0,0.0,0.0,0.0,0.0,-0.0,-0.0,-0.0,-0.0,-0.0,-0.0,0.0,0.0,0.0,0.0,0.0,0.0,913.0600000000081
23.34,51.99,78.39,0.17999999999999972,0.39000000000000057,0.5900000000000034,3.358611825192802,1.5077899596076167,1.0,3.3592289901825887,1.5072493124504243,1.0,3.359204250220793,1.5072400238320818,1.0,78.40382720015332,78.36140883902993,78.39,0.016796021251103965,0.007536200119160409,0.005,78.3870311789022,78.35387263891077,78.385,78.42062322140443,78.3689450391491,78.395,78.3689450391491,78.3870311789022,0.01808613975310891,0.00023071998664509388,IGLB,SPLB,2025-09-11,False,4286.0,1923.0,1276.0,0.0,0.0,0.0,,,0.0,0.0,0.0,False,True,False,0.0,,,0.0,0.0,0.0,0.0,0.0,0.0,0.0,0.0,0.0,0.0,0.0,0.0,0.0,0.0,-0.0,-0.0,-0.0,-0.0,-0.0,-0.0,0.0,0.0,0.0,0.0,0.0,0.0,913.0600000000081
23.28,51.84,78.16,-0.05999999999999872,-0.14999999999999858,-0.23000000000000398,3.3573883161512024,1.507716049382716,1.0,3.3591054793765323,1.5072382895227345,1.0,3.3592289901825887,1.5072493124504243,1.0,78.20285089145067,78.13580435743,78.16,0.016796144950912945,0.0075362465622521215,0.005,78.18605474649975,78.12826811086775,78.155,78.21964703640158,78.14334060399226,78.16499999999999,78.14334060399226,78.18605474649975,0.04271414250749217,0.0005464961938010769,IGLB,SPLB,2025-09-12,False,4296.0,1928.0,1279.0,0.0,0.0,0.0,,,0.0,0.0,0.0,False,False,False,-0.0,,,0.0,0.0,0.0,0.0,0.0,0.0,0.0,0.0,0.0,0.0,0.0,0.0,0.0,0.0,-0.0,-0.0,-0.0,-0.0,-0.0,-0.0,0.0,-0.0,-0.0,-0.0,0.0,0.0,913.0600000000081
23.38,52.08,78.51,0.09999999999999787,0.23999999999999488,0.3500000000000085,3.357998289136014,1.507488479262673,1.0,3.358978786294531,1.5072097284112413,1.0,3.3591054793765323,1.5072382895227345,1.0,78.53588610782332,78.49697011834401,78.51,0.016795527396882663,0.007536191447613673,0.005,78.51909058042644,78.4894339268964,78.50500000000001,78.5526816352202,78.50450630979162,78.515,78.50450630979162,78.51909058042644,0.014584270634813379,0.0001857632229628503,IGLB,SPLB,2025-09-15,False,4280.0,1920.0,1274.0,0.0,0.0,0.0,,,0.0,0.0,-0.0,False,True,False,0.0,,,0.0,0.0,0.0,0.0,0.0,0.0,0.0,0.0,0.0,0.0,0.0,0.0,0.0,0.0,-0.0,-0.0,-0.0,-0.0,-0.0,-0.0,0.0,0.0,0.0,0.0,0.0,0.0,913.0600000000081
23.35,52.01,78.42,-0.029999999999997584,-0.07000000000000028,-0.09000000000000341,3.358458244111349,1.507786964045376,1.0,3.3589603912524324,1.5072248998024944,1.0,3.358978786294531,1.5072097284112413,1.0,78.4321546599773,78.38997797466865,78.42,0.016794893931472654,0.007536048642056207,0.005,78.41535976604582,78.3824419260266,78.415,78.44894955390878,78.3975140233107,78.425,78.3975140233107,78.41535976604582,0.017845742735119074,0.00022756621697422945,IGLB,SPLB,2025-09-16,False,4283.0,1922.0,1275.0,0.0,0.0,0.0,,,0.0,0.0,0.0,False,True,False,0.0,,,0.0,0.0,0.0,0.0,0.0,0.0,0.0,0.0,0.0,0.0,0.0,0.0,0.0,0.0,-0.0,-0.0,-0.0,-0.0,-0.0,-0.0,0.0,-0.0,-0.0,-0.0,0.0,0.0,913.0600000000081
23.3,51.89,78.25,-0.05000000000000071,-0.11999999999999744,-0.1700000000000017,3.3583690987124464,1.507997687415687,1.0,3.3589187574962587,1.5072366472306036,1.0,3.3589603912524324,1.5072248998024944,1.0,78.26377711618167,78.20990005075143,78.25,0.01679480195626216,0.007536124499012472,0.005,78.2469823142254,78.20236392625242,78.245,78.28057191813794,78.21743617525044,78.255,78.21743617525044,78.2469823142254,0.02954613897496472,0.000377586440574629,IGLB,SPLB,2025-09-17,False,4293.0,1926.0,1278.0,0.0,0.0,0.0,,,0.0,0.0,0.0,False,True,False,0.0,,,0.0,0.0,0.0,0.0,0.0,0.0,0.0,0.0,0.0,0.0,0.0,0.0,0.0,0.0,-0.0,-0.0,-0.0,-0.0,-0.0,-0.0,0.0,-0.0,-0.0,-0.0,0.0,0.0,913.0600000000081
23.19,51.68,77.89,-0.10999999999999943,-0.21000000000000085,-0.35999999999999943,3.358775334195774,1.5071594427244581,1.0,3.358905396546473,1.5072066368757802,1.0,3.3589187574962587,1.5072366472306036,1.0,77.89332598633824,77.89398992887759,77.89,0.016794593787481295,0.007536183236153018,0.005,77.87653139255076,77.88645374564143,77.885,77.91012058012572,77.90152611211374,77.895,77.895,77.88645374564143,-0.008546254358563488,-0.00010972209986600959,VCLT,IGLB,2025-09-18,False,4313.0,1935.0,1284.0,0.0,0.0,0.0,,,0.0,0.0,0.0,False,True,False,0.0,,,0.0,0.0,0.0,0.0,0.0,0.0,0.0,0.0,0.0,0.0,0.0,0.0,0.0,0.0,-0.0,-0.0,-0.0,-0.0,-0.0,-0.0,0.0,-0.0,-0.0,-0.0,0.0,0.0,913.0600000000081
23.16,51.6,77.8,-0.030000000000001137,-0.0799999999999983,-0.09000000000000341,3.3592400690846285,1.5077519379844961,1.0,3.3588638349383153,1.5072394466472814,1.0,3.358905396546473,1.5072066368757802,1.0,77.79224898401631,77.77186246279025,77.8,0.016794526982732365,0.007536033184378901,0.005,77.77545445703358,77.76432642960587,77.795,77.80904351099905,77.77939849597463,77.80499999999999,77.77939849597463,77.795,0.015601504025369195,0.00020053347076310021,IGLB,VCLT,2025-09-19,False,4316.0,1937.0,1285.0,0.0,0.0,0.0,,,0.0,0.0,0.0,False,True,False,0.0,,,0.0,0.0,0.0,0.0,0.0,0.0,0.0,0.0,0.0,0.0,0.0,0.0,0.0,0.0,-0.0,-0.0,-0.0,-0.0,-0.0,-0.0,0.0,-0.0,-0.0,-0.0,0.0,0.0,913.0600000000081
23.08,51.42,77.5,-0.08000000000000185,-0.17999999999999972,-0.29999999999999716,3.3578856152513,1.5071956437183975,1.0,3.358752820025682,1.5072429342963845,1.0,3.3588638349383153,1.5072394466472814,1.0,77.5225773103763,77.50225234660321,77.5,0.016794319174691576,0.007536197233236407,0.005,77.50578299120161,77.49471614936998,77.495,77.539371629551,77.50978854383645,77.505,77.505,77.50578299120161,0.0007829912016177332,1.0103112278938493e-05,VCLT,SPLB,2025-09-22,False,4333.0,1944.0,1290.0,0.0,0.0,0.0,,,0.0,0.0,0.0,False,True,False,0.0,,,0.0,0.0,0.0,0.0,0.0,0.0,0.0,0.0,0.0,0.0,0.0,0.0,0.0,0.0,-0.0,-0.0,-0.0,-0.0,-0.0,-0.0,0.0,-0.0,-0.0,-0.0,0.0,0.0,913.0600000000081
23.14,51.6,77.75,0.060000000000002274,0.17999999999999972,0.25,3.359982713915298,1.5067829457364341,1.0,3.3588837558099036,1.5072296892862038,1.0,3.358752820025682,1.5072429342963845,1.0,77.72154025539429,77.77373540969344,77.75,0.01679376410012841,0.007536214671481922,0.005,77.70474649129416,77.76619919502197,77.745,77.73833401949442,77.78127162436492,77.755,77.73833401949442,77.76619919502197,0.027865175527551855,0.00035839454054729074,SPLB,IGLB,2025-09-23,False,4319.0,1938.0,1286.0,0.0,0.0,0.0,,,0.0,0.0,0.0,False,True,False,0.0,,,0.0,0.0,0.0,0.0,0.0,0.0,0.0,0.0,0.0,0.0,0.0,0.0,0.0,0.0,-0.0,-0.0,-0.0,-0.0,-0.0,-0.0,0.0,0.0,0.0,0.0,0.0,0.0,913.0600000000081
23.02,51.33,77.34,-0.120000000000001,-0.2700000000000031,-0.4099999999999966,3.359687228496959,1.506721215663355,1.0,3.3589176966946894,1.50721321779529,1.0,3.3588837558099036,1.5072296892862038,1.0,77.32150405874398,77.36609995106085,77.34,0.016794418779049518,0.007536148446431019,0.005,77.30470963996494,77.35856380261441,77.33500000000001,77.33829847752303,77.37363609950728,77.345,77.33829847752303,77.35856380261441,0.0202653250913869,0.0002620290288516537,SPLB,IGLB,2025-09-24,False,4343.0,1949.0,1293.0,0.0,0.0,0.0,,,0.0,0.0,0.0,False,True,False,0.0,,,0.0,0.0,0.0,0.0,0.0,0.0,0.0,0.0,0.0,0.0,0.0,0.0,0.0,0.0,-0.0,-0.0,-0.0,-0.0,-0.0,-0.0,0.0,-0.0,-0.0,-0.0,0.0,0.0,913.0600000000081
22.99,51.24,77.21,-0.030000000000001137,-0.0899999999999963,-0.13000000000000966,3.3584167029143104,1.506830601092896,1.0,3.358872204857685,1.5071869546093783,1.0,3.3589176966946894,1.50721321779529,1.0,77.2215178470109,77.22960527983066,77.21,0.016794588483473448,0.00753606608897645,0.005,77.20472325852742,77.22206921374169,77.205,77.23831243549438,77.23714134591964,77.21499999999999,77.21499999999999,77.22206921374169,0.007069213741701219,9.155826630878409e-05,VCLT,IGLB,2025-09-25,False,4350.0,1952.0,1295.0,0.0,0.0,0.0,,,0.0,0.0,0.0,False,True,False,0.0,,,0.0,0.0,0.0,0.0,0.0,0.0,0.0,0.0,0.0,0.0,0.0,0.0,0.0,0.0,-0.0,-0.0,-0.0,-0.0,-0.0,-0.0,0.0,-0.0,-0.0,-0.0,0.0,0.0,913.0600000000081
23.03,51.33,77.34,0.0400000000000027,0.0899999999999963,0.13000000000000966,3.3582283977420757,1.506721215663355,1.0,3.3588207436135464,1.5071960237159705,1.0,3.358872204857685,1.5071869546093783,1.0,77.35482687787248,77.3639063800994,77.34,0.016794361024288426,0.007535934773046892,0.005,77.3380325168482,77.35637044532635,77.33500000000001,77.37162123889676,77.37144231487244,77.345,77.345,77.35637044532635,0.011370445326349454,0.0001470189465522298,VCLT,IGLB,2025-09-26,False,4343.0,1949.0,1293.0,0.0,0.0,0.0,,,0.0,0.0,0.0,False,True,False,0.0,,,0.0,0.0,0.0,0.0,0.0,0.0,0.0,0.0,0.0,0.0,0.0,0.0,0.0,0.0,-0.0,-0.0,-0.0,-0.0,-0.0,-0.0,0.0,0.0,0.0,0.0,0.0,0.0,913.0600000000081
23.16,51.62,77.82,0.129999999999999,0.28999999999999915,0.47999999999998977,3.3601036269430047,1.5075552111584656,1.0,3.358801892917973,1.507259601150016,1.0,3.3588207436135464,1.5071960237159705,1.0,77.79028842208973,77.8014587442184,77.82,0.01679410371806773,0.007535980118579853,0.005,77.77349431837166,77.79392276409982,77.815,77.8070825258078,77.80899472433697,77.82499999999999,77.8070825258078,77.815,0.00791747419219746,0.00010174086600099539,SPLB,VCLT,2025-09-29,False,4316.0,1937.0,1285.0,0.0,0.0,0.0,,,0.0,0.0,0.0,False,True,False,0.0,,,0.0,0.0,0.0,0.0,0.0,0.0,0.0,0.0,0.0,0.0,0.0,0.0,0.0,0.0,-0.0,-0.0,-0.0,-0.0,-0.0,-0.0,0.0,0.0,0.0,0.0,0.0,0.0,913.0600000000081
23.12,51.54,77.65,-0.03999999999999915,-0.0799999999999983,-0.1699999999999875,3.3585640138408306,1.5065968180054328,1.0,3.3587157180484697,1.5073076385076143,1.0,3.358801892917973,1.507259601150016,1.0,77.65549976426354,77.68415984327181,77.65,0.016794009464589865,0.0075362980057500795,0.005,77.63870575479895,77.67662354526607,77.64500000000001,77.67229377372813,77.69169614127756,77.655,77.655,77.67662354526607,0.021623545266066913,0.00027847450439236204,VCLT,IGLB,2025-09-30,False,4326.0,1941.0,1288.0,0.0,0.0,0.0,,,0.0,0.0,0.0,False,True,False,0.0,,,0.0,0.0,0.0,0.0,0.0,0.0,0.0,0.0,0.0,0.0,0.0,0.0,0.0,0.0,-0.0,-0.0,-0.0,-0.0,-0.0,-0.0,0.0,-0.0,-0.0,-0.0,0.0,0.0,913.0600000000081
23.11,51.51,77.63,-0.010000000000001563,-0.030000000000001137,-0.020000000000010232,3.3591518823020334,1.507086002717919,1.0,3.3587622010524596,1.507312915907172,1.0,3.3587157180484697,1.5073076385076143,1.0,77.61992024410013,77.6414164595272,77.63,0.016793578590242348,0.007536538192538072,0.005,77.60312666550989,77.63387992133467,77.625,77.63671382269037,77.64895299771975,77.63499999999999,77.63499999999999,77.63387992133467,-0.0011200786653233763,-1.442842541959779e-05,VCLT,IGLB,2025-10-01,True,4326.0,1941.0,1288.0,0.0,0.0,0.0,,,0.0,0.0,0.0,False,True,False,0.0,,,0.0,0.0,0.0,0.0,0.0,0.0,0.0,0.0,0.0,0.0,0.0,0.0,0.0,0.0,-0.0,-0.0,-0.0,-0.0,-0.0,-0.0,0.0,-0.0,-0.0,-0.0,0.0,0.0,913.0600000000081
23.17,51.65,77.85,0.060000000000002274,0.14000000000000057,0.21999999999999886,3.3599482088908066,1.5072604065827686,1.0,3.3588080696467797,1.507315193006423,1.0,3.3587622010524596,1.507312915907172,1.0,77.82252019838549,77.85271210660544,77.85,0.0167938110052623,0.00753656457953586,0.005,77.80572638738023,77.8451755420259,77.845,77.83931400939075,77.86024867118498,77.85499999999999,77.83931400939075,77.8451755420259,0.005861532635151434,7.529264785037167e-05,SPLB,IGLB,2025-10-02,False,4316.0,1937.0,1285.0,0.0,0.0,0.0,,,0.0,0.0,0.0,False,True,True,0.0,,,0.0,0.0,0.0,0.0,0.0,0.0,0.0,0.0,0.0,0.0,0.0,0.0,0.0,0.0,-0.0,-0.0,-0.0,-0.0,-0.0,-0.0,0.0,0.0,0.0,0.0,0.0,0.0,913.0600000000081
23.14,51.59,77.77,-0.030000000000001137,-0.05999999999999517,-0.0799999999999983,3.360847018150389,1.507462686567164,1.0,3.358912321164587,1.5073264337510568,1.0,3.3588080696467797,1.507315193006423,1.0,77.72281873162649,77.76239080720137,77.77,0.0167940403482339,0.007536575965032115,0.005,77.70602469127826,77.75485423123634,77.765,77.73961277197472,77.7699273831664,77.77499999999999,77.73961277197472,77.765,0.025387228025280706,0.0003264398614540402,SPLB,VCLT,2025-10-03,False,4319.0,1938.0,1286.0,0.0,0.0,0.0,,,0.0,0.0,0.0,False,True,False,0.0,,,0.0,0.0,0.0,0.0,0.0,0.0,0.0,0.0,0.0,0.0,0.0,0.0,0.0,0.0,-0.0,-0.0,-0.0,-0.0,-0.0,-0.0,0.0,-0.0,-0.0,-0.0,0.0,0.0,913.0600000000081
23.02,51.32,77.34,-0.120000000000001,-0.2700000000000031,-0.4299999999999926,3.359687228496959,1.5070148090413096,1.0,3.358982359785454,1.5073130258247964,1.0,3.358912321164587,1.5073264337510568,1.0,77.3221616332088,77.35599258010423,77.34,0.016794561605822936,0.007536632168755284,0.005,77.30536707160297,77.34845594793548,77.33500000000001,77.33895619481461,77.36352921227298,77.345,77.33895619481461,77.34845594793548,0.009499753120863375,0.00012283104630027636,SPLB,IGLB,2025-10-06,False,4343.0,1949.0,1293.0,0.0,0.0,0.0,,,0.0,0.0,0.0,False,True,False,0.0,,,0.0,0.0,0.0,0.0,0.0,0.0,0.0,0.0,0.0,0.0,0.0,0.0,0.0,0.0,-0.0,-0.0,-0.0,-0.0,-0.0,-0.0,0.0,-0.0,-0.0,-0.0,0.0,0.0,913.0600000000081
23.08,51.44,77.51,0.05999999999999872,0.11999999999999744,0.1700000000000017,3.3583188908145587,1.506804043545879,1.0,3.3589451386713685,1.507273702895045,1.0,3.358982359785454,1.5073130258247964,1.0,77.52531286384827,77.53618204842752,77.51,0.01679491179892727,0.007536565129123983,0.005,77.50851795204935,77.52864548329839,77.50500000000001,77.5421077756472,77.54371861355665,77.515,77.515,77.52864548329839,0.013645483298390104,0.0001760480363616321,VCLT,IGLB,2025-10-07,False,4333.0,1944.0,1290.0,0.0,0.0,0.0,,,0.0,0.0,0.0,False,True,False,0.0,,,0.0,0.0,0.0,0.0,0.0,0.0,0.0,0.0,0.0,0.0,0.0,0.0,0.0,0.0,-0.0,-0.0,-0.0,-0.0,-0.0,-0.0,0.0,0.0,0.0,0.0,0.0,0.0,913.0600000000081
23.06,51.41,77.47,-0.019999999999999574,-0.030000000000001137,-0.04000000000000625,3.35949696444059,1.506905271347987,1.0,3.3589579834391663,1.5072313695632193,1.0,3.3589451386713685,1.507273702895045,1.0,77.45727489776175,77.48894106583425,77.47,0.016794725693356844,0.0075363685144752245,0.005,77.44048017206839,77.48140469731977,77.465,77.47406962345511,77.49647743434873,77.475,77.47406962345511,77.48140469731977,0.007335073864666697,9.46827657759997e-05,SPLB,IGLB,2025-10-08,False,4336.0,1946.0,1291.0,0.0,0.0,0.0,,,0.0,0.0,0.0,False,True,False,0.0,,,0.0,0.0,0.0,0.0,0.0,0.0,0.0,0.0,0.0,0.0,0.0,0.0,0.0,0.0,-0.0,-0.0,-0.0,-0.0,-0.0,-0.0,0.0,-0.0,-0.0,-0.0,0.0,0.0,913.0600000000081
23.0,51.27,77.26,-0.05999999999999872,-0.13999999999999346,-0.20999999999999375,3.359130434782609,1.506924127169885,1.0,3.3589839139186566,1.5071880779413327,1.0,3.3589579834391663,1.5072313695632193,1.0,77.25603361910082,77.27575231750626,77.26,0.01679478991719583,0.007536156847816097,0.005,77.23923882918362,77.26821616065844,77.25500000000001,77.27282840901802,77.28328847435408,77.265,77.265,77.26821616065844,0.0032161606584395486,4.162775897540187e-05,VCLT,IGLB,2025-10-09,False,4346.0,1950.0,1294.0,0.0,0.0,0.0,,,0.0,0.0,0.0,False,True,False,0.0,,,0.0,0.0,0.0,0.0,0.0,0.0,0.0,0.0,0.0,0.0,0.0,0.0,0.0,0.0,-0.0,-0.0,-0.0,-0.0,-0.0,-0.0,0.0,-0.0,-0.0,-0.0,0.0,0.0,913.0600000000081
23.11,51.52,77.59,0.10999999999999943,0.25,0.3299999999999983,3.3574210298572047,1.5060170807453417,1.0,3.3589855496039567,1.507103129509464,1.0,3.3589839139186566,1.5071880779413327,1.0,77.62611825066016,77.65032977553747,77.59,0.016794919569593284,0.007535940389706663,0.005,77.60932333109056,77.64279383514777,77.58500000000001,77.64291317022975,77.65786571592717,77.595,77.595,77.64279383514777,0.0477938351477718,0.0006159793162491533,VCLT,IGLB,2025-10-10,False,4330.0,1943.0,1289.0,0.0,0.0,0.0,,,0.0,0.0,0.0,False,False,False,-0.0,,,0.0,0.0,0.0,0.0,0.0,0.0,0.0,0.0,0.0,0.0,0.0,0.0,0.0,0.0,-0.0,-0.0,-0.0,-0.0,-0.0,-0.0,0.0,0.0,0.0,0.0,0.0,0.0,913.0600000000081
23.22,51.74,77.93,0.10999999999999943,0.21999999999999886,0.3400000000000034,3.3561584840654612,1.5061847700038655,1.0,3.3588935593504297,1.5070379440465236,1.0,3.3589855496039567,1.507103129509464,1.0,77.99564446180388,77.97751592081967,77.93,0.016794927748019783,0.00753551564754732,0.005,77.97884953405585,77.96998040517212,77.92500000000001,78.0124393895519,77.98505143646722,77.935,77.935,77.97884953405585,0.04384953405585179,0.0005626784814044885,VCLT,SPLB,2025-10-13,False,4310.0,1934.0,1283.0,0.0,0.0,0.0,,,0.0,0.0,-0.0,False,False,False,0.0,,,0.0,0.0,0.0,0.0,0.0,0.0,0.0,0.0,0.0,0.0,0.0,0.0,0.0,0.0,-0.0,-0.0,-0.0,-0.0,-0.0,-0.0,0.0,0.0,0.0,0.0,0.0,0.0,913.0600000000081
23.31,51.96,78.3,0.08999999999999986,0.21999999999999886,0.36999999999999034,3.359073359073359,1.5069284064665127,1.0,3.3589243150985304,1.5069950161675805,1.0,3.3588935593504297,1.5070379440465236,1.0,78.29580886845851,78.30569157265737,78.3,0.016794467796752147,0.007535189720232618,0.005,78.27901440066175,78.29815638293714,78.295,78.31260333625526,78.3132267623776,78.30499999999999,78.30499999999999,78.29815638293714,-0.006843617062855856,-8.740251676699688e-05,VCLT,IGLB,2025-10-14,False,4289.0,1924.0,1277.0,0.0,0.0,0.0,,,0.0,0.0,0.0,False,True,False,0.0,,,0.0,0.0,0.0,0.0,0.0,0.0,0.0,0.0,0.0,0.0,0.0,0.0,0.0,0.0,-0.0,-0.0,-0.0,-0.0,-0.0,-0.0,0.0,0.0,0.0,0.0,0.0,0.0,913.0600000000081
23.3,51.96,78.31,-0.00999999999999801,0.0,0.010000000000005116,3.360944206008584,1.5071208622016936,1.0,3.359053070463337,1.5069511749068807,1.0,3.3589243150985304,1.5069950161675805,1.0,78.26293654179577,78.30346104006749,78.31,0.016794621575492653,0.0075349750808379025,0.005,78.24614192022027,78.29592606498665,78.305,78.27973116337127,78.31099601514833,78.315,78.27973116337127,78.305,0.025268836628740132,0.0003226770096889303,SPLB,VCLT,2025-10-15,False,4289.0,1924.0,1277.0,0.0,0.0,0.0,,,0.0,0.0,0.0,False,True,False,0.0,,,0.0,0.0,0.0,0.0,0.0,0.0,0.0,0.0,0.0,0.0,0.0,0.0,0.0,0.0,-0.0,-0.0,-0.0,-0.0,-0.0,-0.0,0.0,-0.0,0.0,0.0,0.0,0.0,913.0600000000081
23.38,52.12,78.56,0.0799999999999983,0.1599999999999966,0.25,3.360136869118905,1.5072908672294705,1.0,3.3591211472094935,1.5069577461321315,1.0,3.359053070463337,1.5069511749068807,1.0,78.53466078743281,78.54229523614661,78.56,0.016795265352316683,0.007534755874534404,0.005,78.5178655220805,78.53476048027208,78.555,78.55145605278513,78.54982999202115,78.565,78.54982999202115,78.555,0.00517000797886169,6.580967386534739e-05,IGLB,VCLT,2025-10-16,False,4276.0,1918.0,1273.0,0.0,0.0,0.0,,,0.0,0.0,0.0,False,True,False,0.0,,,0.0,0.0,0.0,0.0,0.0,0.0,0.0,0.0,0.0,0.0,0.0,0.0,0.0,0.0,-0.0,-0.0,-0.0,-0.0,-0.0,-0.0,0.0,0.0,0.0,0.0,0.0,0.0,913.0600000000081
23.36,52.07,78.48,-0.019999999999999574,-0.04999999999999716,-0.0799999999999983,3.359589041095891,1.50720184367198,1.0,3.359138595810056,1.5069302414165056,1.0,3.3591211472094935,1.5069577461321315,1.0,78.46906999881377,78.46728984110008,78.48,0.016795605736047468,0.007534788730660658,0.005,78.45227439307772,78.45975505236942,78.47500000000001,78.48586560454982,78.47482462983075,78.485,78.47482462983075,78.47500000000001,0.00017537016925928128,2.234584215842014e-06,IGLB,VCLT,2025-10-17,False,4280.0,1920.0,1274.0,0.0,0.0,0.0,,,0.0,0.0,0.0,False,True,False,0.0,,,0.0,0.0,0.0,0.0,0.0,0.0,0.0,0.0,0.0,0.0,0.0,0.0,0.0,0.0,-0.0,-0.0,-0.0,-0.0,-0.0,-0.0,0.0,-0.0,-0.0,-0.0,0.0,0.0,913.0600000000081
23.46,52.29,78.78,0.10000000000000142,0.21999999999999886,0.29999999999999716,3.3580562659846547,1.5065978198508319,1.0,3.3591471283467245,1.5069003502231273,1.0,3.359138595810056,1.5069302414165056,1.0,78.80539145770392,78.79738232366907,78.78,0.016795692979050283,0.007534651207082528,0.005,78.78859576472487,78.78984767246199,78.775,78.82218715068296,78.80491697487615,78.785,78.785,78.78984767246199,0.004847672461991692,6.153430390951627e-05,VCLT,IGLB,2025-10-20,False,4263.0,1912.0,1269.0,0.0,0.0,0.0,,,0.0,0.0,0.0,False,True,False,0.0,,,0.0,0.0,0.0,0.0,0.0,0.0,0.0,0.0,0.0,0.0,0.0,0.0,0.0,0.0,-0.0,-0.0,-0.0,-0.0,-0.0,-0.0,0.0,0.0,0.0,0.0,0.0,0.0,913.0600000000081
23.49,52.35,78.88,0.029999999999997584,0.060000000000002274,0.09999999999999432,3.3580246913580245,1.5067812798471822,1.0,3.3590492272188603,1.5069002669286646,1.0,3.3591471283467245,1.5069003502231273,1.0,78.90636604486455,78.88623333418072,78.88,0.016795735641733624,0.007534501751115637,0.005,78.88957030922282,78.8786988324296,78.875,78.92316178050629,78.89376783593183,78.88499999999999,78.88499999999999,78.88957030922282,0.004570309222827973,5.7940025644370854e-05,VCLT,SPLB,2025-10-21,False,4259.0,1911.0,1268.0,0.0,0.0,0.0,,,0.0,0.0,0.0,False,True,False,0.0,,,0.0,0.0,0.0,0.0,0.0,0.0,0.0,0.0,0.0,0.0,0.0,0.0,0.0,0.0,-0.0,-0.0,-0.0,-0.0,-0.0,-0.0,0.0,0.0,0.0,0.0,0.0,0.0,913.0600000000081
23.52,52.42,78.98,0.030000000000001137,0.07000000000000028,0.10000000000000853,3.357993197278912,1.5066768409004196,1.0,3.358964525657958,1.506898048190518,1.0,3.3590492272188603,1.5069002669286646,1.0,79.00483782418759,78.9917119924006,78.98,0.016795246136094302,0.007534501334643323,0.005,78.98804257805149,78.98417749106595,78.97500000000001,79.02163307032369,78.99924649373524,78.985,78.985,78.98804257805149,0.0030425780514917733,3.8523398980650456e-05,VCLT,SPLB,2025-10-22,False,4253.0,1908.0,1266.0,0.0,0.0,0.0,,,0.0,0.0,0.0,False,True,False,0.0,,,0.0,0.0,0.0,0.0,0.0,0.0,0.0,0.0,0.0,0.0,0.0,0.0,0.0,0.0,-0.0,-0.0,-0.0,-0.0,-0.0,-0.0,0.0,0.0,0.0,0.0,0.0,0.0,913.0600000000081
23.47,52.32,78.83,-0.05000000000000071,-0.10000000000000142,-0.15000000000000568,3.3587558585428208,1.506689602446483,1.0,3.3589814834393836,1.5068909982581973,1.0,3.358964525657958,1.506898048190518,1.0,78.83489741719227,78.84090588132791,78.83,0.01679482262828979,0.007534490240952591,0.005,78.81810259456398,78.83337139108696,78.825,78.85169223982055,78.84844037156887,78.835,78.835,78.83337139108696,-0.0016286089130375103,-2.065976040894977e-05,VCLT,IGLB,2025-10-23,False,4263.0,1912.0,1269.0,0.0,0.0,0.0,,,0.0,0.0,0.0,False,True,False,0.0,,,0.0,0.0,0.0,0.0,0.0,0.0,0.0,0.0,0.0,0.0,0.0,0.0,0.0,0.0,-0.0,-0.0,-0.0,-0.0,-0.0,-0.0,0.0,-0.0,-0.0,-0.0,0.0,0.0,913.0600000000081
23.51,52.4,78.95,0.0400000000000027,0.0799999999999983,0.12000000000000455,3.35814547001276,1.5066793893129773,1.0,3.358977337052918,1.5068889069406786,1.0,3.3589814834393836,1.5068909982581973,1.0,78.96965467565991,78.96108830872953,78.95,0.016794907417196917,0.007534454991290986,0.005,78.95285976824272,78.95355385373824,78.94500000000001,78.9864495830771,78.96862276372082,78.955,78.955,78.95355385373824,-0.0014461462617560983,-1.8317242074174773e-05,VCLT,IGLB,2025-10-24,False,4256.0,1909.0,1267.0,0.0,0.0,0.0,,,0.0,0.0,0.0,False,True,False,0.0,,,0.0,0.0,0.0,0.0,0.0,0.0,0.0,0.0,0.0,0.0,0.0,0.0,0.0,0.0,-0.0,-0.0,-0.0,-0.0,-0.0,-0.0,0.0,0.0,0.0,0.0,0.0,0.0,913.0600000000081
23.59,52.57,79.21,0.0799999999999983,0.1700000000000017,0.2599999999999909,3.357778719796524,1.506752900894046,1.0,3.3588610916955934,1.5068487914274575,1.0,3.358977337052918,1.5068889069406786,1.0,79.23827538107834,79.21714983787147,79.21,0.01679488668526459,0.007534444534703393,0.005,79.22148049439308,79.20961539333678,79.205,79.2550702677636,79.22468428240617,79.21499999999999,79.21499999999999,79.22148049439308,0.006480494393088065,8.18140940927669e-05,VCLT,SPLB,2025-10-27,False,4239.0,1902.0,1262.0,0.0,0.0,0.0,,,0.0,0.0,0.0,False,True,False,0.0,,,0.0,0.0,0.0,0.0,0.0,0.0,0.0,0.0,0.0,0.0,0.0,0.0,0.0,0.0,-0.0,-0.0,-0.0,-0.0,-0.0,-0.0,0.0,0.0,0.0,0.0,0.0,0.0,913.0600000000081
23.58,52.58,79.22,-0.010000000000001563,0.00999999999999801,0.010000000000005116,3.359626802374894,1.506656523392925,1.0,3.3589142311222973,1.506851776696832,1.0,3.3588610916955934,1.5068487914274575,1.0,79.20194454218209,79.23010945325572,79.22,0.016794305458477966,0.007534243957137288,0.005,79.18515023672362,79.22257520929858,79.215,79.21873884764057,79.23764369721286,79.225,79.21873884764057,79.22257520929858,0.00383636165801704,4.8426680863633425e-05,SPLB,IGLB,2025-10-28,False,4239.0,1902.0,1262.0,0.0,0.0,0.0,,,0.0,0.0,0.0,False,True,False,0.0,,,0.0,0.0,0.0,0.0,0.0,0.0,0.0,0.0,0.0,0.0,0.0,0.0,0.0,0.0,-0.0,-0.0,-0.0,-0.0,-0.0,-0.0,0.0,-0.0,0.0,0.0,0.0,0.0,913.0600000000081
23.41,52.2,78.64,-0.16999999999999815,-0.37999999999999545,-0.5799999999999983,3.359248184536523,1.5065134099616857,1.0,3.3589190462340213,1.5068231470590203,1.0,3.3589142311222973,1.506851776696832,1.0,78.63218215057297,78.65766274357463,78.64,0.016794571155611487,0.007534258883484159,0.005,78.61538757941736,78.65012848469115,78.635,78.64897672172859,78.66519700245811,78.645,78.645,78.65012848469115,0.005128484691155677,6.521470868712712e-05,VCLT,IGLB,2025-10-29,False,4273.0,1917.0,1272.0,0.0,0.0,0.0,,,0.0,0.0,0.0,False,True,False,0.0,,,0.0,0.0,0.0,0.0,0.0,0.0,0.0,0.0,0.0,0.0,0.0,0.0,0.0,0.0,-0.0,-0.0,-0.0,-0.0,-0.0,-0.0,0.0,-0.0,-0.0,-0.0,0.0,0.0,913.0600000000081
23.21,51.79,77.97,-0.1999999999999993,-0.4100000000000037,-0.6700000000000017,3.3593278759155534,1.5055029928557637,1.0,3.358888029585259,1.5067352763726702,1.0,3.3589190462340213,1.5068231470590203,1.0,77.96051106309163,78.03837078618666,77.97,0.016794595231170106,0.007534115735295102,0.005,77.94371646786045,78.03083667045136,77.965,77.9773056583228,78.04590490192196,77.975,77.975,78.03083667045136,0.055836670451370196,0.000716130184062719,VCLT,IGLB,2025-10-30,False,4309.0,1933.0,1283.0,0.0,0.0,0.0,,,0.0,0.0,0.0,False,False,False,-0.0,,,0.0,0.0,0.0,0.0,0.0,0.0,0.0,0.0,0.0,0.0,0.0,0.0,0.0,0.0,-0.0,-0.0,-0.0,-0.0,-0.0,-0.0,0.0,-0.0,-0.0,-0.0,0.0,0.0,913.0600000000081
23.05,51.43,77.42,-0.16000000000000014,-0.35999999999999943,-0.5499999999999972,3.3587852494577004,1.5053470736923975,1.0,3.358784941150625,1.5066294957289317,1.0,3.358888029585259,1.5067352763726702,1.0,77.42236908194022,77.49139526384643,77.42,0.016794440147926297,0.007533676381863351,0.005,77.40557464179228,77.48386158746456,77.415,77.43916352208815,77.4989289402283,77.425,77.425,77.48386158746456,0.058861587464562604,0.0007602891690075252,VCLT,IGLB,2025-10-31,False,4340.0,1947.0,1292.0,0.0,0.0,0.0,,,0.0,0.0,-0.0,False,False,False,0.0,,,0.0,0.0,0.0,0.0,0.0,0.0,0.0,0.0,0.0,0.0,0.0,0.0,0.0,0.0,-0.0,-0.0,-0.0,-0.0,-0.0,-0.0,0.0,-0.0,-0.0,-0.0,0.0,0.0,913.0600000000081
22.81,50.97,76.68,-0.240000000000002,-0.46000000000000085,-0.7399999999999949,3.3616834721613333,1.5044143613890526,1.0,3.358884753333843,1.5064994733463188,1.0,3.358784941150625,1.5066294957289317,1.0,76.61388450764575,76.79290539730364,76.68,0.016793924705753124,0.007533147478644658,0.005,76.59709058294,76.785372249825,76.67500000000001,76.6306784323515,76.80043854478228,76.685,76.6306784323515,76.785372249825,0.15469381747350042,0.0020173945940727754,SPLB,IGLB,2025-11-03,True,4380.0,1965.0,1304.0,0.0,0.0,0.0,,,0.0,0.0,0.0,True,False,False,1.0,SPLB,IGLB,4380.0,-1965.0,0.0,0.0,0.0,0.0,0.0,0.0,4380.0,-1965.0,0.0,4380.0,0.0,0.0,-0.0,1965.0,-0.0,-21.900000000000002,-9.825000000000001,-0.0,-31.725,-0.0,-0.0,-0.0,0.0,-31.725,881.3350000000081
22.89,51.09,76.89,0.08000000000000185,0.12000000000000455,0.20999999999999375,3.3591087811271296,1.5049911920140926,1.0,3.3589242478494716,1.5064088307697294,1.0,3.358884753333843,1.5064994733463188,1.0,76.88487200381167,76.96705809326343,76.89,0.016794423766669217,0.007532497366731595,0.005,76.868077580045,76.95952559589671,76.885,76.90166642757833,76.97459059063016,76.895,76.895,76.95952559589671,0.06452559589671125,0.0008391935999052055,VCLT,IGLB,2025-11-04,False,4370.0,1960.0,1301.0,4380.0,-1965.0,0.0,SPLB,IGLB,0.05785916831837312,0.0007524927600256617,1.0,False,False,True,0.0,,,0.0,0.0,0.0,99907.79999999999,-100156.05,0.0,200063.84999999998,-248.25000000001455,-4380.0,1965.0,0.0,0.0,1965.0,0.0,4380.0,-0.0,-0.0,-21.900000000000002,-9.825000000000001,-0.0,-31.725,350.4000000000081,-235.80000000000894,0.0,114.59999999999917,82.87499999999918,964.2100000000073
22.78,50.85,76.53,-0.10999999999999943,-0.240000000000002,-0.35999999999999943,3.3595258999122035,1.5050147492625368,1.0,3.358925694623052,1.5063143046654572,1.0,3.3589242478494716,1.5064088307697294,1.0,76.51629436601097,76.60088904464074,76.53,0.016794621239247357,0.007532044153848647,0.005,76.49949974477173,76.59335700048689,76.525,76.53308898725021,76.60842108879459,76.535,76.53308898725021,76.59335700048689,0.06026801323667996,0.0007875083396926691,SPLB,IGLB,2025-11-05,False,4390.0,1969.0,1307.0,0.0,0.0,0.0,,,0.0,0.0,0.0,False,False,False,-0.0,,,0.0,0.0,0.0,0.0,0.0,0.0,0.0,0.0,0.0,0.0,0.0,0.0,0.0,0.0,-0.0,-0.0,-0.0,-0.0,-0.0,-0.0,0.0,-0.0,-0.0,-0.0,0.0,0.0,964.2100000000073
22.94,51.19,77.06,0.16000000000000014,0.3399999999999963,0.5300000000000011,3.3591979075850045,1.505372142996679,1.0,3.358929068263172,1.5062367054567969,1.0,3.358925694623052,1.5063143046654572,1.0,77.05375543465281,77.10822925582475,77.06,0.01679462847311526,0.007531571523327286,0.005,77.03696080617969,77.10069768430142,77.055,77.07055006312594,77.11576082734808,77.065,77.065,77.10069768430142,0.03569768430142517,0.00046324531925026174,VCLT,IGLB,2025-11-06,False,4360.0,1955.0,1298.0,0.0,0.0,0.0,,,0.0,0.0,-0.0,False,True,False,0.0,,,0.0,0.0,0.0,0.0,0.0,0.0,0.0,0.0,0.0,0.0,0.0,0.0,0.0,0.0,-0.0,-0.0,-0.0,-0.0,-0.0,-0.0,0.0,0.0,0.0,0.0,0.0,0.0,964.2100000000073
22.84,51.01,76.77,-0.10000000000000142,-0.17999999999999972,-0.29000000000000625,3.3612084063047285,1.5049990198000391,1.0,3.359118437085548,1.5061858024095316,1.0,3.358929068263172,1.5062367054567969,1.0,76.71793991913084,76.83313434535121,76.77,0.016794645341315858,0.007531183527283985,0.005,76.70114527378952,76.82560316182393,76.765,76.73473456447216,76.84066552887849,76.77499999999999,76.73473456447216,76.82560316182393,0.090868597351772,0.0011836472235478963,SPLB,IGLB,2025-11-07,False,4377.0,1963.0,1303.0,0.0,0.0,0.0,,,0.0,0.0,0.0,True,False,False,1.0,SPLB,IGLB,4377.0,-1963.0,0.0,0.0,0.0,0.0,0.0,0.0,4377.0,-1963.0,0.0,4377.0,0.0,0.0,-0.0,1963.0,-0.0,-21.885,-9.815,-0.0,-31.700000000000003,-0.0,-0.0,-0.0,0.0,-31.700000000000003,932.5100000000073
22.87,51.07,76.85,0.030000000000001137,0.060000000000002274,0.0799999999999983,3.3602973327503274,1.504797336988447,1.0,3.3593253795197917,1.506116430758761,1.0,3.359118437085548,1.5061858024095316,1.0,76.82303865614648,76.92090892905478,76.85,0.01679559218542774,0.0075309290120476585,0.005,76.80624306396105,76.91337800004273,76.845,76.83983424833191,76.92843985806682,76.85499999999999,76.83983424833191,76.91337800004273,0.07354375171081529,0.0009569779012467833,SPLB,IGLB,2025-11-10,False,4370.0,1960.0,1301.0,4377.0,-1963.0,0.0,SPLB,IGLB,0.07354375171081529,0.0009569779012467833,1.0,False,False,False,-1.0,SPLB,IGLB,4370.0,-1960.0,0.0,99970.68,-100132.62999999999,0.0,200103.31,-161.9499999999971,-7.0,3.0,0.0,0.0,3.0,0.0,7.0,-0.0,-0.0,-0.035,-0.015,-0.0,-0.05,131.31000000000498,-117.78000000000446,0.0,13.530000000000513,13.480000000000512,945.9900000000077
23.03,51.38,77.33,0.16000000000000014,0.3100000000000023,0.480000000000004,3.357794181502388,1.505060334760607,1.0,3.359261420641243,1.5060230271734656,1.0,3.3593253795197917,1.506116430758761,1.0,77.36526349034081,77.38426221238514,77.33,0.01679662689759896,0.007530582153793805,0.005,77.3484668634432,77.37673163023135,77.325,77.38206011723841,77.39179279453893,77.335,77.335,77.37673163023135,0.041731630231353734,0.0005396564105955481,VCLT,IGLB,2025-11-11,False,4344.0,1947.0,1293.0,4370.0,-1960.0,0.0,SPLB,IGLB,0.0,0.0,-1.0,False,False,False,1.0,VCLT,IGLB,0.0,-1947.0,1293.0,99941.90000000001,-100097.2,0.0,200039.1,-155.29999999998836,-4370.0,13.0,1293.0,0.0,13.0,1293.0,4370.0,-0.0,-0.0,-21.85,-0.065,-6.465,-28.380000000000003,699.2000000000006,-607.6000000000045,0.0,91.59999999999616,63.219999999996155,1009.2100000000039
22.98,51.29,77.18,-0.05000000000000071,-0.09000000000000341,-0.14999999999999147,3.358572671888599,1.5047767596022619,1.0,3.359142843935244,1.505905822043494,1.0,3.359261420641243,1.5060230271734656,1.0,77.19582744633576,77.24392106372704,77.18,0.016796307103206214,0.007530115135867328,0.005,77.17903113923255,77.23639094859118,77.17500000000001,77.21262375343896,77.25145117886291,77.185,77.185,77.23639094859118,0.051390948591176766,0.0006658583647470428,VCLT,IGLB,2025-11-12,False,4354.0,1952.0,1296.0,0.0,-1947.0,1293.0,VCLT,IGLB,0.051390948591176766,0.0006658583647470428,1.0,False,False,False,-1.0,VCLT,IGLB,0.0,-1952.0,1296.0,0.0,-100036.86,99987.69,200024.55,-49.169999999998254,0.0,-5.0,3.0,0.0,0.0,3.0,-0.0,5.0,-0.0,-0.0,-0.025,-0.015,-0.04,-0.0,175.23000000000664,-193.94999999998896,-18.71999999998232,-18.75999999998232,990.4500000000215
22.8,50.89,76.57,-0.17999999999999972,-0.3999999999999986,-0.6100000000000136,3.358333333333333,1.5046178031047355,1.0,3.3590526671459657,1.5057721688372572,1.0,3.359142843935244,1.505905822043494,1.0,76.58845684172357,76.63554728379341,76.57,0.01679571421967622,0.00752952911021747,0.005,76.57166112750389,76.6280177546832,76.565,76.60525255594325,76.64307681290363,76.57499999999999,76.57499999999999,76.6280177546832,0.05301775468321068,0.0006924089680450658,VCLT,IGLB,2025-11-13,False,4387.0,1967.0,1306.0,0.0,-1952.0,1296.0,VCLT,IGLB,0.0,0.0,-1.0,False,False,False,1.0,VCLT,IGLB,0.0,-1967.0,1306.0,0.0,-100118.08,100025.28000000001,200143.36000000002,-92.79999999998836,0.0,-15.0,10.0,0.0,0.0,10.0,-0.0,15.0,-0.0,-0.0,-0.075,-0.05,-0.125,-0.0,780.7999999999972,-790.5600000000177,-9.760000000020455,-9.885000000020455,980.5650000000011
22.7,50.67,76.23,-0.10000000000000142,-0.21999999999999886,-0.3399999999999892,3.358149779735683,1.5044404973357017,1.0,3.358980704077955,1.5056341015204433,1.0,3.3590526671459657,1.5057721688372572,1.0,76.25049554421342,76.29747579498382,76.23,0.01679526333572983,0.007528860844186286,0.005,76.2337002808777,76.28994693413964,76.22500000000001,76.26729080754914,76.30500465582801,76.235,76.235,76.28994693413964,0.05494693413963603,0.0007208045932000003,VCLT,IGLB,2025-11-14,False,4407.0,1976.0,1312.0,0.0,-1967.0,1306.0,VCLT,IGLB,0.05494693413963603,0.0007208045932000003,1.0,False,False,False,-1.0,VCLT,IGLB,0.0,-1976.0,1312.0,0.0,-100100.63,100000.42,200101.05,-100.2100000000064,0.0,-9.0,6.0,0.0,0.0,6.0,-0.0,9.0,-0.0,-0.0,-0.045,-0.03,-0.075,-0.0,432.73999999999774,-444.03999999998587,-11.299999999988131,-11.37499999998813,969.1900000000129
22.71,50.73,76.34,0.010000000000001563,0.05999999999999517,0.10999999999999943,3.3615147512109202,1.5048294894539722,1.0,3.359153628339268,1.5055456850006004,1.0,3.358980704077955,1.5056341015204433,1.0,76.28245178961036,76.38081797013209,76.34,0.016794903520389776,0.007528170507602217,0.005,76.26565688608997,76.37328979962449,76.33500000000001,76.29924669313075,76.38834614063968,76.345,76.29924669313075,76.37328979962449,0.07404310649373258,0.0009699123198026274,SPLB,IGLB,2025-11-17,False,4400.0,1972.0,1310.0,0.0,-1976.0,1312.0,VCLT,IGLB,0.0,0.0,-1.0,False,False,False,1.0,SPLB,IGLB,4400.0,-1972.0,0.0,0.0,-100123.92,100013.76000000001,200137.68,-110.15999999998894,4400.0,4.0,-1312.0,4400.0,4.0,0.0,-0.0,-0.0,1312.0,-22.0,-0.02,-6.5600000000000005,-28.58,0.0,-118.55999999999045,144.31999999999925,25.7600000000088,-2.8199999999911967,966.3700000000217
22.72,50.73,76.32,0.00999999999999801,0.0,-0.020000000000010232,3.3591549295774645,1.504435245416913,1.0,3.35921014025024,1.505428383279087,1.0,3.359153628339268,1.5055456850006004,1.0,76.31997043586816,76.37633260008045,76.32,0.016795768141696338,0.007527728425003002,0.005,76.30317466772647,76.36880487165544,76.315,76.33676620400985,76.38386032850545,76.32499999999999,76.32499999999999,76.36880487165544,0.043804871655453326,0.0005739632030326694,VCLT,IGLB,2025-11-18,False,4400.0,1972.0,1310.0,4400.0,-1972.0,0.0,SPLB,IGLB,0.03203866764559393,0.000419793863280843,1.0,False,False,False,-1.0,SPLB,IGLB,4400.0,-1972.0,0.0,99924.0,-100039.56,0.0,199963.56,-115.55999999999767,0.0,0.0,0.0,0.0,0.0,0.0,-0.0,-0.0,-0.0,-0.0,-0.0,-0.0,0.0,43.999999999991246,-0.0,-0.0,43.999999999991246,43.999999999991246,1010.370000000013
22.71,50.7,76.33,-0.00999999999999801,-0.02999999999999403,0.010000000000005116,3.361074416556583,1.5055226824457593,1.0,3.359364201214124,1.5053706753563536,1.0,3.35921014025024,1.505428383279087,1.0,76.28766228508294,76.3252190322497,76.33,0.0167960507012512,0.007527141916395435,0.005,76.2708662343817,76.31769189033331,76.325,76.30445833578419,76.3327461741661,76.335,76.30445833578419,76.325,0.020541664215812716,0.00026911652319943296,SPLB,VCLT,2025-11-19,False,4401.0,1972.0,1310.0,4400.0,-1972.0,0.0,SPLB,IGLB,0.0,0.0,-1.0,False,True,False,0.0,,,0.0,0.0,0.0,99968.0,-100039.56,0.0,200007.56,-71.55999999999767,-4400.0,1972.0,0.0,0.0,1972.0,0.0,4400.0,-0.0,-0.0,-22.0,-9.86,-0.0,-31.86,-43.999999999991246,59.15999999998823,0.0,15.159999999996984,-16.700000000003016,993.67000000001
22.74,50.79,76.43,0.029999999999997584,0.0899999999999963,0.10000000000000853,3.3610378188214605,1.5048237842094903,1.0,3.359478299228056,1.5052773844445042,1.0,3.359364201214124,1.5053706753563536,1.0,76.39194193560917,76.4577766013492,76.43,0.01679682100607062,0.007526853376781768,0.005,76.3751451146031,76.4502497479724,76.42500000000001,76.40873875661524,76.46530345472598,76.435,76.40873875661524,76.4502497479724,0.04151099135717118,0.000543124314499165,SPLB,IGLB,2025-11-20,False,4394.0,1969.0,1308.0,0.0,0.0,0.0,,,0.0,0.0,0.0,False,False,False,-0.0,,,0.0,0.0,0.0,0.0,0.0,0.0,0.0,0.0,0.0,0.0,0.0,0.0,0.0,0.0,-0.0,-0.0,-0.0,-0.0,-0.0,-0.0,0.0,0.0,0.0,0.0,0.0,0.0,993.67000000001
22.83,50.98,76.73,0.08999999999999986,0.18999999999999773,0.29999999999999716,3.3609286027157252,1.5051000392310712,1.0,3.3596174558632037,1.505198416940409,1.0,3.359478299228056,1.5052773844445042,1.0,76.69688957137652,76.73904105898082,76.73,0.01679739149614028,0.007526386922222521,0.005,76.68009217988038,76.7315146720586,76.72500000000001,76.71368696287266,76.74656744590304,76.735,76.71368696287266,76.7315146720586,0.017827709185937124,0.0002323434013545826,SPLB,IGLB,2025-11-21,False,4377.0,1961.0,1303.0,0.0,0.0,0.0,,,0.0,0.0,-0.0,False,True,False,0.0,,,0.0,0.0,0.0,0.0,0.0,0.0,0.0,0.0,0.0,0.0,0.0,0.0,0.0,0.0,-0.0,-0.0,-0.0,-0.0,-0.0,-0.0,0.0,0.0,0.0,0.0,0.0,0.0,993.67000000001
22.99,51.35,77.25,0.16000000000000014,0.37000000000000455,0.519999999999996,3.3601565898216617,1.504381694255112,1.0,3.3597363493644608,1.5050798566084622,1.0,3.3596174558632037,1.505198416940409,1.0,77.23760531029505,77.29193870989,77.25,0.016798087279316018,0.0075259920847020444,0.005,77.22080722301574,77.2844127178053,77.245,77.25440339757436,77.29946470197471,77.255,77.25440339757436,77.2844127178053,0.03000932023093128,0.00038847016480169944,SPLB,IGLB,2025-11-24,False,4347.0,1948.0,1294.0,0.0,0.0,0.0,,,0.0,0.0,0.0,False,True,False,0.0,,,0.0,0.0,0.0,0.0,0.0,0.0,0.0,0.0,0.0,0.0,0.0,0.0,0.0,0.0,-0.0,-0.0,-0.0,-0.0,-0.0,-0.0,0.0,0.0,0.0,0.0,0.0,0.0,993.67000000001
23.08,51.49,77.52,0.08999999999999986,0.14000000000000057,0.269999999999996,3.3587521663778164,1.5055350553505533,1.0,3.359692617564607,1.5050237832063436,1.0,3.3597363493644608,1.5050798566084622,1.0,77.54271494333175,77.49656181676973,77.52,0.016798681746822305,0.007525399283042311,0.005,77.52591626158492,77.48903641748669,77.515,77.55951362507857,77.50408721605277,77.52499999999999,77.50408721605277,77.52591626158492,0.02182904553215792,0.00028159243462536017,IGLB,SPLB,2025-11-25,False,4334.0,1942.0,1290.0,0.0,0.0,0.0,,,0.0,0.0,0.0,False,True,False,0.0,,,0.0,0.0,0.0,0.0,0.0,0.0,0.0,0.0,0.0,0.0,0.0,0.0,0.0,0.0,-0.0,-0.0,-0.0,-0.0,-0.0,-0.0,0.0,0.0,0.0,0.0,0.0,0.0,993.67000000001
23.19,51.77,77.94,0.11000000000000298,0.28000000000000114,0.4200000000000017,3.3609314359637774,1.5055051187946686,1.0,3.3597767801359693,1.5049733686479927,1.0,3.359692617564607,1.5050237832063436,1.0,77.91127180132324,77.91508125659242,77.94,0.016798463087823037,0.007525118916031718,0.005,77.89447333823541,77.90755613767638,77.935,77.92807026441106,77.92260637550845,77.945,77.92260637550845,77.935,0.012393624491551236,0.00015901494087184034,IGLB,VCLT,2025-11-26,False,4310.0,1931.0,1283.0,0.0,0.0,0.0,,,0.0,0.0,0.0,False,True,False,0.0,,,0.0,0.0,0.0,0.0,0.0,0.0,0.0,0.0,0.0,0.0,0.0,0.0,0.0,0.0,-0.0,-0.0,-0.0,-0.0,-0.0,-0.0,0.0,0.0,0.0,0.0,0.0,0.0,993.67000000001
23.14,51.62,77.72,-0.05000000000000071,-0.15000000000000568,-0.21999999999999886,3.358686257562662,1.50561797752809,1.0,3.359744699218325,1.504979117881609,1.0,3.3597767801359693,1.5049733686479927,1.0,77.74523469234633,77.68672528960938,77.72,0.016798883900679847,0.007524866843239964,0.005,77.72843580844565,77.67920042276614,77.715,77.762033576247,77.69425015645263,77.725,77.69425015645263,77.72843580844565,0.03418565199302748,0.00043985656192778536,IGLB,SPLB,2025-11-28,False,4324.0,1937.0,1287.0,0.0,0.0,0.0,,,0.0,0.0,0.0,False,True,False,0.0,,,0.0,0.0,0.0,0.0,0.0,0.0,0.0,0.0,0.0,0.0,0.0,0.0,0.0,0.0,-0.0,-0.0,-0.0,-0.0,-0.0,-0.0,0.0,-0.0,-0.0,-0.0,0.0,0.0,993.67000000001
22.84,50.97,76.7,-0.3000000000000007,-0.6499999999999986,-1.019999999999996,3.3581436077057796,1.5048067490680794,1.0,3.3597126171307288,1.504952101650393,1.0,3.359744699218325,1.504979117881609,1.0,76.73656893014655,76.70878563842561,76.7,0.016798723496091624,0.007524895589408045,0.005,76.71977020665045,76.7012607428362,76.69500000000001,76.75336765364264,76.71631053401502,76.705,76.705,76.71977020665045,0.014770206650453588,0.00019257114276992942,VCLT,SPLB,2025-12-01,True,4381.0,1962.0,1304.0,0.0,0.0,0.0,,,0.0,0.0,0.0,False,True,False,0.0,,,0.0,0.0,0.0,0.0,0.0,0.0,0.0,0.0,0.0,0.0,0.0,0.0,0.0,0.0,-0.0,-0.0,-0.0,-0.0,-0.0,-0.0,0.0,-0.0,-0.0,-0.0,0.0,0.0,993.67000000001
22.85,50.99,76.74,0.010000000000001563,0.020000000000003126,0.03999999999999204,3.358424507658643,1.5050009805844282,1.0,3.359549668905595,1.504981432610162,1.0,3.3597126171307288,1.504952101650393,1.0,76.76943330143716,76.73750766315355,76.74,0.016798563085653643,0.007524760508251966,0.005,76.7526347383515,76.7299829026453,76.735,76.78623186452282,76.7450324236618,76.74499999999999,76.74499999999999,76.7526347383515,0.007634738351512738,9.948838091624627e-05,VCLT,SPLB,2025-12-02,False,4378.0,1961.0,1303.0,0.0,0.0,0.0,,,0.0,0.0,0.0,False,True,True,0.0,,,0.0,0.0,0.0,0.0,0.0,0.0,0.0,0.0,0.0,0.0,0.0,0.0,0.0,0.0,-0.0,-0.0,-0.0,-0.0,-0.0,-0.0,0.0,0.0,0.0,0.0,0.0,0.0,993.67000000001
22.9,51.15,76.98,0.04999999999999716,0.1599999999999966,0.2400000000000091,3.361572052401747,1.5049853372434019,1.0,3.3596728324693252,1.5049811398716275,1.0,3.359549668905595,1.504981432610162,1.0,76.93368741793812,76.97980027800979,76.98,0.016797748344527973,0.007524907163050811,0.005,76.91688966959359,76.97227537084675,76.97500000000001,76.95048516628265,76.98732518517284,76.985,76.95048516628265,76.97500000000001,0.02451483371736174,0.0003184571800124934,SPLB,VCLT,2025-12-03,False,4364.0,1955.0,1299.0,0.0,0.0,0.0,,,0.0,0.0,0.0,False,True,False,0.0,,,0.0,0.0,0.0,0.0,0.0,0.0,0.0,0.0,0.0,0.0,0.0,0.0,0.0,0.0,-0.0,-0.0,-0.0,-0.0,-0.0,-0.0,0.0,0.0,0.0,0.0,0.0,0.0,993.67000000001
22.86,51.02,76.8,-0.03999999999999915,-0.12999999999999545,-0.18000000000000682,3.3595800524934383,1.5052920423363385,1.0,3.3596755400983875,1.5049950045253175,1.0,3.3596728324693252,1.5049811398716275,1.0,76.80212095024878,76.78413775625044,76.8,0.016798364162346625,0.0075249056993581375,0.005,76.78532258608644,76.77661285055109,76.795,76.81891931441112,76.7916626619498,76.80499999999999,76.7916626619498,76.795,0.0033373380502013106,4.34549225286629e-05,IGLB,VCLT,2025-12-04,False,4374.0,1959.0,1302.0,0.0,0.0,0.0,,,0.0,0.0,0.0,False,True,False,0.0,,,0.0,0.0,0.0,0.0,0.0,0.0,0.0,0.0,0.0,0.0,0.0,0.0,0.0,0.0,-0.0,-0.0,-0.0,-0.0,-0.0,-0.0,0.0,-0.0,-0.0,-0.0,0.0,0.0,993.67000000001
22.83,50.95,76.67,-0.030000000000001137,-0.07000000000000028,-0.12999999999999545,3.3583004818221642,1.504808635917566,1.0,3.359630668810245,1.5049668291713618,1.0,3.3596755400983875,1.5049950045253175,1.0,76.70139258044618,76.67949548056494,76.67,0.01679837770049194,0.007524975022626588,0.005,76.68459420274569,76.6719705055423,76.665,76.71819095814668,76.68702045558757,76.675,76.675,76.68459420274569,0.009594202745688563,0.00012513633423357978,VCLT,SPLB,2025-12-05,False,4381.0,1963.0,1304.0,0.0,0.0,0.0,,,0.0,0.0,0.0,False,True,False,0.0,,,0.0,0.0,0.0,0.0,0.0,0.0,0.0,0.0,0.0,0.0,0.0,0.0,0.0,0.0,-0.0,-0.0,-0.0,-0.0,-0.0,-0.0,0.0,-0.0,-0.0,-0.0,0.0,0.0,993.67000000001
22.76,50.81,76.49,-0.06999999999999673,-0.14000000000000057,-0.18000000000000682,3.3607205623901577,1.5054123204093681,1.0,3.3596062766145165,1.5049874942018282,1.0,3.359630668810245,1.5049668291713618,1.0,76.46519402212118,76.4673645901969,76.49,0.016798153344051225,0.0075248341458568095,0.005,76.44839586877713,76.45983975605104,76.485,76.48199217546524,76.47488942434275,76.49499999999999,76.47488942434275,76.485,0.01011057565725082,0.0001321816663256742,IGLB,VCLT,2025-12-08,False,4391.0,1967.0,1307.0,0.0,0.0,0.0,,,0.0,0.0,0.0,False,True,False,0.0,,,0.0,0.0,0.0,0.0,0.0,0.0,0.0,0.0,0.0,0.0,0.0,0.0,0.0,0.0,-0.0,-0.0,-0.0,-0.0,-0.0,-0.0,0.0,-0.0,-0.0,-0.0,0.0,0.0,993.67000000001
22.74,50.78,76.4,-0.020000000000003126,-0.030000000000001137,-0.0899999999999892,3.35971855760774,1.5045293422607326,1.0,3.359577337857387,1.5049740944654426,1.0,3.3596062766145165,1.5049874942018282,1.0,76.3974467302141,76.42326495556884,76.4,0.016798031383072582,0.007524937471009141,0.005,76.38064869883102,76.41574001809784,76.39500000000001,76.41424476159717,76.43078989303984,76.405,76.405,76.41574001809784,0.010740018097834536,0.00014057615311301747,VCLT,IGLB,2025-12-09,False,4398.0,1970.0,1309.0,0.0,0.0,0.0,,,0.0,0.0,0.0,False,True,False,0.0,,,0.0,0.0,0.0,0.0,0.0,0.0,0.0,0.0,0.0,0.0,0.0,0.0,0.0,0.0,-0.0,-0.0,-0.0,-0.0,-0.0,-0.0,0.0,-0.0,-0.0,-0.0,0.0,0.0,993.67000000001
22.86,51.04,76.82,0.120000000000001,0.259999999999998,0.4199999999999875,3.3604549431321082,1.5050940438871472,1.0,3.359710375938873,1.5049757799217693,1.0,3.359577337857387,1.5049740944654426,1.0,76.79993794341986,76.81387778151618,76.82,0.016797886689286938,0.007524870472327213,0.005,76.78314005673057,76.80635291104386,76.815,76.81673583010915,76.8214026519885,76.82499999999999,76.81673583010915,76.815,-0.00173583010915479,-2.2596070153017315e-05,SPLB,VCLT,2025-12-10,False,4374.0,1959.0,1302.0,0.0,0.0,0.0,,,0.0,0.0,0.0,False,True,False,0.0,,,0.0,0.0,0.0,0.0,0.0,0.0,0.0,0.0,0.0,0.0,0.0,0.0,0.0,0.0,-0.0,-0.0,-0.0,-0.0,-0.0,-0.0,0.0,0.0,0.0,0.0,0.0,0.0,993.67000000001
22.81,50.92,76.65,-0.05000000000000071,-0.11999999999999744,-0.1699999999999875,3.360368259535292,1.5053024351924589,1.0,3.359800155321208,1.5050020637012793,1.0,3.359710375938873,1.5049757799217693,1.0,76.63499367516569,76.6333667136165,76.65,0.016798551879694364,0.007524878899608847,0.005,76.618195123286,76.6258418347169,76.64500000000001,76.65179222704538,76.6408915925161,76.655,76.6408915925161,76.64500000000001,0.004108407483911947,5.359957578489167e-05,IGLB,VCLT,2025-12-11,False,4384.0,1964.0,1305.0,0.0,0.0,0.0,,,0.0,0.0,0.0,False,True,False,0.0,,,0.0,0.0,0.0,0.0,0.0,0.0,0.0,0.0,0.0,0.0,0.0,0.0,0.0,0.0,-0.0,-0.0,-0.0,-0.0,-0.0,-0.0,0.0,-0.0,-0.0,-0.0,0.0,0.0,993.67000000001
22.59,50.45,75.89,-0.21999999999999886,-0.46999999999999886,-0.7600000000000051,3.359451084550686,1.5042616451932607,1.0,3.3598560428820754,1.5049842558057056,1.0,3.359800155321208,1.5050020637012793,1.0,75.89788550870608,75.92735411372955,75.89,0.016799000776606038,0.007525010318506397,0.005,75.88108650792948,75.91982910341105,75.885,75.91468450948268,75.93487912404805,75.895,75.895,75.91982910341105,0.024829103411050824,0.0003271722679015789,VCLT,IGLB,2025-12-12,False,4428.0,1984.0,1318.0,0.0,0.0,0.0,,,0.0,0.0,0.0,False,True,False,0.0,,,0.0,0.0,0.0,0.0,0.0,0.0,0.0,0.0,0.0,0.0,0.0,0.0,0.0,0.0,-0.0,-0.0,-0.0,-0.0,-0.0,-0.0,0.0,-0.0,-0.0,-0.0,0.0,0.0,993.67000000001
22.6,50.52,75.97,0.010000000000001563,0.07000000000000028,0.0799999999999983,3.3615044247787607,1.5037608867775138,1.0,3.3600237751342292,1.5049502752777963,1.0,3.3598560428820754,1.5049842558057056,1.0,75.9327465691349,76.03180460330425,75.97,0.016799280214410378,0.007524921279028528,0.005,75.91594728892049,76.02427968202522,75.965,75.94954584934932,76.03932952458328,75.975,75.94954584934932,76.02427968202522,0.0747338326759035,0.0009837282174003357,SPLB,IGLB,2025-12-15,False,4422.0,1981.0,1316.0,0.0,0.0,0.0,,,0.0,0.0,0.0,False,False,False,-0.0,,,0.0,0.0,0.0,0.0,0.0,0.0,0.0,0.0,0.0,0.0,0.0,0.0,0.0,0.0,-0.0,-0.0,-0.0,-0.0,-0.0,-0.0,0.0,0.0,0.0,0.0,0.0,0.0,993.67000000001
