SPMB_price,VMBS_price,MBB_price,SPMB_price_chg,VMBS_price_chg,MBB_price_chg,MBB/SPMB,MBB/VMBS,MBB/MBB,MBB/SPMB_moving_avg,MBB/VMBS_moving_avg,MBB/MBB_moving_avg,MBB/SPMB_prev_moving_avg,MBB/VMBS_prev_moving_avg,MBB/MBB_prev_moving_avg,SPMB_scaled_price,VMBS_scaled_price,MBB_scaled_price,SPMB_scaled_comm,VMBS_scaled_comm,MBB_scaled_comm,SPMB_scaled_price_minus_comm,VMBS_scaled_price_minus_comm,MBB_scaled_price_minus_comm,SPMB_scaled_price_plus_comm,VMBS_scaled_price_plus_comm,MBB_scaled_price_plus_comm,min_price_plus_comm,max_price_minus_comm,tgt_max-min,tgt_pct_diff,tgt_min_price_etf,tgt_max_price_etf,date,ex_div_date,SPMB_shs_per_unit,VMBS_shs_per_unit,MBB_shs_per_unit,SPMB_current_shs,VMBS_current_shs,MBB_current_shs,current_long_etf,current_short_etf,current_max-min,current_pct_diff,current_position,open_trade,exit_trade,flatten_for_div,tgt_position,tgt_long_etf,tgt_short_etf,SPMB_tgt_shs,VMBS_tgt_shs,MBB_tgt_shs,SPMB_tgt_inv_amt,VMBS_tgt_inv_amt,MBB_tgt_inv_amt,gross_inv_amt,net_inv_amt,SPMB_shs_to_trade,VMBS_shs_to_trade,MBB_shs_to_trade,SPMB_shs_to_buy,VMBS_shs_to_buy,MBB_shs_to_buy,SPMB_shs_to_sell,VMBS_shs_to_sell,MBB_shs_to_sell,SPMB_daily_comm,VMBS_daily_comm,MBB_daily_comm,daily_comm,SPMB_daily_profit,VMBS_daily_profit,MBB_daily_profit,daily_gross_profit,daily_net_profit,cumulative_net_profit
21.54,45.28,91.6,,,,4.25255338904364,2.0229681978798584,1.0,,,,,,,,,,,,,,,,,,,,,,,,,2025-01-02,False,,,,,,,,,,,,False,False,False,,,,,,,,,,,,,,,,,,,,,,,,,,,,,,
21.48,45.24,91.48,-0.05999999999999872,-0.03999999999999915,-0.11999999999999034,4.258845437616388,2.02210433244916,1.0,,,,,,,,,,,,,,,,,,,,,,,,,2025-01-03,False,,,,,,,,,,,,False,False,False,,,,,,,,,,,,,,,,,,,,,,,,,,,,,,
21.47,45.19,91.38,-0.010000000000001563,-0.05000000000000426,-0.10000000000000853,4.256171401956218,2.0221287895552114,1.0,,,,,,,,,,,,,,,,,,,,,,,,,2025-01-06,False,,,,,,,,,,,,False,False,False,,,,,,,,,,,,,,,,,,,,,,,,,,,,,,
21.38,45.06,91.12,-0.08999999999999986,-0.12999999999999545,-0.2599999999999909,4.261927034611787,2.0221926320461607,1.0,,,,,,,,,,,,,,,,,,,,,,,,,2025-01-07,False,,,,,,,,,,,,False,False,False,,,,,,,,,,,,,,,,,,,,,,,,,,,,,,
21.4,45.08,91.17,0.019999999999999574,0.01999999999999602,0.04999999999999716,4.260280373831776,2.022404614019521,1.0,,,,,,,,,,,,,,,,,,,,,,,,,2025-01-08,False,,,,,,,,,,,,False,False,False,,,,,,,,,,,,,,,,,,,,,,,,,,,,,,
21.28,44.77,90.52,-0.11999999999999744,-0.30999999999999517,-0.6500000000000057,4.25375939849624,2.0218896582532944,1.0,,,,,,,,,,,,,,,,,,,,,,,,,2025-01-10,False,,,,,,,,,,,,False,False,False,,,,,,,,,,,,,,,,,,,,,,,,,,,,,,
21.23,44.68,90.37,-0.05000000000000071,-0.09000000000000341,-0.14999999999999147,4.256712199717382,2.022605192479857,1.0,,,,,,,,,,,,,,,,,,,,,,,,,2025-01-13,False,,,,,,,,,,,,False,False,False,,,,,,,,,,,,,,,,,,,,,,,,,,,,,,
21.25,44.77,90.46,0.019999999999999574,0.09000000000000341,0.0899999999999892,4.256941176470588,2.0205494750949295,1.0,,,,,,,,,,,,,,,,,,,,,,,,,2025-01-14,False,,,,,,,,,,,,False,False,False,,,,,,,,,,,,,,,,,,,,,,,,,,,,,,
21.48,45.2,91.41,0.23000000000000043,0.4299999999999997,0.9500000000000028,4.255586592178771,2.0223451327433626,1.0,,,,,,,,,,,,,,,,,,,,,,,,,2025-01-15,False,,,,,,,,,,,,False,False,False,,,,,,,,,,,,,,,,,,,,,,,,,,,,,,
21.51,45.31,91.66,0.030000000000001137,0.10999999999999943,0.25,4.261273826127382,2.022952990509821,1.0,,,,,,,,,,,,,,,,,,,,,,,,,2025-01-16,False,,,,,,,,,,,,False,False,False,,,,,,,,,,,,,,,,,,,,,,,,,,,,,,
21.51,45.31,91.59,0.0,0.0,-0.06999999999999318,4.258019525801952,2.021408077687045,1.0,,,,,,,,,,,,,,,,,,,,,,,,,2025-01-17,False,,,,,,,,,,,,False,False,False,,,,,,,,,,,,,,,,,,,,,,,,,,,,,,
21.59,45.46,91.92,0.0799999999999983,0.14999999999999858,0.3299999999999983,4.2575266327003245,2.021997360316762,1.0,,,,,,,,,,,,,,,,,,,,,,,,,2025-01-21,False,,,,,,,,,,,,False,False,False,,,,,,,,,,,,,,,,,,,,,,,,,,,,,,
21.55,45.36,91.77,-0.03999999999999915,-0.10000000000000142,-0.15000000000000568,4.258468677494199,2.023148148148148,1.0,,,,,,,,,,,,,,,,,,,,,,,,,2025-01-22,False,,,,,,,,,,,,False,False,False,,,,,,,,,,,,,,,,,,,,,,,,,,,,,,
21.48,45.26,91.53,-0.07000000000000028,-0.10000000000000142,-0.23999999999999488,4.261173184357542,2.0223155103844457,1.0,,,,,,,,,,,,,,,,,,,,,,,,,2025-01-23,False,,,,,,,,,,,,False,False,False,,,,,,,,,,,,,,,,,,,,,,,,,,,,,,
21.52,45.32,91.65,0.03999999999999915,0.060000000000002274,0.12000000000000455,4.258828996282528,2.022285966460724,1.0,,,,,,,,,,,,,,,,,,,,,,,,,2025-01-24,False,,,,,,,,,,,,False,False,False,,,,,,,,,,,,,,,,,,,,,,,,,,,,,,
21.66,45.58,92.17,0.14000000000000057,0.259999999999998,0.519999999999996,4.255309325946445,2.022158841597192,1.0,,,,,,,,,,,,,,,,,,,,,,,,,2025-01-27,False,,,,,,,,,,,,False,False,False,,,,,,,,,,,,,,,,,,,,,,,,,,,,,,
21.66,45.55,92.17,0.0,-0.030000000000001137,0.0,4.255309325946445,2.023490669593853,1.0,,,,,,,,,,,,,,,,,,,,,,,,,2025-01-28,False,,,,,,,,,,,,False,False,False,,,,,,,,,,,,,,,,,,,,,,,,,,,,,,
21.67,45.6,92.2,0.010000000000001563,0.05000000000000426,0.030000000000001137,4.2547300415320715,2.0219298245614037,1.0,,,,,,,,,,,,,,,,,,,,,,,,,2025-01-29,False,,,,,,,,,,,,False,False,False,,,,,,,,,,,,,,,,,,,,,,,,,,,,,,
21.69,45.64,92.33,0.019999999999999574,0.03999999999999915,0.12999999999999545,4.256800368833564,2.023006134969325,1.0,,,,,,,,,,,,,,,,,,,,,,,,,2025-01-30,False,,,,,,,,,,,,False,False,False,,,,,,,,,,,,,,,,,,,,,,,,,,,,,,
21.63,45.6,92.19,-0.060000000000002274,-0.03999999999999915,-0.14000000000000057,4.262135922330097,2.0217105263157893,1.0,4.257617641563767,2.022279603753293,1.0,,,,,,,,,,,,,,,,,,,,,,2025-01-31,False,,,,,,,,,,,,False,False,False,0.0,,,0.0,0.0,0.0,,,,,,,,,,,,,,,,,,,,,,,,
21.58,45.45,91.8,-0.05000000000000071,-0.14999999999999858,-0.39000000000000057,4.253938832252086,2.01980198019802,1.0,4.257686913724189,2.0221212928692016,1.0,4.257617641563767,2.022279603753293,1.0,91.8793887049461,91.91260799058716,91.8,0.021288088207818835,0.010111398018766465,0.005,91.85810061673827,91.9024965925684,91.795,91.90067679315392,91.92271938860593,91.80499999999999,91.80499999999999,91.9024965925684,0.0974965925684046,0.0010620543852767385,MBB,VMBS,2025-02-03,True,4637.0,2202.0,1089.0,0.0,0.0,0.0,,,0.0,0.0,0.0,False,True,False,0.0,,,0.0,0.0,0.0,0.0,0.0,0.0,,,0.0,0.0,0.0,0.0,0.0,0.0,-0.0,-0.0,-0.0,-0.0,-0.0,-0.0,0.0,-0.0,-0.0,-0.0,0.0,0.0,0.0
21.61,45.49,91.97,0.030000000000001137,0.03999999999999915,0.1700000000000017,4.255900046274872,2.021763024840624,1.0,4.257539644157114,2.0221042274887746,1.0,4.257686913724189,2.0221212928692016,1.0,92.00861420557973,91.98629761261999,91.97,0.021288434568620947,0.010110606464346009,0.005,91.98732577101111,91.97618700615564,91.965,92.02990264014835,91.99640821908434,91.975,91.975,91.98732577101111,0.012325771011120423,0.00013401947386235103,MBB,SPMB,2025-02-04,False,4628.0,2198.0,1087.0,0.0,0.0,0.0,,,0.0,0.0,0.0,False,True,True,0.0,,,0.0,0.0,0.0,0.0,0.0,0.0,0.0,0.0,0.0,0.0,0.0,0.0,0.0,0.0,-0.0,-0.0,-0.0,-0.0,-0.0,-0.0,0.0,0.0,0.0,0.0,0.0,0.0,0.0
21.74,45.71,92.48,0.129999999999999,0.21999999999999886,0.5100000000000051,4.253909843606256,2.0231896740319404,1.0,4.257426566239615,2.022157271712611,1.0,4.257539644157114,2.0221042274887746,1.0,92.55891186397565,92.43038423851189,92.48,0.02128769822078557,0.010110521137443873,0.005,92.53762416575486,92.42027371737444,92.47500000000001,92.58019956219644,92.44049475964934,92.485,92.44049475964934,92.53762416575486,0.09712940610552323,0.0010502747199991698,VMBS,SPMB,2025-02-05,False,4602.0,2186.0,1081.0,0.0,0.0,0.0,,,0.0,0.0,0.0,False,True,False,0.0,,,0.0,0.0,0.0,0.0,0.0,0.0,0.0,0.0,0.0,0.0,0.0,0.0,0.0,0.0,-0.0,-0.0,-0.0,-0.0,-0.0,-0.0,0.0,0.0,0.0,0.0,0.0,0.0,0.0
21.73,45.66,92.39,-0.00999999999999801,-0.05000000000000426,-0.09000000000000341,4.251725724804418,2.0234340779675866,1.0,4.256916500749247,2.022219344008682,1.0,4.257426566239615,2.022157271712611,1.0,92.51387928438683,92.33170102639781,92.39,0.021287132831198076,0.010110786358563056,0.005,92.49259215155563,92.32159024003924,92.385,92.53516641721804,92.34181181275638,92.395,92.34181181275638,92.49259215155563,0.150780338799251,0.0016319984716879643,VMBS,SPMB,2025-02-06,False,4607.0,2188.0,1082.0,0.0,0.0,0.0,,,0.0,0.0,0.0,False,False,False,-0.0,,,0.0,0.0,0.0,0.0,0.0,0.0,0.0,0.0,0.0,0.0,0.0,0.0,0.0,0.0,-0.0,-0.0,-0.0,-0.0,-0.0,-0.0,0.0,-0.0,-0.0,-0.0,0.0,0.0,0.0
21.67,45.56,92.18,-0.05999999999999872,-0.09999999999999432,-0.20999999999999375,4.253807106598985,2.023266022827041,1.0,4.256592837387607,2.022262414449058,1.0,4.256916500749247,2.022219344008682,1.0,92.24738057123619,92.13231331303557,92.18,0.021284582503746236,0.010111096720043412,0.005,92.22609598873244,92.12220221631553,92.17500000000001,92.26866515373995,92.1424244097556,92.185,92.1424244097556,92.22609598873244,0.08367157897683342,0.0009076977541422587,VMBS,SPMB,2025-02-07,False,4619.0,2194.0,1085.0,0.0,0.0,0.0,,,0.0,0.0,-0.0,False,True,False,0.0,,,0.0,0.0,0.0,0.0,0.0,0.0,0.0,0.0,0.0,0.0,0.0,0.0,0.0,0.0,-0.0,-0.0,-0.0,-0.0,-0.0,-0.0,0.0,-0.0,-0.0,-0.0,0.0,0.0,0.0
21.68,45.55,92.2,0.00999999999999801,-0.010000000000005116,0.01999999999999602,4.252767527675277,2.0241492864983535,1.0,4.25654324384656,2.022375395861311,1.0,4.256592837387607,2.022262414449058,1.0,92.28293271456332,92.11405297815459,92.2,0.021282964186938032,0.01011131207224529,0.005,92.26164975037638,92.10394166608235,92.19500000000001,92.30421567875025,92.12416429022683,92.205,92.12416429022683,92.26164975037638,0.13748546014954854,0.0014911655113833899,VMBS,SPMB,2025-02-10,False,4618.0,2194.0,1085.0,0.0,0.0,0.0,,,0.0,0.0,0.0,False,True,False,0.0,,,0.0,0.0,0.0,0.0,0.0,0.0,0.0,0.0,0.0,0.0,0.0,0.0,0.0,0.0,-0.0,-0.0,-0.0,-0.0,-0.0,-0.0,0.0,0.0,-0.0,0.0,0.0,0.0,0.0
21.64,45.47,91.95,-0.03999999999999915,-0.0799999999999983,-0.25,4.249075785582255,2.022212447767759,1.0,4.256161423139803,2.0223557586257064,1.0,4.25654324384656,2.022375395861311,1.0,92.11159579683955,91.95740924981381,91.95,0.0212827162192328,0.010111876979306557,0.005,92.09031308062032,91.9472973728345,91.94500000000001,92.13287851305878,91.96752112679312,91.955,91.955,92.09031308062032,0.1353130806203211,0.001471594133989354,MBB,SPMB,2025-02-11,False,4631.0,2200.0,1088.0,0.0,0.0,0.0,,,0.0,0.0,0.0,False,True,False,0.0,,,0.0,0.0,0.0,0.0,0.0,0.0,0.0,0.0,0.0,0.0,0.0,0.0,0.0,0.0,-0.0,-0.0,-0.0,-0.0,-0.0,-0.0,0.0,-0.0,-0.0,-0.0,0.0,0.0,0.0
21.51,45.25,91.44,-0.129999999999999,-0.21999999999999886,-0.5100000000000051,4.2510460251046025,2.0207734806629833,1.0,4.255866665571504,2.022366958904109,1.0,4.256161423139803,2.0223557586257064,1.0,91.55003221173716,91.51159807781322,91.44,0.021280807115699015,0.010111778793128532,0.005,91.52875140462146,91.50148629902009,91.435,91.57131301885286,91.52170985660635,91.445,91.445,91.52875140462146,0.08375140462146646,0.0009159164984849788,MBB,SPMB,2025-02-12,False,4656.0,2212.0,1094.0,0.0,0.0,0.0,,,0.0,0.0,0.0,False,True,False,0.0,,,0.0,0.0,0.0,0.0,0.0,0.0,0.0,0.0,0.0,0.0,0.0,0.0,0.0,0.0,-0.0,-0.0,-0.0,-0.0,-0.0,-0.0,0.0,-0.0,-0.0,-0.0,0.0,0.0,0.0
21.64,45.54,92.07,0.129999999999999,0.28999999999999915,0.6299999999999955,4.2546210720887245,2.0217391304347827,1.0,4.255818389567001,2.02233665878868,1.0,4.255866665571504,2.022366958904109,1.0,92.09695464296735,92.09859130849311,92.07,0.02127933332785752,0.010111834794520545,0.005,92.0756753096395,92.0884794736986,92.065,92.1182339762952,92.10870314328763,92.07499999999999,92.07499999999999,92.0884794736986,0.013479473698609468,0.000146404623640811,MBB,VMBS,2025-02-13,False,4622.0,2196.0,1086.0,0.0,0.0,0.0,,,0.0,0.0,0.0,False,True,False,0.0,,,0.0,0.0,0.0,0.0,0.0,0.0,0.0,0.0,0.0,0.0,0.0,0.0,0.0,0.0,-0.0,-0.0,-0.0,-0.0,-0.0,-0.0,0.0,0.0,0.0,0.0,0.0,0.0,0.0
21.74,45.73,92.43,0.09999999999999787,0.18999999999999773,0.36000000000001364,4.251609935602577,2.02121145856112,1.0,4.255335195040761,2.022249582191245,1.0,4.255818389567001,2.02233665878868,1.0,92.5214917891866,92.48145540640634,92.43,0.02127909194783501,0.0101116832939434,0.005,92.50021269723877,92.4713437231124,92.42500000000001,92.54277088113443,92.49156708970028,92.435,92.435,92.50021269723877,0.06521269723876344,0.0007055360514850529,MBB,SPMB,2025-02-14,False,4605.0,2188.0,1082.0,0.0,0.0,0.0,,,0.0,0.0,0.0,False,True,False,0.0,,,0.0,0.0,0.0,0.0,0.0,0.0,0.0,0.0,0.0,0.0,0.0,0.0,0.0,0.0,-0.0,-0.0,-0.0,-0.0,-0.0,-0.0,0.0,0.0,0.0,0.0,0.0,0.0,0.0
21.64,45.52,91.99,-0.09999999999999787,-0.20999999999999375,-0.44000000000001194,4.250924214417744,2.0208699472759224,1.0,4.2549804294715505,2.022222675670689,1.0,4.255335195040761,2.022249582191245,1.0,92.08545362068207,92.05280098134547,91.99,0.021276675975203805,0.010111247910956226,0.005,92.06417694470687,92.04268973343451,91.985,92.10673029665728,92.06291222925643,91.99499999999999,91.99499999999999,92.06417694470687,0.06917694470688218,0.0007520050517108619,MBB,SPMB,2025-02-18,False,4626.0,2198.0,1087.0,0.0,0.0,0.0,,,0.0,0.0,0.0,False,True,False,0.0,,,0.0,0.0,0.0,0.0,0.0,0.0,0.0,0.0,0.0,0.0,0.0,0.0,0.0,0.0,-0.0,-0.0,-0.0,-0.0,-0.0,-0.0,0.0,-0.0,-0.0,-0.0,0.0,0.0,0.0
21.69,45.6,92.13,0.05000000000000071,0.0799999999999983,0.14000000000000057,4.247579529737205,2.020394736842105,1.0,4.254483074323395,2.022142544496956,1.0,4.2549804294715505,2.022222675670689,1.0,92.29052551523793,92.21335401058342,92.13,0.021274902147357753,0.010111113378353445,0.005,92.26925061309058,92.20324289720506,92.125,92.31180041738529,92.22346512396177,92.13499999999999,92.13499999999999,92.26925061309058,0.13425061309058606,0.0014571867262627382,MBB,SPMB,2025-02-19,False,4617.0,2194.0,1085.0,0.0,0.0,0.0,,,0.0,0.0,0.0,False,True,False,0.0,,,0.0,0.0,0.0,0.0,0.0,0.0,0.0,0.0,0.0,0.0,0.0,0.0,0.0,0.0,-0.0,-0.0,-0.0,-0.0,-0.0,-0.0,0.0,0.0,0.0,0.0,0.0,0.0,0.0
21.74,45.7,92.38,0.04999999999999716,0.10000000000000142,0.25,4.249310027598896,2.02144420131291,1.0,4.254025141828629,2.022057347155194,1.0,4.254483074323395,2.022142544496956,1.0,92.4924620357906,92.4119142835109,92.38,0.021272415371616976,0.010110712722484781,0.005,92.47118962041898,92.40180357078842,92.375,92.51373445116221,92.42202499623338,92.38499999999999,92.38499999999999,92.47118962041898,0.08618962041899181,0.0009329900456699698,MBB,SPMB,2025-02-20,False,4603.0,2188.0,1082.0,0.0,0.0,0.0,,,0.0,0.0,0.0,False,True,False,0.0,,,0.0,0.0,0.0,0.0,0.0,0.0,0.0,0.0,0.0,0.0,0.0,0.0,0.0,0.0,-0.0,-0.0,-0.0,-0.0,-0.0,-0.0,0.0,0.0,0.0,0.0,0.0,0.0,0.0
21.83,45.94,92.87,0.08999999999999986,0.23999999999999488,0.4900000000000091,4.254237288135593,2.02154984762734,1.0,4.253678347017532,2.0220190640173388,1.0,4.254025141828629,2.022057347155194,1.0,92.86536884611897,92.89331452830962,92.87,0.021270125709143148,0.010110286735775971,0.005,92.84409872040983,92.88320424157384,92.86500000000001,92.8866389718281,92.9034248150454,92.875,92.875,92.88320424157384,0.008204241573835702,8.834113894514592e-05,MBB,VMBS,2025-02-21,False,4582.0,2178.0,1077.0,0.0,0.0,0.0,,,0.0,0.0,0.0,False,True,False,0.0,,,0.0,0.0,0.0,0.0,0.0,0.0,0.0,0.0,0.0,0.0,0.0,0.0,0.0,0.0,-0.0,-0.0,-0.0,-0.0,-0.0,-0.0,0.0,0.0,0.0,0.0,0.0,0.0,0.0
21.84,45.98,92.99,0.010000000000001563,0.03999999999999915,0.11999999999999034,4.257783882783882,2.0224010439321445,1.0,4.2536260913426,2.0220248178909097,1.0,4.253678347017532,2.0220190640173388,1.0,92.9003350988629,92.97243656351723,92.99,0.02126839173508766,0.010110095320086694,0.005,92.8790667071278,92.96232646819715,92.985,92.92160349059799,92.98254665883732,92.99499999999999,92.92160349059799,92.985,0.06339650940201125,0.0006817562039145204,SPMB,MBB,2025-02-24,False,4573.0,2174.0,1075.0,0.0,0.0,0.0,,,0.0,0.0,0.0,False,True,False,0.0,,,0.0,0.0,0.0,0.0,0.0,0.0,0.0,0.0,0.0,0.0,0.0,0.0,0.0,0.0,-0.0,-0.0,-0.0,-0.0,-0.0,-0.0,0.0,0.0,0.0,0.0,0.0,0.0,0.0
22.01,46.28,93.54,0.1700000000000017,0.30000000000000426,0.5500000000000114,4.249886415265788,2.0211754537597235,1.0,4.253354945808567,2.021975648499036,1.0,4.2536260913426,2.0220248178909097,1.0,93.62231027045063,93.5793085719913,93.54,0.021268130456713,0.01011012408945455,0.005,93.60104213999391,93.56919844790185,93.53500000000001,93.64357840090734,93.58941869608076,93.545,93.545,93.60104213999391,0.05604213999390595,0.0005991248663021803,MBB,SPMB,2025-02-25,False,4547.0,2162.0,1069.0,0.0,0.0,0.0,,,0.0,0.0,0.0,False,True,False,0.0,,,0.0,0.0,0.0,0.0,0.0,0.0,0.0,0.0,0.0,0.0,0.0,0.0,0.0,0.0,-0.0,-0.0,-0.0,-0.0,-0.0,-0.0,0.0,0.0,0.0,0.0,0.0,0.0,0.0
22.05,46.34,93.8,0.03999999999999915,0.060000000000002274,0.2599999999999909,4.253968253968254,2.02416918429003,1.0,4.2532878922096575,2.022009574233845,1.0,4.253354945808567,2.021975648499036,1.0,93.7864765550789,93.69835155144534,93.8,0.02126677472904284,0.010109878242495181,0.005,93.76520978034986,93.68824167320285,93.795,93.80774332980795,93.70846142968783,93.80499999999999,93.70846142968783,93.795,0.08653857031217171,0.0009225860374431952,VMBS,MBB,2025-02-26,False,4534.0,2155.0,1066.0,0.0,0.0,0.0,,,0.0,0.0,0.0,False,True,False,0.0,,,0.0,0.0,0.0,0.0,0.0,0.0,0.0,0.0,0.0,0.0,0.0,0.0,0.0,0.0,-0.0,-0.0,-0.0,-0.0,-0.0,-0.0,0.0,0.0,0.0,0.0,0.0,0.0,0.0
22.04,46.28,93.67,-0.010000000000001563,-0.060000000000002274,-0.12999999999999545,4.25,2.0239844425237683,1.0,4.253051390133054,2.0221123051319636,1.0,4.2532878922096575,2.022009574233845,1.0,93.74246514430085,93.57860309554235,93.67,0.021266439461048288,0.010110047871169226,0.005,93.72119870483981,93.56849304767118,93.665,93.7637315837619,93.58871314341351,93.675,93.58871314341351,93.72119870483981,0.13248556142629297,0.0014143862648264437,VMBS,SPMB,2025-02-27,False,4543.0,2160.0,1068.0,0.0,0.0,0.0,,,0.0,0.0,0.0,False,True,False,0.0,,,0.0,0.0,0.0,0.0,0.0,0.0,0.0,0.0,0.0,0.0,0.0,0.0,0.0,0.0,-0.0,-0.0,-0.0,-0.0,-0.0,-0.0,0.0,-0.0,-0.0,-0.0,0.0,0.0,0.0
22.14,46.49,94.08,0.10000000000000142,0.21000000000000085,0.4099999999999966,4.249322493224932,2.0236610023661,1.0,4.252677496352622,2.022145048501802,1.0,4.253051390133054,2.0221123051319636,1.0,94.16255777754581,94.00800106558499,94.08,0.021265256950665272,0.010110561525659818,0.005,94.14129252059514,93.99789050405933,94.075,94.18382303449648,94.01811162711066,94.085,94.01811162711066,94.14129252059514,0.1231808934844878,0.0013093207215613073,VMBS,SPMB,2025-02-28,False,4521.0,2150.0,1063.0,0.0,0.0,0.0,,,0.0,0.0,0.0,False,True,False,0.0,,,0.0,0.0,0.0,0.0,0.0,0.0,0.0,0.0,0.0,0.0,0.0,0.0,0.0,0.0,-0.0,-0.0,-0.0,-0.0,-0.0,-0.0,0.0,0.0,0.0,0.0,0.0,0.0,0.0
22.1,46.41,93.89,-0.03999999999999915,-0.0800000000000054,-0.18999999999999773,4.24841628959276,2.023055375996553,1.0,4.251991514715756,2.0222122909858404,1.0,4.252677496352622,2.022145048501802,1.0,93.98417266939296,93.84775170096863,93.89,0.021263387481763114,0.010110725242509012,0.005,93.9629092819112,93.83764097572612,93.885,94.00543605687473,93.85786242621114,93.895,93.85786242621114,93.9629092819112,0.10504685570005279,0.00111882900947974,VMBS,SPMB,2025-03-03,True,4529.0,2154.0,1065.0,0.0,0.0,0.0,,,0.0,0.0,0.0,False,True,False,0.0,,,0.0,0.0,0.0,0.0,0.0,0.0,0.0,0.0,0.0,0.0,0.0,0.0,0.0,0.0,-0.0,-0.0,-0.0,-0.0,-0.0,-0.0,0.0,-0.0,-0.0,-0.0,0.0,0.0,0.0
22.0,46.24,93.61,-0.10000000000000142,-0.1699999999999946,-0.28000000000000114,4.255,2.024437716262976,1.0,4.25204457310315,2.022444077789088,1.0,4.251991514715756,2.0222122909858404,1.0,93.54381332374662,93.50709633518527,93.61,0.021259957573578778,0.010111061454929203,0.005,93.52255336617304,93.49698527373033,93.605,93.5650732813202,93.5172073966402,93.615,93.5172073966402,93.605,0.08779260335980155,0.0009378549659203242,VMBS,MBB,2025-03-04,False,4541.0,2160.0,1068.0,0.0,0.0,0.0,,,0.0,0.0,0.0,False,True,True,0.0,,,0.0,0.0,0.0,0.0,0.0,0.0,0.0,0.0,0.0,0.0,0.0,0.0,0.0,0.0,-0.0,-0.0,-0.0,-0.0,-0.0,-0.0,0.0,-0.0,-0.0,-0.0,0.0,0.0,0.0
21.93,46.09,93.22,-0.07000000000000028,-0.14999999999999858,-0.39000000000000057,4.250797993616051,2.022564547624213,1.0,4.25178947047021,2.0224841539282674,1.0,4.25204457310315,2.022444077789088,1.0,93.24733748815208,93.21444754529908,93.22,0.02126022286551575,0.010112220388945442,0.005,93.22607726528656,93.20433532491013,93.215,93.2685977110176,93.22455976568803,93.225,93.22455976568803,93.22607726528656,0.001517499598534755,1.6278691252250107e-05,VMBS,SPMB,2025-03-05,False,4562.0,2170.0,1073.0,0.0,0.0,0.0,,,0.0,0.0,0.0,False,True,False,0.0,,,0.0,0.0,0.0,0.0,0.0,0.0,0.0,0.0,0.0,0.0,0.0,0.0,0.0,0.0,-0.0,-0.0,-0.0,-0.0,-0.0,-0.0,0.0,-0.0,-0.0,-0.0,0.0,0.0,0.0
21.94,46.08,93.2,0.010000000000001563,-0.010000000000005116,-0.01999999999999602,4.247948951686418,2.0225694444444446,1.0,4.251491425874218,2.0224531424488927,1.0,4.25178947047021,2.0224841539282674,1.0,93.28426098211641,93.19606981301456,93.2,0.02125894735235105,0.010112420769641337,0.005,93.26300203476406,93.18595739224492,93.19500000000001,93.30551992946876,93.2061822337842,93.205,93.205,93.26300203476406,0.05800203476405841,0.00062233942879891,MBB,SPMB,2025-03-06,False,4562.0,2170.0,1073.0,0.0,0.0,0.0,,,0.0,0.0,0.0,False,True,False,0.0,,,0.0,0.0,0.0,0.0,0.0,0.0,0.0,0.0,0.0,0.0,0.0,0.0,0.0,0.0,-0.0,-0.0,-0.0,-0.0,-0.0,-0.0,0.0,0.0,-0.0,-0.0,0.0,0.0,0.0
21.9,46.02,93.13,-0.0400000000000027,-0.05999999999999517,-0.07000000000000739,4.252511415525114,2.0236853541938284,1.0,4.251530710410253,2.022465706260205,1.0,4.251491425874218,2.0224531424488927,1.0,93.10766222664537,93.07329361549805,93.13,0.02125745712937109,0.010112265712244464,0.005,93.08640476951601,93.06318134978581,93.125,93.12891968377474,93.08340588121028,93.13499999999999,93.08340588121028,93.125,0.04159411878971753,0.0004466242756331744,VMBS,MBB,2025-03-07,False,4566.0,2172.0,1074.0,0.0,0.0,0.0,,,0.0,0.0,0.0,False,True,False,0.0,,,0.0,0.0,0.0,0.0,0.0,0.0,0.0,0.0,0.0,0.0,0.0,0.0,0.0,0.0,-0.0,-0.0,-0.0,-0.0,-0.0,-0.0,0.0,-0.0,-0.0,-0.0,0.0,0.0,0.0
22.02,46.27,93.63,0.120000000000001,0.25,0.5,4.252043596730245,2.0235573805921763,1.0,4.251442534916817,2.0224802741484615,1.0,4.251530710410253,2.022465706260205,1.0,93.61870624323377,93.57948822865968,93.63,0.021257653552051267,0.010112328531301024,0.005,93.59744858968172,93.56937590012838,93.625,93.63996389678583,93.58960055719099,93.63499999999999,93.58960055719099,93.625,0.035399442809008974,0.0003780779964649041,VMBS,MBB,2025-03-10,False,4541.0,2160.0,1068.0,0.0,0.0,0.0,,,0.0,0.0,0.0,False,True,False,0.0,,,0.0,0.0,0.0,0.0,0.0,0.0,0.0,0.0,0.0,0.0,0.0,0.0,0.0,0.0,-0.0,-0.0,-0.0,-0.0,-0.0,-0.0,0.0,0.0,0.0,0.0,0.0,0.0,0.0
21.96,46.09,93.27,-0.05999999999999872,-0.17999999999999972,-0.35999999999999943,4.247267759562841,2.023649381644608,1.0,4.251167546511194,2.0224552789057744,1.0,4.251442534916817,2.0224802741484615,1.0,93.3616780667733,93.2161158355026,93.27,0.021257212674584084,0.010112401370742308,0.005,93.34042085409871,93.20600343413186,93.265,93.38293527944788,93.22622823687335,93.27499999999999,93.22622823687335,93.34042085409871,0.11419261722535623,0.0012243231181018144,VMBS,SPMB,2025-03-11,False,4558.0,2168.0,1072.0,0.0,0.0,0.0,,,0.0,0.0,0.0,False,True,False,0.0,,,0.0,0.0,0.0,0.0,0.0,0.0,0.0,0.0,0.0,0.0,0.0,0.0,0.0,0.0,-0.0,-0.0,-0.0,-0.0,-0.0,-0.0,0.0,-0.0,-0.0,-0.0,0.0,0.0,0.0
21.88,46.0,93.09,-0.08000000000000185,-0.09000000000000341,-0.1799999999999926,4.254570383912249,2.023695652173913,1.0,4.251442276427694,2.022529439126082,1.0,4.251167546511194,2.0224552789057744,1.0,93.01554591766492,93.03294282966561,93.09,0.02125583773255597,0.010112276394528871,0.005,92.99429007993237,93.02283055327109,93.08500000000001,93.03680175539748,93.04305510606014,93.095,93.03680175539748,93.08500000000001,0.048198244602531304,0.0005177596369377086,SPMB,MBB,2025-03-12,False,4566.0,2172.0,1074.0,0.0,0.0,0.0,,,0.0,0.0,0.0,False,True,False,0.0,,,0.0,0.0,0.0,0.0,0.0,0.0,0.0,0.0,0.0,0.0,0.0,0.0,0.0,0.0,-0.0,-0.0,-0.0,-0.0,-0.0,-0.0,0.0,-0.0,-0.0,-0.0,0.0,0.0,0.0
21.92,46.14,93.28,0.0400000000000027,0.14000000000000057,0.18999999999999773,4.255474452554744,2.021673168617252,1.0,4.251663697800201,2.0225744235237957,1.0,4.251442276427694,2.022529439126082,1.0,93.19161469929506,93.31950832127744,93.28,0.02125721138213847,0.010112647195630412,0.005,93.17035748791292,93.30939567408181,93.275,93.2128719106772,93.32962096847307,93.285,93.2128719106772,93.30939567408181,0.09652376340461899,0.0010347744790375106,SPMB,VMBS,2025-03-13,False,4558.0,2168.0,1072.0,0.0,0.0,0.0,,,0.0,0.0,0.0,False,True,False,0.0,,,0.0,0.0,0.0,0.0,0.0,0.0,0.0,0.0,0.0,0.0,0.0,0.0,0.0,0.0,-0.0,-0.0,-0.0,-0.0,-0.0,-0.0,0.0,0.0,0.0,0.0,0.0,0.0,0.0
21.89,45.98,93.0,-0.030000000000001137,-0.1600000000000037,-0.28000000000000114,4.248515303791685,2.0226185297955634,1.0,4.2513584093853485,2.0226183934918347,1.0,4.251663697800201,2.0225744235237957,1.0,93.06891834484641,92.99797199362412,93.0,0.021258318489001008,0.010112872117618979,0.005,93.0476600263574,92.9878591215065,92.995,93.09017666333541,93.00808486574174,93.005,93.005,93.0476600263574,0.042660026357410175,0.00045870996083236746,MBB,SPMB,2025-03-14,False,4571.0,2174.0,1075.0,0.0,0.0,0.0,,,0.0,0.0,0.0,False,True,False,0.0,,,0.0,0.0,0.0,0.0,0.0,0.0,0.0,0.0,0.0,0.0,0.0,0.0,0.0,0.0,-0.0,-0.0,-0.0,-0.0,-0.0,-0.0,0.0,-0.0,-0.0,-0.0,0.0,0.0,0.0
21.93,46.07,93.2,0.03999999999999915,0.09000000000000341,0.20000000000000284,4.249886000911993,2.0230084653787714,1.0,4.25127221265082,2.022708243832717,1.0,4.2513584093853485,2.0226183934918347,1.0,93.2322899178207,93.18202938816883,93.2,0.021256792046926744,0.010113091967459173,0.005,93.21103312577377,93.17191629620137,93.19500000000001,93.25354670986762,93.19214248013628,93.205,93.19214248013628,93.21103312577377,0.01889064563748377,0.00020268933087428938,VMBS,SPMB,2025-03-17,False,4562.0,2170.0,1073.0,0.0,0.0,0.0,,,0.0,0.0,0.0,False,True,False,0.0,,,0.0,0.0,0.0,0.0,0.0,0.0,0.0,0.0,0.0,0.0,0.0,0.0,0.0,0.0,-0.0,-0.0,-0.0,-0.0,-0.0,-0.0,0.0,0.0,0.0,0.0,0.0,0.0,0.0
21.99,46.11,93.29,0.05999999999999872,0.03999999999999915,0.09000000000000341,4.2423829013187815,2.0232053784428543,1.0,4.2508451469958715,2.0228250153910636,1.0,4.25127221265082,2.022708243832717,1.0,93.48547595619152,93.26707712312657,93.29,0.021256361063254098,0.010113541219163585,0.005,93.46421959512827,93.2569635819074,93.28500000000001,93.50673231725477,93.27719066434574,93.295,93.27719066434574,93.46421959512827,0.1870289307825317,0.0020048122069089044,VMBS,SPMB,2025-03-18,False,4557.0,2168.0,1072.0,0.0,0.0,0.0,,,0.0,0.0,0.0,False,False,False,-0.0,,,0.0,0.0,0.0,0.0,0.0,0.0,0.0,0.0,0.0,0.0,0.0,0.0,0.0,0.0,-0.0,-0.0,-0.0,-0.0,-0.0,-0.0,0.0,0.0,0.0,0.0,0.0,0.0,0.0
22.0,46.18,93.51,0.010000000000001563,0.07000000000000028,0.21999999999999886,4.250454545454546,2.0249025552187097,1.0,4.250988897781738,2.023050406309894,1.0,4.2508451469958715,2.0228250153910636,1.0,93.51859323390917,93.41405921075932,93.51,0.021254225734979357,0.010114125076955319,0.005,93.4973390081742,93.40394508568237,93.50500000000001,93.53984745964415,93.42417333583627,93.515,93.42417333583627,93.50500000000001,0.0808266641637374,0.0008643638558842627,VMBS,MBB,2025-03-19,False,4544.0,2162.0,1069.0,0.0,0.0,0.0,,,0.0,0.0,-0.0,False,True,False,0.0,,,0.0,0.0,0.0,0.0,0.0,0.0,0.0,0.0,0.0,0.0,0.0,0.0,0.0,0.0,-0.0,-0.0,-0.0,-0.0,-0.0,-0.0,0.0,0.0,0.0,0.0,0.0,0.0,0.0
22.02,46.25,93.61,0.019999999999999574,0.07000000000000028,0.09999999999999432,4.251135331516803,2.024,1.0,4.251080162977634,2.023178196244248,1.0,4.250988897781738,2.023050406309894,1.0,93.60677552915388,93.5660812918326,93.61,0.021254944488908693,0.010115252031549471,0.005,93.58552058466498,93.55596603980105,93.605,93.62803047364278,93.57619654386416,93.615,93.57619654386416,93.605,0.028803456135847227,0.00030769635867799626,VMBS,MBB,2025-03-20,False,4540.0,2161.0,1068.0,0.0,0.0,0.0,,,0.0,0.0,0.0,False,True,False,0.0,,,0.0,0.0,0.0,0.0,0.0,0.0,0.0,0.0,0.0,0.0,0.0,0.0,0.0,0.0,-0.0,-0.0,-0.0,-0.0,-0.0,-0.0,0.0,0.0,0.0,0.0,0.0,0.0,0.0
22.0,46.22,93.55,-0.019999999999999574,-0.030000000000001137,-0.060000000000002274,4.252272727272727,2.0240155776720035,1.0,4.250981934934491,2.0233014827464815,1.0,4.251080162977634,2.023178196244248,1.0,93.52376358550795,93.51129623040914,93.55,0.02125540081488817,0.01011589098122124,0.005,93.50250818469306,93.50118033942792,93.545,93.54501898632284,93.52141212139037,93.55499999999999,93.52141212139037,93.545,0.023587878609632185,0.00025214194131087316,VMBS,MBB,2025-03-21,False,4544.0,2163.0,1069.0,0.0,0.0,0.0,,,0.0,0.0,0.0,False,True,False,0.0,,,0.0,0.0,0.0,0.0,0.0,0.0,0.0,0.0,0.0,0.0,0.0,0.0,0.0,0.0,-0.0,-0.0,-0.0,-0.0,-0.0,-0.0,0.0,-0.0,-0.0,-0.0,0.0,0.0,0.0
21.89,45.99,93.07,-0.10999999999999943,-0.22999999999999687,-0.480000000000004,4.251713111009593,2.023700804522722,1.0,4.250678396345776,2.0233664707760104,1.0,4.250981934934491,2.0233014827464815,1.0,93.05399455571602,93.05163519151068,93.07,0.021254909674672456,0.010116507413732408,0.005,93.03273964604135,93.04151868409696,93.065,93.07524946539068,93.06175169892441,93.07499999999999,93.06175169892441,93.065,0.0032483010755868236,3.490169845908267e-05,VMBS,MBB,2025-03-24,False,4566.0,2173.0,1074.0,0.0,0.0,0.0,,,0.0,0.0,0.0,False,True,False,0.0,,,0.0,0.0,0.0,0.0,0.0,0.0,0.0,0.0,0.0,0.0,0.0,0.0,0.0,0.0,-0.0,-0.0,-0.0,-0.0,-0.0,-0.0,0.0,-0.0,-0.0,-0.0,0.0,0.0,0.0
21.93,46.07,93.25,0.03999999999999915,0.0799999999999983,0.18000000000000682,4.252165982672139,2.0240937703494684,1.0,4.250792374716093,2.0235123866054976,1.0,4.250678396345776,2.0233664707760104,1.0,93.21737723186287,93.2164933086508,93.25,0.021253391981728882,0.010116832353880053,0.005,93.19612383988114,93.20637647629692,93.245,93.2386306238446,93.22661014100467,93.255,93.22661014100467,93.245,0.018389858995334407,0.00019721028413227247,VMBS,MBB,2025-03-25,False,4557.0,2169.0,1072.0,0.0,0.0,0.0,,,0.0,0.0,0.0,False,True,False,0.0,,,0.0,0.0,0.0,0.0,0.0,0.0,0.0,0.0,0.0,0.0,0.0,0.0,0.0,0.0,-0.0,-0.0,-0.0,-0.0,-0.0,-0.0,0.0,0.0,0.0,0.0,0.0,0.0,0.0
21.89,45.99,93.12,-0.03999999999999915,-0.0799999999999983,-0.12999999999999545,4.253997259022385,2.024787997390737,1.0,4.250793824968801,2.023543327260533,1.0,4.250792374716093,2.0235123866054976,1.0,93.04984508253528,93.06133465998684,93.12,0.021253961873580467,0.010117561933027487,0.005,93.0285911206617,93.05121709805381,93.11500000000001,93.07109904440887,93.07145222191987,93.125,93.07109904440887,93.11500000000001,0.043900955591141155,0.00047144496983613784,SPMB,MBB,2025-03-26,False,4565.0,2173.0,1074.0,0.0,0.0,0.0,,,0.0,0.0,0.0,False,True,False,0.0,,,0.0,0.0,0.0,0.0,0.0,0.0,0.0,0.0,0.0,0.0,0.0,0.0,0.0,0.0,-0.0,-0.0,-0.0,-0.0,-0.0,-0.0,0.0,-0.0,-0.0,-0.0,0.0,0.0,0.0
21.86,45.95,93.02,-0.030000000000001137,-0.03999999999999915,-0.10000000000000853,4.255260750228728,2.0243743199129485,1.0,4.251056862480237,2.023562821129992,1.0,4.250793824968801,2.023543327260533,1.0,92.92235301381798,92.9818158876215,93.02,0.021253969124844004,0.010117716636302666,0.005,92.90109904469314,92.97169817098519,93.015,92.94360698294282,92.9919336042578,93.02499999999999,92.94360698294282,93.015,0.07139301705717571,0.0007675017959274964,SPMB,MBB,2025-03-27,False,4570.0,2175.0,1075.0,0.0,0.0,0.0,,,0.0,0.0,0.0,False,True,False,0.0,,,0.0,0.0,0.0,0.0,0.0,0.0,0.0,0.0,0.0,0.0,0.0,0.0,0.0,0.0,-0.0,-0.0,-0.0,-0.0,-0.0,-0.0,0.0,-0.0,-0.0,-0.0,0.0,0.0,0.0
22.02,46.28,93.66,0.16000000000000014,0.3299999999999983,0.6400000000000006,4.253405994550409,2.0237683664649957,1.0,4.25126103754651,2.023568189334937,1.0,4.251056862480237,2.023562821129992,1.0,93.60827211181481,93.65048736189604,93.66,0.021255284312401184,0.01011781410564996,0.005,93.58701682750241,93.64036954779039,93.655,93.62952739612722,93.6606051760017,93.66499999999999,93.62952739612722,93.655,0.02547260387278527,0.000271968864753206,SPMB,MBB,2025-03-28,False,4540.0,2161.0,1068.0,0.0,0.0,0.0,,,0.0,0.0,0.0,False,True,False,0.0,,,0.0,0.0,0.0,0.0,0.0,0.0,0.0,0.0,0.0,0.0,0.0,0.0,0.0,0.0,-0.0,-0.0,-0.0,-0.0,-0.0,-0.0,0.0,0.0,0.0,0.0,0.0,0.0,0.0
22.05,46.31,93.78,0.030000000000001137,0.030000000000001137,0.12000000000000455,4.253061224489795,2.0250485856186566,1.0,4.251493284291362,2.023667849816042,1.0,4.25126103754651,2.023568189334937,1.0,93.74030587790055,93.71144284810094,93.78,0.02125630518773255,0.010117840946674686,0.005,93.71904957271282,93.70132500715427,93.775,93.76156218308829,93.72156068904762,93.785,93.72156068904762,93.775,0.053439310952384744,0.0005698369689953588,VMBS,MBB,2025-03-31,False,4532.0,2157.0,1066.0,0.0,0.0,0.0,,,0.0,0.0,0.0,False,True,False,0.0,,,0.0,0.0,0.0,0.0,0.0,0.0,0.0,0.0,0.0,0.0,0.0,0.0,0.0,0.0,-0.0,-0.0,-0.0,-0.0,-0.0,-0.0,0.0,0.0,0.0,0.0,0.0,0.0,0.0
22.09,46.34,93.79,0.03999999999999915,0.030000000000001137,0.010000000000005116,4.245812584880037,2.0239533880017264,1.0,4.251033913535364,2.0236436334029797,1.0,4.251493284291362,2.023667849816042,1.0,93.91548664999618,93.7767681604754,93.79,0.02125746642145681,0.01011833924908021,0.005,93.89422918357472,93.76664982122632,93.78500000000001,93.93674411641764,93.78688649972447,93.795,93.78688649972447,93.89422918357472,0.10734268385024848,0.0011445003076047389,VMBS,SPMB,2025-04-01,True,4532.0,2157.0,1066.0,0.0,0.0,0.0,,,0.0,0.0,0.0,False,True,False,0.0,,,0.0,0.0,0.0,0.0,0.0,0.0,0.0,0.0,0.0,0.0,0.0,0.0,0.0,0.0,-0.0,-0.0,-0.0,-0.0,-0.0,-0.0,0.0,0.0,0.0,0.0,0.0,0.0,0.0
22.02,46.2,93.59,-0.07000000000000028,-0.14000000000000057,-0.20000000000000284,4.250227066303361,2.025757575757576,1.0,4.251005367169729,2.023803284809648,1.0,4.251033913535364,2.0236436334029797,1.0,93.60776677604872,93.49233586321766,93.59,0.021255169567676823,0.010118218167014898,0.005,93.58651160648104,93.48221764505065,93.58500000000001,93.6290219456164,93.50245408138467,93.595,93.50245408138467,93.58651160648104,0.08405752509636955,0.0008981464376148044,VMBS,SPMB,2025-04-02,False,4540.0,2161.0,1068.0,0.0,0.0,0.0,,,0.0,0.0,0.0,False,True,True,0.0,,,0.0,0.0,0.0,0.0,0.0,0.0,0.0,0.0,0.0,0.0,0.0,0.0,0.0,0.0,-0.0,-0.0,-0.0,-0.0,-0.0,-0.0,0.0,-0.0,-0.0,-0.0,0.0,0.0,0.0
22.17,46.52,94.22,0.15000000000000213,0.3200000000000003,0.6299999999999955,4.249887235002255,2.02536543422184,1.0,4.2511022813355215,2.0239430842985175,1.0,4.251005367169729,2.023803284809648,1.0,94.24478899015291,94.14732880934483,94.22,0.021255026835848647,0.010119016424048239,0.005,94.22353396331707,94.13720979292079,94.215,94.26604401698876,94.15744782576887,94.225,94.15744782576887,94.22353396331707,0.06608613754819714,0.0007014024363001183,VMBS,SPMB,2025-04-03,False,4510.0,2147.0,1061.0,0.0,0.0,0.0,,,0.0,0.0,0.0,False,True,False,0.0,,,0.0,0.0,0.0,0.0,0.0,0.0,0.0,0.0,0.0,0.0,0.0,0.0,0.0,0.0,-0.0,-0.0,-0.0,-0.0,-0.0,-0.0,0.0,0.0,0.0,0.0,0.0,0.0,0.0
22.2,46.6,94.18,0.029999999999997584,0.0799999999999983,-0.03999999999999204,4.242342342342343,2.021030042918455,1.0,4.250593827676383,2.023810318734749,1.0,4.2511022813355215,2.0239430842985175,1.0,94.37447064564857,94.31574772831092,94.18,0.02125551140667761,0.010119715421492589,0.005,94.35321513424189,94.30562801288943,94.17500000000001,94.39572615705525,94.32586744373242,94.185,94.185,94.35321513424189,0.1682151342418905,0.001786102508408266,MBB,SPMB,2025-04-04,False,4515.0,2149.0,1062.0,0.0,0.0,0.0,,,0.0,0.0,0.0,False,False,False,-0.0,,,0.0,0.0,0.0,0.0,0.0,0.0,0.0,0.0,0.0,0.0,0.0,0.0,0.0,0.0,-0.0,-0.0,-0.0,-0.0,-0.0,-0.0,0.0,0.0,0.0,-0.0,0.0,0.0,0.0
21.89,45.97,93.17,-0.3099999999999987,-0.6300000000000026,-1.0100000000000051,4.256281407035176,2.0267565803785077,1.0,4.2508057181916294,2.0239702787240654,1.0,4.250593827676383,2.023810318734749,1.0,93.04549888783602,93.03456035223641,93.17,0.021252969138381914,0.010119051593673744,0.005,93.02424591869763,93.02444130064274,93.165,93.0667518569744,93.04467940383009,93.175,93.04467940383009,93.165,0.1203205961699183,0.0012914092107965901,VMBS,MBB,2025-04-07,False,4561.0,2172.0,1073.0,0.0,0.0,0.0,,,0.0,0.0,-0.0,False,True,False,0.0,,,0.0,0.0,0.0,0.0,0.0,0.0,0.0,0.0,0.0,0.0,0.0,0.0,0.0,0.0,-0.0,-0.0,-0.0,-0.0,-0.0,-0.0,0.0,-0.0,-0.0,-0.0,0.0,0.0,0.0
21.78,45.71,92.58,-0.10999999999999943,-0.259999999999998,-0.5900000000000034,4.250688705234159,2.0253773791292935,1.0,4.250976765475196,2.0240566785983,1.0,4.2508057181916294,2.0239702787240654,1.0,92.5825485422137,92.51568144047704,92.58,0.021254028590958148,0.010119851393620328,0.005,92.56129451362274,92.50556158908341,92.575,92.60380257080466,92.52580129187066,92.585,92.52580129187066,92.575,0.0491987081293388,0.0005314183206884726,VMBS,MBB,2025-04-08,False,4591.0,2186.0,1080.0,0.0,0.0,0.0,,,0.0,0.0,0.0,False,True,False,0.0,,,0.0,0.0,0.0,0.0,0.0,0.0,0.0,0.0,0.0,0.0,0.0,0.0,0.0,0.0,-0.0,-0.0,-0.0,-0.0,-0.0,-0.0,0.0,-0.0,-0.0,-0.0,0.0,0.0,0.0
21.8,45.77,92.62,0.019999999999999574,0.060000000000002274,0.04000000000000625,4.24862385321101,2.023596242079965,1.0,4.250679438940134,2.0240517080936025,1.0,4.250976765475196,2.0240566785983,1.0,92.67129348735926,92.6410741794442,92.62,0.02125488382737598,0.010120283392991501,0.005,92.65003860353188,92.63095389605121,92.61500000000001,92.69254837118665,92.6511944628372,92.625,92.625,92.65003860353188,0.025038603531882586,0.0002703368984223989,MBB,SPMB,2025-04-09,False,4591.0,2186.0,1080.0,0.0,0.0,0.0,,,0.0,0.0,0.0,False,True,False,0.0,,,0.0,0.0,0.0,0.0,0.0,0.0,0.0,0.0,0.0,0.0,0.0,0.0,0.0,0.0,-0.0,-0.0,-0.0,-0.0,-0.0,-0.0,0.0,0.0,0.0,0.0,0.0,0.0,0.0
21.64,45.37,91.95,-0.16000000000000014,-0.4000000000000057,-0.6700000000000017,4.249075785582255,2.026669605466167,1.0,4.250359505591509,2.024301529936048,1.0,4.250679438940134,2.0240517080936025,1.0,91.9847030586645,91.83122599620674,91.95,0.02125339719470067,0.010120258540468012,0.005,91.9634496614698,91.82110573766627,91.94500000000001,92.00595645585919,91.84134625474721,91.955,91.84134625474721,91.9634496614698,0.12210340672258724,0.001327932645161362,VMBS,SPMB,2025-04-10,False,4625.0,2202.0,1088.0,0.0,0.0,0.0,,,0.0,0.0,0.0,False,True,False,0.0,,,0.0,0.0,0.0,0.0,0.0,0.0,0.0,0.0,0.0,0.0,0.0,0.0,0.0,0.0,-0.0,-0.0,-0.0,-0.0,-0.0,-0.0,0.0,-0.0,-0.0,-0.0,0.0,0.0,0.0
21.55,45.2,91.91,-0.08999999999999986,-0.1699999999999946,-0.04000000000000625,4.264965197215777,2.0334070796460173,1.0,4.251182000262714,2.0248409574285704,1.0,4.250359505591509,2.024301529936048,1.0,91.59524734549701,91.49842915310937,91.91,0.021251797527957545,0.01012150764968024,0.005,91.57399554796906,91.48830764545968,91.905,91.61649914302497,91.50855066075906,91.91499999999999,91.50855066075906,91.905,0.39644933924094516,0.004313451629212765,VMBS,MBB,2025-04-11,False,4624.0,2202.0,1088.0,0.0,0.0,0.0,,,0.0,0.0,0.0,True,False,False,1.0,VMBS,MBB,0.0,2202.0,-1088.0,0.0,0.0,0.0,0.0,0.0,0.0,2202.0,-1088.0,0.0,2202.0,0.0,-0.0,-0.0,1088.0,-0.0,-11.01,-5.44,-16.45,-0.0,-0.0,-0.0,0.0,-16.45,-16.45
21.76,45.73,92.57,0.21000000000000085,0.529999999999994,0.6599999999999966,4.2541360294117645,2.024272906188498,1.0,4.251394501687702,2.024904179469057,1.0,4.251182000262714,2.0248409574285704,1.0,92.50572032571667,92.59597698320852,92.57,0.021255910001313574,0.010124204787142852,0.005,92.48446441571535,92.58585277842137,92.565,92.52697623571798,92.60610118799566,92.57499999999999,92.52697623571798,92.58585277842137,0.05887654270338771,0.0006360218505281162,SPMB,VMBS,2025-04-14,False,4591.0,2187.0,1080.0,0.0,2202.0,-1088.0,VMBS,MBB,-0.041101187995664645,-0.0004440011666378378,1.0,False,True,False,0.0,,,0.0,0.0,0.0,0.0,99530.40000000001,-99998.08,199528.48,-467.679999999993,0.0,-2202.0,1088.0,0.0,0.0,1088.0,-0.0,2202.0,-0.0,-0.0,-11.01,-5.44,-16.45,0.0,1167.0599999999868,-718.0799999999963,448.97999999999047,432.5299999999905,416.0799999999905
21.8,45.8,92.61,0.03999999999999915,0.07000000000000028,0.04000000000000625,4.248165137614679,2.022052401746725,1.0,4.251683613502498,2.0248465306342505,1.0,4.251394501687702,2.024904179469057,1.0,92.68040013679192,92.74061141968282,92.61,0.021256972508438512,0.010124520897345286,0.005,92.65914316428348,92.73048689878547,92.605,92.70165710930036,92.75073594058017,92.615,92.615,92.73048689878547,0.11548689878547691,0.0012470240663586753,MBB,VMBS,2025-04-15,False,4592.0,2187.0,1080.0,0.0,0.0,0.0,,,0.0,0.0,0.0,False,True,False,0.0,,,0.0,0.0,0.0,0.0,0.0,0.0,0.0,0.0,0.0,0.0,0.0,0.0,0.0,0.0,-0.0,-0.0,-0.0,-0.0,-0.0,-0.0,0.0,0.0,0.0,0.0,0.0,0.0,416.0799999999905
21.85,45.92,92.79,0.05000000000000071,0.12000000000000455,0.18000000000000682,4.246681922196796,2.0206881533101044,1.0,4.25149498233961,2.0246358105388205,1.0,4.251683613502498,2.0248465306342505,1.0,92.89928695502958,92.98095268672479,92.79,0.02125841806751249,0.010124232653171252,0.005,92.87802853696206,92.97082845407162,92.78500000000001,92.9205453730971,92.99107691937796,92.795,92.795,92.97082845407162,0.1758284540716204,0.0018949073614788273,MBB,VMBS,2025-04-16,False,4583.0,2183.0,1078.0,0.0,0.0,0.0,,,0.0,0.0,0.0,False,False,False,-0.0,,,0.0,0.0,0.0,0.0,0.0,0.0,0.0,0.0,0.0,0.0,0.0,0.0,0.0,0.0,-0.0,-0.0,-0.0,-0.0,-0.0,-0.0,0.0,0.0,0.0,0.0,0.0,0.0,416.0799999999905
21.77,45.74,92.48,-0.08000000000000185,-0.17999999999999972,-0.3100000000000023,4.248047772163528,2.0218627022299955,1.0,4.251340604371945,2.02452894565032,1.0,4.25149498233961,2.0246358105388205,1.0,92.55504576553331,92.60684197404565,92.48,0.02125747491169805,0.010123179052694102,0.005,92.53378829062162,92.59671879499295,92.47500000000001,92.576303240445,92.61696515309835,92.485,92.485,92.59671879499295,0.11171879499295301,0.001208031952778471,MBB,VMBS,2025-04-17,False,4596.0,2189.0,1081.0,0.0,0.0,0.0,,,0.0,0.0,-0.0,False,True,False,0.0,,,0.0,0.0,0.0,0.0,0.0,0.0,0.0,0.0,0.0,0.0,0.0,0.0,0.0,0.0,-0.0,-0.0,-0.0,-0.0,-0.0,-0.0,0.0,-0.0,-0.0,-0.0,0.0,0.0,416.0799999999905
21.63,45.43,91.84,-0.14000000000000057,-0.3100000000000023,-0.6400000000000006,4.2459546925566345,2.021571648690293,1.0,4.251024702636141,2.0244067492012348,1.0,4.251340604371945,2.02452894565032,1.0,91.95649727256517,91.97435000089403,91.84,0.021256703021859728,0.0101226447282516,0.005,91.93524056954331,91.96422735616578,91.83500000000001,91.97775397558704,91.98447264562229,91.845,91.845,91.96422735616578,0.11922735616577995,0.001298207275324259,MBB,VMBS,2025-04-21,False,4630.0,2205.0,1089.0,0.0,0.0,0.0,,,0.0,0.0,0.0,False,True,False,0.0,,,0.0,0.0,0.0,0.0,0.0,0.0,0.0,0.0,0.0,0.0,0.0,0.0,0.0,0.0,-0.0,-0.0,-0.0,-0.0,-0.0,-0.0,0.0,-0.0,-0.0,-0.0,0.0,0.0,416.0799999999905
21.67,45.53,92.08,0.0400000000000027,0.10000000000000142,0.23999999999999488,4.249192431933548,2.022402811333187,1.0,4.250898668682339,2.024341849541758,1.0,4.251024702636141,2.0244067492012348,1.0,92.1197053061252,92.17123929113222,92.08,0.021255123513180707,0.010122033746006174,0.005,92.09845018261201,92.16111725738622,92.075,92.14096042963838,92.18136132487822,92.085,92.085,92.16111725738622,0.07611725738622965,0.0008266426736123985,MBB,VMBS,2025-04-22,False,4617.0,2199.0,1086.0,0.0,0.0,0.0,,,0.0,0.0,0.0,False,True,False,0.0,,,0.0,0.0,0.0,0.0,0.0,0.0,0.0,0.0,0.0,0.0,0.0,0.0,0.0,0.0,-0.0,-0.0,-0.0,-0.0,-0.0,-0.0,0.0,0.0,0.0,0.0,0.0,0.0,416.0799999999905
21.7,45.66,92.38,0.029999999999997584,0.12999999999999545,0.29999999999999716,4.257142857142857,2.023215067893123,1.0,4.251147512405875,2.0242979144189404,1.0,4.250898668682339,2.024341849541758,1.0,92.24450111040676,92.43144885007666,92.38,0.021254493343411698,0.01012170924770879,0.005,92.22324661706335,92.42132714082895,92.375,92.26575560375016,92.44157055932438,92.38499999999999,92.26575560375016,92.42132714082895,0.15557153707878513,0.0016840391543492654,SPMB,VMBS,2025-04-23,False,4599.0,2190.0,1082.0,0.0,0.0,0.0,,,0.0,0.0,0.0,False,False,False,-0.0,,,0.0,0.0,0.0,0.0,0.0,0.0,0.0,0.0,0.0,0.0,0.0,0.0,0.0,0.0,-0.0,-0.0,-0.0,-0.0,-0.0,-0.0,0.0,0.0,0.0,0.0,0.0,0.0,416.0799999999905
21.84,45.94,92.91,0.14000000000000057,0.28000000000000114,0.5300000000000011,4.254120879120879,2.022420548541576,1.0,4.251153693410799,2.0241795419764825,1.0,4.251147512405875,2.0242979144189404,1.0,92.8450616709443,92.99624618840612,92.91,0.021255737562029375,0.010121489572094702,0.005,92.82380593338227,92.98612469883402,92.905,92.86631740850633,93.00636767797822,92.91499999999999,92.86631740850633,92.98612469883402,0.11980729032768522,0.001289498335245778,SPMB,VMBS,2025-04-24,False,4574.0,2178.0,1076.0,0.0,0.0,0.0,,,0.0,0.0,-0.0,False,True,False,0.0,,,0.0,0.0,0.0,0.0,0.0,0.0,0.0,0.0,0.0,0.0,0.0,0.0,0.0,0.0,-0.0,-0.0,-0.0,-0.0,-0.0,-0.0,0.0,0.0,0.0,0.0,0.0,0.0,416.0799999999905
21.92,46.12,93.27,0.08000000000000185,0.17999999999999972,0.35999999999999943,4.255018248175182,2.022333044232437,1.0,4.251141568308123,2.024077478192457,1.0,4.251153693410799,2.0241795419764825,1.0,93.18528895956473,93.35516047595537,93.27,0.021255768467053997,0.010120897709882413,0.005,93.16403319109767,93.34503957824549,93.265,93.20654472803179,93.36528137366525,93.27499999999999,93.20654472803179,93.34503957824549,0.13849485021370356,0.0014848809929634778,SPMB,VMBS,2025-04-25,False,4557.0,2170.0,1072.0,0.0,0.0,0.0,,,0.0,0.0,0.0,False,True,False,0.0,,,0.0,0.0,0.0,0.0,0.0,0.0,0.0,0.0,0.0,0.0,0.0,0.0,0.0,0.0,-0.0,-0.0,-0.0,-0.0,-0.0,-0.0,0.0,0.0,0.0,0.0,0.0,0.0,416.0799999999905
21.98,46.22,93.51,0.05999999999999872,0.10000000000000142,0.2400000000000091,4.254322111010009,2.023150151449589,1.0,4.251187374131103,2.0240465674416868,1.0,4.251141568308123,2.024077478192457,1.0,93.44009167141255,93.55286104205535,93.51,0.021255707841540614,0.010120387390962285,0.005,93.418835963571,93.5427406546644,93.50500000000001,93.4613473792541,93.56298142944631,93.515,93.4613473792541,93.5427406546644,0.08139327541030639,0.0008704232211560944,SPMB,VMBS,2025-04-28,False,4544.0,2164.0,1069.0,0.0,0.0,0.0,,,0.0,0.0,0.0,False,True,False,0.0,,,0.0,0.0,0.0,0.0,0.0,0.0,0.0,0.0,0.0,0.0,0.0,0.0,0.0,0.0,-0.0,-0.0,-0.0,-0.0,-0.0,-0.0,0.0,0.0,0.0,0.0,0.0,0.0,416.0799999999905
22.03,46.32,93.76,0.05000000000000071,0.10000000000000142,0.25,4.256014525646846,2.0241796200345425,1.0,4.251335039188954,2.0240031191624808,1.0,4.251187374131103,2.0240465674416868,1.0,93.6536578521082,93.75383700389894,93.76,0.021255936870655516,0.010120232837208434,0.005,93.63240191523754,93.74371677106173,93.75500000000001,93.67491378897886,93.76395723673615,93.765,93.67491378897886,93.75500000000001,0.08008621102115399,0.0008541618069662328,SPMB,MBB,2025-04-29,False,4536.0,2160.0,1067.0,0.0,0.0,0.0,,,0.0,0.0,0.0,False,True,False,0.0,,,0.0,0.0,0.0,0.0,0.0,0.0,0.0,0.0,0.0,0.0,0.0,0.0,0.0,0.0,-0.0,-0.0,-0.0,-0.0,-0.0,-0.0,0.0,0.0,0.0,0.0,0.0,0.0,416.0799999999905
22.04,46.32,93.79,0.00999999999999801,0.0,0.030000000000001137,4.255444646098004,2.024827288428325,1.0,4.251816642249853,2.024046814183811,1.0,4.251335039188954,2.0240031191624808,1.0,93.69942426372455,93.75182447960611,93.79,0.021256675195944773,0.010120015595812404,0.005,93.67816758852861,93.7417044640103,93.78500000000001,93.7206809389205,93.76194449520193,93.795,93.7206809389205,93.78500000000001,0.0643190610795159,0.0006857773864965977,SPMB,MBB,2025-04-30,False,4532.0,2158.0,1066.0,0.0,0.0,0.0,,,0.0,0.0,0.0,False,True,False,0.0,,,0.0,0.0,0.0,0.0,0.0,0.0,0.0,0.0,0.0,0.0,0.0,0.0,0.0,0.0,-0.0,-0.0,-0.0,-0.0,-0.0,-0.0,0.0,0.0,0.0,0.0,0.0,0.0,416.0799999999905
21.93,46.02,93.13,-0.10999999999999943,-0.29999999999999716,-0.6600000000000108,4.246694026447789,2.0236853541938284,1.0,4.2516399902570745,2.0239432031056235,1.0,4.251816642249853,2.024046814183811,1.0,93.24233896453927,93.14663438873897,93.13,0.021259083211249266,0.010120234070919054,0.005,93.22107988132802,93.13651415466805,93.125,93.26359804775052,93.1567546228099,93.13499999999999,93.13499999999999,93.22107988132802,0.08607988132803257,0.0009242980922155329,MBB,SPMB,2025-05-01,True,4566.0,2174.0,1074.0,0.0,0.0,0.0,,,0.0,0.0,0.0,False,True,False,0.0,,,0.0,0.0,0.0,0.0,0.0,0.0,0.0,0.0,0.0,0.0,0.0,0.0,0.0,0.0,-0.0,-0.0,-0.0,-0.0,-0.0,-0.0,0.0,-0.0,-0.0,-0.0,0.0,0.0,416.0799999999905
21.8,45.73,92.62,-0.129999999999999,-0.29000000000000625,-0.5099999999999909,4.24862385321101,2.025366280341133,1.0,4.251576821167513,2.023943245411588,1.0,4.2516399902570745,2.0239432031056235,1.0,92.68575178760423,92.55492267802016,92.62,0.021258199951285372,0.010119716015528118,0.005,92.66449358765294,92.54480296200464,92.61500000000001,92.70700998755552,92.56504239403569,92.625,92.56504239403569,92.66449358765294,0.09945119361725574,0.0010737550595687295,VMBS,SPMB,2025-05-02,False,4592.0,2186.0,1080.0,0.0,0.0,0.0,,,0.0,0.0,0.0,False,True,True,0.0,,,0.0,0.0,0.0,0.0,0.0,0.0,0.0,0.0,0.0,0.0,0.0,0.0,0.0,0.0,-0.0,-0.0,-0.0,-0.0,-0.0,-0.0,0.0,-0.0,-0.0,-0.0,0.0,0.0,416.0799999999905
21.74,45.64,92.41,-0.060000000000002274,-0.0899999999999963,-0.21000000000000796,4.250689972401104,2.0247589833479402,1.0,4.251994202670451,2.0241296924330627,1.0,4.251576821167513,2.023943245411588,1.0,92.42928009218171,92.37276972058487,92.41,0.021257884105837562,0.010119716227057941,0.005,92.40802220807588,92.36265000435782,92.405,92.45053797628755,92.38288943681192,92.41499999999999,92.38288943681192,92.40802220807588,0.025132771263955078,0.00027197025499356214,VMBS,SPMB,2025-05-05,False,4600.0,2190.0,1082.0,0.0,0.0,0.0,,,0.0,0.0,0.0,False,True,False,0.0,,,0.0,0.0,0.0,0.0,0.0,0.0,0.0,0.0,0.0,0.0,0.0,0.0,0.0,0.0,-0.0,-0.0,-0.0,-0.0,-0.0,-0.0,0.0,-0.0,-0.0,-0.0,0.0,0.0,416.0799999999905
21.83,45.83,92.8,0.08999999999999986,0.18999999999999773,0.39000000000000057,4.251030691708658,2.0248745363299148,1.0,4.251731666904124,2.024035590230633,1.0,4.251994202670451,2.0241296924330627,1.0,92.82103344429594,92.76586380420726,92.8,0.021259971013352256,0.010120648462165314,0.005,92.79977347328258,92.7557431557451,92.795,92.84229341530929,92.77598445266942,92.80499999999999,92.77598445266942,92.79977347328258,0.023789020613165235,0.0002563472048832461,VMBS,SPMB,2025-05-06,False,4584.0,2182.0,1078.0,0.0,0.0,0.0,,,0.0,0.0,0.0,False,True,False,0.0,,,0.0,0.0,0.0,0.0,0.0,0.0,0.0,0.0,0.0,0.0,0.0,0.0,0.0,0.0,-0.0,-0.0,-0.0,-0.0,-0.0,-0.0,0.0,0.0,0.0,0.0,0.0,0.0,416.0799999999905
21.89,45.94,93.05,0.060000000000002274,0.10999999999999943,0.25,4.250799451804476,2.0254680017414017,1.0,4.25173720423264,2.024040121361238,1.0,4.251731666904124,2.024035590230633,1.0,93.07040618853128,92.98419501519527,93.05,0.021258658334520623,0.010120177951153164,0.005,93.04914753019676,92.97407483724412,93.045,93.0916648468658,92.99431519314642,93.05499999999999,92.99431519314642,93.04914753019676,0.05483233705034252,0.0005892782058070125,VMBS,SPMB,2025-05-07,False,4571.0,2176.0,1075.0,0.0,0.0,0.0,,,0.0,0.0,0.0,False,True,False,0.0,,,0.0,0.0,0.0,0.0,0.0,0.0,0.0,0.0,0.0,0.0,0.0,0.0,0.0,0.0,-0.0,-0.0,-0.0,-0.0,-0.0,-0.0,0.0,0.0,0.0,0.0,0.0,0.0,416.0799999999905
21.77,45.65,92.48,-0.120000000000001,-0.28999999999999915,-0.5699999999999932,4.248047772163528,2.025848849945236,1.0,4.2517084001802665,2.0241527517545017,1.0,4.25173720423264,2.024040121361238,1.0,92.56031893614457,92.3974315401405,92.48,0.021258686021163202,0.01012020060680619,0.005,92.5390602501234,92.3873113395337,92.47500000000001,92.58157762216574,92.40755174074731,92.485,92.40755174074731,92.5390602501234,0.13150850937608993,0.001422021078893706,VMBS,SPMB,2025-05-08,False,4596.0,2188.0,1081.0,0.0,0.0,0.0,,,0.0,0.0,0.0,False,True,False,0.0,,,0.0,0.0,0.0,0.0,0.0,0.0,0.0,0.0,0.0,0.0,0.0,0.0,0.0,0.0,-0.0,-0.0,-0.0,-0.0,-0.0,-0.0,0.0,-0.0,-0.0,-0.0,0.0,0.0,416.0799999999905
21.8,45.74,92.68,0.030000000000001137,0.09000000000000341,0.20000000000000284,4.251376146788991,2.0262352426759946,1.0,4.251823418240603,2.024131033614993,1.0,4.2517084001802665,2.0241527517545017,1.0,92.68724312392982,92.5847468652509,92.68,0.021258542000901333,0.010120763758772508,0.005,92.66598458192891,92.57462610149213,92.67500000000001,92.70850166593073,92.59486762900968,92.685,92.59486762900968,92.67500000000001,0.08013237099032722,0.0008646134116349505,VMBS,MBB,2025-05-09,False,4588.0,2184.0,1079.0,0.0,0.0,0.0,,,0.0,0.0,0.0,False,True,False,0.0,,,0.0,0.0,0.0,0.0,0.0,0.0,0.0,0.0,0.0,0.0,0.0,0.0,0.0,0.0,-0.0,-0.0,-0.0,-0.0,-0.0,-0.0,0.0,0.0,0.0,0.0,0.0,0.0,416.0799999999905
21.71,45.5,92.16,-0.08999999999999986,-0.240000000000002,-0.5200000000000102,4.245048364808843,2.0254945054945055,1.0,4.250827576620257,2.023735404907417,1.0,4.251823418240603,2.024131033614993,1.0,92.30708641000349,92.09796202948219,92.16,0.021259117091203015,0.010120655168074966,0.005,92.28582729291229,92.08784137431411,92.155,92.3283455270947,92.10808268465027,92.16499999999999,92.10808268465027,92.28582729291229,0.17774460826201732,0.0019286524333986255,VMBS,SPMB,2025-05-12,False,4613.0,2196.0,1085.0,0.0,0.0,0.0,,,0.0,0.0,0.0,False,False,False,-0.0,,,0.0,0.0,0.0,0.0,0.0,0.0,0.0,0.0,0.0,0.0,0.0,0.0,0.0,0.0,-0.0,-0.0,-0.0,-0.0,-0.0,-0.0,0.0,-0.0,-0.0,-0.0,0.0,0.0,416.0799999999905
21.69,45.5,92.07,-0.019999999999999574,0.0,-0.09000000000000341,4.244813278008298,2.023516483516483,1.0,4.250361439050083,2.0236975837738167,1.0,4.250827576620257,2.023735404907417,1.0,92.20045013689337,92.07996092328749,92.07,0.021254137883101282,0.010118677024537085,0.005,92.17919599901026,92.06984224626295,92.065,92.22170427477647,92.09007960031202,92.07499999999999,92.07499999999999,92.17919599901026,0.10419599901027254,0.001131704127406023,MBB,SPMB,2025-05-13,False,4616.0,2198.0,1086.0,0.0,0.0,0.0,,,0.0,0.0,-0.0,False,True,False,0.0,,,0.0,0.0,0.0,0.0,0.0,0.0,0.0,0.0,0.0,0.0,0.0,0.0,0.0,0.0,-0.0,-0.0,-0.0,-0.0,-0.0,-0.0,0.0,-0.0,0.0,-0.0,0.0,0.0,416.0799999999905
21.57,45.34,91.66,-0.120000000000001,-0.1599999999999966,-0.4099999999999966,4.2494204914232725,2.02161446846052,1.0,4.2504242067405125,2.023675687109507,1.0,4.250361439050083,2.0236975837738167,1.0,91.6802962403103,91.75444844830486,91.66,0.021251807195250418,0.010118487918869084,0.005,91.65904443311504,91.74432996038598,91.655,91.70154804750555,91.76456693622373,91.66499999999999,91.66499999999999,91.74432996038598,0.07932996038599072,0.0008654806937158054,MBB,VMBS,2025-05-14,False,4637.0,2208.0,1091.0,0.0,0.0,0.0,,,0.0,0.0,0.0,False,True,False,0.0,,,0.0,0.0,0.0,0.0,0.0,0.0,0.0,0.0,0.0,0.0,0.0,0.0,0.0,0.0,-0.0,-0.0,-0.0,-0.0,-0.0,-0.0,0.0,-0.0,-0.0,-0.0,0.0,0.0,416.0799999999905
21.73,45.66,92.33,0.16000000000000014,0.3199999999999932,0.6700000000000017,4.248964565117349,2.0221200175208063,1.0,4.250538338886541,2.023747280320042,1.0,4.2504242067405125,2.023675687109507,1.0,92.36171801247134,92.40103187342008,92.33,0.021252121033702564,0.010118378435547535,0.005,92.34046589143765,92.39091349498453,92.325,92.38297013350504,92.41115025185563,92.335,92.335,92.39091349498453,0.05591349498453724,0.0006055831797307185,MBB,VMBS,2025-05-15,False,4603.0,2192.0,1083.0,0.0,0.0,0.0,,,0.0,0.0,0.0,False,True,False,0.0,,,0.0,0.0,0.0,0.0,0.0,0.0,0.0,0.0,0.0,0.0,0.0,0.0,0.0,0.0,-0.0,-0.0,-0.0,-0.0,-0.0,-0.0,0.0,0.0,0.0,0.0,0.0,0.0,416.0799999999905
21.73,45.64,92.37,0.0,-0.01999999999999602,0.04000000000000625,4.250805338242062,2.0238825591586327,1.0,4.250676217190468,2.0238482731664735,1.0,4.250538338886541,2.023747280320042,1.0,92.36419810400453,92.36382587380672,92.37,0.021252691694432703,0.010118736401600211,0.005,92.3429454123101,92.35370713740512,92.36500000000001,92.38545079569896,92.37394461020831,92.375,92.37394461020831,92.36500000000001,-0.008944610208303061,-9.683458058139072e-05,VMBS,MBB,2025-05-16,False,4603.0,2192.0,1083.0,0.0,0.0,0.0,,,0.0,0.0,0.0,False,True,False,0.0,,,0.0,0.0,0.0,0.0,0.0,0.0,0.0,0.0,0.0,0.0,0.0,0.0,0.0,0.0,-0.0,-0.0,-0.0,-0.0,-0.0,-0.0,0.0,0.0,-0.0,0.0,0.0,0.0,416.0799999999905
21.72,45.55,92.31,-0.010000000000001563,-0.09000000000000341,-0.060000000000002274,4.25,2.026564215148189,1.0,4.250878482562635,2.0240979014893683,1.0,4.250676217190468,2.0238482731664735,1.0,92.32468743737695,92.18628884273286,92.31,0.02125338108595234,0.010119241365832367,0.005,92.303434056291,92.17616960136704,92.305,92.3459408184629,92.19640808409869,92.315,92.19640808409869,92.305,0.10859191590131445,0.0011763830126889226,VMBS,MBB,2025-05-19,False,4603.0,2192.0,1083.0,0.0,0.0,0.0,,,0.0,0.0,0.0,False,True,False,0.0,,,0.0,0.0,0.0,0.0,0.0,0.0,0.0,0.0,0.0,0.0,0.0,0.0,0.0,0.0,-0.0,-0.0,-0.0,-0.0,-0.0,-0.0,0.0,-0.0,-0.0,-0.0,0.0,0.0,416.0799999999905
21.67,45.46,92.05,-0.04999999999999716,-0.0899999999999963,-0.2600000000000051,4.247808029533918,2.0248570171579408,1.0,4.250809262442654,2.024220611780606,1.0,4.250878482562635,2.0240979014893683,1.0,92.11653671713232,92.01549060170669,92.05,0.021254392412813176,0.010120489507446841,0.005,92.0952823247195,92.00537011219924,92.045,92.13779110954513,92.02561109121413,92.05499999999999,92.02561109121413,92.0952823247195,0.06967123350537463,0.0007568846660008108,VMBS,SPMB,2025-05-20,False,4616.0,2198.0,1086.0,0.0,0.0,0.0,,,0.0,0.0,0.0,False,True,False,0.0,,,0.0,0.0,0.0,0.0,0.0,0.0,0.0,0.0,0.0,0.0,0.0,0.0,0.0,0.0,-0.0,-0.0,-0.0,-0.0,-0.0,-0.0,0.0,-0.0,-0.0,-0.0,0.0,0.0,416.0799999999905
21.52,45.15,91.41,-0.15000000000000213,-0.3100000000000023,-0.6400000000000006,4.247676579925651,2.0245847176079734,1.0,4.250335948581794,2.0242890942663485,1.0,4.250809262442654,2.024220611780606,1.0,91.47741532776591,91.39356062189435,91.41,0.021254046312213268,0.01012110305890303,0.005,91.4561612814537,91.38343951883544,91.405,91.49866937407812,91.40368172495326,91.41499999999999,91.40368172495326,91.4561612814537,0.05247955650044389,0.000574111765676008,VMBS,SPMB,2025-05-21,False,4650.0,2214.0,1094.0,0.0,0.0,0.0,,,0.0,0.0,0.0,False,True,False,0.0,,,0.0,0.0,0.0,0.0,0.0,0.0,0.0,0.0,0.0,0.0,0.0,0.0,0.0,0.0,-0.0,-0.0,-0.0,-0.0,-0.0,-0.0,0.0,-0.0,-0.0,-0.0,0.0,0.0,416.0799999999905
21.55,45.23,91.58,0.030000000000001137,0.0799999999999983,0.1700000000000017,4.249651972157772,2.0247623258898964,1.0,4.250112503233638,2.0244061831337645,1.0,4.250335948581794,2.0242890942663485,1.0,91.59473969193766,91.55859573366693,91.58,0.021251679742908973,0.010121445471331742,0.005,91.57348801219476,91.5484742881956,91.575,91.61599137168056,91.56871717913826,91.585,91.56871717913826,91.575,0.006282820861741811,6.860472659687499e-05,VMBS,MBB,2025-05-22,False,4641.0,2211.0,1092.0,0.0,0.0,0.0,,,0.0,0.0,0.0,False,True,False,0.0,,,0.0,0.0,0.0,0.0,0.0,0.0,0.0,0.0,0.0,0.0,0.0,0.0,0.0,0.0,-0.0,-0.0,-0.0,-0.0,-0.0,-0.0,0.0,0.0,0.0,0.0,0.0,0.0,416.0799999999905
21.61,45.34,91.82,0.05999999999999872,0.11000000000000654,0.23999999999999488,4.248958815363258,2.025143361270401,1.0,4.249809531593042,2.0245466989856626,1.0,4.250112503233638,2.0244061831337645,1.0,91.84493119487892,91.78657634328489,91.82,0.021250562516168192,0.010122030915668823,0.005,91.82368063236275,91.77645431236922,91.815,91.8661817573951,91.79669837420056,91.82499999999999,91.79669837420056,91.82368063236275,0.026982258162192352,0.0002938603589870655,VMBS,SPMB,2025-05-23,False,4628.0,2205.0,1089.0,0.0,0.0,0.0,,,0.0,0.0,0.0,False,True,False,0.0,,,0.0,0.0,0.0,0.0,0.0,0.0,0.0,0.0,0.0,0.0,0.0,0.0,0.0,0.0,-0.0,-0.0,-0.0,-0.0,-0.0,-0.0,0.0,0.0,0.0,0.0,0.0,0.0,416.0799999999905
21.66,45.5,92.15,0.05000000000000071,0.1599999999999966,0.3300000000000125,4.254385964912281,2.025274725274725,1.0,4.249812724288155,2.0246529276769194,1.0,4.249809531593042,2.0245466989856626,1.0,92.0508744543053,92.11687480384765,92.15,0.021249047657965214,0.010122733494928314,0.005,92.02962540664734,92.10675207035273,92.14500000000001,92.07212350196326,92.12699753734258,92.155,92.07212350196326,92.14500000000001,0.07287649803674867,0.000790846424706985,SPMB,MBB,2025-05-27,False,4611.0,2197.0,1085.0,0.0,0.0,0.0,,,0.0,0.0,0.0,False,True,False,0.0,,,0.0,0.0,0.0,0.0,0.0,0.0,0.0,0.0,0.0,0.0,0.0,0.0,0.0,0.0,-0.0,-0.0,-0.0,-0.0,-0.0,-0.0,0.0,0.0,0.0,0.0,0.0,0.0,416.0799999999905
21.65,45.47,92.06,-0.010000000000001563,-0.030000000000001137,-0.09000000000000341,4.252193995381063,2.024631625247416,1.0,4.249621697774867,2.0246755279375632,1.0,4.249812724288155,2.0246529276769194,1.0,92.00844548083856,92.06096862146953,92.06,0.021249063621440776,0.010123264638384597,0.005,91.98719641721712,92.05084535683115,92.055,92.02969454446,92.07109188610791,92.065,92.02969454446,92.055,0.02530545554000696,0.0002748800297632735,SPMB,MBB,2025-05-28,False,4615.0,2199.0,1086.0,0.0,0.0,0.0,,,0.0,0.0,0.0,False,True,False,0.0,,,0.0,0.0,0.0,0.0,0.0,0.0,0.0,0.0,0.0,0.0,0.0,0.0,0.0,0.0,-0.0,-0.0,-0.0,-0.0,-0.0,-0.0,0.0,-0.0,-0.0,-0.0,0.0,0.0,416.0799999999905
21.73,45.64,92.43,0.08000000000000185,0.1700000000000017,0.37000000000000455,4.25356649792913,2.0251971954425945,1.0,4.249527790366423,2.024694023288277,1.0,4.249621697774867,2.0246755279375632,1.0,92.34427949264786,92.40619109507038,92.43,0.021248108488874335,0.010123377639687816,0.005,92.32303138415898,92.3960677174307,92.42500000000001,92.36552760113673,92.41631447271007,92.435,92.36552760113673,92.42500000000001,0.05947239886327793,0.0006434317739184023,SPMB,MBB,2025-05-29,False,4598.0,2191.0,1082.0,0.0,0.0,0.0,,,0.0,0.0,0.0,False,True,False,0.0,,,0.0,0.0,0.0,0.0,0.0,0.0,0.0,0.0,0.0,0.0,0.0,0.0,0.0,0.0,-0.0,-0.0,-0.0,-0.0,-0.0,-0.0,0.0,0.0,0.0,0.0,0.0,0.0,416.0799999999905
21.77,45.74,92.65,0.03999999999999915,0.10000000000000142,0.21999999999999886,4.255856683509417,2.025579361609095,1.0,4.249985923219504,2.0247887236590403,1.0,4.249527790366423,2.024694023288277,1.0,92.51221999627701,92.60950462520579,92.65,0.021247638951832112,0.010123470116441385,0.005,92.49097235732518,92.59938115508935,92.64500000000001,92.53346763522885,92.61962809532223,92.655,92.53346763522885,92.64500000000001,0.1115323647711648,0.001203803181556015,SPMB,MBB,2025-05-30,False,4585.0,2185.0,1079.0,0.0,0.0,0.0,,,0.0,0.0,0.0,False,True,False,0.0,,,0.0,0.0,0.0,0.0,0.0,0.0,0.0,0.0,0.0,0.0,0.0,0.0,0.0,0.0,-0.0,-0.0,-0.0,-0.0,-0.0,-0.0,0.0,0.0,0.0,0.0,0.0,0.0,416.0799999999905
21.66,45.46,92.02,-0.10999999999999943,-0.28000000000000114,-0.6300000000000097,4.248384118190212,2.024197096348438,1.0,4.249973936468464,2.0247302644594054,1.0,4.249985923219504,2.0247887236590403,1.0,92.05469509693445,92.04689537753997,92.02,0.02124992961609752,0.010123943618295201,0.005,92.03344516731835,92.03677143392167,92.015,92.07594502655056,92.05701932115826,92.02499999999999,92.02499999999999,92.03677143392167,0.011771433921680341,0.00012792255946185983,MBB,VMBS,2025-06-02,True,4620.0,2201.0,1087.0,0.0,0.0,0.0,,,0.0,0.0,0.0,False,True,False,0.0,,,0.0,0.0,0.0,0.0,0.0,0.0,0.0,0.0,0.0,0.0,0.0,0.0,0.0,0.0,-0.0,-0.0,-0.0,-0.0,-0.0,-0.0,0.0,-0.0,-0.0,-0.0,0.0,0.0,416.0799999999905
21.64,45.41,91.97,-0.019999999999999574,-0.05000000000000426,-0.04999999999999716,4.25,2.0253248183219554,1.0,4.249939437848409,2.024758556208106,1.0,4.249973936468464,2.0247302644594054,1.0,91.96943598517757,91.94300130910159,91.97,0.021249869682342323,0.010123651322297027,0.005,91.94818611549523,91.93287765777929,91.965,91.9906858548599,91.95312496042389,91.975,91.95312496042389,91.965,0.011875039576111135,0.00012911862102980465,VMBS,MBB,2025-06-03,False,4620.0,2201.0,1087.0,0.0,0.0,0.0,,,0.0,0.0,0.0,False,True,True,0.0,,,0.0,0.0,0.0,0.0,0.0,0.0,0.0,0.0,0.0,0.0,0.0,0.0,0.0,0.0,-0.0,-0.0,-0.0,-0.0,-0.0,-0.0,0.0,-0.0,-0.0,-0.0,0.0,0.0,416.0799999999905
21.76,45.72,92.58,0.120000000000001,0.3100000000000023,0.6099999999999994,4.2545955882352935,2.0249343832021,1.0,4.250117682674741,2.024761548551715,1.0,4.249939437848409,2.024758556208106,1.0,92.4786821675814,92.57196118983461,92.58,0.021249697189242047,0.01012379278104053,0.005,92.45743247039215,92.56183739705357,92.575,92.49993186477064,92.58208498261565,92.585,92.49993186477064,92.575,0.07506813522935829,0.0008108461355515045,SPMB,MBB,2025-06-04,False,4590.0,2187.0,1080.0,0.0,0.0,0.0,,,0.0,0.0,0.0,False,True,False,0.0,,,0.0,0.0,0.0,0.0,0.0,0.0,0.0,0.0,0.0,0.0,0.0,0.0,0.0,0.0,-0.0,-0.0,-0.0,-0.0,-0.0,-0.0,0.0,0.0,0.0,0.0,0.0,0.0,416.0799999999905
21.72,45.55,92.24,-0.0400000000000027,-0.1700000000000017,-0.3400000000000034,4.246777163904236,2.025027442371021,1.0,4.249916568279728,2.0247395205831964,1.0,4.250117682674741,2.024761548551715,1.0,92.31255606769537,92.22788853653061,92.24,0.021250588413373708,0.010123807742758575,0.005,92.29130547928199,92.21776472878786,92.235,92.33380665610875,92.23801234427337,92.24499999999999,92.23801234427337,92.29130547928199,0.05329313500861588,0.0005777659909867289,VMBS,SPMB,2025-06-05,False,4607.0,2195.0,1084.0,0.0,0.0,0.0,,,0.0,0.0,0.0,False,True,False,0.0,,,0.0,0.0,0.0,0.0,0.0,0.0,0.0,0.0,0.0,0.0,0.0,0.0,0.0,0.0,-0.0,-0.0,-0.0,-0.0,-0.0,-0.0,0.0,-0.0,-0.0,-0.0,0.0,0.0,416.0799999999905
21.59,45.28,91.75,-0.129999999999999,-0.269999999999996,-0.4899999999999949,4.249652616952293,2.026280918727915,1.0,4.249996810519167,2.0247611240223304,1.0,4.249916568279728,2.0247395205831964,1.0,91.75569870915933,91.68020549200713,91.75,0.02124958284139864,0.010123697602915982,0.005,91.73444912631794,91.67008179440421,91.745,91.77694829200072,91.69032918961005,91.755,91.69032918961005,91.745,0.054670810389950475,0.0005958671432147191,VMBS,MBB,2025-06-06,False,4632.0,2207.0,1090.0,0.0,0.0,0.0,,,0.0,0.0,0.0,False,True,False,0.0,,,0.0,0.0,0.0,0.0,0.0,0.0,0.0,0.0,0.0,0.0,0.0,0.0,0.0,0.0,-0.0,-0.0,-0.0,-0.0,-0.0,-0.0,0.0,-0.0,-0.0,-0.0,0.0,0.0,416.0799999999905
21.65,45.37,91.98,0.05999999999999872,0.0899999999999963,0.23000000000000398,4.24849884526559,2.0273308353537582,1.0,4.249852945442997,2.0248159036562186,1.0,4.249996810519167,2.0247611240223304,1.0,92.01243094773996,91.86341219689312,91.98,0.021249984052595833,0.010123805620111653,0.005,91.99118096368736,91.85328839127301,91.97500000000001,92.03368093179256,91.87353600251323,91.985,91.87353600251323,91.99118096368736,0.11764496117412193,0.0012790276274638175,VMBS,SPMB,2025-06-09,False,4620.0,2201.0,1087.0,0.0,0.0,0.0,,,0.0,0.0,0.0,False,True,False,0.0,,,0.0,0.0,0.0,0.0,0.0,0.0,0.0,0.0,0.0,0.0,0.0,0.0,0.0,0.0,-0.0,-0.0,-0.0,-0.0,-0.0,-0.0,0.0,0.0,0.0,0.0,0.0,0.0,416.0799999999905
21.7,45.53,92.27,0.05000000000000071,0.1600000000000037,0.28999999999999204,4.252073732718894,2.026575884032506,1.0,4.250204213838499,2.0248699725831183,1.0,4.249852945442997,2.0248159036562186,1.0,92.22180891611305,92.18986809346764,92.27,0.021249264727214986,0.010124079518281093,0.005,92.20055965138583,92.17974401394936,92.265,92.24305818084026,92.19999217298592,92.27499999999999,92.19999217298592,92.265,0.06500782701408525,0.000704539146137263,VMBS,MBB,2025-06-10,False,4607.0,2195.0,1084.0,0.0,0.0,0.0,,,0.0,0.0,0.0,False,True,False,0.0,,,0.0,0.0,0.0,0.0,0.0,0.0,0.0,0.0,0.0,0.0,0.0,0.0,0.0,0.0,-0.0,-0.0,-0.0,-0.0,-0.0,-0.0,0.0,0.0,0.0,0.0,0.0,0.0,416.0799999999905
21.81,45.73,92.61,0.10999999999999943,0.19999999999999574,0.3400000000000034,4.246217331499312,2.0251476055106057,1.0,4.25027441651305,2.0249515286828244,1.0,4.250204213838499,2.0248699725831183,1.0,92.69695390381766,92.597303846226,92.61,0.021251021069192494,0.010124349862915591,0.005,92.67570288274847,92.58717949636308,92.605,92.71820492488685,92.60742819608892,92.615,92.60742819608892,92.67570288274847,0.06827468665954939,0.0007372280170559269,VMBS,SPMB,2025-06-11,False,4590.0,2187.0,1080.0,0.0,0.0,0.0,,,0.0,0.0,0.0,False,True,False,0.0,,,0.0,0.0,0.0,0.0,0.0,0.0,0.0,0.0,0.0,0.0,0.0,0.0,0.0,0.0,-0.0,-0.0,-0.0,-0.0,-0.0,-0.0,0.0,0.0,0.0,0.0,0.0,0.0,416.0799999999905
21.88,45.87,93.0,0.07000000000000028,0.14000000000000057,0.39000000000000057,4.250457038391225,2.027468933943754,1.0,4.250326243861448,2.025244251956986,1.0,4.25027441651305,2.0249515286828244,1.0,92.99600423330553,92.88452662068114,93.0,0.02125137208256525,0.010124757643414122,0.005,92.97475286122297,92.87440186303773,92.995,93.01725560538809,92.89465137832455,93.005,92.89465137832455,92.995,0.100348621675451,0.001079017437370441,VMBS,MBB,2025-06-12,False,4569.0,2177.0,1075.0,0.0,0.0,0.0,,,0.0,0.0,0.0,False,True,False,0.0,,,0.0,0.0,0.0,0.0,0.0,0.0,0.0,0.0,0.0,0.0,0.0,0.0,0.0,0.0,-0.0,-0.0,-0.0,-0.0,-0.0,-0.0,0.0,0.0,0.0,0.0,0.0,0.0,416.0799999999905
21.79,45.69,92.54,-0.08999999999999986,-0.17999999999999972,-0.45999999999999375,4.246902248737953,2.0253884876340558,1.0,4.250223128042478,2.0254076754626484,1.0,4.250326243861448,2.025244251956986,1.0,92.61460885374095,92.5334098719147,92.54,0.02125163121930724,0.010126221259784931,0.005,92.59335722252165,92.52328365065492,92.53500000000001,92.63586048496025,92.54353609317448,92.545,92.54353609317448,92.59335722252165,0.04982112934716554,0.0005383739933776262,VMBS,SPMB,2025-06-13,False,4595.0,2189.0,1081.0,0.0,0.0,0.0,,,0.0,0.0,0.0,False,True,False,0.0,,,0.0,0.0,0.0,0.0,0.0,0.0,0.0,0.0,0.0,0.0,0.0,0.0,0.0,0.0,-0.0,-0.0,-0.0,-0.0,-0.0,-0.0,0.0,-0.0,-0.0,-0.0,0.0,0.0,416.0799999999905
21.73,45.62,92.42,-0.05999999999999872,-0.07000000000000028,-0.12000000000000455,4.253106304647952,2.025865848312144,1.0,4.250338176362773,2.0255068399203244,1.0,4.250223128042478,2.0254076754626484,1.0,92.35734857236305,92.39909815460602,92.42,0.02125111564021239,0.010127038377313243,0.005,92.33609745672284,92.3889711162287,92.415,92.37859968800326,92.40922519298334,92.425,92.37859968800326,92.415,0.03640031199674354,0.0003938575199820768,SPMB,MBB,2025-06-16,False,4599.0,2191.0,1082.0,0.0,0.0,0.0,,,0.0,0.0,0.0,False,True,False,0.0,,,0.0,0.0,0.0,0.0,0.0,0.0,0.0,0.0,0.0,0.0,0.0,0.0,0.0,0.0,-0.0,-0.0,-0.0,-0.0,-0.0,-0.0,0.0,-0.0,-0.0,-0.0,0.0,0.0,416.0799999999905
21.8,45.77,92.7,0.07000000000000028,0.15000000000000568,0.28000000000000114,4.252293577981652,2.025344111863666,1.0,4.250452855261854,2.025445834756098,1.0,4.250338176362773,2.0255068399203244,1.0,92.65737224470844,92.70744806315325,92.7,0.02125169088181386,0.010127534199601622,0.005,92.63612055382663,92.69732052895365,92.69500000000001,92.67862393559025,92.71757559735285,92.705,92.67862393559025,92.69732052895365,0.018696593363401348,0.00020168924879613104,SPMB,VMBS,2025-06-17,False,4586.0,2186.0,1079.0,0.0,0.0,0.0,,,0.0,0.0,0.0,False,True,False,0.0,,,0.0,0.0,0.0,0.0,0.0,0.0,0.0,0.0,0.0,0.0,0.0,0.0,0.0,0.0,-0.0,-0.0,-0.0,-0.0,-0.0,-0.0,0.0,0.0,0.0,0.0,0.0,0.0,416.0799999999905
21.84,45.8,92.74,0.03999999999999915,0.02999999999999403,0.03999999999999204,4.246336996336996,2.024890829694323,1.0,4.250379303602009,2.025447525382917,1.0,4.250452855261854,2.025445834756098,1.0,92.8298903589189,92.76541923182928,92.74,0.02125226427630927,0.01012722917378049,0.005,92.80863809464259,92.75529200265551,92.735,92.85114262319522,92.77554646100306,92.74499999999999,92.74499999999999,92.80863809464259,0.06363809464259873,0.0006861989933426648,MBB,SPMB,2025-06-18,False,4582.0,2183.0,1078.0,0.0,0.0,0.0,,,0.0,0.0,0.0,False,True,False,0.0,,,0.0,0.0,0.0,0.0,0.0,0.0,0.0,0.0,0.0,0.0,0.0,0.0,0.0,0.0,-0.0,-0.0,-0.0,-0.0,-0.0,-0.0,0.0,0.0,0.0,0.0,0.0,0.0,416.0799999999905
21.85,45.82,92.81,0.010000000000001563,0.020000000000003126,0.07000000000000739,4.247597254004576,2.0255347010039286,1.0,4.250375337305956,2.025495024552715,1.0,4.250379303602009,2.025447525382917,1.0,92.8707877837039,92.80600561304526,92.81,0.021251896518010044,0.010127237626914585,0.005,92.8495358871859,92.79587837541834,92.805,92.89203968022191,92.81613285067218,92.815,92.815,92.8495358871859,0.034535887185896286,0.0003721138582684655,MBB,SPMB,2025-06-20,False,4578.0,2181.0,1077.0,0.0,0.0,0.0,,,0.0,0.0,0.0,False,True,False,0.0,,,0.0,0.0,0.0,0.0,0.0,0.0,0.0,0.0,0.0,0.0,0.0,0.0,0.0,0.0,-0.0,-0.0,-0.0,-0.0,-0.0,-0.0,0.0,0.0,0.0,0.0,0.0,0.0,416.0799999999905
21.89,45.93,93.04,0.03999999999999915,0.10999999999999943,0.23000000000000398,4.250342622201919,2.025691269322883,1.0,4.250409869808163,2.025541471724364,1.0,4.250375337305956,2.025495024552715,1.0,93.04071613362737,93.0309864777062,93.04,0.021251876686529777,0.010127475122763574,0.005,93.01946425694084,93.02085900258344,93.03500000000001,93.0619680103139,93.04111395282895,93.045,93.04111395282895,93.03500000000001,-0.006113952828940228,-6.571316454148997e-05,VMBS,MBB,2025-06-23,False,4569.0,2177.0,1075.0,0.0,0.0,0.0,,,0.0,0.0,0.0,False,True,False,0.0,,,0.0,0.0,0.0,0.0,0.0,0.0,0.0,0.0,0.0,0.0,0.0,0.0,0.0,0.0,-0.0,-0.0,-0.0,-0.0,-0.0,-0.0,0.0,0.0,0.0,0.0,0.0,0.0,416.0799999999905
21.95,46.1,93.52,0.05999999999999872,0.1700000000000017,0.47999999999998977,4.260592255125284,2.028633405639913,1.0,4.250991541796264,2.02571597394284,1.0,4.250409869808163,2.025541471724364,1.0,93.29649664228917,93.37746184649319,93.52,0.021252049349040816,0.010127707358621821,0.005,93.27524459294013,93.36733413913457,93.515,93.31774869163822,93.38758955385181,93.52499999999999,93.31774869163822,93.515,0.1972513083617855,0.002109188498308228,SPMB,MBB,2025-06-24,False,4544.0,2165.0,1069.0,0.0,0.0,0.0,,,0.0,0.0,0.0,False,False,False,-0.0,,,0.0,0.0,0.0,0.0,0.0,0.0,0.0,0.0,0.0,0.0,0.0,0.0,0.0,0.0,-0.0,-0.0,-0.0,-0.0,-0.0,-0.0,0.0,0.0,0.0,0.0,0.0,0.0,416.0799999999905
22.01,46.14,93.54,0.060000000000002274,0.03999999999999915,0.020000000000010232,4.249886415265788,2.0273081924577374,1.0,4.25076656431394,2.0258176473019907,1.0,4.250991541796264,2.02571597394284,1.0,93.56432383493578,93.46653503772264,93.54,0.02125495770898132,0.0101285798697142,0.005,93.5430688772268,93.45640645785292,93.53500000000001,93.58557879264475,93.47666361759235,93.545,93.47666361759235,93.5430688772268,0.06640525963445043,0.0007099129744970112,VMBS,SPMB,2025-06-25,False,4544.0,2165.0,1069.0,0.0,0.0,0.0,,,0.0,0.0,-0.0,False,True,False,0.0,,,0.0,0.0,0.0,0.0,0.0,0.0,0.0,0.0,0.0,0.0,0.0,0.0,0.0,0.0,-0.0,-0.0,-0.0,-0.0,-0.0,-0.0,0.0,0.0,0.0,0.0,0.0,0.0,416.0799999999905
22.11,46.37,93.9,0.09999999999999787,0.22999999999999687,0.35999999999999943,4.246947082767979,2.0250161742505934,1.0,4.250504218683285,2.0258368747521494,1.0,4.25076656431394,2.0258176473019907,1.0,93.98444873698121,93.9371643053933,93.9,0.0212538328215697,0.010129088236509954,0.005,93.96319490415964,93.92703521715679,93.89500000000001,94.00570256980278,93.9472933936298,93.905,93.905,93.96319490415964,0.058194904159634575,0.0006197540379087814,MBB,SPMB,2025-06-26,False,4527.0,2157.0,1065.0,0.0,0.0,0.0,,,0.0,0.0,0.0,False,True,False,0.0,,,0.0,0.0,0.0,0.0,0.0,0.0,0.0,0.0,0.0,0.0,0.0,0.0,0.0,0.0,-0.0,-0.0,-0.0,-0.0,-0.0,-0.0,0.0,0.0,0.0,0.0,0.0,0.0,416.0799999999905
22.03,46.19,93.53,-0.0799999999999983,-0.17999999999999972,-0.37000000000000455,4.245574216976849,2.0248971638882876,1.0,4.250104604635672,2.0258218731744337,1.0,4.250504218683285,2.0258368747521494,1.0,93.63860793759278,93.57340524480178,93.53,0.021252521093416427,0.010129184373760747,0.005,93.61735541649936,93.56327606042801,93.525,93.6598604586862,93.58353442917554,93.535,93.535,93.61735541649936,0.08235541649936806,0.0008805240724833536,MBB,SPMB,2025-06-27,False,4544.0,2166.0,1069.0,0.0,0.0,0.0,,,0.0,0.0,0.0,False,True,False,0.0,,,0.0,0.0,0.0,0.0,0.0,0.0,0.0,0.0,0.0,0.0,0.0,0.0,0.0,0.0,-0.0,-0.0,-0.0,-0.0,-0.0,-0.0,0.0,-0.0,-0.0,-0.0,0.0,0.0,416.0799999999905
22.1,46.34,93.89,0.07000000000000028,0.15000000000000568,0.35999999999999943,4.24841628959276,2.0261113508847646,1.0,4.249732584939838,2.0258484726382173,1.0,4.250104604635672,2.0258218731744337,1.0,93.92731176244835,93.87658560290326,93.89,0.02125052302317836,0.010129109365872168,0.005,93.90606123942517,93.86645649353738,93.885,93.94856228547154,93.88671471226914,93.895,93.88671471226914,93.90606123942517,0.019346527156031357,0.00020605524716190603,VMBS,SPMB,2025-06-30,False,4526.0,2158.0,1065.0,0.0,0.0,0.0,,,0.0,0.0,0.0,False,True,False,0.0,,,0.0,0.0,0.0,0.0,0.0,0.0,0.0,0.0,0.0,0.0,0.0,0.0,0.0,0.0,-0.0,-0.0,-0.0,-0.0,-0.0,-0.0,0.0,0.0,0.0,0.0,0.0,0.0,416.0799999999905
22.01,46.15,93.47,-0.08999999999999986,-0.19000000000000483,-0.4200000000000017,4.24670604270786,2.0253521126760563,1.0,4.249648681165721,2.0259062234545984,1.0,4.249732584939838,2.0258484726382173,1.0,93.53661419452584,93.49290701225372,93.47,0.02124866292469919,0.010129242363191087,0.005,93.51536553160113,93.48277776989053,93.465,93.55786285745054,93.50303625461692,93.475,93.475,93.51536553160113,0.04036553160113954,0.000431855478775431,MBB,SPMB,2025-07-01,True,4547.0,2168.0,1070.0,0.0,0.0,0.0,,,0.0,0.0,0.0,False,True,False,0.0,,,0.0,0.0,0.0,0.0,0.0,0.0,0.0,0.0,0.0,0.0,0.0,0.0,0.0,0.0,-0.0,-0.0,-0.0,-0.0,-0.0,-0.0,0.0,-0.0,-0.0,-0.0,0.0,0.0,416.0799999999905
21.99,46.09,93.42,-0.020000000000003126,-0.05999999999999517,-0.04999999999999716,4.248294679399727,2.026903883705793,1.0,4.2495634151357065,2.02598517672379,1.0,4.249648681165721,2.0259062234545984,1.0,93.44977449883419,93.37401783902244,93.42,0.021248243405828603,0.010129531117272992,0.005,93.42852625542837,93.36388830790517,93.415,93.47102274224001,93.38414737013971,93.425,93.38414737013971,93.42852625542837,0.044378885288651304,0.00047504694164687757,VMBS,SPMB,2025-07-02,False,4547.0,2168.0,1070.0,0.0,0.0,0.0,,,0.0,0.0,0.0,False,True,True,0.0,,,0.0,0.0,0.0,0.0,0.0,0.0,0.0,0.0,0.0,0.0,0.0,0.0,0.0,0.0,-0.0,-0.0,-0.0,-0.0,-0.0,-0.0,0.0,-0.0,-0.0,-0.0,0.0,0.0,416.0799999999905
21.91,45.98,93.11,-0.0799999999999983,-0.11000000000000654,-0.3100000000000023,4.249657690552259,2.025010874293171,1.0,4.249316520251555,2.025989001278344,1.0,4.2495634151357065,2.02598517672379,1.0,93.10793442562333,93.15479842575986,93.11,0.02124781707567853,0.010129925883618952,0.005,93.08668660854765,93.14466849987625,93.105,93.129182242699,93.16492835164348,93.115,93.115,93.14466849987625,0.02966849987625153,0.00031863924257600183,MBB,VMBS,2025-07-03,False,4564.0,2176.0,1074.0,0.0,0.0,0.0,,,0.0,0.0,0.0,False,True,False,0.0,,,0.0,0.0,0.0,0.0,0.0,0.0,0.0,0.0,0.0,0.0,0.0,0.0,0.0,0.0,-0.0,-0.0,-0.0,-0.0,-0.0,-0.0,0.0,-0.0,-0.0,-0.0,0.0,0.0,416.0799999999905
21.86,45.83,92.78,-0.05000000000000071,-0.14999999999999858,-0.3299999999999983,4.244281793229644,2.024438140955706,1.0,4.2491917517178255,2.0259595362075777,1.0,4.249316520251555,2.025989001278344,1.0,92.890059132699,92.85107592858651,92.78,0.021246582601257776,0.01012994500639172,0.005,92.86881255009773,92.84094598358011,92.775,92.91130571530026,92.86120587359291,92.785,92.785,92.86881255009773,0.0838125500977327,0.0009033471663907383,MBB,SPMB,2025-07-07,False,4581.0,2184.0,1078.0,0.0,0.0,0.0,,,0.0,0.0,0.0,False,True,False,0.0,,,0.0,0.0,0.0,0.0,0.0,0.0,0.0,0.0,0.0,0.0,0.0,0.0,0.0,0.0,-0.0,-0.0,-0.0,-0.0,-0.0,-0.0,0.0,-0.0,-0.0,-0.0,0.0,0.0,416.0799999999905
21.85,45.84,92.83,-0.00999999999999801,0.010000000000005116,0.04999999999999716,4.248512585812357,2.025087260034904,1.0,4.249134750160829,2.0258998532729278,1.0,4.2491917517178255,2.0259595362075777,1.0,92.84483977503449,92.86998513975537,92.83,0.021245958758589128,0.010129797681037889,0.005,92.8235938162759,92.85985534207434,92.825,92.86608573379307,92.8801149374364,92.835,92.835,92.85985534207434,0.024855342074346254,0.0002677511803764543,MBB,VMBS,2025-07-08,False,4576.0,2182.0,1077.0,0.0,0.0,0.0,,,0.0,0.0,0.0,False,True,False,0.0,,,0.0,0.0,0.0,0.0,0.0,0.0,0.0,0.0,0.0,0.0,0.0,0.0,0.0,0.0,-0.0,-0.0,-0.0,-0.0,-0.0,-0.0,0.0,-0.0,0.0,0.0,0.0,0.0,416.0799999999905
21.96,46.08,93.29,0.10999999999999943,0.23999999999999488,0.46000000000000796,4.248178506375228,2.0245225694444446,1.0,4.249118733216311,2.025759439977462,1.0,4.249134750160829,2.0258998532729278,1.0,93.3109991135318,93.35346523881651,93.29,0.021245673750804148,0.010129499266364639,0.005,93.28975343978101,93.34333573955014,93.28500000000001,93.3322447872826,93.36359473808288,93.295,93.295,93.34333573955014,0.04833573955014003,0.0005181234810820027,MBB,VMBS,2025-07-09,False,4555.0,2172.0,1072.0,0.0,0.0,0.0,,,0.0,0.0,0.0,False,True,False,0.0,,,0.0,0.0,0.0,0.0,0.0,0.0,0.0,0.0,0.0,0.0,0.0,0.0,0.0,0.0,-0.0,-0.0,-0.0,-0.0,-0.0,-0.0,0.0,0.0,0.0,0.0,0.0,0.0,416.0799999999905
21.95,46.05,93.24,-0.010000000000001563,-0.030000000000001137,-0.05000000000001137,4.247835990888382,2.024755700325733,1.0,4.248906846124784,2.0256684307921233,1.0,4.249118733216311,2.025759439977462,1.0,93.26815619409803,93.28622221096211,93.24,0.021245593666081555,0.01012879719988731,0.005,93.24691060043195,93.27609341376223,93.235,93.2894017877641,93.29635100816199,93.24499999999999,93.24499999999999,93.27609341376223,0.0310934137622354,0.00033347719607717077,MBB,VMBS,2025-07-10,False,4559.0,2174.0,1073.0,0.0,0.0,0.0,,,0.0,0.0,0.0,False,True,False,0.0,,,0.0,0.0,0.0,0.0,0.0,0.0,0.0,0.0,0.0,0.0,0.0,0.0,0.0,0.0,-0.0,-0.0,-0.0,-0.0,-0.0,-0.0,0.0,-0.0,-0.0,-0.0,0.0,0.0,416.0799999999905
21.86,45.88,92.86,-0.08999999999999986,-0.1699999999999946,-0.37999999999999545,4.247941445562672,2.023975588491717,1.0,4.248993051827953,2.025609829941179,1.0,4.248906846124784,2.0256684307921233,1.0,92.88110365628778,92.93766760474263,92.86,0.02124453423062392,0.010128342153960617,0.005,92.85985912205716,92.92753926258867,92.855,92.9023481905184,92.94779594689659,92.865,92.865,92.92753926258867,0.06253926258867182,0.0006734790285232804,MBB,VMBS,2025-07-11,False,4576.0,2182.0,1077.0,0.0,0.0,0.0,,,0.0,0.0,0.0,False,True,False,0.0,,,0.0,0.0,0.0,0.0,0.0,0.0,0.0,0.0,0.0,0.0,0.0,0.0,0.0,0.0,-0.0,-0.0,-0.0,-0.0,-0.0,-0.0,0.0,-0.0,-0.0,-0.0,0.0,0.0,416.0799999999905
21.84,45.84,92.71,-0.019999999999999574,-0.03999999999999915,-0.15000000000000568,4.2449633699633695,2.0224694589877834,1.0,4.248718368406561,2.02535985619338,1.0,4.248993051827953,2.025609829941179,1.0,92.7980082519225,92.85395460450366,92.71,0.021244965259139766,0.010128049149705895,0.005,92.77676328666335,92.84382655535396,92.705,92.81925321718164,92.86408265365336,92.71499999999999,92.71499999999999,92.84382655535396,0.12882655535396736,0.001389564829618891,MBB,VMBS,2025-07-14,False,4585.0,2186.0,1079.0,0.0,0.0,0.0,,,0.0,0.0,0.0,False,True,False,0.0,,,0.0,0.0,0.0,0.0,0.0,0.0,0.0,0.0,0.0,0.0,0.0,0.0,0.0,0.0,-0.0,-0.0,-0.0,-0.0,-0.0,-0.0,0.0,-0.0,-0.0,-0.0,0.0,0.0,416.0799999999905
21.77,45.72,92.46,-0.07000000000000028,-0.12000000000000455,-0.25,4.24712907671107,2.022309711286089,1.0,4.248729709805216,2.025205917375982,1.0,4.248718368406561,2.02535985619338,1.0,92.49459888021082,92.59945262516133,92.46,0.021243591842032804,0.010126799280966901,0.005,92.47335528836878,92.58932582588037,92.455,92.51584247205285,92.6095794244423,92.46499999999999,92.46499999999999,92.58932582588037,0.12432582588037633,0.0013446444503609815,MBB,VMBS,2025-07-15,False,4597.0,2191.0,1082.0,0.0,0.0,0.0,,,0.0,0.0,0.0,False,True,False,0.0,,,0.0,0.0,0.0,0.0,0.0,0.0,0.0,0.0,0.0,0.0,0.0,0.0,0.0,0.0,-0.0,-0.0,-0.0,-0.0,-0.0,-0.0,0.0,-0.0,-0.0,-0.0,0.0,0.0,416.0799999999905
21.8,45.83,92.62,0.030000000000001137,0.10999999999999943,0.1600000000000108,4.24862385321101,2.020946977962034,1.0,4.248505587233369,2.0249599738584765,1.0,4.248729709805216,2.025205917375982,1.0,92.62230767375372,92.81518719334125,92.62,0.021243648549026082,0.010126029586879911,0.005,92.60106402520469,92.80506116375436,92.61500000000001,92.64355132230276,92.82531322292813,92.625,92.625,92.80506116375436,0.18006116375435965,0.001944085119351756,MBB,VMBS,2025-07-16,False,4589.0,2187.0,1080.0,0.0,0.0,0.0,,,0.0,0.0,0.0,False,False,False,-0.0,,,0.0,0.0,0.0,0.0,0.0,0.0,0.0,0.0,0.0,0.0,0.0,0.0,0.0,0.0,-0.0,-0.0,-0.0,-0.0,-0.0,-0.0,0.0,0.0,0.0,0.0,0.0,0.0,416.0799999999905
21.79,45.82,92.67,-0.010000000000001563,-0.00999999999999801,0.04999999999999716,4.252868288205599,2.022479266695766,1.0,4.248534322744566,2.0248167316000814,1.0,4.248505587233369,2.0249599738584765,1.0,92.57493674581511,92.78366600219539,92.67,0.021242527936166846,0.010124799869292383,0.005,92.55369421787894,92.7735412023261,92.665,92.59617927375128,92.79379080206468,92.675,92.59617927375128,92.7735412023261,0.17736192857482536,0.0019139088008506026,SPMB,VMBS,2025-07-17,False,4584.0,2185.0,1079.0,0.0,0.0,0.0,,,0.0,0.0,-0.0,False,False,False,0.0,,,0.0,0.0,0.0,0.0,0.0,0.0,0.0,0.0,0.0,0.0,0.0,0.0,0.0,0.0,-0.0,-0.0,-0.0,-0.0,-0.0,-0.0,0.0,-0.0,-0.0,0.0,0.0,0.0,416.0799999999905
21.83,45.92,92.8,0.03999999999999915,0.10000000000000142,0.12999999999999545,4.251030691708658,2.0209059233449476,1.0,4.2487690075131495,2.0246174862826125,1.0,4.248534322744566,2.0248167316000814,1.0,92.74550426551387,92.97958431507574,92.8,0.021242671613722834,0.010124083658000407,0.005,92.72426159390015,92.96946023141774,92.795,92.76674693712759,92.98970839873374,92.80499999999999,92.76674693712759,92.96946023141774,0.20271329429014884,0.002184410498816259,SPMB,VMBS,2025-07-18,False,4580.0,2183.0,1078.0,0.0,0.0,0.0,,,0.0,0.0,0.0,False,False,False,-0.0,,,0.0,0.0,0.0,0.0,0.0,0.0,0.0,0.0,0.0,0.0,0.0,0.0,0.0,0.0,-0.0,-0.0,-0.0,-0.0,-0.0,-0.0,0.0,0.0,0.0,0.0,0.0,0.0,416.0799999999905
21.9,46.02,93.06,0.07000000000000028,0.10000000000000142,0.2600000000000051,4.249315068493151,2.0221642764015644,1.0,4.248854898237578,2.024448965052495,1.0,4.2487690075131495,2.0246174862826125,1.0,93.04804126453797,93.17289671872584,93.06,0.021243845037565746,0.010123087431413063,0.005,93.02679741950041,93.16277363129443,93.055,93.06928510957553,93.18301980615725,93.065,93.065,93.16277363129443,0.09777363129443017,0.0010506515290611453,MBB,VMBS,2025-07-21,False,4567.0,2176.0,1075.0,0.0,0.0,0.0,,,0.0,0.0,-0.0,False,True,False,0.0,,,0.0,0.0,0.0,0.0,0.0,0.0,0.0,0.0,0.0,0.0,0.0,0.0,0.0,0.0,-0.0,-0.0,-0.0,-0.0,-0.0,-0.0,0.0,0.0,0.0,0.0,0.0,0.0,416.0799999999905
21.94,46.12,93.32,0.0400000000000027,0.09999999999999432,0.2599999999999909,4.25341841385597,2.023417172593235,1.0,4.249008687820281,2.024335260216012,1.0,4.248854898237578,2.024448965052495,1.0,93.21987646733247,93.36758626822106,93.32,0.021244274491187893,0.010122244825262474,0.005,93.19863219284129,93.35746402339579,93.315,93.24112074182365,93.37770851304633,93.32499999999999,93.24112074182365,93.35746402339579,0.11634328157214213,0.0012467132615960367,SPMB,VMBS,2025-07-22,False,4555.0,2170.0,1072.0,0.0,0.0,0.0,,,0.0,0.0,0.0,False,True,False,0.0,,,0.0,0.0,0.0,0.0,0.0,0.0,0.0,0.0,0.0,0.0,0.0,0.0,0.0,0.0,-0.0,-0.0,-0.0,-0.0,-0.0,-0.0,0.0,0.0,0.0,0.0,0.0,0.0,416.0799999999905
21.87,45.95,92.96,-0.07000000000000028,-0.1699999999999946,-0.35999999999999943,4.250571559213534,2.0230685527747547,1.0,4.248507653024693,2.024057017572754,1.0,4.249008687820281,2.024335260216012,1.0,92.92582000262954,93.01820520692576,92.96,0.021245043439101403,0.01012167630108006,0.005,92.90457495919044,93.00808353062467,92.955,92.94706504606863,93.02832688322684,92.96499999999999,92.94706504606863,93.00808353062467,0.06101848455604397,0.0006563950576166521,SPMB,VMBS,2025-07-23,False,4572.0,2178.0,1076.0,0.0,0.0,0.0,,,0.0,0.0,0.0,False,True,False,0.0,,,0.0,0.0,0.0,0.0,0.0,0.0,0.0,0.0,0.0,0.0,0.0,0.0,0.0,0.0,-0.0,-0.0,-0.0,-0.0,-0.0,-0.0,0.0,-0.0,-0.0,-0.0,0.0,0.0,416.0799999999905
21.85,45.94,92.92,-0.019999999999999574,-0.010000000000005116,-0.03999999999999204,4.252631578947368,2.022638223770135,1.0,4.248644911208772,2.023823519138374,1.0,4.248507653024693,2.024057017572754,1.0,92.82989221858955,92.9851793872923,92.92,0.021242538265123467,0.01012028508786377,0.005,92.80864968032442,92.97505910220444,92.915,92.85113475685468,92.99529967238017,92.925,92.85113475685468,92.97505910220444,0.1239243453497636,0.0013336670829720576,SPMB,VMBS,2025-07-24,False,4571.0,2178.0,1076.0,0.0,0.0,0.0,,,0.0,0.0,0.0,False,True,False,0.0,,,0.0,0.0,0.0,0.0,0.0,0.0,0.0,0.0,0.0,0.0,0.0,0.0,0.0,0.0,-0.0,-0.0,-0.0,-0.0,-0.0,-0.0,0.0,-0.0,-0.0,-0.0,0.0,0.0,416.0799999999905
21.9,46.03,93.13,0.04999999999999716,0.09000000000000341,0.20999999999999375,4.252511415525114,2.0232457093200087,1.0,4.248923127846629,2.023734995891845,1.0,4.248644911208772,2.023823519138374,1.0,93.04532355547211,93.15659658593937,93.13,0.021243224556043862,0.010119117595691871,0.005,93.02408033091606,93.14647746834368,93.125,93.06656678002815,93.16671570353506,93.13499999999999,93.06656678002815,93.14647746834368,0.07991068831552184,0.0008580552809569617,SPMB,VMBS,2025-07-25,False,4563.0,2174.0,1074.0,0.0,0.0,0.0,,,0.0,0.0,0.0,False,True,False,0.0,,,0.0,0.0,0.0,0.0,0.0,0.0,0.0,0.0,0.0,0.0,0.0,0.0,0.0,0.0,-0.0,-0.0,-0.0,-0.0,-0.0,-0.0,0.0,0.0,0.0,0.0,0.0,0.0,416.0799999999905
21.86,45.95,92.92,-0.03999999999999915,-0.0799999999999983,-0.20999999999999375,4.250686184812443,2.022198041349293,1.0,4.249178726238409,2.023600039764895,1.0,4.248923127846629,2.023734995891845,1.0,92.8814595747273,92.9906230612303,92.92,0.021244615639233144,0.010118674979459227,0.005,92.86021495908807,92.98050438625084,92.915,92.90270419036653,93.00074173620975,92.925,92.90270419036653,92.98050438625084,0.07780019588430775,0.0008372814882082195,SPMB,VMBS,2025-07-28,False,4572.0,2178.0,1076.0,0.0,0.0,0.0,,,0.0,0.0,0.0,False,True,False,0.0,,,0.0,0.0,0.0,0.0,0.0,0.0,0.0,0.0,0.0,0.0,0.0,0.0,0.0,0.0,-0.0,-0.0,-0.0,-0.0,-0.0,-0.0,0.0,-0.0,-0.0,-0.0,0.0,0.0,416.0799999999905
21.99,46.14,93.4,0.129999999999999,0.18999999999999773,0.480000000000004,4.247385175079582,2.024273948851322,1.0,4.24912717051275,2.023508169663223,1.0,4.249178726238409,2.023600039764895,1.0,93.4394401899826,93.36890583475225,93.4,0.021245893631192045,0.010118000198824475,0.005,93.41819429635142,93.35878783455343,93.39500000000001,93.4606860836138,93.37902383495108,93.405,93.37902383495108,93.41819429635142,0.039170461400331646,0.0004193839550356707,VMBS,SPMB,2025-07-29,False,4551.0,2167.0,1071.0,0.0,0.0,0.0,,,0.0,0.0,0.0,False,True,False,0.0,,,0.0,0.0,0.0,0.0,0.0,0.0,0.0,0.0,0.0,0.0,0.0,0.0,0.0,0.0,-0.0,-0.0,-0.0,-0.0,-0.0,-0.0,0.0,0.0,0.0,0.0,0.0,0.0,416.0799999999905
21.92,46.04,93.13,-0.06999999999999673,-0.10000000000000142,-0.27000000000001023,4.248631386861313,2.0228062554300608,1.0,4.249223437720422,2.023380876800923,1.0,4.24912717051275,2.023508169663223,1.0,93.1408675776395,93.16231613129479,93.13,0.02124563585256375,0.010117540848316117,0.005,93.11962194178693,93.15219859044647,93.125,93.16211321349206,93.1724336721431,93.13499999999999,93.13499999999999,93.15219859044647,0.01719859044648331,0.00018467293510666068,MBB,VMBS,2025-07-30,False,4564.0,2173.0,1074.0,0.0,0.0,0.0,,,0.0,0.0,0.0,False,True,False,0.0,,,0.0,0.0,0.0,0.0,0.0,0.0,0.0,0.0,0.0,0.0,0.0,0.0,0.0,0.0,-0.0,-0.0,-0.0,-0.0,-0.0,-0.0,0.0,-0.0,-0.0,-0.0,0.0,0.0,416.0799999999905
21.93,46.03,93.07,0.00999999999999801,-0.00999999999999801,-0.060000000000002274,4.243958048335613,2.0219422116011296,1.0,4.2490066061672165,2.02313279319569,1.0,4.249223437720422,2.023380876800923,1.0,93.18546998920885,93.13622175914648,93.07,0.02124611718860211,0.010116904384004614,0.005,93.16422387202026,93.12610485476247,93.065,93.20671610639745,93.14633866353049,93.07499999999999,93.07499999999999,93.16422387202026,0.08922387202026982,0.0009586748900856327,MBB,SPMB,2025-07-31,False,4564.0,2173.0,1074.0,0.0,0.0,0.0,,,0.0,0.0,0.0,False,True,False,0.0,,,0.0,0.0,0.0,0.0,0.0,0.0,0.0,0.0,0.0,0.0,0.0,0.0,0.0,0.0,-0.0,-0.0,-0.0,-0.0,-0.0,-0.0,0.0,0.0,-0.0,-0.0,0.0,0.0,416.0799999999905
22.07,46.31,93.72,0.14000000000000057,0.28000000000000114,0.6500000000000057,4.246488445854101,2.02375296912114,1.0,4.248848143932309,2.0230698979370887,1.0,4.2490066061672165,2.02313279319569,1.0,93.77557579811047,93.6912796528924,93.72,0.021245033030836084,0.01011566396597845,0.005,93.75433076507963,93.68116398892643,93.715,93.7968208311413,93.70139531685838,93.725,93.70139531685838,93.75433076507963,0.052935448221248294,0.0005648255251947108,VMBS,SPMB,2025-08-01,True,4534.0,2159.0,1067.0,0.0,0.0,0.0,,,0.0,0.0,0.0,False,True,False,0.0,,,0.0,0.0,0.0,0.0,0.0,0.0,0.0,0.0,0.0,0.0,0.0,0.0,0.0,0.0,-0.0,-0.0,-0.0,-0.0,-0.0,-0.0,0.0,0.0,0.0,0.0,0.0,0.0,416.0799999999905
22.07,46.34,93.77,0.0,0.030000000000001137,0.04999999999999716,4.248753964657906,2.0235217954251183,1.0,4.249071752503722,2.0230240806605595,1.0,4.248848143932309,2.0230698979370887,1.0,93.77207853658606,93.7490590704047,93.77,0.021244240719661547,0.010115349489685444,0.005,93.7508342958664,93.73894372091502,93.765,93.79332277730573,93.75917441989438,93.77499999999999,93.75917441989438,93.765,0.0058255801056219525,6.212626752289595e-05,VMBS,MBB,2025-08-04,False,4529.0,2157.0,1066.0,0.0,0.0,0.0,,,0.0,0.0,0.0,False,True,True,0.0,,,0.0,0.0,0.0,0.0,0.0,0.0,0.0,0.0,0.0,0.0,0.0,0.0,0.0,0.0,-0.0,-0.0,-0.0,-0.0,-0.0,-0.0,0.0,0.0,0.0,0.0,0.0,0.0,416.0799999999905
22.1,46.36,93.83,0.030000000000001137,0.01999999999999602,0.060000000000002274,4.245701357466063,2.0239430543572046,1.0,4.248931191086408,2.022966870376674,1.0,4.249071752503722,2.0230240806605595,1.0,93.90448573033227,93.78739637942354,93.83,0.021245358762518613,0.010115120403302797,0.005,93.88324037156976,93.77728125902024,93.825,93.92573108909478,93.79751149982684,93.835,93.79751149982684,93.88324037156976,0.08572887174291566,0.0009136616406577391,VMBS,SPMB,2025-08-05,False,4530.0,2157.0,1066.0,0.0,0.0,0.0,,,0.0,0.0,0.0,False,True,False,0.0,,,0.0,0.0,0.0,0.0,0.0,0.0,0.0,0.0,0.0,0.0,0.0,0.0,0.0,0.0,-0.0,-0.0,-0.0,-0.0,-0.0,-0.0,0.0,0.0,0.0,0.0,0.0,0.0,416.0799999999905
22.11,46.36,93.83,0.00999999999999801,0.0,0.0,4.243781094527363,2.0239430543572046,1.0,4.248711320494015,2.022937894622312,1.0,4.248931191086408,2.022966870376674,1.0,93.94386863492048,93.78474411066261,93.83,0.02124465595543204,0.010114834351883371,0.005,93.92262397896505,93.77462927631073,93.825,93.9651132908759,93.7948589450145,93.835,93.7948589450145,93.92262397896505,0.12776503395055272,0.001361665074608896,VMBS,SPMB,2025-08-06,False,4529.0,2156.0,1066.0,0.0,0.0,0.0,,,0.0,0.0,0.0,False,True,False,0.0,,,0.0,0.0,0.0,0.0,0.0,0.0,0.0,0.0,0.0,0.0,0.0,0.0,0.0,0.0,-0.0,-0.0,-0.0,-0.0,-0.0,-0.0,0.0,0.0,0.0,0.0,0.0,0.0,416.0799999999905
22.08,46.32,93.71,-0.030000000000001137,-0.03999999999999915,-0.12000000000000455,4.24411231884058,2.0231001727115716,1.0,4.248525136891624,2.022855118241604,1.0,4.248711320494015,2.022937894622312,1.0,93.81154595650783,93.70248327890549,93.71,0.021243556602470074,0.01011468947311156,0.005,93.79030239990536,93.69236858943238,93.705,93.8327895131103,93.7125979683786,93.71499999999999,93.7125979683786,93.79030239990536,0.07770443152675455,0.0008292010620718659,VMBS,SPMB,2025-08-07,False,4533.0,2158.0,1067.0,0.0,0.0,0.0,,,0.0,0.0,0.0,False,True,False,0.0,,,0.0,0.0,0.0,0.0,0.0,0.0,0.0,0.0,0.0,0.0,0.0,0.0,0.0,0.0,-0.0,-0.0,-0.0,-0.0,-0.0,-0.0,0.0,-0.0,-0.0,-0.0,0.0,0.0,416.0799999999905
22.03,46.23,93.56,-0.04999999999999716,-0.09000000000000341,-0.14999999999999147,4.246935996368588,2.0237940731126978,1.0,4.24847486443192,2.0228460424726533,1.0,4.248525136891624,2.022855118241604,1.0,93.59500876572248,93.51659211630934,93.56,0.02124262568445812,0.010114275591208019,0.005,93.57376614003802,93.50647784071813,93.555,93.61625139140695,93.52670639190055,93.565,93.52670639190055,93.57376614003802,0.04705974813747105,0.0005029900399473177,VMBS,SPMB,2025-08-08,False,4542.0,2162.0,1069.0,0.0,0.0,0.0,,,0.0,0.0,0.0,False,True,False,0.0,,,0.0,0.0,0.0,0.0,0.0,0.0,0.0,0.0,0.0,0.0,0.0,0.0,0.0,0.0,-0.0,-0.0,-0.0,-0.0,-0.0,-0.0,0.0,-0.0,-0.0,-0.0,0.0,0.0,416.0799999999905
22.03,46.25,93.56,0.0,0.020000000000003126,0.0,4.246935996368588,2.022918918918919,1.0,4.248573495752181,2.02286851546921,1.0,4.24847486443192,2.0228460424726533,1.0,93.5939012634352,93.55662946436021,93.56,0.0212423743221596,0.010114230212363266,0.005,93.57265888911304,93.54651523414785,93.555,93.61514363775736,93.56674369457258,93.565,93.565,93.57265888911304,0.007658889113045575,8.18607216015987e-05,MBB,SPMB,2025-08-11,False,4542.0,2162.0,1069.0,0.0,0.0,0.0,,,0.0,0.0,0.0,False,True,False,0.0,,,0.0,0.0,0.0,0.0,0.0,0.0,0.0,0.0,0.0,0.0,0.0,0.0,0.0,0.0,-0.0,-0.0,-0.0,-0.0,-0.0,-0.0,0.0,0.0,0.0,0.0,0.0,0.0,416.0799999999905
22.04,46.25,93.61,0.00999999999999801,0.0,0.04999999999999716,4.247277676950998,2.024,1.0,4.248580925764177,2.0229530299049054,1.0,4.248573495752181,2.02286851546921,1.0,93.63855984637807,93.55766884045096,93.61,0.021242867478760905,0.01011434257734605,0.005,93.61731697889931,93.5475544978736,93.605,93.65980271385683,93.56778318302831,93.615,93.56778318302831,93.61731697889931,0.0495337958709996,0.0005291506876508877,VMBS,SPMB,2025-08-12,False,4537.0,2160.0,1068.0,0.0,0.0,0.0,,,0.0,0.0,0.0,False,True,False,0.0,,,0.0,0.0,0.0,0.0,0.0,0.0,0.0,0.0,0.0,0.0,0.0,0.0,0.0,0.0,-0.0,-0.0,-0.0,-0.0,-0.0,-0.0,0.0,0.0,0.0,0.0,0.0,0.0,416.0799999999905
22.13,46.46,93.94,0.08999999999999986,0.21000000000000085,0.3299999999999983,4.244916403072752,2.021954369349978,1.0,4.248395553257264,2.0230033994743026,1.0,4.248580925764177,2.0229530299049054,1.0,94.02109588716122,93.98639776938191,93.94,0.021242904628820884,0.010114765149524528,0.005,93.9998529825324,93.97628300423239,93.935,94.04233879179004,93.99651253453143,93.945,93.945,93.9998529825324,0.054852982532409555,0.0005839150791186881,MBB,SPMB,2025-08-13,False,4525.0,2154.0,1065.0,0.0,0.0,0.0,,,0.0,0.0,0.0,False,True,False,0.0,,,0.0,0.0,0.0,0.0,0.0,0.0,0.0,0.0,0.0,0.0,0.0,0.0,0.0,0.0,-0.0,-0.0,-0.0,-0.0,-0.0,-0.0,0.0,0.0,0.0,0.0,0.0,0.0,416.0799999999905
22.06,46.32,93.62,-0.07000000000000028,-0.14000000000000057,-0.3199999999999932,4.243880326382594,2.0211571675302245,1.0,4.2479461551661135,2.0229372945160256,1.0,4.248395553257264,2.0230033994743026,1.0,93.71960590485524,93.7055174636497,93.62,0.02124197776628632,0.010115016997371513,0.005,93.69836392708896,93.69540244665232,93.61500000000001,93.74084788262152,93.71563248064707,93.625,93.625,93.69836392708896,0.07336392708896255,0.0007836351964213048,MBB,SPMB,2025-08-14,False,4537.0,2161.0,1068.0,0.0,0.0,0.0,,,0.0,0.0,0.0,False,True,False,0.0,,,0.0,0.0,0.0,0.0,0.0,0.0,0.0,0.0,0.0,0.0,0.0,0.0,0.0,0.0,-0.0,-0.0,-0.0,-0.0,-0.0,-0.0,0.0,-0.0,-0.0,-0.0,0.0,0.0,416.0799999999905
22.03,46.28,93.58,-0.029999999999997584,-0.03999999999999915,-0.04000000000000625,4.247843849296414,2.022039757994814,1.0,4.247786813045502,2.022993986248519,1.0,4.2479461551661135,2.0229372945160256,1.0,93.58225379830948,93.62153799020166,93.58,0.021239730775830568,0.010114686472580127,0.005,93.56101406753365,93.61142330372908,93.575,93.60349352908531,93.63165267667424,93.585,93.585,93.61142330372908,0.026423303729089298,0.00028236058697466657,MBB,VMBS,2025-08-15,False,4541.0,2163.0,1069.0,0.0,0.0,0.0,,,0.0,0.0,0.0,False,True,False,0.0,,,0.0,0.0,0.0,0.0,0.0,0.0,0.0,0.0,0.0,0.0,0.0,0.0,0.0,0.0,-0.0,-0.0,-0.0,-0.0,-0.0,-0.0,0.0,-0.0,-0.0,-0.0,0.0,0.0,416.0799999999905
22.01,46.22,93.43,-0.019999999999999574,-0.060000000000002274,-0.14999999999999147,4.244888686960473,2.02141929900476,1.0,4.247565493968868,2.0229567373786783,1.0,4.247786813045502,2.022993986248519,1.0,93.49378775513149,93.50278204440654,93.43,0.02123893406522751,0.010114969931242595,0.005,93.47254882106627,93.4926670744753,93.42500000000001,93.51502668919672,93.51289701433778,93.435,93.435,93.4926670744753,0.0576670744753045,0.000617222246337413,MBB,VMBS,2025-08-18,False,4545.0,2165.0,1070.0,0.0,0.0,0.0,,,0.0,0.0,0.0,False,True,False,0.0,,,0.0,0.0,0.0,0.0,0.0,0.0,0.0,0.0,0.0,0.0,0.0,0.0,0.0,0.0,-0.0,-0.0,-0.0,-0.0,-0.0,-0.0,0.0,-0.0,-0.0,-0.0,0.0,0.0,416.0799999999905
22.04,46.27,93.51,0.029999999999997584,0.05000000000000426,0.0799999999999983,4.242740471869329,2.0209639074994596,1.0,4.247031596869536,2.0228340741239896,1.0,4.247565493968868,2.0229567373786783,1.0,93.61634348707385,93.60220823851145,93.51,0.02123782746984434,0.010114783686893392,0.005,93.595105659604,93.59209345482456,93.50500000000001,93.6375813145437,93.61232302219834,93.515,93.515,93.595105659604,0.08010565960400129,0.0008566534018180012,MBB,SPMB,2025-08-19,False,4541.0,2163.0,1069.0,0.0,0.0,0.0,,,0.0,0.0,0.0,False,True,False,0.0,,,0.0,0.0,0.0,0.0,0.0,0.0,0.0,0.0,0.0,0.0,0.0,0.0,0.0,0.0,-0.0,-0.0,-0.0,-0.0,-0.0,-0.0,0.0,0.0,0.0,0.0,0.0,0.0,416.0799999999905
22.07,46.32,93.65,0.030000000000001137,0.04999999999999716,0.14000000000000057,4.243316719528773,2.021804835924007,1.0,4.246668854885297,2.0227708882814524,1.0,4.247031596869536,2.0228340741239896,1.0,93.73198734291066,93.6976743134232,93.65,0.02123515798434768,0.010114170370619948,0.005,93.7107521849263,93.6875601430526,93.64500000000001,93.753222500895,93.70778848379382,93.655,93.655,93.7107521849263,0.055752184926305404,0.0005953249858655142,MBB,SPMB,2025-08-20,False,4536.0,2160.0,1068.0,0.0,0.0,0.0,,,0.0,0.0,0.0,False,True,False,0.0,,,0.0,0.0,0.0,0.0,0.0,0.0,0.0,0.0,0.0,0.0,0.0,0.0,0.0,0.0,-0.0,-0.0,-0.0,-0.0,-0.0,-0.0,0.0,0.0,0.0,0.0,0.0,0.0,416.0799999999905
22.03,46.23,93.5,-0.03999999999999915,-0.09000000000000341,-0.15000000000000568,4.244212437585111,2.0224962145792778,1.0,4.246247897817185,2.0227637878219094,1.0,4.246668854885297,2.0227708882814524,1.0,93.55411487312311,93.51269816525154,93.5,0.021233344274426486,0.010113854441407262,0.005,93.53288152884869,93.50258431081012,93.495,93.57534821739753,93.52281201969295,93.505,93.505,93.53288152884869,0.027881528848695325,0.0002981981695047628,MBB,SPMB,2025-08-21,False,4544.0,2164.0,1070.0,0.0,0.0,0.0,,,0.0,0.0,0.0,False,True,False,0.0,,,0.0,0.0,0.0,0.0,0.0,0.0,0.0,0.0,0.0,0.0,0.0,0.0,0.0,0.0,-0.0,-0.0,-0.0,-0.0,-0.0,-0.0,0.0,-0.0,-0.0,-0.0,0.0,0.0,416.0799999999905
22.16,46.52,94.08,0.129999999999999,0.29000000000000625,0.5799999999999983,4.245487364620939,2.0223559759243335,1.0,4.245896695271976,2.022719301152126,1.0,4.246247897817185,2.0227637878219094,1.0,94.09685341562883,94.09897140947523,94.08,0.021231239489085927,0.010113818939109547,0.005,94.07562217613975,94.08885759053612,94.075,94.11808465511791,94.10908522841433,94.085,94.085,94.08885759053612,0.0038575905361284413,4.1003300766671355e-05,MBB,VMBS,2025-08-22,False,4514.0,2150.0,1063.0,0.0,0.0,0.0,,,0.0,0.0,0.0,False,True,False,0.0,,,0.0,0.0,0.0,0.0,0.0,0.0,0.0,0.0,0.0,0.0,0.0,0.0,0.0,0.0,-0.0,-0.0,-0.0,-0.0,-0.0,-0.0,0.0,0.0,0.0,0.0,0.0,0.0,416.0799999999905
22.14,46.45,93.86,-0.019999999999999574,-0.07000000000000028,-0.21999999999999886,4.239385727190605,2.0206673842841765,1.0,4.2453316723908845,2.02264276829887,1.0,4.245896695271976,2.022719301152126,1.0,94.00415283332156,93.95531153851626,93.86,0.021229483476359882,0.010113596505760629,0.005,93.9829233498452,93.9451979420105,93.855,94.02538231679792,93.96542513502202,93.865,93.865,93.9829233498452,0.11792334984519925,0.0012563749184444839,MBB,SPMB,2025-08-25,False,4522.0,2154.0,1065.0,0.0,0.0,0.0,,,0.0,0.0,0.0,False,True,False,0.0,,,0.0,0.0,0.0,0.0,0.0,0.0,0.0,0.0,0.0,0.0,0.0,0.0,0.0,0.0,-0.0,-0.0,-0.0,-0.0,-0.0,-0.0,0.0,-0.0,-0.0,-0.0,0.0,0.0,416.0799999999905
22.19,46.54,94.11,0.05000000000000071,0.0899999999999963,0.25,4.241099594411897,2.022131499785131,1.0,4.2450173933575,2.0225356458455606,1.0,4.2453316723908845,2.02264276829887,1.0,94.20390981035374,94.13379443662942,94.11,0.021226658361954424,0.010113213841494351,0.005,94.18268315199178,94.12368122278792,94.105,94.22513646871569,94.14390765047091,94.115,94.115,94.18268315199178,0.06768315199178687,0.0007191919242565814,MBB,SPMB,2025-08-26,False,4513.0,2150.0,1063.0,0.0,0.0,0.0,,,0.0,0.0,0.0,False,True,False,0.0,,,0.0,0.0,0.0,0.0,0.0,0.0,0.0,0.0,0.0,0.0,0.0,0.0,0.0,0.0,-0.0,-0.0,-0.0,-0.0,-0.0,-0.0,0.0,0.0,0.0,0.0,0.0,0.0,416.0799999999905
22.21,46.61,94.24,0.019999999999999574,0.07000000000000028,0.12999999999999545,4.243133723547951,2.021883715940785,1.0,4.244742510191832,2.0224895188710965,1.0,4.2450173933575,2.0225356458455606,1.0,94.28183630647008,94.27038645286157,94.24,0.0212250869667875,0.010112678229227803,0.005,94.26061121950329,94.26027377463234,94.235,94.30306139343688,94.2804991310908,94.24499999999999,94.24499999999999,94.26061121950329,0.015611219503298912,0.00016565385720818031,MBB,SPMB,2025-08-27,False,4504.0,2146.0,1061.0,0.0,0.0,0.0,,,0.0,0.0,0.0,False,True,False,0.0,,,0.0,0.0,0.0,0.0,0.0,0.0,0.0,0.0,0.0,0.0,0.0,0.0,0.0,0.0,-0.0,-0.0,-0.0,-0.0,-0.0,-0.0,0.0,0.0,0.0,0.0,0.0,0.0,416.0799999999905
22.25,46.67,94.35,0.03999999999999915,0.060000000000002274,0.10999999999999943,4.240449438202247,2.0216413113349043,1.0,4.244567079685163,2.022474473857785,1.0,4.244742510191832,2.0224895188710965,1.0,94.44552085176826,94.38958584571408,94.35,0.021223712550959162,0.010112447594355483,0.005,94.4242971392173,94.37947339811973,94.345,94.46674456431923,94.39969829330843,94.35499999999999,94.35499999999999,94.4242971392173,0.06929713921731206,0.000734468884126254,MBB,SPMB,2025-08-28,False,4499.0,2144.0,1060.0,0.0,0.0,0.0,,,0.0,0.0,0.0,False,True,False,0.0,,,0.0,0.0,0.0,0.0,0.0,0.0,0.0,0.0,0.0,0.0,0.0,0.0,0.0,0.0,-0.0,-0.0,-0.0,-0.0,-0.0,-0.0,0.0,0.0,0.0,0.0,0.0,0.0,416.0799999999905
22.23,46.62,94.35,-0.019999999999999574,-0.05000000000000426,0.0,4.244264507422402,2.0238095238095237,1.0,4.244455882763578,2.0224773015922044,1.0,4.244567079685163,2.022474473857785,1.0,94.35672618140119,94.28775997124993,94.35,0.021222835398425816,0.010112372369288926,0.005,94.33550334600277,94.27764759888063,94.345,94.3779490167996,94.29787234361922,94.35499999999999,94.29787234361922,94.345,0.047127656380780536,0.0004994982128328621,VMBS,MBB,2025-08-29,False,4499.0,2144.0,1060.0,0.0,0.0,0.0,,,0.0,0.0,0.0,False,True,False,0.0,,,0.0,0.0,0.0,0.0,0.0,0.0,0.0,0.0,0.0,0.0,0.0,0.0,0.0,0.0,-0.0,-0.0,-0.0,-0.0,-0.0,-0.0,0.0,-0.0,-0.0,0.0,0.0,0.0,416.0799999999905
22.1,46.37,93.65,-0.129999999999999,-0.25,-0.6999999999999886,4.237556561085973,2.019624757386241,1.0,4.243896012584982,2.0222824496902603,1.0,4.244455882763578,2.0224773015922044,1.0,93.80247500907508,93.7822724748305,93.65,0.02122227941381789,0.010112386507961021,0.005,93.78125272966126,93.77216008832255,93.64500000000001,93.8236972884889,93.79238486133846,93.655,93.655,93.78125272966126,0.12625272966126033,0.0013481337924320376,MBB,SPMB,2025-09-02,True,4533.0,2160.0,1068.0,0.0,0.0,0.0,,,0.0,0.0,0.0,False,True,False,0.0,,,0.0,0.0,0.0,0.0,0.0,0.0,0.0,0.0,0.0,0.0,0.0,0.0,0.0,0.0,-0.0,-0.0,-0.0,-0.0,-0.0,-0.0,0.0,-0.0,-0.0,-0.0,0.0,0.0,416.0799999999905
22.15,46.47,93.95,0.04999999999999716,0.10000000000000142,0.29999999999999716,4.241534988713319,2.0217344523348397,1.0,4.2436876941473445,2.022172019589142,1.0,4.243896012584982,2.0222824496902603,1.0,94.00229667875735,93.9754654371064,93.95,0.02121948006292491,0.010111412248451301,0.005,93.98107719869442,93.96535402485794,93.94500000000001,94.02351615882027,93.98557684935484,93.955,93.955,93.98107719869442,0.026077198694423487,0.0002775646481577806,MBB,SPMB,2025-09-03,False,4516.0,2152.0,1064.0,0.0,0.0,0.0,,,0.0,0.0,0.0,False,True,True,0.0,,,0.0,0.0,0.0,0.0,0.0,0.0,0.0,0.0,0.0,0.0,0.0,0.0,0.0,0.0,-0.0,-0.0,-0.0,-0.0,-0.0,-0.0,0.0,0.0,0.0,0.0,0.0,0.0,416.0799999999905
22.25,46.67,94.43,0.10000000000000142,0.20000000000000284,0.480000000000004,4.244044943820225,2.0233554746089566,1.0,4.243700886611988,2.02214264060173,1.0,4.2436876941473445,2.022172019589142,1.0,94.42205119477842,94.37476815422526,94.43,0.021218438470736723,0.010110860097945712,0.005,94.40083275630768,94.36465729412733,94.42500000000001,94.44326963324916,94.3848790143232,94.435,94.3848790143232,94.42500000000001,0.04012098567680766,0.000424875417524173,VMBS,MBB,2025-09-04,False,4494.0,2141.0,1059.0,0.0,0.0,0.0,,,0.0,0.0,0.0,False,True,False,0.0,,,0.0,0.0,0.0,0.0,0.0,0.0,0.0,0.0,0.0,0.0,0.0,0.0,0.0,0.0,-0.0,-0.0,-0.0,-0.0,-0.0,-0.0,0.0,0.0,0.0,0.0,0.0,0.0,416.0799999999905
22.35,46.88,94.89,0.10000000000000142,0.21000000000000085,0.45999999999999375,4.245637583892617,2.02410409556314,1.0,4.24377714986459,2.022192836744309,1.0,4.243700886611988,2.02214264060173,1.0,94.84671481577793,94.79804699140911,94.89,0.02121850443305994,0.01011071320300865,0.005,94.82549631134486,94.7879362782061,94.885,94.867933320211,94.80815770461211,94.895,94.80815770461211,94.885,0.07684229538789111,0.0008098039349551177,VMBS,MBB,2025-09-05,False,4473.0,2131.0,1054.0,0.0,0.0,0.0,,,0.0,0.0,0.0,False,True,False,0.0,,,0.0,0.0,0.0,0.0,0.0,0.0,0.0,0.0,0.0,0.0,0.0,0.0,0.0,0.0,-0.0,-0.0,-0.0,-0.0,-0.0,-0.0,0.0,0.0,0.0,0.0,0.0,0.0,416.0799999999905
22.48,47.08,95.31,0.129999999999999,0.19999999999999574,0.4200000000000017,4.239768683274021,2.024426508071368,1.0,4.243418784209862,2.022224458492242,1.0,4.24377714986459,2.022192836744309,1.0,95.40011032895598,95.20483875392206,95.31,0.02121888574932295,0.010110964183721545,0.005,95.37889144320665,95.19472778973834,95.305,95.4213292147053,95.21494971810579,95.315,95.21494971810579,95.37889144320665,0.16394172510086946,0.0017200894460273786,VMBS,SPMB,2025-09-08,False,4452.0,2121.0,1049.0,0.0,0.0,0.0,,,0.0,0.0,0.0,False,False,False,-0.0,,,0.0,0.0,0.0,0.0,0.0,0.0,0.0,0.0,0.0,0.0,0.0,0.0,0.0,0.0,-0.0,-0.0,-0.0,-0.0,-0.0,-0.0,0.0,0.0,0.0,0.0,0.0,0.0,416.0799999999905
22.41,46.94,95.1,-0.07000000000000028,-0.14000000000000057,-0.21000000000000796,4.243641231593038,2.025990626331487,1.0,4.243254045971084,2.02237804386287,1.0,4.243418784209862,2.022224458492242,1.0,95.095014954143,94.92321608162584,95.1,0.02121709392104931,0.01011112229246121,0.005,95.07379786022194,94.91310495933338,95.095,95.11623204806405,94.9333272039183,95.10499999999999,94.9333272039183,95.095,0.16167279608170304,0.0017000294014900426,VMBS,MBB,2025-09-09,False,4464.0,2127.0,1052.0,0.0,0.0,0.0,,,0.0,0.0,-0.0,False,False,False,0.0,,,0.0,0.0,0.0,0.0,0.0,0.0,0.0,0.0,0.0,0.0,0.0,0.0,0.0,0.0,-0.0,-0.0,-0.0,-0.0,-0.0,-0.0,0.0,-0.0,-0.0,-0.0,0.0,0.0,416.0799999999905
22.45,47.06,95.29,0.03999999999999915,0.12000000000000455,0.19000000000001194,4.244543429844098,2.0248618784530388,1.0,4.243117333615738,2.022421137785522,1.0,4.243254045971084,2.02237804386287,1.0,95.26105333205084,95.17311074418667,95.29,0.021216270229855422,0.01011189021931435,0.005,95.23983706182098,95.16299885396735,95.28500000000001,95.28226960228069,95.183222634406,95.295,95.183222634406,95.28500000000001,0.10177736559401751,0.0010680802350091039,VMBS,MBB,2025-09-10,False,4451.0,2121.0,1049.0,0.0,0.0,0.0,,,0.0,0.0,0.0,False,True,False,0.0,,,0.0,0.0,0.0,0.0,0.0,0.0,0.0,0.0,0.0,0.0,0.0,0.0,0.0,0.0,-0.0,-0.0,-0.0,-0.0,-0.0,-0.0,0.0,0.0,0.0,0.0,0.0,0.0,416.0799999999905
22.5,47.16,95.46,0.05000000000000071,0.09999999999999432,0.1699999999999875,4.242666666666667,2.024173027989822,1.0,4.243004846795435,2.0225320707175145,1.0,4.243117333615738,2.022421137785522,1.0,95.47014000635411,95.37738085796522,95.46,0.02121558666807869,0.01011210568892761,0.005,95.44892441968604,95.36726875227629,95.455,95.49135559302219,95.38749296365415,95.46499999999999,95.38749296365415,95.455,0.06750703634584454,0.000707176161175828,VMBS,MBB,2025-09-11,False,4447.0,2119.0,1048.0,0.0,0.0,0.0,,,0.0,0.0,0.0,False,True,False,0.0,,,0.0,0.0,0.0,0.0,0.0,0.0,0.0,0.0,0.0,0.0,0.0,0.0,0.0,0.0,-0.0,-0.0,-0.0,-0.0,-0.0,-0.0,0.0,0.0,0.0,0.0,0.0,0.0,416.0799999999905
22.52,47.14,95.42,0.019999999999999574,-0.01999999999999602,-0.03999999999999204,4.237122557726465,2.024183283835384,1.0,4.242666958362628,2.0226833765327727,1.0,4.243004846795435,2.0225320707175145,1.0,95.55246914983319,95.34216181362363,95.42,0.021215024233977173,0.010112660353587573,0.005,95.5312541255992,95.33204915327005,95.415,95.57368417406717,95.35227447397722,95.425,95.35227447397722,95.5312541255992,0.1789796516219866,0.001875703747872423,VMBS,SPMB,2025-09-12,False,4447.0,2120.0,1048.0,0.0,0.0,0.0,,,0.0,0.0,0.0,False,False,False,-0.0,,,0.0,0.0,0.0,0.0,0.0,0.0,0.0,0.0,0.0,0.0,0.0,0.0,0.0,0.0,-0.0,-0.0,-0.0,-0.0,-0.0,-0.0,0.0,0.0,-0.0,-0.0,0.0,0.0,416.0799999999905
22.57,47.27,95.73,0.05000000000000071,0.13000000000000256,0.3100000000000023,4.241470979175897,2.0251745292997674,1.0,4.242348314856602,2.02284011509802,1.0,4.242666958362628,2.0226833765327727,1.0,95.75699325024452,95.61224320870417,95.73,0.02121333479181314,0.010113416882663864,0.005,95.73577991545271,95.60212979182151,95.72500000000001,95.77820658503633,95.62235662558683,95.735,95.62235662558683,95.73577991545271,0.11342328986587802,0.0011848249228651208,VMBS,SPMB,2025-09-15,False,4434.0,2114.0,1045.0,0.0,0.0,0.0,,,0.0,0.0,-0.0,False,True,False,0.0,,,0.0,0.0,0.0,0.0,0.0,0.0,0.0,0.0,0.0,0.0,0.0,0.0,0.0,0.0,-0.0,-0.0,-0.0,-0.0,-0.0,-0.0,0.0,0.0,0.0,0.0,0.0,0.0,416.0799999999905
22.57,47.22,95.69,0.0,-0.05000000000000426,-0.04000000000000625,4.239698715108551,2.026471833968657,1.0,4.2420888162640065,2.0230927418462152,1.0,4.242348314856602,2.02284011509802,1.0,95.7498014663135,95.5185102349285,95.69,0.02121174157428301,0.0101142005754901,0.005,95.72858972473922,95.50839603435301,95.685,95.77101320788778,95.52862443550399,95.695,95.52862443550399,95.72858972473922,0.19996528923523726,0.002089719816440979,VMBS,SPMB,2025-09-16,False,4433.0,2114.0,1045.0,0.0,0.0,0.0,,,0.0,0.0,0.0,False,False,False,-0.0,,,0.0,0.0,0.0,0.0,0.0,0.0,0.0,0.0,0.0,0.0,0.0,0.0,0.0,0.0,-0.0,-0.0,-0.0,-0.0,-0.0,-0.0,0.0,0.0,-0.0,-0.0,0.0,0.0,416.0799999999905
22.51,47.13,95.44,-0.05999999999999872,-0.0899999999999963,-0.25,4.23989338071968,2.0250371313388498,1.0,4.241946461706524,2.0232964030381844,1.0,4.2420888162640065,2.0230927418462152,1.0,95.4894192541028,95.34836092321213,95.44,0.021210444081320032,0.010115463709231077,0.005,95.46820881002148,95.3382454595029,95.435,95.51062969818412,95.35847638692135,95.445,95.35847638692135,95.46820881002148,0.10973242310012665,0.0011497529662628527,VMBS,SPMB,2025-09-17,False,4446.0,2120.0,1048.0,0.0,0.0,0.0,,,0.0,0.0,-0.0,False,True,False,0.0,,,0.0,0.0,0.0,0.0,0.0,0.0,0.0,0.0,0.0,0.0,0.0,0.0,0.0,0.0,-0.0,-0.0,-0.0,-0.0,-0.0,-0.0,0.0,-0.0,-0.0,-0.0,0.0,0.0,416.0799999999905
22.43,46.96,95.03,-0.08000000000000185,-0.1700000000000017,-0.4099999999999966,4.23673651359786,2.0236371379897786,1.0,4.2416174514099785,2.023388018141473,1.0,4.241946461706524,2.0232964030381844,1.0,95.14685913607734,95.01399908667314,95.03,0.02120973230853262,0.010116482015190923,0.005,95.1256494037688,95.00388260465795,95.025,95.16806886838587,95.02411556868833,95.035,95.02411556868833,95.1256494037688,0.10153383508047398,0.0010684398093283591,VMBS,SPMB,2025-09-18,False,4463.0,2129.0,1052.0,0.0,0.0,0.0,,,0.0,0.0,0.0,False,True,False,0.0,,,0.0,0.0,0.0,0.0,0.0,0.0,0.0,0.0,0.0,0.0,0.0,0.0,0.0,0.0,-0.0,-0.0,-0.0,-0.0,-0.0,-0.0,0.0,-0.0,-0.0,-0.0,0.0,0.0,416.0799999999905
22.46,47.04,95.19,0.030000000000001137,0.0799999999999983,0.1599999999999966,4.23820124666073,2.02359693877551,1.0,4.241316891863759,2.0234430543512847,1.0,4.2416174514099785,2.023388018141473,1.0,95.26672795866811,95.18017237337489,95.19,0.021208087257049892,0.010116940090707365,0.005,95.24551987141106,95.17005543328418,95.185,95.28793604592516,95.1902893134656,95.195,95.1902893134656,95.24551987141106,0.05523055794546394,0.0005802138664299185,VMBS,SPMB,2025-09-19,False,4458.0,2127.0,1051.0,0.0,0.0,0.0,,,0.0,0.0,0.0,False,True,False,0.0,,,0.0,0.0,0.0,0.0,0.0,0.0,0.0,0.0,0.0,0.0,0.0,0.0,0.0,0.0,-0.0,-0.0,-0.0,-0.0,-0.0,-0.0,0.0,0.0,0.0,0.0,0.0,0.0,416.0799999999905
22.39,46.92,95.0,-0.07000000000000028,-0.11999999999999744,-0.18999999999999773,4.242965609647164,2.024722932651321,1.0,4.24119080411507,2.0235614021876343,1.0,4.241316891863759,2.0234430543512847,1.0,94.96308520882957,94.93994811016228,95.0,0.021206584459318795,0.010117215271756424,0.005,94.94187862437025,94.92983089489051,94.995,94.98429179328889,94.95006532543404,95.005,94.95006532543404,94.995,0.04493467456596534,0.0004729965743785825,VMBS,MBB,2025-09-22,False,4466.0,2131.0,1053.0,0.0,0.0,0.0,,,0.0,0.0,0.0,False,True,False,0.0,,,0.0,0.0,0.0,0.0,0.0,0.0,0.0,0.0,0.0,0.0,0.0,0.0,0.0,0.0,-0.0,-0.0,-0.0,-0.0,-0.0,-0.0,0.0,-0.0,-0.0,-0.0,0.0,0.0,416.0799999999905
22.44,47.05,95.31,0.05000000000000071,0.12999999999999545,0.3100000000000023,4.247326203208556,2.025717321997875,1.0,4.241587827915969,2.023813899073319,1.0,4.24119080411507,2.0235614021876343,1.0,95.17232164434218,95.20856397292819,95.31,0.02120595402057535,0.010117807010938172,0.005,95.1511156903216,95.19844616591725,95.305,95.19352759836275,95.21868177993913,95.315,95.19352759836275,95.305,0.11147240163725769,0.001169577186415462,SPMB,MBB,2025-09-23,False,4449.0,2123.0,1049.0,0.0,0.0,0.0,,,0.0,0.0,0.0,False,True,False,0.0,,,0.0,0.0,0.0,0.0,0.0,0.0,0.0,0.0,0.0,0.0,0.0,0.0,0.0,0.0,-0.0,-0.0,-0.0,-0.0,-0.0,-0.0,0.0,0.0,0.0,0.0,0.0,0.0,416.0799999999905
22.41,46.97,95.12,-0.030000000000001137,-0.0799999999999983,-0.18999999999999773,4.244533690316823,2.025122418565042,1.0,4.241759532711214,2.0239634450123143,1.0,4.241587827915969,2.023813899073319,1.0,95.05398322359686,95.0585388394738,95.12,0.021207939139579843,0.010119069495366595,0.005,95.03277528445727,95.04841976997844,95.11500000000001,95.07519116273644,95.06865790896916,95.125,95.06865790896916,95.11500000000001,0.04634209103085141,0.0004871960789618524,VMBS,MBB,2025-09-24,False,4458.0,2127.0,1051.0,0.0,0.0,0.0,,,0.0,0.0,0.0,False,True,False,0.0,,,0.0,0.0,0.0,0.0,0.0,0.0,0.0,0.0,0.0,0.0,0.0,0.0,0.0,0.0,-0.0,-0.0,-0.0,-0.0,-0.0,-0.0,0.0,-0.0,-0.0,-0.0,0.0,0.0,416.0799999999905
22.4,46.93,94.97,-0.010000000000001563,-0.03999999999999915,-0.15000000000000568,4.239732142857143,2.0236522480289794,1.0,4.241589453676674,2.0240518716167246,1.0,4.241759532711214,2.0239634450123143,1.0,95.01541353273119,94.98460447442791,94.97,0.02120879766355607,0.010119817225061572,0.005,94.99420473506763,94.97448465720285,94.965,95.03662233039475,94.99472429165297,94.975,94.975,94.99420473506763,0.019204735067631873,0.00020221896459547093,MBB,SPMB,2025-09-25,False,4467.0,2131.0,1053.0,0.0,0.0,0.0,,,0.0,0.0,0.0,False,True,False,0.0,,,0.0,0.0,0.0,0.0,0.0,0.0,0.0,0.0,0.0,0.0,0.0,0.0,0.0,0.0,-0.0,-0.0,-0.0,-0.0,-0.0,-0.0,0.0,-0.0,-0.0,-0.0,0.0,0.0,416.0799999999905
22.4,46.9,94.99,0.0,-0.030000000000001137,0.01999999999999602,4.240625,2.0253731343283583,1.0,4.241598231766561,2.024238462766397,1.0,4.241589453676674,2.0240518716167246,1.0,95.0116037623575,94.92803277882439,94.99,0.021207947268383372,0.010120259358083623,0.005,94.99039581508912,94.9179125194663,94.985,95.03281170962588,94.93815303818248,94.99499999999999,94.93815303818248,94.99039581508912,0.052242776906638255,0.0005499818602656938,VMBS,SPMB,2025-09-26,False,4466.0,2131.0,1053.0,0.0,0.0,0.0,,,0.0,0.0,0.0,False,True,False,0.0,,,0.0,0.0,0.0,0.0,0.0,0.0,0.0,0.0,0.0,0.0,0.0,0.0,0.0,0.0,-0.0,-0.0,-0.0,-0.0,-0.0,-0.0,0.0,0.0,-0.0,0.0,0.0,0.0,416.0799999999905
22.45,47.01,95.19,0.05000000000000071,0.10999999999999943,0.20000000000000284,4.2400890868596885,2.024888321633695,1.0,4.241389460738426,2.0242924026576055,1.0,4.241598231766561,2.024238462766397,1.0,95.22388030315929,95.15945013464832,95.19,0.021207991158832807,0.010121192313831986,0.005,95.20267231200046,95.14932894233449,95.185,95.24508829431812,95.16957132696216,95.195,95.16957132696216,95.20267231200046,0.03310098503830261,0.00034773594955670356,VMBS,SPMB,2025-09-29,False,4458.0,2127.0,1051.0,0.0,0.0,0.0,,,0.0,0.0,0.0,False,True,False,0.0,,,0.0,0.0,0.0,0.0,0.0,0.0,0.0,0.0,0.0,0.0,0.0,0.0,0.0,0.0,-0.0,-0.0,-0.0,-0.0,-0.0,-0.0,0.0,0.0,0.0,0.0,0.0,0.0,416.0799999999905
22.44,46.96,95.15,-0.00999999999999801,-0.04999999999999716,-0.03999999999999204,4.240196078431373,2.026192504258944,1.0,4.241521436605696,2.024620790001241,1.0,4.241389460738426,2.0242924026576055,1.0,95.17677949897028,95.06077122880116,95.15,0.02120694730369213,0.010121462013288028,0.005,95.15557255166658,95.05064976678787,95.14500000000001,95.19798644627397,95.07089269081445,95.155,95.07089269081445,95.15557255166658,0.08467986085213397,0.0008899617535694583,VMBS,SPMB,2025-09-30,False,4458.0,2128.0,1051.0,0.0,0.0,0.0,,,0.0,0.0,0.0,False,True,False,0.0,,,0.0,0.0,0.0,0.0,0.0,0.0,0.0,0.0,0.0,0.0,0.0,0.0,0.0,0.0,-0.0,-0.0,-0.0,-0.0,-0.0,-0.0,0.0,-0.0,-0.0,-0.0,0.0,0.0,416.0799999999905
22.43,46.96,95.12,-0.010000000000001563,0.0,-0.030000000000001137,4.24074899687918,2.0255536626916526,1.0,4.241482137013989,2.0248117505190812,1.0,4.241521436605696,2.024620790001241,1.0,95.13732582306577,95.07619229845828,95.12,0.02120760718302848,0.010123103950006205,0.005,95.11611821588274,95.06606919450827,95.11500000000001,95.1585334302488,95.08631540240829,95.125,95.08631540240829,95.11611821588274,0.02980281347444702,0.0003133180558709737,VMBS,SPMB,2025-10-01,True,4458.0,2128.0,1051.0,0.0,0.0,0.0,,,0.0,0.0,0.0,False,True,False,0.0,,,0.0,0.0,0.0,0.0,0.0,0.0,0.0,0.0,0.0,0.0,0.0,0.0,0.0,0.0,-0.0,-0.0,-0.0,-0.0,-0.0,-0.0,0.0,-0.0,0.0,-0.0,0.0,0.0,416.0799999999905
22.45,47.03,95.24,0.019999999999999574,0.07000000000000028,0.11999999999999034,4.242316258351893,2.025090367850308,1.0,4.241395702740572,2.024898495181149,1.0,4.241482137013989,2.0248117505190812,1.0,95.22127397596405,95.22689662691239,95.24,0.021207410685069945,0.010124058752595406,0.005,95.20006656527899,95.2167725681598,95.235,95.24248138664912,95.23702068566499,95.24499999999999,95.23702068566499,95.235,-0.002020685664987809,-2.121677514686906e-05,VMBS,MBB,2025-10-02,False,4454.0,2126.0,1050.0,0.0,0.0,0.0,,,0.0,0.0,0.0,False,True,True,0.0,,,0.0,0.0,0.0,0.0,0.0,0.0,0.0,0.0,0.0,0.0,0.0,0.0,0.0,0.0,-0.0,-0.0,-0.0,-0.0,-0.0,-0.0,0.0,0.0,0.0,0.0,0.0,0.0,416.0799999999905
22.42,46.97,95.09,-0.029999999999997584,-0.060000000000002274,-0.14999999999999147,4.241302408563782,2.024483713008303,1.0,4.2411789439741305,2.0249174760534068,1.0,4.241395702740572,2.024898495181149,1.0,95.09209165544364,95.10948231865856,95.09,0.021206978513702863,0.010124492475905744,0.005,95.07088467692994,95.09935782618265,95.08500000000001,95.11329863395734,95.11960681113447,95.095,95.095,95.09935782618265,0.004357826182655344,4.582843813918755e-05,MBB,VMBS,2025-10-03,False,4462.0,2130.0,1052.0,0.0,0.0,0.0,,,0.0,0.0,0.0,False,True,False,0.0,,,0.0,0.0,0.0,0.0,0.0,0.0,0.0,0.0,0.0,0.0,0.0,0.0,0.0,0.0,-0.0,-0.0,-0.0,-0.0,-0.0,-0.0,0.0,-0.0,-0.0,-0.0,0.0,0.0,416.0799999999905
22.39,46.87,94.9,-0.030000000000001137,-0.10000000000000142,-0.18999999999999773,4.238499330058062,2.0247493065927036,1.0,4.2411154763133325,2.0249336159794735,1.0,4.2411789439741305,2.0249174760534068,1.0,94.95999655558079,94.90788210262318,94.9,0.021205894719870652,0.010124587380267034,0.005,94.93879066086092,94.89775751524292,94.89500000000001,94.98120245030066,94.91800669000344,94.905,94.905,94.93879066086092,0.03379066086091598,0.0003560659732446362,MBB,SPMB,2025-10-06,False,4470.0,2134.0,1054.0,0.0,0.0,0.0,,,0.0,0.0,0.0,False,True,False,0.0,,,0.0,0.0,0.0,0.0,0.0,0.0,0.0,0.0,0.0,0.0,0.0,0.0,0.0,0.0,-0.0,-0.0,-0.0,-0.0,-0.0,-0.0,0.0,-0.0,-0.0,-0.0,0.0,0.0,416.0799999999905
22.41,46.95,95.1,0.019999999999999574,0.0800000000000054,0.19999999999998863,4.243641231593038,2.02555910543131,1.0,4.2411154763133325,2.024912039934465,1.0,4.2411154763133325,2.0249336159794735,1.0,95.04339782418178,95.07063327023629,95.1,0.021205577381566663,0.010124668079897368,0.005,95.02219224680022,95.06050860215639,95.095,95.06460340156335,95.08075793831618,95.10499999999999,95.06460340156335,95.095,0.030396598436652766,0.00031962774381338345,SPMB,MBB,2025-10-07,False,4462.0,2130.0,1052.0,0.0,0.0,0.0,,,0.0,0.0,0.0,False,True,False,0.0,,,0.0,0.0,0.0,0.0,0.0,0.0,0.0,0.0,0.0,0.0,0.0,0.0,0.0,0.0,-0.0,-0.0,-0.0,-0.0,-0.0,-0.0,0.0,0.0,0.0,0.0,0.0,0.0,416.0799999999905
22.43,46.97,95.13,0.019999999999999574,0.01999999999999602,0.030000000000001137,4.241194828354882,2.0253353204172875,1.0,4.240948046238872,2.024935712032677,1.0,4.2411154763133325,2.024912039934465,1.0,95.12822013370804,95.11011851572182,95.13,0.021205577381566663,0.010124560199672325,0.005,95.10701455632648,95.09999395552215,95.125,95.1494257110896,95.1202430759215,95.13499999999999,95.1202430759215,95.125,0.004756924078506586,5.000445788401751e-05,VMBS,MBB,2025-10-08,False,4457.0,2128.0,1051.0,0.0,0.0,0.0,,,0.0,0.0,0.0,False,True,False,0.0,,,0.0,0.0,0.0,0.0,0.0,0.0,0.0,0.0,0.0,0.0,0.0,0.0,0.0,0.0,-0.0,-0.0,-0.0,-0.0,-0.0,-0.0,0.0,0.0,0.0,0.0,0.0,0.0,416.0799999999905
22.4,46.85,94.92,-0.030000000000001137,-0.11999999999999744,-0.20999999999999375,4.237500000000001,2.0260405549626466,1.0,4.240689712905538,2.0250290883813187,1.0,4.240948046238872,2.024935712032677,1.0,94.99723623575072,94.86823810873092,94.92,0.02120474023119436,0.010124678560163384,0.005,94.97603149551952,94.85811343017076,94.915,95.01844097598192,94.87836278729108,94.925,94.87836278729108,94.97603149551952,0.09766870822843998,0.0010289581566418034,VMBS,SPMB,2025-10-09,False,4470.0,2134.0,1054.0,0.0,0.0,0.0,,,0.0,0.0,0.0,False,True,False,0.0,,,0.0,0.0,0.0,0.0,0.0,0.0,0.0,0.0,0.0,0.0,0.0,0.0,0.0,0.0,-0.0,-0.0,-0.0,-0.0,-0.0,-0.0,0.0,-0.0,-0.0,-0.0,0.0,0.0,416.0799999999905
22.51,47.04,95.28,0.11000000000000298,0.18999999999999773,0.35999999999999943,4.232785428698356,2.0255102040816326,1.0,4.240472856454133,2.025095434393631,1.0,4.240689712905538,2.0250290883813187,1.0,95.45792543750366,95.25736831745724,95.28,0.021203448564527688,0.010125145441906593,0.005,95.43672198893913,95.24724317201533,95.275,95.4791288860682,95.26749346289914,95.285,95.26749346289914,95.43672198893913,0.16922852603998706,0.0017761180314860103,VMBS,SPMB,2025-10-10,False,4453.0,2126.0,1050.0,0.0,0.0,0.0,,,0.0,0.0,0.0,False,False,False,-0.0,,,0.0,0.0,0.0,0.0,0.0,0.0,0.0,0.0,0.0,0.0,0.0,0.0,0.0,0.0,-0.0,-0.0,-0.0,-0.0,-0.0,-0.0,0.0,0.0,0.0,0.0,0.0,0.0,416.0799999999905
22.56,47.1,95.46,0.04999999999999716,0.060000000000002274,0.1799999999999926,4.2313829787234045,2.0267515923566877,1.0,4.239968456431509,2.025174287546477,1.0,4.240472856454133,2.025095434393631,1.0,95.66506764160523,95.38199495994003,95.46,0.021202364282270666,0.010125477171968156,0.005,95.64386527732296,95.37186948276806,95.455,95.68627000588751,95.392120437112,95.46499999999999,95.392120437112,95.64386527732296,0.2517448402109608,0.002637176201665208,VMBS,SPMB,2025-10-13,False,4444.0,2122.0,1048.0,0.0,0.0,0.0,,,0.0,0.0,-0.0,True,False,False,1.0,VMBS,SPMB,-4444.0,2122.0,0.0,0.0,0.0,0.0,0.0,0.0,-4444.0,2122.0,0.0,0.0,2122.0,0.0,4444.0,-0.0,-0.0,-22.22,-10.61,-0.0,-32.83,0.0,0.0,0.0,0.0,-32.83,383.2499999999905
22.54,47.18,95.54,-0.019999999999999574,0.0799999999999983,0.0800000000000125,4.23868677905945,2.0250105977108945,1.0,4.239917859629053,2.025101225733589,1.0,4.239968456431509,2.025174287546477,1.0,95.5688890079662,95.54772288644278,95.54,0.021199842282157544,0.010125871437732385,0.005,95.54768916568405,95.53759701500505,95.53500000000001,95.59008885024836,95.55784875788052,95.545,95.545,95.54768916568405,0.002689165684046202,2.81470136492171e-05,MBB,SPMB,2025-10-14,False,4439.0,2120.0,1047.0,-4444.0,2122.0,0.0,VMBS,SPMB,-0.010159592196473,-0.00010633862462291186,1.0,False,True,False,0.0,,,0.0,0.0,0.0,-100256.64,99946.2,0.0,200202.84,-310.4400000000023,4444.0,-2122.0,0.0,4444.0,0.0,0.0,-0.0,2122.0,-0.0,-22.22,-10.61,-0.0,-32.83,88.8799999999981,169.75999999999638,0.0,258.6399999999945,225.8099999999945,609.0599999999849
22.55,47.16,95.53,0.010000000000001563,-0.020000000000003126,-0.010000000000005116,4.236363636363636,2.0256573367260393,1.0,4.239741372411251,2.0251322360029484,1.0,4.239917859629053,2.025101225733589,1.0,95.61014773463516,95.50377380559605,95.53,0.021199589298145267,0.010125506128667945,0.005,95.58894814533701,95.49364829946738,95.525,95.63134732393331,95.51389931172473,95.535,95.51389931172473,95.58894814533701,0.07504883361228565,0.0007856048739902192,VMBS,SPMB,2025-10-15,False,4439.0,2120.0,1047.0,0.0,0.0,0.0,,,0.0,0.0,0.0,False,True,False,0.0,,,0.0,0.0,0.0,0.0,0.0,0.0,0.0,0.0,0.0,0.0,0.0,0.0,0.0,0.0,-0.0,-0.0,-0.0,-0.0,-0.0,-0.0,0.0,0.0,-0.0,-0.0,0.0,0.0,609.0599999999849
22.63,47.31,95.89,0.0799999999999983,0.15000000000000568,0.35999999999999943,4.237295625276182,2.026844218981188,1.0,4.239769327995167,2.0252925900525187,1.0,4.239741372411251,2.0251322360029484,1.0,95.9453472576666,95.8090060852995,95.89,0.021198706862056254,0.010125661180014742,0.005,95.92414855080455,95.79888042411949,95.885,95.96654596452865,95.81913174647951,95.895,95.81913174647951,95.92414855080455,0.10501680432503235,0.0010951799387322178,VMBS,SPMB,2025-10-16,False,4422.0,2112.0,1043.0,0.0,0.0,0.0,,,0.0,0.0,0.0,False,True,False,0.0,,,0.0,0.0,0.0,0.0,0.0,0.0,0.0,0.0,0.0,0.0,0.0,0.0,0.0,0.0,-0.0,-0.0,-0.0,-0.0,-0.0,-0.0,0.0,0.0,0.0,0.0,0.0,0.0,609.0599999999849
22.62,47.28,95.88,-0.00999999999999801,-0.030000000000001137,-0.010000000000005116,4.238726790450928,2.027918781725888,1.0,4.239795605184677,2.0255086822000377,1.0,4.239769327995167,2.0252925900525187,1.0,95.90358219925068,95.75583365768308,95.88,0.021198846639975837,0.010126462950262594,0.005,95.8823833526107,95.74570719473282,95.875,95.92478104589065,95.76596012063335,95.88499999999999,95.76596012063335,95.8823833526107,0.11642323197735038,0.0012142598245447475,VMBS,SPMB,2025-10-17,False,4422.0,2112.0,1043.0,0.0,0.0,0.0,,,0.0,0.0,0.0,False,True,False,0.0,,,0.0,0.0,0.0,0.0,0.0,0.0,0.0,0.0,0.0,0.0,0.0,0.0,0.0,0.0,-0.0,-0.0,-0.0,-0.0,-0.0,-0.0,0.0,-0.0,-0.0,-0.0,0.0,0.0,609.0599999999849
22.65,47.34,95.96,0.029999999999997584,0.060000000000002274,0.0799999999999983,4.236644591611479,2.0270384452893957,1.0,4.239479554282893,2.0256244578319413,1.0,4.239795605184677,2.0255086822000377,1.0,96.03137045743291,95.8875810153498,95.96,0.021198978025923382,0.010127543411000188,0.005,96.01017147940699,95.8774534719388,95.955,96.05256943545884,95.8977085587608,95.96499999999999,95.8977085587608,96.01017147940699,0.11246292064619468,0.0011719770805147425,VMBS,SPMB,2025-10-20,False,4418.0,2111.0,1042.0,0.0,0.0,0.0,,,0.0,0.0,0.0,False,True,False,0.0,,,0.0,0.0,0.0,0.0,0.0,0.0,0.0,0.0,0.0,0.0,0.0,0.0,0.0,0.0,-0.0,-0.0,-0.0,-0.0,-0.0,-0.0,0.0,0.0,0.0,0.0,0.0,0.0,609.0599999999849
22.68,47.43,96.12,0.030000000000001137,0.0899999999999963,0.1600000000000108,4.238095238095238,2.026565464895636,1.0,4.239018006027227,2.0256668649768295,1.0,4.239479554282893,2.0256244578319413,1.0,96.15139629113601,96.07536803496897,96.12,0.021197397771414463,0.010128122289159706,0.005,96.1301988933646,96.06523991267981,96.11500000000001,96.17259368890743,96.08549615725813,96.125,96.08549615725813,96.1301988933646,0.044702736106458474,0.00046507216090780766,VMBS,SPMB,2025-10-21,False,4409.0,2107.0,1040.0,0.0,0.0,0.0,,,0.0,0.0,0.0,False,True,False,0.0,,,0.0,0.0,0.0,0.0,0.0,0.0,0.0,0.0,0.0,0.0,0.0,0.0,0.0,0.0,-0.0,-0.0,-0.0,-0.0,-0.0,-0.0,0.0,0.0,0.0,0.0,0.0,0.0,609.0599999999849
22.67,47.42,96.05,-0.00999999999999801,-0.00999999999999801,-0.07000000000000739,4.236876929863255,2.0255166596372836,1.0,4.238635168004548,2.0256865770304415,1.0,4.239018006027227,2.0256668649768295,1.0,96.09853819663725,96.05712273720125,96.05,0.021195090030136136,0.010128334324884148,0.005,96.07734310660712,96.04699440287636,96.045,96.11973328666738,96.06725107152614,96.05499999999999,96.05499999999999,96.07734310660712,0.02234310660712424,0.00023261953781493225,MBB,SPMB,2025-10-22,False,4413.0,2109.0,1041.0,0.0,0.0,0.0,,,0.0,0.0,0.0,False,True,False,0.0,,,0.0,0.0,0.0,0.0,0.0,0.0,0.0,0.0,0.0,0.0,0.0,0.0,0.0,0.0,-0.0,-0.0,-0.0,-0.0,-0.0,-0.0,0.0,-0.0,-0.0,-0.0,0.0,0.0,609.0599999999849
22.62,47.25,95.85,-0.05000000000000071,-0.1700000000000017,-0.20000000000000284,4.237400530503979,2.0285714285714285,1.0,4.23851858738689,2.025932536057564,1.0,4.238635168004548,2.0256865770304415,1.0,95.87792750026289,95.71369076468837,95.85,0.021193175840022744,0.010128432885152208,0.005,95.85673432442286,95.70356233180321,95.845,95.89912067610291,95.72381919757352,95.85499999999999,95.72381919757352,95.85673432442286,0.13291512684934048,0.0013866992889863378,VMBS,SPMB,2025-10-23,False,4421.0,2113.0,1043.0,0.0,0.0,0.0,,,0.0,0.0,0.0,False,True,False,0.0,,,0.0,0.0,0.0,0.0,0.0,0.0,0.0,0.0,0.0,0.0,0.0,0.0,0.0,0.0,-0.0,-0.0,-0.0,-0.0,-0.0,-0.0,0.0,-0.0,-0.0,-0.0,0.0,0.0,609.0599999999849
22.65,47.36,96.04,0.029999999999997584,0.10999999999999943,0.19000000000001194,4.240176600441502,2.027871621621622,1.0,4.238496167408965,2.0260574604222272,1.0,4.23851858738689,2.025932536057564,1.0,96.00244600431306,95.94816490768623,96.04,0.021192592936934453,0.010129662680287822,0.005,95.98125341137612,95.93803524500595,96.03500000000001,96.02363859725,95.95829457036652,96.045,95.95829457036652,96.03500000000001,0.07670542963349192,0.0007986821078039558,VMBS,MBB,2025-10-24,False,4412.0,2109.0,1041.0,0.0,0.0,0.0,,,0.0,0.0,0.0,False,True,False,0.0,,,0.0,0.0,0.0,0.0,0.0,0.0,0.0,0.0,0.0,0.0,0.0,0.0,0.0,0.0,-0.0,-0.0,-0.0,-0.0,-0.0,-0.0,0.0,0.0,0.0,0.0,0.0,0.0,609.0599999999849
22.67,47.4,96.13,0.020000000000003126,0.03999999999999915,0.0899999999999892,4.240405822673136,2.028059071729958,1.0,4.238512004199638,2.02621599792704,1.0,4.238496167408965,2.0260574604222272,1.0,96.08670811516126,96.03512362401356,96.13,0.02119248083704483,0.010130287302111136,0.005,96.06551563432421,96.02499333671146,96.125,96.1079005959983,96.04525391131567,96.13499999999999,96.04525391131567,96.125,0.07974608868433108,0.000829565054450547,VMBS,MBB,2025-10-27,False,4408.0,2107.0,1040.0,0.0,0.0,0.0,,,0.0,0.0,0.0,False,True,False,0.0,,,0.0,0.0,0.0,0.0,0.0,0.0,0.0,0.0,0.0,0.0,0.0,0.0,0.0,0.0,-0.0,-0.0,-0.0,-0.0,-0.0,-0.0,0.0,0.0,0.0,0.0,0.0,0.0,609.0599999999849
22.71,47.44,96.23,0.03999999999999915,0.03999999999999915,0.10000000000000853,4.2373403786878026,2.0284569983136596,1.0,4.238369219212459,2.026329222629776,1.0,4.238512004199638,2.02621599792704,1.0,96.25660761537378,96.12368694165879,96.23,0.021192560020998192,0.010131079989635201,0.005,96.23541505535279,96.11355586166916,96.22500000000001,96.27780017539477,96.13381802164842,96.235,96.13381802164842,96.23541505535279,0.10159703370436546,0.001055772978326566,VMBS,SPMB,2025-10-28,False,4404.0,2105.0,1039.0,0.0,0.0,0.0,,,0.0,0.0,0.0,False,True,False,0.0,,,0.0,0.0,0.0,0.0,0.0,0.0,0.0,0.0,0.0,0.0,0.0,0.0,0.0,0.0,-0.0,-0.0,-0.0,-0.0,-0.0,-0.0,0.0,0.0,0.0,0.0,0.0,0.0,609.0599999999849
22.57,47.12,95.59,-0.14000000000000057,-0.3200000000000003,-0.6400000000000006,4.235268054940186,2.0286502546689307,1.0,4.23809517211551,2.02648405222864,1.0,4.238369219212459,2.026329222629776,1.0,95.6599932776252,95.48063297031504,95.59,0.021191846096062297,0.01013164611314888,0.005,95.63880143152915,95.47050132420189,95.58500000000001,95.68118512372126,95.4907646164282,95.595,95.4907646164282,95.63880143152915,0.14803681510095146,0.0015486642441777535,VMBS,SPMB,2025-10-29,False,4433.0,2120.0,1046.0,0.0,0.0,0.0,,,0.0,0.0,0.0,False,False,False,-0.0,,,0.0,0.0,0.0,0.0,0.0,0.0,0.0,0.0,0.0,0.0,0.0,0.0,0.0,0.0,-0.0,-0.0,-0.0,-0.0,-0.0,-0.0,0.0,-0.0,-0.0,-0.0,0.0,0.0,609.0599999999849
22.55,47.08,95.5,-0.019999999999999574,-0.03999999999999915,-0.09000000000000341,4.235033259423504,2.028462192013594,1.0,4.237731022169091,2.0266526434368046,1.0,4.23809517211551,2.02648405222864,1.0,95.56904613120474,95.40686917892437,95.5,0.02119047586057755,0.0101324202611432,0.005,95.54785565534416,95.39673675866322,95.495,95.59023660706532,95.41700159918551,95.505,95.41700159918551,95.54785565534416,0.13085405615865398,0.001370199540928314,VMBS,SPMB,2025-10-30,False,4437.0,2122.0,1047.0,0.0,0.0,0.0,,,0.0,0.0,-0.0,False,True,False,0.0,,,0.0,0.0,0.0,0.0,0.0,0.0,0.0,0.0,0.0,0.0,0.0,0.0,0.0,0.0,-0.0,-0.0,-0.0,-0.0,-0.0,-0.0,0.0,-0.0,-0.0,-0.0,0.0,0.0,609.0599999999849
22.55,47.16,95.55,0.0,0.0799999999999983,0.04999999999999716,4.237250554323725,2.026081424936387,1.0,4.237528429457088,2.0267325290332088,1.0,4.237731022169091,2.0266526434368046,1.0,95.560834549913,95.5769386644797,95.55,0.021188655110845455,0.010133263217184022,0.005,95.53964589480215,95.56680540126251,95.545,95.58202320502384,95.58707192769688,95.55499999999999,95.55499999999999,95.56680540126251,0.011805401262520832,0.00012355208019383394,MBB,VMBS,2025-10-31,False,4437.0,2122.0,1047.0,0.0,0.0,0.0,,,0.0,0.0,0.0,False,True,False,0.0,,,0.0,0.0,0.0,0.0,0.0,0.0,0.0,0.0,0.0,0.0,0.0,0.0,0.0,0.0,-0.0,-0.0,-0.0,-0.0,-0.0,-0.0,0.0,0.0,0.0,0.0,0.0,0.0,609.0599999999849
22.46,46.97,95.11,-0.08999999999999986,-0.18999999999999773,-0.4399999999999977,4.234639358860195,2.0249095167127953,1.0,4.237335430897194,2.0267405395392135,1.0,4.237528429457088,2.0267325290332088,1.0,95.17488852560619,95.19562688868982,95.11,0.02118764214728544,0.010133662645166044,0.005,95.15370088345891,95.18549322604466,95.105,95.19607616775347,95.20576055133498,95.115,95.115,95.18549322604466,0.07049322604466113,0.0007411757548592275,MBB,VMBS,2025-11-03,True,4454.0,2130.0,1051.0,0.0,0.0,0.0,,,0.0,0.0,0.0,False,True,False,0.0,,,0.0,0.0,0.0,0.0,0.0,0.0,0.0,0.0,0.0,0.0,0.0,0.0,0.0,0.0,-0.0,-0.0,-0.0,-0.0,-0.0,-0.0,0.0,-0.0,-0.0,-0.0,0.0,0.0,609.0599999999849
22.48,47.01,95.25,0.019999999999999574,0.03999999999999915,0.14000000000000057,4.237099644128114,2.0261646458200384,1.0,4.237008351523947,2.02677081655865,1.0,4.237335430897194,2.0267405395392135,1.0,95.25530048656893,95.27707276373842,95.25,0.02118667715448597,0.010133702697696067,0.005,95.23411380941444,95.26693906104072,95.245,95.27648716372342,95.28720646643612,95.255,95.255,95.26693906104072,0.011939061040720844,0.00012534447286846032,MBB,VMBS,2025-11-04,False,4449.0,2128.0,1050.0,0.0,0.0,0.0,,,0.0,0.0,0.0,False,True,True,0.0,,,0.0,0.0,0.0,0.0,0.0,0.0,0.0,0.0,0.0,0.0,0.0,0.0,0.0,0.0,-0.0,-0.0,-0.0,-0.0,-0.0,-0.0,0.0,0.0,0.0,0.0,0.0,0.0,609.0599999999849
22.42,46.85,94.94,-0.05999999999999872,-0.1599999999999966,-0.3100000000000023,4.234611953612845,2.0264674493062964,1.0,4.236679207786846,2.0268274230031005,1.0,4.237008351523947,2.02677081655865,1.0,94.99372724116691,94.95421275577276,94.94,0.021185041757619736,0.01013385408279325,0.005,94.97254219940929,94.94407890168996,94.935,95.01491228292453,94.96434660985555,94.945,94.945,94.97254219940929,0.027542199409296586,0.00029010111027276793,MBB,SPMB,2025-11-05,False,4462.0,2134.0,1053.0,0.0,0.0,0.0,,,0.0,0.0,0.0,False,True,False,0.0,,,0.0,0.0,0.0,0.0,0.0,0.0,0.0,0.0,0.0,0.0,0.0,0.0,0.0,0.0,-0.0,-0.0,-0.0,-0.0,-0.0,-0.0,0.0,-0.0,-0.0,-0.0,0.0,0.0,609.0599999999849
22.51,47.06,95.31,0.08999999999999986,0.21000000000000085,0.37000000000000455,4.234118169702354,2.0252868678283042,1.0,4.236510116271964,2.026789738646383,1.0,4.236679207786846,2.0268274230031005,1.0,95.36764896728191,95.38249852652591,95.31,0.02118339603893423,0.010134137115015502,0.005,95.34646557124297,95.37236438941089,95.305,95.38883236332084,95.39263266364092,95.315,95.315,95.37236438941089,0.05736438941089261,0.0006018716756992195,MBB,VMBS,2025-11-06,False,4444.0,2126.0,1049.0,0.0,0.0,0.0,,,0.0,0.0,0.0,False,True,False,0.0,,,0.0,0.0,0.0,0.0,0.0,0.0,0.0,0.0,0.0,0.0,0.0,0.0,0.0,0.0,-0.0,-0.0,-0.0,-0.0,-0.0,-0.0,0.0,0.0,0.0,0.0,0.0,0.0,609.0599999999849
22.51,47.09,95.4,0.0,0.030000000000001137,0.09000000000000341,4.238116392714349,2.0259078360586114,1.0,4.236776664472764,2.026809620245232,1.0,4.236510116271964,2.026789738646383,1.0,95.36384271728191,95.4415287928582,95.4,0.02118255058135982,0.010133948693231917,0.005,95.34266016670055,95.43139484416496,95.39500000000001,95.38502526786327,95.45166274155143,95.405,95.38502526786327,95.43139484416496,0.04636957630168581,0.0004860542589275242,SPMB,VMBS,2025-11-07,False,4440.0,2124.0,1048.0,0.0,0.0,0.0,,,0.0,0.0,0.0,False,True,False,0.0,,,0.0,0.0,0.0,0.0,0.0,0.0,0.0,0.0,0.0,0.0,0.0,0.0,0.0,0.0,-0.0,-0.0,-0.0,-0.0,-0.0,-0.0,0.0,0.0,0.0,0.0,0.0,0.0,609.0599999999849
22.5,47.02,95.29,-0.010000000000001563,-0.07000000000000028,-0.10999999999999943,4.235111111111111,2.026584432156529,1.0,4.236963071092148,2.0268012622352236,1.0,4.236776664472764,2.026809620245232,1.0,95.32747495063718,95.30058834393083,95.29,0.02118388332236382,0.01013404810122616,0.005,95.30629106731482,95.2904542958296,95.28500000000001,95.34865883395955,95.31072239203205,95.295,95.295,95.30629106731482,0.011291067314814995,0.00011849162886782447,MBB,SPMB,2025-11-10,False,4444.0,2126.0,1049.0,0.0,0.0,0.0,,,0.0,0.0,0.0,False,True,False,0.0,,,0.0,0.0,0.0,0.0,0.0,0.0,0.0,0.0,0.0,0.0,0.0,0.0,0.0,0.0,-0.0,-0.0,-0.0,-0.0,-0.0,-0.0,0.0,-0.0,-0.0,-0.0,0.0,0.0,609.0599999999849
22.55,47.18,95.65,0.05000000000000071,0.1599999999999966,0.35999999999999943,4.241685144124169,2.0273420941076727,1.0,4.237112989345384,2.0269178370550627,1.0,4.236963071092148,2.0268012622352236,1.0,95.54351725312794,95.62448355225784,95.65,0.021184815355460743,0.010134006311176119,0.005,95.52233243777249,95.61434954594667,95.64500000000001,95.5647020684834,95.63461755856902,95.655,95.5647020684834,95.64500000000001,0.08029793151661124,0.000839497454433991,SPMB,MBB,2025-11-11,False,4428.0,2118.0,1045.0,0.0,0.0,0.0,,,0.0,0.0,0.0,False,True,False,0.0,,,0.0,0.0,0.0,0.0,0.0,0.0,0.0,0.0,0.0,0.0,0.0,0.0,0.0,0.0,-0.0,-0.0,-0.0,-0.0,-0.0,-0.0,0.0,0.0,0.0,0.0,0.0,0.0,609.0599999999849
22.52,47.17,95.51,-0.030000000000001137,-0.00999999999999801,-0.14000000000000057,4.241119005328597,2.0248039007843968,1.0,4.2373507577936325,2.026875165257981,1.0,4.237112989345384,2.0269178370550627,1.0,95.41978452005804,95.60971437388731,95.51,0.02118556494672692,0.010134589185275314,0.005,95.39859895511131,95.59957978470204,95.50500000000001,95.44097008500478,95.61984896307258,95.515,95.44097008500478,95.59957978470204,0.15860969969726568,0.0016606606606351761,SPMB,VMBS,2025-11-12,False,4436.0,2122.0,1047.0,0.0,0.0,0.0,,,0.0,0.0,0.0,False,False,False,-0.0,,,0.0,0.0,0.0,0.0,0.0,0.0,0.0,0.0,0.0,0.0,0.0,0.0,0.0,0.0,-0.0,-0.0,-0.0,-0.0,-0.0,-0.0,0.0,-0.0,-0.0,-0.0,0.0,0.0,609.0599999999849
22.47,47.01,95.16,-0.05000000000000071,-0.1600000000000037,-0.3500000000000085,4.2349799732977305,2.0242501595405233,1.0,4.23723497519471,2.0267454622859473,1.0,4.2373507577936325,2.026875165257981,1.0,95.21327152762292,95.28340151877768,95.16,0.021186753788968164,0.010134375826289906,0.005,95.19208477383395,95.2732671429514,95.155,95.23445828141189,95.29353589460396,95.16499999999999,95.16499999999999,95.2732671429514,0.10826714295140505,0.0011377379461055596,MBB,VMBS,2025-11-13,False,4453.0,2130.0,1051.0,0.0,0.0,0.0,,,0.0,0.0,-0.0,False,True,False,0.0,,,0.0,0.0,0.0,0.0,0.0,0.0,0.0,0.0,0.0,0.0,0.0,0.0,0.0,0.0,-0.0,-0.0,-0.0,-0.0,-0.0,-0.0,0.0,-0.0,-0.0,-0.0,0.0,0.0,609.0599999999849
22.44,46.96,95.07,-0.029999999999997584,-0.04999999999999716,-0.09000000000000341,4.2366310160427805,2.0244889267461668,1.0,4.237130186474303,2.0265739695369613,1.0,4.23723497519471,2.0267454622859473,1.0,95.08355284336929,95.17596690894808,95.07,0.02118617487597355,0.010133727311429737,0.005,95.06236666849331,95.16583318163666,95.065,95.10473901824527,95.18610063625951,95.07499999999999,95.07499999999999,95.16583318163666,0.09083318163666831,0.0009554347495179165,MBB,VMBS,2025-11-14,False,4458.0,2132.0,1052.0,0.0,0.0,0.0,,,0.0,0.0,0.0,False,True,False,0.0,,,0.0,0.0,0.0,0.0,0.0,0.0,0.0,0.0,0.0,0.0,0.0,0.0,0.0,0.0,-0.0,-0.0,-0.0,-0.0,-0.0,-0.0,0.0,-0.0,-0.0,-0.0,0.0,0.0,609.0599999999849
22.45,46.95,95.01,0.00999999999999801,-0.00999999999999801,-0.05999999999998806,4.232071269487751,2.0236421725239615,1.0,4.236901520368116,2.02640415589869,1.0,4.237130186474303,2.0265739695369613,1.0,95.1235726863481,95.14764786976033,95.01,0.021185650932371517,0.010132869847684807,0.005,95.10238703541573,95.13751499991265,95.00500000000001,95.14475833728046,95.15778073960801,95.015,95.015,95.13751499991265,0.12251499991265291,0.001289495841623544,MBB,VMBS,2025-11-17,False,4462.0,2134.0,1053.0,0.0,0.0,0.0,,,0.0,0.0,0.0,False,True,False,0.0,,,0.0,0.0,0.0,0.0,0.0,0.0,0.0,0.0,0.0,0.0,0.0,0.0,0.0,0.0,-0.0,-0.0,-0.0,-0.0,-0.0,-0.0,0.0,0.0,-0.0,-0.0,0.0,0.0,609.0599999999849
22.46,46.99,95.06,0.010000000000001563,0.03999999999999915,0.04999999999999716,4.232413178984862,2.0229836135347945,1.0,4.236617417412598,2.026225063330648,1.0,4.236901520368116,2.02640415589869,1.0,95.16080814746789,95.22073128567943,95.06,0.021184507601840583,0.01013202077949345,0.005,95.13962363986604,95.21059926489994,95.055,95.18199265506973,95.23086330645893,95.065,95.065,95.21059926489994,0.14559926489994268,0.00153165647906525,MBB,VMBS,2025-11-18,False,4457.0,2132.0,1052.0,0.0,0.0,0.0,,,0.0,0.0,0.0,False,False,False,-0.0,,,0.0,0.0,0.0,0.0,0.0,0.0,0.0,0.0,0.0,0.0,0.0,0.0,0.0,0.0,-0.0,-0.0,-0.0,-0.0,-0.0,-0.0,0.0,0.0,0.0,0.0,0.0,0.0,609.0599999999849
22.45,46.98,95.08,-0.010000000000001563,-0.010000000000005116,0.01999999999999602,4.235189309576837,2.023839931885909,1.0,4.236533036398276,2.0261412269430794,1.0,4.236617417412598,2.026225063330648,1.0,95.11206102091282,95.19205347527384,95.08,0.02118308708706299,0.01013112531665324,0.005,95.09087793382575,95.18192234995719,95.075,95.13324410799989,95.20218460059048,95.085,95.085,95.18192234995719,0.09692234995719673,0.0010193768401051402,MBB,VMBS,2025-11-19,False,4457.0,2132.0,1052.0,0.0,0.0,0.0,,,0.0,0.0,-0.0,False,True,False,0.0,,,0.0,0.0,0.0,0.0,0.0,0.0,0.0,0.0,0.0,0.0,0.0,0.0,0.0,0.0,-0.0,-0.0,-0.0,-0.0,-0.0,-0.0,0.0,-0.0,-0.0,0.0,0.0,0.0,609.0599999999849
22.48,47.01,95.19,0.030000000000001137,0.030000000000001137,0.10999999999999943,4.234430604982206,2.024888321633695,1.0,4.236384540122188,2.025957071596192,1.0,4.236533036398276,2.0261412269430794,1.0,95.23726265823325,95.24889907859416,95.19,0.02118266518199138,0.010130706134715397,0.005,95.21607999305125,95.23876837245945,95.185,95.25844532341524,95.25902978472888,95.195,95.195,95.23876837245945,0.04376837245945353,0.00045980010987975136,MBB,VMBS,2025-11-20,False,4453.0,2129.0,1051.0,0.0,0.0,0.0,,,0.0,0.0,0.0,False,True,False,0.0,,,0.0,0.0,0.0,0.0,0.0,0.0,0.0,0.0,0.0,0.0,0.0,0.0,0.0,0.0,-0.0,-0.0,-0.0,-0.0,-0.0,-0.0,0.0,0.0,0.0,0.0,0.0,0.0,609.0599999999849
22.55,47.16,95.49,0.07000000000000028,0.14999999999999858,0.29999999999999716,4.234589800443459,2.0248091603053435,1.0,4.236105200122286,2.0258039485303785,1.0,4.236384540122188,2.025957071596192,1.0,95.53047137975534,95.54413549647641,95.49,0.02118192270061094,0.010129785357980961,0.005,95.50928945705473,95.53400571111844,95.485,95.55165330245595,95.55426528183439,95.49499999999999,95.49499999999999,95.53400571111844,0.03900571111844897,0.0004084795383647395,MBB,VMBS,2025-11-21,False,4435.0,2121.0,1047.0,0.0,0.0,0.0,,,0.0,0.0,0.0,False,True,False,0.0,,,0.0,0.0,0.0,0.0,0.0,0.0,0.0,0.0,0.0,0.0,0.0,0.0,0.0,0.0,-0.0,-0.0,-0.0,-0.0,-0.0,-0.0,0.0,0.0,0.0,0.0,0.0,0.0,609.0599999999849
22.57,47.25,95.64,0.019999999999999574,0.09000000000000341,0.15000000000000568,4.237483385024369,2.024126984126984,1.0,4.235959078239847,2.02560734415023,1.0,4.236105200122286,2.0258039485303785,1.0,95.60889436676,95.71923656806038,95.64,0.02118052600061143,0.010129019742651893,0.005,95.58771384075939,95.70910754831773,95.635,95.6300748927606,95.72936558780303,95.645,95.6300748927606,95.70910754831773,0.07903265555712835,0.0008263556624542906,SPMB,VMBS,2025-11-24,False,4431.0,2119.0,1046.0,0.0,0.0,0.0,,,0.0,0.0,0.0,False,True,False,0.0,,,0.0,0.0,0.0,0.0,0.0,0.0,0.0,0.0,0.0,0.0,0.0,0.0,0.0,0.0,-0.0,-0.0,-0.0,-0.0,-0.0,-0.0,0.0,0.0,0.0,0.0,0.0,0.0,609.0599999999849
22.63,47.34,95.92,0.05999999999999872,0.09000000000000341,0.28000000000000114,4.238621299160407,2.026193493874102,1.0,4.236023124263477,2.025494168928252,1.0,4.235959078239847,2.02560734415023,1.0,95.85975394056773,95.8922516720719,95.92,0.021179795391199234,0.01012803672075115,0.005,95.83857414517652,95.88212363535114,95.915,95.88093373595893,95.90237970879265,95.925,95.88093373595893,95.915,0.034066264041072714,0.0003551528778260291,SPMB,MBB,2025-11-25,False,4418.0,2113.0,1043.0,0.0,0.0,0.0,,,0.0,0.0,0.0,False,True,False,0.0,,,0.0,0.0,0.0,0.0,0.0,0.0,0.0,0.0,0.0,0.0,0.0,0.0,0.0,0.0,-0.0,-0.0,-0.0,-0.0,-0.0,-0.0,0.0,0.0,0.0,0.0,0.0,0.0,609.0599999999849
22.65,47.4,95.98,0.019999999999999574,0.05999999999999517,0.060000000000002274,4.237527593818985,2.0248945147679325,1.0,4.236136101207417,2.025306381933202,1.0,4.236023124263477,2.025494168928252,1.0,95.94592376456775,96.00842360719913,95.98,0.021180115621317386,0.01012747084464126,0.005,95.92474364894643,95.9982961363545,95.97500000000001,95.96710388018907,96.01855107804377,95.985,95.96710388018907,95.9982961363545,0.031192256165425647,0.00032498704068999423,SPMB,VMBS,2025-11-26,False,4414.0,2111.0,1042.0,0.0,0.0,0.0,,,0.0,0.0,0.0,False,True,False,0.0,,,0.0,0.0,0.0,0.0,0.0,0.0,0.0,0.0,0.0,0.0,0.0,0.0,0.0,0.0,-0.0,-0.0,-0.0,-0.0,-0.0,-0.0,0.0,0.0,0.0,0.0,0.0,0.0,609.0599999999849
22.61,47.31,95.77,-0.03999999999999915,-0.0899999999999963,-0.21000000000000796,4.235736399823087,2.02430775734517,1.0,4.2361712582273965,2.0250986601997805,1.0,4.236136101207417,2.025306381933202,1.0,95.77903724829969,95.81724492925979,95.77,0.021180680506037084,0.01012653190966601,0.005,95.75785656779365,95.80711839735012,95.765,95.80021792880572,95.82737146116945,95.77499999999999,95.77499999999999,95.80711839735012,0.032118397350132,0.00033537013000033416,MBB,VMBS,2025-11-28,False,4423.0,2114.0,1044.0,0.0,0.0,0.0,,,0.0,0.0,0.0,False,True,False,0.0,,,0.0,0.0,0.0,0.0,0.0,0.0,0.0,0.0,0.0,0.0,0.0,0.0,0.0,0.0,-0.0,-0.0,-0.0,-0.0,-0.0,-0.0,0.0,-0.0,-0.0,-0.0,0.0,0.0,609.0599999999849
22.46,47.0,95.08,-0.14999999999999858,-0.3100000000000023,-0.6899999999999977,4.233303650934995,2.0229787234042553,1.0,4.2359739130579595,2.024943525123174,1.0,4.2361712582273965,2.0250986601997805,1.0,95.14440645978733,95.17963702938968,95.08,0.021180856291136984,0.010125493300998902,0.005,95.1232256034962,95.16951153608868,95.075,95.16558731607847,95.18976252269069,95.085,95.085,95.16951153608868,0.08451153608868367,0.0008888466143109347,MBB,VMBS,2025-12-01,True,4456.0,2130.0,1052.0,0.0,0.0,0.0,,,0.0,0.0,0.0,False,True,False,0.0,,,0.0,0.0,0.0,0.0,0.0,0.0,0.0,0.0,0.0,0.0,0.0,0.0,0.0,0.0,-0.0,-0.0,-0.0,-0.0,-0.0,-0.0,0.0,-0.0,-0.0,-0.0,0.0,0.0,609.0599999999849
22.5,47.09,95.25,0.03999999999999915,0.09000000000000341,0.1700000000000017,4.233333333333333,2.0227224463792735,1.0,4.235908611781617,2.0248341716064977,1.0,4.2359739130579595,2.024943525123174,1.0,95.30941304380408,95.35459059805028,95.25,0.021179869565289798,0.010124717625615872,0.005,95.2882331742388,95.34446588042466,95.245,95.33059291336937,95.3647153156759,95.255,95.255,95.34446588042466,0.08946588042466885,0.000939274335167127,MBB,VMBS,2025-12-02,False,4448.0,2126.0,1050.0,0.0,0.0,0.0,,,0.0,0.0,0.0,False,True,True,0.0,,,0.0,0.0,0.0,0.0,0.0,0.0,0.0,0.0,0.0,0.0,0.0,0.0,0.0,0.0,-0.0,-0.0,-0.0,-0.0,-0.0,-0.0,0.0,0.0,0.0,0.0,0.0,0.0,609.0599999999849
22.53,47.15,95.43,0.030000000000001137,0.05999999999999517,0.18000000000000682,4.235685752330227,2.023966065747614,1.0,4.235837917191723,2.024724242602877,1.0,4.235908611781617,2.0248341716064977,1.0,95.43502102343983,95.47093119124636,95.43,0.021179543058908085,0.010124170858032489,0.005,95.41384148038092,95.46080702038833,95.42500000000001,95.45620056649874,95.4810553621044,95.435,95.435,95.46080702038833,0.025807020388327828,0.0002704288000453508,MBB,VMBS,2025-12-03,False,4439.0,2122.0,1048.0,0.0,0.0,0.0,,,0.0,0.0,0.0,False,True,False,0.0,,,0.0,0.0,0.0,0.0,0.0,0.0,0.0,0.0,0.0,0.0,0.0,0.0,0.0,0.0,-0.0,-0.0,-0.0,-0.0,-0.0,-0.0,0.0,0.0,0.0,0.0,0.0,0.0,609.0599999999849
22.49,47.05,95.16,-0.0400000000000027,-0.10000000000000142,-0.27000000000001023,4.23121387283237,2.022529224229543,1.0,4.235668013152699,2.024527331349039,1.0,4.235837917191723,2.024724242602877,1.0,95.26399475764184,95.26327561446536,95.16,0.021179189585958613,0.010123621213014385,0.005,95.24281556805587,95.25315199325235,95.155,95.2851739472278,95.27339923567837,95.16499999999999,95.16499999999999,95.25315199325235,0.08815199325235312,0.0009263555406930762,MBB,VMBS,2025-12-04,False,4452.0,2128.0,1051.0,0.0,0.0,0.0,,,0.0,0.0,0.0,False,True,False,0.0,,,0.0,0.0,0.0,0.0,0.0,0.0,0.0,0.0,0.0,0.0,0.0,0.0,0.0,0.0,-0.0,-0.0,-0.0,-0.0,-0.0,-0.0,0.0,-0.0,-0.0,-0.0,0.0,0.0,609.0599999999849
22.48,47.03,95.14,-0.00999999999999801,-0.01999999999999602,-0.01999999999999602,4.23220640569395,2.022964065490113,1.0,4.235572424952279,2.02441119123213,1.0,4.235668013152699,2.024527331349039,1.0,95.21781693567267,95.2135203933453,95.14,0.021178340065763496,0.010122636656745194,0.005,95.19663859560691,95.20339775668856,95.135,95.23899527573843,95.22364303000205,95.145,95.145,95.20339775668856,0.05839775668856362,0.0006138086681581208,MBB,VMBS,2025-12-05,False,4452.0,2128.0,1051.0,0.0,0.0,0.0,,,0.0,0.0,0.0,False,True,False,0.0,,,0.0,0.0,0.0,0.0,0.0,0.0,0.0,0.0,0.0,0.0,0.0,0.0,0.0,0.0,-0.0,-0.0,-0.0,-0.0,-0.0,-0.0,0.0,-0.0,-0.0,-0.0,0.0,0.0,609.0599999999849
22.43,46.94,94.9,-0.05000000000000071,-0.09000000000000341,-0.23999999999999488,4.230940704413732,2.0217298679164895,1.0,4.235213640537248,2.024202292825023,1.0,4.235572424952279,2.02441119123213,1.0,95.00388949167962,95.02586131643618,94.9,0.021177862124761394,0.01012205595616065,0.005,94.98271162955486,95.01573926048002,94.89500000000001,95.02506735380437,95.03598337239234,94.905,94.905,95.01573926048002,0.11073926048001681,0.0011669047468916417,MBB,VMBS,2025-12-08,False,4464.0,2134.0,1054.0,0.0,0.0,0.0,,,0.0,0.0,0.0,False,True,False,0.0,,,0.0,0.0,0.0,0.0,0.0,0.0,0.0,0.0,0.0,0.0,0.0,0.0,0.0,0.0,-0.0,-0.0,-0.0,-0.0,-0.0,-0.0,0.0,-0.0,-0.0,-0.0,0.0,0.0,609.0599999999849
22.42,46.9,94.82,-0.00999999999999801,-0.03999999999999915,-0.0800000000000125,4.229259589652096,2.0217484008528785,1.0,4.234921064464297,2.023960491259841,1.0,4.235213640537248,2.024202292825023,1.0,94.9534898208451,94.93508753349359,94.82,0.021176068202686242,0.010121011464125116,0.005,94.93231375264241,94.92496652202946,94.815,94.9746658890478,94.94520854495771,94.82499999999999,94.82499999999999,94.93231375264241,0.10731375264242615,0.0011317628416201873,MBB,SPMB,2025-12-09,False,4468.0,2136.0,1055.0,0.0,0.0,0.0,,,0.0,0.0,0.0,False,True,False,0.0,,,0.0,0.0,0.0,0.0,0.0,0.0,0.0,0.0,0.0,0.0,0.0,0.0,0.0,0.0,-0.0,-0.0,-0.0,-0.0,-0.0,-0.0,0.0,-0.0,-0.0,-0.0,0.0,0.0,609.0599999999849
22.48,47.04,95.23,0.05999999999999872,0.14000000000000057,0.4100000000000108,4.2362099644128115,2.024447278911565,1.0,4.234647305478729,2.0238157505000354,1.0,4.234921064464297,2.023960491259841,1.0,95.20102552915739,95.20710150886292,95.23,0.021174605322321485,0.010119802456299206,0.005,95.17985092383508,95.19698170640662,95.22500000000001,95.2222001344797,95.21722131131922,95.235,95.21722131131922,95.22500000000001,0.007778688680787127,8.168317421807337e-05,VMBS,MBB,2025-12-10,False,4447.0,2125.0,1050.0,0.0,0.0,0.0,,,0.0,0.0,0.0,False,True,False,0.0,,,0.0,0.0,0.0,0.0,0.0,0.0,0.0,0.0,0.0,0.0,0.0,0.0,0.0,0.0,-0.0,-0.0,-0.0,-0.0,-0.0,-0.0,0.0,0.0,0.0,0.0,0.0,0.0,609.0599999999849
22.51,47.09,95.29,0.030000000000001137,0.05000000000000426,0.060000000000002274,4.233229675699689,2.023571883627097,1.0,4.234252838997284,2.0237541496421705,1.0,4.234647305478729,2.0238157505000354,1.0,95.3219108463262,95.30148369104667,95.29,0.021173236527393648,0.010119078752500177,0.005,95.30073760979882,95.29136461229417,95.28500000000001,95.3430840828536,95.31160276979917,95.295,95.295,95.30073760979882,0.005737609798813992,6.021208729996843e-05,MBB,SPMB,2025-12-11,False,4442.0,2123.0,1049.0,0.0,0.0,0.0,,,0.0,0.0,0.0,False,True,False,0.0,,,0.0,0.0,0.0,0.0,0.0,0.0,0.0,0.0,0.0,0.0,0.0,0.0,0.0,0.0,-0.0,-0.0,-0.0,-0.0,-0.0,-0.0,0.0,0.0,0.0,0.0,0.0,0.0,609.0599999999849
22.44,46.98,94.95,-0.07000000000000028,-0.11000000000000654,-0.3400000000000034,4.231283422459893,2.0210727969348663,1.0,4.234068011455393,2.023595281511888,1.0,4.234252838997284,2.0237541496421705,1.0,95.01663370709905,95.07596995018916,94.95,0.021171264194986418,0.010118770748210852,0.005,94.99546244290406,95.06585117944095,94.94500000000001,95.03780497129404,95.08608872093737,94.955,94.955,95.06585117944095,0.11085117944095657,0.0011674689777878523,MBB,VMBS,2025-12-12,False,4459.0,2131.0,1053.0,0.0,0.0,0.0,,,0.0,0.0,0.0,False,True,False,0.0,,,0.0,0.0,0.0,0.0,0.0,0.0,0.0,0.0,0.0,0.0,0.0,0.0,0.0,0.0,-0.0,-0.0,-0.0,-0.0,-0.0,-0.0,0.0,-0.0,-0.0,-0.0,0.0,0.0,609.0599999999849
22.46,47.04,95.08,0.019999999999999574,0.060000000000002274,0.12999999999999545,4.233303650934995,2.0212585034013606,1.0,4.233901643200002,2.0234337603446475,1.0,4.234068011455393,2.023595281511888,1.0,95.09716753728813,95.1899220423192,95.08,0.021170340057276964,0.01011797640755944,0.005,95.07599719723085,95.17980406591164,95.075,95.11833787734541,95.20004001872675,95.085,95.085,95.17980406591164,0.09480406591164581,0.0009970978745440242,MBB,VMBS,2025-12-15,False,4454.0,2129.0,1052.0,0.0,0.0,0.0,,,0.0,0.0,0.0,False,True,False,0.0,,,0.0,0.0,0.0,0.0,0.0,0.0,0.0,0.0,0.0,0.0,0.0,0.0,0.0,0.0,-0.0,-0.0,-0.0,-0.0,-0.0,-0.0,0.0,0.0,0.0,0.0,0.0,0.0,609.0599999999849
