SPTL_price,SCHQ_price,VGLT_price,SPTL_price_chg,SCHQ_price_chg,VGLT_price_chg,VGLT/SPTL,VGLT/SCHQ,VGLT/VGLT,VGLT/SPTL_moving_avg,VGLT/SCHQ_moving_avg,VGLT/VGLT_moving_avg,VGLT/SPTL_prev_moving_avg,VGLT/SCHQ_prev_moving_avg,VGLT/VGLT_prev_moving_avg,SPTL_scaled_price,SCHQ_scaled_price,VGLT_scaled_price,SPTL_scaled_comm,SCHQ_scaled_comm,VGLT_scaled_comm,SPTL_scaled_price_minus_comm,SCHQ_scaled_price_minus_comm,VGLT_scaled_price_minus_comm,SPTL_scaled_price_plus_comm,SCHQ_scaled_price_plus_comm,VGLT_scaled_price_plus_comm,min_price_plus_comm,max_price_minus_comm,tgt_max-min,tgt_pct_diff,tgt_min_price_etf,tgt_max_price_etf,date,ex_div_date,SPTL_shs_per_unit,SCHQ_shs_per_unit,VGLT_shs_per_unit,SPTL_current_shs,SCHQ_current_shs,VGLT_current_shs,current_long_etf,current_short_etf,current_max-min,current_pct_diff,current_position,open_trade,exit_trade,flatten_for_div,tgt_position,tgt_long_etf,tgt_short_etf,SPTL_tgt_shs,SCHQ_tgt_shs,VGLT_tgt_shs,SPTL_tgt_inv_amt,SCHQ_tgt_inv_amt,VGLT_tgt_inv_amt,gross_inv_amt,net_inv_amt,SPTL_shs_to_trade,SCHQ_shs_to_trade,VGLT_shs_to_trade,SPTL_shs_to_buy,SCHQ_shs_to_buy,VGLT_shs_to_buy,SPTL_shs_to_sell,SCHQ_shs_to_sell,VGLT_shs_to_sell,SPTL_daily_comm,SCHQ_daily_comm,VGLT_daily_comm,daily_comm,SPTL_daily_profit,SCHQ_daily_profit,VGLT_daily_profit,daily_gross_profit,daily_net_profit,cumulative_net_profit
26.2,31.51,55.41,,,,2.114885496183206,1.7584893684544587,1.0,,,,,,,,,,,,,,,,,,,,,,,,,2025-01-02,False,,,,,,,,,,,,False,False,False,,,,,,,,,,,,,,,,,,,,,,,,,,,,,,
26.12,31.42,55.25,-0.0799999999999983,-0.08999999999999986,-0.1599999999999966,2.1152373660030626,1.758434118395926,1.0,,,,,,,,,,,,,,,,,,,,,,,,,2025-01-03,False,,,,,,,,,,,,False,False,False,,,,,,,,,,,,,,,,,,,,,,,,,,,,,,
26.05,31.31,55.05,-0.07000000000000028,-0.11000000000000298,-0.20000000000000284,2.113243761996161,1.7582242095177258,1.0,,,,,,,,,,,,,,,,,,,,,,,,,2025-01-06,False,,,,,,,,,,,,False,False,False,,,,,,,,,,,,,,,,,,,,,,,,,,,,,,
25.77,31.0,54.48,-0.28000000000000114,-0.3099999999999987,-0.5700000000000003,2.1140861466821885,1.7574193548387096,1.0,,,,,,,,,,,,,,,,,,,,,,,,,2025-01-07,False,,,,,,,,,,,,False,False,False,,,,,,,,,,,,,,,,,,,,,,,,,,,,,,
25.81,31.02,54.56,0.03999999999999915,0.019999999999999574,0.0800000000000054,2.1139093374660987,1.7588652482269505,1.0,,,,,,,,,,,,,,,,,,,,,,,,,2025-01-08,False,,,,,,,,,,,,False,False,False,,,,,,,,,,,,,,,,,,,,,,,,,,,,,,
25.63,30.82,54.17,-0.17999999999999972,-0.1999999999999993,-0.39000000000000057,2.113538821693328,1.7576249188838418,1.0,,,,,,,,,,,,,,,,,,,,,,,,,2025-01-10,False,,,,,,,,,,,,False,False,False,,,,,,,,,,,,,,,,,,,,,,,,,,,,,,
25.58,30.75,54.07,-0.05000000000000071,-0.07000000000000028,-0.10000000000000142,2.113760750586396,1.7583739837398373,1.0,,,,,,,,,,,,,,,,,,,,,,,,,2025-01-13,False,,,,,,,,,,,,False,False,False,,,,,,,,,,,,,,,,,,,,,,,,,,,,,,
25.54,30.72,53.99,-0.03999999999999915,-0.030000000000001137,-0.0799999999999983,2.1139389193422082,1.7574869791666667,1.0,,,,,,,,,,,,,,,,,,,,,,,,,2025-01-14,False,,,,,,,,,,,,False,False,False,,,,,,,,,,,,,,,,,,,,,,,,,,,,,,
25.97,31.22,54.88,0.4299999999999997,0.5,0.8900000000000006,2.1132075471698113,1.7578475336322872,1.0,,,,,,,,,,,,,,,,,,,,,,,,,2025-01-15,False,,,,,,,,,,,,False,False,False,,,,,,,,,,,,,,,,,,,,,,,,,,,,,,
26.06,31.35,55.09,0.08999999999999986,0.13000000000000256,0.21000000000000085,2.113967766692249,1.75725677830941,1.0,2.113977591381471,1.7580022493165814,1.0,,,,,,,,,,,,,,,,,,,,,,2025-01-16,False,,,,,,,,,,,,False,False,False,0.0,,,0.0,0.0,0.0,,,,,,,,,,,,,,,,,,,,,,,,
26.1,31.38,55.16,0.0400000000000027,0.029999999999997584,0.06999999999999318,2.1134099616858233,1.7578075207138304,1.0,2.113830037931733,1.7579340645425183,1.0,2.113977591381471,1.7580022493165814,1.0,55.1748151350564,55.16611058355432,55.16,0.010569887956907355,0.008790011246582907,0.005,55.164245247099494,55.15732057230774,55.154999999999994,55.1853850230133,55.1749005948009,55.165,55.165,55.164245247099494,-0.0007547529005051956,-1.3682974991029653e-05,VGLT,SPTL,2025-01-17,False,3833.0,3187.0,1813.0,0.0,0.0,0.0,,,0.0,0.0,0.0,False,True,False,0.0,,,0.0,0.0,0.0,0.0,0.0,0.0,,,0.0,0.0,0.0,0.0,0.0,0.0,-0.0,-0.0,-0.0,-0.0,-0.0,-0.0,0.0,0.0,0.0,0.0,0.0,0.0,0.0
26.31,31.63,55.6,0.2099999999999973,0.25,0.44000000000000483,2.113264918282022,1.7578248498261146,1.0,2.1136327931596286,1.7578731376855372,1.0,2.113830037931733,1.7579340645425183,1.0,55.61486829798389,55.603454461479856,55.6,0.010569150189658665,0.008789670322712592,0.005,55.60429914779423,55.59466479115714,55.595,55.62543744817355,55.61224413180257,55.605000000000004,55.605000000000004,55.60429914779423,-0.0007008522057745381,-1.2605255499542053e-05,VGLT,SPTL,2025-01-21,False,3803.0,3163.0,1799.0,0.0,0.0,0.0,,,0.0,0.0,0.0,False,True,False,0.0,,,0.0,0.0,0.0,0.0,0.0,0.0,0.0,0.0,0.0,0.0,0.0,0.0,0.0,0.0,-0.0,-0.0,-0.0,-0.0,-0.0,-0.0,0.0,0.0,0.0,0.0,0.0,0.0,0.0
26.2,31.51,55.36,-0.10999999999999943,-0.11999999999999744,-0.240000000000002,2.1129770992366415,1.7569025706125039,1.0,2.1136061268836768,1.7577409737950151,1.0,2.1136327931596286,1.7578731376855372,1.0,55.37717918078227,55.39058256847128,55.36,0.010568163965798143,0.008789365688427687,0.005,55.36661101681647,55.38179320278285,55.355,55.38774734474807,55.39937193415971,55.365,55.365,55.38179320278285,0.016793202782849903,0.00030334542599078584,VGLT,SCHQ,2025-01-22,False,3817.0,3175.0,1806.0,0.0,0.0,0.0,,,0.0,0.0,0.0,False,False,False,-0.0,,,0.0,0.0,0.0,0.0,0.0,0.0,0.0,0.0,0.0,0.0,0.0,0.0,0.0,0.0,-0.0,-0.0,-0.0,-0.0,-0.0,-0.0,0.0,-0.0,-0.0,-0.0,0.0,0.0,0.0
26.02,31.28,54.99,-0.17999999999999972,-0.23000000000000043,-0.36999999999999744,2.1133743274404306,1.757992327365729,1.0,2.1135349449595013,1.7577982710477174,1.0,2.1136061268836768,1.7577409737950151,1.0,54.996031421513266,54.98213766030808,54.99,0.010568030634418383,0.008788704868975076,0.005,54.98546339087885,54.9733489554391,54.985,55.00659945214768,54.99092636517705,54.995000000000005,54.99092636517705,54.98546339087885,-0.005462974298204415,-9.934486812519394e-05,SCHQ,SPTL,2025-01-23,False,3845.0,3197.0,1819.0,0.0,0.0,0.0,,,0.0,0.0,-0.0,False,True,False,0.0,,,0.0,0.0,0.0,0.0,0.0,0.0,0.0,0.0,0.0,0.0,0.0,0.0,0.0,0.0,-0.0,-0.0,-0.0,-0.0,-0.0,-0.0,0.0,-0.0,-0.0,-0.0,0.0,0.0,0.0
26.12,31.41,55.2,0.10000000000000142,0.129999999999999,0.21000000000000085,2.113323124042879,1.757402101241643,1.0,2.1134763236171787,1.7576519563491864,1.0,2.1135349449595013,1.7577982710477174,1.0,55.20553276234218,55.212443693608805,55.2,0.010567674724797508,0.008788991355238586,0.005,55.19496508761738,55.203654702253566,55.195,55.21610043706698,55.22123268496404,55.205000000000005,55.205000000000005,55.203654702253566,-0.0013452977464396554,-2.437133598622564e-05,VGLT,SCHQ,2025-01-24,False,3830.0,3185.0,1812.0,0.0,0.0,0.0,,,0.0,0.0,0.0,False,True,False,0.0,,,0.0,0.0,0.0,0.0,0.0,0.0,0.0,0.0,0.0,0.0,0.0,0.0,0.0,0.0,-0.0,-0.0,-0.0,-0.0,-0.0,-0.0,0.0,0.0,0.0,0.0,0.0,0.0,0.0
26.44,31.78,55.87,0.3200000000000003,0.370000000000001,0.6699999999999946,2.113086232980333,1.7580239144115795,1.0,2.113431064745879,1.7576918559019603,1.0,2.1134763236171787,1.7576519563491864,1.0,55.88031399643821,55.85817917277714,55.87,0.010567381618085894,0.008788259781745932,0.005,55.86974661482012,55.849390912995396,55.864999999999995,55.8908813780563,55.86696743255889,55.875,55.86696743255889,55.86974661482012,0.0027791822612357464,4.974373118374345e-05,SCHQ,SPTL,2025-01-27,False,3783.0,3146.0,1790.0,0.0,0.0,0.0,,,0.0,0.0,0.0,False,True,False,0.0,,,0.0,0.0,0.0,0.0,0.0,0.0,0.0,0.0,0.0,0.0,0.0,0.0,0.0,0.0,-0.0,-0.0,-0.0,-0.0,-0.0,-0.0,0.0,0.0,0.0,0.0,0.0,0.0,0.0
26.38,31.72,55.78,-0.060000000000002274,-0.060000000000002274,-0.0899999999999963,2.1144806671721,1.7585119798234554,1.0,2.1135030564044497,1.7577056555103219,1.0,2.113431064745879,1.7576918559019603,1.0,55.75231148799629,55.75398566921018,55.78,0.010567155323729396,0.008788459279509801,0.005,55.74174433267256,55.74519720993067,55.775,55.762878643320015,55.76277412848969,55.785000000000004,55.76277412848969,55.775,0.012225871510310071,0.00021918019918089048,SCHQ,VGLT,2025-01-28,False,3789.0,3152.0,1793.0,0.0,0.0,0.0,,,0.0,0.0,0.0,False,True,False,0.0,,,0.0,0.0,0.0,0.0,0.0,0.0,0.0,0.0,0.0,0.0,0.0,0.0,0.0,0.0,-0.0,-0.0,-0.0,-0.0,-0.0,-0.0,0.0,-0.0,-0.0,-0.0,0.0,0.0,0.0
26.35,31.65,55.7,-0.029999999999997584,-0.07000000000000028,-0.0799999999999983,2.113851992409867,1.759873617693523,1.0,2.1134943637112156,1.7579443193630078,1.0,2.1135030564044497,1.7577056555103219,1.0,55.69080553625725,55.63138399690168,55.7,0.010567515282022249,0.008788528277551609,0.005,55.68023802097523,55.622595468624134,55.695,55.70137305153927,55.64017252517923,55.705000000000005,55.64017252517923,55.695,0.054827474820768884,0.0009843352750586872,SCHQ,VGLT,2025-01-29,False,3794.0,3155.0,1795.0,0.0,0.0,0.0,,,0.0,0.0,0.0,True,False,False,1.0,SCHQ,VGLT,0.0,3155.0,-1795.0,0.0,0.0,0.0,0.0,0.0,0.0,3155.0,-1795.0,0.0,3155.0,0.0,-0.0,-0.0,1795.0,-0.0,-15.775,-8.975,-24.75,-0.0,-0.0,-0.0,0.0,-24.75,-24.75
26.44,31.8,55.92,0.08999999999999986,0.15000000000000213,0.21999999999999886,2.1149773071104385,1.758490566037736,1.0,2.113671339705278,1.7580086226035525,1.0,2.1134943637112156,1.7579443193630078,1.0,55.880790976524544,55.90262935574365,55.92,0.010567471818556077,0.008789721596815039,0.005,55.87022350470599,55.893839634146836,55.915,55.8913584483431,55.91141907734046,55.925000000000004,55.8913584483431,55.915,0.023641551656901072,0.0004227745289145399,SPTL,VGLT,2025-01-30,False,3779.0,3143.0,1788.0,0.0,3155.0,-1795.0,SCHQ,VGLT,0.0035809226595375776,6.403652824638015e-05,1.0,False,False,False,-1.0,SCHQ,VGLT,0.0,3143.0,-1788.0,0.0,99855.75,-99981.5,199837.25,-125.75,0.0,-12.0,7.0,0.0,0.0,7.0,-0.0,12.0,-0.0,-0.0,-0.06,-0.035,-0.095,0.0,473.2500000000067,-394.89999999999793,78.35000000000878,78.25500000000878,53.50500000000878
26.33,31.66,55.67,-0.11000000000000298,-0.14000000000000057,-0.25,2.1143182681352073,1.7583701831964624,1.0,2.1137063898495745,1.7581199630922577,1.0,2.113671339705278,1.7580086226035525,1.0,55.65296637443997,55.658552991628476,55.67,0.01056835669852639,0.008790043113017763,0.005,55.64239801774144,55.64976294851546,55.665,55.6635347311385,55.66734303474149,55.675000000000004,55.6635347311385,55.665,0.0014652688615015563,2.6320619031822457e-05,SPTL,VGLT,2025-01-31,False,3796.0,3157.0,1796.0,0.0,3143.0,-1788.0,SCHQ,VGLT,0.0,0.0,-1.0,False,True,False,0.0,,,0.0,0.0,0.0,0.0,99947.40000000001,-99984.96,199932.36000000002,-37.55999999999767,0.0,-3143.0,1788.0,0.0,0.0,1788.0,-0.0,3143.0,-0.0,-0.0,-15.715,-8.94,-24.655,-0.0,-440.0200000000018,447.0,6.979999999998199,-17.675000000001802,35.830000000006976
26.38,31.71,55.77,0.05000000000000071,0.05000000000000071,0.10000000000000142,2.114101592115239,1.7587511825922422,1.0,2.1137755528925157,1.758214329280099,1.0,2.1137063898495745,1.7581199630922577,1.0,55.75957456423177,55.749984029655494,55.77,0.010568531949247872,0.008790599815461288,0.005,55.74900603228252,55.74119342984003,55.765,55.770143096181016,55.758774629470956,55.775000000000006,55.758774629470956,55.765,0.006225370529044483,0.00011162579395812233,SCHQ,VGLT,2025-02-03,True,3790.0,3152.0,1793.0,0.0,0.0,0.0,,,0.0,0.0,0.0,False,True,False,0.0,,,0.0,0.0,0.0,0.0,0.0,0.0,0.0,0.0,0.0,0.0,0.0,0.0,0.0,0.0,-0.0,-0.0,-0.0,-0.0,-0.0,-0.0,0.0,0.0,0.0,0.0,0.0,0.0,35.830000000006976
26.45,31.78,55.94,0.07000000000000028,0.07000000000000028,0.1699999999999946,2.1149338374291116,1.7602265575833858,1.0,2.1139424448072246,1.7584545000558258,1.0,2.1137755528925157,1.758214329280099,1.0,55.90936337400704,55.876051384521546,55.94,0.01056887776446258,0.008791071646400495,0.005,55.89879449624258,55.867260312875146,55.934999999999995,55.919932251771506,55.884842456167945,55.945,55.884842456167945,55.934999999999995,0.05015754383205007,0.0008966311017527721,SCHQ,VGLT,2025-02-04,False,3779.0,3144.0,1788.0,0.0,0.0,0.0,,,0.0,0.0,0.0,True,False,True,0.0,,,0.0,0.0,0.0,0.0,0.0,0.0,0.0,0.0,0.0,0.0,0.0,0.0,0.0,0.0,-0.0,-0.0,-0.0,-0.0,-0.0,-0.0,0.0,0.0,0.0,0.0,0.0,0.0,35.830000000006976
26.86,32.27,56.76,0.41000000000000014,0.490000000000002,0.8200000000000003,2.1131794489947877,1.7589092035946698,1.0,2.1139626797830395,1.7586551633540428,1.0,2.1139424448072246,1.7584545000558258,1.0,56.78049406752205,56.74532671680151,56.76,0.010569712224036123,0.00879227250027913,0.005,56.769924355298016,56.73653444430123,56.754999999999995,56.79106377974608,56.75411898930179,56.765,56.75411898930179,56.769924355298016,0.01580536599622917,0.00027845958414780077,SCHQ,SPTL,2025-02-05,False,3725.0,3098.0,1762.0,0.0,0.0,0.0,,,0.0,0.0,0.0,False,True,False,0.0,,,0.0,0.0,0.0,0.0,0.0,0.0,0.0,0.0,0.0,0.0,0.0,0.0,0.0,0.0,-0.0,-0.0,-0.0,-0.0,-0.0,-0.0,0.0,0.0,0.0,0.0,0.0,0.0,35.830000000006976
26.86,32.27,56.77,0.0,0.0,0.010000000000005116,2.11355174981385,1.7592190889370931,1.0,2.113980422020381,1.758777839511179,1.0,2.1139626797830395,1.7586551633540428,1.0,56.78103757897244,56.75180212143497,56.77,0.010569813398915199,0.008793275816770214,0.005,56.77046776557352,56.7430088456182,56.765,56.791607392371354,56.76059539725174,56.775000000000006,56.76059539725174,56.77046776557352,0.009872368321779845,0.0001739011506390672,SCHQ,SPTL,2025-02-06,False,3723.0,3097.0,1761.0,0.0,0.0,0.0,,,0.0,0.0,0.0,False,True,False,0.0,,,0.0,0.0,0.0,0.0,0.0,0.0,0.0,0.0,0.0,0.0,0.0,0.0,0.0,0.0,-0.0,-0.0,-0.0,-0.0,-0.0,-0.0,0.0,0.0,0.0,0.0,0.0,0.0,35.830000000006976
26.7,32.09,56.44,-0.16000000000000014,-0.17999999999999972,-0.3300000000000054,2.113857677902622,1.7588033655344342,1.0,2.1140338774063556,1.7589179659404581,1.0,2.113980422020381,1.758777839511179,1.0,56.443277267944175,56.43918086991374,56.44,0.010569902110101906,0.008793889197555896,0.005,56.43270736583408,56.430386980716186,56.434999999999995,56.453847170054274,56.4479747591113,56.445,56.445,56.434999999999995,-0.010000000000005116,-0.00017717930545721325,VGLT,VGLT,2025-02-07,False,3746.0,3117.0,1772.0,0.0,0.0,0.0,,,0.0,0.0,0.0,False,True,False,0.0,,,0.0,0.0,0.0,0.0,0.0,0.0,0.0,0.0,0.0,0.0,0.0,0.0,0.0,0.0,-0.0,-0.0,-0.0,-0.0,-0.0,-0.0,0.0,-0.0,-0.0,-0.0,0.0,0.0,35.830000000006976
26.63,31.98,56.31,-0.07000000000000028,-0.11000000000000298,-0.12999999999999545,2.114532482162974,1.7607879924953096,1.0,2.1141785023246196,1.7591943737488311,1.0,2.1140338774063556,1.7589179659404581,1.0,56.296722155331246,56.250196550775854,56.31,0.010570169387031779,0.008794589829702291,0.005,56.286151985944215,56.24140196094615,56.305,56.307292324718276,56.25899114060556,56.315000000000005,56.25899114060556,56.305,0.04600885939444055,0.0008170637434636929,SCHQ,VGLT,2025-02-10,False,3755.0,3124.0,1776.0,0.0,0.0,0.0,,,0.0,0.0,0.0,True,False,False,1.0,SCHQ,VGLT,0.0,3124.0,-1776.0,0.0,0.0,0.0,0.0,0.0,0.0,3124.0,-1776.0,0.0,3124.0,0.0,-0.0,-0.0,1776.0,-0.0,-15.620000000000001,-8.88,-24.5,-0.0,-0.0,-0.0,0.0,-24.5,11.330000000006976
26.48,31.82,55.98,-0.14999999999999858,-0.16000000000000014,-0.3300000000000054,2.1140483383685797,1.7592708988057824,1.0,2.114135269444268,1.7592702656470638,1.0,2.1141785023246196,1.7591943737488311,1.0,55.98344674155593,55.97756497268781,55.98,0.010570892511623098,0.008795971868744156,0.005,55.97287584904431,55.968769000819066,55.974999999999994,55.99401763406755,55.98636094455655,55.985,55.985,55.974999999999994,-0.010000000000005116,-0.0001786352268668295,VGLT,VGLT,2025-02-11,False,3776.0,3142.0,1786.0,0.0,3124.0,-1776.0,SCHQ,VGLT,-0.011360944556557229,-0.0002029464908281034,1.0,False,True,False,0.0,,,0.0,0.0,0.0,0.0,99905.52,-100006.56,199912.08000000002,-101.0399999999936,0.0,-3124.0,1776.0,0.0,0.0,1776.0,-0.0,3124.0,-0.0,-0.0,-15.620000000000001,-8.88,-24.5,-0.0,-499.84000000000043,586.0800000000096,86.24000000000916,61.74000000000916,73.07000000001614
26.13,31.43,55.26,-0.3500000000000014,-0.39000000000000057,-0.7199999999999989,2.1148105625717566,1.7581928094177537,1.0,2.1142311264604565,1.759102184819487,1.0,2.114135269444268,1.7592702656470638,1.0,55.24235459057872,55.29386444928721,55.26,0.01057067634722134,0.00879635132823532,0.005,55.2317839142315,55.28506809795898,55.254999999999995,55.25292526692594,55.30266080061545,55.265,55.25292526692594,55.28506809795898,0.032142831033034724,0.0005816654186216924,SPTL,SCHQ,2025-02-12,False,3827.0,3184.0,1810.0,0.0,0.0,0.0,,,0.0,0.0,0.0,False,False,False,-0.0,,,0.0,0.0,0.0,0.0,0.0,0.0,0.0,0.0,0.0,0.0,0.0,0.0,0.0,0.0,-0.0,-0.0,-0.0,-0.0,-0.0,-0.0,0.0,-0.0,-0.0,-0.0,0.0,0.0,73.07000000001614
26.53,31.88,56.08,0.40000000000000213,0.4499999999999993,0.8200000000000003,2.1138333961552958,1.7590966122961105,1.0,2.1141167353649424,1.7591627894453243,1.0,2.1142311264604565,1.759102184819487,1.0,56.09055178499592,56.08017765204524,56.08,0.010571155632302282,0.008795510924097435,0.005,56.07998062936361,56.07138214112115,56.074999999999996,56.10112294062822,56.08897316296934,56.085,56.085,56.07998062936361,-0.005019370636389908,-8.950375599839351e-05,VGLT,SPTL,2025-02-13,False,3770.0,3136.0,1783.0,0.0,0.0,0.0,,,0.0,0.0,-0.0,False,True,False,0.0,,,0.0,0.0,0.0,0.0,0.0,0.0,0.0,0.0,0.0,0.0,0.0,0.0,0.0,0.0,-0.0,-0.0,-0.0,-0.0,-0.0,-0.0,0.0,0.0,0.0,0.0,0.0,0.0,73.07000000001614
26.69,32.07,56.42,0.16000000000000014,0.19000000000000128,0.3400000000000034,2.113900337204946,1.759276582475834,1.0,2.114074942271916,1.7592534293732616,1.0,2.1141167353649424,1.7591627894453243,1.0,56.42577566689032,56.41635065751155,56.42,0.010570583676824712,0.008795813947226621,0.005,56.41520508321349,56.40755484356433,56.415,56.43634625056714,56.425146471458774,56.425000000000004,56.425000000000004,56.41520508321349,-0.00979491678651101,-0.00017360717452164143,VGLT,SPTL,2025-02-14,False,3746.0,3117.0,1772.0,0.0,0.0,0.0,,,0.0,0.0,0.0,False,True,False,0.0,,,0.0,0.0,0.0,0.0,0.0,0.0,0.0,0.0,0.0,0.0,0.0,0.0,0.0,0.0,-0.0,-0.0,-0.0,-0.0,-0.0,-0.0,0.0,0.0,0.0,0.0,0.0,0.0,73.07000000001614
26.4,31.73,55.82,-0.2900000000000027,-0.33999999999999986,-0.6000000000000014,2.1143939393939397,1.7592184052946738,1.0,2.114104176999786,1.7593001516435045,1.0,2.114074942271916,1.7592534293732616,1.0,55.81157847597858,55.82111131401359,55.82,0.010570374711359581,0.008796267146866307,0.005,55.80100810126722,55.81231504686673,55.815,55.822148850689935,55.829907581160455,55.825,55.822148850689935,55.815,-0.007148850689937092,-0.00012806970064380314,SPTL,VGLT,2025-02-18,False,3786.0,3151.0,1791.0,0.0,0.0,0.0,,,0.0,0.0,0.0,False,True,False,0.0,,,0.0,0.0,0.0,0.0,0.0,0.0,0.0,0.0,0.0,0.0,0.0,0.0,0.0,0.0,-0.0,-0.0,-0.0,-0.0,-0.0,-0.0,0.0,-0.0,-0.0,-0.0,0.0,0.0,73.07000000001614
26.44,31.77,55.87,0.0400000000000027,0.03999999999999915,0.04999999999999716,2.113086232980333,1.7585772741580106,1.0,2.1139194165549084,1.7591352233009672,1.0,2.114104176999786,1.7593001516435045,1.0,55.89691443987435,55.892965817714135,55.87,0.010570520884998932,0.008796500758217522,0.005,55.886343918989354,55.88416931695592,55.864999999999995,55.90748496075935,55.90176231847235,55.875,55.875,55.886343918989354,0.011343918989354052,0.00020304132789250137,VGLT,SPTL,2025-02-19,False,3784.0,3149.0,1790.0,0.0,0.0,0.0,,,0.0,0.0,0.0,False,True,False,0.0,,,0.0,0.0,0.0,0.0,0.0,0.0,0.0,0.0,0.0,0.0,0.0,0.0,0.0,0.0,-0.0,-0.0,-0.0,-0.0,-0.0,-0.0,0.0,0.0,0.0,0.0,0.0,0.0,73.07000000001614
26.52,31.87,56.05,0.0799999999999983,0.10000000000000142,0.17999999999999972,2.113499245852187,1.7587072481957953,1.0,2.1139513962406484,1.7591150277610796,1.0,2.1139194165549084,1.7591352233009672,1.0,56.06114292703617,56.06363956660183,56.05,0.010569597082774542,0.008795676116504836,0.005,56.0505733299534,56.05484389048532,56.044999999999995,56.071712524118944,56.072435242718335,56.055,56.055,56.05484389048532,-0.00015610951467692757,-2.7851831342895197e-06,VGLT,SCHQ,2025-02-20,False,3771.0,3138.0,1784.0,0.0,0.0,0.0,,,0.0,0.0,0.0,False,True,False,0.0,,,0.0,0.0,0.0,0.0,0.0,0.0,0.0,0.0,0.0,0.0,0.0,0.0,0.0,0.0,-0.0,-0.0,-0.0,-0.0,-0.0,-0.0,0.0,0.0,0.0,0.0,0.0,0.0,73.07000000001614
26.82,32.22,56.68,0.3000000000000007,0.34999999999999787,0.6300000000000026,2.1133482475764356,1.7591558038485413,1.0,2.113931046016907,1.7591086992522247,1.0,2.1139513962406484,1.7591150277610796,1.0,56.69617644717419,56.67868619446198,56.68,0.010569756981203242,0.008795575138805398,0.005,56.685606690192984,56.669890619323176,56.675,56.706746204155394,56.68748176960079,56.685,56.685,56.685606690192984,0.0006066901929813184,1.0703778986967509e-05,VGLT,SPTL,2025-02-21,False,3729.0,3103.0,1764.0,0.0,0.0,0.0,,,0.0,0.0,0.0,False,True,False,0.0,,,0.0,0.0,0.0,0.0,0.0,0.0,0.0,0.0,0.0,0.0,0.0,0.0,0.0,0.0,-0.0,-0.0,-0.0,-0.0,-0.0,-0.0,0.0,0.0,0.0,0.0,0.0,0.0,73.07000000001614
26.9,32.31,56.83,0.0799999999999983,0.09000000000000341,0.14999999999999858,2.112639405204461,1.7588981739399565,1.0,2.113809218747091,1.7591181800927767,1.0,2.113931046016907,1.7591086992522247,1.0,56.8647451378548,56.83680207283938,56.83,0.010569655230084535,0.008795543496261124,0.005,56.85417548262471,56.82800652934312,56.824999999999996,56.87531479308488,56.845597616335645,56.835,56.835,56.85417548262471,0.019175482624710583,0.00033741831118617955,VGLT,SPTL,2025-02-24,False,3721.0,3096.0,1760.0,0.0,0.0,0.0,,,0.0,0.0,0.0,False,False,False,-0.0,,,0.0,0.0,0.0,0.0,0.0,0.0,0.0,0.0,0.0,0.0,0.0,0.0,0.0,0.0,-0.0,-0.0,-0.0,-0.0,-0.0,-0.0,0.0,0.0,0.0,0.0,0.0,0.0,73.07000000001614
27.29,32.81,57.7,0.39000000000000057,0.5,0.8700000000000045,2.1143275925247345,1.7586101798232245,1.0,2.113788729783267,1.7589003988255683,1.0,2.113809218747091,1.7591181800927767,1.0,57.68585357960811,57.716667488844,57.7,0.010569046093735456,0.008795590900463883,0.005,57.67528453351437,57.70787189794354,57.695,57.69642262570184,57.725463079744465,57.705000000000005,57.69642262570184,57.70787189794354,0.011449272241698338,0.0001984275951767476,SPTL,SCHQ,2025-02-25,False,3663.0,3049.0,1733.0,0.0,0.0,0.0,,,0.0,0.0,-0.0,False,True,False,0.0,,,0.0,0.0,0.0,0.0,0.0,0.0,0.0,0.0,0.0,0.0,0.0,0.0,0.0,0.0,-0.0,-0.0,-0.0,-0.0,-0.0,-0.0,0.0,0.0,0.0,0.0,0.0,0.0,73.07000000001614
27.44,32.97,58.02,0.15000000000000213,0.1599999999999966,0.3200000000000003,2.1144314868804663,1.7597816196542313,1.0,2.113827044634456,1.7589514709104133,1.0,2.113788729783267,1.7589003988255683,1.0,58.00236274525285,57.99094614927898,58.02,0.010568943648916336,0.008794501994127842,0.005,57.99179380160394,57.98215164728486,58.015,58.012931688901766,57.99974065127311,58.025000000000006,57.99974065127311,58.015,0.015259348726893052,0.0002630015292466917,SCHQ,VGLT,2025-02-26,False,3644.0,3032.0,1724.0,0.0,0.0,0.0,,,0.0,0.0,0.0,False,True,False,0.0,,,0.0,0.0,0.0,0.0,0.0,0.0,0.0,0.0,0.0,0.0,0.0,0.0,0.0,0.0,-0.0,-0.0,-0.0,-0.0,-0.0,-0.0,0.0,0.0,0.0,0.0,0.0,0.0,73.07000000001614
27.29,32.79,57.68,-0.15000000000000213,-0.17999999999999972,-0.3400000000000034,2.1135947233418837,1.7590728880756328,1.0,2.1137054607114685,1.7590394787762011,1.0,2.113827044634456,1.7589514709104133,1.0,57.6863400480743,57.676018731152446,57.68,0.01056913522317228,0.008794757354552067,0.005,57.67577091285113,57.667223973797896,57.675,57.69690918329747,57.684813488507,57.685,57.684813488507,57.67577091285113,-0.009042575655868745,-0.00015677142260521403,SCHQ,SPTL,2025-02-27,False,3665.0,3050.0,1734.0,0.0,0.0,0.0,,,0.0,0.0,0.0,False,True,False,0.0,,,0.0,0.0,0.0,0.0,0.0,0.0,0.0,0.0,0.0,0.0,0.0,0.0,0.0,0.0,-0.0,-0.0,-0.0,-0.0,-0.0,-0.0,0.0,-0.0,-0.0,-0.0,0.0,0.0,73.07000000001614
27.59,33.15,58.32,0.3000000000000007,0.35999999999999943,0.6400000000000006,2.113809351214208,1.7592760180995477,1.0,2.1137030562173598,1.759057419356545,1.0,2.1137054607114685,1.7590394787762011,1.0,58.317133661029416,58.31215872143107,58.32,0.010568527303557342,0.008795197393881005,0.005,58.30656513372586,58.30336352403719,58.315,58.32770218833297,58.32095391882495,58.325,58.32095391882495,58.315,-0.005953918824950222,-0.00010209051483110805,SCHQ,VGLT,2025-02-28,False,3625.0,3017.0,1715.0,0.0,0.0,0.0,,,0.0,0.0,0.0,False,True,False,0.0,,,0.0,0.0,0.0,0.0,0.0,0.0,0.0,0.0,0.0,0.0,0.0,0.0,0.0,0.0,-0.0,-0.0,-0.0,-0.0,-0.0,-0.0,0.0,0.0,0.0,0.0,0.0,0.0,73.07000000001614
27.64,33.22,58.43,0.05000000000000071,0.07000000000000028,0.10999999999999943,2.1139652677279304,1.758880192655027,1.0,2.1137095492696583,1.7590177803744642,1.0,2.1137030562173598,1.759057419356545,1.0,58.42275247384782,58.43588747102442,58.43,0.010568515281086798,0.008795287096782725,0.005,58.412183958566736,58.42709218392764,58.425,58.43332098912891,58.4446827581212,58.435,58.43332098912891,58.42709218392764,-0.006228805201267562,-0.00010660286156542123,SPTL,SCHQ,2025-03-03,True,3617.0,3010.0,1711.0,0.0,0.0,0.0,,,0.0,0.0,0.0,False,True,False,0.0,,,0.0,0.0,0.0,0.0,0.0,0.0,0.0,0.0,0.0,0.0,0.0,0.0,0.0,0.0,-0.0,-0.0,-0.0,-0.0,-0.0,-0.0,0.0,0.0,0.0,0.0,0.0,0.0,73.07000000001614
27.35,32.86,57.82,-0.28999999999999915,-0.35999999999999943,-0.6099999999999994,2.1140767824497257,1.759586122945831,1.0,2.1136778335752364,1.7590545521395797,1.0,2.1137095492696583,1.7590177803744642,1.0,57.809956172525155,57.801324263104895,57.82,0.010568547746348292,0.008795088901872321,0.005,57.79938762477881,57.792529174203025,57.815,57.8205247202715,57.810119352006765,57.825,57.810119352006765,57.815,0.004880647993232401,8.441106871726739e-05,SCHQ,VGLT,2025-03-04,False,3657.0,3043.0,1730.0,0.0,0.0,0.0,,,0.0,0.0,0.0,False,True,True,0.0,,,0.0,0.0,0.0,0.0,0.0,0.0,0.0,0.0,0.0,0.0,0.0,0.0,0.0,0.0,-0.0,-0.0,-0.0,-0.0,-0.0,-0.0,0.0,-0.0,-0.0,-0.0,0.0,0.0,73.07000000001614
27.15,32.61,57.34,-0.20000000000000284,-0.25,-0.4799999999999969,2.111970534069982,1.7583563324133702,1.0,2.113566263684201,1.7590324579651155,1.0,2.1136778335752364,1.7590545521395797,1.0,57.386353181567664,57.3627689452717,57.34,0.010568389167876183,0.008795272760697899,0.005,57.375784792399784,57.353973672510996,57.335,57.39692157073554,57.3715642180324,57.345000000000006,57.345000000000006,57.375784792399784,0.030784792399778382,0.0005368816253885312,VGLT,SPTL,2025-03-05,False,3686.0,3068.0,1744.0,0.0,0.0,0.0,,,0.0,0.0,0.0,False,False,False,-0.0,,,0.0,0.0,0.0,0.0,0.0,0.0,0.0,0.0,0.0,0.0,0.0,0.0,0.0,0.0,-0.0,-0.0,-0.0,-0.0,-0.0,-0.0,0.0,-0.0,-0.0,-0.0,0.0,0.0,73.07000000001614
27.08,32.51,57.19,-0.07000000000000028,-0.10000000000000142,-0.15000000000000568,2.111890694239291,1.7591510304521687,1.0,2.1134054085229117,1.7590768361907532,1.0,2.113566263684201,1.7590324579651155,1.0,57.235374420568164,57.1861452084459,57.19,0.010567831318421006,0.008795162289825577,0.005,57.224806589249745,57.17735004615607,57.184999999999995,57.24594225188658,57.19494037073573,57.195,57.19494037073573,57.224806589249745,0.02986621851401594,0.0005222279859069058,SCHQ,SPTL,2025-03-06,False,3697.0,3077.0,1749.0,0.0,0.0,0.0,,,0.0,0.0,-0.0,False,False,False,0.0,,,0.0,0.0,0.0,0.0,0.0,0.0,0.0,0.0,0.0,0.0,0.0,0.0,0.0,0.0,-0.0,-0.0,-0.0,-0.0,-0.0,-0.0,0.0,-0.0,-0.0,-0.0,0.0,0.0,73.07000000001614
26.98,32.42,57.02,-0.09999999999999787,-0.0899999999999963,-0.1699999999999946,2.1134173461823575,1.7587908698334362,1.0,2.113412318383504,1.7590403427892425,1.0,2.1134054085229117,1.7590768361907532,1.0,57.01967792194816,57.02927102930422,57.02,0.010567027042614559,0.008795384180953766,0.005,57.00911089490555,57.02047564512326,57.015,57.03024494899077,57.038066413485176,57.025000000000006,57.025000000000006,57.02047564512326,-0.004524354876743075,-7.934680597585189e-05,VGLT,SCHQ,2025-03-07,False,3707.0,3085.0,1754.0,0.0,0.0,0.0,,,0.0,0.0,0.0,False,True,False,0.0,,,0.0,0.0,0.0,0.0,0.0,0.0,0.0,0.0,0.0,0.0,0.0,0.0,0.0,0.0,-0.0,-0.0,-0.0,-0.0,-0.0,-0.0,0.0,-0.0,-0.0,-0.0,0.0,0.0,73.07000000001614
27.25,32.75,57.6,0.2699999999999996,0.3299999999999983,0.5799999999999983,2.1137614678899084,1.7587786259541984,1.0,2.113524524652049,1.7590283879906667,1.0,2.113412318383504,1.7590403427892425,1.0,57.59048567595048,57.60857122634769,57.6,0.01056706159191752,0.008795201713946212,0.005,57.57991861435856,57.59977602463375,57.595,57.6010527375424,57.617366428061636,57.605000000000004,57.6010527375424,57.59977602463375,-0.0012767129086554974,-2.216515466415794e-05,SPTL,SCHQ,2025-03-10,False,3669.0,3054.0,1736.0,0.0,0.0,0.0,,,0.0,0.0,0.0,False,True,False,0.0,,,0.0,0.0,0.0,0.0,0.0,0.0,0.0,0.0,0.0,0.0,0.0,0.0,0.0,0.0,-0.0,-0.0,-0.0,-0.0,-0.0,-0.0,0.0,0.0,0.0,0.0,0.0,0.0,73.07000000001614
27.05,32.52,57.22,-0.1999999999999993,-0.22999999999999687,-0.38000000000000256,2.1153419593345655,1.759532595325953,1.0,2.1136259613330317,1.7591206295409396,1.0,2.113524524652049,1.7590283879906667,1.0,57.170838391837925,57.203603177456486,57.22,0.010567622623260244,0.008795141939953333,0.005,57.16027076921466,57.19480803551653,57.214999999999996,57.18140601446119,57.21239831939644,57.225,57.18140601446119,57.214999999999996,0.03359398553880766,0.0005871021590144645,SPTL,VGLT,2025-03-11,False,3694.0,3075.0,1748.0,0.0,0.0,0.0,,,0.0,0.0,0.0,False,False,False,-0.0,,,0.0,0.0,0.0,0.0,0.0,0.0,0.0,0.0,0.0,0.0,0.0,0.0,0.0,0.0,-0.0,-0.0,-0.0,-0.0,-0.0,-0.0,0.0,-0.0,-0.0,-0.0,0.0,0.0,73.07000000001614
26.91,32.35,56.89,-0.14000000000000057,-0.1700000000000017,-0.3299999999999983,2.114083983649201,1.7585780525502317,1.0,2.1135912110099055,1.7590002728305396,1.0,2.1136259613330317,1.7591206295409396,1.0,56.87767461947188,56.9075523656494,56.89,0.010568129806665159,0.008795603147704698,0.005,56.86710648966522,56.8987567625017,56.885,56.88824274927855,56.916347968797105,56.895,56.88824274927855,56.8987567625017,0.010514013223151153,0.00018481302905873007,SPTL,SCHQ,2025-03-12,False,3716.0,3093.0,1758.0,0.0,0.0,0.0,,,0.0,0.0,-0.0,False,True,False,0.0,,,0.0,0.0,0.0,0.0,0.0,0.0,0.0,0.0,0.0,0.0,0.0,0.0,0.0,0.0,-0.0,-0.0,-0.0,-0.0,-0.0,-0.0,0.0,-0.0,-0.0,-0.0,0.0,0.0,73.07000000001614
27.13,32.61,57.35,0.21999999999999886,0.259999999999998,0.46000000000000085,2.113896056026539,1.7586629868138608,1.0,2.1136213442783705,1.7589592827043625,1.0,2.1135912110099055,1.7590002728305396,1.0,57.34172955469874,57.360998897003896,57.35,0.010567956055049527,0.008795001364152698,0.005,57.33116159864369,57.35220389563974,57.345,57.352297510753786,57.36979389836805,57.355000000000004,57.352297510753786,57.35220389563974,-9.361511404648581e-05,-1.63234723707909e-06,SPTL,SCHQ,2025-03-13,False,3686.0,3068.0,1744.0,0.0,0.0,0.0,,,0.0,0.0,0.0,False,True,False,0.0,,,0.0,0.0,0.0,0.0,0.0,0.0,0.0,0.0,0.0,0.0,0.0,0.0,0.0,0.0,-0.0,-0.0,-0.0,-0.0,-0.0,-0.0,0.0,0.0,0.0,0.0,0.0,0.0,73.07000000001614
27.0,32.44,57.06,-0.129999999999999,-0.1700000000000017,-0.28999999999999915,2.1133333333333333,1.7589395807644885,1.0,2.113573742490283,1.7589256389708567,1.0,2.1136213442783705,1.7589592827043625,1.0,57.067776295516005,57.060639130929516,57.06,0.010568106721391853,0.008794796413521813,0.005,57.05720818879461,57.05184433451599,57.055,57.0783444022374,57.06943392734304,57.065000000000005,57.065000000000005,57.05720818879461,-0.007791811205393628,-0.00013655470040998296,VGLT,SPTL,2025-03-14,False,3705.0,3083.0,1753.0,0.0,0.0,0.0,,,0.0,0.0,0.0,False,True,False,0.0,,,0.0,0.0,0.0,0.0,0.0,0.0,0.0,0.0,0.0,0.0,0.0,0.0,0.0,0.0,-0.0,-0.0,-0.0,-0.0,-0.0,-0.0,0.0,-0.0,-0.0,-0.0,0.0,0.0,73.07000000001614
27.12,32.57,57.28,0.120000000000001,0.13000000000000256,0.21999999999999886,2.112094395280236,1.7586736260362297,1.0,2.113386655245514,1.758904982308977,1.0,2.113573742490283,1.7589256389708567,1.0,57.32011989633648,57.288208061280805,57.28,0.010567868712451417,0.008794628194854284,0.005,57.30955202762403,57.27941343308595,57.275,57.33068776504893,57.29700268947566,57.285000000000004,57.285000000000004,57.30955202762403,0.02455202762402564,0.0004286317671792186,VGLT,SPTL,2025-03-17,False,3690.0,3071.0,1746.0,0.0,0.0,0.0,,,0.0,0.0,0.0,False,False,False,-0.0,,,0.0,0.0,0.0,0.0,0.0,0.0,0.0,0.0,0.0,0.0,0.0,0.0,0.0,0.0,-0.0,-0.0,-0.0,-0.0,-0.0,-0.0,0.0,0.0,0.0,0.0,0.0,0.0,73.07000000001614
27.16,32.61,57.38,0.03999999999999915,0.03999999999999915,0.10000000000000142,2.1126656848306333,1.7595829500153328,1.0,2.113245545483605,1.7589046650159272,1.0,2.113386655245514,1.758904982308977,1.0,57.39958155646816,57.35789147309574,57.38,0.010566933276227571,0.008794524911544886,0.005,57.38901462319193,57.3490969481842,57.375,57.410148489744394,57.366685998007284,57.385000000000005,57.366685998007284,57.38901462319193,0.022328625184648843,0.00038913602622253125,SCHQ,SPTL,2025-03-18,False,3684.0,3066.0,1743.0,0.0,0.0,0.0,,,0.0,0.0,-0.0,False,False,False,0.0,,,0.0,0.0,0.0,0.0,0.0,0.0,0.0,0.0,0.0,0.0,0.0,0.0,0.0,0.0,-0.0,-0.0,-0.0,-0.0,-0.0,-0.0,0.0,0.0,0.0,0.0,0.0,0.0,73.07000000001614
27.27,32.77,57.61,0.10999999999999943,0.1600000000000037,0.22999999999999687,2.1125779244591127,1.7580103753433016,1.0,2.1133062845225177,1.75887006930892,1.0,2.113245545483605,1.7589046650159272,1.0,57.62820602533791,57.63930587257194,57.61,0.010566227727418024,0.008794523325079637,0.005,57.617639797610494,57.63051134924686,57.605,57.638772253065326,57.64810039589702,57.615,57.615,57.63051134924686,0.015511349246857264,0.0002692475133979737,VGLT,SCHQ,2025-03-19,False,3669.0,3053.0,1736.0,0.0,0.0,0.0,,,0.0,0.0,0.0,False,True,False,0.0,,,0.0,0.0,0.0,0.0,0.0,0.0,0.0,0.0,0.0,0.0,0.0,0.0,0.0,0.0,-0.0,-0.0,-0.0,-0.0,-0.0,-0.0,0.0,0.0,0.0,0.0,0.0,0.0,73.07000000001614
27.31,32.81,57.73,0.03999999999999915,0.03999999999999915,0.11999999999999744,2.1138777004760163,1.7595245352026818,1.0,2.1135049851461902,1.7589074197839714,1.0,2.1133062845225177,1.75887006930892,1.0,57.714394630309954,57.70852697402567,57.73,0.010566531422612588,0.008794350346544601,0.005,57.70382809888734,57.69973262367913,57.724999999999994,57.724961161732566,57.717321324372215,57.735,57.717321324372215,57.724999999999994,0.007678675627779796,0.00013301014425393725,SCHQ,VGLT,2025-03-20,False,3660.0,3046.0,1732.0,0.0,0.0,0.0,,,0.0,0.0,0.0,False,True,False,0.0,,,0.0,0.0,0.0,0.0,0.0,0.0,0.0,0.0,0.0,0.0,0.0,0.0,0.0,0.0,-0.0,-0.0,-0.0,-0.0,-0.0,-0.0,0.0,0.0,0.0,0.0,0.0,0.0,73.07000000001614
27.18,32.66,57.43,-0.129999999999999,-0.15000000000000568,-0.29999999999999716,2.1129506990434144,1.7584200857317822,1.0,2.113458320432296,1.758870341373806,1.0,2.1135049851461902,1.7589074197839714,1.0,57.44506549627345,57.4459163301445,57.43,0.010567524925730952,0.008794537098919857,0.005,57.43449797134772,57.43712179304558,57.425,57.45563302119918,57.45471086724342,57.435,57.435,57.43712179304558,0.0021217930455748046,3.694572602428704e-05,VGLT,SCHQ,2025-03-21,False,3680.0,3062.0,1741.0,0.0,0.0,0.0,,,0.0,0.0,0.0,False,True,False,0.0,,,0.0,0.0,0.0,0.0,0.0,0.0,0.0,0.0,0.0,0.0,0.0,0.0,0.0,0.0,-0.0,-0.0,-0.0,-0.0,-0.0,-0.0,0.0,-0.0,-0.0,-0.0,0.0,0.0,73.07000000001614
26.91,32.31,56.85,-0.2699999999999996,-0.3499999999999943,-0.5799999999999983,2.112597547380156,1.7595171773444753,1.0,2.113341928381321,1.7589441965128336,1.0,2.113458320432296,1.758870341373806,1.0,56.87316340283308,56.829100729787676,56.85,0.01056729160216148,0.008794351706869031,0.005,56.862596111230914,56.82030637808081,56.845,56.88373069443524,56.837895081494544,56.855000000000004,56.837895081494544,56.862596111230914,0.024701029736370117,0.00043449480626860364,SCHQ,SPTL,2025-03-24,False,3718.0,3094.0,1759.0,0.0,0.0,0.0,,,0.0,0.0,0.0,False,False,False,-0.0,,,0.0,0.0,0.0,0.0,0.0,0.0,0.0,0.0,0.0,0.0,0.0,0.0,0.0,0.0,-0.0,-0.0,-0.0,-0.0,-0.0,-0.0,0.0,-0.0,-0.0,-0.0,0.0,0.0,73.07000000001614
26.93,32.36,56.91,0.019999999999999574,0.04999999999999716,0.05999999999999517,2.1132565911622723,1.7586526576019776,1.0,2.1131333915640917,1.7588562027404362,1.0,2.113341928381321,1.7589441965128336,1.0,56.91229813130897,56.9194341991553,56.91,0.010566709641906605,0.008794720982564168,0.005,56.901731421667066,56.91063947817273,56.904999999999994,56.92286484095088,56.92822892013786,56.915,56.915,56.91063947817273,-0.004360521827265984,-7.66213640355998e-05,VGLT,SCHQ,2025-03-25,False,3713.0,3090.0,1757.0,0.0,0.0,0.0,,,0.0,0.0,-0.0,False,True,False,0.0,,,0.0,0.0,0.0,0.0,0.0,0.0,0.0,0.0,0.0,0.0,0.0,0.0,0.0,0.0,-0.0,-0.0,-0.0,-0.0,-0.0,-0.0,0.0,0.0,0.0,0.0,0.0,0.0,73.07000000001614
26.77,32.15,56.57,-0.16000000000000014,-0.21000000000000085,-0.3399999999999963,2.113186402689578,1.7595645412130638,1.0,2.1130436334681293,1.7589548516067197,1.0,2.1131333915640917,1.7588562027404362,1.0,56.568580892170736,56.54722691810502,56.57,0.01056566695782046,0.008794281013702181,0.005,56.55801522521291,56.53843263709132,56.565,56.57914655912856,56.55602119911872,56.575,56.55602119911872,56.565,0.008978800881280335,0.00015872018527983623,SCHQ,VGLT,2025-03-26,False,3736.0,3110.0,1768.0,0.0,0.0,0.0,,,0.0,0.0,0.0,False,True,False,0.0,,,0.0,0.0,0.0,0.0,0.0,0.0,0.0,0.0,0.0,0.0,0.0,0.0,0.0,0.0,-0.0,-0.0,-0.0,-0.0,-0.0,-0.0,0.0,-0.0,-0.0,-0.0,0.0,0.0,73.07000000001614
26.7,32.07,56.4,-0.07000000000000028,-0.0799999999999983,-0.1700000000000017,2.1123595505617976,1.7586529466791394,1.0,2.112889982921655,1.7589538475932471,1.0,2.1130436334681293,1.7589548516067197,1.0,56.41826501359905,56.4096820910275,56.4,0.010565218167340646,0.008794774258033598,0.005,56.407699795431704,56.40088731676946,56.394999999999996,56.42883023176639,56.418476865285534,56.405,56.405,56.407699795431704,0.002699795431702512,4.786871332805872e-05,VGLT,SPTL,2025-03-27,False,3746.0,3119.0,1773.0,0.0,0.0,0.0,,,0.0,0.0,0.0,False,True,False,0.0,,,0.0,0.0,0.0,0.0,0.0,0.0,0.0,0.0,0.0,0.0,0.0,0.0,0.0,0.0,-0.0,-0.0,-0.0,-0.0,-0.0,-0.0,0.0,-0.0,-0.0,-0.0,0.0,0.0,73.07000000001614
27.04,32.51,57.17,0.33999999999999986,0.4399999999999977,0.7700000000000031,2.114275147928994,1.7585358351276532,1.0,2.1129841643812215,1.7589134730295637,1.0,2.112889982921655,1.7589538475932471,1.0,57.13254513820156,57.18358958525646,57.17,0.010564449914608276,0.008794769237966236,0.005,57.121980688286946,57.1747948160185,57.165,57.14310958811617,57.19238435449443,57.175000000000004,57.14310958811617,57.1747948160185,0.031685227902329416,0.0005542282298815711,SPTL,SCHQ,2025-03-28,False,3695.0,3076.0,1749.0,0.0,0.0,0.0,,,0.0,0.0,0.0,False,False,False,-0.0,,,0.0,0.0,0.0,0.0,0.0,0.0,0.0,0.0,0.0,0.0,0.0,0.0,0.0,0.0,-0.0,-0.0,-0.0,-0.0,-0.0,-0.0,0.0,0.0,0.0,0.0,0.0,0.0,73.07000000001614
27.26,32.76,57.61,0.22000000000000242,0.25,0.4399999999999977,2.1133528980190754,1.7585470085470087,1.0,2.113110014655105,1.758900811280642,1.0,2.1129841643812215,1.7589134730295637,1.0,57.5999483210321,57.622005376448506,57.61,0.010564920821906108,0.008794567365147818,0.005,57.589383400210195,57.613210809083355,57.605,57.61051324185401,57.630799943813656,57.615,57.61051324185401,57.613210809083355,0.0026975672293474418,4.6824635121462276e-05,SPTL,SCHQ,2025-03-31,False,3668.0,3053.0,1736.0,0.0,0.0,0.0,,,0.0,0.0,-0.0,False,True,False,0.0,,,0.0,0.0,0.0,0.0,0.0,0.0,0.0,0.0,0.0,0.0,0.0,0.0,0.0,0.0,-0.0,-0.0,-0.0,-0.0,-0.0,-0.0,0.0,0.0,0.0,0.0,0.0,0.0,73.07000000001614
27.36,32.89,57.84,0.09999999999999787,0.13000000000000256,0.23000000000000398,2.1140350877192984,1.7585892368501066,1.0,2.1132469549439716,1.7588014399641192,1.0,2.113110014655105,1.758900811280642,1.0,57.81469000096367,57.850247683020314,57.84,0.010565550073275524,0.00879450405640321,0.005,57.8041244508904,57.84145317896391,57.835,57.825255551036946,57.85904218707672,57.845000000000006,57.825255551036946,57.84145317896391,0.016197627926963776,0.0002800419766072575,SPTL,SCHQ,2025-04-01,True,3654.0,3041.0,1729.0,0.0,0.0,0.0,,,0.0,0.0,0.0,False,True,False,0.0,,,0.0,0.0,0.0,0.0,0.0,0.0,0.0,0.0,0.0,0.0,0.0,0.0,0.0,0.0,-0.0,-0.0,-0.0,-0.0,-0.0,-0.0,0.0,0.0,0.0,0.0,0.0,0.0,73.07000000001614
27.35,32.86,57.79,-0.00999999999999801,-0.030000000000001137,-0.05000000000000426,2.112979890310786,1.7586731588557516,1.0,2.1132871515291387,1.7588677183153643,1.0,2.1132469549439716,1.7588014399641192,1.0,57.797304217717624,57.79421531722095,57.79,0.010566234774719858,0.008794007199820595,0.005,57.7867379829429,57.785421310021135,57.785,57.807870452492345,57.80300932442077,57.795,57.795,57.7867379829429,-0.008262017057099058,-0.00014296620621386154,VGLT,SPTL,2025-04-02,False,3656.0,3043.0,1730.0,0.0,0.0,0.0,,,0.0,0.0,0.0,False,True,True,0.0,,,0.0,0.0,0.0,0.0,0.0,0.0,0.0,0.0,0.0,0.0,0.0,0.0,0.0,0.0,-0.0,-0.0,-0.0,-0.0,-0.0,-0.0,0.0,-0.0,-0.0,-0.0,0.0,0.0,73.07000000001614
27.52,33.08,58.19,0.16999999999999815,0.21999999999999886,0.3999999999999986,2.1144622093023253,1.75906892382104,1.0,2.11334560241177,1.7588221571772,1.0,2.1132871515291387,1.7588677183153643,1.0,58.1576624100819,58.183344121872246,58.19,0.010566435757645693,0.008794338591576821,0.005,58.14709597432425,58.17454978328067,58.184999999999995,58.16822884583954,58.19213846046382,58.195,58.16822884583954,58.184999999999995,0.01677115416045183,0.0002882136820837228,SPTL,VGLT,2025-04-03,False,3633.0,3023.0,1719.0,0.0,0.0,0.0,,,0.0,0.0,0.0,False,True,False,0.0,,,0.0,0.0,0.0,0.0,0.0,0.0,0.0,0.0,0.0,0.0,0.0,0.0,0.0,0.0,-0.0,-0.0,-0.0,-0.0,-0.0,-0.0,0.0,0.0,0.0,0.0,0.0,0.0,73.07000000001614
27.78,33.4,58.71,0.26000000000000156,0.3200000000000003,0.5200000000000031,2.113390928725702,1.7577844311377246,1.0,2.1133896253799986,1.758758591717794,1.0,2.11334560241177,1.7588221571772,1.0,58.70874083499898,58.744660049718476,58.71,0.01056672801205885,0.008794110785886001,0.005,58.69817410698692,58.73586593893259,58.705,58.719307563011036,58.75345416050436,58.715,58.715,58.73586593893259,0.02086593893258737,0.00035540689716551474,VGLT,SCHQ,2025-04-04,False,3599.0,2995.0,1703.0,0.0,0.0,0.0,,,0.0,0.0,0.0,False,False,False,-0.0,,,0.0,0.0,0.0,0.0,0.0,0.0,0.0,0.0,0.0,0.0,0.0,0.0,0.0,0.0,-0.0,-0.0,-0.0,-0.0,-0.0,-0.0,0.0,0.0,0.0,0.0,0.0,0.0,73.07000000001614
27.02,32.46,57.06,-0.7600000000000016,-0.9399999999999977,-1.6499999999999986,2.1117690599555887,1.7578558225508318,1.0,2.113306776637542,1.7585924562384296,1.0,2.1133896253799986,1.758758591717794,1.0,57.10378767776756,57.089303887159595,57.06,0.010566948126899994,0.00879379295858897,0.005,57.09322072964066,57.080510094201,57.055,57.114354625894464,57.09809768011819,57.065000000000005,57.065000000000005,57.09322072964066,0.02822072964065825,0.000494579909580411,VGLT,SPTL,2025-04-07,False,3705.0,3083.0,1753.0,0.0,0.0,0.0,,,0.0,0.0,-0.0,False,False,False,0.0,,,0.0,0.0,0.0,0.0,0.0,0.0,0.0,0.0,0.0,0.0,0.0,0.0,0.0,0.0,-0.0,-0.0,-0.0,-0.0,-0.0,-0.0,0.0,-0.0,-0.0,-0.0,0.0,0.0,73.07000000001614
26.55,31.92,56.08,-0.46999999999999886,-0.5399999999999991,-0.980000000000004,2.1122410546139356,1.756892230576441,1.0,2.113205222982708,1.7584164135358762,1.0,2.113306776637542,1.7585924562384296,1.0,56.10829491972674,56.13427120313068,56.08,0.01056653388318771,0.008792962281192149,0.005,56.09772838584355,56.12547824084949,56.074999999999996,56.118861453609924,56.14306416541187,56.085,56.085,56.12547824084949,0.040478240849488145,0.000721794594320402,VGLT,SCHQ,2025-04-08,False,3768.0,3136.0,1783.0,0.0,0.0,0.0,,,0.0,0.0,0.0,False,False,False,-0.0,,,0.0,0.0,0.0,0.0,0.0,0.0,0.0,0.0,0.0,0.0,0.0,0.0,0.0,0.0,-0.0,-0.0,-0.0,-0.0,-0.0,-0.0,0.0,-0.0,-0.0,-0.0,0.0,0.0,73.07000000001614
26.62,32.01,56.26,0.07000000000000028,0.0899999999999963,0.17999999999999972,2.113448534936138,1.7575757575757576,1.0,2.113231436207364,1.7582175351721454,1.0,2.113205222982708,1.7584164135358762,1.0,56.25352303579969,56.286909397283395,56.26,0.010566026114913541,0.008792082067679381,0.005,56.24295700968477,56.27811731521572,56.254999999999995,56.2640890619146,56.295701479351074,56.265,56.2640890619146,56.27811731521572,0.014028253301113125,0.0002493468414701942,SPTL,SCHQ,2025-04-09,False,3755.0,3125.0,1777.0,0.0,0.0,0.0,,,0.0,0.0,-0.0,False,True,False,0.0,,,0.0,0.0,0.0,0.0,0.0,0.0,0.0,0.0,0.0,0.0,0.0,0.0,0.0,0.0,-0.0,-0.0,-0.0,-0.0,-0.0,-0.0,0.0,0.0,0.0,0.0,0.0,0.0,73.07000000001614
26.04,31.29,55.0,-0.5800000000000018,-0.7199999999999989,-1.259999999999998,2.112135176651306,1.757750079897731,1.0,2.113208998816315,1.7581272484940045,1.0,2.113231436207364,1.7582175351721454,1.0,55.02854659883975,55.01462667553643,55.0,0.010566157181036819,0.008791087675860728,0.005,55.017980441658715,55.00583558786057,54.995,55.03911275602079,55.02341776321229,55.005,55.005,55.017980441658715,0.012980441658712039,0.00023600803015840071,VGLT,SPTL,2025-04-10,False,3842.0,3196.0,1818.0,0.0,0.0,0.0,,,0.0,0.0,0.0,False,True,False,0.0,,,0.0,0.0,0.0,0.0,0.0,0.0,0.0,0.0,0.0,0.0,0.0,0.0,0.0,0.0,-0.0,-0.0,-0.0,-0.0,-0.0,-0.0,0.0,-0.0,-0.0,-0.0,0.0,0.0,73.07000000001614
26.1,31.36,55.13,0.060000000000002274,0.07000000000000028,0.13000000000000256,2.1122605363984674,1.7579719387755104,1.0,2.113007537663262,1.7580708588587903,1.0,2.113208998816315,1.7581272484940045,1.0,55.15475486910583,55.13487051277198,55.13,0.010566044994081576,0.008790636242470022,0.005,55.14418882411175,55.12607987652951,55.125,55.16532091409991,55.143661149014456,55.135000000000005,55.135000000000005,55.14418882411175,0.00918882411174593,0.000166675568868963,VGLT,SPTL,2025-04-11,False,3833.0,3189.0,1814.0,0.0,0.0,0.0,,,0.0,0.0,0.0,False,True,False,0.0,,,0.0,0.0,0.0,0.0,0.0,0.0,0.0,0.0,0.0,0.0,0.0,0.0,0.0,0.0,-0.0,-0.0,-0.0,-0.0,-0.0,-0.0,0.0,0.0,0.0,0.0,0.0,0.0,73.07000000001614
26.3,31.59,55.57,0.1999999999999993,0.23000000000000043,0.4399999999999977,2.1129277566539924,1.7591009813232035,1.0,2.112965023526754,1.75812625613641,1.0,2.113007537663262,1.7580708588587903,1.0,55.572098240543795,55.53745843134919,55.57,0.01056503768831631,0.008790354294293952,0.005,55.56153320285548,55.528668077054895,55.565,55.58266327823211,55.54624878564348,55.575,55.54624878564348,55.565,0.018751214356520052,0.0003374341255447193,SCHQ,VGLT,2025-04-14,False,3803.0,3165.0,1800.0,0.0,0.0,0.0,,,0.0,0.0,0.0,False,False,False,-0.0,,,0.0,0.0,0.0,0.0,0.0,0.0,0.0,0.0,0.0,0.0,0.0,0.0,0.0,0.0,-0.0,-0.0,-0.0,-0.0,-0.0,-0.0,0.0,0.0,0.0,0.0,0.0,0.0,73.07000000001614
26.39,31.71,55.75,0.08999999999999986,0.120000000000001,0.17999999999999972,2.112542629784009,1.758120466729738,1.0,2.1128157777332253,1.7580793791243732,1.0,2.112965023526754,1.75812625613641,1.0,55.76114697087104,55.75018358208556,55.75,0.010564825117633769,0.00879063128068205,0.005,55.750582145753405,55.74139295080488,55.745,55.77171179598867,55.758974213366244,55.755,55.755,55.750582145753405,-0.0044178542465971304,-7.924402236048665e-05,VGLT,SPTL,2025-04-15,False,3791.0,3154.0,1794.0,0.0,0.0,0.0,,,0.0,0.0,-0.0,False,True,False,0.0,,,0.0,0.0,0.0,0.0,0.0,0.0,0.0,0.0,0.0,0.0,0.0,0.0,0.0,0.0,-0.0,-0.0,-0.0,-0.0,-0.0,-0.0,0.0,0.0,0.0,0.0,0.0,0.0,73.07000000001614
26.55,31.87,56.07,0.16000000000000014,0.16000000000000014,0.3200000000000003,2.111864406779661,1.7593347976153122,1.0,2.1127042293801126,1.7581455430003292,1.0,2.1128157777332253,1.7580793791243732,1.0,56.095258898817136,56.02998981269378,56.07,0.010564078888666126,0.008790396895621866,0.005,56.08469481992847,56.02119941579816,56.065,56.1058229777058,56.0387802095894,56.075,56.0387802095894,56.08469481992847,0.04591461033907507,0.0008188801558600868,SCHQ,SPTL,2025-04-16,False,3767.0,3135.0,1783.0,0.0,0.0,0.0,,,0.0,0.0,0.0,True,False,False,1.0,SCHQ,SPTL,-3767.0,3135.0,0.0,0.0,0.0,0.0,0.0,0.0,-3767.0,3135.0,0.0,0.0,3135.0,0.0,3767.0,-0.0,-0.0,-18.835,-15.675,-0.0,-34.510000000000005,0.0,0.0,0.0,0.0,-34.510000000000005,38.56000000001613
26.33,31.61,55.62,-0.22000000000000242,-0.26000000000000156,-0.45000000000000284,2.112419293581466,1.7595697564062005,1.0,2.1124999378080265,1.7581956262588452,1.0,2.1127042293801126,1.7581455430003292,1.0,55.62750235957836,55.5749806142404,55.62,0.010563521146900564,0.008790727715001646,0.005,55.61693883843146,55.5661898865254,55.614999999999995,55.63806588072526,55.583771341955405,55.625,55.583771341955405,55.61693883843146,0.03316749647605377,0.0005963232016550481,SCHQ,SPTL,2025-04-17,False,3799.0,3161.0,1798.0,-3767.0,3135.0,0.0,SCHQ,SPTL,0.03316749647605377,0.0005963232016550481,1.0,False,False,False,-1.0,SCHQ,SPTL,-3799.0,3161.0,0.0,-100013.85,99912.45,0.0,199926.3,-101.40000000000873,-32.0,26.0,0.0,0.0,26.0,0.0,32.0,-0.0,-0.0,-0.16,-0.13,-0.0,-0.29000000000000004,828.7400000000091,-815.1000000000049,-0.0,13.640000000004193,13.350000000004194,51.910000000020325
25.91,31.12,54.71,-0.41999999999999815,-0.48999999999999844,-0.9099999999999966,2.111539945966808,1.7580334190231361,1.0,2.112314839532137,1.7582205250473861,1.0,2.1124999378080265,1.7581956262588452,1.0,54.73487338860597,54.71504788917527,54.71,0.010562499689040132,0.008790978131294227,0.005,54.72431088891693,54.70625691104397,54.705,54.745435888295006,54.72383886730656,54.715,54.715,54.72431088891693,0.009310888916928661,0.00017018623500143778,VGLT,SPTL,2025-04-21,False,3862.0,3214.0,1828.0,-3799.0,3161.0,0.0,SCHQ,SPTL,0.0,0.0,-1.0,False,True,False,0.0,,,0.0,0.0,0.0,-100027.67,99919.20999999999,0.0,199946.88,-108.4600000000064,3799.0,-3161.0,0.0,3799.0,0.0,0.0,-0.0,3161.0,-0.0,-18.995,-15.805,-0.0,-34.8,1595.5799999999929,-1548.889999999995,-0.0,46.68999999999778,11.889999999997784,63.80000000001811
26.05,31.29,55.01,0.14000000000000057,0.16999999999999815,0.29999999999999716,2.111708253358925,1.7580696708213486,1.0,2.1123087588724707,1.7582419098744377,1.0,2.112314839532137,1.7582205250473861,1.0,55.025801569812174,55.01472022873271,55.01,0.010561574197660685,0.00879110262523693,0.005,55.015239995614515,55.005929126107475,55.004999999999995,55.03636314400983,55.02351133135795,55.015,55.015,55.015239995614515,0.0002399956145140436,4.3627633978193715e-06,VGLT,SPTL,2025-04-22,False,3840.0,3196.0,1818.0,0.0,0.0,0.0,,,0.0,0.0,0.0,False,True,False,0.0,,,0.0,0.0,0.0,0.0,0.0,0.0,0.0,0.0,0.0,0.0,0.0,0.0,0.0,0.0,-0.0,-0.0,-0.0,-0.0,-0.0,-0.0,0.0,0.0,0.0,0.0,0.0,0.0,63.80000000001811
26.27,31.58,55.51,0.21999999999999886,0.28999999999999915,0.5,2.1130567186905216,1.7577580747308423,1.0,2.1123903252801295,1.7583284942898778,1.0,2.1123087588724707,1.7582419098744377,1.0,55.490351095579804,55.52527951383474,55.51,0.010561543794362353,0.00879120954937219,0.005,55.479789551785444,55.51648830428537,55.504999999999995,55.500912639374164,55.53407072338411,55.515,55.500912639374164,55.51648830428537,0.015575664911203546,0.00028059205388585024,SPTL,SCHQ,2025-04-23,False,3804.0,3167.0,1801.0,0.0,0.0,0.0,,,0.0,0.0,0.0,False,True,False,0.0,,,0.0,0.0,0.0,0.0,0.0,0.0,0.0,0.0,0.0,0.0,0.0,0.0,0.0,0.0,-0.0,-0.0,-0.0,-0.0,-0.0,-0.0,0.0,0.0,0.0,0.0,0.0,0.0,63.80000000001811
26.53,31.87,56.04,0.26000000000000156,0.2900000000000027,0.5300000000000011,2.112325669053901,1.758393473486037,1.0,2.1122780386919056,1.7584102658809058,1.0,2.1123903252801295,1.7583284942898778,1.0,56.041715329681836,56.03792911301841,56.04,0.010561951626400648,0.008791642471449389,0.005,56.031153378055436,56.02913747054696,56.035,56.052277281308236,56.04672075548986,56.045,56.045,56.035,-0.010000000000005116,-0.00017844396859395282,VGLT,VGLT,2025-04-24,False,3769.0,3137.0,1784.0,0.0,0.0,0.0,,,0.0,0.0,0.0,False,True,False,0.0,,,0.0,0.0,0.0,0.0,0.0,0.0,0.0,0.0,0.0,0.0,0.0,0.0,0.0,0.0,-0.0,-0.0,-0.0,-0.0,-0.0,-0.0,0.0,0.0,0.0,0.0,0.0,0.0,63.80000000001811
26.69,32.1,56.41,0.16000000000000014,0.23000000000000043,0.36999999999999744,2.113525665043087,1.7573208722741431,1.0,2.112417087531084,1.7583673451185473,1.0,2.1122780386919056,1.7584102658809058,1.0,56.37670085268696,56.44496953477708,56.41,0.010561390193459528,0.008792051329404528,0.005,56.3661394624935,56.43617748344767,56.404999999999994,56.38726224288042,56.45376158610649,56.415,56.38726224288042,56.43617748344767,0.04891524056725416,0.0008671377515911037,SPTL,SCHQ,2025-04-25,False,3745.0,3118.0,1773.0,0.0,0.0,0.0,,,0.0,0.0,0.0,True,False,False,1.0,SPTL,SCHQ,3745.0,-3118.0,0.0,0.0,0.0,0.0,0.0,0.0,3745.0,-3118.0,0.0,3745.0,0.0,0.0,-0.0,3118.0,-0.0,-18.725,-15.59,-0.0,-34.315,0.0,0.0,0.0,0.0,-34.315,29.48500000001811
26.84,32.26,56.72,0.14999999999999858,0.1599999999999966,0.3100000000000023,2.113263785394933,1.7582145071295723,1.0,2.1125174124307304,1.7583916019539534,1.0,2.112417087531084,1.7583673451185473,1.0,56.697274629334295,56.72493055352433,56.72,0.01056208543765542,0.008791836725592736,0.005,56.68671254389664,56.71613871679874,56.714999999999996,56.70783671477195,56.73372239024992,56.725,56.70783671477195,56.71613871679874,0.008302002026788102,0.00014636815985169432,SPTL,SCHQ,2025-04-28,False,3724.0,3100.0,1763.0,3745.0,-3118.0,0.0,SPTL,SCHQ,0.008302002026788102,0.00014636815985169432,1.0,False,True,False,0.0,,,0.0,0.0,0.0,99954.05,-100087.8,0.0,200041.85,-133.75,-3745.0,3118.0,0.0,0.0,3118.0,0.0,3745.0,-0.0,-0.0,-18.725,-15.59,-0.0,-34.315,561.7499999999947,-498.87999999998937,0.0,62.87000000000529,28.555000000005293,58.040000000023404
27.05,32.51,57.16,0.21000000000000085,0.25,0.4399999999999977,2.1131238447319776,1.7582282374653952,1.0,2.112537021238529,1.7583043275681725,1.0,2.1125174124307304,1.7583916019539534,1.0,57.14359600625126,57.16531097952302,57.16,0.010562587062153652,0.008791958009769767,0.005,57.133033419189104,57.15651902151325,57.154999999999994,57.15415859331341,57.174102937532794,57.165,57.15415859331341,57.15651902151325,0.002360428199835951,4.1295104965639455e-05,SPTL,SCHQ,2025-04-29,False,3695.0,3075.0,1749.0,0.0,0.0,0.0,,,0.0,0.0,0.0,False,True,False,0.0,,,0.0,0.0,0.0,0.0,0.0,0.0,0.0,0.0,0.0,0.0,0.0,0.0,0.0,0.0,-0.0,-0.0,-0.0,-0.0,-0.0,-0.0,0.0,0.0,0.0,0.0,0.0,0.0,58.040000000023404
26.9,32.09,56.84,-0.15000000000000213,-0.4199999999999946,-0.3199999999999932,2.113011152416357,1.7712683078840759,1.0,2.1125838735017637,1.7596191116836064,1.0,2.112537021238529,1.7583043275681725,1.0,56.82724587131642,56.42398587166266,56.84,0.010562685106192644,0.008791521637840862,0.005,56.81668318621023,56.41519435002482,56.835,56.837808556422615,56.4327773933005,56.845000000000006,56.4327773933005,56.835,0.40222260669950316,0.007076400540103855,SCHQ,VGLT,2025-04-30,False,3716.0,3093.0,1759.0,0.0,0.0,0.0,,,0.0,0.0,0.0,True,False,False,1.0,SCHQ,VGLT,0.0,3093.0,-1759.0,0.0,0.0,0.0,0.0,0.0,0.0,3093.0,-1759.0,0.0,3093.0,0.0,-0.0,-0.0,1759.0,-0.0,-15.465,-8.795,-24.259999999999998,-0.0,-0.0,-0.0,0.0,-24.259999999999998,33.780000000023406
26.64,32.0,56.3,-0.259999999999998,-0.09000000000000341,-0.5400000000000063,2.113363363363363,1.759375,1.0,2.1127337691601342,1.759623131922075,1.0,2.1125838735017637,1.7596191116836064,1.0,56.279234390086984,56.307811573875405,56.3,0.010562919367508819,0.008798095558418033,0.005,56.268671470719475,56.299013478316986,56.294999999999995,56.28979730945449,56.316609669433824,56.305,56.28979730945449,56.299013478316986,0.0092161688624941,0.00016369749311712437,SPTL,SCHQ,2025-05-01,True,3752.0,3125.0,1776.0,0.0,3093.0,-1759.0,SCHQ,VGLT,-0.021609669433829026,-0.00038383071818524027,1.0,False,True,False,0.0,,,0.0,0.0,0.0,0.0,99254.37000000001,-99981.56000000001,199235.93000000002,-727.1900000000023,0.0,-3093.0,1759.0,0.0,0.0,1759.0,-0.0,3093.0,-0.0,-0.0,-15.465,-8.795,-24.259999999999998,-0.0,-278.3700000000106,949.860000000011,671.4900000000005,647.2300000000005,681.0100000000239
26.4,31.71,55.74,-0.240000000000002,-0.28999999999999915,-0.5599999999999952,2.1113636363636363,1.7578051087984863,1.0,2.1126282034383506,1.7594466671613038,1.0,2.1127337691601342,1.759623131922075,1.0,55.77617150582754,55.797649513249,55.74,0.01056366884580067,0.008798115659610375,0.005,55.765607836981744,55.78885139758939,55.735,55.78673517467334,55.80644762890861,55.745000000000005,55.745000000000005,55.78885139758939,0.0438513975893855,0.0007867132685573286,VGLT,SCHQ,2025-05-02,False,3790.0,3157.0,1794.0,0.0,0.0,0.0,,,0.0,0.0,0.0,False,False,True,0.0,,,0.0,0.0,0.0,0.0,0.0,0.0,0.0,0.0,0.0,0.0,0.0,0.0,0.0,0.0,-0.0,-0.0,-0.0,-0.0,-0.0,-0.0,0.0,-0.0,-0.0,-0.0,0.0,0.0,681.0100000000239
26.25,31.55,55.48,-0.14999999999999858,-0.16000000000000014,-0.2600000000000051,2.1135238095238096,1.7584786053882724,1.0,2.112826589794051,1.7594911857978173,1.0,2.1126282034383506,1.7594466671613038,1.0,55.4564903402567,55.51054234893914,55.48,0.010563141017191753,0.00879723333580652,0.005,55.445927199239506,55.501745115603335,55.474999999999994,55.467053481273894,55.519339582274945,55.485,55.467053481273894,55.501745115603335,0.034691634329441,0.0006252998256928803,SPTL,SCHQ,2025-05-05,False,3807.0,3171.0,1802.0,0.0,0.0,0.0,,,0.0,0.0,0.0,False,False,False,-0.0,,,0.0,0.0,0.0,0.0,0.0,0.0,0.0,0.0,0.0,0.0,0.0,0.0,0.0,0.0,-0.0,-0.0,-0.0,-0.0,-0.0,-0.0,0.0,-0.0,-0.0,-0.0,0.0,0.0,681.0100000000239
26.34,31.63,55.62,0.08999999999999986,0.0799999999999983,0.14000000000000057,2.1116173120728927,1.7584571609231743,1.0,2.112817495665448,1.7595299348079998,1.0,2.112826589794051,1.7594911857978173,1.0,55.6518523751753,55.652706206784956,55.62,0.010564132948970255,0.008797455928989086,0.005,55.64128824222633,55.643908750855964,55.614999999999995,55.662416508124274,55.66150366271395,55.625,55.625,55.643908750855964,0.018908750855963774,0.000339963158143901,VGLT,SCHQ,2025-05-06,False,3799.0,3164.0,1798.0,0.0,0.0,0.0,,,0.0,0.0,-0.0,False,False,False,0.0,,,0.0,0.0,0.0,0.0,0.0,0.0,0.0,0.0,0.0,0.0,0.0,0.0,0.0,0.0,-0.0,-0.0,-0.0,-0.0,-0.0,-0.0,0.0,0.0,0.0,0.0,0.0,0.0,681.0100000000239
26.45,31.77,55.86,0.10999999999999943,0.14000000000000057,0.240000000000002,2.1119092627599243,1.7582625118035884,1.0,2.1127027500723883,1.7595803785152746,1.0,2.112817495665448,1.7595299348079998,1.0,55.884022760351094,55.900266028850154,55.86,0.01056408747832724,0.008797649674039999,0.005,55.873458672872765,55.89146837917612,55.855,55.89458684782942,55.90906367852419,55.865,55.865,55.89146837917612,0.026468379176115775,0.0004738342136791224,VGLT,SCHQ,2025-05-07,False,3782.0,3150.0,1790.0,0.0,0.0,0.0,,,0.0,0.0,0.0,False,False,False,-0.0,,,0.0,0.0,0.0,0.0,0.0,0.0,0.0,0.0,0.0,0.0,0.0,0.0,0.0,0.0,-0.0,-0.0,-0.0,-0.0,-0.0,-0.0,0.0,0.0,0.0,0.0,0.0,0.0,681.0100000000239
26.17,31.43,55.27,-0.2799999999999976,-0.33999999999999986,-0.5899999999999963,2.111960259839511,1.7585109767737832,1.0,2.112666209150949,1.759592128844049,1.0,2.1127027500723883,1.7595803785152746,1.0,55.2894309693944,55.30361129673508,55.27,0.010563513750361941,0.008797901892576373,0.005,55.27886745564404,55.2948133948425,55.265,55.299994483144765,55.312409198627655,55.275000000000006,55.275000000000006,55.2948133948425,0.019813394842493892,0.0003584837134520335,VGLT,SCHQ,2025-05-08,False,3822.0,3183.0,1809.0,0.0,0.0,0.0,,,0.0,0.0,-0.0,False,False,False,0.0,,,0.0,0.0,0.0,0.0,0.0,0.0,0.0,0.0,0.0,0.0,0.0,0.0,0.0,0.0,-0.0,-0.0,-0.0,-0.0,-0.0,-0.0,0.0,-0.0,-0.0,-0.0,0.0,0.0,681.0100000000239
26.21,31.48,55.36,0.03999999999999915,0.05000000000000071,0.0899999999999963,2.1121709271270506,1.758576874205845,1.0,2.1125307353593454,1.7597177290372195,1.0,2.112666209150949,1.759592128844049,1.0,55.372981341846376,55.391960216010666,55.36,0.010563331045754744,0.008797960644220245,0.005,55.362418010800624,55.38316225536644,55.355,55.38354467289213,55.40075817665489,55.365,55.365,55.38316225536644,0.018162255366441116,0.00032807542208166757,VGLT,SCHQ,2025-05-09,False,3815.0,3178.0,1806.0,0.0,0.0,0.0,,,0.0,0.0,0.0,False,False,False,-0.0,,,0.0,0.0,0.0,0.0,0.0,0.0,0.0,0.0,0.0,0.0,0.0,0.0,0.0,0.0,-0.0,-0.0,-0.0,-0.0,-0.0,-0.0,0.0,0.0,0.0,0.0,0.0,0.0,681.0100000000239
25.98,31.2,54.87,-0.23000000000000043,-0.28000000000000114,-0.490000000000002,2.1120092378752884,1.7586538461538461,1.0,2.1124052806073808,1.7597616629396466,1.0,2.1125307353593454,1.7597177290372195,1.0,54.8835485046358,54.90319314596125,54.87,0.010562653676796728,0.008798588645186097,0.005,54.872985850959,54.89439455731606,54.864999999999995,54.8941111583126,54.91199173460643,54.875,54.875,54.89439455731606,0.019394557316061878,0.0003534637746685234,VGLT,SCHQ,2025-05-12,False,3849.0,3206.0,1822.0,0.0,0.0,0.0,,,0.0,0.0,-0.0,False,False,False,0.0,,,0.0,0.0,0.0,0.0,0.0,0.0,0.0,0.0,0.0,0.0,0.0,0.0,0.0,0.0,-0.0,-0.0,-0.0,-0.0,-0.0,-0.0,0.0,-0.0,-0.0,-0.0,0.0,0.0,681.0100000000239
25.87,31.08,54.64,-0.10999999999999943,-0.120000000000001,-0.22999999999999687,2.112098956320062,1.7580437580437582,1.0,2.1123027917661896,1.7597432149974828,1.0,2.1124052806073808,1.7597616629396466,1.0,54.647924609312945,54.693392484164214,54.64,0.010562026403036905,0.008798808314698233,0.005,54.63736258290991,54.68459367584951,54.635,54.65848663571598,54.702191292478915,54.645,54.645,54.68459367584951,0.03959367584950968,0.0007246280353131346,VGLT,SCHQ,2025-05-13,False,3866.0,3220.0,1830.0,0.0,0.0,0.0,,,0.0,0.0,0.0,False,False,False,-0.0,,,0.0,0.0,0.0,0.0,0.0,0.0,0.0,0.0,0.0,0.0,0.0,0.0,0.0,0.0,-0.0,-0.0,-0.0,-0.0,-0.0,-0.0,0.0,-0.0,-0.0,-0.0,0.0,0.0,681.0100000000239
25.72,30.9,54.33,-0.15000000000000213,-0.17999999999999972,-0.3100000000000023,2.1123639191290824,1.758252427184466,1.0,2.112238068437462,1.758441626927522,1.0,2.1123027917661896,1.7597432149974828,1.0,54.32842780422639,54.37606534342221,54.33,0.010561513958830948,0.008798716074987414,0.005,54.31786629026756,54.36726662734723,54.324999999999996,54.33898931818523,54.3848640594972,54.335,54.335,54.36726662734723,0.03226662734722652,0.0005939007426325514,VGLT,SCHQ,2025-05-14,False,3889.0,3240.0,1841.0,0.0,0.0,0.0,,,0.0,0.0,-0.0,False,False,False,0.0,,,0.0,0.0,0.0,0.0,0.0,0.0,0.0,0.0,0.0,0.0,0.0,0.0,0.0,0.0,-0.0,-0.0,-0.0,-0.0,-0.0,-0.0,0.0,-0.0,-0.0,-0.0,0.0,0.0,681.0100000000239
25.95,31.17,54.8,0.23000000000000043,0.2700000000000031,0.46999999999999886,2.111753371868979,1.7581007378889957,1.0,2.1120770692880235,1.7583142007164216,1.0,2.112238068437462,1.758441626927522,1.0,54.81257787595214,54.81062551133086,54.8,0.01056119034218731,0.008792208134637611,0.005,54.80201668560995,54.801833303196226,54.794999999999995,54.823139066294324,54.8194177194655,54.805,54.805,54.80201668560995,-0.0029833143900503956,-5.4440043614058315e-05,VGLT,SPTL,2025-05-15,False,3855.0,3209.0,1825.0,0.0,0.0,0.0,,,0.0,0.0,0.0,False,True,False,0.0,,,0.0,0.0,0.0,0.0,0.0,0.0,0.0,0.0,0.0,0.0,0.0,0.0,0.0,0.0,-0.0,-0.0,-0.0,-0.0,-0.0,-0.0,0.0,0.0,0.0,0.0,0.0,0.0,681.0100000000239
26.01,31.23,54.9,0.060000000000002274,0.05999999999999872,0.10000000000000142,2.110726643598616,1.7579250720461095,1.0,2.112013370011522,1.758326197041184,1.0,2.1120770692880235,1.7583142007164216,1.0,54.93512457218149,54.91215248837385,54.9,0.010560385346440118,0.008791571003582108,0.005,54.924564186835056,54.903360917370264,54.894999999999996,54.94568495752793,54.92094405937743,54.905,54.905,54.924564186835056,0.019564186835054898,0.00035636041593906917,VGLT,SPTL,2025-05-16,False,3846.0,3202.0,1821.0,0.0,0.0,0.0,,,0.0,0.0,0.0,False,False,False,-0.0,,,0.0,0.0,0.0,0.0,0.0,0.0,0.0,0.0,0.0,0.0,0.0,0.0,0.0,0.0,-0.0,-0.0,-0.0,-0.0,-0.0,-0.0,0.0,0.0,0.0,0.0,0.0,0.0,681.0100000000239
25.93,31.14,54.74,-0.08000000000000185,-0.08999999999999986,-0.1599999999999966,2.11106826070189,1.7578676942838793,1.0,2.1117678151293293,1.7582651059307444,1.0,2.112013370011522,1.758326197041184,1.0,54.76450668439877,54.75427777586248,54.74,0.010560066850057611,0.00879163098520592,0.005,54.75394661754871,54.74548614487727,54.735,54.77506675124882,54.763069406847684,54.745000000000005,54.745000000000005,54.75394661754871,0.008946617548708957,0.0001634383914634446,VGLT,SPTL,2025-05-19,False,3859.0,3212.0,1827.0,0.0,0.0,0.0,,,0.0,0.0,-0.0,False,True,False,0.0,,,0.0,0.0,0.0,0.0,0.0,0.0,0.0,0.0,0.0,0.0,0.0,0.0,0.0,0.0,-0.0,-0.0,-0.0,-0.0,-0.0,-0.0,0.0,-0.0,-0.0,-0.0,0.0,0.0,681.0100000000239
25.76,30.94,54.38,-0.16999999999999815,-0.1999999999999993,-0.35999999999999943,2.1110248447204967,1.75759534583064,1.0,2.11170856839409,1.758178924421491,1.0,2.1117678151293293,1.7582651059307444,1.0,54.39913891773153,54.40072237749723,54.38,0.010558839075646647,0.008791325529653723,0.005,54.38858007865588,54.391931051967575,54.375,54.40969775680718,54.40951370302689,54.385000000000005,54.385000000000005,54.391931051967575,0.006931051967569601,0.00012745590230911366,VGLT,SCHQ,2025-05-20,False,3884.0,3233.0,1839.0,0.0,0.0,0.0,,,0.0,0.0,0.0,False,True,False,0.0,,,0.0,0.0,0.0,0.0,0.0,0.0,0.0,0.0,0.0,0.0,0.0,0.0,0.0,0.0,-0.0,-0.0,-0.0,-0.0,-0.0,-0.0,0.0,-0.0,-0.0,-0.0,0.0,0.0,681.0100000000239
25.35,30.46,53.54,-0.41000000000000014,-0.4800000000000004,-0.8400000000000034,2.112031558185404,1.757715036112935,1.0,2.1117207979366377,1.7581241768524258,1.0,2.11170856839409,1.758178924421491,1.0,53.531812208790186,53.554130037878615,53.54,0.01055854284197045,0.008790894622107455,0.005,53.521253665948215,53.545339143256506,53.535,53.542370751632156,53.562920932500724,53.545,53.542370751632156,53.545339143256506,0.0029683916243499198,5.5442503256442286e-05,SPTL,SCHQ,2025-05-21,False,3945.0,3284.0,1868.0,0.0,0.0,0.0,,,0.0,0.0,0.0,False,True,False,0.0,,,0.0,0.0,0.0,0.0,0.0,0.0,0.0,0.0,0.0,0.0,0.0,0.0,0.0,0.0,-0.0,-0.0,-0.0,-0.0,-0.0,-0.0,0.0,-0.0,-0.0,-0.0,0.0,0.0,681.0100000000239
25.48,30.6,53.81,0.129999999999999,0.14000000000000057,0.2700000000000031,2.1118524332810047,1.7584967320261438,1.0,2.1117100152807873,1.758122752377662,1.0,2.1117207979366377,1.7581241768524258,1.0,53.80664593142553,53.798599811684234,53.81,0.01055860398968319,0.00879062088426213,0.005,53.79608732743584,53.78980919079997,53.805,53.817204535415215,53.807390432568496,53.815000000000005,53.807390432568496,53.805,-0.002390432568496692,-4.4423574958124735e-05,SCHQ,VGLT,2025-05-22,False,3924.0,3267.0,1858.0,0.0,0.0,0.0,,,0.0,0.0,0.0,False,True,False,0.0,,,0.0,0.0,0.0,0.0,0.0,0.0,0.0,0.0,0.0,0.0,0.0,0.0,0.0,0.0,-0.0,-0.0,-0.0,-0.0,-0.0,-0.0,0.0,0.0,0.0,0.0,0.0,0.0,681.0100000000239
25.55,30.68,53.94,0.07000000000000028,0.0799999999999983,0.12999999999999545,2.1111545988258316,1.758148631029987,1.0,2.1116083824506657,1.758079928060076,1.0,2.1117100152807873,1.758122752377662,1.0,53.954190890424115,53.939206042946665,53.94,0.010558550076403937,0.00879061376188831,0.005,53.94363234034771,53.93041542918478,53.934999999999995,53.96474944050052,53.947996656708554,53.945,53.945,53.94363234034771,-0.0013676596522884665,-2.5355203045763193e-05,VGLT,SPTL,2025-05-23,False,3915.0,3260.0,1854.0,0.0,0.0,0.0,,,0.0,0.0,0.0,False,True,False,0.0,,,0.0,0.0,0.0,0.0,0.0,0.0,0.0,0.0,0.0,0.0,0.0,0.0,0.0,0.0,-0.0,-0.0,-0.0,-0.0,-0.0,-0.0,0.0,0.0,0.0,0.0,0.0,0.0,681.0100000000239
25.86,31.06,54.61,0.3099999999999987,0.379999999999999,0.6700000000000017,2.111755607115236,1.7582099162910496,1.0,2.1115830193746605,1.7580355350737964,1.0,2.1116083824506657,1.758079928060076,1.0,54.60619277017422,54.60596256554596,54.61,0.010558041912253329,0.008790399640300381,0.005,54.59563472826196,54.59717216590566,54.605,54.61675081208647,54.614752965186256,54.615,54.614752965186256,54.605,-0.009752965186258677,-0.00017859302666652037,SCHQ,VGLT,2025-05-27,False,3866.0,3219.0,1831.0,0.0,0.0,0.0,,,0.0,0.0,0.0,False,True,False,0.0,,,0.0,0.0,0.0,0.0,0.0,0.0,0.0,0.0,0.0,0.0,0.0,0.0,0.0,0.0,-0.0,-0.0,-0.0,-0.0,-0.0,-0.0,0.0,0.0,0.0,0.0,0.0,0.0,681.0100000000239
25.73,30.93,54.36,-0.129999999999999,-0.129999999999999,-0.25,2.1127089001165955,1.7575169738118332,1.0,2.1116440137543133,1.7579828566506037,1.0,2.1115830193746605,1.7580355350737964,1.0,54.33103108851002,54.376039099832525,54.36,0.010557915096873302,0.008790177675368983,0.005,54.32047317341314,54.36724892215715,54.355,54.34158900360689,54.3848292775079,54.365,54.34158900360689,54.36724892215715,0.02565991855026084,0.00047203676508941945,SPTL,SCHQ,2025-05-28,False,3885.0,3235.0,1840.0,0.0,0.0,0.0,,,0.0,0.0,0.0,False,False,False,-0.0,,,0.0,0.0,0.0,0.0,0.0,0.0,0.0,0.0,0.0,0.0,0.0,0.0,0.0,0.0,-0.0,-0.0,-0.0,-0.0,-0.0,-0.0,0.0,-0.0,-0.0,-0.0,0.0,0.0,681.0100000000239
25.96,31.18,54.82,0.23000000000000043,0.25,0.46000000000000085,2.11171032357473,1.7581783194355356,1.0,2.1115786541988784,1.7579754458757109,1.0,2.1116440137543133,1.7579828566506037,1.0,54.818278597061976,54.813905470365825,54.82,0.010558220068771567,0.00878991428325302,0.005,54.8077203769932,54.80511555608257,54.815,54.82883681713075,54.82269538464908,54.825,54.82269538464908,54.815,-0.007695384649082371,-0.00014037549524046646,SCHQ,VGLT,2025-05-29,False,3852.0,3207.0,1824.0,0.0,0.0,0.0,,,0.0,0.0,-0.0,False,True,False,0.0,,,0.0,0.0,0.0,0.0,0.0,0.0,0.0,0.0,0.0,0.0,0.0,0.0,0.0,0.0,-0.0,-0.0,-0.0,-0.0,-0.0,-0.0,0.0,0.0,0.0,0.0,0.0,0.0,681.0100000000239
26.01,31.24,54.97,0.05000000000000071,0.05999999999999872,0.14999999999999858,2.113417916186082,1.7596030729833547,1.0,2.111745108630589,1.7581256793851465,1.0,2.1115786541988784,1.7579754458757109,1.0,54.92216079571283,54.91915292915721,54.97,0.010557893270994392,0.008789877229378554,0.005,54.911602902441835,54.91036305192783,54.964999999999996,54.93271868898382,54.92794280638658,54.975,54.92794280638658,54.964999999999996,0.037057193613414086,0.0006741348665347296,SCHQ,VGLT,2025-05-30,False,3841.0,3198.0,1819.0,0.0,0.0,0.0,,,0.0,0.0,0.0,False,False,False,-0.0,,,0.0,0.0,0.0,0.0,0.0,0.0,0.0,0.0,0.0,0.0,0.0,0.0,0.0,0.0,-0.0,-0.0,-0.0,-0.0,-0.0,-0.0,0.0,0.0,0.0,0.0,0.0,0.0,681.0100000000239
25.7,30.83,54.26,-0.3100000000000023,-0.41000000000000014,-0.7100000000000009,2.111284046692607,1.7599740512487836,1.0,2.1118008489399878,1.7583305773054143,1.0,2.111745108630589,1.7581256793851465,1.0,54.271849291806134,54.20301469544406,54.26,0.010558725543152944,0.008790628396925734,0.005,54.26129056626298,54.19422406704714,54.254999999999995,54.28240801734929,54.211805323840984,54.265,54.211805323840984,54.26129056626298,0.04948524242199426,0.0009120022562107309,SCHQ,SPTL,2025-06-02,True,3892.0,3240.0,1843.0,0.0,0.0,0.0,,,0.0,0.0,-0.0,True,False,False,1.0,SCHQ,SPTL,-3892.0,3240.0,0.0,0.0,0.0,0.0,0.0,0.0,-3892.0,3240.0,0.0,0.0,3240.0,0.0,3892.0,-0.0,-0.0,-19.46,-16.2,-0.0,-35.66,-0.0,-0.0,-0.0,0.0,-35.66,645.3500000000239
25.67,30.79,54.19,-0.029999999999997584,-0.03999999999999915,-0.07000000000000028,2.111024542267238,1.7599870087690808,1.0,2.1117964770965227,1.7585425087539341,1.0,2.1118008489399878,1.7583305773054143,1.0,54.20992779228949,54.138998475233706,54.19,0.01055900424469994,0.008791652886527071,0.005,54.199368788044794,54.130206822347176,54.184999999999995,54.22048679653419,54.147790128120235,54.195,54.147790128120235,54.199368788044794,0.05157865992455868,0.0009518114029259768,SCHQ,SPTL,2025-06-03,False,3896.0,3244.0,1845.0,-3892.0,3240.0,0.0,SCHQ,SPTL,0.05157865992455868,0.0009518114029259768,1.0,True,False,True,0.0,,,0.0,0.0,0.0,-100024.4,99889.2,0.0,199913.59999999998,-135.1999999999971,3892.0,-3240.0,0.0,3892.0,0.0,0.0,-0.0,3240.0,-0.0,-19.46,-16.2,-0.0,-35.66,116.7599999999906,-129.59999999999724,-0.0,-12.84000000000664,-48.50000000000664,596.8500000000173
26.05,31.27,55.02,0.379999999999999,0.4800000000000004,0.8300000000000054,2.112092130518234,1.759513911096898,1.0,2.1119032056762963,1.75873436528056,1.0,2.1117964770965227,1.7585425087539341,1.0,55.01229822836442,54.98962424873552,55.02,0.010558982385482614,0.008792712543769671,0.005,55.00173924597894,54.980831536191744,55.015,55.022857210749905,54.99841696127929,55.025000000000006,54.99841696127929,55.015,0.016583038720710874,0.00030140019485116093,SCHQ,VGLT,2025-06-04,False,3839.0,3197.0,1818.0,0.0,0.0,0.0,,,0.0,0.0,0.0,False,False,False,-0.0,,,0.0,0.0,0.0,0.0,0.0,0.0,0.0,0.0,0.0,0.0,0.0,0.0,0.0,0.0,-0.0,-0.0,-0.0,-0.0,-0.0,-0.0,0.0,0.0,0.0,0.0,0.0,0.0,596.8500000000173
26.05,31.25,55.02,0.0,-0.019999999999999574,0.0,2.112092130518234,1.7606400000000002,1.0,2.1119092629095797,1.7590268616692666,1.0,2.1119032056762963,1.75873436528056,1.0,55.01507850786752,54.9604489150175,55.02,0.010559516028381481,0.0087936718264028,0.005,55.00451899183914,54.9516552431911,55.015,55.0256380238959,54.969242586843905,55.025000000000006,54.969242586843905,55.015,0.04575741315609605,0.0008316505480933488,SCHQ,VGLT,2025-06-05,False,3839.0,3197.0,1818.0,0.0,0.0,0.0,,,0.0,0.0,-0.0,True,False,False,1.0,SCHQ,VGLT,0.0,3197.0,-1818.0,0.0,0.0,0.0,0.0,0.0,0.0,3197.0,-1818.0,0.0,3197.0,0.0,-0.0,-0.0,1818.0,-0.0,-15.985000000000001,-9.09,-25.075000000000003,0.0,-0.0,0.0,0.0,-25.075000000000003,571.7750000000173
25.73,30.88,54.35,-0.3200000000000003,-0.370000000000001,-0.6700000000000017,2.112320248736883,1.760038860103627,1.0,2.1119560444551673,1.759181074477015,1.0,2.1119092629095797,1.7590268616692666,1.0,54.33942533466349,54.31874948834695,54.35,0.0105595463145479,0.008795134308346332,0.005,54.32886578834894,54.30995435403861,54.345,54.349984880978035,54.327544622655296,54.355000000000004,54.327544622655296,54.345,0.017455377344703038,0.0003211660964986759,SCHQ,VGLT,2025-06-06,False,3886.0,3237.0,1840.0,0.0,3197.0,-1818.0,SCHQ,VGLT,0.017455377344703038,0.0003211660964986759,1.0,False,False,False,-1.0,SCHQ,VGLT,0.0,3237.0,-1840.0,0.0,99906.25,-100026.36,199932.61,-120.11000000000058,0.0,40.0,-22.0,0.0,40.0,0.0,-0.0,-0.0,22.0,-0.0,-0.2,-0.11,-0.31,-0.0,-1182.8900000000033,1218.0600000000031,35.169999999999845,34.85999999999984,606.635000000017
25.76,30.92,54.42,0.030000000000001137,0.0400000000000027,0.07000000000000028,2.1125776397515525,1.760025873221216,1.0,2.112098348547739,1.7593687986961377,1.0,2.1119560444551673,1.759181074477015,1.0,54.403987705165115,54.39387882282931,54.42,0.010559780222275836,0.008795905372385076,0.005,54.39342792494284,54.38508291745692,54.415,54.41454748538739,54.402674728201696,54.425000000000004,54.402674728201696,54.415,0.012325271798303561,0.00022648423003130395,SCHQ,VGLT,2025-06-09,False,3882.0,3233.0,1838.0,0.0,3237.0,-1840.0,SCHQ,VGLT,0.0,0.0,-1.0,False,True,False,0.0,,,0.0,0.0,0.0,0.0,99958.56,-100004.0,199962.56,-45.44000000000233,0.0,-3237.0,1840.0,0.0,0.0,1840.0,-0.0,3237.0,-0.0,-0.0,-16.185,-9.200000000000001,-25.384999999999998,0.0,129.48000000000874,-128.80000000000052,0.6800000000082207,-24.704999999991777,581.9300000000253
25.87,31.05,54.65,0.10999999999999943,0.129999999999999,0.22999999999999687,2.1124855044453033,1.760064412238325,1.0,2.112171338280746,1.7595542482908655,1.0,2.112098348547739,1.7593687986961377,1.0,54.639984276930015,54.628401199515075,54.65,0.010560491742738695,0.008796843993480689,0.005,54.62942378518728,54.619604355521595,54.644999999999996,54.65054476867275,54.637198043508555,54.655,54.637198043508555,54.644999999999996,0.007801956491441331,0.00014276224138044523,SCHQ,VGLT,2025-06-10,False,3865.0,3220.0,1830.0,0.0,0.0,0.0,,,0.0,0.0,0.0,False,True,False,0.0,,,0.0,0.0,0.0,0.0,0.0,0.0,0.0,0.0,0.0,0.0,0.0,0.0,0.0,0.0,-0.0,-0.0,-0.0,-0.0,-0.0,-0.0,0.0,0.0,0.0,0.0,0.0,0.0,581.9300000000253
25.97,31.17,54.85,0.09999999999999787,0.120000000000001,0.20000000000000284,2.1120523681170584,1.7597048444016683,1.0,2.1121056850807927,1.7597730353498489,1.0,2.112171338280746,1.7595542482908655,1.0,54.853089655150974,54.84530591922628,54.85,0.010560856691403732,0.008797771241454328,0.005,54.84252879845957,54.83650814798482,54.845,54.86365051184238,54.85410369046773,54.855000000000004,54.85410369046773,54.845,-0.009103690467732406,-0.00016597430205528543,SCHQ,VGLT,2025-06-11,False,3850.0,3208.0,1823.0,0.0,0.0,0.0,,,0.0,0.0,0.0,False,True,False,0.0,,,0.0,0.0,0.0,0.0,0.0,0.0,0.0,0.0,0.0,0.0,0.0,0.0,0.0,0.0,-0.0,-0.0,-0.0,-0.0,-0.0,-0.0,0.0,0.0,0.0,0.0,0.0,0.0,581.9300000000253
26.26,31.52,55.46,0.2900000000000027,0.34999999999999787,0.6099999999999994,2.111957349581112,1.759517766497462,1.0,2.1121303876814306,1.7599069800560414,1.0,2.1121056850807927,1.7597730353498489,1.0,55.46389529022162,55.46804607422724,55.46,0.010560528425403963,0.008798865176749245,0.005,55.45333476179622,55.45924720905049,55.455,55.47445581864702,55.47684493940399,55.465,55.465,55.45924720905049,-0.005752790949514974,-0.00010372865036990578,VGLT,SCHQ,2025-06-12,False,3808.0,3173.0,1803.0,0.0,0.0,0.0,,,0.0,0.0,0.0,False,True,False,0.0,,,0.0,0.0,0.0,0.0,0.0,0.0,0.0,0.0,0.0,0.0,0.0,0.0,0.0,0.0,-0.0,-0.0,-0.0,-0.0,-0.0,-0.0,0.0,0.0,0.0,0.0,0.0,0.0,581.9300000000253
26.02,31.22,54.94,-0.240000000000002,-0.3000000000000007,-0.5200000000000031,2.111452728670254,1.7597693786034594,1.0,2.1119338689298477,1.759923610618052,1.0,2.1121303876814306,1.7599069800560414,1.0,54.95763268747082,54.94429591734961,54.94,0.010560651938407153,0.008799534900280208,0.005,54.947072035532415,54.93549638244934,54.934999999999995,54.968193339409225,54.95309545224989,54.945,54.945,54.947072035532415,0.002072035532414418,3.771451642545355e-05,VGLT,SPTL,2025-06-13,False,3844.0,3203.0,1820.0,0.0,0.0,0.0,,,0.0,0.0,0.0,False,True,False,0.0,,,0.0,0.0,0.0,0.0,0.0,0.0,0.0,0.0,0.0,0.0,0.0,0.0,0.0,0.0,-0.0,-0.0,-0.0,-0.0,-0.0,-0.0,0.0,-0.0,-0.0,-0.0,0.0,0.0,581.9300000000253
25.81,30.96,54.49,-0.21000000000000085,-0.259999999999998,-0.44999999999999574,2.1111972103835726,1.7600129198966408,1.0,2.1119251852989445,1.7599274974828378,1.0,2.1119338689298477,1.759923610618052,1.0,54.509013157079366,54.48723498473489,54.49,0.010559669344649239,0.00879961805309026,0.005,54.498453487734714,54.4784353666818,54.485,54.51957282642402,54.49603460278798,54.495000000000005,54.495000000000005,54.498453487734714,0.0034534877347098814,6.337837648577503e-05,VGLT,SPTL,2025-06-16,False,3875.0,3229.0,1835.0,0.0,0.0,0.0,,,0.0,0.0,0.0,False,True,False,0.0,,,0.0,0.0,0.0,0.0,0.0,0.0,0.0,0.0,0.0,0.0,0.0,0.0,0.0,0.0,-0.0,-0.0,-0.0,-0.0,-0.0,-0.0,0.0,-0.0,-0.0,-0.0,0.0,0.0,581.9300000000253
26.09,31.31,55.09,0.28000000000000114,0.34999999999999787,0.6000000000000014,2.1115369873514758,1.7595017566272757,1.0,2.1119764298073678,1.7598789722686572,1.0,2.1119251852989445,1.7599274974828378,1.0,55.10012808444946,55.10332994618765,55.09,0.010559625926494723,0.00879963748741419,0.005,55.08956845852296,55.094530308700236,55.085,55.110687710375956,55.11212958367506,55.095000000000006,55.095000000000006,55.094530308700236,-0.00046969129977014745,-8.525890357054772e-06,VGLT,SCHQ,2025-06-17,False,3833.0,3194.0,1815.0,0.0,0.0,0.0,,,0.0,0.0,0.0,False,True,False,0.0,,,0.0,0.0,0.0,0.0,0.0,0.0,0.0,0.0,0.0,0.0,0.0,0.0,0.0,0.0,-0.0,-0.0,-0.0,-0.0,-0.0,-0.0,0.0,0.0,0.0,0.0,0.0,0.0,581.9300000000253
26.11,31.33,55.15,0.019999999999999574,0.019999999999999574,0.05999999999999517,2.112217541171965,1.7602936482604532,1.0,2.111988970872741,1.7599569459850126,1.0,2.1119764298073678,1.7598789722686572,1.0,55.143704582270374,55.137008201177025,55.15,0.01055988214903684,0.008799394861343287,0.005,55.133144700121335,55.12820880631568,55.144999999999996,55.15426446441941,55.14580759603837,55.155,55.14580759603837,55.144999999999996,-0.0008075960383706615,-1.4643627169005648e-05,SCHQ,VGLT,2025-06-18,False,3829.0,3191.0,1813.0,0.0,0.0,0.0,,,0.0,0.0,0.0,False,True,False,0.0,,,0.0,0.0,0.0,0.0,0.0,0.0,0.0,0.0,0.0,0.0,0.0,0.0,0.0,0.0,-0.0,-0.0,-0.0,-0.0,-0.0,-0.0,0.0,0.0,0.0,0.0,0.0,0.0,581.9300000000253
26.07,31.29,55.08,-0.03999999999999915,-0.03999999999999915,-0.07000000000000028,2.1127733026467204,1.760306807286673,1.0,2.1120570880855896,1.75992362671368,1.0,2.111988970872741,1.7599569459850126,1.0,55.05955247065236,55.06905283987104,55.08,0.010559944854363705,0.008799784729925063,0.005,55.048992525798,55.06025305514112,55.074999999999996,55.07011241550673,55.077852624600965,55.085,55.07011241550673,55.074999999999996,0.004887584493268093,8.873610191118544e-05,SPTL,VGLT,2025-06-20,False,3835.0,3196.0,1816.0,0.0,0.0,0.0,,,0.0,0.0,0.0,False,True,False,0.0,,,0.0,0.0,0.0,0.0,0.0,0.0,0.0,0.0,0.0,0.0,0.0,0.0,0.0,0.0,-0.0,-0.0,-0.0,-0.0,-0.0,-0.0,0.0,-0.0,-0.0,-0.0,0.0,0.0,581.9300000000253
26.19,31.42,55.29,0.120000000000001,0.13000000000000256,0.21000000000000085,2.111111111111111,1.7597071928707828,1.0,2.111936174323012,1.7598904599903957,1.0,2.1120570880855896,1.75992362671368,1.0,55.31477513696159,55.296800351343826,55.29,0.010560285440427948,0.0087996181335684,0.005,55.30421485152117,55.28800073321026,55.285,55.32533542240202,55.30559996947739,55.295,55.295,55.30421485152117,0.009214851521164746,0.00016666398121115475,VGLT,SPTL,2025-06-23,False,3821.0,3184.0,1809.0,0.0,0.0,0.0,,,0.0,0.0,0.0,False,True,False,0.0,,,0.0,0.0,0.0,0.0,0.0,0.0,0.0,0.0,0.0,0.0,0.0,0.0,0.0,0.0,-0.0,-0.0,-0.0,-0.0,-0.0,-0.0,0.0,0.0,0.0,0.0,0.0,0.0,581.9300000000253
26.34,31.62,55.65,0.14999999999999858,0.1999999999999993,0.35999999999999943,2.112756264236902,1.7599620493358632,1.0,2.1119540367715475,1.7598840776018605,1.0,2.111936174323012,1.7598904599903957,1.0,55.628398831668136,55.647736344896316,55.65,0.01055968087161506,0.00879945229995198,0.005,55.61783915079652,55.63893689259636,55.644999999999996,55.63895851253975,55.65653579719627,55.655,55.63895851253975,55.644999999999996,0.006041487460244355,0.00010856221851292642,SPTL,VGLT,2025-06-24,False,3795.0,3163.0,1797.0,0.0,0.0,0.0,,,0.0,0.0,0.0,False,True,False,0.0,,,0.0,0.0,0.0,0.0,0.0,0.0,0.0,0.0,0.0,0.0,0.0,0.0,0.0,0.0,-0.0,-0.0,-0.0,-0.0,-0.0,-0.0,0.0,0.0,0.0,0.0,0.0,0.0,581.9300000000253
26.35,31.64,55.68,0.010000000000001563,0.019999999999999574,0.030000000000001137,2.1130929791271345,1.7597977243994942,1.0,2.1120147842397303,1.7598574088179775,1.0,2.1119540367715475,1.7598840776018605,1.0,55.64998886893028,55.682732215322865,55.68,0.010559770183857738,0.008799420388009302,0.005,55.63942909874642,55.673932794934856,55.675,55.66054863911414,55.691531635710874,55.685,55.66054863911414,55.675,0.014451360885857412,0.0002595431193580713,SPTL,VGLT,2025-06-25,False,3793.0,3161.0,1796.0,0.0,0.0,0.0,,,0.0,0.0,0.0,False,True,False,0.0,,,0.0,0.0,0.0,0.0,0.0,0.0,0.0,0.0,0.0,0.0,0.0,0.0,0.0,0.0,-0.0,-0.0,-0.0,-0.0,-0.0,-0.0,0.0,0.0,0.0,0.0,0.0,0.0,581.9300000000253
26.48,31.78,55.92,0.129999999999999,0.14000000000000057,0.240000000000002,2.11178247734139,1.7595972309628698,1.0,2.1119877951621637,1.7598466474740975,1.0,2.1120147842397303,1.7598574088179775,1.0,55.92615148666806,55.92826845223533,55.92,0.010560073921198652,0.008799287044089887,0.005,55.91559141274686,55.91946916519124,55.915,55.93671156058926,55.93706773927942,55.925000000000004,55.925000000000004,55.91946916519124,-0.005530834808766372,-9.89062018735045e-05,VGLT,SCHQ,2025-06-26,False,3776.0,3147.0,1788.0,0.0,0.0,0.0,,,0.0,0.0,0.0,False,True,False,0.0,,,0.0,0.0,0.0,0.0,0.0,0.0,0.0,0.0,0.0,0.0,0.0,0.0,0.0,0.0,-0.0,-0.0,-0.0,-0.0,-0.0,-0.0,0.0,0.0,0.0,0.0,0.0,0.0,581.9300000000253
26.31,31.6,55.61,-0.1700000000000017,-0.17999999999999972,-0.3100000000000023,2.113645001900418,1.7598101265822783,1.0,2.1121565603940944,1.7598758834825792,1.0,2.1119877951621637,1.7598466474740975,1.0,55.56639889071653,55.611154060181484,55.61,0.010559938975810819,0.008799233237370488,0.005,55.55583895174072,55.602354826944115,55.605,55.57695882969234,55.61995329341885,55.615,55.57695882969234,55.605,0.028041170307659513,0.0005042469035723703,SPTL,VGLT,2025-06-27,False,3797.0,3164.0,1798.0,0.0,0.0,0.0,,,0.0,0.0,0.0,False,False,False,-0.0,,,0.0,0.0,0.0,0.0,0.0,0.0,0.0,0.0,0.0,0.0,0.0,0.0,0.0,0.0,-0.0,-0.0,-0.0,-0.0,-0.0,-0.0,0.0,-0.0,-0.0,-0.0,0.0,0.0,581.9300000000253
26.58,31.89,56.12,0.2699999999999996,0.28999999999999915,0.509999999999998,2.1113619262603462,1.759799310128567,1.0,2.1121474801531033,1.75987887663509,1.0,2.1121565603940944,1.7598758834825792,1.0,56.14112137527503,56.12244192425945,56.12,0.010560782801970472,0.008799379417412895,0.005,56.13056059247306,56.11364254484204,56.114999999999995,56.151682158076994,56.13124130367686,56.125,56.125,56.13056059247306,0.005560592473059955,9.908397136600064e-05,VGLT,SPTL,2025-06-30,False,3764.0,3136.0,1782.0,0.0,0.0,0.0,,,0.0,0.0,-0.0,False,True,False,0.0,,,0.0,0.0,0.0,0.0,0.0,0.0,0.0,0.0,0.0,0.0,0.0,0.0,0.0,0.0,-0.0,-0.0,-0.0,-0.0,-0.0,-0.0,0.0,0.0,0.0,0.0,0.0,0.0,581.9300000000253
26.51,31.82,55.98,-0.06999999999999673,-0.07000000000000028,-0.14000000000000057,2.1116559788758957,1.7592708988057824,1.0,2.1121933570023357,1.7598046745260039,1.0,2.1121474801531033,1.75987887663509,1.0,55.99302969885877,55.99934585452856,55.98,0.010560737400765517,0.00879939438317545,0.005,55.982468961458004,55.99054646014539,55.974999999999994,56.003590436259536,56.00814524891174,55.985,55.985,55.99054646014539,0.005546460145389176,9.907931663789168e-05,VGLT,SCHQ,2025-07-01,True,3772.0,3143.0,1786.0,0.0,0.0,0.0,,,0.0,0.0,0.0,False,True,False,0.0,,,0.0,0.0,0.0,0.0,0.0,0.0,0.0,0.0,0.0,0.0,0.0,0.0,0.0,0.0,-0.0,-0.0,-0.0,-0.0,-0.0,-0.0,0.0,-0.0,-0.0,-0.0,0.0,0.0,581.9300000000253
26.35,31.63,55.66,-0.16000000000000014,-0.19000000000000128,-0.3200000000000003,2.1123339658444023,1.7597217831172935,1.0,2.112273054851628,1.7598266771750057,1.0,2.1121933570023357,1.7598046745260039,1.0,55.656294957011546,55.6626218552575,55.66,0.010560966785011679,0.00879902337263002,0.005,55.64573399022653,55.65382283188487,55.654999999999994,55.66685592379656,55.67142087863013,55.665,55.665,55.654999999999994,-0.010000000000005116,-0.0001796622349982953,VGLT,VGLT,2025-07-02,False,3796.0,3162.0,1797.0,0.0,0.0,0.0,,,0.0,0.0,0.0,False,True,True,0.0,,,0.0,0.0,0.0,0.0,0.0,0.0,0.0,0.0,0.0,0.0,0.0,0.0,0.0,0.0,-0.0,-0.0,-0.0,-0.0,-0.0,-0.0,0.0,-0.0,-0.0,-0.0,0.0,0.0,581.9300000000253
26.22,31.45,55.36,-0.13000000000000256,-0.17999999999999972,-0.29999999999999716,2.1113653699466055,1.760254372019078,1.0,2.112187837729093,1.759822749550868,1.0,2.112273054851628,1.7598266771750057,1.0,55.38379949820969,55.34654899715393,55.36,0.010561365274258142,0.008799133385875029,0.005,55.373238132935434,55.33774986376805,55.355,55.394360863483946,55.35534813053981,55.365,55.35534813053981,55.373238132935434,0.01789000239562455,0.0003231575577244319,SCHQ,SPTL,2025-07-03,False,3815.0,3178.0,1806.0,0.0,0.0,0.0,,,0.0,0.0,0.0,False,False,False,-0.0,,,0.0,0.0,0.0,0.0,0.0,0.0,0.0,0.0,0.0,0.0,0.0,0.0,0.0,0.0,-0.0,-0.0,-0.0,-0.0,-0.0,-0.0,0.0,-0.0,-0.0,-0.0,0.0,0.0,581.9300000000253
25.98,31.16,54.86,-0.23999999999999844,-0.28999999999999915,-0.5,2.111624326404927,1.7605905006418485,1.0,2.1120729401049134,1.759851118886386,1.0,2.112187837729093,1.759822749550868,1.0,54.87464002420183,54.836076876005045,54.86,0.010560939188645464,0.00879911374775434,0.005,54.86407908501319,54.82727776225729,54.855,54.885200963390474,54.8448759897528,54.865,54.8448759897528,54.86407908501319,0.019203095260387215,0.0003500381928615971,SCHQ,SPTL,2025-07-07,False,3851.0,3208.0,1823.0,0.0,0.0,0.0,,,0.0,0.0,-0.0,False,False,False,0.0,,,0.0,0.0,0.0,0.0,0.0,0.0,0.0,0.0,0.0,0.0,0.0,0.0,0.0,0.0,-0.0,-0.0,-0.0,-0.0,-0.0,-0.0,0.0,-0.0,-0.0,-0.0,0.0,0.0,581.9300000000253
25.94,31.13,54.78,-0.03999999999999915,-0.030000000000001137,-0.0799999999999983,2.1117964533538935,1.7597173144876326,1.0,2.1121414743291913,1.759852131048071,1.0,2.1120729401049134,1.759851118886386,1.0,54.78717206632146,54.78416533093319,54.78,0.010560364700524568,0.00879925559443193,0.005,54.776611701620936,54.77536607533876,54.775,54.797732431021984,54.792964586527624,54.785000000000004,54.785000000000004,54.776611701620936,-0.008388298379067294,-0.00015312702407935914,VGLT,SPTL,2025-07-08,False,3855.0,3212.0,1825.0,0.0,0.0,0.0,,,0.0,0.0,0.0,False,True,False,0.0,,,0.0,0.0,0.0,0.0,0.0,0.0,0.0,0.0,0.0,0.0,0.0,0.0,0.0,0.0,-0.0,-0.0,-0.0,-0.0,-0.0,-0.0,0.0,-0.0,-0.0,-0.0,0.0,0.0,581.9300000000253
26.2,31.43,55.31,0.259999999999998,0.3000000000000007,0.5300000000000011,2.1110687022900763,1.7597836461979002,1.0,2.111972718134509,1.7598342907342743,1.0,2.1121414743291913,1.759852131048071,1.0,55.338106627424814,55.31215247884087,55.31,0.010560707371645956,0.008799260655240355,0.005,55.32754592005317,55.303353218185634,55.305,55.34866733479646,55.32095173949611,55.315000000000005,55.315000000000005,55.32754592005317,0.012545920053163684,0.00022682914578129964,VGLT,SPTL,2025-07-09,False,3819.0,3182.0,1808.0,0.0,0.0,0.0,,,0.0,0.0,0.0,False,True,False,0.0,,,0.0,0.0,0.0,0.0,0.0,0.0,0.0,0.0,0.0,0.0,0.0,0.0,0.0,0.0,-0.0,-0.0,-0.0,-0.0,-0.0,-0.0,0.0,0.0,0.0,0.0,0.0,0.0,581.9300000000253
26.22,31.46,55.36,0.019999999999999574,0.030000000000001137,0.04999999999999716,2.1113653699466055,1.7596948506039414,1.0,2.111799957216456,1.7598240033547192,1.0,2.111972718134509,1.7598342907342743,1.0,55.37592466948682,55.36438678650027,55.36,0.010559863590672545,0.008799171453671371,0.005,55.36536480589615,55.355587615046595,55.355,55.38648453307749,55.37318595795394,55.365,55.365,55.36536480589615,0.0003648058961474021,6.589701881275327e-06,VGLT,SPTL,2025-07-10,False,3814.0,3178.0,1806.0,0.0,0.0,0.0,,,0.0,0.0,0.0,False,True,False,0.0,,,0.0,0.0,0.0,0.0,0.0,0.0,0.0,0.0,0.0,0.0,0.0,0.0,0.0,0.0,-0.0,-0.0,-0.0,-0.0,-0.0,-0.0,0.0,0.0,0.0,0.0,0.0,0.0,581.9300000000253
25.88,31.06,54.66,-0.33999999999999986,-0.40000000000000213,-0.7000000000000028,2.1120556414219473,1.7598197037990986,1.0,2.111827273624512,1.759846250638342,1.0,2.111799957216456,1.7598240033547192,1.0,54.653382892761876,54.66013354419758,54.66,0.01055899978608228,0.008799120016773597,0.005,54.64282389297579,54.6513344241808,54.654999999999994,54.66394189254796,54.66893266421435,54.665,54.66394189254796,54.654999999999994,-0.00894189254796629,-0.00016359115528661344,SPTL,VGLT,2025-07-11,False,3862.0,3219.0,1829.0,0.0,0.0,0.0,,,0.0,0.0,0.0,False,True,False,0.0,,,0.0,0.0,0.0,0.0,0.0,0.0,0.0,0.0,0.0,0.0,0.0,0.0,0.0,0.0,-0.0,-0.0,-0.0,-0.0,-0.0,-0.0,0.0,-0.0,-0.0,-0.0,0.0,0.0,581.9300000000253
25.85,31.01,54.58,-0.029999999999997584,-0.04999999999999716,-0.0799999999999983,2.111411992263056,1.7600773943889068,1.0,2.111603972660775,1.7598729774190047,1.0,2.111827273624512,1.759846250638342,1.0,54.59073502319363,54.57283223229499,54.58,0.010559136368122559,0.00879923125319171,0.005,54.58017588682551,54.5640330010418,54.574999999999996,54.60129415956175,54.581631463548185,54.585,54.581631463548185,54.58017588682551,-0.0014555767226767102,-2.6668683083120378e-05,SCHQ,SPTL,2025-07-14,False,3869.0,3224.0,1832.0,0.0,0.0,0.0,,,0.0,0.0,0.0,False,True,False,0.0,,,0.0,0.0,0.0,0.0,0.0,0.0,0.0,0.0,0.0,0.0,0.0,0.0,0.0,0.0,-0.0,-0.0,-0.0,-0.0,-0.0,-0.0,0.0,-0.0,-0.0,-0.0,0.0,0.0,581.9300000000253
25.67,30.81,54.21,-0.17999999999999972,-0.20000000000000284,-0.36999999999999744,2.111803661862096,1.759493670886076,1.0,2.1116481462209507,1.7598424134947557,1.0,2.111603972660775,1.7598729774190047,1.0,54.2048739782021,54.22168643427953,54.21,0.010558019863303876,0.008799364887095025,0.005,54.1943159583388,54.21288706939244,54.205,54.215431998065405,54.23048579916663,54.215,54.215,54.21288706939244,-0.0021129306075664545,-3.89767682635391e-05,VGLT,SCHQ,2025-07-15,False,3896.0,3247.0,1845.0,0.0,0.0,0.0,,,0.0,0.0,0.0,False,True,False,0.0,,,0.0,0.0,0.0,0.0,0.0,0.0,0.0,0.0,0.0,0.0,0.0,0.0,0.0,0.0,-0.0,-0.0,-0.0,-0.0,-0.0,-0.0,0.0,-0.0,-0.0,-0.0,0.0,0.0,581.9300000000253
25.72,30.84,54.31,0.04999999999999716,0.030000000000001137,0.10000000000000142,2.1115863141524107,1.7610246433203633,1.0,2.111641179748602,1.7600177879462138,1.0,2.1116481462209507,1.7598424134947557,1.0,54.31159032080285,54.27354003217827,54.31,0.010558240731104753,0.008799212067473779,0.005,54.30103208007174,54.264740820110795,54.305,54.32214856153396,54.28233924424574,54.315000000000005,54.28233924424574,54.305,0.0226607557542593,0.0004172483107026201,SCHQ,VGLT,2025-07-16,False,3888.0,3240.0,1841.0,0.0,0.0,0.0,,,0.0,0.0,0.0,False,False,False,-0.0,,,0.0,0.0,0.0,0.0,0.0,0.0,0.0,0.0,0.0,0.0,0.0,0.0,0.0,0.0,-0.0,-0.0,-0.0,-0.0,-0.0,-0.0,0.0,0.0,0.0,0.0,0.0,0.0,581.9300000000253
25.7,30.85,54.29,-0.019999999999999574,0.010000000000001563,-0.020000000000003126,2.1124513618677043,1.759805510534846,1.0,2.111652919350932,1.760026160687969,1.0,2.111641179748602,1.7600177879462138,1.0,54.269178319539066,54.296548758140695,54.29,0.01055820589874301,0.008800088939731068,0.005,54.258620113640326,54.287748669200965,54.285,54.279736525437805,54.305348847080424,54.295,54.279736525437805,54.287748669200965,0.008012143763160395,0.00014758047086314968,SPTL,SCHQ,2025-07-17,False,3890.0,3242.0,1842.0,0.0,0.0,0.0,,,0.0,0.0,-0.0,False,True,False,0.0,,,0.0,0.0,0.0,0.0,0.0,0.0,0.0,0.0,0.0,0.0,0.0,0.0,0.0,0.0,-0.0,-0.0,-0.0,-0.0,-0.0,-0.0,0.0,-0.0,0.0,-0.0,0.0,0.0,581.9300000000253
25.77,30.9,54.41,0.07000000000000028,0.04999999999999716,0.11999999999999744,2.111369809856422,1.76084142394822,1.0,2.111653363341914,1.7600848658808832,1.0,2.111652919350932,1.760026160687969,1.0,54.41729573167352,54.38480836525824,54.41,0.01055826459675466,0.008800130803439846,0.005,54.406737467076766,54.3760082344548,54.404999999999994,54.42785399627027,54.393608496061674,54.415,54.393608496061674,54.406737467076766,0.013128971015092361,0.0002412970228835207,SCHQ,SPTL,2025-07-18,False,3881.0,3235.0,1838.0,0.0,0.0,0.0,,,0.0,0.0,0.0,False,True,False,0.0,,,0.0,0.0,0.0,0.0,0.0,0.0,0.0,0.0,0.0,0.0,0.0,0.0,0.0,0.0,-0.0,-0.0,-0.0,-0.0,-0.0,-0.0,0.0,0.0,0.0,0.0,0.0,0.0,581.9300000000253
25.98,31.16,54.84,0.21000000000000085,0.26000000000000156,0.4300000000000068,2.1108545034642034,1.7599486521181003,1.0,2.1115763810478416,1.7600206810285086,1.0,2.111653363341914,1.7600848658808832,1.0,54.860754379622925,54.84424442084832,54.84,0.01055826681670957,0.008800424329404416,0.005,54.850196112806216,54.83544399651892,54.835,54.871312646439634,54.85304484517772,54.845000000000006,54.845000000000006,54.850196112806216,0.005196112806210351,9.475041586816832e-05,VGLT,SPTL,2025-07-21,False,3850.0,3209.0,1823.0,0.0,0.0,0.0,,,0.0,0.0,0.0,False,True,False,0.0,,,0.0,0.0,0.0,0.0,0.0,0.0,0.0,0.0,0.0,0.0,0.0,0.0,0.0,0.0,-0.0,-0.0,-0.0,-0.0,-0.0,-0.0,0.0,0.0,0.0,0.0,0.0,0.0,581.9300000000253
26.11,31.33,55.14,0.129999999999999,0.16999999999999815,0.29999999999999716,2.1118345461509,1.7599744653686564,1.0,2.111580190327542,1.760046396116611,1.0,2.1115763810478416,1.7600206810285086,1.0,55.13325930915914,55.14144793662317,55.14,0.010557881905239208,0.008800103405142543,0.005,55.1227014272539,55.13264783321803,55.135,55.143817191064386,55.150248040028316,55.145,55.143817191064386,55.135,-0.008817191064387941,-0.0001599055325424001,SPTL,VGLT,2025-07-22,False,3830.0,3193.0,1814.0,0.0,0.0,0.0,,,0.0,0.0,0.0,False,True,False,0.0,,,0.0,0.0,0.0,0.0,0.0,0.0,0.0,0.0,0.0,0.0,0.0,0.0,0.0,0.0,-0.0,-0.0,-0.0,-0.0,-0.0,-0.0,0.0,0.0,0.0,0.0,0.0,0.0,581.9300000000253
25.99,31.17,54.86,-0.120000000000001,-0.1599999999999966,-0.28000000000000114,2.1108118507118125,1.7600256657042026,1.0,2.111554505169716,1.7600705980672413,1.0,2.111580190327542,1.760046396116611,1.0,54.879969146612815,54.86064616695477,54.86,0.010557900951637712,0.008800231980583056,0.005,54.869411245661176,54.85184593497419,54.855,54.890527047564454,54.86944639893535,54.865,54.865,54.869411245661176,0.0044112456611742346,8.040914438888507e-05,VGLT,SPTL,2025-07-23,False,3849.0,3209.0,1823.0,0.0,0.0,0.0,,,0.0,0.0,0.0,False,True,False,0.0,,,0.0,0.0,0.0,0.0,0.0,0.0,0.0,0.0,0.0,0.0,0.0,0.0,0.0,0.0,-0.0,-0.0,-0.0,-0.0,-0.0,-0.0,0.0,-0.0,-0.0,-0.0,0.0,0.0,581.9300000000253
25.94,31.14,54.79,-0.04999999999999716,-0.030000000000001137,-0.07000000000000028,2.1121819583654586,1.7594733461785483,1.0,2.111636164011601,1.7600484476247018,1.0,2.111554505169716,1.7600705980672413,1.0,54.77372386410244,54.8085984238139,54.79,0.010557772525848582,0.008800352990336206,0.005,54.76316609157659,54.79979807082356,54.785,54.78428163662829,54.81739877680423,54.795,54.78428163662829,54.79979807082356,0.015516434195269824,0.0002831982879224279,SPTL,SCHQ,2025-07-24,False,3854.0,3212.0,1825.0,0.0,0.0,0.0,,,0.0,0.0,0.0,False,True,False,0.0,,,0.0,0.0,0.0,0.0,0.0,0.0,0.0,0.0,0.0,0.0,0.0,0.0,0.0,0.0,-0.0,-0.0,-0.0,-0.0,-0.0,-0.0,0.0,-0.0,-0.0,-0.0,0.0,0.0,581.9300000000253
26.09,31.3,55.08,0.14999999999999858,0.16000000000000014,0.28999999999999915,2.1111536987351474,1.7597444089456868,1.0,2.111545969742921,1.7600409181393606,1.0,2.111636164011601,1.7600484476247018,1.0,55.09258751906267,55.08951641065317,55.08,0.010558180820058006,0.008800242238123509,0.005,55.08202933824261,55.080716168415044,55.074999999999996,55.103145699882724,55.09831665289129,55.085,55.085,55.08202933824261,-0.0029706617573879157,-5.393358310435577e-05,VGLT,SPTL,2025-07-25,False,3835.0,3196.0,1816.0,0.0,0.0,0.0,,,0.0,0.0,0.0,False,True,False,0.0,,,0.0,0.0,0.0,0.0,0.0,0.0,0.0,0.0,0.0,0.0,0.0,0.0,0.0,0.0,-0.0,-0.0,-0.0,-0.0,-0.0,-0.0,0.0,0.0,0.0,0.0,0.0,0.0,581.9300000000253
25.95,31.14,54.79,-0.14000000000000057,-0.16000000000000014,-0.28999999999999915,2.111368015414258,1.7594733461785483,1.0,2.1115415720580417,1.7599805133183248,1.0,2.111545969742921,1.7600409181393606,1.0,54.7946179148288,54.80767419085969,54.79,0.010557729848714606,0.008800204590696803,0.005,54.784060184980085,54.798873986268994,54.785,54.80517564467751,54.81647439545039,54.795,54.795,54.798873986268994,0.003873986268992269,7.070608266092843e-05,VGLT,SCHQ,2025-07-28,False,3854.0,3212.0,1825.0,0.0,0.0,0.0,,,0.0,0.0,0.0,False,True,False,0.0,,,0.0,0.0,0.0,0.0,0.0,0.0,0.0,0.0,0.0,0.0,0.0,0.0,0.0,0.0,-0.0,-0.0,-0.0,-0.0,-0.0,-0.0,0.0,-0.0,-0.0,-0.0,0.0,0.0,581.9300000000253
26.33,31.6,55.62,0.379999999999999,0.46000000000000085,0.8299999999999983,2.112419293581466,1.7601265822784808,1.0,2.111603135229978,1.7600438044575655,1.0,2.1115415720580417,1.7599805133183248,1.0,55.596889592288235,55.61538422085907,55.62,0.010557707860290208,0.008799902566591624,0.005,55.58633188442794,55.60658431829248,55.614999999999995,55.60744730014853,55.624184123425664,55.625,55.60744730014853,55.614999999999995,0.007552699851466116,0.00013579107967396828,SPTL,VGLT,2025-07-29,False,3797.0,3164.0,1798.0,0.0,0.0,0.0,,,0.0,0.0,0.0,False,True,False,0.0,,,0.0,0.0,0.0,0.0,0.0,0.0,0.0,0.0,0.0,0.0,0.0,0.0,0.0,0.0,-0.0,-0.0,-0.0,-0.0,-0.0,-0.0,0.0,0.0,0.0,0.0,0.0,0.0,581.9300000000253
26.19,31.42,55.32,-0.13999999999999702,-0.17999999999999972,-0.29999999999999716,2.1122565864833907,1.7606619987269254,1.0,2.1116701624630765,1.7600075399982216,1.0,2.111603135229978,1.7600438044575655,1.0,55.302886111673125,55.30057633605671,55.32,0.01055801567614989,0.008800219022287828,0.005,55.29232809599697,55.291776117034416,55.315,55.31344412734928,55.309376555079,55.325,55.309376555079,55.315,0.005623444920999532,0.00010165301737164736,SCHQ,VGLT,2025-07-30,False,3818.0,3182.0,1808.0,0.0,0.0,0.0,,,0.0,0.0,0.0,False,True,False,0.0,,,0.0,0.0,0.0,0.0,0.0,0.0,0.0,0.0,0.0,0.0,0.0,0.0,0.0,0.0,-0.0,-0.0,-0.0,-0.0,-0.0,-0.0,0.0,-0.0,-0.0,-0.0,0.0,0.0,581.9300000000253
26.25,31.46,55.41,0.05999999999999872,0.03999999999999915,0.0899999999999963,2.1108571428571428,1.7612841703750792,1.0,2.1115107405620206,1.7601554059822448,1.0,2.1116701624630765,1.7600075399982216,1.0,55.431341764655755,55.36983720834405,55.41,0.010558350812315383,0.008800037699991109,0.005,55.42078341384344,55.36103717064406,55.404999999999994,55.44190011546807,55.37863724604404,55.415,55.37863724604404,55.42078341384344,0.04214616779939462,0.0007606238548889121,SCHQ,SPTL,2025-07-31,False,3812.0,3177.0,1805.0,0.0,0.0,0.0,,,0.0,0.0,0.0,False,False,False,-0.0,,,0.0,0.0,0.0,0.0,0.0,0.0,0.0,0.0,0.0,0.0,0.0,0.0,0.0,0.0,-0.0,-0.0,-0.0,-0.0,-0.0,-0.0,0.0,0.0,0.0,0.0,0.0,0.0,581.9300000000253
26.5,31.77,55.93,0.25,0.3099999999999987,0.5200000000000031,2.110566037735849,1.7604658482845452,1.0,2.111430363349963,1.7601178484158773,1.0,2.1115107405620206,1.7601554059822448,1.0,55.95503462489354,55.920137248055916,55.93,0.010557553702810103,0.008800777029911224,0.005,55.94447707119073,55.911336471026004,55.925,55.96559217859635,55.92893802508583,55.935,55.92893802508583,55.94447707119073,0.015539046104905196,0.000277830253976492,SCHQ,SPTL,2025-08-01,True,3775.0,3147.0,1788.0,0.0,0.0,0.0,,,0.0,0.0,-0.0,False,True,False,0.0,,,0.0,0.0,0.0,0.0,0.0,0.0,0.0,0.0,0.0,0.0,0.0,0.0,0.0,0.0,-0.0,-0.0,-0.0,-0.0,-0.0,-0.0,0.0,0.0,0.0,0.0,0.0,0.0,581.9300000000253
26.57,31.84,56.07,0.07000000000000028,0.07000000000000028,0.14000000000000057,2.1102747459540834,1.7609924623115578,1.0,2.1113723875989505,1.760222229435223,1.0,2.111430363349963,1.7601178484158773,1.0,56.100704754208515,56.04215229356153,56.07,0.010557151816749814,0.008800589242079387,0.005,56.09014760239177,56.03335170431945,56.065,56.11126190602526,56.05095288280361,56.075,56.05095288280361,56.09014760239177,0.0391947195881599,0.0006990319170351329,SCHQ,SPTL,2025-08-04,False,3765.0,3138.0,1783.0,0.0,0.0,0.0,,,0.0,0.0,0.0,False,False,True,0.0,,,0.0,0.0,0.0,0.0,0.0,0.0,0.0,0.0,0.0,0.0,0.0,0.0,0.0,0.0,-0.0,-0.0,-0.0,-0.0,-0.0,-0.0,0.0,0.0,0.0,0.0,0.0,0.0,581.9300000000253
26.63,31.93,56.22,0.05999999999999872,0.08999999999999986,0.14999999999999858,2.111152835148329,1.7607265894143438,1.0,2.111304216498694,1.7602974418397916,1.0,2.1113723875989505,1.760222229435223,1.0,56.22584668176005,56.20389578586667,56.22,0.010556861937994752,0.008801111147176115,0.005,56.21528981982206,56.19509467471949,56.214999999999996,56.236403543698046,56.21269689701385,56.225,56.21269689701385,56.21528981982206,0.002592922808211995,4.61210033477765e-05,SCHQ,SPTL,2025-08-05,False,3756.0,3131.0,1779.0,0.0,0.0,0.0,,,0.0,0.0,0.0,False,True,False,0.0,,,0.0,0.0,0.0,0.0,0.0,0.0,0.0,0.0,0.0,0.0,0.0,0.0,0.0,0.0,-0.0,-0.0,-0.0,-0.0,-0.0,-0.0,0.0,0.0,0.0,0.0,0.0,0.0,581.9300000000253
26.49,31.76,55.92,-0.14000000000000057,-0.16999999999999815,-0.29999999999999716,2.1109852774631936,1.7607052896725441,1.0,2.111321559173832,1.760365404236626,1.0,2.111304216498694,1.7602974418397916,1.0,55.928448695050406,55.90704675283178,55.92,0.010556521082493471,0.008801487209198959,0.005,55.917892173967914,55.898245265622585,55.915,55.9390052161329,55.91584824004098,55.925000000000004,55.91584824004098,55.917892173967914,0.0020439339269344714,3.655103588938611e-05,SCHQ,SPTL,2025-08-06,False,3775.0,3147.0,1788.0,0.0,0.0,0.0,,,0.0,0.0,0.0,False,True,False,0.0,,,0.0,0.0,0.0,0.0,0.0,0.0,0.0,0.0,0.0,0.0,0.0,0.0,0.0,0.0,-0.0,-0.0,-0.0,-0.0,-0.0,-0.0,0.0,-0.0,-0.0,-0.0,0.0,0.0,581.9300000000253
26.46,31.74,55.85,-0.029999999999997584,-0.020000000000003126,-0.07000000000000028,2.1107331821617534,1.7596093257718968,1.0,2.111176681553461,1.7603790021959607,1.0,2.111321559173832,1.760365404236626,1.0,55.86556845573959,55.8739979304705,55.85,0.01055660779586916,0.00880182702118313,0.005,55.85501184794372,55.86519610344932,55.845,55.87612506353546,55.88279975749168,55.855000000000004,55.855000000000004,55.86519610344932,0.010196103449317206,0.00018256228199314603,VGLT,SCHQ,2025-08-07,False,3781.0,3153.0,1791.0,0.0,0.0,0.0,,,0.0,0.0,0.0,False,True,False,0.0,,,0.0,0.0,0.0,0.0,0.0,0.0,0.0,0.0,0.0,0.0,0.0,0.0,0.0,0.0,-0.0,-0.0,-0.0,-0.0,-0.0,-0.0,0.0,-0.0,-0.0,-0.0,0.0,0.0,581.9300000000253
26.36,31.6,55.64,-0.10000000000000142,-0.13999999999999702,-0.21000000000000085,2.110773899848255,1.760759493670886,1.0,2.111138701664772,1.7604805106684807,1.0,2.111176681553461,1.7603790021959607,1.0,55.65061732574924,55.62797646939236,55.64,0.010555883407767306,0.008801895010979803,0.005,55.64006144234147,55.619174574381375,55.635,55.661173209157006,55.63677836440334,55.645,55.63677836440334,55.64006144234147,0.0032830779381285424,5.9005714200728656e-05,SCHQ,SPTL,2025-08-08,False,3794.0,3163.0,1797.0,0.0,0.0,0.0,,,0.0,0.0,0.0,False,True,False,0.0,,,0.0,0.0,0.0,0.0,0.0,0.0,0.0,0.0,0.0,0.0,0.0,0.0,0.0,0.0,-0.0,-0.0,-0.0,-0.0,-0.0,-0.0,0.0,-0.0,-0.0,-0.0,0.0,0.0,581.9300000000253
26.39,31.64,55.7,0.030000000000001137,0.03999999999999915,0.060000000000002274,2.1106479727169383,1.7604298356510746,1.0,2.11106669739504,1.7605761596157337,1.0,2.111138701664772,1.7604805106684807,1.0,55.71295033693333,55.70160335755073,55.7,0.01055569350832386,0.008802402553342404,0.005,55.70239464342501,55.69280095499739,55.695,55.723506030441655,55.710405760104074,55.705000000000005,55.705000000000005,55.70239464342501,-0.002605356574996165,-4.677480385989524e-05,VGLT,SPTL,2025-08-11,False,3789.0,3160.0,1795.0,0.0,0.0,0.0,,,0.0,0.0,0.0,False,True,False,0.0,,,0.0,0.0,0.0,0.0,0.0,0.0,0.0,0.0,0.0,0.0,0.0,0.0,0.0,0.0,-0.0,-0.0,-0.0,-0.0,-0.0,-0.0,0.0,0.0,0.0,0.0,0.0,0.0,581.9300000000253
26.26,31.5,55.44,-0.129999999999999,-0.14000000000000057,-0.2600000000000051,2.111195734958111,1.76,1.0,2.1109443415327047,1.7605635013878853,1.0,2.11106669739504,1.7605761596157337,1.0,55.43661147359376,55.45814902789561,55.44,0.0105553334869752,0.008802880798078668,0.005,55.42605614010678,55.44934614709753,55.434999999999995,55.447166807080734,55.46695190869369,55.445,55.445,55.44934614709753,0.004346147097528785,7.839370666538213e-05,VGLT,SCHQ,2025-08-12,False,3808.0,3176.0,1804.0,0.0,0.0,0.0,,,0.0,0.0,0.0,False,True,False,0.0,,,0.0,0.0,0.0,0.0,0.0,0.0,0.0,0.0,0.0,0.0,0.0,0.0,0.0,0.0,-0.0,-0.0,-0.0,-0.0,-0.0,-0.0,0.0,-0.0,-0.0,-0.0,0.0,0.0,581.9300000000253
26.48,31.75,55.87,0.21999999999999886,0.25,0.4299999999999997,2.109894259818731,1.7596850393700787,1.0,2.1107081088662385,1.7604658054522004,1.0,2.1109443415327047,1.7605635013878853,1.0,55.89780616378602,55.89789116906536,55.87,0.010554721707663525,0.008802817506939427,0.005,55.88725144207836,55.88908835155842,55.864999999999995,55.908360885493686,55.9066939865723,55.875,55.875,55.88908835155842,0.014088351558420698,0.0002521630849905262,VGLT,SCHQ,2025-08-13,False,3779.0,3151.0,1790.0,0.0,0.0,0.0,,,0.0,0.0,0.0,False,True,False,0.0,,,0.0,0.0,0.0,0.0,0.0,0.0,0.0,0.0,0.0,0.0,0.0,0.0,0.0,0.0,-0.0,-0.0,-0.0,-0.0,-0.0,-0.0,0.0,0.0,0.0,0.0,0.0,0.0,581.9300000000253
26.27,31.52,55.48,-0.21000000000000085,-0.23000000000000043,-0.39000000000000057,2.1119147316330413,1.7601522842639594,1.0,2.110813867743828,1.7603526168410888,1.0,2.1107081088662385,1.7604658054522004,1.0,55.448302019916085,55.489882187853354,55.48,0.010553540544331193,0.008802329027261002,0.005,55.437748479371756,55.48107985882609,55.474999999999994,55.458855560460414,55.498684516880616,55.485,55.458855560460414,55.48107985882609,0.022224298365678408,0.0004005821623229706,SPTL,SCHQ,2025-08-14,False,3803.0,3172.0,1802.0,0.0,0.0,0.0,,,0.0,0.0,0.0,False,False,False,-0.0,,,0.0,0.0,0.0,0.0,0.0,0.0,0.0,0.0,0.0,0.0,0.0,0.0,0.0,0.0,-0.0,-0.0,-0.0,-0.0,-0.0,-0.0,0.0,-0.0,-0.0,-0.0,0.0,0.0,581.9300000000253
26.11,31.33,55.14,-0.16000000000000014,-0.19000000000000128,-0.3399999999999963,2.1118345461509,1.7599744653686564,1.0,2.1109407185853337,1.7603034785494998,1.0,2.110813867743828,1.7603526168410888,1.0,55.11335008679135,55.15184748563131,55.14,0.01055406933871914,0.008801763084205444,0.005,55.10279601745263,55.1430457225471,55.135,55.12390415613007,55.160649248715515,55.145,55.12390415613007,55.1430457225471,0.019141566417033573,0.0003471448389015882,SPTL,SCHQ,2025-08-15,False,3829.0,3193.0,1814.0,0.0,0.0,0.0,,,0.0,0.0,-0.0,False,False,False,0.0,,,0.0,0.0,0.0,0.0,0.0,0.0,0.0,0.0,0.0,0.0,0.0,0.0,0.0,0.0,-0.0,-0.0,-0.0,-0.0,-0.0,-0.0,0.0,-0.0,-0.0,-0.0,0.0,0.0,581.9300000000253
26.06,31.25,55.01,-0.05000000000000071,-0.0799999999999983,-0.13000000000000256,2.1108979278587876,1.7603199999999999,1.0,2.1110030367758044,1.7602362323183438,1.0,2.1109407185853337,1.7603034785494998,1.0,55.01111512633379,55.009483704671865,55.01,0.010554703592926668,0.0088015173927475,0.005,55.00056042274087,55.00068218727912,55.004999999999995,55.021669829926715,55.01828522206461,55.015,55.015,55.004999999999995,-0.010000000000005116,-0.00018178512997646095,VGLT,VGLT,2025-08-18,False,3838.0,3200.0,1818.0,0.0,0.0,0.0,,,0.0,0.0,0.0,False,True,False,0.0,,,0.0,0.0,0.0,0.0,0.0,0.0,0.0,0.0,0.0,0.0,0.0,0.0,0.0,0.0,-0.0,-0.0,-0.0,-0.0,-0.0,-0.0,0.0,-0.0,-0.0,-0.0,0.0,0.0,581.9300000000253
26.19,31.42,55.3,0.13000000000000256,0.1700000000000017,0.28999999999999915,2.111492936235204,1.760025461489497,1.0,2.1110370468844915,1.7601661195258593,1.0,2.1110030367758044,1.7602362323183438,1.0,55.28716953315832,55.30662241944236,55.3,0.010555015183879022,0.008801181161591719,0.005,55.276614517974444,55.29782123828077,55.294999999999995,55.297724548342195,55.31542360060396,55.305,55.297724548342195,55.29782123828077,9.668993857303576e-05,1.7484618186805745e-06,SPTL,SCHQ,2025-08-19,False,3817.0,3183.0,1808.0,0.0,0.0,0.0,,,0.0,0.0,0.0,False,True,False,0.0,,,0.0,0.0,0.0,0.0,0.0,0.0,0.0,0.0,0.0,0.0,0.0,0.0,0.0,0.0,-0.0,-0.0,-0.0,-0.0,-0.0,-0.0,0.0,0.0,0.0,0.0,0.0,0.0,581.9300000000253
26.25,31.46,55.39,0.05999999999999872,0.03999999999999915,0.09000000000000341,2.110095238095238,1.7606484424666242,1.0,2.110948042947696,1.7601604348052675,1.0,2.1110370468844915,1.7601661195258593,1.0,55.4147224807179,55.37482612028354,55.39,0.010555185234422457,0.008800830597629298,0.005,55.404167295483475,55.36602528968591,55.385,55.42527766595232,55.383626950881165,55.395,55.383626950881165,55.404167295483475,0.0205403446023098,0.0003708312800561437,SCHQ,SPTL,2025-08-20,False,3810.0,3177.0,1805.0,0.0,0.0,0.0,,,0.0,0.0,0.0,False,False,False,-0.0,,,0.0,0.0,0.0,0.0,0.0,0.0,0.0,0.0,0.0,0.0,0.0,0.0,0.0,0.0,-0.0,-0.0,-0.0,-0.0,-0.0,-0.0,0.0,0.0,0.0,0.0,0.0,0.0,581.9300000000253
26.13,31.33,55.13,-0.120000000000001,-0.13000000000000256,-0.259999999999998,2.1098354381936475,1.7596552824768594,1.0,2.1108582685508854,1.7601650304757634,1.0,2.110948042947696,1.7601604348052675,1.0,55.1590723622233,55.145826422449026,55.13,0.01055474021473848,0.008800802174026338,0.005,55.14851762200856,55.137025620275,55.125,55.169627102438035,55.154627224623056,55.135000000000005,55.135000000000005,55.14851762200856,0.013517622008556884,0.0002451953928633572,VGLT,SPTL,2025-08-21,False,3829.0,3193.0,1814.0,0.0,0.0,0.0,,,0.0,0.0,-0.0,False,True,False,0.0,,,0.0,0.0,0.0,0.0,0.0,0.0,0.0,0.0,0.0,0.0,0.0,0.0,0.0,0.0,-0.0,-0.0,-0.0,-0.0,-0.0,-0.0,0.0,-0.0,-0.0,-0.0,0.0,0.0,581.9300000000253
26.31,31.56,55.53,0.17999999999999972,0.23000000000000043,0.3999999999999986,2.11060433295325,1.7595057034220534,1.0,2.110841311861385,1.7600396514508803,1.0,2.1108582685508854,1.7601650304757634,1.0,55.53668104557379,55.55080836181509,55.53,0.010554291342754428,0.008800825152378818,0.005,55.526126754231036,55.542007536662716,55.525,55.54723533691655,55.55960918696747,55.535000000000004,55.535000000000004,55.542007536662716,0.007007536662712255,0.00012619370903497668,VGLT,SCHQ,2025-08-22,False,3802.0,3170.0,1801.0,0.0,0.0,0.0,,,0.0,0.0,0.0,False,True,False,0.0,,,0.0,0.0,0.0,0.0,0.0,0.0,0.0,0.0,0.0,0.0,0.0,0.0,0.0,0.0,-0.0,-0.0,-0.0,-0.0,-0.0,-0.0,0.0,0.0,0.0,0.0,0.0,0.0,581.9300000000253
26.26,31.49,55.41,-0.04999999999999716,-0.07000000000000028,-0.12000000000000455,2.11005331302361,1.759606224198158,1.0,2.1107818458920518,1.7599572903055887,1.0,2.110841311861385,1.7600396514508803,1.0,55.43069284947997,55.42364862418822,55.41,0.010554206559306925,0.008800198257254402,0.005,55.42013864292066,55.41484842593096,55.404999999999994,55.44124705603927,55.43244882244547,55.415,55.415,55.42013864292066,0.005138642920663017,9.27385475665587e-05,VGLT,SPTL,2025-08-25,False,3810.0,3177.0,1805.0,0.0,0.0,0.0,,,0.0,0.0,0.0,False,True,False,0.0,,,0.0,0.0,0.0,0.0,0.0,0.0,0.0,0.0,0.0,0.0,0.0,0.0,0.0,0.0,-0.0,-0.0,-0.0,-0.0,-0.0,-0.0,0.0,-0.0,-0.0,-0.0,0.0,0.0,581.9300000000253
26.24,31.47,55.4,-0.020000000000003126,-0.019999999999999574,-0.00999999999999801,2.111280487804878,1.7604067365745155,1.0,2.110790321176729,1.75999796396304,1.0,2.1107818458920518,1.7599572903055887,1.0,55.38691563620743,55.38585592591687,55.4,0.010553909229460258,0.008799786451527944,0.005,55.376361726977976,55.377056139465346,55.394999999999996,55.39746954543689,55.3946557123684,55.405,55.3946557123684,55.394999999999996,0.00034428763159866094,6.214578187701461e-06,SCHQ,VGLT,2025-08-26,False,3810.0,3177.0,1805.0,0.0,0.0,0.0,,,0.0,0.0,0.0,False,True,False,0.0,,,0.0,0.0,0.0,0.0,0.0,0.0,0.0,0.0,0.0,0.0,0.0,0.0,0.0,0.0,-0.0,-0.0,-0.0,-0.0,-0.0,-0.0,0.0,-0.0,-0.0,-0.0,0.0,0.0,581.9300000000253
26.23,31.44,55.36,-0.00999999999999801,-0.029999999999997584,-0.03999999999999915,2.1105604269919938,1.7608142493638677,1.0,2.110856937894055,1.760110884962419,1.0,2.110790321176729,1.75999796396304,1.0,55.3660301244656,55.334335986997985,55.36,0.010553951605883644,0.008799989819815201,0.005,55.35547617285972,55.32553599717817,55.355,55.37658407607149,55.3431359768178,55.365,55.3431359768178,55.35547617285972,0.012340196041918716,0.00022290816549708664,SCHQ,SPTL,2025-08-27,False,3812.0,3179.0,1806.0,0.0,0.0,0.0,,,0.0,0.0,0.0,False,True,False,0.0,,,0.0,0.0,0.0,0.0,0.0,0.0,0.0,0.0,0.0,0.0,0.0,0.0,0.0,0.0,-0.0,-0.0,-0.0,-0.0,-0.0,-0.0,0.0,-0.0,-0.0,-0.0,0.0,0.0,581.9300000000253
26.38,31.64,55.68,0.14999999999999858,0.1999999999999993,0.3200000000000003,2.1106899166034876,1.7597977243994942,1.0,2.1107344563910995,1.7600754289759728,1.0,2.110856937894055,1.760110884962419,1.0,55.68440602164517,55.68990840021094,55.68,0.010554284689470275,0.008800554424812096,0.005,55.6738517369557,55.68110784578613,55.675,55.694960306334636,55.69870895463575,55.685,55.685,55.68110784578613,-0.0038921542138723453,-6.990219493305217e-05,VGLT,SCHQ,2025-08-28,False,3791.0,3161.0,1796.0,0.0,0.0,0.0,,,0.0,0.0,0.0,False,True,False,0.0,,,0.0,0.0,0.0,0.0,0.0,0.0,0.0,0.0,0.0,0.0,0.0,0.0,0.0,0.0,-0.0,-0.0,-0.0,-0.0,-0.0,-0.0,0.0,0.0,0.0,0.0,0.0,0.0,581.9300000000253
26.22,31.47,55.39,-0.16000000000000014,-0.1700000000000017,-0.28999999999999915,2.112509534706331,1.7600889736256753,1.0,2.110801955246643,1.7600868798016744,1.0,2.1107344563910995,1.7600754289759728,1.0,55.343457446574625,55.38957374987386,55.39,0.010553672281955497,0.008800377144879865,0.005,55.33290377429267,55.38077337272898,55.385,55.35401111885658,55.39837412701874,55.395,55.35401111885658,55.385,0.030988881143414915,0.0005594670724573914,SPTL,VGLT,2025-08-29,False,3810.0,3177.0,1805.0,0.0,0.0,0.0,,,0.0,0.0,0.0,False,False,False,-0.0,,,0.0,0.0,0.0,0.0,0.0,0.0,0.0,0.0,0.0,0.0,0.0,0.0,0.0,0.0,-0.0,-0.0,-0.0,-0.0,-0.0,-0.0,0.0,-0.0,-0.0,-0.0,0.0,0.0,581.9300000000253
25.96,31.14,54.81,-0.259999999999998,-0.3299999999999983,-0.5799999999999983,2.1113251155624035,1.7601156069364163,1.0,2.110844674017004,1.7600664404953161,1.0,2.110801955246643,1.7600868798016744,1.0,54.796418758202854,54.809105437024144,54.81,0.010554009776233216,0.008800434399008373,0.005,54.78586474842662,54.80030500262514,54.805,54.80697276797909,54.81790587142315,54.815000000000005,54.80697276797909,54.805,-0.0019727679790904062,-3.599284763894191e-05,SPTL,VGLT,2025-09-02,True,3850.0,3210.0,1824.0,0.0,0.0,0.0,,,0.0,0.0,-0.0,False,True,False,0.0,,,0.0,0.0,0.0,0.0,0.0,0.0,0.0,0.0,0.0,0.0,0.0,0.0,0.0,0.0,-0.0,-0.0,-0.0,-0.0,-0.0,-0.0,0.0,-0.0,-0.0,-0.0,0.0,0.0,581.9300000000253
26.21,31.44,55.33,0.25,0.3000000000000007,0.519999999999996,2.111026325829836,1.759860050890585,1.0,2.1107980129764674,1.760049899435425,1.0,2.110844674017004,1.7600664404953161,1.0,55.32523890598568,55.33648888917274,55.33,0.010554223370085021,0.008800332202476582,0.005,55.31468468261559,55.327688556970266,55.324999999999996,55.335793129355764,55.34528922137522,55.335,55.335,55.327688556970266,-0.007311443029735187,-0.00013214247297551398,VGLT,SCHQ,2025-09-03,False,3814.0,3180.0,1807.0,0.0,0.0,0.0,,,0.0,0.0,0.0,False,True,True,0.0,,,0.0,0.0,0.0,0.0,0.0,0.0,0.0,0.0,0.0,0.0,0.0,0.0,0.0,0.0,-0.0,-0.0,-0.0,-0.0,-0.0,-0.0,0.0,0.0,0.0,0.0,0.0,0.0,581.9300000000253
26.4,31.64,55.69,0.18999999999999773,0.1999999999999993,0.35999999999999943,2.109469696969697,1.7601137800252844,1.0,2.110735458863913,1.7599964331912907,1.0,2.1107980129764674,1.760049899435425,1.0,55.725067542578735,55.68797881813685,55.69,0.010553990064882337,0.008800249497177125,0.005,55.71451355251385,55.67917856863967,55.684999999999995,55.73562153264362,55.696779067634026,55.695,55.695,55.71451355251385,0.019513552513849675,0.0003503959869608489,VGLT,SPTL,2025-09-04,False,3791.0,3161.0,1796.0,0.0,0.0,0.0,,,0.0,0.0,0.0,False,False,False,-0.0,,,0.0,0.0,0.0,0.0,0.0,0.0,0.0,0.0,0.0,0.0,0.0,0.0,0.0,0.0,-0.0,-0.0,-0.0,-0.0,-0.0,-0.0,0.0,0.0,0.0,0.0,0.0,0.0,581.9300000000253
26.76,32.09,56.45,0.360000000000003,0.45000000000000284,0.7600000000000051,2.10949177877429,1.7591149890931754,1.0,2.110701092921978,1.7599424038529226,1.0,2.110735458863913,1.7599964331912907,1.0,56.48328087919832,56.47828554110853,56.45,0.010553677294319566,0.008799982165956453,0.005,56.472727201904,56.46948555894257,56.445,56.49383455649264,56.48708552327448,56.455000000000005,56.455000000000005,56.472727201904,0.017727201903994683,0.00031403369183338677,VGLT,SPTL,2025-09-05,False,3738.0,3117.0,1771.0,0.0,0.0,0.0,,,0.0,0.0,-0.0,False,False,False,0.0,,,0.0,0.0,0.0,0.0,0.0,0.0,0.0,0.0,0.0,0.0,0.0,0.0,0.0,0.0,-0.0,-0.0,-0.0,-0.0,-0.0,-0.0,0.0,0.0,0.0,0.0,0.0,0.0,581.9300000000253
27.05,32.44,57.08,0.28999999999999915,0.3499999999999943,0.6299999999999955,2.110166358595194,1.7595561035758325,1.0,2.110657295486172,1.7599474438683003,1.0,2.110701092921978,1.7599424038529226,1.0,57.0944645635395,57.092531580988805,57.08,0.01055350546460989,0.008799712019264614,0.005,57.0839110580749,57.083731868969544,57.074999999999996,57.10501806900411,57.101331293008066,57.085,57.085,57.0839110580749,-0.0010889419251043364,-1.9077468905121522e-05,VGLT,SPTL,2025-09-08,False,3698.0,3083.0,1752.0,0.0,0.0,0.0,,,0.0,0.0,0.0,False,True,False,0.0,,,0.0,0.0,0.0,0.0,0.0,0.0,0.0,0.0,0.0,0.0,0.0,0.0,0.0,0.0,-0.0,-0.0,-0.0,-0.0,-0.0,-0.0,0.0,0.0,0.0,0.0,0.0,0.0,581.9300000000253
26.92,32.28,56.82,-0.129999999999999,-0.1599999999999966,-0.259999999999998,2.110698365527489,1.7602230483271375,1.0,2.11072180073656,1.7600091262811983,1.0,2.110657295486172,1.7599474438683003,1.0,56.81889439448776,56.81110348806873,56.82,0.01055328647743086,0.008799737219341502,0.005,56.808341108010325,56.80230375084939,56.815,56.82944768096519,56.81990322528807,56.825,56.81990322528807,56.815,-0.004903225288074964,-8.629400366200218e-05,SCHQ,VGLT,2025-09-09,False,3715.0,3098.0,1760.0,0.0,0.0,0.0,,,0.0,0.0,0.0,False,True,False,0.0,,,0.0,0.0,0.0,0.0,0.0,0.0,0.0,0.0,0.0,0.0,0.0,0.0,0.0,0.0,-0.0,-0.0,-0.0,-0.0,-0.0,-0.0,0.0,-0.0,-0.0,-0.0,0.0,0.0,581.9300000000253
27.07,32.44,57.11,0.14999999999999858,0.1599999999999966,0.28999999999999915,2.109715552271888,1.7604808877928484,1.0,2.110565307183261,1.7600165414030315,1.0,2.11072180073656,1.7600091262811983,1.0,57.13723914593868,57.09469605656207,57.11,0.0105536090036828,0.008800045631405991,0.005,57.126685536935,57.08589601093067,57.105,57.14779275494236,57.103496102193475,57.115,57.103496102193475,57.126685536935,0.023189434741524906,0.00040604858591358615,SCHQ,SPTL,2025-09-10,False,3696.0,3082.0,1751.0,0.0,0.0,0.0,,,0.0,0.0,0.0,False,False,False,-0.0,,,0.0,0.0,0.0,0.0,0.0,0.0,0.0,0.0,0.0,0.0,0.0,0.0,0.0,0.0,-0.0,-0.0,-0.0,-0.0,-0.0,-0.0,0.0,0.0,0.0,0.0,0.0,0.0,581.9300000000253
27.2,32.63,57.41,0.129999999999999,0.19000000000000483,0.29999999999999716,2.110661764705882,1.7594238430891815,1.0,2.11057544095465,1.7598775007755632,1.0,2.110565307183261,1.7600165414030315,1.0,57.40737635538469,57.429339745980926,57.41,0.010552826535916304,0.008800082707015157,0.005,57.39682352884878,57.420539663273914,57.404999999999994,57.417929181920606,57.43813982868794,57.415,57.415,57.420539663273914,0.005539663273914641,9.6493002506787e-05,VGLT,SCHQ,2025-09-11,False,3677.0,3066.0,1742.0,0.0,0.0,0.0,,,0.0,0.0,-0.0,False,True,False,0.0,,,0.0,0.0,0.0,0.0,0.0,0.0,0.0,0.0,0.0,0.0,0.0,0.0,0.0,0.0,-0.0,-0.0,-0.0,-0.0,-0.0,-0.0,0.0,0.0,0.0,0.0,0.0,0.0,581.9300000000253
27.1,32.48,57.18,-0.09999999999999787,-0.15000000000000568,-0.22999999999999687,2.1099630996309964,1.7604679802955667,1.0,2.110502759257401,1.7599445263651703,1.0,2.11057544095465,1.7598775007755632,1.0,57.196594449871014,57.16082122519028,57.18,0.010552877204773251,0.008799387503877817,0.005,57.18604157266624,57.152021837686405,57.175,57.20714732707579,57.16962061269416,57.185,57.16962061269416,57.18604157266624,0.016420959972080595,0.00028718013242533393,SCHQ,SPTL,2025-09-12,False,3691.0,3078.0,1749.0,0.0,0.0,0.0,,,0.0,0.0,0.0,False,True,False,0.0,,,0.0,0.0,0.0,0.0,0.0,0.0,0.0,0.0,0.0,0.0,0.0,0.0,0.0,0.0,-0.0,-0.0,-0.0,-0.0,-0.0,-0.0,0.0,-0.0,-0.0,-0.0,0.0,0.0,581.9300000000253
27.17,32.57,57.33,0.07000000000000028,0.09000000000000341,0.14999999999999858,2.110047846889952,1.7602087810868896,1.0,2.1102565904757626,1.7599565071112917,1.0,2.110502759257401,1.7599445263651703,1.0,57.34235996902358,57.3213932237136,57.33,0.010552513796287005,0.008799722631825851,0.005,57.3318074552273,57.31259350108177,57.324999999999996,57.35291248281987,57.33019294634543,57.335,57.33019294634543,57.3318074552273,0.0016145088818717568,2.8161675944039016e-05,SCHQ,SPTL,2025-09-15,False,3681.0,3069.0,1744.0,0.0,0.0,0.0,,,0.0,0.0,0.0,False,True,False,0.0,,,0.0,0.0,0.0,0.0,0.0,0.0,0.0,0.0,0.0,0.0,0.0,0.0,0.0,0.0,-0.0,-0.0,-0.0,-0.0,-0.0,-0.0,0.0,0.0,0.0,0.0,0.0,0.0,581.9300000000253
27.21,32.63,57.41,0.03999999999999915,0.060000000000002274,0.0799999999999983,2.109886071297317,1.7594238430891815,1.0,2.1101126860492543,1.7598873307265683,1.0,2.1102565904757626,1.7599565071112917,1.0,57.420081826845504,57.42738082704145,57.41,0.010551282952378813,0.00879978253555646,0.005,57.409530543893126,57.4185810445059,57.404999999999994,57.43063310979788,57.43618060957701,57.415,57.415,57.4185810445059,0.0035810445058999107,6.237666793067255e-05,VGLT,SCHQ,2025-09-16,False,3676.0,3066.0,1742.0,0.0,0.0,0.0,,,0.0,0.0,0.0,False,True,False,0.0,,,0.0,0.0,0.0,0.0,0.0,0.0,0.0,0.0,0.0,0.0,0.0,0.0,0.0,0.0,-0.0,-0.0,-0.0,-0.0,-0.0,-0.0,0.0,0.0,0.0,0.0,0.0,0.0,581.9300000000253
27.15,32.54,57.28,-0.060000000000002274,-0.09000000000000341,-0.12999999999999545,2.1097605893186007,1.7602950215119852,1.0,2.1099861123981305,1.7599308277887082,1.0,2.1101126860492543,1.7598873307265683,1.0,57.289559426237254,57.26673374184253,57.28,0.010550563430246272,0.008799436653632841,0.005,57.27900886280701,57.2579343051889,57.275,57.3001099896675,57.27553317849616,57.285000000000004,57.27553317849616,57.27900886280701,0.0034756843108496582,6.06788462089675e-05,SCHQ,SPTL,2025-09-17,False,3684.0,3073.0,1746.0,0.0,0.0,0.0,,,0.0,0.0,0.0,False,True,False,0.0,,,0.0,0.0,0.0,0.0,0.0,0.0,0.0,0.0,0.0,0.0,0.0,0.0,0.0,0.0,-0.0,-0.0,-0.0,-0.0,-0.0,-0.0,0.0,-0.0,-0.0,-0.0,0.0,0.0,581.9300000000253
26.91,32.25,56.77,-0.23999999999999844,-0.28999999999999915,-0.509999999999998,2.1096246748420664,1.7603100775193798,1.0,2.1100016101853676,1.759950457538118,1.0,2.1099861123981305,1.7599308277887082,1.0,56.77972628463369,56.75776919618584,56.77,0.010549930561990653,0.008799654138943541,0.005,56.769176354071696,56.7489695420469,56.765,56.79027621519568,56.76656885032478,56.775000000000006,56.76656885032478,56.769176354071696,0.0026075037469155404,4.5931015446812406e-05,SCHQ,SPTL,2025-09-18,False,3716.0,3099.0,1761.0,0.0,0.0,0.0,,,0.0,0.0,0.0,False,True,False,0.0,,,0.0,0.0,0.0,0.0,0.0,0.0,0.0,0.0,0.0,0.0,0.0,0.0,0.0,0.0,-0.0,-0.0,-0.0,-0.0,-0.0,-0.0,0.0,-0.0,-0.0,-0.0,0.0,0.0,581.9300000000253
26.87,32.22,56.68,-0.03999999999999915,-0.030000000000001137,-0.09000000000000341,2.109415705247488,1.7591558038485413,1.0,2.109994002832687,1.7599545390136544,1.0,2.1100016101853676,1.759950457538118,1.0,56.69574326568083,56.70560374187816,56.68,0.010550008050926839,0.00879975228769059,0.005,56.685193257629905,56.696803989590464,56.675,56.70629327373176,56.71440349416585,56.685,56.685,56.696803989590464,0.011803989590461583,0.00020825669707942102,VGLT,SCHQ,2025-09-19,False,3722.0,3105.0,1764.0,0.0,0.0,0.0,,,0.0,0.0,0.0,False,True,False,0.0,,,0.0,0.0,0.0,0.0,0.0,0.0,0.0,0.0,0.0,0.0,0.0,0.0,0.0,0.0,-0.0,-0.0,-0.0,-0.0,-0.0,-0.0,0.0,-0.0,-0.0,-0.0,0.0,0.0,581.9300000000253
26.78,32.11,56.5,-0.08999999999999986,-0.10999999999999943,-0.17999999999999972,2.109783420463032,1.7595764559327314,1.0,2.109955709019471,1.7599565742493444,1.0,2.109994002832687,1.7599545390136544,1.0,56.505639395859355,56.51214024772844,56.5,0.010549970014163435,0.008799772695068273,0.005,56.495089425845194,56.50334047503337,56.495,56.516189365873515,56.52094002042351,56.505,56.505,56.50334047503337,-0.0016595249666337963,-2.9372123303253034e-05,VGLT,SCHQ,2025-09-22,False,3735.0,3115.0,1770.0,0.0,0.0,0.0,,,0.0,0.0,0.0,False,True,False,0.0,,,0.0,0.0,0.0,0.0,0.0,0.0,0.0,0.0,0.0,0.0,0.0,0.0,0.0,0.0,-0.0,-0.0,-0.0,-0.0,-0.0,-0.0,0.0,-0.0,-0.0,-0.0,0.0,0.0,581.9300000000253
26.94,32.32,56.87,0.16000000000000014,0.21000000000000085,0.36999999999999744,2.110987379361544,1.7595915841584158,1.0,2.1099846104028765,1.759893427832472,1.0,2.109955709019471,1.7599565742493444,1.0,56.84220680098455,56.88179647973881,56.87,0.010549778545097355,0.008799782871246721,0.005,56.83165702243945,56.87299669686756,56.864999999999995,56.85275657952965,56.89059626261006,56.875,56.85275657952965,56.87299669686756,0.020240117337912977,0.0003559014829947772,SPTL,SCHQ,2025-09-23,False,3709.0,3094.0,1758.0,0.0,0.0,0.0,,,0.0,0.0,0.0,False,False,False,-0.0,,,0.0,0.0,0.0,0.0,0.0,0.0,0.0,0.0,0.0,0.0,0.0,0.0,0.0,0.0,-0.0,-0.0,-0.0,-0.0,-0.0,-0.0,0.0,0.0,0.0,0.0,0.0,0.0,581.9300000000253
26.85,32.2,56.67,-0.08999999999999986,-0.11999999999999744,-0.19999999999999574,2.1106145251396646,1.7599378881987577,1.0,2.110074507689654,1.7598391278730632,1.0,2.1099846104028765,1.759893427832472,1.0,56.653086789317236,56.668568376205606,56.67,0.010549923052014383,0.00879946713916236,0.005,56.642536866265225,56.65976890906644,56.665,56.66363671236925,56.67736784334477,56.675000000000004,56.66363671236925,56.665,0.001363287630752552,2.4056601919049798e-05,SPTL,VGLT,2025-09-24,False,3724.0,3106.0,1765.0,0.0,0.0,0.0,,,0.0,0.0,-0.0,False,True,False,0.0,,,0.0,0.0,0.0,0.0,0.0,0.0,0.0,0.0,0.0,0.0,0.0,0.0,0.0,0.0,-0.0,-0.0,-0.0,-0.0,-0.0,-0.0,0.0,-0.0,-0.0,-0.0,0.0,0.0,581.9300000000253
26.83,32.17,56.63,-0.020000000000003126,-0.030000000000001137,-0.03999999999999915,2.1106969809914276,1.7603357165060616,1.0,2.110078029318209,1.759930315214751,1.0,2.110074507689654,1.7598391278730632,1.0,56.61329904131341,56.614024743676445,56.63,0.01055037253844827,0.008799195639365317,0.005,56.602748668774964,56.60522554803708,56.625,56.62384941385186,56.62282393931581,56.635000000000005,56.62282393931581,56.625,0.0021760606841922936,3.842593473763542e-05,SCHQ,VGLT,2025-09-25,False,3726.0,3108.0,1766.0,0.0,0.0,0.0,,,0.0,0.0,0.0,False,True,False,0.0,,,0.0,0.0,0.0,0.0,0.0,0.0,0.0,0.0,0.0,0.0,0.0,0.0,0.0,0.0,-0.0,-0.0,-0.0,-0.0,-0.0,-0.0,0.0,-0.0,-0.0,-0.0,0.0,0.0,581.9300000000253
26.81,32.14,56.56,-0.019999999999999574,-0.030000000000001137,-0.07000000000000028,2.109660574412533,1.7598008711885502,1.0,2.1100477767963626,1.7598636043040492,1.0,2.110078029318209,1.759930315214751,1.0,56.571191966021175,56.5641603310021,56.56,0.010550390146591045,0.008799651576073755,0.005,56.560641575874584,56.55536067942602,56.555,56.581742356167766,56.572959982578176,56.565000000000005,56.565000000000005,56.560641575874584,-0.004358424125420868,-7.705841805906768e-05,VGLT,SPTL,2025-09-26,False,3731.0,3112.0,1768.0,0.0,0.0,0.0,,,0.0,0.0,0.0,False,True,False,0.0,,,0.0,0.0,0.0,0.0,0.0,0.0,0.0,0.0,0.0,0.0,0.0,0.0,0.0,0.0,-0.0,-0.0,-0.0,-0.0,-0.0,-0.0,0.0,-0.0,-0.0,-0.0,0.0,0.0,581.9300000000253
27.0,32.38,56.98,0.19000000000000128,0.240000000000002,0.4199999999999946,2.1103703703703705,1.7597282273008028,1.0,2.1100800291444046,1.7598155489254406,1.0,2.1100477767963626,1.7598636043040492,1.0,56.97128997350179,56.984383507365116,56.98,0.010550238883981813,0.008799318021520246,0.005,56.96073973461781,56.97558418934359,56.974999999999994,56.98184021238577,56.99318282538664,56.985,56.98184021238577,56.97558418934359,-0.0062560230421766505,-0.00010979331418351441,SPTL,SCHQ,2025-09-29,False,3703.0,3089.0,1755.0,0.0,0.0,0.0,,,0.0,0.0,0.0,False,True,False,0.0,,,0.0,0.0,0.0,0.0,0.0,0.0,0.0,0.0,0.0,0.0,0.0,0.0,0.0,0.0,-0.0,-0.0,-0.0,-0.0,-0.0,-0.0,0.0,0.0,0.0,0.0,0.0,0.0,581.9300000000253
26.95,32.31,56.86,-0.05000000000000071,-0.07000000000000028,-0.11999999999999744,2.1098330241187386,1.7598266790467345,1.0,2.1100747244265468,1.7598558325211962,1.0,2.1100800291444046,1.7598155489254406,1.0,56.866656785441705,56.85964038578099,56.86,0.010550400145722023,0.008799077744627203,0.005,56.85610638529598,56.850841308036365,56.855,56.87720718558743,56.86843946352562,56.865,56.865,56.85610638529598,-0.008893614704021502,-0.00015641249919137357,VGLT,SPTL,2025-09-30,False,3712.0,3096.0,1759.0,0.0,0.0,0.0,,,0.0,0.0,0.0,False,True,False,0.0,,,0.0,0.0,0.0,0.0,0.0,0.0,0.0,0.0,0.0,0.0,0.0,0.0,0.0,0.0,-0.0,-0.0,-0.0,-0.0,-0.0,-0.0,0.0,-0.0,-0.0,-0.0,0.0,0.0,581.9300000000253
26.92,32.25,56.79,-0.029999999999997584,-0.060000000000002274,-0.07000000000000028,2.109583952451709,1.7609302325581395,1.0,2.1100570607398574,1.7599193536258113,1.0,2.1100747244265468,1.7598558325211962,1.0,56.80321158156264,56.755350598808576,56.79,0.010550373622132734,0.008799279162605981,0.005,56.79266120794051,56.74655131964597,56.785,56.81376195518477,56.764149877971185,56.795,56.764149877971185,56.79266120794051,0.028511329969326482,0.0005020484234781913,SCHQ,SPTL,2025-10-01,True,3716.0,3099.0,1761.0,0.0,0.0,0.0,,,0.0,0.0,0.0,False,False,False,-0.0,,,0.0,0.0,0.0,0.0,0.0,0.0,0.0,0.0,0.0,0.0,0.0,0.0,0.0,0.0,-0.0,-0.0,-0.0,-0.0,-0.0,-0.0,0.0,-0.0,-0.0,-0.0,0.0,0.0,581.9300000000253
27.0,32.34,56.95,0.0799999999999983,0.09000000000000341,0.1600000000000037,2.109259259259259,1.7609771181199751,1.0,2.110020519181577,1.759986057685871,1.0,2.1100570607398574,1.7599193536258113,1.0,56.97154063997615,56.915791896258746,56.95,0.010550285303699287,0.008799596768129057,0.005,56.96099035467245,56.90699229949062,56.945,56.98209092527985,56.924591493026874,56.955000000000005,56.924591493026874,56.96099035467245,0.03639886164557282,0.0006391371667352558,SCHQ,SPTL,2025-10-02,False,3705.0,3090.0,1756.0,0.0,0.0,0.0,,,0.0,0.0,-0.0,False,False,True,0.0,,,0.0,0.0,0.0,0.0,0.0,0.0,0.0,0.0,0.0,0.0,0.0,0.0,0.0,0.0,-0.0,-0.0,-0.0,-0.0,-0.0,-0.0,0.0,0.0,0.0,0.0,0.0,0.0,581.9300000000253
26.92,32.26,56.82,-0.0799999999999983,-0.0800000000000054,-0.13000000000000256,2.110698365527489,1.7613143211407316,1.0,2.110148785209577,1.76020190941509,1.0,2.110020519181577,1.759986057685871,1.0,56.80175237636805,56.7771502209462,56.82,0.010550102595907884,0.008799930288429356,0.005,56.79120227377214,56.768350290657764,56.815,56.81230247896396,56.78595015123463,56.825,56.78595015123463,56.815,0.02904984876536787,0.0005112609779191811,SCHQ,VGLT,2025-10-03,False,3714.0,3098.0,1760.0,0.0,0.0,0.0,,,0.0,0.0,0.0,False,False,False,-0.0,,,0.0,0.0,0.0,0.0,0.0,0.0,0.0,0.0,0.0,0.0,0.0,0.0,0.0,0.0,-0.0,-0.0,-0.0,-0.0,-0.0,-0.0,0.0,-0.0,-0.0,-0.0,0.0,0.0,581.9300000000253
26.76,32.05,56.44,-0.16000000000000014,-0.21000000000000085,-0.38000000000000256,2.109118086696562,1.7609984399375975,1.0,2.1100822518329294,1.7603441078155768,1.0,2.110148785209577,1.76020190941509,1.0,56.46758149220828,56.41447119675363,56.44,0.010550743926047886,0.008801009547075451,0.005,56.457030748282236,56.40567018720655,56.434999999999995,56.47813223613433,56.42327220630071,56.445,56.42327220630071,56.457030748282236,0.033758541981526946,0.000598131502153206,SCHQ,SPTL,2025-10-06,False,3739.0,3119.0,1772.0,0.0,0.0,0.0,,,0.0,0.0,-0.0,False,False,False,0.0,,,0.0,0.0,0.0,0.0,0.0,0.0,0.0,0.0,0.0,0.0,0.0,0.0,0.0,0.0,-0.0,-0.0,-0.0,-0.0,-0.0,-0.0,0.0,-0.0,-0.0,-0.0,0.0,0.0,581.9300000000253
26.9,32.23,56.74,0.13999999999999702,0.17999999999999972,0.30000000000000426,2.109293680297398,1.760471610300962,1.0,2.109912881926515,1.760432110429831,1.0,2.1100822518329294,1.7603441078155768,1.0,56.7612125743058,56.735890594896034,56.74,0.010550411259164647,0.008801720539077884,0.005,56.750662163046634,56.72708887435696,56.735,56.77176298556497,56.74469231543511,56.745000000000005,56.74469231543511,56.750662163046634,0.005969847611524415,0.00010521409255418426,SCHQ,SPTL,2025-10-07,False,3718.0,3102.0,1762.0,0.0,0.0,0.0,,,0.0,0.0,0.0,False,True,False,0.0,,,0.0,0.0,0.0,0.0,0.0,0.0,0.0,0.0,0.0,0.0,0.0,0.0,0.0,0.0,-0.0,-0.0,-0.0,-0.0,-0.0,-0.0,0.0,0.0,0.0,0.0,0.0,0.0,581.9300000000253
26.91,32.24,56.78,0.010000000000001563,0.010000000000005116,0.03999999999999915,2.1099962839093274,1.761166253101737,1.0,2.1098510578034815,1.7605549469201294,1.0,2.109912881926515,1.760432110429831,1.0,56.77775565264252,56.75633124025776,56.78,0.010549564409632575,0.008802160552149156,0.005,56.76720608823289,56.74752907970561,56.775,56.78830521705215,56.76513340080991,56.785000000000004,56.76513340080991,56.775,0.009866599190090142,0.0001737689184587908,SCHQ,VGLT,2025-10-08,False,3716.0,3100.0,1761.0,0.0,0.0,0.0,,,0.0,0.0,0.0,False,True,False,0.0,,,0.0,0.0,0.0,0.0,0.0,0.0,0.0,0.0,0.0,0.0,0.0,0.0,0.0,0.0,-0.0,-0.0,-0.0,-0.0,-0.0,-0.0,0.0,0.0,0.0,0.0,0.0,0.0,581.9300000000253
26.91,32.21,56.73,0.0,-0.030000000000001137,-0.05000000000000426,2.108138238573021,1.761254268860602,1.0,2.1095951835616407,1.7606468021555834,1.0,2.1098510578034815,1.7605549469201294,1.0,56.77609196549169,56.707474840297365,56.73,0.010549255289017408,0.008802774734600647,0.005,56.76554271020267,56.69867206556277,56.724999999999994,56.7866412207807,56.71627761503196,56.735,56.71627761503196,56.76554271020267,0.04926509517071054,0.0008684134526830696,SCHQ,SPTL,2025-10-09,False,3720.0,3104.0,1763.0,0.0,0.0,0.0,,,0.0,0.0,0.0,True,False,False,1.0,SCHQ,SPTL,-3720.0,3104.0,0.0,0.0,0.0,0.0,0.0,0.0,-3720.0,3104.0,0.0,0.0,3104.0,0.0,3720.0,-0.0,-0.0,-18.6,-15.52,-0.0,-34.120000000000005,0.0,-0.0,-0.0,0.0,-34.120000000000005,547.8100000000253
27.28,32.68,57.53,0.370000000000001,0.46999999999999886,0.8000000000000043,2.1088709677419355,1.7604039167686658,1.0,2.109516222894581,1.7607071067135949,1.0,2.1095951835616407,1.7606468021555834,1.0,57.54975660756156,57.53793749444446,57.53,0.010547975917808204,0.008803234010777917,0.005,57.53920863164375,57.529134260433686,57.525,57.56030458347937,57.54674072845524,57.535000000000004,57.535000000000004,57.53920863164375,0.004208631643749072,7.315542575611111e-05,VGLT,SPTL,2025-10-10,False,3666.0,3060.0,1738.0,-3720.0,3104.0,0.0,SCHQ,SPTL,-0.0075320968114880316,-0.00013092467949744535,1.0,False,True,False,0.0,,,0.0,0.0,0.0,-100105.2,99979.84,0.0,200085.03999999998,-125.36000000000058,3720.0,-3104.0,0.0,3720.0,0.0,0.0,-0.0,3104.0,-0.0,-18.6,-15.52,-0.0,-34.120000000000005,-1376.4000000000037,1458.8799999999965,0.0,82.47999999999274,48.35999999999274,596.170000000018
27.26,32.66,57.5,-0.019999999999999574,-0.020000000000003126,-0.030000000000001137,2.1093176815847396,1.7605633802816902,1.0,2.1094109540160177,1.7607906220116836,1.0,2.109516222894581,1.7607071067135949,1.0,57.50541223610629,57.504694105266005,57.5,0.010547581114472905,0.008803535533567974,0.005,57.494864654991815,57.49589056973244,57.495,57.51595981722076,57.51349764079957,57.505,57.505,57.49589056973244,-0.009109430267564278,-0.0001584248742185092,VGLT,SCHQ,2025-10-13,False,3668.0,3062.0,1739.0,0.0,0.0,0.0,,,0.0,0.0,0.0,False,True,False,0.0,,,0.0,0.0,0.0,0.0,0.0,0.0,0.0,0.0,0.0,0.0,0.0,0.0,0.0,0.0,-0.0,-0.0,-0.0,-0.0,-0.0,-0.0,0.0,-0.0,-0.0,-0.0,0.0,0.0,596.170000000018
27.34,32.76,57.7,0.0799999999999983,0.10000000000000142,0.20000000000000284,2.110460863204097,1.7612942612942615,1.0,2.109473737924554,1.7609373802364363,1.0,2.1094109540160177,1.7607906220116836,1.0,57.67129548279792,57.68350077710275,57.7,0.010547054770080088,0.008803953110058419,0.005,57.660748428027844,57.67469682399269,57.695,57.681842537568,57.69230473021281,57.705000000000005,57.681842537568,57.695,0.013157462431998113,0.0002280322778509205,SPTL,VGLT,2025-10-14,False,3656.0,3051.0,1733.0,0.0,0.0,0.0,,,0.0,0.0,0.0,False,True,False,0.0,,,0.0,0.0,0.0,0.0,0.0,0.0,0.0,0.0,0.0,0.0,0.0,0.0,0.0,0.0,-0.0,-0.0,-0.0,-0.0,-0.0,-0.0,0.0,0.0,0.0,0.0,0.0,0.0,596.170000000018
27.28,32.69,57.57,-0.05999999999999872,-0.07000000000000028,-0.13000000000000256,2.1103372434017595,1.761089018048333,1.0,2.1095490670195587,1.7609532587854555,1.0,2.109473737924554,1.7609373802364363,1.0,57.54644357058183,57.5650429599291,57.57,0.01054736868962277,0.008804686901182182,0.005,57.53589620189221,57.55623827302792,57.565,57.55699093927145,57.57384764683028,57.575,57.55699093927145,57.565,0.008009060728547013,0.0001391186508345842,SPTL,VGLT,2025-10-15,False,3664.0,3059.0,1737.0,0.0,0.0,0.0,,,0.0,0.0,0.0,False,True,False,0.0,,,0.0,0.0,0.0,0.0,0.0,0.0,0.0,0.0,0.0,0.0,0.0,0.0,0.0,0.0,-0.0,-0.0,-0.0,-0.0,-0.0,-0.0,0.0,-0.0,-0.0,-0.0,0.0,0.0,596.170000000018
27.48,32.92,57.99,0.1999999999999993,0.23000000000000398,0.4200000000000017,2.1102620087336246,1.761543134872418,1.0,2.1096493419669953,1.7610098604607,1.0,2.1095490670195587,1.7609532587854555,1.0,57.97040836169747,57.9705812792172,57.99,0.010547745335097794,0.008804766293927277,0.005,57.95986061636238,57.96177651292327,57.985,57.98095610703257,57.97938604551113,57.995000000000005,57.97938604551113,57.985,0.005613954488872253,9.680900998227716e-05,SCHQ,VGLT,2025-10-16,False,3637.0,3036.0,1724.0,0.0,0.0,0.0,,,0.0,0.0,0.0,False,True,False,0.0,,,0.0,0.0,0.0,0.0,0.0,0.0,0.0,0.0,0.0,0.0,0.0,0.0,0.0,0.0,-0.0,-0.0,-0.0,-0.0,-0.0,-0.0,0.0,0.0,0.0,0.0,0.0,0.0,596.170000000018
27.43,32.86,57.86,-0.05000000000000071,-0.060000000000002274,-0.13000000000000256,2.1093693036821,1.7608034083992696,1.0,2.1095164357824565,1.7609587691865538,1.0,2.1096493419669953,1.7610098604607,1.0,57.86768145015468,57.866784014738606,57.86,0.010548246709834976,0.0088050493023035,0.005,57.85713320344484,57.8579789654363,57.855,57.878229696864516,57.87558906404091,57.865,57.865,57.8579789654363,-0.007021034563699402,-0.00012134522232456623,VGLT,SCHQ,2025-10-17,False,3645.0,3043.0,1728.0,0.0,0.0,0.0,,,0.0,0.0,0.0,False,True,False,0.0,,,0.0,0.0,0.0,0.0,0.0,0.0,0.0,0.0,0.0,0.0,0.0,0.0,0.0,0.0,-0.0,-0.0,-0.0,-0.0,-0.0,-0.0,0.0,-0.0,-0.0,-0.0,0.0,0.0,596.170000000018
27.53,32.98,58.08,0.10000000000000142,0.11999999999999744,0.21999999999999886,2.109698510715583,1.7610673135233477,1.0,2.1095744781843586,1.7609656565451288,1.0,2.1095164357824565,1.7609587691865538,1.0,58.07498747709103,58.076420207772536,58.08,0.010547582178912282,0.00880479384593277,0.005,58.06443989491211,58.0676154139266,58.074999999999996,58.085535059269944,58.08522500161847,58.085,58.085,58.074999999999996,-0.010000000000005116,-0.000172176308540033,VGLT,VGLT,2025-10-20,False,3633.0,3032.0,1722.0,0.0,0.0,0.0,,,0.0,0.0,0.0,False,True,False,0.0,,,0.0,0.0,0.0,0.0,0.0,0.0,0.0,0.0,0.0,0.0,0.0,0.0,0.0,0.0,-0.0,-0.0,-0.0,-0.0,-0.0,-0.0,0.0,0.0,0.0,0.0,0.0,0.0,596.170000000018
27.65,33.15,58.34,0.11999999999999744,0.1700000000000017,0.2600000000000051,2.1099457504520798,1.7598793363499248,1.0,2.1096396851998267,1.760906429150025,1.0,2.1095744781843586,1.7609656565451288,1.0,58.32973432179751,58.37601151447102,58.34,0.010547872390921793,0.008804828282725644,0.005,58.31918644940659,58.36720668618829,58.335,58.34028219418843,58.384816342753744,58.345000000000006,58.34028219418843,58.36720668618829,0.026924491999857025,0.0004615099760002918,SPTL,SCHQ,2025-10-21,False,3616.0,3018.0,1714.0,0.0,0.0,0.0,,,0.0,0.0,0.0,False,False,False,-0.0,,,0.0,0.0,0.0,0.0,0.0,0.0,0.0,0.0,0.0,0.0,0.0,0.0,0.0,0.0,-0.0,-0.0,-0.0,-0.0,-0.0,-0.0,0.0,0.0,0.0,0.0,0.0,0.0,596.170000000018
27.67,33.17,58.38,0.020000000000003126,0.020000000000003126,0.03999999999999915,2.109866281170943,1.7600241181790774,1.0,2.1096266849259884,1.7607922156577591,1.0,2.1096396851998267,1.760906429150025,1.0,58.37373008947921,58.40926625490633,58.38,0.010548198425999133,0.008804532145750124,0.005,58.36318189105321,58.400461722760575,58.375,58.38427828790521,58.41807078705208,58.385000000000005,58.38427828790521,58.400461722760575,0.016183434855364,0.0002772085449702638,SPTL,SCHQ,2025-10-22,False,3614.0,3016.0,1713.0,0.0,0.0,0.0,,,0.0,0.0,-0.0,False,True,False,0.0,,,0.0,0.0,0.0,0.0,0.0,0.0,0.0,0.0,0.0,0.0,0.0,0.0,0.0,0.0,-0.0,-0.0,-0.0,-0.0,-0.0,-0.0,0.0,0.0,0.0,0.0,0.0,0.0,596.170000000018
27.5,32.95,58.03,-0.1700000000000017,-0.21999999999999886,-0.3500000000000014,2.110181818181818,1.761153262518968,1.0,2.109831042886868,1.7607821150235956,1.0,2.1096266849259884,1.7607922156577591,1.0,58.01473383546468,58.018103505923165,58.03,0.010548133424629942,0.008803961078288796,0.005,58.004185702040054,58.00929954484488,58.025,58.02528196888931,58.02690746700145,58.035000000000004,58.02528196888931,58.025,-0.00028196888931120156,-4.859019288492186e-06,SPTL,VGLT,2025-10-23,False,3635.0,3034.0,1723.0,0.0,0.0,0.0,,,0.0,0.0,0.0,False,True,False,0.0,,,0.0,0.0,0.0,0.0,0.0,0.0,0.0,0.0,0.0,0.0,0.0,0.0,0.0,0.0,-0.0,-0.0,-0.0,-0.0,-0.0,-0.0,0.0,-0.0,-0.0,-0.0,0.0,0.0,596.170000000018
27.51,32.95,58.04,0.010000000000001563,0.0,0.00999999999999801,2.109778262450018,1.7614567526555385,1.0,2.1099217723576764,1.7608873986122826,1.0,2.109831042886868,1.7607821150235956,1.0,58.041451989817745,58.01777069002748,58.04,0.010549155214434341,0.008803910575117977,0.005,58.03090283460331,58.008966779452365,58.035,58.05200114503218,58.0265746006026,58.045,58.0265746006026,58.035,0.00842539939739595,0.00014516539278766282,SCHQ,VGLT,2025-10-24,False,3635.0,3034.0,1723.0,0.0,0.0,0.0,,,0.0,0.0,0.0,False,True,False,0.0,,,0.0,0.0,0.0,0.0,0.0,0.0,0.0,0.0,0.0,0.0,0.0,0.0,0.0,0.0,-0.0,-0.0,-0.0,-0.0,-0.0,-0.0,0.0,0.0,0.0,0.0,0.0,0.0,596.170000000018
27.6,33.05,58.22,0.08999999999999986,0.09999999999999432,0.17999999999999972,2.1094202898550725,1.7615733736762482,1.0,2.10993203318471,1.7609883979517384,1.0,2.1099217723576764,1.7608873986122826,1.0,58.23384091707187,58.19732852413593,58.22,0.010549608861788382,0.008804436993061413,0.005,58.22329130821009,58.18852408714287,58.214999999999996,58.24439052593366,58.20613296112899,58.225,58.20613296112899,58.22329130821009,0.017158347081092984,0.0002947156832891272,SCHQ,SPTL,2025-10-27,False,3625.0,3025.0,1718.0,0.0,0.0,0.0,,,0.0,0.0,0.0,False,True,False,0.0,,,0.0,0.0,0.0,0.0,0.0,0.0,0.0,0.0,0.0,0.0,0.0,0.0,0.0,0.0,-0.0,-0.0,-0.0,-0.0,-0.0,-0.0,0.0,0.0,0.0,0.0,0.0,0.0,596.170000000018
27.66,33.13,58.34,0.05999999999999872,0.0800000000000054,0.12000000000000455,2.109182935647144,1.7609417446423181,1.0,2.109804240429014,1.7609531462865444,1.0,2.10993203318471,1.7609883979517384,1.0,58.360720037889074,58.3415456241411,58.34,0.01054966016592355,0.008804941989758692,0.005,58.35017037772315,58.33274068215134,58.335,58.371269698054995,58.35035056613086,58.345000000000006,58.345000000000006,58.35017037772315,0.0051703777231466574,8.862491812044321e-05,VGLT,SPTL,2025-10-28,False,3616.0,3018.0,1714.0,0.0,0.0,0.0,,,0.0,0.0,0.0,False,True,False,0.0,,,0.0,0.0,0.0,0.0,0.0,0.0,0.0,0.0,0.0,0.0,0.0,0.0,0.0,0.0,-0.0,-0.0,-0.0,-0.0,-0.0,-0.0,0.0,0.0,0.0,0.0,0.0,0.0,596.170000000018
27.39,32.81,57.8,-0.2699999999999996,-0.3200000000000003,-0.5400000000000063,2.1102592186929536,1.7616580310880827,1.0,2.109796437958134,1.7610100475905193,1.0,2.109804240429014,1.7609531462865444,1.0,57.787538145350695,57.77687272966153,57.8,0.01054902120214507,0.008804765731432723,0.005,57.77698912414855,57.76806796393009,57.794999999999995,57.79808716655284,57.78567749539296,57.805,57.78567749539296,57.794999999999995,0.009322504607034432,0.0001612890070421182,SCHQ,VGLT,2025-10-29,False,3650.0,3046.0,1730.0,0.0,0.0,0.0,,,0.0,0.0,0.0,False,True,False,0.0,,,0.0,0.0,0.0,0.0,0.0,0.0,0.0,0.0,0.0,0.0,0.0,0.0,0.0,0.0,-0.0,-0.0,-0.0,-0.0,-0.0,-0.0,0.0,-0.0,-0.0,-0.0,0.0,0.0,596.170000000018
27.27,32.67,57.53,-0.120000000000001,-0.14000000000000057,-0.269999999999996,2.1096442977631096,1.7609427609427608,1.0,2.1097346668610824,1.7609500101975535,1.0,2.109796437958134,1.7610100475905193,1.0,57.53414886311831,57.532198254782266,57.53,0.01054898218979067,0.008805050237952597,0.005,57.52359988092852,57.52339320454431,57.525,57.5446978453081,57.54100330502022,57.535000000000004,57.535000000000004,57.525,-0.010000000000005116,-0.00017382235355475605,VGLT,VGLT,2025-10-30,False,3667.0,3061.0,1738.0,0.0,0.0,0.0,,,0.0,0.0,0.0,False,True,False,0.0,,,0.0,0.0,0.0,0.0,0.0,0.0,0.0,0.0,0.0,0.0,0.0,0.0,0.0,0.0,-0.0,-0.0,-0.0,-0.0,-0.0,-0.0,0.0,-0.0,-0.0,-0.0,0.0,0.0,596.170000000018
27.2,32.6,57.39,-0.07000000000000028,-0.07000000000000028,-0.14000000000000057,2.1099264705882352,1.7604294478527607,1.0,2.1097903835516956,1.7609126141429026,1.0,2.1097346668610824,1.7609500101975535,1.0,57.38478293862144,57.406970332440245,57.39,0.010548673334305411,0.008804750050987768,0.005,57.374234265287136,57.39816558238926,57.385,57.39533161195575,57.41577508249123,57.395,57.395,57.39816558238926,0.003165582389257793,5.5159128580898985e-05,VGLT,SCHQ,2025-10-31,False,3675.0,3068.0,1742.0,0.0,0.0,0.0,,,0.0,0.0,0.0,False,True,False,0.0,,,0.0,0.0,0.0,0.0,0.0,0.0,0.0,0.0,0.0,0.0,0.0,0.0,0.0,0.0,-0.0,-0.0,-0.0,-0.0,-0.0,-0.0,0.0,-0.0,-0.0,-0.0,0.0,0.0,596.170000000018
27.05,32.4,57.05,-0.14999999999999858,-0.20000000000000284,-0.3400000000000034,2.1090573012939,1.7608024691358024,1.0,2.1097262626095277,1.7608861297041483,1.0,2.1097903835516956,1.7609126141429026,1.0,57.06982987507337,57.05356869823004,57.05,0.010548951917758478,0.008804563070714514,0.005,57.05928092315561,57.044764135159326,57.044999999999995,57.08037882699112,57.06237326130075,57.055,57.055,57.05928092315561,0.004280923155612015,7.503809212291e-05,VGLT,SPTL,2025-11-03,True,3698.0,3087.0,1753.0,0.0,0.0,0.0,,,0.0,0.0,0.0,False,True,False,0.0,,,0.0,0.0,0.0,0.0,0.0,0.0,0.0,0.0,0.0,0.0,0.0,0.0,0.0,0.0,-0.0,-0.0,-0.0,-0.0,-0.0,-0.0,0.0,-0.0,-0.0,-0.0,0.0,0.0,596.170000000018
27.1,32.47,57.17,0.05000000000000071,0.07000000000000028,0.12000000000000455,2.109594095940959,1.760702186633816,1.0,2.1096910971584153,1.760968414732537,1.0,2.1097262626095277,1.7608861297041483,1.0,57.1735817167182,57.17597263149369,57.17,0.01054863131304764,0.00880443064852074,0.005,57.163033085405154,57.167168200845175,57.165,57.18413034803125,57.18477706214221,57.175000000000004,57.175000000000004,57.167168200845175,-0.0078317991548289,-0.00013699141428771908,VGLT,SCHQ,2025-11-04,False,3690.0,3080.0,1749.0,0.0,0.0,0.0,,,0.0,0.0,0.0,False,True,True,0.0,,,0.0,0.0,0.0,0.0,0.0,0.0,0.0,0.0,0.0,0.0,0.0,0.0,0.0,0.0,-0.0,-0.0,-0.0,-0.0,-0.0,-0.0,0.0,0.0,0.0,0.0,0.0,0.0,596.170000000018
26.83,32.14,56.58,-0.2700000000000031,-0.3299999999999983,-0.5900000000000034,2.1088333954528515,1.760423148724331,1.0,2.109587808586606,1.7610083177870628,1.0,2.1096910971584153,1.760968414732537,1.0,56.60301213676028,56.59752484950374,56.58,0.010548455485792077,0.008804842073662686,0.005,56.59246368127449,56.58872000743008,56.574999999999996,56.61356059224607,56.60632969157741,56.585,56.585,56.59246368127449,0.007463681274487044,0.0001319137729672507,VGLT,SPTL,2025-11-05,False,3728.0,3112.0,1767.0,0.0,0.0,0.0,,,0.0,0.0,0.0,False,True,False,0.0,,,0.0,0.0,0.0,0.0,0.0,0.0,0.0,0.0,0.0,0.0,0.0,0.0,0.0,0.0,-0.0,-0.0,-0.0,-0.0,-0.0,-0.0,0.0,-0.0,-0.0,-0.0,0.0,0.0,596.170000000018
27.07,32.42,57.08,0.240000000000002,0.28000000000000114,0.5,2.1086073143701514,1.7606415792720542,1.0,2.1094303582054392,1.7609571494623713,1.0,2.109587808586606,1.7610083177870628,1.0,57.106541978439424,57.09188966265658,57.08,0.01054793904293303,0.008805041588935315,0.005,57.095994039396494,57.08308462106764,57.074999999999996,57.11708991748235,57.10069470424551,57.085,57.085,57.095994039396494,0.01099403939649335,0.000192607557752161,VGLT,SPTL,2025-11-06,False,3696.0,3085.0,1752.0,0.0,0.0,0.0,,,0.0,0.0,0.0,False,True,False,0.0,,,0.0,0.0,0.0,0.0,0.0,0.0,0.0,0.0,0.0,0.0,0.0,0.0,0.0,0.0,-0.0,-0.0,-0.0,-0.0,-0.0,-0.0,0.0,0.0,0.0,0.0,0.0,0.0,596.170000000018
27.0,32.35,56.97,-0.07000000000000028,-0.07000000000000028,-0.10999999999999943,2.11,1.761051004636785,1.0,2.1094525319604376,1.7609165746604958,1.0,2.1094303582054392,1.7609571494623713,1.0,56.95461967154686,56.966963785107716,56.97,0.010547151791027196,0.008804785747311857,0.005,56.94407251975583,56.95815899936041,56.964999999999996,56.96516682333789,56.975768570855024,56.975,56.96516682333789,56.964999999999996,-0.00016682333789219683,-2.9282664190310135e-06,SPTL,VGLT,2025-11-07,False,3702.0,3090.0,1755.0,0.0,0.0,0.0,,,0.0,0.0,0.0,False,True,False,0.0,,,0.0,0.0,0.0,0.0,0.0,0.0,0.0,0.0,0.0,0.0,0.0,0.0,0.0,0.0,-0.0,-0.0,-0.0,-0.0,-0.0,-0.0,0.0,-0.0,-0.0,-0.0,0.0,0.0,596.170000000018
27.0,32.34,56.94,0.0,-0.00999999999999801,-0.030000000000001137,2.1088888888888886,1.760667903525046,1.0,2.109399391863819,1.7608260276453755,1.0,2.1094525319604376,1.7609165746604958,1.0,56.95521836293182,56.94804202452044,56.94,0.010547262659802189,0.008804582873302479,0.005,56.94467110027202,56.93923744164714,56.934999999999995,56.965765625591615,56.95684660739374,56.945,56.945,56.94467110027202,-0.0003288997279824457,-5.776250930496061e-06,VGLT,SPTL,2025-11-10,False,3704.0,3092.0,1756.0,0.0,0.0,0.0,,,0.0,0.0,0.0,False,True,False,0.0,,,0.0,0.0,0.0,0.0,0.0,0.0,0.0,0.0,0.0,0.0,0.0,0.0,0.0,0.0,-0.0,-0.0,-0.0,-0.0,-0.0,-0.0,0.0,0.0,-0.0,-0.0,0.0,0.0,596.170000000018
27.12,32.49,57.19,0.120000000000001,0.14999999999999858,0.25,2.1087758112094392,1.7602339181286548,1.0,2.109358679420049,1.7607552449940094,1.0,2.109399391863819,1.7608260276453755,1.0,57.206911507346774,57.20923763819825,57.19,0.010546996959319096,0.008804130138226878,0.005,57.196364510387454,57.20043350806003,57.184999999999995,57.217458504306094,57.21804176833648,57.195,57.195,57.20043350806003,0.005433508060029624,9.500800944272817e-05,VGLT,SCHQ,2025-11-11,False,3689.0,3080.0,1749.0,0.0,0.0,0.0,,,0.0,0.0,0.0,False,True,False,0.0,,,0.0,0.0,0.0,0.0,0.0,0.0,0.0,0.0,0.0,0.0,0.0,0.0,0.0,0.0,-0.0,-0.0,-0.0,-0.0,-0.0,-0.0,0.0,0.0,0.0,0.0,0.0,0.0,596.170000000018
27.17,32.53,57.29,0.05000000000000071,0.03999999999999915,0.10000000000000142,2.1085756348914244,1.7611435597909622,1.0,2.109190321039896,1.7607037978642974,1.0,2.109358679420049,1.7607552449940094,1.0,57.311275319842736,57.27736811965513,57.29,0.010546793397100246,0.008803776224970047,0.005,57.30072852644564,57.26856434343016,57.285,57.32182211323983,57.2861718958801,57.295,57.2861718958801,57.30072852644564,0.014556630565536466,0.00025408676148606154,SCHQ,SPTL,2025-11-12,False,3683.0,3074.0,1746.0,0.0,0.0,0.0,,,0.0,0.0,0.0,False,True,False,0.0,,,0.0,0.0,0.0,0.0,0.0,0.0,0.0,0.0,0.0,0.0,0.0,0.0,0.0,0.0,-0.0,-0.0,-0.0,-0.0,-0.0,-0.0,0.0,0.0,0.0,0.0,0.0,0.0,596.170000000018
26.98,32.31,56.89,-0.19000000000000128,-0.21999999999999886,-0.3999999999999986,2.108598962194218,1.7607551841535127,1.0,2.1090857874830067,1.7606850401853726,1.0,2.109190321039896,1.7607037978642974,1.0,56.90595486165639,56.88833970899545,56.89,0.01054595160519948,0.008803518989321487,0.005,56.89540891005119,56.87953619000613,56.885,56.91650081326159,56.89714322798478,56.895,56.895,56.89540891005119,0.0004089100511848187,7.18773160810017e-06,VGLT,SPTL,2025-11-13,False,3708.0,3095.0,1758.0,0.0,0.0,0.0,,,0.0,0.0,0.0,False,True,False,0.0,,,0.0,0.0,0.0,0.0,0.0,0.0,0.0,0.0,0.0,0.0,0.0,0.0,0.0,0.0,-0.0,-0.0,-0.0,-0.0,-0.0,-0.0,0.0,-0.0,-0.0,-0.0,0.0,0.0,596.170000000018
26.84,32.16,56.6,-0.14000000000000057,-0.15000000000000568,-0.28999999999999915,2.1087928464977646,1.759950248756219,1.0,2.1089724250739597,1.760637120275718,1.0,2.1090857874830067,1.7606850401853726,1.0,56.607862536043896,56.623630892361575,56.6,0.010545428937415034,0.008803425200926864,0.005,56.597317107106484,56.61482746716065,56.595,56.61840796498131,56.6324343175625,56.605000000000004,56.605000000000004,56.61482746716065,0.00982746716064753,0.00017363016184889627,VGLT,SCHQ,2025-11-14,False,3727.0,3111.0,1767.0,0.0,0.0,0.0,,,0.0,0.0,0.0,False,True,False,0.0,,,0.0,0.0,0.0,0.0,0.0,0.0,0.0,0.0,0.0,0.0,0.0,0.0,0.0,0.0,-0.0,-0.0,-0.0,-0.0,-0.0,-0.0,0.0,-0.0,-0.0,-0.0,0.0,0.0,596.170000000018
26.9,32.23,56.75,0.05999999999999872,0.07000000000000028,0.14999999999999858,2.109665427509294,1.7607818802358053,1.0,2.109033237695499,1.7606350613857185,1.0,2.1089724250739597,1.760637120275718,1.0,56.73135823448951,56.74533438648639,56.75,0.010544862125369798,0.00880318560137859,0.005,56.72081337236414,56.73653120088501,56.745,56.741903096614884,56.75413757208777,56.755,56.741903096614884,56.745,0.003096903385113592,5.457098475971087e-05,SPTL,VGLT,2025-11-17,False,3716.0,3102.0,1762.0,0.0,0.0,0.0,,,0.0,0.0,0.0,False,True,False,0.0,,,0.0,0.0,0.0,0.0,0.0,0.0,0.0,0.0,0.0,0.0,0.0,0.0,0.0,0.0,-0.0,-0.0,-0.0,-0.0,-0.0,-0.0,0.0,0.0,0.0,0.0,0.0,0.0,596.170000000018
26.89,32.2,56.71,-0.00999999999999801,-0.02999999999999403,-0.03999999999999915,2.108962439568613,1.7611801242236023,1.0,2.1089700720582645,1.7606828551446974,1.0,2.109033237695499,1.7606350613857185,1.0,56.711903761631966,56.69244897662014,56.71,0.010545166188477496,0.008803175306928592,0.005,56.70135859544349,56.68364580131321,56.705,56.722448927820444,56.70125215192707,56.715,56.70125215192707,56.705,0.003747848072926274,6.608795755468655e-05,SCHQ,VGLT,2025-11-18,False,3718.0,3104.0,1763.0,0.0,0.0,0.0,,,0.0,0.0,0.0,False,True,False,0.0,,,0.0,0.0,0.0,0.0,0.0,0.0,0.0,0.0,0.0,0.0,0.0,0.0,0.0,0.0,-0.0,-0.0,-0.0,-0.0,-0.0,-0.0,0.0,-0.0,-0.0,-0.0,0.0,0.0,596.170000000018
26.85,32.18,56.65,-0.03999999999999915,-0.020000000000003126,-0.060000000000002274,2.1098696461824953,1.7604101926662523,1.0,2.1090736971312287,1.7606815595388894,1.0,2.1089700720582645,1.7606828551446974,1.0,56.625846434764405,56.65877427855636,56.65,0.010544850360291323,0.008803414275723486,0.005,56.615301584404115,56.64997086428063,56.644999999999996,56.636391285124695,56.66757769283208,56.655,56.636391285124695,56.64997086428063,0.013579579155937438,0.00023971013514452672,SPTL,SCHQ,2025-11-19,False,3722.0,3108.0,1765.0,0.0,0.0,0.0,,,0.0,0.0,0.0,False,True,False,0.0,,,0.0,0.0,0.0,0.0,0.0,0.0,0.0,0.0,0.0,0.0,0.0,0.0,0.0,0.0,-0.0,-0.0,-0.0,-0.0,-0.0,-0.0,0.0,-0.0,-0.0,-0.0,0.0,0.0,596.170000000018
26.96,32.28,56.85,0.10999999999999943,0.10000000000000142,0.20000000000000284,2.108679525222552,1.7611524163568772,1.0,2.109080918216469,1.7607326432473716,1.0,2.1090736971312287,1.7606815595388894,1.0,56.860626874657925,56.83480074191535,56.85,0.010545368485656143,0.008803407797694448,0.005,56.850081506172266,56.82599733411766,56.845,56.87117224314358,56.843604149713045,56.855000000000004,56.843604149713045,56.850081506172266,0.006477356459221539,0.00011393766858788988,SCHQ,SPTL,2025-11-20,False,3710.0,3097.0,1759.0,0.0,0.0,0.0,,,0.0,0.0,0.0,False,True,False,0.0,,,0.0,0.0,0.0,0.0,0.0,0.0,0.0,0.0,0.0,0.0,0.0,0.0,0.0,0.0,-0.0,-0.0,-0.0,-0.0,-0.0,-0.0,0.0,0.0,0.0,0.0,0.0,0.0,596.170000000018
27.01,32.36,56.99,0.05000000000000071,0.0799999999999983,0.14000000000000057,2.109959274342836,1.761124845488257,1.0,2.1090768456507525,1.760740027332519,1.0,2.109080918216469,1.7607326432473716,1.0,56.96627560102684,56.97730833548494,56.99,0.010545404591082346,0.008803663216236858,0.005,56.95573019643575,56.96850467226871,56.985,56.97682100561792,56.986111998701176,56.995000000000005,56.97682100561792,56.985,0.00817899438207803,0.00014351630780975663,SPTL,VGLT,2025-11-21,False,3701.0,3090.0,1755.0,0.0,0.0,0.0,,,0.0,0.0,0.0,False,True,False,0.0,,,0.0,0.0,0.0,0.0,0.0,0.0,0.0,0.0,0.0,0.0,0.0,0.0,0.0,0.0,-0.0,-0.0,-0.0,-0.0,-0.0,-0.0,0.0,0.0,0.0,0.0,0.0,0.0,596.170000000018
27.16,32.54,57.27,0.14999999999999858,0.17999999999999972,0.28000000000000114,2.108615611192931,1.7599877074370007,1.0,2.109049517881157,1.7606720077237141,1.0,2.1090768456507525,1.760740027332519,1.0,57.28252712787444,57.29448048940017,57.27,0.010545384228253763,0.008803700136662596,0.005,57.27198174364619,57.28567678926351,57.265,57.29307251210269,57.30328418953683,57.275000000000006,57.275000000000006,57.28567678926351,0.010676789263506237,0.00018642900756951695,VGLT,SCHQ,2025-11-24,False,3682.0,3074.0,1746.0,0.0,0.0,0.0,,,0.0,0.0,0.0,False,True,False,0.0,,,0.0,0.0,0.0,0.0,0.0,0.0,0.0,0.0,0.0,0.0,0.0,0.0,0.0,0.0,-0.0,-0.0,-0.0,-0.0,-0.0,-0.0,0.0,0.0,0.0,0.0,0.0,0.0,596.170000000018
27.23,32.63,57.46,0.07000000000000028,0.09000000000000341,0.18999999999999773,2.1101726037458683,1.7609561752988048,1.0,2.1091891971347994,1.7607442334407293,1.0,2.109049517881157,1.7606720077237141,1.0,57.4294183719039,57.4507276120248,57.46,0.010545247589405784,0.008803360038618572,0.005,57.418873124314494,57.44192425198618,57.455,57.439963619493305,57.45953097206342,57.465,57.439963619493305,57.455,0.015036380506693092,0.00026168431094140434,SPTL,VGLT,2025-11-25,False,3670.0,3064.0,1740.0,0.0,0.0,0.0,,,0.0,0.0,0.0,False,True,False,0.0,,,0.0,0.0,0.0,0.0,0.0,0.0,0.0,0.0,0.0,0.0,0.0,0.0,0.0,0.0,-0.0,-0.0,-0.0,-0.0,-0.0,-0.0,0.0,0.0,0.0,0.0,0.0,0.0,596.170000000018
27.34,32.73,57.66,0.10999999999999943,0.09999999999999432,0.19999999999999574,2.108997805413314,1.7616865261228232,1.0,2.1092314141869886,1.7607985300739155,1.0,2.1091891971347994,1.7607442334407293,1.0,57.66523264966541,57.62915876051506,57.66,0.010545945985673997,0.008803721167203647,0.005,57.65468670367974,57.62035503934786,57.654999999999994,57.67577859565109,57.637962481682266,57.665,57.637962481682266,57.654999999999994,0.017037518317728484,0.0002954824543483955,SCHQ,VGLT,2025-11-26,False,3657.0,3053.0,1734.0,0.0,0.0,0.0,,,0.0,0.0,0.0,False,True,False,0.0,,,0.0,0.0,0.0,0.0,0.0,0.0,0.0,0.0,0.0,0.0,0.0,0.0,0.0,0.0,-0.0,-0.0,-0.0,-0.0,-0.0,-0.0,0.0,0.0,0.0,0.0,0.0,0.0,596.170000000018
27.22,32.61,57.4,-0.120000000000001,-0.11999999999999744,-0.259999999999998,2.1087435709037474,1.760196258816314,1.0,2.1092458750579413,1.7607426375401958,1.0,2.1092314141869886,1.7607985300739155,1.0,57.41327909416982,57.41964006571038,57.4,0.010546157070934942,0.008803992650369578,0.005,57.40273293709889,57.41083607306001,57.394999999999996,57.42382525124076,57.42844405836075,57.405,57.405,57.41083607306001,0.005836073060009994,0.00010167374669006958,VGLT,SCHQ,2025-11-28,False,3674.0,3067.0,1742.0,0.0,0.0,0.0,,,0.0,0.0,0.0,False,True,False,0.0,,,0.0,0.0,0.0,0.0,0.0,0.0,0.0,0.0,0.0,0.0,0.0,0.0,0.0,0.0,-0.0,-0.0,-0.0,-0.0,-0.0,-0.0,0.0,-0.0,-0.0,-0.0,0.0,0.0,596.170000000018
26.81,32.15,56.55,-0.41000000000000014,-0.46000000000000085,-0.8500000000000014,2.1092875792614696,1.7589424572317263,1.0,2.1092953483343124,1.7606418583877463,1.0,2.1092458750579413,1.7607426375401958,1.0,56.5488819103034,56.60787579691729,56.55,0.010546229375289706,0.00880371318770098,0.005,56.538335680928114,56.59907208372959,56.544999999999995,56.55942813967869,56.616679510104994,56.555,56.555,56.59907208372959,0.044072083729588485,0.0007793471923888326,VGLT,SCHQ,2025-12-01,True,3729.0,3113.0,1768.0,0.0,0.0,0.0,,,0.0,0.0,0.0,False,False,False,-0.0,,,0.0,0.0,0.0,0.0,0.0,0.0,0.0,0.0,0.0,0.0,0.0,0.0,0.0,0.0,-0.0,-0.0,-0.0,-0.0,-0.0,-0.0,0.0,-0.0,-0.0,-0.0,0.0,0.0,596.170000000018
26.85,32.17,56.6,0.0400000000000027,0.020000000000003126,0.05000000000000426,2.1080074487895715,1.7594031706558906,1.0,2.1091295504623395,1.760503987429755,1.0,2.1092953483343124,1.7606418583877463,1.0,56.63458010277629,56.639848584333805,56.6,0.010546476741671562,0.008803209291938731,0.005,56.62403362603462,56.631045375041865,56.595,56.645126579517964,56.648651793625746,56.605000000000004,56.605000000000004,56.631045375041865,0.026045375041860552,0.00046016563678198853,VGLT,SCHQ,2025-12-02,False,3727.0,3111.0,1767.0,0.0,0.0,0.0,,,0.0,0.0,-0.0,False,False,True,0.0,,,0.0,0.0,0.0,0.0,0.0,0.0,0.0,0.0,0.0,0.0,0.0,0.0,0.0,0.0,-0.0,-0.0,-0.0,-0.0,-0.0,-0.0,0.0,0.0,0.0,0.0,0.0,0.0,596.170000000018
26.91,32.25,56.74,0.05999999999999872,0.0799999999999983,0.14000000000000057,2.1085098476402826,1.7593798449612403,1.0,2.1090842912695065,1.7603239595035187,1.0,2.1091295504623395,1.760503987429755,1.0,56.756676202941556,56.7762535946096,56.74,0.010545647752311697,0.008802519937148775,0.005,56.74613055518925,56.76745107467245,56.735,56.767221850693865,56.78505611454675,56.745000000000005,56.745000000000005,56.76745107467245,0.022451074672446225,0.00039568337455844597,VGLT,SCHQ,2025-12-03,False,3716.0,3102.0,1762.0,0.0,0.0,0.0,,,0.0,0.0,0.0,False,False,False,-0.0,,,0.0,0.0,0.0,0.0,0.0,0.0,0.0,0.0,0.0,0.0,0.0,0.0,0.0,0.0,-0.0,-0.0,-0.0,-0.0,-0.0,-0.0,0.0,0.0,0.0,0.0,0.0,0.0,596.170000000018
26.78,32.09,56.46,-0.129999999999999,-0.1599999999999966,-0.28000000000000114,2.1082897684839432,1.7594266126519162,1.0,2.1089263034996515,1.760225601502085,1.0,2.1090842912695065,1.7603239595035187,1.0,56.481277320197385,56.488795860467924,56.46,0.010545421456347532,0.008801619797517594,0.005,56.470731898741036,56.47999424067041,56.455,56.491822741653735,56.49759748026544,56.465,56.465,56.47999424067041,0.014994240670404224,0.0002655728067730114,VGLT,SCHQ,2025-12-04,False,3735.0,3118.0,1771.0,0.0,0.0,0.0,,,0.0,0.0,-0.0,False,True,False,0.0,,,0.0,0.0,0.0,0.0,0.0,0.0,0.0,0.0,0.0,0.0,0.0,0.0,0.0,0.0,-0.0,-0.0,-0.0,-0.0,-0.0,-0.0,0.0,-0.0,-0.0,-0.0,0.0,0.0,596.170000000018
26.66,31.94,56.22,-0.120000000000001,-0.15000000000000213,-0.240000000000002,2.1087771942985745,1.76017532874139,1.0,2.108936070407254,1.7601278927405364,1.0,2.1089263034996515,1.760225601502085,1.0,56.22397525130071,56.22160571197659,56.22,0.010544631517498258,0.008801128007510425,0.005,56.21343061978321,56.21280458396908,56.214999999999996,56.234519882818205,56.230406839984106,56.225,56.225,56.214999999999996,-0.010000000000005116,-0.00017787264318756878,VGLT,VGLT,2025-12-05,False,3752.0,3131.0,1779.0,0.0,0.0,0.0,,,0.0,0.0,0.0,False,True,False,0.0,,,0.0,0.0,0.0,0.0,0.0,0.0,0.0,0.0,0.0,0.0,0.0,0.0,0.0,0.0,-0.0,-0.0,-0.0,-0.0,-0.0,-0.0,0.0,-0.0,-0.0,-0.0,0.0,0.0,596.170000000018
26.58,31.86,56.03,-0.08000000000000185,-0.08000000000000185,-0.18999999999999773,2.1079759217456737,1.758631512868801,1.0,2.1087377351475376,1.7598785594785906,1.0,2.108936070407254,1.7601278927405364,1.0,56.055520751424815,56.07767466271349,56.03,0.01054468035203627,0.008800639463702683,0.005,56.04497607107278,56.06887402324979,56.025,56.06606543177685,56.08647530217719,56.035000000000004,56.035000000000004,56.06887402324979,0.033874023249786944,0.0006045693958555585,VGLT,SCHQ,2025-12-08,False,3764.0,3142.0,1785.0,0.0,0.0,0.0,,,0.0,0.0,0.0,False,False,False,-0.0,,,0.0,0.0,0.0,0.0,0.0,0.0,0.0,0.0,0.0,0.0,0.0,0.0,0.0,0.0,-0.0,-0.0,-0.0,-0.0,-0.0,-0.0,0.0,-0.0,-0.0,-0.0,0.0,0.0,596.170000000018
26.59,31.87,56.06,0.010000000000001563,0.010000000000001563,0.030000000000001137,2.1083113952613766,1.7590210229055538,1.0,2.1087073135543823,1.7597818910254461,1.0,2.1087377351475376,1.7598785594785906,1.0,56.071336377573026,56.087329690582685,56.06,0.010543688675737689,0.008799392797392953,0.005,56.06079268889729,56.07853029778529,56.055,56.081880066248765,56.09612908338008,56.065000000000005,56.065000000000005,56.07853029778529,0.01353029778528736,0.0002413538670226072,VGLT,SCHQ,2025-12-09,False,3762.0,3140.0,1784.0,0.0,0.0,0.0,,,0.0,0.0,-0.0,False,True,False,0.0,,,0.0,0.0,0.0,0.0,0.0,0.0,0.0,0.0,0.0,0.0,0.0,0.0,0.0,0.0,-0.0,-0.0,-0.0,-0.0,-0.0,-0.0,0.0,0.0,0.0,0.0,0.0,0.0,596.170000000018
26.69,31.98,56.28,0.10000000000000142,0.10999999999999943,0.21999999999999886,2.1086549269389283,1.7598499061913697,1.0,2.1085555458736884,1.7596712641147025,1.0,2.1087073135543823,1.7597818910254461,1.0,56.28139819876647,56.27782487499377,56.28,0.010543536567771912,0.008798909455127232,0.005,56.270854662198694,56.26902596553864,56.275,56.29194173533424,56.2866237844489,56.285000000000004,56.285000000000004,56.275,-0.010000000000005116,-0.00017768301350399993,VGLT,VGLT,2025-12-10,False,3747.0,3127.0,1777.0,0.0,0.0,0.0,,,0.0,0.0,0.0,False,True,False,0.0,,,0.0,0.0,0.0,0.0,0.0,0.0,0.0,0.0,0.0,0.0,0.0,0.0,0.0,0.0,-0.0,-0.0,-0.0,-0.0,-0.0,-0.0,0.0,0.0,0.0,0.0,0.0,0.0,596.170000000018
26.67,31.96,56.24,-0.019999999999999574,-0.019999999999999574,-0.03999999999999915,2.1087364079490065,1.7596996245306633,1.0,2.108529406127257,1.7594725739554864,1.0,2.1085555458736884,1.7596712641147025,1.0,56.235176408451274,56.23909360110589,56.24,0.010542777729368442,0.008798356320573512,0.005,56.224633630721904,56.23029524478532,56.235,56.245719186180644,56.24789195742647,56.245000000000005,56.245000000000005,56.235,-0.010000000000005116,-0.00017780938833579507,VGLT,VGLT,2025-12-11,False,3749.0,3129.0,1778.0,0.0,0.0,0.0,,,0.0,0.0,0.0,False,True,False,0.0,,,0.0,0.0,0.0,0.0,0.0,0.0,0.0,0.0,0.0,0.0,0.0,0.0,0.0,0.0,-0.0,-0.0,-0.0,-0.0,-0.0,-0.0,0.0,-0.0,-0.0,-0.0,0.0,0.0,596.170000000018
26.45,31.69,55.76,-0.22000000000000242,-0.2699999999999996,-0.480000000000004,2.1081285444234403,1.7595455979804353,1.0,2.1084679034792266,1.7594075078718987,1.0,2.108529406127257,1.7594725739554864,1.0,55.770602792065944,55.75768586864937,55.76,0.010542647030636286,0.008797362869777432,0.005,55.760060145035304,55.74888850577959,55.754999999999995,55.78114543909658,55.766483231519146,55.765,55.765,55.760060145035304,-0.004939854964696622,-8.859137311148891e-05,VGLT,SPTL,2025-12-12,False,3781.0,3155.0,1793.0,0.0,0.0,0.0,,,0.0,0.0,0.0,False,True,False,0.0,,,0.0,0.0,0.0,0.0,0.0,0.0,0.0,0.0,0.0,0.0,0.0,0.0,0.0,0.0,-0.0,-0.0,-0.0,-0.0,-0.0,-0.0,0.0,-0.0,-0.0,-0.0,0.0,0.0,596.170000000018
26.48,31.71,55.82,0.030000000000001137,0.019999999999999574,0.060000000000002274,2.1080060422960725,1.760327972248502,1.0,2.1083397497826875,1.759546059373576,1.0,2.1084679034792266,1.7594075078718987,1.0,55.832230084129925,55.79081207461791,55.82,0.010542339517396134,0.008797037539359493,0.005,55.82168774461253,55.78201503707855,55.815,55.84277242364732,55.79960911215727,55.825,55.79960911215727,55.82168774461253,0.02207863245526198,0.00039553264878649196,SCHQ,SPTL,2025-12-15,False,3776.0,3151.0,1791.0,0.0,0.0,0.0,,,0.0,0.0,0.0,False,False,False,-0.0,,,0.0,0.0,0.0,0.0,0.0,0.0,0.0,0.0,0.0,0.0,0.0,0.0,0.0,0.0,-0.0,-0.0,-0.0,-0.0,-0.0,-0.0,0.0,0.0,0.0,0.0,0.0,0.0,596.170000000018
