SCHZ_price,SPAB_price,BND_price,AGG_price,SCHZ_price_chg,SPAB_price_chg,BND_price_chg,AGG_price_chg,AGG/SCHZ,AGG/SPAB,AGG/BND,AGG/AGG,AGG/SCHZ_moving_avg,AGG/SPAB_moving_avg,AGG/BND_moving_avg,AGG/AGG_moving_avg,AGG/SCHZ_prev_moving_avg,AGG/SPAB_prev_moving_avg,AGG/BND_prev_moving_avg,AGG/AGG_prev_moving_avg,SCHZ_scaled_price,SPAB_scaled_price,BND_scaled_price,AGG_scaled_price,SCHZ_scaled_comm,SPAB_scaled_comm,BND_scaled_comm,AGG_scaled_comm,SCHZ_scaled_price_minus_comm,SPAB_scaled_price_minus_comm,BND_scaled_price_minus_comm,AGG_scaled_price_minus_comm,SCHZ_scaled_price_plus_comm,SPAB_scaled_price_plus_comm,BND_scaled_price_plus_comm,AGG_scaled_price_plus_comm,min_price_plus_comm,max_price_minus_comm,tgt_max-min,tgt_pct_diff,tgt_min_price_etf,tgt_max_price_etf,date,ex_div_date,SCHZ_shs_per_unit,SPAB_shs_per_unit,BND_shs_per_unit,AGG_shs_per_unit,SCHZ_current_shs,SPAB_current_shs,BND_current_shs,AGG_current_shs,current_long_etf,current_short_etf,current_max-min,current_pct_diff,current_position,open_trade,exit_trade,flatten_for_div,tgt_position,tgt_long_etf,tgt_short_etf,SCHZ_tgt_shs,SPAB_tgt_shs,BND_tgt_shs,AGG_tgt_shs,SCHZ_tgt_inv_amt,SPAB_tgt_inv_amt,BND_tgt_inv_amt,AGG_tgt_inv_amt,gross_inv_amt,net_inv_amt,SCHZ_shs_to_trade,SPAB_shs_to_trade,BND_shs_to_trade,AGG_shs_to_trade,SCHZ_shs_to_buy,SPAB_shs_to_buy,BND_shs_to_buy,AGG_shs_to_buy,SCHZ_shs_to_sell,SPAB_shs_to_sell,BND_shs_to_sell,AGG_shs_to_sell,SCHZ_daily_comm,SPAB_daily_comm,BND_daily_comm,AGG_daily_comm,daily_comm,SCHZ_daily_profit,SPAB_daily_profit,BND_daily_profit,AGG_daily_profit,daily_gross_profit,daily_net_profit,cumulative_net_profit
22.71,25.01,71.94,96.91,,,,,4.267283135182739,3.8748500599760094,1.3470948012232415,1.0,,,,,,,,,,,,,,,,,,,,,,,,,,,,,,,2025-01-02,False,,,,,,,,,,,,,,False,False,False,,,,,,,,,,,,,,,,,,,,,,,,,,,,,,,,,,,,,
22.68,24.98,71.85,96.81,-0.030000000000001137,-0.030000000000001137,-0.09000000000000341,-0.09999999999999432,4.268518518518519,3.8755004003202562,1.3473903966597078,1.0,,,,,,,,,,,,,,,,,,,,,,,,,,,,,,,2025-01-03,False,,,,,,,,,,,,,,False,False,False,,,,,,,,,,,,,,,,,,,,,,,,,,,,,,,,,,,,,
22.66,24.94,71.78,96.71,-0.019999999999999574,-0.03999999999999915,-0.06999999999999318,-0.10000000000000853,4.267872903795234,3.8777064955894143,1.3473112287545277,1.0,,,,,,,,,,,,,,,,,,,,,,,,,,,,,,,2025-01-06,False,,,,,,,,,,,,,,False,False,False,,,,,,,,,,,,,,,,,,,,,,,,,,,,,,,,,,,,,
22.59,24.87,71.53,96.37,-0.07000000000000028,-0.07000000000000028,-0.25,-0.3399999999999892,4.266046923417441,3.874949738640933,1.347266881028939,1.0,,,,,,,,,,,,,,,,,,,,,,,,,,,,,,,2025-01-07,False,,,,,,,,,,,,,,False,False,False,,,,,,,,,,,,,,,,,,,,,,,,,,,,,,,,,,,,,
22.61,24.89,71.61,96.48,0.019999999999999574,0.019999999999999574,0.0799999999999983,0.10999999999999943,4.267138434321097,3.8762555243069508,1.3472978634268957,1.0,,,,,,,,,,,,,,,,,,,,,,,,,,,,,,,2025-01-08,False,,,,,,,,,,,,,,False,False,False,,,,,,,,,,,,,,,,,,,,,,,,,,,,,,,,,,,,,
22.49,24.76,71.24,95.94,-0.120000000000001,-0.129999999999999,-0.37000000000000455,-0.5400000000000063,4.265895953757226,3.8747980613893374,1.3467153284671534,1.0,,,,,,,,,,,,,,,,,,,,,,,,,,,,,,,2025-01-10,False,,,,,,,,,,,,,,False,False,False,,,,,,,,,,,,,,,,,,,,,,,,,,,,,,,,,,,,,
22.46,24.73,71.17,95.85,-0.029999999999997584,-0.030000000000001137,-0.06999999999999318,-0.09000000000000341,4.267586821015137,3.8758592802264453,1.3467753266825908,1.0,,,,,,,,,,,,,,,,,,,,,,,,,,,,,,,2025-01-13,False,,,,,,,,,,,,,,False,False,False,,,,,,,,,,,,,,,,,,,,,,,,,,,,,,,,,,,,,
22.48,24.73,71.22,95.88,0.019999999999999574,0.0,0.04999999999999716,0.030000000000001137,4.265124555160142,3.877072381722604,1.346251053074979,1.0,,,,,,,,,,,,,,,,,,,,,,,,,,,,,,,2025-01-14,False,,,,,,,,,,,,,,False,False,False,,,,,,,,,,,,,,,,,,,,,,,,,,,,,,,,,,,,,
22.67,24.95,71.79,96.71,0.19000000000000128,0.21999999999999886,0.5700000000000074,0.8299999999999983,4.265990295544772,3.876152304609218,1.347123554812648,1.0,,,,,,,,,,,,,,,,,,,,,,,,,,,,,,,2025-01-15,False,,,,,,,,,,,,,,False,False,False,,,,,,,,,,,,,,,,,,,,,,,,,,,,,,,,,,,,,
22.72,25.01,71.93,96.92,0.04999999999999716,0.060000000000002274,0.14000000000000057,0.21000000000000796,4.265845070422536,3.875249900039984,1.347421103850966,1.0,4.2667302611134845,3.8758394146821153,1.3470647537981648,1.0,,,,,,,,,,,,,,,,,,,,,,,,,,,2025-01-16,False,,,,,,,,,,,,,,False,False,False,0.0,,,0.0,0.0,0.0,0.0,,,,,,,,,,,,,,,,,,,,,,,,,,,,,,
22.72,25.02,71.95,96.92,0.0,0.00999999999999801,0.01999999999999602,0.0,4.265845070422536,3.8737010391686653,1.3470465601111883,1.0,4.266586454637464,3.875724512601381,1.3470599296869596,1.0,4.2667302611134845,3.8758394146821153,1.3470647537981648,1.0,96.94011153249836,96.97350215534652,96.92130903577797,96.92,0.021333651305567424,0.019379197073410577,0.006735323768990824,0.005,96.9187778811928,96.95412295827312,96.91457371200897,96.915,96.96144518380393,96.99288135241993,96.92804435954696,96.925,96.925,96.95412295827312,0.029122958273120503,0.0003004845055006243,AGG,SPAB,2025-01-17,False,4403.0,4000.0,1390.0,1032.0,0.0,0.0,0.0,0.0,,,0.0,0.0,0.0,False,False,False,-0.0,,,0.0,0.0,0.0,0.0,0.0,0.0,0.0,0.0,,,0.0,0.0,0.0,0.0,0.0,0.0,0.0,0.0,-0.0,-0.0,-0.0,-0.0,-0.0,-0.0,-0.0,-0.0,0.0,0.0,0.0,0.0,0.0,0.0,0.0,0.0
22.79,25.1,72.16,97.24,0.07000000000000028,0.08000000000000185,0.20999999999999375,0.3199999999999932,4.266783677051338,3.87410358565737,1.3475609756097562,1.0,4.266412970490746,3.875584831135092,1.3470769875819644,1.0,4.266586454637464,3.875724512601381,1.3470599296869596,1.0,97.2355053011878,97.28068526629467,97.203844526211,97.24,0.02133293227318732,0.019378622563006903,0.006735299648434798,0.005,97.21417236891462,97.26130664373166,97.19710922656256,97.235,97.25683823346098,97.30006388885768,97.21057982585944,97.24499999999999,97.21057982585944,97.26130664373166,0.05072681787221711,0.0005216661648726565,BND,SPAB,2025-01-21,False,4386.0,3984.0,1385.0,1028.0,0.0,0.0,0.0,0.0,,,0.0,0.0,-0.0,False,False,False,0.0,,,0.0,0.0,0.0,0.0,0.0,0.0,0.0,0.0,0.0,0.0,0.0,0.0,0.0,0.0,0.0,0.0,0.0,0.0,-0.0,-0.0,-0.0,-0.0,-0.0,-0.0,-0.0,-0.0,0.0,0.0,0.0,0.0,0.0,0.0,0.0,0.0
22.75,25.05,72.01,97.01,-0.03999999999999915,-0.05000000000000071,-0.14999999999999147,-0.22999999999998977,4.264175824175824,3.8726546906187624,1.3471740036106097,1.0,4.266043262528806,3.875079650638027,1.3470632650675725,1.0,4.266412970490746,3.875584831135092,1.3470769875819644,1.0,97.06089507866447,97.08340001993405,97.00301387577726,97.01,0.02133206485245373,0.01937792415567546,0.006735384937909822,0.005,97.03956301381201,97.06402209577837,96.99627849083934,97.00500000000001,97.08222714351693,97.10277794408972,97.00974926071517,97.015,97.00974926071517,97.06402209577837,0.054272835063201796,0.0005594560876528377,BND,SPAB,2025-01-22,False,4399.0,3996.0,1389.0,1031.0,0.0,0.0,0.0,0.0,,,0.0,0.0,0.0,False,False,False,-0.0,,,0.0,0.0,0.0,0.0,0.0,0.0,0.0,0.0,0.0,0.0,0.0,0.0,0.0,0.0,0.0,0.0,0.0,0.0,-0.0,-0.0,-0.0,-0.0,-0.0,-0.0,-0.0,-0.0,0.0,-0.0,-0.0,-0.0,-0.0,0.0,0.0,0.0
22.71,24.99,71.9,96.85,-0.03999999999999915,-0.060000000000002274,-0.10999999999999943,-0.1600000000000108,4.264641127256715,3.8755502200880354,1.3470097357440889,1.0,4.265902682912732,3.875139698782738,1.3470375505390875,1.0,4.266043262528806,3.875079650638027,1.3470632650675725,1.0,96.88184249202918,96.83824046944429,96.85384875835847,96.85,0.021330216312644028,0.019375398253190134,0.006735316325337862,0.005,96.86051227571653,96.8188650711911,96.84711344203313,96.845,96.90317270834183,96.85761586769748,96.8605840746838,96.85499999999999,96.85499999999999,96.86051227571653,0.005512275716540671,5.691559851874725e-05,AGG,SCHZ,2025-01-23,False,4407.0,4003.0,1392.0,1033.0,0.0,0.0,0.0,0.0,,,0.0,0.0,-0.0,False,True,False,0.0,,,0.0,0.0,0.0,0.0,0.0,0.0,0.0,0.0,0.0,0.0,0.0,0.0,0.0,0.0,0.0,0.0,0.0,0.0,-0.0,-0.0,-0.0,-0.0,-0.0,-0.0,-0.0,-0.0,0.0,-0.0,-0.0,-0.0,-0.0,0.0,0.0,0.0
22.74,25.04,72.04,97.01,0.029999999999997584,0.05000000000000071,0.14000000000000057,0.1600000000000108,4.266051011433598,3.874201277955272,1.3466129927817878,1.0,4.265793940623982,3.8749342741475687,1.3469690634745768,1.0,4.265902682912732,3.875139698782738,1.3470375505390875,1.0,97.00662700943552,97.03349805751975,97.04058514083587,97.01,0.021329513414563663,0.019375698493913688,0.006735187752695437,0.005,96.98529749602096,97.01412235902583,97.03384995308318,97.00500000000001,97.02795652285008,97.05287375601367,97.04732032858857,97.015,97.015,97.03384995308318,0.018849953083176274,0.00019430938133363853,AGG,BND,2025-01-24,False,4398.0,3995.0,1389.0,1031.0,0.0,0.0,0.0,0.0,,,0.0,0.0,0.0,False,True,False,0.0,,,0.0,0.0,0.0,0.0,0.0,0.0,0.0,0.0,0.0,0.0,0.0,0.0,0.0,0.0,0.0,0.0,0.0,0.0,-0.0,-0.0,-0.0,-0.0,-0.0,-0.0,-0.0,-0.0,0.0,0.0,0.0,0.0,0.0,0.0,0.0,0.0
22.86,25.18,72.42,97.55,0.120000000000001,0.14000000000000057,0.37999999999999545,0.539999999999992,4.267279090113735,3.8741064336775217,1.3470035901684616,1.0,4.265932254259633,3.874865111376388,1.3469978896447077,1.0,4.265793940623982,3.8749342741475687,1.3469690634745768,1.0,97.51604948266422,97.57084502303579,97.54749957682886,97.55,0.02132896970311991,0.019374671370737843,0.006734845317372884,0.005,97.4947205129611,97.55147035166505,97.54076473151149,97.545,97.53737845236734,97.59021969440653,97.55423442214622,97.55499999999999,97.53737845236734,97.55147035166505,0.014091899297710597,0.00014445821935121065,SCHZ,SPAB,2025-01-27,False,4372.0,3972.0,1381.0,1025.0,0.0,0.0,0.0,0.0,,,0.0,0.0,0.0,False,True,False,0.0,,,0.0,0.0,0.0,0.0,0.0,0.0,0.0,0.0,0.0,0.0,0.0,0.0,0.0,0.0,0.0,0.0,0.0,0.0,-0.0,-0.0,-0.0,-0.0,-0.0,-0.0,-0.0,-0.0,0.0,0.0,0.0,0.0,0.0,0.0,0.0,0.0
22.86,25.16,72.38,97.52,0.0,-0.019999999999999574,-0.04000000000000625,-0.030000000000001137,4.2659667541557305,3.875993640699523,1.3473335175462835,1.0,4.265770247573693,3.8748785474236955,1.3470537087310768,1.0,4.265932254259633,3.874865111376388,1.3469978896447077,1.0,97.5192113323752,97.49160620222992,97.49570725248394,97.52,0.021329661271298168,0.01937432555688194,0.006734989448223538,0.005,97.49788167110391,97.47223187667304,97.48897226303572,97.515,97.5405409936465,97.5109805277868,97.50244224193216,97.52499999999999,97.50244224193216,97.515,0.012557758067842428,0.0001287711040590897,BND,AGG,2025-01-28,False,4373.0,3972.0,1381.0,1025.0,0.0,0.0,0.0,0.0,,,0.0,0.0,0.0,False,True,False,0.0,,,0.0,0.0,0.0,0.0,0.0,0.0,0.0,0.0,0.0,0.0,0.0,0.0,0.0,0.0,0.0,0.0,0.0,0.0,-0.0,-0.0,-0.0,-0.0,-0.0,-0.0,-0.0,-0.0,0.0,0.0,-0.0,-0.0,-0.0,0.0,0.0,0.0
22.84,25.15,72.34,97.46,-0.019999999999999574,-0.010000000000001563,-0.03999999999999204,-0.060000000000002274,4.267075306479859,3.875149105367793,1.3472491014653025,1.0,4.265965322705664,3.8746862197882144,1.3471535135701092,1.0,4.265770247573693,3.8748785474236955,1.3470537087310768,1.0,97.43019245458315,97.45319546770594,97.4458652896061,97.46,0.021328851237868464,0.019374392737118478,0.006735268543655384,0.005,97.40886360334528,97.43382107496882,97.43913002106245,97.455,97.45152130582102,97.47256986044306,97.45260055814975,97.46499999999999,97.45152130582102,97.455,0.0034786941789803905,3.569355816725211e-05,SCHZ,AGG,2025-01-29,False,4377.0,3976.0,1382.0,1026.0,0.0,0.0,0.0,0.0,,,0.0,0.0,0.0,False,True,False,0.0,,,0.0,0.0,0.0,0.0,0.0,0.0,0.0,0.0,0.0,0.0,0.0,0.0,0.0,0.0,0.0,0.0,0.0,0.0,-0.0,-0.0,-0.0,-0.0,-0.0,-0.0,-0.0,-0.0,0.0,-0.0,-0.0,-0.0,-0.0,0.0,0.0,0.0
22.88,25.19,72.44,97.6,0.03999999999999915,0.0400000000000027,0.09999999999999432,0.14000000000000057,4.265734265734266,3.8745533942040487,1.3473219215902816,1.0,4.265939719724614,3.8745263287476974,1.3471733502478727,1.0,4.265965322705664,3.8746862197882144,1.3471535135701092,1.0,97.6052865835056,97.60334587646513,97.5878005230187,97.6,0.02132982661352832,0.01937343109894107,0.006735767567850546,0.005,97.58395675689208,97.58397244536619,97.58106475545085,97.595,97.62661641011913,97.62271930756407,97.59453629058655,97.60499999999999,97.59453629058655,97.595,0.00046370941345230676,4.7511210394703564e-06,BND,AGG,2025-01-30,False,4373.0,3972.0,1381.0,1025.0,0.0,0.0,0.0,0.0,,,0.0,0.0,0.0,False,True,False,0.0,,,0.0,0.0,0.0,0.0,0.0,0.0,0.0,0.0,0.0,0.0,0.0,0.0,0.0,0.0,0.0,0.0,0.0,0.0,-0.0,-0.0,-0.0,-0.0,-0.0,-0.0,-0.0,-0.0,0.0,0.0,0.0,0.0,0.0,0.0,0.0,0.0
22.83,25.15,72.34,97.4,-0.05000000000000071,-0.0400000000000027,-0.09999999999999432,-0.19999999999998863,4.266316250547526,3.872763419483102,1.3464196848216754,1.0,4.265986837737112,3.874277680692009,1.3470732083449435,1.0,4.265939719724614,3.8745263287476974,1.3471733502478727,1.0,97.39140380131292,97.44433716800458,97.45452015693111,97.4,0.02132969859862307,0.019372631643738487,0.006735866751239363,0.005,97.3700741027143,97.42496453636085,97.44778429017987,97.39500000000001,97.41273349991154,97.46370979964831,97.46125602368235,97.405,97.405,97.44778429017987,0.04278429017986696,0.00043926375954688867,AGG,BND,2025-01-31,False,4381.0,3979.0,1384.0,1027.0,0.0,0.0,0.0,0.0,,,0.0,0.0,0.0,False,False,False,-0.0,,,0.0,0.0,0.0,0.0,0.0,0.0,0.0,0.0,0.0,0.0,0.0,0.0,0.0,0.0,0.0,0.0,0.0,0.0,-0.0,-0.0,-0.0,-0.0,-0.0,-0.0,-0.0,-0.0,0.0,-0.0,-0.0,-0.0,-0.0,0.0,0.0,0.0
22.76,25.07,72.17,97.17,-0.06999999999999673,-0.0799999999999983,-0.1700000000000017,-0.23000000000000398,4.269332161687171,3.875947347427204,1.3464043231259526,1.0,4.266335546863576,3.874502311517863,1.34700898464642,1.0,4.265986837737112,3.874277680692009,1.3470732083449435,1.0,97.09386042689668,97.12814145494868,97.21827344625457,97.17,0.021329934188685562,0.019371388403460046,0.006735366041724718,0.005,97.072530492708,97.10877006654522,97.21153808021285,97.165,97.11519036108537,97.14751284335213,97.2250088122963,97.175,97.11519036108537,97.21153808021285,0.09634771912747908,0.0009915377084231665,SCHZ,BND,2025-02-03,True,4390.0,3987.0,1386.0,1029.0,0.0,0.0,0.0,0.0,,,0.0,0.0,-0.0,False,False,False,0.0,,,0.0,0.0,0.0,0.0,0.0,0.0,0.0,0.0,0.0,0.0,0.0,0.0,0.0,0.0,0.0,0.0,0.0,0.0,-0.0,-0.0,-0.0,-0.0,-0.0,-0.0,-0.0,-0.0,0.0,-0.0,-0.0,-0.0,-0.0,0.0,0.0,0.0
22.79,25.12,72.27,97.35,0.029999999999997584,0.05000000000000071,0.09999999999999432,0.1799999999999926,4.271610355419043,3.875398089171974,1.3470319634703196,1.0,4.266818214700347,3.874631761869324,1.3469560834324763,1.0,4.266335546863576,3.874502311517863,1.34700898464642,1.0,97.2297871130209,97.32749806532873,97.34833932039676,97.35,0.02133167773431788,0.019372511557589317,0.0067350449232321,0.005,97.20845543528658,97.30812555377113,97.34160427547353,97.345,97.25111879075523,97.34687057688632,97.35507436532,97.35499999999999,97.25111879075523,97.345,0.0938812092447705,0.0009643678402133591,SCHZ,AGG,2025-02-04,False,4382.0,3979.0,1383.0,1027.0,0.0,0.0,0.0,0.0,,,0.0,0.0,0.0,False,False,True,0.0,,,0.0,0.0,0.0,0.0,0.0,0.0,0.0,0.0,0.0,0.0,0.0,0.0,0.0,0.0,0.0,0.0,0.0,0.0,-0.0,-0.0,-0.0,-0.0,-0.0,-0.0,-0.0,-0.0,0.0,0.0,0.0,0.0,0.0,0.0,0.0,0.0
22.9,25.24,72.64,97.87,0.10999999999999943,0.11999999999999744,0.37000000000000455,0.5200000000000102,4.273799126637555,3.87757527733756,1.347329295154185,1.0,4.26778054494652,3.875123820541203,1.3469716125868338,1.0,4.266818214700347,3.874631761869324,1.3469560834324763,1.0,97.71013711663794,97.79570566958174,97.84288990053508,97.87,0.021334091073501735,0.01937315880934662,0.006734780417162382,0.005,97.68880302556444,97.77633251077239,97.83615512011792,97.86500000000001,97.73147120771144,97.81507882839108,97.84962468095225,97.875,97.73147120771144,97.86500000000001,0.13352879228857262,0.0013643485469354512,SCHZ,AGG,2025-02-05,False,4361.0,3960.0,1377.0,1022.0,0.0,0.0,0.0,0.0,,,0.0,0.0,0.0,True,False,False,1.0,SCHZ,AGG,4361.0,0.0,0.0,-1022.0,0.0,0.0,0.0,0.0,0.0,0.0,4361.0,0.0,0.0,-1022.0,4361.0,0.0,0.0,0.0,-0.0,-0.0,-0.0,1022.0,-21.805,-0.0,-0.0,-5.11,-26.915,0.0,0.0,0.0,0.0,0.0,-26.915,-26.915
22.9,25.22,72.56,97.77,0.0,-0.019999999999999574,-0.0799999999999983,-0.10000000000000853,4.269432314410481,3.8766851704996035,1.347436604189636,1.0,4.268259663661897,3.8752373155823596,1.3470142994313885,1.0,4.26778054494652,3.875123820541203,1.3469716125868338,1.0,97.7321744792753,97.73062275404914,97.73626020930067,97.77,0.0213389027247326,0.019375619102706014,0.006734858062934169,0.005,97.71083557655056,97.71124713494643,97.72952535123774,97.765,97.75351338200004,97.74999837315184,97.7429950673636,97.77499999999999,97.7429950673636,97.765,0.022004932636406238,0.00022506835058204192,BND,AGG,2025-02-06,False,4366.0,3964.0,1378.0,1023.0,4361.0,0.0,0.0,-1022.0,SCHZ,AGG,0.011486617999963755,0.0001174861204864862,1.0,False,False,False,-1.0,SCHZ,AGG,4366.0,0.0,0.0,-1023.0,99866.9,0.0,0.0,-100023.14,199890.03999999998,-156.24000000000524,5.0,0.0,0.0,-1.0,5.0,0.0,0.0,0.0,-0.0,-0.0,-0.0,1.0,-0.025,-0.0,-0.0,-0.005,-0.030000000000000002,0.0,-0.0,-0.0,102.20000000000871,102.20000000000871,102.17000000000871,75.25500000000872
22.84,25.15,72.34,97.46,-0.05999999999999872,-0.07000000000000028,-0.21999999999999886,-0.3100000000000023,4.267075306479859,3.875149105367793,1.3472491014653025,1.0,4.268362093166522,3.875332098323612,1.3470779102997401,1.0,4.268259663661897,3.8752373155823596,1.3470142994313885,1.0,97.48705071803772,97.46221848689633,97.44301442086665,97.46,0.021341298318309485,0.0193761865779118,0.006735071497156943,0.005,97.46570941971942,97.44284230031842,97.43627934936949,97.455,97.50839201635603,97.48159467347425,97.44974949236381,97.46499999999999,97.44974949236381,97.46570941971942,0.015959927355609693,0.00016375874569679556,BND,SCHZ,2025-02-07,False,4379.0,3976.0,1382.0,1026.0,4366.0,0.0,0.0,-1023.0,SCHZ,AGG,0.0,0.0,-1.0,False,True,False,0.0,,,0.0,0.0,0.0,0.0,99981.4,0.0,0.0,-100018.70999999999,200000.11,-37.30999999999767,-4366.0,0.0,0.0,1023.0,0.0,0.0,0.0,1023.0,4366.0,-0.0,-0.0,-0.0,-21.830000000000002,-0.0,-0.0,-5.115,-26.945,-261.9599999999944,-0.0,-0.0,317.1300000000023,55.17000000000792,28.225000000007917,103.48000000001664
22.83,25.16,72.36,97.49,-0.010000000000001563,0.010000000000001563,0.01999999999999602,0.030000000000001137,4.270258431887867,3.874801271860095,1.3472913211719182,1.0,4.268660027343936,3.87540158214187,1.3471066834000855,1.0,4.268362093166522,3.875332098323612,1.3470779102997401,1.0,97.4467065869917,97.50335559382208,97.47455758928919,97.49,0.02134181046583261,0.019376660491618063,0.0067353895514987005,0.005,97.42536477652587,97.48397893333046,97.4678221997377,97.485,97.46804839745752,97.5227322543137,97.48129297884068,97.49499999999999,97.46804839745752,97.485,0.016951602542476962,0.00017388042406889898,SCHZ,AGG,2025-02-10,False,4379.0,3976.0,1382.0,1026.0,0.0,0.0,0.0,0.0,,,0.0,0.0,0.0,False,True,False,0.0,,,0.0,0.0,0.0,0.0,0.0,0.0,0.0,0.0,0.0,0.0,0.0,0.0,0.0,0.0,0.0,0.0,0.0,0.0,-0.0,-0.0,-0.0,-0.0,-0.0,-0.0,-0.0,-0.0,0.0,-0.0,0.0,0.0,0.0,0.0,0.0,103.48000000001664
22.78,25.1,72.24,97.27,-0.04999999999999716,-0.05999999999999872,-0.12000000000000455,-0.21999999999999886,4.269973661106233,3.875298804780876,1.346483942414175,1.0,4.269060718038985,3.875332098550005,1.3470217258868749,1.0,4.268660027343936,3.87540158214187,1.3471066834000855,1.0,97.24007542289486,97.27257971176094,97.31498680882217,97.27,0.02134330013671968,0.01937700791070935,0.006735533417000428,0.005,97.21873212275814,97.25320270385023,97.30825127540517,97.265,97.26141872303158,97.29195671967165,97.32172234223917,97.27499999999999,97.26141872303158,97.30825127540517,0.04683255237358708,0.0004814696450456161,SCHZ,BND,2025-02-11,False,4388.0,3984.0,1385.0,1028.0,0.0,0.0,0.0,0.0,,,0.0,0.0,0.0,False,False,False,-0.0,,,0.0,0.0,0.0,0.0,0.0,0.0,0.0,0.0,0.0,0.0,0.0,0.0,0.0,0.0,0.0,0.0,0.0,0.0,-0.0,-0.0,-0.0,-0.0,-0.0,-0.0,-0.0,-0.0,0.0,-0.0,-0.0,-0.0,-0.0,0.0,0.0,103.48000000001664
22.68,24.97,71.87,96.76,-0.10000000000000142,-0.13000000000000256,-0.36999999999999034,-0.5099999999999909,4.2663139329806,3.8750500600720867,1.3463197439821901,1.0,4.26898458068906,3.875322194020434,1.3469287901385636,1.0,4.269060718038985,3.875332098550005,1.3470217258868749,1.0,96.82229708512418,96.76704250079362,96.8104514394897,96.76,0.021345303590194927,0.019376660492750025,0.0067351086294343745,0.005,96.80095178153398,96.74766584030087,96.80371633086027,96.75500000000001,96.84364238871437,96.78641916128637,96.81718654811912,96.765,96.765,96.80371633086027,0.038716330860268044,0.00040012743758028154,AGG,BND,2025-02-12,False,4410.0,4003.0,1391.0,1033.0,0.0,0.0,0.0,0.0,,,0.0,0.0,-0.0,False,False,False,0.0,,,0.0,0.0,0.0,0.0,0.0,0.0,0.0,0.0,0.0,0.0,0.0,0.0,0.0,0.0,0.0,0.0,0.0,0.0,-0.0,-0.0,-0.0,-0.0,-0.0,-0.0,-0.0,-0.0,0.0,-0.0,-0.0,-0.0,-0.0,0.0,0.0,103.48000000001664
22.81,25.13,72.3,97.34,0.129999999999999,0.16000000000000014,0.4299999999999926,0.5799999999999983,4.267426567295046,3.8734580183048153,1.3463347164591979,1.0,4.269153810845138,3.8752126564305107,1.3468300696254554,1.0,4.26898458068906,3.875322194020434,1.3469287901385636,1.0,97.37553828551745,97.3868467357335,97.38295152701815,97.34,0.0213449229034453,0.01937661097010217,0.006734643950692818,0.005,97.354193362614,97.3674701247634,97.37621688306746,97.33500000000001,97.3968832084209,97.4062233467036,97.38968617096884,97.345,97.345,97.37621688306746,0.031216883067457957,0.00032069943566322124,AGG,BND,2025-02-13,False,4384.0,3980.0,1383.0,1027.0,0.0,0.0,0.0,0.0,,,0.0,0.0,0.0,False,False,False,-0.0,,,0.0,0.0,0.0,0.0,0.0,0.0,0.0,0.0,0.0,0.0,0.0,0.0,0.0,0.0,0.0,0.0,0.0,0.0,-0.0,-0.0,-0.0,-0.0,-0.0,-0.0,-0.0,-0.0,0.0,0.0,0.0,0.0,0.0,0.0,0.0,103.48000000001664
22.89,25.21,72.53,97.7,0.08000000000000185,0.08000000000000185,0.23000000000000398,0.35999999999999943,4.268239405854085,3.8754462514875048,1.3470288156624846,1.0,4.269346126375794,3.8754809396309513,1.3468909827095363,1.0,4.269153810845138,3.8752126564305107,1.3468300696254554,1.0,97.72093073024521,97.69411106861318,97.68558494993428,97.7,0.02134576905422569,0.019376063282152554,0.006734150348127277,0.005,97.699584961191,97.67473500533103,97.67885079958616,97.69500000000001,97.74227649929944,97.71348713189533,97.6923191002824,97.705,97.6923191002824,97.699584961191,0.007265860908589161,7.436909834789315e-05,BND,SCHZ,2025-02-14,False,4372.0,3968.0,1379.0,1024.0,0.0,0.0,0.0,0.0,,,0.0,0.0,-0.0,False,True,False,0.0,,,0.0,0.0,0.0,0.0,0.0,0.0,0.0,0.0,0.0,0.0,0.0,0.0,0.0,0.0,0.0,0.0,0.0,0.0,-0.0,-0.0,-0.0,-0.0,-0.0,-0.0,-0.0,-0.0,0.0,0.0,0.0,0.0,0.0,0.0,0.0,103.48000000001664
22.81,25.11,72.26,97.31,-0.08000000000000185,-0.10000000000000142,-0.269999999999996,-0.39000000000000057,4.266111354669005,3.8753484667463165,1.3466648214779962,1.0,4.269024045673977,3.875421051562862,1.3469170325447406,1.0,4.269346126375794,3.8754809396309513,1.3468909827095363,1.0,97.38378514263185,97.31332639413318,97.3263424105911,97.31,0.02134673063187897,0.019377404698154757,0.006734454913547682,0.005,97.36243841199997,97.29394898943502,97.31960795567755,97.305,97.40513187326373,97.33270379883135,97.33307686550464,97.315,97.315,97.36243841199997,0.04743841199997689,0.00048749781111886645,AGG,SCHZ,2025-02-18,False,4389.0,3984.0,1385.0,1028.0,0.0,0.0,0.0,0.0,,,0.0,0.0,0.0,False,False,False,-0.0,,,0.0,0.0,0.0,0.0,0.0,0.0,0.0,0.0,0.0,0.0,0.0,0.0,0.0,0.0,0.0,0.0,0.0,0.0,-0.0,-0.0,-0.0,-0.0,-0.0,-0.0,-0.0,-0.0,0.0,-0.0,-0.0,-0.0,-0.0,0.0,0.0,103.48000000001664
22.84,25.15,72.36,97.45,0.030000000000001137,0.03999999999999915,0.09999999999999432,0.14000000000000057,4.266637478108581,3.8747514910536784,1.3467385295743506,1.0,4.268526757942931,3.8753563917510325,1.3468876891551438,1.0,4.269024045673977,3.875421051562862,1.3469170325447406,1.0,97.50450920319365,97.46683944680598,97.46291647493743,97.45,0.021345120228369888,0.01937710525781431,0.006734585162723703,0.005,97.48316408296527,97.44746234154816,97.45618188977471,97.44500000000001,97.52585432342202,97.4862165520638,97.46965106010015,97.455,97.455,97.48316408296527,0.02816408296527584,0.0002890105999515222,AGG,SCHZ,2025-02-19,False,4380.0,3976.0,1382.0,1026.0,0.0,0.0,0.0,0.0,,,0.0,0.0,-0.0,False,False,False,0.0,,,0.0,0.0,0.0,0.0,0.0,0.0,0.0,0.0,0.0,0.0,0.0,0.0,0.0,0.0,0.0,0.0,0.0,0.0,-0.0,-0.0,-0.0,-0.0,-0.0,-0.0,-0.0,-0.0,0.0,0.0,0.0,0.0,0.0,0.0,0.0,103.48000000001664
22.87,25.18,72.45,97.6,0.030000000000001137,0.030000000000001137,0.09000000000000341,0.14999999999999147,4.267599475295146,3.876092136616362,1.3471359558316078,1.0,4.26790679280869,3.8752080776789137,1.346868355222886,1.0,4.268526757942931,3.8753563917510325,1.3468876891551438,1.0,97.62120695415484,97.58147394429099,97.58201307929018,97.6,0.021342633789714655,0.019376781958755165,0.006734438445775719,0.005,97.59986432036513,97.56209716233224,97.5752786408444,97.595,97.64254958794456,97.60085072624975,97.58874751773595,97.60499999999999,97.58874751773595,97.59986432036513,0.011116802629175027,0.00011390166628253101,BND,SCHZ,2025-02-20,False,4375.0,3972.0,1381.0,1025.0,0.0,0.0,0.0,0.0,,,0.0,0.0,0.0,False,True,False,0.0,,,0.0,0.0,0.0,0.0,0.0,0.0,0.0,0.0,0.0,0.0,0.0,0.0,0.0,0.0,0.0,0.0,0.0,0.0,-0.0,-0.0,-0.0,-0.0,-0.0,-0.0,-0.0,-0.0,0.0,0.0,0.0,0.0,0.0,0.0,0.0,103.48000000001664
22.97,25.3,72.77,98.02,0.09999999999999787,0.120000000000001,0.3199999999999932,0.4200000000000017,4.26730518067044,3.8743083003952568,1.3469836471073244,1.0,4.267694079434686,3.8749703906684787,1.3468230595146546,1.0,4.26790679280869,3.8752080776789137,1.346868355222886,1.0,98.0338190308156,98.04276436527653,98.01161020956941,98.02,0.02133953396404345,0.01937604038839457,0.00673434177611443,0.005,98.01247949685155,98.02338832488813,98.0048758677933,98.015,98.05515856477963,98.06214040566492,98.01834455134552,98.02499999999999,98.01834455134552,98.02338832488813,0.005043773542610097,5.145657562344519e-05,BND,SPAB,2025-02-21,False,4353.0,3953.0,1374.0,1020.0,0.0,0.0,0.0,0.0,,,0.0,0.0,0.0,False,True,False,0.0,,,0.0,0.0,0.0,0.0,0.0,0.0,0.0,0.0,0.0,0.0,0.0,0.0,0.0,0.0,0.0,0.0,0.0,0.0,-0.0,-0.0,-0.0,-0.0,-0.0,-0.0,-0.0,-0.0,0.0,0.0,0.0,0.0,0.0,0.0,0.0,103.48000000001664
23.0,25.34,72.87,98.19,0.030000000000001137,0.03999999999999915,0.10000000000000853,0.1700000000000017,4.269130434782609,3.8749013417521705,1.3474680938657884,1.0,4.267899592264961,3.874945614306916,1.3468449587547033,1.0,4.267694079434686,3.8749703906684787,1.3468230595146546,1.0,98.15696382699778,98.19174969953924,98.14299634683289,98.19,0.02133847039717343,0.019374851953342393,0.006734115297573273,0.005,98.13562535660061,98.1723748475859,98.13626223153531,98.185,98.17830229739495,98.21112455149259,98.14973046213046,98.195,98.14973046213046,98.185,0.03526953786953868,0.000359196841527026,BND,AGG,2025-02-24,False,4345.0,3945.0,1371.0,1018.0,0.0,0.0,0.0,0.0,,,0.0,0.0,0.0,False,False,False,-0.0,,,0.0,0.0,0.0,0.0,0.0,0.0,0.0,0.0,0.0,0.0,0.0,0.0,0.0,0.0,0.0,0.0,0.0,0.0,-0.0,-0.0,-0.0,-0.0,-0.0,-0.0,-0.0,-0.0,0.0,0.0,0.0,0.0,0.0,0.0,0.0,103.48000000001664
23.15,25.49,73.33,98.8,0.14999999999999858,0.14999999999999858,0.45999999999999375,0.6099999999999994,4.267818574514039,3.8760298156139665,1.3473339697258966,1.0,4.267655606527578,3.8750684686823034,1.3468492236101013,1.0,4.267899592264961,3.874945614306916,1.3468449587547033,1.0,98.80187556093385,98.77236370868327,98.7641408254824,98.8,0.021339497961324807,0.01937472807153458,0.006734224793773517,0.005,98.78053606297253,98.75298898061173,98.75740660068863,98.795,98.82321505889517,98.79173843675481,98.77087505027617,98.80499999999999,98.77087505027617,98.795,0.02412494972382717,0.0002441796530751738,BND,AGG,2025-02-25,False,4319.0,3921.0,1363.0,1012.0,0.0,0.0,0.0,0.0,,,0.0,0.0,-0.0,False,False,False,0.0,,,0.0,0.0,0.0,0.0,0.0,0.0,0.0,0.0,0.0,0.0,0.0,0.0,0.0,0.0,0.0,0.0,0.0,0.0,-0.0,-0.0,-0.0,-0.0,-0.0,-0.0,-0.0,-0.0,0.0,0.0,0.0,0.0,0.0,0.0,0.0,103.48000000001664
23.18,25.55,73.44,98.96,0.030000000000001137,0.060000000000002274,0.10999999999999943,0.1599999999999966,4.269197584124245,3.873189823874755,1.3474945533769063,1.0,4.267577998829379,3.8748575705916912,1.3469502847063743,1.0,4.267655606527578,3.8750684686823034,1.3468492236101013,1.0,98.92425695930926,99.00799937483285,98.91260698192583,98.96,0.02133827803263789,0.019375342343411518,0.006734246118050506,0.005,98.90291868127662,98.98862403248944,98.90587273580778,98.955,98.9455952373419,99.02737471717626,98.91934122804389,98.96499999999999,98.91934122804389,98.98862403248944,0.06928280444554957,0.0007001091799267338,BND,SPAB,2025-02-26,False,4315.0,3918.0,1362.0,1011.0,0.0,0.0,0.0,0.0,,,0.0,0.0,0.0,False,False,False,-0.0,,,0.0,0.0,0.0,0.0,0.0,0.0,0.0,0.0,0.0,0.0,0.0,0.0,0.0,0.0,0.0,0.0,0.0,0.0,-0.0,-0.0,-0.0,-0.0,-0.0,-0.0,-0.0,-0.0,0.0,0.0,0.0,0.0,0.0,0.0,0.0,103.48000000001664
23.15,25.51,73.35,98.81,-0.030000000000001137,-0.03999999999999915,-0.09000000000000341,-0.14999999999999147,4.268250539956804,3.8733829870638963,1.347102931152011,1.0,4.267771659527,3.8746908632908728,1.3470286034233563,1.0,4.267577998829379,3.8748575705916912,1.3469502847063743,1.0,98.79443067290012,98.84761662579405,98.79880338321254,98.81,0.0213378899941469,0.019374287852958458,0.006734751423531872,0.005,98.77309278290598,98.82824233794109,98.79206863178901,98.805,98.81576856289426,98.866990913647,98.80553813463608,98.815,98.80553813463608,98.82824233794109,0.022704203305011106,0.00022977637187542865,BND,SPAB,2025-02-27,False,4319.0,3921.0,1363.0,1012.0,0.0,0.0,0.0,0.0,,,0.0,0.0,-0.0,False,False,False,0.0,,,0.0,0.0,0.0,0.0,0.0,0.0,0.0,0.0,0.0,0.0,0.0,0.0,0.0,0.0,0.0,0.0,0.0,0.0,-0.0,-0.0,-0.0,-0.0,-0.0,-0.0,-0.0,-0.0,0.0,-0.0,-0.0,-0.0,-0.0,0.0,0.0,103.48000000001664
23.26,25.62,73.66,99.25,0.11000000000000298,0.10999999999999943,0.3100000000000023,0.4399999999999977,4.266981943250214,3.873926619828259,1.347407005158838,1.0,4.267727197122516,3.8747377234432165,1.3471358322933205,1.0,4.267771659527,3.8746908632908728,1.3470286034233563,1.0,99.26836880059803,99.26957991751216,99.22212692816441,99.25,0.021338858297635,0.019373454316454364,0.006735143017116782,0.005,99.24702994230039,99.25020646319571,99.2153917851473,99.245,99.28970765889567,99.28895337182861,99.22886207118152,99.255,99.22886207118152,99.25020646319571,0.021344392014185587,0.00021505684649053488,BND,SPAB,2025-02-28,False,4302.0,3906.0,1358.0,1008.0,0.0,0.0,0.0,0.0,,,0.0,0.0,0.0,False,False,False,-0.0,,,0.0,0.0,0.0,0.0,0.0,0.0,0.0,0.0,0.0,0.0,0.0,0.0,0.0,0.0,0.0,0.0,0.0,0.0,-0.0,-0.0,-0.0,-0.0,-0.0,-0.0,-0.0,-0.0,0.0,0.0,0.0,0.0,0.0,0.0,0.0,103.48000000001664
23.24,25.59,73.61,99.16,-0.020000000000003126,-0.030000000000001137,-0.04999999999999716,-0.09000000000000341,4.266781411359725,3.87495115279406,1.3470995788615676,1.0,4.267581397673081,3.8746882135738723,1.3471429086132285,1.0,4.267727197122516,3.8747377234432165,1.3471358322933205,1.0,99.18198006112728,99.1545383429119,99.16266861511131,99.16,0.021338635985612583,0.019373688617216084,0.006735679161466603,0.005,99.16064142514166,99.13516465429468,99.15593293594985,99.155,99.20331869711289,99.17391203152913,99.16940429427278,99.16499999999999,99.16499999999999,99.16064142514166,-0.004358574858329689,-4.395497033410336e-05,AGG,SCHZ,2025-03-03,True,4302.0,3906.0,1358.0,1008.0,0.0,0.0,0.0,0.0,,,0.0,0.0,-0.0,False,True,False,0.0,,,0.0,0.0,0.0,0.0,0.0,0.0,0.0,0.0,0.0,0.0,0.0,0.0,0.0,0.0,0.0,0.0,0.0,0.0,-0.0,-0.0,-0.0,-0.0,-0.0,-0.0,-0.0,-0.0,0.0,-0.0,-0.0,-0.0,-0.0,0.0,0.0,103.48000000001664
23.17,25.52,73.4,98.91,-0.06999999999999673,-0.07000000000000028,-0.20999999999999375,-0.25,4.268882175226586,3.875783699059561,1.3475476839237055,1.0,4.267858479728838,3.8747317368051966,1.3472311948577995,1.0,4.267581397673081,3.8746882135738723,1.3471429086132285,1.0,98.8798609840853,98.88204321040521,98.88028949221098,98.91,0.021337906988365404,0.01937344106786936,0.006735714543066143,0.005,98.85852307709693,98.86266976933734,98.87355377766791,98.905,98.90119889107366,98.90141665147308,98.88702520675405,98.91499999999999,98.88702520675405,98.905,0.017974793245954857,0.00018172877611924838,BND,AGG,2025-03-04,False,4315.0,3917.0,1362.0,1011.0,0.0,0.0,0.0,0.0,,,0.0,0.0,0.0,False,True,True,0.0,,,0.0,0.0,0.0,0.0,0.0,0.0,0.0,0.0,0.0,0.0,0.0,0.0,0.0,0.0,0.0,0.0,0.0,0.0,-0.0,-0.0,-0.0,-0.0,-0.0,-0.0,-0.0,-0.0,0.0,-0.0,-0.0,-0.0,-0.0,0.0,0.0,103.48000000001664
23.1,25.43,73.14,98.57,-0.07000000000000028,-0.08999999999999986,-0.2600000000000051,-0.3400000000000034,4.267099567099566,3.876130554463232,1.347689362865737,1.0,4.2679046886279375,3.874869643146152,1.3473262781869382,1.0,4.267858479728838,3.8747317368051966,1.3472311948577995,1.0,98.58753088173617,98.53442806695615,98.53648959189945,98.57,0.021339292398644193,0.019373658684025984,0.006736155974288997,0.005,98.56619158933752,98.51505440827212,98.52975343592516,98.565,98.60887017413482,98.55380172564018,98.54322574787375,98.57499999999999,98.54322574787375,98.56619158933752,0.022965841463772563,0.0002329901741277525,BND,SCHZ,2025-03-05,False,4332.0,3933.0,1367.0,1015.0,0.0,0.0,0.0,0.0,,,0.0,0.0,0.0,False,False,False,-0.0,,,0.0,0.0,0.0,0.0,0.0,0.0,0.0,0.0,0.0,0.0,0.0,0.0,0.0,0.0,0.0,0.0,0.0,0.0,-0.0,-0.0,-0.0,-0.0,-0.0,-0.0,-0.0,-0.0,0.0,-0.0,-0.0,-0.0,-0.0,0.0,0.0,103.48000000001664
23.06,25.41,73.08,98.47,-0.0400000000000027,-0.019999999999999574,-0.060000000000002274,-0.09999999999999432,4.270164787510842,3.875245966155057,1.3474274767378216,1.0,4.268161219849507,3.874785026100021,1.3473554302775597,1.0,4.2679046886279375,3.874869643146152,1.3473262781869382,1.0,98.41788211976024,98.46043763234371,98.46260440990145,98.47,0.021339523443139687,0.01937434821573076,0.006736631390934691,0.005,98.39654259631709,98.44106328412798,98.45586777851051,98.465,98.43922164320338,98.47981198055945,98.46934104129238,98.475,98.43922164320338,98.465,0.025778356796621438,0.0002617889387287645,SCHZ,AGG,2025-03-06,False,4336.0,3937.0,1369.0,1016.0,0.0,0.0,0.0,0.0,,,0.0,0.0,-0.0,False,False,False,0.0,,,0.0,0.0,0.0,0.0,0.0,0.0,0.0,0.0,0.0,0.0,0.0,0.0,0.0,0.0,0.0,0.0,0.0,0.0,-0.0,-0.0,-0.0,-0.0,-0.0,-0.0,-0.0,-0.0,0.0,-0.0,-0.0,-0.0,-0.0,0.0,0.0,103.48000000001664
23.03,25.38,73.0,98.35,-0.029999999999997584,-0.030000000000001137,-0.0799999999999983,-0.12000000000000455,4.270516717325227,3.8750985027580773,1.3472602739726027,1.0,4.268482373514986,3.8748640463363033,1.3473830929640875,1.0,4.268161219849507,3.874785026100021,1.3473554302775597,1.0,98.29575289313415,98.34204396241853,98.35694641026186,98.35,0.021340806099247534,0.019373925130500104,0.006736777151387798,0.005,98.2744120870349,98.32267003728803,98.35020963311047,98.345,98.3170936992334,98.36141788754902,98.36368318741324,98.35499999999999,98.3170936992334,98.35020963311047,0.03311593387707035,0.0003367151385568922,SCHZ,BND,2025-03-07,False,4341.0,3941.0,1370.0,1017.0,0.0,0.0,0.0,0.0,,,0.0,0.0,0.0,False,False,False,-0.0,,,0.0,0.0,0.0,0.0,0.0,0.0,0.0,0.0,0.0,0.0,0.0,0.0,0.0,0.0,0.0,0.0,0.0,0.0,-0.0,-0.0,-0.0,-0.0,-0.0,-0.0,-0.0,-0.0,0.0,-0.0,-0.0,-0.0,-0.0,0.0,0.0,103.48000000001664
23.15,25.5,73.34,98.82,0.11999999999999744,0.120000000000001,0.3400000000000034,0.46999999999999886,4.268682505399568,3.8752941176470586,1.34742296154895,1.0,4.268437580576681,3.8749033239257917,1.3473785797324036,1.0,4.268482373514986,3.8748640463363033,1.3473830929640875,1.0,98.81536694687192,98.80903318157573,98.81707603798618,98.82,0.02134241186757493,0.019374320231681518,0.006736915464820438,0.005,98.79402453500434,98.78965886134405,98.81033912252137,98.815,98.8367093587395,98.8284075018074,98.823812953451,98.82499999999999,98.823812953451,98.815,-0.008812953450998862,-8.918188070227547e-05,BND,AGG,2025-03-10,False,4320.0,3921.0,1364.0,1012.0,0.0,0.0,0.0,0.0,,,0.0,0.0,-0.0,False,True,False,0.0,,,0.0,0.0,0.0,0.0,0.0,0.0,0.0,0.0,0.0,0.0,0.0,0.0,0.0,0.0,0.0,0.0,0.0,0.0,-0.0,-0.0,-0.0,-0.0,-0.0,-0.0,-0.0,-0.0,0.0,0.0,0.0,0.0,0.0,0.0,0.0,103.48000000001664
23.06,25.4,73.06,98.47,-0.08999999999999986,-0.10000000000000142,-0.28000000000000114,-0.3499999999999943,4.270164787510842,3.876771653543307,1.347796331782097,1.0,4.268672201876361,3.874977507718726,1.3474248159380235,1.0,4.268437580576681,3.8749033239257917,1.3473785797324036,1.0,98.43017060809827,98.42254442771511,98.4394790352494,98.47,0.02134218790288341,0.01937451661962896,0.0067368928986620185,0.005,98.40882842019538,98.40316991109547,98.43274214235075,98.465,98.45151279600115,98.44191894433474,98.44621592814806,98.475,98.44191894433474,98.465,0.023081055665258532,0.00023439682812286515,SPAB,AGG,2025-03-11,False,4337.0,3937.0,1369.0,1016.0,0.0,0.0,0.0,0.0,,,0.0,0.0,0.0,False,False,False,-0.0,,,0.0,0.0,0.0,0.0,0.0,0.0,0.0,0.0,0.0,0.0,0.0,0.0,0.0,0.0,0.0,0.0,0.0,0.0,-0.0,-0.0,-0.0,-0.0,-0.0,-0.0,-0.0,-0.0,0.0,-0.0,-0.0,-0.0,-0.0,0.0,0.0,103.48000000001664
23.01,25.35,72.91,98.18,-0.04999999999999716,-0.04999999999999716,-0.15000000000000568,-0.28999999999999204,4.2668405041286395,3.8729783037475345,1.346591688382938,1.0,4.268436493876801,3.8749563557060043,1.3473345294386267,1.0,4.268672201876361,3.874977507718726,1.3474248159380235,1.0,98.22214736517509,98.2306798206697,98.2407433300413,98.18,0.021343361009381806,0.019374887538593632,0.006737124079690118,0.005,98.2008040041657,98.21130493313112,98.2340062059616,98.17500000000001,98.24349072618448,98.2500547082083,98.24748045412099,98.185,98.185,98.2340062059616,0.049006205961603655,0.0004991465263964519,AGG,BND,2025-03-12,False,4350.0,3949.0,1373.0,1019.0,0.0,0.0,0.0,0.0,,,0.0,0.0,-0.0,False,False,False,0.0,,,0.0,0.0,0.0,0.0,0.0,0.0,0.0,0.0,0.0,0.0,0.0,0.0,0.0,0.0,0.0,0.0,0.0,0.0,-0.0,-0.0,-0.0,-0.0,-0.0,-0.0,-0.0,-0.0,0.0,-0.0,-0.0,-0.0,-0.0,0.0,0.0,103.48000000001664
23.06,25.42,73.13,98.48,0.04999999999999716,0.07000000000000028,0.21999999999999886,0.29999999999999716,4.270598438855161,3.87411487018096,1.3466429645836184,1.0,4.268671283766637,3.8750295440177114,1.3472885327817876,1.0,4.268436493876801,3.8749563557060043,1.3473345294386267,1.0,98.43014554879903,98.50139056204664,98.53057413784677,98.48,0.021342182469384005,0.019374781778530022,0.006736672647193134,0.005,98.40880336632965,98.48201578026811,98.52383746519958,98.47500000000001,98.45148773126841,98.52076534382516,98.53731081049396,98.485,98.45148773126841,98.52383746519958,0.07234973393116206,0.000734664235694172,SCHZ,BND,2025-03-13,False,4332.0,3933.0,1368.0,1015.0,0.0,0.0,0.0,0.0,,,0.0,0.0,0.0,False,False,False,-0.0,,,0.0,0.0,0.0,0.0,0.0,0.0,0.0,0.0,0.0,0.0,0.0,0.0,0.0,0.0,0.0,0.0,0.0,0.0,-0.0,-0.0,-0.0,-0.0,-0.0,-0.0,-0.0,-0.0,0.0,0.0,0.0,0.0,0.0,0.0,0.0,103.48000000001664
23.03,25.37,72.95,98.28,-0.029999999999997584,-0.05000000000000071,-0.1799999999999926,-0.20000000000000284,4.267477203647417,3.8738667717776902,1.3472241261137765,1.0,4.268720809806357,3.8750235592126536,1.3472702448772815,1.0,4.268671283766637,3.8750295440177114,1.3472885327817876,1.0,98.30749966514566,98.30949953172934,98.28469846643141,98.28,0.021343356418833188,0.019375147720088557,0.006736442663908938,0.005,98.28615630872682,98.29012438400926,98.2779620237675,98.275,98.3288430215645,98.32887467944943,98.29143490909532,98.285,98.285,98.29012438400926,0.005124384009263849,5.2140659434919104e-05,AGG,SPAB,2025-03-14,False,4346.0,3945.0,1372.0,1018.0,0.0,0.0,0.0,0.0,,,0.0,0.0,-0.0,False,True,False,0.0,,,0.0,0.0,0.0,0.0,0.0,0.0,0.0,0.0,0.0,0.0,0.0,0.0,0.0,0.0,0.0,0.0,0.0,0.0,-0.0,-0.0,-0.0,-0.0,-0.0,-0.0,-0.0,-0.0,0.0,-0.0,-0.0,-0.0,-0.0,0.0,0.0,103.48000000001664
23.06,25.4,73.05,98.41,0.029999999999997584,0.029999999999997584,0.09999999999999432,0.12999999999999545,4.2675628794449265,3.8744094488188976,1.3471594798083504,1.0,4.268798956614878,3.8749693888151375,1.3472762349719596,1.0,4.268720809806357,3.8750235592126536,1.3472702448772815,1.0,98.43670187413458,98.42559840400139,98.41809138828542,98.41,0.021343604049031788,0.019375117796063268,0.006736351224386408,0.005,98.41535827008555,98.40622328620533,98.41135503706103,98.405,98.45804547818362,98.44497352179745,98.42482773950981,98.41499999999999,98.41499999999999,98.41535827008555,0.0003582700855560006,3.6405861757545025e-06,AGG,SCHZ,2025-03-17,False,4337.0,3937.0,1369.0,1016.0,0.0,0.0,0.0,0.0,,,0.0,0.0,0.0,False,True,False,0.0,,,0.0,0.0,0.0,0.0,0.0,0.0,0.0,0.0,0.0,0.0,0.0,0.0,0.0,0.0,0.0,0.0,0.0,0.0,-0.0,-0.0,-0.0,-0.0,-0.0,-0.0,-0.0,-0.0,0.0,0.0,0.0,0.0,0.0,0.0,0.0,103.48000000001664
23.09,25.42,73.13,98.51,0.030000000000001137,0.020000000000003126,0.0799999999999983,0.10000000000000853,4.266349068860979,3.875295043273013,1.3470531929440723,1.0,4.268545645978317,3.874920523236483,1.3472267858739964,1.0,4.268798956614878,3.8749693888151375,1.3472762349719596,1.0,98.56656790823754,98.5017218636808,98.52631106349939,98.51,0.02134399478307439,0.019374846944075687,0.006736381174859798,0.005,98.54522391345446,98.48234701673672,98.51957468232453,98.50500000000001,98.58791190302063,98.52109671062487,98.53304744467425,98.515,98.515,98.54522391345446,0.030223913454463514,0.0003068106126734698,AGG,SCHZ,2025-03-18,False,4333.0,3933.0,1367.0,1015.0,0.0,0.0,0.0,0.0,,,0.0,0.0,0.0,False,False,False,-0.0,,,0.0,0.0,0.0,0.0,0.0,0.0,0.0,0.0,0.0,0.0,0.0,0.0,0.0,0.0,0.0,0.0,0.0,0.0,-0.0,-0.0,-0.0,-0.0,-0.0,-0.0,-0.0,-0.0,0.0,0.0,0.0,0.0,0.0,0.0,0.0,103.48000000001664
23.14,25.49,73.35,98.8,0.05000000000000071,0.06999999999999673,0.21999999999999886,0.28999999999999204,4.269662921348314,3.8760298156139665,1.346966598500341,1.0,4.2688019814031914,3.8749104493515567,1.3471545094374568,1.0,4.268545645978317,3.874920523236483,1.3472267858739964,1.0,98.77414624793825,98.77172413729794,98.81908474385763,98.8,0.021342728229891583,0.019374602616182415,0.006736133929369982,0.005,98.75280351970835,98.75234953468176,98.81234860992826,98.795,98.79548897616814,98.79109873991412,98.825820877787,98.80499999999999,98.79109873991412,98.81234860992826,0.021249870014145245,0.00021507965601361584,SPAB,BND,2025-03-19,False,4320.0,3921.0,1363.0,1012.0,0.0,0.0,0.0,0.0,,,0.0,0.0,-0.0,False,False,False,0.0,,,0.0,0.0,0.0,0.0,0.0,0.0,0.0,0.0,0.0,0.0,0.0,0.0,0.0,0.0,0.0,0.0,0.0,0.0,-0.0,-0.0,-0.0,-0.0,-0.0,-0.0,-0.0,-0.0,0.0,0.0,0.0,0.0,0.0,0.0,0.0,103.48000000001664
23.16,25.51,73.38,98.86,0.019999999999999574,0.020000000000003126,0.030000000000001137,0.060000000000002274,4.268566493955095,3.875343002744022,1.34723357863178,1.0,4.268642152047617,3.8749201530104527,1.3471351196268526,1.0,4.2688019814031914,3.8749104493515567,1.3471545094374568,1.0,98.86545388929791,98.84896556295821,98.85419790252058,98.86,0.021344009907015956,0.019374552246757784,0.006735772547187284,0.005,98.8441098793909,98.82959101071145,98.8474621299734,98.855,98.88679789920492,98.86834011520497,98.86093367506777,98.865,98.86093367506777,98.855,-0.005933675067765876,-6.002098996323969e-05,BND,AGG,2025-03-20,False,4320.0,3921.0,1363.0,1012.0,0.0,0.0,0.0,0.0,,,0.0,0.0,0.0,False,True,False,0.0,,,0.0,0.0,0.0,0.0,0.0,0.0,0.0,0.0,0.0,0.0,0.0,0.0,0.0,0.0,0.0,0.0,0.0,0.0,-0.0,-0.0,-0.0,-0.0,-0.0,-0.0,-0.0,-0.0,0.0,0.0,0.0,0.0,0.0,0.0,0.0,103.48000000001664
23.15,25.49,73.32,98.74,-0.010000000000001563,-0.020000000000003126,-0.060000000000002274,-0.12000000000000455,4.265226781857452,3.873675951353472,1.3466993998908894,1.0,4.26811315850084,3.8747778978699925,1.3470790322186812,1.0,4.268642152047617,3.8749201530104527,1.3471351196268526,1.0,98.81906581990232,98.77171470023643,98.77194697104082,98.74,0.021343210760238086,0.019374600765052263,0.0067356755981342635,0.005,98.79772260914208,98.75234009947138,98.76521129544268,98.735,98.84040903066256,98.79108930100148,98.77868264663896,98.74499999999999,98.74499999999999,98.79772260914208,0.05272260914209426,0.0005339539106957085,AGG,SCHZ,2025-03-21,False,4324.0,3925.0,1365.0,1013.0,0.0,0.0,0.0,0.0,,,0.0,0.0,0.0,False,False,False,-0.0,,,0.0,0.0,0.0,0.0,0.0,0.0,0.0,0.0,0.0,0.0,0.0,0.0,0.0,0.0,0.0,0.0,0.0,0.0,-0.0,-0.0,-0.0,-0.0,-0.0,-0.0,-0.0,-0.0,0.0,-0.0,-0.0,-0.0,-0.0,0.0,0.0,103.48000000001664
23.04,25.38,73.0,98.36,-0.10999999999999943,-0.10999999999999943,-0.3199999999999932,-0.37999999999999545,4.269097222222222,3.875492513790386,1.3473972602739726,1.0,4.268154630183105,3.874797737484325,1.3470764620911837,1.0,4.26811315850084,3.8747778978699925,1.3470790322186812,1.0,98.33732717185934,98.34186304794041,98.33676935196372,98.36,0.0213405657925042,0.01937388948934996,0.006735395161093406,0.005,98.31598660606684,98.32248915845106,98.33003395680264,98.355,98.35866773765184,98.36123693742975,98.34350474712481,98.365,98.34350474712481,98.355,0.011495252875192818,0.00011686918335901605,BND,AGG,2025-03-24,False,4341.0,3941.0,1370.0,1017.0,0.0,0.0,0.0,0.0,,,0.0,0.0,-0.0,False,True,False,0.0,,,0.0,0.0,0.0,0.0,0.0,0.0,0.0,0.0,0.0,0.0,0.0,0.0,0.0,0.0,0.0,0.0,0.0,0.0,-0.0,-0.0,-0.0,-0.0,-0.0,-0.0,-0.0,-0.0,0.0,-0.0,-0.0,-0.0,-0.0,0.0,0.0,103.48000000001664
23.07,25.41,73.09,98.45,0.030000000000001137,0.030000000000001137,0.09000000000000341,0.09000000000000341,4.267446900736887,3.8744588744588744,1.3469694896702695,1.0,4.267882841505709,3.874566459575882,1.3469937778800007,1.0,4.268154630183105,3.874797737484325,1.3470764620911837,1.0,98.46632731832423,98.4586105094767,98.45781861424462,98.45,0.021340773150915524,0.019373988687421625,0.006735382310455919,0.005,98.44498654517332,98.43923652078928,98.45108323193416,98.44500000000001,98.48766809147514,98.47798449816412,98.46455399655507,98.455,98.455,98.45108323193416,-0.0039167680658351856,-3.978433789573576e-05,AGG,BND,2025-03-25,False,4336.0,3937.0,1369.0,1016.0,0.0,0.0,0.0,0.0,,,0.0,0.0,0.0,False,True,False,0.0,,,0.0,0.0,0.0,0.0,0.0,0.0,0.0,0.0,0.0,0.0,0.0,0.0,0.0,0.0,0.0,0.0,0.0,0.0,-0.0,-0.0,-0.0,-0.0,-0.0,-0.0,-0.0,-0.0,0.0,0.0,0.0,0.0,0.0,0.0,0.0,103.48000000001664
23.02,25.36,72.93,98.21,-0.05000000000000071,-0.05000000000000071,-0.1599999999999966,-0.2400000000000091,4.266290182450043,3.8726340694006307,1.346633758398464,1.0,4.26782780933785,3.8745320361411912,1.3469979848815534,1.0,4.267882841505709,3.874566459575882,1.3469937778800007,1.0,98.24666301146142,98.25900541484437,98.23625622078846,98.21,0.021339414207528544,0.01937283229787941,0.006734968889400004,0.005,98.22532359725389,98.23963258254649,98.22952125189906,98.205,98.26800242566895,98.27837824714224,98.24299118967787,98.21499999999999,98.21499999999999,98.23963258254649,0.024632582546502135,0.0002508154215100513,AGG,SPAB,2025-03-26,False,4345.0,3944.0,1371.0,1018.0,0.0,0.0,0.0,0.0,,,0.0,0.0,0.0,False,False,False,-0.0,,,0.0,0.0,0.0,0.0,0.0,0.0,0.0,0.0,0.0,0.0,0.0,0.0,0.0,0.0,0.0,0.0,0.0,0.0,-0.0,-0.0,-0.0,-0.0,-0.0,-0.0,-0.0,-0.0,0.0,-0.0,-0.0,-0.0,-0.0,0.0,0.0,103.48000000001664
23.0,25.34,72.9,98.16,-0.019999999999999574,-0.019999999999999574,-0.030000000000001137,-0.04999999999999716,4.267826086956521,3.873717442778216,1.3465020576131685,1.0,4.267550574147986,3.874492293400917,1.3469838941845085,1.0,4.26782780933785,3.8745320361411912,1.3469979848815534,1.0,98.16003961477054,98.18064179581779,98.19615309786525,98.16,0.02133913904668925,0.019372660180705957,0.006734989924407768,0.005,98.13870047572385,98.16126913563708,98.18941810794084,98.155,98.18137875381723,98.2000144559985,98.20288808778966,98.16499999999999,98.16499999999999,98.18941810794084,0.024418107940846312,0.0002487582308562175,AGG,BND,2025-03-27,False,4349.0,3948.0,1373.0,1019.0,0.0,0.0,0.0,0.0,,,0.0,0.0,-0.0,False,False,False,0.0,,,0.0,0.0,0.0,0.0,0.0,0.0,0.0,0.0,0.0,0.0,0.0,0.0,0.0,0.0,0.0,0.0,0.0,0.0,-0.0,-0.0,-0.0,-0.0,-0.0,-0.0,-0.0,-0.0,0.0,-0.0,-0.0,-0.0,-0.0,0.0,0.0,103.48000000001664
23.13,25.49,73.32,98.73,0.129999999999999,0.14999999999999858,0.4199999999999875,0.5700000000000074,4.2684824902723735,3.87328364064339,1.3465630114566287,1.0,4.267651102810482,3.874433980287487,1.3469177827187937,1.0,4.267550574147986,3.874492293400917,1.3469838941845085,1.0,98.70844478004291,98.76080855878936,98.76085912160815,98.73,0.02133775287073993,0.019372461467004585,0.006734919470922543,0.005,98.68710702717217,98.74143609732236,98.75412420213722,98.72500000000001,98.72978253291365,98.78018102025636,98.76759404107908,98.735,98.72978253291365,98.75412420213722,0.02434166922357406,0.00024654784992984965,SCHZ,BND,2025-03-28,False,4323.0,3925.0,1364.0,1013.0,0.0,0.0,0.0,0.0,,,0.0,0.0,0.0,False,False,False,-0.0,,,0.0,0.0,0.0,0.0,0.0,0.0,0.0,0.0,0.0,0.0,0.0,0.0,0.0,0.0,0.0,0.0,0.0,0.0,-0.0,-0.0,-0.0,-0.0,-0.0,-0.0,-0.0,-0.0,0.0,0.0,0.0,0.0,0.0,0.0,0.0,103.48000000001664
23.16,25.54,73.45,98.92,0.030000000000001137,0.05000000000000071,0.13000000000000966,0.18999999999999773,4.271157167530225,3.8731401722787786,1.3467665078284548,1.0,4.2680105316190105,3.874307052633475,1.346878485520804,1.0,4.267651102810482,3.874433980287487,1.3469177827187937,1.0,98.83879954109076,98.95304385654241,98.9311111406954,98.92,0.02133825551405241,0.019372169901437437,0.006734588913593968,0.005,98.81746128557671,98.93367168664098,98.92437655178182,98.915,98.86013779660482,98.97241602644384,98.937845729609,98.925,98.86013779660482,98.93367168664098,0.07353389003615973,0.0007433672668435072,SCHZ,SPAB,2025-03-31,False,4315.0,3917.0,1362.0,1011.0,0.0,0.0,0.0,0.0,,,0.0,0.0,-0.0,False,False,False,0.0,,,0.0,0.0,0.0,0.0,0.0,0.0,0.0,0.0,0.0,0.0,0.0,0.0,0.0,0.0,0.0,0.0,0.0,0.0,-0.0,-0.0,-0.0,-0.0,-0.0,-0.0,-0.0,-0.0,0.0,0.0,0.0,0.0,0.0,0.0,0.0,103.48000000001664
23.18,25.52,73.44,98.96,0.019999999999999574,-0.019999999999999574,-0.010000000000005116,0.03999999999999204,4.269197584124245,3.8777429467084636,1.3474945533769063,1.0,4.268295383145338,3.87455184297702,1.3469226215640875,1.0,4.2680105316190105,3.874307052633475,1.346878485520804,1.0,98.93248412292866,98.87231598320628,98.91475597664784,98.96,0.021340052658095052,0.019371535263167376,0.00673439242760402,0.005,98.91114407027057,98.85294444794312,98.90802158422024,98.955,98.95382417558675,98.89168751846944,98.92149036907544,98.96499999999999,98.89168751846944,98.955,0.06331248153055924,0.00063977851182861,SPAB,AGG,2025-04-01,True,4315.0,3917.0,1362.0,1011.0,0.0,0.0,0.0,0.0,,,0.0,0.0,0.0,False,False,False,-0.0,,,0.0,0.0,0.0,0.0,0.0,0.0,0.0,0.0,0.0,0.0,0.0,0.0,0.0,0.0,0.0,0.0,0.0,0.0,-0.0,-0.0,-0.0,-0.0,-0.0,-0.0,-0.0,-0.0,0.0,0.0,-0.0,-0.0,0.0,0.0,0.0,103.48000000001664
23.15,25.51,73.38,98.85,-0.030000000000001137,-0.00999999999999801,-0.060000000000002274,-0.10999999999999943,4.269978401727862,3.8749509996079965,1.347097301717089,1.0,4.268326931183293,3.8744439613764228,1.3469356918857625,1.0,4.268295383145338,3.87455184297702,1.3469226215640875,1.0,98.81103811981457,98.83981751434379,98.83718197037274,98.85,0.02134147691572669,0.0193727592148851,0.006734613107820438,0.005,98.78969664289885,98.8204447551289,98.83044735726492,98.845,98.83237959673029,98.85919027355868,98.84391658348056,98.85499999999999,98.83237959673029,98.845,0.01262040326970748,0.00012767226372996946,SCHZ,AGG,2025-04-02,False,4320.0,3921.0,1363.0,1012.0,0.0,0.0,0.0,0.0,,,0.0,0.0,-0.0,False,True,True,0.0,,,0.0,0.0,0.0,0.0,0.0,0.0,0.0,0.0,0.0,0.0,0.0,0.0,0.0,0.0,0.0,0.0,0.0,0.0,-0.0,-0.0,-0.0,-0.0,-0.0,-0.0,-0.0,-0.0,0.0,-0.0,-0.0,-0.0,-0.0,0.0,0.0,103.48000000001664
23.28,25.64,73.76,99.37,0.13000000000000256,0.129999999999999,0.38000000000000966,0.5200000000000102,4.268470790378007,3.875585023400936,1.34720715835141,1.0,4.268317360825583,3.8744681634421148,1.3469330498577254,1.0,4.268326931183293,3.8744439613764228,1.3469356918857625,1.0,99.36665095794707,99.34074316969148,99.34997663349384,99.37,0.021341634655916465,0.019372219806882113,0.006734678459428813,0.005,99.34530932329116,99.3213709498846,99.34324195503442,99.36500000000001,99.38799259260298,99.36011538949836,99.35671131195326,99.375,99.35671131195326,99.36500000000001,0.008288688046746984,8.341237845171564e-05,BND,AGG,2025-04-03,False,4294.0,3898.0,1355.0,1006.0,0.0,0.0,0.0,0.0,,,0.0,0.0,0.0,False,True,False,0.0,,,0.0,0.0,0.0,0.0,0.0,0.0,0.0,0.0,0.0,0.0,0.0,0.0,0.0,0.0,0.0,0.0,0.0,0.0,-0.0,-0.0,-0.0,-0.0,-0.0,-0.0,-0.0,-0.0,0.0,0.0,0.0,0.0,0.0,0.0,0.0,103.48000000001664
23.28,25.66,73.82,99.46,0.0,0.019999999999999574,0.05999999999998806,0.0899999999999892,4.27233676975945,3.8760717069368664,1.3473313465185588,1.0,4.269028359615784,3.8747077390004536,1.3469962445204922,1.0,4.268317360825583,3.8744681634421148,1.3469330498577254,1.0,99.36642816001958,99.41885307392467,99.43059774049728,99.46,0.021341586804127916,0.019372340817210575,0.006734665249288627,0.005,99.34508657321545,99.39948073310745,99.423863075248,99.455,99.38776974682371,99.43822541474188,99.43733240574656,99.46499999999999,99.38776974682371,99.455,0.06723025317629094,0.0006759526762144676,SCHZ,AGG,2025-04-04,False,4290.0,3894.0,1354.0,1005.0,0.0,0.0,0.0,0.0,,,0.0,0.0,0.0,False,False,False,-0.0,,,0.0,0.0,0.0,0.0,0.0,0.0,0.0,0.0,0.0,0.0,0.0,0.0,0.0,0.0,0.0,0.0,0.0,0.0,-0.0,-0.0,-0.0,-0.0,-0.0,-0.0,-0.0,-0.0,0.0,0.0,0.0,0.0,0.0,0.0,0.0,103.48000000001664
23.0,25.36,72.93,98.2,-0.28000000000000114,-0.3000000000000007,-0.8899999999999864,-1.259999999999991,4.269565217391304,3.8722397476340698,1.3464966406142875,1.0,4.269075159132692,3.8743824623848218,1.3469061825545237,1.0,4.269028359615784,3.8747077390004536,1.3469962445204922,1.0,98.18765227116303,98.2625882610515,98.2364361128795,98.2,0.02134514179807892,0.01937353869500227,0.006734981222602461,0.005,98.16630712936495,98.2432147223565,98.2297011316569,98.19500000000001,98.20899741296111,98.28196179974651,98.24317109410211,98.205,98.205,98.2432147223565,0.03821472235649992,0.0003891519588238281,AGG,SPAB,2025-04-07,False,4346.0,3944.0,1371.0,1018.0,0.0,0.0,0.0,0.0,,,0.0,0.0,-0.0,False,False,False,0.0,,,0.0,0.0,0.0,0.0,0.0,0.0,0.0,0.0,0.0,0.0,0.0,0.0,0.0,0.0,0.0,0.0,0.0,0.0,-0.0,-0.0,-0.0,-0.0,-0.0,-0.0,-0.0,-0.0,0.0,-0.0,-0.0,-0.0,-0.0,0.0,0.0,103.48000000001664
22.9,25.22,72.51,97.69,-0.10000000000000142,-0.14000000000000057,-0.4200000000000017,-0.5100000000000051,4.265938864628821,3.873513084853291,1.3472624465590952,1.0,4.268924355521885,3.874287883424264,1.3469354782434064,1.0,4.269075159132692,3.8743824623848218,1.3469061825545237,1.0,97.76182114413864,97.7119257013452,97.66416729702851,97.69,0.02134537579566346,0.01937191231192411,0.006734530912772619,0.005,97.74047576834298,97.69255378903327,97.65743276611575,97.685,97.7831665199343,97.73129761365712,97.67090182794128,97.695,97.67090182794128,97.74047576834298,0.06957394040169618,0.0007121910164980672,BND,SCHZ,2025-04-08,False,4372.0,3967.0,1379.0,1024.0,0.0,0.0,0.0,0.0,,,0.0,0.0,0.0,False,False,False,-0.0,,,0.0,0.0,0.0,0.0,0.0,0.0,0.0,0.0,0.0,0.0,0.0,0.0,0.0,0.0,0.0,0.0,0.0,0.0,-0.0,-0.0,-0.0,-0.0,-0.0,-0.0,-0.0,-0.0,0.0,-0.0,-0.0,-0.0,-0.0,0.0,0.0,103.48000000001664
22.93,25.28,72.68,97.91,0.030000000000001137,0.060000000000002274,0.1700000000000017,0.21999999999999886,4.2699520279110335,3.873022151898734,1.347138139790864,1.0,4.269290540067984,3.8743266916740735,1.3469859163826463,1.0,4.268924355521885,3.874287883424264,1.3469354782434064,1.0,97.88643547211682,97.94199769296539,97.89527055873079,97.91,0.021344621777609426,0.01937143941712132,0.006734677391217032,0.005,97.8650908503392,97.92262625354826,97.88853588133956,97.905,97.90778009389443,97.96136913238252,97.90200523612201,97.91499999999999,97.90200523612201,97.92262625354826,0.020621017426250887,0.0002106119643167285,BND,SPAB,2025-04-09,False,4359.0,3956.0,1375.0,1021.0,0.0,0.0,0.0,0.0,,,0.0,0.0,-0.0,False,False,False,0.0,,,0.0,0.0,0.0,0.0,0.0,0.0,0.0,0.0,0.0,0.0,0.0,0.0,0.0,0.0,0.0,0.0,0.0,0.0,-0.0,-0.0,-0.0,-0.0,-0.0,-0.0,-0.0,-0.0,0.0,0.0,0.0,0.0,0.0,0.0,0.0,103.48000000001664
22.74,25.09,72.1,97.14,-0.19000000000000128,-0.19000000000000128,-0.5800000000000125,-0.769999999999996,4.271767810026385,3.871662016739737,1.3472954230235785,1.0,4.26968471237497,3.874121149070226,1.3470652529236873,1.0,4.269290540067984,3.8743266916740735,1.3469859163826463,1.0,97.08366688114594,97.2068566941025,97.11768457118879,97.14,0.02134645270033992,0.01937163345837037,0.006734929581913232,0.005,97.0623204284456,97.18748506064412,97.11094964160688,97.135,97.10501333384629,97.22622832756088,97.1244195007707,97.145,97.10501333384629,97.18748506064412,0.08247172679783432,0.0008489986287609051,SCHZ,SPAB,2025-04-10,False,4393.0,3987.0,1386.0,1029.0,0.0,0.0,0.0,0.0,,,0.0,0.0,0.0,False,False,False,-0.0,,,0.0,0.0,0.0,0.0,0.0,0.0,0.0,0.0,0.0,0.0,0.0,0.0,0.0,0.0,0.0,0.0,0.0,0.0,-0.0,-0.0,-0.0,-0.0,-0.0,-0.0,-0.0,-0.0,0.0,-0.0,-0.0,-0.0,-0.0,0.0,0.0,103.48000000001664
22.72,25.04,72.02,97.04,-0.019999999999999574,-0.05000000000000071,-0.0799999999999983,-0.09999999999999432,4.271126760563381,3.8753993610223647,1.347403499028048,1.0,4.269949139404071,3.8743327211081238,1.3471493016808291,1.0,4.26968471237497,3.874121149070226,1.3470652529236873,1.0,97.00723666515933,97.00799357271846,97.01563951556395,97.04,0.021348423561874854,0.01937060574535113,0.006735326264618436,0.005,96.98588824159745,96.98862296697311,97.00890418929933,97.03500000000001,97.0285850887212,97.02736417846381,97.02237484182857,97.045,97.02237484182857,97.03500000000001,0.012625158171445605,0.00013010261924408084,BND,AGG,2025-04-11,False,4402.0,3994.0,1389.0,1031.0,0.0,0.0,0.0,0.0,,,0.0,0.0,-0.0,False,True,False,0.0,,,0.0,0.0,0.0,0.0,0.0,0.0,0.0,0.0,0.0,0.0,0.0,0.0,0.0,0.0,0.0,0.0,0.0,0.0,-0.0,-0.0,-0.0,-0.0,-0.0,-0.0,-0.0,-0.0,0.0,-0.0,-0.0,-0.0,-0.0,0.0,0.0,103.48000000001664
22.85,25.18,72.43,97.61,0.13000000000000256,0.14000000000000057,0.4100000000000108,0.5699999999999932,4.2717724288840255,3.87648927720413,1.3476460030374153,1.0,4.270010665539452,3.8746676316006594,1.3472372512017254,1.0,4.269949139404071,3.8743327211081238,1.3471493016808291,1.0,97.56833783538303,97.55569791750256,97.57402392074246,97.61,0.021349745697020354,0.01937166360554062,0.006735746508404146,0.005,97.54698808968601,97.53632625389702,97.56728817423406,97.605,97.58968758108006,97.5750695811081,97.58075966725086,97.615,97.5750695811081,97.605,0.02993041889190806,0.0003066327107049284,SPAB,AGG,2025-04-14,False,4372.0,3967.0,1379.0,1024.0,0.0,0.0,0.0,0.0,,,0.0,0.0,0.0,False,False,False,-0.0,,,0.0,0.0,0.0,0.0,0.0,0.0,0.0,0.0,0.0,0.0,0.0,0.0,0.0,0.0,0.0,0.0,0.0,0.0,-0.0,-0.0,-0.0,-0.0,-0.0,-0.0,-0.0,-0.0,0.0,0.0,0.0,0.0,0.0,0.0,0.0,103.48000000001664
22.92,25.24,72.61,97.81,0.07000000000000028,0.05999999999999872,0.1799999999999926,0.20000000000000284,4.267452006980802,3.875198098256736,1.3470596336592757,1.0,4.269836107825107,3.8744131467554856,1.3471937592299623,1.0,4.270010665539452,3.8746676316006594,1.3472372512017254,1.0,97.86864445416425,97.79661102160064,97.82289680975728,97.81,0.021350053327697262,0.0193733381580033,0.006736186256008627,0.005,97.84729440083656,97.77723768344264,97.81616062350128,97.805,97.88999450749195,97.81598435975864,97.82963299601329,97.815,97.815,97.84729440083656,0.03229440083656243,0.00033017483730255013,AGG,SCHZ,2025-04-15,False,4364.0,3960.0,1377.0,1022.0,0.0,0.0,0.0,0.0,,,0.0,0.0,-0.0,False,False,False,0.0,,,0.0,0.0,0.0,0.0,0.0,0.0,0.0,0.0,0.0,0.0,0.0,0.0,0.0,0.0,0.0,0.0,0.0,0.0,-0.0,-0.0,-0.0,-0.0,-0.0,-0.0,-0.0,-0.0,0.0,0.0,0.0,0.0,0.0,0.0,0.0,103.48000000001664
22.96,25.32,72.81,98.12,0.03999999999999915,0.08000000000000185,0.20000000000000284,0.3100000000000023,4.2735191637630665,3.8751974723538707,1.3476170855651697,1.0,4.270190184028627,3.8744377940300736,1.3472457376147702,1.0,4.269836107825107,3.8744131467554856,1.3471937592299623,1.0,98.03543703566446,98.1001408758489,98.08917760953356,98.12,0.021349180539125535,0.01937206573377743,0.006735968796149812,0.005,98.01408785512534,98.08076881011512,98.08244164073741,98.11500000000001,98.05678621620358,98.11951294158267,98.09591357832971,98.125,98.05678621620358,98.11500000000001,0.058213783796432494,0.0005932917223443996,SCHZ,AGG,2025-04-16,False,4351.0,3948.0,1373.0,1019.0,0.0,0.0,0.0,0.0,,,0.0,0.0,0.0,False,False,False,-0.0,,,0.0,0.0,0.0,0.0,0.0,0.0,0.0,0.0,0.0,0.0,0.0,0.0,0.0,0.0,0.0,0.0,0.0,0.0,-0.0,-0.0,-0.0,-0.0,-0.0,-0.0,-0.0,-0.0,0.0,0.0,0.0,0.0,0.0,0.0,0.0,103.48000000001664
22.93,25.27,72.65,97.87,-0.030000000000001137,-0.05000000000000071,-0.1599999999999966,-0.25,4.268207588312255,3.8729719034428176,1.347143840330351,1.0,4.270163863822053,3.8741764820342617,1.3472394058126644,1.0,4.270190184028627,3.8744377940300736,1.3472457376147702,1.0,97.91546091977642,97.90704305513997,97.87740283771306,97.87,0.021350950920143136,0.01937218897015037,0.006736228688073851,0.005,97.89410996885628,97.88767086616981,97.870666609025,97.86500000000001,97.93681187069656,97.92641524411012,97.88413906640113,97.875,97.875,97.89410996885628,0.019109968856284354,0.0001952586988483126,AGG,SCHZ,2025-04-17,False,4364.0,3960.0,1377.0,1022.0,0.0,0.0,0.0,0.0,,,0.0,0.0,-0.0,False,True,False,0.0,,,0.0,0.0,0.0,0.0,0.0,0.0,0.0,0.0,0.0,0.0,0.0,0.0,0.0,0.0,0.0,0.0,0.0,0.0,-0.0,-0.0,-0.0,-0.0,-0.0,-0.0,-0.0,-0.0,0.0,-0.0,-0.0,-0.0,-0.0,0.0,0.0,103.48000000001664
22.8,25.12,72.25,97.28,-0.129999999999999,-0.14999999999999858,-0.4000000000000057,-0.5900000000000034,4.266666666666667,3.872611464968153,1.3464359861591695,1.0,4.269596853512775,3.8738304578373906,1.3471498697767255,1.0,4.270163863822053,3.8741764820342617,1.3472394058126644,1.0,97.35973609514282,97.31931322870065,97.338047069965,97.28,0.021350819319110266,0.01937088241017131,0.006736197029063322,0.005,97.33838527582371,97.29994234629048,97.33131087293594,97.275,97.38108691446193,97.33868411111082,97.34478326699406,97.285,97.285,97.33838527582371,0.05338527582371455,0.0005487795623325921,AGG,SCHZ,2025-04-21,False,4390.0,3983.0,1385.0,1028.0,0.0,0.0,0.0,0.0,,,0.0,0.0,0.0,False,False,False,-0.0,,,0.0,0.0,0.0,0.0,0.0,0.0,0.0,0.0,0.0,0.0,0.0,0.0,0.0,0.0,0.0,0.0,0.0,0.0,-0.0,-0.0,-0.0,-0.0,-0.0,-0.0,-0.0,-0.0,0.0,-0.0,-0.0,-0.0,-0.0,0.0,0.0,103.48000000001664
22.83,25.15,72.38,97.46,0.029999999999997584,0.029999999999997584,0.12999999999999545,0.1799999999999926,4.268944371441086,3.875149105367793,1.3465045592705167,1.0,4.269534768917753,3.874121393610763,1.3471506616423483,1.0,4.269596853512775,3.8738304578373906,1.3471498697767255,1.0,97.47489616569665,97.42683601461037,97.50670757443939,97.46,0.021347984267563874,0.019369152289186953,0.006735749348883628,0.005,97.45354818142908,97.40746686232119,97.49997182509051,97.455,97.49624414996421,97.44620516689956,97.51344332378827,97.46499999999999,97.44620516689956,97.49997182509051,0.053766658190951944,0.0005516792344649286,SPAB,BND,2025-04-22,False,4381.0,3975.0,1382.0,1026.0,0.0,0.0,0.0,0.0,,,0.0,0.0,-0.0,False,False,False,0.0,,,0.0,0.0,0.0,0.0,0.0,0.0,0.0,0.0,0.0,0.0,0.0,0.0,0.0,0.0,0.0,0.0,0.0,0.0,-0.0,-0.0,-0.0,-0.0,-0.0,-0.0,-0.0,-0.0,0.0,0.0,0.0,0.0,0.0,0.0,0.0,103.48000000001664
22.88,25.2,72.53,97.7,0.05000000000000071,0.05000000000000071,0.15000000000000568,0.2400000000000091,4.270104895104895,3.8769841269841274,1.3470288156624846,1.0,4.26995137196536,3.874468497823846,1.3471272985526874,1.0,4.269534768917753,3.874121393610763,1.3471506616423483,1.0,97.68695551283818,97.62785911899122,97.70883748891953,97.7,0.021347673844588765,0.019370606968053813,0.006735753308211741,0.005,97.6656078389936,97.60848851202317,97.70210173561132,97.69500000000001,97.70830318668277,97.64722972595928,97.71557324222773,97.705,97.64722972595928,97.70210173561132,0.054872009652044085,0.0005616377651181585,SPAB,BND,2025-04-23,False,4372.0,3967.0,1379.0,1024.0,0.0,0.0,0.0,0.0,,,0.0,0.0,0.0,False,False,False,-0.0,,,0.0,0.0,0.0,0.0,0.0,0.0,0.0,0.0,0.0,0.0,0.0,0.0,0.0,0.0,0.0,0.0,0.0,0.0,-0.0,-0.0,-0.0,-0.0,-0.0,-0.0,-0.0,-0.0,0.0,0.0,0.0,0.0,0.0,0.0,0.0,103.48000000001664
23.02,25.34,72.94,98.24,0.14000000000000057,0.14000000000000057,0.4099999999999966,0.539999999999992,4.2675933970460465,3.8768745067087607,1.346860433232794,1.0,4.2697155088788605,3.8748537333048487,1.3470995278968803,1.0,4.26995137196536,3.874468497823846,1.3471272985526874,1.0,98.29428058264257,98.17903173485625,98.25946515643302,98.24,0.021349756859826798,0.01937234248911923,0.006735636492763437,0.005,98.27293082578275,98.15965939236713,98.25272951994026,98.235,98.31563033950239,98.19840407734537,98.26620079292579,98.24499999999999,98.19840407734537,98.27293082578275,0.07452674843737839,0.0007586191819765716,SPAB,SCHZ,2025-04-24,False,4347.0,3944.0,1371.0,1018.0,0.0,0.0,0.0,0.0,,,0.0,0.0,-0.0,False,False,False,0.0,,,0.0,0.0,0.0,0.0,0.0,0.0,0.0,0.0,0.0,0.0,0.0,0.0,0.0,0.0,0.0,0.0,0.0,0.0,-0.0,-0.0,-0.0,-0.0,-0.0,-0.0,-0.0,-0.0,0.0,0.0,0.0,0.0,0.0,0.0,0.0,103.48000000001664
23.08,25.43,73.18,98.6,0.05999999999999872,0.08999999999999986,0.2400000000000091,0.35999999999999943,4.27209705372617,3.8773102634683445,1.347362667395463,1.0,4.269748433248839,3.875418557977709,1.3471062523340689,1.0,4.2697155088788605,3.8748537333048487,1.3470995278968803,1.0,98.5450339449241,98.53753043794231,98.5807434514937,98.6,0.021348577544394304,0.019374268666524246,0.006735497639484401,0.005,98.5236853673797,98.51815616927578,98.57400795385422,98.595,98.5663825224685,98.55690470660883,98.58747894913319,98.60499999999999,98.55690470660883,98.595,0.038095293391165796,0.0003863620019388012,SPAB,AGG,2025-04-25,False,4329.0,3929.0,1366.0,1014.0,0.0,0.0,0.0,0.0,,,0.0,0.0,0.0,False,False,False,-0.0,,,0.0,0.0,0.0,0.0,0.0,0.0,0.0,0.0,0.0,0.0,0.0,0.0,0.0,0.0,0.0,0.0,0.0,0.0,-0.0,-0.0,-0.0,-0.0,-0.0,-0.0,-0.0,-0.0,0.0,0.0,0.0,0.0,0.0,0.0,0.0,103.48000000001664
23.16,25.51,73.36,98.87,0.08000000000000185,0.08000000000000185,0.1799999999999926,0.27000000000001023,4.268998272884283,3.875735005880047,1.3477371864776446,1.0,4.269535584480929,3.8754521224634786,1.3471396210790285,1.0,4.269748433248839,3.875418557977709,1.3471062523340689,1.0,98.88737371404312,98.86192741401136,98.8237146712273,98.87,0.021348742166244196,0.019377092789888545,0.006735531261670345,0.005,98.86602497187688,98.84255032122147,98.81697913996562,98.86500000000001,98.90872245620936,98.88130450680126,98.83045020248896,98.875,98.83045020248896,98.86602497187688,0.035574769387920924,0.00035981358741702155,BND,SCHZ,2025-04-28,False,4317.0,3918.0,1362.0,1011.0,0.0,0.0,0.0,0.0,,,0.0,0.0,-0.0,False,False,False,0.0,,,0.0,0.0,0.0,0.0,0.0,0.0,0.0,0.0,0.0,0.0,0.0,0.0,0.0,0.0,0.0,0.0,0.0,0.0,-0.0,-0.0,-0.0,-0.0,-0.0,-0.0,-0.0,-0.0,0.0,0.0,0.0,0.0,0.0,0.0,0.0,103.48000000001664
23.21,25.57,73.55,99.11,0.05000000000000071,0.05999999999999872,0.18999999999999773,0.23999999999999488,4.270142180094787,3.8760265936644505,1.3475186947654658,1.0,4.269372559602005,3.87540585410951,1.3471268902518334,1.0,4.269535584480929,3.8754521224634786,1.3471396210790285,1.0,99.09592091580237,99.09531077139115,99.08211913036254,99.11,0.021347677922404645,0.019377260612317395,0.006735698105395142,0.005,99.07457323787996,99.07593351077884,99.07538343225714,99.105,99.11726859372477,99.11468803200347,99.08885482846794,99.115,99.08885482846794,99.105,0.01614517153205952,0.0001629015390178541,BND,AGG,2025-04-29,False,4308.0,3910.0,1359.0,1009.0,0.0,0.0,0.0,0.0,,,0.0,0.0,0.0,False,True,False,0.0,,,0.0,0.0,0.0,0.0,0.0,0.0,0.0,0.0,0.0,0.0,0.0,0.0,0.0,0.0,0.0,0.0,0.0,0.0,-0.0,-0.0,-0.0,-0.0,-0.0,-0.0,-0.0,-0.0,0.0,0.0,0.0,0.0,0.0,0.0,0.0,103.48000000001664
23.2,25.55,73.5,99.02,-0.010000000000001563,-0.019999999999999574,-0.04999999999999716,-0.09000000000000341,4.268103448275862,3.875538160469667,1.3472108843537414,1.0,4.269437703731512,3.875439860330803,1.3471420153212799,1.0,4.269372559602005,3.87540585410951,1.3471268902518334,1.0,99.04944338276653,99.01661957249799,99.01382643350975,99.02,0.021346862798010027,0.01937702927054755,0.006735634451259167,0.005,99.02809651996851,98.99724254322744,99.00709079905849,99.015,99.07079024556454,99.03599660176853,99.02056206796101,99.02499999999999,99.02056206796101,99.02809651996851,0.00753445200750491,7.609020407498395e-05,BND,SCHZ,2025-04-30,False,4312.0,3914.0,1361.0,1010.0,0.0,0.0,0.0,0.0,,,0.0,0.0,0.0,False,True,False,0.0,,,0.0,0.0,0.0,0.0,0.0,0.0,0.0,0.0,0.0,0.0,0.0,0.0,0.0,0.0,0.0,0.0,0.0,0.0,-0.0,-0.0,-0.0,-0.0,-0.0,-0.0,-0.0,-0.0,0.0,-0.0,-0.0,-0.0,-0.0,0.0,0.0,103.48000000001664
23.04,25.4,73.06,98.43,-0.16000000000000014,-0.15000000000000213,-0.4399999999999977,-0.5899999999999892,4.272135416666667,3.875196850393701,1.34724883657268,1.0,4.269299329021871,3.875439798134786,1.347105190422031,1.0,4.269437703731512,3.875439860330803,1.3471420153212799,1.0,98.36784469397404,98.43617245240239,98.42219563937272,98.43,0.02134718851865756,0.019377199301654015,0.0067357100766064,0.005,98.34649750545537,98.41679525310073,98.4154599292961,98.42500000000001,98.3891918824927,98.45554965170405,98.42893134944933,98.435,98.3891918824927,98.42500000000001,0.035808117507315274,0.00036379272078954864,SCHZ,AGG,2025-05-01,True,4338.0,3937.0,1369.0,1016.0,0.0,0.0,0.0,0.0,,,0.0,0.0,0.0,False,False,False,-0.0,,,0.0,0.0,0.0,0.0,0.0,0.0,0.0,0.0,0.0,0.0,0.0,0.0,0.0,0.0,0.0,0.0,0.0,0.0,-0.0,-0.0,-0.0,-0.0,-0.0,-0.0,-0.0,-0.0,0.0,-0.0,-0.0,-0.0,-0.0,0.0,0.0,103.48000000001664
22.95,25.28,72.7,97.95,-0.08999999999999986,-0.11999999999999744,-0.35999999999999943,-0.480000000000004,4.26797385620915,3.8746044303797467,1.3473177441540578,1.0,4.269275955811561,3.8756030508284787,1.3471225808044016,1.0,4.269299329021871,3.875439798134786,1.347105190422031,1.0,97.98041960105195,97.97111809684739,97.93454734368166,97.95,0.021346496645109358,0.01937719899067393,0.0067355259521101555,0.005,97.95907310440684,97.95174089785672,97.92781181772955,97.94500000000001,98.00176609769706,97.99049529583806,97.94128286963377,97.955,97.94128286963377,97.95907310440684,0.01779023477307362,0.00018162567404873527,BND,SCHZ,2025-05-02,False,4359.0,3957.0,1375.0,1021.0,0.0,0.0,0.0,0.0,,,0.0,0.0,-0.0,False,True,True,0.0,,,0.0,0.0,0.0,0.0,0.0,0.0,0.0,0.0,0.0,0.0,0.0,0.0,0.0,0.0,0.0,0.0,0.0,0.0,-0.0,-0.0,-0.0,-0.0,-0.0,-0.0,-0.0,-0.0,0.0,-0.0,-0.0,-0.0,-0.0,0.0,0.0,103.48000000001664
22.91,25.24,72.6,97.78,-0.03999999999999915,-0.0400000000000027,-0.10000000000000853,-0.1700000000000017,4.268005237887386,3.8740095087163238,1.3468319559228652,1.0,4.269409812933633,3.8757428552032964,1.3471621777807714,1.0,4.269275955811561,3.8756030508284787,1.3471225808044016,1.0,97.80911214764286,97.8202210029108,97.80109936639955,97.78,0.021346379779057807,0.019378015254142393,0.0067356129040220085,0.005,97.7877657678638,97.80084298765665,97.79436375349553,97.775,97.83045852742192,97.83959901816495,97.80783497930358,97.785,97.785,97.80084298765665,0.015842987656654373,0.0001620268731504845,AGG,SPAB,2025-05-05,False,4367.0,3965.0,1378.0,1023.0,0.0,0.0,0.0,0.0,,,0.0,0.0,0.0,False,True,False,0.0,,,0.0,0.0,0.0,0.0,0.0,0.0,0.0,0.0,0.0,0.0,0.0,0.0,0.0,0.0,0.0,0.0,0.0,0.0,-0.0,-0.0,-0.0,-0.0,-0.0,-0.0,-0.0,-0.0,0.0,-0.0,-0.0,-0.0,-0.0,0.0,0.0,103.48000000001664
22.97,25.29,72.76,98.02,0.05999999999999872,0.05000000000000071,0.1600000000000108,0.23999999999999488,4.26730518067044,3.8758402530644522,1.3471687740516767,1.0,4.269245893856568,3.875811969972962,1.3472285992588873,1.0,4.269409812933633,3.8757428552032964,1.3471621777807714,1.0,98.06834340308554,98.01753680809136,98.01952005532894,98.02,0.021347049064668163,0.019378714276016482,0.006735810888903857,0.005,98.04699635402086,97.99815809381535,98.01278424444004,98.015,98.08969045215021,98.03691552236738,98.02625586621784,98.02499999999999,98.02499999999999,98.04699635402086,0.021996354020870967,0.00022440679474465384,AGG,SCHZ,2025-05-06,False,4355.0,3953.0,1374.0,1020.0,0.0,0.0,0.0,0.0,,,0.0,0.0,0.0,False,False,False,-0.0,,,0.0,0.0,0.0,0.0,0.0,0.0,0.0,0.0,0.0,0.0,0.0,0.0,0.0,0.0,0.0,0.0,0.0,0.0,-0.0,-0.0,-0.0,-0.0,-0.0,-0.0,-0.0,-0.0,0.0,0.0,0.0,0.0,0.0,0.0,0.0,103.48000000001664
23.01,25.34,72.9,98.17,0.0400000000000027,0.05000000000000071,0.14000000000000057,0.15000000000000568,4.266405910473707,3.8741120757695344,1.346639231824417,1.0,4.268875995393449,3.875524764851503,1.3471896408750805,1.0,4.269245893856568,3.875811969972962,1.3472285992588873,1.0,98.23534801763964,98.21307531911486,98.2129648859729,98.17,0.02134622946928284,0.01937905984986481,0.006736142996294436,0.005,98.21400178817035,98.193696259265,98.2062287429766,98.165,98.25669424710892,98.23245437896473,98.21970102896918,98.175,98.175,98.21400178817035,0.039001788170352825,0.0003972882568030236,AGG,SCHZ,2025-05-07,False,4350.0,3949.0,1373.0,1019.0,0.0,0.0,0.0,0.0,,,0.0,0.0,-0.0,False,False,False,0.0,,,0.0,0.0,0.0,0.0,0.0,0.0,0.0,0.0,0.0,0.0,0.0,0.0,0.0,0.0,0.0,0.0,0.0,0.0,-0.0,-0.0,-0.0,-0.0,-0.0,-0.0,-0.0,-0.0,0.0,0.0,0.0,0.0,0.0,0.0,0.0,103.48000000001664
22.89,25.21,72.51,97.66,-0.120000000000001,-0.129999999999999,-0.39000000000000057,-0.5100000000000051,4.2664919178680645,3.8738595795319317,1.3468487105226863,1.0,4.268765847475652,3.8752232721338196,1.3471884686040698,1.0,4.268875995393449,3.875524764851503,1.3471896408750805,1.0,97.71457153455604,97.70197932190639,97.68472085985209,97.66,0.021344379976967247,0.019377623824257516,0.006735948204375403,0.005,97.69322715457908,97.68260169808214,97.67798491164771,97.655,97.73591591453301,97.72135694573065,97.69145680805647,97.66499999999999,97.66499999999999,97.69322715457908,0.028227154579084868,0.00028903496394721347,AGG,SCHZ,2025-05-08,False,4371.0,3969.0,1380.0,1024.0,0.0,0.0,0.0,0.0,,,0.0,0.0,0.0,False,False,False,-0.0,,,0.0,0.0,0.0,0.0,0.0,0.0,0.0,0.0,0.0,0.0,0.0,0.0,0.0,0.0,0.0,0.0,0.0,0.0,-0.0,-0.0,-0.0,-0.0,-0.0,-0.0,-0.0,-0.0,0.0,-0.0,-0.0,-0.0,-0.0,0.0,0.0,103.48000000001664
22.89,25.22,72.57,97.76,0.0,0.00999999999999801,0.05999999999998806,0.10000000000000853,4.270860637833115,3.876288659793815,1.3471131321482708,1.0,4.268642205886346,3.8751211117663673,1.3471635150793504,1.0,4.268765847475652,3.8752232721338196,1.3471884686040698,1.0,97.71205024871767,97.73313092321493,97.76546716659733,97.76,0.021343829237378258,0.019376116360669098,0.006735942343020349,0.005,97.69070641948029,97.71375480685425,97.75873122425432,97.75500000000001,97.73339407795505,97.7525070395756,97.77220310894035,97.765,97.73339407795505,97.75873122425432,0.025337146299264646,0.0002591770284294665,SCHZ,BND,2025-05-09,False,4367.0,3964.0,1378.0,1023.0,0.0,0.0,0.0,0.0,,,0.0,0.0,-0.0,False,False,False,0.0,,,0.0,0.0,0.0,0.0,0.0,0.0,0.0,0.0,0.0,0.0,0.0,0.0,0.0,0.0,0.0,0.0,0.0,0.0,-0.0,-0.0,-0.0,-0.0,-0.0,-0.0,-0.0,-0.0,0.0,0.0,0.0,0.0,0.0,0.0,0.0,103.48000000001664
22.83,25.15,72.32,97.43,-0.060000000000002274,-0.07000000000000028,-0.25,-0.3299999999999983,4.267630310994306,3.8739562624254478,1.3472068584070798,1.0,4.268505409697349,3.8749432374209065,1.3471104822722941,1.0,4.268642205886346,3.8751211117663673,1.3471635150793504,1.0,97.45310156038528,97.45929596092414,97.42686541053861,97.43,0.021343211029431732,0.019375605558831836,0.006735817575396752,0.005,97.43175834935585,97.4399203553653,97.4201295929632,97.42500000000001,97.47444477141471,97.47867156648297,97.43360122811401,97.435,97.43360122811401,97.4399203553653,0.006319127251288137,6.485812636034216e-05,BND,SPAB,2025-05-12,False,4380.0,3976.0,1382.0,1026.0,0.0,0.0,0.0,0.0,,,0.0,0.0,0.0,False,True,False,0.0,,,0.0,0.0,0.0,0.0,0.0,0.0,0.0,0.0,0.0,0.0,0.0,0.0,0.0,0.0,0.0,0.0,0.0,0.0,-0.0,-0.0,-0.0,-0.0,-0.0,-0.0,-0.0,-0.0,0.0,-0.0,-0.0,-0.0,-0.0,0.0,0.0,103.48000000001664
22.81,25.12,72.29,97.33,-0.019999999999999574,-0.029999999999997584,-0.029999999999986926,-0.10000000000000853,4.266988163086366,3.874601910828025,1.3463826255360354,1.0,4.268190007996507,3.874800769137264,1.346996875349351,1.0,4.268505409697349,3.8749432374209065,1.3471104822722941,1.0,97.36460839519653,97.33857412401318,97.38261676346416,97.33,0.021342527048486746,0.019374716187104533,0.006735552411361471,0.005,97.34326586814804,97.31919940782608,97.3758812110528,97.325,97.38595092224502,97.35794884020028,97.38935231587551,97.335,97.335,97.3758812110528,0.040881211052806066,0.00042002682680372,AGG,BND,2025-05-13,False,4384.0,3980.0,1383.0,1027.0,0.0,0.0,0.0,0.0,,,0.0,0.0,0.0,False,False,False,-0.0,,,0.0,0.0,0.0,0.0,0.0,0.0,0.0,0.0,0.0,0.0,0.0,0.0,0.0,0.0,0.0,0.0,0.0,0.0,-0.0,-0.0,-0.0,-0.0,-0.0,-0.0,-0.0,-0.0,0.0,-0.0,-0.0,-0.0,-0.0,0.0,0.0,103.48000000001664
22.74,25.04,72.04,97.05,-0.07000000000000028,-0.08000000000000185,-0.25,-0.28000000000000114,4.2678100263852246,3.8757987220447285,1.3471682398667406,1.0,4.268160665807442,3.8748268252947704,1.346992610900651,1.0,4.268190007996507,3.874800769137264,1.346996875349351,1.0,97.05864078184057,97.02501125919709,97.03765490016725,97.05,0.021340950039982536,0.01937400384568632,0.006734984376746756,0.005,97.03729983180058,97.0056372553514,97.0309199157905,97.045,97.07998173188055,97.04438526304277,97.044389884544,97.05499999999999,97.04438526304277,97.045,0.0006147369572317984,6.334229337782571e-06,SPAB,AGG,2025-05-14,False,4396.0,3991.0,1387.0,1030.0,0.0,0.0,0.0,0.0,,,0.0,0.0,-0.0,False,True,False,0.0,,,0.0,0.0,0.0,0.0,0.0,0.0,0.0,0.0,0.0,0.0,0.0,0.0,0.0,0.0,0.0,0.0,0.0,0.0,-0.0,-0.0,-0.0,-0.0,-0.0,-0.0,-0.0,-0.0,0.0,-0.0,-0.0,-0.0,-0.0,0.0,0.0,103.48000000001664
22.84,25.18,72.43,97.6,0.10000000000000142,0.14000000000000057,0.39000000000000057,0.5499999999999972,4.273204903677758,3.876092136616362,1.3475079386994337,1.0,4.268267614508551,3.874916353917037,1.3470185211133265,1.0,4.268160665807442,3.8748268252947704,1.346992610900651,1.0,97.48478960704198,97.56813946092232,97.56267480753415,97.6,0.02134080332903721,0.019374134126473853,0.006734963054503254,0.005,97.46344880371294,97.54876532679584,97.55593984447965,97.595,97.50613041037101,97.5875135950488,97.56940977058865,97.60499999999999,97.50613041037101,97.595,0.08886958962898461,0.0009105490740674653,SCHZ,AGG,2025-05-15,False,4375.0,3972.0,1381.0,1025.0,0.0,0.0,0.0,0.0,,,0.0,0.0,0.0,False,False,False,-0.0,,,0.0,0.0,0.0,0.0,0.0,0.0,0.0,0.0,0.0,0.0,0.0,0.0,0.0,0.0,0.0,0.0,0.0,0.0,-0.0,-0.0,-0.0,-0.0,-0.0,-0.0,-0.0,-0.0,0.0,0.0,0.0,0.0,0.0,0.0,0.0,103.48000000001664
22.86,25.19,72.48,97.66,0.019999999999999574,0.010000000000001563,0.04999999999999716,0.060000000000002274,4.272090988626422,3.876935291782453,1.3474061810154525,1.0,4.268679327750279,3.8751494400573074,1.347027364799466,1.0,4.268267614508551,3.874916353917037,1.3470185211133265,1.0,97.57259766766548,97.60914295517016,97.63190241029392,97.66,0.021341338072542758,0.019374581769585186,0.006735092605566633,0.005,97.55125632959293,97.58976837340057,97.62516731768835,97.655,97.59393900573802,97.62851753693974,97.63863750289948,97.66499999999999,97.59393900573802,97.655,0.06106099426197886,0.0006252405720046986,SCHZ,AGG,2025-05-16,False,4371.0,3968.0,1379.0,1024.0,0.0,0.0,0.0,0.0,,,0.0,0.0,-0.0,False,False,False,0.0,,,0.0,0.0,0.0,0.0,0.0,0.0,0.0,0.0,0.0,0.0,0.0,0.0,0.0,0.0,0.0,0.0,0.0,0.0,-0.0,-0.0,-0.0,-0.0,-0.0,-0.0,-0.0,-0.0,0.0,0.0,0.0,0.0,0.0,0.0,0.0,103.48000000001664
22.87,25.19,72.46,97.63,0.010000000000001563,0.0,-0.020000000000010232,-0.030000000000001137,4.268911237428946,3.8757443429932508,1.3473640629312724,1.0,4.268769927704435,3.8753229234849997,1.3470805755003066,1.0,4.268679327750279,3.8751494400573074,1.347027364799466,1.0,97.62469622564889,97.61501439504357,97.60560285336929,97.63,0.021343396638751396,0.019375747200286536,0.00673513682399733,0.005,97.60335282901013,97.59563864784329,97.5988677165453,97.625,97.64603962228765,97.63439014224386,97.61233799019328,97.63499999999999,97.61233799019328,97.625,0.012662009806717833,0.00012969384212555398,BND,AGG,2025-05-19,False,4371.0,3968.0,1379.0,1024.0,0.0,0.0,0.0,0.0,,,0.0,0.0,0.0,False,True,False,0.0,,,0.0,0.0,0.0,0.0,0.0,0.0,0.0,0.0,0.0,0.0,0.0,0.0,0.0,0.0,0.0,0.0,0.0,0.0,-0.0,-0.0,-0.0,-0.0,-0.0,-0.0,-0.0,-0.0,0.0,0.0,0.0,-0.0,-0.0,0.0,0.0,103.48000000001664
22.82,25.13,72.33,97.46,-0.05000000000000071,-0.060000000000002274,-0.12999999999999545,-0.1700000000000017,4.270815074496055,3.878233187425388,1.3474353656850546,1.0,4.269120917086997,3.875562216921094,1.3471072346636443,1.0,4.268769927704435,3.8753229234849997,1.3470805755003066,1.0,97.41332975021521,97.38686506717804,97.43433802593717,97.46,0.021343849638522174,0.019376614617425,0.006735402877501533,0.005,97.39198590057669,97.36748845256061,97.42760262305967,97.455,97.43467359985374,97.40624168179546,97.44107342881466,97.46499999999999,97.40624168179546,97.455,0.048758318204534135,0.0005002905623284849,SPAB,AGG,2025-05-20,False,4380.0,3976.0,1382.0,1026.0,0.0,0.0,0.0,0.0,,,0.0,0.0,0.0,False,False,False,-0.0,,,0.0,0.0,0.0,0.0,0.0,0.0,0.0,0.0,0.0,0.0,0.0,0.0,0.0,0.0,0.0,0.0,0.0,0.0,-0.0,-0.0,-0.0,-0.0,-0.0,-0.0,-0.0,-0.0,0.0,-0.0,-0.0,-0.0,-0.0,0.0,0.0,103.48000000001664
22.67,24.98,71.88,96.82,-0.14999999999999858,-0.14999999999999858,-0.45000000000000284,-0.6400000000000006,4.270842523158358,3.875900720576461,1.3469671675013912,1.0,4.269564578355462,3.875741081401786,1.3471400282313417,1.0,4.269120917086997,3.875562216921094,1.3471072346636443,1.0,96.78097119036222,96.81154417868893,96.83006802762274,96.82,0.021345604585434982,0.01937781108460547,0.006735536173318222,0.005,96.75962558577679,96.79216636760432,96.82333249144942,96.815,96.80231679494766,96.83092198977354,96.83680356379607,96.82499999999999,96.80231679494766,96.82333249144942,0.02101569650176316,0.00021705945570918366,SCHZ,BND,2025-05-21,False,4410.0,4003.0,1392.0,1033.0,0.0,0.0,0.0,0.0,,,0.0,0.0,-0.0,False,False,False,0.0,,,0.0,0.0,0.0,0.0,0.0,0.0,0.0,0.0,0.0,0.0,0.0,0.0,0.0,0.0,0.0,0.0,0.0,0.0,-0.0,-0.0,-0.0,-0.0,-0.0,-0.0,-0.0,-0.0,0.0,-0.0,-0.0,-0.0,-0.0,0.0,0.0,103.48000000001664
22.73,25.05,72.08,97.1,0.05999999999999872,0.07000000000000028,0.20000000000000284,0.28000000000000114,4.271887373515177,3.87624750499002,1.3471143174250833,1.0,4.270104123920173,3.875979873947595,1.3471665889215816,1.0,4.269564578355462,3.875741081401786,1.3471400282313417,1.0,97.04720286601966,97.08731408911474,97.10185323491511,97.1,0.02134782289177731,0.01937870540700893,0.0067357001411567086,0.005,97.02585504312788,97.06793538370773,97.09511753477395,97.095,97.06855068891144,97.10669279452175,97.10858893505628,97.10499999999999,97.06855068891144,97.09511753477395,0.02656684586250435,0.0002736029440010747,SCHZ,BND,2025-05-22,False,4398.0,3992.0,1388.0,1030.0,0.0,0.0,0.0,0.0,,,0.0,0.0,0.0,False,False,False,-0.0,,,0.0,0.0,0.0,0.0,0.0,0.0,0.0,0.0,0.0,0.0,0.0,0.0,0.0,0.0,0.0,0.0,0.0,0.0,-0.0,-0.0,-0.0,-0.0,-0.0,-0.0,-0.0,-0.0,0.0,0.0,0.0,0.0,0.0,0.0,0.0,103.48000000001664
22.77,25.08,72.19,97.24,0.03999999999999915,0.029999999999997584,0.10999999999999943,0.14000000000000057,4.270531400966183,3.8771929824561404,1.3470009696633882,1.0,4.270071200233479,3.8760703062138275,1.3471553726730932,1.0,4.270104123920173,3.875979873947595,1.3471665889215816,1.0,97.23027090166234,97.20957523860567,97.25195605424898,97.24,0.021350520619600865,0.019379899369737975,0.006735832944607908,0.005,97.20892038104273,97.19019533923593,97.24522022130436,97.235,97.25162142228194,97.2289551379754,97.25869188719359,97.24499999999999,97.2289551379754,97.24522022130436,0.016265083328960372,0.00016726741391361963,SPAB,BND,2025-05-23,False,4390.0,3985.0,1385.0,1028.0,0.0,0.0,0.0,0.0,,,0.0,0.0,-0.0,False,True,False,0.0,,,0.0,0.0,0.0,0.0,0.0,0.0,0.0,0.0,0.0,0.0,0.0,0.0,0.0,0.0,0.0,0.0,0.0,0.0,-0.0,-0.0,-0.0,-0.0,-0.0,-0.0,-0.0,-0.0,0.0,0.0,0.0,0.0,0.0,0.0,0.0,103.48000000001664
22.87,25.18,72.53,97.68,0.10000000000000142,0.10000000000000142,0.3400000000000034,0.44000000000001194,4.2710975076519455,3.879269261318507,1.346753067696126,1.0,4.270417919899243,3.876601606103134,1.347109993601998,1.0,4.270071200233479,3.8760703062138275,1.3471553726730932,1.0,97.65652834933968,97.59945031046418,97.70917917997944,97.68,0.021350356001167397,0.019380351531069137,0.006735776863365466,0.005,97.63517799333852,97.58006995893311,97.70244340311608,97.67500000000001,97.67787870534085,97.61883066199525,97.71591495684281,97.685,97.61883066199525,97.70244340311608,0.08361274112083095,0.0008559862932107999,SPAB,BND,2025-05-27,False,4373.0,3969.0,1379.0,1024.0,0.0,0.0,0.0,0.0,,,0.0,0.0,0.0,False,False,False,-0.0,,,0.0,0.0,0.0,0.0,0.0,0.0,0.0,0.0,0.0,0.0,0.0,0.0,0.0,0.0,0.0,0.0,0.0,0.0,-0.0,-0.0,-0.0,-0.0,-0.0,-0.0,-0.0,-0.0,0.0,0.0,0.0,0.0,0.0,0.0,0.0,103.48000000001664
22.83,25.15,72.37,97.5,-0.0400000000000027,-0.030000000000001137,-0.1599999999999966,-0.18000000000000682,4.270696452036794,3.876739562624255,1.3472433328727373,1.0,4.270788748794287,3.876815371282757,1.347196064335668,1.0,4.270417919899243,3.876601606103134,1.347109993601998,1.0,97.49364111129971,97.49653039349381,97.4903502369766,97.5,0.021352089599496218,0.01938300803051567,0.006735549968009989,0.005,97.4722890217002,97.4771473854633,97.48361468700858,97.495,97.51499320089921,97.51591340152433,97.49708578694461,97.505,97.49708578694461,97.495,-0.002085786944604706,-2.139268661133032e-05,BND,AGG,2025-05-28,False,4381.0,3977.0,1382.0,1026.0,0.0,0.0,0.0,0.0,,,0.0,0.0,-0.0,False,True,False,0.0,,,0.0,0.0,0.0,0.0,0.0,0.0,0.0,0.0,0.0,0.0,0.0,0.0,0.0,0.0,0.0,0.0,0.0,0.0,-0.0,-0.0,-0.0,-0.0,-0.0,-0.0,-0.0,-0.0,0.0,-0.0,-0.0,-0.0,-0.0,0.0,0.0,103.48000000001664
22.91,25.24,72.63,97.86,0.08000000000000185,0.08999999999999986,0.2599999999999909,0.35999999999999943,4.2714971628109994,3.877179080824089,1.3473771168938455,1.0,4.2711574624368644,3.8769534071606926,1.3472169520383785,1.0,4.270788748794287,3.876815371282757,1.347196064335668,1.0,97.84377023487711,97.85081997117679,97.84685015269956,97.86,0.021353943743971433,0.019384076856413787,0.00673598032167834,0.005,97.82241629113314,97.83143589432038,97.84011417237788,97.855,97.86512417862109,97.8702040480332,97.85358613302124,97.865,97.85358613302124,97.855,0.0014138669787655544,1.444785386026522e-05,BND,AGG,2025-05-29,False,4365.0,3962.0,1377.0,1022.0,0.0,0.0,0.0,0.0,,,0.0,0.0,0.0,False,True,False,0.0,,,0.0,0.0,0.0,0.0,0.0,0.0,0.0,0.0,0.0,0.0,0.0,0.0,0.0,0.0,0.0,0.0,0.0,0.0,-0.0,-0.0,-0.0,-0.0,-0.0,-0.0,-0.0,-0.0,0.0,0.0,0.0,0.0,0.0,0.0,0.0,103.48000000001664
22.96,25.29,72.77,98.1,0.05000000000000071,0.05000000000000071,0.14000000000000057,0.23999999999999488,4.272648083623693,3.879003558718861,1.3480830012367735,1.0,4.271101780431458,3.8772445493709427,1.3472744582921123,1.0,4.2711574624368644,3.8769534071606926,1.3472169520383785,1.0,98.0657753375504,98.04815166709392,98.0369775998328,98.1,0.02135578731218432,0.019384767035803465,0.006736084760191893,0.005,98.04441955023822,98.02876690005812,98.0302415150726,98.095,98.0871311248626,98.06753643412972,98.04371368459299,98.10499999999999,98.04371368459299,98.095,0.051286315407011784,0.0005227962834557777,BND,AGG,2025-05-30,False,4352.0,3951.0,1373.0,1019.0,0.0,0.0,0.0,0.0,,,0.0,0.0,0.0,False,False,False,-0.0,,,0.0,0.0,0.0,0.0,0.0,0.0,0.0,0.0,0.0,0.0,0.0,0.0,0.0,0.0,0.0,0.0,0.0,0.0,-0.0,-0.0,-0.0,-0.0,-0.0,-0.0,-0.0,-0.0,0.0,0.0,0.0,0.0,0.0,0.0,0.0,103.48000000001664
22.81,25.14,72.37,97.52,-0.15000000000000213,-0.14999999999999858,-0.3999999999999915,-0.5799999999999983,4.275317843051293,3.879077167859984,1.3475196904794804,1.0,4.271424465873944,3.8774587369786957,1.3472858092385152,1.0,4.271101780431458,3.8772445493709427,1.3472744582921123,1.0,97.42383161164155,97.4739279711855,97.50225254660018,97.52,0.02135550890215729,0.019386222746854715,0.0067363722914605614,0.005,97.40247610273939,97.45454174843864,97.49551617430872,97.515,97.44518712054371,97.49331419393236,97.50898891889163,97.52499999999999,97.44518712054371,97.515,0.06981287945629333,0.0007158826851547717,SCHZ,AGG,2025-06-02,True,4378.0,3974.0,1381.0,1025.0,0.0,0.0,0.0,0.0,,,0.0,0.0,-0.0,False,False,False,0.0,,,0.0,0.0,0.0,0.0,0.0,0.0,0.0,0.0,0.0,0.0,0.0,0.0,0.0,0.0,0.0,0.0,0.0,0.0,-0.0,-0.0,-0.0,-0.0,-0.0,-0.0,-0.0,-0.0,0.0,-0.0,-0.0,-0.0,-0.0,0.0,0.0,103.48000000001664
22.82,25.12,72.29,97.45,0.010000000000001563,-0.019999999999999574,-0.0799999999999983,-0.06999999999999318,4.2703768624014025,3.87937898089172,1.3480426061695947,1.0,4.27157102837119,3.877822200768543,1.3473536635623475,1.0,4.271424465873944,3.8774587369786957,1.3472858092385152,1.0,97.47390631124341,97.40176347290485,97.39529114985227,97.45,0.02135712232936972,0.01938729368489348,0.006736429046192576,0.005,97.45254918891405,97.38237617921995,97.38855472080607,97.44500000000001,97.49526343357277,97.42115076658975,97.40202757889847,97.455,97.40202757889847,97.45254918891405,0.0505216100155792,0.0005184362238643325,BND,SCHZ,2025-06-03,False,4382.0,3978.0,1382.0,1026.0,0.0,0.0,0.0,0.0,,,0.0,0.0,0.0,False,False,True,0.0,,,0.0,0.0,0.0,0.0,0.0,0.0,0.0,0.0,0.0,0.0,0.0,0.0,0.0,0.0,0.0,0.0,0.0,0.0,-0.0,-0.0,-0.0,-0.0,-0.0,-0.0,-0.0,-0.0,0.0,0.0,-0.0,-0.0,-0.0,0.0,0.0,103.48000000001664
22.94,25.28,72.74,98.03,0.120000000000001,0.16000000000000014,0.44999999999998863,0.5799999999999983,4.27332170880558,3.877768987341772,1.3476766565850977,1.0,4.271821691802143,3.8777757807601807,1.3473777926523518,1.0,4.27157102837119,3.877822200768543,1.3473536635623475,1.0,97.9898393908351,98.03134523542876,98.00650548752515,98.03,0.02135785514185595,0.019389111003842715,0.006736768317811738,0.005,97.96848153569324,98.01195612442491,97.99976871920734,98.025,98.01119724597696,98.0507343464326,98.01324225584295,98.035,98.01119724597696,98.025,0.01380275402304676,0.00014080132635975475,SCHZ,AGG,2025-06-04,False,4357.0,3955.0,1374.0,1020.0,0.0,0.0,0.0,0.0,,,0.0,0.0,0.0,False,True,False,0.0,,,0.0,0.0,0.0,0.0,0.0,0.0,0.0,0.0,0.0,0.0,0.0,0.0,0.0,0.0,0.0,0.0,0.0,0.0,-0.0,-0.0,-0.0,-0.0,-0.0,-0.0,-0.0,-0.0,0.0,0.0,0.0,0.0,0.0,0.0,0.0,103.48000000001664
22.9,25.23,72.6,97.78,-0.0400000000000027,-0.05000000000000071,-0.14000000000000057,-0.25,4.269868995633188,3.875544986127626,1.3468319559228652,1.0,4.271724339049626,3.8777402073152976,1.347364271494499,1.0,4.271821691802143,3.8777757807601807,1.3473777926523518,1.0,97.82471674226906,97.83628294857937,97.81962774656073,97.78,0.021359108459010713,0.019388878903800904,0.006736888963261759,0.005,97.80335763381005,97.81689406967557,97.81289085759747,97.775,97.84607585072807,97.85567182748316,97.82636463552399,97.785,97.785,97.81689406967557,0.03189406967557318,0.00032618193572891366,AGG,SPAB,2025-06-05,False,4370.0,3967.0,1378.0,1023.0,0.0,0.0,0.0,0.0,,,0.0,0.0,0.0,False,False,False,-0.0,,,0.0,0.0,0.0,0.0,0.0,0.0,0.0,0.0,0.0,0.0,0.0,0.0,0.0,0.0,0.0,0.0,0.0,0.0,-0.0,-0.0,-0.0,-0.0,-0.0,-0.0,-0.0,-0.0,0.0,-0.0,-0.0,-0.0,-0.0,0.0,0.0,103.48000000001664
22.77,25.1,72.2,97.28,-0.129999999999999,-0.129999999999999,-0.3999999999999915,-0.5,4.272288098375055,3.8756972111553782,1.3473684210526315,1.0,4.271764411535614,3.8776851779318333,1.347389681857254,1.0,4.271724339049626,3.8777402073152976,1.347364271494499,1.0,97.26716320015997,97.33127920361397,97.27970040190284,97.28,0.021358621695248128,0.01938870103657649,0.006736821357472496,0.005,97.24580457846473,97.3118905025774,97.27296358054537,97.275,97.28852182185521,97.35066790465055,97.28643722326032,97.285,97.285,97.3118905025774,0.026890502577401776,0.0002764237518236202,AGG,SPAB,2025-06-06,False,4391.0,3986.0,1385.0,1028.0,0.0,0.0,0.0,0.0,,,0.0,0.0,-0.0,False,False,False,0.0,,,0.0,0.0,0.0,0.0,0.0,0.0,0.0,0.0,0.0,0.0,0.0,0.0,0.0,0.0,0.0,0.0,0.0,0.0,-0.0,-0.0,-0.0,-0.0,-0.0,-0.0,-0.0,-0.0,0.0,-0.0,-0.0,-0.0,-0.0,0.0,0.0,103.48000000001664
22.82,25.12,72.32,97.4,0.05000000000000071,0.019999999999999574,0.11999999999999034,0.12000000000000455,4.268185801928134,3.877388535031847,1.3467920353982303,1.0,4.271529851631809,3.877704733189404,1.3473687884307384,1.0,4.271764411535614,3.8776851779318333,1.347389681857254,1.0,97.4816638712427,97.40745166964766,97.4432217919166,97.4,0.02135882205767807,0.019388425889659167,0.00673694840928627,0.005,97.46030504918502,97.388063243758,97.43648484350732,97.39500000000001,97.50302269330038,97.42684009553732,97.44995874032588,97.405,97.405,97.46030504918502,0.05530504918502288,0.0005678136466634792,AGG,SCHZ,2025-06-09,False,4387.0,3982.0,1384.0,1027.0,0.0,0.0,0.0,0.0,,,0.0,0.0,0.0,False,False,False,-0.0,,,0.0,0.0,0.0,0.0,0.0,0.0,0.0,0.0,0.0,0.0,0.0,0.0,0.0,0.0,0.0,0.0,0.0,0.0,-0.0,-0.0,-0.0,-0.0,-0.0,-0.0,-0.0,-0.0,0.0,0.0,0.0,0.0,0.0,0.0,0.0,103.48000000001664
22.84,25.18,72.46,97.62,0.019999999999999574,0.05999999999999872,0.14000000000000057,0.21999999999999886,4.274080560420315,3.8768864177918987,1.3472260557548994,1.0,4.271828156908645,3.8774664488367434,1.3474160872366157,1.0,4.271529851631809,3.877704733189404,1.3473687884307384,1.0,97.56174181127051,97.64060518170919,97.6303424096913,97.62,0.021357649258159046,0.01938852366594702,0.006736843942153692,0.005,97.54038416201234,97.62121665804324,97.62360556574914,97.61500000000001,97.58309946052867,97.65999370537514,97.63707925363344,97.625,97.58309946052867,97.62360556574914,0.04050610522047293,0.0004149365419019968,SCHZ,BND,2025-06-10,False,4374.0,3971.0,1380.0,1024.0,0.0,0.0,0.0,0.0,,,0.0,0.0,-0.0,False,False,False,0.0,,,0.0,0.0,0.0,0.0,0.0,0.0,0.0,0.0,0.0,0.0,0.0,0.0,0.0,0.0,0.0,0.0,0.0,0.0,-0.0,-0.0,-0.0,-0.0,-0.0,-0.0,-0.0,-0.0,0.0,0.0,0.0,0.0,0.0,0.0,0.0,103.48000000001664
22.94,25.26,72.69,97.95,0.10000000000000142,0.08000000000000185,0.23000000000000398,0.3299999999999983,4.2698343504795115,3.877672209026128,1.34750309533636,1.0,4.2717419467529165,3.8775597134769297,1.3474420634829778,1.0,4.271828156908645,3.8774664488367434,1.3474160872366157,1.0,97.99573791948433,97.94480249761614,97.94367538122958,97.95,0.021359140784543228,0.01938733224418372,0.006737080436183079,0.005,97.97437877869979,97.92541516537196,97.9369383007934,97.94500000000001,98.01709706026887,97.96418982986032,97.95041246166576,97.955,97.95041246166576,97.97437877869979,0.023966317034023632,0.0002446790917205067,BND,SCHZ,2025-06-11,False,4362.0,3959.0,1376.0,1021.0,0.0,0.0,0.0,0.0,,,0.0,0.0,0.0,False,False,False,-0.0,,,0.0,0.0,0.0,0.0,0.0,0.0,0.0,0.0,0.0,0.0,0.0,0.0,0.0,0.0,0.0,0.0,0.0,0.0,-0.0,-0.0,-0.0,-0.0,-0.0,-0.0,-0.0,-0.0,0.0,0.0,0.0,0.0,0.0,0.0,0.0,103.48000000001664
23.02,25.36,72.96,98.31,0.0799999999999983,0.09999999999999787,0.269999999999996,0.35999999999999943,4.270634231103388,3.876577287066246,1.347450657894737,1.0,4.271655653582156,3.8774995341011462,1.3474494175830671,1.0,4.2717419467529165,3.8775597134769297,1.3474420634829778,1.0,98.33549961425214,98.33491433377493,98.30937295171805,98.31,0.021358709733764584,0.019387798567384647,0.006737210317414889,0.005,98.31414090451838,98.31552653520755,98.30263574140064,98.305,98.3568583239859,98.35430213234231,98.31611016203546,98.315,98.315,98.31552653520755,0.0005265352075554119,5.3558662145805304e-06,AGG,SPAB,2025-06-12,False,4344.0,3943.0,1370.0,1017.0,0.0,0.0,0.0,0.0,,,0.0,0.0,-0.0,False,True,False,0.0,,,0.0,0.0,0.0,0.0,0.0,0.0,0.0,0.0,0.0,0.0,0.0,0.0,0.0,0.0,0.0,0.0,0.0,0.0,-0.0,-0.0,-0.0,-0.0,-0.0,-0.0,-0.0,-0.0,0.0,0.0,0.0,0.0,0.0,0.0,0.0,103.48000000001664
22.93,25.27,72.7,97.96,-0.08999999999999986,-0.08999999999999986,-0.2599999999999909,-0.3500000000000085,4.272132577409507,3.8765334388603083,1.3474552957359007,1.0,4.271604102960737,3.8772525221152905,1.3473866470329798,1.0,4.271655653582156,3.8774995341011462,1.3474494175830671,1.0,97.94906413663884,97.98441322673597,97.95957265828899,97.96,0.021358278267910782,0.01938749767050573,0.006737247087915336,0.005,97.92770585837093,97.96502572906546,97.95283541120108,97.955,97.97042241490675,98.00380072440647,97.9663099053769,97.96499999999999,97.96499999999999,97.96502572906546,2.5729065470159185e-05,2.6264868793547556e-07,AGG,SPAB,2025-06-13,False,4361.0,3959.0,1376.0,1021.0,0.0,0.0,0.0,0.0,,,0.0,0.0,0.0,False,True,False,0.0,,,0.0,0.0,0.0,0.0,0.0,0.0,0.0,0.0,0.0,0.0,0.0,0.0,0.0,0.0,0.0,0.0,0.0,0.0,-0.0,-0.0,-0.0,-0.0,-0.0,-0.0,-0.0,-0.0,0.0,-0.0,-0.0,-0.0,-0.0,0.0,0.0,103.48000000001664
22.88,25.21,72.56,97.76,-0.05000000000000071,-0.05999999999999872,-0.14000000000000057,-0.19999999999998863,4.272727272727273,3.877826259420865,1.3472987872105844,1.0,4.271345045928335,3.8771274312713784,1.3473645567060901,1.0,4.271604102960737,3.8772525221152905,1.3473866470329798,1.0,97.73430187574165,97.74553608252647,97.76637510871302,97.76,0.021358020514803684,0.019386262610576452,0.006736933235164899,0.005,97.71294385522684,97.72614981991589,97.75963817547786,97.75500000000001,97.75565989625646,97.76492234513705,97.77311204194818,97.765,97.75565989625646,97.75963817547786,0.003978279221399816,4.0694345554417105e-05,SCHZ,BND,2025-06-16,False,4370.0,3966.0,1378.0,1023.0,0.0,0.0,0.0,0.0,,,0.0,0.0,0.0,False,True,False,0.0,,,0.0,0.0,0.0,0.0,0.0,0.0,0.0,0.0,0.0,0.0,0.0,0.0,0.0,0.0,0.0,0.0,0.0,0.0,-0.0,-0.0,-0.0,-0.0,-0.0,-0.0,-0.0,-0.0,0.0,-0.0,-0.0,-0.0,-0.0,0.0,0.0,103.48000000001664
22.96,25.29,72.79,98.06,0.08000000000000185,0.0799999999999983,0.23000000000000398,0.29999999999999716,4.270905923344948,3.877421905891657,1.3471630718505287,1.0,4.27139795202269,3.876931723771372,1.3472766032741834,1.0,4.271345045928335,3.8771274312713784,1.3473645567060901,1.0,98.07008225451457,98.05255273685316,98.07466608263631,98.06,0.021356725229641677,0.019385637156356893,0.0067368227835304505,0.005,98.04872552928494,98.0331670996968,98.06792925985278,98.055,98.09143897974421,98.07193837400952,98.08140290541985,98.065,98.065,98.06792925985278,0.002929259852777477,2.9872117609397073e-05,AGG,BND,2025-06-17,False,4357.0,3955.0,1374.0,1020.0,0.0,0.0,0.0,0.0,,,0.0,0.0,0.0,False,True,False,0.0,,,0.0,0.0,0.0,0.0,0.0,0.0,0.0,0.0,0.0,0.0,0.0,0.0,0.0,0.0,0.0,0.0,0.0,0.0,-0.0,-0.0,-0.0,-0.0,-0.0,-0.0,-0.0,-0.0,0.0,0.0,0.0,0.0,0.0,0.0,0.0,103.48000000001664
22.98,25.31,72.83,98.13,0.019999999999999574,0.019999999999999574,0.03999999999999204,0.06999999999999318,4.2702349869451695,3.8771236665349664,1.3473843196484965,1.0,4.271089279836649,3.8768671916906925,1.3472473695805234,1.0,4.27139795202269,3.876931723771372,1.3472766032741834,1.0,98.15672493748143,98.12514192865342,98.12215501645878,98.13,0.02135698976011345,0.01938465861885686,0.006736383016370917,0.005,98.13536794772132,98.10575727003456,98.1154186334424,98.125,98.17808192724154,98.14452658727228,98.12889139947515,98.13499999999999,98.12889139947515,98.13536794772132,0.0064765482461695,6.599967641057271e-05,BND,SCHZ,2025-06-18,False,4353.0,3951.0,1373.0,1019.0,0.0,0.0,0.0,0.0,,,0.0,0.0,0.0,False,True,False,0.0,,,0.0,0.0,0.0,0.0,0.0,0.0,0.0,0.0,0.0,0.0,0.0,0.0,0.0,0.0,0.0,0.0,0.0,0.0,-0.0,-0.0,-0.0,-0.0,-0.0,-0.0,-0.0,-0.0,0.0,0.0,0.0,0.0,0.0,0.0,0.0,103.48000000001664
22.98,25.32,72.88,98.22,0.0,0.010000000000001563,0.04999999999999716,0.09000000000000341,4.274151436031332,3.8791469194312795,1.3476948408342482,1.0,4.271517523876463,3.8772273850210572,1.3473336580716615,1.0,4.271089279836649,3.8768671916906925,1.3472473695805234,1.0,98.1496316506462,98.16227729360834,98.18738829502854,98.22,0.021355446399183246,0.01938433595845346,0.006736236847902617,0.005,98.12827620424702,98.14289295764989,98.18065205818064,98.215,98.17098709704538,98.18166162956679,98.19412453187644,98.225,98.17098709704538,98.215,0.044012902954619904,0.000448105303956627,SCHZ,AGG,2025-06-20,False,4348.0,3947.0,1371.0,1018.0,0.0,0.0,0.0,0.0,,,0.0,0.0,0.0,False,False,False,-0.0,,,0.0,0.0,0.0,0.0,0.0,0.0,0.0,0.0,0.0,0.0,0.0,0.0,0.0,0.0,0.0,0.0,0.0,0.0,-0.0,-0.0,-0.0,-0.0,-0.0,-0.0,-0.0,-0.0,0.0,0.0,0.0,0.0,0.0,0.0,0.0,103.48000000001664
23.05,25.4,73.06,98.42,0.07000000000000028,0.0799999999999983,0.18000000000000682,0.20000000000000284,4.269848156182213,3.8748031496062993,1.3471119627703256,1.0,4.271273529657178,3.8771379788661497,1.347308012243431,1.0,4.271517523876463,3.8772273850210572,1.3473336580716615,1.0,98.45847892535248,98.48157557953485,98.43619705871559,98.42,0.021357587619382317,0.019386136925105286,0.006736668290358308,0.005,98.4371213377331,98.46218944260974,98.42946039042523,98.415,98.47983651297186,98.50096171645995,98.44293372700595,98.425,98.425,98.46218944260974,0.037189442609744106,0.00037786468817053553,AGG,SPAB,2025-06-23,False,4340.0,3939.0,1369.0,1016.0,0.0,0.0,0.0,0.0,,,0.0,0.0,-0.0,False,False,False,0.0,,,0.0,0.0,0.0,0.0,0.0,0.0,0.0,0.0,0.0,0.0,0.0,0.0,0.0,0.0,0.0,0.0,0.0,0.0,-0.0,-0.0,-0.0,-0.0,-0.0,-0.0,-0.0,-0.0,0.0,0.0,0.0,0.0,0.0,0.0,0.0,103.48000000001664
23.14,25.48,73.28,98.82,0.08999999999999986,0.08000000000000185,0.21999999999999886,0.3999999999999915,4.270527225583405,3.8783359497645207,1.3485262008733623,1.0,4.271507672022706,3.877232720339417,1.3474814287909442,1.0,4.271273529657178,3.8771379788661497,1.347308012243431,1.0,98.83726947626711,98.7894757015095,98.73073113719863,98.82,0.02135636764828589,0.01938568989433075,0.0067365400612171555,0.005,98.81591310861883,98.77009001161517,98.72399459713742,98.815,98.85862584391539,98.80886139140384,98.73746767725984,98.82499999999999,98.73746767725984,98.81591310861883,0.07844543135898618,0.0007938214061828192,BND,SCHZ,2025-06-24,False,4323.0,3924.0,1363.0,1012.0,0.0,0.0,0.0,0.0,,,0.0,0.0,0.0,False,False,False,-0.0,,,0.0,0.0,0.0,0.0,0.0,0.0,0.0,0.0,0.0,0.0,0.0,0.0,0.0,0.0,0.0,0.0,0.0,0.0,-0.0,-0.0,-0.0,-0.0,-0.0,-0.0,-0.0,-0.0,0.0,0.0,0.0,0.0,0.0,0.0,0.0,103.48000000001664
23.13,25.48,73.3,98.81,-0.010000000000001563,0.0,0.01999999999999602,-0.009999999999990905,4.271941201902291,3.8779434850863423,1.3480218281036835,1.0,4.271293736170904,3.877338427068861,1.3475610060258227,1.0,4.271507672022706,3.877232720339417,1.3474814287909442,1.0,98.79997245388518,98.79188971424834,98.77038873037621,98.81,0.021357538360113528,0.019386163601697086,0.006737407143954721,0.005,98.77861491552507,98.77250355064665,98.76365132323225,98.805,98.82132999224528,98.81127587785004,98.77712613752017,98.815,98.77712613752017,98.805,0.027873862479836475,0.0002820955619859981,BND,AGG,2025-06-25,False,4323.0,3924.0,1364.0,1012.0,0.0,0.0,0.0,0.0,,,0.0,0.0,-0.0,False,False,False,0.0,,,0.0,0.0,0.0,0.0,0.0,0.0,0.0,0.0,0.0,0.0,0.0,0.0,0.0,0.0,0.0,0.0,0.0,0.0,-0.0,-0.0,-0.0,-0.0,-0.0,-0.0,-0.0,-0.0,0.0,-0.0,0.0,0.0,-0.0,0.0,0.0,103.48000000001664
23.19,25.55,73.51,99.08,0.060000000000002274,0.07000000000000028,0.21000000000000796,0.269999999999996,4.272531263475636,3.877886497064579,1.3478438307713234,1.0,4.271563427470516,3.8773598558727067,1.347595079569319,1.0,4.271293736170904,3.877338427068861,1.3475610060258227,1.0,99.05130174180326,99.06599681160941,99.05920955295824,99.08,0.02135646868085452,0.019386692135344306,0.006737805030129114,0.005,99.02994527312241,99.04661011947407,99.05247174792811,99.075,99.07265821048411,99.08538350374475,99.06594735798836,99.085,99.06594735798836,99.075,0.009052642011639023,9.136699648404343e-05,BND,AGG,2025-06-26,False,4310.0,3912.0,1360.0,1009.0,0.0,0.0,0.0,0.0,,,0.0,0.0,0.0,False,True,False,0.0,,,0.0,0.0,0.0,0.0,0.0,0.0,0.0,0.0,0.0,0.0,0.0,0.0,0.0,0.0,0.0,0.0,0.0,0.0,-0.0,-0.0,-0.0,-0.0,-0.0,-0.0,-0.0,-0.0,0.0,0.0,0.0,0.0,0.0,0.0,0.0,103.48000000001664
23.15,25.51,73.34,98.8,-0.0400000000000027,-0.03999999999999915,-0.1700000000000017,-0.28000000000000114,4.267818574514039,3.872990983927871,1.3471502590673574,1.0,4.271281861811581,3.877001225558869,1.347565039686581,1.0,4.271563427470516,3.8773598558727067,1.347595079569319,1.0,98.88669334594245,98.91144992331276,98.83262313561386,98.8,0.021357817137352582,0.019386799279363535,0.006737975397846595,0.005,98.86533552880509,98.8920631240334,98.82588516021602,98.795,98.9080511630798,98.93083672259212,98.8393611110117,98.80499999999999,98.80499999999999,98.8920631240334,0.08706312403340632,0.000881205708840145,AGG,SPAB,2025-06-27,False,4323.0,3924.0,1364.0,1012.0,0.0,0.0,0.0,0.0,,,0.0,0.0,0.0,False,False,False,-0.0,,,0.0,0.0,0.0,0.0,0.0,0.0,0.0,0.0,0.0,0.0,0.0,0.0,0.0,0.0,0.0,0.0,0.0,0.0,-0.0,-0.0,-0.0,-0.0,-0.0,-0.0,-0.0,-0.0,0.0,-0.0,-0.0,-0.0,-0.0,0.0,0.0,103.48000000001664
23.24,25.6,73.63,99.2,0.08999999999999986,0.08999999999999986,0.28999999999999204,0.4000000000000057,4.268502581755595,3.875,1.3472769251663725,1.0,4.27091886224619,3.8768478816728384,1.3475472026296282,1.0,4.271281861811581,3.877001225558869,1.347565039686581,1.0,99.26459046850114,99.25123137430705,99.22121387212296,99.2,0.021356409309057908,0.019385006127794344,0.006737825198432905,0.005,99.24323405919208,99.23184636817926,99.21447604692453,99.19500000000001,99.2859468778102,99.27061638043484,99.22795169732139,99.205,99.205,99.24323405919208,0.03823405919207801,0.00038542398379110893,AGG,SCHZ,2025-06-30,False,4305.0,3908.0,1358.0,1008.0,0.0,0.0,0.0,0.0,,,0.0,0.0,-0.0,False,False,False,0.0,,,0.0,0.0,0.0,0.0,0.0,0.0,0.0,0.0,0.0,0.0,0.0,0.0,0.0,0.0,0.0,0.0,0.0,0.0,-0.0,-0.0,-0.0,-0.0,-0.0,-0.0,-0.0,-0.0,0.0,0.0,0.0,0.0,0.0,0.0,0.0,103.48000000001664
23.15,25.5,73.34,98.79,-0.08999999999999986,-0.10000000000000142,-0.28999999999999204,-0.4099999999999966,4.267386609071274,3.874117647058824,1.3470139078265613,1.0,4.270384795880591,3.876477020436634,1.3475187146912257,1.0,4.27091886224619,3.8768478816728384,1.3475472026296282,1.0,98.87177166099929,98.85962098265738,98.82911184085694,98.79,0.021354594311230952,0.019384239408364194,0.006737736013148142,0.005,98.85041706668805,98.84023674324901,98.82237410484379,98.78500000000001,98.89312625531052,98.87900522206574,98.83584957687009,98.795,98.795,98.85041706668805,0.05541706668805091,0.0005609582618488805,AGG,SCHZ,2025-07-01,True,4322.0,3923.0,1364.0,1012.0,0.0,0.0,0.0,0.0,,,0.0,0.0,0.0,False,False,False,-0.0,,,0.0,0.0,0.0,0.0,0.0,0.0,0.0,0.0,0.0,0.0,0.0,0.0,0.0,0.0,0.0,0.0,0.0,0.0,-0.0,-0.0,-0.0,-0.0,-0.0,-0.0,-0.0,-0.0,0.0,-0.0,-0.0,-0.0,-0.0,0.0,0.0,103.48000000001664
23.12,25.48,73.26,98.67,-0.029999999999997584,-0.019999999999999574,-0.0799999999999983,-0.12000000000000455,4.267733564013841,3.872448979591837,1.3468468468468469,1.0,4.2700675599474796,3.8759797278066523,1.347487092190858,1.0,4.270384795880591,3.876477020436634,1.3475187146912257,1.0,98.73129648075926,98.77263448072544,98.7192210382792,98.67,0.021351923979402953,0.01938238510218317,0.006737593573456129,0.005,98.70994455677985,98.75325209562327,98.71248344470574,98.665,98.75264840473866,98.79201686582762,98.72595863185266,98.675,98.675,98.75325209562327,0.07825209562327018,0.0007930687708854787,AGG,SPAB,2025-07-02,False,4326.0,3927.0,1365.0,1013.0,0.0,0.0,0.0,0.0,,,0.0,0.0,-0.0,False,False,True,0.0,,,0.0,0.0,0.0,0.0,0.0,0.0,0.0,0.0,0.0,0.0,0.0,0.0,0.0,0.0,0.0,0.0,0.0,0.0,-0.0,-0.0,-0.0,-0.0,-0.0,-0.0,-0.0,-0.0,0.0,-0.0,-0.0,-0.0,-0.0,0.0,0.0,103.48000000001664
23.05,25.41,73.08,98.47,-0.07000000000000028,-0.07000000000000028,-0.18000000000000682,-0.20000000000000284,4.272017353579176,3.875245966155057,1.3474274767378216,1.0,4.2702457966108796,3.875791957768661,1.3474914078997902,1.0,4.2700675599474796,3.8759797278066523,1.347487092190858,1.0,98.4250572567894,98.48864488356703,98.4743566973079,98.47,0.0213503377997374,0.019379898639033263,0.0067374354609542894,0.005,98.40370691898967,98.469264984928,98.46761926184695,98.465,98.44640759458913,98.50802478220606,98.48109413276885,98.475,98.44640759458913,98.469264984928,0.022857390338870687,0.00023212542235067214,SCHZ,SPAB,2025-07-03,False,4338.0,3938.0,1369.0,1016.0,0.0,0.0,0.0,0.0,,,0.0,0.0,0.0,False,False,False,-0.0,,,0.0,0.0,0.0,0.0,0.0,0.0,0.0,0.0,0.0,0.0,0.0,0.0,0.0,0.0,0.0,0.0,0.0,0.0,-0.0,-0.0,-0.0,-0.0,-0.0,-0.0,-0.0,-0.0,0.0,-0.0,-0.0,-0.0,-0.0,0.0,0.0,103.48000000001664
23.0,25.32,72.84,98.12,-0.05000000000000071,-0.08999999999999986,-0.23999999999999488,-0.3499999999999943,4.26608695652174,3.8751974723538707,1.3470620538165843,1.0,4.269439348659921,3.87539701306092,1.347428129198024,1.0,4.2702457966108796,3.875791957768661,1.3474914078997902,1.0,98.21565332205023,98.1350523707025,98.15127415142072,98.12,0.021351228983054398,0.019378959788843304,0.006737457039498951,0.005,98.19430209306718,98.11567341091366,98.14453669438122,98.11500000000001,98.23700455103328,98.15443133049133,98.15801160846023,98.125,98.125,98.19430209306718,0.06930209306717927,0.0007062993586137308,AGG,SCHZ,2025-07-07,False,4351.0,3949.0,1373.0,1019.0,0.0,0.0,0.0,0.0,,,0.0,0.0,-0.0,False,False,False,0.0,,,0.0,0.0,0.0,0.0,0.0,0.0,0.0,0.0,0.0,0.0,0.0,0.0,0.0,0.0,0.0,0.0,0.0,0.0,-0.0,-0.0,-0.0,-0.0,-0.0,-0.0,-0.0,-0.0,0.0,-0.0,-0.0,-0.0,-0.0,0.0,0.0,103.48000000001664
22.97,25.3,72.8,98.08,-0.030000000000001137,-0.019999999999999574,-0.04000000000000625,-0.04000000000000625,4.269917283413148,3.876679841897233,1.3472527472527474,1.0,4.269446261383015,3.8755846822900133,1.347442207646266,1.0,4.269439348659921,3.87539701306092,1.347428129198024,1.0,98.06902183871837,98.04754443044128,98.09276780561613,98.08,0.021347196743299605,0.0193769850653046,0.00673714064599012,0.005,98.04767464197506,98.02816744537597,98.08603066497014,98.075,98.09036903546168,98.06692141550658,98.09950494626213,98.085,98.06692141550658,98.08603066497014,0.01910924946355408,0.00019483329387799835,SPAB,BND,2025-07-08,False,4355.0,3953.0,1374.0,1020.0,0.0,0.0,0.0,0.0,,,0.0,0.0,0.0,False,True,False,0.0,,,0.0,0.0,0.0,0.0,0.0,0.0,0.0,0.0,0.0,0.0,0.0,0.0,0.0,0.0,0.0,0.0,0.0,0.0,-0.0,-0.0,-0.0,-0.0,-0.0,-0.0,-0.0,-0.0,0.0,-0.0,-0.0,-0.0,-0.0,0.0,0.0,103.48000000001664
23.07,25.42,73.09,98.49,0.10000000000000142,0.120000000000001,0.29000000000000625,0.4099999999999966,4.269180754226268,3.874508261211644,1.3475167601587084,1.0,4.269311614247301,3.8752019134347258,1.3473412635748008,1.0,4.269446261383015,3.8755846822900133,1.347442207646266,1.0,98.49612525010616,98.51736262381215,98.48455095686559,98.49,0.021347231306915074,0.019377923411450067,0.00673721103823133,0.005,98.47477801879924,98.49798470040069,98.47781374582736,98.485,98.51747248141308,98.5367405472236,98.49128816790382,98.49499999999999,98.49128816790382,98.49798470040069,0.006696532496874852,6.799200423266172e-05,BND,SPAB,2025-07-09,False,4333.0,3934.0,1368.0,1015.0,0.0,0.0,0.0,0.0,,,0.0,0.0,0.0,False,True,False,0.0,,,0.0,0.0,0.0,0.0,0.0,0.0,0.0,0.0,0.0,0.0,0.0,0.0,0.0,0.0,0.0,0.0,0.0,0.0,-0.0,-0.0,-0.0,-0.0,-0.0,-0.0,-0.0,-0.0,0.0,0.0,0.0,0.0,0.0,0.0,0.0,103.48000000001664
23.07,25.41,73.1,98.46,0.0,-0.010000000000001563,0.009999999999990905,-0.030000000000001137,4.267880364109232,3.8748524203069654,1.346922024623803,1.0,4.268905530467995,3.874892806956788,1.3472312832268125,1.0,4.269311614247301,3.8752019134347258,1.3473412635748008,1.0,98.49301894068523,98.46888062037638,98.49064636731794,98.46,0.021346558071236504,0.01937600956717363,0.006736706317874004,0.005,98.471672382614,98.44950461080921,98.48390966100006,98.455,98.51436549875646,98.48825662994355,98.49738307363582,98.46499999999999,98.46499999999999,98.48390966100006,0.01890966100006608,0.0001920542453795052,AGG,BND,2025-07-10,False,4338.0,3937.0,1369.0,1016.0,0.0,0.0,0.0,0.0,,,0.0,0.0,0.0,False,True,False,0.0,,,0.0,0.0,0.0,0.0,0.0,0.0,0.0,0.0,0.0,0.0,0.0,0.0,0.0,0.0,0.0,0.0,0.0,0.0,-0.0,-0.0,-0.0,-0.0,-0.0,-0.0,-0.0,-0.0,0.0,0.0,-0.0,0.0,-0.0,0.0,0.0,103.48000000001664
22.98,25.31,72.8,98.05,-0.08999999999999986,-0.10000000000000142,-0.29999999999999716,-0.4099999999999966,4.266753698868581,3.873962860529435,1.3468406593406594,1.0,4.268327774007289,3.8745004433032735,1.3471309660837463,1.0,4.268905530467995,3.874892806956788,1.3472312832268125,1.0,98.09944909015452,98.0735369440763,98.07843741891195,98.05,0.021344527652339976,0.01937446403478394,0.006736156416134063,0.005,98.07810456250218,98.05416248004151,98.07170126249581,98.045,98.12079361780687,98.09291140811108,98.08517357532808,98.05499999999999,98.05499999999999,98.07810456250218,0.023104562502183512,0.00023564061705439585,AGG,SCHZ,2025-07-11,False,4354.0,3952.0,1374.0,1020.0,0.0,0.0,0.0,0.0,,,0.0,0.0,0.0,False,False,False,-0.0,,,0.0,0.0,0.0,0.0,0.0,0.0,0.0,0.0,0.0,0.0,0.0,0.0,0.0,0.0,0.0,0.0,0.0,0.0,-0.0,-0.0,-0.0,-0.0,-0.0,-0.0,-0.0,-0.0,0.0,-0.0,-0.0,-0.0,-0.0,0.0,0.0,103.48000000001664
22.97,25.29,72.79,98.04,-0.010000000000001563,-0.019999999999999574,-0.009999999999990905,-0.009999999999990905,4.268175881584676,3.876631079478055,1.346888308833631,1.0,4.268363504714353,3.8748644528582923,1.3471047710603736,1.0,4.268327774007289,3.8745004433032735,1.3471309660837463,1.0,98.04348896894741,97.98611621113979,98.0576630212359,98.04,0.021341638870036445,0.019372502216516367,0.006735654830418732,0.005,98.02214733007737,97.96674370892327,98.05092736640547,98.03500000000001,98.06483060781746,98.0054887133563,98.06439867606632,98.045,98.0054887133563,98.05092736640547,0.045438653049174604,0.00046347055333715426,SPAB,BND,2025-07-14,False,4354.0,3952.0,1374.0,1020.0,0.0,0.0,0.0,0.0,,,0.0,0.0,-0.0,False,False,False,0.0,,,0.0,0.0,0.0,0.0,0.0,0.0,0.0,0.0,0.0,0.0,0.0,0.0,0.0,0.0,0.0,0.0,0.0,0.0,-0.0,-0.0,-0.0,-0.0,-0.0,-0.0,-0.0,-0.0,0.0,-0.0,-0.0,-0.0,-0.0,0.0,0.0,103.48000000001664
22.9,25.21,72.57,97.75,-0.07000000000000028,-0.0799999999999983,-0.22000000000001307,-0.29000000000000625,4.2685589519650655,3.877429591431971,1.3469753341601214,1.0,4.268369141735301,3.8751074120014892,1.3470746119597483,1.0,4.268363504714353,3.8748644528582923,1.3471047710603736,1.0,97.74552425795868,97.68533285655755,97.7593932358513,97.75,0.021341817523571765,0.019374322264291463,0.006735523855301869,0.005,97.7241824404351,97.66595853429325,97.75265771199601,97.745,97.76686607548226,97.70470717882185,97.7661287597066,97.755,97.70470717882185,97.75265771199601,0.047950533174159204,0.0004905425388660788,SPAB,BND,2025-07-15,False,4367.0,3964.0,1378.0,1023.0,0.0,0.0,0.0,0.0,,,0.0,0.0,0.0,False,False,False,-0.0,,,0.0,0.0,0.0,0.0,0.0,0.0,0.0,0.0,0.0,0.0,0.0,0.0,0.0,0.0,0.0,0.0,0.0,0.0,-0.0,-0.0,-0.0,-0.0,-0.0,-0.0,-0.0,-0.0,0.0,-0.0,-0.0,-0.0,-0.0,0.0,0.0,103.48000000001664
22.93,25.27,72.71,97.89,0.030000000000001137,0.05999999999999872,0.14000000000000057,0.14000000000000057,4.269079808111644,3.8737633557578155,1.3463072479713933,1.0,4.268538461639336,3.8750719828713884,1.3470039459742318,1.0,4.268369141735301,3.8751074120014892,1.3470746119597483,1.0,97.87370441999045,97.92396430127764,97.94579503559329,97.89,0.021341845708676505,0.019375537060007445,0.006735373059798742,0.005,97.85236257428177,97.90458876421762,97.9390596625335,97.885,97.89504626569912,97.94333983833765,97.95253040865309,97.895,97.895,97.9390596625335,0.04405966253349902,0.00045009360030134866,AGG,BND,2025-07-16,False,4362.0,3960.0,1377.0,1022.0,0.0,0.0,0.0,0.0,,,0.0,0.0,-0.0,False,False,False,0.0,,,0.0,0.0,0.0,0.0,0.0,0.0,0.0,0.0,0.0,0.0,0.0,0.0,0.0,0.0,0.0,0.0,0.0,0.0,-0.0,-0.0,-0.0,-0.0,-0.0,-0.0,-0.0,-0.0,0.0,0.0,0.0,0.0,0.0,0.0,0.0,103.48000000001664
22.95,25.28,72.73,97.93,0.019999999999999574,0.010000000000001563,0.020000000000010232,0.04000000000000625,4.2671023965141615,3.8738132911392404,1.3464870067372474,1.0,4.268475344889369,3.8752084140261287,1.3469679619632715,1.0,4.268538461639336,3.8750719828713884,1.3470039459742318,1.0,97.96295769462276,97.96181972698871,97.96759699070589,97.93,0.02134269230819668,0.019375359914356943,0.006735019729871159,0.005,97.94161500231456,97.94244436707434,97.96086197097601,97.92500000000001,97.98430038693095,97.98119508690307,97.97433201043576,97.935,97.935,97.96086197097601,0.02586197097600973,0.00026408629608914254,AGG,BND,2025-07-17,False,4358.0,3956.0,1375.0,1021.0,0.0,0.0,0.0,0.0,,,0.0,0.0,0.0,False,False,False,-0.0,,,0.0,0.0,0.0,0.0,0.0,0.0,0.0,0.0,0.0,0.0,0.0,0.0,0.0,0.0,0.0,0.0,0.0,0.0,-0.0,-0.0,-0.0,-0.0,-0.0,-0.0,-0.0,-0.0,0.0,0.0,0.0,0.0,0.0,0.0,0.0,103.48000000001664
22.98,25.32,72.85,98.11,0.030000000000001137,0.03999999999999915,0.11999999999999034,0.1799999999999926,4.269364664926022,3.8748025276461293,1.3467398764584764,1.0,4.268210076024054,3.8751640701752357,1.3468992019353372,1.0,4.268475344889369,3.8752084140261287,1.3469679619632715,1.0,98.0895634255577,98.12027704314158,98.12661602902432,98.11,0.021342376724446846,0.019376042070130644,0.0067348398098163575,0.005,98.06822104883325,98.10090100107145,98.1198811892145,98.105,98.11090580228215,98.13965308521172,98.13335086883414,98.115,98.11090580228215,98.1198811892145,0.008975386932348783,9.148289605900299e-05,SCHZ,BND,2025-07-18,False,4350.0,3949.0,1373.0,1019.0,0.0,0.0,0.0,0.0,,,0.0,0.0,-0.0,False,True,False,0.0,,,0.0,0.0,0.0,0.0,0.0,0.0,0.0,0.0,0.0,0.0,0.0,0.0,0.0,0.0,0.0,0.0,0.0,0.0,-0.0,-0.0,-0.0,-0.0,-0.0,-0.0,-0.0,-0.0,0.0,0.0,0.0,0.0,0.0,0.0,0.0,103.48000000001664
23.05,25.39,73.06,98.38,0.07000000000000028,0.07000000000000028,0.21000000000000796,0.269999999999996,4.268112798264641,3.874753840094525,1.3465644675609088,1.0,4.2684126601983445,3.8751197069493015,1.3468494433097695,1.0,4.268210076024054,3.8751640701752357,1.3468992019353372,1.0,98.38224225235443,98.39041574174924,98.40445569339573,98.38,0.02134105038012027,0.019375820350876177,0.006734496009676686,0.005,98.36090120197431,98.37103992139836,98.39772119738606,98.375,98.40358330273455,98.40979156210011,98.4111901894054,98.38499999999999,98.38499999999999,98.39772119738606,0.012721197386071026,0.00012930674309891266,AGG,BND,2025-07-21,False,4337.0,3937.0,1368.0,1016.0,0.0,0.0,0.0,0.0,,,0.0,0.0,0.0,False,True,False,0.0,,,0.0,0.0,0.0,0.0,0.0,0.0,0.0,0.0,0.0,0.0,0.0,0.0,0.0,0.0,0.0,0.0,0.0,0.0,-0.0,-0.0,-0.0,-0.0,-0.0,-0.0,-0.0,-0.0,0.0,0.0,0.0,0.0,0.0,0.0,0.0,103.48000000001664
23.1,25.43,73.18,98.57,0.05000000000000071,0.03999999999999915,0.12000000000000455,0.18999999999999773,4.267099567099566,3.876130554463232,1.346952719322219,1.0,4.2681308885669855,3.875064778205901,1.3468194405167169,1.0,4.2684126601983445,3.8751197069493015,1.3468494433097695,1.0,98.60033245058176,98.54429414772073,98.56244226140895,98.57,0.021342063300991723,0.01937559853474651,0.006734247216548848,0.005,98.57899038728077,98.52491854918598,98.5557080141924,98.565,98.62167451388275,98.56366974625548,98.56917650862549,98.57499999999999,98.56366974625548,98.57899038728077,0.015320641025283521,0.00015542904560498654,SPAB,SCHZ,2025-07-22,False,4332.0,3933.0,1367.0,1015.0,0.0,0.0,0.0,0.0,,,0.0,0.0,0.0,False,True,False,0.0,,,0.0,0.0,0.0,0.0,0.0,0.0,0.0,0.0,0.0,0.0,0.0,0.0,0.0,0.0,0.0,0.0,0.0,0.0,-0.0,-0.0,-0.0,-0.0,-0.0,-0.0,-0.0,-0.0,0.0,0.0,0.0,0.0,0.0,0.0,0.0,103.48000000001664
23.04,25.37,73.03,98.35,-0.060000000000002274,-0.05999999999999872,-0.15000000000000568,-0.21999999999999886,4.268663194444445,3.876625936145053,1.3467068328084348,1.0,4.268079132588803,3.875276545699242,1.3467384477816895,1.0,4.2681308885669855,3.875064778205901,1.3468194405167169,1.0,98.33773567258335,98.31039342308371,98.35822374093584,98.35,0.02134065444283493,0.019375323891029507,0.006734097202583584,0.005,98.31639501814051,98.29101809919268,98.35148964373326,98.345,98.35907632702619,98.32976874697474,98.36495783813842,98.35499999999999,98.32976874697474,98.35148964373326,0.021720896758523622,0.00022085304279129256,SPAB,BND,2025-07-23,False,4341.0,3941.0,1370.0,1017.0,0.0,0.0,0.0,0.0,,,0.0,0.0,0.0,False,False,False,-0.0,,,0.0,0.0,0.0,0.0,0.0,0.0,0.0,0.0,0.0,0.0,0.0,0.0,0.0,0.0,0.0,0.0,0.0,0.0,-0.0,-0.0,-0.0,-0.0,-0.0,-0.0,-0.0,-0.0,0.0,-0.0,-0.0,-0.0,-0.0,0.0,0.0,103.48000000001664
23.01,25.35,72.94,98.29,-0.029999999999997584,-0.019999999999999574,-0.09000000000000341,-0.05999999999998806,4.271621034332899,3.8773175542406313,1.3475459281601316,1.0,4.26845319961117,3.875523059092609,1.3468008381353225,1.0,4.268079132588803,3.875276545699242,1.3467384477816895,1.0,98.20850084086837,98.2382604334758,98.23110238119642,98.29,0.021340395662944017,0.019376382728496212,0.006733692238908448,0.005,98.18716044520542,98.2188840507473,98.22436868895751,98.28500000000001,98.22984123653131,98.2576368162043,98.23783607343533,98.295,98.22984123653131,98.28500000000001,0.05515876346869675,0.0005611838790181783,SCHZ,AGG,2025-07-24,False,4341.0,3941.0,1370.0,1017.0,0.0,0.0,0.0,0.0,,,0.0,0.0,-0.0,False,False,False,0.0,,,0.0,0.0,0.0,0.0,0.0,0.0,0.0,0.0,0.0,0.0,0.0,0.0,0.0,0.0,0.0,0.0,0.0,0.0,-0.0,-0.0,-0.0,-0.0,-0.0,-0.0,-0.0,-0.0,0.0,-0.0,-0.0,-0.0,-0.0,0.0,0.0,103.48000000001664
23.07,25.41,73.12,98.45,0.05999999999999872,0.05999999999999872,0.18000000000000682,0.1599999999999966,4.267446900736887,3.8744588744588744,1.3464168490153172,1.0,4.268522519798001,3.8755726604855534,1.346758457102788,1.0,4.26845319961117,3.875523059092609,1.3468008381353225,1.0,98.4732153150297,98.47704093154319,98.47807728445478,98.45,0.021342265998055852,0.019377615295463044,0.0067340041906766126,0.005,98.45187304903165,98.45766331624772,98.47134328026411,98.44500000000001,98.49455758102776,98.49641854683865,98.48481128864546,98.455,98.455,98.47134328026411,0.016343280264109694,0.00016600589399806698,AGG,BND,2025-07-25,False,4337.0,3938.0,1368.0,1016.0,0.0,0.0,0.0,0.0,,,0.0,0.0,0.0,False,True,False,0.0,,,0.0,0.0,0.0,0.0,0.0,0.0,0.0,0.0,0.0,0.0,0.0,0.0,0.0,0.0,0.0,0.0,0.0,0.0,-0.0,-0.0,-0.0,-0.0,-0.0,-0.0,-0.0,-0.0,0.0,0.0,0.0,0.0,0.0,0.0,0.0,103.48000000001664
23.03,25.37,73.0,98.32,-0.03999999999999915,-0.03999999999999915,-0.12000000000000455,-0.13000000000000966,4.269214068606165,3.8754434371304685,1.346849315068493,1.0,4.26862633850015,3.875453896250794,1.3467545577262743,1.0,4.268522519798001,3.8755726604855534,1.346758457102788,1.0,98.30407363094797,98.32327839651849,98.31336736850352,98.32,0.021342612598990004,0.01937786330242777,0.00673379228551394,0.005,98.28273101834898,98.30390053321607,98.306633576218,98.315,98.32541624354695,98.34265625982091,98.32010116078904,98.32499999999999,98.32010116078904,98.315,-0.005101160789038772,-5.188324643041876e-05,BND,AGG,2025-07-28,False,4341.0,3941.0,1370.0,1017.0,0.0,0.0,0.0,0.0,,,0.0,0.0,0.0,False,True,False,0.0,,,0.0,0.0,0.0,0.0,0.0,0.0,0.0,0.0,0.0,0.0,0.0,0.0,0.0,0.0,0.0,0.0,0.0,0.0,-0.0,-0.0,-0.0,-0.0,-0.0,-0.0,-0.0,-0.0,0.0,-0.0,-0.0,-0.0,-0.0,0.0,0.0,103.48000000001664
23.15,25.5,73.38,98.85,0.11999999999999744,0.129999999999999,0.37999999999999545,0.5300000000000011,4.269978401727862,3.876470588235294,1.347097301717089,1.0,4.26876828347643,3.8753579959311266,1.3467667544819713,1.0,4.26862633850015,3.875453896250794,1.3467545577262743,1.0,98.81869973627846,98.82407435439524,98.824849445954,98.85,0.02134313169250075,0.01937726948125397,0.006733772788631372,0.005,98.79735660458596,98.80469708491398,98.81811567316537,98.845,98.84004286797096,98.84345162387649,98.83158321874264,98.85499999999999,98.83158321874264,98.845,0.013416781257362231,0.0001357286925378071,BND,AGG,2025-07-29,False,4320.0,3922.0,1363.0,1012.0,0.0,0.0,0.0,0.0,,,0.0,0.0,0.0,False,True,False,0.0,,,0.0,0.0,0.0,0.0,0.0,0.0,0.0,0.0,0.0,0.0,0.0,0.0,0.0,0.0,0.0,0.0,0.0,0.0,-0.0,-0.0,-0.0,-0.0,-0.0,-0.0,-0.0,-0.0,0.0,0.0,0.0,0.0,0.0,0.0,0.0,103.48000000001664
23.08,25.43,73.19,98.57,-0.07000000000000028,-0.07000000000000028,-0.18999999999999773,-0.28000000000000114,4.270797227036395,3.876130554463232,1.3467686842464817,1.0,4.268940025368904,3.875594715801668,1.3468128981094798,1.0,4.26876828347643,3.8753579959311266,1.3467667544819713,1.0,98.52317198263599,98.55035383652854,98.56985876053547,98.57,0.02134384141738215,0.019376789979655633,0.006733833772409856,0.005,98.50182814121861,98.53097704654888,98.56312492676305,98.565,98.54451582405336,98.5697306265082,98.57659259430788,98.57499999999999,98.54451582405336,98.565,0.020484175946634764,0.00020781349240777888,SCHZ,AGG,2025-07-30,False,4333.0,3933.0,1367.0,1015.0,0.0,0.0,0.0,0.0,,,0.0,0.0,0.0,False,False,False,-0.0,,,0.0,0.0,0.0,0.0,0.0,0.0,0.0,0.0,0.0,0.0,0.0,0.0,0.0,0.0,0.0,0.0,0.0,0.0,-0.0,-0.0,-0.0,-0.0,-0.0,-0.0,-0.0,-0.0,0.0,-0.0,-0.0,-0.0,-0.0,0.0,0.0,103.48000000001664
23.1,25.44,73.2,98.62,0.020000000000003126,0.010000000000001563,0.010000000000005116,0.05000000000001137,4.269264069264069,3.876572327044025,1.3472677595628415,1.0,4.269156192643895,3.8758706193921464,1.3468909733920393,1.0,4.268940025368904,3.875594715801668,1.3468128981094798,1.0,98.61251458602169,98.59512956999444,98.58670414161392,98.62,0.021344700126844522,0.01937797357900834,0.006734064490547399,0.005,98.59116988589484,98.57575159641543,98.57997007712338,98.61500000000001,98.63385928614854,98.61450754357345,98.59343820610447,98.625,98.59343820610447,98.61500000000001,0.021561793895543246,0.0002186351033821055,BND,AGG,2025-07-31,False,4329.0,3930.0,1366.0,1014.0,0.0,0.0,0.0,0.0,,,0.0,0.0,-0.0,False,False,False,0.0,,,0.0,0.0,0.0,0.0,0.0,0.0,0.0,0.0,0.0,0.0,0.0,0.0,0.0,0.0,0.0,0.0,0.0,0.0,-0.0,-0.0,-0.0,-0.0,-0.0,-0.0,-0.0,-0.0,0.0,0.0,0.0,0.0,0.0,0.0,0.0,103.48000000001664
23.21,25.58,73.59,99.14,0.10999999999999943,0.13999999999999702,0.39000000000000057,0.519999999999996,4.271434726411029,3.8756841282251764,1.3471939122163337,1.0,4.269363198792396,3.875958779450051,1.3469363769678249,1.0,4.269156192643895,3.8758706193921464,1.3468909733920393,1.0,99.08711523126482,99.1447704440511,99.11770673192018,99.14,0.021345780963219478,0.019379353096960733,0.006734454866960197,0.005,99.0657694503016,99.12539109095414,99.11097227705322,99.135,99.10846101222803,99.16414979714807,99.12444118678714,99.145,99.10846101222803,99.135,0.02653898777197128,0.0002676920291705798,SCHZ,AGG,2025-08-01,True,4308.0,3911.0,1359.0,1009.0,0.0,0.0,0.0,0.0,,,0.0,0.0,0.0,False,False,False,-0.0,,,0.0,0.0,0.0,0.0,0.0,0.0,0.0,0.0,0.0,0.0,0.0,0.0,0.0,0.0,0.0,0.0,0.0,0.0,-0.0,-0.0,-0.0,-0.0,-0.0,-0.0,-0.0,-0.0,0.0,0.0,0.0,0.0,0.0,0.0,0.0,103.48000000001664
23.22,25.59,73.64,99.22,0.00999999999999801,0.010000000000001563,0.04999999999999716,0.0799999999999983,4.273040482342808,3.8772958186791717,1.3473655621944596,1.0,4.269855967200212,3.8762129773085157,1.3470164864311802,1.0,4.269363198792396,3.875958779450051,1.3469363769678249,1.0,99.13461347595943,99.1857851661268,99.18839479991063,99.22,0.02134681599396198,0.019379793897250256,0.006734681884839125,0.005,99.11326665996546,99.16640537222956,99.18166011802579,99.215,99.15596029195339,99.20516496002405,99.19512948179546,99.225,99.15596029195339,99.215,0.05903970804661185,0.000595038379828783,SCHZ,AGG,2025-08-04,False,4304.0,3907.0,1358.0,1008.0,0.0,0.0,0.0,0.0,,,0.0,0.0,-0.0,False,False,True,0.0,,,0.0,0.0,0.0,0.0,0.0,0.0,0.0,0.0,0.0,0.0,0.0,0.0,0.0,0.0,0.0,0.0,0.0,0.0,-0.0,-0.0,-0.0,-0.0,-0.0,-0.0,-0.0,-0.0,0.0,0.0,0.0,0.0,0.0,0.0,0.0,103.48000000001664
23.24,25.59,73.67,99.25,0.019999999999999574,0.0,0.030000000000001137,0.030000000000001137,4.27065404475043,3.8784681516217274,1.3472241075064477,1.0,4.270211414965299,3.876446737024365,1.347043625249603,1.0,4.269855967200212,3.8762129773085157,1.3470164864311802,1.0,99.23145267773292,99.19229008932491,99.23470455538505,99.25,0.021349279836001062,0.01938106488654258,0.006735082432155901,0.005,99.21010339789692,99.17290902443837,99.22796947295289,99.245,99.25280195756892,99.21167115421146,99.24143963781721,99.255,99.21167115421146,99.245,0.03332884578854589,0.00033580701046393845,SPAB,AGG,2025-08-05,False,4304.0,3907.0,1358.0,1008.0,0.0,0.0,0.0,0.0,,,0.0,0.0,0.0,False,False,False,-0.0,,,0.0,0.0,0.0,0.0,0.0,0.0,0.0,0.0,0.0,0.0,0.0,0.0,0.0,0.0,0.0,0.0,0.0,0.0,-0.0,-0.0,-0.0,-0.0,-0.0,-0.0,-0.0,-0.0,0.0,0.0,0.0,0.0,0.0,0.0,0.0,103.48000000001664
23.22,25.59,73.61,99.21,-0.019999999999999574,0.0,-0.060000000000002274,-0.04000000000000625,4.272609819121447,3.8769050410316526,1.3477788343975003,1.0,4.2706060774329995,3.8764746475130254,1.3471508254085096,1.0,4.270211414965299,3.876446737024365,1.347043625249603,1.0,99.15430905549424,99.1982720004535,99.15588125462327,99.21,0.021351057074826495,0.019382233685121826,0.006735218126248015,0.005,99.13295799841941,99.17888976676838,99.14914603649702,99.205,99.17566011256906,99.21765423413862,99.16261647274952,99.21499999999999,99.16261647274952,99.205,0.04238352725047889,0.00042721023334824006,BND,AGG,2025-08-06,False,4304.0,3907.0,1358.0,1008.0,0.0,0.0,0.0,0.0,,,0.0,0.0,-0.0,False,False,False,0.0,,,0.0,0.0,0.0,0.0,0.0,0.0,0.0,0.0,0.0,0.0,0.0,0.0,0.0,0.0,0.0,0.0,0.0,0.0,-0.0,-0.0,-0.0,-0.0,-0.0,-0.0,-0.0,-0.0,0.0,-0.0,0.0,-0.0,-0.0,0.0,0.0,103.48000000001664
23.21,25.57,73.58,99.13,-0.00999999999999801,-0.019999999999999574,-0.030000000000001137,-0.0799999999999983,4.2710038776389485,3.8768087602659365,1.3472410981244902,1.0,4.270544361763604,3.8764237681155556,1.3471203424049454,1.0,4.2706060774329995,3.8764746475130254,1.3471508254085096,1.0,99.12076705721992,99.12145673690806,99.12335773355814,99.13,0.021353030387164997,0.01938237323756513,0.006735754127042548,0.005,99.09941402683276,99.1020743636705,99.11662197943109,99.125,99.14212008760708,99.14083911014562,99.13009348768519,99.13499999999999,99.13009348768519,99.125,-0.005093487685186915,-5.138189937644422e-05,BND,AGG,2025-08-07,False,4309.0,3911.0,1359.0,1009.0,0.0,0.0,0.0,0.0,,,0.0,0.0,0.0,False,True,False,0.0,,,0.0,0.0,0.0,0.0,0.0,0.0,0.0,0.0,0.0,0.0,0.0,0.0,0.0,0.0,0.0,0.0,0.0,0.0,-0.0,-0.0,-0.0,-0.0,-0.0,-0.0,-0.0,-0.0,0.0,-0.0,-0.0,-0.0,-0.0,0.0,0.0,103.48000000001664
23.16,25.51,73.42,98.94,-0.05000000000000071,-0.05999999999999872,-0.1599999999999966,-0.18999999999999773,4.272020725388601,3.8784790278322223,1.3475892127485698,1.0,4.2710017442287755,3.8768257834528903,1.3472375787782709,1.0,4.270544361763604,3.8764237681155556,1.3471203424049454,1.0,98.90580741844506,98.88757032462783,98.90557553937109,98.94,0.02135272180881802,0.019382118840577778,0.006735601712024727,0.005,98.88445469663624,98.86818820578725,98.89883993765906,98.935,98.92716014025389,98.90695244346841,98.91231114108311,98.945,98.90695244346841,98.935,0.028047556531589635,0.0002834804581725251,SPAB,AGG,2025-08-08,False,4318.0,3919.0,1362.0,1011.0,0.0,0.0,0.0,0.0,,,0.0,0.0,0.0,False,False,False,-0.0,,,0.0,0.0,0.0,0.0,0.0,0.0,0.0,0.0,0.0,0.0,0.0,0.0,0.0,0.0,0.0,0.0,0.0,0.0,-0.0,-0.0,-0.0,-0.0,-0.0,-0.0,-0.0,-0.0,0.0,-0.0,-0.0,-0.0,-0.0,0.0,0.0,103.48000000001664
23.18,25.54,73.47,99.01,0.019999999999999574,0.029999999999997584,0.04999999999999716,0.07000000000000739,4.271354616048318,3.876664056382146,1.3476248809037703,1.0,4.271215798972991,3.8769478453780586,1.3473151353617983,1.0,4.2710017442287755,3.8768257834528903,1.3472375787782709,1.0,99.00182043122301,99.01413050938682,98.98154491283957,99.01,0.02135500872114388,0.019384128917264452,0.006736187893891354,0.005,98.98046542250187,98.99474638046955,98.97480872494567,99.00500000000001,99.02317543994415,99.03351463830408,98.98828110073346,99.015,98.98828110073346,99.00500000000001,0.016718899266550125,0.00016886071373144252,BND,AGG,2025-08-11,False,4314.0,3916.0,1361.0,1010.0,0.0,0.0,0.0,0.0,,,0.0,0.0,-0.0,False,True,False,0.0,,,0.0,0.0,0.0,0.0,0.0,0.0,0.0,0.0,0.0,0.0,0.0,0.0,0.0,0.0,0.0,0.0,0.0,0.0,-0.0,-0.0,-0.0,-0.0,-0.0,-0.0,-0.0,-0.0,0.0,0.0,0.0,0.0,0.0,0.0,0.0,103.48000000001664
23.17,25.54,73.48,99.01,-0.00999999999999801,0.0,0.010000000000005116,0.0,4.273198100992663,3.876664056382146,1.3474414806750137,1.0,4.271537768899471,3.876967192192743,1.3473495532575908,1.0,4.271215798972991,3.8769478453780586,1.3473151353617983,1.0,98.9640700622042,99.01724797095561,99.00071614638495,99.01,0.021356078994864955,0.019384739226890293,0.0067365756768089915,0.005,98.94271398320933,98.99786323172872,98.99397957070813,99.00500000000001,98.98542614119907,99.0366327101825,99.00745272206176,99.015,98.98542614119907,99.00500000000001,0.019573858800939092,0.00019769577619370863,SCHZ,AGG,2025-08-12,False,4314.0,3916.0,1361.0,1010.0,0.0,0.0,0.0,0.0,,,0.0,0.0,0.0,False,True,False,0.0,,,0.0,0.0,0.0,0.0,0.0,0.0,0.0,0.0,0.0,0.0,0.0,0.0,0.0,0.0,0.0,0.0,0.0,0.0,-0.0,-0.0,-0.0,-0.0,-0.0,-0.0,-0.0,-0.0,0.0,-0.0,0.0,0.0,0.0,0.0,0.0,103.48000000001664
23.26,25.63,73.75,99.37,0.08999999999999986,0.08999999999999986,0.269999999999996,0.35999999999999943,4.272141014617369,3.8770971517752635,1.3473898305084746,1.0,4.2716721476575685,3.877063851923946,1.3474116678837902,1.0,4.271537768899471,3.876967192192743,1.3473495532575908,1.0,99.35596850460169,99.3666691359,99.36702955274731,99.37,0.021357688844497354,0.019384835960963714,0.006736747766287954,0.005,99.33461081575719,99.34728429993903,99.36029280498103,99.36500000000001,99.3773261934462,99.38605397186096,99.3737663005136,99.375,99.3737663005136,99.36500000000001,-0.008766300513585179,-8.821878347172364e-05,BND,AGG,2025-08-13,False,4297.0,3900.0,1355.0,1006.0,0.0,0.0,0.0,0.0,,,0.0,0.0,0.0,False,True,False,0.0,,,0.0,0.0,0.0,0.0,0.0,0.0,0.0,0.0,0.0,0.0,0.0,0.0,0.0,0.0,0.0,0.0,0.0,0.0,-0.0,-0.0,-0.0,-0.0,-0.0,-0.0,-0.0,-0.0,0.0,0.0,0.0,0.0,0.0,0.0,0.0,103.48000000001664
23.19,25.55,73.54,99.09,-0.07000000000000028,-0.0799999999999983,-0.20999999999999375,-0.28000000000000114,4.272962483829237,3.8782778864970644,1.3474299700843078,1.0,4.2720419891140855,3.8772344078692504,1.3474278889359368,1.0,4.2716721476575685,3.877063851923946,1.3474116678837902,1.0,99.06007710417902,99.05898141665683,99.08865405617394,99.09,0.021358360738287844,0.01938531925961973,0.006737058339418951,0.005,99.03871874344073,99.03959609739721,99.08191699783451,99.08500000000001,99.0814354649173,99.07836673591646,99.09539111451336,99.095,99.07836673591646,99.08500000000001,0.006633264083546919,6.694181131846724e-05,SPAB,AGG,2025-08-14,False,4310.0,3912.0,1360.0,1009.0,0.0,0.0,0.0,0.0,,,0.0,0.0,0.0,False,True,False,0.0,,,0.0,0.0,0.0,0.0,0.0,0.0,0.0,0.0,0.0,0.0,0.0,0.0,0.0,0.0,0.0,0.0,0.0,0.0,-0.0,-0.0,-0.0,-0.0,-0.0,-0.0,-0.0,-0.0,0.0,-0.0,-0.0,-0.0,-0.0,0.0,0.0,103.48000000001664
23.16,25.51,73.44,98.94,-0.030000000000001137,-0.03999999999999915,-0.10000000000000853,-0.15000000000000568,4.272020725388601,3.8784790278322223,1.3472222222222223,1.0,4.272100589011843,3.8775138978299553,1.3474307199365256,1.0,4.2720419891140855,3.8772344078692504,1.3474278889359368,1.0,98.94049246788222,98.90824974474458,98.95510416345519,98.94,0.02136020994557043,0.019386172039346252,0.006737139444679684,0.005,98.91913225793665,98.88886357270523,98.94836702401051,98.935,98.96185267782779,98.92763591678393,98.96184130289987,98.945,98.92763591678393,98.94836702401051,0.020731107226581003,0.0002095321126600061,SPAB,BND,2025-08-15,False,4319.0,3920.0,1362.0,1011.0,0.0,0.0,0.0,0.0,,,0.0,0.0,0.0,False,False,False,-0.0,,,0.0,0.0,0.0,0.0,0.0,0.0,0.0,0.0,0.0,0.0,0.0,0.0,0.0,0.0,0.0,0.0,0.0,0.0,-0.0,-0.0,-0.0,-0.0,-0.0,-0.0,-0.0,-0.0,0.0,-0.0,-0.0,-0.0,-0.0,0.0,0.0,103.48000000001664
23.14,25.49,73.36,98.83,-0.019999999999999574,-0.020000000000003126,-0.0799999999999983,-0.10999999999999943,4.270959377700951,3.8772067477442134,1.3471919302071973,1.0,4.271892478547656,3.8775049907364596,1.3474133567377995,1.0,4.272100589011843,3.8775138978299553,1.3474307199365256,1.0,98.85640762973405,98.83782925568555,98.84751761454352,98.83,0.021360502945059215,0.019387569489149777,0.006737153599682628,0.005,98.835047126789,98.8184416861964,98.84078046094383,98.825,98.87776813267911,98.8572168251747,98.8542547681432,98.835,98.835,98.84078046094383,0.005780460943839216,5.848892991843789e-05,AGG,BND,2025-08-18,False,4323.0,3924.0,1364.0,1012.0,0.0,0.0,0.0,0.0,,,0.0,0.0,-0.0,False,True,False,0.0,,,0.0,0.0,0.0,0.0,0.0,0.0,0.0,0.0,0.0,0.0,0.0,0.0,0.0,0.0,0.0,0.0,0.0,0.0,-0.0,-0.0,-0.0,-0.0,-0.0,-0.0,-0.0,-0.0,0.0,-0.0,-0.0,-0.0,-0.0,0.0,0.0,103.48000000001664
23.18,25.54,73.5,99.02,0.03999999999999915,0.05000000000000071,0.14000000000000057,0.18999999999999773,4.271786022433132,3.8770555990602977,1.3472108843537414,1.0,4.272005676315926,3.877363735480317,1.3474120344225287,1.0,4.271892478547656,3.8775049907364596,1.3474133567377995,1.0,99.02246765273466,99.03147746340917,99.03488172022826,99.02,0.02135946239273828,0.0193875249536823,0.006737066783688997,0.005,99.00110819034192,99.01208993845549,99.02814465344457,99.015,99.0438271151274,99.05086498836286,99.04161878701194,99.02499999999999,99.02499999999999,99.02814465344457,0.0031446534445791485,3.175776049867854e-05,AGG,BND,2025-08-19,False,4315.0,3916.0,1361.0,1010.0,0.0,0.0,0.0,0.0,,,0.0,0.0,0.0,False,True,False,0.0,,,0.0,0.0,0.0,0.0,0.0,0.0,0.0,0.0,0.0,0.0,0.0,0.0,0.0,0.0,0.0,0.0,0.0,0.0,-0.0,-0.0,-0.0,-0.0,-0.0,-0.0,-0.0,-0.0,0.0,0.0,0.0,0.0,0.0,0.0,0.0,103.48000000001664
23.19,25.55,73.55,99.08,0.010000000000001563,0.010000000000001563,0.04999999999999716,0.060000000000002274,4.272531263475636,3.877886497064579,1.3471108089734876,1.0,4.271997820751346,3.877461881083609,1.3473452318801276,1.0,4.272005676315926,3.877363735480317,1.3474120344225287,1.0,99.06781163376633,99.0666434415221,99.10215513177698,99.08,0.02136002838157963,0.019386818677401586,0.006737060172112643,0.005,99.04645160538475,99.0472566228447,99.09541807160487,99.075,99.0891716621479,99.08603026019951,99.1088921919491,99.085,99.085,99.09541807160487,0.010418071604874513,0.0001051480783697468,AGG,BND,2025-08-20,False,4310.0,3912.0,1360.0,1009.0,0.0,0.0,0.0,0.0,,,0.0,0.0,0.0,False,True,False,0.0,,,0.0,0.0,0.0,0.0,0.0,0.0,0.0,0.0,0.0,0.0,0.0,0.0,0.0,0.0,0.0,0.0,0.0,0.0,-0.0,-0.0,-0.0,-0.0,-0.0,-0.0,-0.0,-0.0,0.0,0.0,0.0,0.0,0.0,0.0,0.0,103.48000000001664
23.14,25.49,73.37,98.85,-0.05000000000000071,-0.060000000000002274,-0.1799999999999926,-0.23000000000000398,4.271823681936041,3.8779913691643784,1.3472809050020442,1.0,4.272079801181055,3.8775801419734535,1.3473492125678828,1.0,4.271997820751346,3.877461881083609,1.3473452318801276,1.0,98.85402957218615,98.83650334882118,98.85471966304496,98.85,0.02135998910375673,0.019387309405418045,0.006736726159400638,0.005,98.83266958308239,98.81711603941577,98.84798293688556,98.845,98.87538956128991,98.8558906582266,98.86145638920436,98.85499999999999,98.85499999999999,98.84798293688556,-0.007017063114432176,-7.098698143077568e-05,AGG,BND,2025-08-21,False,4323.0,3924.0,1364.0,1012.0,0.0,0.0,0.0,0.0,,,0.0,0.0,0.0,False,True,False,0.0,,,0.0,0.0,0.0,0.0,0.0,0.0,0.0,0.0,0.0,0.0,0.0,0.0,0.0,0.0,0.0,0.0,0.0,0.0,-0.0,-0.0,-0.0,-0.0,-0.0,-0.0,-0.0,-0.0,0.0,-0.0,-0.0,-0.0,-0.0,0.0,0.0,103.48000000001664
23.26,25.63,73.74,99.4,0.120000000000001,0.14000000000000057,0.36999999999999034,0.5500000000000114,4.273430782459157,3.87826765509169,1.3479793870355303,1.0,4.27222080688811,3.8775590046994006,1.347388229996579,1.0,4.272079801181055,3.8775801419734535,1.3473492125678828,1.0,99.36857617547133,99.3823790387796,99.35353093475567,99.4,0.021360399005905275,0.01938790070986727,0.006736746062839414,0.005,99.34721577646543,99.36299113806973,99.34679418869283,99.39500000000001,99.38993657447723,99.40176693948948,99.36026768081851,99.405,99.36026768081851,99.39500000000001,0.03473231918150077,0.00034941971007546046,BND,AGG,2025-08-22,False,4298.0,3901.0,1355.0,1006.0,0.0,0.0,0.0,0.0,,,0.0,0.0,0.0,False,False,False,-0.0,,,0.0,0.0,0.0,0.0,0.0,0.0,0.0,0.0,0.0,0.0,0.0,0.0,0.0,0.0,0.0,0.0,0.0,0.0,-0.0,-0.0,-0.0,-0.0,-0.0,-0.0,-0.0,-0.0,0.0,0.0,0.0,0.0,0.0,0.0,0.0,103.48000000001664
23.22,25.59,73.64,99.25,-0.0400000000000027,-0.03999999999999915,-0.09999999999999432,-0.15000000000000568,4.274332472006891,3.8784681516217274,1.347772949483976,1.0,4.2725185924839675,3.8777394142233583,1.3474030368545997,1.0,4.27222080688811,3.8775590046994006,1.347388229996579,1.0,99.20096713594191,99.22673493025766,99.22166925694808,99.25,0.02136110403444055,0.019387795023497002,0.006736941149982895,0.005,99.17960603190747,99.20734713523417,99.2149323157981,99.245,99.22232823997635,99.24612272528115,99.22840619809806,99.255,99.22232823997635,99.245,0.02267176002365545,0.000228430831472599,SCHZ,AGG,2025-08-25,False,4306.0,3909.0,1358.0,1008.0,0.0,0.0,0.0,0.0,,,0.0,0.0,-0.0,False,False,False,0.0,,,0.0,0.0,0.0,0.0,0.0,0.0,0.0,0.0,0.0,0.0,0.0,0.0,0.0,0.0,0.0,0.0,0.0,0.0,-0.0,-0.0,-0.0,-0.0,-0.0,-0.0,-0.0,-0.0,0.0,-0.0,-0.0,-0.0,-0.0,0.0,0.0,103.48000000001664
23.26,25.63,73.73,99.37,0.0400000000000027,0.03999999999999915,0.09000000000000341,0.12000000000000455,4.272141014617369,3.8770971517752635,1.3477553234775532,1.0,4.272412883846438,3.8777827237626696,1.3474344211348535,1.0,4.2725185924839675,3.8777394142233583,1.3474030368545997,1.0,99.3787824611771,99.38646118654466,99.34402590728965,99.37,0.021362592962419838,0.019388697071116793,0.006737015184272999,0.005,99.35741986821468,99.36707248947354,99.33728889210538,99.36500000000001,99.40014505413951,99.40584988361579,99.35076292247392,99.375,99.35076292247392,99.36707248947354,0.016309566999623826,0.00016412968702449255,BND,SPAB,2025-08-26,False,4298.0,3901.0,1355.0,1006.0,0.0,0.0,0.0,0.0,,,0.0,0.0,0.0,False,True,False,0.0,,,0.0,0.0,0.0,0.0,0.0,0.0,0.0,0.0,0.0,0.0,0.0,0.0,0.0,0.0,0.0,0.0,0.0,0.0,-0.0,-0.0,-0.0,-0.0,-0.0,-0.0,-0.0,-0.0,0.0,0.0,0.0,0.0,0.0,0.0,0.0,103.48000000001664
23.28,25.64,73.8,99.47,0.019999999999999574,0.010000000000001563,0.06999999999999318,0.09999999999999432,4.2727663230240545,3.879485179407176,1.3478319783197832,1.0,4.272475414687107,3.878021526525862,1.3474786359159843,1.0,4.272412883846438,3.8777827237626696,1.3474344211348535,1.0,99.46177193594508,99.42634903727485,99.44066027975218,99.47,0.02136206441923219,0.01938891361881335,0.0067371721056742676,0.005,99.44040987152584,99.40696012365603,99.4339231076465,99.465,99.48313400036432,99.44573795089366,99.44739745185785,99.475,99.44573795089366,99.465,0.019262049106345103,0.00019364681920523878,SPAB,AGG,2025-08-27,False,4294.0,3897.0,1354.0,1005.0,0.0,0.0,0.0,0.0,,,0.0,0.0,0.0,False,True,False,0.0,,,0.0,0.0,0.0,0.0,0.0,0.0,0.0,0.0,0.0,0.0,0.0,0.0,0.0,0.0,0.0,0.0,0.0,0.0,-0.0,-0.0,-0.0,-0.0,-0.0,-0.0,-0.0,-0.0,0.0,0.0,0.0,0.0,0.0,0.0,0.0,103.48000000001664
23.32,25.68,73.89,99.59,0.03999999999999915,0.03999999999999915,0.09000000000000341,0.12000000000000455,4.270583190394511,3.878115264797508,1.3478143185816756,1.0,4.272237485343634,3.878005264355906,1.3475170707657211,1.0,4.272475414687107,3.878021526525862,1.3474786359159843,1.0,99.63412667050333,99.58759280118413,99.56519640783208,99.59,0.021362377073435534,0.01939010763262931,0.006737393179579922,0.005,99.6127642934299,99.5682026935515,99.5584590146525,99.58500000000001,99.65548904757676,99.60698290881676,99.57193380101165,99.595,99.57193380101165,99.6127642934299,0.04083049241825165,0.0004099858662340762,BND,SCHZ,2025-08-28,False,4290.0,3894.0,1353.0,1004.0,0.0,0.0,0.0,0.0,,,0.0,0.0,0.0,False,False,False,-0.0,,,0.0,0.0,0.0,0.0,0.0,0.0,0.0,0.0,0.0,0.0,0.0,0.0,0.0,0.0,0.0,0.0,0.0,0.0,-0.0,-0.0,-0.0,-0.0,-0.0,-0.0,-0.0,-0.0,0.0,0.0,0.0,0.0,0.0,0.0,0.0,103.48000000001664
23.29,25.66,73.8,99.46,-0.030000000000001137,-0.019999999999999574,-0.09000000000000341,-0.13000000000000966,4.270502361528553,3.8760717069368664,1.3476964769647697,1.0,4.2720856489576295,3.87776453226637,1.3475644962399758,1.0,4.272237485343634,3.878005264355906,1.3475170707657211,1.0,99.50041103365324,99.50961508337255,99.44675982251022,99.46,0.02136118742671817,0.01939002632177953,0.006737585353828606,0.005,99.47904984622652,99.49022505705078,99.44002223715638,99.455,99.52177222107996,99.52900510969432,99.45349740786405,99.46499999999999,99.45349740786405,99.49022505705078,0.036727649186730105,0.00036927055285270567,BND,SPAB,2025-08-29,False,4294.0,3897.0,1354.0,1005.0,0.0,0.0,0.0,0.0,,,0.0,0.0,-0.0,False,False,False,0.0,,,0.0,0.0,0.0,0.0,0.0,0.0,0.0,0.0,0.0,0.0,0.0,0.0,0.0,0.0,0.0,0.0,0.0,0.0,-0.0,-0.0,-0.0,-0.0,-0.0,-0.0,-0.0,-0.0,0.0,-0.0,-0.0,-0.0,-0.0,0.0,0.0,103.48000000001664
23.16,25.51,73.4,98.87,-0.129999999999999,-0.14999999999999858,-0.3999999999999915,-0.5899999999999892,4.268998272884283,3.875735005880047,1.3470027247956402,1.0,4.271889538475963,3.877617358079953,1.34754557569882,1.0,4.2720856489576295,3.87776453226637,1.3475644962399758,1.0,98.9415036298587,98.9217732181151,98.91123402401423,98.87,0.02136042824478815,0.01938882266133185,0.006737822481199879,0.005,98.92014320161391,98.90238439545378,98.90449620153304,98.86500000000001,98.96286405810349,98.94116204077643,98.91797184649543,98.875,98.875,98.92014320161391,0.04514320161391083,0.00045659150009012676,AGG,SCHZ,2025-09-02,True,4319.0,3920.0,1362.0,1011.0,0.0,0.0,0.0,0.0,,,0.0,0.0,0.0,False,False,False,-0.0,,,0.0,0.0,0.0,0.0,0.0,0.0,0.0,0.0,0.0,0.0,0.0,0.0,0.0,0.0,0.0,0.0,0.0,0.0,-0.0,-0.0,-0.0,-0.0,-0.0,-0.0,-0.0,-0.0,0.0,-0.0,-0.0,-0.0,-0.0,0.0,0.0,103.48000000001664
23.24,25.59,73.64,99.23,0.0799999999999983,0.0799999999999983,0.23999999999999488,0.35999999999999943,4.2697934595524965,3.8776865963266904,1.3475013579576318,1.0,4.271690282187899,3.877680457806592,1.3475746230592092,1.0,4.271889538475963,3.877617358079953,1.34754557569882,1.0,99.27871287418138,99.228228193266,99.2332561944611,99.23,0.021359447692379817,0.019388086790399765,0.0067377278784941,0.005,99.257353426489,99.2088401064756,99.22651846658262,99.22500000000001,99.30007232187376,99.2476162800564,99.2399939223396,99.235,99.235,99.257353426489,0.022353426489004846,0.00022526883491892416,AGG,SCHZ,2025-09-03,False,4306.0,3909.0,1358.0,1008.0,0.0,0.0,0.0,0.0,,,0.0,0.0,-0.0,False,False,True,0.0,,,0.0,0.0,0.0,0.0,0.0,0.0,0.0,0.0,0.0,0.0,0.0,0.0,0.0,0.0,0.0,0.0,0.0,0.0,-0.0,-0.0,-0.0,-0.0,-0.0,-0.0,-0.0,-0.0,0.0,0.0,0.0,0.0,0.0,0.0,0.0,103.48000000001664
23.31,25.69,73.92,99.63,0.07000000000000028,0.10000000000000142,0.28000000000000114,0.3999999999999915,4.274131274131274,3.878162709225379,1.3478084415584415,1.0,4.271850283253463,3.877708079022672,1.3476443863177046,1.0,4.271690282187899,3.877680457806592,1.3475746230592092,1.0,99.57310047779993,99.61761096105135,99.61271613653675,99.63,0.021358451410939498,0.01938840228903296,0.006737873115296046,0.005,99.551742026389,99.59822255876232,99.60597826342145,99.625,99.59445892921086,99.6369993633404,99.61945400965205,99.63499999999999,99.59445892921086,99.625,0.030541070789141145,0.0003065449241106208,SCHZ,AGG,2025-09-04,False,4289.0,3893.0,1353.0,1004.0,0.0,0.0,0.0,0.0,,,0.0,0.0,0.0,False,False,False,-0.0,,,0.0,0.0,0.0,0.0,0.0,0.0,0.0,0.0,0.0,0.0,0.0,0.0,0.0,0.0,0.0,0.0,0.0,0.0,-0.0,-0.0,-0.0,-0.0,-0.0,-0.0,-0.0,-0.0,0.0,0.0,0.0,0.0,0.0,0.0,0.0,103.48000000001664
23.43,25.82,74.27,100.1,0.120000000000001,0.129999999999999,0.3499999999999943,0.46999999999999886,4.272300469483568,3.876839659178931,1.347785108388313,1.0,4.271897962008216,3.877592908024128,1.3476948066563312,1.0,4.271850283253463,3.877708079022672,1.3476443863177046,1.0,100.08945213662864,100.1224226003654,100.08954857181591,100.1,0.021359251416267315,0.01938854039511336,0.006738221931588523,0.005,100.06809288521237,100.10303405997028,100.08281034988433,100.095,100.11081138804491,100.14181114076051,100.0962867937475,100.10499999999999,100.0962867937475,100.10303405997028,0.006747266222788539,6.740525697091449e-05,BND,SPAB,2025-09-05,False,4268.0,3874.0,1346.0,999.0,0.0,0.0,0.0,0.0,,,0.0,0.0,-0.0,False,True,False,0.0,,,0.0,0.0,0.0,0.0,0.0,0.0,0.0,0.0,0.0,0.0,0.0,0.0,0.0,0.0,0.0,0.0,0.0,0.0,-0.0,-0.0,-0.0,-0.0,-0.0,-0.0,-0.0,-0.0,0.0,0.0,0.0,0.0,0.0,0.0,0.0,103.48000000001664
23.51,25.91,74.51,100.44,0.08000000000000185,0.08999999999999986,0.2400000000000091,0.3400000000000034,4.272224585282858,3.8764955615592434,1.3480069789290028,1.0,4.271777342290585,3.877415698670883,1.3476975658456787,1.0,4.271897962008216,3.877592908024128,1.3476948066563312,1.0,100.43232108681318,100.46843224690515,100.41674004396324,100.44,0.02135948981004108,0.01938796454012064,0.0067384740332816565,0.005,100.41096159700314,100.44904428236504,100.41000156992996,100.435,100.45368057662321,100.48782021144527,100.42347851799653,100.445,100.42347851799653,100.44904428236504,0.025565764368508326,0.0002545376779023131,BND,SPAB,2025-09-08,False,4255.0,3862.0,1342.0,996.0,0.0,0.0,0.0,0.0,,,0.0,0.0,0.0,False,False,False,-0.0,,,0.0,0.0,0.0,0.0,0.0,0.0,0.0,0.0,0.0,0.0,0.0,0.0,0.0,0.0,0.0,0.0,0.0,0.0,-0.0,-0.0,-0.0,-0.0,-0.0,-0.0,-0.0,-0.0,0.0,0.0,0.0,0.0,0.0,0.0,0.0,103.48000000001664
23.47,25.85,74.37,100.24,-0.0400000000000027,-0.05999999999999872,-0.14000000000000057,-0.20000000000000284,4.270984235193865,3.877756286266924,1.3478553180045716,1.0,4.271442518609283,3.877344512135403,1.3477058026977382,1.0,4.271777342290585,3.877415698670883,1.3476975658456787,1.0,100.25861422356003,100.23119581064233,100.22826797194313,100.24,0.02135888671145293,0.019387078493354415,0.006738487829228394,0.005,100.23725533684858,100.21180873214898,100.2215294841139,100.235,100.27997311027148,100.25058288913569,100.23500645977235,100.24499999999999,100.23500645977235,100.23725533684858,0.002248877076226563,2.2434926937615354e-05,BND,SCHZ,2025-09-09,False,4263.0,3870.0,1345.0,998.0,0.0,0.0,0.0,0.0,,,0.0,0.0,-0.0,False,True,False,0.0,,,0.0,0.0,0.0,0.0,0.0,0.0,0.0,0.0,0.0,0.0,0.0,0.0,0.0,0.0,0.0,0.0,0.0,0.0,-0.0,-0.0,-0.0,-0.0,-0.0,-0.0,-0.0,-0.0,0.0,-0.0,-0.0,-0.0,-0.0,0.0,0.0,103.48000000001664
23.52,25.9,74.5,100.44,0.05000000000000071,0.04999999999999716,0.12999999999999545,0.20000000000000284,4.270408163265306,3.877992277992278,1.3481879194630872,1.0,4.271269233474078,3.877434024757105,1.3477490622962915,1.0,4.271442518609283,3.877344512135403,1.3477058026977382,1.0,100.46432803769034,100.42322286430692,100.4040823009815,100.44,0.021357212593046414,0.019386722560677014,0.006738529013488691,0.005,100.44297082509729,100.40383614174624,100.39734377196801,100.435,100.48568525028338,100.4426095868676,100.41082082999499,100.445,100.41082082999499,100.44297082509729,0.03214999510230143,0.0003200915482108864,BND,SCHZ,2025-09-10,False,4254.0,3862.0,1342.0,996.0,0.0,0.0,0.0,0.0,,,0.0,0.0,0.0,False,False,False,-0.0,,,0.0,0.0,0.0,0.0,0.0,0.0,0.0,0.0,0.0,0.0,0.0,0.0,0.0,0.0,0.0,0.0,0.0,0.0,-0.0,-0.0,-0.0,-0.0,-0.0,-0.0,-0.0,-0.0,0.0,0.0,0.0,0.0,0.0,0.0,0.0,103.48000000001664
23.55,25.97,74.66,100.63,0.030000000000001137,0.07000000000000028,0.1599999999999966,0.18999999999999773,4.273036093418258,3.874855602618406,1.3478435574604875,1.0,4.271296210513497,3.8769710670782267,1.3477502202103622,1.0,4.271269233474078,3.877434024757105,1.3477490622962915,1.0,100.58839044831453,100.69696162294201,100.62294499104112,100.63,0.02135634616737039,0.019387170123785526,0.006738745311481458,0.005,100.56703410214716,100.67757445281822,100.61620624572964,100.625,100.6097467944819,100.7163487930658,100.6296837363526,100.63499999999999,100.6097467944819,100.67757445281822,0.06782765833632709,0.0006740301931464483,SCHZ,SPAB,2025-09-11,False,4246.0,3854.0,1340.0,994.0,0.0,0.0,0.0,0.0,,,0.0,0.0,-0.0,False,False,False,0.0,,,0.0,0.0,0.0,0.0,0.0,0.0,0.0,0.0,0.0,0.0,0.0,0.0,0.0,0.0,0.0,0.0,0.0,0.0,-0.0,-0.0,-0.0,-0.0,-0.0,-0.0,-0.0,-0.0,0.0,0.0,0.0,0.0,0.0,0.0,0.0,103.48000000001664
23.52,25.93,74.57,100.54,-0.030000000000001137,-0.03999999999999915,-0.09000000000000341,-0.0899999999999892,4.274659863945579,3.8773621288083304,1.3482633766930403,1.0,4.271703877868604,3.8768957534793094,1.3477951260214984,1.0,4.271296210513497,3.8769710670782267,1.3477502202103622,1.0,100.46088687127744,100.52985976933842,100.5017339210867,100.54,0.021356481052567485,0.019384855335391134,0.006738751101051811,0.005,100.43953039022487,100.51047491400303,100.49499516998564,100.53500000000001,100.48224335233,100.5492446246738,100.50847267218775,100.545,100.48224335233,100.53500000000001,0.05275664767000876,0.0005247329189378233,SCHZ,AGG,2025-09-12,False,4250.0,3858.0,1341.0,995.0,0.0,0.0,0.0,0.0,,,0.0,0.0,0.0,False,False,False,-0.0,,,0.0,0.0,0.0,0.0,0.0,0.0,0.0,0.0,0.0,0.0,0.0,0.0,0.0,0.0,0.0,0.0,0.0,0.0,-0.0,-0.0,-0.0,-0.0,-0.0,-0.0,-0.0,-0.0,0.0,-0.0,-0.0,-0.0,-0.0,0.0,0.0,103.48000000001664
23.58,25.97,74.71,100.71,0.05999999999999872,0.03999999999999915,0.14000000000000057,0.1699999999999875,4.270992366412214,3.877936080092414,1.34801231428189,1.0,4.2717528783569705,3.8770821907948645,1.3478267097532106,1.0,4.271703877868604,3.8768957534793094,1.3477951260214984,1.0,100.72677744014167,100.68298271785766,100.69377386506613,100.71,0.02135851938934302,0.019384478767396546,0.006738975630107493,0.005,100.70541892075234,100.66359823909026,100.68703488943602,100.705,100.74813595953101,100.70236719662505,100.70051284069625,100.71499999999999,100.70051284069625,100.70541892075234,0.004906080056088058,4.871492459624723e-05,BND,SCHZ,2025-09-15,False,4242.0,3850.0,1338.0,993.0,0.0,0.0,0.0,0.0,,,0.0,0.0,-0.0,False,True,False,0.0,,,0.0,0.0,0.0,0.0,0.0,0.0,0.0,0.0,0.0,0.0,0.0,0.0,0.0,0.0,0.0,0.0,0.0,0.0,-0.0,-0.0,-0.0,-0.0,-0.0,-0.0,-0.0,-0.0,0.0,0.0,0.0,0.0,0.0,0.0,0.0,103.48000000001664
23.58,25.99,74.72,100.75,0.0,0.019999999999999574,0.010000000000005116,0.04000000000000625,4.272688719253605,3.876490958060793,1.348367237687366,1.0,4.272121922993902,3.877157786012939,1.3479631610423832,1.0,4.2717528783569705,3.8770821907948645,1.3478267097532106,1.0,100.72793287165736,100.76536613875852,100.7096117527599,100.75,0.021358764391784853,0.019385410953974322,0.006739133548766053,0.005,100.70657410726557,100.74598072780455,100.70287261921113,100.745,100.74929163604915,100.7847515497125,100.71635088630866,100.755,100.71635088630866,100.74598072780455,0.029629841495889764,0.0002940927195621813,BND,SPAB,2025-09-16,False,4242.0,3850.0,1338.0,993.0,0.0,0.0,0.0,0.0,,,0.0,0.0,0.0,False,False,False,-0.0,,,0.0,0.0,0.0,0.0,0.0,0.0,0.0,0.0,0.0,0.0,0.0,0.0,0.0,0.0,0.0,0.0,0.0,0.0,-0.0,-0.0,-0.0,-0.0,-0.0,-0.0,-0.0,-0.0,0.0,0.0,0.0,0.0,0.0,0.0,0.0,103.48000000001664
23.55,25.95,74.59,100.57,-0.029999999999997584,-0.03999999999999915,-0.12999999999999545,-0.18000000000000682,4.270488322717622,3.8755298651252406,1.34830406220673,1.0,4.272191409310414,3.8769421128927943,1.348043431467293,1.0,4.272121922993902,3.877157786012939,1.3479631610423832,1.0,100.6084712865064,100.61224454703577,100.54457218215137,100.57,0.021360609614969512,0.019385788930064696,0.006739815805211916,0.005,100.58711067689143,100.5928587581057,100.53783236634615,100.565,100.62983189612137,100.63163033596584,100.55131199795659,100.57499999999999,100.55131199795659,100.5928587581057,0.04154676014911729,0.00041311285819943614,BND,SPAB,2025-09-17,False,4246.0,3854.0,1340.0,994.0,0.0,0.0,0.0,0.0,,,0.0,0.0,-0.0,False,False,False,0.0,,,0.0,0.0,0.0,0.0,0.0,0.0,0.0,0.0,0.0,0.0,0.0,0.0,0.0,0.0,0.0,0.0,0.0,0.0,-0.0,-0.0,-0.0,-0.0,-0.0,-0.0,-0.0,-0.0,0.0,-0.0,-0.0,-0.0,-0.0,0.0,0.0,103.48000000001664
23.48,25.88,74.4,100.29,-0.07000000000000028,-0.07000000000000028,-0.18999999999999773,-0.2799999999999869,4.271294718909711,3.8751931993817625,1.3479838709677419,1.0,4.271907753788258,3.876645161908433,1.348060974408223,1.0,4.272191409310414,3.8769421128927943,1.348043431467293,1.0,100.31105429060852,100.33526188166552,100.29443130116661,100.29,0.02136095704655207,0.01938471056446397,0.006740217157336466,0.005,100.28969333356197,100.31587717110105,100.28769108400927,100.28500000000001,100.33241524765508,100.35464659222998,100.30117151832395,100.295,100.295,100.31587717110105,0.020877171101048475,0.000208168023741634,AGG,SPAB,2025-09-18,False,4259.0,3865.0,1344.0,997.0,0.0,0.0,0.0,0.0,,,0.0,0.0,0.0,False,False,False,-0.0,,,0.0,0.0,0.0,0.0,0.0,0.0,0.0,0.0,0.0,0.0,0.0,0.0,0.0,0.0,0.0,0.0,0.0,0.0,-0.0,-0.0,-0.0,-0.0,-0.0,-0.0,-0.0,-0.0,0.0,-0.0,-0.0,-0.0,-0.0,0.0,0.0,103.48000000001664
23.47,25.87,74.43,100.29,-0.010000000000001563,-0.00999999999999801,0.030000000000001137,0.0,4.273114614401364,3.8766911480479322,1.347440548166062,1.0,4.271989168280038,3.8766303107953326,1.348026518385998,1.0,4.271907753788258,3.876645161908433,1.348060974408223,1.0,100.26167498141041,100.28881033857115,100.33617832520405,100.29,0.02135953876894129,0.019383225809542163,0.0067403048720411154,0.005,100.24031544264146,100.2694271127616,100.329438020332,100.28500000000001,100.28303452017936,100.3081935643807,100.34291863007608,100.295,100.28303452017936,100.329438020332,0.04640350015264971,0.00046269319127180885,SCHZ,BND,2025-09-19,False,4259.0,3865.0,1344.0,997.0,0.0,0.0,0.0,0.0,,,0.0,0.0,-0.0,False,False,False,0.0,,,0.0,0.0,0.0,0.0,0.0,0.0,0.0,0.0,0.0,0.0,0.0,0.0,0.0,0.0,0.0,0.0,0.0,0.0,-0.0,-0.0,-0.0,-0.0,-0.0,-0.0,-0.0,-0.0,0.0,-0.0,-0.0,0.0,0.0,0.0,0.0,103.48000000001664
23.45,25.83,74.29,100.17,-0.019999999999999574,-0.0400000000000027,-0.14000000000000057,-0.12000000000000455,4.271641791044776,3.878048780487805,1.3483645174316865,1.0,4.271930888856231,3.8767856326881884,1.3480622722362663,1.0,4.271989168280038,3.8766303107953326,1.348026518385998,1.0,100.17814599616689,100.13336092784344,100.14489005089581,100.17,0.02135994584140019,0.019383151553976664,0.0067401325919299905,0.005,100.1567860503255,100.11397777628946,100.13814991830388,100.165,100.19950594200829,100.15274407939742,100.15163018348774,100.175,100.15163018348774,100.165,0.013369816512266652,0.00013347126397391087,BND,AGG,2025-09-22,False,4263.0,3869.0,1345.0,998.0,0.0,0.0,0.0,0.0,,,0.0,0.0,0.0,False,True,False,0.0,,,0.0,0.0,0.0,0.0,0.0,0.0,0.0,0.0,0.0,0.0,0.0,0.0,0.0,0.0,0.0,0.0,0.0,0.0,-0.0,-0.0,-0.0,-0.0,-0.0,-0.0,-0.0,-0.0,0.0,-0.0,-0.0,-0.0,-0.0,0.0,0.0,103.48000000001664
23.49,25.88,74.44,100.33,0.03999999999999915,0.05000000000000071,0.14999999999999147,0.1599999999999966,4.271179225202214,3.876738794435858,1.3477968833960237,1.0,4.271950387857065,3.876683883505082,1.3480564287754115,1.0,4.271930888856231,3.8767856326881884,1.3480622722362663,1.0,100.34765657923285,100.33121217397031,100.34975554526766,100.33,0.021359654444281152,0.019383928163440943,0.006740311361181332,0.005,100.32629692478856,100.31182824580688,100.34301523390647,100.325,100.36901623367713,100.35059610213375,100.35649585662884,100.335,100.335,100.34301523390647,0.008015233906476738,7.988870633386561e-05,AGG,BND,2025-09-23,False,4259.0,3865.0,1344.0,997.0,0.0,0.0,0.0,0.0,,,0.0,0.0,0.0,False,True,False,0.0,,,0.0,0.0,0.0,0.0,0.0,0.0,0.0,0.0,0.0,0.0,0.0,0.0,0.0,0.0,0.0,0.0,0.0,0.0,-0.0,-0.0,-0.0,-0.0,-0.0,-0.0,-0.0,-0.0,0.0,0.0,0.0,0.0,0.0,0.0,0.0,103.48000000001664
23.44,25.83,74.29,100.14,-0.04999999999999716,-0.05000000000000071,-0.14999999999999147,-0.18999999999999773,4.272184300341297,3.8768873403019746,1.3479606945753129,1.0,4.272128001564664,3.876573389736052,1.348033706286634,1.0,4.271950387857065,3.876683883505082,1.3480564287754115,1.0,100.13451709136962,100.13474471093626,100.14711209372533,100.14,0.021359751939285326,0.01938341941752541,0.006740282143877058,0.005,100.11315733943033,100.11536129151874,100.14037181158145,100.135,100.1558768433089,100.15412813035378,100.1538523758692,100.145,100.145,100.14037181158145,-0.004628188418550394,-4.6217180133317294e-05,AGG,BND,2025-09-24,False,4268.0,3873.0,1347.0,999.0,0.0,0.0,0.0,0.0,,,0.0,0.0,0.0,False,True,False,0.0,,,0.0,0.0,0.0,0.0,0.0,0.0,0.0,0.0,0.0,0.0,0.0,0.0,0.0,0.0,0.0,0.0,0.0,0.0,-0.0,-0.0,-0.0,-0.0,-0.0,-0.0,-0.0,-0.0,0.0,-0.0,-0.0,-0.0,-0.0,0.0,0.0,103.48000000001664
23.41,25.81,74.21,100.0,-0.030000000000001137,-0.019999999999999574,-0.0800000000000125,-0.14000000000000057,4.271678769756514,3.874467260751647,1.3475272874275706,1.0,4.27199226919849,3.8765345555493758,1.3480020792833425,1.0,4.272128001564664,3.876573389736052,1.348033706286634,1.0,100.0105165166288,100.05435918908749,100.0375813435311,100.0,0.021360640007823322,0.01938286694868026,0.00674016853143317,0.005,99.98915587662097,100.03497632213882,100.03084117499967,99.995,100.03187715663663,100.07374205603617,100.04432151206254,100.005,100.005,100.03497632213882,0.029976322138821843,0.00029976322138821845,AGG,SPAB,2025-09-25,False,4272.0,3877.0,1348.0,1000.0,0.0,0.0,0.0,0.0,,,0.0,0.0,0.0,False,False,False,-0.0,,,0.0,0.0,0.0,0.0,0.0,0.0,0.0,0.0,0.0,0.0,0.0,0.0,0.0,0.0,0.0,0.0,0.0,0.0,-0.0,-0.0,-0.0,-0.0,-0.0,-0.0,-0.0,-0.0,0.0,-0.0,-0.0,-0.0,-0.0,0.0,0.0,103.48000000001664
23.42,25.81,74.21,100.07,0.010000000000001563,0.0,0.0,0.06999999999999318,4.2728437233134064,3.8771793878341727,1.3484705565287698,1.0,4.271810655135273,3.87651628145196,1.3480227972669154,1.0,4.27199226919849,3.8765345555493758,1.3480020792833425,1.0,100.05005894462865,100.05335687872939,100.03523430361683,100.07,0.02135996134599245,0.01938267277774688,0.006740010396416712,0.005,100.02869898328265,100.03397420595164,100.02849429322042,100.065,100.07141890597464,100.07273955150714,100.04197431401325,100.07499999999999,100.04197431401325,100.065,0.023025685986752364,0.00023009579281255488,BND,AGG,2025-09-26,False,4268.0,3873.0,1347.0,999.0,0.0,0.0,0.0,0.0,,,0.0,0.0,-0.0,False,False,False,0.0,,,0.0,0.0,0.0,0.0,0.0,0.0,0.0,0.0,0.0,0.0,0.0,0.0,0.0,0.0,0.0,0.0,0.0,0.0,-0.0,-0.0,-0.0,-0.0,-0.0,-0.0,-0.0,-0.0,0.0,0.0,0.0,0.0,0.0,0.0,0.0,103.48000000001664
23.48,25.87,74.4,100.26,0.05999999999999872,0.060000000000002274,0.19000000000001194,0.19000000000001194,4.270017035775128,3.875531503672207,1.3475806451612904,1.0,4.271713122071564,3.8762758238099395,1.3479796303548555,1.0,4.271810655135273,3.87651628145196,1.3480227972669154,1.0,100.3021141825762,100.28547620116221,100.29289611665851,100.26,0.021359053275676363,0.0193825814072598,0.006740113986334577,0.005,100.28075512930053,100.26609361975495,100.28615600267217,100.25500000000001,100.32347323585188,100.30485878256947,100.29963623064485,100.265,100.265,100.28615600267217,0.021156002672171326,0.00021101139708928112,AGG,BND,2025-09-29,False,4259.0,3865.0,1344.0,997.0,0.0,0.0,0.0,0.0,,,0.0,0.0,0.0,False,False,False,-0.0,,,0.0,0.0,0.0,0.0,0.0,0.0,0.0,0.0,0.0,0.0,0.0,0.0,0.0,0.0,0.0,0.0,0.0,0.0,-0.0,-0.0,-0.0,-0.0,-0.0,-0.0,-0.0,-0.0,0.0,0.0,0.0,0.0,0.0,0.0,0.0,103.48000000001664
23.47,25.85,74.37,100.25,-0.010000000000001563,-0.019999999999999574,-0.030000000000001137,-0.010000000000005116,4.271410311035364,3.8781431334622822,1.3479897808256016,1.0,4.27158528124974,3.8764410413500885,1.3479418846686788,1.0,4.271713122071564,3.8762758238099395,1.3479796303548555,1.0,100.2571069750196,100.20173004548694,100.2492451094906,100.25,0.02135856561035782,0.019381379119049698,0.006739898151774277,0.005,100.23574840940924,100.18234866636789,100.24250521133882,100.245,100.27846554062995,100.221111424606,100.25598500764238,100.255,100.221111424606,100.245,0.023888575394011013,0.0002382900288679403,SPAB,AGG,2025-09-30,False,4263.0,3869.0,1345.0,998.0,0.0,0.0,0.0,0.0,,,0.0,0.0,-0.0,False,False,False,0.0,,,0.0,0.0,0.0,0.0,0.0,0.0,0.0,0.0,0.0,0.0,0.0,0.0,0.0,0.0,0.0,0.0,0.0,0.0,-0.0,-0.0,-0.0,-0.0,-0.0,-0.0,-0.0,-0.0,0.0,-0.0,-0.0,-0.0,-0.0,0.0,0.0,103.48000000001664
23.45,25.84,74.32,100.18,-0.019999999999999574,-0.010000000000001563,-0.05000000000001137,-0.06999999999999318,4.272068230277186,3.876934984520124,1.3479547900968787,1.0,4.271743272005696,3.8765815532895767,1.3479069574576938,1.0,4.27158528124974,3.8764410413500885,1.3479418846686788,1.0,100.1686748453064,100.16723650848628,100.1790408685762,100.18,0.0213579264062487,0.019382205206750443,0.006739709423343394,0.005,100.14731691890015,100.14785430327953,100.17230115915285,100.17500000000001,100.19003277171265,100.18661871369304,100.18578057799954,100.185,100.185,100.17500000000001,-0.009999999999990905,-9.982032341775708e-05,AGG,AGG,2025-10-01,True,4263.0,3869.0,1345.0,998.0,0.0,0.0,0.0,0.0,,,0.0,0.0,0.0,False,True,False,0.0,,,0.0,0.0,0.0,0.0,0.0,0.0,0.0,0.0,0.0,0.0,0.0,0.0,0.0,0.0,0.0,0.0,0.0,0.0,-0.0,-0.0,-0.0,-0.0,-0.0,-0.0,-0.0,-0.0,0.0,-0.0,-0.0,-0.0,-0.0,0.0,0.0,103.48000000001664
23.48,25.86,74.4,100.29,0.030000000000001137,0.019999999999999574,0.0800000000000125,0.10999999999999943,4.271294718909711,3.878190255220418,1.3479838709677419,1.0,4.271743272005696,3.876881258873442,1.3479069574576938,1.0,4.271743272005696,3.8765815532895767,1.3479069574576938,1.0,100.30053202669374,100.24839896806844,100.28427763485243,100.29,0.02135871636002848,0.019382907766447882,0.006739534787288469,0.005,100.27917331033372,100.229016060302,100.27753810006514,100.28500000000001,100.32189074305377,100.26778187583488,100.29101716963972,100.295,100.26778187583488,100.28500000000001,0.017218124165125914,0.0001716833599075273,SPAB,AGG,2025-10-02,False,4259.0,3865.0,1344.0,997.0,0.0,0.0,0.0,0.0,,,0.0,0.0,0.0,False,True,True,0.0,,,0.0,0.0,0.0,0.0,0.0,0.0,0.0,0.0,0.0,0.0,0.0,0.0,0.0,0.0,0.0,0.0,0.0,0.0,-0.0,-0.0,-0.0,-0.0,-0.0,-0.0,-0.0,-0.0,0.0,0.0,0.0,0.0,0.0,0.0,0.0,103.48000000001664
23.45,25.84,74.31,100.18,-0.030000000000001137,-0.019999999999999574,-0.09000000000000341,-0.10999999999999943,4.272068230277186,3.876934984520124,1.348136186246804,1.0,4.2716386335932786,3.8769056425206614,1.347976521265768,1.0,4.271743272005696,3.876881258873442,1.3479069574576938,1.0,100.17237972853357,100.17861172928974,100.16296600868124,100.18,0.02135871636002848,0.01938440629436721,0.006739534787288469,0.005,100.15102101217354,100.15922732299538,100.15622647389395,100.17500000000001,100.1937384448936,100.1979961355841,100.16970554346852,100.185,100.16970554346852,100.17500000000001,0.005294456531487413,5.284943632948106e-05,BND,AGG,2025-10-03,False,4263.0,3869.0,1345.0,998.0,0.0,0.0,0.0,0.0,,,0.0,0.0,0.0,False,True,False,0.0,,,0.0,0.0,0.0,0.0,0.0,0.0,0.0,0.0,0.0,0.0,0.0,0.0,0.0,0.0,0.0,0.0,0.0,0.0,-0.0,-0.0,-0.0,-0.0,-0.0,-0.0,-0.0,-0.0,0.0,-0.0,-0.0,-0.0,-0.0,0.0,0.0,103.48000000001664
23.4,25.78,74.14,99.96,-0.05000000000000071,-0.05999999999999872,-0.1700000000000017,-0.22000000000001307,4.271794871794872,3.877424359968968,1.3482600485567844,1.0,4.271653941668288,3.8768432004687776,1.3479660743782778,1.0,4.2716386335932786,3.8769056425206614,1.347976521265768,1.0,99.95634402608272,99.94662746418265,99.93897928664404,99.96,0.021358193167966392,0.019384528212603308,0.0067398826063288396,0.005,99.93498583291475,99.92724293597006,99.93223940403772,99.955,99.97770221925069,99.96601199239525,99.94571916925037,99.96499999999999,99.94571916925037,99.955,0.009280830749631264,9.284544567458248e-05,BND,AGG,2025-10-06,False,4272.0,3877.0,1348.0,1000.0,0.0,0.0,0.0,0.0,,,0.0,0.0,0.0,False,True,False,0.0,,,0.0,0.0,0.0,0.0,0.0,0.0,0.0,0.0,0.0,0.0,0.0,0.0,0.0,0.0,0.0,0.0,0.0,0.0,-0.0,-0.0,-0.0,-0.0,-0.0,-0.0,-0.0,-0.0,0.0,-0.0,-0.0,-0.0,-0.0,0.0,0.0,103.48000000001664
23.44,25.83,74.28,100.13,0.0400000000000027,0.04999999999999716,0.14000000000000057,0.1700000000000017,4.271757679180887,3.8765001935733645,1.3480075390414648,1.0,4.271711787066155,3.8768193403825277,1.347987139942822,1.0,4.271653941668288,3.8768432004687776,1.3479660743782778,1.0,100.12756839270467,100.13885986810853,100.12692000481847,100.13,0.02135826970834144,0.019384216002343888,0.006739830371891389,0.005,100.10621012299633,100.11947565210617,100.12018017444659,100.125,100.14892666241302,100.15824408411088,100.13365983519036,100.13499999999999,100.13365983519036,100.125,-0.008659835190357512,-8.648592020730563e-05,BND,AGG,2025-10-07,False,4267.0,3873.0,1347.0,999.0,0.0,0.0,0.0,0.0,,,0.0,0.0,0.0,False,True,False,0.0,,,0.0,0.0,0.0,0.0,0.0,0.0,0.0,0.0,0.0,0.0,0.0,0.0,0.0,0.0,0.0,0.0,0.0,0.0,-0.0,-0.0,-0.0,-0.0,-0.0,-0.0,-0.0,-0.0,0.0,0.0,0.0,0.0,0.0,0.0,0.0,103.48000000001664
23.44,25.83,74.28,100.14,0.0,0.0,0.0,0.010000000000005116,4.272184300341297,3.8768873403019746,1.3481421647819063,1.0,4.271711787066154,3.8768193403825277,1.3480052869634813,1.0,4.271711787066155,3.8768193403825277,1.347987139942822,1.0,100.12892428883069,100.13824356208069,100.12848475495282,100.14,0.021358558935330778,0.01938409670191264,0.00673993569971411,0.005,100.10756572989536,100.11885946537878,100.12174481925311,100.135,100.15028284776602,100.1576276587826,100.13522469065254,100.145,100.13522469065254,100.135,-0.00022469065253005738,-2.243765253945051e-06,BND,AGG,2025-10-08,False,4267.0,3873.0,1347.0,999.0,0.0,0.0,0.0,0.0,,,0.0,0.0,0.0,False,True,False,0.0,,,0.0,0.0,0.0,0.0,0.0,0.0,0.0,0.0,0.0,0.0,0.0,0.0,0.0,0.0,0.0,0.0,0.0,0.0,-0.0,-0.0,-0.0,-0.0,-0.0,-0.0,-0.0,-0.0,0.0,0.0,0.0,0.0,0.0,0.0,0.0,103.48000000001664
23.42,25.81,74.23,100.02,-0.019999999999999574,-0.019999999999999574,-0.04999999999999716,-0.12000000000000455,4.270708795900939,3.875242154203797,1.3474336521621983,1.0,4.271614789680598,3.8768968297277433,1.347995923436944,1.0,4.271711787066154,3.8768193403825277,1.3480052869634813,1.0,100.04349005308934,100.06070717527304,100.06243245129923,100.02,0.02135855893533077,0.01938409670191264,0.0067400264348174066,0.005,100.02213149415401,100.04132307857112,100.05569242486442,100.015,100.06484861202468,100.08009127197495,100.06917247773404,100.02499999999999,100.02499999999999,100.05569242486442,0.03069242486442647,0.0003068628760690509,AGG,BND,2025-10-09,False,4272.0,3877.0,1348.0,1000.0,0.0,0.0,0.0,0.0,,,0.0,0.0,0.0,False,False,False,-0.0,,,0.0,0.0,0.0,0.0,0.0,0.0,0.0,0.0,0.0,0.0,0.0,0.0,0.0,0.0,0.0,0.0,0.0,0.0,-0.0,-0.0,-0.0,-0.0,-0.0,-0.0,-0.0,-0.0,0.0,-0.0,-0.0,-0.0,-0.0,0.0,0.0,103.48000000001664
23.51,25.92,74.52,100.43,0.08999999999999986,0.11000000000000298,0.28999999999999204,0.4100000000000108,4.271799234368354,3.8746141975308643,1.3476918947933443,1.0,4.271510340786092,3.8766403106974123,1.3479180572634015,1.0,4.271614789680598,3.8768968297277433,1.347995923436944,1.0,100.42566370539086,100.48916582654311,100.45265621452107,100.43,0.02135807394840299,0.019384484148638716,0.00673997961718472,0.005,100.40430563144245,100.46978134239447,100.44591623490389,100.42500000000001,100.44702177933927,100.50855031069176,100.45939619413825,100.435,100.435,100.46978134239447,0.034781342394467174,0.00034632422975671784,AGG,SPAB,2025-10-10,False,4255.0,3861.0,1343.0,996.0,0.0,0.0,0.0,0.0,,,0.0,0.0,-0.0,False,False,False,0.0,,,0.0,0.0,0.0,0.0,0.0,0.0,0.0,0.0,0.0,0.0,0.0,0.0,0.0,0.0,0.0,0.0,0.0,0.0,-0.0,-0.0,-0.0,-0.0,-0.0,-0.0,-0.0,-0.0,0.0,0.0,0.0,0.0,0.0,0.0,0.0,103.48000000001664
23.54,25.95,74.64,100.62,0.029999999999997584,0.029999999999997584,0.12000000000000455,0.18999999999999773,4.274426508071368,3.8774566473988443,1.3480707395498392,1.0,4.271951288015716,3.876832825070076,1.3479670667022563,1.0,4.271510340786092,3.8766403106974123,1.3479180572634015,1.0,100.5513534221046,100.59881606259785,100.6086037941403,100.62,0.02135755170393046,0.01938320155348706,0.006739590286317008,0.005,100.52999587040067,100.57943286104437,100.60186420385398,100.61500000000001,100.57271097380853,100.61819926415133,100.61534338442661,100.625,100.57271097380853,100.61500000000001,0.042289026191483,0.00042028449802706223,SCHZ,AGG,2025-10-13,False,4246.0,3853.0,1340.0,994.0,0.0,0.0,0.0,0.0,,,0.0,0.0,0.0,False,False,False,-0.0,,,0.0,0.0,0.0,0.0,0.0,0.0,0.0,0.0,0.0,0.0,0.0,0.0,0.0,0.0,0.0,0.0,0.0,0.0,-0.0,-0.0,-0.0,-0.0,-0.0,-0.0,-0.0,-0.0,0.0,0.0,0.0,0.0,0.0,0.0,0.0,103.48000000001664
23.57,25.98,74.75,100.78,0.030000000000001137,0.030000000000001137,0.10999999999999943,0.1599999999999966,4.27577428935087,3.8791377983063895,1.348227424749164,1.0,4.272387685847266,3.876932291554487,1.3479908310946125,1.0,4.271951288015716,3.876832825070076,1.3479670667022563,1.0,100.68989185853042,100.72011679532058,100.76053823599366,100.78,0.02135975644007858,0.01938416412535038,0.0067398353335112815,0.005,100.66853210209034,100.70073263119522,100.75379840066016,100.775,100.7112516149705,100.73950095944593,100.76727807132717,100.785,100.7112516149705,100.775,0.06374838502951263,0.0006325499606024274,SCHZ,AGG,2025-10-14,False,4238.0,3846.0,1337.0,992.0,0.0,0.0,0.0,0.0,,,0.0,0.0,-0.0,False,False,False,0.0,,,0.0,0.0,0.0,0.0,0.0,0.0,0.0,0.0,0.0,0.0,0.0,0.0,0.0,0.0,0.0,0.0,0.0,0.0,-0.0,-0.0,-0.0,-0.0,-0.0,-0.0,-0.0,-0.0,0.0,0.0,0.0,0.0,0.0,0.0,0.0,103.48000000001664
23.58,25.98,74.7,100.74,0.00999999999999801,0.0,-0.04999999999999716,-0.04000000000000625,4.2722646310432575,3.877598152424942,1.34859437751004,1.0,4.272407325923874,3.876998608344968,1.3480547898359287,1.0,4.272387685847266,3.876932291554487,1.3479908310946125,1.0,100.74290163227853,100.72270093458557,100.69491508276755,100.74,0.02136193842923633,0.019384661457772435,0.006739954155473063,0.005,100.7215396938493,100.7033162731278,100.68817512861207,100.735,100.76426357070777,100.74208559604335,100.70165503692303,100.74499999999999,100.70165503692303,100.735,0.03334496307697066,0.00033100022907455487,BND,AGG,2025-10-15,False,4242.0,3850.0,1339.0,993.0,0.0,0.0,0.0,0.0,,,0.0,0.0,0.0,False,False,False,-0.0,,,0.0,0.0,0.0,0.0,0.0,0.0,0.0,0.0,0.0,0.0,0.0,0.0,0.0,0.0,0.0,0.0,0.0,0.0,-0.0,-0.0,-0.0,-0.0,-0.0,-0.0,-0.0,-0.0,0.0,0.0,0.0,-0.0,-0.0,0.0,0.0,103.48000000001664
23.66,26.07,74.98,101.1,0.08000000000000185,0.08999999999999986,0.28000000000000114,0.35999999999999943,4.273034657650042,3.878020713463751,1.348359562550013,1.0,4.272581319797907,3.8769816541693016,1.3480923589941558,1.0,4.272407325923874,3.876998608344968,1.3480547898359287,1.0,101.08515733135886,101.07335371955332,101.07714814189794,101.1,0.02136203662961937,0.019384993041724842,0.0067402739491796435,0.005,101.06379529472923,101.0539687265116,101.07040786794876,101.095,101.10651936798848,101.09273871259505,101.08388841584711,101.10499999999999,101.08388841584711,101.095,0.011111584152885712,0.00010990686600282604,BND,AGG,2025-10-16,False,4225.0,3834.0,1333.0,989.0,0.0,0.0,0.0,0.0,,,0.0,0.0,-0.0,False,True,False,0.0,,,0.0,0.0,0.0,0.0,0.0,0.0,0.0,0.0,0.0,0.0,0.0,0.0,0.0,0.0,0.0,0.0,0.0,0.0,-0.0,-0.0,-0.0,-0.0,-0.0,-0.0,-0.0,-0.0,0.0,0.0,0.0,0.0,0.0,0.0,0.0,103.48000000001664
23.63,26.04,74.88,100.96,-0.030000000000001137,-0.030000000000001137,-0.10000000000000853,-0.14000000000000057,4.272534913245874,3.877112135176651,1.3482905982905984,1.0,4.272627988094776,3.876999369234955,1.3481078001985352,1.0,4.272581319797907,3.8769816541693016,1.3480923589941558,1.0,100.96109658682454,100.95660227456861,100.94515584148238,100.96,0.021362906598989536,0.019384908270846508,0.006740461794970779,0.005,100.93973368022554,100.93721736629776,100.9384153796874,100.955,100.98245949342353,100.97598718283946,100.95189630327735,100.96499999999999,100.95189630327735,100.955,0.003103696722646987,3.074184550957792e-05,BND,AGG,2025-10-17,False,4230.0,3838.0,1335.0,990.0,0.0,0.0,0.0,0.0,,,0.0,0.0,0.0,False,True,False,0.0,,,0.0,0.0,0.0,0.0,0.0,0.0,0.0,0.0,0.0,0.0,0.0,0.0,0.0,0.0,0.0,0.0,0.0,0.0,-0.0,-0.0,-0.0,-0.0,-0.0,-0.0,-0.0,-0.0,0.0,-0.0,-0.0,-0.0,-0.0,0.0,0.0,103.48000000001664
23.66,26.07,74.98,101.13,0.030000000000001137,0.030000000000001137,0.10000000000000853,0.1700000000000017,4.274302620456466,3.879171461449942,1.3487596692451318,1.0,4.272878762960935,3.8771740793830523,1.3481577622673702,1.0,4.272627988094776,3.876999369234955,1.3481078001985352,1.0,101.0903781983224,101.07337355595529,101.08112285888618,101.13,0.02136313994047388,0.019384996846174778,0.006740539000992676,0.005,101.06901505838192,101.05398855910911,101.07438231988519,101.125,101.11174133826287,101.09275855280146,101.08786339788716,101.13499999999999,101.08786339788716,101.125,0.03713660211283809,0.000367216474961318,BND,AGG,2025-10-20,False,4226.0,3834.0,1333.0,989.0,0.0,0.0,0.0,0.0,,,0.0,0.0,0.0,False,False,False,-0.0,,,0.0,0.0,0.0,0.0,0.0,0.0,0.0,0.0,0.0,0.0,0.0,0.0,0.0,0.0,0.0,0.0,0.0,0.0,-0.0,-0.0,-0.0,-0.0,-0.0,-0.0,-0.0,-0.0,0.0,0.0,0.0,0.0,0.0,0.0,0.0,103.48000000001664
23.69,26.1,75.07,101.23,0.030000000000001137,0.030000000000001137,0.0899999999999892,0.10000000000000853,4.2731110173068805,3.878544061302682,1.3484747568935662,1.0,4.273014096773535,3.877378466155984,1.3482044840525802,1.0,4.272878762960935,3.8771740793830523,1.3481577622673702,1.0,101.22449789454456,101.19424347189766,101.20620321341147,101.23,0.021364393814804674,0.01938587039691526,0.006740788811336851,0.005,101.20313350072975,101.17485760150075,101.19946242460013,101.22500000000001,101.24586228835936,101.21362934229458,101.21294400222281,101.235,101.21294400222281,101.22500000000001,0.012055997777196126,0.00011909510794424702,BND,AGG,2025-10-21,False,4222.0,3831.0,1332.0,988.0,0.0,0.0,0.0,0.0,,,0.0,0.0,-0.0,False,True,False,0.0,,,0.0,0.0,0.0,0.0,0.0,0.0,0.0,0.0,0.0,0.0,0.0,0.0,0.0,0.0,0.0,0.0,0.0,0.0,-0.0,-0.0,-0.0,-0.0,-0.0,-0.0,-0.0,-0.0,0.0,0.0,0.0,0.0,0.0,0.0,0.0,103.48000000001664
23.7,26.12,75.07,101.22,0.00999999999999801,0.019999999999999574,0.0,-0.010000000000005116,4.270886075949367,3.8751914241960184,1.3483415478886374,1.0,4.272884274334342,3.8772088745453885,1.3482244223632533,1.0,4.273014096773535,3.877378466155984,1.3482044840525802,1.0,101.27043409353277,101.2771255359943,101.20971061782718,101.22,0.021365070483867675,0.01938689233077992,0.006741022420262901,0.005,101.2490690230489,101.25773864366352,101.20296959540693,101.215,101.29179916401664,101.29651242832509,101.21645164024744,101.225,101.21645164024744,101.25773864366352,0.041287003416073276,0.0004078937306468413,BND,SPAB,2025-10-22,False,4222.0,3831.0,1332.0,988.0,0.0,0.0,0.0,0.0,,,0.0,0.0,0.0,False,False,False,-0.0,,,0.0,0.0,0.0,0.0,0.0,0.0,0.0,0.0,0.0,0.0,0.0,0.0,0.0,0.0,0.0,0.0,0.0,0.0,-0.0,-0.0,-0.0,-0.0,-0.0,-0.0,-0.0,-0.0,0.0,0.0,0.0,0.0,-0.0,0.0,0.0,103.48000000001664
23.65,26.06,74.92,101.04,-0.05000000000000071,-0.060000000000002274,-0.14999999999999147,-0.1799999999999926,4.272304439746301,3.8772064466615506,1.3486385477843033,1.0,4.273043838718878,3.8774053037911633,1.3483449119254636,1.0,4.272884274334342,3.8772088745453885,1.3482244223632533,1.0,101.05371308800719,101.04006327065282,101.00897372345494,101.04,0.021364421371671712,0.019386044372726945,0.006741122111816267,0.005,101.03234866663551,101.0206772262801,101.00223260134312,101.03500000000001,101.07507750937886,101.05944931502555,101.01571484556676,101.045,101.01571484556676,101.03500000000001,0.019285154433248408,0.00019086653239557013,BND,AGG,2025-10-23,False,4230.0,3838.0,1335.0,990.0,0.0,0.0,0.0,0.0,,,0.0,0.0,-0.0,False,True,False,0.0,,,0.0,0.0,0.0,0.0,0.0,0.0,0.0,0.0,0.0,0.0,0.0,0.0,0.0,0.0,0.0,0.0,0.0,0.0,-0.0,-0.0,-0.0,-0.0,-0.0,-0.0,-0.0,-0.0,0.0,-0.0,-0.0,-0.0,-0.0,0.0,0.0,103.48000000001664
23.67,26.08,75.02,101.14,0.020000000000003126,0.019999999999999574,0.09999999999999432,0.09999999999999432,4.272919307139839,3.878067484662577,1.3481738203145828,1.0,4.273155845996026,3.877750632504335,1.3483931044775876,1.0,4.273043838718878,3.8774053037911633,1.3483449119254636,1.0,101.14294766247585,101.12273032287354,101.15283529264828,101.14,0.02136521919359439,0.019387026518955817,0.006741724559627318,0.005,101.12158244328225,101.10334329635458,101.14609356808865,101.135,101.16431288166945,101.14211734939249,101.15957701720791,101.145,101.14211734939249,101.14609356808865,0.0039762186961525,3.931400727854954e-05,SPAB,BND,2025-10-24,False,4226.0,3835.0,1334.0,989.0,0.0,0.0,0.0,0.0,,,0.0,0.0,0.0,False,True,False,0.0,,,0.0,0.0,0.0,0.0,0.0,0.0,0.0,0.0,0.0,0.0,0.0,0.0,0.0,0.0,0.0,0.0,0.0,0.0,-0.0,-0.0,-0.0,-0.0,-0.0,-0.0,-0.0,-0.0,0.0,0.0,0.0,0.0,0.0,0.0,0.0,103.48000000001664
23.68,26.11,75.06,101.21,0.00999999999999801,0.030000000000001137,0.04000000000000625,0.06999999999999318,4.274070945945946,3.8762926081960933,1.3483879563016252,1.0,4.273120289783484,3.8776342285840593,1.3484248261527663,1.0,4.273155845996026,3.877750632504335,1.3483931044775876,1.0,101.1883304331859,101.24806901468818,101.21038642208774,101.21,0.02136577922998013,0.019388753162521675,0.006741965522387938,0.005,101.16696465395592,101.22868026152567,101.20364445656534,101.205,101.20969621241588,101.2674577678507,101.21712838761013,101.21499999999999,101.20969621241588,101.22868026152567,0.01898404910978968,0.00018757088340865213,SCHZ,SPAB,2025-10-27,False,4222.0,3831.0,1332.0,988.0,0.0,0.0,0.0,0.0,,,0.0,0.0,0.0,False,True,False,0.0,,,0.0,0.0,0.0,0.0,0.0,0.0,0.0,0.0,0.0,0.0,0.0,0.0,0.0,0.0,0.0,0.0,0.0,0.0,-0.0,-0.0,-0.0,-0.0,-0.0,-0.0,-0.0,-0.0,0.0,0.0,0.0,0.0,0.0,0.0,0.0,103.48000000001664
23.69,26.11,75.1,101.27,0.010000000000001563,0.0,0.03999999999999204,0.060000000000002274,4.274799493457155,3.878590578322482,1.348468708388815,1.0,4.273022810194113,3.8775795065856693,1.3484489545167313,1.0,4.273120289783484,3.8776342285840593,1.3484248261527663,1.0,101.23021966497073,101.24502970832978,101.26670444407274,101.27,0.02136560144891742,0.019388171142920296,0.006742124130763832,0.005,101.20885406352181,101.22564153718686,101.25996231994198,101.265,101.25158526641965,101.2644178794727,101.27344656820351,101.27499999999999,101.25158526641965,101.265,0.013414733580347615,0.00013246502992344836,SCHZ,AGG,2025-10-28,False,4218.0,3827.0,1331.0,987.0,0.0,0.0,0.0,0.0,,,0.0,0.0,0.0,False,True,False,0.0,,,0.0,0.0,0.0,0.0,0.0,0.0,0.0,0.0,0.0,0.0,0.0,0.0,0.0,0.0,0.0,0.0,0.0,0.0,-0.0,-0.0,-0.0,-0.0,-0.0,-0.0,-0.0,-0.0,0.0,0.0,0.0,0.0,0.0,0.0,0.0,103.48000000001664
23.59,26.0,74.73,100.79,-0.10000000000000142,-0.10999999999999943,-0.36999999999999034,-0.47999999999998977,4.272573124205172,3.8765384615384617,1.3487220661046433,1.0,4.273053659510305,3.8774735374970204,1.3484617233761917,1.0,4.273022810194113,3.8775795065856693,1.3484489545167313,1.0,100.80060809247912,100.81706717122741,100.76959037103533,100.79,0.021365114050970566,0.01938789753292835,0.0067422447725836564,0.005,100.77924297842816,100.79767927369448,100.76284812626275,100.78500000000001,100.82197320653009,100.83645506876033,100.77633261580792,100.795,100.77633261580792,100.79767927369448,0.021346657886567755,0.00021179341091941416,BND,SPAB,2025-10-29,False,4239.0,3847.0,1338.0,992.0,0.0,0.0,0.0,0.0,,,0.0,0.0,0.0,False,False,False,-0.0,,,0.0,0.0,0.0,0.0,0.0,0.0,0.0,0.0,0.0,0.0,0.0,0.0,0.0,0.0,0.0,0.0,0.0,0.0,-0.0,-0.0,-0.0,-0.0,-0.0,-0.0,-0.0,-0.0,0.0,-0.0,-0.0,-0.0,-0.0,0.0,0.0,103.48000000001664
23.54,25.95,74.6,100.6,-0.05000000000000071,-0.05000000000000071,-0.13000000000000966,-0.19000000000001194,4.27357689039932,3.8766859344894025,1.3485254691689008,1.0,4.273107882785232,3.877340059599586,1.3484783140380805,1.0,4.273053659510305,3.8774735374970204,1.3484617233761917,1.0,100.58768314487257,100.62043829804767,100.5952445638639,100.6,0.021365268297551525,0.019387367687485103,0.0067423086168809584,0.005,100.56631787657501,100.60105093036019,100.58850225524702,100.595,100.60904841317013,100.63982566573516,100.60198687248078,100.60499999999999,100.60198687248078,100.60105093036019,-0.0009359421205914487,-9.303599608264897e-06,BND,SPAB,2025-10-30,False,4247.0,3854.0,1340.0,994.0,0.0,0.0,0.0,0.0,,,0.0,0.0,-0.0,False,True,False,0.0,,,0.0,0.0,0.0,0.0,0.0,0.0,0.0,0.0,0.0,0.0,0.0,0.0,0.0,0.0,0.0,0.0,0.0,0.0,-0.0,-0.0,-0.0,-0.0,-0.0,-0.0,-0.0,-0.0,0.0,-0.0,-0.0,-0.0,-0.0,0.0,0.0,103.48000000001664
23.53,25.94,74.58,100.54,-0.00999999999999801,-0.00999999999999801,-0.01999999999999602,-0.05999999999998806,4.272843178920527,3.875867386276022,1.3480825958702065,1.0,4.273138709352698,3.8772155847095227,1.3484575137960413,1.0,4.273107882785232,3.877340059599586,1.3484783140380805,1.0,100.54622848193651,100.57820114601327,100.56951266096004,100.54,0.02136553941392616,0.01938670029799793,0.006742391570190402,0.005,100.52486294252259,100.55881444571527,100.56277026938986,100.53500000000001,100.56759402135043,100.59758784631127,100.57625505253023,100.545,100.545,100.56277026938986,0.017770269389856708,0.00017674825333058192,AGG,BND,2025-10-31,False,4252.0,3858.0,1342.0,995.0,0.0,0.0,0.0,0.0,,,0.0,0.0,0.0,False,True,False,0.0,,,0.0,0.0,0.0,0.0,0.0,0.0,0.0,0.0,0.0,0.0,0.0,0.0,0.0,0.0,0.0,0.0,0.0,0.0,-0.0,-0.0,-0.0,-0.0,-0.0,-0.0,-0.0,-0.0,0.0,-0.0,-0.0,-0.0,-0.0,0.0,0.0,103.48000000001664
23.42,25.81,74.25,100.09,-0.10999999999999943,-0.13000000000000256,-0.3299999999999983,-0.45000000000000284,4.273697694278394,3.8779542812863235,1.348013468013468,1.0,4.27307821673489,3.877093866693161,1.3483828936728748,1.0,4.273138709352698,3.8772155847095227,1.3484575137960413,1.0,100.07690857304019,100.07093424135277,100.12297039935606,100.09,0.02136569354676349,0.019386077923547615,0.006742287568980206,0.005,100.05554287949342,100.05154816342923,100.11622811178708,100.08500000000001,100.09827426658696,100.09032031927632,100.12971268692505,100.095,100.09032031927632,100.11622811178708,0.025907792510764693,0.00025884496463947143,SPAB,BND,2025-11-03,True,4269.0,3873.0,1347.0,999.0,0.0,0.0,0.0,0.0,,,0.0,0.0,0.0,False,False,False,-0.0,,,0.0,0.0,0.0,0.0,0.0,0.0,0.0,0.0,0.0,0.0,0.0,0.0,0.0,0.0,0.0,0.0,0.0,0.0,-0.0,-0.0,-0.0,-0.0,-0.0,-0.0,-0.0,-0.0,0.0,-0.0,-0.0,-0.0,-0.0,0.0,0.0,103.48000000001664
23.44,25.85,74.29,100.14,0.019999999999999574,0.0400000000000027,0.04000000000000625,0.04999999999999716,4.272184300341297,3.873887814313346,1.3479606945753129,1.0,4.272985545038332,3.876628241994228,1.3483314874410495,1.0,4.27307821673489,3.877093866693161,1.3483828936728748,1.0,100.16095340026584,100.22287645401822,100.17136517095787,100.14,0.021365391083674454,0.019385469333465806,0.006741914468364374,0.005,100.13958800918216,100.20349098468475,100.1646232564895,100.135,100.18231879134952,100.24226192335169,100.17810708542623,100.145,100.145,100.20349098468475,0.058490984684752334,0.0005840921178824879,AGG,SPAB,2025-11-04,False,4269.0,3873.0,1347.0,999.0,0.0,0.0,0.0,0.0,,,0.0,0.0,-0.0,False,False,True,0.0,,,0.0,0.0,0.0,0.0,0.0,0.0,0.0,0.0,0.0,0.0,0.0,0.0,0.0,0.0,0.0,0.0,0.0,0.0,-0.0,-0.0,-0.0,-0.0,-0.0,-0.0,-0.0,-0.0,0.0,0.0,0.0,0.0,0.0,0.0,0.0,103.48000000001664
23.37,25.75,74.08,99.87,-0.07000000000000028,-0.10000000000000142,-0.21000000000000796,-0.269999999999996,4.2734274711168165,3.878446601941748,1.3481371490280778,1.0,4.273239684555077,3.8769537597688,1.3483110475549935,1.0,4.272985545038332,3.876628241994228,1.3483314874410495,1.0,99.85967218754583,99.82317723135137,99.88439658963294,99.87,0.02136492772519166,0.01938314120997114,0.0067416574372052476,0.005,99.83830725982064,99.8037940901414,99.87765493219574,99.86500000000001,99.88103711527101,99.84256037256134,99.89113824707015,99.875,99.84256037256134,99.87765493219574,0.03509455963440189,0.00035140241948935504,SPAB,BND,2025-11-05,False,4277.0,3881.0,1350.0,1001.0,0.0,0.0,0.0,0.0,,,0.0,0.0,0.0,False,False,False,-0.0,,,0.0,0.0,0.0,0.0,0.0,0.0,0.0,0.0,0.0,0.0,0.0,0.0,0.0,0.0,0.0,0.0,0.0,0.0,-0.0,-0.0,-0.0,-0.0,-0.0,-0.0,-0.0,-0.0,0.0,-0.0,-0.0,-0.0,-0.0,0.0,0.0,103.48000000001664
23.46,25.85,74.37,100.24,0.08999999999999986,0.10000000000000142,0.29000000000000625,0.36999999999999034,4.272804774083546,3.877756286266924,1.3478553180045716,1.0,4.273289717988801,3.8770087437293386,1.3482327245770205,1.0,4.273239684555077,3.8769537597688,1.3483110475549935,1.0,100.25020299966211,100.21925469002349,100.27389260666487,100.24,0.021366198422775384,0.019384768798844,0.006741555237774968,0.005,100.22883680123934,100.19986992122465,100.26715105142709,100.235,100.27156919808488,100.23863945882233,100.28063416190265,100.24499999999999,100.23863945882233,100.26715105142709,0.028511592604758107,0.00028443328616079515,SPAB,BND,2025-11-06,False,4265.0,3869.0,1346.0,998.0,0.0,0.0,0.0,0.0,,,0.0,0.0,-0.0,False,False,False,0.0,,,0.0,0.0,0.0,0.0,0.0,0.0,0.0,0.0,0.0,0.0,0.0,0.0,0.0,0.0,0.0,0.0,0.0,0.0,-0.0,-0.0,-0.0,-0.0,-0.0,-0.0,-0.0,-0.0,0.0,0.0,0.0,0.0,0.0,0.0,0.0,103.48000000001664
23.45,25.85,74.33,100.2,-0.010000000000001563,0.0,-0.04000000000000625,-0.03999999999999204,4.272921108742005,3.876208897485493,1.3480425131171803,1.0,4.273289898149018,3.8768228850116295,1.34821959385728,1.0,4.273289717988801,3.8770087437293386,1.3482327245770205,1.0,100.20864388683738,100.2206760254034,100.21413841780993,100.2,0.021366448589944007,0.019385043718646692,0.0067411636228851025,0.005,100.18727743824743,100.20129098168476,100.20739725418704,100.19500000000001,100.23001033542732,100.24006106912205,100.22087958143283,100.205,100.205,100.20739725418704,0.0023972541870449504,2.3924692485478546e-05,AGG,BND,2025-11-07,False,4265.0,3869.0,1346.0,998.0,0.0,0.0,0.0,0.0,,,0.0,0.0,0.0,False,True,False,0.0,,,0.0,0.0,0.0,0.0,0.0,0.0,0.0,0.0,0.0,0.0,0.0,0.0,0.0,0.0,0.0,0.0,0.0,0.0,-0.0,-0.0,-0.0,-0.0,-0.0,-0.0,-0.0,-0.0,0.0,-0.0,0.0,-0.0,-0.0,0.0,0.0,103.48000000001664
23.44,25.84,74.31,100.16,-0.00999999999999801,-0.010000000000001563,-0.01999999999999602,-0.04000000000000625,4.273037542662116,3.876160990712074,1.347867043466559,1.0,4.273186557820635,3.8768097232632277,1.3481675025737734,1.0,4.273289898149018,3.8768228850116295,1.34821959385728,1.0,100.165915212613,100.17710334870051,100.18619801953449,100.16,0.021366449490745093,0.01938411442505815,0.006741097969286401,0.005,100.14454876312226,100.15771923427546,100.1794569215652,100.155,100.18728166210374,100.19648746312556,100.19293911750377,100.16499999999999,100.16499999999999,100.1794569215652,0.01445692156521261,0.0001443382744130652,AGG,BND,2025-11-10,False,4265.0,3869.0,1346.0,998.0,0.0,0.0,0.0,0.0,,,0.0,0.0,0.0,False,True,False,0.0,,,0.0,0.0,0.0,0.0,0.0,0.0,0.0,0.0,0.0,0.0,0.0,0.0,0.0,0.0,0.0,0.0,0.0,0.0,-0.0,-0.0,-0.0,-0.0,-0.0,-0.0,-0.0,-0.0,0.0,-0.0,-0.0,-0.0,-0.0,0.0,0.0,103.48000000001664
23.5,25.91,74.52,100.46,0.05999999999999872,0.07000000000000028,0.20999999999999375,0.29999999999999716,4.274893617021276,3.877267464299498,1.348094471282877,1.0,4.273195970177047,3.8766774118609293,1.3481300788631798,1.0,4.273186557820635,3.8768097232632277,1.3481675025737734,1.0,100.41988410878493,100.44813992975023,100.46544229179759,100.46,0.021365932789103176,0.019384048616316138,0.006740837512868867,0.005,100.39851817599582,100.42875588113391,100.45870145428472,100.455,100.44125004157404,100.46752397836654,100.47218312931045,100.46499999999999,100.44125004157404,100.45870145428472,0.017451412710684622,0.00017371503793235738,SCHZ,BND,2025-11-11,False,4252.0,3857.0,1341.0,995.0,0.0,0.0,0.0,0.0,,,0.0,0.0,0.0,False,True,False,0.0,,,0.0,0.0,0.0,0.0,0.0,0.0,0.0,0.0,0.0,0.0,0.0,0.0,0.0,0.0,0.0,0.0,0.0,0.0,-0.0,-0.0,-0.0,-0.0,-0.0,-0.0,-0.0,-0.0,0.0,0.0,0.0,0.0,0.0,0.0,0.0,103.48000000001664
23.49,25.9,74.49,100.42,-0.010000000000001563,-0.010000000000001563,-0.030000000000001137,-0.03999999999999204,4.275010642826735,3.8772200772200773,1.3481004161632435,1.0,4.273439722039202,3.8767455734290905,1.3480679138690397,1.0,4.273195970177047,3.8766774118609293,1.3481300788631798,1.0,100.37737333945884,100.40594496719807,100.42220957451826,100.42,0.021365979850885237,0.019383387059304646,0.006740650394315899,0.005,100.35600735960796,100.38656158013876,100.41546892412394,100.415,100.39873931930973,100.42532835425737,100.42895022491258,100.425,100.39873931930973,100.41546892412394,0.01672960481421626,0.00016659634349946482,SCHZ,BND,2025-11-12,False,4256.0,3861.0,1343.0,996.0,0.0,0.0,0.0,0.0,,,0.0,0.0,0.0,False,True,False,0.0,,,0.0,0.0,0.0,0.0,0.0,0.0,0.0,0.0,0.0,0.0,0.0,0.0,0.0,0.0,0.0,0.0,0.0,0.0,-0.0,-0.0,-0.0,-0.0,-0.0,-0.0,-0.0,-0.0,0.0,-0.0,-0.0,-0.0,-0.0,0.0,0.0,103.48000000001664
23.43,25.83,74.27,100.12,-0.05999999999999872,-0.07000000000000028,-0.21999999999999886,-0.29999999999999716,4.273154075970978,3.8761130468447544,1.3480543961222569,1.0,4.273397440596368,3.8766882846646262,1.3480208065643755,1.0,4.273439722039202,3.8767455734290905,1.3480679138690397,1.0,100.12669268737851,100.13633816167341,100.12100396305357,100.12,0.021367198610196012,0.019383727867145453,0.006740339569345198,0.005,100.10532548876832,100.11695443380626,100.11426362348422,100.11500000000001,100.1480598859887,100.15572188954056,100.12774430262292,100.125,100.125,100.11695443380626,-0.008045566193743525,-8.035923086040277e-05,AGG,SPAB,2025-11-13,False,4269.0,3873.0,1347.0,999.0,0.0,0.0,0.0,0.0,,,0.0,0.0,0.0,False,True,False,0.0,,,0.0,0.0,0.0,0.0,0.0,0.0,0.0,0.0,0.0,0.0,0.0,0.0,0.0,0.0,0.0,0.0,0.0,0.0,-0.0,-0.0,-0.0,-0.0,-0.0,-0.0,-0.0,-0.0,0.0,-0.0,-0.0,-0.0,-0.0,0.0,0.0,103.48000000001664
23.4,25.79,74.16,100.0,-0.030000000000001137,-0.03999999999999915,-0.10999999999999943,-0.12000000000000455,4.273504273504273,3.87747188832881,1.348435814455232,1.0,4.273463550054744,3.876848734869905,1.3480561284228778,1.0,4.273397440596368,3.8766882846646262,1.3480208065643755,1.0,99.99750010995501,99.9797908615007,99.96922301481408,100.0,0.021366987202981844,0.01938344142332313,0.006740104032821877,0.005,99.97613312275203,99.96040742007737,99.96248291078126,99.995,100.018867097158,99.99917430292403,99.97596311884689,100.005,99.97596311884689,99.995,0.019036881153112972,0.00019036881153112974,BND,AGG,2025-11-14,False,4273.0,3877.0,1348.0,1000.0,0.0,0.0,0.0,0.0,,,0.0,0.0,0.0,False,True,False,0.0,,,0.0,0.0,0.0,0.0,0.0,0.0,0.0,0.0,0.0,0.0,0.0,0.0,0.0,0.0,0.0,0.0,0.0,0.0,-0.0,-0.0,-0.0,-0.0,-0.0,-0.0,-0.0,-0.0,0.0,-0.0,-0.0,-0.0,-0.0,0.0,0.0,103.48000000001664
23.39,25.81,74.2,100.02,-0.00999999999999801,0.019999999999999574,0.04000000000000625,0.01999999999999602,4.276186404446344,3.875242154203797,1.347978436657682,1.0,4.273712421071538,3.8765775221616523,1.3480526252872993,1.0,4.273463550054744,3.876848734869905,1.3480561284228778,1.0,99.95631243578048,100.06146584699225,100.02576472897753,100.02,0.021367317750273722,0.019384243674349527,0.006740280642114389,0.005,99.9349451180302,100.0420816033179,100.01902444833541,100.015,99.97767975353075,100.0808500906666,100.03250500961965,100.02499999999999,99.97767975353075,100.0420816033179,0.06440184978714569,0.0006438897199274715,SCHZ,SPAB,2025-11-17,False,4273.0,3877.0,1348.0,1000.0,0.0,0.0,0.0,0.0,,,0.0,0.0,0.0,False,False,False,-0.0,,,0.0,0.0,0.0,0.0,0.0,0.0,0.0,0.0,0.0,0.0,0.0,0.0,0.0,0.0,0.0,0.0,0.0,0.0,-0.0,-0.0,-0.0,-0.0,-0.0,-0.0,-0.0,-0.0,0.0,-0.0,0.0,0.0,0.0,0.0,0.0,103.48000000001664
23.42,25.82,74.26,100.08,0.030000000000001137,0.010000000000001563,0.060000000000002274,0.060000000000002274,4.2732707087959,3.8760650658404336,1.3476972798276325,1.0,4.273821061916999,3.876795247314361,1.3480262838125312,1.0,4.273712421071538,3.8765775221616523,1.3480526252872993,1.0,100.09034490149543,100.09323162221386,100.10638795383485,100.08,0.021368562105357692,0.019382887610808263,0.0067402631264364965,0.005,100.06897633939008,100.07384873460306,100.09964769070842,100.075,100.11171346360078,100.11261450982467,100.11312821696129,100.085,100.085,100.09964769070842,0.014647690708429195,0.00014635981922890882,AGG,BND,2025-11-18,False,4269.0,3873.0,1347.0,999.0,0.0,0.0,0.0,0.0,,,0.0,0.0,-0.0,False,True,False,0.0,,,0.0,0.0,0.0,0.0,0.0,0.0,0.0,0.0,0.0,0.0,0.0,0.0,0.0,0.0,0.0,0.0,0.0,0.0,-0.0,-0.0,-0.0,-0.0,-0.0,-0.0,-0.0,-0.0,0.0,0.0,0.0,0.0,0.0,0.0,0.0,103.48000000001664
23.42,25.81,74.23,100.08,0.0,-0.010000000000001563,-0.030000000000001137,0.0,4.2732707087959,3.8775668345602483,1.3482419506937895,1.0,4.273805385684907,3.876707270576211,1.3480367639791022,1.0,4.273821061916999,3.876795247314361,1.3480262838125312,1.0,100.09288927009614,100.06008533318365,100.0639910474042,100.08,0.021369105309584996,0.019383976236571804,0.006740131419062656,0.005,100.07152016478655,100.04070135694708,100.05725091598514,100.075,100.11425837540573,100.07946930942022,100.07073117882327,100.085,100.07073117882327,100.075,0.004268821176736992,4.265408849657266e-05,BND,AGG,2025-11-19,False,4270.0,3873.0,1347.0,999.0,0.0,0.0,0.0,0.0,,,0.0,0.0,0.0,False,True,False,0.0,,,0.0,0.0,0.0,0.0,0.0,0.0,0.0,0.0,0.0,0.0,0.0,0.0,0.0,0.0,0.0,0.0,0.0,0.0,-0.0,-0.0,-0.0,-0.0,-0.0,-0.0,-0.0,-0.0,0.0,0.0,-0.0,-0.0,0.0,0.0,0.0,103.48000000001664
23.45,25.84,74.34,100.2,0.029999999999997584,0.030000000000001137,0.10999999999999943,0.12000000000000455,4.272921108742005,3.8777089783281733,1.347861178369653,1.0,4.273817019150753,3.876702539782336,1.3480373500156104,1.0,4.273805385684907,3.876707270576211,1.3480367639791022,1.0,100.22073629431108,100.1741158716893,100.21305303420647,100.2,0.021369026928424538,0.019383536352881054,0.006740183819895511,0.005,100.19936726738266,100.15473233533642,100.20631285038657,100.19500000000001,100.2421053212395,100.19349940804217,100.21979321802637,100.205,100.19349940804217,100.20631285038657,0.012813442344395298,0.00012787866611172952,SPAB,BND,2025-11-20,False,4265.0,3869.0,1345.0,998.0,0.0,0.0,0.0,0.0,,,0.0,0.0,0.0,False,True,False,0.0,,,0.0,0.0,0.0,0.0,0.0,0.0,0.0,0.0,0.0,0.0,0.0,0.0,0.0,0.0,0.0,0.0,0.0,0.0,-0.0,-0.0,-0.0,-0.0,-0.0,-0.0,-0.0,-0.0,0.0,0.0,0.0,0.0,0.0,0.0,0.0,103.48000000001664
23.5,25.91,74.52,100.44,0.05000000000000071,0.07000000000000028,0.1799999999999926,0.23999999999999488,4.27404255319149,3.8764955615592434,1.3478260869565217,1.0,4.273929163595701,3.876731206189711,1.3480157073995447,1.0,4.273817019150753,3.876702539782336,1.3480373500156104,1.0,100.4346999500427,100.44536280576033,100.45574332316329,100.44,0.021369085095753765,0.01938351269891168,0.006740186750078052,0.005,100.41333086494694,100.42597929306142,100.44900313641321,100.435,100.45606903513846,100.46474631845923,100.46248350991337,100.445,100.445,100.44900313641321,0.0040031364132175895,3.985599774211061e-05,AGG,BND,2025-11-21,False,4257.0,3861.0,1343.0,996.0,0.0,0.0,0.0,0.0,,,0.0,0.0,0.0,False,True,False,0.0,,,0.0,0.0,0.0,0.0,0.0,0.0,0.0,0.0,0.0,0.0,0.0,0.0,0.0,0.0,0.0,0.0,0.0,0.0,-0.0,-0.0,-0.0,-0.0,-0.0,-0.0,-0.0,-0.0,0.0,0.0,0.0,0.0,0.0,0.0,0.0,103.48000000001664
23.55,25.96,74.65,100.64,0.05000000000000071,0.05000000000000071,0.13000000000000966,0.20000000000000284,4.273460721868365,3.8767334360554697,1.3481580709979906,1.0,4.273971481516327,3.8767884507240504,1.3480448101526878,1.0,4.273929163595701,3.876731206189711,1.3480157073995447,1.0,100.65103180267877,100.6399421126849,100.62937255737602,100.64,0.021369645817978507,0.019383656030948555,0.006740078536997723,0.005,100.62966215686079,100.62055845665395,100.62263247883902,100.635,100.67240144849676,100.65932576871586,100.63611263591301,100.645,100.63611263591301,100.635,-0.001112635913003146,-1.1055603269109162e-05,BND,AGG,2025-11-24,False,4248.0,3853.0,1340.0,994.0,0.0,0.0,0.0,0.0,,,0.0,0.0,0.0,False,True,False,0.0,,,0.0,0.0,0.0,0.0,0.0,0.0,0.0,0.0,0.0,0.0,0.0,0.0,0.0,0.0,0.0,0.0,0.0,0.0,-0.0,-0.0,-0.0,-0.0,-0.0,-0.0,-0.0,-0.0,0.0,0.0,0.0,0.0,0.0,0.0,0.0,103.48000000001664
23.6,26.02,74.82,100.8,0.05000000000000071,0.05999999999999872,0.1699999999999875,0.1599999999999966,4.271186440677965,3.873943120676403,1.347233360064154,1.0,4.273600763881996,3.876456016361741,1.3479586990308154,1.0,4.273971481516327,3.8767884507240504,1.3480448101526878,1.0,100.86572696378532,100.87403548783979,100.8607126956241,100.8,0.021369857407581634,0.01938394225362025,0.006740224050763439,0.005,100.84435710637774,100.85465154558617,100.85397247157334,100.795,100.8870968211929,100.89341943009342,100.86745291967486,100.80499999999999,100.80499999999999,100.85465154558617,0.049651545586172574,0.0004925748570056804,AGG,SPAB,2025-11-25,False,4240.0,3846.0,1337.0,992.0,0.0,0.0,0.0,0.0,,,0.0,0.0,0.0,False,False,False,-0.0,,,0.0,0.0,0.0,0.0,0.0,0.0,0.0,0.0,0.0,0.0,0.0,0.0,0.0,0.0,0.0,0.0,0.0,0.0,-0.0,-0.0,-0.0,-0.0,-0.0,-0.0,-0.0,-0.0,0.0,0.0,0.0,0.0,0.0,0.0,0.0,103.48000000001664
23.62,26.05,74.9,100.96,0.019999999999999574,0.030000000000001137,0.0800000000000125,0.1599999999999966,4.2743437764606265,3.875623800383877,1.3479305740987981,1.0,4.273534077245385,3.8762963886781217,1.347941714824371,1.0,4.273600763881996,3.876456016361741,1.3479586990308154,1.0,100.94245004289274,100.98167922622335,100.96210655740808,100.96,0.02136800381940998,0.019382280081808704,0.0067397934951540775,0.005,100.92108203907334,100.96229694614154,100.95536676391292,100.955,100.96381804671215,101.00106150630516,100.96884635090323,100.96499999999999,100.96381804671215,100.96229694614154,-0.0015211005706134983,-1.5066368567883305e-05,SCHZ,SPAB,2025-11-26,False,4231.0,3838.0,1334.0,990.0,0.0,0.0,0.0,0.0,,,0.0,0.0,-0.0,False,True,False,0.0,,,0.0,0.0,0.0,0.0,0.0,0.0,0.0,0.0,0.0,0.0,0.0,0.0,0.0,0.0,0.0,0.0,0.0,0.0,-0.0,-0.0,-0.0,-0.0,-0.0,-0.0,-0.0,-0.0,0.0,0.0,0.0,0.0,0.0,0.0,0.0,103.48000000001664
23.58,26.02,74.78,100.82,-0.0400000000000027,-0.030000000000001137,-0.12000000000000455,-0.14000000000000057,4.275657336726039,3.874711760184473,1.3482214495854505,1.0,4.2737844033208905,3.8761562600120927,1.3479584201706905,1.0,4.273534077245385,3.8762963886781217,1.347941714824371,1.0,100.76993354144616,100.86123203340472,100.79908143456647,100.82,0.021367670386226924,0.019381481943390608,0.006739708574121856,0.005,100.74856587105994,100.84185055146133,100.79234172599236,100.815,100.79130121183239,100.8806135153481,100.80582114314059,100.82499999999999,100.79130121183239,100.84185055146133,0.05054933962894381,0.0005013820633698058,SCHZ,SPAB,2025-11-28,False,4239.0,3845.0,1337.0,992.0,0.0,0.0,0.0,0.0,,,0.0,0.0,0.0,False,False,False,-0.0,,,0.0,0.0,0.0,0.0,0.0,0.0,0.0,0.0,0.0,0.0,0.0,0.0,0.0,0.0,0.0,0.0,0.0,0.0,-0.0,-0.0,-0.0,-0.0,-0.0,-0.0,-0.0,-0.0,0.0,-0.0,-0.0,-0.0,-0.0,0.0,0.0,103.48000000001664
23.42,25.81,74.25,100.06,-0.1599999999999966,-0.21000000000000085,-0.5300000000000011,-0.7599999999999909,4.2724167378309135,3.876791941108098,1.3476094276094277,1.0,4.273675649753555,3.8760882652900213,1.34787578148611,1.0,4.2737844033208905,3.8761562600120927,1.3479584201706905,1.0,100.09203072577526,100.04359307091211,100.08591269767376,100.06,0.021368922016604452,0.019380781300060462,0.006739792100853452,0.005,100.07066180375865,100.02421228961205,100.0791729055729,100.055,100.11339964779187,100.06297385221217,100.09265248977462,100.065,100.06297385221217,100.0791729055729,0.01619905336073657,0.0001618933975688244,SPAB,BND,2025-12-01,True,4270.0,3872.0,1347.0,999.0,0.0,0.0,0.0,0.0,,,0.0,0.0,-0.0,False,True,False,0.0,,,0.0,0.0,0.0,0.0,0.0,0.0,0.0,0.0,0.0,0.0,0.0,0.0,0.0,0.0,0.0,0.0,0.0,0.0,-0.0,-0.0,-0.0,-0.0,-0.0,-0.0,-0.0,-0.0,0.0,-0.0,-0.0,-0.0,-0.0,0.0,0.0,103.48000000001664
23.45,25.85,74.32,100.19,0.029999999999997584,0.0400000000000027,0.06999999999999318,0.12999999999999545,4.272494669509595,3.875822050290135,1.3480893433799785,1.0,4.27330647625988,3.876146254898655,1.3478868721583397,1.0,4.273675649753555,3.8760882652900213,1.34787578148611,1.0,100.21769398672086,100.19688165774706,100.17412808004768,100.19,0.021368378248767774,0.019380441326450108,0.00673937890743055,0.005,100.1963256084721,100.17750121642061,100.16738870114025,100.185,100.23906236496963,100.2162620990735,100.1808674589551,100.195,100.1808674589551,100.1963256084721,0.015458149516987874,0.00015428834730998975,BND,SCHZ,2025-12-02,False,4265.0,3868.0,1345.0,998.0,0.0,0.0,0.0,0.0,,,0.0,0.0,0.0,False,True,True,0.0,,,0.0,0.0,0.0,0.0,0.0,0.0,0.0,0.0,0.0,0.0,0.0,0.0,0.0,0.0,0.0,0.0,0.0,0.0,-0.0,-0.0,-0.0,-0.0,-0.0,-0.0,-0.0,-0.0,0.0,0.0,0.0,0.0,0.0,0.0,0.0,103.48000000001664
23.48,25.88,74.43,100.38,0.030000000000001137,0.029999999999997584,0.11000000000001364,0.18999999999999773,4.275127768313458,3.8786707882534777,1.3486497380088671,1.0,4.273492182211635,3.8764068271399603,1.347982117976463,1.0,4.27330647625988,3.876146254898655,1.3478868721583397,1.0,100.337236062582,100.31466507677719,100.32321989474524,100.38,0.021366532381299402,0.019380731274493274,0.0067394343607916985,0.005,100.3158695302007,100.2952843455027,100.31648046038444,100.375,100.35860259496329,100.33404580805168,100.32995932910603,100.38499999999999,100.32995932910603,100.375,0.04504067089396813,0.00044870164269743105,BND,AGG,2025-12-03,False,4256.0,3861.0,1342.0,996.0,0.0,0.0,0.0,0.0,,,0.0,0.0,0.0,False,False,False,-0.0,,,0.0,0.0,0.0,0.0,0.0,0.0,0.0,0.0,0.0,0.0,0.0,0.0,0.0,0.0,0.0,0.0,0.0,0.0,-0.0,-0.0,-0.0,-0.0,-0.0,-0.0,-0.0,-0.0,0.0,0.0,0.0,0.0,0.0,0.0,0.0,103.48000000001664
23.44,25.83,74.29,100.14,-0.03999999999999915,-0.05000000000000071,-0.14000000000000057,-0.23999999999999488,4.272184300341297,3.8768873403019746,1.3479606945753129,1.0,4.273383541366176,3.876338877714133,1.3479539923646153,1.0,4.273492182211635,3.8764068271399603,1.347982117976463,1.0,100.17065675104074,100.12758834502517,100.14159154447145,100.14,0.021367460911058175,0.0193820341356998,0.006739910589882316,0.005,100.14928929012969,100.10820631088947,100.13485163388157,100.135,100.19202421195179,100.14697037916088,100.14833145506134,100.145,100.145,100.14928929012969,0.004289290129690926,4.283293518764655e-05,AGG,SCHZ,2025-12-04,False,4269.0,3873.0,1347.0,999.0,0.0,0.0,0.0,0.0,,,0.0,0.0,-0.0,False,True,False,0.0,,,0.0,0.0,0.0,0.0,0.0,0.0,0.0,0.0,0.0,0.0,0.0,0.0,0.0,0.0,0.0,0.0,0.0,0.0,-0.0,-0.0,-0.0,-0.0,-0.0,-0.0,-0.0,-0.0,0.0,-0.0,-0.0,-0.0,-0.0,0.0,0.0,103.48000000001664
23.41,25.8,74.2,100.03,-0.030000000000001137,-0.029999999999997584,-0.09000000000000341,-0.10999999999999943,4.272960273387441,3.8771317829457366,1.3481132075471698,1.0,4.27338745783072,3.876281158175889,1.3479791952823672,1.0,4.273383541366176,3.876338877714133,1.3479539923646153,1.0,100.03990870338218,100.00954304502463,100.01818623345446,100.03,0.02136691770683088,0.019381694388570667,0.0067397699618230765,0.005,100.01854178567535,99.99016135063606,100.01144646349263,100.025,100.06127562108901,100.0289247394132,100.02492600341628,100.035,100.02492600341628,100.025,7.399658372264639e-05,7.397439140522482e-07,BND,AGG,2025-12-05,False,4273.0,3876.0,1348.0,1000.0,0.0,0.0,0.0,0.0,,,0.0,0.0,0.0,False,True,False,0.0,,,0.0,0.0,0.0,0.0,0.0,0.0,0.0,0.0,0.0,0.0,0.0,0.0,0.0,0.0,0.0,0.0,0.0,0.0,-0.0,-0.0,-0.0,-0.0,-0.0,-0.0,-0.0,-0.0,0.0,-0.0,-0.0,-0.0,-0.0,0.0,0.0,103.48000000001664
23.36,25.76,74.09,99.87,-0.05000000000000071,-0.03999999999999915,-0.10999999999999943,-0.1599999999999966,4.275256849315069,3.87694099378882,1.3479551896342286,1.0,4.273508887443077,3.8763257013988466,1.3479921055501376,1.0,4.27338745783072,3.876281158175889,1.3479791952823672,1.0,99.82633101492561,99.8530026346109,99.8717785784706,99.87,0.0213669372891536,0.019381405790879446,0.006739895976411836,0.005,99.80496407763646,99.83362122882002,99.86503868249419,99.86500000000001,99.84769795221477,99.87238404040178,99.878518474447,99.875,99.84769795221477,99.86503868249419,0.01734073027941463,0.00017363302572759214,SCHZ,BND,2025-12-08,False,4278.0,3880.0,1349.0,1001.0,0.0,0.0,0.0,0.0,,,0.0,0.0,0.0,False,True,False,0.0,,,0.0,0.0,0.0,0.0,0.0,0.0,0.0,0.0,0.0,0.0,0.0,0.0,0.0,0.0,0.0,0.0,0.0,0.0,-0.0,-0.0,-0.0,-0.0,-0.0,-0.0,-0.0,-0.0,0.0,-0.0,-0.0,-0.0,-0.0,0.0,0.0,103.48000000001664
23.35,25.74,74.04,99.78,-0.00999999999999801,-0.020000000000003126,-0.04999999999999716,-0.09000000000000341,4.27323340471092,3.8764568764568765,1.3476499189627227,1.0,4.273486155727332,3.8762980454389875,1.347941290346611,1.0,4.273508887443077,3.8763257013988466,1.3479921055501376,1.0,99.78643252179585,99.7766235540063,99.8053354949322,99.78,0.021367544437215384,0.019381628506994233,0.006739960527750688,0.005,99.76506497735863,99.75724192549932,99.79859553440444,99.775,99.80780006623306,99.7960051825133,99.81207545545995,99.785,99.785,99.79859553440444,0.01359553440444472,0.00013625510527605453,AGG,BND,2025-12-09,False,4282.0,3884.0,1351.0,1002.0,0.0,0.0,0.0,0.0,,,0.0,0.0,0.0,False,True,False,0.0,,,0.0,0.0,0.0,0.0,0.0,0.0,0.0,0.0,0.0,0.0,0.0,0.0,0.0,0.0,0.0,0.0,0.0,0.0,-0.0,-0.0,-0.0,-0.0,-0.0,-0.0,-0.0,-0.0,0.0,-0.0,-0.0,-0.0,-0.0,0.0,0.0,103.48000000001664
23.43,25.82,74.26,100.1,0.0799999999999983,0.08000000000000185,0.21999999999999886,0.3199999999999932,4.272300469483568,3.876839659178931,1.3479666038244005,1.0,4.273597558607892,3.8765876992892396,1.3480146147226357,1.0,4.273486155727332,3.8762980454389875,1.347941290346611,1.0,100.12778062869138,100.08601553323466,100.09812022113934,100.1,0.02136743077863666,0.019381490227194938,0.006739706451733055,0.005,100.10641319791274,100.06663404300747,100.0913805146876,100.095,100.14914805947002,100.10539702346185,100.10485992759108,100.10499999999999,100.10485992759108,100.10641319791274,0.001553270321664968,1.551718603061906e-05,BND,SCHZ,2025-12-10,False,4269.0,3872.0,1347.0,999.0,0.0,0.0,0.0,0.0,,,0.0,0.0,0.0,False,True,False,0.0,,,0.0,0.0,0.0,0.0,0.0,0.0,0.0,0.0,0.0,0.0,0.0,0.0,0.0,0.0,0.0,0.0,0.0,0.0,-0.0,-0.0,-0.0,-0.0,-0.0,-0.0,-0.0,-0.0,0.0,0.0,0.0,0.0,0.0,0.0,0.0,103.48000000001664
23.42,25.82,74.26,100.12,-0.00999999999999801,0.0,0.0,0.020000000000010232,4.274978650725875,3.8776142525174286,1.3482359278211689,1.0,4.273661046034418,3.8767867445025948,1.3480451500948727,1.0,4.273597558607892,3.8765876992892396,1.3480146147226357,1.0,100.08765482259683,100.09349439564816,100.10356528930294,100.12,0.021367987793039462,0.0193829384964462,0.006740073073613179,0.005,100.06628683480379,100.07411145715172,100.09682521622932,100.11500000000001,100.10902281038987,100.11287733414461,100.11030536237655,100.125,100.10902281038987,100.11500000000001,0.0059771896101352695,5.9700255794399416e-05,SCHZ,AGG,2025-12-11,False,4269.0,3873.0,1347.0,999.0,0.0,0.0,0.0,0.0,,,0.0,0.0,0.0,False,True,False,0.0,,,0.0,0.0,0.0,0.0,0.0,0.0,0.0,0.0,0.0,0.0,0.0,0.0,0.0,0.0,0.0,0.0,0.0,0.0,-0.0,-0.0,-0.0,-0.0,-0.0,-0.0,-0.0,-0.0,0.0,-0.0,0.0,0.0,0.0,0.0,0.0,103.48000000001664
23.35,25.75,74.03,99.81,-0.07000000000000028,-0.07000000000000028,-0.23000000000000398,-0.3100000000000023,4.274518201284796,3.876116504854369,1.348237201134675,1.0,4.273547132490293,3.876927218969585,1.3480467252497952,1.0,4.273661046034418,3.8767867445025948,1.3480451500948727,1.0,99.78998542490366,99.82725867094182,99.79578246152343,99.81,0.02136830523017209,0.019383933722512976,0.006740225750474364,0.005,99.7686171196735,99.80787473721931,99.78904223577295,99.805,99.81135373013383,99.84664260466432,99.8025226872739,99.815,99.8025226872739,99.80787473721931,0.00535204994540095,5.362238197977106e-05,BND,SPAB,2025-12-12,False,4282.0,3885.0,1351.0,1002.0,0.0,0.0,0.0,0.0,,,0.0,0.0,0.0,False,True,False,0.0,,,0.0,0.0,0.0,0.0,0.0,0.0,0.0,0.0,0.0,0.0,0.0,0.0,0.0,0.0,0.0,0.0,0.0,0.0,-0.0,-0.0,-0.0,-0.0,-0.0,-0.0,-0.0,-0.0,0.0,-0.0,-0.0,-0.0,-0.0,0.0,0.0,103.48000000001664
23.37,25.77,74.12,99.91,0.019999999999999574,0.019999999999999574,0.09000000000000341,0.09999999999999432,4.275139067180145,3.876988746604579,1.3479492714516998,1.0,4.273819365425217,3.8769468995192327,1.3480807096340226,1.0,4.273547132490293,3.876927218969585,1.3480467252497952,1.0,99.87279648629816,99.9084144328462,99.91722327551483,99.91,0.021367735662451467,0.019384636094847925,0.006740233626248976,0.005,99.8514287506357,99.88902979675136,99.91048304188858,99.905,99.89416422196061,99.92779906894104,99.92396350914107,99.91499999999999,99.89416422196061,99.91048304188858,0.01631881992797446,0.00016333520096060915,SCHZ,BND,2025-12-15,False,4278.0,3881.0,1349.0,1001.0,0.0,0.0,0.0,0.0,,,0.0,0.0,0.0,False,True,False,0.0,,,0.0,0.0,0.0,0.0,0.0,0.0,0.0,0.0,0.0,0.0,0.0,0.0,0.0,0.0,0.0,0.0,0.0,0.0,-0.0,-0.0,-0.0,-0.0,-0.0,-0.0,-0.0,-0.0,0.0,0.0,0.0,0.0,0.0,0.0,0.0,103.48000000001664
