SPHY_price,SCYB_price,HYLB_price,USHY_price,HYG_price,JNK_price,SPHY_price_chg,SCYB_price_chg,HYLB_price_chg,USHY_price_chg,HYG_price_chg,JNK_price_chg,JNK/SPHY,JNK/SCYB,JNK/HYLB,JNK/USHY,JNK/HYG,JNK/JNK,JNK/SPHY_moving_avg,JNK/SCYB_moving_avg,JNK/HYLB_moving_avg,JNK/USHY_moving_avg,JNK/HYG_moving_avg,JNK/JNK_moving_avg,JNK/SPHY_prev_moving_avg,JNK/SCYB_prev_moving_avg,JNK/HYLB_prev_moving_avg,JNK/USHY_prev_moving_avg,JNK/HYG_prev_moving_avg,JNK/JNK_prev_moving_avg,SPHY_scaled_price,SCYB_scaled_price,HYLB_scaled_price,USHY_scaled_price,HYG_scaled_price,JNK_scaled_price,SPHY_scaled_comm,SCYB_scaled_comm,HYLB_scaled_comm,USHY_scaled_comm,HYG_scaled_comm,JNK_scaled_comm,SPHY_scaled_price_minus_comm,SCYB_scaled_price_minus_comm,HYLB_scaled_price_minus_comm,USHY_scaled_price_minus_comm,HYG_scaled_price_minus_comm,JNK_scaled_price_minus_comm,SPHY_scaled_price_plus_comm,SCYB_scaled_price_plus_comm,HYLB_scaled_price_plus_comm,USHY_scaled_price_plus_comm,HYG_scaled_price_plus_comm,JNK_scaled_price_plus_comm,min_price_plus_comm,max_price_minus_comm,tgt_max-min,tgt_pct_diff,tgt_min_price_etf,tgt_max_price_etf,date,ex_div_date,SPHY_shs_per_unit,SCYB_shs_per_unit,HYLB_shs_per_unit,USHY_shs_per_unit,HYG_shs_per_unit,JNK_shs_per_unit,SPHY_current_shs,SCYB_current_shs,HYLB_current_shs,USHY_current_shs,HYG_current_shs,JNK_current_shs,current_long_etf,current_short_etf,current_max-min,current_pct_diff,current_position,open_trade,exit_trade,flatten_for_div,tgt_position,tgt_long_etf,tgt_short_etf,SPHY_tgt_shs,SCYB_tgt_shs,HYLB_tgt_shs,USHY_tgt_shs,HYG_tgt_shs,JNK_tgt_shs,SPHY_tgt_inv_amt,SCYB_tgt_inv_amt,HYLB_tgt_inv_amt,USHY_tgt_inv_amt,HYG_tgt_inv_amt,JNK_tgt_inv_amt,gross_inv_amt,net_inv_amt,SPHY_shs_to_trade,SCYB_shs_to_trade,HYLB_shs_to_trade,USHY_shs_to_trade,HYG_shs_to_trade,JNK_shs_to_trade,SPHY_shs_to_buy,SCYB_shs_to_buy,HYLB_shs_to_buy,USHY_shs_to_buy,HYG_shs_to_buy,JNK_shs_to_buy,SPHY_shs_to_sell,SCYB_shs_to_sell,HYLB_shs_to_sell,USHY_shs_to_sell,HYG_shs_to_sell,JNK_shs_to_sell,SPHY_daily_comm,SCYB_daily_comm,HYLB_daily_comm,USHY_daily_comm,HYG_daily_comm,JNK_daily_comm,daily_comm,SPHY_daily_profit,SCYB_daily_profit,HYLB_daily_profit,USHY_daily_profit,HYG_daily_profit,JNK_daily_profit,daily_gross_profit,daily_net_profit,cumulative_net_profit
23.69,26.45,36.85,37.42,80.67,97.24,,,,,,,4.104685521317011,3.6763705103969753,2.6388059701492534,2.598610368786745,1.2054047353415147,1.0,,,,,,,,,,,,,,,,,,,,,,,,,,,,,,,,,,,,,,,,,,,2026-01-02,False,,,,,,,,,,,,,,,,,,False,False,False,,,,,,,,,,,,,,,,,,,,,,,,,,,,,,,,,,,,,,,,,,,,,,,,,,,
23.73,26.52,36.95,37.51,80.88,97.5,0.03999999999999915,0.07000000000000028,0.10000000000000142,0.0899999999999963,0.20999999999999375,0.2600000000000051,4.108723135271807,3.6764705882352944,2.638700947225981,2.599306851506265,1.2054896142433236,1.0,,,,,,,,,,,,,,,,,,,,,,,,,,,,,,,,,,,,,,,,,,,2026-01-05,False,,,,,,,,,,,,,,,,,,False,False,False,,,,,,,,,,,,,,,,,,,,,,,,,,,,,,,,,,,,,,,,,,,,,,,,,,,
23.76,26.54,36.97,37.54,80.9,97.54,0.030000000000001137,0.019999999999999574,0.01999999999999602,0.030000000000001137,0.020000000000010232,0.04000000000000625,4.1052188552188555,3.6752072343632256,2.6383554233162028,2.5982951518380397,1.2056860321384426,1.0,,,,,,,,,,,,,,,,,,,,,,,,,,,,,,,,,,,,,,,,,,,2026-01-06,False,,,,,,,,,,,,,,,,,,False,False,False,,,,,,,,,,,,,,,,,,,,,,,,,,,,,,,,,,,,,,,,,,,,,,,,,,,
23.75,26.54,36.97,37.52,80.88,97.51,-0.010000000000001563,0.0,0.0,-0.01999999999999602,-0.020000000000010232,-0.030000000000001137,4.105684210526316,3.6740768651092695,2.6375439545577497,2.5988805970149254,1.2056132542037588,1.0,,,,,,,,,,,,,,,,,,,,,,,,,,,,,,,,,,,,,,,,,,,2026-01-07,False,,,,,,,,,,,,,,,,,,False,False,False,,,,,,,,,,,,,,,,,,,,,,,,,,,,,,,,,,,,,,,,,,,,,,,,,,,
23.76,26.54,36.97,37.54,80.94,97.59,0.010000000000001563,0.0,0.0,0.01999999999999602,0.060000000000002274,0.0799999999999983,4.107323232323232,3.677091183119819,2.6397078712469573,2.5996270644645714,1.2057079318013344,1.0,,,,,,,,,,,,,,,,,,,,,,,,,,,,,,,,,,,,,,,,,,,2026-01-08,False,,,,,,,,,,,,,,,,,,False,False,False,,,,,,,,,,,,,,,,,,,,,,,,,,,,,,,,,,,,,,,,,,,,,,,,,,,
23.79,26.57,37.01,37.59,81.0,97.69,0.029999999999997584,0.030000000000001137,0.03999999999999915,0.05000000000000426,0.060000000000002274,0.09999999999999432,4.106347204707861,3.6767030485509973,2.6395568765198596,2.5988294759244477,1.2060493827160494,1.0,,,,,,,,,,,,,,,,,,,,,,,,,,,,,,,,,,,,,,,,,,,2026-01-09,False,,,,,,,,,,,,,,,,,,False,False,False,,,,,,,,,,,,,,,,,,,,,,,,,,,,,,,,,,,,,,,,,,,,,,,,,,,
23.79,26.57,37.0,37.59,81.04,97.68,0.0,0.0,-0.00999999999999801,0.0,0.04000000000000625,-0.009999999999990905,4.105926860025221,3.676326684230335,2.64,2.598563447725459,1.2053307008884502,1.0,,,,,,,,,,,,,,,,,,,,,,,,,,,,,,,,,,,,,,,,,,,2026-01-12,False,,,,,,,,,,,,,,,,,,False,False,False,,,,,,,,,,,,,,,,,,,,,,,,,,,,,,,,,,,,,,,,,,,,,,,,,,,
23.79,26.59,37.02,37.6,81.04,97.71,0.0,0.019999999999999574,0.020000000000003126,0.00999999999999801,0.0,0.029999999999986926,4.10718789407314,3.674689732982324,2.639384116693679,2.598670212765957,1.205700888450148,1.0,,,,,,,,,,,,,,,,,,,,,,,,,,,,,,,,,,,,,,,,,,,2026-01-13,False,,,,,,,,,,,,,,,,,,False,False,False,,,,,,,,,,,,,,,,,,,,,,,,,,,,,,,,,,,,,,,,,,,,,,,,,,,
23.8,26.58,37.01,37.6,81.04,97.74,0.010000000000001563,-0.010000000000001563,-0.010000000000005116,0.0,0.0,0.030000000000001137,4.10672268907563,3.6772009029345374,2.6409078627398,2.5994680851063827,1.2060710760118458,1.0,,,,,,,,,,,,,,,,,,,,,,,,,,,,,,,,,,,,,,,,,,,2026-01-14,False,,,,,,,,,,,,,,,,,,False,False,False,,,,,,,,,,,,,,,,,,,,,,,,,,,,,,,,,,,,,,,,,,,,,,,,,,,
23.8,26.58,37.02,37.6,81.04,97.74,0.0,0.0,0.010000000000005116,0.0,0.0,0.0,4.10672268907563,3.6772009029345374,2.6401944894651534,2.5994680851063827,1.2060710760118458,1.0,,,,,,,,,,,,,,,,,,,,,,,,,,,,,,,,,,,,,,,,,,,2026-01-15,False,,,,,,,,,,,,,,,,,,False,False,False,,,,,,,,,,,,,,,,,,,,,,,,,,,,,,,,,,,,,,,,,,,,,,,,,,,
23.81,26.6,37.04,37.61,81.09,97.82,0.00999999999999801,0.020000000000003126,0.01999999999999602,0.00999999999999801,0.04999999999999716,0.0799999999999983,4.108357832843343,3.6774436090225557,2.6409287257019436,2.600904014889657,1.2063139721297322,1.0,,,,,,,,,,,,,,,,,,,,,,,,,,,,,,,,,,,,,,,,,,,2026-01-16,False,,,,,,,,,,,,,,,,,,False,False,False,,,,,,,,,,,,,,,,,,,,,,,,,,,,,,,,,,,,,,,,,,,,,,,,,,,
23.77,26.54,36.97,37.54,80.88,97.59,-0.03999999999999915,-0.060000000000002274,-0.07000000000000028,-0.07000000000000028,-0.21000000000000796,-0.22999999999998977,4.105595288178376,3.677091183119819,2.6397078712469573,2.5996270644645714,1.2066023738872405,1.0,,,,,,,,,,,,,,,,,,,,,,,,,,,,,,,,,,,,,,,,,,,2026-01-20,False,,,,,,,,,,,,,,,,,,False,False,False,,,,,,,,,,,,,,,,,,,,,,,,,,,,,,,,,,,,,,,,,,,,,,,,,,,
23.83,26.61,37.07,37.64,81.12,97.86,0.05999999999999872,0.07000000000000028,0.10000000000000142,0.10000000000000142,0.2400000000000091,0.269999999999996,4.1065883340327325,3.677564825253664,2.639870515241435,2.5998937300743887,1.206360946745562,1.0,,,,,,,,,,,,,,,,,,,,,,,,,,,,,,,,,,,,,,,,,,,2026-01-21,False,,,,,,,,,,,,,,,,,,False,False,False,,,,,,,,,,,,,,,,,,,,,,,,,,,,,,,,,,,,,,,,,,,,,,,,,,,
23.84,26.61,37.08,37.64,81.18,97.92,0.010000000000001563,0.0,0.00999999999999801,0.0,0.060000000000002274,0.060000000000002274,4.10738255033557,3.6798196166854567,2.6407766990291264,2.6014877789585547,1.2062084257206207,1.0,,,,,,,,,,,,,,,,,,,,,,,,,,,,,,,,,,,,,,,,,,,2026-01-22,False,,,,,,,,,,,,,,,,,,False,False,False,,,,,,,,,,,,,,,,,,,,,,,,,,,,,,,,,,,,,,,,,,,,,,,,,,,
23.82,26.6,37.07,37.63,81.14,97.87,-0.019999999999999574,-0.00999999999999801,-0.00999999999999801,-0.00999999999999801,-0.04000000000000625,-0.04999999999999716,4.108732157850546,3.6793233082706767,2.640140275155112,2.600850385330853,1.2061868375647031,1.0,,,,,,,,,,,,,,,,,,,,,,,,,,,,,,,,,,,,,,,,,,,2026-01-23,False,,,,,,,,,,,,,,,,,,False,False,False,,,,,,,,,,,,,,,,,,,,,,,,,,,,,,,,,,,,,,,,,,,,,,,,,,,
23.84,26.62,37.09,37.67,81.18,97.92,0.019999999999999574,0.019999999999999574,0.020000000000003126,0.03999999999999915,0.04000000000000625,0.04999999999999716,4.10738255033557,3.6784372652141246,2.64006470746832,2.599415980886647,1.2062084257206207,1.0,,,,,,,,,,,,,,,,,,,,,,,,,,,,,,,,,,,,,,,,,,,2026-01-26,False,,,,,,,,,,,,,,,,,,False,False,False,,,,,,,,,,,,,,,,,,,,,,,,,,,,,,,,,,,,,,,,,,,,,,,,,,,
23.85,26.63,37.08,37.68,81.17,97.91,0.010000000000001563,0.00999999999999801,-0.010000000000005116,0.00999999999999801,-0.010000000000005116,-0.010000000000005116,4.10524109014675,3.6766804355989486,2.640507011866235,2.5984607218683653,1.2062338302328446,1.0,,,,,,,,,,,,,,,,,,,,,,,,,,,,,,,,,,,,,,,,,,,2026-01-27,False,,,,,,,,,,,,,,,,,,False,False,False,,,,,,,,,,,,,,,,,,,,,,,,,,,,,,,,,,,,,,,,,,,,,,,,,,,
23.81,26.58,37.03,37.62,81.04,97.75,-0.0400000000000027,-0.05000000000000071,-0.04999999999999716,-0.060000000000002274,-0.12999999999999545,-0.1599999999999966,4.105417891642167,3.67757712565839,2.639751552795031,2.5983519404572037,1.2061944718657451,1.0,,,,,,,,,,,,,,,,,,,,,,,,,,,,,,,,,,,,,,,,,,,2026-01-28,False,,,,,,,,,,,,,,,,,,False,False,False,,,,,,,,,,,,,,,,,,,,,,,,,,,,,,,,,,,,,,,,,,,,,,,,,,,
23.79,26.58,37.02,37.61,81.03,97.76,-0.019999999999999574,0.0,-0.00999999999999801,-0.00999999999999801,-0.010000000000005116,0.010000000000005116,4.109289617486339,3.6779533483822426,2.6407347379794706,2.5993086944961448,1.206466740713316,1.0,,,,,,,,,,,,,,,,,,,,,,,,,,,,,,,,,,,,,,,,,,,2026-01-29,False,,,,,,,,,,,,,,,,,,False,False,False,,,,,,,,,,,,,,,,,,,,,,,,,,,,,,,,,,,,,,,,,,,,,,,,,,,
23.82,26.62,37.05,37.64,81.12,97.82,0.030000000000001137,0.0400000000000027,0.02999999999999403,0.030000000000001137,0.09000000000000341,0.05999999999998806,4.106633081444164,3.6746806912096166,2.640215924426451,2.5988310308182783,1.205867850098619,1.0,4.106758134295513,3.676895453063641,2.6397927766412357,2.599342534124192,1.2059884283242859,1.0,,,,,,,,,,,,,,,,,,,,,,,,,,,,,,,,,,,,,2026-01-30,False,,,,,,,,,,,,,,,,,,False,False,False,0.0,,,0.0,0.0,0.0,0.0,0.0,0.0,,,,,,,,,,,,,,,,,,,,,,,,,,,,,,,,,,,,,,,,,,
23.7,26.48,36.87,37.46,80.77,97.38,-0.120000000000001,-0.14000000000000057,-0.17999999999999972,-0.17999999999999972,-0.3500000000000085,-0.4399999999999977,4.108860759493671,3.677492447129909,2.6411716842961757,2.599572877736252,1.205645660517519,1.0,4.106966896204346,3.676951549900287,2.639911062348582,2.599390659571667,1.2060004745830861,1.0,4.106758134295513,3.676895453063641,2.6397927766412357,2.599342534124192,1.2059884283242859,1.0,97.33016778280364,97.36419159712521,97.32915967476235,97.37137132829224,97.40768535575256,97.38,0.020533790671477564,0.018384477265318205,0.01319896388320618,0.01299671267062096,0.00602994214162143,0.005,97.30963399213216,97.3458071198599,97.31596071087914,97.35837461562161,97.40165541361094,97.375,97.35070157347512,97.38257607439053,97.34235863864556,97.38436804096287,97.41371529789419,97.38499999999999,97.34235863864556,97.40165541361094,0.05929677496537522,0.0006089214927641735,HYLB,HYG,2026-02-02,True,4218.0,3776.0,2711.0,2670.0,1239.0,1027.0,0.0,0.0,0.0,0.0,0.0,0.0,,,0.0,0.0,0.0,False,False,False,-0.0,,,0.0,0.0,0.0,0.0,0.0,0.0,0.0,0.0,0.0,0.0,0.0,0.0,,,0.0,0.0,0.0,0.0,0.0,0.0,0.0,0.0,0.0,0.0,0.0,0.0,-0.0,-0.0,-0.0,-0.0,-0.0,-0.0,-0.0,-0.0,-0.0,-0.0,-0.0,-0.0,0.0,-0.0,-0.0,-0.0,-0.0,-0.0,-0.0,0.0,0.0,0.0
23.69,26.45,36.87,37.42,80.72,97.29,-0.00999999999999801,-0.030000000000001137,0.0,-0.03999999999999915,-0.04999999999999716,-0.0899999999999892,4.106796116504855,3.678260869565218,2.6387306753458097,2.599946552645644,1.2052775024777007,1.0,4.106870545265999,3.677041063966784,2.6399125487545736,2.5994226446286364,1.205989868994805,1.0,4.106966896204346,3.676951549900287,2.639911062348582,2.599390659571667,1.2060004745830861,1.0,97.29404577108096,97.25536849486258,97.3335208687922,97.26919848117178,97.3483583083467,97.29,0.02053483448102173,0.018384757749501435,0.013199555311742911,0.012996953297858336,0.006030002372915431,0.005,97.27351093659993,97.23698373711308,97.32032131348046,97.25620152787393,97.3423283059738,97.28500000000001,97.31458060556199,97.27375325261208,97.34672042410395,97.28219543446964,97.35438831071961,97.295,97.27375325261208,97.3423283059738,0.06857505336171243,0.0007048520234526922,SCYB,HYG,2026-02-03,False,4222.0,3780.0,2714.0,2672.0,1240.0,1028.0,0.0,0.0,0.0,0.0,0.0,0.0,,,0.0,0.0,-0.0,True,False,True,0.0,,,0.0,0.0,0.0,0.0,0.0,0.0,0.0,0.0,0.0,0.0,0.0,0.0,0.0,0.0,0.0,0.0,0.0,0.0,0.0,0.0,0.0,0.0,0.0,0.0,0.0,0.0,-0.0,-0.0,-0.0,-0.0,-0.0,-0.0,-0.0,-0.0,-0.0,-0.0,-0.0,-0.0,0.0,-0.0,-0.0,0.0,-0.0,-0.0,-0.0,0.0,0.0,0.0
23.66,26.42,36.82,37.38,80.62,97.11,-0.030000000000001137,-0.029999999999997584,-0.04999999999999716,-0.03999999999999915,-0.09999999999999432,-0.18000000000000682,4.104395604395604,3.6756245268735803,2.6374253123302553,2.5979133226324236,1.204539816422724,1.0,4.106829382724835,3.677061928592301,2.639866043205276,2.5994035531683553,1.205932558209019,1.0,4.106870545265999,3.677041063966784,2.6399125487545736,2.5994226446286364,1.205989868994805,1.0,97.16855710099354,97.14742491000244,97.2015800451434,97.16641845621844,97.22690323836119,97.11,0.02053435272633,0.01838520531983392,0.013199562743772868,0.012997113223143182,0.006029949344974025,0.005,97.14802274826721,97.12903970468261,97.18838048239962,97.1534213429953,97.22087328901621,97.105,97.18909145371987,97.16581011532227,97.21477960788718,97.17941556944157,97.23293318770617,97.115,97.115,97.22087328901621,0.10587328901621618,0.001090240850748802,JNK,HYG,2026-02-04,False,4230.0,3787.0,2719.0,2677.0,1242.0,1030.0,0.0,0.0,0.0,0.0,0.0,0.0,,,0.0,0.0,0.0,True,False,False,1.0,JNK,HYG,0.0,0.0,0.0,0.0,-1242.0,1030.0,0.0,0.0,0.0,0.0,0.0,0.0,0.0,0.0,0.0,0.0,0.0,0.0,-1242.0,1030.0,0.0,0.0,0.0,0.0,0.0,1030.0,-0.0,-0.0,-0.0,-0.0,1242.0,-0.0,-0.0,-0.0,-0.0,-0.0,-6.21,-5.15,-11.36,-0.0,-0.0,-0.0,-0.0,-0.0,-0.0,0.0,-11.36,-11.36
23.64,26.4,36.8,37.35,80.53,97.06,-0.019999999999999574,-0.020000000000003126,-0.020000000000003126,-0.030000000000001137,-0.09000000000000341,-0.04999999999999716,4.10575296108291,3.6765151515151517,2.6375,2.598661311914324,1.2052651185893457,1.0,4.106832820252666,3.677183842912595,2.6398638454773886,2.599392588913325,1.2059151514282984,1.0,4.106829382724835,3.677061928592301,2.639866043205276,2.5994035531683553,1.205932558209019,1.0,97.08544660761511,97.07443491483674,97.14707038995414,97.08772271083808,97.1137489125723,97.06,0.020534146913624176,0.018385309642961506,0.01319933021602638,0.012997017765841777,0.006029662791045096,0.005,97.06491246070149,97.05604960519378,97.13387105973811,97.07472569307224,97.10771924978125,97.055,97.10598075452873,97.09282022447971,97.16026972017016,97.10071972860392,97.11977857536336,97.065,97.065,97.13387105973811,0.06887105973811458,0.0007095720146107003,JNK,HYLB,2026-02-05,False,4230.0,3787.0,2719.0,2677.0,1242.0,1030.0,0.0,0.0,0.0,0.0,-1242.0,1030.0,JNK,HYG,0.04271924978125696,0.0004401323900809495,1.0,True,False,False,1.0,JNK,HYLB,0.0,0.0,-2719.0,0.0,0.0,1030.0,0.0,0.0,0.0,0.0,-100130.04000000001,100023.3,200153.34000000003,-106.74000000000524,0.0,0.0,-2719.0,0.0,1242.0,0.0,0.0,0.0,0.0,0.0,1242.0,0.0,-0.0,-0.0,2719.0,-0.0,-0.0,-0.0,-0.0,-0.0,-13.595,-0.0,-6.21,-0.0,-19.805,-0.0,-0.0,-0.0,-0.0,111.78000000000424,-51.49999999999707,60.28000000000716,40.475000000007164,29.115000000007164
23.71,26.46,36.91,37.47,80.81,97.4,0.07000000000000028,0.060000000000002274,0.10999999999999943,0.11999999999999744,0.28000000000000114,0.3400000000000034,4.107971320118094,3.6810279667422527,2.638851259821187,2.599412863624233,1.2052963742111125,1.0,4.106865224642409,3.677380682093717,2.6398210149061,2.5993818788713083,1.2058945735487874,1.0,4.106832820252666,3.677183842912595,2.6398638454773886,2.599392588913325,1.2059151514282984,1.0,97.3730061681907,97.29828448346727,97.4373745365704,97.39924030658229,97.4500033869208,97.4,0.020534164101263328,0.018385919214562976,0.013199319227386944,0.012996962944566625,0.006029575757141492,0.005,97.35247200408944,97.2798985642527,97.42417521734302,97.38624334363772,97.44397381116366,97.39500000000001,97.39354033229196,97.31667040268184,97.45057385579778,97.41223726952686,97.45603296267794,97.405,97.31667040268184,97.44397381116366,0.1273034084818221,0.001307016514187085,SCYB,HYG,2026-02-06,False,4218.0,3776.0,2711.0,2670.0,1238.0,1027.0,0.0,0.0,-2719.0,0.0,0.0,1030.0,JNK,HYLB,0.019175217343018858,0.00019687081461004986,1.0,True,False,False,1.0,SCYB,HYG,0.0,3776.0,0.0,0.0,-1238.0,0.0,0.0,0.0,-100059.2,0.0,0.0,99971.8,200031.0,-87.39999999999418,0.0,3776.0,2719.0,0.0,-1238.0,-1030.0,0.0,3776.0,2719.0,0.0,0.0,0.0,-0.0,-0.0,-0.0,-0.0,1238.0,1030.0,-0.0,-18.88,-13.595,-0.0,-6.19,-5.15,-43.815,0.0,0.0,-299.08999999999844,0.0,0.0,350.2000000000035,51.11000000000507,7.295000000005075,36.41000000001224
23.75,26.51,36.95,37.51,80.92,97.54,0.03999999999999915,0.05000000000000071,0.04000000000000625,0.03999999999999915,0.10999999999999943,0.14000000000000057,4.106947368421053,3.6793662768766504,2.63978349120433,2.6003732338043193,1.2053880375679684,1.0,4.106895232828068,3.677513843509999,2.6398323456403237,2.599459066765302,1.2058615062913831,1.0,4.106865224642409,3.677380682093717,2.6398210149061,2.5993818788713083,1.2058945735487874,1.0,97.5380490852572,97.48736188230444,97.5413865007804,97.50281427646277,97.58098889156787,97.54,0.020534326123212043,0.018386903410468586,0.013199105074530499,0.012996909394356541,0.006029472867743937,0.005,97.51751475913399,97.46897497889397,97.52818739570587,97.48981736706841,97.57495941870013,97.53500000000001,97.55858341138041,97.50574878571491,97.55458560585494,97.51581118585713,97.58701836443561,97.545,97.50574878571491,97.57495941870013,0.06921063298521801,0.0007095615438304082,SCYB,HYG,2026-02-09,False,4210.0,3769.0,2706.0,2664.0,1236.0,1025.0,0.0,3776.0,0.0,0.0,-1238.0,0.0,SCYB,HYG,0.06921063298521801,0.0007095615438304082,1.0,True,False,False,1.0,SCYB,HYG,0.0,3769.0,0.0,0.0,-1236.0,0.0,0.0,99912.96,0.0,0.0,-100042.78,0.0,199955.74,-129.81999999999243,0.0,-7.0,0.0,0.0,2.0,0.0,0.0,0.0,0.0,0.0,2.0,0.0,-0.0,7.0,-0.0,-0.0,-0.0,-0.0,-0.0,-0.035,-0.0,-0.0,-0.01,-0.0,-0.045000000000000005,0.0,188.80000000000268,0.0,0.0,-136.1799999999993,0.0,52.62000000000339,52.575000000003385,88.98500000001562
23.73,26.49,36.94,37.49,80.84,97.49,-0.019999999999999574,-0.020000000000003126,-0.010000000000005116,-0.01999999999999602,-0.0799999999999983,-0.05000000000001137,4.108301727770754,3.6802567006417517,2.639144558743909,2.600426780474793,1.2059623948540326,1.0,4.107013976215345,3.6777103443305705,2.639789573577519,2.5995522334027688,1.2058930909896624,1.0,4.106895232828068,3.677513843509999,2.6398323456403237,2.599459066765302,1.2058615062913831,1.0,97.45662387501005,97.41734171457986,97.51540684795356,97.45372041303118,97.48184416859542,97.49,0.02053447616414034,0.018387569217549995,0.013199161728201618,0.01299729533382651,0.006029307531456916,0.005,97.43608939884591,97.39895414536231,97.50220768622536,97.44072311769735,97.47581486106395,97.485,97.4771583511742,97.43572928379741,97.52860600968175,97.46671770836501,97.48787347612688,97.49499999999999,97.43572928379741,97.50220768622536,0.066478402427947,0.0006818997069232435,SCYB,HYLB,2026-02-10,False,4214.0,3773.0,2708.0,2667.0,1237.0,1026.0,0.0,3769.0,0.0,0.0,-1236.0,0.0,SCYB,HYG,0.04008557726653805,0.0004111762977386199,1.0,False,False,False,-1.0,SCYB,HYG,0.0,3773.0,0.0,0.0,-1237.0,0.0,0.0,99916.19,0.0,0.0,-100017.12,0.0,199933.31,-100.92999999999302,0.0,4.0,0.0,0.0,-1.0,0.0,0.0,4.0,0.0,0.0,0.0,0.0,-0.0,-0.0,-0.0,-0.0,1.0,-0.0,-0.0,-0.02,-0.0,-0.0,-0.005,-0.0,-0.025,-0.0,-75.38000000001179,-0.0,-0.0,98.87999999999789,-0.0,23.499999999986102,23.474999999986103,112.46000000000171
23.74,26.5,36.94,37.48,80.83,97.48,0.00999999999999801,0.010000000000001563,0.0,-0.010000000000005116,-0.010000000000005116,-0.009999999999990905,4.106149957877001,3.678490566037736,2.6388738494856527,2.6008537886873,1.2059878757886924,1.0,4.106962079405538,3.677900385983341,2.6397640602171175,2.5996614121988357,1.2059074403565895,1.0,4.107013976215345,3.6777103443305705,2.639789573577519,2.5995522334027688,1.2058930909896624,1.0,97.5005117953523,97.45932412476012,97.51382684795355,97.43121770793576,97.47233854469441,97.48,0.020535069881076725,0.01838855172165285,0.013198947867887596,0.012997761167013844,0.006029465454948312,0.005,97.47997672547122,97.44093557303846,97.50062790008566,97.41821994676874,97.46630907923947,97.47500000000001,97.52104686523337,97.47771267648177,97.52702579582144,97.44421546910277,97.47836801014935,97.485,97.44421546910277,97.50062790008566,0.056412430982888395,0.0005787077450029584,USHY,HYLB,2026-02-11,False,4214.0,3773.0,2708.0,2667.0,1237.0,1026.0,0.0,3773.0,0.0,0.0,-1237.0,0.0,SCYB,HYG,0.0,0.0,-1.0,False,False,False,1.0,USHY,HYLB,0.0,0.0,-2708.0,2667.0,0.0,0.0,0.0,99946.76999999999,0.0,0.0,-99999.08,0.0,199945.84999999998,-52.310000000012224,0.0,-3773.0,-2708.0,2667.0,1237.0,0.0,0.0,0.0,0.0,2667.0,1237.0,0.0,-0.0,3773.0,2708.0,-0.0,-0.0,-0.0,-0.0,-18.865000000000002,-13.540000000000001,-13.335,-6.1850000000000005,-0.0,-51.925000000000004,0.0,37.7300000000059,0.0,-0.0,12.370000000006328,-0.0,50.10000000001223,-1.8249999999877744,110.63500000001395
23.7,26.47,36.92,37.45,80.79,97.37,-0.03999999999999915,-0.030000000000001137,-0.01999999999999602,-0.02999999999999403,-0.03999999999999204,-0.10999999999999943,4.108438818565401,3.678503966754817,2.637323943661972,2.6,1.205223418739943,1.0,4.107047885880027,3.6779655391743544,2.6395848642632265,2.5996880079435165,1.2058650574929943,1.0,4.106962079405538,3.677900385983341,2.6397640602171175,2.5996614121988357,1.2059074403565895,1.0,97.33500128191126,97.35402321697903,97.46008910321598,97.35731988684641,97.42526210640887,97.37,0.020534810397027693,0.018389501929916705,0.013198820301085587,0.012998307060994179,0.006029537201782948,0.005,97.31446647151424,97.33563371504911,97.4468902829149,97.34432157978542,97.41923256920708,97.36500000000001,97.35553609230828,97.37241271890895,97.47328792351706,97.37031819390741,97.43129164361065,97.375,97.35553609230828,97.4468902829149,0.09135419060660865,0.0009382170135217074,SPHY,HYLB,2026-02-12,False,4218.0,3777.0,2711.0,2670.0,1238.0,1027.0,0.0,0.0,-2708.0,2667.0,0.0,0.0,USHY,HYLB,0.07657208900748458,0.0007864032967801641,1.0,True,False,False,1.0,SPHY,HYLB,4218.0,0.0,-2711.0,0.0,0.0,0.0,0.0,0.0,-100033.51999999999,99959.15999999999,0.0,0.0,199992.68,-74.36000000000058,4218.0,0.0,-3.0,-2667.0,0.0,0.0,4218.0,0.0,0.0,0.0,0.0,0.0,-0.0,-0.0,3.0,2667.0,-0.0,-0.0,-21.09,-0.0,-0.015,-13.335,-0.0,-0.0,-34.44,-0.0,-0.0,54.159999999989225,-80.00999999998407,-0.0,-0.0,-25.84999999999485,-60.28999999999485,50.3450000000191
23.74,26.49,36.94,37.49,80.85,97.48,0.03999999999999915,0.019999999999999574,0.01999999999999602,0.03999999999999915,0.05999999999998806,0.10999999999999943,4.106149957877001,3.6798791996979996,2.6388738494856527,2.6001600426780476,1.2056895485466916,1.0,4.1070192493200945,3.6780994540125276,2.639518832264251,2.5997226058221,1.2058459811197366,1.0,4.107047885880027,3.6779655391743544,2.6395848642632265,2.5996880079435165,1.2058650574929943,1.0,97.50131681079183,97.42930713272864,97.50626488588358,97.46230341780245,97.49418989830859,97.48,0.020535239429400134,0.01838982769587177,0.013197924321316133,0.012998440039717583,0.006029325287464971,0.005,97.48078157136243,97.41091730503277,97.49306696156226,97.44930497776272,97.48816057302112,97.47500000000001,97.52185205022124,97.44769696042451,97.5194628102049,97.47530185784217,97.50021922359606,97.485,97.44769696042451,97.49306696156226,0.04537000113775491,0.0004654288175805797,SCYB,HYLB,2026-02-13,False,4214.0,3774.0,2708.0,2667.0,1237.0,1026.0,4218.0,0.0,-2711.0,0.0,0.0,0.0,SPHY,HYLB,-0.028785088658977998,-0.00029529225132312264,1.0,False,True,False,0.0,,,0.0,0.0,0.0,0.0,0.0,0.0,99966.59999999999,0.0,-100090.12000000001,0.0,0.0,0.0,200056.72,-123.52000000001863,-4218.0,0.0,2711.0,0.0,0.0,0.0,0.0,0.0,2711.0,0.0,0.0,0.0,4218.0,-0.0,-0.0,-0.0,-0.0,-0.0,-21.09,-0.0,-13.555,-0.0,-0.0,-0.0,-34.644999999999996,168.7199999999964,0.0,-54.21999999998921,0.0,0.0,0.0,114.50000000000718,79.85500000000718,130.20000000002628
23.72,26.47,36.93,37.44,80.81,97.39,-0.019999999999999574,-0.019999999999999574,-0.00999999999999801,-0.05000000000000426,-0.03999999999999204,-0.09000000000000341,4.105817875210793,3.679259539100869,2.6371513674519362,2.6012286324786325,1.205172627150105,1.0,4.106892251438468,3.678190250516444,2.6393299643517514,2.599738836701549,1.2057889138707554,1.0,4.1070192493200945,3.6780994540125276,2.639518832264251,2.5997226058221,1.2058459811197366,1.0,97.41849659387263,97.3592925477116,97.47743047551879,97.33361436197941,97.44441373428592,97.39,0.020535096246600472,0.018390497270062638,0.013197594161321255,0.0129986130291105,0.006029229905598683,0.005,97.39796149762603,97.34090205044154,97.46423288135746,97.3206157489503,97.43838450438032,97.385,97.43903169011924,97.37768304498167,97.49062806968011,97.34661297500853,97.45044296419151,97.395,97.34661297500853,97.46423288135746,0.11761990634893493,0.0012077205703761673,USHY,HYLB,2026-02-17,False,4218.0,3777.0,2711.0,2670.0,1238.0,1027.0,0.0,0.0,0.0,0.0,0.0,0.0,,,0.0,0.0,0.0,True,False,False,1.0,USHY,HYLB,0.0,0.0,-2711.0,2670.0,0.0,0.0,0.0,0.0,0.0,0.0,0.0,0.0,0.0,0.0,0.0,0.0,-2711.0,2670.0,0.0,0.0,0.0,0.0,0.0,2670.0,0.0,0.0,-0.0,-0.0,2711.0,-0.0,-0.0,-0.0,-0.0,-0.0,-13.555,-13.35,-0.0,-0.0,-26.905,-0.0,-0.0,-0.0,-0.0,-0.0,-0.0,0.0,-26.905,103.29500000002628
23.75,26.52,36.97,37.52,80.91,97.53,0.030000000000001137,0.05000000000000071,0.03999999999999915,0.0800000000000054,0.09999999999999432,0.14000000000000057,4.106526315789473,3.6776018099547514,2.6380849337300516,2.599413646055437,1.2054134223210975,1.0,4.106938802819022,3.67821578185819,2.6392488174759055,2.599728165781092,1.205729466292448,1.0,4.106892251438468,3.678190250516444,2.6393299643517514,2.599738836701549,1.2057889138707554,1.0,97.5386909716636,97.54560544369609,97.57602878208425,97.54220115304211,97.56038102128281,97.53,0.020534461257192337,0.018390951252582218,0.013196649821758758,0.012998694183507744,0.006028944569353777,0.005,97.5181565104064,97.5272144924435,97.56283213226249,97.5292024588586,97.55435207671346,97.525,97.5592254329208,97.56399639494867,97.58922543190602,97.55519984722562,97.56640996585216,97.535,97.535,97.56283213226249,0.02783213226248904,0.00028536996065301997,JNK,HYLB,2026-02-18,False,4210.0,3770.0,2705.0,2665.0,1236.0,1025.0,0.0,0.0,-2711.0,2670.0,0.0,0.0,USHY,HYLB,0.0076322850368626405,7.82557678341294e-05,1.0,False,True,False,0.0,,,0.0,0.0,0.0,0.0,0.0,0.0,0.0,0.0,-100117.23,99964.79999999999,0.0,0.0,200082.02999999997,-152.43000000000757,0.0,0.0,2711.0,-2670.0,0.0,0.0,0.0,0.0,2711.0,0.0,0.0,0.0,-0.0,-0.0,-0.0,2670.0,-0.0,-0.0,-0.0,-0.0,-13.555,-13.35,-0.0,-0.0,-26.905,0.0,0.0,-108.4399999999977,213.6000000000144,0.0,0.0,105.16000000001671,78.25500000001671,181.55000000004298
23.76,26.52,36.99,37.52,80.94,97.55,0.010000000000001563,0.0,0.020000000000003126,0.0,0.030000000000001137,0.01999999999999602,4.10563973063973,3.6783559577677223,2.637199243038659,2.5999466950959484,1.2052137385717816,1.0,4.106891372649373,3.6782553384838934,2.639115253865767,2.5997308140321698,1.205672105883759,1.0,4.106938802819022,3.67821578185819,2.6392488174759055,2.599728165781092,1.205729466292448,1.0,97.58086595497998,97.5462825348792,97.62581375843375,97.54180078010657,97.59174300171074,97.55,0.020534694014095113,0.01839107890929095,0.013196244087379528,0.012998640828905459,0.00602864733146224,0.005,97.5603312609659,97.52789145596991,97.61261751434637,97.52880213927766,97.58571435437928,97.545,97.60140064899407,97.56467361378849,97.63901000252113,97.55479942093548,97.5977716490422,97.55499999999999,97.55479942093548,97.61261751434637,0.05781809341088717,0.0005927021364519443,USHY,HYLB,2026-02-19,False,4210.0,3770.0,2705.0,2665.0,1236.0,1025.0,0.0,0.0,0.0,0.0,0.0,0.0,,,0.0,0.0,0.0,False,False,False,-0.0,,,0.0,0.0,0.0,0.0,0.0,0.0,0.0,0.0,0.0,0.0,0.0,0.0,0.0,0.0,0.0,0.0,0.0,0.0,0.0,0.0,0.0,0.0,0.0,0.0,0.0,0.0,-0.0,-0.0,-0.0,-0.0,-0.0,-0.0,-0.0,-0.0,-0.0,-0.0,-0.0,-0.0,0.0,0.0,0.0,0.0,0.0,0.0,0.0,0.0,0.0,181.55000000004298
23.77,26.54,37.01,37.55,81.0,97.62,0.00999999999999801,0.019999999999999574,0.01999999999999602,0.02999999999999403,0.060000000000002274,0.07000000000000739,4.106857383256205,3.678221552373776,2.6376654958119428,2.5997336884154465,1.2051851851851851,1.0,4.106865114295404,3.678175435268309,2.6389596937049076,2.5996431095050148,1.2056209438569874,1.0,4.106891372649373,3.6782553384838934,2.639115253865767,2.5997308140321698,1.205672105883759,1.0,97.62080792787559,97.62089668336253,97.67365554557203,97.61989206690797,97.65944057658447,97.62,0.020534456863246866,0.018391276692419467,0.013195576269328836,0.01299865407016085,0.006028360529418795,0.005,97.60027347101234,97.6025054066701,97.6604599693027,97.6068934128378,97.65341221605506,97.61500000000001,97.64134238473883,97.63928796005496,97.68685112184136,97.63289072097812,97.66546893711389,97.625,97.625,97.6604599693027,0.035459969302706895,0.0003632449221748299,JNK,HYLB,2026-02-20,False,4205.0,3767.0,2702.0,2662.0,1235.0,1024.0,0.0,0.0,0.0,0.0,0.0,0.0,,,0.0,0.0,-0.0,False,True,False,0.0,,,0.0,0.0,0.0,0.0,0.0,0.0,0.0,0.0,0.0,0.0,0.0,0.0,0.0,0.0,0.0,0.0,0.0,0.0,0.0,0.0,0.0,0.0,0.0,0.0,0.0,0.0,-0.0,-0.0,-0.0,-0.0,-0.0,-0.0,-0.0,-0.0,-0.0,-0.0,-0.0,-0.0,0.0,0.0,0.0,0.0,0.0,0.0,0.0,0.0,0.0,181.55000000004298
23.74,26.53,36.97,37.5,80.87,97.5,-0.030000000000001137,-0.00999999999999801,-0.03999999999999915,-0.04999999999999716,-0.12999999999999545,-0.12000000000000455,4.106992417860152,3.6750848096494533,2.6372734649715985,2.6,1.205638679361939,1.0,4.106778127295884,3.6779635103372486,2.638816353195732,2.599600590238472,1.2055935359468493,1.0,4.106865114295404,3.678175435268309,2.6389596937049076,2.5996431095050148,1.2056209438569874,1.0,97.4969778133729,97.58199429766825,97.56233987627043,97.48661660643805,97.49856572971457,97.5,0.02053432557147702,0.018390877176341545,0.013194798468524538,0.012998215547525074,0.006028104719284937,0.005,97.47644348780142,97.5636034204919,97.54914507780191,97.47361839089052,97.49253762499528,97.495,97.51751213894437,97.60038517484459,97.57553467473895,97.49961482198557,97.50459383443386,97.505,97.49961482198557,97.5636034204919,0.06398859850632732,0.0006562933180136136,USHY,SCYB,2026-02-23,False,4214.0,3774.0,2708.0,2667.0,1237.0,1026.0,0.0,0.0,0.0,0.0,0.0,0.0,,,0.0,0.0,0.0,False,False,False,-0.0,,,0.0,0.0,0.0,0.0,0.0,0.0,0.0,0.0,0.0,0.0,0.0,0.0,0.0,0.0,0.0,0.0,0.0,0.0,0.0,0.0,0.0,0.0,0.0,0.0,0.0,0.0,-0.0,-0.0,-0.0,-0.0,-0.0,-0.0,-0.0,-0.0,-0.0,-0.0,-0.0,-0.0,0.0,-0.0,-0.0,-0.0,-0.0,-0.0,-0.0,0.0,0.0,181.55000000004298
23.73,26.49,36.94,37.45,80.81,97.39,-0.00999999999999801,-0.0400000000000027,-0.030000000000001137,-0.04999999999999716,-0.060000000000002274,-0.10999999999999943,4.104087652760219,3.6764816912042284,2.636437466161343,2.600534045393858,1.205172627150105,1.0,4.106613382417117,3.6778657316367536,2.6386349911303832,2.599656493463833,1.2055417460183233,1.0,4.106778127295884,3.6779635103372486,2.638816353195732,2.599600590238472,1.2055935359468493,1.0,97.45384496073133,97.42925338883371,97.47787608705033,97.35504210443078,97.4240136398649,97.39,0.02053389063647942,0.018389817551686245,0.01319408176597866,0.01299800295119236,0.006027967679734247,0.005,97.43331107009485,97.41086357128202,97.46468200528436,97.34204410147959,97.41798567218517,97.385,97.47437885136782,97.44764320638541,97.49107016881631,97.36804010738197,97.43004160754462,97.395,97.36804010738197,97.46468200528436,0.09664189790238709,0.000992318491656095,USHY,HYLB,2026-02-24,False,4218.0,3777.0,2710.0,2670.0,1238.0,1027.0,0.0,0.0,0.0,0.0,0.0,0.0,,,0.0,0.0,-0.0,True,False,False,1.0,USHY,HYLB,0.0,0.0,-2710.0,2670.0,0.0,0.0,0.0,0.0,0.0,0.0,0.0,0.0,0.0,0.0,0.0,0.0,-2710.0,2670.0,0.0,0.0,0.0,0.0,0.0,2670.0,0.0,0.0,-0.0,-0.0,2710.0,-0.0,-0.0,-0.0,-0.0,-0.0,-13.55,-13.35,-0.0,-0.0,-26.9,-0.0,-0.0,-0.0,-0.0,-0.0,-0.0,0.0,-26.9,154.65000000004298
23.75,26.52,36.99,37.52,80.92,97.56,0.019999999999999574,0.030000000000001137,0.05000000000000426,0.07000000000000028,0.10999999999999943,0.1700000000000017,4.10778947368421,3.6787330316742084,2.6374695863746958,2.6002132196162044,1.2056351952545725,1.0,4.106740801593991,3.6779683614405156,2.6384831198558065,2.599744118351224,1.20551181426941,1.0,4.106613382417117,3.6778657316367536,2.6386349911303832,2.599656493463833,1.2055417460183233,1.0,97.53206783240653,97.5369992030067,97.60310832191288,97.53911163476302,97.55243808780273,97.56,0.020533066912085587,0.018389328658183768,0.013193174955651917,0.012998282467319164,0.006027708730091617,0.005,97.51153476549445,97.51860987434851,97.58991514695724,97.5261133522957,97.54641037907264,97.555,97.5526008993186,97.55538853166489,97.61630149686853,97.55210991723034,97.55846579653281,97.565,97.55210991723034,97.58991514695724,0.03780522972689937,0.0003875074797755163,USHY,HYLB,2026-02-25,False,4209.0,3770.0,2705.0,2665.0,1236.0,1025.0,0.0,0.0,-2710.0,2670.0,0.0,0.0,USHY,HYLB,0.03780522972689937,0.0003875074797755163,1.0,False,True,False,0.0,,,0.0,0.0,0.0,0.0,0.0,0.0,0.0,0.0,-100107.4,99991.50000000001,0.0,0.0,200098.90000000002,-115.89999999997963,0.0,0.0,2710.0,-2670.0,0.0,0.0,0.0,0.0,2710.0,0.0,0.0,0.0,-0.0,-0.0,-0.0,2670.0,-0.0,-0.0,-0.0,-0.0,-13.55,-13.35,-0.0,-0.0,-26.9,0.0,0.0,-135.50000000001154,186.90000000000077,0.0,0.0,51.399999999989234,24.499999999989235,179.1500000000322
23.74,26.52,36.97,37.49,80.85,97.48,-0.010000000000001563,0.0,-0.020000000000003126,-0.030000000000001137,-0.07000000000000739,-0.0799999999999983,4.106149957877001,3.675716440422323,2.636732485799297,2.6001600426780476,1.2056895485466916,1.0,4.106777404905731,3.6778753271787132,2.6383321665060193,2.599834523462267,1.205486568103457,1.0,4.106740801593991,3.6779683614405156,2.6384831198558065,2.599744118351224,1.20551181426941,1.0,97.49402662984133,97.53972094540248,97.54472094106916,97.4644069969874,97.46563018368178,97.48,0.020533704007969954,0.01838984180720258,0.013192415599279033,0.012998720591756122,0.00602755907134705,0.005,97.47349292583336,97.52133110359527,97.53152852546988,97.45140827639565,97.45960262461044,97.47500000000001,97.5145603338493,97.55811078720969,97.55791335666844,97.47740571757916,97.47165774275312,97.485,97.47165774275312,97.53152852546988,0.059870782716757276,0.0006141852966429758,HYG,HYLB,2026-02-26,False,4214.0,3774.0,2707.0,2667.0,1237.0,1026.0,0.0,0.0,0.0,0.0,0.0,0.0,,,0.0,0.0,0.0,False,False,False,-0.0,,,0.0,0.0,0.0,0.0,0.0,0.0,0.0,0.0,0.0,0.0,0.0,0.0,0.0,0.0,0.0,0.0,0.0,0.0,0.0,0.0,0.0,0.0,0.0,0.0,0.0,0.0,-0.0,-0.0,-0.0,-0.0,-0.0,-0.0,-0.0,-0.0,-0.0,-0.0,-0.0,-0.0,0.0,-0.0,0.0,-0.0,-0.0,-0.0,-0.0,0.0,0.0,179.1500000000322
23.7,26.47,36.92,37.39,80.72,97.25,-0.03999999999999915,-0.05000000000000071,-0.04999999999999716,-0.10000000000000142,-0.12999999999999545,-0.23000000000000398,4.10337552742616,3.673970532678504,2.634073672806067,2.600962824284568,1.2047819623389495,1.0,4.106481700402723,3.6776761863935254,2.637999113247349,2.599917229951688,1.2054023291847389,1.0,4.106777404905731,3.6778753271787132,2.6383321665060193,2.599834523462267,1.205486568103457,1.0,97.33062449626583,97.35335991042054,97.40722358740224,97.20781283225416,97.30687577731105,97.25,0.020533887024528658,0.018389376635893566,0.013191660832530096,0.012999172617311334,0.006027432840517285,0.005,97.3100906092413,97.33497053378464,97.39403192656971,97.19481365963685,97.30084834447054,97.245,97.35115838329035,97.37174928705643,97.42041524823478,97.22081200487148,97.31290321015156,97.255,97.22081200487148,97.39403192656971,0.17321992169823375,0.0017811817141206556,USHY,HYLB,2026-02-27,False,4222.0,3781.0,2712.0,2673.0,1239.0,1028.0,0.0,0.0,0.0,0.0,0.0,0.0,,,0.0,0.0,-0.0,True,False,False,1.0,USHY,HYLB,0.0,0.0,-2712.0,2673.0,0.0,0.0,0.0,0.0,0.0,0.0,0.0,0.0,0.0,0.0,0.0,0.0,-2712.0,2673.0,0.0,0.0,0.0,0.0,0.0,2673.0,0.0,0.0,-0.0,-0.0,2712.0,-0.0,-0.0,-0.0,-0.0,-0.0,-13.56,-13.365,-0.0,-0.0,-26.925,-0.0,-0.0,-0.0,-0.0,-0.0,-0.0,0.0,-26.925,152.2250000000322
23.54,26.31,36.7,37.21,80.28,96.68,-0.16000000000000014,-0.16000000000000014,-0.21999999999999886,-0.17999999999999972,-0.4399999999999977,-0.5699999999999932,4.107051826677996,3.674648422652984,2.63433242506812,2.598226283257189,1.2042850024912806,1.0,4.1065026376644145,3.6776745729656937,2.637704938279433,2.599886992573633,1.205323186804372,1.0,4.106481700402723,3.6776761863935254,2.637999113247349,2.599917229951688,1.2054023291847389,1.0,96.6665792274801,96.75966046401365,96.81456745617771,96.74292012650231,96.76969898695084,96.68,0.020532408502013617,0.018388380931967627,0.013189995566236746,0.01299958614975844,0.006027011645923694,0.005,96.64604681897809,96.74127208308168,96.80137746061148,96.72992054035255,96.76367197530492,96.67500000000001,96.6871116359821,96.77804884494562,96.82775745174395,96.75591971265207,96.77572599859677,96.685,96.685,96.80137746061148,0.11637746061147425,0.0012037387320177311,JNK,HYLB,2026-03-02,True,4246.0,3803.0,2728.0,2688.0,1246.0,1034.0,0.0,0.0,-2712.0,2673.0,0.0,0.0,USHY,HYLB,0.045457747959403605,0.00047018771161981386,1.0,True,False,False,1.0,JNK,HYLB,0.0,0.0,-2728.0,0.0,0.0,1034.0,0.0,0.0,-100127.04000000001,99943.47,0.0,0.0,200070.51,-183.57000000000698,0.0,0.0,-16.0,-2673.0,0.0,1034.0,0.0,0.0,0.0,0.0,0.0,1034.0,-0.0,-0.0,16.0,2673.0,-0.0,-0.0,-0.0,-0.0,-0.08,-13.365,-0.0,-5.17,-18.615000000000002,-0.0,-0.0,596.6399999999969,-481.13999999999925,-0.0,-0.0,115.49999999999767,96.88499999999766,249.11000000002986
23.48,26.25,36.63,37.12,80.12,96.46,-0.05999999999999872,-0.05999999999999872,-0.07000000000000028,-0.09000000000000341,-0.1599999999999966,-0.22000000000001307,4.108177172061328,3.6746666666666665,2.633360633360633,2.5985991379310347,1.2039440838741886,1.0,4.106468458292797,3.6775332839425317,2.6373143857326555,2.599838305583373,1.2052381079722054,1.0,4.1065026376644145,3.6776745729656937,2.637704938279433,2.599886992573633,1.205323186804372,1.0,96.42068193236045,96.53895754034946,96.61913188917563,96.50780516433326,96.57049372676629,96.46,0.020532513188322072,0.01838837286482847,0.013188524691397165,0.012999434962868166,0.00602661593402186,0.005,96.40014941917212,96.52056916748462,96.60594336448423,96.4948057293704,96.56446711083227,96.455,96.44121444554878,96.55734591321429,96.63232041386703,96.52080459929613,96.5765203427003,96.46499999999999,96.44121444554878,96.60594336448423,0.16472891893545238,0.001707743302254327,SPHY,HYLB,2026-03-03,False,4258.0,3814.0,2735.0,2696.0,1250.0,1037.0,0.0,0.0,-2728.0,0.0,0.0,1034.0,JNK,HYLB,0.14094336448424372,0.0014611586614580523,1.0,True,False,True,0.0,,,0.0,0.0,0.0,0.0,0.0,0.0,0.0,0.0,-100117.6,0.0,0.0,99967.12000000001,200084.72000000003,-150.47999999999593,0.0,0.0,2728.0,0.0,0.0,-1034.0,0.0,0.0,2728.0,0.0,0.0,0.0,-0.0,-0.0,-0.0,-0.0,-0.0,1034.0,-0.0,-0.0,-13.64,-0.0,-0.0,-5.17,-18.810000000000002,-0.0,-0.0,190.96000000000078,-0.0,-0.0,-227.48000000001352,-36.52000000001274,-55.330000000012745,193.7800000000171
23.56,26.33,36.74,37.25,80.4,96.8,0.0799999999999983,0.0799999999999983,0.10999999999999943,0.13000000000000256,0.28000000000000114,0.3400000000000034,4.108658743633277,3.676414736042537,2.6347305389221556,2.5986577181208053,1.2039800995024874,1.0,4.106561589649218,3.677440977266398,2.637114378911473,2.5997738638571306,1.2051732378234448,1.0,4.106468458292797,3.6775332839425317,2.6373143857326555,2.599838305583373,1.2052381079722054,1.0,96.7483968773783,96.82945136620685,96.89493053181776,96.84397688298064,96.90114388096532,96.8,0.020532342291463987,0.018387666419712657,0.013186571928663278,0.012999191527916865,0.006026190539861027,0.005,96.72786453508684,96.81106369978714,96.8817439598891,96.83097769145273,96.89511769042547,96.795,96.76892921966976,96.84783903262657,96.90811710374642,96.85697607450855,96.90717007150518,96.80499999999999,96.76892921966976,96.89511769042547,0.12618847075570727,0.0013035999045011082,SPHY,HYG,2026-03-04,False,4242.0,3799.0,2724.0,2686.0,1245.0,1033.0,0.0,0.0,0.0,0.0,0.0,0.0,,,0.0,0.0,0.0,True,False,False,1.0,SPHY,HYG,4242.0,0.0,0.0,0.0,-1245.0,0.0,0.0,0.0,0.0,0.0,0.0,0.0,0.0,0.0,4242.0,0.0,0.0,0.0,-1245.0,0.0,4242.0,0.0,0.0,0.0,0.0,0.0,-0.0,-0.0,-0.0,-0.0,1245.0,-0.0,-21.21,-0.0,-0.0,-0.0,-6.2250000000000005,-0.0,-27.435000000000002,0.0,0.0,0.0,0.0,0.0,0.0,0.0,-27.435000000000002,166.3450000000171
23.45,26.22,36.6,37.08,80.08,96.38,-0.10999999999999943,-0.10999999999999943,-0.14000000000000057,-0.1700000000000017,-0.3200000000000074,-0.4200000000000017,4.110021321961621,3.6758199847444697,2.6333333333333333,2.599244875943905,1.2035464535464535,1.0,4.106842875527519,3.6774507501599425,2.6369097799616266,2.5998404415227045,1.2051235696796312,1.0,4.106561589649218,3.677440977266398,2.637114378911473,2.5997738638571306,1.2051732378234448,1.0,96.29886927727415,96.42250242392495,96.51838626815992,96.3996148718224,96.51027288490145,96.38,0.02053280794824609,0.01838720488633199,0.013185571894557364,0.012998869319285653,0.006025866189117224,0.005,96.27833646932591,96.40411521903862,96.50520069626536,96.3866160025031,96.50424701871233,96.375,96.31940208522239,96.44088962881129,96.53157184005447,96.41261374114168,96.51629875109057,96.38499999999999,96.31940208522239,96.50520069626536,0.18579861104296924,0.0019277714364284006,SPHY,HYLB,2026-03-05,False,4263.0,3817.0,2737.0,2699.0,1251.0,1038.0,4242.0,0.0,0.0,0.0,-1245.0,0.0,SPHY,HYG,0.18484493348994135,0.0019178764628547558,1.0,True,False,False,1.0,SPHY,HYLB,4263.0,0.0,-2737.0,0.0,0.0,0.0,99941.51999999999,0.0,0.0,0.0,-100098.0,0.0,200039.52,-156.48000000001048,21.0,0.0,-2737.0,0.0,1245.0,0.0,21.0,0.0,0.0,0.0,1245.0,0.0,-0.0,-0.0,2737.0,-0.0,-0.0,-0.0,-0.105,-0.0,-13.685,-0.0,-6.2250000000000005,-0.0,-20.015,-466.6199999999976,-0.0,-0.0,-0.0,398.4000000000092,-0.0,-68.21999999998843,-88.23499999998843,78.11000000002868
23.36,26.08,36.45,36.92,79.69,95.91,-0.08999999999999986,-0.14000000000000057,-0.14999999999999858,-0.1599999999999966,-0.39000000000000057,-0.46999999999999886,4.105736301369863,3.6775306748466257,2.631275720164609,2.5977789815817984,1.20353871251098,1.0,4.106842042541866,3.677501526326516,2.6365985659698574,2.5997963250060785,1.2050372493757129,1.0,4.106842875527519,3.6774507501599425,2.6369097799616266,2.5998404415227045,1.2051235696796312,1.0,95.93584957232285,95.90791556417129,96.11536147960129,95.98610910101826,96.03629726776981,95.91,0.020534214377637597,0.018387253750799713,0.013184548899808133,0.012999202207613523,0.006025617848398156,0.005,95.91531535794522,95.88952831042049,96.10217693070149,95.97310989881065,96.03027164992142,95.905,95.95638378670048,95.92630281792209,96.12854602850109,95.99910830322587,96.0423228856182,95.91499999999999,95.91499999999999,96.10217693070149,0.1871769307014972,0.0019515893097851863,JNK,HYLB,2026-03-06,False,4283.0,3836.0,2750.0,2712.0,1257.0,1043.0,4263.0,0.0,-2737.0,0.0,0.0,0.0,SPHY,HYLB,0.1457931440010043,0.001520103680544305,1.0,True,False,False,1.0,JNK,HYLB,0.0,0.0,-2750.0,0.0,0.0,1043.0,99967.34999999999,0.0,-100174.2,0.0,0.0,0.0,200141.55,-206.85000000000582,-4263.0,0.0,-13.0,0.0,0.0,1043.0,0.0,0.0,0.0,0.0,0.0,1043.0,4263.0,-0.0,13.0,-0.0,-0.0,-0.0,-21.315,-0.0,-0.065,-0.0,-0.0,-5.215,-26.595000000000002,-383.6699999999994,-0.0,410.5499999999961,-0.0,-0.0,-0.0,26.8799999999967,0.2849999999966961,78.39500000002538
23.47,26.23,36.63,37.1,80.17,96.43,0.10999999999999943,0.15000000000000213,0.17999999999999972,0.17999999999999972,0.480000000000004,0.5200000000000102,4.108649339582446,3.6763248189096456,2.6325416325416326,2.599191374663073,1.2028190096045903,1.0,4.106875943515084,3.677266368934886,2.6362830846058793,2.5997852505580203,1.2049133811453867,1.0,4.106842042541866,3.677501526326516,2.6365985659698574,2.5997963250060785,1.2050372493757129,1.0,96.3875827384576,96.46086503554451,96.57860547147588,96.45244365772551,96.6078362824509,96.43,0.020534210212709333,0.01838750763163258,0.013182992829849288,0.012998981625030393,0.0060251862468785645,0.005,96.36704852824488,96.44247752791289,96.56542247864603,96.43944467610048,96.60181109620403,96.42500000000001,96.40811694867031,96.47925254317614,96.59178846430574,96.46544263935054,96.61386146869778,96.435,96.40811694867031,96.60181109620403,0.19369414753371927,0.0020086502907157447,SPHY,HYG,2026-03-09,False,4259.0,3814.0,2734.0,2696.0,1250.0,1037.0,0.0,0.0,-2750.0,0.0,0.0,1043.0,JNK,HYLB,0.1304224786460253,0.0013525093710051363,1.0,True,False,False,1.0,SPHY,HYG,4259.0,0.0,0.0,0.0,-1250.0,0.0,0.0,0.0,-100237.50000000001,0.0,0.0,100034.12999999999,200271.63,-203.37000000002445,4259.0,0.0,2750.0,0.0,-1250.0,-1043.0,4259.0,0.0,2750.0,0.0,0.0,0.0,-0.0,-0.0,-0.0,-0.0,1250.0,1043.0,-21.295,-0.0,-13.75,-0.0,-6.25,-5.215,-46.510000000000005,0.0,0.0,-494.9999999999992,0.0,0.0,542.3600000000107,47.360000000011496,0.8500000000114909,79.24500000003687
23.45,26.19,36.57,37.07,80.04,96.31,-0.019999999999999574,-0.03999999999999915,-0.060000000000002274,-0.030000000000001137,-0.12999999999999545,-0.12000000000000455,4.107036247334755,3.6773577701412754,2.633579436696746,2.598057728621527,1.2032733633183408,1.0,4.1068803874607696,3.677165943598118,2.6359728818805004,2.5996694752988807,1.2048076474329055,1.0,4.106875943515084,3.677266368934886,2.6362830846058793,2.5997852505580203,1.2049133811453867,1.0,96.30624087542873,96.30760620240467,96.40887240403701,96.37403923818582,96.44126702687676,96.31,0.02053437971757542,0.01838633184467443,0.013181415423029396,0.012998926252790102,0.006024566905726934,0.005,96.28570649571115,96.28921987055999,96.39569098861398,96.36104031193302,96.43524245997104,96.305,96.3267752551463,96.32599253424935,96.42205381946005,96.38703816443861,96.44729159378248,96.315,96.315,96.43524245997104,0.12024245997103833,0.001248494029395061,JNK,HYG,2026-03-10,False,4263.0,3817.0,2736.0,2699.0,1251.0,1038.0,4259.0,0.0,0.0,0.0,-1250.0,0.0,SPHY,HYG,0.10846720482473415,0.0011262299327664226,1.0,True,False,False,1.0,JNK,HYG,0.0,0.0,0.0,0.0,-1251.0,1038.0,99958.73,0.0,0.0,0.0,-100212.5,0.0,200171.22999999998,-253.77000000000407,-4259.0,0.0,0.0,0.0,-1.0,1038.0,0.0,0.0,0.0,0.0,0.0,1038.0,4259.0,-0.0,-0.0,-0.0,1.0,-0.0,-21.295,-0.0,-0.0,-0.0,-0.005,-5.19,-26.490000000000002,-85.17999999999819,-0.0,-0.0,-0.0,162.49999999999432,-0.0,77.31999999999613,50.829999999996126,130.075000000033
23.39,26.14,36.5,36.98,79.86,96.11,-0.05999999999999872,-0.05000000000000071,-0.07000000000000028,-0.09000000000000341,-0.18000000000000682,-0.20000000000000284,4.109020949123557,3.6767406273909717,2.6331506849315067,2.598972417522986,1.203481091910844,1.0,4.10691634852841,3.676990139935578,2.6356731881898803,2.59959675715129,1.2046835822857458,1.0,4.1068803874607696,3.677165943598118,2.6359728818805004,2.5996694752988807,1.2048076474329055,1.0,96.0599322627074,96.1211177656548,96.21301018863826,96.1357771965526,96.21593872399183,96.11,0.02053440193730385,0.01838582971799059,0.013179864409402503,0.012998347376494404,0.006024038237164527,0.005,96.03939786077011,96.10273193593682,96.19983032422886,96.1227788491761,96.20991468575467,96.105,96.0804666646447,96.13950359537279,96.22619005304767,96.14877554392909,96.22196276222898,96.115,96.0804666646447,96.20991468575467,0.12944802110996534,0.001346873593902459,SPHY,HYG,2026-03-11,False,4271.0,3824.0,2741.0,2704.0,1253.0,1040.0,0.0,0.0,0.0,0.0,-1251.0,1038.0,JNK,HYG,0.09491468575467366,0.0009875630606042416,1.0,True,False,False,1.0,SPHY,HYG,4271.0,0.0,0.0,0.0,-1253.0,0.0,0.0,0.0,0.0,0.0,-100130.04000000001,99969.78,200099.82,-160.2600000000093,4271.0,0.0,0.0,0.0,-2.0,-1038.0,4271.0,0.0,0.0,0.0,0.0,0.0,-0.0,-0.0,-0.0,-0.0,2.0,1038.0,-21.355,-0.0,-0.0,-0.0,-0.01,-5.19,-26.555000000000003,-0.0,-0.0,-0.0,-0.0,225.18000000000853,-207.60000000000295,17.580000000005583,-8.97499999999442,121.10000000003856
23.25,25.98,36.25,36.75,79.35,95.47,-0.14000000000000057,-0.16000000000000014,-0.25,-0.22999999999999687,-0.5100000000000051,-0.6400000000000006,4.106236559139785,3.6747498075442646,2.633655172413793,2.5978231292517004,1.2031505986137367,1.0,4.106920678591549,3.676803102010904,2.6354122543362872,2.5994452241795107,1.2045417184269982,1.0,4.10691634852841,3.676990139935578,2.6356731881898803,2.59959675715129,1.2046835822857458,1.0,95.48580510328553,95.52820383552633,95.54315307188315,95.53518082530991,95.59164225437392,95.47,0.020534581742642048,0.018384950699677893,0.013178365940949401,0.01299798378575645,0.006023417911428729,0.005,95.46527052154289,95.50981888482664,95.52997470594221,95.52218284152416,95.5856188364625,95.465,95.50633968502817,95.54658878622601,95.5563314378241,95.54817880909566,95.59766567228534,95.475,95.475,95.5856188364625,0.11061883646250692,0.0011586764058081798,JNK,HYG,2026-03-12,False,4300.0,3850.0,2760.0,2722.0,1261.0,1047.0,4271.0,0.0,0.0,0.0,-1253.0,0.0,SPHY,HYG,0.07927915143433495,0.0008304090440382837,1.0,True,False,False,1.0,JNK,HYG,0.0,0.0,0.0,0.0,-1261.0,1047.0,99898.69,0.0,0.0,0.0,-100064.58,0.0,199963.27000000002,-165.88999999999942,-4271.0,0.0,0.0,0.0,-8.0,1047.0,0.0,0.0,0.0,0.0,0.0,1047.0,4271.0,-0.0,-0.0,-0.0,8.0,-0.0,-21.355,-0.0,-0.0,-0.0,-0.04,-5.235,-26.63,-597.9400000000024,-0.0,-0.0,-0.0,639.0300000000065,-0.0,41.09000000000401,14.460000000004012,135.56000000004258
23.21,25.91,36.18,36.66,79.2,95.25,-0.03999999999999915,-0.07000000000000028,-0.07000000000000028,-0.09000000000000341,-0.14999999999999147,-0.21999999999999886,4.103834554071521,3.6761868004631415,2.632669983416252,2.598199672667758,1.2026515151515151,1.0,4.106690465366855,3.676687243696321,2.635179556324001,2.5993552078128985,1.2044131232475768,1.0,4.106920678591549,3.676803102010904,2.6354122543362872,2.5994452241795107,1.2045417184269982,1.0,95.32162895010985,95.26596837310252,95.34921536188688,95.29566191842085,95.39970409941826,95.25,0.020534603392957745,0.018384015510054523,0.013177061271681436,0.012997226120897555,0.006022708592134991,0.005,95.3010943467169,95.24758435759247,95.3360383006152,95.28266469229995,95.39368139082612,95.245,95.34216355350281,95.28435238861258,95.36239242315855,95.30865914454175,95.4057268080104,95.255,95.255,95.39368139082612,0.13868139082612174,0.001455972607098391,JNK,HYG,2026-03-13,False,4312.0,3861.0,2767.0,2729.0,1265.0,1050.0,0.0,0.0,0.0,0.0,-1261.0,1047.0,JNK,HYG,0.13868139082612174,0.001455972607098391,1.0,True,False,False,1.0,JNK,HYG,0.0,0.0,0.0,0.0,-1265.0,1050.0,0.0,0.0,0.0,0.0,-100060.34999999999,99957.09,200017.44,-103.25999999999476,0.0,0.0,0.0,0.0,-4.0,3.0,0.0,0.0,0.0,0.0,0.0,3.0,-0.0,-0.0,-0.0,-0.0,4.0,-0.0,-0.0,-0.0,-0.0,-0.0,-0.02,-0.015,-0.035,-0.0,-0.0,-0.0,-0.0,189.14999999998923,-230.3399999999988,-41.190000000009576,-41.22500000000957,94.335000000033
23.3,26.02,36.33,36.78,79.45,95.65,0.08999999999999986,0.10999999999999943,0.14999999999999858,0.12000000000000455,0.25,0.4000000000000057,4.105150214592275,3.676018447348194,2.6328103495733557,2.600598151169114,1.2039018250471996,1.0,4.106640478202619,3.676494206078831,2.634876381328387,2.599377113237452,1.204323737072602,1.0,4.106690465366855,3.676687243696321,2.635179556324001,2.5993552078128985,1.2044131232475768,1.0,95.68588784304772,95.66740208097828,95.73607328125095,95.60428454335842,95.69062264201997,95.65,0.020533452326834276,0.018383436218481607,0.013175897781620005,0.012996776039064493,0.006022065616237884,0.005,95.66535439072089,95.64901864475979,95.72289738346933,95.59128776731936,95.68460057640374,95.64500000000001,95.70642129537455,95.68578551719676,95.74924917903257,95.61728131939748,95.69664470763621,95.655,95.61728131939748,95.72289738346933,0.10561606407185309,0.0011041930378656883,USHY,HYLB,2026-03-16,False,4291.0,3842.0,2754.0,2716.0,1259.0,1045.0,0.0,0.0,0.0,0.0,-1265.0,1050.0,JNK,HYG,0.029600576403737477,0.0003094676048482747,1.0,True,False,False,1.0,USHY,HYLB,0.0,0.0,-2754.0,2716.0,0.0,0.0,0.0,0.0,0.0,0.0,-100188.0,100012.5,200200.5,-175.5,0.0,0.0,-2754.0,2716.0,1265.0,-1050.0,0.0,0.0,0.0,2716.0,1265.0,0.0,-0.0,-0.0,2754.0,-0.0,-0.0,1050.0,-0.0,-0.0,-13.77,-13.58,-6.325,-5.25,-38.925000000000004,0.0,0.0,0.0,0.0,-316.25,420.00000000000597,103.75000000000597,64.82500000000596,159.16000000003896
23.38,26.14,36.47,36.95,79.81,96.03,0.0799999999999983,0.120000000000001,0.14000000000000057,0.1700000000000017,0.35999999999999943,0.37999999999999545,4.1073567151411465,3.673680183626626,2.63312311488895,2.598917456021651,1.203232677609322,1.0,4.106717420199136,3.6762152383051188,2.634674968700237,2.5992615544146025,1.2042267395955633,1.0,4.106640478202619,3.676494206078831,2.634876381328387,2.599377113237452,1.204323737072602,1.0,96.01325438037723,96.10355854690064,96.09394162704626,96.04698433412385,96.11707745576437,96.03,0.020533202391013097,0.018382471030394153,0.013174381906641934,0.01299688556618726,0.0060216186853630106,0.005,95.99272117798623,96.08517607587025,96.08076724513963,96.03398744855767,96.11105583707901,96.025,96.03378758276824,96.12194101793104,96.1071160089529,96.05998121969003,96.12309907444974,96.035,96.03378758276824,96.11105583707901,0.07726825431076634,0.0008046262033819258,SPHY,HYG,2026-03-17,False,4275.0,3827.0,2743.0,2706.0,1254.0,1041.0,0.0,0.0,-2754.0,2716.0,0.0,0.0,USHY,HYLB,0.020786025449595513,0.00021645345672805907,1.0,True,False,False,1.0,SPHY,HYG,4275.0,0.0,0.0,0.0,-1254.0,0.0,0.0,0.0,-100052.81999999999,99894.48,0.0,0.0,199947.3,-158.3399999999965,4275.0,0.0,2754.0,-2716.0,-1254.0,0.0,4275.0,0.0,2754.0,0.0,0.0,0.0,-0.0,-0.0,-0.0,2716.0,1254.0,-0.0,-21.375,-0.0,-13.77,-13.58,-6.2700000000000005,-0.0,-54.995,0.0,0.0,-385.56000000000154,461.72000000000463,0.0,0.0,76.1600000000031,21.165000000003097,180.32500000004205
23.27,26.0,36.3,36.79,79.4,95.58,-0.10999999999999943,-0.14000000000000057,-0.1700000000000017,-0.1600000000000037,-0.4099999999999966,-0.45000000000000284,4.1074344649763646,3.676153846153846,2.6330578512396694,2.5979885838543084,1.203778337531486,1.0,4.10676282765848,3.676142840115073,2.634423614575718,2.5991903013045463,1.2041449853560826,1.0,4.106717420199136,3.6762152383051188,2.634674968700237,2.5992615544146025,1.2042267395955633,1.0,95.56331436803389,95.58159619593309,95.6387013638186,95.62683258691322,95.61560312388772,95.58,0.02053358710099568,0.018381076191525594,0.013173374843501185,0.012996307772073014,0.006021133697977817,0.005,95.54278078093289,95.56321511974156,95.6255279889751,95.61383627914115,95.60958199018974,95.575,95.58384795513489,95.59997727212462,95.6518747386621,95.6398288946853,95.62162425758571,95.585,95.58384795513489,95.6255279889751,0.04168003384020835,0.00043607484662281184,SPHY,HYLB,2026-03-18,False,4296.0,3845.0,2756.0,2719.0,1260.0,1046.0,4275.0,0.0,0.0,0.0,-1254.0,0.0,SPHY,HYG,0.025734035054853166,0.0002692407936268379,1.0,False,True,False,0.0,,,0.0,0.0,0.0,0.0,0.0,0.0,99949.5,0.0,0.0,0.0,-100081.74,0.0,200031.24,-132.24000000000524,-4275.0,0.0,0.0,0.0,1254.0,0.0,0.0,0.0,0.0,0.0,1254.0,0.0,4275.0,-0.0,-0.0,-0.0,-0.0,-0.0,-21.375,-0.0,-0.0,-0.0,-6.2700000000000005,-0.0,-27.645,-470.24999999999756,-0.0,-0.0,-0.0,514.1399999999958,-0.0,43.889999999998224,16.244999999998225,196.57000000004027
23.34,26.05,36.4,36.88,79.66,95.79,0.07000000000000028,0.05000000000000071,0.10000000000000142,0.09000000000000341,0.2599999999999909,0.21000000000000796,4.104113110539846,3.677159309021113,2.631593406593407,2.59734273318872,1.2024855636454934,1.0,4.106686496653486,3.676083007677742,2.6341433227534554,2.5990601032091845,1.2040085766097681,1.0,4.10676282765848,3.676142840115073,2.634423614575718,2.5991903013045463,1.2041449853560826,1.0,95.85184439754893,95.76352098499765,95.89301957055612,95.85813831211168,95.92218953346554,95.79,0.020533814138292403,0.018380714200575365,0.013172118072878589,0.012995951506522732,0.0060207249267804136,0.005,95.83131058341064,95.74514027079708,95.87984745248325,95.84514236060515,95.91616880853876,95.78500000000001,95.87237821168722,95.78190169919823,95.906191688629,95.8711342636182,95.92821025839233,95.795,95.78190169919823,95.91616880853876,0.1342671093405272,0.0014016819014565946,SCYB,HYG,2026-03-19,False,4287.0,3838.0,2750.0,2714.0,1257.0,1044.0,0.0,0.0,0.0,0.0,0.0,0.0,,,0.0,0.0,0.0,True,False,False,1.0,SCYB,HYG,0.0,3838.0,0.0,0.0,-1257.0,0.0,0.0,0.0,0.0,0.0,0.0,0.0,0.0,0.0,0.0,3838.0,0.0,0.0,-1257.0,0.0,0.0,3838.0,0.0,0.0,0.0,0.0,-0.0,-0.0,-0.0,-0.0,1257.0,-0.0,-0.0,-19.19,-0.0,-0.0,-6.285,-0.0,-25.475,0.0,0.0,0.0,0.0,0.0,0.0,0.0,-25.475,171.09500000004027
23.12,25.81,36.06,36.54,78.92,94.95,-0.21999999999999886,-0.240000000000002,-0.3399999999999963,-0.3400000000000034,-0.7399999999999949,-0.8400000000000034,4.106833910034602,3.6788066640836887,2.6331114808652245,2.598522167487685,1.2031170805879372,1.0,4.106685322992407,3.6761122632632386,2.6339156220061195,2.5989995271627966,1.2039051713799056,1.0,4.106686496653486,3.676083007677742,2.6341433227534554,2.5990601032091845,1.2040085766097681,1.0,94.9465918026286,94.87970242816252,94.98720821848961,94.9696561712636,95.0203568660429,94.95,0.02053343248326743,0.018380415038388713,0.013170716613767277,0.012995300516045923,0.00602004288304884,0.005,94.92605837014534,94.86132201312412,94.97403750187584,94.95666087074754,95.01433682315985,94.94500000000001,94.96712523511187,94.89808284320091,95.00037893510338,94.98265147177965,95.02637690892595,94.955,94.89808284320091,95.01433682315985,0.11625397995894104,0.0012243705103627282,SCYB,HYG,2026-03-20,False,4324.0,3871.0,2774.0,2737.0,1268.0,1053.0,0.0,3838.0,0.0,0.0,-1257.0,0.0,SCYB,HYG,0.11625397995894104,0.0012243705103627282,1.0,True,False,False,1.0,SCYB,HYG,0.0,3871.0,0.0,0.0,-1268.0,0.0,0.0,99979.90000000001,0.0,0.0,-100132.62,0.0,200112.52000000002,-152.7199999999866,0.0,33.0,0.0,0.0,-11.0,0.0,0.0,33.0,0.0,0.0,0.0,0.0,-0.0,-0.0,-0.0,-0.0,11.0,-0.0,-0.0,-0.165,-0.0,-0.0,-0.055,-0.0,-0.22,-0.0,-921.1200000000076,-0.0,-0.0,930.1799999999936,-0.0,9.059999999985962,8.839999999985961,179.93500000002624
23.26,25.98,36.3,36.75,79.44,95.5,0.14000000000000057,0.1700000000000017,0.23999999999999488,0.21000000000000085,0.519999999999996,0.5499999999999972,4.105760963026655,3.67590454195535,2.630853994490358,2.598639455782313,1.2021651560926485,1.0,4.106623750250732,3.6761532498785328,2.6335946484820574,2.598931499951912,1.203731495216441,1.0,4.106685322992407,3.6761122632632386,2.6339156220061195,2.5989995271627966,1.2039051713799056,1.0,95.5215006128034,95.50539659957894,95.61113707882213,95.51323262323278,95.6382268144197,95.5,0.020533426614962033,0.018380561316316192,0.013169578110030597,0.012994997635813983,0.006019525856899528,0.005,95.50096718618843,95.48701603826262,95.59796750071209,95.50023762559697,95.6322072885628,95.495,95.54203403941835,95.52377716089526,95.62430665693216,95.5262276208686,95.6442463402766,95.505,95.505,95.6322072885628,0.1272072885628006,0.001332013492804195,JNK,HYG,2026-03-23,False,4300.0,3849.0,2758.0,2721.0,1260.0,1047.0,0.0,3871.0,0.0,0.0,-1268.0,0.0,SCYB,HYG,0.1084301276675319,0.001135394006989863,1.0,True,False,False,1.0,JNK,HYG,0.0,0.0,0.0,0.0,-1260.0,1047.0,0.0,99910.51,0.0,0.0,-100070.56,0.0,199981.07,-160.0500000000029,0.0,-3871.0,0.0,0.0,8.0,1047.0,0.0,0.0,0.0,0.0,8.0,1047.0,-0.0,3871.0,-0.0,-0.0,-0.0,-0.0,-0.0,-19.355,-0.0,-0.0,-0.04,-5.235,-24.63,0.0,658.0700000000066,0.0,0.0,-659.3599999999949,0.0,-1.2899999999882539,-25.919999999988253,154.015000000038
23.2,25.91,36.19,36.67,79.17,95.23,-0.060000000000002274,-0.07000000000000028,-0.10999999999999943,-0.0799999999999983,-0.269999999999996,-0.269999999999996,4.1047413793103456,3.675414897722887,2.631389886709036,2.596945732206163,1.20285461664772,1.0,4.106656436578238,3.676099910204466,2.633342269509442,2.5987520842925274,1.2036155946913218,1.0,4.106623750250732,3.6761532498785328,2.6335946484820574,2.598931499951912,1.203731495216441,1.0,95.27367100581696,95.24913070435278,95.30979032856565,95.30281810323662,95.29942247628564,95.23,0.02053311875125366,0.018380766249392663,0.013167973242410288,0.012994657499759562,0.006018657476082205,0.005,95.2531378870657,95.23074993810339,95.29662235532325,95.28982344573686,95.29340381880957,95.22500000000001,95.29420412456822,95.26751147060217,95.32295830180806,95.31581276073638,95.30544113376172,95.235,95.235,95.29662235532325,0.061622355323251554,0.0006470897335214906,JNK,HYLB,2026-03-24,False,4312.0,3860.0,2765.0,2729.0,1264.0,1050.0,0.0,0.0,0.0,0.0,-1260.0,1047.0,JNK,HYG,0.05840381880956613,0.0006132922273397682,1.0,False,False,False,-1.0,JNK,HYG,0.0,0.0,0.0,0.0,-1264.0,1050.0,0.0,0.0,0.0,0.0,-100094.4,99988.5,200082.9,-105.89999999999418,0.0,0.0,0.0,0.0,-4.0,3.0,0.0,0.0,0.0,0.0,0.0,3.0,-0.0,-0.0,-0.0,-0.0,4.0,-0.0,-0.0,-0.0,-0.0,-0.0,-0.02,-0.015,-0.035,-0.0,-0.0,-0.0,-0.0,340.199999999995,-282.68999999999585,57.50999999999914,57.47499999999914,211.49000000003713
23.28,25.98,36.32,36.77,79.42,95.55,0.08000000000000185,0.07000000000000028,0.13000000000000256,0.10000000000000142,0.25,0.3199999999999932,4.104381443298969,3.6778290993071594,2.630781938325991,2.598585803644275,1.2030974565600603,1.0,4.106486035058976,3.676054713586114,2.6330078871070066,2.5986707134939313,1.203488707756596,1.0,4.106656436578238,3.676099910204466,2.633342269509442,2.5987520842925274,1.2036155946913218,1.0,95.60296184354138,95.50507566711202,95.64299122858294,95.55611413943623,95.59115053038478,95.55,0.020533282182891188,0.01838049955102233,0.01316671134754721,0.012993760421462637,0.00601807797345661,0.005,95.58242856135848,95.486695167561,95.62982451723539,95.54312037901477,95.58513245241133,95.545,95.62349512572428,95.52345616666305,95.6561579399305,95.5691078998577,95.59716860835823,95.55499999999999,95.52345616666305,95.62982451723539,0.10636835057233895,0.0011132218793546726,SCYB,HYLB,2026-03-25,False,4300.0,3849.0,2757.0,2721.0,1260.0,1047.0,0.0,0.0,0.0,0.0,-1264.0,1050.0,JNK,HYG,0.0,0.0,-1.0,True,False,False,1.0,SCYB,HYLB,0.0,3849.0,-2757.0,0.0,0.0,0.0,0.0,0.0,0.0,0.0,-100070.88,99991.5,200062.38,-79.38000000000466,0.0,3849.0,-2757.0,0.0,1264.0,-1050.0,0.0,3849.0,0.0,0.0,1264.0,0.0,-0.0,-0.0,2757.0,-0.0,-0.0,1050.0,-0.0,-19.245,-13.785,-0.0,-6.32,-5.25,-44.6,0.0,0.0,0.0,0.0,-316.0,335.99999999999284,19.999999999992838,-24.600000000007164,186.89000000002997
23.13,25.81,36.08,36.55,78.92,94.95,-0.15000000000000213,-0.1700000000000017,-0.240000000000002,-0.22000000000000597,-0.5,-0.5999999999999943,4.105058365758755,3.6788066640836887,2.6316518847006654,2.59781121751026,1.2031170805879372,1.0,4.106431455453063,3.676209224769182,2.6327538570520757,2.5985532722355416,1.2033600843586585,1.0,4.106486035058976,3.676054713586114,2.6330078871070066,2.5986707134939313,1.203488707756596,1.0,94.9830219909141,94.8789721576576,94.99892456682079,94.98141457820319,94.97932881615057,94.95,0.020532430175294877,0.01838027356793057,0.013165039435535033,0.012993353567469657,0.006017443538782981,0.005,94.9624895607388,94.86059188408967,94.98575952738526,94.96842122463572,94.97331137261179,94.94500000000001,95.00355442108939,94.89735243122553,95.01208960625632,94.99440793177065,94.98534625968935,94.955,94.89735243122553,94.98575952738526,0.08840709615972742,0.0009310910601340434,SCYB,HYLB,2026-03-26,False,4324.0,3871.0,2773.0,2736.0,1267.0,1053.0,0.0,3849.0,-2757.0,0.0,0.0,0.0,SCYB,HYLB,0.08840709615972742,0.0009310910601340434,1.0,True,False,False,1.0,SCYB,HYLB,0.0,3871.0,-2773.0,0.0,0.0,0.0,0.0,99997.02,-100134.24,0.0,0.0,0.0,200131.26,-137.22000000000116,0.0,22.0,-16.0,0.0,0.0,0.0,0.0,22.0,0.0,0.0,0.0,0.0,-0.0,-0.0,16.0,-0.0,-0.0,-0.0,-0.0,-0.11,-0.08,-0.0,-0.0,-0.0,-0.19,-0.0,-654.3300000000065,661.6800000000055,-0.0,-0.0,-0.0,7.3499999999989996,7.159999999998999,194.05000000002897
23.06,25.75,36.0,36.44,78.72,94.66,-0.07000000000000028,-0.05999999999999872,-0.0799999999999983,-0.10999999999999943,-0.20000000000000284,-0.29000000000000625,4.104943625325238,3.676116504854369,2.6294444444444443,2.597694840834248,1.202489837398374,1.0,4.106509860348018,3.676316523377975,2.632522395633994,2.598389873063026,1.2032454781116297,1.0,4.106431455453063,3.676209224769182,2.6327538570520757,2.5985532722355416,1.2033600843586585,1.0,94.69430936274763,94.66238753780644,94.77913885387473,94.69128124026312,94.7285058407136,94.66,0.020532157277265317,0.01838104612384591,0.013163769285260378,0.012992766361177709,0.006016800421793292,0.005,94.67377720547037,94.64400649168259,94.76597508458947,94.67828847390194,94.7224890402918,94.655,94.71484152002489,94.68076858393029,94.79230262315998,94.7042740066243,94.73452264113538,94.66499999999999,94.66499999999999,94.76597508458947,0.10097508458947857,0.0010667133381521083,JNK,HYLB,2026-03-27,False,4336.0,3882.0,2780.0,2744.0,1271.0,1056.0,0.0,3871.0,-2773.0,0.0,0.0,0.0,SCYB,HYLB,0.0852065006591829,0.0009001320585166162,1.0,True,False,False,1.0,JNK,HYLB,0.0,0.0,-2780.0,0.0,0.0,1056.0,0.0,99910.51,-100049.84,0.0,0.0,0.0,199960.34999999998,-139.33000000000175,0.0,-3871.0,-7.0,0.0,0.0,1056.0,0.0,0.0,0.0,0.0,0.0,1056.0,-0.0,3871.0,7.0,-0.0,-0.0,-0.0,-0.0,-19.355,-0.035,-0.0,-0.0,-5.28,-24.67,-0.0,-232.25999999999505,221.83999999999526,-0.0,-0.0,-0.0,-10.419999999999789,-35.08999999999979,158.9600000000292
23.09,25.77,36.02,36.48,78.81,94.76,0.030000000000001137,0.019999999999999574,0.020000000000003126,0.03999999999999915,0.09000000000000341,0.10000000000000853,4.1039411000433095,3.6771439658517657,2.6307606885063852,2.597587719298246,1.202385484075625,1.0,4.106354324016283,3.676441300537914,2.6323438088059072,2.5983579448650787,1.2031505021908468,1.0,4.106509860348018,3.676316523377975,2.632522395633994,2.598389873063026,1.2032454781116297,1.0,94.81931267543573,94.73867680745042,94.82345669073646,94.78926256933917,94.82777612997754,94.76,0.02053254930174009,0.018381582616889876,0.01316261197816997,0.01299194936531513,0.006016227390558149,0.005,94.79878012613399,94.72029522483352,94.81029407875829,94.77627061997386,94.82175990258698,94.75500000000001,94.83984522473746,94.75705839006731,94.83661930271464,94.80225451870449,94.8337923573681,94.765,94.75705839006731,94.82175990258698,0.06470151251966172,0.000682793504850799,SCYB,HYG,2026-03-30,False,4332.0,3879.0,2777.0,2741.0,1269.0,1055.0,0.0,0.0,-2780.0,0.0,0.0,1056.0,JNK,HYLB,0.04529407875828895,0.00047798732332512603,1.0,False,False,False,-1.0,JNK,HYLB,0.0,0.0,-2777.0,0.0,0.0,1055.0,0.0,0.0,-100080.0,0.0,0.0,99960.95999999999,200040.96,-119.04000000000815,0.0,0.0,3.0,0.0,0.0,-1.0,0.0,0.0,3.0,0.0,0.0,0.0,-0.0,-0.0,-0.0,-0.0,-0.0,1.0,-0.0,-0.0,-0.015,-0.0,-0.0,-0.005,-0.02,0.0,0.0,-55.60000000000869,0.0,0.0,105.600000000009,50.00000000000031,49.98000000000031,208.9400000000295
23.32,26.0,36.16,36.84,79.56,95.72,0.23000000000000043,0.23000000000000043,0.13999999999999346,0.36000000000000654,0.75,0.9599999999999937,4.104631217838765,3.6815384615384614,2.64712389380531,2.598262757871878,1.2031171442936148,1.0,4.106177026305155,3.6767848902815046,2.6330319718281414,2.5983411258621207,1.2031091552118185,1.0,4.106354324016283,3.676441300537914,2.6323438088059072,2.5983579448650787,1.2031505021908468,1.0,95.76018283605971,95.58747381398577,95.1855521264216,95.7235066888295,95.72265395430378,95.72,0.020531771620081414,0.018382206502689572,0.013161719044029536,0.012991789724325393,0.006015752510954235,0.005,95.73965106443963,95.56909160748307,95.17239040737756,95.71051489910518,95.71663820179283,95.715,95.7807146076798,95.60585602048846,95.19871384546563,95.73649847855383,95.72866970681473,95.725,95.19871384546563,95.73965106443963,0.540937218973994,0.0056512454970120566,HYLB,SPHY,2026-03-31,False,4291.0,3842.0,2751.0,2715.0,1257.0,1045.0,0.0,0.0,-2777.0,0.0,0.0,1055.0,JNK,HYLB,0.0,0.0,-1.0,True,False,False,1.0,HYLB,SPHY,-4291.0,0.0,2751.0,0.0,0.0,0.0,0.0,0.0,-100027.54000000001,0.0,0.0,99971.8,199999.34000000003,-55.74000000000524,-4291.0,0.0,5528.0,0.0,0.0,-1055.0,0.0,0.0,5528.0,0.0,0.0,0.0,4291.0,-0.0,-0.0,-0.0,-0.0,1055.0,-21.455000000000002,-0.0,-27.64,-0.0,-0.0,-5.275,-54.37,0.0,0.0,-388.77999999998184,0.0,0.0,1012.7999999999934,624.0200000000116,569.6500000000116,778.5900000000411
23.24,25.94,36.24,36.73,79.37,95.47,-0.08000000000000185,-0.05999999999999872,0.0800000000000054,-0.11000000000000654,-0.18999999999999773,-0.25,4.108003442340792,3.6804163454124903,2.634381898454746,2.59923768037027,1.2028474234597455,1.0,4.106144261240531,3.6769849707500013,2.633014539804771,2.598370123974594,1.2030525214096812,1.0,4.106177026305155,3.6767848902815046,2.6330319718281414,2.5983411258621207,1.2031091552118185,1.0,95.4275540913318,95.37580005390224,95.42107865905184,95.43706955291569,95.49077364916204,95.47,0.020530885131525775,0.018383924451407522,0.013165159859140707,0.012991705629310605,0.006015545776059093,0.005,95.40702320620028,95.35741612945083,95.4079134991927,95.42407784728638,95.48475810338597,95.465,95.44808497646332,95.39418397835365,95.43424381891099,95.45006125854499,95.4967891949381,95.475,95.39418397835365,95.48475810338597,0.09057412503231888,0.0009487181840611593,SCYB,HYG,2026-04-01,True,4299.0,3850.0,2757.0,2720.0,1260.0,1047.0,-4291.0,0.0,2751.0,0.0,0.0,0.0,HYLB,SPHY,-0.02722061271070686,-0.0002851221610003861,1.0,True,False,False,1.0,SCYB,HYG,0.0,3850.0,0.0,0.0,-1260.0,0.0,-100066.12,0.0,99476.15999999999,0.0,0.0,0.0,199542.27999999997,-589.9600000000064,4291.0,3850.0,-2751.0,0.0,-1260.0,0.0,4291.0,3850.0,0.0,0.0,0.0,0.0,-0.0,-0.0,2751.0,-0.0,1260.0,-0.0,-21.455000000000002,-19.25,-13.755,-0.0,-6.3,-0.0,-60.76,343.28000000000793,-0.0,220.08000000001485,-0.0,-0.0,-0.0,563.3600000000228,502.60000000002276,1281.1900000000637
23.29,26.0,36.33,36.8,79.56,95.72,0.05000000000000071,0.05999999999999872,0.0899999999999963,0.07000000000000028,0.18999999999999773,0.25,4.109918419922714,3.6815384615384614,2.6347371318469586,2.601086956521739,1.2031171442936148,1.0,4.106139116138585,3.6772708945897015,2.633084729730452,2.5984622280034855,1.2030310559470392,1.0,4.106144261240531,3.6769849707500013,2.633014539804771,2.598370123974594,1.2030525214096812,1.0,95.63209984429196,95.60160923950004,95.65741823110731,95.62002056226505,95.71485860335424,95.72,0.020530721306202655,0.01838492485375001,0.013165072699023854,0.012991850619872972,0.006015262607048406,0.005,95.61156912298576,95.58322431464629,95.64425315840829,95.60702871164519,95.7088433407472,95.715,95.65263056559816,95.61999416435378,95.67058330380634,95.63301241288492,95.7208738659613,95.725,95.61999416435378,95.715,0.09500583564621934,0.0009925390268096463,SCYB,JNK,2026-04-02,False,4291.0,3842.0,2752.0,2715.0,1257.0,1045.0,0.0,3850.0,0.0,0.0,-1260.0,0.0,SCYB,HYG,0.08884917639340983,0.0009282195611513773,1.0,True,False,True,0.0,,,0.0,0.0,0.0,0.0,0.0,0.0,0.0,99869.0,0.0,0.0,-100006.20000000001,0.0,199875.2,-137.20000000001164,0.0,-3850.0,0.0,0.0,1260.0,0.0,0.0,0.0,0.0,0.0,1260.0,0.0,-0.0,3850.0,-0.0,-0.0,-0.0,-0.0,-0.0,-19.25,-0.0,-0.0,-6.3,-0.0,-25.55,0.0,230.99999999999508,0.0,0.0,-239.39999999999714,0.0,-8.400000000002052,-33.95000000000205,1247.2400000000616
23.34,26.05,36.38,36.88,79.7,95.91,0.05000000000000071,0.05000000000000071,0.05000000000000426,0.0800000000000054,0.14000000000000057,0.18999999999999773,4.109254498714653,3.681765834932821,2.636338647608576,2.6005965292841644,1.203387703889586,1.0,4.106315026005825,3.6774826525940107,2.63333787610265,2.5986031053886043,1.2030235055159695,1.0,4.106139116138585,3.6772708945897015,2.633084729730452,2.5984622280034855,1.2030310559470392,1.0,95.83728697067457,95.79290680406173,95.79162246759384,95.83128696876855,95.88157515897903,95.91,0.020530695580692922,0.018386354472948507,0.01316542364865226,0.012992311140017428,0.006015155279735196,0.005,95.81675627509388,95.77452044958878,95.77845704394518,95.81829465762853,95.87556000369929,95.905,95.85781766625526,95.81129315853468,95.8047878912425,95.84427927990858,95.88759031425877,95.91499999999999,95.8047878912425,95.905,0.10021210875750342,0.0010448556850954375,HYLB,JNK,2026-04-06,False,4283.0,3835.0,2746.0,2710.0,1255.0,1043.0,0.0,0.0,0.0,0.0,0.0,0.0,,,0.0,0.0,0.0,True,False,False,1.0,HYLB,JNK,0.0,0.0,2746.0,0.0,0.0,-1043.0,0.0,0.0,0.0,0.0,0.0,0.0,0.0,0.0,0.0,0.0,2746.0,0.0,0.0,-1043.0,0.0,0.0,2746.0,0.0,0.0,0.0,-0.0,-0.0,-0.0,-0.0,-0.0,1043.0,-0.0,-0.0,-13.73,-0.0,-0.0,-5.215,-18.945,0.0,0.0,0.0,0.0,0.0,0.0,0.0,-18.945,1228.2950000000617
23.34,26.04,36.4,36.91,79.72,95.92,0.0,-0.010000000000001563,0.01999999999999602,0.02999999999999403,0.01999999999999602,0.010000000000005116,4.109682947729221,3.6835637480798775,2.635164835164835,2.5987537252777027,1.203211239337682,1.0,4.106366706413163,3.6778445990525226,2.6334690362338105,2.5985812229193357,1.2030431170026241,1.0,4.106315026005825,3.6774826525940107,2.63333787610265,2.5986031053886043,1.2030235055159695,1.0,95.84139270697597,95.76164827354803,95.85349869013646,95.91444061989337,95.90503385973308,95.92,0.020531575130029126,0.018387413262970054,0.01316668938051325,0.012993015526943022,0.006015117527579847,0.005,95.82086113184593,95.74326086028506,95.84033200075595,95.90144760436642,95.8990187422055,95.915,95.861924282106,95.780035686811,95.86666537951697,95.92743363542031,95.91104897726066,95.925,95.780035686811,95.915,0.13496431318900193,0.0014070508047227055,SCYB,JNK,2026-04-07,False,4283.0,3836.0,2747.0,2710.0,1255.0,1043.0,0.0,0.0,2746.0,0.0,0.0,-1043.0,HYLB,JNK,0.04833462048303261,0.00050390555132436,1.0,True,False,False,1.0,SCYB,JNK,0.0,3836.0,0.0,0.0,0.0,-1043.0,0.0,0.0,99899.48000000001,0.0,0.0,-100034.12999999999,199933.61,-134.64999999997963,0.0,3836.0,-2746.0,0.0,0.0,0.0,0.0,3836.0,0.0,0.0,0.0,0.0,-0.0,-0.0,2746.0,-0.0,-0.0,-0.0,-0.0,-19.18,-13.73,-0.0,-0.0,-0.0,-32.91,0.0,-0.0,54.919999999989074,0.0,0.0,-10.430000000005336,44.48999999998374,11.579999999983741,1239.8750000000455
23.49,26.21,36.63,37.11,80.19,96.48,0.14999999999999858,0.1700000000000017,0.23000000000000398,0.20000000000000284,0.46999999999999886,0.5600000000000023,4.10727969348659,3.6810377718428082,2.633906633906634,2.5998383185125307,1.2031425364758699,1.0,4.106378878720755,3.678028599137599,2.6334853960943048,2.598670252413886,1.2030365756605006,1.0,4.106366706413163,3.6778445990525226,2.6334690362338105,2.5985812229193357,1.2030431170026241,1.0,96.45855393364519,96.39630694116661,96.46397079724449,96.43334918253655,96.47202755244042,96.48,0.020531833532065814,0.018389222995262612,0.013167345181169052,0.012992906114596678,0.00601521558501312,0.005,96.43802210011313,96.37791771817135,96.45080345206331,96.42035627642196,96.46601233685541,96.47500000000001,96.47908576717725,96.41469616416188,96.47713814242566,96.44634208865114,96.47804276802543,96.485,96.41469616416188,96.47500000000001,0.06030383583812693,0.0006250397578578662,SCYB,JNK,2026-04-08,False,4254.0,3810.0,2728.0,2692.0,1246.0,1036.0,0.0,3836.0,0.0,0.0,0.0,-1043.0,SCYB,JNK,0.06030383583812693,0.0006250397578578662,1.0,False,False,False,-1.0,SCYB,JNK,0.0,3810.0,0.0,0.0,0.0,-1036.0,0.0,99889.44,0.0,0.0,0.0,-100044.56,199934.0,-155.11999999999534,0.0,-26.0,0.0,0.0,0.0,7.0,0.0,0.0,0.0,0.0,0.0,7.0,-0.0,26.0,-0.0,-0.0,-0.0,-0.0,-0.0,-0.13,-0.0,-0.0,-0.0,-0.035,-0.165,0.0,652.1200000000065,0.0,0.0,0.0,-584.0800000000024,68.04000000000406,67.87500000000405,1307.7500000000496
23.49,26.25,36.64,37.12,80.28,96.57,0.0,0.03999999999999915,0.00999999999999801,0.00999999999999801,0.09000000000000341,0.0899999999999892,4.111111111111111,3.6788571428571424,2.635644104803493,2.6015625,1.202914798206278,1.0,4.106483386820132,3.6781344249109074,2.6336100670879046,2.5987997565377365,1.2030082609752724,1.0,4.106378878720755,3.678028599137599,2.6334853960943048,2.598670252413886,1.2030365756605006,1.0,96.45883986115054,96.54825072736197,96.49090491289533,96.46263976960344,96.579776294025,96.57,0.020531894393603776,0.018390142995687996,0.013167426980471525,0.01299335126206943,0.006015182878302503,0.005,96.43830796675694,96.52986058436629,96.47773748591486,96.44964641834137,96.5737611111467,96.565,96.47937175554414,96.56664087035766,96.5040723398758,96.47563312086551,96.5857914769033,96.57499999999999,96.47563312086551,96.5737611111467,0.09812799028118491,0.0010161332741139579,USHY,HYG,2026-04-09,False,4254.0,3810.0,2728.0,2692.0,1246.0,1036.0,0.0,3810.0,0.0,0.0,0.0,-1036.0,SCYB,JNK,0.0,0.0,-1.0,True,False,False,1.0,USHY,HYG,0.0,0.0,0.0,2692.0,-1246.0,0.0,0.0,99860.1,0.0,0.0,0.0,-99953.28,199813.38,-93.17999999999302,0.0,-3810.0,0.0,2692.0,-1246.0,1036.0,0.0,0.0,0.0,2692.0,0.0,1036.0,-0.0,3810.0,-0.0,-0.0,1246.0,-0.0,-0.0,-19.05,-0.0,-13.46,-6.23,-5.18,-43.92000000000001,0.0,152.39999999999674,0.0,0.0,0.0,-93.23999999998881,59.160000000007926,15.240000000007917,1322.9900000000575
23.42,26.16,36.5,36.98,79.96,96.24,-0.06999999999999673,-0.08999999999999986,-0.14000000000000057,-0.14000000000000057,-0.3200000000000074,-0.3299999999999983,4.109308283518359,3.6788990825688073,2.636712328767123,2.6024878312601407,1.2036018009004503,1.0,4.106636973039061,3.6783418886621346,2.6337629249055707,2.5990329916381585,1.203030821089608,1.0,4.106483386820132,3.6781344249109074,2.6336100670879046,2.5987997565377365,1.2030082609752724,1.0,96.1738409193275,96.21999655566934,96.12676744870852,96.10361499676549,96.19254054758277,96.24,0.020532416934100663,0.018390672124554537,0.013168050335439524,0.012993998782688683,0.006015041304876362,0.005,96.1533085023934,96.20160588354479,96.11359939837308,96.0906209979828,96.18652550627789,96.235,96.1943733362616,96.2383872277939,96.13993549904396,96.11660899554818,96.19855558888764,96.24499999999999,96.11660899554818,96.235,0.11839100445182282,0.0012301642191585914,USHY,JNK,2026-04-10,False,4267.0,3822.0,2736.0,2700.0,1250.0,1039.0,0.0,0.0,0.0,2692.0,-1246.0,0.0,USHY,HYG,0.06991651072971194,0.0007264807848058183,1.0,True,False,False,1.0,USHY,JNK,0.0,0.0,0.0,2700.0,0.0,-1039.0,0.0,0.0,0.0,99927.04,-100028.88,0.0,199955.91999999998,-101.84000000001106,0.0,0.0,0.0,8.0,1246.0,-1039.0,0.0,0.0,0.0,8.0,1246.0,0.0,-0.0,-0.0,-0.0,-0.0,-0.0,1039.0,-0.0,-0.0,-0.0,-0.04,-6.23,-5.195,-11.465,-0.0,-0.0,-0.0,-376.88000000000153,398.72000000000924,-0.0,21.840000000007706,10.375000000007706,1333.3650000000653
23.51,26.25,36.63,37.12,80.26,96.58,0.08999999999999986,0.08999999999999986,0.13000000000000256,0.14000000000000057,0.30000000000001137,0.3400000000000034,4.108039132284134,3.679238095238095,2.6366366366366365,2.601831896551724,1.2033391477697482,1.0,4.106847201949693,3.6784944534008828,2.63396125756659,2.599214602832357,1.2030652027205195,1.0,4.106636973039061,3.6783418886621346,2.6337629249055707,2.5990329916381585,1.203030821089608,1.0,96.54703523614833,96.55647457738104,96.47473593929107,96.47610464960843,96.55525370065193,96.58,0.020533184865195304,0.018391709443310672,0.013168814624527854,0.012995164958190792,0.00601515410544804,0.005,96.52650205128313,96.53808286793773,96.46156712466654,96.46310948465025,96.54923854654649,96.575,96.56756842101353,96.57486628682435,96.48790475391559,96.48909981456661,96.56126885475737,96.585,96.48790475391559,96.575,0.08709524608441654,0.0009017938091159303,HYLB,JNK,2026-04-13,False,4250.0,3807.0,2726.0,2690.0,1245.0,1035.0,0.0,0.0,0.0,2700.0,0.0,-1039.0,USHY,JNK,0.08590018543338829,0.000889420018983105,1.0,True,False,False,1.0,HYLB,JNK,0.0,0.0,2726.0,0.0,0.0,-1035.0,0.0,0.0,0.0,99845.99999999999,0.0,-99993.36,199839.36,-147.36000000001513,0.0,0.0,2726.0,-2700.0,0.0,4.0,0.0,0.0,2726.0,0.0,0.0,4.0,-0.0,-0.0,-0.0,2700.0,-0.0,-0.0,-0.0,-0.0,-13.63,-13.5,-0.0,-0.02,-27.150000000000002,0.0,0.0,0.0,378.00000000000153,0.0,-353.2600000000035,24.73999999999802,-2.4100000000019826,1330.9550000000634
23.57,26.34,36.75,37.25,80.5,96.87,0.05999999999999872,0.08999999999999986,0.11999999999999744,0.13000000000000256,0.23999999999999488,0.29000000000000625,4.109885447602885,3.6776765375854215,2.635918367346939,2.6005369127516778,1.2033540372670808,1.0,4.107083963600223,3.6785773579127437,2.6341166584552687,2.5992115409114853,1.2030378133315138,1.0,4.106847201949693,3.6784944534008828,2.63396125756659,2.599214602832357,1.2030652027205195,1.0,96.79838854995425,96.89154390257926,96.79807621557218,96.82074395550529,96.84674881900182,96.87,0.020534236009748463,0.018392472267004415,0.013169806287832951,0.012996073014161785,0.006015326013602598,0.005,96.7778543139445,96.87315143031225,96.78490640928435,96.80774788249113,96.84073349298822,96.86500000000001,96.818922785964,96.90993637484627,96.81124602186001,96.83374002851946,96.85276414501541,96.875,96.81124602186001,96.87315143031225,0.061905408452233246,0.0006390565546839398,HYLB,SCYB,2026-04-14,False,4238.0,3796.0,2718.0,2682.0,1242.0,1032.0,0.0,0.0,2726.0,0.0,0.0,-1035.0,HYLB,JNK,0.053753978139994274,0.0005549084147826393,1.0,False,False,False,-1.0,HYLB,JNK,0.0,0.0,2718.0,0.0,0.0,-1032.0,0.0,0.0,99853.38,0.0,0.0,-99960.3,199813.68,-106.91999999999825,0.0,0.0,-8.0,0.0,0.0,3.0,0.0,0.0,0.0,0.0,0.0,3.0,-0.0,-0.0,8.0,-0.0,-0.0,-0.0,-0.0,-0.0,-0.04,-0.0,-0.0,-0.015,-0.055,0.0,0.0,327.119999999993,0.0,0.0,-300.15000000000646,26.969999999986555,26.914999999986556,1357.87000000005
23.56,26.32,36.71,37.22,80.46,96.81,-0.010000000000001563,-0.019999999999999574,-0.03999999999999915,-0.030000000000001137,-0.04000000000000625,-0.060000000000002274,4.109083191850594,3.6781914893617023,2.6371560882593297,2.6010209564750135,1.203206562266965,1.0,4.107170287435695,3.6788029231994974,2.634318307123788,2.5993167159341533,1.2030365075643958,1.0,4.107083963600223,3.6785773579127437,2.6341166584552687,2.5992115409114853,1.2030378133315138,1.0,96.76289818242125,96.82015606026341,96.69842253189292,96.74265355272549,96.7964224606536,96.81,0.020535419818001114,0.018392886789563717,0.013170583292276343,0.012996057704557426,0.006015189066657569,0.005,96.74236276260325,96.80176317347384,96.68525194860064,96.72965749502093,96.79040727158694,96.805,96.78343360223926,96.83854894705298,96.7115931151852,96.75564961043004,96.80243764972026,96.815,96.7115931151852,96.805,0.09340688481481152,0.0009648474828510642,HYLB,JNK,2026-04-15,False,4243.0,3800.0,2721.0,2685.0,1243.0,1033.0,0.0,0.0,2718.0,0.0,0.0,-1032.0,HYLB,JNK,0.0,0.0,-1.0,True,False,False,1.0,HYLB,JNK,0.0,0.0,2721.0,0.0,0.0,-1033.0,0.0,0.0,99886.5,0.0,0.0,-99969.84000000001,199856.34000000003,-83.34000000001106,0.0,0.0,3.0,0.0,0.0,-1.0,0.0,0.0,3.0,0.0,0.0,0.0,-0.0,-0.0,-0.0,-0.0,-0.0,1.0,-0.0,-0.0,-0.015,-0.0,-0.0,-0.005,-0.02,-0.0,-0.0,-108.71999999999768,-0.0,-0.0,61.92000000000235,-46.799999999995336,-46.81999999999534,1311.0500000000545
23.52,26.3,36.68,37.16,80.35,96.71,-0.03999999999999915,-0.019999999999999574,-0.030000000000001137,-0.060000000000002274,-0.10999999999999943,-0.10000000000000853,4.111819727891156,3.677186311787072,2.6365866957470008,2.6025296017222823,1.2036092097075295,1.0,4.107389550581435,3.6788545464811593,2.6344947493491544,2.599543766827552,1.203028051173198,1.0,4.107170287435695,3.6788029231994974,2.634318307123788,2.5993167159341533,1.2030365075643958,1.0,96.60064516048755,96.75251688014679,96.62679550530055,96.59060916411313,96.6639833827992,96.71,0.020535851437178475,0.018394014615997486,0.013171591535618941,0.012996583579670767,0.00601518253782198,0.005,96.58010930905037,96.7341228655308,96.61362391376493,96.57761258053347,96.65796820026138,96.705,96.62118101192472,96.77091089476278,96.63996709683617,96.6036057476928,96.66999856533702,96.71499999999999,96.6036057476928,96.7341228655308,0.13051711783799647,0.0013495721004859525,USHY,SCYB,2026-04-16,False,4247.0,3804.0,2724.0,2688.0,1244.0,1034.0,0.0,0.0,2721.0,0.0,0.0,-1033.0,HYLB,JNK,0.06503290316382504,0.0006724527263346607,1.0,True,False,False,1.0,USHY,SCYB,0.0,-3804.0,0.0,2688.0,0.0,0.0,0.0,0.0,99887.91,0.0,0.0,-100004.73,199892.64,-116.81999999999243,0.0,-3804.0,-2721.0,2688.0,0.0,1033.0,0.0,0.0,0.0,2688.0,0.0,1033.0,-0.0,3804.0,2721.0,-0.0,-0.0,-0.0,-0.0,-19.02,-13.605,-13.44,-0.0,-5.165,-51.23,-0.0,-0.0,-81.6300000000031,-0.0,-0.0,103.30000000000881,21.670000000005714,-29.559999999994282,1281.4900000000603
23.62,26.38,36.84,37.29,80.65,97.08,0.10000000000000142,0.0799999999999983,0.1600000000000037,0.13000000000000256,0.30000000000001137,0.37000000000000455,4.110076206604572,3.680060652009098,2.6351791530944624,2.603378921962993,1.2037197768133912,1.0,4.107687705384671,3.678999613630559,2.634674036674207,2.5998455762662656,1.203089761831593,1.0,4.107389550581435,3.6788545464811593,2.6344947493491544,2.599543766827552,1.203028051173198,1.0,97.0165411847335,97.04818293617298,97.05478656602286,96.9369870649994,97.02421232711843,97.08,0.020536947752907177,0.018394272732405795,0.013172473746745772,0.012997718834137759,0.00601514025586599,0.005,96.9960042369806,97.02978866344057,97.0416140922761,96.92398934616526,97.01819718686257,97.075,97.0370781324864,97.06657720890539,97.0679590397696,96.94998478383354,97.0302274673743,97.085,96.94998478383354,97.075,0.12501521616646016,0.0012877545958638254,USHY,JNK,2026-04-17,False,4231.0,3789.0,2714.0,2678.0,1239.0,1030.0,0.0,-3804.0,0.0,2688.0,0.0,0.0,USHY,SCYB,0.07980387960702728,0.0008220424351774546,1.0,True,False,False,1.0,USHY,JNK,0.0,0.0,0.0,2678.0,0.0,-1030.0,0.0,-100045.2,0.0,99886.07999999999,0.0,0.0,199931.27999999997,-159.1200000000099,0.0,3804.0,0.0,-10.0,0.0,-1030.0,0.0,3804.0,0.0,0.0,0.0,0.0,-0.0,-0.0,-0.0,10.0,-0.0,1030.0,-0.0,-19.02,-0.0,-0.05,-0.0,-5.15,-24.22,0.0,-304.3199999999935,0.0,349.4400000000069,0.0,0.0,45.12000000001336,20.900000000013364,1302.3900000000735
23.6,26.36,36.8,37.29,80.58,96.99,-0.019999999999999574,-0.019999999999999574,-0.04000000000000625,0.0,-0.07000000000000739,-0.09000000000000341,4.109745762711864,3.679438543247344,2.635597826086957,2.6009654062751406,1.2036485480268055,1.0,4.107833298018534,3.6790312075887415,2.634798353935294,2.5999677382056383,1.2031163352035363,1.0,4.107687705384671,3.678999613630559,2.634674036674207,2.5998455762662656,1.203089761831593,1.0,96.94142984707824,96.97842981530154,96.95600454961081,96.94824153896904,96.94497300838977,96.99,0.020538438526923355,0.018394998068152795,0.013173370183371036,0.012999227881331328,0.006015448809157965,0.005,96.92089140855131,96.96003481723339,96.94283117942744,96.9352423110877,96.93895755958061,96.985,96.96196828560517,96.99682481336968,96.96917791979418,96.96124076685038,96.95098845719892,96.99499999999999,96.95098845719892,96.985,0.03401154280108187,0.0003506706134764602,HYG,JNK,2026-04-20,False,4235.0,3793.0,2716.0,2680.0,1240.0,1031.0,0.0,0.0,0.0,2678.0,0.0,-1030.0,USHY,JNK,0.023759233149618808,0.0002449658021406208,1.0,False,True,False,0.0,,,0.0,0.0,0.0,0.0,0.0,0.0,0.0,0.0,0.0,99862.62,0.0,-99992.4,199855.02,-129.77999999999884,0.0,0.0,0.0,-2678.0,0.0,1030.0,0.0,0.0,0.0,0.0,0.0,1030.0,-0.0,-0.0,-0.0,2678.0,-0.0,-0.0,-0.0,-0.0,-0.0,-13.39,-0.0,-5.15,-18.54,-0.0,-0.0,-0.0,0.0,-0.0,92.70000000000351,92.70000000000351,74.16000000000352,1376.550000000077
23.55,26.31,36.71,37.19,80.37,96.75,-0.05000000000000071,-0.05000000000000071,-0.0899999999999963,-0.10000000000000142,-0.20999999999999375,-0.23999999999999488,4.10828025477707,3.6773090079817563,2.635521656224462,2.6015057811239584,1.2038073908174691,1.0,4.107959262606054,3.6791014308900616,2.635031737021999,2.6001110544727206,1.2031984469397774,1.0,4.107833298018534,3.6790312075887415,2.634798353935294,2.5999677382056383,1.2031163352035363,1.0,96.73947416833647,96.79531107165978,96.72344757296464,96.69280018386769,96.69445986030821,96.75,0.02053916649009267,0.018395156037943707,0.01317399176967647,0.012999838691028193,0.006015581676017682,0.005,96.71893500184638,96.77691591562184,96.71027358119497,96.67980034517666,96.68844427863219,96.745,96.76001333482657,96.81370622769772,96.73662156473432,96.70580002255872,96.70047544198424,96.755,96.70047544198424,96.77691591562184,0.07644047363760365,0.0007900824148589524,HYG,SCYB,2026-04-21,False,4247.0,3804.0,2724.0,2688.0,1244.0,1034.0,0.0,0.0,0.0,0.0,0.0,0.0,,,0.0,0.0,0.0,True,False,False,1.0,HYG,SCYB,0.0,-3804.0,0.0,0.0,1244.0,0.0,0.0,0.0,0.0,0.0,0.0,0.0,0.0,0.0,0.0,-3804.0,0.0,0.0,1244.0,0.0,0.0,0.0,0.0,0.0,1244.0,0.0,-0.0,3804.0,-0.0,-0.0,-0.0,-0.0,-0.0,-19.02,-0.0,-0.0,-6.22,-0.0,-25.24,-0.0,-0.0,-0.0,-0.0,-0.0,-0.0,0.0,-25.24,1351.310000000077
23.58,26.35,36.77,37.24,80.5,96.91,0.029999999999997584,0.0400000000000027,0.060000000000002274,0.05000000000000426,0.12999999999999545,0.1599999999999966,4.109838846480068,3.6777988614800754,2.6355724775632305,2.6023093447905477,1.2038509316770185,1.0,4.108214135964541,3.6792206290779212,2.635240866564709,2.6003792351019395,1.2032482626912422,1.0,4.107959262606054,3.6791014308900616,2.635031737021999,2.6001110544727206,1.2031984469397774,1.0,96.86567941225076,96.94432270395313,96.89011697029892,96.82813566856412,96.85747497865208,96.91,0.02053979631303027,0.01839550715445031,0.013175158685109996,0.013000555272363603,0.0060159922346988874,0.005,96.84513961593773,96.92592719679868,96.8769418116138,96.81513511329175,96.85145898641738,96.905,96.88621920856379,96.96271821110759,96.90329212898403,96.84113622383649,96.86349097088677,96.91499999999999,96.84113622383649,96.92592719679868,0.08479097296219607,0.0008749455470250342,USHY,SCYB,2026-04-22,False,4239.0,3797.0,2719.0,2683.0,1242.0,1032.0,0.0,-3804.0,0.0,0.0,1244.0,0.0,HYG,SCYB,0.06243622591190956,0.0006442702085637144,1.0,True,False,False,1.0,USHY,SCYB,0.0,-3797.0,0.0,2683.0,0.0,0.0,0.0,-100083.23999999999,0.0,0.0,99980.28,0.0,200063.52,-102.95999999999185,0.0,7.0,0.0,2683.0,-1244.0,0.0,0.0,7.0,0.0,2683.0,0.0,0.0,-0.0,-0.0,-0.0,-0.0,1244.0,-0.0,-0.0,-0.035,-0.0,-13.415000000000001,-6.22,-0.0,-19.67,0.0,-152.16000000001026,0.0,0.0,161.71999999999434,0.0,9.559999999984086,-10.110000000015916,1341.2000000000612
23.55,26.3,36.71,37.2,80.37,96.74,-0.029999999999997584,-0.05000000000000071,-0.060000000000002274,-0.03999999999999915,-0.12999999999999545,-0.1700000000000017,4.107855626326963,3.6783269961977183,2.6352492508853174,2.6005376344086018,1.2036829662809505,1.0,4.10838784511594,3.679245523922449,2.635464232192675,2.600476826640156,1.2032775381772869,1.0,4.108214135964541,3.6792206290779212,2.635240866564709,2.6003792351019395,1.2032482626912422,1.0,96.74844290196495,96.76350254474933,96.73969221159047,96.73410754579216,96.70506287249513,96.74,0.020541070679822707,0.018396103145389607,0.013176204332823545,0.013001896175509698,0.006016241313456211,0.005,96.72790183128512,96.74510644160394,96.72651600725764,96.72110564961665,96.69904663118167,96.735,96.76898397264478,96.78189864789472,96.75286841592329,96.74710944196767,96.7110791138086,96.74499999999999,96.7110791138086,96.74510644160394,0.0340273277953429,0.0003517400020192568,HYG,SCYB,2026-04-23,False,4248.0,3804.0,2725.0,2689.0,1244.0,1034.0,0.0,-3797.0,0.0,2683.0,0.0,0.0,USHY,SCYB,-0.002003000363728802,-2.070498618698369e-05,1.0,False,True,False,0.0,,,0.0,0.0,0.0,0.0,0.0,0.0,0.0,-100050.95000000001,0.0,99914.92,0.0,0.0,199965.87,-136.0300000000134,0.0,3797.0,0.0,-2683.0,0.0,0.0,0.0,3797.0,0.0,0.0,0.0,0.0,-0.0,-0.0,-0.0,2683.0,-0.0,-0.0,-0.0,-18.985,-0.0,-13.415000000000001,-0.0,-0.0,-32.4,-0.0,189.8500000000027,-0.0,-107.31999999999772,-0.0,-0.0,82.53000000000497,50.130000000004976,1391.330000000066
23.57,26.35,36.75,37.25,80.48,96.89,0.019999999999999574,0.05000000000000071,0.03999999999999915,0.04999999999999716,0.10999999999999943,0.15000000000000568,4.110733983877811,3.677039848197343,2.6364625850340135,2.601073825503356,1.2039015904572563,1.0,4.108671626021893,3.679157183128131,2.6357047672093428,2.600639957039811,1.203316763670753,1.0,4.10838784511594,3.679245523922449,2.635464232192675,2.600476826640156,1.2032775381772869,1.0,96.83470150938271,96.94811955535653,96.85331053308082,96.8677617923458,96.83977627250805,96.89,0.020541939225579703,0.018396227619612245,0.013177321160963375,0.013002384133200779,0.006016387690886435,0.005,96.81415957015713,96.92972332773691,96.84013321191985,96.8547594082126,96.83375988481716,96.885,96.85524344860829,96.96651578297615,96.86648785424178,96.880764176479,96.84579266019894,96.895,96.84579266019894,96.92972332773691,0.0839306675379703,0.0008662469557020363,HYG,SCYB,2026-04-24,False,4240.0,3797.0,2720.0,2684.0,1242.0,1032.0,0.0,0.0,0.0,0.0,0.0,0.0,,,0.0,0.0,0.0,True,False,False,1.0,HYG,SCYB,0.0,-3797.0,0.0,0.0,1242.0,0.0,0.0,0.0,0.0,0.0,0.0,0.0,0.0,0.0,0.0,-3797.0,0.0,0.0,1242.0,0.0,0.0,0.0,0.0,0.0,1242.0,0.0,-0.0,3797.0,-0.0,-0.0,-0.0,-0.0,-0.0,-18.985,-0.0,-0.0,-6.21,-0.0,-25.195,0.0,0.0,0.0,0.0,0.0,0.0,0.0,-25.195,1366.1350000000662
23.59,26.36,36.78,37.26,80.51,96.91,0.019999999999999574,0.00999999999999801,0.030000000000001137,0.00999999999999801,0.030000000000001137,0.01999999999999602,4.108096651123358,3.6764036418816386,2.6348558999456224,2.600912506709608,1.2037014035523537,1.0,4.108829277311799,3.679171539979495,2.6359753399844017,2.6008008403335787,1.2033773419784517,1.0,4.108671626021893,3.679157183128131,2.6357047672093428,2.600639957039811,1.203316763670753,1.0,96.92356365785646,96.98258334725753,96.94122133795963,96.89984479930335,96.87903264313232,96.91,0.020543358130109466,0.018395785915640655,0.013178523836046714,0.013003199785199055,0.006016583818353765,0.005,96.90302029972635,96.96418756134189,96.92804281412359,96.88684159951815,96.87301605931397,96.905,96.94410701598657,97.00097913317317,96.95439986179568,96.91284799908856,96.88504922695067,96.91499999999999,96.88504922695067,96.96418756134189,0.07913833439121731,0.0008166168031288548,HYG,SCYB,2026-04-27,False,4240.0,3797.0,2720.0,2684.0,1242.0,1032.0,0.0,-3797.0,0.0,0.0,1242.0,0.0,HYG,SCYB,0.07913833439121731,0.0008166168031288548,1.0,True,False,False,1.0,HYG,SCYB,0.0,-3797.0,0.0,0.0,1242.0,0.0,0.0,-100050.95000000001,0.0,0.0,99956.16,0.0,200007.11000000002,-94.79000000000815,0.0,0.0,0.0,0.0,0.0,0.0,0.0,0.0,0.0,0.0,0.0,0.0,-0.0,-0.0,-0.0,-0.0,-0.0,-0.0,-0.0,-0.0,-0.0,-0.0,-0.0,-0.0,0.0,0.0,-37.969999999992446,0.0,0.0,37.26000000000141,0.0,-0.7099999999910338,-0.7099999999910338,1365.4250000000752
23.57,26.32,36.74,37.2,80.4,96.8,-0.019999999999999574,-0.03999999999999915,-0.03999999999999915,-0.05999999999999517,-0.10999999999999943,-0.10999999999999943,4.106915570640645,3.6778115501519757,2.6347305389221556,2.6021505376344085,1.2039800995024874,1.0,4.108978000841666,3.6792049191945053,2.63617383250519,2.6010289812503866,1.2034570727497949,1.0,4.108829277311799,3.679171539979495,2.6359753399844017,2.6008008403335787,1.2033773419784517,1.0,96.84510606623911,96.83579493226031,96.84573399102692,96.74979126040914,96.75153829506752,96.8,0.020544146386558996,0.018395857699897475,0.01317987669992201,0.013004004201667894,0.006016886709892259,0.005,96.82456191985256,96.81739907456041,96.832554114327,96.73678725620748,96.74552140835763,96.795,96.86565021262567,96.85419078996021,96.85891386772684,96.7627952646108,96.7575551817774,96.80499999999999,96.7575551817774,96.832554114327,0.07499893254959034,0.000774782361049487,HYG,HYLB,2026-04-28,False,4244.0,3801.0,2723.0,2687.0,1243.0,1033.0,0.0,-3797.0,0.0,0.0,1242.0,0.0,HYG,SCYB,0.05984389278300739,0.0006182220328823077,1.0,True,False,False,1.0,HYG,HYLB,0.0,0.0,-2723.0,0.0,1243.0,0.0,0.0,-100088.92,0.0,0.0,99993.42000000001,0.0,200082.34000000003,-95.49999999998545,0.0,3797.0,-2723.0,0.0,1.0,0.0,0.0,3797.0,0.0,0.0,1.0,0.0,-0.0,-0.0,2723.0,-0.0,-0.0,-0.0,-0.0,-18.985,-13.615,-0.0,-0.005,-0.0,-32.605000000000004,-0.0,151.87999999999676,-0.0,-0.0,-136.6199999999993,-0.0,15.259999999997461,-17.345000000002543,1348.0800000000727
23.49,26.24,36.62,37.1,80.13,96.5,-0.08000000000000185,-0.08000000000000185,-0.12000000000000455,-0.10000000000000142,-0.27000000000001023,-0.29999999999999716,4.108131119625373,3.6775914634146343,2.635172037138176,2.6010781671159027,1.2042930238362661,1.0,4.109152995930996,3.6790075692883137,2.6355762396718334,2.6011697517125882,1.2035158667269275,1.0,4.108978000841666,3.6792049191945053,2.63617383250519,2.6010289812503866,1.2034570727497949,1.0,96.51989323977072,96.54233707966381,96.53668574634005,96.49817520438934,96.43301523944106,96.5,0.02054489000420833,0.01839602459597253,0.01318086916252595,0.013005144906251933,0.006017285363748974,0.005,96.49934834976652,96.52394105506784,96.52350487717753,96.4851700594831,96.42699795407731,96.495,96.54043812977493,96.56073310425978,96.54986661550258,96.51118034929559,96.43903252480482,96.505,96.43903252480482,96.52394105506784,0.08490853026302148,0.0008798811426219842,HYG,SCYB,2026-04-29,False,4257.0,3812.0,2731.0,2695.0,1247.0,1036.0,0.0,0.0,-2723.0,0.0,1243.0,0.0,HYG,HYLB,0.084472352372714,0.0008753611644840829,1.0,True,False,False,1.0,HYG,SCYB,0.0,-3812.0,0.0,0.0,1247.0,0.0,0.0,0.0,-100043.02,0.0,99937.20000000001,0.0,199980.22000000003,-105.81999999999243,0.0,-3812.0,2723.0,0.0,4.0,0.0,0.0,0.0,2723.0,0.0,4.0,0.0,-0.0,3812.0,-0.0,-0.0,-0.0,-0.0,-0.0,-19.06,-13.615,-0.0,-0.02,-0.0,-32.695,-0.0,-0.0,326.7600000000124,-0.0,-335.61000000001275,-0.0,-8.850000000000364,-41.545000000000364,1306.5350000000724
23.55,26.29,36.74,37.23,80.38,96.83,0.060000000000002274,0.05000000000000071,0.12000000000000455,0.12999999999999545,0.25,0.3299999999999983,4.1116772823779195,3.683149486496767,2.635547087642896,2.6008595218909485,1.2046528987310277,1.0,4.109336687932853,3.6791442263425282,2.635634499131241,2.6012508437886224,1.2036061404904914,1.0,4.109152995930996,3.6790075692883137,2.6355762396718334,2.6011697517125882,1.2035158667269275,1.0,96.77055305417497,96.72110899658976,96.83107104554317,96.84154985625965,96.73860536751042,96.83,0.020545764979654983,0.01839503784644157,0.013177881198359167,0.013005848758562942,0.006017579333634638,0.005,96.75000728919531,96.70271395874332,96.81789316434481,96.82854400750108,96.73258778817679,96.825,96.79109881915463,96.73950403443621,96.84424892674153,96.85455570501821,96.74462294684405,96.835,96.73950403443621,96.82854400750108,0.08903997306487099,0.0009195494481552308,SCYB,USHY,2026-04-30,False,4245.0,3800.0,2723.0,2687.0,1243.0,1033.0,0.0,-3812.0,0.0,0.0,1247.0,0.0,HYG,SCYB,-0.041908988100729516,-0.0004328099566325469,1.0,True,False,False,1.0,SCYB,USHY,0.0,3800.0,0.0,-2687.0,0.0,0.0,0.0,-100026.87999999999,0.0,0.0,99922.11,0.0,199948.99,-104.76999999998952,0.0,7612.0,0.0,-2687.0,-1247.0,0.0,0.0,7612.0,0.0,0.0,0.0,0.0,-0.0,-0.0,-0.0,2687.0,1247.0,-0.0,-0.0,-38.06,-0.0,-13.435,-6.235,-0.0,-57.730000000000004,0.0,-190.6000000000027,0.0,0.0,311.75,0.0,121.1499999999973,63.4199999999973,1369.9550000000697
23.45,26.21,36.57,37.04,80.06,96.4,-0.10000000000000142,-0.0799999999999983,-0.1700000000000017,-0.18999999999999773,-0.3199999999999932,-0.4299999999999926,4.11087420042644,3.677985501716902,2.6360404703308724,2.602591792656588,1.2040969273045217,1.0,4.10938447695804,3.6789665783514502,2.6356996660554364,2.601326085595365,1.203655129641037,1.0,4.109336687932853,3.6791442263425282,2.635634499131241,2.6012508437886224,1.2036061404904914,1.0,96.3639453320254,96.43037017243766,96.38515363322948,96.35033125393058,96.36070760766874,96.4,0.020546683439664263,0.01839572113171264,0.013178172495656204,0.013006254218943112,0.006018030702452457,0.005,96.34339864858573,96.41197445130595,96.37197546073382,96.33732499971164,96.3546895769663,96.39500000000001,96.38449201546506,96.44876589356937,96.39833180572514,96.36333750814951,96.3667256383712,96.405,96.36333750814951,96.41197445130595,0.048636943156438406,0.0005045326053572448,USHY,SCYB,2026-05-01,True,4261.0,3815.0,2733.0,2697.0,1248.0,1037.0,0.0,3800.0,0.0,-2687.0,0.0,0.0,SCYB,USHY,-0.1114408938577327,-0.0011560258698934927,1.0,False,False,False,-1.0,,,0.0,0.0,0.0,0.0,0.0,0.0,0.0,99902.0,0.0,-100037.01,0.0,0.0,199939.01,-135.00999999999476,0.0,-3800.0,0.0,2687.0,0.0,0.0,0.0,0.0,0.0,2687.0,0.0,0.0,-0.0,3800.0,-0.0,-0.0,-0.0,-0.0,-0.0,-19.0,-0.0,-13.435,-0.0,-0.0,-32.435,-0.0,-303.9999999999935,-0.0,510.5299999999939,-0.0,-0.0,206.53000000000037,174.09500000000037,1544.0500000000702
23.38,26.13,36.46,36.92,79.8,96.1,-0.07000000000000028,-0.08000000000000185,-0.10999999999999943,-0.11999999999999744,-0.2600000000000051,-0.30000000000001137,4.110350727117194,3.6777650210486033,2.6357652221612726,2.602925243770314,1.2042606516290726,1.0,4.109439288378166,3.678766537657239,2.6356709947830717,2.601442521319672,1.2036987770280112,1.0,4.10938447695804,3.6789665783514502,2.6356996660554364,2.601326085595365,1.203655129641037,1.0,96.07740907127896,96.13139669232339,96.09760982438121,96.04095908018087,96.05167934535474,96.1,0.0205469223847902,0.01839483289175725,0.013178498330277183,0.013006630427976824,0.006018275648205185,0.005,96.05686214889417,96.11300185943163,96.08443132605093,96.02795244975289,96.04566106970654,96.095,96.09795599366376,96.14979152521515,96.11078832271149,96.05396571060885,96.05769762100294,96.10499999999999,96.05396571060885,96.11300185943163,0.059036148822784185,0.0006143199669384411,USHY,SCYB,2026-05-04,False,4278.0,3830.0,2744.0,2708.0,1253.0,1041.0,0.0,0.0,0.0,0.0,0.0,0.0,,,0.0,0.0,-1.0,False,False,True,0.0,,,0.0,0.0,0.0,0.0,0.0,0.0,0.0,0.0,0.0,0.0,0.0,0.0,0.0,0.0,0.0,0.0,0.0,0.0,0.0,0.0,0.0,0.0,0.0,0.0,0.0,0.0,-0.0,-0.0,-0.0,-0.0,-0.0,-0.0,-0.0,-0.0,-0.0,-0.0,-0.0,-0.0,0.0,-0.0,-0.0,-0.0,-0.0,-0.0,-0.0,0.0,0.0,1544.0500000000702
23.4,26.16,36.51,36.98,79.92,96.22,0.019999999999999574,0.030000000000001137,0.04999999999999716,0.05999999999999517,0.12000000000000455,0.12000000000000455,4.1119658119658125,3.6781345565749235,2.6354423445631334,2.6019469983775014,1.2039539539539539,1.0,4.109553431589996,3.6784950780819914,2.6356848702529865,2.601602184974662,1.2037359127588247,1.0,4.109439288378166,3.678766537657239,2.6356709947830717,2.601442521319672,1.2036987770280112,1.0,96.16087934804908,96.23653262511338,96.22834801952995,96.20134443840146,96.19960626007865,96.22,0.02054719644189083,0.018393832688286198,0.013178354973915358,0.013007212606598359,0.0060184938851400565,0.005,96.14033215160718,96.2181387924251,96.21516966455603,96.18833722579487,96.19358776619352,96.215,96.18142654449098,96.25492645780167,96.24152637450386,96.21435165100806,96.20562475396379,96.225,96.18142654449098,96.2181387924251,0.03671224793411909,0.00038154487564039796,SPHY,SCYB,2026-05-05,False,4270.0,3822.0,2738.0,2703.0,1251.0,1039.0,0.0,0.0,0.0,0.0,0.0,0.0,,,0.0,0.0,0.0,False,True,False,0.0,,,0.0,0.0,0.0,0.0,0.0,0.0,0.0,0.0,0.0,0.0,0.0,0.0,0.0,0.0,0.0,0.0,0.0,0.0,0.0,0.0,0.0,0.0,0.0,0.0,0.0,0.0,-0.0,-0.0,-0.0,-0.0,-0.0,-0.0,-0.0,-0.0,-0.0,-0.0,-0.0,-0.0,0.0,0.0,0.0,0.0,0.0,0.0,0.0,0.0,0.0,1544.0500000000702
23.48,26.25,36.63,37.1,80.16,96.54,0.08000000000000185,0.08999999999999986,0.12000000000000455,0.12000000000000455,0.23999999999999488,0.3200000000000074,4.111584327086883,3.677714285714286,2.6355446355446355,2.602156334231806,1.2043413173652695,1.0,4.109768663270011,3.678328903775565,2.635766770334887,2.6017180857606257,1.2037958518032947,1.0,4.109553431589996,3.6784950780819914,2.6356848702529865,2.601602184974662,1.2037359127588247,1.0,96.4923145737331,96.56049579965227,96.54513679736691,96.51944106255996,96.49147076674738,96.54,0.020547767157949978,0.018392475390409956,0.013178424351264933,0.01300801092487331,0.006018679563794124,0.005,96.47176680657515,96.54210332426186,96.53195837301564,96.50643305163509,96.48545208718359,96.53500000000001,96.51286234089105,96.57888827504269,96.55831522171817,96.53244907348484,96.49748944631118,96.545,96.49748944631118,96.54210332426186,0.04461387795068106,0.0004621284229405537,HYG,SCYB,2026-05-06,False,4257.0,3811.0,2731.0,2695.0,1247.0,1036.0,0.0,0.0,0.0,0.0,0.0,0.0,,,0.0,0.0,0.0,False,True,False,0.0,,,0.0,0.0,0.0,0.0,0.0,0.0,0.0,0.0,0.0,0.0,0.0,0.0,0.0,0.0,0.0,0.0,0.0,0.0,0.0,0.0,0.0,0.0,0.0,0.0,0.0,0.0,-0.0,-0.0,-0.0,-0.0,-0.0,-0.0,-0.0,-0.0,-0.0,-0.0,-0.0,-0.0,0.0,0.0,0.0,0.0,0.0,0.0,0.0,0.0,0.0,1544.0500000000702
23.4,26.14,36.47,36.98,79.86,96.2,-0.08000000000000185,-0.10999999999999943,-0.1600000000000037,-0.12000000000000455,-0.29999999999999716,-0.3400000000000034,4.111111111111112,3.680183626625861,2.637784480394845,2.6014061654948626,1.2046080641121963,1.0,4.109768663270011,3.678395227964001,2.635873789114454,2.6017102690353684,1.2038805150985907,1.0,4.109768663270011,3.678328903775565,2.635766770334887,2.6017180857606257,1.2037958518032947,1.0,96.16858672051826,96.15151754469328,96.12641411411332,96.21153481142792,96.13513672501112,96.2,0.020548843316350058,0.018391644518877825,0.013178833851674435,0.013008590428803129,0.006018979259016474,0.005,96.14803787720192,96.1331259001744,96.11323528026165,96.19852622099913,96.12911774575211,96.19500000000001,96.18913556383461,96.16990918921215,96.13959294796499,96.22454340185672,96.14115570427013,96.205,96.13959294796499,96.19852622099913,0.05893327303414253,0.0006126119858018974,HYLB,USHY,2026-05-07,False,4274.0,3825.0,2741.0,2706.0,1252.0,1040.0,0.0,0.0,0.0,0.0,0.0,0.0,,,0.0,0.0,0.0,False,False,False,-0.0,,,0.0,0.0,0.0,0.0,0.0,0.0,0.0,0.0,0.0,0.0,0.0,0.0,0.0,0.0,0.0,0.0,0.0,0.0,0.0,0.0,0.0,0.0,0.0,0.0,0.0,0.0,-0.0,-0.0,-0.0,-0.0,-0.0,-0.0,-0.0,-0.0,-0.0,-0.0,-0.0,-0.0,0.0,-0.0,-0.0,-0.0,-0.0,-0.0,-0.0,0.0,0.0,1544.0500000000702
23.47,26.21,36.59,37.07,80.14,96.52,0.07000000000000028,0.07000000000000028,0.12000000000000455,0.09000000000000341,0.28000000000000114,0.3199999999999932,4.112484022155944,3.6825639069057607,2.6378792019677504,2.60372268680874,1.2043923134514598,1.0,4.10992745020189,3.6785784691808496,2.6359321327744856,2.601772011812799,1.2039200407261412,1.0,4.109768663270011,3.678395227964001,2.635873789114454,2.6017102690353684,1.2038805150985907,1.0,96.45627052694716,96.41073892493647,96.44662194369788,96.44539967314111,96.47898448000106,96.52,0.020548843316350058,0.018391976139820007,0.01317936894557227,0.013008551345176842,0.006019402575492954,0.005,96.43572168363082,96.39234694879664,96.4334425747523,96.43239112179593,96.47296507742557,96.515,96.47681937026351,96.42913090107629,96.45980131264345,96.45840822448629,96.48500388257655,96.52499999999999,96.42913090107629,96.515,0.08586909892370898,0.0008896508384138933,SCYB,JNK,2026-05-08,False,4258.0,3811.0,2731.0,2695.0,1247.0,1036.0,0.0,0.0,0.0,0.0,0.0,0.0,,,0.0,0.0,-0.0,True,False,False,1.0,SCYB,JNK,0.0,3811.0,0.0,0.0,0.0,-1036.0,0.0,0.0,0.0,0.0,0.0,0.0,0.0,0.0,0.0,3811.0,0.0,0.0,0.0,-1036.0,0.0,3811.0,0.0,0.0,0.0,0.0,-0.0,-0.0,-0.0,-0.0,-0.0,1036.0,-0.0,-19.055,-0.0,-0.0,-0.0,-5.18,-24.235,0.0,0.0,0.0,0.0,0.0,0.0,0.0,-24.235,1519.8150000000703
23.43,26.17,36.53,36.99,79.98,96.32,-0.03999999999999915,-0.03999999999999915,-0.060000000000002274,-0.0799999999999983,-0.1599999999999966,-0.20000000000000284,4.110968843363209,3.6805502483760026,2.636736928551875,2.6039470127061364,1.204301075268817,1.0,4.110073935755844,3.678644076837744,2.6359371473702473,2.601877767620519,1.2039681371010946,1.0,4.10992745020189,3.6785784691808496,2.6359321327744856,2.601772011812799,1.2039200407261412,1.0,96.29560015823027,96.26839853846285,96.29060081025196,96.23954671695545,96.28952485727677,96.32,0.02054963725100945,0.018392892345904247,0.013179660663872429,0.013008860059063996,0.006019600203630706,0.005,96.27505052097926,96.25000564611695,96.2774211495881,96.22653785689639,96.28350525707314,96.315,96.31614979548128,96.28679143080875,96.30378047091583,96.2525555770145,96.2955444574804,96.32499999999999,96.2525555770145,96.315,0.06244442298549302,0.0006483017336533744,USHY,JNK,2026-05-11,False,4266.0,3818.0,2736.0,2701.0,1250.0,1038.0,0.0,3811.0,0.0,0.0,0.0,-1036.0,SCYB,JNK,0.02820856919124992,0.00029286305223473756,1.0,False,False,False,-1.0,SCYB,JNK,0.0,3818.0,0.0,0.0,0.0,-1038.0,0.0,99886.31,0.0,0.0,0.0,-99994.72,199881.03,-108.41000000000349,0.0,7.0,0.0,0.0,0.0,-2.0,0.0,7.0,0.0,0.0,0.0,0.0,-0.0,-0.0,-0.0,-0.0,-0.0,2.0,-0.0,-0.035,-0.0,-0.0,-0.0,-0.01,-0.045000000000000005,-0.0,-152.43999999999676,-0.0,-0.0,-0.0,207.20000000000294,54.76000000000619,54.715000000006185,1574.5300000000766
23.39,26.14,36.48,36.96,79.87,96.18,-0.03999999999999915,-0.030000000000001137,-0.05000000000000426,-0.030000000000001137,-0.10999999999999943,-0.13999999999998636,4.112013681060282,3.6794185156847745,2.636513157894737,2.6022727272727275,1.2042068361086766,1.0,4.110180347428713,3.678731175742712,2.6359668868976374,2.601964558346572,1.2040107770431745,1.0,4.110073935755844,3.678644076837744,2.6359371473702473,2.601877767620519,1.2039681371010946,1.0,96.1346293573292,96.15975616853864,96.15898713606661,96.1654022912544,96.16093511026443,96.18,0.020550369678779223,0.01839322038418872,0.013179685736851236,0.013009388838102596,0.006019840685505473,0.005,96.11407898765043,96.14136294815445,96.14580745032977,96.1523929024163,96.15491526957892,96.17500000000001,96.15517972700798,96.17814938892282,96.17216682180346,96.1784116800925,96.16695495094994,96.185,96.15517972700798,96.17500000000001,0.01982027299203537,0.000206074786775165,SPHY,JNK,2026-05-12,False,4274.0,3826.0,2741.0,2706.0,1252.0,1040.0,0.0,3818.0,0.0,0.0,0.0,-1038.0,SCYB,JNK,0.0,0.0,-1.0,False,True,False,0.0,,,0.0,0.0,0.0,0.0,0.0,0.0,0.0,99917.06000000001,0.0,0.0,0.0,-99980.15999999999,199897.22,-63.09999999997672,0.0,-3818.0,0.0,0.0,0.0,1038.0,0.0,0.0,0.0,0.0,0.0,1038.0,-0.0,3818.0,-0.0,-0.0,-0.0,-0.0,-0.0,-19.09,-0.0,-0.0,-0.0,-5.19,-24.28,-0.0,-114.54000000000434,-0.0,-0.0,-0.0,145.31999999998584,30.7799999999815,6.4999999999814975,1581.0300000000582
23.4,26.14,36.49,36.97,79.91,96.18,0.00999999999999801,0.0,0.010000000000005116,0.00999999999999801,0.03999999999999204,0.0,4.110256410256411,3.6794185156847745,2.635790627569197,2.601568839599676,1.2036040545613818,1.0,4.110239008349004,3.678792527058865,2.6358986138631306,2.6019919525028046,1.2040306516578951,1.0,4.110180347428713,3.678731175742712,2.6359668868976374,2.601964558346572,1.2040107770431745,1.0,96.17822012983189,96.16203293391449,96.1864317028948,96.19462972207276,96.21250119352007,96.18,0.020550901737143565,0.01839365587871356,0.013179834434488186,0.013009822791732859,0.006020053885215873,0.005,96.15766922809475,96.14363927803578,96.17325186846031,96.18161989928103,96.20648113963485,96.17500000000001,96.19877103156902,96.1804265897932,96.19961153732928,96.20763954486449,96.21852124740529,96.185,96.1804265897932,96.20648113963485,0.026054549841646235,0.0002708936352843235,SCYB,HYG,2026-05-13,False,4275.0,3826.0,2741.0,2706.0,1252.0,1040.0,0.0,0.0,0.0,0.0,0.0,0.0,,,0.0,0.0,0.0,False,True,False,0.0,,,0.0,0.0,0.0,0.0,0.0,0.0,0.0,0.0,0.0,0.0,0.0,0.0,0.0,0.0,0.0,0.0,0.0,0.0,0.0,0.0,0.0,0.0,0.0,0.0,0.0,0.0,-0.0,-0.0,-0.0,-0.0,-0.0,-0.0,-0.0,-0.0,-0.0,-0.0,-0.0,-0.0,0.0,0.0,0.0,0.0,0.0,0.0,0.0,0.0,0.0,1581.0300000000582
23.39,26.13,36.46,36.94,79.85,96.12,-0.00999999999999801,-0.010000000000001563,-0.030000000000001137,-0.030000000000001137,-0.060000000000002274,-0.060000000000002274,4.109448482257375,3.678530424799082,2.6363137685134395,2.602057390362751,1.2037570444583596,1.0,4.110120446067315,3.6788597327094665,2.6358849675014526,2.6019683419348283,1.2040380433954367,1.0,4.110239008349004,3.678792527058865,2.6358986138631306,2.6019919525028046,1.2040306516578951,1.0,96.1384904052832,96.12684873204815,96.10486346144974,96.1175827254536,96.14184753488291,96.12,0.020551195041745022,0.018393962635294327,0.013179493069315653,0.013009959762514024,0.006020153258289476,0.005,96.11793921024146,96.10845476941284,96.09168396838042,96.10457276569109,96.13582738162462,96.11500000000001,96.15904160032495,96.14524269468345,96.11804295451905,96.13059268521612,96.1478676881412,96.125,96.11804295451905,96.13582738162462,0.017784427105567602,0.00018502317005376199,HYLB,HYG,2026-05-14,False,4275.0,3826.0,2741.0,2706.0,1252.0,1040.0,0.0,0.0,0.0,0.0,0.0,0.0,,,0.0,0.0,0.0,False,True,False,0.0,,,0.0,0.0,0.0,0.0,0.0,0.0,0.0,0.0,0.0,0.0,0.0,0.0,0.0,0.0,0.0,0.0,0.0,0.0,0.0,0.0,0.0,0.0,0.0,0.0,0.0,0.0,-0.0,-0.0,-0.0,-0.0,-0.0,-0.0,-0.0,-0.0,-0.0,-0.0,-0.0,-0.0,0.0,-0.0,-0.0,-0.0,-0.0,-0.0,-0.0,0.0,0.0,1581.0300000000582
23.29,26.02,36.3,36.79,79.46,95.72,-0.10000000000000142,-0.10999999999999943,-0.1600000000000037,-0.14999999999999858,-0.39000000000000057,-0.4000000000000057,4.109918419922714,3.6787086856264413,2.6369146005509645,2.601793965751563,1.20463126101183,1.0,4.110112556733222,3.6787921343903327,2.635971739874278,2.6018890941242567,1.2040836176053586,1.0,4.110120446067315,3.6788597327094665,2.6358849675014526,2.6019683419348283,1.2040380433954367,1.0,95.72470518890776,95.72393024510032,95.68262432030272,95.72641529978233,95.6728629282014,95.72,0.020550602230336574,0.01839429866354733,0.013179424837507264,0.013009841709674142,0.0060201902169771835,0.005,95.70415458667743,95.70553594643677,95.66944489546522,95.71340545807266,95.66684273798442,95.715,95.74525579113809,95.74232454376387,95.69580374514022,95.739425141492,95.67888311841837,95.725,95.67888311841837,95.715,0.036116881581634175,0.00037731802738857266,HYG,JNK,2026-05-15,False,4295.0,3844.0,2754.0,2719.0,1258.0,1045.0,0.0,0.0,0.0,0.0,0.0,0.0,,,0.0,0.0,0.0,False,True,False,0.0,,,0.0,0.0,0.0,0.0,0.0,0.0,0.0,0.0,0.0,0.0,0.0,0.0,0.0,0.0,0.0,0.0,0.0,0.0,0.0,0.0,0.0,0.0,0.0,0.0,0.0,0.0,-0.0,-0.0,-0.0,-0.0,-0.0,-0.0,-0.0,-0.0,-0.0,-0.0,-0.0,-0.0,0.0,-0.0,-0.0,-0.0,-0.0,-0.0,-0.0,0.0,0.0,1581.0300000000582
23.29,26.03,36.32,36.79,79.54,95.77,0.0,0.010000000000001563,0.020000000000003126,0.0,0.0800000000000125,0.04999999999999716,4.112065264061829,3.679216288897426,2.636839207048458,2.6031530307148683,1.2040482775961778,1.0,4.11022853180072,3.6787810216728376,2.636033808922353,2.6019984753462433,1.2041036040838273,1.0,4.110112556733222,3.6787921343903327,2.635971739874278,2.6018890941242567,1.2040836176053586,1.0,95.72452144631674,95.75895925818037,95.73849359223378,95.7234997728314,95.77281094433023,95.77,0.020550562783666113,0.018393960671951665,0.01317985869937139,0.013009445470621285,0.006020418088026794,0.005,95.70397088353307,95.74056529750841,95.7253137335344,95.71049032736079,95.7667905262422,95.765,95.74507200910041,95.77735321885233,95.75167345093315,95.73650921830202,95.77883136241826,95.77499999999999,95.73650921830202,95.7667905262422,0.030281307940185798,0.0003161878243728286,USHY,HYG,2026-05-18,False,4291.0,3841.0,2752.0,2716.0,1257.0,1044.0,0.0,0.0,0.0,0.0,0.0,0.0,,,0.0,0.0,0.0,False,True,False,0.0,,,0.0,0.0,0.0,0.0,0.0,0.0,0.0,0.0,0.0,0.0,0.0,0.0,0.0,0.0,0.0,0.0,0.0,0.0,0.0,0.0,0.0,0.0,0.0,0.0,0.0,0.0,-0.0,-0.0,-0.0,-0.0,-0.0,-0.0,-0.0,-0.0,-0.0,-0.0,-0.0,-0.0,0.0,0.0,0.0,0.0,0.0,0.0,0.0,0.0,0.0,1581.0300000000582
23.24,25.99,36.23,36.7,79.35,95.54,-0.05000000000000071,-0.0400000000000027,-0.09000000000000341,-0.0899999999999963,-0.19000000000001194,-0.22999999999998977,4.111015490533563,3.6760292420161607,2.6370411261385596,2.6032697547683923,1.204032766225583,1.0,4.110365293588545,3.678717033374558,2.6361097824180577,2.602086674028465,1.2041148728542328,1.0,4.11022853180072,3.6787810216728376,2.636033808922353,2.6019984753462433,1.2041036040838273,1.0,95.52171107904873,95.61151875327704,95.50350489725685,95.49334404520714,95.5456209840517,95.54,0.0205511426590036,0.018393905108364188,0.013180169044611764,0.013009992376731217,0.006020518020419137,0.005,95.50115993638973,95.59312484816867,95.49032472821223,95.4803340528304,95.53960046603127,95.53500000000001,95.54226222170773,95.62991265838541,95.51668506630146,95.50635403758388,95.55164150207212,95.545,95.50635403758388,95.59312484816867,0.0867708105847953,0.000908214471266436,USHY,SCYB,2026-05-19,False,4303.0,3852.0,2760.0,2724.0,1261.0,1047.0,0.0,0.0,0.0,0.0,0.0,0.0,,,0.0,0.0,0.0,True,False,False,1.0,USHY,SCYB,0.0,-3852.0,0.0,2724.0,0.0,0.0,0.0,0.0,0.0,0.0,0.0,0.0,0.0,0.0,0.0,-3852.0,0.0,2724.0,0.0,0.0,0.0,0.0,0.0,2724.0,0.0,0.0,-0.0,3852.0,-0.0,-0.0,-0.0,-0.0,-0.0,-19.26,-0.0,-13.620000000000001,-0.0,-0.0,-32.88,-0.0,-0.0,-0.0,-0.0,-0.0,-0.0,0.0,-32.88,1548.150000000058
23.39,26.12,36.46,36.94,79.86,96.12,0.15000000000000213,0.13000000000000256,0.23000000000000398,0.23999999999999488,0.5100000000000051,0.5799999999999983,4.109448482257375,3.679938744257274,2.6363137685134395,2.602057390362751,1.2036063110443276,1.0,4.110345775377411,3.678824027513417,2.636146846965568,2.6020740763070753,1.2041026418225984,1.0,4.110365293588545,3.678717033374558,2.6361097824180577,2.602086674028465,1.2041148728542328,1.0,96.14144421703608,96.08808891174345,96.11256266696239,96.1210817386115,96.16061374613903,96.12,0.02055182646794273,0.01839358516687279,0.013180548912090289,0.013010433370142325,0.006020574364271164,0.005,96.12089239056814,96.06969532657658,96.0993821180503,96.10807130524135,96.15459317177476,96.11500000000001,96.16199604350402,96.10648249691033,96.12574321587448,96.13409217198164,96.1666343205033,96.125,96.10648249691033,96.15459317177476,0.04811067486443221,0.0005005272041659614,SCYB,HYG,2026-05-20,False,4275.0,3826.0,2742.0,2706.0,1252.0,1040.0,0.0,-3852.0,0.0,2724.0,0.0,0.0,USHY,SCYB,-0.06439684540505652,-0.0006699630191953446,1.0,False,False,False,-1.0,,,0.0,0.0,0.0,0.0,0.0,0.0,0.0,-100113.48,0.0,99970.8,0.0,0.0,200084.28,-142.67999999999302,0.0,3852.0,0.0,-2724.0,0.0,0.0,0.0,3852.0,0.0,0.0,0.0,0.0,-0.0,-0.0,-0.0,2724.0,-0.0,-0.0,-0.0,-19.26,-0.0,-13.620000000000001,-0.0,-0.0,-32.88,0.0,-500.7600000000099,0.0,653.7599999999861,0.0,0.0,152.99999999997624,120.11999999997624,1668.2700000000343
23.4,26.13,36.49,36.98,79.9,96.2,0.00999999999999801,0.00999999999999801,0.030000000000001137,0.03999999999999915,0.04000000000000625,0.0799999999999983,4.111111111111112,3.681592039800995,2.6363387229377913,2.6014061654948626,1.2040050062578223,1.0,4.110508549616618,3.678987279693581,2.636201320568192,2.6021175028613883,1.204118743821442,1.0,4.110345775377411,3.678824027513417,2.636146846965568,2.6020740763070753,1.2041026418225984,1.0,96.18209114383141,96.12767183892558,96.19299844577358,96.22469934183563,96.20780108162562,96.2,0.020551728876887054,0.018394120137567086,0.01318073423482784,0.013010370381535376,0.0060205132091129925,0.005,96.16153941495453,96.10927771878801,96.17981771153876,96.2116889714541,96.20178056841651,96.19500000000001,96.2026428727083,96.14606595906315,96.2061791800084,96.23770971221717,96.21382159483473,96.205,96.14606595906315,96.2116889714541,0.06562301239094381,0.0006821518959557568,SCYB,USHY,2026-05-21,False,4275.0,3826.0,2742.0,2706.0,1252.0,1040.0,0.0,0.0,0.0,0.0,0.0,0.0,,,0.0,0.0,-1.0,False,False,False,1.0,SCYB,USHY,0.0,3826.0,0.0,-2706.0,0.0,0.0,0.0,0.0,0.0,0.0,0.0,0.0,0.0,0.0,0.0,3826.0,0.0,-2706.0,0.0,0.0,0.0,3826.0,0.0,0.0,0.0,0.0,-0.0,-0.0,-0.0,2706.0,-0.0,-0.0,-0.0,-19.13,-0.0,-13.530000000000001,-0.0,-0.0,-32.66,0.0,0.0,0.0,0.0,0.0,0.0,0.0,-32.66,1635.6100000000342
23.41,26.19,36.48,36.99,79.91,96.25,0.010000000000001563,0.060000000000002274,-0.010000000000005116,0.010000000000005116,0.009999999999990905,0.04999999999999716,4.111490815890645,3.675066819396716,2.63843201754386,2.6020546093538792,1.2044800400450508,1.0,4.11054639121726,3.6788886282535502,2.636299792193684,2.602166542053914,1.2041476663008317,1.0,4.110508549616618,3.678987279693581,2.636201320568192,2.6021175028613883,1.204118743821442,1.0,96.22700514652503,96.35267685517489,96.16862417432763,96.25232643084276,96.22112881877143,96.25,0.020552542748083092,0.018394936398467905,0.01318100660284096,0.013010587514306941,0.00602059371910721,0.005,96.20645260377695,96.33428191877643,96.1554431677248,96.23931584332846,96.21510822505232,96.245,96.24755768927311,96.37107179157336,96.18180518093047,96.26533701835706,96.22714941249055,96.255,96.18180518093047,96.33428191877643,0.1524767378459586,0.0015841738996982713,HYLB,SCYB,2026-05-22,False,4271.0,3822.0,2739.0,2704.0,1251.0,1039.0,0.0,3826.0,0.0,-2706.0,0.0,0.0,SCYB,USHY,-0.13175594824490133,-0.0013688929687781957,1.0,True,False,False,1.0,HYLB,SCYB,0.0,-3822.0,2739.0,0.0,0.0,0.0,0.0,99973.37999999999,0.0,-100067.87999999999,0.0,0.0,200041.25999999998,-94.5,0.0,-7648.0,2739.0,2706.0,0.0,0.0,0.0,0.0,2739.0,2706.0,0.0,0.0,-0.0,7648.0,-0.0,-0.0,-0.0,-0.0,-0.0,-38.24,-13.695,-13.530000000000001,-0.0,-0.0,-65.465,0.0,229.5600000000087,-0.0,-27.060000000013844,0.0,0.0,202.49999999999486,137.03499999999485,1772.645000000029
23.48,26.24,36.61,37.1,80.18,96.56,0.07000000000000028,0.04999999999999716,0.13000000000000256,0.10999999999999943,0.27000000000001023,0.3100000000000023,4.112436115843271,3.679878048780488,2.6375307293089323,2.602695417789757,1.2042903467198802,1.0,4.1107633644532555,3.6790623485984923,2.6364335336618496,2.6022556876079217,1.2041771134592083,1.0,4.11054639121726,3.6788886282535502,2.636299792193684,2.602166542053914,1.2041476663008317,1.0,96.51562926578126,96.53403760537316,96.51493539221077,96.54037871020022,96.5485598840007,96.56,0.020552731956086298,0.01839444314126775,0.013181498960968421,0.01301083271026957,0.006020738331504159,0.005,96.49507653382517,96.5156431622319,96.5017538932498,96.52736787748995,96.5425391456692,96.555,96.53618199773734,96.55243204851442,96.52811689117175,96.55338954291048,96.5545806223322,96.565,96.52811689117175,96.555,0.026883108828258173,0.0002784083350068162,HYLB,JNK,2026-05-26,False,4259.0,3811.0,2731.0,2696.0,1247.0,1036.0,0.0,-3822.0,2739.0,0.0,0.0,0.0,HYLB,SCYB,-0.012473728939852435,-0.00012918111992390674,1.0,False,True,False,0.0,,,0.0,0.0,0.0,0.0,0.0,0.0,0.0,-100098.18000000001,99918.71999999999,0.0,0.0,0.0,200016.9,-179.46000000002095,0.0,3822.0,-2739.0,0.0,0.0,0.0,0.0,3822.0,0.0,0.0,0.0,0.0,-0.0,-0.0,2739.0,-0.0,-0.0,-0.0,-0.0,-19.11,-13.695,-0.0,-0.0,-0.0,-32.805,0.0,-191.09999999998914,356.070000000007,0.0,0.0,0.0,164.97000000001785,132.16500000001784,1904.810000000047
23.47,26.24,36.59,37.09,80.13,96.52,-0.010000000000001563,0.0,-0.01999999999999602,-0.00999999999999801,-0.05000000000001137,-0.04000000000000625,4.112484022155944,3.6783536585365852,2.6378792019677504,2.602318684281477,1.2045426182453514,1.0,4.111041787029021,3.679089454017723,2.636590966814129,2.602264094940275,1.2042052393963512,1.0,4.1107633644532555,3.6790623485984923,2.6364335336618496,2.6022556876079217,1.2041771134592083,1.0,96.4796161637179,96.53859602722443,96.46710299668709,96.51766345337782,96.49071210148635,96.52,0.02055381682226628,0.018395311742992464,0.013182167668309248,0.01301127843803961,0.006020885567296042,0.005,96.45906234689564,96.52020071548144,96.45392082901878,96.50465217493978,96.48469121591906,96.515,96.50016998054018,96.55699133896742,96.4802851643554,96.53067473181586,96.49673298705365,96.52499999999999,96.4802851643554,96.52020071548144,0.03991555112604317,0.00041354694494450035,HYLB,SCYB,2026-05-27,False,4259.0,3812.0,2731.0,2696.0,1248.0,1036.0,0.0,0.0,0.0,0.0,0.0,0.0,,,0.0,0.0,0.0,False,True,False,0.0,,,0.0,0.0,0.0,0.0,0.0,0.0,0.0,0.0,0.0,0.0,0.0,0.0,0.0,0.0,0.0,0.0,0.0,0.0,0.0,0.0,0.0,0.0,0.0,0.0,0.0,0.0,-0.0,-0.0,-0.0,-0.0,-0.0,-0.0,-0.0,-0.0,-0.0,-0.0,-0.0,-0.0,0.0,-0.0,0.0,-0.0,-0.0,-0.0,-0.0,0.0,0.0,1904.810000000047
23.48,26.26,36.61,37.11,80.23,96.62,0.010000000000001563,0.020000000000003126,0.01999999999999602,0.01999999999999602,0.10000000000000853,0.10000000000000853,4.114991482112436,3.6793602437166792,2.639169625785305,2.60361088655349,1.2042876729402967,1.0,4.111384805153373,3.6791778930328256,2.6367908462464857,2.6023907309121546,1.2042049718515528,1.0,4.111041787029021,3.679089454017723,2.636590966814129,2.602264094940275,1.2042052393963512,1.0,96.52726115944141,96.6128890625054,96.52559529506527,96.57002056323361,96.61338635676925,96.62,0.020555208935145106,0.018395447270088613,0.013182954834070646,0.013011320474701375,0.006021026196981756,0.005,96.50670595050626,96.59449361523531,96.51241234023121,96.55700924275891,96.60736533057228,96.61500000000001,96.54781636837656,96.6312845097755,96.53877824989934,96.58303188370832,96.61940738296623,96.625,96.53877824989934,96.61500000000001,0.07622175010067167,0.0007888817025530083,HYLB,JNK,2026-05-28,False,4255.0,3808.0,2729.0,2693.0,1246.0,1035.0,0.0,0.0,0.0,0.0,0.0,0.0,,,0.0,0.0,0.0,True,False,False,1.0,HYLB,JNK,0.0,0.0,2729.0,0.0,0.0,-1035.0,0.0,0.0,0.0,0.0,0.0,0.0,0.0,0.0,0.0,0.0,2729.0,0.0,0.0,-1035.0,0.0,0.0,2729.0,0.0,0.0,0.0,-0.0,-0.0,-0.0,-0.0,-0.0,1035.0,-0.0,-0.0,-13.645,-0.0,-0.0,-5.175,-18.82,0.0,0.0,0.0,0.0,0.0,0.0,0.0,-18.82,1885.990000000047
23.53,26.31,36.67,37.17,80.31,96.77,0.05000000000000071,0.04999999999999716,0.060000000000002274,0.060000000000002274,0.0799999999999983,0.14999999999999147,4.112622184445389,3.678069175218548,2.6389419143714203,2.6034436373419423,1.2049557962893787,1.0,4.111432050256747,3.6789238774689137,2.636960587582912,2.6025199366847045,1.2042201167294704,1.0,4.111384805153373,3.6791778930328256,2.6367908462464857,2.6023907309121546,1.2042049718515528,1.0,96.74088446525886,96.79917036569364,96.69112033185864,96.73086346800478,96.70970128939821,96.77,0.02055692402576686,0.018395889465164128,0.013183954231232429,0.013011953654560773,0.006021024859257765,0.005,96.72032754123309,96.78077447622847,96.6779363776274,96.71785151435023,96.70368026453896,96.765,96.76144138928463,96.81756625515881,96.70430428608988,96.74387542165934,96.71572231425746,96.77499999999999,96.70430428608988,96.78077447622847,0.07647019013859335,0.0007902262079011404,HYLB,SCYB,2026-05-29,False,4247.0,3801.0,2724.0,2688.0,1244.0,1033.0,0.0,0.0,2729.0,0.0,0.0,-1035.0,HYLB,JNK,0.060695713910121185,0.000627216223107587,1.0,True,False,False,1.0,HYLB,SCYB,0.0,-3801.0,2724.0,0.0,0.0,0.0,0.0,0.0,99908.69,0.0,0.0,-100001.70000000001,199910.39,-93.01000000000931,0.0,-3801.0,-5.0,0.0,0.0,1035.0,0.0,0.0,0.0,0.0,0.0,1035.0,-0.0,3801.0,5.0,-0.0,-0.0,-0.0,-0.0,-19.005,-0.025,-0.0,-0.0,-5.175,-24.205,0.0,0.0,163.7400000000062,0.0,0.0,-155.2499999999912,8.490000000015016,-15.714999999984983,1870.2750000000622
23.37,26.13,36.42,36.94,79.84,96.17,-0.16000000000000014,-0.17999999999999972,-0.25,-0.23000000000000398,-0.46999999999999886,-0.5999999999999943,4.115104835258879,3.6804439341752775,2.64058209774849,2.6034109366540337,1.2045340681362726,1.0,4.111643581998369,3.679046799091833,2.6371876689537928,2.6025608938845766,1.2042419737710577,1.0,4.111432050256747,3.6789238774689137,2.636960587582912,2.6025199366847045,1.2042201167294704,1.0,96.08416701450018,96.13028091826271,96.03810459976965,96.13708646113298,96.14493411968093,96.17,0.020557160251283735,0.01839461938734457,0.01318480293791456,0.013012599683423522,0.006021100583647352,0.005,96.0636098542489,96.11188629887536,96.02491979683174,96.12407386144956,96.13891301909727,96.165,96.10472417475147,96.14867553765006,96.05128940270757,96.1500990608164,96.15095522026458,96.175,96.05128940270757,96.165,0.11371059729243882,0.001182391570057594,HYLB,JNK,2026-06-01,True,4276.0,3826.0,2742.0,2707.0,1252.0,1040.0,0.0,-3801.0,2724.0,0.0,0.0,0.0,HYLB,SCYB,0.06059689616779451,0.0006301018630320735,1.0,True,False,False,1.0,HYLB,JNK,0.0,0.0,2742.0,0.0,0.0,-1040.0,0.0,-100004.31,99889.08,0.0,0.0,0.0,199893.39,-115.22999999999593,0.0,3801.0,18.0,0.0,0.0,-1040.0,0.0,3801.0,18.0,0.0,0.0,0.0,-0.0,-0.0,-0.0,-0.0,-0.0,1040.0,-0.0,-19.005,-0.09,-0.0,-0.0,-5.2,-24.294999999999998,-0.0,684.1799999999989,-681.0,-0.0,-0.0,-0.0,3.179999999998927,-21.11500000000107,1849.160000000061
23.39,26.15,36.47,36.96,79.9,96.21,0.019999999999999574,0.019999999999999574,0.04999999999999716,0.020000000000003126,0.060000000000002274,0.03999999999999204,4.113296280461736,3.6791586998087955,2.63805867836578,2.6030844155844153,1.2041301627033791,1.0,4.1117908596655965,3.679116483029843,2.637302341764018,2.6025688524752817,1.2042354493247733,1.0,4.111643581998369,3.679046799091833,2.6371876689537928,2.6025608938845766,1.2042419737710577,1.0,96.17134338294187,96.20707379625144,96.17823428674482,96.19065063797395,96.21893370430752,96.21,0.020558217909991846,0.018395233995459167,0.013185938344768965,0.013012804469422884,0.0060212098688552885,0.005,96.15078516503188,96.18867856225597,96.16504834840006,96.17763783350452,96.21291249443865,96.205,96.19190160085186,96.2254690302469,96.19142022508959,96.20366344244337,96.22495491417638,96.21499999999999,96.19142022508959,96.21291249443865,0.021492269349067783,0.00022338914197139365,HYLB,HYG,2026-06-02,False,4272.0,3823.0,2740.0,2704.0,1251.0,1039.0,0.0,0.0,2742.0,0.0,0.0,-1040.0,HYLB,JNK,0.013579774910411402,0.00014114722908649207,1.0,False,True,True,0.0,,,0.0,0.0,0.0,0.0,0.0,0.0,0.0,0.0,99863.64,0.0,0.0,-100016.8,199880.44,-153.1600000000035,0.0,0.0,-2742.0,0.0,0.0,1040.0,0.0,0.0,0.0,0.0,0.0,1040.0,-0.0,-0.0,2742.0,-0.0,-0.0,-0.0,-0.0,-0.0,-13.71,-0.0,-0.0,-5.2,-18.91,0.0,0.0,137.0999999999922,0.0,0.0,-41.599999999991724,95.50000000000048,76.59000000000049,1925.7500000000614
23.34,26.07,36.4,36.86,79.68,96.0,-0.05000000000000071,-0.0799999999999983,-0.07000000000000028,-0.10000000000000142,-0.21999999999999886,-0.20999999999999375,4.113110539845758,3.6823935558112773,2.6373626373626373,2.6044492674986435,1.2048192771084336,1.0,4.111848096059593,3.6793294329916604,2.6373983564039936,2.602693965931339,1.2042787154824972,1.0,4.1117908596655965,3.679116483029843,2.637302341764018,2.6025688524752817,1.2042354493247733,1.0,95.96919866459503,95.914566712588,95.99780524021025,95.93068790223889,95.95348060219794,96.0,0.020558954298327985,0.018395582415149214,0.013186511708820091,0.013012844262376408,0.006021177246623867,0.005,95.9486397102967,95.89617113017285,95.98461872850143,95.91767505797651,95.94745942495132,95.995,95.98975761889335,95.93296229500315,96.01099175191908,95.94370074650126,95.95950177944457,96.005,95.93296229500315,95.995,0.062037704996853904,0.0006462260937172282,SCYB,JNK,2026-06-03,False,4284.0,3834.0,2748.0,2712.0,1255.0,1042.0,0.0,0.0,0.0,0.0,0.0,0.0,,,0.0,0.0,0.0,False,False,False,-0.0,,,0.0,0.0,0.0,0.0,0.0,0.0,0.0,0.0,0.0,0.0,0.0,0.0,0.0,0.0,0.0,0.0,0.0,0.0,0.0,0.0,0.0,0.0,0.0,0.0,0.0,0.0,-0.0,-0.0,-0.0,-0.0,-0.0,-0.0,-0.0,-0.0,-0.0,-0.0,-0.0,-0.0,0.0,-0.0,-0.0,-0.0,-0.0,-0.0,-0.0,0.0,0.0,1925.7500000000614
23.36,26.13,36.44,36.94,79.83,96.15,0.019999999999999574,0.05999999999999872,0.03999999999999915,0.0799999999999983,0.14999999999999147,0.15000000000000568,4.116010273972603,3.6796785304247996,2.638583973655324,2.6028695181375205,1.2044344231491921,1.0,4.112069393403879,3.679427645227186,2.6375503233095277,2.6027296251266243,1.2042833707716933,1.0,4.111848096059593,3.6793294329916604,2.6373983564039936,2.602693965931339,1.2042787154824972,1.0,96.0527715239521,96.14087808407209,96.10679610736152,96.14351510150365,96.13756985696774,96.15,0.020559240480297968,0.018396647164958303,0.013186991782019968,0.013013469829656694,0.006021393577412486,0.005,96.03221228347181,96.12248143690712,96.0936091155795,96.130501631674,96.13154846339033,96.14500000000001,96.0733307644324,96.15927473123705,96.11998309914354,96.15652857133331,96.14359125054516,96.155,96.0733307644324,96.14500000000001,0.07166923556761162,0.0007453898654977807,SPHY,JNK,2026-06-04,False,4276.0,3827.0,2743.0,2707.0,1252.0,1040.0,0.0,0.0,0.0,0.0,0.0,0.0,,,0.0,0.0,-0.0,True,False,False,1.0,SPHY,JNK,4276.0,0.0,0.0,0.0,0.0,-1040.0,0.0,0.0,0.0,0.0,0.0,0.0,0.0,0.0,4276.0,0.0,0.0,0.0,0.0,-1040.0,4276.0,0.0,0.0,0.0,0.0,0.0,-0.0,-0.0,-0.0,-0.0,-0.0,1040.0,-21.38,-0.0,-0.0,-0.0,-0.0,-5.2,-26.58,0.0,0.0,0.0,0.0,0.0,0.0,0.0,-26.58,1899.1700000000615
23.27,26.02,36.27,36.78,79.43,95.73,-0.08999999999999986,-0.10999999999999943,-0.1699999999999946,-0.1599999999999966,-0.3999999999999915,-0.4200000000000017,4.113880532874947,3.679093005380477,2.639371381306865,2.602773246329527,1.2052121364723656,1.0,4.1122078644920705,3.6793731141649166,2.637629668355129,2.6027979791683578,1.2043135743897018,1.0,4.112069393403879,3.679427645227186,2.6375503233095277,2.6027296251266243,1.2042833707716933,1.0,95.68785478450826,95.73870732881137,95.66395022643658,95.72839561215724,95.65622814039561,95.73,0.020560346967019395,0.01839713822613593,0.013187751616547639,0.013013648125633121,0.0060214168538584665,0.005,95.66729443754124,95.72031019058524,95.65076247482004,95.71538196403161,95.65020672354176,95.72500000000001,95.70841513147528,95.75710446703751,95.67713797805312,95.74140926028288,95.66224955724947,95.735,95.66224955724947,95.72500000000001,0.06275044275054142,0.0006554940222557341,HYG,JNK,2026-06-05,False,4297.0,3845.0,2756.0,2720.0,1258.0,1045.0,4276.0,0.0,0.0,0.0,0.0,-1040.0,SPHY,JNK,0.016584868524731178,0.00017324630235799829,1.0,False,False,False,-1.0,SPHY,JNK,4297.0,0.0,0.0,0.0,0.0,-1045.0,99887.36,0.0,0.0,0.0,0.0,-99996.0,199883.36,-108.63999999999942,21.0,0.0,0.0,0.0,0.0,-5.0,21.0,0.0,0.0,0.0,0.0,0.0,-0.0,-0.0,-0.0,-0.0,-0.0,5.0,-0.105,-0.0,-0.0,-0.0,-0.0,-0.025,-0.13,-384.8399999999994,-0.0,-0.0,-0.0,-0.0,436.8000000000018,51.96000000000237,51.830000000002364,1951.000000000064
23.29,26.03,36.31,36.81,79.54,95.8,0.019999999999999574,0.010000000000001563,0.03999999999999915,0.030000000000001137,0.10999999999999943,0.06999999999999318,4.1133533705452985,3.6803688052247403,2.6383916276507846,2.602553653898397,1.2044254463163186,1.0,4.112251331911539,3.6792633590808657,2.6376552896392806,2.60273952752284,1.2043152310329448,1.0,4.1122078644920705,3.6793731141649166,2.637629668355129,2.6027979791683578,1.2043135743897018,1.0,95.77332116402032,95.77408216171278,95.77233325797474,95.80899361318725,95.79110170695688,95.8,0.020561039322460353,0.018396865570824584,0.013188148341775646,0.01301398989584179,0.006021567871948509,0.005,95.75276012469786,95.75568529614196,95.75914510963297,95.79597962329142,95.78508013908493,95.795,95.79388220334278,95.7924790272836,95.7855214063165,95.8220076030831,95.79712327482883,95.80499999999999,95.7855214063165,95.79597962329142,0.010458216974910783,0.00010916719180491423,HYLB,USHY,2026-06-08,False,4293.0,3841.0,2754.0,2717.0,1257.0,1044.0,4297.0,0.0,0.0,0.0,0.0,-1045.0,SPHY,JNK,0.0,0.0,-1.0,False,True,False,0.0,,,0.0,0.0,0.0,0.0,0.0,0.0,99991.19,0.0,0.0,0.0,0.0,-100037.85,200029.04,-46.66000000000349,-4297.0,0.0,0.0,0.0,0.0,1045.0,0.0,0.0,0.0,0.0,0.0,1045.0,4297.0,-0.0,-0.0,-0.0,-0.0,-0.0,-21.485,-0.0,-0.0,-0.0,-0.0,-5.2250000000000005,-26.71,85.93999999999816,0.0,0.0,0.0,0.0,-73.14999999999287,12.790000000005293,-13.919999999994708,1937.0800000000693
23.31,26.07,36.34,36.85,79.62,95.92,0.019999999999999574,0.03999999999999915,0.030000000000001137,0.03999999999999915,0.0799999999999983,0.12000000000000455,4.114972114972115,3.679324894514768,2.6395156851953767,2.6029850746268655,1.2047224315498617,1.0,4.1124514954919835,3.679202091387804,2.6377942274714554,2.6026914306188766,1.204336298846997,1.0,4.112251331911539,3.6792633590808657,2.6376552896392806,2.60273952752284,1.2043152310329448,1.0,95.85657854685796,95.91839577123817,95.85239322549147,95.91095158921667,95.88757869484307,95.92,0.020561256659557693,0.01839631679540433,0.013188276448196404,0.013013697637614202,0.006021576155164724,0.005,95.8360172901984,95.89999945444276,95.83920494904328,95.89793789157905,95.88155711868791,95.915,95.87713980351752,95.93679208803357,95.86558150193966,95.92396528685428,95.89360027099823,95.925,95.86558150193966,95.915,0.049418498060347815,0.0005152053592613409,HYLB,JNK,2026-06-09,False,4289.0,3837.0,2751.0,2715.0,1256.0,1043.0,0.0,0.0,0.0,0.0,0.0,0.0,,,0.0,0.0,0.0,False,False,False,-0.0,,,0.0,0.0,0.0,0.0,0.0,0.0,0.0,0.0,0.0,0.0,0.0,0.0,0.0,0.0,0.0,0.0,0.0,0.0,0.0,0.0,0.0,0.0,0.0,0.0,0.0,0.0,-0.0,-0.0,-0.0,-0.0,-0.0,-0.0,-0.0,-0.0,-0.0,-0.0,-0.0,-0.0,0.0,0.0,0.0,0.0,0.0,0.0,0.0,0.0,0.0,1937.0800000000693
23.28,26.02,36.26,36.79,79.47,95.73,-0.029999999999997584,-0.05000000000000071,-0.0800000000000054,-0.060000000000002274,-0.15000000000000568,-0.18999999999999773,4.112113402061856,3.679093005380477,2.640099282956426,2.6020657787442243,1.2046055115137788,1.0,4.112456481542063,3.6791858158725894,2.63797353372454,2.6026810831924516,1.204356232617252,1.0,4.1124514954919835,3.679202091387804,2.6377942274714554,2.6026914306188766,1.204336298846997,1.0,95.73787081505338,95.73283841791066,95.64641868811496,95.75301773246846,95.70860566937085,95.73,0.02056225747745992,0.018396010456939022,0.013188971137357277,0.013013457153094384,0.0060216814942349855,0.005,95.71730855757592,95.71444240745372,95.63322971697761,95.74000427531537,95.70258398787662,95.72500000000001,95.75843307253085,95.7512344283676,95.65960765925232,95.76603118962156,95.71462735086509,95.735,95.65960765925232,95.74000427531537,0.08039661606305515,0.0008398267634289684,HYLB,USHY,2026-06-10,False,4298.0,3845.0,2756.0,2720.0,1259.0,1045.0,0.0,0.0,0.0,0.0,0.0,0.0,,,0.0,0.0,-0.0,True,False,False,1.0,HYLB,USHY,0.0,0.0,2756.0,-2720.0,0.0,0.0,0.0,0.0,0.0,0.0,0.0,0.0,0.0,0.0,0.0,0.0,2756.0,-2720.0,0.0,0.0,0.0,0.0,2756.0,0.0,0.0,0.0,-0.0,-0.0,-0.0,2720.0,-0.0,-0.0,-0.0,-0.0,-13.780000000000001,-13.6,-0.0,-0.0,-27.380000000000003,-0.0,-0.0,-0.0,-0.0,-0.0,-0.0,0.0,-27.380000000000003,1909.7000000000692
23.4,26.15,36.49,36.97,79.94,96.28,0.11999999999999744,0.129999999999999,0.23000000000000398,0.17999999999999972,0.46999999999999886,0.5499999999999972,4.114529914529915,3.6818355640535376,2.6385311044121678,2.604273735461185,1.2044033024768577,1.0,4.112670156755739,3.6793066682910274,2.6381105575666886,2.6028163279855274,1.204396195013026,1.0,4.112456481542063,3.6791858158725894,2.63797353372454,2.6026810831924516,1.204356232617252,1.0,96.23148166808427,96.2107090850682,96.25965424560846,96.22111964562494,96.27623723542312,96.28,0.020562282407710315,0.01839592907936295,0.0131898676686227,0.013013405415962258,0.006021781163086261,0.005,96.21091938567656,96.19231315598884,96.24646437793983,96.20810624020898,96.27021545426004,96.275,96.25204395049198,96.22910501414756,96.27284411327709,96.2341330510409,96.28225901658621,96.285,96.22910501414756,96.275,0.045894985852442005,0.0004766824454969049,SCYB,JNK,2026-06-11,False,4273.0,3823.0,2741.0,2704.0,1251.0,1039.0,0.0,0.0,2756.0,-2720.0,0.0,0.0,HYLB,USHY,-0.06473787306811118,-0.0006723917019953384,1.0,False,True,False,0.0,,,0.0,0.0,0.0,0.0,0.0,0.0,0.0,0.0,99932.56,-100068.8,0.0,0.0,200001.36,-136.24000000000524,0.0,0.0,-2756.0,2720.0,0.0,0.0,0.0,0.0,0.0,2720.0,0.0,0.0,-0.0,-0.0,2756.0,-0.0,-0.0,-0.0,-0.0,-0.0,-13.780000000000001,-13.6,-0.0,-0.0,-27.380000000000003,0.0,0.0,633.880000000011,-489.5999999999992,0.0,0.0,144.2800000000118,116.9000000000118,2026.6000000000809
23.41,26.16,36.49,36.98,79.94,96.3,0.010000000000001563,0.010000000000001563,0.0,0.00999999999999801,0.0,0.01999999999999602,4.113626655275523,3.6811926605504586,2.6390791997807614,2.6041103299080586,1.2046534901175883,1.0,4.112879065406645,3.679439780078596,2.6382488291300548,2.602918974962793,1.2044410172959874,1.0,4.112670156755739,3.6793066682910274,2.6381105575666886,2.6028163279855274,1.204396195013026,1.0,96.27760836965184,96.25066244249328,96.26465424560847,96.2521478089048,96.27943182934129,96.3,0.020563350783778692,0.018396533341455138,0.013190552787833444,0.013014081639927637,0.00602198097506513,0.005,96.25704501886807,96.23226590915182,96.25146369282064,96.23913372726487,96.27340984836623,96.295,96.29817172043562,96.26905897583474,96.2778447983963,96.26516189054472,96.28545381031635,96.30499999999999,96.26516189054472,96.295,0.029838109455283757,0.00030984537336743256,USHY,JNK,2026-06-12,False,4269.0,3819.0,2738.0,2702.0,1250.0,1038.0,0.0,0.0,0.0,0.0,0.0,0.0,,,0.0,0.0,0.0,False,True,False,0.0,,,0.0,0.0,0.0,0.0,0.0,0.0,0.0,0.0,0.0,0.0,0.0,0.0,0.0,0.0,0.0,0.0,0.0,0.0,0.0,0.0,0.0,0.0,0.0,0.0,0.0,0.0,-0.0,-0.0,-0.0,-0.0,-0.0,-0.0,-0.0,-0.0,-0.0,-0.0,-0.0,-0.0,0.0,0.0,0.0,0.0,0.0,0.0,0.0,0.0,0.0,2026.6000000000809
23.44,26.21,36.53,37.03,80.04,96.45,0.030000000000001137,0.05000000000000071,0.03999999999999915,0.05000000000000426,0.10000000000000853,0.15000000000000568,4.114761092150171,3.679893170545593,2.640295647413085,2.6046448825276802,1.2050224887556222,1.0,4.1131211990180185,3.679499004324554,2.6384178814731607,2.6030615208015986,1.204460578683177,1.0,4.112879065406645,3.679439780078596,2.6382488291300548,2.602918974962793,1.2044410172959874,1.0,96.40588529313176,96.43811663586,96.3752297281209,96.38608964287222,96.40345902437083,96.45,0.020564395327033226,0.01839719890039298,0.013191244145650274,0.013014594874813965,0.006022205086479937,0.005,96.38532089780473,96.41971943695961,96.36203848397525,96.3730750479974,96.39743681928435,96.44500000000001,96.42644968845879,96.45651383476039,96.38842097226654,96.39910423774704,96.40948122945731,96.455,96.38842097226654,96.44500000000001,0.056579027733462794,0.0005866151138772711,HYLB,JNK,2026-06-15,False,4265.0,3816.0,2736.0,2699.0,1249.0,1037.0,0.0,0.0,0.0,0.0,0.0,0.0,,,0.0,0.0,0.0,False,False,False,-0.0,,,0.0,0.0,0.0,0.0,0.0,0.0,0.0,0.0,0.0,0.0,0.0,0.0,0.0,0.0,0.0,0.0,0.0,0.0,0.0,0.0,0.0,0.0,0.0,0.0,0.0,0.0,-0.0,-0.0,-0.0,-0.0,-0.0,-0.0,-0.0,-0.0,-0.0,-0.0,-0.0,-0.0,0.0,0.0,0.0,0.0,0.0,0.0,0.0,0.0,0.0,2026.6000000000809
23.45,26.2,36.53,37.03,80.03,96.43,0.00999999999999801,-0.010000000000001563,0.0,0.0,-0.010000000000005116,-0.01999999999999602,4.112153518123668,3.6805343511450386,2.6397481522036683,2.6041047799081825,1.2049231538173186,1.0,4.11312561172111,3.6795649074369337,2.638563328730921,2.6031091082612643,1.204504322494234,1.0,4.1131211990180185,3.679499004324554,2.6384178814731607,2.6030615208015986,1.204460578683177,1.0,96.45269211697253,96.40287391330331,96.38140521021457,96.3913681152832,96.39298011201465,96.43,0.020565605995090094,0.01839749502162277,0.013192089407365803,0.013015307604007993,0.006022302893415885,0.005,96.43212651097744,96.3844764182817,96.3682131208072,96.37835280767919,96.38695780912124,96.42500000000001,96.47325772296762,96.42127140832493,96.39459729962194,96.40438342288721,96.39900241490807,96.435,96.39459729962194,96.43212651097744,0.0375292113555048,0.0003891860557451498,HYLB,SPHY,2026-06-16,False,4265.0,3816.0,2736.0,2699.0,1249.0,1037.0,0.0,0.0,0.0,0.0,0.0,0.0,,,0.0,0.0,-0.0,False,True,False,0.0,,,0.0,0.0,0.0,0.0,0.0,0.0,0.0,0.0,0.0,0.0,0.0,0.0,0.0,0.0,0.0,0.0,0.0,0.0,0.0,0.0,0.0,0.0,0.0,0.0,0.0,0.0,-0.0,-0.0,-0.0,-0.0,-0.0,-0.0,-0.0,-0.0,-0.0,-0.0,-0.0,-0.0,0.0,0.0,-0.0,0.0,0.0,-0.0,-0.0,0.0,0.0,2026.6000000000809
23.37,26.11,36.42,36.93,79.73,96.06,-0.0799999999999983,-0.08999999999999986,-0.10999999999999943,-0.10000000000000142,-0.29999999999999716,-0.37000000000000455,4.110397946084724,3.6790501723477598,2.6375617792421746,2.601137286758733,1.204816254860153,1.0,4.113094734498668,3.6797159539535143,2.638589361386102,2.6030024848607813,1.2045434969259625,1.0,4.11312561172111,3.6795649074369337,2.638563328730921,2.6031091082612643,1.204504322494234,1.0,96.12374554592235,96.07343973317833,96.09647643238016,96.13281936808849,96.03512963246528,96.06,0.020565628058605553,0.01839782453718467,0.013192816643654607,0.013015545541306323,0.00602252161247117,0.005,96.10317991786374,96.05504190864114,96.0832836157365,96.11980382254718,96.02910711085282,96.055,96.14431117398095,96.09183755771552,96.10966924902381,96.1458349136298,96.04115215407775,96.065,96.04115215407775,96.11980382254718,0.07865166846943339,0.0008187764779245616,HYG,USHY,2026-06-17,False,4282.0,3830.0,2747.0,2710.0,1254.0,1041.0,0.0,0.0,0.0,0.0,0.0,0.0,,,0.0,0.0,0.0,True,False,False,1.0,HYG,USHY,0.0,0.0,0.0,-2710.0,1254.0,0.0,0.0,0.0,0.0,0.0,0.0,0.0,0.0,0.0,0.0,0.0,0.0,-2710.0,1254.0,0.0,0.0,0.0,0.0,0.0,1254.0,0.0,-0.0,-0.0,-0.0,2710.0,-0.0,-0.0,-0.0,-0.0,-0.0,-13.55,-6.2700000000000005,-0.0,-19.82,-0.0,-0.0,-0.0,-0.0,-0.0,-0.0,0.0,-19.82,2006.780000000081
23.44,26.18,36.5,37.01,80.01,96.39,0.07000000000000028,0.07000000000000028,0.0799999999999983,0.0799999999999983,0.28000000000000114,0.3299999999999983,4.112201365187713,3.681818181818182,2.640821917808219,2.6044312348014054,1.2047244094488188,1.0,4.1132323786451845,3.6798099258315595,2.638814768850841,2.603121177082714,1.204599401846187,1.0,4.113094734498668,3.6797159539535143,2.638589361386102,2.6030024848607813,1.2045434969259625,1.0,96.4109405766488,96.334963674503,96.30851169059272,96.33712196469752,96.37552518904627,96.39,0.020565473672493343,0.01839857976976757,0.01319294680693051,0.013015012424303907,0.006022717484629812,0.005,96.39037510297631,96.31656509473324,96.2953187437858,96.32410695227321,96.36950247156165,96.385,96.43150605032129,96.35336225427277,96.32170463739965,96.35013697712182,96.3815479065309,96.395,96.32170463739965,96.39037510297631,0.06867046557665901,0.0007124231307880383,HYLB,SPHY,2026-06-18,False,4265.0,3816.0,2736.0,2699.0,1249.0,1037.0,0.0,0.0,0.0,-2710.0,1254.0,0.0,HYG,USHY,-0.05744095425768592,-0.000595922339015312,1.0,True,False,False,1.0,HYLB,SPHY,-4265.0,0.0,2736.0,0.0,0.0,0.0,0.0,0.0,0.0,-100080.3,99981.42,0.0,200061.72,-98.88000000000466,-4265.0,0.0,2736.0,2710.0,-1254.0,0.0,0.0,0.0,2736.0,2710.0,0.0,0.0,4265.0,-0.0,-0.0,-0.0,1254.0,-0.0,-21.325,-0.0,-13.68,-13.55,-6.2700000000000005,-0.0,-54.824999999999996,0.0,0.0,0.0,-216.79999999999538,351.1200000000014,0.0,134.32000000000605,79.49500000000606,2086.275000000087
23.42,26.17,36.49,36.99,79.94,96.3,-0.019999999999999574,-0.00999999999999801,-0.00999999999999801,-0.01999999999999602,-0.07000000000000739,-0.09000000000000341,4.111870196413322,3.679786014520443,2.6390791997807614,2.603406326034063,1.2046534901175883,1.0,4.113270332910295,3.6797196245675323,2.6389517926929895,2.603221185109674,1.2046318260391753,1.0,4.1132323786451845,3.6798099258315595,2.638814768850841,2.603121177082714,1.204599401846187,1.0,96.33190230787022,96.30062575901192,96.2903509153672,96.2894523402896,96.29567618358418,96.3,0.020566161893225923,0.0183990496291578,0.013194073844254207,0.01301560588541357,0.006022997009230935,0.005,96.311336145977,96.28222670938277,96.27715684152294,96.27643673440419,96.28965318657495,96.295,96.35246846976345,96.31902480864107,96.30354498921146,96.30246794617501,96.3016991805934,96.30499999999999,96.3016991805934,96.311336145977,0.009636965383592155,0.00010007233004768593,HYG,SPHY,2026-06-22,False,4270.0,3820.0,2739.0,2702.0,1250.0,1038.0,-4265.0,0.0,2736.0,0.0,0.0,0.0,HYLB,SPHY,0.007791156765534879,8.09050546784515e-05,1.0,False,True,False,0.0,,,0.0,0.0,0.0,0.0,0.0,0.0,-99971.6,0.0,99864.0,0.0,0.0,0.0,199835.6,-107.60000000000582,4265.0,0.0,-2736.0,0.0,0.0,0.0,4265.0,0.0,0.0,0.0,0.0,0.0,-0.0,-0.0,2736.0,-0.0,-0.0,-0.0,-21.325,-0.0,-13.68,-0.0,-0.0,-0.0,-35.004999999999995,85.29999999999818,-0.0,-27.359999999994557,-0.0,-0.0,-0.0,57.94000000000362,22.935000000003626,2109.2100000000905
23.41,26.15,36.45,36.96,79.87,96.25,-0.010000000000001563,-0.020000000000003126,-0.03999999999999915,-0.030000000000001137,-0.06999999999999318,-0.04999999999999716,4.111490815890645,3.6806883365200767,2.6406035665294922,2.6041666666666665,1.2050832602979842,1.0,4.113270332910296,3.6800007004237,2.639060370142271,2.6033267879753135,1.204661987051822,1.0,4.113270332910295,3.6797196245675323,2.6389517926929895,2.603221185109674,1.2046318260391753,1.0,96.29165849343,96.22466818244096,96.18979284365948,96.21505500165355,96.21394394574894,96.25,0.020566351664551476,0.018398598122837662,0.013194758963464948,0.013016105925548369,0.006023159130195877,0.005,96.27109214176545,96.20626958431812,96.17659808469601,96.20203889572801,96.20792078661874,96.245,96.31222484509456,96.24306678056381,96.20298760262294,96.2280711075791,96.21996710487913,96.255,96.20298760262294,96.27109214176545,0.06810453914251013,0.0007075796274546507,HYLB,SPHY,2026-06-23,False,4274.0,3823.0,2742.0,2705.0,1252.0,1039.0,0.0,0.0,0.0,0.0,0.0,0.0,,,0.0,0.0,0.0,True,False,False,1.0,HYLB,SPHY,-4274.0,0.0,2742.0,0.0,0.0,0.0,0.0,0.0,0.0,0.0,0.0,0.0,0.0,0.0,-4274.0,0.0,2742.0,0.0,0.0,0.0,0.0,0.0,2742.0,0.0,0.0,0.0,4274.0,-0.0,-0.0,-0.0,-0.0,-0.0,-21.37,-0.0,-13.71,-0.0,-0.0,-0.0,-35.08,-0.0,-0.0,-0.0,-0.0,-0.0,-0.0,0.0,-35.08,2074.1300000000906
23.4,26.14,36.46,36.96,79.85,96.19,-0.010000000000001563,-0.00999999999999801,0.00999999999999801,0.0,-0.020000000000010232,-0.060000000000002274,4.110683760683761,3.6798010711553175,2.6382336807460227,2.60254329004329,1.20463368816531,1.0,4.11318271515232,3.679996851542442,2.639095517714126,2.6033191815879904,1.2046791541240933,1.0,4.113270332910296,3.6800007004237,2.639060370142271,2.6033267879753135,1.204661987051822,1.0,96.25052579010091,96.19521830907553,96.22014109538719,96.21895808356759,96.19225966608798,96.19,0.02056635166455148,0.0184000035021185,0.013195301850711355,0.013016633939876567,0.006023309935259111,0.005,96.22995943843635,96.1768183055734,96.20694579353648,96.20594144962772,96.18623635615272,96.185,96.27109214176546,96.21361831257765,96.2333363972379,96.23197471750746,96.19828297602324,96.195,96.195,96.22995943843635,0.034959438436359846,0.0003634415057319872,JNK,SPHY,2026-06-24,False,4278.0,3827.0,2745.0,2707.0,1253.0,1040.0,-4274.0,0.0,2742.0,0.0,0.0,0.0,HYLB,SPHY,-0.003376958801553087,-3.510717123976595e-05,1.0,False,True,False,0.0,,,0.0,0.0,0.0,0.0,0.0,0.0,-100054.34,0.0,99945.90000000001,0.0,0.0,0.0,200000.24,-108.43999999998778,4274.0,0.0,-2742.0,0.0,0.0,0.0,4274.0,0.0,0.0,0.0,0.0,0.0,-0.0,-0.0,2742.0,-0.0,-0.0,-0.0,-21.37,-0.0,-13.71,-0.0,-0.0,-0.0,-35.08,42.74000000000668,-0.0,27.419999999994545,0.0,-0.0,-0.0,70.16000000000122,35.08000000000122,2109.210000000092
23.42,26.16,36.47,36.99,79.88,96.28,0.020000000000003126,0.019999999999999574,0.00999999999999801,0.030000000000001137,0.030000000000001137,0.09000000000000341,4.111016225448335,3.680428134556575,2.6399780641623254,2.6028656393619896,1.2053079619429146,1.0,4.113109325316939,3.680100575343441,2.6392004608238544,2.6033465293420157,1.2047174213089715,1.0,4.11318271515232,3.679996851542442,2.639095517714126,2.6033191815879904,1.2046791541240933,1.0,96.33073918886734,96.26871763635029,96.24781353103417,96.29677652693977,96.22977083143257,96.28,0.0205659135757616,0.01839998425771221,0.01319547758857063,0.013016595907939951,0.006023395770620467,0.005,96.31017327529158,96.25031765209258,96.2346180534456,96.28375993103182,96.22374743566195,96.275,96.3513051024431,96.287117620608,96.26100900862274,96.30979312284771,96.2357942272032,96.285,96.2357942272032,96.31017327529158,0.07437904808837459,0.0007725285426711113,HYG,SPHY,2026-06-25,False,4274.0,3824.0,2742.0,2705.0,1252.0,1039.0,0.0,0.0,0.0,0.0,0.0,0.0,,,0.0,0.0,0.0,True,False,False,1.0,HYG,SPHY,-4274.0,0.0,0.0,0.0,1252.0,0.0,0.0,0.0,0.0,0.0,0.0,0.0,0.0,0.0,-4274.0,0.0,0.0,0.0,1252.0,0.0,0.0,0.0,0.0,0.0,1252.0,0.0,4274.0,-0.0,-0.0,-0.0,-0.0,-0.0,-21.37,-0.0,-0.0,-0.0,-6.26,-0.0,-27.630000000000003,0.0,0.0,0.0,0.0,0.0,0.0,0.0,-27.630000000000003,2081.580000000092
23.41,26.15,36.44,36.95,79.83,96.22,-0.010000000000001563,-0.010000000000001563,-0.030000000000001137,-0.03999999999999915,-0.04999999999999716,-0.060000000000002274,4.110209312259718,3.6795411089866157,2.640504939626784,2.604059539918809,1.205311286483778,1.0,4.112870216824303,3.680109618606938,2.6392672265159285,2.603368962010282,1.2047686019861457,1.0,4.113109325316939,3.680100575343441,2.6392004608238544,2.6033465293420157,1.2047174213089715,1.0,96.28788930566955,96.23463004523097,96.17246479242125,96.19365425918748,96.1725917430952,96.22,0.020565546626584698,0.018400502876717205,0.013196002304119272,0.01301673264671008,0.0060235871065448575,0.005,96.26732375904297,96.21622954235426,96.15926879011714,96.18063752654078,96.16656815598866,96.215,96.30845485229614,96.25303054810769,96.18566079472537,96.20667099183419,96.17861533020174,96.225,96.17861533020174,96.26732375904297,0.08870842884122965,0.0009219333697903726,HYG,SPHY,2026-06-26,False,4274.0,3824.0,2742.0,2705.0,1252.0,1039.0,-4274.0,0.0,0.0,0.0,1252.0,0.0,HYG,SPHY,0.08870842884122965,0.0009219333697903726,1.0,True,False,False,1.0,HYG,SPHY,-4274.0,0.0,0.0,0.0,1252.0,0.0,-100097.08,0.0,0.0,0.0,100009.76,0.0,200106.84,-87.32000000000698,0.0,0.0,0.0,0.0,0.0,0.0,0.0,0.0,0.0,0.0,0.0,0.0,-0.0,-0.0,-0.0,-0.0,-0.0,-0.0,-0.0,-0.0,-0.0,-0.0,-0.0,-0.0,0.0,42.74000000000668,-0.0,-0.0,-0.0,-62.59999999999644,-0.0,-19.85999999998976,-19.85999999998976,2061.720000000102
23.45,26.19,36.52,37.03,80.01,96.4,0.03999999999999915,0.0400000000000027,0.0800000000000054,0.0799999999999983,0.18000000000000682,0.18000000000000682,4.11087420042644,3.680794196258114,2.6396495071193864,2.6032946259789362,1.2048493938257718,1.0,4.112782817623356,3.680245869658916,2.6393026061533265,2.6033615114421313,1.2047632818629654,1.0,4.112870216824303,3.680109618606938,2.6392672265159285,2.603368962010282,1.2047686019861457,1.0,96.44680658452991,96.38207091131571,96.38603911236171,96.40275266324073,96.39353584491153,96.4,0.020564351084121517,0.01840054809303469,0.013196336132579643,0.01301684481005141,0.006023843009930728,0.005,96.42624223344579,96.36367036322267,96.37284277622913,96.38973581843068,96.3875120019016,96.39500000000001,96.46737093561403,96.40047145940875,96.3992354484943,96.41576950805079,96.39955968792145,96.405,96.3992354484943,96.42624223344579,0.027006784951495888,0.0002801533708661399,HYLB,SPHY,2026-06-29,False,4265.0,3816.0,2737.0,2700.0,1249.0,1037.0,-4274.0,0.0,0.0,0.0,1252.0,0.0,HYG,SPHY,0.026682545524337797,0.00027678989133130493,1.0,False,True,False,0.0,,,0.0,0.0,0.0,0.0,0.0,0.0,-100054.34,0.0,0.0,0.0,99947.16,0.0,200001.5,-107.17999999999302,4274.0,0.0,0.0,0.0,-1252.0,0.0,4274.0,0.0,0.0,0.0,0.0,0.0,-0.0,-0.0,-0.0,-0.0,1252.0,-0.0,-21.37,-0.0,-0.0,-0.0,-6.26,-0.0,-27.630000000000003,-170.95999999999634,0.0,0.0,0.0,225.36000000000854,0.0,54.4000000000122,26.770000000012196,2088.4900000001144
23.44,26.18,36.52,37.02,79.97,96.37,-0.00999999999999801,-0.010000000000001563,0.0,-0.00999999999999801,-0.04000000000000625,-0.030000000000001137,4.111348122866894,3.6810542398777697,2.638828039430449,2.6031874662344676,1.2050769038389397,1.0,4.112594982003757,3.6802763849440403,2.639214903237425,2.603350337921153,1.2047904236480986,1.0,4.112782817623356,3.680245869658916,2.6393026061533265,2.6033615114421313,1.2047632818629654,1.0,96.40362924509147,96.34883686767043,96.38733117671948,96.37644315358772,96.34491965058135,96.37,0.02056391408811678,0.018401229348294582,0.013196513030766632,0.013016807557210658,0.006023816409314827,0.005,96.38306533100335,96.33043563832213,96.37413466368872,96.36342634603051,96.33889583417204,96.36500000000001,96.42419315917958,96.36723809701873,96.40052768975025,96.38945996114492,96.35094346699066,96.375,96.35094346699066,96.38306533100335,0.032121864012694346,0.00033331808667317985,HYG,SPHY,2026-06-30,False,4269.0,3820.0,2740.0,2702.0,1251.0,1038.0,0.0,0.0,0.0,0.0,0.0,0.0,,,0.0,0.0,0.0,False,True,False,0.0,,,0.0,0.0,0.0,0.0,0.0,0.0,0.0,0.0,0.0,0.0,0.0,0.0,0.0,0.0,0.0,0.0,0.0,0.0,0.0,0.0,0.0,0.0,0.0,0.0,0.0,0.0,-0.0,-0.0,-0.0,-0.0,-0.0,-0.0,-0.0,-0.0,-0.0,-0.0,-0.0,-0.0,0.0,-0.0,-0.0,0.0,-0.0,-0.0,-0.0,0.0,0.0,2088.4900000001144
23.31,26.05,36.33,36.84,79.59,95.88,-0.13000000000000256,-0.129999999999999,-0.19000000000000483,-0.17999999999999972,-0.37999999999999545,-0.4900000000000091,4.113256113256114,3.680614203454894,2.639141205615194,2.6026058631921822,1.2046739540143232,1.0,4.112592973643475,3.680349160126345,2.6392690295998955,2.603326410301541,1.2048176132136459,1.0,4.112594982003757,3.6802763849440403,2.639214903237425,2.603350337921153,1.2047904236480986,1.0,95.86458903050757,95.87119982779225,95.88267743461564,95.90742644901529,95.88926981815217,95.88,0.020562974910018787,0.0184013819247202,0.013196074516187125,0.013016751689605767,0.006023952118240493,0.005,95.84402605559755,95.85279844586753,95.86948136009946,95.89440969732568,95.88324586603393,95.875,95.8851520054176,95.88960120971697,95.89587350913183,95.9204432007049,95.89529377027041,95.88499999999999,95.88499999999999,95.89440969732568,0.009409697325693855,9.814035592087877e-05,JNK,USHY,2026-07-01,True,4289.0,3839.0,2753.0,2715.0,1257.0,1043.0,0.0,0.0,0.0,0.0,0.0,0.0,,,0.0,0.0,0.0,False,True,False,0.0,,,0.0,0.0,0.0,0.0,0.0,0.0,0.0,0.0,0.0,0.0,0.0,0.0,0.0,0.0,0.0,0.0,0.0,0.0,0.0,0.0,0.0,0.0,0.0,0.0,0.0,0.0,-0.0,-0.0,-0.0,-0.0,-0.0,-0.0,-0.0,-0.0,-0.0,-0.0,-0.0,-0.0,0.0,-0.0,-0.0,-0.0,-0.0,-0.0,-0.0,0.0,0.0,2088.4900000001144
23.34,26.08,36.39,36.89,79.71,95.99,0.030000000000001137,0.029999999999997584,0.060000000000002274,0.04999999999999716,0.11999999999999034,0.10999999999999943,4.112682090831191,3.6805981595092025,2.63781258587524,2.6020601789102735,1.2042403713461298,1.0,4.112571551192747,3.6802593903112415,2.639291527025525,2.6032069558721225,1.2047886679255309,1.0,4.112592973643475,3.680349160126345,2.6392690295998955,2.603326410301541,1.2048176132136459,1.0,95.98792000483871,95.98350609609507,96.0429999871402,96.03671127602385,96.0360119492597,95.99,0.020562964868217376,0.018401745800631725,0.013196345147999477,0.013016632051507706,0.006024088066068229,0.005,95.9673570399705,95.96510435029444,96.0298036419922,96.02369464397235,96.02998786119363,95.985,96.00848296970693,96.0019078418957,96.05619633228821,96.04972790807535,96.04203603732577,95.99499999999999,95.99499999999999,96.02998786119363,0.034987861193641834,0.0003644948556478991,JNK,HYG,2026-07-02,False,4285.0,3835.0,2750.0,2713.0,1255.0,1042.0,0.0,0.0,0.0,0.0,0.0,0.0,,,0.0,0.0,0.0,False,True,True,0.0,,,0.0,0.0,0.0,0.0,0.0,0.0,0.0,0.0,0.0,0.0,0.0,0.0,0.0,0.0,0.0,0.0,0.0,0.0,0.0,0.0,0.0,0.0,0.0,0.0,0.0,0.0,-0.0,-0.0,-0.0,-0.0,-0.0,-0.0,-0.0,-0.0,-0.0,-0.0,-0.0,-0.0,0.0,0.0,0.0,0.0,0.0,0.0,0.0,0.0,0.0,2088.4900000001144
23.37,26.13,36.44,36.96,79.87,96.15,0.030000000000001137,0.05000000000000071,0.04999999999999716,0.07000000000000028,0.1600000000000108,0.1600000000000108,4.114249037227214,3.6796785304247996,2.638583973655324,2.601461038961039,1.2038312257418304,1.0,4.112483489355478,3.6802593903112424,2.6392915270255255,2.603136531913299,1.2047585080551626,1.0,4.112571551192747,3.6802593903112415,2.639291527025525,2.6032069558721225,1.2047886679255309,1.0,96.11079715137451,96.16517786883274,96.17578324481013,96.21452908903365,96.22647090721216,96.15,0.020562857755963736,0.018401296951556206,0.013196457635127626,0.013016034779360613,0.0060239433396276545,0.005,96.09023429361855,96.14677657188119,96.162586787175,96.20151305425429,96.22044696387253,96.14500000000001,96.13136000913047,96.1835791657843,96.18897970244527,96.227545123813,96.23249485055179,96.155,96.13136000913047,96.22044696387253,0.08908695474205786,0.0009265413909730405,SPHY,HYG,2026-07-06,False,4277.0,3827.0,2745.0,2707.0,1253.0,1040.0,0.0,0.0,0.0,0.0,0.0,0.0,,,0.0,0.0,0.0,True,False,False,1.0,SPHY,HYG,4277.0,0.0,0.0,0.0,-1253.0,0.0,0.0,0.0,0.0,0.0,0.0,0.0,0.0,0.0,4277.0,0.0,0.0,0.0,-1253.0,0.0,4277.0,0.0,0.0,0.0,0.0,0.0,-0.0,-0.0,-0.0,-0.0,1253.0,-0.0,-21.385,-0.0,-0.0,-0.0,-6.265000000000001,-0.0,-27.650000000000002,0.0,0.0,0.0,0.0,0.0,0.0,0.0,-27.650000000000002,2060.8400000001143
23.35,26.1,36.41,36.93,79.76,96.05,-0.019999999999999574,-0.029999999999997584,-0.030000000000001137,-0.030000000000001137,-0.10999999999999943,-0.10000000000000853,4.1134903640256955,3.68007662835249,2.6380115352925024,2.6008665041971297,1.2042377131394182,1.0,4.112463980913016,3.6803085714598422,2.639223534724807,2.603041194806679,1.2047097868885153,1.0,4.112483489355478,3.6802593903112424,2.6392915270255255,2.603136531913299,1.2047585080551626,1.0,96.02648947645042,96.05477008712343,96.09660449899937,96.13383212355812,96.09153860247977,96.05,0.02056241744677739,0.018401296951556213,0.013196457635127628,0.013015682659566494,0.006023792540275813,0.005,96.00592705900364,96.03636879017188,96.08340804136424,96.12081644089855,96.0855148099395,96.045,96.0470518938972,96.07317138407498,96.1098009566345,96.14684780621769,96.09756239502005,96.05499999999999,96.0470518938972,96.12081644089855,0.07376454700134616,0.000767980707978617,SPHY,USHY,2026-07-07,False,4281.0,3831.0,2748.0,2710.0,1254.0,1041.0,4277.0,0.0,0.0,0.0,-1253.0,0.0,SPHY,HYG,0.038462916042291795,0.00040044680939398016,1.0,True,False,False,1.0,SPHY,USHY,4281.0,0.0,0.0,-2710.0,0.0,0.0,99953.49,0.0,0.0,0.0,-100077.11,0.0,200030.6,-123.61999999999534,4.0,0.0,0.0,-2710.0,1253.0,0.0,4.0,0.0,0.0,0.0,1253.0,0.0,-0.0,-0.0,-0.0,2710.0,-0.0,-0.0,-0.02,-0.0,-0.0,-13.55,-6.265000000000001,-0.0,-19.835,-85.53999999999817,-0.0,-0.0,-0.0,137.8299999999993,-0.0,52.29000000000113,32.45500000000113,2093.2950000001156
23.32,26.06,36.35,36.86,79.66,95.9,-0.030000000000001137,-0.0400000000000027,-0.05999999999999517,-0.07000000000000028,-0.10000000000000853,-0.14999999999999147,4.112349914236707,3.6799693016116657,2.638239339752407,2.601736299511666,1.2038664323374342,1.0,4.112413808097586,3.680288596279189,2.6392159203298884,2.6030003270873423,1.204681836189571,1.0,4.112463980913016,3.6803085714598422,2.639223534724807,2.603041194806679,1.2047097868885153,1.0,95.90266003489153,95.90884137224349,95.93577548724674,95.94809844057419,95.96718162353912,95.9,0.020562319904565078,0.01840154285729921,0.013196117673624035,0.013015205974033396,0.006023548934442576,0.005,95.88209771498695,95.89043982938618,95.92257936957311,95.93508323460016,95.96115807460468,95.89500000000001,95.9232223547961,95.92724291510079,95.94897160492037,95.96111364654821,95.97320517247356,95.905,95.905,95.96115807460468,0.056158074604681474,0.0005855899333126327,JNK,HYG,2026-07-08,False,4289.0,3839.0,2753.0,2715.0,1257.0,1043.0,4281.0,0.0,0.0,-2710.0,0.0,0.0,SPHY,USHY,0.011860879804061142,0.0001236796642759243,1.0,False,False,False,-1.0,SPHY,USHY,4289.0,0.0,0.0,-2715.0,0.0,0.0,99961.35,0.0,0.0,-100080.3,0.0,0.0,200041.65000000002,-118.94999999999709,8.0,0.0,0.0,-5.0,0.0,0.0,8.0,0.0,0.0,0.0,0.0,0.0,-0.0,-0.0,-0.0,5.0,-0.0,-0.0,-0.04,-0.0,-0.0,-0.025,-0.0,-0.0,-0.065,-128.43000000000487,-0.0,-0.0,189.70000000000078,-0.0,-0.0,61.26999999999592,61.20499999999592,2154.5000000001114
23.34,26.1,36.39,36.9,79.75,96.0,0.019999999999999574,0.0400000000000027,0.03999999999999915,0.03999999999999915,0.09000000000000341,0.09999999999999432,4.113110539845758,3.67816091954023,2.6380873866446826,2.6016260162601625,1.2037617554858935,1.0,4.112320729341269,3.6802303975304618,2.6391445054023537,2.602932374169007,1.2046338023863727,1.0,4.112413808097586,3.680288596279189,2.6392159203298884,2.6030003270873423,1.204681836189571,1.0,95.98373828099766,96.05553236288684,96.04106734080464,96.05071206952293,96.0733764361183,96.0,0.02056206904048793,0.018401442981395948,0.013196079601649442,0.013015001635436712,0.006023409180947855,0.005,95.96317621195716,96.03713091990544,96.02787126120299,96.03769706788749,96.06735302693734,95.995,96.00430035003815,96.07393380586824,96.0542634204063,96.06372707115837,96.07939984529925,96.005,96.00430035003815,96.06735302693734,0.06305267689918992,0.000656798717699895,SPHY,HYG,2026-07-09,False,4285.0,3835.0,2750.0,2712.0,1255.0,1042.0,4289.0,0.0,0.0,-2715.0,0.0,0.0,SPHY,USHY,0.0,0.0,-1.0,False,False,False,1.0,SPHY,HYG,4285.0,0.0,0.0,0.0,-1255.0,0.0,100019.48,0.0,0.0,-100074.9,0.0,0.0,200094.38,-55.419999999998254,-4.0,0.0,0.0,2715.0,-1255.0,0.0,0.0,0.0,0.0,2715.0,0.0,0.0,4.0,-0.0,-0.0,-0.0,1255.0,-0.0,-0.02,-0.0,-0.0,-13.575000000000001,-6.275,-0.0,-19.87,85.77999999999817,0.0,0.0,-108.59999999999769,0.0,0.0,-22.819999999999524,-42.68999999999953,2111.810000000112
23.33,26.07,36.35,36.87,79.71,95.93,-0.010000000000001563,-0.030000000000001137,-0.03999999999999915,-0.030000000000001137,-0.04000000000000625,-0.06999999999999318,4.111873124732105,3.679708477176832,2.6390646492434664,2.6018443178736104,1.2034876427048051,1.0,4.11230871547478,3.6802611711202795,2.6390927737167056,2.6029213011254764,1.2045779089459239,1.0,4.112320729341269,3.6802303975304618,2.6391445054023537,2.602932374169007,1.2046338023863727,1.0,95.9404426155318,95.94360646361913,95.93290277137557,95.97011663561128,96.02136038821776,95.93,0.020561603646706342,0.018401151987652308,0.01319572252701177,0.013014661870845035,0.006023169011931864,0.005,95.91988101188508,95.92520531163149,95.91970704884855,95.95710197374044,96.01533721920583,95.92500000000001,95.9610042191785,95.96200761560678,95.94609849390258,95.98313129748212,96.02738355722968,95.935,95.935,96.01533721920583,0.08033721920583048,0.0008374566788890908,JNK,HYG,2026-07-10,False,4285.0,3835.0,2750.0,2712.0,1255.0,1042.0,4285.0,0.0,0.0,0.0,-1255.0,0.0,SPHY,HYG,0.054333000027327216,0.0005663817369678641,1.0,True,False,False,1.0,JNK,HYG,0.0,0.0,0.0,0.0,-1255.0,1042.0,100011.9,0.0,0.0,0.0,-100086.25,0.0,200098.15,-74.35000000000582,-4285.0,0.0,0.0,0.0,0.0,1042.0,0.0,0.0,0.0,0.0,0.0,1042.0,4285.0,-0.0,-0.0,-0.0,-0.0,-0.0,-21.425,-0.0,-0.0,-0.0,-0.0,-5.21,-26.635,-42.8500000000067,-0.0,-0.0,-0.0,50.20000000000785,-0.0,7.350000000001145,-19.284999999998856,2092.525000000113
23.28,26.01,36.26,36.8,79.52,95.76,-0.04999999999999716,-0.05999999999999872,-0.09000000000000341,-0.07000000000000028,-0.18999999999999773,-0.1700000000000017,4.11340206185567,3.6816608996539792,2.6409266409266414,2.6021739130434787,1.2042253521126762,1.0,4.1122523228410675,3.6802524379003025,2.639212550542429,2.602816310004591,1.2045690114277148,1.0,4.11230871547478,3.6802611711202795,2.6390927737167056,2.6029213011254764,1.2045779089459239,1.0,95.7345468962529,95.72359306083848,95.69350397496774,95.78750388141752,95.78803531937986,95.76,0.020561543577373904,0.0184013058556014,0.013195463868583529,0.013014606505627382,0.006022889544729619,0.005,95.71398535267552,95.70519175498288,95.68030851109916,95.7744892749119,95.78201242983513,95.75500000000001,95.75510843983027,95.74199436669409,95.70669943883632,95.80051848792314,95.79405820892458,95.765,95.70669943883632,95.78201242983513,0.07531299099881039,0.0007864765141897492,HYLB,HYG,2026-07-13,False,4293.0,3842.0,2755.0,2717.0,1258.0,1044.0,0.0,0.0,0.0,0.0,-1255.0,1042.0,JNK,HYG,0.017012429835133958,0.00017765695316555928,1.0,True,False,False,1.0,HYLB,HYG,0.0,0.0,2755.0,0.0,-1258.0,0.0,0.0,0.0,0.0,0.0,-100036.04999999999,99959.06000000001,199995.11,-76.98999999997613,0.0,0.0,2755.0,0.0,-3.0,-1042.0,0.0,0.0,2755.0,0.0,0.0,0.0,-0.0,-0.0,-0.0,-0.0,3.0,1042.0,-0.0,-0.0,-13.775,-0.0,-0.015,-5.21,-19.0,-0.0,-0.0,-0.0,-0.0,238.44999999999715,-177.14000000000178,61.30999999999537,42.30999999999537,2134.8350000001083
23.32,26.06,36.35,36.86,79.68,95.9,0.03999999999999915,0.04999999999999716,0.09000000000000341,0.060000000000002274,0.1600000000000108,0.14000000000000057,4.112349914236707,3.6799693016116657,2.638239339752407,2.601736299511666,1.2035642570281124,1.0,4.112188485789128,3.6801912699533625,2.6391705575410116,2.6026976084847715,1.2045145497732412,1.0,4.1122523228410675,3.6802524379003025,2.639212550542429,2.602816310004591,1.2045690114277148,1.0,95.8977241686537,95.90737853168189,95.9353762122173,95.93980918676922,95.98005883056032,95.9,0.020561261614205337,0.018401262189501513,0.013196062752712146,0.013014081550022956,0.006022845057138574,0.005,95.87716290703949,95.88897726949239,95.9221801494646,95.9267951052192,95.97403598550319,95.89500000000001,95.9182854302679,95.92577979387138,95.94857227497002,95.95282326831925,95.98608167561746,95.905,95.905,95.97403598550319,0.06903598550319145,0.0007198747184900047,JNK,HYG,2026-07-14,False,4289.0,3839.0,2753.0,2715.0,1256.0,1043.0,0.0,0.0,2755.0,0.0,-1258.0,0.0,HYLB,HYG,0.025463710533173867,0.00026552357177449286,1.0,True,False,False,1.0,JNK,HYG,0.0,0.0,0.0,0.0,-1256.0,1043.0,0.0,0.0,99896.29999999999,0.0,-100036.15999999999,0.0,199932.45999999996,-139.86000000000058,0.0,0.0,-2755.0,0.0,2.0,1043.0,0.0,0.0,0.0,0.0,2.0,1043.0,-0.0,-0.0,2755.0,-0.0,-0.0,-0.0,-0.0,-0.0,-13.775,-0.0,-0.01,-5.215,-19.0,0.0,0.0,247.9500000000094,0.0,-201.2800000000136,0.0,46.66999999999581,27.66999999999581,2162.5050000001042
23.36,26.12,36.41,36.91,79.81,96.07,0.03999999999999915,0.060000000000002274,0.05999999999999517,0.04999999999999716,0.12999999999999545,0.1699999999999875,4.112585616438356,3.67802450229709,2.6385608349354572,2.602817664589542,1.2037338679363487,1.0,4.112079712003537,3.680097836540937,2.63908381691713,2.6026062475878646,1.2044501187322774,1.0,4.112188485789128,3.6801912699533625,2.6391705575410116,2.6026976084847715,1.2045145497732412,1.0,96.06072302803402,96.12659597118183,96.09220000006822,96.06556872917291,96.13230621740239,96.07,0.020560942428945638,0.018400956349766812,0.013195852787705058,0.013013488042423858,0.006022572748866206,0.005,96.04016208560508,96.10819501483206,96.07900414728051,96.05255524113049,96.12628364465353,96.065,96.08128397046296,96.1449969275316,96.10539585285592,96.07858221721533,96.13832879015125,96.07499999999999,96.07499999999999,96.12628364465353,0.05128364465353741,0.0005338153914181057,JNK,HYG,2026-07-15,False,4281.0,3831.0,2747.0,2709.0,1254.0,1041.0,0.0,0.0,0.0,0.0,-1256.0,1043.0,JNK,HYG,0.05128364465353741,0.0005338153914181057,1.0,False,False,False,-1.0,JNK,HYG,0.0,0.0,0.0,0.0,-1254.0,1041.0,0.0,0.0,0.0,0.0,-100078.08,100023.70000000001,200101.78000000003,-54.379999999990105,0.0,0.0,0.0,0.0,2.0,-2.0,0.0,0.0,0.0,0.0,2.0,0.0,-0.0,-0.0,-0.0,-0.0,-0.0,2.0,-0.0,-0.0,-0.0,-0.0,-0.01,-0.01,-0.02,0.0,0.0,0.0,0.0,-163.2799999999943,177.30999999998696,14.029999999992668,14.009999999992669,2176.5150000000967
23.36,26.1,36.42,36.92,79.8,96.08,0.0,-0.019999999999999574,0.010000000000005116,0.010000000000005116,-0.010000000000005116,0.010000000000005116,4.113013698630137,3.6812260536398465,2.6381109280615047,2.6023835319609967,1.2040100250626566,1.0,4.11212272102886,3.680132421665678,2.639001955710022,2.6025201851905053,1.2044044622945442,1.0,4.112079712003537,3.680097836540937,2.63908381691713,2.6026062475878646,1.2044501187322774,1.0,96.05818207240262,96.05055353371846,96.11543261212186,96.08822266094397,96.11511947483574,96.08,0.020560398560017682,0.018400489182704684,0.01319541908458565,0.013013031237939324,0.006022250593661387,0.005,96.0376216738426,96.03215304453575,96.10223719303728,96.07520962970602,96.10909722424208,96.075,96.07874247096264,96.06895402290117,96.12862803120645,96.10123569218192,96.1211417254294,96.085,96.06895402290117,96.10909722424208,0.04014320134091065,0.00041781017215768786,SCYB,HYG,2026-07-16,False,4281.0,3831.0,2747.0,2709.0,1254.0,1041.0,0.0,0.0,0.0,0.0,-1254.0,1041.0,JNK,HYG,0.0,0.0,-1.0,False,True,False,0.0,,,0.0,0.0,0.0,0.0,0.0,0.0,0.0,0.0,0.0,0.0,-100081.74,100008.87,200090.61,-72.8700000000099,0.0,0.0,0.0,0.0,1254.0,-1041.0,0.0,0.0,0.0,0.0,1254.0,0.0,-0.0,-0.0,-0.0,-0.0,-0.0,1041.0,-0.0,-0.0,-0.0,-0.0,-6.2700000000000005,-5.205,-11.475000000000001,0.0,-0.0,0.0,0.0,12.540000000006415,10.410000000005326,22.95000000001174,11.47500000001174,2187.9900000001085
23.33,26.08,36.37,36.87,79.65,95.98,-0.030000000000001137,-0.020000000000003126,-0.05000000000000426,-0.05000000000000426,-0.14999999999999147,-0.09999999999999432,4.1140162880411495,3.680214723926381,2.638988177069013,2.603200433957147,1.205021971123666,1.0,4.112303638126681,3.680190649244608,2.6390732756013637,2.602623342550426,1.20441474810772,1.0,4.11212272102886,3.680132421665678,2.639001955710022,2.6025201851905053,1.2044044622945442,1.0,95.9358230816033,95.97785355704087,95.9805011291735,95.95491922797392,95.93081542176046,95.98,0.0205606136051443,0.01840066210832839,0.01319500977855011,0.013012600925952527,0.006022022311472721,0.005,95.91526246799816,95.95945289493254,95.96730611939495,95.94190662704797,95.92479339944899,95.97500000000001,95.95638369520844,95.99625421914921,95.99369613895206,95.96793182889986,95.93683744407193,95.985,95.93683744407193,95.97500000000001,0.03816255592808204,0.00039760945955492856,HYG,JNK,2026-07-17,False,4285.0,3835.0,2750.0,2712.0,1255.0,1042.0,0.0,0.0,0.0,0.0,0.0,0.0,,,0.0,0.0,0.0,False,True,False,0.0,,,0.0,0.0,0.0,0.0,0.0,0.0,0.0,0.0,0.0,0.0,0.0,0.0,0.0,0.0,0.0,0.0,0.0,0.0,0.0,0.0,0.0,0.0,0.0,0.0,0.0,0.0,-0.0,-0.0,-0.0,-0.0,-0.0,-0.0,-0.0,-0.0,-0.0,-0.0,-0.0,-0.0,0.0,-0.0,-0.0,-0.0,-0.0,-0.0,-0.0,0.0,0.0,2187.9900000001085
23.33,26.07,36.38,36.88,79.68,95.95,0.0,-0.00999999999999801,0.010000000000005116,0.010000000000005116,0.030000000000001137,-0.030000000000001137,4.112730390055723,3.680475642500959,2.637438152831226,2.6016811279826464,1.2041917670682731,1.0,4.112330089370082,3.6801235222787474,2.6389040873525142,2.602485837209488,1.2043881159886927,1.0,4.112303638126681,3.680190649244608,2.6390732756013637,2.602623342550426,1.20441474810772,1.0,95.94004387749547,95.94257022580693,96.00948576637762,95.98474887325972,95.96776712922315,95.95,0.020561518190633406,0.01840095324622304,0.013195366378006819,0.013013116712752132,0.0060220737405386,0.005,95.91948235930484,95.9241692725607,95.99629039999961,95.97173575654696,95.96174505548261,95.94500000000001,95.9606053956861,95.96097117905316,96.02268113275564,95.99776198997247,95.97378920296369,95.955,95.955,95.99629039999961,0.04129039999961037,0.0004303324648213692,JNK,HYLB,2026-07-20,False,4285.0,3835.0,2750.0,2712.0,1255.0,1042.0,0.0,0.0,0.0,0.0,0.0,0.0,,,0.0,0.0,0.0,False,True,False,0.0,,,0.0,0.0,0.0,0.0,0.0,0.0,0.0,0.0,0.0,0.0,0.0,0.0,0.0,0.0,0.0,0.0,0.0,0.0,0.0,0.0,0.0,0.0,0.0,0.0,0.0,0.0,-0.0,-0.0,-0.0,-0.0,-0.0,-0.0,-0.0,-0.0,-0.0,-0.0,-0.0,-0.0,0.0,0.0,-0.0,0.0,0.0,0.0,-0.0,0.0,0.0,2187.9900000001085
23.32,26.05,36.35,36.86,79.65,95.9,-0.00999999999999801,-0.019999999999999574,-0.030000000000001137,-0.020000000000003126,-0.030000000000001137,-0.04999999999999716,4.112349914236707,3.6813819577735125,2.638239339752407,2.601736299511666,1.2040175768989327,1.0,4.112354075261251,3.680203319441401,2.6388620943510963,2.602402335883368,1.2043563203277599,1.0,4.112330089370082,3.6801235222787474,2.6389040873525142,2.602485837209488,1.2043881159886927,1.0,95.89953768411031,95.86721775536137,95.92416357526389,95.92762795954172,95.92951343849938,95.9,0.02056165044685041,0.01840061761139374,0.013194520436762572,0.01301242918604744,0.006021940579943464,0.005,95.87897603366346,95.84881713774998,95.91096905482712,95.91461553035568,95.92349149791944,95.89500000000001,95.92009933455716,95.88561837297276,95.93735809570066,95.94064038872777,95.93553537907933,95.905,95.88561837297276,95.92349149791944,0.037873124946685266,0.00039492309642007574,SCYB,HYG,2026-07-21,False,4289.0,3838.0,2752.0,2714.0,1256.0,1043.0,0.0,0.0,0.0,0.0,0.0,0.0,,,0.0,0.0,0.0,False,True,False,0.0,,,0.0,0.0,0.0,0.0,0.0,0.0,0.0,0.0,0.0,0.0,0.0,0.0,0.0,0.0,0.0,0.0,0.0,0.0,0.0,0.0,0.0,0.0,0.0,0.0,0.0,0.0,-0.0,-0.0,-0.0,-0.0,-0.0,-0.0,-0.0,-0.0,-0.0,-0.0,-0.0,-0.0,0.0,-0.0,-0.0,-0.0,-0.0,-0.0,-0.0,0.0,0.0,2187.9900000001085
23.29,26.01,36.3,36.8,79.52,95.75,-0.030000000000001137,-0.03999999999999915,-0.05000000000000426,-0.060000000000002274,-0.13000000000000966,-0.15000000000000568,4.111206526406183,3.681276432141484,2.637741046831956,2.6019021739130435,1.204099597585513,1.0,4.112339860787028,3.6802327242224715,2.63871896836622,2.602289111245687,1.2043071371921363,1.0,4.112354075261251,3.680203319441401,2.6388620943510963,2.602402335883368,1.2043563203277599,1.0,95.77672641283453,95.72208833867084,95.79069402494478,95.76840596050793,95.77041459246345,95.75,0.020561770376306257,0.018401016597207005,0.013194310471755483,0.01301201167941684,0.006021781601638799,0.005,95.75616464245823,95.70368732207363,95.77749971447302,95.75539394882851,95.76439281086182,95.745,95.79728818321084,95.74048935526805,95.80388833541654,95.78141797218736,95.77643637406509,95.755,95.74048935526805,95.77749971447302,0.0370103592049702,0.00038653116663154257,SCYB,HYLB,2026-07-22,False,4293.0,3842.0,2755.0,2717.0,1257.0,1044.0,0.0,0.0,0.0,0.0,0.0,0.0,,,0.0,0.0,0.0,False,True,False,0.0,,,0.0,0.0,0.0,0.0,0.0,0.0,0.0,0.0,0.0,0.0,0.0,0.0,0.0,0.0,0.0,0.0,0.0,0.0,0.0,0.0,0.0,0.0,0.0,0.0,0.0,0.0,-0.0,-0.0,-0.0,-0.0,-0.0,-0.0,-0.0,-0.0,-0.0,-0.0,-0.0,-0.0,0.0,-0.0,-0.0,-0.0,-0.0,-0.0,-0.0,0.0,0.0,2187.9900000001085
23.2,25.95,36.17,36.66,79.23,95.4,-0.08999999999999986,-0.060000000000002274,-0.12999999999999545,-0.14000000000000057,-0.28999999999999204,-0.3499999999999943,4.112068965517242,3.6763005780346822,2.637544926734863,2.6022913256955813,1.2040893600908746,1.0,4.112409121028702,3.680057699566439,2.6386845306656617,2.6022765130283014,1.2042799207884147,1.0,4.112339860787028,3.6802327242224715,2.63871896836622,2.602289111245687,1.2043071371921363,1.0,95.40628477025905,95.50203919357314,95.44246508580618,95.39991881826688,95.41725447973296,95.4,0.02056169930393514,0.018401163621112358,0.0131935948418311,0.013011445556228437,0.006021535685960682,0.005,95.38572307095511,95.48363802995203,95.42927149096434,95.38690737271065,95.411232944047,95.39500000000001,95.42684646956299,95.52044035719425,95.45565868064801,95.41293026382311,95.42327601541892,95.405,95.405,95.48363802995203,0.07863802995203173,0.0008242980078829322,JNK,SCYB,2026-07-23,False,4310.0,3857.0,2765.0,2727.0,1262.0,1048.0,0.0,0.0,0.0,0.0,0.0,0.0,,,0.0,0.0,0.0,True,False,False,1.0,JNK,SCYB,0.0,-3857.0,0.0,0.0,0.0,1048.0,0.0,0.0,0.0,0.0,0.0,0.0,0.0,0.0,0.0,-3857.0,0.0,0.0,0.0,1048.0,0.0,0.0,0.0,0.0,0.0,1048.0,-0.0,3857.0,-0.0,-0.0,-0.0,-0.0,-0.0,-19.285,-0.0,-0.0,-0.0,-5.24,-24.525,-0.0,-0.0,-0.0,-0.0,-0.0,-0.0,0.0,-24.525,2163.4650000001084
23.18,25.92,36.17,36.66,79.23,95.39,-0.019999999999999574,-0.029999999999997584,0.0,0.0,0.0,-0.010000000000005116,4.115185504745471,3.6801697530864197,2.6372684545203207,2.6020185488270595,1.203963145273255,1.0,4.11261758499356,3.680044780492932,2.6385490501835616,2.602234158501555,1.2042126799549318,1.0,4.112409121028702,3.680057699566439,2.6386845306656617,2.6022765130283014,1.2042799207884147,1.0,95.32564342544532,95.3870955727621,95.44121947417699,95.39945696761752,95.4150981240661,95.39,0.020562045605143513,0.018400288497832196,0.013193422653328308,0.013011382565141507,0.006021399603942074,0.005,95.30508137984017,95.36869528426428,95.42802605152366,95.38644558505239,95.40907672446217,95.385,95.34620547105047,95.40549586125994,95.45441289683032,95.41246835018266,95.42111952367004,95.395,95.34620547105047,95.42802605152366,0.08182058047319174,0.0008577479869293609,SPHY,HYLB,2026-07-24,False,4310.0,3857.0,2765.0,2727.0,1262.0,1048.0,0.0,-3857.0,0.0,0.0,0.0,1048.0,JNK,SCYB,-0.026304715735719242,-0.00027575967853778427,1.0,True,False,False,1.0,SPHY,HYLB,4310.0,0.0,-2765.0,0.0,0.0,0.0,0.0,-100089.15,0.0,0.0,0.0,99979.20000000001,200068.35,-109.94999999998254,4310.0,3857.0,-2765.0,0.0,0.0,-1048.0,4310.0,3857.0,0.0,0.0,0.0,0.0,-0.0,-0.0,2765.0,-0.0,-0.0,1048.0,-21.55,-19.285,-13.825000000000001,-0.0,-0.0,-5.24,-59.900000000000006,-0.0,115.70999999999069,0.0,0.0,0.0,-10.480000000005361,105.22999999998532,45.32999999998532,2208.7950000000938
23.21,25.94,36.18,36.69,79.27,95.46,0.030000000000001137,0.019999999999999574,0.00999999999999801,0.030000000000001137,0.03999999999999204,0.06999999999999318,4.112882378285222,3.6800308404009248,2.6384742951907127,2.6017988552739166,1.2042386779361676,1.0,4.112751238294835,3.6800692670636463,2.638447517961758,2.6021211242693107,1.2041590495275512,1.0,4.11261758499356,3.680044780492932,2.6385490501835616,2.602234158501555,1.2042126799549318,1.0,95.45385414770053,95.46036160598666,95.46270463564126,95.47597127542205,95.45793914002743,95.46,0.020563087924967798,0.018400223902464662,0.013192745250917808,0.013011170792507775,0.006021063399774659,0.005,95.43329105977556,95.4419613820842,95.44951189039034,95.46296010462954,95.45191807662766,95.455,95.4744172356255,95.47876182988912,95.47589738089218,95.48898244621456,95.4639602034272,95.46499999999999,95.4639602034272,95.46296010462954,-0.0010000987976610531,-1.0476626834915706e-05,HYG,USHY,2026-07-27,False,4310.0,3857.0,2765.0,2727.0,1262.0,1048.0,4310.0,0.0,-2765.0,0.0,0.0,0.0,SPHY,HYLB,-0.02490534523515464,-0.0002608982320883579,1.0,False,True,False,0.0,,,0.0,0.0,0.0,0.0,0.0,0.0,99905.8,0.0,-100010.05,0.0,0.0,0.0,199915.85,-104.25,-4310.0,0.0,2765.0,0.0,0.0,0.0,0.0,0.0,2765.0,0.0,0.0,0.0,4310.0,-0.0,-0.0,-0.0,-0.0,-0.0,-21.55,-0.0,-13.825000000000001,-0.0,-0.0,-0.0,-35.375,129.3000000000049,0.0,-27.6499999999945,0.0,0.0,0.0,101.65000000001041,66.27500000001041,2275.0700000001043
23.24,25.96,36.25,36.74,79.42,95.61,0.029999999999997584,0.019999999999999574,0.07000000000000028,0.05000000000000426,0.15000000000000568,0.15000000000000568,4.114027538726334,3.6829738058551618,2.63751724137931,2.6023407729994554,1.2038529337698312,1.0,4.11290890520983,3.6801782475434996,2.638340904674754,2.602073431620336,1.204109226524754,1.0,4.112751238294835,3.6800692670636463,2.638447517961758,2.6021211242693107,1.2041590495275512,1.0,95.58033877797196,95.53459817297227,95.64372252611373,95.60193010565449,95.63431171347811,95.61,0.020563756191474176,0.018400346335318233,0.013192237589808791,0.013010605621346554,0.006020795247637756,0.005,95.55977502178048,95.51619782663695,95.63053028852393,95.58891950003314,95.62829091823048,95.605,95.60090253416344,95.55299851930758,95.65691476370354,95.61494071127584,95.64033250872575,95.615,95.55299851930758,95.63053028852393,0.07753176921634974,0.0008109169460971629,SCYB,HYLB,2026-07-28,False,4302.0,3849.0,2760.0,2722.0,1260.0,1046.0,0.0,0.0,0.0,0.0,0.0,0.0,,,0.0,0.0,0.0,True,False,False,1.0,SCYB,HYLB,0.0,3849.0,-2760.0,0.0,0.0,0.0,0.0,0.0,0.0,0.0,0.0,0.0,0.0,0.0,0.0,3849.0,-2760.0,0.0,0.0,0.0,0.0,3849.0,0.0,0.0,0.0,0.0,-0.0,-0.0,2760.0,-0.0,-0.0,-0.0,-0.0,-19.245,-13.8,-0.0,-0.0,-0.0,-33.045,0.0,0.0,0.0,0.0,0.0,0.0,0.0,-33.045,2242.0250000001042
23.19,25.91,36.18,36.67,79.24,95.39,-0.04999999999999716,-0.05000000000000071,-0.07000000000000028,-0.07000000000000028,-0.18000000000000682,-0.21999999999999886,4.113410952996981,3.6815901196449246,2.6365395245992262,2.6013089719116445,1.2038112064613833,1.0,4.113012046716333,3.6802050415318575,2.6382264789331935,2.6019795069041955,1.2040459416558762,1.0,4.11290890520983,3.6801782475434996,2.638340904674754,2.602073431620336,1.204109226524754,1.0,95.37835751181596,95.35341839385208,95.4551739311326,95.41803273751773,95.41361510982149,95.39,0.02056454452604915,0.018400891237717498,0.013191704523373772,0.013010367158101681,0.0060205461326237695,0.005,95.35779296728991,95.33501750261436,95.44198222660923,95.40502237035963,95.40759456368887,95.385,95.39892205634202,95.3718192850898,95.46836563565599,95.43104310467584,95.41963565595411,95.395,95.3718192850898,95.44198222660923,0.07016294151942759,0.0007355377033171987,SCYB,HYLB,2026-07-29,False,4310.0,3857.0,2765.0,2727.0,1262.0,1048.0,0.0,3849.0,-2760.0,0.0,0.0,0.0,SCYB,HYLB,0.07016294151942759,0.0007355377033171987,1.0,True,False,False,1.0,SCYB,HYLB,0.0,3857.0,-2765.0,0.0,0.0,0.0,0.0,99920.04000000001,-100050.0,0.0,0.0,0.0,199970.04,-129.95999999999185,0.0,8.0,-5.0,0.0,0.0,0.0,0.0,8.0,0.0,0.0,0.0,0.0,-0.0,-0.0,5.0,-0.0,-0.0,-0.0,-0.0,-0.04,-0.025,-0.0,-0.0,-0.0,-0.065,-0.0,-192.45000000000275,193.20000000000078,-0.0,-0.0,-0.0,0.7499999999980389,0.684999999998039,2242.7100000001024
23.26,25.99,36.29,36.79,79.47,95.66,0.07000000000000028,0.0799999999999983,0.10999999999999943,0.11999999999999744,0.23000000000000398,0.269999999999996,4.112639724849527,3.680646402462486,2.635987875447782,2.600163087795597,1.2037246759783566,1.0,4.112981227296004,3.680206651482237,2.6380688124248226,2.601857368134366,1.203998477754078,1.0,4.113012046716333,3.6802050415318575,2.6382264789331935,2.6019795069041955,1.2040459416558762,1.0,95.66866020662192,95.64852902941297,95.74123892048559,95.72682605900535,95.68553098339248,95.66,0.020565060233581667,0.018401025207659287,0.013191132394665968,0.013009897534520977,0.0060202297082793815,0.005,95.64809514638834,95.6301280042053,95.72804778809092,95.71381616147083,95.6795107536842,95.655,95.6892252668555,95.66693005462064,95.75443005288025,95.73983595653986,95.69155121310077,95.66499999999999,95.66499999999999,95.72804778809092,0.06304778809092682,0.0006590820415108386,JNK,HYLB,2026-07-30,False,4298.0,3846.0,2757.0,2719.0,1258.0,1045.0,0.0,3857.0,-2765.0,0.0,0.0,0.0,SCYB,HYLB,0.06111773347028304,0.0006389058485289886,1.0,False,False,False,-1.0,SCYB,HYLB,0.0,3846.0,-2757.0,0.0,0.0,0.0,0.0,99934.87,-100037.7,0.0,0.0,0.0,199972.57,-102.83000000000175,0.0,-11.0,8.0,0.0,0.0,0.0,0.0,0.0,8.0,0.0,0.0,0.0,-0.0,11.0,-0.0,-0.0,-0.0,-0.0,-0.0,-0.055,-0.04,-0.0,-0.0,-0.0,-0.095,0.0,308.5599999999934,-304.14999999999844,0.0,0.0,0.0,4.409999999994966,4.314999999994966,2247.0250000000974
23.27,26.01,36.29,36.78,79.48,95.68,0.00999999999999801,0.020000000000003126,0.0,-0.00999999999999801,0.010000000000005116,0.020000000000010232,4.111731843575419,3.6785851595540175,2.636538991457702,2.6014138118542687,1.2038248616004026,1.0,4.112933714933216,3.6801060014844778,2.6380051327039458,2.6018250497815663,1.2039777022667917,1.0,4.112981227296004,3.680206651482237,2.6380688124248226,2.601857368134366,1.203998477754078,1.0,95.709073159178,95.72217500505299,95.73551720289682,95.69631399998198,95.69379901189413,95.68,0.02056490613648002,0.018401033257411187,0.013190344062124113,0.013009286840671831,0.00601999238877039,0.005,95.68850825304152,95.70377397179558,95.72232685883469,95.68330471314131,95.68777901950536,95.67500000000001,95.72963806531449,95.7405760383104,95.74870754695894,95.70932328682265,95.6998190042829,95.685,95.685,95.72232685883469,0.03732685883468889,0.0003901218523692401,JNK,HYLB,2026-07-31,False,4298.0,3846.0,2757.0,2719.0,1258.0,1045.0,0.0,3846.0,-2757.0,0.0,0.0,0.0,SCYB,HYLB,0.0,0.0,-1.0,False,True,False,0.0,,,0.0,0.0,0.0,0.0,0.0,0.0,0.0,99957.54,-100051.53,0.0,0.0,0.0,200009.07,-93.99000000000524,0.0,-3846.0,2757.0,0.0,0.0,0.0,0.0,0.0,2757.0,0.0,0.0,0.0,-0.0,3846.0,-0.0,-0.0,-0.0,-0.0,-0.0,-19.23,-13.785,-0.0,-0.0,-0.0,-33.015,0.0,76.92000000001202,-0.0,-0.0,0.0,0.0,76.92000000001202,43.90500000001202,2290.9300000001094
