,symbol,status,baseAsset,baseAssetPrecision,quoteAsset,quotePrecision,quoteAssetPrecision,baseCommissionPrecision,quoteCommissionPrecision,orderTypes,icebergAllowed,ocoAllowed,quoteOrderQtyMarketAllowed,allowTrailingStop,cancelReplaceAllowed,isSpotTradingAllowed,isMarginTradingAllowed,filters,permissions,defaultSelfTradePreventionMode,allowedSelfTradePreventionModes,tickSize,minPrice,maxPrice,stepSize,minQty,maxQty,minNotional
0,BTCUSD4,BREAK,BTC,8,USD4,4,4,8,2,"['LIMIT', 'LIMIT_MAKER', 'MARKET', 'STOP_LOSS_LIMIT', 'TAKE_PROFIT_LIMIT']",True,True,True,True,True,True,False,"[{'filterType': 'PRICE_FILTER', 'minPrice': '0.0100', 'maxPrice': '100000.0000', 'tickSize': '0.0100'}, {'filterType': 'PERCENT_PRICE', 'multiplierUp': '5', 'multiplierDown': '0.2', 'avgPriceMins': 5}, {'filterType': 'LOT_SIZE', 'minQty': '0.00000100', 'maxQty': '9000.00000000', 'stepSize': '0.00000100'}, {'filterType': 'MIN_NOTIONAL', 'minNotional': '10.0000', 'applyToMarket': True, 'avgPriceMins': 5}, {'filterType': 'ICEBERG_PARTS', 'limit': 10}, {'filterType': 'MARKET_LOT_SIZE', 'minQty': '0.00000000', 'maxQty': '60.25597724', 'stepSize': '0.00000000'}, {'filterType': 'TRAILING_DELTA', 'minTrailingAboveDelta': 10, 'maxTrailingAboveDelta': 2000, 'minTrailingBelowDelta': 10, 'maxTrailingBelowDelta': 2000}, {'filterType': 'MAX_NUM_ORDERS', 'maxNumOrders': 200}, {'filterType': 'MAX_NUM_ALGO_ORDERS', 'maxNumAlgoOrders': 5}]",['SPOT'],EXPIRE_MAKER,"['EXPIRE_TAKER', 'EXPIRE_MAKER', 'EXPIRE_BOTH']",0.0100,0.0100,100000.0000,0.00000100,0.00000100,9000.00000000,10.0000
1,ETHUSD4,BREAK,ETH,8,USD4,4,4,8,4,"['LIMIT', 'LIMIT_MAKER', 'MARKET', 'STOP_LOSS_LIMIT', 'TAKE_PROFIT_LIMIT']",True,True,True,True,True,True,False,"[{'filterType': 'PRICE_FILTER', 'minPrice': '0.0100', 'maxPrice': '100000.0000', 'tickSize': '0.0100'}, {'filterType': 'PERCENT_PRICE', 'multiplierUp': '5', 'multiplierDown': '0.2', 'avgPriceMins': 5}, {'filterType': 'LOT_SIZE', 'minQty': '0.00001000', 'maxQty': '9000.00000000', 'stepSize': '0.00001000'}, {'filterType': 'MIN_NOTIONAL', 'minNotional': '10.0000', 'applyToMarket': True, 'avgPriceMins': 5}, {'filterType': 'ICEBERG_PARTS', 'limit': 10}, {'filterType': 'MARKET_LOT_SIZE', 'minQty': '0.00000000', 'maxQty': '514.38625342', 'stepSize': '0.00000000'}, {'filterType': 'TRAILING_DELTA', 'minTrailingAboveDelta': 10, 'maxTrailingAboveDelta': 2000, 'minTrailingBelowDelta': 10, 'maxTrailingBelowDelta': 2000}, {'filterType': 'MAX_NUM_ORDERS', 'maxNumOrders': 200}, {'filterType': 'MAX_NUM_ALGO_ORDERS', 'maxNumAlgoOrders': 5}]",['SPOT'],EXPIRE_MAKER,"['EXPIRE_TAKER', 'EXPIRE_MAKER', 'EXPIRE_BOTH']",0.0100,0.0100,100000.0000,0.00001000,0.00001000,9000.00000000,10.0000
2,XRPUSD4,BREAK,XRP,8,USD4,4,4,8,4,"['LIMIT', 'LIMIT_MAKER', 'MARKET', 'STOP_LOSS_LIMIT', 'TAKE_PROFIT_LIMIT']",True,True,True,True,True,True,False,"[{'filterType': 'PRICE_FILTER', 'minPrice': '0.0001', 'maxPrice': '1000.0000', 'tickSize': '0.0001'}, {'filterType': 'PERCENT_PRICE', 'multiplierUp': '5', 'multiplierDown': '0.2', 'avgPriceMins': 5}, {'filterType': 'LOT_SIZE', 'minQty': '1.00000000', 'maxQty': '9222449.00000000', 'stepSize': '1.00000000'}, {'filterType': 'MIN_NOTIONAL', 'minNotional': '1.0000', 'applyToMarket': True, 'avgPriceMins': 5}, {'filterType': 'ICEBERG_PARTS', 'limit': 10}, {'filterType': 'MARKET_LOT_SIZE', 'minQty': '0.00000000', 'maxQty': '2797914.31380753', 'stepSize': '0.00000000'}, {'filterType': 'TRAILING_DELTA', 'minTrailingAboveDelta': 10, 'maxTrailingAboveDelta': 2000, 'minTrailingBelowDelta': 10, 'maxTrailingBelowDelta': 2000}, {'filterType': 'PERCENT_PRICE_BY_SIDE', 'bidMultiplierUp': '5', 'bidMultiplierDown': '0.2', 'askMultiplierUp': '5', 'askMultiplierDown': '0.2', 'avgPriceMins': 5}, {'filterType': 'MAX_NUM_ORDERS', 'maxNumOrders': 200}, {'filterType': 'MAX_NUM_ALGO_ORDERS', 'maxNumAlgoOrders': 5}]",['SPOT'],EXPIRE_MAKER,"['EXPIRE_TAKER', 'EXPIRE_MAKER', 'EXPIRE_BOTH']",0.0001,0.0001,1000.0000,1.00000000,1.00000000,9222449.00000000,1.0000
3,BCHUSD4,BREAK,BCH,8,USD4,4,4,8,2,"['LIMIT', 'LIMIT_MAKER', 'MARKET', 'STOP_LOSS_LIMIT', 'TAKE_PROFIT_LIMIT']",True,True,True,True,True,True,False,"[{'filterType': 'PRICE_FILTER', 'minPrice': '0.0100', 'maxPrice': '100000.0000', 'tickSize': '0.0100'}, {'filterType': 'PERCENT_PRICE', 'multiplierUp': '5', 'multiplierDown': '0.2', 'avgPriceMins': 5}, {'filterType': 'LOT_SIZE', 'minQty': '0.00001000', 'maxQty': '9000.00000000', 'stepSize': '0.00001000'}, {'filterType': 'MIN_NOTIONAL', 'minNotional': '10.0000', 'applyToMarket': True, 'avgPriceMins': 5}, {'filterType': 'ICEBERG_PARTS', 'limit': 10}, {'filterType': 'MARKET_LOT_SIZE', 'minQty': '0.00000000', 'maxQty': '598.64156564', 'stepSize': '0.00000000'}, {'filterType': 'TRAILING_DELTA', 'minTrailingAboveDelta': 10, 'maxTrailingAboveDelta': 2000, 'minTrailingBelowDelta': 10, 'maxTrailingBelowDelta': 2000}, {'filterType': 'MAX_NUM_ORDERS', 'maxNumOrders': 200}, {'filterType': 'MAX_NUM_ALGO_ORDERS', 'maxNumAlgoOrders': 5}]",['SPOT'],EXPIRE_MAKER,"['EXPIRE_TAKER', 'EXPIRE_MAKER', 'EXPIRE_BOTH']",0.0100,0.0100,100000.0000,0.00001000,0.00001000,9000.00000000,10.0000
4,LTCUSD4,BREAK,LTC,8,USD4,4,4,8,2,"['LIMIT', 'LIMIT_MAKER', 'MARKET', 'STOP_LOSS_LIMIT', 'TAKE_PROFIT_LIMIT']",True,True,True,True,True,True,False,"[{'filterType': 'PRICE_FILTER', 'minPrice': '0.0100', 'maxPrice': '100000.0000', 'tickSize': '0.0100'}, {'filterType': 'PERCENT_PRICE', 'multiplierUp': '5', 'multiplierDown': '0.2', 'avgPriceMins': 5}, {'filterType': 'LOT_SIZE', 'minQty': '0.00001000', 'maxQty': '9000.00000000', 'stepSize': '0.00001000'}, {'filterType': 'MIN_NOTIONAL', 'minNotional': '10.0000', 'applyToMarket': True, 'avgPriceMins': 5}, {'filterType': 'ICEBERG_PARTS', 'limit': 10}, {'filterType': 'MARKET_LOT_SIZE', 'minQty': '0.00000000', 'maxQty': '5234.97036374', 'stepSize': '0.00000000'}, {'filterType': 'TRAILING_DELTA', 'minTrailingAboveDelta': 10, 'maxTrailingAboveDelta': 2000, 'minTrailingBelowDelta': 10, 'maxTrailingBelowDelta': 2000}, {'filterType': 'MAX_NUM_ORDERS', 'maxNumOrders': 200}, {'filterType': 'MAX_NUM_ALGO_ORDERS', 'maxNumAlgoOrders': 5}]",['SPOT'],EXPIRE_MAKER,"['EXPIRE_TAKER', 'EXPIRE_MAKER', 'EXPIRE_BOTH']",0.0100,0.0100,100000.0000,0.00001000,0.00001000,9000.00000000,10.0000
5,USDTUSD4,BREAK,USDT,8,USD4,4,4,8,4,"['LIMIT', 'LIMIT_MAKER', 'MARKET', 'STOP_LOSS_LIMIT', 'TAKE_PROFIT_LIMIT']",True,True,True,True,True,True,False,"[{'filterType': 'PRICE_FILTER', 'minPrice': '0.0001', 'maxPrice': '1000.0000', 'tickSize': '0.0001'}, {'filterType': 'PERCENT_PRICE', 'multiplierUp': '5', 'multiplierDown': '0.2', 'avgPriceMins': 5}, {'filterType': 'LOT_SIZE', 'minQty': '0.01000000', 'maxQty': '9000000.00000000', 'stepSize': '0.01000000'}, {'filterType': 'MIN_NOTIONAL', 'minNotional': '10.0000', 'applyToMarket': True, 'avgPriceMins': 5}, {'filterType': 'ICEBERG_PARTS', 'limit': 10}, {'filterType': 'MARKET_LOT_SIZE', 'minQty': '0.00000000', 'maxQty': '10368912.79569097', 'stepSize': '0.00000000'}, {'filterType': 'TRAILING_DELTA', 'minTrailingAboveDelta': 10, 'maxTrailingAboveDelta': 2000, 'minTrailingBelowDelta': 10, 'maxTrailingBelowDelta': 2000}, {'filterType': 'MAX_NUM_ORDERS', 'maxNumOrders': 200}, {'filterType': 'MAX_NUM_ALGO_ORDERS', 'maxNumAlgoOrders': 5}]",['SPOT'],EXPIRE_MAKER,"['EXPIRE_TAKER', 'EXPIRE_MAKER', 'EXPIRE_BOTH']",0.0001,0.0001,1000.0000,0.01000000,0.01000000,9000000.00000000,10.0000
6,BTCUSDT,TRADING,BTC,8,USDT,8,8,8,8,"['LIMIT', 'LIMIT_MAKER', 'MARKET', 'STOP_LOSS_LIMIT', 'TAKE_PROFIT_LIMIT']",True,True,True,True,True,True,False,"[{'filterType': 'PRICE_FILTER', 'minPrice': '0.01000000', 'maxPrice': '1000000.00000000', 'tickSize': '0.01000000'}, {'filterType': 'PERCENT_PRICE', 'multiplierUp': '5', 'multiplierDown': '0.2', 'avgPriceMins': 5}, {'filterType': 'LOT_SIZE', 'minQty': '0.00001000', 'maxQty': '9000.00000000', 'stepSize': '0.00001000'}, {'filterType': 'MIN_NOTIONAL', 'minNotional': '1.00000000', 'applyToMarket': True, 'avgPriceMins': 5}, {'filterType': 'ICEBERG_PARTS', 'limit': 10}, {'filterType': 'MARKET_LOT_SIZE', 'minQty': '0.00000000', 'maxQty': '3.69807112', 'stepSize': '0.00000000'}, {'filterType': 'TRAILING_DELTA', 'minTrailingAboveDelta': 10, 'maxTrailingAboveDelta': 2000, 'minTrailingBelowDelta': 10, 'maxTrailingBelowDelta': 2000}, {'filterType': 'PERCENT_PRICE_BY_SIDE', 'bidMultiplierUp': '1.25', 'bidMultiplierDown': '0.2', 'askMultiplierUp': '5', 'askMultiplierDown': '0.75', 'avgPriceMins': 5}, {'filterType': 'MAX_NUM_ORDERS', 'maxNumOrders': 200}, {'filterType': 'MAX_NUM_ALGO_ORDERS', 'maxNumAlgoOrders': 5}]",['SPOT'],EXPIRE_MAKER,"['EXPIRE_TAKER', 'EXPIRE_MAKER', 'EXPIRE_BOTH']",0.01000000,0.01000000,1000000.00000000,0.00001000,0.00001000,9000.00000000,1.00000000
7,ETHUSDT,TRADING,ETH,8,USDT,8,8,8,8,"['LIMIT', 'LIMIT_MAKER', 'MARKET', 'STOP_LOSS_LIMIT', 'TAKE_PROFIT_LIMIT']",True,True,True,True,True,True,False,"[{'filterType': 'PRICE_FILTER', 'minPrice': '0.01000000', 'maxPrice': '1000000.00000000', 'tickSize': '0.01000000'}, {'filterType': 'PERCENT_PRICE', 'multiplierUp': '5', 'multiplierDown': '0.2', 'avgPriceMins': 5}, {'filterType': 'LOT_SIZE', 'minQty': '0.00010000', 'maxQty': '9000.00000000', 'stepSize': '0.00010000'}, {'filterType': 'MIN_NOTIONAL', 'minNotional': '1.00000000', 'applyToMarket': True, 'avgPriceMins': 5}, {'filterType': 'ICEBERG_PARTS', 'limit': 10}, {'filterType': 'MARKET_LOT_SIZE', 'minQty': '0.00000000', 'maxQty': '74.21960711', 'stepSize': '0.00000000'}, {'filterType': 'TRAILING_DELTA', 'minTrailingAboveDelta': 10, 'maxTrailingAboveDelta': 2000, 'minTrailingBelowDelta': 10, 'maxTrailingBelowDelta': 2000}, {'filterType': 'PERCENT_PRICE_BY_SIDE', 'bidMultiplierUp': '1.25', 'bidMultiplierDown': '0.2', 'askMultiplierUp': '5', 'askMultiplierDown': '0.75', 'avgPriceMins': 5}, {'filterType': 'MAX_NUM_ORDERS', 'maxNumOrders': 200}, {'filterType': 'MAX_NUM_ALGO_ORDERS', 'maxNumAlgoOrders': 5}]",['SPOT'],EXPIRE_MAKER,"['EXPIRE_TAKER', 'EXPIRE_MAKER', 'EXPIRE_BOTH']",0.01000000,0.01000000,1000000.00000000,0.00010000,0.00010000,9000.00000000,1.00000000
8,XRPUSDT,TRADING,XRP,8,USDT,8,8,8,8,"['LIMIT', 'LIMIT_MAKER', 'MARKET', 'STOP_LOSS_LIMIT', 'TAKE_PROFIT_LIMIT']",True,True,True,True,True,True,False,"[{'filterType': 'PRICE_FILTER', 'minPrice': '0.00010000', 'maxPrice': '1000.00000000', 'tickSize': '0.00010000'}, {'filterType': 'PERCENT_PRICE', 'multiplierUp': '5', 'multiplierDown': '0.2', 'avgPriceMins': 5}, {'filterType': 'LOT_SIZE', 'minQty': '0.10000000', 'maxQty': '9222449.00000000', 'stepSize': '0.10000000'}, {'filterType': 'MIN_NOTIONAL', 'minNotional': '1.00000000', 'applyToMarket': True, 'avgPriceMins': 5}, {'filterType': 'ICEBERG_PARTS', 'limit': 10}, {'filterType': 'MARKET_LOT_SIZE', 'minQty': '0.00000000', 'maxQty': '151021.36987447', 'stepSize': '0.00000000'}, {'filterType': 'TRAILING_DELTA', 'minTrailingAboveDelta': 10, 'maxTrailingAboveDelta': 2000, 'minTrailingBelowDelta': 10, 'maxTrailingBelowDelta': 2000}, {'filterType': 'PERCENT_PRICE_BY_SIDE', 'bidMultiplierUp': '1.25', 'bidMultiplierDown': '0.2', 'askMultiplierUp': '5', 'askMultiplierDown': '0.75', 'avgPriceMins': 5}, {'filterType': 'MAX_NUM_ORDERS', 'maxNumOrders': 200}, {'filterType': 'MAX_NUM_ALGO_ORDERS', 'maxNumAlgoOrders': 5}]",['SPOT'],EXPIRE_MAKER,"['EXPIRE_TAKER', 'EXPIRE_MAKER', 'EXPIRE_BOTH']",0.00010000,0.00010000,1000.00000000,0.10000000,0.10000000,9222449.00000000,1.00000000
9,BCHUSDT,TRADING,BCH,8,USDT,8,8,8,8,"['LIMIT', 'LIMIT_MAKER', 'MARKET', 'STOP_LOSS_LIMIT', 'TAKE_PROFIT_LIMIT']",True,True,True,True,True,True,False,"[{'filterType': 'PRICE_FILTER', 'minPrice': '0.10000000', 'maxPrice': '100000.00000000', 'tickSize': '0.10000000'}, {'filterType': 'PERCENT_PRICE', 'multiplierUp': '5', 'multiplierDown': '0.2', 'avgPriceMins': 5}, {'filterType': 'LOT_SIZE', 'minQty': '0.00100000', 'maxQty': '90000.00000000', 'stepSize': '0.00100000'}, {'filterType': 'MIN_NOTIONAL', 'minNotional': '1.00000000', 'applyToMarket': True, 'avgPriceMins': 5}, {'filterType': 'ICEBERG_PARTS', 'limit': 10}, {'filterType': 'MARKET_LOT_SIZE', 'minQty': '0.00000000', 'maxQty': '9.80279497', 'stepSize': '0.00000000'}, {'filterType': 'TRAILING_DELTA', 'minTrailingAboveDelta': 10, 'maxTrailingAboveDelta': 2000, 'minTrailingBelowDelta': 10, 'maxTrailingBelowDelta': 2000}, {'filterType': 'PERCENT_PRICE_BY_SIDE', 'bidMultiplierUp': '1.25', 'bidMultiplierDown': '0.2', 'askMultiplierUp': '5', 'askMultiplierDown': '0.75', 'avgPriceMins': 5}, {'filterType': 'MAX_NUM_ORDERS', 'maxNumOrders': 200}, {'filterType': 'MAX_NUM_ALGO_ORDERS', 'maxNumAlgoOrders': 5}]",['SPOT'],EXPIRE_MAKER,"['EXPIRE_TAKER', 'EXPIRE_MAKER', 'EXPIRE_BOTH']",0.10000000,0.10000000,100000.00000000,0.00100000,0.00100000,90000.00000000,1.00000000
10,LTCUSDT,TRADING,LTC,8,USDT,8,8,8,8,"['LIMIT', 'LIMIT_MAKER', 'MARKET', 'STOP_LOSS_LIMIT', 'TAKE_PROFIT_LIMIT']",True,True,True,True,True,True,False,"[{'filterType': 'PRICE_FILTER', 'minPrice': '0.01000000', 'maxPrice': '100000.00000000', 'tickSize': '0.01000000'}, {'filterType': 'PERCENT_PRICE', 'multiplierUp': '5', 'multiplierDown': '0.2', 'avgPriceMins': 5}, {'filterType': 'LOT_SIZE', 'minQty': '0.00100000', 'maxQty': '90000.00000000', 'stepSize': '0.00100000'}, {'filterType': 'MIN_NOTIONAL', 'minNotional': '1.00000000', 'applyToMarket': True, 'avgPriceMins': 5}, {'filterType': 'ICEBERG_PARTS', 'limit': 10}, {'filterType': 'MARKET_LOT_SIZE', 'minQty': '0.00000000', 'maxQty': '511.75533054', 'stepSize': '0.00000000'}, {'filterType': 'TRAILING_DELTA', 'minTrailingAboveDelta': 10, 'maxTrailingAboveDelta': 2000, 'minTrailingBelowDelta': 10, 'maxTrailingBelowDelta': 2000}, {'filterType': 'PERCENT_PRICE_BY_SIDE', 'bidMultiplierUp': '1.25', 'bidMultiplierDown': '0.2', 'askMultiplierUp': '5', 'askMultiplierDown': '0.75', 'avgPriceMins': 5}, {'filterType': 'MAX_NUM_ORDERS', 'maxNumOrders': 200}, {'filterType': 'MAX_NUM_ALGO_ORDERS', 'maxNumAlgoOrders': 5}]",['SPOT'],EXPIRE_MAKER,"['EXPIRE_TAKER', 'EXPIRE_MAKER', 'EXPIRE_BOTH']",0.01000000,0.01000000,100000.00000000,0.00100000,0.00100000,90000.00000000,1.00000000
11,BNBUSD4,BREAK,BNB,8,USD4,4,4,8,4,"['LIMIT', 'LIMIT_MAKER', 'MARKET', 'STOP_LOSS_LIMIT', 'TAKE_PROFIT_LIMIT']",True,True,True,True,True,True,False,"[{'filterType': 'PRICE_FILTER', 'minPrice': '0.0001', 'maxPrice': '100000.0000', 'tickSize': '0.0001'}, {'filterType': 'PERCENT_PRICE', 'multiplierUp': '5', 'multiplierDown': '0.2', 'avgPriceMins': 5}, {'filterType': 'LOT_SIZE', 'minQty': '0.00100000', 'maxQty': '900000.00000000', 'stepSize': '0.00100000'}, {'filterType': 'MIN_NOTIONAL', 'minNotional': '10.0000', 'applyToMarket': True, 'avgPriceMins': 5}, {'filterType': 'ICEBERG_PARTS', 'limit': 10}, {'filterType': 'MARKET_LOT_SIZE', 'minQty': '0.00000000', 'maxQty': '1951.71282905', 'stepSize': '0.00000000'}, {'filterType': 'TRAILING_DELTA', 'minTrailingAboveDelta': 10, 'maxTrailingAboveDelta': 2000, 'minTrailingBelowDelta': 10, 'maxTrailingBelowDelta': 2000}, {'filterType': 'MAX_NUM_ORDERS', 'maxNumOrders': 200}, {'filterType': 'MAX_NUM_ALGO_ORDERS', 'maxNumAlgoOrders': 5}]",['SPOT'],EXPIRE_MAKER,"['EXPIRE_TAKER', 'EXPIRE_MAKER', 'EXPIRE_BOTH']",0.0001,0.0001,100000.0000,0.00100000,0.00100000,900000.00000000,10.0000
12,BNBUSDT,TRADING,BNB,8,USDT,8,8,8,8,"['LIMIT', 'LIMIT_MAKER', 'MARKET', 'STOP_LOSS_LIMIT', 'TAKE_PROFIT_LIMIT']",True,True,True,True,True,True,False,"[{'filterType': 'PRICE_FILTER', 'minPrice': '0.01000000', 'maxPrice': '100000.00000000', 'tickSize': '0.01000000'}, {'filterType': 'PERCENT_PRICE', 'multiplierUp': '5', 'multiplierDown': '0.2', 'avgPriceMins': 5}, {'filterType': 'LOT_SIZE', 'minQty': '0.00100000', 'maxQty': '900000.00000000', 'stepSize': '0.00100000'}, {'filterType': 'MIN_NOTIONAL', 'minNotional': '1.00000000', 'applyToMarket': True, 'avgPriceMins': 5}, {'filterType': 'ICEBERG_PARTS', 'limit': 10}, {'filterType': 'MARKET_LOT_SIZE', 'minQty': '0.00000000', 'maxQty': '143.70126359', 'stepSize': '0.00000000'}, {'filterType': 'TRAILING_DELTA', 'minTrailingAboveDelta': 10, 'maxTrailingAboveDelta': 2000, 'minTrailingBelowDelta': 10, 'maxTrailingBelowDelta': 2000}, {'filterType': 'PERCENT_PRICE_BY_SIDE', 'bidMultiplierUp': '1.25', 'bidMultiplierDown': '0.2', 'askMultiplierUp': '5', 'askMultiplierDown': '0.75', 'avgPriceMins': 5}, {'filterType': 'MAX_NUM_ORDERS', 'maxNumOrders': 200}, {'filterType': 'MAX_NUM_ALGO_ORDERS', 'maxNumAlgoOrders': 5}]",['SPOT'],EXPIRE_MAKER,"['EXPIRE_TAKER', 'EXPIRE_MAKER', 'EXPIRE_BOTH']",0.01000000,0.01000000,100000.00000000,0.00100000,0.00100000,900000.00000000,1.00000000
13,ETHBTC,TRADING,ETH,8,BTC,8,8,8,8,"['LIMIT', 'LIMIT_MAKER', 'MARKET', 'STOP_LOSS_LIMIT', 'TAKE_PROFIT_LIMIT']",True,True,True,True,True,True,False,"[{'filterType': 'PRICE_FILTER', 'minPrice': '0.00001000', 'maxPrice': '922327.00000000', 'tickSize': '0.00001000'}, {'filterType': 'PERCENT_PRICE', 'multiplierUp': '5', 'multiplierDown': '0.2', 'avgPriceMins': 5}, {'filterType': 'LOT_SIZE', 'minQty': '0.00010000', 'maxQty': '100000.00000000', 'stepSize': '0.00010000'}, {'filterType': 'MIN_NOTIONAL', 'minNotional': '0.00010000', 'applyToMarket': True, 'avgPriceMins': 5}, {'filterType': 'ICEBERG_PARTS', 'limit': 10}, {'filterType': 'MARKET_LOT_SIZE', 'minQty': '0.00000000', 'maxQty': '40.01034184', 'stepSize': '0.00000000'}, {'filterType': 'TRAILING_DELTA', 'minTrailingAboveDelta': 10, 'maxTrailingAboveDelta': 2000, 'minTrailingBelowDelta': 10, 'maxTrailingBelowDelta': 2000}, {'filterType': 'PERCENT_PRICE_BY_SIDE', 'bidMultiplierUp': '1.25', 'bidMultiplierDown': '0.2', 'askMultiplierUp': '5', 'askMultiplierDown': '0.75', 'avgPriceMins': 5}, {'filterType': 'MAX_NUM_ORDERS', 'maxNumOrders': 200}, {'filterType': 'MAX_NUM_ALGO_ORDERS', 'maxNumAlgoOrders': 5}]",['SPOT'],EXPIRE_MAKER,"['EXPIRE_TAKER', 'EXPIRE_MAKER', 'EXPIRE_BOTH']",0.00001000,0.00001000,922327.00000000,0.00010000,0.00010000,100000.00000000,0.00010000
14,XRPBTC,BREAK,XRP,8,BTC,8,8,8,8,"['LIMIT', 'LIMIT_MAKER', 'MARKET', 'STOP_LOSS_LIMIT', 'TAKE_PROFIT_LIMIT']",True,True,True,True,True,True,False,"[{'filterType': 'PRICE_FILTER', 'minPrice': '0.00000001', 'maxPrice': '1000.00000000', 'tickSize': '0.00000001'}, {'filterType': 'PERCENT_PRICE', 'multiplierUp': '5', 'multiplierDown': '0.2', 'avgPriceMins': 5}, {'filterType': 'LOT_SIZE', 'minQty': '1.00000000', 'maxQty': '90000000.00000000', 'stepSize': '1.00000000'}, {'filterType': 'MIN_NOTIONAL', 'minNotional': '0.00010000', 'applyToMarket': True, 'avgPriceMins': 5}, {'filterType': 'ICEBERG_PARTS', 'limit': 10}, {'filterType': 'MARKET_LOT_SIZE', 'minQty': '0.00000000', 'maxQty': '42853300.00000000', 'stepSize': '0.00000000'}, {'filterType': 'TRAILING_DELTA', 'minTrailingAboveDelta': 10, 'maxTrailingAboveDelta': 2000, 'minTrailingBelowDelta': 10, 'maxTrailingBelowDelta': 2000}, {'filterType': 'MAX_NUM_ORDERS', 'maxNumOrders': 200}, {'filterType': 'MAX_NUM_ALGO_ORDERS', 'maxNumAlgoOrders': 5}]",['SPOT'],EXPIRE_MAKER,"['EXPIRE_TAKER', 'EXPIRE_MAKER', 'EXPIRE_BOTH']",0.00000001,0.00000001,1000.00000000,1.00000000,1.00000000,90000000.00000000,0.00010000
15,BNBBTC,TRADING,BNB,8,BTC,8,8,8,8,"['LIMIT', 'LIMIT_MAKER', 'MARKET', 'STOP_LOSS_LIMIT', 'TAKE_PROFIT_LIMIT']",True,True,True,True,True,True,False,"[{'filterType': 'PRICE_FILTER', 'minPrice': '0.00000100', 'maxPrice': '100000.00000000', 'tickSize': '0.00000100'}, {'filterType': 'PERCENT_PRICE', 'multiplierUp': '5', 'multiplierDown': '0.2', 'avgPriceMins': 5}, {'filterType': 'LOT_SIZE', 'minQty': '0.00100000', 'maxQty': '100000.00000000', 'stepSize': '0.00100000'}, {'filterType': 'MIN_NOTIONAL', 'minNotional': '0.00010000', 'applyToMarket': True, 'avgPriceMins': 5}, {'filterType': 'ICEBERG_PARTS', 'limit': 10}, {'filterType': 'MARKET_LOT_SIZE', 'minQty': '0.00000000', 'maxQty': '51.71073221', 'stepSize': '0.00000000'}, {'filterType': 'TRAILING_DELTA', 'minTrailingAboveDelta': 10, 'maxTrailingAboveDelta': 2000, 'minTrailingBelowDelta': 10, 'maxTrailingBelowDelta': 2000}, {'filterType': 'PERCENT_PRICE_BY_SIDE', 'bidMultiplierUp': '1.25', 'bidMultiplierDown': '0.2', 'askMultiplierUp': '5', 'askMultiplierDown': '0.75', 'avgPriceMins': 5}, {'filterType': 'MAX_NUM_ORDERS', 'maxNumOrders': 200}, {'filterType': 'MAX_NUM_ALGO_ORDERS', 'maxNumAlgoOrders': 5}]",['SPOT'],EXPIRE_MAKER,"['EXPIRE_TAKER', 'EXPIRE_MAKER', 'EXPIRE_BOTH']",0.00000100,0.00000100,100000.00000000,0.00100000,0.00100000,100000.00000000,0.00010000
16,LTCBTC,BREAK,LTC,8,BTC,8,8,8,8,"['LIMIT', 'LIMIT_MAKER', 'MARKET', 'STOP_LOSS_LIMIT', 'TAKE_PROFIT_LIMIT']",True,True,True,True,True,True,False,"[{'filterType': 'PRICE_FILTER', 'minPrice': '0.00000100', 'maxPrice': '100000.00000000', 'tickSize': '0.00000100'}, {'filterType': 'PERCENT_PRICE', 'multiplierUp': '5', 'multiplierDown': '0.2', 'avgPriceMins': 5}, {'filterType': 'LOT_SIZE', 'minQty': '0.00100000', 'maxQty': '100000.00000000', 'stepSize': '0.00100000'}, {'filterType': 'MIN_NOTIONAL', 'minNotional': '0.00010000', 'applyToMarket': True, 'avgPriceMins': 5}, {'filterType': 'ICEBERG_PARTS', 'limit': 10}, {'filterType': 'MARKET_LOT_SIZE', 'minQty': '0.00000000', 'maxQty': '76.69682550', 'stepSize': '0.00000000'}, {'filterType': 'TRAILING_DELTA', 'minTrailingAboveDelta': 10, 'maxTrailingAboveDelta': 2000, 'minTrailingBelowDelta': 10, 'maxTrailingBelowDelta': 2000}, {'filterType': 'PERCENT_PRICE_BY_SIDE', 'bidMultiplierUp': '1.25', 'bidMultiplierDown': '0.2', 'askMultiplierUp': '5', 'askMultiplierDown': '0.75', 'avgPriceMins': 5}, {'filterType': 'MAX_NUM_ORDERS', 'maxNumOrders': 200}, {'filterType': 'MAX_NUM_ALGO_ORDERS', 'maxNumAlgoOrders': 5}]",['SPOT'],EXPIRE_MAKER,"['EXPIRE_TAKER', 'EXPIRE_MAKER', 'EXPIRE_BOTH']",0.00000100,0.00000100,100000.00000000,0.00100000,0.00100000,100000.00000000,0.00010000
17,BCHBTC,BREAK,BCH,8,BTC,8,8,8,8,"['LIMIT', 'LIMIT_MAKER', 'MARKET', 'STOP_LOSS_LIMIT', 'TAKE_PROFIT_LIMIT']",True,True,True,True,True,True,False,"[{'filterType': 'PRICE_FILTER', 'minPrice': '0.00001000', 'maxPrice': '1000.00000000', 'tickSize': '0.00001000'}, {'filterType': 'PERCENT_PRICE', 'multiplierUp': '5', 'multiplierDown': '0.2', 'avgPriceMins': 5}, {'filterType': 'LOT_SIZE', 'minQty': '0.00100000', 'maxQty': '10000000.00000000', 'stepSize': '0.00100000'}, {'filterType': 'MIN_NOTIONAL', 'minNotional': '0.00010000', 'applyToMarket': True, 'avgPriceMins': 5}, {'filterType': 'ICEBERG_PARTS', 'limit': 10}, {'filterType': 'MARKET_LOT_SIZE', 'minQty': '0.00000000', 'maxQty': '708.32305486', 'stepSize': '0.00000000'}, {'filterType': 'TRAILING_DELTA', 'minTrailingAboveDelta': 10, 'maxTrailingAboveDelta': 2000, 'minTrailingBelowDelta': 10, 'maxTrailingBelowDelta': 2000}, {'filterType': 'MAX_NUM_ORDERS', 'maxNumOrders': 200}, {'filterType': 'MAX_NUM_ALGO_ORDERS', 'maxNumAlgoOrders': 5}]",['SPOT'],EXPIRE_MAKER,"['EXPIRE_TAKER', 'EXPIRE_MAKER', 'EXPIRE_BOTH']",0.00001000,0.00001000,1000.00000000,0.00100000,0.00100000,10000000.00000000,0.00010000
18,ADAUSD4,BREAK,ADA,8,USD4,4,4,8,4,"['LIMIT', 'LIMIT_MAKER', 'MARKET', 'STOP_LOSS_LIMIT', 'TAKE_PROFIT_LIMIT']",True,True,True,True,True,True,False,"[{'filterType': 'PRICE_FILTER', 'minPrice': '0.0001', 'maxPrice': '1000.0000', 'tickSize': '0.0001'}, {'filterType': 'PERCENT_PRICE', 'multiplierUp': '5', 'multiplierDown': '0.2', 'avgPriceMins': 5}, {'filterType': 'LOT_SIZE', 'minQty': '0.10000000', 'maxQty': '9000000.00000000', 'stepSize': '0.10000000'}, {'filterType': 'MIN_NOTIONAL', 'minNotional': '10.0000', 'applyToMarket': True, 'avgPriceMins': 5}, {'filterType': 'ICEBERG_PARTS', 'limit': 10}, {'filterType': 'MARKET_LOT_SIZE', 'minQty': '0.00000000', 'maxQty': '872196.53409722', 'stepSize': '0.00000000'}, {'filterType': 'TRAILING_DELTA', 'minTrailingAboveDelta': 10, 'maxTrailingAboveDelta': 2000, 'minTrailingBelowDelta': 10, 'maxTrailingBelowDelta': 2000}, {'filterType': 'MAX_NUM_ORDERS', 'maxNumOrders': 200}, {'filterType': 'MAX_NUM_ALGO_ORDERS', 'maxNumAlgoOrders': 5}]",['SPOT'],EXPIRE_MAKER,"['EXPIRE_TAKER', 'EXPIRE_MAKER', 'EXPIRE_BOTH']",0.0001,0.0001,1000.0000,0.10000000,0.10000000,9000000.00000000,10.0000
19,BATUSD4,BREAK,BAT,8,USD4,4,4,8,4,"['LIMIT', 'LIMIT_MAKER', 'MARKET', 'STOP_LOSS_LIMIT', 'TAKE_PROFIT_LIMIT']",True,True,True,True,True,True,False,"[{'filterType': 'PRICE_FILTER', 'minPrice': '0.0001', 'maxPrice': '1000.0000', 'tickSize': '0.0001'}, {'filterType': 'PERCENT_PRICE', 'multiplierUp': '5', 'multiplierDown': '0.2', 'avgPriceMins': 5}, {'filterType': 'LOT_SIZE', 'minQty': '0.01000000', 'maxQty': '900000.00000000', 'stepSize': '0.01000000'}, {'filterType': 'MIN_NOTIONAL', 'minNotional': '10.0000', 'applyToMarket': True, 'avgPriceMins': 5}, {'filterType': 'ICEBERG_PARTS', 'limit': 10}, {'filterType': 'MARKET_LOT_SIZE', 'minQty': '0.00000000', 'maxQty': '337996.54613542', 'stepSize': '0.00000000'}, {'filterType': 'TRAILING_DELTA', 'minTrailingAboveDelta': 10, 'maxTrailingAboveDelta': 2000, 'minTrailingBelowDelta': 10, 'maxTrailingBelowDelta': 2000}, {'filterType': 'MAX_NUM_ORDERS', 'maxNumOrders': 200}, {'filterType': 'MAX_NUM_ALGO_ORDERS', 'maxNumAlgoOrders': 5}]",['SPOT'],EXPIRE_MAKER,"['EXPIRE_TAKER', 'EXPIRE_MAKER', 'EXPIRE_BOTH']",0.0001,0.0001,1000.0000,0.01000000,0.01000000,900000.00000000,10.0000
20,ETCUSD4,BREAK,ETC,8,USD4,4,4,8,4,"['LIMIT', 'LIMIT_MAKER', 'MARKET', 'STOP_LOSS_LIMIT', 'TAKE_PROFIT_LIMIT']",True,True,True,True,True,True,False,"[{'filterType': 'PRICE_FILTER', 'minPrice': '0.0001', 'maxPrice': '1000.0000', 'tickSize': '0.0001'}, {'filterType': 'PERCENT_PRICE', 'multiplierUp': '5', 'multiplierDown': '0.2', 'avgPriceMins': 5}, {'filterType': 'LOT_SIZE', 'minQty': '0.01000000', 'maxQty': '900000.00000000', 'stepSize': '0.01000000'}, {'filterType': 'MIN_NOTIONAL', 'minNotional': '10.0000', 'applyToMarket': True, 'avgPriceMins': 5}, {'filterType': 'ICEBERG_PARTS', 'limit': 10}, {'filterType': 'MARKET_LOT_SIZE', 'minQty': '0.00000000', 'maxQty': '7672.11976042', 'stepSize': '0.00000000'}, {'filterType': 'TRAILING_DELTA', 'minTrailingAboveDelta': 10, 'maxTrailingAboveDelta': 2000, 'minTrailingBelowDelta': 10, 'maxTrailingBelowDelta': 2000}, {'filterType': 'MAX_NUM_ORDERS', 'maxNumOrders': 200}, {'filterType': 'MAX_NUM_ALGO_ORDERS', 'maxNumAlgoOrders': 5}]",['SPOT'],EXPIRE_MAKER,"['EXPIRE_TAKER', 'EXPIRE_MAKER', 'EXPIRE_BOTH']",0.0001,0.0001,1000.0000,0.01000000,0.01000000,900000.00000000,10.0000
21,XLMUSD4,BREAK,XLM,8,USD4,4,4,8,4,"['LIMIT', 'LIMIT_MAKER', 'MARKET', 'STOP_LOSS_LIMIT', 'TAKE_PROFIT_LIMIT']",True,True,True,True,True,True,False,"[{'filterType': 'PRICE_FILTER', 'minPrice': '0.0001', 'maxPrice': '1000.0000', 'tickSize': '0.0001'}, {'filterType': 'PERCENT_PRICE', 'multiplierUp': '5', 'multiplierDown': '0.2', 'avgPriceMins': 5}, {'filterType': 'LOT_SIZE', 'minQty': '0.10000000', 'maxQty': '9000000.00000000', 'stepSize': '0.10000000'}, {'filterType': 'MIN_NOTIONAL', 'minNotional': '10.0000', 'applyToMarket': True, 'avgPriceMins': 5}, {'filterType': 'ICEBERG_PARTS', 'limit': 10}, {'filterType': 'MARKET_LOT_SIZE', 'minQty': '0.00000000', 'maxQty': '1789500.07998610', 'stepSize': '0.00000000'}, {'filterType': 'TRAILING_DELTA', 'minTrailingAboveDelta': 10, 'maxTrailingAboveDelta': 2000, 'minTrailingBelowDelta': 10, 'maxTrailingBelowDelta': 2000}, {'filterType': 'MAX_NUM_ORDERS', 'maxNumOrders': 200}, {'filterType': 'MAX_NUM_ALGO_ORDERS', 'maxNumAlgoOrders': 5}]",['SPOT'],EXPIRE_MAKER,"['EXPIRE_TAKER', 'EXPIRE_MAKER', 'EXPIRE_BOTH']",0.0001,0.0001,1000.0000,0.10000000,0.10000000,9000000.00000000,10.0000
22,ZRXUSD4,BREAK,ZRX,8,USD4,4,4,8,4,"['LIMIT', 'LIMIT_MAKER', 'MARKET', 'STOP_LOSS_LIMIT', 'TAKE_PROFIT_LIMIT']",True,True,True,True,True,True,False,"[{'filterType': 'PRICE_FILTER', 'minPrice': '0.0001', 'maxPrice': '1000.0000', 'tickSize': '0.0001'}, {'filterType': 'PERCENT_PRICE', 'multiplierUp': '5', 'multiplierDown': '0.2', 'avgPriceMins': 5}, {'filterType': 'LOT_SIZE', 'minQty': '0.01000000', 'maxQty': '900000.00000000', 'stepSize': '0.01000000'}, {'filterType': 'MIN_NOTIONAL', 'minNotional': '10.0000', 'applyToMarket': True, 'avgPriceMins': 5}, {'filterType': 'ICEBERG_PARTS', 'limit': 10}, {'filterType': 'MARKET_LOT_SIZE', 'minQty': '0.00000000', 'maxQty': '231944.61956597', 'stepSize': '0.00000000'}, {'filterType': 'TRAILING_DELTA', 'minTrailingAboveDelta': 10, 'maxTrailingAboveDelta': 2000, 'minTrailingBelowDelta': 10, 'maxTrailingBelowDelta': 2000}, {'filterType': 'MAX_NUM_ORDERS', 'maxNumOrders': 200}, {'filterType': 'MAX_NUM_ALGO_ORDERS', 'maxNumAlgoOrders': 5}]",['SPOT'],EXPIRE_MAKER,"['EXPIRE_TAKER', 'EXPIRE_MAKER', 'EXPIRE_BOTH']",0.0001,0.0001,1000.0000,0.01000000,0.01000000,900000.00000000,10.0000
23,ADAUSDT,TRADING,ADA,8,USDT,8,8,8,8,"['LIMIT', 'LIMIT_MAKER', 'MARKET', 'STOP_LOSS_LIMIT', 'TAKE_PROFIT_LIMIT']",True,True,True,True,True,True,False,"[{'filterType': 'PRICE_FILTER', 'minPrice': '0.00010000', 'maxPrice': '1000.00000000', 'tickSize': '0.00010000'}, {'filterType': 'PERCENT_PRICE', 'multiplierUp': '5', 'multiplierDown': '0.2', 'avgPriceMins': 5}, {'filterType': 'LOT_SIZE', 'minQty': '0.10000000', 'maxQty': '900000.00000000', 'stepSize': '0.10000000'}, {'filterType': 'MIN_NOTIONAL', 'minNotional': '1.00000000', 'applyToMarket': True, 'avgPriceMins': 5}, {'filterType': 'ICEBERG_PARTS', 'limit': 10}, {'filterType': 'MARKET_LOT_SIZE', 'minQty': '0.00000000', 'maxQty': '194287.50334728', 'stepSize': '0.00000000'}, {'filterType': 'TRAILING_DELTA', 'minTrailingAboveDelta': 10, 'maxTrailingAboveDelta': 2000, 'minTrailingBelowDelta': 10, 'maxTrailingBelowDelta': 2000}, {'filterType': 'PERCENT_PRICE_BY_SIDE', 'bidMultiplierUp': '1.25', 'bidMultiplierDown': '0.2', 'askMultiplierUp': '5', 'askMultiplierDown': '0.75', 'avgPriceMins': 5}, {'filterType': 'MAX_NUM_ORDERS', 'maxNumOrders': 200}, {'filterType': 'MAX_NUM_ALGO_ORDERS', 'maxNumAlgoOrders': 5}]",['SPOT'],EXPIRE_MAKER,"['EXPIRE_TAKER', 'EXPIRE_MAKER', 'EXPIRE_BOTH']",0.00010000,0.00010000,1000.00000000,0.10000000,0.10000000,900000.00000000,1.00000000
24,BATUSDT,TRADING,BAT,8,USDT,8,8,8,8,"['LIMIT', 'LIMIT_MAKER', 'MARKET', 'STOP_LOSS_LIMIT', 'TAKE_PROFIT_LIMIT']",True,True,True,True,True,True,False,"[{'filterType': 'PRICE_FILTER', 'minPrice': '0.00010000', 'maxPrice': '1000.00000000', 'tickSize': '0.00010000'}, {'filterType': 'PERCENT_PRICE', 'multiplierUp': '5', 'multiplierDown': '0.2', 'avgPriceMins': 5}, {'filterType': 'LOT_SIZE', 'minQty': '1.00000000', 'maxQty': '900000.00000000', 'stepSize': '1.00000000'}, {'filterType': 'MIN_NOTIONAL', 'minNotional': '1.00000000', 'applyToMarket': True, 'avgPriceMins': 5}, {'filterType': 'ICEBERG_PARTS', 'limit': 10}, {'filterType': 'MARKET_LOT_SIZE', 'minQty': '0.00000000', 'maxQty': '63095.69456066', 'stepSize': '0.00000000'}, {'filterType': 'TRAILING_DELTA', 'minTrailingAboveDelta': 10, 'maxTrailingAboveDelta': 2000, 'minTrailingBelowDelta': 10, 'maxTrailingBelowDelta': 2000}, {'filterType': 'PERCENT_PRICE_BY_SIDE', 'bidMultiplierUp': '1.25', 'bidMultiplierDown': '0.2', 'askMultiplierUp': '5', 'askMultiplierDown': '0.75', 'avgPriceMins': 5}, {'filterType': 'MAX_NUM_ORDERS', 'maxNumOrders': 200}, {'filterType': 'MAX_NUM_ALGO_ORDERS', 'maxNumAlgoOrders': 5}]",['SPOT'],EXPIRE_MAKER,"['EXPIRE_TAKER', 'EXPIRE_MAKER', 'EXPIRE_BOTH']",0.00010000,0.00010000,1000.00000000,1.00000000,1.00000000,900000.00000000,1.00000000
25,ETCUSDT,TRADING,ETC,8,USDT,8,8,8,8,"['LIMIT', 'LIMIT_MAKER', 'MARKET', 'STOP_LOSS_LIMIT', 'TAKE_PROFIT_LIMIT']",True,True,True,True,True,True,False,"[{'filterType': 'PRICE_FILTER', 'minPrice': '0.01000000', 'maxPrice': '10000.00000000', 'tickSize': '0.01000000'}, {'filterType': 'PERCENT_PRICE', 'multiplierUp': '5', 'multiplierDown': '0.2', 'avgPriceMins': 5}, {'filterType': 'LOT_SIZE', 'minQty': '0.01000000', 'maxQty': '90000.00000000', 'stepSize': '0.01000000'}, {'filterType': 'MIN_NOTIONAL', 'minNotional': '1.00000000', 'applyToMarket': True, 'avgPriceMins': 5}, {'filterType': 'ICEBERG_PARTS', 'limit': 10}, {'filterType': 'MARKET_LOT_SIZE', 'minQty': '0.00000000', 'maxQty': '238.51184100', 'stepSize': '0.00000000'}, {'filterType': 'TRAILING_DELTA', 'minTrailingAboveDelta': 10, 'maxTrailingAboveDelta': 2000, 'minTrailingBelowDelta': 10, 'maxTrailingBelowDelta': 2000}, {'filterType': 'PERCENT_PRICE_BY_SIDE', 'bidMultiplierUp': '1.25', 'bidMultiplierDown': '0.2', 'askMultiplierUp': '5', 'askMultiplierDown': '0.75', 'avgPriceMins': 5}, {'filterType': 'MAX_NUM_ORDERS', 'maxNumOrders': 200}, {'filterType': 'MAX_NUM_ALGO_ORDERS', 'maxNumAlgoOrders': 5}]",['SPOT'],EXPIRE_MAKER,"['EXPIRE_TAKER', 'EXPIRE_MAKER', 'EXPIRE_BOTH']",0.01000000,0.01000000,10000.00000000,0.01000000,0.01000000,90000.00000000,1.00000000
26,XLMUSDT,TRADING,XLM,8,USDT,8,8,8,8,"['LIMIT', 'LIMIT_MAKER', 'MARKET', 'STOP_LOSS_LIMIT', 'TAKE_PROFIT_LIMIT']",True,True,True,True,True,True,False,"[{'filterType': 'PRICE_FILTER', 'minPrice': '0.00010000', 'maxPrice': '1000.00000000', 'tickSize': '0.00010000'}, {'filterType': 'PERCENT_PRICE', 'multiplierUp': '5', 'multiplierDown': '0.2', 'avgPriceMins': 5}, {'filterType': 'LOT_SIZE', 'minQty': '1.00000000', 'maxQty': '9000000.00000000', 'stepSize': '1.00000000'}, {'filterType': 'MIN_NOTIONAL', 'minNotional': '1.00000000', 'applyToMarket': True, 'avgPriceMins': 5}, {'filterType': 'ICEBERG_PARTS', 'limit': 10}, {'filterType': 'MARKET_LOT_SIZE', 'minQty': '0.00000000', 'maxQty': '35641.52301255', 'stepSize': '0.00000000'}, {'filterType': 'TRAILING_DELTA', 'minTrailingAboveDelta': 10, 'maxTrailingAboveDelta': 2000, 'minTrailingBelowDelta': 10, 'maxTrailingBelowDelta': 2000}, {'filterType': 'PERCENT_PRICE_BY_SIDE', 'bidMultiplierUp': '1.25', 'bidMultiplierDown': '0.2', 'askMultiplierUp': '5', 'askMultiplierDown': '0.75', 'avgPriceMins': 5}, {'filterType': 'MAX_NUM_ORDERS', 'maxNumOrders': 200}, {'filterType': 'MAX_NUM_ALGO_ORDERS', 'maxNumAlgoOrders': 5}]",['SPOT'],EXPIRE_MAKER,"['EXPIRE_TAKER', 'EXPIRE_MAKER', 'EXPIRE_BOTH']",0.00010000,0.00010000,1000.00000000,1.00000000,1.00000000,9000000.00000000,1.00000000
27,ZRXUSDT,TRADING,ZRX,8,USDT,8,8,8,8,"['LIMIT', 'LIMIT_MAKER', 'MARKET', 'STOP_LOSS_LIMIT', 'TAKE_PROFIT_LIMIT']",True,True,True,True,True,True,False,"[{'filterType': 'PRICE_FILTER', 'minPrice': '0.00010000', 'maxPrice': '1000.00000000', 'tickSize': '0.00010000'}, {'filterType': 'PERCENT_PRICE', 'multiplierUp': '5', 'multiplierDown': '0.2', 'avgPriceMins': 5}, {'filterType': 'LOT_SIZE', 'minQty': '1.00000000', 'maxQty': '900000.00000000', 'stepSize': '1.00000000'}, {'filterType': 'MIN_NOTIONAL', 'minNotional': '1.00000000', 'applyToMarket': True, 'avgPriceMins': 5}, {'filterType': 'ICEBERG_PARTS', 'limit': 10}, {'filterType': 'MARKET_LOT_SIZE', 'minQty': '0.00000000', 'maxQty': '23790.20502092', 'stepSize': '0.00000000'}, {'filterType': 'TRAILING_DELTA', 'minTrailingAboveDelta': 10, 'maxTrailingAboveDelta': 2000, 'minTrailingBelowDelta': 10, 'maxTrailingBelowDelta': 2000}, {'filterType': 'PERCENT_PRICE_BY_SIDE', 'bidMultiplierUp': '1.25', 'bidMultiplierDown': '0.2', 'askMultiplierUp': '5', 'askMultiplierDown': '0.75', 'avgPriceMins': 5}, {'filterType': 'MAX_NUM_ORDERS', 'maxNumOrders': 200}, {'filterType': 'MAX_NUM_ALGO_ORDERS', 'maxNumAlgoOrders': 5}]",['SPOT'],EXPIRE_MAKER,"['EXPIRE_TAKER', 'EXPIRE_MAKER', 'EXPIRE_BOTH']",0.00010000,0.00010000,1000.00000000,1.00000000,1.00000000,900000.00000000,1.00000000
28,LINKUSD4,BREAK,LINK,8,USD4,4,4,8,4,"['LIMIT', 'LIMIT_MAKER', 'MARKET', 'STOP_LOSS_LIMIT', 'TAKE_PROFIT_LIMIT']",True,True,True,True,True,True,False,"[{'filterType': 'PRICE_FILTER', 'minPrice': '0.0001', 'maxPrice': '1000.0000', 'tickSize': '0.0001'}, {'filterType': 'PERCENT_PRICE', 'multiplierUp': '5', 'multiplierDown': '0.2', 'avgPriceMins': 5}, {'filterType': 'LOT_SIZE', 'minQty': '0.01000000', 'maxQty': '900000.00000000', 'stepSize': '0.01000000'}, {'filterType': 'MIN_NOTIONAL', 'minNotional': '10.0000', 'applyToMarket': True, 'avgPriceMins': 5}, {'filterType': 'ICEBERG_PARTS', 'limit': 10}, {'filterType': 'MARKET_LOT_SIZE', 'minQty': '0.00000000', 'maxQty': '39973.88115358', 'stepSize': '0.00000000'}, {'filterType': 'TRAILING_DELTA', 'minTrailingAboveDelta': 10, 'maxTrailingAboveDelta': 2000, 'minTrailingBelowDelta': 10, 'maxTrailingBelowDelta': 2000}, {'filterType': 'MAX_NUM_ORDERS', 'maxNumOrders': 200}, {'filterType': 'MAX_NUM_ALGO_ORDERS', 'maxNumAlgoOrders': 5}]",['SPOT'],EXPIRE_MAKER,"['EXPIRE_TAKER', 'EXPIRE_MAKER', 'EXPIRE_BOTH']",0.0001,0.0001,1000.0000,0.01000000,0.01000000,900000.00000000,10.0000
29,RVNUSD4,BREAK,RVN,8,USD4,4,4,8,4,"['LIMIT', 'LIMIT_MAKER', 'MARKET', 'STOP_LOSS_LIMIT', 'TAKE_PROFIT_LIMIT']",True,True,True,True,True,True,False,"[{'filterType': 'PRICE_FILTER', 'minPrice': '0.0001', 'maxPrice': '1000.0000', 'tickSize': '0.0001'}, {'filterType': 'PERCENT_PRICE', 'multiplierUp': '5', 'multiplierDown': '0.2', 'avgPriceMins': 5}, {'filterType': 'LOT_SIZE', 'minQty': '0.10000000', 'maxQty': '9000000.00000000', 'stepSize': '0.10000000'}, {'filterType': 'MIN_NOTIONAL', 'minNotional': '10.0000', 'applyToMarket': True, 'avgPriceMins': 5}, {'filterType': 'ICEBERG_PARTS', 'limit': 10}, {'filterType': 'MARKET_LOT_SIZE', 'minQty': '0.00000000', 'maxQty': '3164694.50375261', 'stepSize': '0.00000000'}, {'filterType': 'TRAILING_DELTA', 'minTrailingAboveDelta': 10, 'maxTrailingAboveDelta': 2000, 'minTrailingBelowDelta': 10, 'maxTrailingBelowDelta': 2000}, {'filterType': 'MAX_NUM_ORDERS', 'maxNumOrders': 200}, {'filterType': 'MAX_NUM_ALGO_ORDERS', 'maxNumAlgoOrders': 5}]",['SPOT'],EXPIRE_MAKER,"['EXPIRE_TAKER', 'EXPIRE_MAKER', 'EXPIRE_BOTH']",0.0001,0.0001,1000.0000,0.10000000,0.10000000,9000000.00000000,10.0000
30,DASHUSD4,BREAK,DASH,8,USD4,4,4,8,2,"['LIMIT', 'LIMIT_MAKER', 'MARKET', 'STOP_LOSS_LIMIT', 'TAKE_PROFIT_LIMIT']",True,True,True,True,True,True,False,"[{'filterType': 'PRICE_FILTER', 'minPrice': '0.0100', 'maxPrice': '100000.0000', 'tickSize': '0.0100'}, {'filterType': 'PERCENT_PRICE', 'multiplierUp': '5', 'multiplierDown': '0.2', 'avgPriceMins': 5}, {'filterType': 'LOT_SIZE', 'minQty': '0.00001000', 'maxQty': '900000.00000000', 'stepSize': '0.00001000'}, {'filterType': 'MIN_NOTIONAL', 'minNotional': '10.0000', 'applyToMarket': True, 'avgPriceMins': 5}, {'filterType': 'ICEBERG_PARTS', 'limit': 10}, {'filterType': 'MARKET_LOT_SIZE', 'minQty': '0.00000000', 'maxQty': '1187.00316815', 'stepSize': '0.00000000'}, {'filterType': 'TRAILING_DELTA', 'minTrailingAboveDelta': 10, 'maxTrailingAboveDelta': 2000, 'minTrailingBelowDelta': 10, 'maxTrailingBelowDelta': 2000}, {'filterType': 'MAX_NUM_ORDERS', 'maxNumOrders': 200}, {'filterType': 'MAX_NUM_ALGO_ORDERS', 'maxNumAlgoOrders': 5}]",['SPOT'],EXPIRE_MAKER,"['EXPIRE_TAKER', 'EXPIRE_MAKER', 'EXPIRE_BOTH']",0.0100,0.0100,100000.0000,0.00001000,0.00001000,900000.00000000,10.0000
31,ZECUSD4,BREAK,ZEC,8,USD4,4,4,8,2,"['LIMIT', 'LIMIT_MAKER', 'MARKET', 'STOP_LOSS_LIMIT', 'TAKE_PROFIT_LIMIT']",True,True,True,True,True,True,False,"[{'filterType': 'PRICE_FILTER', 'minPrice': '0.0100', 'maxPrice': '100000.0000', 'tickSize': '0.0100'}, {'filterType': 'PERCENT_PRICE', 'multiplierUp': '5', 'multiplierDown': '0.2', 'avgPriceMins': 5}, {'filterType': 'LOT_SIZE', 'minQty': '0.00001000', 'maxQty': '900000.00000000', 'stepSize': '0.00001000'}, {'filterType': 'MIN_NOTIONAL', 'minNotional': '10.0000', 'applyToMarket': True, 'avgPriceMins': 5}, {'filterType': 'ICEBERG_PARTS', 'limit': 10}, {'filterType': 'MARKET_LOT_SIZE', 'minQty': '0.00000000', 'maxQty': '3010.12044466', 'stepSize': '0.00000000'}, {'filterType': 'TRAILING_DELTA', 'minTrailingAboveDelta': 10, 'maxTrailingAboveDelta': 2000, 'minTrailingBelowDelta': 10, 'maxTrailingBelowDelta': 2000}, {'filterType': 'MAX_NUM_ORDERS', 'maxNumOrders': 200}, {'filterType': 'MAX_NUM_ALGO_ORDERS', 'maxNumAlgoOrders': 5}]",['SPOT'],EXPIRE_MAKER,"['EXPIRE_TAKER', 'EXPIRE_MAKER', 'EXPIRE_BOTH']",0.0100,0.0100,100000.0000,0.00001000,0.00001000,900000.00000000,10.0000
32,ALGOUSD4,BREAK,ALGO,8,USD4,4,4,8,3,"['LIMIT', 'LIMIT_MAKER', 'MARKET', 'STOP_LOSS_LIMIT', 'TAKE_PROFIT_LIMIT']",True,True,True,True,True,True,False,"[{'filterType': 'PRICE_FILTER', 'minPrice': '0.0010', 'maxPrice': '10000.0000', 'tickSize': '0.0010'}, {'filterType': 'PERCENT_PRICE', 'multiplierUp': '5', 'multiplierDown': '0.2', 'avgPriceMins': 5}, {'filterType': 'LOT_SIZE', 'minQty': '0.00100000', 'maxQty': '900000.00000000', 'stepSize': '0.00100000'}, {'filterType': 'MIN_NOTIONAL', 'minNotional': '10.0000', 'applyToMarket': True, 'avgPriceMins': 5}, {'filterType': 'ICEBERG_PARTS', 'limit': 10}, {'filterType': 'MARKET_LOT_SIZE', 'minQty': '0.00000000', 'maxQty': '1014693.87050868', 'stepSize': '0.00000000'}, {'filterType': 'TRAILING_DELTA', 'minTrailingAboveDelta': 10, 'maxTrailingAboveDelta': 2000, 'minTrailingBelowDelta': 10, 'maxTrailingBelowDelta': 2000}, {'filterType': 'MAX_NUM_ORDERS', 'maxNumOrders': 200}, {'filterType': 'MAX_NUM_ALGO_ORDERS', 'maxNumAlgoOrders': 5}]",['SPOT'],EXPIRE_MAKER,"['EXPIRE_TAKER', 'EXPIRE_MAKER', 'EXPIRE_BOTH']",0.0010,0.0010,10000.0000,0.00100000,0.00100000,900000.00000000,10.0000
33,IOTAUSD4,BREAK,IOTA,8,USD4,4,4,8,4,"['LIMIT', 'LIMIT_MAKER', 'MARKET', 'STOP_LOSS_LIMIT', 'TAKE_PROFIT_LIMIT']",True,True,True,True,True,True,False,"[{'filterType': 'PRICE_FILTER', 'minPrice': '0.0001', 'maxPrice': '1000.0000', 'tickSize': '0.0001'}, {'filterType': 'PERCENT_PRICE', 'multiplierUp': '5', 'multiplierDown': '0.2', 'avgPriceMins': 5}, {'filterType': 'LOT_SIZE', 'minQty': '0.01000000', 'maxQty': '900000.00000000', 'stepSize': '0.01000000'}, {'filterType': 'MIN_NOTIONAL', 'minNotional': '10.0000', 'applyToMarket': True, 'avgPriceMins': 5}, {'filterType': 'ICEBERG_PARTS', 'limit': 10}, {'filterType': 'MARKET_LOT_SIZE', 'minQty': '0.00000000', 'maxQty': '146719.39888464', 'stepSize': '0.00000000'}, {'filterType': 'TRAILING_DELTA', 'minTrailingAboveDelta': 10, 'maxTrailingAboveDelta': 2000, 'minTrailingBelowDelta': 10, 'maxTrailingBelowDelta': 2000}, {'filterType': 'MAX_NUM_ORDERS', 'maxNumOrders': 200}, {'filterType': 'MAX_NUM_ALGO_ORDERS', 'maxNumAlgoOrders': 5}]",['SPOT'],EXPIRE_MAKER,"['EXPIRE_TAKER', 'EXPIRE_MAKER', 'EXPIRE_BOTH']",0.0001,0.0001,1000.0000,0.01000000,0.01000000,900000.00000000,10.0000
34,BUSDUSD4,BREAK,BUSD,8,USD4,4,4,8,4,"['LIMIT', 'LIMIT_MAKER', 'MARKET', 'STOP_LOSS_LIMIT', 'TAKE_PROFIT_LIMIT']",True,True,True,True,True,True,False,"[{'filterType': 'PRICE_FILTER', 'minPrice': '0.0001', 'maxPrice': '100000.0000', 'tickSize': '0.0001'}, {'filterType': 'PERCENT_PRICE', 'multiplierUp': '5', 'multiplierDown': '0.2', 'avgPriceMins': 5}, {'filterType': 'LOT_SIZE', 'minQty': '0.01000000', 'maxQty': '9000000.00000000', 'stepSize': '0.01000000'}, {'filterType': 'MIN_NOTIONAL', 'minNotional': '10.0000', 'applyToMarket': True, 'avgPriceMins': 5}, {'filterType': 'ICEBERG_PARTS', 'limit': 10}, {'filterType': 'MARKET_LOT_SIZE', 'minQty': '0.00000000', 'maxQty': '4652432.40762500', 'stepSize': '0.00000000'}, {'filterType': 'TRAILING_DELTA', 'minTrailingAboveDelta': 10, 'maxTrailingAboveDelta': 2000, 'minTrailingBelowDelta': 10, 'maxTrailingBelowDelta': 2000}, {'filterType': 'MAX_NUM_ORDERS', 'maxNumOrders': 200}, {'filterType': 'MAX_NUM_ALGO_ORDERS', 'maxNumAlgoOrders': 5}]",['SPOT'],EXPIRE_MAKER,"['EXPIRE_TAKER', 'EXPIRE_MAKER', 'EXPIRE_BOTH']",0.0001,0.0001,100000.0000,0.01000000,0.01000000,9000000.00000000,10.0000
35,BTCBUSD,BREAK,BTC,8,BUSD,8,8,8,2,"['LIMIT', 'LIMIT_MAKER', 'MARKET', 'STOP_LOSS_LIMIT', 'TAKE_PROFIT_LIMIT']",True,True,True,True,True,True,False,"[{'filterType': 'PRICE_FILTER', 'minPrice': '0.01000000', 'maxPrice': '1000000.00000000', 'tickSize': '0.01000000'}, {'filterType': 'PERCENT_PRICE', 'multiplierUp': '5', 'multiplierDown': '0.2', 'avgPriceMins': 5}, {'filterType': 'LOT_SIZE', 'minQty': '0.00001000', 'maxQty': '9000.00000000', 'stepSize': '0.00001000'}, {'filterType': 'MIN_NOTIONAL', 'minNotional': '1.00000000', 'applyToMarket': True, 'avgPriceMins': 5}, {'filterType': 'ICEBERG_PARTS', 'limit': 10}, {'filterType': 'MARKET_LOT_SIZE', 'minQty': '0.00000000', 'maxQty': '0.06097176', 'stepSize': '0.00000000'}, {'filterType': 'TRAILING_DELTA', 'minTrailingAboveDelta': 10, 'maxTrailingAboveDelta': 2000, 'minTrailingBelowDelta': 10, 'maxTrailingBelowDelta': 2000}, {'filterType': 'MAX_NUM_ORDERS', 'maxNumOrders': 200}, {'filterType': 'MAX_NUM_ALGO_ORDERS', 'maxNumAlgoOrders': 5}]",['SPOT'],EXPIRE_MAKER,"['EXPIRE_TAKER', 'EXPIRE_MAKER', 'EXPIRE_BOTH']",0.01000000,0.01000000,1000000.00000000,0.00001000,0.00001000,9000.00000000,1.00000000
36,DOGEUSDT,TRADING,DOGE,8,USDT,8,8,8,8,"['LIMIT', 'LIMIT_MAKER', 'MARKET', 'STOP_LOSS_LIMIT', 'TAKE_PROFIT_LIMIT']",True,True,True,True,True,True,False,"[{'filterType': 'PRICE_FILTER', 'minPrice': '0.00001000', 'maxPrice': '1000.00000000', 'tickSize': '0.00001000'}, {'filterType': 'PERCENT_PRICE', 'multiplierUp': '5', 'multiplierDown': '0.2', 'avgPriceMins': 5}, {'filterType': 'LOT_SIZE', 'minQty': '1.00000000', 'maxQty': '9000000.00000000', 'stepSize': '1.00000000'}, {'filterType': 'MIN_NOTIONAL', 'minNotional': '1.00000000', 'applyToMarket': True, 'avgPriceMins': 5}, {'filterType': 'ICEBERG_PARTS', 'limit': 10}, {'filterType': 'MARKET_LOT_SIZE', 'minQty': '0.00000000', 'maxQty': '430241.75313807', 'stepSize': '0.00000000'}, {'filterType': 'TRAILING_DELTA', 'minTrailingAboveDelta': 10, 'maxTrailingAboveDelta': 2000, 'minTrailingBelowDelta': 10, 'maxTrailingBelowDelta': 2000}, {'filterType': 'PERCENT_PRICE_BY_SIDE', 'bidMultiplierUp': '1.25', 'bidMultiplierDown': '0.2', 'askMultiplierUp': '5', 'askMultiplierDown': '0.75', 'avgPriceMins': 5}, {'filterType': 'MAX_NUM_ORDERS', 'maxNumOrders': 200}, {'filterType': 'MAX_NUM_ALGO_ORDERS', 'maxNumAlgoOrders': 5}]",['SPOT'],EXPIRE_MAKER,"['EXPIRE_TAKER', 'EXPIRE_MAKER', 'EXPIRE_BOTH']",0.00001000,0.00001000,1000.00000000,1.00000000,1.00000000,9000000.00000000,1.00000000
37,WAVESUSD4,BREAK,WAVES,8,USD4,4,4,8,4,"['LIMIT', 'LIMIT_MAKER', 'MARKET', 'STOP_LOSS_LIMIT', 'TAKE_PROFIT_LIMIT']",True,True,True,True,True,True,False,"[{'filterType': 'PRICE_FILTER', 'minPrice': '0.0001', 'maxPrice': '1000.0000', 'tickSize': '0.0001'}, {'filterType': 'PERCENT_PRICE', 'multiplierUp': '5', 'multiplierDown': '0.2', 'avgPriceMins': 5}, {'filterType': 'LOT_SIZE', 'minQty': '0.01000000', 'maxQty': '900000.00000000', 'stepSize': '0.01000000'}, {'filterType': 'MIN_NOTIONAL', 'minNotional': '10.0000', 'applyToMarket': True, 'avgPriceMins': 5}, {'filterType': 'ICEBERG_PARTS', 'limit': 10}, {'filterType': 'MARKET_LOT_SIZE', 'minQty': '0.00000000', 'maxQty': '13445.78859375', 'stepSize': '0.00000000'}, {'filterType': 'TRAILING_DELTA', 'minTrailingAboveDelta': 10, 'maxTrailingAboveDelta': 2000, 'minTrailingBelowDelta': 10, 'maxTrailingBelowDelta': 2000}, {'filterType': 'MAX_NUM_ORDERS', 'maxNumOrders': 200}, {'filterType': 'MAX_NUM_ALGO_ORDERS', 'maxNumAlgoOrders': 5}]",['SPOT'],EXPIRE_MAKER,"['EXPIRE_TAKER', 'EXPIRE_MAKER', 'EXPIRE_BOTH']",0.0001,0.0001,1000.0000,0.01000000,0.01000000,900000.00000000,10.0000
38,ATOMUSDT,TRADING,ATOM,8,USDT,8,8,8,8,"['LIMIT', 'LIMIT_MAKER', 'MARKET', 'STOP_LOSS_LIMIT', 'TAKE_PROFIT_LIMIT']",True,True,True,True,True,True,False,"[{'filterType': 'PRICE_FILTER', 'minPrice': '0.00100000', 'maxPrice': '10000.00000000', 'tickSize': '0.00100000'}, {'filterType': 'PERCENT_PRICE', 'multiplierUp': '5', 'multiplierDown': '0.2', 'avgPriceMins': 5}, {'filterType': 'LOT_SIZE', 'minQty': '0.01000000', 'maxQty': '90000.00000000', 'stepSize': '0.01000000'}, {'filterType': 'MIN_NOTIONAL', 'minNotional': '1.00000000', 'applyToMarket': True, 'avgPriceMins': 5}, {'filterType': 'ICEBERG_PARTS', 'limit': 10}, {'filterType': 'MARKET_LOT_SIZE', 'minQty': '0.00000000', 'maxQty': '4766.76213389', 'stepSize': '0.00000000'}, {'filterType': 'TRAILING_DELTA', 'minTrailingAboveDelta': 10, 'maxTrailingAboveDelta': 2000, 'minTrailingBelowDelta': 10, 'maxTrailingBelowDelta': 2000}, {'filterType': 'PERCENT_PRICE_BY_SIDE', 'bidMultiplierUp': '1.25', 'bidMultiplierDown': '0.2', 'askMultiplierUp': '5', 'askMultiplierDown': '0.75', 'avgPriceMins': 5}, {'filterType': 'MAX_NUM_ORDERS', 'maxNumOrders': 200}, {'filterType': 'MAX_NUM_ALGO_ORDERS', 'maxNumAlgoOrders': 5}]",['SPOT'],EXPIRE_MAKER,"['EXPIRE_TAKER', 'EXPIRE_MAKER', 'EXPIRE_BOTH']",0.00100000,0.00100000,10000.00000000,0.01000000,0.01000000,90000.00000000,1.00000000
39,ATOMUSD4,BREAK,ATOM,8,USD4,4,4,8,3,"['LIMIT', 'LIMIT_MAKER', 'MARKET', 'STOP_LOSS_LIMIT', 'TAKE_PROFIT_LIMIT']",True,True,True,True,True,True,False,"[{'filterType': 'PRICE_FILTER', 'minPrice': '0.0010', 'maxPrice': '10000.0000', 'tickSize': '0.0010'}, {'filterType': 'PERCENT_PRICE', 'multiplierUp': '5', 'multiplierDown': '0.2', 'avgPriceMins': 5}, {'filterType': 'LOT_SIZE', 'minQty': '0.00100000', 'maxQty': '900000.00000000', 'stepSize': '0.00100000'}, {'filterType': 'MIN_NOTIONAL', 'minNotional': '10.0000', 'applyToMarket': True, 'avgPriceMins': 5}, {'filterType': 'ICEBERG_PARTS', 'limit': 10}, {'filterType': 'MARKET_LOT_SIZE', 'minQty': '0.00000000', 'maxQty': '23542.84988472', 'stepSize': '0.00000000'}, {'filterType': 'TRAILING_DELTA', 'minTrailingAboveDelta': 10, 'maxTrailingAboveDelta': 2000, 'minTrailingBelowDelta': 10, 'maxTrailingBelowDelta': 2000}, {'filterType': 'MAX_NUM_ORDERS', 'maxNumOrders': 200}, {'filterType': 'MAX_NUM_ALGO_ORDERS', 'maxNumAlgoOrders': 5}]",['SPOT'],EXPIRE_MAKER,"['EXPIRE_TAKER', 'EXPIRE_MAKER', 'EXPIRE_BOTH']",0.0010,0.0010,10000.0000,0.00100000,0.00100000,900000.00000000,10.0000
40,NEOUSDT,TRADING,NEO,8,USDT,8,8,8,8,"['LIMIT', 'LIMIT_MAKER', 'MARKET', 'STOP_LOSS_LIMIT', 'TAKE_PROFIT_LIMIT']",True,True,True,True,True,True,False,"[{'filterType': 'PRICE_FILTER', 'minPrice': '0.01000000', 'maxPrice': '10000.00000000', 'tickSize': '0.01000000'}, {'filterType': 'PERCENT_PRICE', 'multiplierUp': '5', 'multiplierDown': '0.2', 'avgPriceMins': 5}, {'filterType': 'LOT_SIZE', 'minQty': '0.01000000', 'maxQty': '90000.00000000', 'stepSize': '0.01000000'}, {'filterType': 'MIN_NOTIONAL', 'minNotional': '1.00000000', 'applyToMarket': True, 'avgPriceMins': 5}, {'filterType': 'ICEBERG_PARTS', 'limit': 10}, {'filterType': 'MARKET_LOT_SIZE', 'minQty': '0.00000000', 'maxQty': '459.96447698', 'stepSize': '0.00000000'}, {'filterType': 'TRAILING_DELTA', 'minTrailingAboveDelta': 10, 'maxTrailingAboveDelta': 2000, 'minTrailingBelowDelta': 10, 'maxTrailingBelowDelta': 2000}, {'filterType': 'PERCENT_PRICE_BY_SIDE', 'bidMultiplierUp': '1.25', 'bidMultiplierDown': '0.2', 'askMultiplierUp': '5', 'askMultiplierDown': '0.75', 'avgPriceMins': 5}, {'filterType': 'MAX_NUM_ORDERS', 'maxNumOrders': 200}, {'filterType': 'MAX_NUM_ALGO_ORDERS', 'maxNumAlgoOrders': 5}]",['SPOT'],EXPIRE_MAKER,"['EXPIRE_TAKER', 'EXPIRE_MAKER', 'EXPIRE_BOTH']",0.01000000,0.01000000,10000.00000000,0.01000000,0.01000000,90000.00000000,1.00000000
41,NEOUSD4,BREAK,NEO,8,USD4,4,4,8,3,"['LIMIT', 'LIMIT_MAKER', 'MARKET', 'STOP_LOSS_LIMIT', 'TAKE_PROFIT_LIMIT']",True,True,True,True,True,True,False,"[{'filterType': 'PRICE_FILTER', 'minPrice': '0.0010', 'maxPrice': '10000.0000', 'tickSize': '0.0010'}, {'filterType': 'PERCENT_PRICE', 'multiplierUp': '5', 'multiplierDown': '0.2', 'avgPriceMins': 5}, {'filterType': 'LOT_SIZE', 'minQty': '0.00100000', 'maxQty': '900000.00000000', 'stepSize': '0.00100000'}, {'filterType': 'MIN_NOTIONAL', 'minNotional': '10.0000', 'applyToMarket': True, 'avgPriceMins': 5}, {'filterType': 'ICEBERG_PARTS', 'limit': 10}, {'filterType': 'MARKET_LOT_SIZE', 'minQty': '0.00000000', 'maxQty': '6970.17727589', 'stepSize': '0.00000000'}, {'filterType': 'TRAILING_DELTA', 'minTrailingAboveDelta': 10, 'maxTrailingAboveDelta': 2000, 'minTrailingBelowDelta': 10, 'maxTrailingBelowDelta': 2000}, {'filterType': 'MAX_NUM_ORDERS', 'maxNumOrders': 200}, {'filterType': 'MAX_NUM_ALGO_ORDERS', 'maxNumAlgoOrders': 5}]",['SPOT'],EXPIRE_MAKER,"['EXPIRE_TAKER', 'EXPIRE_MAKER', 'EXPIRE_BOTH']",0.0010,0.0010,10000.0000,0.00100000,0.00100000,900000.00000000,10.0000
42,VETUSDT,TRADING,VET,8,USDT,8,8,8,8,"['LIMIT', 'LIMIT_MAKER', 'MARKET', 'STOP_LOSS_LIMIT', 'TAKE_PROFIT_LIMIT']",True,True,True,True,True,True,False,"[{'filterType': 'PRICE_FILTER', 'minPrice': '0.00000100', 'maxPrice': '1000.00000000', 'tickSize': '0.00000100'}, {'filterType': 'PERCENT_PRICE', 'multiplierUp': '5', 'multiplierDown': '0.2', 'avgPriceMins': 5}, {'filterType': 'LOT_SIZE', 'minQty': '0.10000000', 'maxQty': '9000000.00000000', 'stepSize': '0.10000000'}, {'filterType': 'MIN_NOTIONAL', 'minNotional': '1.00000000', 'applyToMarket': True, 'avgPriceMins': 5}, {'filterType': 'ICEBERG_PARTS', 'limit': 10}, {'filterType': 'MARKET_LOT_SIZE', 'minQty': '0.00000000', 'maxQty': '801753.25941422', 'stepSize': '0.00000000'}, {'filterType': 'TRAILING_DELTA', 'minTrailingAboveDelta': 10, 'maxTrailingAboveDelta': 2000, 'minTrailingBelowDelta': 10, 'maxTrailingBelowDelta': 2000}, {'filterType': 'PERCENT_PRICE_BY_SIDE', 'bidMultiplierUp': '1.25', 'bidMultiplierDown': '0.2', 'askMultiplierUp': '5', 'askMultiplierDown': '0.75', 'avgPriceMins': 5}, {'filterType': 'MAX_NUM_ORDERS', 'maxNumOrders': 200}, {'filterType': 'MAX_NUM_ALGO_ORDERS', 'maxNumAlgoOrders': 5}]",['SPOT'],EXPIRE_MAKER,"['EXPIRE_TAKER', 'EXPIRE_MAKER', 'EXPIRE_BOTH']",0.00000100,0.00000100,1000.00000000,0.10000000,0.10000000,9000000.00000000,1.00000000
43,QTUMUSDT,TRADING,QTUM,8,USDT,8,8,8,8,"['LIMIT', 'LIMIT_MAKER', 'MARKET', 'STOP_LOSS_LIMIT', 'TAKE_PROFIT_LIMIT']",True,True,True,True,True,True,False,"[{'filterType': 'PRICE_FILTER', 'minPrice': '0.00100000', 'maxPrice': '10000.00000000', 'tickSize': '0.00100000'}, {'filterType': 'PERCENT_PRICE', 'multiplierUp': '5', 'multiplierDown': '0.2', 'avgPriceMins': 5}, {'filterType': 'LOT_SIZE', 'minQty': '0.10000000', 'maxQty': '90000.00000000', 'stepSize': '0.10000000'}, {'filterType': 'MIN_NOTIONAL', 'minNotional': '1.00000000', 'applyToMarket': True, 'avgPriceMins': 5}, {'filterType': 'ICEBERG_PARTS', 'limit': 10}, {'filterType': 'MARKET_LOT_SIZE', 'minQty': '0.00000000', 'maxQty': '522.94644351', 'stepSize': '0.00000000'}, {'filterType': 'TRAILING_DELTA', 'minTrailingAboveDelta': 10, 'maxTrailingAboveDelta': 2000, 'minTrailingBelowDelta': 10, 'maxTrailingBelowDelta': 2000}, {'filterType': 'PERCENT_PRICE_BY_SIDE', 'bidMultiplierUp': '1.25', 'bidMultiplierDown': '0.2', 'askMultiplierUp': '5', 'askMultiplierDown': '0.75', 'avgPriceMins': 5}, {'filterType': 'MAX_NUM_ORDERS', 'maxNumOrders': 200}, {'filterType': 'MAX_NUM_ALGO_ORDERS', 'maxNumAlgoOrders': 5}]",['SPOT'],EXPIRE_MAKER,"['EXPIRE_TAKER', 'EXPIRE_MAKER', 'EXPIRE_BOTH']",0.00100000,0.00100000,10000.00000000,0.10000000,0.10000000,90000.00000000,1.00000000
44,QTUMUSD4,BREAK,QTUM,8,USD4,4,4,8,3,"['LIMIT', 'LIMIT_MAKER', 'MARKET', 'STOP_LOSS_LIMIT', 'TAKE_PROFIT_LIMIT']",True,True,True,True,True,True,False,"[{'filterType': 'PRICE_FILTER', 'minPrice': '0.0010', 'maxPrice': '10000.0000', 'tickSize': '0.0010'}, {'filterType': 'PERCENT_PRICE', 'multiplierUp': '5', 'multiplierDown': '0.2', 'avgPriceMins': 5}, {'filterType': 'LOT_SIZE', 'minQty': '0.00100000', 'maxQty': '900000.00000000', 'stepSize': '0.00100000'}, {'filterType': 'MIN_NOTIONAL', 'minNotional': '10.0000', 'applyToMarket': True, 'avgPriceMins': 5}, {'filterType': 'ICEBERG_PARTS', 'limit': 10}, {'filterType': 'MARKET_LOT_SIZE', 'minQty': '0.00000000', 'maxQty': '27528.80557847', 'stepSize': '0.00000000'}, {'filterType': 'TRAILING_DELTA', 'minTrailingAboveDelta': 10, 'maxTrailingAboveDelta': 2000, 'minTrailingBelowDelta': 10, 'maxTrailingBelowDelta': 2000}, {'filterType': 'MAX_NUM_ORDERS', 'maxNumOrders': 200}, {'filterType': 'MAX_NUM_ALGO_ORDERS', 'maxNumAlgoOrders': 5}]",['SPOT'],EXPIRE_MAKER,"['EXPIRE_TAKER', 'EXPIRE_MAKER', 'EXPIRE_BOTH']",0.0010,0.0010,10000.0000,0.00100000,0.00100000,900000.00000000,10.0000
45,NANOUSD,BREAK,NANO,8,USD4,4,4,8,4,"['LIMIT', 'LIMIT_MAKER', 'MARKET', 'STOP_LOSS_LIMIT', 'TAKE_PROFIT_LIMIT']",True,True,True,True,True,True,False,"[{'filterType': 'PRICE_FILTER', 'minPrice': '0.0001', 'maxPrice': '1000.0000', 'tickSize': '0.0001'}, {'filterType': 'PERCENT_PRICE', 'multiplierUp': '5', 'multiplierDown': '0.2', 'avgPriceMins': 5}, {'filterType': 'LOT_SIZE', 'minQty': '0.01000000', 'maxQty': '900000.00000000', 'stepSize': '0.01000000'}, {'filterType': 'MIN_NOTIONAL', 'minNotional': '10.0000', 'applyToMarket': True, 'avgPriceMins': 5}, {'filterType': 'ICEBERG_PARTS', 'limit': 10}, {'filterType': 'MARKET_LOT_SIZE', 'minQty': '0.00000000', 'maxQty': '63577.06601807', 'stepSize': '0.00000000'}, {'filterType': 'TRAILING_DELTA', 'minTrailingAboveDelta': 10, 'maxTrailingAboveDelta': 2000, 'minTrailingBelowDelta': 10, 'maxTrailingBelowDelta': 2000}, {'filterType': 'MAX_NUM_ORDERS', 'maxNumOrders': 200}, {'filterType': 'MAX_NUM_ALGO_ORDERS', 'maxNumAlgoOrders': 5}]",['SPOT'],EXPIRE_MAKER,"['EXPIRE_TAKER', 'EXPIRE_MAKER', 'EXPIRE_BOTH']",0.0001,0.0001,1000.0000,0.01000000,0.01000000,900000.00000000,10.0000
46,ICXUSD4,BREAK,ICX,8,USD4,4,4,8,4,"['LIMIT', 'LIMIT_MAKER', 'MARKET', 'STOP_LOSS_LIMIT', 'TAKE_PROFIT_LIMIT']",True,True,True,True,True,True,False,"[{'filterType': 'PRICE_FILTER', 'minPrice': '0.0001', 'maxPrice': '1000.0000', 'tickSize': '0.0001'}, {'filterType': 'PERCENT_PRICE', 'multiplierUp': '5', 'multiplierDown': '0.2', 'avgPriceMins': 5}, {'filterType': 'LOT_SIZE', 'minQty': '0.01000000', 'maxQty': '900000.00000000', 'stepSize': '0.01000000'}, {'filterType': 'MIN_NOTIONAL', 'minNotional': '10.0000', 'applyToMarket': True, 'avgPriceMins': 5}, {'filterType': 'ICEBERG_PARTS', 'limit': 10}, {'filterType': 'MARKET_LOT_SIZE', 'minQty': '0.00000000', 'maxQty': '209894.29939541', 'stepSize': '0.00000000'}, {'filterType': 'TRAILING_DELTA', 'minTrailingAboveDelta': 10, 'maxTrailingAboveDelta': 2000, 'minTrailingBelowDelta': 10, 'maxTrailingBelowDelta': 2000}, {'filterType': 'MAX_NUM_ORDERS', 'maxNumOrders': 200}, {'filterType': 'MAX_NUM_ALGO_ORDERS', 'maxNumAlgoOrders': 5}]",['SPOT'],EXPIRE_MAKER,"['EXPIRE_TAKER', 'EXPIRE_MAKER', 'EXPIRE_BOTH']",0.0001,0.0001,1000.0000,0.01000000,0.01000000,900000.00000000,10.0000
47,ENJUSD4,BREAK,ENJ,8,USD4,4,4,8,4,"['LIMIT', 'LIMIT_MAKER', 'MARKET', 'STOP_LOSS_LIMIT', 'TAKE_PROFIT_LIMIT']",True,True,True,True,True,True,False,"[{'filterType': 'PRICE_FILTER', 'minPrice': '0.0001', 'maxPrice': '1000.0000', 'tickSize': '0.0001'}, {'filterType': 'PERCENT_PRICE', 'multiplierUp': '5', 'multiplierDown': '0.2', 'avgPriceMins': 5}, {'filterType': 'LOT_SIZE', 'minQty': '0.10000000', 'maxQty': '900000.00000000', 'stepSize': '0.10000000'}, {'filterType': 'MIN_NOTIONAL', 'minNotional': '10.0000', 'applyToMarket': True, 'avgPriceMins': 5}, {'filterType': 'ICEBERG_PARTS', 'limit': 10}, {'filterType': 'MARKET_LOT_SIZE', 'minQty': '0.00000000', 'maxQty': '119667.26490618', 'stepSize': '0.00000000'}, {'filterType': 'TRAILING_DELTA', 'minTrailingAboveDelta': 10, 'maxTrailingAboveDelta': 2000, 'minTrailingBelowDelta': 10, 'maxTrailingBelowDelta': 2000}, {'filterType': 'MAX_NUM_ORDERS', 'maxNumOrders': 200}, {'filterType': 'MAX_NUM_ALGO_ORDERS', 'maxNumAlgoOrders': 5}]",['SPOT'],EXPIRE_MAKER,"['EXPIRE_TAKER', 'EXPIRE_MAKER', 'EXPIRE_BOTH']",0.0001,0.0001,1000.0000,0.10000000,0.10000000,900000.00000000,10.0000
48,ONTUSD4,BREAK,ONT,8,USD4,4,4,8,4,"['LIMIT', 'LIMIT_MAKER', 'MARKET', 'STOP_LOSS_LIMIT', 'TAKE_PROFIT_LIMIT']",True,True,True,True,True,True,False,"[{'filterType': 'PRICE_FILTER', 'minPrice': '0.0001', 'maxPrice': '1000.0000', 'tickSize': '0.0001'}, {'filterType': 'PERCENT_PRICE', 'multiplierUp': '5', 'multiplierDown': '0.2', 'avgPriceMins': 5}, {'filterType': 'LOT_SIZE', 'minQty': '0.01000000', 'maxQty': '900000.00000000', 'stepSize': '0.01000000'}, {'filterType': 'MIN_NOTIONAL', 'minNotional': '10.0000', 'applyToMarket': True, 'avgPriceMins': 5}, {'filterType': 'ICEBERG_PARTS', 'limit': 10}, {'filterType': 'MARKET_LOT_SIZE', 'minQty': '0.00000000', 'maxQty': '159092.19483322', 'stepSize': '0.00000000'}, {'filterType': 'TRAILING_DELTA', 'minTrailingAboveDelta': 10, 'maxTrailingAboveDelta': 2000, 'minTrailingBelowDelta': 10, 'maxTrailingBelowDelta': 2000}, {'filterType': 'MAX_NUM_ORDERS', 'maxNumOrders': 200}, {'filterType': 'MAX_NUM_ALGO_ORDERS', 'maxNumAlgoOrders': 5}]",['SPOT'],EXPIRE_MAKER,"['EXPIRE_TAKER', 'EXPIRE_MAKER', 'EXPIRE_BOTH']",0.0001,0.0001,1000.0000,0.01000000,0.01000000,900000.00000000,10.0000
49,ONTUSDT,TRADING,ONT,8,USDT,8,8,8,8,"['LIMIT', 'LIMIT_MAKER', 'MARKET', 'STOP_LOSS_LIMIT', 'TAKE_PROFIT_LIMIT']",True,True,True,True,True,True,False,"[{'filterType': 'PRICE_FILTER', 'minPrice': '0.00001000', 'maxPrice': '1000.00000000', 'tickSize': '0.00001000'}, {'filterType': 'PERCENT_PRICE', 'multiplierUp': '5', 'multiplierDown': '0.2', 'avgPriceMins': 5}, {'filterType': 'LOT_SIZE', 'minQty': '1.00000000', 'maxQty': '900000.00000000', 'stepSize': '1.00000000'}, {'filterType': 'MIN_NOTIONAL', 'minNotional': '1.00000000', 'applyToMarket': True, 'avgPriceMins': 5}, {'filterType': 'ICEBERG_PARTS', 'limit': 10}, {'filterType': 'MARKET_LOT_SIZE', 'minQty': '0.00000000', 'maxQty': '16493.38493723', 'stepSize': '0.00000000'}, {'filterType': 'TRAILING_DELTA', 'minTrailingAboveDelta': 10, 'maxTrailingAboveDelta': 2000, 'minTrailingBelowDelta': 10, 'maxTrailingBelowDelta': 2000}, {'filterType': 'PERCENT_PRICE_BY_SIDE', 'bidMultiplierUp': '1.25', 'bidMultiplierDown': '0.2', 'askMultiplierUp': '5', 'askMultiplierDown': '0.75', 'avgPriceMins': 5}, {'filterType': 'MAX_NUM_ORDERS', 'maxNumOrders': 200}, {'filterType': 'MAX_NUM_ALGO_ORDERS', 'maxNumAlgoOrders': 5}]",['SPOT'],EXPIRE_MAKER,"['EXPIRE_TAKER', 'EXPIRE_MAKER', 'EXPIRE_BOTH']",0.00001000,0.00001000,1000.00000000,1.00000000,1.00000000,900000.00000000,1.00000000
50,ZILUSD4,BREAK,ZIL,8,USD4,4,4,8,4,"['LIMIT', 'LIMIT_MAKER', 'MARKET', 'STOP_LOSS_LIMIT', 'TAKE_PROFIT_LIMIT']",True,True,True,True,True,True,False,"[{'filterType': 'PRICE_FILTER', 'minPrice': '0.0001', 'maxPrice': '1000.0000', 'tickSize': '0.0001'}, {'filterType': 'PERCENT_PRICE', 'multiplierUp': '5', 'multiplierDown': '0.2', 'avgPriceMins': 5}, {'filterType': 'LOT_SIZE', 'minQty': '0.10000000', 'maxQty': '9000000.00000000', 'stepSize': '0.10000000'}, {'filterType': 'MIN_NOTIONAL', 'minNotional': '10.0000', 'applyToMarket': True, 'avgPriceMins': 5}, {'filterType': 'ICEBERG_PARTS', 'limit': 10}, {'filterType': 'MARKET_LOT_SIZE', 'minQty': '0.00000000', 'maxQty': '4995249.66417651', 'stepSize': '0.00000000'}, {'filterType': 'TRAILING_DELTA', 'minTrailingAboveDelta': 10, 'maxTrailingAboveDelta': 2000, 'minTrailingBelowDelta': 10, 'maxTrailingBelowDelta': 2000}, {'filterType': 'MAX_NUM_ORDERS', 'maxNumOrders': 200}, {'filterType': 'MAX_NUM_ALGO_ORDERS', 'maxNumAlgoOrders': 5}]",['SPOT'],EXPIRE_MAKER,"['EXPIRE_TAKER', 'EXPIRE_MAKER', 'EXPIRE_BOTH']",0.0001,0.0001,1000.0000,0.10000000,0.10000000,9000000.00000000,10.0000
51,ZILBUSD,BREAK,ZIL,8,BUSD,8,8,8,8,"['LIMIT', 'LIMIT_MAKER', 'MARKET', 'STOP_LOSS_LIMIT', 'TAKE_PROFIT_LIMIT']",True,True,True,True,True,True,False,"[{'filterType': 'PRICE_FILTER', 'minPrice': '0.00001000', 'maxPrice': '1000.00000000', 'tickSize': '0.00001000'}, {'filterType': 'PERCENT_PRICE', 'multiplierUp': '5', 'multiplierDown': '0.2', 'avgPriceMins': 5}, {'filterType': 'LOT_SIZE', 'minQty': '0.10000000', 'maxQty': '9000000.00000000', 'stepSize': '0.10000000'}, {'filterType': 'MIN_NOTIONAL', 'minNotional': '1.00000000', 'applyToMarket': True, 'avgPriceMins': 5}, {'filterType': 'ICEBERG_PARTS', 'limit': 10}, {'filterType': 'MARKET_LOT_SIZE', 'minQty': '0.00000000', 'maxQty': '1668321.55357887', 'stepSize': '0.00000000'}, {'filterType': 'TRAILING_DELTA', 'minTrailingAboveDelta': 10, 'maxTrailingAboveDelta': 2000, 'minTrailingBelowDelta': 10, 'maxTrailingBelowDelta': 2000}, {'filterType': 'MAX_NUM_ORDERS', 'maxNumOrders': 200}, {'filterType': 'MAX_NUM_ALGO_ORDERS', 'maxNumAlgoOrders': 5}]",['SPOT'],EXPIRE_MAKER,"['EXPIRE_TAKER', 'EXPIRE_MAKER', 'EXPIRE_BOTH']",0.00001000,0.00001000,1000.00000000,0.10000000,0.10000000,9000000.00000000,1.00000000
52,VETUSD4,BREAK,VET,8,USD4,4,4,8,4,"['LIMIT', 'LIMIT_MAKER', 'MARKET', 'STOP_LOSS_LIMIT', 'TAKE_PROFIT_LIMIT']",True,True,True,True,True,True,False,"[{'filterType': 'PRICE_FILTER', 'minPrice': '0.0001', 'maxPrice': '1000.0000', 'tickSize': '0.0001'}, {'filterType': 'PERCENT_PRICE', 'multiplierUp': '5', 'multiplierDown': '0.2', 'avgPriceMins': 5}, {'filterType': 'LOT_SIZE', 'minQty': '1.00000000', 'maxQty': '90000000.00000000', 'stepSize': '1.00000000'}, {'filterType': 'MIN_NOTIONAL', 'minNotional': '10.0000', 'applyToMarket': True, 'avgPriceMins': 5}, {'filterType': 'ICEBERG_PARTS', 'limit': 10}, {'filterType': 'MARKET_LOT_SIZE', 'minQty': '0.00000000', 'maxQty': '29269120.59173037', 'stepSize': '0.00000000'}, {'filterType': 'TRAILING_DELTA', 'minTrailingAboveDelta': 10, 'maxTrailingAboveDelta': 2000, 'minTrailingBelowDelta': 10, 'maxTrailingBelowDelta': 2000}, {'filterType': 'MAX_NUM_ORDERS', 'maxNumOrders': 200}, {'filterType': 'MAX_NUM_ALGO_ORDERS', 'maxNumAlgoOrders': 5}]",['SPOT'],EXPIRE_MAKER,"['EXPIRE_TAKER', 'EXPIRE_MAKER', 'EXPIRE_BOTH']",0.0001,0.0001,1000.0000,1.00000000,1.00000000,90000000.00000000,10.0000
53,BNBBUSD,BREAK,BNB,8,BUSD,8,8,8,8,"['LIMIT', 'LIMIT_MAKER', 'MARKET', 'STOP_LOSS_LIMIT', 'TAKE_PROFIT_LIMIT']",True,True,True,True,True,True,False,"[{'filterType': 'PRICE_FILTER', 'minPrice': '0.10000000', 'maxPrice': '100000.00000000', 'tickSize': '0.10000000'}, {'filterType': 'PERCENT_PRICE', 'multiplierUp': '5', 'multiplierDown': '0.2', 'avgPriceMins': 5}, {'filterType': 'LOT_SIZE', 'minQty': '0.00100000', 'maxQty': '900000.00000000', 'stepSize': '0.00100000'}, {'filterType': 'MIN_NOTIONAL', 'minNotional': '1.00000000', 'applyToMarket': True, 'avgPriceMins': 5}, {'filterType': 'ICEBERG_PARTS', 'limit': 10}, {'filterType': 'MARKET_LOT_SIZE', 'minQty': '0.00000000', 'maxQty': '28.32102479', 'stepSize': '0.00000000'}, {'filterType': 'TRAILING_DELTA', 'minTrailingAboveDelta': 10, 'maxTrailingAboveDelta': 2000, 'minTrailingBelowDelta': 10, 'maxTrailingBelowDelta': 2000}, {'filterType': 'MAX_NUM_ORDERS', 'maxNumOrders': 200}, {'filterType': 'MAX_NUM_ALGO_ORDERS', 'maxNumAlgoOrders': 5}]",['SPOT'],EXPIRE_MAKER,"['EXPIRE_TAKER', 'EXPIRE_MAKER', 'EXPIRE_BOTH']",0.10000000,0.10000000,100000.00000000,0.00100000,0.00100000,900000.00000000,1.00000000
54,XRPBUSD,BREAK,XRP,8,BUSD,8,8,8,8,"['LIMIT', 'LIMIT_MAKER', 'MARKET', 'STOP_LOSS_LIMIT', 'TAKE_PROFIT_LIMIT']",True,True,True,True,True,True,False,"[{'filterType': 'PRICE_FILTER', 'minPrice': '0.00010000', 'maxPrice': '1000.00000000', 'tickSize': '0.00010000'}, {'filterType': 'PERCENT_PRICE', 'multiplierUp': '5', 'multiplierDown': '0.2', 'avgPriceMins': 5}, {'filterType': 'LOT_SIZE', 'minQty': '0.10000000', 'maxQty': '9222449.00000000', 'stepSize': '0.10000000'}, {'filterType': 'MIN_NOTIONAL', 'minNotional': '1.00000000', 'applyToMarket': True, 'avgPriceMins': 5}, {'filterType': 'ICEBERG_PARTS', 'limit': 10}, {'filterType': 'MARKET_LOT_SIZE', 'minQty': '0.00000000', 'maxQty': '17086683.00000000', 'stepSize': '0.00000000'}, {'filterType': 'TRAILING_DELTA', 'minTrailingAboveDelta': 10, 'maxTrailingAboveDelta': 2000, 'minTrailingBelowDelta': 10, 'maxTrailingBelowDelta': 2000}, {'filterType': 'PERCENT_PRICE_BY_SIDE', 'bidMultiplierUp': '1.25', 'bidMultiplierDown': '0.2', 'askMultiplierUp': '5', 'askMultiplierDown': '0.75', 'avgPriceMins': 5}, {'filterType': 'MAX_NUM_ORDERS', 'maxNumOrders': 200}, {'filterType': 'MAX_NUM_ALGO_ORDERS', 'maxNumAlgoOrders': 5}]",['SPOT'],EXPIRE_MAKER,"['EXPIRE_TAKER', 'EXPIRE_MAKER', 'EXPIRE_BOTH']",0.00010000,0.00010000,1000.00000000,0.10000000,0.10000000,9222449.00000000,1.00000000
55,ETHBUSD,BREAK,ETH,8,BUSD,8,8,8,8,"['LIMIT', 'LIMIT_MAKER', 'MARKET', 'STOP_LOSS_LIMIT', 'TAKE_PROFIT_LIMIT']",True,True,True,True,True,True,False,"[{'filterType': 'PRICE_FILTER', 'minPrice': '0.01000000', 'maxPrice': '100000.00000000', 'tickSize': '0.01000000'}, {'filterType': 'PERCENT_PRICE', 'multiplierUp': '5', 'multiplierDown': '0.2', 'avgPriceMins': 5}, {'filterType': 'LOT_SIZE', 'minQty': '0.00010000', 'maxQty': '90000.00000000', 'stepSize': '0.00010000'}, {'filterType': 'MIN_NOTIONAL', 'minNotional': '1.00000000', 'applyToMarket': True, 'avgPriceMins': 5}, {'filterType': 'ICEBERG_PARTS', 'limit': 10}, {'filterType': 'MARKET_LOT_SIZE', 'minQty': '0.00000000', 'maxQty': '0.54900000', 'stepSize': '0.00000000'}, {'filterType': 'TRAILING_DELTA', 'minTrailingAboveDelta': 10, 'maxTrailingAboveDelta': 2000, 'minTrailingBelowDelta': 10, 'maxTrailingBelowDelta': 2000}, {'filterType': 'MAX_NUM_ORDERS', 'maxNumOrders': 200}, {'filterType': 'MAX_NUM_ALGO_ORDERS', 'maxNumAlgoOrders': 5}]",['SPOT'],EXPIRE_MAKER,"['EXPIRE_TAKER', 'EXPIRE_MAKER', 'EXPIRE_BOTH']",0.01000000,0.01000000,100000.00000000,0.00010000,0.00010000,90000.00000000,1.00000000
56,ALGOBUSD,BREAK,ALGO,8,BUSD,8,8,8,8,"['LIMIT', 'LIMIT_MAKER', 'MARKET', 'STOP_LOSS_LIMIT', 'TAKE_PROFIT_LIMIT']",True,True,True,True,True,True,False,"[{'filterType': 'PRICE_FILTER', 'minPrice': '0.00010000', 'maxPrice': '1000.00000000', 'tickSize': '0.00010000'}, {'filterType': 'PERCENT_PRICE', 'multiplierUp': '5', 'multiplierDown': '0.2', 'avgPriceMins': 5}, {'filterType': 'LOT_SIZE', 'minQty': '1.00000000', 'maxQty': '900000.00000000', 'stepSize': '1.00000000'}, {'filterType': 'MIN_NOTIONAL', 'minNotional': '1.00000000', 'applyToMarket': True, 'avgPriceMins': 5}, {'filterType': 'ICEBERG_PARTS', 'limit': 10}, {'filterType': 'MARKET_LOT_SIZE', 'minQty': '0.00000000', 'maxQty': '105297.92601807', 'stepSize': '0.00000000'}, {'filterType': 'TRAILING_DELTA', 'minTrailingAboveDelta': 10, 'maxTrailingAboveDelta': 2000, 'minTrailingBelowDelta': 10, 'maxTrailingBelowDelta': 2000}, {'filterType': 'MAX_NUM_ORDERS', 'maxNumOrders': 200}, {'filterType': 'MAX_NUM_ALGO_ORDERS', 'maxNumAlgoOrders': 5}]",['SPOT'],EXPIRE_MAKER,"['EXPIRE_TAKER', 'EXPIRE_MAKER', 'EXPIRE_BOTH']",0.00010000,0.00010000,1000.00000000,1.00000000,1.00000000,900000.00000000,1.00000000
57,XTZUSD4,BREAK,XTZ,8,USD4,4,4,8,4,"['LIMIT', 'LIMIT_MAKER', 'MARKET', 'STOP_LOSS_LIMIT', 'TAKE_PROFIT_LIMIT']",True,True,True,True,True,True,False,"[{'filterType': 'PRICE_FILTER', 'minPrice': '0.0001', 'maxPrice': '1000.0000', 'tickSize': '0.0001'}, {'filterType': 'PERCENT_PRICE', 'multiplierUp': '5', 'multiplierDown': '0.2', 'avgPriceMins': 5}, {'filterType': 'LOT_SIZE', 'minQty': '0.01000000', 'maxQty': '900000.00000000', 'stepSize': '0.01000000'}, {'filterType': 'MIN_NOTIONAL', 'minNotional': '10.0000', 'applyToMarket': True, 'avgPriceMins': 5}, {'filterType': 'ICEBERG_PARTS', 'limit': 10}, {'filterType': 'MARKET_LOT_SIZE', 'minQty': '0.00000000', 'maxQty': '115671.22192361', 'stepSize': '0.00000000'}, {'filterType': 'TRAILING_DELTA', 'minTrailingAboveDelta': 10, 'maxTrailingAboveDelta': 2000, 'minTrailingBelowDelta': 10, 'maxTrailingBelowDelta': 2000}, {'filterType': 'MAX_NUM_ORDERS', 'maxNumOrders': 200}, {'filterType': 'MAX_NUM_ALGO_ORDERS', 'maxNumAlgoOrders': 5}]",['SPOT'],EXPIRE_MAKER,"['EXPIRE_TAKER', 'EXPIRE_MAKER', 'EXPIRE_BOTH']",0.0001,0.0001,1000.0000,0.01000000,0.01000000,900000.00000000,10.0000
58,XTZBUSD,BREAK,XTZ,8,BUSD,8,8,8,8,"['LIMIT', 'LIMIT_MAKER', 'MARKET', 'STOP_LOSS_LIMIT', 'TAKE_PROFIT_LIMIT']",True,True,True,True,True,True,False,"[{'filterType': 'PRICE_FILTER', 'minPrice': '0.00100000', 'maxPrice': '1000.00000000', 'tickSize': '0.00100000'}, {'filterType': 'PERCENT_PRICE', 'multiplierUp': '5', 'multiplierDown': '0.2', 'avgPriceMins': 5}, {'filterType': 'LOT_SIZE', 'minQty': '0.10000000', 'maxQty': '900000.00000000', 'stepSize': '0.10000000'}, {'filterType': 'MIN_NOTIONAL', 'minNotional': '1.00000000', 'applyToMarket': True, 'avgPriceMins': 5}, {'filterType': 'ICEBERG_PARTS', 'limit': 10}, {'filterType': 'MARKET_LOT_SIZE', 'minQty': '0.00000000', 'maxQty': '29074.57905837', 'stepSize': '0.00000000'}, {'filterType': 'TRAILING_DELTA', 'minTrailingAboveDelta': 10, 'maxTrailingAboveDelta': 2000, 'minTrailingBelowDelta': 10, 'maxTrailingBelowDelta': 2000}, {'filterType': 'MAX_NUM_ORDERS', 'maxNumOrders': 200}, {'filterType': 'MAX_NUM_ALGO_ORDERS', 'maxNumAlgoOrders': 5}]",['SPOT'],EXPIRE_MAKER,"['EXPIRE_TAKER', 'EXPIRE_MAKER', 'EXPIRE_BOTH']",0.00100000,0.00100000,1000.00000000,0.10000000,0.10000000,900000.00000000,1.00000000
59,HBARUSD4,BREAK,HBAR,8,USD4,4,4,8,4,"['LIMIT', 'LIMIT_MAKER', 'MARKET', 'STOP_LOSS_LIMIT', 'TAKE_PROFIT_LIMIT']",True,True,True,True,True,True,False,"[{'filterType': 'PRICE_FILTER', 'minPrice': '0.0001', 'maxPrice': '1000.0000', 'tickSize': '0.0001'}, {'filterType': 'PERCENT_PRICE', 'multiplierUp': '5', 'multiplierDown': '0.2', 'avgPriceMins': 5}, {'filterType': 'LOT_SIZE', 'minQty': '0.10000000', 'maxQty': '9000000.00000000', 'stepSize': '0.10000000'}, {'filterType': 'MIN_NOTIONAL', 'minNotional': '10.0000', 'applyToMarket': True, 'avgPriceMins': 5}, {'filterType': 'ICEBERG_PARTS', 'limit': 10}, {'filterType': 'MARKET_LOT_SIZE', 'minQty': '0.00000000', 'maxQty': '4686047.38798611', 'stepSize': '0.00000000'}, {'filterType': 'TRAILING_DELTA', 'minTrailingAboveDelta': 10, 'maxTrailingAboveDelta': 2000, 'minTrailingBelowDelta': 10, 'maxTrailingBelowDelta': 2000}, {'filterType': 'MAX_NUM_ORDERS', 'maxNumOrders': 200}, {'filterType': 'MAX_NUM_ALGO_ORDERS', 'maxNumAlgoOrders': 5}]",['SPOT'],EXPIRE_MAKER,"['EXPIRE_TAKER', 'EXPIRE_MAKER', 'EXPIRE_BOTH']",0.0001,0.0001,1000.0000,0.10000000,0.10000000,9000000.00000000,10.0000
60,HBARBUSD,BREAK,HBAR,8,BUSD,8,8,8,8,"['LIMIT', 'LIMIT_MAKER', 'MARKET', 'STOP_LOSS_LIMIT', 'TAKE_PROFIT_LIMIT']",True,True,True,True,True,True,False,"[{'filterType': 'PRICE_FILTER', 'minPrice': '0.00010000', 'maxPrice': '1000.00000000', 'tickSize': '0.00010000'}, {'filterType': 'PERCENT_PRICE', 'multiplierUp': '5', 'multiplierDown': '0.2', 'avgPriceMins': 5}, {'filterType': 'LOT_SIZE', 'minQty': '1.00000000', 'maxQty': '9000000.00000000', 'stepSize': '1.00000000'}, {'filterType': 'MIN_NOTIONAL', 'minNotional': '1.00000000', 'applyToMarket': True, 'avgPriceMins': 5}, {'filterType': 'ICEBERG_PARTS', 'limit': 10}, {'filterType': 'MARKET_LOT_SIZE', 'minQty': '0.00000000', 'maxQty': '651459.22512161', 'stepSize': '0.00000000'}, {'filterType': 'TRAILING_DELTA', 'minTrailingAboveDelta': 10, 'maxTrailingAboveDelta': 2000, 'minTrailingBelowDelta': 10, 'maxTrailingBelowDelta': 2000}, {'filterType': 'MAX_NUM_ORDERS', 'maxNumOrders': 200}, {'filterType': 'MAX_NUM_ALGO_ORDERS', 'maxNumAlgoOrders': 5}]",['SPOT'],EXPIRE_MAKER,"['EXPIRE_TAKER', 'EXPIRE_MAKER', 'EXPIRE_BOTH']",0.00010000,0.00010000,1000.00000000,1.00000000,1.00000000,9000000.00000000,1.00000000
61,OMGUSD4,BREAK,OMG,8,USD4,4,4,8,4,"['LIMIT', 'LIMIT_MAKER', 'MARKET', 'STOP_LOSS_LIMIT', 'TAKE_PROFIT_LIMIT']",True,True,True,True,True,True,False,"[{'filterType': 'PRICE_FILTER', 'minPrice': '0.0001', 'maxPrice': '1000.0000', 'tickSize': '0.0001'}, {'filterType': 'PERCENT_PRICE', 'multiplierUp': '5', 'multiplierDown': '0.2', 'avgPriceMins': 5}, {'filterType': 'LOT_SIZE', 'minQty': '0.01000000', 'maxQty': '900000.00000000', 'stepSize': '0.01000000'}, {'filterType': 'MIN_NOTIONAL', 'minNotional': '10.0000', 'applyToMarket': True, 'avgPriceMins': 5}, {'filterType': 'ICEBERG_PARTS', 'limit': 10}, {'filterType': 'MARKET_LOT_SIZE', 'minQty': '0.00000000', 'maxQty': '69571.07908617', 'stepSize': '0.00000000'}, {'filterType': 'TRAILING_DELTA', 'minTrailingAboveDelta': 10, 'maxTrailingAboveDelta': 2000, 'minTrailingBelowDelta': 10, 'maxTrailingBelowDelta': 2000}, {'filterType': 'MAX_NUM_ORDERS', 'maxNumOrders': 200}, {'filterType': 'MAX_NUM_ALGO_ORDERS', 'maxNumAlgoOrders': 5}]",['SPOT'],EXPIRE_MAKER,"['EXPIRE_TAKER', 'EXPIRE_MAKER', 'EXPIRE_BOTH']",0.0001,0.0001,1000.0000,0.01000000,0.01000000,900000.00000000,10.0000
62,OMGBUSD,BREAK,OMG,8,BUSD,8,8,8,4,"['LIMIT', 'LIMIT_MAKER', 'MARKET', 'STOP_LOSS_LIMIT', 'TAKE_PROFIT_LIMIT']",True,True,True,True,True,True,False,"[{'filterType': 'PRICE_FILTER', 'minPrice': '0.00010000', 'maxPrice': '1000.00000000', 'tickSize': '0.00010000'}, {'filterType': 'PERCENT_PRICE', 'multiplierUp': '5', 'multiplierDown': '0.2', 'avgPriceMins': 5}, {'filterType': 'LOT_SIZE', 'minQty': '0.01000000', 'maxQty': '900000.00000000', 'stepSize': '0.01000000'}, {'filterType': 'MIN_NOTIONAL', 'minNotional': '1.00000000', 'applyToMarket': True, 'avgPriceMins': 5}, {'filterType': 'ICEBERG_PARTS', 'limit': 10}, {'filterType': 'MARKET_LOT_SIZE', 'minQty': '0.00000000', 'maxQty': '28559.18976372', 'stepSize': '0.00000000'}, {'filterType': 'TRAILING_DELTA', 'minTrailingAboveDelta': 10, 'maxTrailingAboveDelta': 2000, 'minTrailingBelowDelta': 10, 'maxTrailingBelowDelta': 2000}, {'filterType': 'MAX_NUM_ORDERS', 'maxNumOrders': 200}, {'filterType': 'MAX_NUM_ALGO_ORDERS', 'maxNumAlgoOrders': 5}]",['SPOT'],EXPIRE_MAKER,"['EXPIRE_TAKER', 'EXPIRE_MAKER', 'EXPIRE_BOTH']",0.00010000,0.00010000,1000.00000000,0.01000000,0.01000000,900000.00000000,1.00000000
63,MATICUSD4,BREAK,MATIC,8,USD4,4,4,8,4,"['LIMIT', 'LIMIT_MAKER', 'MARKET', 'STOP_LOSS_LIMIT', 'TAKE_PROFIT_LIMIT']",True,True,True,True,True,True,False,"[{'filterType': 'PRICE_FILTER', 'minPrice': '0.0001', 'maxPrice': '1000.0000', 'tickSize': '0.0001'}, {'filterType': 'PERCENT_PRICE', 'multiplierUp': '5', 'multiplierDown': '0.2', 'avgPriceMins': 5}, {'filterType': 'LOT_SIZE', 'minQty': '0.10000000', 'maxQty': '9000000.00000000', 'stepSize': '0.10000000'}, {'filterType': 'MIN_NOTIONAL', 'minNotional': '10.0000', 'applyToMarket': True, 'avgPriceMins': 5}, {'filterType': 'ICEBERG_PARTS', 'limit': 10}, {'filterType': 'MARKET_LOT_SIZE', 'minQty': '0.00000000', 'maxQty': '550216.36824183', 'stepSize': '0.00000000'}, {'filterType': 'TRAILING_DELTA', 'minTrailingAboveDelta': 10, 'maxTrailingAboveDelta': 2000, 'minTrailingBelowDelta': 10, 'maxTrailingBelowDelta': 2000}, {'filterType': 'MAX_NUM_ORDERS', 'maxNumOrders': 200}, {'filterType': 'MAX_NUM_ALGO_ORDERS', 'maxNumAlgoOrders': 5}]",['SPOT'],EXPIRE_MAKER,"['EXPIRE_TAKER', 'EXPIRE_MAKER', 'EXPIRE_BOTH']",0.0001,0.0001,1000.0000,0.10000000,0.10000000,9000000.00000000,10.0000
64,MATICBUSD,BREAK,MATIC,8,BUSD,8,8,8,8,"['LIMIT', 'LIMIT_MAKER', 'MARKET', 'STOP_LOSS_LIMIT', 'TAKE_PROFIT_LIMIT']",True,True,True,True,True,True,False,"[{'filterType': 'PRICE_FILTER', 'minPrice': '0.00010000', 'maxPrice': '1000.00000000', 'tickSize': '0.00010000'}, {'filterType': 'PERCENT_PRICE', 'multiplierUp': '5', 'multiplierDown': '0.2', 'avgPriceMins': 5}, {'filterType': 'LOT_SIZE', 'minQty': '0.10000000', 'maxQty': '9000000.00000000', 'stepSize': '0.10000000'}, {'filterType': 'MIN_NOTIONAL', 'minNotional': '1.00000000', 'applyToMarket': True, 'avgPriceMins': 5}, {'filterType': 'ICEBERG_PARTS', 'limit': 10}, {'filterType': 'MARKET_LOT_SIZE', 'minQty': '0.00000000', 'maxQty': '238255.33964559', 'stepSize': '0.00000000'}, {'filterType': 'TRAILING_DELTA', 'minTrailingAboveDelta': 10, 'maxTrailingAboveDelta': 2000, 'minTrailingBelowDelta': 10, 'maxTrailingBelowDelta': 2000}, {'filterType': 'MAX_NUM_ORDERS', 'maxNumOrders': 200}, {'filterType': 'MAX_NUM_ALGO_ORDERS', 'maxNumAlgoOrders': 5}]",['SPOT'],EXPIRE_MAKER,"['EXPIRE_TAKER', 'EXPIRE_MAKER', 'EXPIRE_BOTH']",0.00010000,0.00010000,1000.00000000,0.10000000,0.10000000,9000000.00000000,1.00000000
65,XTZBTC,BREAK,XTZ,8,BTC,8,8,8,8,"['LIMIT', 'LIMIT_MAKER', 'MARKET', 'STOP_LOSS_LIMIT', 'TAKE_PROFIT_LIMIT']",True,True,True,True,True,True,False,"[{'filterType': 'PRICE_FILTER', 'minPrice': '0.00000001', 'maxPrice': '1000.00000000', 'tickSize': '0.00000001'}, {'filterType': 'PERCENT_PRICE', 'multiplierUp': '5', 'multiplierDown': '0.2', 'avgPriceMins': 5}, {'filterType': 'LOT_SIZE', 'minQty': '0.10000000', 'maxQty': '90000000.00000000', 'stepSize': '0.10000000'}, {'filterType': 'MIN_NOTIONAL', 'minNotional': '0.00010000', 'applyToMarket': True, 'avgPriceMins': 5}, {'filterType': 'ICEBERG_PARTS', 'limit': 10}, {'filterType': 'MARKET_LOT_SIZE', 'minQty': '0.00000000', 'maxQty': '46129.28562500', 'stepSize': '0.00000000'}, {'filterType': 'TRAILING_DELTA', 'minTrailingAboveDelta': 10, 'maxTrailingAboveDelta': 2000, 'minTrailingBelowDelta': 10, 'maxTrailingBelowDelta': 2000}, {'filterType': 'MAX_NUM_ORDERS', 'maxNumOrders': 200}, {'filterType': 'MAX_NUM_ALGO_ORDERS', 'maxNumAlgoOrders': 5}]",['SPOT'],EXPIRE_MAKER,"['EXPIRE_TAKER', 'EXPIRE_MAKER', 'EXPIRE_BOTH']",0.00000001,0.00000001,1000.00000000,0.10000000,0.10000000,90000000.00000000,0.00010000
66,ADABTC,TRADING,ADA,8,BTC,8,8,8,8,"['LIMIT', 'LIMIT_MAKER', 'MARKET', 'STOP_LOSS_LIMIT', 'TAKE_PROFIT_LIMIT']",True,True,True,True,True,True,False,"[{'filterType': 'PRICE_FILTER', 'minPrice': '0.00000001', 'maxPrice': '1000.00000000', 'tickSize': '0.00000001'}, {'filterType': 'PERCENT_PRICE', 'multiplierUp': '5', 'multiplierDown': '0.2', 'avgPriceMins': 5}, {'filterType': 'LOT_SIZE', 'minQty': '0.10000000', 'maxQty': '90000000.00000000', 'stepSize': '0.10000000'}, {'filterType': 'MIN_NOTIONAL', 'minNotional': '0.00010000', 'applyToMarket': True, 'avgPriceMins': 5}, {'filterType': 'ICEBERG_PARTS', 'limit': 10}, {'filterType': 'MARKET_LOT_SIZE', 'minQty': '0.00000000', 'maxQty': '10808.15313807', 'stepSize': '0.00000000'}, {'filterType': 'TRAILING_DELTA', 'minTrailingAboveDelta': 10, 'maxTrailingAboveDelta': 2000, 'minTrailingBelowDelta': 10, 'maxTrailingBelowDelta': 2000}, {'filterType': 'PERCENT_PRICE_BY_SIDE', 'bidMultiplierUp': '1.25', 'bidMultiplierDown': '0.2', 'askMultiplierUp': '5', 'askMultiplierDown': '0.75', 'avgPriceMins': 5}, {'filterType': 'MAX_NUM_ORDERS', 'maxNumOrders': 200}, {'filterType': 'MAX_NUM_ALGO_ORDERS', 'maxNumAlgoOrders': 5}]",['SPOT'],EXPIRE_MAKER,"['EXPIRE_TAKER', 'EXPIRE_MAKER', 'EXPIRE_BOTH']",0.00000001,0.00000001,1000.00000000,0.10000000,0.10000000,90000000.00000000,0.00010000
67,REPBUSD,BREAK,REP,8,BUSD,8,8,8,8,"['LIMIT', 'LIMIT_MAKER', 'MARKET', 'STOP_LOSS_LIMIT', 'TAKE_PROFIT_LIMIT']",True,True,True,True,True,True,False,"[{'filterType': 'PRICE_FILTER', 'minPrice': '0.01000000', 'maxPrice': '10000.00000000', 'tickSize': '0.01000000'}, {'filterType': 'PERCENT_PRICE', 'multiplierUp': '5', 'multiplierDown': '0.2', 'avgPriceMins': 5}, {'filterType': 'LOT_SIZE', 'minQty': '0.00100000', 'maxQty': '1000000.00000000', 'stepSize': '0.00100000'}, {'filterType': 'MIN_NOTIONAL', 'minNotional': '10.00000000', 'applyToMarket': True, 'avgPriceMins': 5}, {'filterType': 'ICEBERG_PARTS', 'limit': 10}, {'filterType': 'MARKET_LOT_SIZE', 'minQty': '0.00000000', 'maxQty': '3263.53365497', 'stepSize': '0.00000000'}, {'filterType': 'TRAILING_DELTA', 'minTrailingAboveDelta': 10, 'maxTrailingAboveDelta': 2000, 'minTrailingBelowDelta': 10, 'maxTrailingBelowDelta': 2000}, {'filterType': 'MAX_NUM_ORDERS', 'maxNumOrders': 200}, {'filterType': 'MAX_NUM_ALGO_ORDERS', 'maxNumAlgoOrders': 5}]",['SPOT'],EXPIRE_MAKER,"['EXPIRE_TAKER', 'EXPIRE_MAKER', 'EXPIRE_BOTH']",0.01000000,0.01000000,10000.00000000,0.00100000,0.00100000,1000000.00000000,10.00000000
68,REPUSD,BREAK,REP,8,USD4,4,4,8,2,"['LIMIT', 'LIMIT_MAKER', 'MARKET', 'STOP_LOSS_LIMIT', 'TAKE_PROFIT_LIMIT']",True,True,True,True,True,True,False,"[{'filterType': 'PRICE_FILTER', 'minPrice': '0.0100', 'maxPrice': '10000.0000', 'tickSize': '0.0100'}, {'filterType': 'PERCENT_PRICE', 'multiplierUp': '5', 'multiplierDown': '0.2', 'avgPriceMins': 5}, {'filterType': 'LOT_SIZE', 'minQty': '0.00100000', 'maxQty': '1000000.00000000', 'stepSize': '0.00100000'}, {'filterType': 'MIN_NOTIONAL', 'minNotional': '10.0000', 'applyToMarket': True, 'avgPriceMins': 5}, {'filterType': 'ICEBERG_PARTS', 'limit': 10}, {'filterType': 'MARKET_LOT_SIZE', 'minQty': '0.00000000', 'maxQty': '6165.38308681', 'stepSize': '0.00000000'}, {'filterType': 'TRAILING_DELTA', 'minTrailingAboveDelta': 10, 'maxTrailingAboveDelta': 2000, 'minTrailingBelowDelta': 10, 'maxTrailingBelowDelta': 2000}, {'filterType': 'MAX_NUM_ORDERS', 'maxNumOrders': 200}, {'filterType': 'MAX_NUM_ALGO_ORDERS', 'maxNumAlgoOrders': 5}]",['SPOT'],EXPIRE_MAKER,"['EXPIRE_TAKER', 'EXPIRE_MAKER', 'EXPIRE_BOTH']",0.0100,0.0100,10000.0000,0.00100000,0.00100000,1000000.00000000,10.0000
69,EOSBUSD,BREAK,EOS,8,BUSD,8,8,8,8,"['LIMIT', 'LIMIT_MAKER', 'MARKET', 'STOP_LOSS_LIMIT', 'TAKE_PROFIT_LIMIT']",True,True,True,True,True,True,False,"[{'filterType': 'PRICE_FILTER', 'minPrice': '0.00010000', 'maxPrice': '1000.00000000', 'tickSize': '0.00010000'}, {'filterType': 'PERCENT_PRICE', 'multiplierUp': '5', 'multiplierDown': '0.2', 'avgPriceMins': 5}, {'filterType': 'LOT_SIZE', 'minQty': '0.01000000', 'maxQty': '900000.00000000', 'stepSize': '0.01000000'}, {'filterType': 'MIN_NOTIONAL', 'minNotional': '1.00000000', 'applyToMarket': True, 'avgPriceMins': 5}, {'filterType': 'ICEBERG_PARTS', 'limit': 10}, {'filterType': 'MARKET_LOT_SIZE', 'minQty': '0.00000000', 'maxQty': '42510.01062500', 'stepSize': '0.00000000'}, {'filterType': 'TRAILING_DELTA', 'minTrailingAboveDelta': 10, 'maxTrailingAboveDelta': 2000, 'minTrailingBelowDelta': 10, 'maxTrailingBelowDelta': 2000}, {'filterType': 'MAX_NUM_ORDERS', 'maxNumOrders': 200}, {'filterType': 'MAX_NUM_ALGO_ORDERS', 'maxNumAlgoOrders': 5}]",['SPOT'],EXPIRE_MAKER,"['EXPIRE_TAKER', 'EXPIRE_MAKER', 'EXPIRE_BOTH']",0.00010000,0.00010000,1000.00000000,0.01000000,0.01000000,900000.00000000,1.00000000
70,EOSUSD4,BREAK,EOS,8,USD4,4,4,8,4,"['LIMIT', 'LIMIT_MAKER', 'MARKET', 'STOP_LOSS_LIMIT', 'TAKE_PROFIT_LIMIT']",True,True,True,True,True,True,False,"[{'filterType': 'PRICE_FILTER', 'minPrice': '0.0001', 'maxPrice': '1000.0000', 'tickSize': '0.0001'}, {'filterType': 'PERCENT_PRICE', 'multiplierUp': '5', 'multiplierDown': '0.2', 'avgPriceMins': 5}, {'filterType': 'LOT_SIZE', 'minQty': '0.01000000', 'maxQty': '900000.00000000', 'stepSize': '0.01000000'}, {'filterType': 'MIN_NOTIONAL', 'minNotional': '10.0000', 'applyToMarket': True, 'avgPriceMins': 5}, {'filterType': 'ICEBERG_PARTS', 'limit': 10}, {'filterType': 'MARKET_LOT_SIZE', 'minQty': '0.00000000', 'maxQty': '120578.75166782', 'stepSize': '0.00000000'}, {'filterType': 'TRAILING_DELTA', 'minTrailingAboveDelta': 10, 'maxTrailingAboveDelta': 2000, 'minTrailingBelowDelta': 10, 'maxTrailingBelowDelta': 2000}, {'filterType': 'MAX_NUM_ORDERS', 'maxNumOrders': 200}, {'filterType': 'MAX_NUM_ALGO_ORDERS', 'maxNumAlgoOrders': 5}]",['SPOT'],EXPIRE_MAKER,"['EXPIRE_TAKER', 'EXPIRE_MAKER', 'EXPIRE_BOTH']",0.0001,0.0001,1000.0000,0.01000000,0.01000000,900000.00000000,10.0000
71,DOGEUSD4,BREAK,DOGE,8,USD4,4,4,8,4,"['LIMIT', 'LIMIT_MAKER', 'MARKET', 'STOP_LOSS_LIMIT', 'TAKE_PROFIT_LIMIT']",True,True,True,True,True,True,False,"[{'filterType': 'PRICE_FILTER', 'minPrice': '0.0001', 'maxPrice': '1000.0000', 'tickSize': '0.0001'}, {'filterType': 'PERCENT_PRICE', 'multiplierUp': '5', 'multiplierDown': '0.2', 'avgPriceMins': 5}, {'filterType': 'LOT_SIZE', 'minQty': '1.00000000', 'maxQty': '90000000.00000000', 'stepSize': '1.00000000'}, {'filterType': 'MIN_NOTIONAL', 'minNotional': '10.0000', 'applyToMarket': True, 'avgPriceMins': 5}, {'filterType': 'ICEBERG_PARTS', 'limit': 10}, {'filterType': 'MARKET_LOT_SIZE', 'minQty': '0.00000000', 'maxQty': '12487357.58200139', 'stepSize': '0.00000000'}, {'filterType': 'TRAILING_DELTA', 'minTrailingAboveDelta': 10, 'maxTrailingAboveDelta': 2000, 'minTrailingBelowDelta': 10, 'maxTrailingBelowDelta': 2000}, {'filterType': 'MAX_NUM_ORDERS', 'maxNumOrders': 200}, {'filterType': 'MAX_NUM_ALGO_ORDERS', 'maxNumAlgoOrders': 5}]",['SPOT'],EXPIRE_MAKER,"['EXPIRE_TAKER', 'EXPIRE_MAKER', 'EXPIRE_BOTH']",0.0001,0.0001,1000.0000,1.00000000,1.00000000,90000000.00000000,10.0000
72,KNCUSD4,BREAK,KNC,8,USD4,4,4,8,3,"['LIMIT', 'LIMIT_MAKER', 'MARKET', 'STOP_LOSS_LIMIT', 'TAKE_PROFIT_LIMIT']",True,True,True,True,True,True,False,"[{'filterType': 'PRICE_FILTER', 'minPrice': '0.0010', 'maxPrice': '10000.0000', 'tickSize': '0.0010'}, {'filterType': 'PERCENT_PRICE', 'multiplierUp': '5', 'multiplierDown': '0.2', 'avgPriceMins': 5}, {'filterType': 'LOT_SIZE', 'minQty': '0.00100000', 'maxQty': '900000.00000000', 'stepSize': '0.00100000'}, {'filterType': 'MIN_NOTIONAL', 'minNotional': '10.0000', 'applyToMarket': True, 'avgPriceMins': 5}, {'filterType': 'ICEBERG_PARTS', 'limit': 10}, {'filterType': 'MARKET_LOT_SIZE', 'minQty': '0.00000000', 'maxQty': '141590.56748471', 'stepSize': '0.00000000'}, {'filterType': 'TRAILING_DELTA', 'minTrailingAboveDelta': 10, 'maxTrailingAboveDelta': 2000, 'minTrailingBelowDelta': 10, 'maxTrailingBelowDelta': 2000}, {'filterType': 'MAX_NUM_ORDERS', 'maxNumOrders': 200}, {'filterType': 'MAX_NUM_ALGO_ORDERS', 'maxNumAlgoOrders': 5}]",['SPOT'],EXPIRE_MAKER,"['EXPIRE_TAKER', 'EXPIRE_MAKER', 'EXPIRE_BOTH']",0.0010,0.0010,10000.0000,0.00100000,0.00100000,900000.00000000,10.0000
73,KNCUSDT,TRADING,KNC,8,USDT,8,8,8,8,"['LIMIT', 'LIMIT_MAKER', 'MARKET', 'STOP_LOSS_LIMIT', 'TAKE_PROFIT_LIMIT']",True,True,True,True,True,True,False,"[{'filterType': 'PRICE_FILTER', 'minPrice': '0.00010000', 'maxPrice': '10000.00000000', 'tickSize': '0.00010000'}, {'filterType': 'PERCENT_PRICE', 'multiplierUp': '5', 'multiplierDown': '0.2', 'avgPriceMins': 5}, {'filterType': 'LOT_SIZE', 'minQty': '0.10000000', 'maxQty': '9222449.00000000', 'stepSize': '0.10000000'}, {'filterType': 'MIN_NOTIONAL', 'minNotional': '1.00000000', 'applyToMarket': True, 'avgPriceMins': 5}, {'filterType': 'ICEBERG_PARTS', 'limit': 10}, {'filterType': 'MARKET_LOT_SIZE', 'minQty': '0.00000000', 'maxQty': '1097.76443514', 'stepSize': '0.00000000'}, {'filterType': 'TRAILING_DELTA', 'minTrailingAboveDelta': 10, 'maxTrailingAboveDelta': 2000, 'minTrailingBelowDelta': 10, 'maxTrailingBelowDelta': 2000}, {'filterType': 'PERCENT_PRICE_BY_SIDE', 'bidMultiplierUp': '1.25', 'bidMultiplierDown': '0.2', 'askMultiplierUp': '5', 'askMultiplierDown': '0.75', 'avgPriceMins': 5}, {'filterType': 'MAX_NUM_ORDERS', 'maxNumOrders': 200}, {'filterType': 'MAX_NUM_ALGO_ORDERS', 'maxNumAlgoOrders': 5}]",['SPOT'],EXPIRE_MAKER,"['EXPIRE_TAKER', 'EXPIRE_MAKER', 'EXPIRE_BOTH']",0.00010000,0.00010000,10000.00000000,0.10000000,0.10000000,9222449.00000000,1.00000000
74,VTHOUSDT,TRADING,VTHO,8,USDT,8,8,8,8,"['LIMIT', 'LIMIT_MAKER', 'MARKET', 'STOP_LOSS_LIMIT', 'TAKE_PROFIT_LIMIT']",True,True,True,True,True,True,False,"[{'filterType': 'PRICE_FILTER', 'minPrice': '0.00000100', 'maxPrice': '1000.00000000', 'tickSize': '0.00000100'}, {'filterType': 'PERCENT_PRICE', 'multiplierUp': '5', 'multiplierDown': '0.2', 'avgPriceMins': 5}, {'filterType': 'LOT_SIZE', 'minQty': '1.00000000', 'maxQty': '92141578.00000000', 'stepSize': '1.00000000'}, {'filterType': 'MIN_NOTIONAL', 'minNotional': '1.00000000', 'applyToMarket': True, 'avgPriceMins': 5}, {'filterType': 'ICEBERG_PARTS', 'limit': 10}, {'filterType': 'MARKET_LOT_SIZE', 'minQty': '0.00000000', 'maxQty': '6362305.29707112', 'stepSize': '0.00000000'}, {'filterType': 'TRAILING_DELTA', 'minTrailingAboveDelta': 10, 'maxTrailingAboveDelta': 2000, 'minTrailingBelowDelta': 10, 'maxTrailingBelowDelta': 2000}, {'filterType': 'PERCENT_PRICE_BY_SIDE', 'bidMultiplierUp': '1.25', 'bidMultiplierDown': '0.2', 'askMultiplierUp': '5', 'askMultiplierDown': '0.75', 'avgPriceMins': 5}, {'filterType': 'MAX_NUM_ORDERS', 'maxNumOrders': 200}, {'filterType': 'MAX_NUM_ALGO_ORDERS', 'maxNumAlgoOrders': 5}]",['SPOT'],EXPIRE_MAKER,"['EXPIRE_TAKER', 'EXPIRE_MAKER', 'EXPIRE_BOTH']",0.00000100,0.00000100,1000.00000000,1.00000000,1.00000000,92141578.00000000,1.00000000
75,VTHOUSD4,BREAK,VTHO,8,USD4,4,4,8,4,"['LIMIT', 'LIMIT_MAKER', 'MARKET', 'STOP_LOSS_LIMIT', 'TAKE_PROFIT_LIMIT']",True,True,True,True,True,True,False,"[{'filterType': 'PRICE_FILTER', 'minPrice': '0.0001', 'maxPrice': '1000.0000', 'tickSize': '0.0001'}, {'filterType': 'PERCENT_PRICE', 'multiplierUp': '5', 'multiplierDown': '0.2', 'avgPriceMins': 5}, {'filterType': 'LOT_SIZE', 'minQty': '1.00000000', 'maxQty': '9000000.00000000', 'stepSize': '1.00000000'}, {'filterType': 'MIN_NOTIONAL', 'minNotional': '10.0000', 'applyToMarket': True, 'avgPriceMins': 5}, {'filterType': 'ICEBERG_PARTS', 'limit': 10}, {'filterType': 'MARKET_LOT_SIZE', 'minQty': '0.00000000', 'maxQty': '92141578.00000000', 'stepSize': '0.00000000'}, {'filterType': 'TRAILING_DELTA', 'minTrailingAboveDelta': 10, 'maxTrailingAboveDelta': 2000, 'minTrailingBelowDelta': 10, 'maxTrailingBelowDelta': 2000}, {'filterType': 'MAX_NUM_ORDERS', 'maxNumOrders': 200}, {'filterType': 'MAX_NUM_ALGO_ORDERS', 'maxNumAlgoOrders': 5}]",['SPOT'],EXPIRE_MAKER,"['EXPIRE_TAKER', 'EXPIRE_MAKER', 'EXPIRE_BOTH']",0.0001,0.0001,1000.0000,1.00000000,1.00000000,9000000.00000000,10.0000
76,USDCUSD4,BREAK,USDC,8,USD4,4,4,8,4,"['LIMIT', 'LIMIT_MAKER', 'MARKET', 'STOP_LOSS_LIMIT', 'TAKE_PROFIT_LIMIT']",True,True,True,True,True,True,False,"[{'filterType': 'PRICE_FILTER', 'minPrice': '0.0001', 'maxPrice': '1000.0000', 'tickSize': '0.0001'}, {'filterType': 'PERCENT_PRICE', 'multiplierUp': '5', 'multiplierDown': '0.2', 'avgPriceMins': 5}, {'filterType': 'LOT_SIZE', 'minQty': '0.01000000', 'maxQty': '900000.00000000', 'stepSize': '0.01000000'}, {'filterType': 'MIN_NOTIONAL', 'minNotional': '10.0000', 'applyToMarket': True, 'avgPriceMins': 5}, {'filterType': 'ICEBERG_PARTS', 'limit': 10}, {'filterType': 'MARKET_LOT_SIZE', 'minQty': '0.00000000', 'maxQty': '2388543.62716470', 'stepSize': '0.00000000'}, {'filterType': 'TRAILING_DELTA', 'minTrailingAboveDelta': 10, 'maxTrailingAboveDelta': 2000, 'minTrailingBelowDelta': 10, 'maxTrailingBelowDelta': 2000}, {'filterType': 'MAX_NUM_ORDERS', 'maxNumOrders': 200}, {'filterType': 'MAX_NUM_ALGO_ORDERS', 'maxNumAlgoOrders': 5}]",['SPOT'],EXPIRE_MAKER,"['EXPIRE_TAKER', 'EXPIRE_MAKER', 'EXPIRE_BOTH']",0.0001,0.0001,1000.0000,0.01000000,0.01000000,900000.00000000,10.0000
77,COMPUSDT,TRADING,COMP,8,USDT,8,8,8,8,"['LIMIT', 'LIMIT_MAKER', 'MARKET', 'STOP_LOSS_LIMIT', 'TAKE_PROFIT_LIMIT']",True,True,True,True,True,True,False,"[{'filterType': 'PRICE_FILTER', 'minPrice': '0.01000000', 'maxPrice': '100000.00000000', 'tickSize': '0.01000000'}, {'filterType': 'PERCENT_PRICE', 'multiplierUp': '5', 'multiplierDown': '0.2', 'avgPriceMins': 5}, {'filterType': 'LOT_SIZE', 'minQty': '0.00100000', 'maxQty': '90000.00000000', 'stepSize': '0.00100000'}, {'filterType': 'MIN_NOTIONAL', 'minNotional': '1.00000000', 'applyToMarket': True, 'avgPriceMins': 5}, {'filterType': 'ICEBERG_PARTS', 'limit': 10}, {'filterType': 'MARKET_LOT_SIZE', 'minQty': '0.00000000', 'maxQty': '111.38305020', 'stepSize': '0.00000000'}, {'filterType': 'TRAILING_DELTA', 'minTrailingAboveDelta': 10, 'maxTrailingAboveDelta': 2000, 'minTrailingBelowDelta': 10, 'maxTrailingBelowDelta': 2000}, {'filterType': 'PERCENT_PRICE_BY_SIDE', 'bidMultiplierUp': '1.25', 'bidMultiplierDown': '0.2', 'askMultiplierUp': '5', 'askMultiplierDown': '0.75', 'avgPriceMins': 5}, {'filterType': 'MAX_NUM_ORDERS', 'maxNumOrders': 200}, {'filterType': 'MAX_NUM_ALGO_ORDERS', 'maxNumAlgoOrders': 5}]",['SPOT'],EXPIRE_MAKER,"['EXPIRE_TAKER', 'EXPIRE_MAKER', 'EXPIRE_BOTH']",0.01000000,0.01000000,100000.00000000,0.00100000,0.00100000,90000.00000000,1.00000000
78,COMPUSD4,BREAK,COMP,8,USD4,4,4,8,2,"['LIMIT', 'LIMIT_MAKER', 'MARKET', 'STOP_LOSS_LIMIT', 'TAKE_PROFIT_LIMIT']",True,True,True,True,True,True,False,"[{'filterType': 'PRICE_FILTER', 'minPrice': '0.0100', 'maxPrice': '100000.0000', 'tickSize': '0.0100'}, {'filterType': 'PERCENT_PRICE', 'multiplierUp': '5', 'multiplierDown': '0.2', 'avgPriceMins': 5}, {'filterType': 'LOT_SIZE', 'minQty': '0.00001000', 'maxQty': '900000.00000000', 'stepSize': '0.00001000'}, {'filterType': 'MIN_NOTIONAL', 'minNotional': '10.0000', 'applyToMarket': True, 'avgPriceMins': 5}, {'filterType': 'ICEBERG_PARTS', 'limit': 10}, {'filterType': 'MARKET_LOT_SIZE', 'minQty': '0.00000000', 'maxQty': '1125.52000532', 'stepSize': '0.00000000'}, {'filterType': 'TRAILING_DELTA', 'minTrailingAboveDelta': 10, 'maxTrailingAboveDelta': 2000, 'minTrailingBelowDelta': 10, 'maxTrailingBelowDelta': 2000}, {'filterType': 'MAX_NUM_ORDERS', 'maxNumOrders': 200}, {'filterType': 'MAX_NUM_ALGO_ORDERS', 'maxNumAlgoOrders': 5}]",['SPOT'],EXPIRE_MAKER,"['EXPIRE_TAKER', 'EXPIRE_MAKER', 'EXPIRE_BOTH']",0.0100,0.0100,100000.0000,0.00001000,0.00001000,900000.00000000,10.0000
79,MANAUSD4,BREAK,MANA,8,USD4,4,4,8,4,"['LIMIT', 'LIMIT_MAKER', 'MARKET', 'STOP_LOSS_LIMIT', 'TAKE_PROFIT_LIMIT']",True,True,True,True,True,True,False,"[{'filterType': 'PRICE_FILTER', 'minPrice': '0.0001', 'maxPrice': '1000.0000', 'tickSize': '0.0001'}, {'filterType': 'PERCENT_PRICE', 'multiplierUp': '5', 'multiplierDown': '0.2', 'avgPriceMins': 5}, {'filterType': 'LOT_SIZE', 'minQty': '0.01000000', 'maxQty': '900000.00000000', 'stepSize': '0.01000000'}, {'filterType': 'MIN_NOTIONAL', 'minNotional': '10.0000', 'applyToMarket': True, 'avgPriceMins': 5}, {'filterType': 'ICEBERG_PARTS', 'limit': 10}, {'filterType': 'MARKET_LOT_SIZE', 'minQty': '0.00000000', 'maxQty': '209209.00328700', 'stepSize': '0.00000000'}, {'filterType': 'TRAILING_DELTA', 'minTrailingAboveDelta': 10, 'maxTrailingAboveDelta': 2000, 'minTrailingBelowDelta': 10, 'maxTrailingBelowDelta': 2000}, {'filterType': 'MAX_NUM_ORDERS', 'maxNumOrders': 200}, {'filterType': 'MAX_NUM_ALGO_ORDERS', 'maxNumAlgoOrders': 5}]",['SPOT'],EXPIRE_MAKER,"['EXPIRE_TAKER', 'EXPIRE_MAKER', 'EXPIRE_BOTH']",0.0001,0.0001,1000.0000,0.01000000,0.01000000,900000.00000000,10.0000
80,HNTUSD4,BREAK,HNT,8,USD4,4,4,8,4,"['LIMIT', 'LIMIT_MAKER', 'MARKET', 'STOP_LOSS_LIMIT', 'TAKE_PROFIT_LIMIT']",True,True,True,True,True,True,False,"[{'filterType': 'PRICE_FILTER', 'minPrice': '0.0001', 'maxPrice': '1000.0000', 'tickSize': '0.0001'}, {'filterType': 'PERCENT_PRICE', 'multiplierUp': '5', 'multiplierDown': '0.2', 'avgPriceMins': 5}, {'filterType': 'LOT_SIZE', 'minQty': '0.01000000', 'maxQty': '900000.00000000', 'stepSize': '0.01000000'}, {'filterType': 'MIN_NOTIONAL', 'minNotional': '10.0000', 'applyToMarket': True, 'avgPriceMins': 5}, {'filterType': 'ICEBERG_PARTS', 'limit': 10}, {'filterType': 'MARKET_LOT_SIZE', 'minQty': '0.00000000', 'maxQty': '16697.33268750', 'stepSize': '0.00000000'}, {'filterType': 'TRAILING_DELTA', 'minTrailingAboveDelta': 10, 'maxTrailingAboveDelta': 2000, 'minTrailingBelowDelta': 10, 'maxTrailingBelowDelta': 2000}, {'filterType': 'MAX_NUM_ORDERS', 'maxNumOrders': 200}, {'filterType': 'MAX_NUM_ALGO_ORDERS', 'maxNumAlgoOrders': 5}]",['SPOT'],EXPIRE_MAKER,"['EXPIRE_TAKER', 'EXPIRE_MAKER', 'EXPIRE_BOTH']",0.0001,0.0001,1000.0000,0.01000000,0.01000000,900000.00000000,10.0000
81,HNTUSDT,BREAK,HNT,8,USDT,8,8,8,8,"['LIMIT', 'LIMIT_MAKER', 'MARKET', 'STOP_LOSS_LIMIT', 'TAKE_PROFIT_LIMIT']",True,True,True,True,True,True,False,"[{'filterType': 'PRICE_FILTER', 'minPrice': '0.01000000', 'maxPrice': '10000.00000000', 'tickSize': '0.01000000'}, {'filterType': 'PERCENT_PRICE', 'multiplierUp': '5', 'multiplierDown': '0.2', 'avgPriceMins': 5}, {'filterType': 'LOT_SIZE', 'minQty': '0.01000000', 'maxQty': '90000.00000000', 'stepSize': '0.01000000'}, {'filterType': 'MIN_NOTIONAL', 'minNotional': '1.00000000', 'applyToMarket': True, 'avgPriceMins': 5}, {'filterType': 'ICEBERG_PARTS', 'limit': 10}, {'filterType': 'MARKET_LOT_SIZE', 'minQty': '0.00000000', 'maxQty': '12565.23059028', 'stepSize': '0.00000000'}, {'filterType': 'TRAILING_DELTA', 'minTrailingAboveDelta': 10, 'maxTrailingAboveDelta': 2000, 'minTrailingBelowDelta': 10, 'maxTrailingBelowDelta': 2000}, {'filterType': 'MAX_NUM_ORDERS', 'maxNumOrders': 200}, {'filterType': 'MAX_NUM_ALGO_ORDERS', 'maxNumAlgoOrders': 5}]",['SPOT'],EXPIRE_MAKER,"['EXPIRE_TAKER', 'EXPIRE_MAKER', 'EXPIRE_BOTH']",0.01000000,0.01000000,10000.00000000,0.01000000,0.01000000,90000.00000000,1.00000000
82,MKRUSD4,BREAK,MKR,8,USD4,4,4,8,4,"['LIMIT', 'LIMIT_MAKER', 'MARKET', 'STOP_LOSS_LIMIT', 'TAKE_PROFIT_LIMIT']",True,True,True,True,True,True,False,"[{'filterType': 'PRICE_FILTER', 'minPrice': '0.0001', 'maxPrice': '100000.0000', 'tickSize': '0.0001'}, {'filterType': 'PERCENT_PRICE', 'multiplierUp': '5', 'multiplierDown': '0.2', 'avgPriceMins': 5}, {'filterType': 'LOT_SIZE', 'minQty': '0.00001000', 'maxQty': '900000.00000000', 'stepSize': '0.00001000'}, {'filterType': 'MIN_NOTIONAL', 'minNotional': '10.0000', 'applyToMarket': True, 'avgPriceMins': 5}, {'filterType': 'ICEBERG_PARTS', 'limit': 10}, {'filterType': 'MARKET_LOT_SIZE', 'minQty': '0.00000000', 'maxQty': '125.26531854', 'stepSize': '0.00000000'}, {'filterType': 'TRAILING_DELTA', 'minTrailingAboveDelta': 10, 'maxTrailingAboveDelta': 2000, 'minTrailingBelowDelta': 10, 'maxTrailingBelowDelta': 2000}, {'filterType': 'MAX_NUM_ORDERS', 'maxNumOrders': 200}, {'filterType': 'MAX_NUM_ALGO_ORDERS', 'maxNumAlgoOrders': 5}]",['SPOT'],EXPIRE_MAKER,"['EXPIRE_TAKER', 'EXPIRE_MAKER', 'EXPIRE_BOTH']",0.0001,0.0001,100000.0000,0.00001000,0.00001000,900000.00000000,10.0000
83,MKRUSDT,BREAK,MKR,8,USDT,8,8,8,8,"['LIMIT', 'LIMIT_MAKER', 'MARKET', 'STOP_LOSS_LIMIT', 'TAKE_PROFIT_LIMIT']",True,True,True,True,True,True,False,"[{'filterType': 'PRICE_FILTER', 'minPrice': '0.10000000', 'maxPrice': '100000.00000000', 'tickSize': '0.10000000'}, {'filterType': 'PERCENT_PRICE', 'multiplierUp': '5', 'multiplierDown': '0.2', 'avgPriceMins': 5}, {'filterType': 'LOT_SIZE', 'minQty': '0.00010000', 'maxQty': '90000.00000000', 'stepSize': '0.00010000'}, {'filterType': 'MIN_NOTIONAL', 'minNotional': '1.00000000', 'applyToMarket': True, 'avgPriceMins': 5}, {'filterType': 'ICEBERG_PARTS', 'limit': 10}, {'filterType': 'MARKET_LOT_SIZE', 'minQty': '0.00000000', 'maxQty': '1.60341074', 'stepSize': '0.00000000'}, {'filterType': 'TRAILING_DELTA', 'minTrailingAboveDelta': 10, 'maxTrailingAboveDelta': 2000, 'minTrailingBelowDelta': 10, 'maxTrailingBelowDelta': 2000}, {'filterType': 'PERCENT_PRICE_BY_SIDE', 'bidMultiplierUp': '1.25', 'bidMultiplierDown': '0.2', 'askMultiplierUp': '5', 'askMultiplierDown': '0.75', 'avgPriceMins': 5}, {'filterType': 'MAX_NUM_ORDERS', 'maxNumOrders': 200}, {'filterType': 'MAX_NUM_ALGO_ORDERS', 'maxNumAlgoOrders': 5}]",['SPOT'],EXPIRE_MAKER,"['EXPIRE_TAKER', 'EXPIRE_MAKER', 'EXPIRE_BOTH']",0.10000000,0.10000000,100000.00000000,0.00010000,0.00010000,90000.00000000,1.00000000
84,DAIUSD4,BREAK,DAI,8,USD4,4,4,8,4,"['LIMIT', 'LIMIT_MAKER', 'MARKET', 'STOP_LOSS_LIMIT', 'TAKE_PROFIT_LIMIT']",True,True,True,True,True,True,False,"[{'filterType': 'PRICE_FILTER', 'minPrice': '0.0001', 'maxPrice': '1000.0000', 'tickSize': '0.0001'}, {'filterType': 'PERCENT_PRICE', 'multiplierUp': '5', 'multiplierDown': '0.2', 'avgPriceMins': 5}, {'filterType': 'LOT_SIZE', 'minQty': '0.01000000', 'maxQty': '900000.00000000', 'stepSize': '0.01000000'}, {'filterType': 'MIN_NOTIONAL', 'minNotional': '10.0000', 'applyToMarket': True, 'avgPriceMins': 5}, {'filterType': 'ICEBERG_PARTS', 'limit': 10}, {'filterType': 'MARKET_LOT_SIZE', 'minQty': '0.00000000', 'maxQty': '343079.79620833', 'stepSize': '0.00000000'}, {'filterType': 'TRAILING_DELTA', 'minTrailingAboveDelta': 10, 'maxTrailingAboveDelta': 2000, 'minTrailingBelowDelta': 10, 'maxTrailingBelowDelta': 2000}, {'filterType': 'MAX_NUM_ORDERS', 'maxNumOrders': 200}, {'filterType': 'MAX_NUM_ALGO_ORDERS', 'maxNumAlgoOrders': 5}]",['SPOT'],EXPIRE_MAKER,"['EXPIRE_TAKER', 'EXPIRE_MAKER', 'EXPIRE_BOTH']",0.0001,0.0001,1000.0000,0.01000000,0.01000000,900000.00000000,10.0000
85,ONEUSDT,TRADING,ONE,8,USDT,8,8,8,8,"['LIMIT', 'LIMIT_MAKER', 'MARKET', 'STOP_LOSS_LIMIT', 'TAKE_PROFIT_LIMIT']",True,True,True,True,True,True,False,"[{'filterType': 'PRICE_FILTER', 'minPrice': '0.00001000', 'maxPrice': '1000.00000000', 'tickSize': '0.00001000'}, {'filterType': 'PERCENT_PRICE', 'multiplierUp': '5', 'multiplierDown': '0.2', 'avgPriceMins': 5}, {'filterType': 'LOT_SIZE', 'minQty': '0.10000000', 'maxQty': '9000000.00000000', 'stepSize': '0.10000000'}, {'filterType': 'MIN_NOTIONAL', 'minNotional': '1.00000000', 'applyToMarket': True, 'avgPriceMins': 5}, {'filterType': 'ICEBERG_PARTS', 'limit': 10}, {'filterType': 'MARKET_LOT_SIZE', 'minQty': '0.00000000', 'maxQty': '2022649.05857740', 'stepSize': '0.00000000'}, {'filterType': 'TRAILING_DELTA', 'minTrailingAboveDelta': 10, 'maxTrailingAboveDelta': 2000, 'minTrailingBelowDelta': 10, 'maxTrailingBelowDelta': 2000}, {'filterType': 'PERCENT_PRICE_BY_SIDE', 'bidMultiplierUp': '1.25', 'bidMultiplierDown': '0.2', 'askMultiplierUp': '5', 'askMultiplierDown': '0.75', 'avgPriceMins': 5}, {'filterType': 'MAX_NUM_ORDERS', 'maxNumOrders': 200}, {'filterType': 'MAX_NUM_ALGO_ORDERS', 'maxNumAlgoOrders': 5}]",['SPOT'],EXPIRE_MAKER,"['EXPIRE_TAKER', 'EXPIRE_MAKER', 'EXPIRE_BOTH']",0.00001000,0.00001000,1000.00000000,0.10000000,0.10000000,9000000.00000000,1.00000000
86,ONEUSD4,BREAK,ONE,8,USD4,4,4,8,4,"['LIMIT', 'LIMIT_MAKER', 'MARKET', 'STOP_LOSS_LIMIT', 'TAKE_PROFIT_LIMIT']",True,True,True,True,True,True,False,"[{'filterType': 'PRICE_FILTER', 'minPrice': '0.0001', 'maxPrice': '1000.0000', 'tickSize': '0.0001'}, {'filterType': 'PERCENT_PRICE', 'multiplierUp': '5', 'multiplierDown': '0.2', 'avgPriceMins': 5}, {'filterType': 'LOT_SIZE', 'minQty': '0.10000000', 'maxQty': '900000.00000000', 'stepSize': '0.10000000'}, {'filterType': 'MIN_NOTIONAL', 'minNotional': '10.0000', 'applyToMarket': True, 'avgPriceMins': 5}, {'filterType': 'ICEBERG_PARTS', 'limit': 10}, {'filterType': 'MARKET_LOT_SIZE', 'minQty': '0.00000000', 'maxQty': '9086742.86125781', 'stepSize': '0.00000000'}, {'filterType': 'TRAILING_DELTA', 'minTrailingAboveDelta': 10, 'maxTrailingAboveDelta': 2000, 'minTrailingBelowDelta': 10, 'maxTrailingBelowDelta': 2000}, {'filterType': 'MAX_NUM_ORDERS', 'maxNumOrders': 200}, {'filterType': 'MAX_NUM_ALGO_ORDERS', 'maxNumAlgoOrders': 5}]",['SPOT'],EXPIRE_MAKER,"['EXPIRE_TAKER', 'EXPIRE_MAKER', 'EXPIRE_BOTH']",0.0001,0.0001,1000.0000,0.10000000,0.10000000,900000.00000000,10.0000
87,BANDUSDT,TRADING,BAND,8,USDT,8,8,8,8,"['LIMIT', 'LIMIT_MAKER', 'MARKET', 'STOP_LOSS_LIMIT', 'TAKE_PROFIT_LIMIT']",True,True,True,True,True,True,False,"[{'filterType': 'PRICE_FILTER', 'minPrice': '0.00100000', 'maxPrice': '10000.00000000', 'tickSize': '0.00100000'}, {'filterType': 'PERCENT_PRICE', 'multiplierUp': '5', 'multiplierDown': '0.2', 'avgPriceMins': 5}, {'filterType': 'LOT_SIZE', 'minQty': '0.10000000', 'maxQty': '90000.00000000', 'stepSize': '0.10000000'}, {'filterType': 'MIN_NOTIONAL', 'minNotional': '1.00000000', 'applyToMarket': True, 'avgPriceMins': 5}, {'filterType': 'ICEBERG_PARTS', 'limit': 10}, {'filterType': 'MARKET_LOT_SIZE', 'minQty': '0.00000000', 'maxQty': '6430.51673640', 'stepSize': '0.00000000'}, {'filterType': 'TRAILING_DELTA', 'minTrailingAboveDelta': 10, 'maxTrailingAboveDelta': 2000, 'minTrailingBelowDelta': 10, 'maxTrailingBelowDelta': 2000}, {'filterType': 'PERCENT_PRICE_BY_SIDE', 'bidMultiplierUp': '1.25', 'bidMultiplierDown': '0.2', 'askMultiplierUp': '5', 'askMultiplierDown': '0.75', 'avgPriceMins': 5}, {'filterType': 'MAX_NUM_ORDERS', 'maxNumOrders': 200}, {'filterType': 'MAX_NUM_ALGO_ORDERS', 'maxNumAlgoOrders': 5}]",['SPOT'],EXPIRE_MAKER,"['EXPIRE_TAKER', 'EXPIRE_MAKER', 'EXPIRE_BOTH']",0.00100000,0.00100000,10000.00000000,0.10000000,0.10000000,90000.00000000,1.00000000
88,BANDUSD4,BREAK,BAND,8,USD4,4,4,8,4,"['LIMIT', 'LIMIT_MAKER', 'MARKET', 'STOP_LOSS_LIMIT', 'TAKE_PROFIT_LIMIT']",True,True,True,True,True,True,False,"[{'filterType': 'PRICE_FILTER', 'minPrice': '0.0001', 'maxPrice': '1000.0000', 'tickSize': '0.0001'}, {'filterType': 'PERCENT_PRICE', 'multiplierUp': '5', 'multiplierDown': '0.2', 'avgPriceMins': 5}, {'filterType': 'LOT_SIZE', 'minQty': '0.01000000', 'maxQty': '900000.00000000', 'stepSize': '0.01000000'}, {'filterType': 'MIN_NOTIONAL', 'minNotional': '10.0000', 'applyToMarket': True, 'avgPriceMins': 5}, {'filterType': 'ICEBERG_PARTS', 'limit': 10}, {'filterType': 'MARKET_LOT_SIZE', 'minQty': '0.00000000', 'maxQty': '23792.02808333', 'stepSize': '0.00000000'}, {'filterType': 'TRAILING_DELTA', 'minTrailingAboveDelta': 10, 'maxTrailingAboveDelta': 2000, 'minTrailingBelowDelta': 10, 'maxTrailingBelowDelta': 2000}, {'filterType': 'MAX_NUM_ORDERS', 'maxNumOrders': 200}, {'filterType': 'MAX_NUM_ALGO_ORDERS', 'maxNumAlgoOrders': 5}]",['SPOT'],EXPIRE_MAKER,"['EXPIRE_TAKER', 'EXPIRE_MAKER', 'EXPIRE_BOTH']",0.0001,0.0001,1000.0000,0.01000000,0.01000000,900000.00000000,10.0000
89,STORJUSDT,TRADING,STORJ,8,USDT,8,8,8,8,"['LIMIT', 'LIMIT_MAKER', 'MARKET', 'STOP_LOSS_LIMIT', 'TAKE_PROFIT_LIMIT']",True,True,True,True,True,True,False,"[{'filterType': 'PRICE_FILTER', 'minPrice': '0.00010000', 'maxPrice': '1000.00000000', 'tickSize': '0.00010000'}, {'filterType': 'PERCENT_PRICE', 'multiplierUp': '5', 'multiplierDown': '0.2', 'avgPriceMins': 5}, {'filterType': 'LOT_SIZE', 'minQty': '1.00000000', 'maxQty': '900000.00000000', 'stepSize': '1.00000000'}, {'filterType': 'MIN_NOTIONAL', 'minNotional': '1.00000000', 'applyToMarket': True, 'avgPriceMins': 5}, {'filterType': 'ICEBERG_PARTS', 'limit': 10}, {'filterType': 'MARKET_LOT_SIZE', 'minQty': '0.00000000', 'maxQty': '6030.04602510', 'stepSize': '0.00000000'}, {'filterType': 'TRAILING_DELTA', 'minTrailingAboveDelta': 10, 'maxTrailingAboveDelta': 2000, 'minTrailingBelowDelta': 10, 'maxTrailingBelowDelta': 2000}, {'filterType': 'PERCENT_PRICE_BY_SIDE', 'bidMultiplierUp': '1.25', 'bidMultiplierDown': '0.2', 'askMultiplierUp': '5', 'askMultiplierDown': '0.75', 'avgPriceMins': 5}, {'filterType': 'MAX_NUM_ORDERS', 'maxNumOrders': 200}, {'filterType': 'MAX_NUM_ALGO_ORDERS', 'maxNumAlgoOrders': 5}]",['SPOT'],EXPIRE_MAKER,"['EXPIRE_TAKER', 'EXPIRE_MAKER', 'EXPIRE_BOTH']",0.00010000,0.00010000,1000.00000000,1.00000000,1.00000000,900000.00000000,1.00000000
90,STORJUSD4,BREAK,STORJ,8,USD4,4,4,8,4,"['LIMIT', 'LIMIT_MAKER', 'MARKET', 'STOP_LOSS_LIMIT', 'TAKE_PROFIT_LIMIT']",True,True,True,True,True,True,False,"[{'filterType': 'PRICE_FILTER', 'minPrice': '0.0001', 'maxPrice': '1000.0000', 'tickSize': '0.0001'}, {'filterType': 'PERCENT_PRICE', 'multiplierUp': '5', 'multiplierDown': '0.2', 'avgPriceMins': 5}, {'filterType': 'LOT_SIZE', 'minQty': '0.01000000', 'maxQty': '900000.00000000', 'stepSize': '0.01000000'}, {'filterType': 'MIN_NOTIONAL', 'minNotional': '10.0000', 'applyToMarket': True, 'avgPriceMins': 5}, {'filterType': 'ICEBERG_PARTS', 'limit': 10}, {'filterType': 'MARKET_LOT_SIZE', 'minQty': '0.00000000', 'maxQty': '185856.13733148', 'stepSize': '0.00000000'}, {'filterType': 'TRAILING_DELTA', 'minTrailingAboveDelta': 10, 'maxTrailingAboveDelta': 2000, 'minTrailingBelowDelta': 10, 'maxTrailingBelowDelta': 2000}, {'filterType': 'MAX_NUM_ORDERS', 'maxNumOrders': 200}, {'filterType': 'MAX_NUM_ALGO_ORDERS', 'maxNumAlgoOrders': 5}]",['SPOT'],EXPIRE_MAKER,"['EXPIRE_TAKER', 'EXPIRE_MAKER', 'EXPIRE_BOTH']",0.0001,0.0001,1000.0000,0.01000000,0.01000000,900000.00000000,10.0000
91,BUSDUSDT,BREAK,BUSD,8,USDT,8,8,8,8,"['LIMIT', 'LIMIT_MAKER', 'MARKET', 'STOP_LOSS_LIMIT', 'TAKE_PROFIT_LIMIT']",True,True,True,True,True,True,False,"[{'filterType': 'PRICE_FILTER', 'minPrice': '0.00010000', 'maxPrice': '1000.00000000', 'tickSize': '0.00010000'}, {'filterType': 'PERCENT_PRICE', 'multiplierUp': '5', 'multiplierDown': '0.2', 'avgPriceMins': 5}, {'filterType': 'LOT_SIZE', 'minQty': '1.00000000', 'maxQty': '15000000.00000000', 'stepSize': '1.00000000'}, {'filterType': 'MIN_NOTIONAL', 'minNotional': '1.00000000', 'applyToMarket': True, 'avgPriceMins': 5}, {'filterType': 'ICEBERG_PARTS', 'limit': 10}, {'filterType': 'MARKET_LOT_SIZE', 'minQty': '0.00000000', 'maxQty': '1804138.21485059', 'stepSize': '0.00000000'}, {'filterType': 'TRAILING_DELTA', 'minTrailingAboveDelta': 10, 'maxTrailingAboveDelta': 2000, 'minTrailingBelowDelta': 10, 'maxTrailingBelowDelta': 2000}, {'filterType': 'MAX_NUM_ORDERS', 'maxNumOrders': 200}, {'filterType': 'MAX_NUM_ALGO_ORDERS', 'maxNumAlgoOrders': 5}]",['SPOT'],EXPIRE_MAKER,"['EXPIRE_TAKER', 'EXPIRE_MAKER', 'EXPIRE_BOTH']",0.00010000,0.00010000,1000.00000000,1.00000000,1.00000000,15000000.00000000,1.00000000
92,UNIUSD4,BREAK,UNI,8,USD4,4,4,8,4,"['LIMIT', 'LIMIT_MAKER', 'MARKET', 'STOP_LOSS_LIMIT', 'TAKE_PROFIT_LIMIT']",True,True,True,True,True,True,False,"[{'filterType': 'PRICE_FILTER', 'minPrice': '0.0001', 'maxPrice': '1000.0000', 'tickSize': '0.0001'}, {'filterType': 'PERCENT_PRICE', 'multiplierUp': '5', 'multiplierDown': '0.2', 'avgPriceMins': 5}, {'filterType': 'LOT_SIZE', 'minQty': '0.01000000', 'maxQty': '900000.00000000', 'stepSize': '0.01000000'}, {'filterType': 'MIN_NOTIONAL', 'minNotional': '10.0000', 'applyToMarket': True, 'avgPriceMins': 5}, {'filterType': 'ICEBERG_PARTS', 'limit': 10}, {'filterType': 'MARKET_LOT_SIZE', 'minQty': '0.00000000', 'maxQty': '21188.32385337', 'stepSize': '0.00000000'}, {'filterType': 'TRAILING_DELTA', 'minTrailingAboveDelta': 10, 'maxTrailingAboveDelta': 2000, 'minTrailingBelowDelta': 10, 'maxTrailingBelowDelta': 2000}, {'filterType': 'MAX_NUM_ORDERS', 'maxNumOrders': 200}, {'filterType': 'MAX_NUM_ALGO_ORDERS', 'maxNumAlgoOrders': 5}]",['SPOT'],EXPIRE_MAKER,"['EXPIRE_TAKER', 'EXPIRE_MAKER', 'EXPIRE_BOTH']",0.0001,0.0001,1000.0000,0.01000000,0.01000000,900000.00000000,10.0000
93,UNIUSDT,TRADING,UNI,8,USDT,8,8,8,8,"['LIMIT', 'LIMIT_MAKER', 'MARKET', 'STOP_LOSS_LIMIT', 'TAKE_PROFIT_LIMIT']",True,True,True,True,True,True,False,"[{'filterType': 'PRICE_FILTER', 'minPrice': '0.00100000', 'maxPrice': '10000.00000000', 'tickSize': '0.00100000'}, {'filterType': 'PERCENT_PRICE', 'multiplierUp': '5', 'multiplierDown': '0.2', 'avgPriceMins': 5}, {'filterType': 'LOT_SIZE', 'minQty': '0.01000000', 'maxQty': '90000.00000000', 'stepSize': '0.01000000'}, {'filterType': 'MIN_NOTIONAL', 'minNotional': '1.00000000', 'applyToMarket': True, 'avgPriceMins': 5}, {'filterType': 'ICEBERG_PARTS', 'limit': 10}, {'filterType': 'MARKET_LOT_SIZE', 'minQty': '0.00000000', 'maxQty': '3634.76000000', 'stepSize': '0.00000000'}, {'filterType': 'TRAILING_DELTA', 'minTrailingAboveDelta': 10, 'maxTrailingAboveDelta': 2000, 'minTrailingBelowDelta': 10, 'maxTrailingBelowDelta': 2000}, {'filterType': 'PERCENT_PRICE_BY_SIDE', 'bidMultiplierUp': '1.25', 'bidMultiplierDown': '0.2', 'askMultiplierUp': '5', 'askMultiplierDown': '0.75', 'avgPriceMins': 5}, {'filterType': 'MAX_NUM_ORDERS', 'maxNumOrders': 200}, {'filterType': 'MAX_NUM_ALGO_ORDERS', 'maxNumAlgoOrders': 5}]",['SPOT'],EXPIRE_MAKER,"['EXPIRE_TAKER', 'EXPIRE_MAKER', 'EXPIRE_BOTH']",0.00100000,0.00100000,10000.00000000,0.01000000,0.01000000,90000.00000000,1.00000000
94,SOLUSD4,BREAK,SOL,8,USD4,4,4,8,4,"['LIMIT', 'LIMIT_MAKER', 'MARKET', 'STOP_LOSS_LIMIT', 'TAKE_PROFIT_LIMIT']",True,True,True,True,True,True,False,"[{'filterType': 'PRICE_FILTER', 'minPrice': '0.0001', 'maxPrice': '1000.0000', 'tickSize': '0.0001'}, {'filterType': 'PERCENT_PRICE', 'multiplierUp': '5', 'multiplierDown': '0.2', 'avgPriceMins': 5}, {'filterType': 'LOT_SIZE', 'minQty': '0.01000000', 'maxQty': '900000.00000000', 'stepSize': '0.01000000'}, {'filterType': 'MIN_NOTIONAL', 'minNotional': '10.0000', 'applyToMarket': True, 'avgPriceMins': 5}, {'filterType': 'ICEBERG_PARTS', 'limit': 10}, {'filterType': 'MARKET_LOT_SIZE', 'minQty': '0.00000000', 'maxQty': '5053.15706393', 'stepSize': '0.00000000'}, {'filterType': 'TRAILING_DELTA', 'minTrailingAboveDelta': 10, 'maxTrailingAboveDelta': 2000, 'minTrailingBelowDelta': 10, 'maxTrailingBelowDelta': 2000}, {'filterType': 'MAX_NUM_ORDERS', 'maxNumOrders': 200}, {'filterType': 'MAX_NUM_ALGO_ORDERS', 'maxNumAlgoOrders': 5}]",['SPOT'],EXPIRE_MAKER,"['EXPIRE_TAKER', 'EXPIRE_MAKER', 'EXPIRE_BOTH']",0.0001,0.0001,1000.0000,0.01000000,0.01000000,900000.00000000,10.0000
95,SOLUSDT,TRADING,SOL,8,USDT,8,8,8,8,"['LIMIT', 'LIMIT_MAKER', 'MARKET', 'STOP_LOSS_LIMIT', 'TAKE_PROFIT_LIMIT']",True,True,True,True,True,True,False,"[{'filterType': 'PRICE_FILTER', 'minPrice': '0.01000000', 'maxPrice': '10000.00000000', 'tickSize': '0.01000000'}, {'filterType': 'PERCENT_PRICE', 'multiplierUp': '5', 'multiplierDown': '0.2', 'avgPriceMins': 5}, {'filterType': 'LOT_SIZE', 'minQty': '0.00100000', 'maxQty': '90000.00000000', 'stepSize': '0.00100000'}, {'filterType': 'MIN_NOTIONAL', 'minNotional': '1.00000000', 'applyToMarket': True, 'avgPriceMins': 5}, {'filterType': 'ICEBERG_PARTS', 'limit': 10}, {'filterType': 'MARKET_LOT_SIZE', 'minQty': '0.00000000', 'maxQty': '2111.34681171', 'stepSize': '0.00000000'}, {'filterType': 'TRAILING_DELTA', 'minTrailingAboveDelta': 10, 'maxTrailingAboveDelta': 2000, 'minTrailingBelowDelta': 10, 'maxTrailingBelowDelta': 2000}, {'filterType': 'PERCENT_PRICE_BY_SIDE', 'bidMultiplierUp': '1.25', 'bidMultiplierDown': '0.2', 'askMultiplierUp': '5', 'askMultiplierDown': '0.75', 'avgPriceMins': 5}, {'filterType': 'MAX_NUM_ORDERS', 'maxNumOrders': 200}, {'filterType': 'MAX_NUM_ALGO_ORDERS', 'maxNumAlgoOrders': 5}]",['SPOT'],EXPIRE_MAKER,"['EXPIRE_TAKER', 'EXPIRE_MAKER', 'EXPIRE_BOTH']",0.01000000,0.01000000,10000.00000000,0.00100000,0.00100000,90000.00000000,1.00000000
96,LINKBTC,BREAK,LINK,8,BTC,8,8,8,8,"['LIMIT', 'LIMIT_MAKER', 'MARKET', 'STOP_LOSS_LIMIT', 'TAKE_PROFIT_LIMIT']",True,True,True,True,True,True,False,"[{'filterType': 'PRICE_FILTER', 'minPrice': '0.00000010', 'maxPrice': '1000.00000000', 'tickSize': '0.00000010'}, {'filterType': 'PERCENT_PRICE', 'multiplierUp': '5', 'multiplierDown': '0.2', 'avgPriceMins': 5}, {'filterType': 'LOT_SIZE', 'minQty': '0.01000000', 'maxQty': '90000000.00000000', 'stepSize': '0.01000000'}, {'filterType': 'MIN_NOTIONAL', 'minNotional': '0.00010000', 'applyToMarket': True, 'avgPriceMins': 5}, {'filterType': 'ICEBERG_PARTS', 'limit': 10}, {'filterType': 'MARKET_LOT_SIZE', 'minQty': '0.00000000', 'maxQty': '456.28993288', 'stepSize': '0.00000000'}, {'filterType': 'TRAILING_DELTA', 'minTrailingAboveDelta': 10, 'maxTrailingAboveDelta': 2000, 'minTrailingBelowDelta': 10, 'maxTrailingBelowDelta': 2000}, {'filterType': 'PERCENT_PRICE_BY_SIDE', 'bidMultiplierUp': '1.25', 'bidMultiplierDown': '0.2', 'askMultiplierUp': '5', 'askMultiplierDown': '0.75', 'avgPriceMins': 5}, {'filterType': 'MAX_NUM_ORDERS', 'maxNumOrders': 200}, {'filterType': 'MAX_NUM_ALGO_ORDERS', 'maxNumAlgoOrders': 5}]",['SPOT'],EXPIRE_MAKER,"['EXPIRE_TAKER', 'EXPIRE_MAKER', 'EXPIRE_BOTH']",0.00000010,0.00000010,1000.00000000,0.01000000,0.01000000,90000000.00000000,0.00010000
97,VETBTC,BREAK,VET,8,BTC,8,8,8,8,"['LIMIT', 'LIMIT_MAKER', 'MARKET', 'STOP_LOSS_LIMIT', 'TAKE_PROFIT_LIMIT']",True,True,True,True,True,True,False,"[{'filterType': 'PRICE_FILTER', 'minPrice': '0.00000001', 'maxPrice': '1000.00000000', 'tickSize': '0.00000001'}, {'filterType': 'PERCENT_PRICE', 'multiplierUp': '5', 'multiplierDown': '0.2', 'avgPriceMins': 5}, {'filterType': 'LOT_SIZE', 'minQty': '1.00000000', 'maxQty': '90000000.00000000', 'stepSize': '1.00000000'}, {'filterType': 'MIN_NOTIONAL', 'minNotional': '0.00010000', 'applyToMarket': True, 'avgPriceMins': 5}, {'filterType': 'ICEBERG_PARTS', 'limit': 10}, {'filterType': 'MARKET_LOT_SIZE', 'minQty': '0.00000000', 'maxQty': '5885613.40896456', 'stepSize': '0.00000000'}, {'filterType': 'TRAILING_DELTA', 'minTrailingAboveDelta': 10, 'maxTrailingAboveDelta': 2000, 'minTrailingBelowDelta': 10, 'maxTrailingBelowDelta': 2000}, {'filterType': 'MAX_NUM_ORDERS', 'maxNumOrders': 200}, {'filterType': 'MAX_NUM_ALGO_ORDERS', 'maxNumAlgoOrders': 5}]",['SPOT'],EXPIRE_MAKER,"['EXPIRE_TAKER', 'EXPIRE_MAKER', 'EXPIRE_BOTH']",0.00000001,0.00000001,1000.00000000,1.00000000,1.00000000,90000000.00000000,0.00010000
98,UNIBTC,BREAK,UNI,8,BTC,8,8,8,8,"['LIMIT', 'LIMIT_MAKER', 'MARKET', 'STOP_LOSS_LIMIT', 'TAKE_PROFIT_LIMIT']",True,True,True,True,True,True,False,"[{'filterType': 'PRICE_FILTER', 'minPrice': '0.00000010', 'maxPrice': '1000.00000000', 'tickSize': '0.00000010'}, {'filterType': 'PERCENT_PRICE', 'multiplierUp': '5', 'multiplierDown': '0.2', 'avgPriceMins': 5}, {'filterType': 'LOT_SIZE', 'minQty': '0.01000000', 'maxQty': '90000000.00000000', 'stepSize': '0.01000000'}, {'filterType': 'MIN_NOTIONAL', 'minNotional': '0.00010000', 'applyToMarket': True, 'avgPriceMins': 5}, {'filterType': 'ICEBERG_PARTS', 'limit': 10}, {'filterType': 'MARKET_LOT_SIZE', 'minQty': '0.00000000', 'maxQty': '14749.96076389', 'stepSize': '0.00000000'}, {'filterType': 'TRAILING_DELTA', 'minTrailingAboveDelta': 10, 'maxTrailingAboveDelta': 2000, 'minTrailingBelowDelta': 10, 'maxTrailingBelowDelta': 2000}, {'filterType': 'MAX_NUM_ORDERS', 'maxNumOrders': 200}, {'filterType': 'MAX_NUM_ALGO_ORDERS', 'maxNumAlgoOrders': 5}]",['SPOT'],EXPIRE_MAKER,"['EXPIRE_TAKER', 'EXPIRE_MAKER', 'EXPIRE_BOTH']",0.00000010,0.00000010,1000.00000000,0.01000000,0.01000000,90000000.00000000,0.00010000
99,EGLDUSDT,TRADING,EGLD,8,USDT,8,8,8,8,"['LIMIT', 'LIMIT_MAKER', 'MARKET', 'STOP_LOSS_LIMIT', 'TAKE_PROFIT_LIMIT']",True,True,True,True,True,True,False,"[{'filterType': 'PRICE_FILTER', 'minPrice': '0.01000000', 'maxPrice': '100000.00000000', 'tickSize': '0.01000000'}, {'filterType': 'PERCENT_PRICE', 'multiplierUp': '5', 'multiplierDown': '0.2', 'avgPriceMins': 5}, {'filterType': 'LOT_SIZE', 'minQty': '0.01000000', 'maxQty': '900000.00000000', 'stepSize': '0.01000000'}, {'filterType': 'MIN_NOTIONAL', 'minNotional': '1.00000000', 'applyToMarket': True, 'avgPriceMins': 5}, {'filterType': 'ICEBERG_PARTS', 'limit': 10}, {'filterType': 'MARKET_LOT_SIZE', 'minQty': '0.00000000', 'maxQty': '201.34585774', 'stepSize': '0.00000000'}, {'filterType': 'TRAILING_DELTA', 'minTrailingAboveDelta': 10, 'maxTrailingAboveDelta': 2000, 'minTrailingBelowDelta': 10, 'maxTrailingBelowDelta': 2000}, {'filterType': 'PERCENT_PRICE_BY_SIDE', 'bidMultiplierUp': '1.25', 'bidMultiplierDown': '0.2', 'askMultiplierUp': '5', 'askMultiplierDown': '0.75', 'avgPriceMins': 5}, {'filterType': 'MAX_NUM_ORDERS', 'maxNumOrders': 200}, {'filterType': 'MAX_NUM_ALGO_ORDERS', 'maxNumAlgoOrders': 5}]",['SPOT'],EXPIRE_MAKER,"['EXPIRE_TAKER', 'EXPIRE_MAKER', 'EXPIRE_BOTH']",0.01000000,0.01000000,100000.00000000,0.01000000,0.01000000,900000.00000000,1.00000000
100,EGLDUSD4,BREAK,EGLD,8,USD4,4,4,8,3,"['LIMIT', 'LIMIT_MAKER', 'MARKET', 'STOP_LOSS_LIMIT', 'TAKE_PROFIT_LIMIT']",True,True,True,True,True,True,False,"[{'filterType': 'PRICE_FILTER', 'minPrice': '0.0010', 'maxPrice': '10000.0000', 'tickSize': '0.0010'}, {'filterType': 'PERCENT_PRICE', 'multiplierUp': '5', 'multiplierDown': '0.2', 'avgPriceMins': 5}, {'filterType': 'LOT_SIZE', 'minQty': '0.00100000', 'maxQty': '900000.00000000', 'stepSize': '0.00100000'}, {'filterType': 'MIN_NOTIONAL', 'minNotional': '10.0000', 'applyToMarket': True, 'avgPriceMins': 5}, {'filterType': 'ICEBERG_PARTS', 'limit': 10}, {'filterType': 'MARKET_LOT_SIZE', 'minQty': '0.00000000', 'maxQty': '3151.13448646', 'stepSize': '0.00000000'}, {'filterType': 'TRAILING_DELTA', 'minTrailingAboveDelta': 10, 'maxTrailingAboveDelta': 2000, 'minTrailingBelowDelta': 10, 'maxTrailingBelowDelta': 2000}, {'filterType': 'MAX_NUM_ORDERS', 'maxNumOrders': 200}, {'filterType': 'MAX_NUM_ALGO_ORDERS', 'maxNumAlgoOrders': 5}]",['SPOT'],EXPIRE_MAKER,"['EXPIRE_TAKER', 'EXPIRE_MAKER', 'EXPIRE_BOTH']",0.0010,0.0010,10000.0000,0.00100000,0.00100000,900000.00000000,10.0000
101,PAXGUSDT,TRADING,PAXG,8,USDT,8,8,8,8,"['LIMIT', 'LIMIT_MAKER', 'MARKET', 'STOP_LOSS_LIMIT', 'TAKE_PROFIT_LIMIT']",True,True,True,True,True,True,False,"[{'filterType': 'PRICE_FILTER', 'minPrice': '0.01000000', 'maxPrice': '1000000.00000000', 'tickSize': '0.01000000'}, {'filterType': 'PERCENT_PRICE', 'multiplierUp': '5', 'multiplierDown': '0.2', 'avgPriceMins': 5}, {'filterType': 'LOT_SIZE', 'minQty': '0.00010000', 'maxQty': '9000.00000000', 'stepSize': '0.00010000'}, {'filterType': 'MIN_NOTIONAL', 'minNotional': '1.00000000', 'applyToMarket': True, 'avgPriceMins': 5}, {'filterType': 'ICEBERG_PARTS', 'limit': 10}, {'filterType': 'MARKET_LOT_SIZE', 'minQty': '0.00000000', 'maxQty': '5.15663723', 'stepSize': '0.00000000'}, {'filterType': 'TRAILING_DELTA', 'minTrailingAboveDelta': 10, 'maxTrailingAboveDelta': 2000, 'minTrailingBelowDelta': 10, 'maxTrailingBelowDelta': 2000}, {'filterType': 'PERCENT_PRICE_BY_SIDE', 'bidMultiplierUp': '1.25', 'bidMultiplierDown': '0.2', 'askMultiplierUp': '5', 'askMultiplierDown': '0.75', 'avgPriceMins': 5}, {'filterType': 'MAX_NUM_ORDERS', 'maxNumOrders': 200}, {'filterType': 'MAX_NUM_ALGO_ORDERS', 'maxNumAlgoOrders': 5}]",['SPOT'],EXPIRE_MAKER,"['EXPIRE_TAKER', 'EXPIRE_MAKER', 'EXPIRE_BOTH']",0.01000000,0.01000000,1000000.00000000,0.00010000,0.00010000,9000.00000000,1.00000000
102,PAXGUSD4,BREAK,PAXG,8,USD4,4,4,8,2,"['LIMIT', 'LIMIT_MAKER', 'MARKET', 'STOP_LOSS_LIMIT', 'TAKE_PROFIT_LIMIT']",True,True,True,True,True,True,False,"[{'filterType': 'PRICE_FILTER', 'minPrice': '0.0100', 'maxPrice': '1000000.0000', 'tickSize': '0.0100'}, {'filterType': 'PERCENT_PRICE', 'multiplierUp': '5', 'multiplierDown': '0.2', 'avgPriceMins': 5}, {'filterType': 'LOT_SIZE', 'minQty': '0.00000100', 'maxQty': '9000.00000000', 'stepSize': '0.00000100'}, {'filterType': 'MIN_NOTIONAL', 'minNotional': '10.0000', 'applyToMarket': True, 'avgPriceMins': 5}, {'filterType': 'ICEBERG_PARTS', 'limit': 10}, {'filterType': 'MARKET_LOT_SIZE', 'minQty': '0.00000000', 'maxQty': '64.75339461', 'stepSize': '0.00000000'}, {'filterType': 'TRAILING_DELTA', 'minTrailingAboveDelta': 10, 'maxTrailingAboveDelta': 2000, 'minTrailingBelowDelta': 10, 'maxTrailingBelowDelta': 2000}, {'filterType': 'MAX_NUM_ORDERS', 'maxNumOrders': 200}, {'filterType': 'MAX_NUM_ALGO_ORDERS', 'maxNumAlgoOrders': 5}]",['SPOT'],EXPIRE_MAKER,"['EXPIRE_TAKER', 'EXPIRE_MAKER', 'EXPIRE_BOTH']",0.0100,0.0100,1000000.0000,0.00000100,0.00000100,9000.00000000,10.0000
103,OXTUSDT,BREAK,OXT,8,USDT,8,8,8,8,"['LIMIT', 'LIMIT_MAKER', 'MARKET', 'STOP_LOSS_LIMIT', 'TAKE_PROFIT_LIMIT']",True,True,True,True,True,True,False,"[{'filterType': 'PRICE_FILTER', 'minPrice': '0.00010000', 'maxPrice': '1000.00000000', 'tickSize': '0.00010000'}, {'filterType': 'PERCENT_PRICE', 'multiplierUp': '5', 'multiplierDown': '0.2', 'avgPriceMins': 5}, {'filterType': 'LOT_SIZE', 'minQty': '1.00000000', 'maxQty': '900000.00000000', 'stepSize': '1.00000000'}, {'filterType': 'MIN_NOTIONAL', 'minNotional': '1.00000000', 'applyToMarket': True, 'avgPriceMins': 5}, {'filterType': 'ICEBERG_PARTS', 'limit': 10}, {'filterType': 'MARKET_LOT_SIZE', 'minQty': '0.00000000', 'maxQty': '31545.02479338', 'stepSize': '0.00000000'}, {'filterType': 'TRAILING_DELTA', 'minTrailingAboveDelta': 10, 'maxTrailingAboveDelta': 2000, 'minTrailingBelowDelta': 10, 'maxTrailingBelowDelta': 2000}, {'filterType': 'PERCENT_PRICE_BY_SIDE', 'bidMultiplierUp': '1.25', 'bidMultiplierDown': '0.2', 'askMultiplierUp': '5', 'askMultiplierDown': '0.75', 'avgPriceMins': 5}, {'filterType': 'MAX_NUM_ORDERS', 'maxNumOrders': 200}, {'filterType': 'MAX_NUM_ALGO_ORDERS', 'maxNumAlgoOrders': 5}]",['SPOT'],EXPIRE_MAKER,"['EXPIRE_TAKER', 'EXPIRE_MAKER', 'EXPIRE_BOTH']",0.00010000,0.00010000,1000.00000000,1.00000000,1.00000000,900000.00000000,1.00000000
104,OXTUSD4,BREAK,OXT,8,USD4,4,4,8,4,"['LIMIT', 'LIMIT_MAKER', 'MARKET', 'STOP_LOSS_LIMIT', 'TAKE_PROFIT_LIMIT']",True,True,True,True,True,True,False,"[{'filterType': 'PRICE_FILTER', 'minPrice': '0.0001', 'maxPrice': '1000.0000', 'tickSize': '0.0001'}, {'filterType': 'PERCENT_PRICE', 'multiplierUp': '5', 'multiplierDown': '0.2', 'avgPriceMins': 5}, {'filterType': 'LOT_SIZE', 'minQty': '0.01000000', 'maxQty': '900000.00000000', 'stepSize': '0.01000000'}, {'filterType': 'MIN_NOTIONAL', 'minNotional': '10.0000', 'applyToMarket': True, 'avgPriceMins': 5}, {'filterType': 'ICEBERG_PARTS', 'limit': 10}, {'filterType': 'MARKET_LOT_SIZE', 'minQty': '0.00000000', 'maxQty': '682136.82107366', 'stepSize': '0.00000000'}, {'filterType': 'TRAILING_DELTA', 'minTrailingAboveDelta': 10, 'maxTrailingAboveDelta': 2000, 'minTrailingBelowDelta': 10, 'maxTrailingBelowDelta': 2000}, {'filterType': 'MAX_NUM_ORDERS', 'maxNumOrders': 200}, {'filterType': 'MAX_NUM_ALGO_ORDERS', 'maxNumAlgoOrders': 5}]",['SPOT'],EXPIRE_MAKER,"['EXPIRE_TAKER', 'EXPIRE_MAKER', 'EXPIRE_BOTH']",0.0001,0.0001,1000.0000,0.01000000,0.01000000,900000.00000000,10.0000
105,ZENUSDT,TRADING,ZEN,8,USDT,8,8,8,8,"['LIMIT', 'LIMIT_MAKER', 'MARKET', 'STOP_LOSS_LIMIT', 'TAKE_PROFIT_LIMIT']",True,True,True,True,True,True,False,"[{'filterType': 'PRICE_FILTER', 'minPrice': '0.01000000', 'maxPrice': '100000.00000000', 'tickSize': '0.01000000'}, {'filterType': 'PERCENT_PRICE', 'multiplierUp': '5', 'multiplierDown': '0.2', 'avgPriceMins': 5}, {'filterType': 'LOT_SIZE', 'minQty': '0.01000000', 'maxQty': '900000.00000000', 'stepSize': '0.01000000'}, {'filterType': 'MIN_NOTIONAL', 'minNotional': '1.00000000', 'applyToMarket': True, 'avgPriceMins': 5}, {'filterType': 'ICEBERG_PARTS', 'limit': 10}, {'filterType': 'MARKET_LOT_SIZE', 'minQty': '0.00000000', 'maxQty': '1362.82669456', 'stepSize': '0.00000000'}, {'filterType': 'TRAILING_DELTA', 'minTrailingAboveDelta': 10, 'maxTrailingAboveDelta': 2000, 'minTrailingBelowDelta': 10, 'maxTrailingBelowDelta': 2000}, {'filterType': 'PERCENT_PRICE_BY_SIDE', 'bidMultiplierUp': '1.25', 'bidMultiplierDown': '0.2', 'askMultiplierUp': '5', 'askMultiplierDown': '0.75', 'avgPriceMins': 5}, {'filterType': 'MAX_NUM_ORDERS', 'maxNumOrders': 200}, {'filterType': 'MAX_NUM_ALGO_ORDERS', 'maxNumAlgoOrders': 5}]",['SPOT'],EXPIRE_MAKER,"['EXPIRE_TAKER', 'EXPIRE_MAKER', 'EXPIRE_BOTH']",0.01000000,0.01000000,100000.00000000,0.01000000,0.01000000,900000.00000000,1.00000000
106,ZENUSD4,BREAK,ZEN,8,USD4,4,4,8,3,"['LIMIT', 'LIMIT_MAKER', 'MARKET', 'STOP_LOSS_LIMIT', 'TAKE_PROFIT_LIMIT']",True,True,True,True,True,True,False,"[{'filterType': 'PRICE_FILTER', 'minPrice': '0.0010', 'maxPrice': '10000.0000', 'tickSize': '0.0010'}, {'filterType': 'PERCENT_PRICE', 'multiplierUp': '5', 'multiplierDown': '0.2', 'avgPriceMins': 5}, {'filterType': 'LOT_SIZE', 'minQty': '0.00100000', 'maxQty': '900000.00000000', 'stepSize': '0.00100000'}, {'filterType': 'MIN_NOTIONAL', 'minNotional': '10.0000', 'applyToMarket': True, 'avgPriceMins': 5}, {'filterType': 'ICEBERG_PARTS', 'limit': 10}, {'filterType': 'MARKET_LOT_SIZE', 'minQty': '0.00000000', 'maxQty': '3922.88797292', 'stepSize': '0.00000000'}, {'filterType': 'TRAILING_DELTA', 'minTrailingAboveDelta': 10, 'maxTrailingAboveDelta': 2000, 'minTrailingBelowDelta': 10, 'maxTrailingBelowDelta': 2000}, {'filterType': 'MAX_NUM_ORDERS', 'maxNumOrders': 200}, {'filterType': 'MAX_NUM_ALGO_ORDERS', 'maxNumAlgoOrders': 5}]",['SPOT'],EXPIRE_MAKER,"['EXPIRE_TAKER', 'EXPIRE_MAKER', 'EXPIRE_BOTH']",0.0010,0.0010,10000.0000,0.00100000,0.00100000,900000.00000000,10.0000
107,BTCUSDC,TRADING,BTC,8,USDC,8,8,8,8,"['LIMIT', 'LIMIT_MAKER', 'MARKET', 'STOP_LOSS_LIMIT', 'TAKE_PROFIT_LIMIT']",True,True,True,True,True,True,False,"[{'filterType': 'PRICE_FILTER', 'minPrice': '0.01000000', 'maxPrice': '1000000.00000000', 'tickSize': '0.01000000'}, {'filterType': 'PERCENT_PRICE', 'multiplierUp': '5', 'multiplierDown': '0.2', 'avgPriceMins': 5}, {'filterType': 'LOT_SIZE', 'minQty': '0.00001000', 'maxQty': '9000.00000000', 'stepSize': '0.00001000'}, {'filterType': 'MIN_NOTIONAL', 'minNotional': '1.00000000', 'applyToMarket': True, 'avgPriceMins': 5}, {'filterType': 'ICEBERG_PARTS', 'limit': 10}, {'filterType': 'MARKET_LOT_SIZE', 'minQty': '0.00000000', 'maxQty': '0.48124523', 'stepSize': '0.00000000'}, {'filterType': 'TRAILING_DELTA', 'minTrailingAboveDelta': 10, 'maxTrailingAboveDelta': 2000, 'minTrailingBelowDelta': 10, 'maxTrailingBelowDelta': 2000}, {'filterType': 'PERCENT_PRICE_BY_SIDE', 'bidMultiplierUp': '1.25', 'bidMultiplierDown': '0.2', 'askMultiplierUp': '5', 'askMultiplierDown': '0.75', 'avgPriceMins': 5}, {'filterType': 'MAX_NUM_ORDERS', 'maxNumOrders': 200}, {'filterType': 'MAX_NUM_ALGO_ORDERS', 'maxNumAlgoOrders': 5}]",['SPOT'],EXPIRE_MAKER,"['EXPIRE_TAKER', 'EXPIRE_MAKER', 'EXPIRE_BOTH']",0.01000000,0.01000000,1000000.00000000,0.00001000,0.00001000,9000.00000000,1.00000000
108,ONEBUSD,BREAK,ONE,8,BUSD,8,8,8,8,"['LIMIT', 'LIMIT_MAKER', 'MARKET', 'STOP_LOSS_LIMIT', 'TAKE_PROFIT_LIMIT']",True,True,True,True,True,True,False,"[{'filterType': 'PRICE_FILTER', 'minPrice': '0.00001000', 'maxPrice': '1000.00000000', 'tickSize': '0.00001000'}, {'filterType': 'PERCENT_PRICE', 'multiplierUp': '5', 'multiplierDown': '0.2', 'avgPriceMins': 5}, {'filterType': 'LOT_SIZE', 'minQty': '0.10000000', 'maxQty': '9000000.00000000', 'stepSize': '0.10000000'}, {'filterType': 'MIN_NOTIONAL', 'minNotional': '1.00000000', 'applyToMarket': True, 'avgPriceMins': 5}, {'filterType': 'ICEBERG_PARTS', 'limit': 10}, {'filterType': 'MARKET_LOT_SIZE', 'minQty': '0.00000000', 'maxQty': '786723.05524670', 'stepSize': '0.00000000'}, {'filterType': 'TRAILING_DELTA', 'minTrailingAboveDelta': 10, 'maxTrailingAboveDelta': 2000, 'minTrailingBelowDelta': 10, 'maxTrailingBelowDelta': 2000}, {'filterType': 'MAX_NUM_ORDERS', 'maxNumOrders': 200}, {'filterType': 'MAX_NUM_ALGO_ORDERS', 'maxNumAlgoOrders': 5}]",['SPOT'],EXPIRE_MAKER,"['EXPIRE_TAKER', 'EXPIRE_MAKER', 'EXPIRE_BOTH']",0.00001000,0.00001000,1000.00000000,0.10000000,0.10000000,9000000.00000000,1.00000000
109,FILUSDT,TRADING,FIL,8,USDT,8,8,8,8,"['LIMIT', 'LIMIT_MAKER', 'MARKET', 'STOP_LOSS_LIMIT', 'TAKE_PROFIT_LIMIT']",True,True,True,True,True,True,False,"[{'filterType': 'PRICE_FILTER', 'minPrice': '0.00100000', 'maxPrice': '10000.00000000', 'tickSize': '0.00100000'}, {'filterType': 'PERCENT_PRICE', 'multiplierUp': '5', 'multiplierDown': '0.2', 'avgPriceMins': 5}, {'filterType': 'LOT_SIZE', 'minQty': '0.01000000', 'maxQty': '9222449.00000000', 'stepSize': '0.01000000'}, {'filterType': 'MIN_NOTIONAL', 'minNotional': '1.00000000', 'applyToMarket': True, 'avgPriceMins': 5}, {'filterType': 'ICEBERG_PARTS', 'limit': 10}, {'filterType': 'MARKET_LOT_SIZE', 'minQty': '0.00000000', 'maxQty': '7898.54196652', 'stepSize': '0.00000000'}, {'filterType': 'TRAILING_DELTA', 'minTrailingAboveDelta': 10, 'maxTrailingAboveDelta': 2000, 'minTrailingBelowDelta': 10, 'maxTrailingBelowDelta': 2000}, {'filterType': 'PERCENT_PRICE_BY_SIDE', 'bidMultiplierUp': '1.25', 'bidMultiplierDown': '0.2', 'askMultiplierUp': '5', 'askMultiplierDown': '0.75', 'avgPriceMins': 5}, {'filterType': 'MAX_NUM_ORDERS', 'maxNumOrders': 200}, {'filterType': 'MAX_NUM_ALGO_ORDERS', 'maxNumAlgoOrders': 5}]",['SPOT'],EXPIRE_MAKER,"['EXPIRE_TAKER', 'EXPIRE_MAKER', 'EXPIRE_BOTH']",0.00100000,0.00100000,10000.00000000,0.01000000,0.01000000,9222449.00000000,1.00000000
110,FILUSD4,BREAK,FIL,8,USD4,4,4,8,2,"['LIMIT', 'LIMIT_MAKER', 'MARKET', 'STOP_LOSS_LIMIT', 'TAKE_PROFIT_LIMIT']",True,True,True,True,True,True,False,"[{'filterType': 'PRICE_FILTER', 'minPrice': '0.0100', 'maxPrice': '10000.0000', 'tickSize': '0.0100'}, {'filterType': 'PERCENT_PRICE', 'multiplierUp': '5', 'multiplierDown': '0.2', 'avgPriceMins': 5}, {'filterType': 'LOT_SIZE', 'minQty': '0.00010000', 'maxQty': '9222449.00000000', 'stepSize': '0.00010000'}, {'filterType': 'MIN_NOTIONAL', 'minNotional': '10.0000', 'applyToMarket': True, 'avgPriceMins': 5}, {'filterType': 'ICEBERG_PARTS', 'limit': 10}, {'filterType': 'MARKET_LOT_SIZE', 'minQty': '0.00000000', 'maxQty': '6149.96227773', 'stepSize': '0.00000000'}, {'filterType': 'TRAILING_DELTA', 'minTrailingAboveDelta': 10, 'maxTrailingAboveDelta': 2000, 'minTrailingBelowDelta': 10, 'maxTrailingBelowDelta': 2000}, {'filterType': 'MAX_NUM_ORDERS', 'maxNumOrders': 200}, {'filterType': 'MAX_NUM_ALGO_ORDERS', 'maxNumAlgoOrders': 5}]",['SPOT'],EXPIRE_MAKER,"['EXPIRE_TAKER', 'EXPIRE_MAKER', 'EXPIRE_BOTH']",0.0100,0.0100,10000.0000,0.00010000,0.00010000,9222449.00000000,10.0000
111,AAVEUSDT,TRADING,AAVE,8,USDT,8,8,8,8,"['LIMIT', 'LIMIT_MAKER', 'MARKET', 'STOP_LOSS_LIMIT', 'TAKE_PROFIT_LIMIT']",True,True,True,True,True,True,False,"[{'filterType': 'PRICE_FILTER', 'minPrice': '0.01000000', 'maxPrice': '100000.00000000', 'tickSize': '0.01000000'}, {'filterType': 'PERCENT_PRICE', 'multiplierUp': '5', 'multiplierDown': '0.2', 'avgPriceMins': 5}, {'filterType': 'LOT_SIZE', 'minQty': '0.00100000', 'maxQty': '900000.00000000', 'stepSize': '0.00100000'}, {'filterType': 'MIN_NOTIONAL', 'minNotional': '1.00000000', 'applyToMarket': True, 'avgPriceMins': 5}, {'filterType': 'ICEBERG_PARTS', 'limit': 10}, {'filterType': 'MARKET_LOT_SIZE', 'minQty': '0.00000000', 'maxQty': '143.62410041', 'stepSize': '0.00000000'}, {'filterType': 'TRAILING_DELTA', 'minTrailingAboveDelta': 10, 'maxTrailingAboveDelta': 2000, 'minTrailingBelowDelta': 10, 'maxTrailingBelowDelta': 2000}, {'filterType': 'PERCENT_PRICE_BY_SIDE', 'bidMultiplierUp': '1.25', 'bidMultiplierDown': '0.2', 'askMultiplierUp': '5', 'askMultiplierDown': '0.75', 'avgPriceMins': 5}, {'filterType': 'MAX_NUM_ORDERS', 'maxNumOrders': 200}, {'filterType': 'MAX_NUM_ALGO_ORDERS', 'maxNumAlgoOrders': 5}]",['SPOT'],EXPIRE_MAKER,"['EXPIRE_TAKER', 'EXPIRE_MAKER', 'EXPIRE_BOTH']",0.01000000,0.01000000,100000.00000000,0.00100000,0.00100000,900000.00000000,1.00000000
112,AAVEUSD4,BREAK,AAVE,8,USD4,4,4,8,2,"['LIMIT', 'LIMIT_MAKER', 'MARKET', 'STOP_LOSS_LIMIT', 'TAKE_PROFIT_LIMIT']",True,True,True,True,True,True,False,"[{'filterType': 'PRICE_FILTER', 'minPrice': '0.0100', 'maxPrice': '100000.0000', 'tickSize': '0.0100'}, {'filterType': 'PERCENT_PRICE', 'multiplierUp': '5', 'multiplierDown': '0.2', 'avgPriceMins': 5}, {'filterType': 'LOT_SIZE', 'minQty': '0.00010000', 'maxQty': '900000.00000000', 'stepSize': '0.00010000'}, {'filterType': 'MIN_NOTIONAL', 'minNotional': '10.0000', 'applyToMarket': True, 'avgPriceMins': 5}, {'filterType': 'ICEBERG_PARTS', 'limit': 10}, {'filterType': 'MARKET_LOT_SIZE', 'minQty': '0.00000000', 'maxQty': '1584.77607542', 'stepSize': '0.00000000'}, {'filterType': 'TRAILING_DELTA', 'minTrailingAboveDelta': 10, 'maxTrailingAboveDelta': 2000, 'minTrailingBelowDelta': 10, 'maxTrailingBelowDelta': 2000}, {'filterType': 'MAX_NUM_ORDERS', 'maxNumOrders': 200}, {'filterType': 'MAX_NUM_ALGO_ORDERS', 'maxNumAlgoOrders': 5}]",['SPOT'],EXPIRE_MAKER,"['EXPIRE_TAKER', 'EXPIRE_MAKER', 'EXPIRE_BOTH']",0.0100,0.0100,100000.0000,0.00010000,0.00010000,900000.00000000,10.0000
113,GRTUSDT,TRADING,GRT,8,USDT,8,8,8,8,"['LIMIT', 'LIMIT_MAKER', 'MARKET', 'STOP_LOSS_LIMIT', 'TAKE_PROFIT_LIMIT']",True,True,True,True,True,True,False,"[{'filterType': 'PRICE_FILTER', 'minPrice': '0.00010000', 'maxPrice': '1000.00000000', 'tickSize': '0.00010000'}, {'filterType': 'PERCENT_PRICE', 'multiplierUp': '5', 'multiplierDown': '0.2', 'avgPriceMins': 5}, {'filterType': 'LOT_SIZE', 'minQty': '1.00000000', 'maxQty': '900000.00000000', 'stepSize': '1.00000000'}, {'filterType': 'MIN_NOTIONAL', 'minNotional': '1.00000000', 'applyToMarket': True, 'avgPriceMins': 5}, {'filterType': 'ICEBERG_PARTS', 'limit': 10}, {'filterType': 'MARKET_LOT_SIZE', 'minQty': '0.00000000', 'maxQty': '133018.71548117', 'stepSize': '0.00000000'}, {'filterType': 'TRAILING_DELTA', 'minTrailingAboveDelta': 10, 'maxTrailingAboveDelta': 2000, 'minTrailingBelowDelta': 10, 'maxTrailingBelowDelta': 2000}, {'filterType': 'PERCENT_PRICE_BY_SIDE', 'bidMultiplierUp': '1.25', 'bidMultiplierDown': '0.2', 'askMultiplierUp': '5', 'askMultiplierDown': '0.75', 'avgPriceMins': 5}, {'filterType': 'MAX_NUM_ORDERS', 'maxNumOrders': 200}, {'filterType': 'MAX_NUM_ALGO_ORDERS', 'maxNumAlgoOrders': 5}]",['SPOT'],EXPIRE_MAKER,"['EXPIRE_TAKER', 'EXPIRE_MAKER', 'EXPIRE_BOTH']",0.00010000,0.00010000,1000.00000000,1.00000000,1.00000000,900000.00000000,1.00000000
114,GRTUSD4,BREAK,GRT,8,USD4,4,4,8,4,"['LIMIT', 'LIMIT_MAKER', 'MARKET', 'STOP_LOSS_LIMIT', 'TAKE_PROFIT_LIMIT']",True,True,True,True,True,True,False,"[{'filterType': 'PRICE_FILTER', 'minPrice': '0.0001', 'maxPrice': '1000.0000', 'tickSize': '0.0001'}, {'filterType': 'PERCENT_PRICE', 'multiplierUp': '5', 'multiplierDown': '0.2', 'avgPriceMins': 5}, {'filterType': 'LOT_SIZE', 'minQty': '0.01000000', 'maxQty': '900000.00000000', 'stepSize': '0.01000000'}, {'filterType': 'MIN_NOTIONAL', 'minNotional': '10.0000', 'applyToMarket': True, 'avgPriceMins': 5}, {'filterType': 'ICEBERG_PARTS', 'limit': 10}, {'filterType': 'MARKET_LOT_SIZE', 'minQty': '0.00000000', 'maxQty': '638136.67414871', 'stepSize': '0.00000000'}, {'filterType': 'TRAILING_DELTA', 'minTrailingAboveDelta': 10, 'maxTrailingAboveDelta': 2000, 'minTrailingBelowDelta': 10, 'maxTrailingBelowDelta': 2000}, {'filterType': 'MAX_NUM_ORDERS', 'maxNumOrders': 200}, {'filterType': 'MAX_NUM_ALGO_ORDERS', 'maxNumAlgoOrders': 5}]",['SPOT'],EXPIRE_MAKER,"['EXPIRE_TAKER', 'EXPIRE_MAKER', 'EXPIRE_BOTH']",0.0001,0.0001,1000.0000,0.01000000,0.01000000,900000.00000000,10.0000
115,SUSHIUSD4,BREAK,SUSHI,8,USD4,4,4,8,3,"['LIMIT', 'LIMIT_MAKER', 'MARKET', 'STOP_LOSS_LIMIT', 'TAKE_PROFIT_LIMIT']",True,True,True,True,True,True,False,"[{'filterType': 'PRICE_FILTER', 'minPrice': '0.0010', 'maxPrice': '10000.0000', 'tickSize': '0.0010'}, {'filterType': 'PERCENT_PRICE', 'multiplierUp': '5', 'multiplierDown': '0.2', 'avgPriceMins': 5}, {'filterType': 'LOT_SIZE', 'minQty': '0.00100000', 'maxQty': '90000.00000000', 'stepSize': '0.00100000'}, {'filterType': 'MIN_NOTIONAL', 'minNotional': '10.0000', 'applyToMarket': True, 'avgPriceMins': 5}, {'filterType': 'ICEBERG_PARTS', 'limit': 10}, {'filterType': 'MARKET_LOT_SIZE', 'minQty': '0.00000000', 'maxQty': '122718.05450208', 'stepSize': '0.00000000'}, {'filterType': 'TRAILING_DELTA', 'minTrailingAboveDelta': 10, 'maxTrailingAboveDelta': 2000, 'minTrailingBelowDelta': 10, 'maxTrailingBelowDelta': 2000}, {'filterType': 'MAX_NUM_ORDERS', 'maxNumOrders': 200}, {'filterType': 'MAX_NUM_ALGO_ORDERS', 'maxNumAlgoOrders': 5}]",['SPOT'],EXPIRE_MAKER,"['EXPIRE_TAKER', 'EXPIRE_MAKER', 'EXPIRE_BOTH']",0.0010,0.0010,10000.0000,0.00100000,0.00100000,90000.00000000,10.0000
116,ANKRUSD4,BREAK,ANKR,8,USD4,4,4,8,4,"['LIMIT', 'LIMIT_MAKER', 'MARKET', 'STOP_LOSS_LIMIT', 'TAKE_PROFIT_LIMIT']",True,True,True,True,True,True,False,"[{'filterType': 'PRICE_FILTER', 'minPrice': '0.0001', 'maxPrice': '1000.0000', 'tickSize': '0.0001'}, {'filterType': 'PERCENT_PRICE', 'multiplierUp': '5', 'multiplierDown': '0.2', 'avgPriceMins': 5}, {'filterType': 'LOT_SIZE', 'minQty': '0.10000000', 'maxQty': '9000000.00000000', 'stepSize': '0.10000000'}, {'filterType': 'MIN_NOTIONAL', 'minNotional': '10.0000', 'applyToMarket': True, 'avgPriceMins': 5}, {'filterType': 'ICEBERG_PARTS', 'limit': 10}, {'filterType': 'MARKET_LOT_SIZE', 'minQty': '0.00000000', 'maxQty': '4075695.89444058', 'stepSize': '0.00000000'}, {'filterType': 'TRAILING_DELTA', 'minTrailingAboveDelta': 10, 'maxTrailingAboveDelta': 2000, 'minTrailingBelowDelta': 10, 'maxTrailingBelowDelta': 2000}, {'filterType': 'MAX_NUM_ORDERS', 'maxNumOrders': 200}, {'filterType': 'MAX_NUM_ALGO_ORDERS', 'maxNumAlgoOrders': 5}]",['SPOT'],EXPIRE_MAKER,"['EXPIRE_TAKER', 'EXPIRE_MAKER', 'EXPIRE_BOTH']",0.0001,0.0001,1000.0000,0.10000000,0.10000000,9000000.00000000,10.0000
117,AMPUSD,BREAK,AMP,8,USD4,4,4,8,4,"['LIMIT', 'LIMIT_MAKER', 'MARKET', 'STOP_LOSS_LIMIT', 'TAKE_PROFIT_LIMIT']",True,True,True,True,True,True,False,"[{'filterType': 'PRICE_FILTER', 'minPrice': '0.0001', 'maxPrice': '1000.0000', 'tickSize': '0.0001'}, {'filterType': 'PERCENT_PRICE', 'multiplierUp': '5', 'multiplierDown': '0.2', 'avgPriceMins': 5}, {'filterType': 'LOT_SIZE', 'minQty': '0.10000000', 'maxQty': '9000000.00000000', 'stepSize': '0.10000000'}, {'filterType': 'MIN_NOTIONAL', 'minNotional': '10.0000', 'applyToMarket': True, 'avgPriceMins': 5}, {'filterType': 'ICEBERG_PARTS', 'limit': 10}, {'filterType': 'MARKET_LOT_SIZE', 'minQty': '0.00000000', 'maxQty': '9222449.00000000', 'stepSize': '0.00000000'}, {'filterType': 'TRAILING_DELTA', 'minTrailingAboveDelta': 10, 'maxTrailingAboveDelta': 2000, 'minTrailingBelowDelta': 10, 'maxTrailingBelowDelta': 2000}, {'filterType': 'MAX_NUM_ORDERS', 'maxNumOrders': 200}, {'filterType': 'MAX_NUM_ALGO_ORDERS', 'maxNumAlgoOrders': 5}]",['SPOT'],EXPIRE_MAKER,"['EXPIRE_TAKER', 'EXPIRE_MAKER', 'EXPIRE_BOTH']",0.0001,0.0001,1000.0000,0.10000000,0.10000000,9000000.00000000,10.0000
118,SHIBUSDT,TRADING,SHIB,2,USDT,8,8,2,8,"['LIMIT', 'LIMIT_MAKER', 'MARKET', 'STOP_LOSS_LIMIT', 'TAKE_PROFIT_LIMIT']",True,True,True,True,True,True,False,"[{'filterType': 'PRICE_FILTER', 'minPrice': '0.00000001', 'maxPrice': '1.00000000', 'tickSize': '0.00000001'}, {'filterType': 'PERCENT_PRICE', 'multiplierUp': '5', 'multiplierDown': '0.2', 'avgPriceMins': 5}, {'filterType': 'LOT_SIZE', 'minQty': '1.00', 'maxQty': '46116860414.00', 'stepSize': '1.00'}, {'filterType': 'MIN_NOTIONAL', 'minNotional': '1.00000000', 'applyToMarket': True, 'avgPriceMins': 5}, {'filterType': 'ICEBERG_PARTS', 'limit': 10}, {'filterType': 'MARKET_LOT_SIZE', 'minQty': '0.00', 'maxQty': '3399648474.84', 'stepSize': '0.00'}, {'filterType': 'TRAILING_DELTA', 'minTrailingAboveDelta': 10, 'maxTrailingAboveDelta': 2000, 'minTrailingBelowDelta': 10, 'maxTrailingBelowDelta': 2000}, {'filterType': 'PERCENT_PRICE_BY_SIDE', 'bidMultiplierUp': '1.25', 'bidMultiplierDown': '0.2', 'askMultiplierUp': '5', 'askMultiplierDown': '0.75', 'avgPriceMins': 5}, {'filterType': 'MAX_NUM_ORDERS', 'maxNumOrders': 200}, {'filterType': 'MAX_NUM_ALGO_ORDERS', 'maxNumAlgoOrders': 5}]",['SPOT'],EXPIRE_MAKER,"['EXPIRE_TAKER', 'EXPIRE_MAKER', 'EXPIRE_BOTH']",0.00000001,0.00000001,1.00000000,1.00,1.00,46116860414.00,1.00000000
119,SHIBBUSD,BREAK,SHIB,2,BUSD,8,8,2,8,"['LIMIT', 'LIMIT_MAKER', 'MARKET', 'STOP_LOSS_LIMIT', 'TAKE_PROFIT_LIMIT']",True,True,True,True,True,True,False,"[{'filterType': 'PRICE_FILTER', 'minPrice': '0.00000001', 'maxPrice': '1.00000000', 'tickSize': '0.00000001'}, {'filterType': 'PERCENT_PRICE', 'multiplierUp': '5', 'multiplierDown': '0.2', 'avgPriceMins': 5}, {'filterType': 'LOT_SIZE', 'minQty': '1.00', 'maxQty': '46116860414.00', 'stepSize': '1.00'}, {'filterType': 'MIN_NOTIONAL', 'minNotional': '1.00000000', 'applyToMarket': True, 'avgPriceMins': 5}, {'filterType': 'ICEBERG_PARTS', 'limit': 10}, {'filterType': 'MARKET_LOT_SIZE', 'minQty': '0.00', 'maxQty': '46116860414.00', 'stepSize': '0.00'}, {'filterType': 'TRAILING_DELTA', 'minTrailingAboveDelta': 10, 'maxTrailingAboveDelta': 2000, 'minTrailingBelowDelta': 10, 'maxTrailingBelowDelta': 2000}, {'filterType': 'MAX_NUM_ORDERS', 'maxNumOrders': 200}, {'filterType': 'MAX_NUM_ALGO_ORDERS', 'maxNumAlgoOrders': 5}]",['SPOT'],EXPIRE_MAKER,"['EXPIRE_TAKER', 'EXPIRE_MAKER', 'EXPIRE_BOTH']",0.00000001,0.00000001,1.00000000,1.00,1.00,46116860414.00,1.00000000
120,CRVUSDT,TRADING,CRV,8,USDT,8,8,8,8,"['LIMIT', 'LIMIT_MAKER', 'MARKET', 'STOP_LOSS_LIMIT', 'TAKE_PROFIT_LIMIT']",True,True,True,True,True,True,False,"[{'filterType': 'PRICE_FILTER', 'minPrice': '0.00010000', 'maxPrice': '10000.00000000', 'tickSize': '0.00010000'}, {'filterType': 'PERCENT_PRICE', 'multiplierUp': '5', 'multiplierDown': '0.2', 'avgPriceMins': 5}, {'filterType': 'LOT_SIZE', 'minQty': '0.10000000', 'maxQty': '922327.00000000', 'stepSize': '0.10000000'}, {'filterType': 'MIN_NOTIONAL', 'minNotional': '1.00000000', 'applyToMarket': True, 'avgPriceMins': 5}, {'filterType': 'ICEBERG_PARTS', 'limit': 10}, {'filterType': 'MARKET_LOT_SIZE', 'minQty': '0.00000000', 'maxQty': '23517.78912133', 'stepSize': '0.00000000'}, {'filterType': 'TRAILING_DELTA', 'minTrailingAboveDelta': 10, 'maxTrailingAboveDelta': 2000, 'minTrailingBelowDelta': 10, 'maxTrailingBelowDelta': 2000}, {'filterType': 'PERCENT_PRICE_BY_SIDE', 'bidMultiplierUp': '1.25', 'bidMultiplierDown': '0.2', 'askMultiplierUp': '5', 'askMultiplierDown': '0.75', 'avgPriceMins': 5}, {'filterType': 'MAX_NUM_ORDERS', 'maxNumOrders': 200}, {'filterType': 'MAX_NUM_ALGO_ORDERS', 'maxNumAlgoOrders': 5}]",['SPOT'],EXPIRE_MAKER,"['EXPIRE_TAKER', 'EXPIRE_MAKER', 'EXPIRE_BOTH']",0.00010000,0.00010000,10000.00000000,0.10000000,0.10000000,922327.00000000,1.00000000
121,CRVUSD4,BREAK,CRV,8,USD4,4,4,8,3,"['LIMIT', 'LIMIT_MAKER', 'MARKET', 'STOP_LOSS_LIMIT', 'TAKE_PROFIT_LIMIT']",True,True,True,True,True,True,False,"[{'filterType': 'PRICE_FILTER', 'minPrice': '0.0010', 'maxPrice': '10000.0000', 'tickSize': '0.0010'}, {'filterType': 'PERCENT_PRICE', 'multiplierUp': '5', 'multiplierDown': '0.2', 'avgPriceMins': 5}, {'filterType': 'LOT_SIZE', 'minQty': '0.10000000', 'maxQty': '922327.00000000', 'stepSize': '0.10000000'}, {'filterType': 'MIN_NOTIONAL', 'minNotional': '10.0000', 'applyToMarket': True, 'avgPriceMins': 5}, {'filterType': 'ICEBERG_PARTS', 'limit': 10}, {'filterType': 'MARKET_LOT_SIZE', 'minQty': '0.00000000', 'maxQty': '191361.34013889', 'stepSize': '0.00000000'}, {'filterType': 'TRAILING_DELTA', 'minTrailingAboveDelta': 10, 'maxTrailingAboveDelta': 2000, 'minTrailingBelowDelta': 10, 'maxTrailingBelowDelta': 2000}, {'filterType': 'MAX_NUM_ORDERS', 'maxNumOrders': 200}, {'filterType': 'MAX_NUM_ALGO_ORDERS', 'maxNumAlgoOrders': 5}]",['SPOT'],EXPIRE_MAKER,"['EXPIRE_TAKER', 'EXPIRE_MAKER', 'EXPIRE_BOTH']",0.0010,0.0010,10000.0000,0.10000000,0.10000000,922327.00000000,10.0000
122,AXSUSDT,TRADING,AXS,8,USDT,8,8,8,8,"['LIMIT', 'LIMIT_MAKER', 'MARKET', 'STOP_LOSS_LIMIT', 'TAKE_PROFIT_LIMIT']",True,True,True,True,True,True,False,"[{'filterType': 'PRICE_FILTER', 'minPrice': '0.00100000', 'maxPrice': '1000.00000000', 'tickSize': '0.00100000'}, {'filterType': 'PERCENT_PRICE', 'multiplierUp': '5', 'multiplierDown': '0.2', 'avgPriceMins': 5}, {'filterType': 'LOT_SIZE', 'minQty': '0.01000000', 'maxQty': '900000.00000000', 'stepSize': '0.01000000'}, {'filterType': 'MIN_NOTIONAL', 'minNotional': '1.00000000', 'applyToMarket': True, 'avgPriceMins': 5}, {'filterType': 'ICEBERG_PARTS', 'limit': 10}, {'filterType': 'MARKET_LOT_SIZE', 'minQty': '0.00000000', 'maxQty': '186.41640167', 'stepSize': '0.00000000'}, {'filterType': 'TRAILING_DELTA', 'minTrailingAboveDelta': 10, 'maxTrailingAboveDelta': 2000, 'minTrailingBelowDelta': 10, 'maxTrailingBelowDelta': 2000}, {'filterType': 'PERCENT_PRICE_BY_SIDE', 'bidMultiplierUp': '1.25', 'bidMultiplierDown': '0.2', 'askMultiplierUp': '5', 'askMultiplierDown': '0.75', 'avgPriceMins': 5}, {'filterType': 'MAX_NUM_ORDERS', 'maxNumOrders': 200}, {'filterType': 'MAX_NUM_ALGO_ORDERS', 'maxNumAlgoOrders': 5}]",['SPOT'],EXPIRE_MAKER,"['EXPIRE_TAKER', 'EXPIRE_MAKER', 'EXPIRE_BOTH']",0.00100000,0.00100000,1000.00000000,0.01000000,0.01000000,900000.00000000,1.00000000
123,AXSUSD4,BREAK,AXS,8,USD4,4,4,8,2,"['LIMIT', 'LIMIT_MAKER', 'MARKET', 'STOP_LOSS_LIMIT', 'TAKE_PROFIT_LIMIT']",True,True,True,True,True,True,False,"[{'filterType': 'PRICE_FILTER', 'minPrice': '0.0100', 'maxPrice': '1000.0000', 'tickSize': '0.0100'}, {'filterType': 'PERCENT_PRICE', 'multiplierUp': '5', 'multiplierDown': '0.2', 'avgPriceMins': 5}, {'filterType': 'LOT_SIZE', 'minQty': '0.01000000', 'maxQty': '900000.00000000', 'stepSize': '0.01000000'}, {'filterType': 'MIN_NOTIONAL', 'minNotional': '10.0000', 'applyToMarket': True, 'avgPriceMins': 5}, {'filterType': 'ICEBERG_PARTS', 'limit': 10}, {'filterType': 'MARKET_LOT_SIZE', 'minQty': '0.00000000', 'maxQty': '3434.86926736', 'stepSize': '0.00000000'}, {'filterType': 'TRAILING_DELTA', 'minTrailingAboveDelta': 10, 'maxTrailingAboveDelta': 2000, 'minTrailingBelowDelta': 10, 'maxTrailingBelowDelta': 2000}, {'filterType': 'MAX_NUM_ORDERS', 'maxNumOrders': 200}, {'filterType': 'MAX_NUM_ALGO_ORDERS', 'maxNumAlgoOrders': 5}]",['SPOT'],EXPIRE_MAKER,"['EXPIRE_TAKER', 'EXPIRE_MAKER', 'EXPIRE_BOTH']",0.0100,0.0100,1000.0000,0.01000000,0.01000000,900000.00000000,10.0000
124,SOLBTC,TRADING,SOL,8,BTC,8,8,8,8,"['LIMIT', 'LIMIT_MAKER', 'MARKET', 'STOP_LOSS_LIMIT', 'TAKE_PROFIT_LIMIT']",True,True,True,True,True,True,False,"[{'filterType': 'PRICE_FILTER', 'minPrice': '0.00000010', 'maxPrice': '1000.00000000', 'tickSize': '0.00000010'}, {'filterType': 'PERCENT_PRICE', 'multiplierUp': '5', 'multiplierDown': '0.2', 'avgPriceMins': 5}, {'filterType': 'LOT_SIZE', 'minQty': '0.01000000', 'maxQty': '90000000.00000000', 'stepSize': '0.01000000'}, {'filterType': 'MIN_NOTIONAL', 'minNotional': '0.00010000', 'applyToMarket': True, 'avgPriceMins': 5}, {'filterType': 'ICEBERG_PARTS', 'limit': 10}, {'filterType': 'MARKET_LOT_SIZE', 'minQty': '0.00000000', 'maxQty': '751.53397489', 'stepSize': '0.00000000'}, {'filterType': 'TRAILING_DELTA', 'minTrailingAboveDelta': 10, 'maxTrailingAboveDelta': 2000, 'minTrailingBelowDelta': 10, 'maxTrailingBelowDelta': 2000}, {'filterType': 'PERCENT_PRICE_BY_SIDE', 'bidMultiplierUp': '1.25', 'bidMultiplierDown': '0.2', 'askMultiplierUp': '5', 'askMultiplierDown': '0.75', 'avgPriceMins': 5}, {'filterType': 'MAX_NUM_ORDERS', 'maxNumOrders': 200}, {'filterType': 'MAX_NUM_ALGO_ORDERS', 'maxNumAlgoOrders': 5}]",['SPOT'],EXPIRE_MAKER,"['EXPIRE_TAKER', 'EXPIRE_MAKER', 'EXPIRE_BOTH']",0.00000010,0.00000010,1000.00000000,0.01000000,0.01000000,90000000.00000000,0.00010000
125,AVAXUSDT,TRADING,AVAX,8,USDT,8,8,8,8,"['LIMIT', 'LIMIT_MAKER', 'MARKET', 'STOP_LOSS_LIMIT', 'TAKE_PROFIT_LIMIT']",True,True,True,True,True,True,False,"[{'filterType': 'PRICE_FILTER', 'minPrice': '0.01000000', 'maxPrice': '10000.00000000', 'tickSize': '0.01000000'}, {'filterType': 'PERCENT_PRICE', 'multiplierUp': '5', 'multiplierDown': '0.2', 'avgPriceMins': 5}, {'filterType': 'LOT_SIZE', 'minQty': '0.01000000', 'maxQty': '90000.00000000', 'stepSize': '0.01000000'}, {'filterType': 'MIN_NOTIONAL', 'minNotional': '1.00000000', 'applyToMarket': True, 'avgPriceMins': 5}, {'filterType': 'ICEBERG_PARTS', 'limit': 10}, {'filterType': 'MARKET_LOT_SIZE', 'minQty': '0.00000000', 'maxQty': '1310.04271966', 'stepSize': '0.00000000'}, {'filterType': 'TRAILING_DELTA', 'minTrailingAboveDelta': 10, 'maxTrailingAboveDelta': 2000, 'minTrailingBelowDelta': 10, 'maxTrailingBelowDelta': 2000}, {'filterType': 'PERCENT_PRICE_BY_SIDE', 'bidMultiplierUp': '1.25', 'bidMultiplierDown': '0.2', 'askMultiplierUp': '5', 'askMultiplierDown': '0.75', 'avgPriceMins': 5}, {'filterType': 'MAX_NUM_ORDERS', 'maxNumOrders': 200}, {'filterType': 'MAX_NUM_ALGO_ORDERS', 'maxNumAlgoOrders': 5}]",['SPOT'],EXPIRE_MAKER,"['EXPIRE_TAKER', 'EXPIRE_MAKER', 'EXPIRE_BOTH']",0.01000000,0.01000000,10000.00000000,0.01000000,0.01000000,90000.00000000,1.00000000
126,AVAXUSD4,BREAK,AVAX,8,USD4,4,4,8,2,"['LIMIT', 'LIMIT_MAKER', 'MARKET', 'STOP_LOSS_LIMIT', 'TAKE_PROFIT_LIMIT']",True,True,True,True,True,True,False,"[{'filterType': 'PRICE_FILTER', 'minPrice': '0.0100', 'maxPrice': '10000.0000', 'tickSize': '0.0100'}, {'filterType': 'PERCENT_PRICE', 'multiplierUp': '5', 'multiplierDown': '0.2', 'avgPriceMins': 5}, {'filterType': 'LOT_SIZE', 'minQty': '0.01000000', 'maxQty': '90000.00000000', 'stepSize': '0.01000000'}, {'filterType': 'MIN_NOTIONAL', 'minNotional': '10.0000', 'applyToMarket': True, 'avgPriceMins': 5}, {'filterType': 'ICEBERG_PARTS', 'limit': 10}, {'filterType': 'MARKET_LOT_SIZE', 'minQty': '0.00000000', 'maxQty': '10692.24099375', 'stepSize': '0.00000000'}, {'filterType': 'TRAILING_DELTA', 'minTrailingAboveDelta': 10, 'maxTrailingAboveDelta': 2000, 'minTrailingBelowDelta': 10, 'maxTrailingBelowDelta': 2000}, {'filterType': 'MAX_NUM_ORDERS', 'maxNumOrders': 200}, {'filterType': 'MAX_NUM_ALGO_ORDERS', 'maxNumAlgoOrders': 5}]",['SPOT'],EXPIRE_MAKER,"['EXPIRE_TAKER', 'EXPIRE_MAKER', 'EXPIRE_BOTH']",0.0100,0.0100,10000.0000,0.01000000,0.01000000,90000.00000000,10.0000
127,CTSIUSDT,TRADING,CTSI,8,USDT,8,8,8,8,"['LIMIT', 'LIMIT_MAKER', 'MARKET', 'STOP_LOSS_LIMIT', 'TAKE_PROFIT_LIMIT']",True,True,True,True,True,True,False,"[{'filterType': 'PRICE_FILTER', 'minPrice': '0.00001000', 'maxPrice': '1000.00000000', 'tickSize': '0.00001000'}, {'filterType': 'PERCENT_PRICE', 'multiplierUp': '5', 'multiplierDown': '0.2', 'avgPriceMins': 5}, {'filterType': 'LOT_SIZE', 'minQty': '1.00000000', 'maxQty': '9000000.00000000', 'stepSize': '1.00000000'}, {'filterType': 'MIN_NOTIONAL', 'minNotional': '1.00000000', 'applyToMarket': True, 'avgPriceMins': 5}, {'filterType': 'ICEBERG_PARTS', 'limit': 10}, {'filterType': 'MARKET_LOT_SIZE', 'minQty': '0.00000000', 'maxQty': '5682.82008368', 'stepSize': '0.00000000'}, {'filterType': 'TRAILING_DELTA', 'minTrailingAboveDelta': 10, 'maxTrailingAboveDelta': 2000, 'minTrailingBelowDelta': 10, 'maxTrailingBelowDelta': 2000}, {'filterType': 'PERCENT_PRICE_BY_SIDE', 'bidMultiplierUp': '1.25', 'bidMultiplierDown': '0.2', 'askMultiplierUp': '5', 'askMultiplierDown': '0.75', 'avgPriceMins': 5}, {'filterType': 'MAX_NUM_ORDERS', 'maxNumOrders': 200}, {'filterType': 'MAX_NUM_ALGO_ORDERS', 'maxNumAlgoOrders': 5}]",['SPOT'],EXPIRE_MAKER,"['EXPIRE_TAKER', 'EXPIRE_MAKER', 'EXPIRE_BOTH']",0.00001000,0.00001000,1000.00000000,1.00000000,1.00000000,9000000.00000000,1.00000000
128,CTSIUSD4,BREAK,CTSI,8,USD4,4,4,8,4,"['LIMIT', 'LIMIT_MAKER', 'MARKET', 'STOP_LOSS_LIMIT', 'TAKE_PROFIT_LIMIT']",True,True,True,True,True,True,False,"[{'filterType': 'PRICE_FILTER', 'minPrice': '0.0001', 'maxPrice': '1000.0000', 'tickSize': '0.0001'}, {'filterType': 'PERCENT_PRICE', 'multiplierUp': '5', 'multiplierDown': '0.2', 'avgPriceMins': 5}, {'filterType': 'LOT_SIZE', 'minQty': '1.00000000', 'maxQty': '9000000.00000000', 'stepSize': '1.00000000'}, {'filterType': 'MIN_NOTIONAL', 'minNotional': '10.0000', 'applyToMarket': True, 'avgPriceMins': 5}, {'filterType': 'ICEBERG_PARTS', 'limit': 10}, {'filterType': 'MARKET_LOT_SIZE', 'minQty': '0.00000000', 'maxQty': '297335.32592078', 'stepSize': '0.00000000'}, {'filterType': 'TRAILING_DELTA', 'minTrailingAboveDelta': 10, 'maxTrailingAboveDelta': 2000, 'minTrailingBelowDelta': 10, 'maxTrailingBelowDelta': 2000}, {'filterType': 'MAX_NUM_ORDERS', 'maxNumOrders': 200}, {'filterType': 'MAX_NUM_ALGO_ORDERS', 'maxNumAlgoOrders': 5}]",['SPOT'],EXPIRE_MAKER,"['EXPIRE_TAKER', 'EXPIRE_MAKER', 'EXPIRE_BOTH']",0.0001,0.0001,1000.0000,1.00000000,1.00000000,9000000.00000000,10.0000
129,DOTUSDT,TRADING,DOT,8,USDT,8,8,8,8,"['LIMIT', 'LIMIT_MAKER', 'MARKET', 'STOP_LOSS_LIMIT', 'TAKE_PROFIT_LIMIT']",True,True,True,True,True,True,False,"[{'filterType': 'PRICE_FILTER', 'minPrice': '0.00100000', 'maxPrice': '10000.00000000', 'tickSize': '0.00100000'}, {'filterType': 'PERCENT_PRICE', 'multiplierUp': '5', 'multiplierDown': '0.2', 'avgPriceMins': 5}, {'filterType': 'LOT_SIZE', 'minQty': '0.01000000', 'maxQty': '90000.00000000', 'stepSize': '0.01000000'}, {'filterType': 'MIN_NOTIONAL', 'minNotional': '1.00000000', 'applyToMarket': True, 'avgPriceMins': 5}, {'filterType': 'ICEBERG_PARTS', 'limit': 10}, {'filterType': 'MARKET_LOT_SIZE', 'minQty': '0.00000000', 'maxQty': '5362.17924686', 'stepSize': '0.00000000'}, {'filterType': 'TRAILING_DELTA', 'minTrailingAboveDelta': 10, 'maxTrailingAboveDelta': 2000, 'minTrailingBelowDelta': 10, 'maxTrailingBelowDelta': 2000}, {'filterType': 'PERCENT_PRICE_BY_SIDE', 'bidMultiplierUp': '1.25', 'bidMultiplierDown': '0.2', 'askMultiplierUp': '5', 'askMultiplierDown': '0.75', 'avgPriceMins': 5}, {'filterType': 'MAX_NUM_ORDERS', 'maxNumOrders': 200}, {'filterType': 'MAX_NUM_ALGO_ORDERS', 'maxNumAlgoOrders': 5}]",['SPOT'],EXPIRE_MAKER,"['EXPIRE_TAKER', 'EXPIRE_MAKER', 'EXPIRE_BOTH']",0.00100000,0.00100000,10000.00000000,0.01000000,0.01000000,90000.00000000,1.00000000
130,DOTUSD4,BREAK,DOT,8,USD4,4,4,8,2,"['LIMIT', 'LIMIT_MAKER', 'MARKET', 'STOP_LOSS_LIMIT', 'TAKE_PROFIT_LIMIT']",True,True,True,True,True,True,False,"[{'filterType': 'PRICE_FILTER', 'minPrice': '0.0100', 'maxPrice': '10000.0000', 'tickSize': '0.0100'}, {'filterType': 'PERCENT_PRICE', 'multiplierUp': '5', 'multiplierDown': '0.2', 'avgPriceMins': 5}, {'filterType': 'LOT_SIZE', 'minQty': '0.01000000', 'maxQty': '90000.00000000', 'stepSize': '0.01000000'}, {'filterType': 'MIN_NOTIONAL', 'minNotional': '10.0000', 'applyToMarket': True, 'avgPriceMins': 5}, {'filterType': 'ICEBERG_PARTS', 'limit': 10}, {'filterType': 'MARKET_LOT_SIZE', 'minQty': '0.00000000', 'maxQty': '40710.69671181', 'stepSize': '0.00000000'}, {'filterType': 'TRAILING_DELTA', 'minTrailingAboveDelta': 10, 'maxTrailingAboveDelta': 2000, 'minTrailingBelowDelta': 10, 'maxTrailingBelowDelta': 2000}, {'filterType': 'MAX_NUM_ORDERS', 'maxNumOrders': 200}, {'filterType': 'MAX_NUM_ALGO_ORDERS', 'maxNumAlgoOrders': 5}]",['SPOT'],EXPIRE_MAKER,"['EXPIRE_TAKER', 'EXPIRE_MAKER', 'EXPIRE_BOTH']",0.0100,0.0100,10000.0000,0.01000000,0.01000000,90000.00000000,10.0000
131,YFIUSDT,TRADING,YFI,8,USDT,8,8,8,8,"['LIMIT', 'LIMIT_MAKER', 'MARKET', 'STOP_LOSS_LIMIT', 'TAKE_PROFIT_LIMIT']",True,True,True,True,True,True,False,"[{'filterType': 'PRICE_FILTER', 'minPrice': '1.00000000', 'maxPrice': '1000000.00000000', 'tickSize': '1.00000000'}, {'filterType': 'PERCENT_PRICE', 'multiplierUp': '5', 'multiplierDown': '0.2', 'avgPriceMins': 5}, {'filterType': 'LOT_SIZE', 'minQty': '0.00001000', 'maxQty': '9000.00000000', 'stepSize': '0.00001000'}, {'filterType': 'MIN_NOTIONAL', 'minNotional': '1.00000000', 'applyToMarket': True, 'avgPriceMins': 5}, {'filterType': 'ICEBERG_PARTS', 'limit': 10}, {'filterType': 'MARKET_LOT_SIZE', 'minQty': '0.00000000', 'maxQty': '1.91249163', 'stepSize': '0.00000000'}, {'filterType': 'TRAILING_DELTA', 'minTrailingAboveDelta': 10, 'maxTrailingAboveDelta': 2000, 'minTrailingBelowDelta': 10, 'maxTrailingBelowDelta': 2000}, {'filterType': 'PERCENT_PRICE_BY_SIDE', 'bidMultiplierUp': '1.25', 'bidMultiplierDown': '0.2', 'askMultiplierUp': '5', 'askMultiplierDown': '0.75', 'avgPriceMins': 5}, {'filterType': 'MAX_NUM_ORDERS', 'maxNumOrders': 200}, {'filterType': 'MAX_NUM_ALGO_ORDERS', 'maxNumAlgoOrders': 5}]",['SPOT'],EXPIRE_MAKER,"['EXPIRE_TAKER', 'EXPIRE_MAKER', 'EXPIRE_BOTH']",1.00000000,1.00000000,1000000.00000000,0.00001000,0.00001000,9000.00000000,1.00000000
132,YFIUSD4,BREAK,YFI,8,USD4,4,4,8,2,"['LIMIT', 'LIMIT_MAKER', 'MARKET', 'STOP_LOSS_LIMIT', 'TAKE_PROFIT_LIMIT']",True,True,True,True,True,True,False,"[{'filterType': 'PRICE_FILTER', 'minPrice': '0.0100', 'maxPrice': '1000000.0000', 'tickSize': '0.0100'}, {'filterType': 'PERCENT_PRICE', 'multiplierUp': '5', 'multiplierDown': '0.2', 'avgPriceMins': 5}, {'filterType': 'LOT_SIZE', 'minQty': '0.00001000', 'maxQty': '9000.00000000', 'stepSize': '0.00001000'}, {'filterType': 'MIN_NOTIONAL', 'minNotional': '10.0000', 'applyToMarket': True, 'avgPriceMins': 5}, {'filterType': 'ICEBERG_PARTS', 'limit': 10}, {'filterType': 'MARKET_LOT_SIZE', 'minQty': '0.00000000', 'maxQty': '13.13710975', 'stepSize': '0.00000000'}, {'filterType': 'TRAILING_DELTA', 'minTrailingAboveDelta': 10, 'maxTrailingAboveDelta': 2000, 'minTrailingBelowDelta': 10, 'maxTrailingBelowDelta': 2000}, {'filterType': 'MAX_NUM_ORDERS', 'maxNumOrders': 200}, {'filterType': 'MAX_NUM_ALGO_ORDERS', 'maxNumAlgoOrders': 5}]",['SPOT'],EXPIRE_MAKER,"['EXPIRE_TAKER', 'EXPIRE_MAKER', 'EXPIRE_BOTH']",0.0100,0.0100,1000000.0000,0.00001000,0.00001000,9000.00000000,10.0000
133,1INCHUSDT,TRADING,1INCH,8,USDT,8,8,8,8,"['LIMIT', 'LIMIT_MAKER', 'MARKET', 'STOP_LOSS_LIMIT', 'TAKE_PROFIT_LIMIT']",True,True,True,True,True,True,False,"[{'filterType': 'PRICE_FILTER', 'minPrice': '0.00010000', 'maxPrice': '1000.00000000', 'tickSize': '0.00010000'}, {'filterType': 'PERCENT_PRICE', 'multiplierUp': '5', 'multiplierDown': '0.2', 'avgPriceMins': 5}, {'filterType': 'LOT_SIZE', 'minQty': '0.10000000', 'maxQty': '900000.00000000', 'stepSize': '0.10000000'}, {'filterType': 'MIN_NOTIONAL', 'minNotional': '1.00000000', 'applyToMarket': True, 'avgPriceMins': 5}, {'filterType': 'ICEBERG_PARTS', 'limit': 10}, {'filterType': 'MARKET_LOT_SIZE', 'minQty': '0.00000000', 'maxQty': '5674.76820083', 'stepSize': '0.00000000'}, {'filterType': 'TRAILING_DELTA', 'minTrailingAboveDelta': 10, 'maxTrailingAboveDelta': 2000, 'minTrailingBelowDelta': 10, 'maxTrailingBelowDelta': 2000}, {'filterType': 'PERCENT_PRICE_BY_SIDE', 'bidMultiplierUp': '1.25', 'bidMultiplierDown': '0.2', 'askMultiplierUp': '5', 'askMultiplierDown': '0.75', 'avgPriceMins': 5}, {'filterType': 'MAX_NUM_ORDERS', 'maxNumOrders': 200}, {'filterType': 'MAX_NUM_ALGO_ORDERS', 'maxNumAlgoOrders': 5}]",['SPOT'],EXPIRE_MAKER,"['EXPIRE_TAKER', 'EXPIRE_MAKER', 'EXPIRE_BOTH']",0.00010000,0.00010000,1000.00000000,0.10000000,0.10000000,900000.00000000,1.00000000
134,1INCHUSD4,BREAK,1INCH,8,USD4,4,4,8,3,"['LIMIT', 'LIMIT_MAKER', 'MARKET', 'STOP_LOSS_LIMIT', 'TAKE_PROFIT_LIMIT']",True,True,True,True,True,True,False,"[{'filterType': 'PRICE_FILTER', 'minPrice': '0.0010', 'maxPrice': '1000.0000', 'tickSize': '0.0010'}, {'filterType': 'PERCENT_PRICE', 'multiplierUp': '5', 'multiplierDown': '0.2', 'avgPriceMins': 5}, {'filterType': 'LOT_SIZE', 'minQty': '0.10000000', 'maxQty': '900000.00000000', 'stepSize': '0.10000000'}, {'filterType': 'MIN_NOTIONAL', 'minNotional': '10.0000', 'applyToMarket': True, 'avgPriceMins': 5}, {'filterType': 'ICEBERG_PARTS', 'limit': 10}, {'filterType': 'MARKET_LOT_SIZE', 'minQty': '0.00000000', 'maxQty': '67278.23193190', 'stepSize': '0.00000000'}, {'filterType': 'TRAILING_DELTA', 'minTrailingAboveDelta': 10, 'maxTrailingAboveDelta': 2000, 'minTrailingBelowDelta': 10, 'maxTrailingBelowDelta': 2000}, {'filterType': 'MAX_NUM_ORDERS', 'maxNumOrders': 200}, {'filterType': 'MAX_NUM_ALGO_ORDERS', 'maxNumAlgoOrders': 5}]",['SPOT'],EXPIRE_MAKER,"['EXPIRE_TAKER', 'EXPIRE_MAKER', 'EXPIRE_BOTH']",0.0010,0.0010,1000.0000,0.10000000,0.10000000,900000.00000000,10.0000
135,FTMUSDT,BREAK,FTM,8,USDT,8,8,8,8,"['LIMIT', 'LIMIT_MAKER', 'MARKET', 'STOP_LOSS_LIMIT', 'TAKE_PROFIT_LIMIT']",True,True,True,True,True,True,False,"[{'filterType': 'PRICE_FILTER', 'minPrice': '0.00010000', 'maxPrice': '1000.00000000', 'tickSize': '0.00010000'}, {'filterType': 'PERCENT_PRICE', 'multiplierUp': '5', 'multiplierDown': '0.2', 'avgPriceMins': 5}, {'filterType': 'LOT_SIZE', 'minQty': '1.00000000', 'maxQty': '9000000.00000000', 'stepSize': '1.00000000'}, {'filterType': 'MIN_NOTIONAL', 'minNotional': '1.00000000', 'applyToMarket': True, 'avgPriceMins': 5}, {'filterType': 'ICEBERG_PARTS', 'limit': 10}, {'filterType': 'MARKET_LOT_SIZE', 'minQty': '0.00000000', 'maxQty': '6717.95867768', 'stepSize': '0.00000000'}, {'filterType': 'TRAILING_DELTA', 'minTrailingAboveDelta': 10, 'maxTrailingAboveDelta': 2000, 'minTrailingBelowDelta': 10, 'maxTrailingBelowDelta': 2000}, {'filterType': 'PERCENT_PRICE_BY_SIDE', 'bidMultiplierUp': '1.25', 'bidMultiplierDown': '0.2', 'askMultiplierUp': '5', 'askMultiplierDown': '0.75', 'avgPriceMins': 5}, {'filterType': 'MAX_NUM_ORDERS', 'maxNumOrders': 200}, {'filterType': 'MAX_NUM_ALGO_ORDERS', 'maxNumAlgoOrders': 5}]",['SPOT'],EXPIRE_MAKER,"['EXPIRE_TAKER', 'EXPIRE_MAKER', 'EXPIRE_BOTH']",0.00010000,0.00010000,1000.00000000,1.00000000,1.00000000,9000000.00000000,1.00000000
136,FTMUSD4,BREAK,FTM,8,USD4,4,4,8,4,"['LIMIT', 'LIMIT_MAKER', 'MARKET', 'STOP_LOSS_LIMIT', 'TAKE_PROFIT_LIMIT']",True,True,True,True,True,True,False,"[{'filterType': 'PRICE_FILTER', 'minPrice': '0.0001', 'maxPrice': '1000.0000', 'tickSize': '0.0001'}, {'filterType': 'PERCENT_PRICE', 'multiplierUp': '5', 'multiplierDown': '0.2', 'avgPriceMins': 5}, {'filterType': 'LOT_SIZE', 'minQty': '1.00000000', 'maxQty': '9000000.00000000', 'stepSize': '1.00000000'}, {'filterType': 'MIN_NOTIONAL', 'minNotional': '10.0000', 'applyToMarket': True, 'avgPriceMins': 5}, {'filterType': 'ICEBERG_PARTS', 'limit': 10}, {'filterType': 'MARKET_LOT_SIZE', 'minQty': '0.00000000', 'maxQty': '365811.70048645', 'stepSize': '0.00000000'}, {'filterType': 'TRAILING_DELTA', 'minTrailingAboveDelta': 10, 'maxTrailingAboveDelta': 2000, 'minTrailingBelowDelta': 10, 'maxTrailingBelowDelta': 2000}, {'filterType': 'MAX_NUM_ORDERS', 'maxNumOrders': 200}, {'filterType': 'MAX_NUM_ALGO_ORDERS', 'maxNumAlgoOrders': 5}]",['SPOT'],EXPIRE_MAKER,"['EXPIRE_TAKER', 'EXPIRE_MAKER', 'EXPIRE_BOTH']",0.0001,0.0001,1000.0000,1.00000000,1.00000000,9000000.00000000,10.0000
137,USDCUSDT,TRADING,USDC,8,USDT,8,8,8,8,"['LIMIT', 'LIMIT_MAKER', 'MARKET', 'STOP_LOSS_LIMIT', 'TAKE_PROFIT_LIMIT']",True,True,True,True,True,True,False,"[{'filterType': 'PRICE_FILTER', 'minPrice': '0.00001000', 'maxPrice': '1000.00000000', 'tickSize': '0.00001000'}, {'filterType': 'PERCENT_PRICE', 'multiplierUp': '1.2', 'multiplierDown': '0.8', 'avgPriceMins': 5}, {'filterType': 'LOT_SIZE', 'minQty': '1.00000000', 'maxQty': '9000000.00000000', 'stepSize': '1.00000000'}, {'filterType': 'MIN_NOTIONAL', 'minNotional': '1.00000000', 'applyToMarket': True, 'avgPriceMins': 5}, {'filterType': 'ICEBERG_PARTS', 'limit': 10}, {'filterType': 'MARKET_LOT_SIZE', 'minQty': '0.00000000', 'maxQty': '47064.82008368', 'stepSize': '0.00000000'}, {'filterType': 'TRAILING_DELTA', 'minTrailingAboveDelta': 10, 'maxTrailingAboveDelta': 2000, 'minTrailingBelowDelta': 10, 'maxTrailingBelowDelta': 2000}, {'filterType': 'PERCENT_PRICE_BY_SIDE', 'bidMultiplierUp': '1.05', 'bidMultiplierDown': '0.2', 'askMultiplierUp': '5', 'askMultiplierDown': '0.95', 'avgPriceMins': 5}, {'filterType': 'MAX_NUM_ORDERS', 'maxNumOrders': 200}, {'filterType': 'MAX_NUM_ALGO_ORDERS', 'maxNumAlgoOrders': 5}]",['SPOT'],EXPIRE_MAKER,"['EXPIRE_TAKER', 'EXPIRE_MAKER', 'EXPIRE_BOTH']",0.00001000,0.00001000,1000.00000000,1.00000000,1.00000000,9000000.00000000,1.00000000
138,ETHUSDC,TRADING,ETH,8,USDC,8,8,8,8,"['LIMIT', 'LIMIT_MAKER', 'MARKET', 'STOP_LOSS_LIMIT', 'TAKE_PROFIT_LIMIT']",True,True,True,True,True,True,False,"[{'filterType': 'PRICE_FILTER', 'minPrice': '0.01000000', 'maxPrice': '100000.00000000', 'tickSize': '0.01000000'}, {'filterType': 'PERCENT_PRICE', 'multiplierUp': '5', 'multiplierDown': '0.2', 'avgPriceMins': 5}, {'filterType': 'LOT_SIZE', 'minQty': '0.00010000', 'maxQty': '90000.00000000', 'stepSize': '0.00010000'}, {'filterType': 'MIN_NOTIONAL', 'minNotional': '1.00000000', 'applyToMarket': True, 'avgPriceMins': 5}, {'filterType': 'ICEBERG_PARTS', 'limit': 10}, {'filterType': 'MARKET_LOT_SIZE', 'minQty': '0.00000000', 'maxQty': '6.41713682', 'stepSize': '0.00000000'}, {'filterType': 'TRAILING_DELTA', 'minTrailingAboveDelta': 10, 'maxTrailingAboveDelta': 2000, 'minTrailingBelowDelta': 10, 'maxTrailingBelowDelta': 2000}, {'filterType': 'PERCENT_PRICE_BY_SIDE', 'bidMultiplierUp': '1.25', 'bidMultiplierDown': '0.2', 'askMultiplierUp': '5', 'askMultiplierDown': '0.75', 'avgPriceMins': 5}, {'filterType': 'MAX_NUM_ORDERS', 'maxNumOrders': 200}, {'filterType': 'MAX_NUM_ALGO_ORDERS', 'maxNumAlgoOrders': 5}]",['SPOT'],EXPIRE_MAKER,"['EXPIRE_TAKER', 'EXPIRE_MAKER', 'EXPIRE_BOTH']",0.01000000,0.01000000,100000.00000000,0.00010000,0.00010000,90000.00000000,1.00000000
139,USDCBUSD,BREAK,USDC,8,BUSD,8,8,8,8,"['LIMIT', 'LIMIT_MAKER', 'MARKET', 'STOP_LOSS_LIMIT', 'TAKE_PROFIT_LIMIT']",True,True,True,True,True,True,False,"[{'filterType': 'PRICE_FILTER', 'minPrice': '0.00010000', 'maxPrice': '1000.00000000', 'tickSize': '0.00010000'}, {'filterType': 'PERCENT_PRICE', 'multiplierUp': '1.2', 'multiplierDown': '0.8', 'avgPriceMins': 5}, {'filterType': 'LOT_SIZE', 'minQty': '0.01000000', 'maxQty': '9000000.00000000', 'stepSize': '0.01000000'}, {'filterType': 'MIN_NOTIONAL', 'minNotional': '1.00000000', 'applyToMarket': True, 'avgPriceMins': 5}, {'filterType': 'ICEBERG_PARTS', 'limit': 10}, {'filterType': 'MARKET_LOT_SIZE', 'minQty': '0.00000000', 'maxQty': '913751.12184851', 'stepSize': '0.00000000'}, {'filterType': 'TRAILING_DELTA', 'minTrailingAboveDelta': 10, 'maxTrailingAboveDelta': 2000, 'minTrailingBelowDelta': 10, 'maxTrailingBelowDelta': 2000}, {'filterType': 'MAX_NUM_ORDERS', 'maxNumOrders': 200}, {'filterType': 'MAX_NUM_ALGO_ORDERS', 'maxNumAlgoOrders': 5}]",['SPOT'],EXPIRE_MAKER,"['EXPIRE_TAKER', 'EXPIRE_MAKER', 'EXPIRE_BOTH']",0.00010000,0.00010000,1000.00000000,0.01000000,0.01000000,9000000.00000000,1.00000000
140,MATICUSDT,BREAK,MATIC,8,USDT,8,8,8,8,"['LIMIT', 'LIMIT_MAKER', 'MARKET', 'STOP_LOSS_LIMIT', 'TAKE_PROFIT_LIMIT']",True,True,True,True,True,True,False,"[{'filterType': 'PRICE_FILTER', 'minPrice': '0.00010000', 'maxPrice': '1000.00000000', 'tickSize': '0.00010000'}, {'filterType': 'PERCENT_PRICE', 'multiplierUp': '5', 'multiplierDown': '0.2', 'avgPriceMins': 5}, {'filterType': 'LOT_SIZE', 'minQty': '0.10000000', 'maxQty': '9000000.00000000', 'stepSize': '0.10000000'}, {'filterType': 'MIN_NOTIONAL', 'minNotional': '1.00000000', 'applyToMarket': True, 'avgPriceMins': 5}, {'filterType': 'ICEBERG_PARTS', 'limit': 10}, {'filterType': 'MARKET_LOT_SIZE', 'minQty': '0.00000000', 'maxQty': '40305.99166666', 'stepSize': '0.00000000'}, {'filterType': 'TRAILING_DELTA', 'minTrailingAboveDelta': 10, 'maxTrailingAboveDelta': 2000, 'minTrailingBelowDelta': 10, 'maxTrailingBelowDelta': 2000}, {'filterType': 'PERCENT_PRICE_BY_SIDE', 'bidMultiplierUp': '1.25', 'bidMultiplierDown': '0.2', 'askMultiplierUp': '5', 'askMultiplierDown': '0.75', 'avgPriceMins': 5}, {'filterType': 'MAX_NUM_ORDERS', 'maxNumOrders': 200}, {'filterType': 'MAX_NUM_ALGO_ORDERS', 'maxNumAlgoOrders': 5}]",['SPOT'],EXPIRE_MAKER,"['EXPIRE_TAKER', 'EXPIRE_MAKER', 'EXPIRE_BOTH']",0.00010000,0.00010000,1000.00000000,0.10000000,0.10000000,9000000.00000000,1.00000000
141,MANAUSDT,TRADING,MANA,8,USDT,8,8,8,8,"['LIMIT', 'LIMIT_MAKER', 'MARKET', 'STOP_LOSS_LIMIT', 'TAKE_PROFIT_LIMIT']",True,True,True,True,True,True,False,"[{'filterType': 'PRICE_FILTER', 'minPrice': '0.00010000', 'maxPrice': '1000.00000000', 'tickSize': '0.00010000'}, {'filterType': 'PERCENT_PRICE', 'multiplierUp': '5', 'multiplierDown': '0.2', 'avgPriceMins': 5}, {'filterType': 'LOT_SIZE', 'minQty': '1.00000000', 'maxQty': '900000.00000000', 'stepSize': '1.00000000'}, {'filterType': 'MIN_NOTIONAL', 'minNotional': '1.00000000', 'applyToMarket': True, 'avgPriceMins': 5}, {'filterType': 'ICEBERG_PARTS', 'limit': 10}, {'filterType': 'MARKET_LOT_SIZE', 'minQty': '0.00000000', 'maxQty': '30302.98326359', 'stepSize': '0.00000000'}, {'filterType': 'TRAILING_DELTA', 'minTrailingAboveDelta': 10, 'maxTrailingAboveDelta': 2000, 'minTrailingBelowDelta': 10, 'maxTrailingBelowDelta': 2000}, {'filterType': 'PERCENT_PRICE_BY_SIDE', 'bidMultiplierUp': '1.25', 'bidMultiplierDown': '0.2', 'askMultiplierUp': '5', 'askMultiplierDown': '0.75', 'avgPriceMins': 5}, {'filterType': 'MAX_NUM_ORDERS', 'maxNumOrders': 200}, {'filterType': 'MAX_NUM_ALGO_ORDERS', 'maxNumAlgoOrders': 5}]",['SPOT'],EXPIRE_MAKER,"['EXPIRE_TAKER', 'EXPIRE_MAKER', 'EXPIRE_BOTH']",0.00010000,0.00010000,1000.00000000,1.00000000,1.00000000,900000.00000000,1.00000000
142,MANABUSD,BREAK,MANA,8,BUSD,8,8,8,8,"['LIMIT', 'LIMIT_MAKER', 'MARKET', 'STOP_LOSS_LIMIT', 'TAKE_PROFIT_LIMIT']",True,True,True,True,True,True,False,"[{'filterType': 'PRICE_FILTER', 'minPrice': '0.00010000', 'maxPrice': '1000.00000000', 'tickSize': '0.00010000'}, {'filterType': 'PERCENT_PRICE', 'multiplierUp': '5', 'multiplierDown': '0.2', 'avgPriceMins': 5}, {'filterType': 'LOT_SIZE', 'minQty': '1.00000000', 'maxQty': '900000.00000000', 'stepSize': '1.00000000'}, {'filterType': 'MIN_NOTIONAL', 'minNotional': '1.00000000', 'applyToMarket': True, 'avgPriceMins': 5}, {'filterType': 'ICEBERG_PARTS', 'limit': 10}, {'filterType': 'MARKET_LOT_SIZE', 'minQty': '0.00000000', 'maxQty': '219905.74930555', 'stepSize': '0.00000000'}, {'filterType': 'TRAILING_DELTA', 'minTrailingAboveDelta': 10, 'maxTrailingAboveDelta': 2000, 'minTrailingBelowDelta': 10, 'maxTrailingBelowDelta': 2000}, {'filterType': 'MAX_NUM_ORDERS', 'maxNumOrders': 200}, {'filterType': 'MAX_NUM_ALGO_ORDERS', 'maxNumAlgoOrders': 5}]",['SPOT'],EXPIRE_MAKER,"['EXPIRE_TAKER', 'EXPIRE_MAKER', 'EXPIRE_BOTH']",0.00010000,0.00010000,1000.00000000,1.00000000,1.00000000,900000.00000000,1.00000000
143,ALGOUSDT,TRADING,ALGO,8,USDT,8,8,8,8,"['LIMIT', 'LIMIT_MAKER', 'MARKET', 'STOP_LOSS_LIMIT', 'TAKE_PROFIT_LIMIT']",True,True,True,True,True,True,False,"[{'filterType': 'PRICE_FILTER', 'minPrice': '0.00010000', 'maxPrice': '100000.00000000', 'tickSize': '0.00010000'}, {'filterType': 'PERCENT_PRICE', 'multiplierUp': '5', 'multiplierDown': '0.2', 'avgPriceMins': 5}, {'filterType': 'LOT_SIZE', 'minQty': '1.00000000', 'maxQty': '922327.00000000', 'stepSize': '1.00000000'}, {'filterType': 'MIN_NOTIONAL', 'minNotional': '1.00000000', 'applyToMarket': True, 'avgPriceMins': 5}, {'filterType': 'ICEBERG_PARTS', 'limit': 10}, {'filterType': 'MARKET_LOT_SIZE', 'minQty': '0.00000000', 'maxQty': '132305.42259414', 'stepSize': '0.00000000'}, {'filterType': 'TRAILING_DELTA', 'minTrailingAboveDelta': 10, 'maxTrailingAboveDelta': 2000, 'minTrailingBelowDelta': 10, 'maxTrailingBelowDelta': 2000}, {'filterType': 'PERCENT_PRICE_BY_SIDE', 'bidMultiplierUp': '1.25', 'bidMultiplierDown': '0.2', 'askMultiplierUp': '5', 'askMultiplierDown': '0.75', 'avgPriceMins': 5}, {'filterType': 'MAX_NUM_ORDERS', 'maxNumOrders': 200}, {'filterType': 'MAX_NUM_ALGO_ORDERS', 'maxNumAlgoOrders': 5}]",['SPOT'],EXPIRE_MAKER,"['EXPIRE_TAKER', 'EXPIRE_MAKER', 'EXPIRE_BOTH']",0.00010000,0.00010000,100000.00000000,1.00000000,1.00000000,922327.00000000,1.00000000
144,ADABUSD,BREAK,ADA,8,BUSD,8,8,8,8,"['LIMIT', 'LIMIT_MAKER', 'MARKET', 'STOP_LOSS_LIMIT', 'TAKE_PROFIT_LIMIT']",True,True,True,True,True,True,False,"[{'filterType': 'PRICE_FILTER', 'minPrice': '0.00010000', 'maxPrice': '1000.00000000', 'tickSize': '0.00010000'}, {'filterType': 'PERCENT_PRICE', 'multiplierUp': '5', 'multiplierDown': '0.2', 'avgPriceMins': 5}, {'filterType': 'LOT_SIZE', 'minQty': '0.10000000', 'maxQty': '900000.00000000', 'stepSize': '0.10000000'}, {'filterType': 'MIN_NOTIONAL', 'minNotional': '1.00000000', 'applyToMarket': True, 'avgPriceMins': 5}, {'filterType': 'ICEBERG_PARTS', 'limit': 10}, {'filterType': 'MARKET_LOT_SIZE', 'minQty': '0.00000000', 'maxQty': '1141186.88813888', 'stepSize': '0.00000000'}, {'filterType': 'TRAILING_DELTA', 'minTrailingAboveDelta': 10, 'maxTrailingAboveDelta': 2000, 'minTrailingBelowDelta': 10, 'maxTrailingBelowDelta': 2000}, {'filterType': 'MAX_NUM_ORDERS', 'maxNumOrders': 200}, {'filterType': 'MAX_NUM_ALGO_ORDERS', 'maxNumAlgoOrders': 5}]",['SPOT'],EXPIRE_MAKER,"['EXPIRE_TAKER', 'EXPIRE_MAKER', 'EXPIRE_BOTH']",0.00010000,0.00010000,1000.00000000,0.10000000,0.10000000,900000.00000000,1.00000000
145,SOLBUSD,BREAK,SOL,8,BUSD,8,8,8,8,"['LIMIT', 'LIMIT_MAKER', 'MARKET', 'STOP_LOSS_LIMIT', 'TAKE_PROFIT_LIMIT']",True,True,True,True,True,True,False,"[{'filterType': 'PRICE_FILTER', 'minPrice': '0.01000000', 'maxPrice': '10000.00000000', 'tickSize': '0.01000000'}, {'filterType': 'PERCENT_PRICE', 'multiplierUp': '5', 'multiplierDown': '0.2', 'avgPriceMins': 5}, {'filterType': 'LOT_SIZE', 'minQty': '0.01000000', 'maxQty': '90000.00000000', 'stepSize': '0.01000000'}, {'filterType': 'MIN_NOTIONAL', 'minNotional': '1.00000000', 'applyToMarket': True, 'avgPriceMins': 5}, {'filterType': 'ICEBERG_PARTS', 'limit': 10}, {'filterType': 'MARKET_LOT_SIZE', 'minQty': '0.00000000', 'maxQty': '14342.77578472', 'stepSize': '0.00000000'}, {'filterType': 'TRAILING_DELTA', 'minTrailingAboveDelta': 10, 'maxTrailingAboveDelta': 2000, 'minTrailingBelowDelta': 10, 'maxTrailingBelowDelta': 2000}, {'filterType': 'MAX_NUM_ORDERS', 'maxNumOrders': 200}, {'filterType': 'MAX_NUM_ALGO_ORDERS', 'maxNumAlgoOrders': 5}]",['SPOT'],EXPIRE_MAKER,"['EXPIRE_TAKER', 'EXPIRE_MAKER', 'EXPIRE_BOTH']",0.01000000,0.01000000,10000.00000000,0.01000000,0.01000000,90000.00000000,1.00000000
146,LINKUSDT,TRADING,LINK,8,USDT,8,8,8,8,"['LIMIT', 'LIMIT_MAKER', 'MARKET', 'STOP_LOSS_LIMIT', 'TAKE_PROFIT_LIMIT']",True,True,True,True,True,True,False,"[{'filterType': 'PRICE_FILTER', 'minPrice': '0.01000000', 'maxPrice': '10000.00000000', 'tickSize': '0.01000000'}, {'filterType': 'PERCENT_PRICE', 'multiplierUp': '5', 'multiplierDown': '0.2', 'avgPriceMins': 5}, {'filterType': 'LOT_SIZE', 'minQty': '0.01000000', 'maxQty': '90000.00000000', 'stepSize': '0.01000000'}, {'filterType': 'MIN_NOTIONAL', 'minNotional': '1.00000000', 'applyToMarket': True, 'avgPriceMins': 5}, {'filterType': 'ICEBERG_PARTS', 'limit': 10}, {'filterType': 'MARKET_LOT_SIZE', 'minQty': '0.00000000', 'maxQty': '2573.65895397', 'stepSize': '0.00000000'}, {'filterType': 'TRAILING_DELTA', 'minTrailingAboveDelta': 10, 'maxTrailingAboveDelta': 2000, 'minTrailingBelowDelta': 10, 'maxTrailingBelowDelta': 2000}, {'filterType': 'PERCENT_PRICE_BY_SIDE', 'bidMultiplierUp': '1.25', 'bidMultiplierDown': '0.2', 'askMultiplierUp': '5', 'askMultiplierDown': '0.75', 'avgPriceMins': 5}, {'filterType': 'MAX_NUM_ORDERS', 'maxNumOrders': 200}, {'filterType': 'MAX_NUM_ALGO_ORDERS', 'maxNumAlgoOrders': 5}]",['SPOT'],EXPIRE_MAKER,"['EXPIRE_TAKER', 'EXPIRE_MAKER', 'EXPIRE_BOTH']",0.01000000,0.01000000,10000.00000000,0.01000000,0.01000000,90000.00000000,1.00000000
147,EOSUSDT,BREAK,EOS,8,USDT,8,8,8,8,"['LIMIT', 'LIMIT_MAKER', 'MARKET', 'STOP_LOSS_LIMIT', 'TAKE_PROFIT_LIMIT']",True,True,True,True,True,True,False,"[{'filterType': 'PRICE_FILTER', 'minPrice': '0.00010000', 'maxPrice': '1000.00000000', 'tickSize': '0.00010000'}, {'filterType': 'PERCENT_PRICE', 'multiplierUp': '5', 'multiplierDown': '0.2', 'avgPriceMins': 5}, {'filterType': 'LOT_SIZE', 'minQty': '0.10000000', 'maxQty': '900000.00000000', 'stepSize': '0.10000000'}, {'filterType': 'MIN_NOTIONAL', 'minNotional': '1.00000000', 'applyToMarket': True, 'avgPriceMins': 5}, {'filterType': 'ICEBERG_PARTS', 'limit': 10}, {'filterType': 'MARKET_LOT_SIZE', 'minQty': '0.00000000', 'maxQty': '12749.50000000', 'stepSize': '0.00000000'}, {'filterType': 'TRAILING_DELTA', 'minTrailingAboveDelta': 10, 'maxTrailingAboveDelta': 2000, 'minTrailingBelowDelta': 10, 'maxTrailingBelowDelta': 2000}, {'filterType': 'PERCENT_PRICE_BY_SIDE', 'bidMultiplierUp': '1.25', 'bidMultiplierDown': '0.2', 'askMultiplierUp': '5', 'askMultiplierDown': '0.75', 'avgPriceMins': 5}, {'filterType': 'MAX_NUM_ORDERS', 'maxNumOrders': 200}, {'filterType': 'MAX_NUM_ALGO_ORDERS', 'maxNumAlgoOrders': 5}]",['SPOT'],EXPIRE_MAKER,"['EXPIRE_TAKER', 'EXPIRE_MAKER', 'EXPIRE_BOTH']",0.00010000,0.00010000,1000.00000000,0.10000000,0.10000000,900000.00000000,1.00000000
148,ZECUSDT,TRADING,ZEC,8,USDT,8,8,8,8,"['LIMIT', 'LIMIT_MAKER', 'MARKET', 'STOP_LOSS_LIMIT', 'TAKE_PROFIT_LIMIT']",True,True,True,True,True,True,False,"[{'filterType': 'PRICE_FILTER', 'minPrice': '0.01000000', 'maxPrice': '100000.00000000', 'tickSize': '0.01000000'}, {'filterType': 'PERCENT_PRICE', 'multiplierUp': '5', 'multiplierDown': '0.2', 'avgPriceMins': 5}, {'filterType': 'LOT_SIZE', 'minQty': '0.00100000', 'maxQty': '90000.00000000', 'stepSize': '0.00100000'}, {'filterType': 'MIN_NOTIONAL', 'minNotional': '1.00000000', 'applyToMarket': True, 'avgPriceMins': 5}, {'filterType': 'ICEBERG_PARTS', 'limit': 10}, {'filterType': 'MARKET_LOT_SIZE', 'minQty': '0.00000000', 'maxQty': '158.48361087', 'stepSize': '0.00000000'}, {'filterType': 'TRAILING_DELTA', 'minTrailingAboveDelta': 10, 'maxTrailingAboveDelta': 2000, 'minTrailingBelowDelta': 10, 'maxTrailingBelowDelta': 2000}, {'filterType': 'PERCENT_PRICE_BY_SIDE', 'bidMultiplierUp': '1.25', 'bidMultiplierDown': '0.2', 'askMultiplierUp': '5', 'askMultiplierDown': '0.75', 'avgPriceMins': 5}, {'filterType': 'MAX_NUM_ORDERS', 'maxNumOrders': 200}, {'filterType': 'MAX_NUM_ALGO_ORDERS', 'maxNumAlgoOrders': 5}]",['SPOT'],EXPIRE_MAKER,"['EXPIRE_TAKER', 'EXPIRE_MAKER', 'EXPIRE_BOTH']",0.01000000,0.01000000,100000.00000000,0.00100000,0.00100000,90000.00000000,1.00000000
149,ENJUSDT,TRADING,ENJ,8,USDT,8,8,8,8,"['LIMIT', 'LIMIT_MAKER', 'MARKET', 'STOP_LOSS_LIMIT', 'TAKE_PROFIT_LIMIT']",True,True,True,True,True,True,False,"[{'filterType': 'PRICE_FILTER', 'minPrice': '0.00001000', 'maxPrice': '1000.00000000', 'tickSize': '0.00001000'}, {'filterType': 'PERCENT_PRICE', 'multiplierUp': '5', 'multiplierDown': '0.2', 'avgPriceMins': 5}, {'filterType': 'LOT_SIZE', 'minQty': '0.10000000', 'maxQty': '900000.00000000', 'stepSize': '0.10000000'}, {'filterType': 'MIN_NOTIONAL', 'minNotional': '1.00000000', 'applyToMarket': True, 'avgPriceMins': 5}, {'filterType': 'ICEBERG_PARTS', 'limit': 10}, {'filterType': 'MARKET_LOT_SIZE', 'minQty': '0.00000000', 'maxQty': '26054.72050209', 'stepSize': '0.00000000'}, {'filterType': 'TRAILING_DELTA', 'minTrailingAboveDelta': 10, 'maxTrailingAboveDelta': 2000, 'minTrailingBelowDelta': 10, 'maxTrailingBelowDelta': 2000}, {'filterType': 'PERCENT_PRICE_BY_SIDE', 'bidMultiplierUp': '1.25', 'bidMultiplierDown': '0.2', 'askMultiplierUp': '5', 'askMultiplierDown': '0.75', 'avgPriceMins': 5}, {'filterType': 'MAX_NUM_ORDERS', 'maxNumOrders': 200}, {'filterType': 'MAX_NUM_ALGO_ORDERS', 'maxNumAlgoOrders': 5}]",['SPOT'],EXPIRE_MAKER,"['EXPIRE_TAKER', 'EXPIRE_MAKER', 'EXPIRE_BOTH']",0.00001000,0.00001000,1000.00000000,0.10000000,0.10000000,900000.00000000,1.00000000
150,NEARUSDT,TRADING,NEAR,8,USDT,8,8,8,8,"['LIMIT', 'LIMIT_MAKER', 'MARKET', 'STOP_LOSS_LIMIT', 'TAKE_PROFIT_LIMIT']",True,True,True,True,True,True,False,"[{'filterType': 'PRICE_FILTER', 'minPrice': '0.00100000', 'maxPrice': '1000.00000000', 'tickSize': '0.00100000'}, {'filterType': 'PERCENT_PRICE', 'multiplierUp': '5', 'multiplierDown': '0.2', 'avgPriceMins': 5}, {'filterType': 'LOT_SIZE', 'minQty': '0.10000000', 'maxQty': '900000.00000000', 'stepSize': '0.10000000'}, {'filterType': 'MIN_NOTIONAL', 'minNotional': '1.00000000', 'applyToMarket': True, 'avgPriceMins': 5}, {'filterType': 'ICEBERG_PARTS', 'limit': 10}, {'filterType': 'MARKET_LOT_SIZE', 'minQty': '0.00000000', 'maxQty': '3045.06652719', 'stepSize': '0.00000000'}, {'filterType': 'TRAILING_DELTA', 'minTrailingAboveDelta': 10, 'maxTrailingAboveDelta': 2000, 'minTrailingBelowDelta': 10, 'maxTrailingBelowDelta': 2000}, {'filterType': 'PERCENT_PRICE_BY_SIDE', 'bidMultiplierUp': '1.25', 'bidMultiplierDown': '0.2', 'askMultiplierUp': '5', 'askMultiplierDown': '0.75', 'avgPriceMins': 5}, {'filterType': 'MAX_NUM_ORDERS', 'maxNumOrders': 200}, {'filterType': 'MAX_NUM_ALGO_ORDERS', 'maxNumAlgoOrders': 5}]",['SPOT'],EXPIRE_MAKER,"['EXPIRE_TAKER', 'EXPIRE_MAKER', 'EXPIRE_BOTH']",0.00100000,0.00100000,1000.00000000,0.10000000,0.10000000,900000.00000000,1.00000000
151,NEARBUSD,BREAK,NEAR,8,BUSD,8,8,8,8,"['LIMIT', 'LIMIT_MAKER', 'MARKET', 'STOP_LOSS_LIMIT', 'TAKE_PROFIT_LIMIT']",True,True,True,True,True,True,False,"[{'filterType': 'PRICE_FILTER', 'minPrice': '0.00100000', 'maxPrice': '1000.00000000', 'tickSize': '0.00100000'}, {'filterType': 'PERCENT_PRICE', 'multiplierUp': '5', 'multiplierDown': '0.2', 'avgPriceMins': 5}, {'filterType': 'LOT_SIZE', 'minQty': '0.10000000', 'maxQty': '900000.00000000', 'stepSize': '0.10000000'}, {'filterType': 'MIN_NOTIONAL', 'minNotional': '1.00000000', 'applyToMarket': True, 'avgPriceMins': 5}, {'filterType': 'ICEBERG_PARTS', 'limit': 10}, {'filterType': 'MARKET_LOT_SIZE', 'minQty': '0.00000000', 'maxQty': '45798.40781944', 'stepSize': '0.00000000'}, {'filterType': 'TRAILING_DELTA', 'minTrailingAboveDelta': 10, 'maxTrailingAboveDelta': 2000, 'minTrailingBelowDelta': 10, 'maxTrailingBelowDelta': 2000}, {'filterType': 'MAX_NUM_ORDERS', 'maxNumOrders': 200}, {'filterType': 'MAX_NUM_ALGO_ORDERS', 'maxNumAlgoOrders': 5}]",['SPOT'],EXPIRE_MAKER,"['EXPIRE_TAKER', 'EXPIRE_MAKER', 'EXPIRE_BOTH']",0.00100000,0.00100000,1000.00000000,0.10000000,0.10000000,900000.00000000,1.00000000
152,NEARUSD4,BREAK,NEAR,8,USD4,4,4,8,3,"['LIMIT', 'LIMIT_MAKER', 'MARKET', 'STOP_LOSS_LIMIT', 'TAKE_PROFIT_LIMIT']",True,True,True,True,True,True,False,"[{'filterType': 'PRICE_FILTER', 'minPrice': '0.0010', 'maxPrice': '1000.0000', 'tickSize': '0.0010'}, {'filterType': 'PERCENT_PRICE', 'multiplierUp': '5', 'multiplierDown': '0.2', 'avgPriceMins': 5}, {'filterType': 'LOT_SIZE', 'minQty': '0.10000000', 'maxQty': '900000.00000000', 'stepSize': '0.10000000'}, {'filterType': 'MIN_NOTIONAL', 'minNotional': '10.0000', 'applyToMarket': True, 'avgPriceMins': 5}, {'filterType': 'ICEBERG_PARTS', 'limit': 10}, {'filterType': 'MARKET_LOT_SIZE', 'minQty': '0.00000000', 'maxQty': '219157.53468750', 'stepSize': '0.00000000'}, {'filterType': 'TRAILING_DELTA', 'minTrailingAboveDelta': 10, 'maxTrailingAboveDelta': 2000, 'minTrailingBelowDelta': 10, 'maxTrailingBelowDelta': 2000}, {'filterType': 'MAX_NUM_ORDERS', 'maxNumOrders': 200}, {'filterType': 'MAX_NUM_ALGO_ORDERS', 'maxNumAlgoOrders': 5}]",['SPOT'],EXPIRE_MAKER,"['EXPIRE_TAKER', 'EXPIRE_MAKER', 'EXPIRE_BOTH']",0.0010,0.0010,1000.0000,0.10000000,0.10000000,900000.00000000,10.0000
153,OMGUSDT,BREAK,OMG,8,USDT,8,8,8,8,"['LIMIT', 'LIMIT_MAKER', 'MARKET', 'STOP_LOSS_LIMIT', 'TAKE_PROFIT_LIMIT']",True,True,True,True,True,True,False,"[{'filterType': 'PRICE_FILTER', 'minPrice': '0.00100000', 'maxPrice': '1000.00000000', 'tickSize': '0.00100000'}, {'filterType': 'PERCENT_PRICE', 'multiplierUp': '5', 'multiplierDown': '0.2', 'avgPriceMins': 5}, {'filterType': 'LOT_SIZE', 'minQty': '0.10000000', 'maxQty': '900000.00000000', 'stepSize': '0.10000000'}, {'filterType': 'MIN_NOTIONAL', 'minNotional': '1.00000000', 'applyToMarket': True, 'avgPriceMins': 5}, {'filterType': 'ICEBERG_PARTS', 'limit': 10}, {'filterType': 'MARKET_LOT_SIZE', 'minQty': '0.00000000', 'maxQty': '13095.65000000', 'stepSize': '0.00000000'}, {'filterType': 'TRAILING_DELTA', 'minTrailingAboveDelta': 10, 'maxTrailingAboveDelta': 2000, 'minTrailingBelowDelta': 10, 'maxTrailingBelowDelta': 2000}, {'filterType': 'MAX_NUM_ORDERS', 'maxNumOrders': 200}, {'filterType': 'MAX_NUM_ALGO_ORDERS', 'maxNumAlgoOrders': 5}]",['SPOT'],EXPIRE_MAKER,"['EXPIRE_TAKER', 'EXPIRE_MAKER', 'EXPIRE_BOTH']",0.00100000,0.00100000,1000.00000000,0.10000000,0.10000000,900000.00000000,1.00000000
154,SUSHIUSDT,TRADING,SUSHI,8,USDT,8,8,8,8,"['LIMIT', 'LIMIT_MAKER', 'MARKET', 'STOP_LOSS_LIMIT', 'TAKE_PROFIT_LIMIT']",True,True,True,True,True,True,False,"[{'filterType': 'PRICE_FILTER', 'minPrice': '0.00100000', 'maxPrice': '10000.00000000', 'tickSize': '0.00100000'}, {'filterType': 'PERCENT_PRICE', 'multiplierUp': '5', 'multiplierDown': '0.2', 'avgPriceMins': 5}, {'filterType': 'LOT_SIZE', 'minQty': '0.10000000', 'maxQty': '90000.00000000', 'stepSize': '0.10000000'}, {'filterType': 'MIN_NOTIONAL', 'minNotional': '1.00000000', 'applyToMarket': True, 'avgPriceMins': 5}, {'filterType': 'ICEBERG_PARTS', 'limit': 10}, {'filterType': 'MARKET_LOT_SIZE', 'minQty': '0.00000000', 'maxQty': '4936.85104602', 'stepSize': '0.00000000'}, {'filterType': 'TRAILING_DELTA', 'minTrailingAboveDelta': 10, 'maxTrailingAboveDelta': 2000, 'minTrailingBelowDelta': 10, 'maxTrailingBelowDelta': 2000}, {'filterType': 'PERCENT_PRICE_BY_SIDE', 'bidMultiplierUp': '1.25', 'bidMultiplierDown': '0.2', 'askMultiplierUp': '5', 'askMultiplierDown': '0.75', 'avgPriceMins': 5}, {'filterType': 'MAX_NUM_ORDERS', 'maxNumOrders': 200}, {'filterType': 'MAX_NUM_ALGO_ORDERS', 'maxNumAlgoOrders': 5}]",['SPOT'],EXPIRE_MAKER,"['EXPIRE_TAKER', 'EXPIRE_MAKER', 'EXPIRE_BOTH']",0.00100000,0.00100000,10000.00000000,0.10000000,0.10000000,90000.00000000,1.00000000
155,LRCUSDT,TRADING,LRC,8,USDT,8,8,8,8,"['LIMIT', 'LIMIT_MAKER', 'MARKET', 'STOP_LOSS_LIMIT', 'TAKE_PROFIT_LIMIT']",True,True,True,True,True,True,False,"[{'filterType': 'PRICE_FILTER', 'minPrice': '0.00001000', 'maxPrice': '1000.00000000', 'tickSize': '0.00001000'}, {'filterType': 'PERCENT_PRICE', 'multiplierUp': '5', 'multiplierDown': '0.2', 'avgPriceMins': 5}, {'filterType': 'LOT_SIZE', 'minQty': '1.00000000', 'maxQty': '9000000.00000000', 'stepSize': '1.00000000'}, {'filterType': 'MIN_NOTIONAL', 'minNotional': '1.00000000', 'applyToMarket': True, 'avgPriceMins': 5}, {'filterType': 'ICEBERG_PARTS', 'limit': 10}, {'filterType': 'MARKET_LOT_SIZE', 'minQty': '0.00000000', 'maxQty': '7012.47698744', 'stepSize': '0.00000000'}, {'filterType': 'TRAILING_DELTA', 'minTrailingAboveDelta': 10, 'maxTrailingAboveDelta': 2000, 'minTrailingBelowDelta': 10, 'maxTrailingBelowDelta': 2000}, {'filterType': 'PERCENT_PRICE_BY_SIDE', 'bidMultiplierUp': '1.25', 'bidMultiplierDown': '0.2', 'askMultiplierUp': '5', 'askMultiplierDown': '0.75', 'avgPriceMins': 5}, {'filterType': 'MAX_NUM_ORDERS', 'maxNumOrders': 200}, {'filterType': 'MAX_NUM_ALGO_ORDERS', 'maxNumAlgoOrders': 5}]",['SPOT'],EXPIRE_MAKER,"['EXPIRE_TAKER', 'EXPIRE_MAKER', 'EXPIRE_BOTH']",0.00001000,0.00001000,1000.00000000,1.00000000,1.00000000,9000000.00000000,1.00000000
156,LRCUSD4,BREAK,LRC,8,USD4,4,4,8,4,"['LIMIT', 'LIMIT_MAKER', 'MARKET', 'STOP_LOSS_LIMIT', 'TAKE_PROFIT_LIMIT']",True,True,True,True,True,True,False,"[{'filterType': 'PRICE_FILTER', 'minPrice': '0.0001', 'maxPrice': '1000.0000', 'tickSize': '0.0001'}, {'filterType': 'PERCENT_PRICE', 'multiplierUp': '5', 'multiplierDown': '0.2', 'avgPriceMins': 5}, {'filterType': 'LOT_SIZE', 'minQty': '1.00000000', 'maxQty': '9000000.00000000', 'stepSize': '1.00000000'}, {'filterType': 'MIN_NOTIONAL', 'minNotional': '10.0000', 'applyToMarket': True, 'avgPriceMins': 5}, {'filterType': 'ICEBERG_PARTS', 'limit': 10}, {'filterType': 'MARKET_LOT_SIZE', 'minQty': '0.00000000', 'maxQty': '569490.26250000', 'stepSize': '0.00000000'}, {'filterType': 'TRAILING_DELTA', 'minTrailingAboveDelta': 10, 'maxTrailingAboveDelta': 2000, 'minTrailingBelowDelta': 10, 'maxTrailingBelowDelta': 2000}, {'filterType': 'MAX_NUM_ORDERS', 'maxNumOrders': 200}, {'filterType': 'MAX_NUM_ALGO_ORDERS', 'maxNumAlgoOrders': 5}]",['SPOT'],EXPIRE_MAKER,"['EXPIRE_TAKER', 'EXPIRE_MAKER', 'EXPIRE_BOTH']",0.0001,0.0001,1000.0000,1.00000000,1.00000000,9000000.00000000,10.0000
157,LRCBTC,BREAK,LRC,8,BTC,8,8,8,8,"['LIMIT', 'LIMIT_MAKER', 'MARKET', 'STOP_LOSS_LIMIT', 'TAKE_PROFIT_LIMIT']",True,True,True,True,True,True,False,"[{'filterType': 'PRICE_FILTER', 'minPrice': '0.00000001', 'maxPrice': '1000.00000000', 'tickSize': '0.00000001'}, {'filterType': 'PERCENT_PRICE', 'multiplierUp': '5', 'multiplierDown': '0.2', 'avgPriceMins': 5}, {'filterType': 'LOT_SIZE', 'minQty': '1.00000000', 'maxQty': '90000000.00000000', 'stepSize': '1.00000000'}, {'filterType': 'MIN_NOTIONAL', 'minNotional': '0.00010000', 'applyToMarket': True, 'avgPriceMins': 5}, {'filterType': 'ICEBERG_PARTS', 'limit': 10}, {'filterType': 'MARKET_LOT_SIZE', 'minQty': '0.00000000', 'maxQty': '244582.64652777', 'stepSize': '0.00000000'}, {'filterType': 'TRAILING_DELTA', 'minTrailingAboveDelta': 10, 'maxTrailingAboveDelta': 2000, 'minTrailingBelowDelta': 10, 'maxTrailingBelowDelta': 2000}, {'filterType': 'MAX_NUM_ORDERS', 'maxNumOrders': 200}, {'filterType': 'MAX_NUM_ALGO_ORDERS', 'maxNumAlgoOrders': 5}]",['SPOT'],EXPIRE_MAKER,"['EXPIRE_TAKER', 'EXPIRE_MAKER', 'EXPIRE_BOTH']",0.00000001,0.00000001,1000.00000000,1.00000000,1.00000000,90000000.00000000,0.00010000
158,KSHIBUSD4,BREAK,KSHIB,4,USD4,4,4,4,4,"['LIMIT', 'LIMIT_MAKER', 'MARKET', 'STOP_LOSS_LIMIT', 'TAKE_PROFIT_LIMIT']",True,True,True,True,True,True,False,"[{'filterType': 'PRICE_FILTER', 'minPrice': '0.0001', 'maxPrice': '3.0000', 'tickSize': '0.0001'}, {'filterType': 'PERCENT_PRICE', 'multiplierUp': '5', 'multiplierDown': '0.2', 'avgPriceMins': 5}, {'filterType': 'LOT_SIZE', 'minQty': '1.0000', 'maxQty': '46116860.0000', 'stepSize': '1.0000'}, {'filterType': 'MIN_NOTIONAL', 'minNotional': '10.0000', 'applyToMarket': True, 'avgPriceMins': 5}, {'filterType': 'ICEBERG_PARTS', 'limit': 10}, {'filterType': 'MARKET_LOT_SIZE', 'minQty': '0.0000', 'maxQty': '46116860.0000', 'stepSize': '0.0000'}, {'filterType': 'TRAILING_DELTA', 'minTrailingAboveDelta': 10, 'maxTrailingAboveDelta': 2000, 'minTrailingBelowDelta': 10, 'maxTrailingBelowDelta': 2000}, {'filterType': 'MAX_NUM_ORDERS', 'maxNumOrders': 200}, {'filterType': 'MAX_NUM_ALGO_ORDERS', 'maxNumAlgoOrders': 5}]",['SPOT'],EXPIRE_MAKER,"['EXPIRE_TAKER', 'EXPIRE_MAKER', 'EXPIRE_BOTH']",0.0001,0.0001,3.0000,1.0000,1.0000,46116860.0000,10.0000
159,LPTUSDT,TRADING,LPT,8,USDT,8,8,8,8,"['LIMIT', 'LIMIT_MAKER', 'MARKET', 'STOP_LOSS_LIMIT', 'TAKE_PROFIT_LIMIT']",True,True,True,True,True,True,False,"[{'filterType': 'PRICE_FILTER', 'minPrice': '0.00100000', 'maxPrice': '10000.00000000', 'tickSize': '0.00100000'}, {'filterType': 'PERCENT_PRICE', 'multiplierUp': '5', 'multiplierDown': '0.2', 'avgPriceMins': 5}, {'filterType': 'LOT_SIZE', 'minQty': '0.01000000', 'maxQty': '9222440.00000000', 'stepSize': '0.01000000'}, {'filterType': 'MIN_NOTIONAL', 'minNotional': '1.00000000', 'applyToMarket': True, 'avgPriceMins': 5}, {'filterType': 'ICEBERG_PARTS', 'limit': 10}, {'filterType': 'MARKET_LOT_SIZE', 'minQty': '0.00000000', 'maxQty': '1869.15803347', 'stepSize': '0.00000000'}, {'filterType': 'TRAILING_DELTA', 'minTrailingAboveDelta': 10, 'maxTrailingAboveDelta': 2000, 'minTrailingBelowDelta': 10, 'maxTrailingBelowDelta': 2000}, {'filterType': 'PERCENT_PRICE_BY_SIDE', 'bidMultiplierUp': '1.25', 'bidMultiplierDown': '0.2', 'askMultiplierUp': '5', 'askMultiplierDown': '0.75', 'avgPriceMins': 5}, {'filterType': 'MAX_NUM_ORDERS', 'maxNumOrders': 200}, {'filterType': 'MAX_NUM_ALGO_ORDERS', 'maxNumAlgoOrders': 5}]",['SPOT'],EXPIRE_MAKER,"['EXPIRE_TAKER', 'EXPIRE_MAKER', 'EXPIRE_BOTH']",0.00100000,0.00100000,10000.00000000,0.01000000,0.01000000,9222440.00000000,1.00000000
160,LPTBUSD,BREAK,LPT,8,BUSD,8,8,8,8,"['LIMIT', 'LIMIT_MAKER', 'MARKET', 'STOP_LOSS_LIMIT', 'TAKE_PROFIT_LIMIT']",True,True,True,True,True,True,False,"[{'filterType': 'PRICE_FILTER', 'minPrice': '0.01000000', 'maxPrice': '10000.00000000', 'tickSize': '0.01000000'}, {'filterType': 'PERCENT_PRICE', 'multiplierUp': '5', 'multiplierDown': '0.2', 'avgPriceMins': 5}, {'filterType': 'LOT_SIZE', 'minQty': '0.01000000', 'maxQty': '9222440.00000000', 'stepSize': '0.01000000'}, {'filterType': 'MIN_NOTIONAL', 'minNotional': '1.00000000', 'applyToMarket': True, 'avgPriceMins': 5}, {'filterType': 'ICEBERG_PARTS', 'limit': 10}, {'filterType': 'MARKET_LOT_SIZE', 'minQty': '0.00000000', 'maxQty': '6853.50953472', 'stepSize': '0.00000000'}, {'filterType': 'TRAILING_DELTA', 'minTrailingAboveDelta': 10, 'maxTrailingAboveDelta': 2000, 'minTrailingBelowDelta': 10, 'maxTrailingBelowDelta': 2000}, {'filterType': 'MAX_NUM_ORDERS', 'maxNumOrders': 200}, {'filterType': 'MAX_NUM_ALGO_ORDERS', 'maxNumAlgoOrders': 5}]",['SPOT'],EXPIRE_MAKER,"['EXPIRE_TAKER', 'EXPIRE_MAKER', 'EXPIRE_BOTH']",0.01000000,0.01000000,10000.00000000,0.01000000,0.01000000,9222440.00000000,1.00000000
161,LPTUSD4,BREAK,LPT,8,USD4,4,4,8,2,"['LIMIT', 'LIMIT_MAKER', 'MARKET', 'STOP_LOSS_LIMIT', 'TAKE_PROFIT_LIMIT']",True,True,True,True,True,True,False,"[{'filterType': 'PRICE_FILTER', 'minPrice': '0.0100', 'maxPrice': '10000.0000', 'tickSize': '0.0100'}, {'filterType': 'PERCENT_PRICE', 'multiplierUp': '5', 'multiplierDown': '0.2', 'avgPriceMins': 5}, {'filterType': 'LOT_SIZE', 'minQty': '0.01000000', 'maxQty': '9222440.00000000', 'stepSize': '0.01000000'}, {'filterType': 'MIN_NOTIONAL', 'minNotional': '10.0000', 'applyToMarket': True, 'avgPriceMins': 5}, {'filterType': 'ICEBERG_PARTS', 'limit': 10}, {'filterType': 'MARKET_LOT_SIZE', 'minQty': '0.00000000', 'maxQty': '6853.50953472', 'stepSize': '0.00000000'}, {'filterType': 'TRAILING_DELTA', 'minTrailingAboveDelta': 10, 'maxTrailingAboveDelta': 2000, 'minTrailingBelowDelta': 10, 'maxTrailingBelowDelta': 2000}, {'filterType': 'MAX_NUM_ORDERS', 'maxNumOrders': 200}, {'filterType': 'MAX_NUM_ALGO_ORDERS', 'maxNumAlgoOrders': 5}]",['SPOT'],EXPIRE_MAKER,"['EXPIRE_TAKER', 'EXPIRE_MAKER', 'EXPIRE_BOTH']",0.0100,0.0100,10000.0000,0.01000000,0.01000000,9222440.00000000,10.0000
162,POLYUSDT,BREAK,POLY,8,USDT,8,8,8,8,"['LIMIT', 'LIMIT_MAKER', 'MARKET', 'STOP_LOSS_LIMIT', 'TAKE_PROFIT_LIMIT']",True,True,True,True,True,True,False,"[{'filterType': 'PRICE_FILTER', 'minPrice': '0.00010000', 'maxPrice': '100.00000000', 'tickSize': '0.00010000'}, {'filterType': 'PERCENT_PRICE', 'multiplierUp': '5', 'multiplierDown': '0.2', 'avgPriceMins': 5}, {'filterType': 'LOT_SIZE', 'minQty': '0.10000000', 'maxQty': '913205152.00000000', 'stepSize': '0.10000000'}, {'filterType': 'MIN_NOTIONAL', 'minNotional': '10.00000000', 'applyToMarket': True, 'avgPriceMins': 5}, {'filterType': 'ICEBERG_PARTS', 'limit': 10}, {'filterType': 'MARKET_LOT_SIZE', 'minQty': '0.00000000', 'maxQty': '290408.03145833', 'stepSize': '0.00000000'}, {'filterType': 'TRAILING_DELTA', 'minTrailingAboveDelta': 10, 'maxTrailingAboveDelta': 2000, 'minTrailingBelowDelta': 10, 'maxTrailingBelowDelta': 2000}, {'filterType': 'MAX_NUM_ORDERS', 'maxNumOrders': 200}, {'filterType': 'MAX_NUM_ALGO_ORDERS', 'maxNumAlgoOrders': 5}]",['SPOT'],EXPIRE_MAKER,"['EXPIRE_TAKER', 'EXPIRE_MAKER', 'EXPIRE_BOTH']",0.00010000,0.00010000,100.00000000,0.10000000,0.10000000,913205152.00000000,10.00000000
163,POLYBUSD,BREAK,POLY,8,BUSD,8,8,8,8,"['LIMIT', 'LIMIT_MAKER', 'MARKET', 'STOP_LOSS_LIMIT', 'TAKE_PROFIT_LIMIT']",True,True,True,True,True,True,False,"[{'filterType': 'PRICE_FILTER', 'minPrice': '0.00010000', 'maxPrice': '100.00000000', 'tickSize': '0.00010000'}, {'filterType': 'PERCENT_PRICE', 'multiplierUp': '5', 'multiplierDown': '0.2', 'avgPriceMins': 5}, {'filterType': 'LOT_SIZE', 'minQty': '0.10000000', 'maxQty': '913205152.00000000', 'stepSize': '0.10000000'}, {'filterType': 'MIN_NOTIONAL', 'minNotional': '10.00000000', 'applyToMarket': True, 'avgPriceMins': 5}, {'filterType': 'ICEBERG_PARTS', 'limit': 10}, {'filterType': 'MARKET_LOT_SIZE', 'minQty': '0.00000000', 'maxQty': '290408.03145833', 'stepSize': '0.00000000'}, {'filterType': 'TRAILING_DELTA', 'minTrailingAboveDelta': 10, 'maxTrailingAboveDelta': 2000, 'minTrailingBelowDelta': 10, 'maxTrailingBelowDelta': 2000}, {'filterType': 'MAX_NUM_ORDERS', 'maxNumOrders': 200}, {'filterType': 'MAX_NUM_ALGO_ORDERS', 'maxNumAlgoOrders': 5}]",['SPOT'],EXPIRE_MAKER,"['EXPIRE_TAKER', 'EXPIRE_MAKER', 'EXPIRE_BOTH']",0.00010000,0.00010000,100.00000000,0.10000000,0.10000000,913205152.00000000,10.00000000
164,POLYUSD,BREAK,POLY,8,USD4,4,4,8,4,"['LIMIT', 'LIMIT_MAKER', 'MARKET', 'STOP_LOSS_LIMIT', 'TAKE_PROFIT_LIMIT']",True,True,True,True,True,True,False,"[{'filterType': 'PRICE_FILTER', 'minPrice': '0.0001', 'maxPrice': '100.0000', 'tickSize': '0.0001'}, {'filterType': 'PERCENT_PRICE', 'multiplierUp': '5', 'multiplierDown': '0.2', 'avgPriceMins': 5}, {'filterType': 'LOT_SIZE', 'minQty': '0.10000000', 'maxQty': '913205152.00000000', 'stepSize': '0.10000000'}, {'filterType': 'MIN_NOTIONAL', 'minNotional': '10.0000', 'applyToMarket': True, 'avgPriceMins': 5}, {'filterType': 'ICEBERG_PARTS', 'limit': 10}, {'filterType': 'MARKET_LOT_SIZE', 'minQty': '0.00000000', 'maxQty': '290408.03145833', 'stepSize': '0.00000000'}, {'filterType': 'TRAILING_DELTA', 'minTrailingAboveDelta': 10, 'maxTrailingAboveDelta': 2000, 'minTrailingBelowDelta': 10, 'maxTrailingBelowDelta': 2000}, {'filterType': 'MAX_NUM_ORDERS', 'maxNumOrders': 200}, {'filterType': 'MAX_NUM_ALGO_ORDERS', 'maxNumAlgoOrders': 5}]",['SPOT'],EXPIRE_MAKER,"['EXPIRE_TAKER', 'EXPIRE_MAKER', 'EXPIRE_BOTH']",0.0001,0.0001,100.0000,0.10000000,0.10000000,913205152.00000000,10.0000
165,POLYBTC,BREAK,POLY,8,BTC,8,8,8,8,"['LIMIT', 'LIMIT_MAKER', 'MARKET', 'STOP_LOSS_LIMIT', 'TAKE_PROFIT_LIMIT']",True,True,True,True,True,True,False,"[{'filterType': 'PRICE_FILTER', 'minPrice': '0.00000001', 'maxPrice': '1000.00000000', 'tickSize': '0.00000001'}, {'filterType': 'PERCENT_PRICE', 'multiplierUp': '5', 'multiplierDown': '0.2', 'avgPriceMins': 5}, {'filterType': 'LOT_SIZE', 'minQty': '1.00000000', 'maxQty': '90000000.00000000', 'stepSize': '1.00000000'}, {'filterType': 'MIN_NOTIONAL', 'minNotional': '0.00010000', 'applyToMarket': True, 'avgPriceMins': 5}, {'filterType': 'ICEBERG_PARTS', 'limit': 10}, {'filterType': 'MARKET_LOT_SIZE', 'minQty': '0.00000000', 'maxQty': '135640.92222222', 'stepSize': '0.00000000'}, {'filterType': 'TRAILING_DELTA', 'minTrailingAboveDelta': 10, 'maxTrailingAboveDelta': 2000, 'minTrailingBelowDelta': 10, 'maxTrailingBelowDelta': 2000}, {'filterType': 'MAX_NUM_ORDERS', 'maxNumOrders': 200}, {'filterType': 'MAX_NUM_ALGO_ORDERS', 'maxNumAlgoOrders': 5}]",['SPOT'],EXPIRE_MAKER,"['EXPIRE_TAKER', 'EXPIRE_MAKER', 'EXPIRE_BOTH']",0.00000001,0.00000001,1000.00000000,1.00000000,1.00000000,90000000.00000000,0.00010000
166,MATICBTC,BREAK,MATIC,8,BTC,8,8,8,8,"['LIMIT', 'LIMIT_MAKER', 'MARKET', 'STOP_LOSS_LIMIT', 'TAKE_PROFIT_LIMIT']",True,True,True,True,True,True,False,"[{'filterType': 'PRICE_FILTER', 'minPrice': '0.00000001', 'maxPrice': '1000.00000000', 'tickSize': '0.00000001'}, {'filterType': 'PERCENT_PRICE', 'multiplierUp': '5', 'multiplierDown': '0.2', 'avgPriceMins': 5}, {'filterType': 'LOT_SIZE', 'minQty': '0.10000000', 'maxQty': '90000000.00000000', 'stepSize': '0.10000000'}, {'filterType': 'MIN_NOTIONAL', 'minNotional': '0.00010000', 'applyToMarket': True, 'avgPriceMins': 5}, {'filterType': 'ICEBERG_PARTS', 'limit': 10}, {'filterType': 'MARKET_LOT_SIZE', 'minQty': '0.00000000', 'maxQty': '18546.44958677', 'stepSize': '0.00000000'}, {'filterType': 'TRAILING_DELTA', 'minTrailingAboveDelta': 10, 'maxTrailingAboveDelta': 2000, 'minTrailingBelowDelta': 10, 'maxTrailingBelowDelta': 2000}, {'filterType': 'PERCENT_PRICE_BY_SIDE', 'bidMultiplierUp': '1.25', 'bidMultiplierDown': '0.2', 'askMultiplierUp': '5', 'askMultiplierDown': '0.75', 'avgPriceMins': 5}, {'filterType': 'MAX_NUM_ORDERS', 'maxNumOrders': 200}, {'filterType': 'MAX_NUM_ALGO_ORDERS', 'maxNumAlgoOrders': 5}]",['SPOT'],EXPIRE_MAKER,"['EXPIRE_TAKER', 'EXPIRE_MAKER', 'EXPIRE_BOTH']",0.00000001,0.00000001,1000.00000000,0.10000000,0.10000000,90000000.00000000,0.00010000
167,DOTBTC,BREAK,DOT,8,BTC,8,8,8,8,"['LIMIT', 'LIMIT_MAKER', 'MARKET', 'STOP_LOSS_LIMIT', 'TAKE_PROFIT_LIMIT']",True,True,True,True,True,True,False,"[{'filterType': 'PRICE_FILTER', 'minPrice': '0.00000010', 'maxPrice': '1000.00000000', 'tickSize': '0.00000010'}, {'filterType': 'PERCENT_PRICE', 'multiplierUp': '5', 'multiplierDown': '0.2', 'avgPriceMins': 5}, {'filterType': 'LOT_SIZE', 'minQty': '0.01000000', 'maxQty': '90000000.00000000', 'stepSize': '0.01000000'}, {'filterType': 'MIN_NOTIONAL', 'minNotional': '0.00010000', 'applyToMarket': True, 'avgPriceMins': 5}, {'filterType': 'ICEBERG_PARTS', 'limit': 10}, {'filterType': 'MARKET_LOT_SIZE', 'minQty': '0.00000000', 'maxQty': '47223.22929861', 'stepSize': '0.00000000'}, {'filterType': 'TRAILING_DELTA', 'minTrailingAboveDelta': 10, 'maxTrailingAboveDelta': 2000, 'minTrailingBelowDelta': 10, 'maxTrailingBelowDelta': 2000}, {'filterType': 'MAX_NUM_ORDERS', 'maxNumOrders': 200}, {'filterType': 'MAX_NUM_ALGO_ORDERS', 'maxNumAlgoOrders': 5}]",['SPOT'],EXPIRE_MAKER,"['EXPIRE_TAKER', 'EXPIRE_MAKER', 'EXPIRE_BOTH']",0.00000010,0.00000010,1000.00000000,0.01000000,0.01000000,90000000.00000000,0.00010000
168,NMRUSDT,TRADING,NMR,8,USDT,8,8,8,8,"['LIMIT', 'LIMIT_MAKER', 'MARKET', 'STOP_LOSS_LIMIT', 'TAKE_PROFIT_LIMIT']",True,True,True,True,True,True,False,"[{'filterType': 'PRICE_FILTER', 'minPrice': '0.01000000', 'maxPrice': '10000.00000000', 'tickSize': '0.01000000'}, {'filterType': 'PERCENT_PRICE', 'multiplierUp': '5', 'multiplierDown': '0.2', 'avgPriceMins': 5}, {'filterType': 'LOT_SIZE', 'minQty': '0.01000000', 'maxQty': '90000.00000000', 'stepSize': '0.01000000'}, {'filterType': 'MIN_NOTIONAL', 'minNotional': '1.00000000', 'applyToMarket': True, 'avgPriceMins': 5}, {'filterType': 'ICEBERG_PARTS', 'limit': 10}, {'filterType': 'MARKET_LOT_SIZE', 'minQty': '0.00000000', 'maxQty': '47.39891213', 'stepSize': '0.00000000'}, {'filterType': 'TRAILING_DELTA', 'minTrailingAboveDelta': 10, 'maxTrailingAboveDelta': 2000, 'minTrailingBelowDelta': 10, 'maxTrailingBelowDelta': 2000}, {'filterType': 'PERCENT_PRICE_BY_SIDE', 'bidMultiplierUp': '1.25', 'bidMultiplierDown': '0.2', 'askMultiplierUp': '5', 'askMultiplierDown': '0.75', 'avgPriceMins': 5}, {'filterType': 'MAX_NUM_ORDERS', 'maxNumOrders': 200}, {'filterType': 'MAX_NUM_ALGO_ORDERS', 'maxNumAlgoOrders': 5}]",['SPOT'],EXPIRE_MAKER,"['EXPIRE_TAKER', 'EXPIRE_MAKER', 'EXPIRE_BOTH']",0.01000000,0.01000000,10000.00000000,0.01000000,0.01000000,90000.00000000,1.00000000
169,NMRUSD4,BREAK,NMR,8,USD4,4,4,8,2,"['LIMIT', 'LIMIT_MAKER', 'MARKET', 'STOP_LOSS_LIMIT', 'TAKE_PROFIT_LIMIT']",True,True,True,True,True,True,False,"[{'filterType': 'PRICE_FILTER', 'minPrice': '0.0100', 'maxPrice': '10000.0000', 'tickSize': '0.0100'}, {'filterType': 'PERCENT_PRICE', 'multiplierUp': '5', 'multiplierDown': '0.2', 'avgPriceMins': 5}, {'filterType': 'LOT_SIZE', 'minQty': '0.01000000', 'maxQty': '90000.00000000', 'stepSize': '0.01000000'}, {'filterType': 'MIN_NOTIONAL', 'minNotional': '10.0000', 'applyToMarket': True, 'avgPriceMins': 5}, {'filterType': 'ICEBERG_PARTS', 'limit': 10}, {'filterType': 'MARKET_LOT_SIZE', 'minQty': '0.00000000', 'maxQty': '4802.31217210', 'stepSize': '0.00000000'}, {'filterType': 'TRAILING_DELTA', 'minTrailingAboveDelta': 10, 'maxTrailingAboveDelta': 2000, 'minTrailingBelowDelta': 10, 'maxTrailingBelowDelta': 2000}, {'filterType': 'MAX_NUM_ORDERS', 'maxNumOrders': 200}, {'filterType': 'MAX_NUM_ALGO_ORDERS', 'maxNumAlgoOrders': 5}]",['SPOT'],EXPIRE_MAKER,"['EXPIRE_TAKER', 'EXPIRE_MAKER', 'EXPIRE_BOTH']",0.0100,0.0100,10000.0000,0.01000000,0.01000000,90000.00000000,10.0000
170,SLPUSDT,TRADING,SLP,8,USDT,8,8,8,8,"['LIMIT', 'LIMIT_MAKER', 'MARKET', 'STOP_LOSS_LIMIT', 'TAKE_PROFIT_LIMIT']",True,True,True,True,True,True,False,"[{'filterType': 'PRICE_FILTER', 'minPrice': '0.00000100', 'maxPrice': '1000.00000000', 'tickSize': '0.00000100'}, {'filterType': 'PERCENT_PRICE', 'multiplierUp': '5', 'multiplierDown': '0.2', 'avgPriceMins': 5}, {'filterType': 'LOT_SIZE', 'minQty': '1.00000000', 'maxQty': '90000000.00000000', 'stepSize': '1.00000000'}, {'filterType': 'MIN_NOTIONAL', 'minNotional': '1.00000000', 'applyToMarket': True, 'avgPriceMins': 5}, {'filterType': 'ICEBERG_PARTS', 'limit': 10}, {'filterType': 'MARKET_LOT_SIZE', 'minQty': '0.00000000', 'maxQty': '342766.52719665', 'stepSize': '0.00000000'}, {'filterType': 'TRAILING_DELTA', 'minTrailingAboveDelta': 10, 'maxTrailingAboveDelta': 2000, 'minTrailingBelowDelta': 10, 'maxTrailingBelowDelta': 2000}, {'filterType': 'PERCENT_PRICE_BY_SIDE', 'bidMultiplierUp': '1.25', 'bidMultiplierDown': '0.2', 'askMultiplierUp': '5', 'askMultiplierDown': '0.75', 'avgPriceMins': 5}, {'filterType': 'MAX_NUM_ORDERS', 'maxNumOrders': 200}, {'filterType': 'MAX_NUM_ALGO_ORDERS', 'maxNumAlgoOrders': 5}]",['SPOT'],EXPIRE_MAKER,"['EXPIRE_TAKER', 'EXPIRE_MAKER', 'EXPIRE_BOTH']",0.00000100,0.00000100,1000.00000000,1.00000000,1.00000000,90000000.00000000,1.00000000
171,SLPUSD4,BREAK,SLP,8,USD4,4,4,8,4,"['LIMIT', 'LIMIT_MAKER', 'MARKET', 'STOP_LOSS_LIMIT', 'TAKE_PROFIT_LIMIT']",True,True,True,True,True,True,False,"[{'filterType': 'PRICE_FILTER', 'minPrice': '0.0001', 'maxPrice': '1000.0000', 'tickSize': '0.0001'}, {'filterType': 'PERCENT_PRICE', 'multiplierUp': '5', 'multiplierDown': '0.2', 'avgPriceMins': 5}, {'filterType': 'LOT_SIZE', 'minQty': '1.00000000', 'maxQty': '90000000.00000000', 'stepSize': '1.00000000'}, {'filterType': 'MIN_NOTIONAL', 'minNotional': '10.0000', 'applyToMarket': True, 'avgPriceMins': 5}, {'filterType': 'ICEBERG_PARTS', 'limit': 10}, {'filterType': 'MARKET_LOT_SIZE', 'minQty': '0.00000000', 'maxQty': '92141578.00000000', 'stepSize': '0.00000000'}, {'filterType': 'TRAILING_DELTA', 'minTrailingAboveDelta': 10, 'maxTrailingAboveDelta': 2000, 'minTrailingBelowDelta': 10, 'maxTrailingBelowDelta': 2000}, {'filterType': 'MAX_NUM_ORDERS', 'maxNumOrders': 200}, {'filterType': 'MAX_NUM_ALGO_ORDERS', 'maxNumAlgoOrders': 5}]",['SPOT'],EXPIRE_MAKER,"['EXPIRE_TAKER', 'EXPIRE_MAKER', 'EXPIRE_BOTH']",0.0001,0.0001,1000.0000,1.00000000,1.00000000,90000000.00000000,10.0000
172,ANTUSDT,BREAK,ANT,8,USDT,8,8,8,8,"['LIMIT', 'LIMIT_MAKER', 'MARKET', 'STOP_LOSS_LIMIT', 'TAKE_PROFIT_LIMIT']",True,True,True,True,True,True,False,"[{'filterType': 'PRICE_FILTER', 'minPrice': '0.00100000', 'maxPrice': '1000.00000000', 'tickSize': '0.00100000'}, {'filterType': 'PERCENT_PRICE', 'multiplierUp': '5', 'multiplierDown': '0.2', 'avgPriceMins': 5}, {'filterType': 'LOT_SIZE', 'minQty': '0.10000000', 'maxQty': '900000.00000000', 'stepSize': '0.10000000'}, {'filterType': 'MIN_NOTIONAL', 'minNotional': '1.00000000', 'applyToMarket': True, 'avgPriceMins': 5}, {'filterType': 'ICEBERG_PARTS', 'limit': 10}, {'filterType': 'MARKET_LOT_SIZE', 'minQty': '0.00000000', 'maxQty': '191.03916666', 'stepSize': '0.00000000'}, {'filterType': 'TRAILING_DELTA', 'minTrailingAboveDelta': 10, 'maxTrailingAboveDelta': 2000, 'minTrailingBelowDelta': 10, 'maxTrailingBelowDelta': 2000}, {'filterType': 'PERCENT_PRICE_BY_SIDE', 'bidMultiplierUp': '1.25', 'bidMultiplierDown': '0.2', 'askMultiplierUp': '5', 'askMultiplierDown': '0.75', 'avgPriceMins': 5}, {'filterType': 'MAX_NUM_ORDERS', 'maxNumOrders': 200}, {'filterType': 'MAX_NUM_ALGO_ORDERS', 'maxNumAlgoOrders': 5}]",['SPOT'],EXPIRE_MAKER,"['EXPIRE_TAKER', 'EXPIRE_MAKER', 'EXPIRE_BOTH']",0.00100000,0.00100000,1000.00000000,0.10000000,0.10000000,900000.00000000,1.00000000
173,ANTUSD4,BREAK,ANT,8,USD4,4,4,8,3,"['LIMIT', 'LIMIT_MAKER', 'MARKET', 'STOP_LOSS_LIMIT', 'TAKE_PROFIT_LIMIT']",True,True,True,True,True,True,False,"[{'filterType': 'PRICE_FILTER', 'minPrice': '0.0010', 'maxPrice': '1000.0000', 'tickSize': '0.0010'}, {'filterType': 'PERCENT_PRICE', 'multiplierUp': '5', 'multiplierDown': '0.2', 'avgPriceMins': 5}, {'filterType': 'LOT_SIZE', 'minQty': '0.10000000', 'maxQty': '900000.00000000', 'stepSize': '0.10000000'}, {'filterType': 'MIN_NOTIONAL', 'minNotional': '10.0000', 'applyToMarket': True, 'avgPriceMins': 5}, {'filterType': 'ICEBERG_PARTS', 'limit': 10}, {'filterType': 'MARKET_LOT_SIZE', 'minQty': '0.00000000', 'maxQty': '90347.52763888', 'stepSize': '0.00000000'}, {'filterType': 'TRAILING_DELTA', 'minTrailingAboveDelta': 10, 'maxTrailingAboveDelta': 2000, 'minTrailingBelowDelta': 10, 'maxTrailingBelowDelta': 2000}, {'filterType': 'MAX_NUM_ORDERS', 'maxNumOrders': 200}, {'filterType': 'MAX_NUM_ALGO_ORDERS', 'maxNumAlgoOrders': 5}]",['SPOT'],EXPIRE_MAKER,"['EXPIRE_TAKER', 'EXPIRE_MAKER', 'EXPIRE_BOTH']",0.0010,0.0010,1000.0000,0.10000000,0.10000000,900000.00000000,10.0000
174,XNOUSD4,BREAK,XNO,8,USD4,4,4,8,3,"['LIMIT', 'LIMIT_MAKER', 'MARKET', 'STOP_LOSS_LIMIT', 'TAKE_PROFIT_LIMIT']",True,True,True,True,True,True,False,"[{'filterType': 'PRICE_FILTER', 'minPrice': '0.0010', 'maxPrice': '1000.0000', 'tickSize': '0.0010'}, {'filterType': 'PERCENT_PRICE', 'multiplierUp': '5', 'multiplierDown': '0.2', 'avgPriceMins': 5}, {'filterType': 'LOT_SIZE', 'minQty': '0.01000000', 'maxQty': '92141578.00000000', 'stepSize': '0.01000000'}, {'filterType': 'MIN_NOTIONAL', 'minNotional': '10.0000', 'applyToMarket': True, 'avgPriceMins': 5}, {'filterType': 'ICEBERG_PARTS', 'limit': 10}, {'filterType': 'MARKET_LOT_SIZE', 'minQty': '0.00000000', 'maxQty': '36240.93046527', 'stepSize': '0.00000000'}, {'filterType': 'TRAILING_DELTA', 'minTrailingAboveDelta': 10, 'maxTrailingAboveDelta': 2000, 'minTrailingBelowDelta': 10, 'maxTrailingBelowDelta': 2000}, {'filterType': 'MAX_NUM_ORDERS', 'maxNumOrders': 200}, {'filterType': 'MAX_NUM_ALGO_ORDERS', 'maxNumAlgoOrders': 5}]",['SPOT'],EXPIRE_MAKER,"['EXPIRE_TAKER', 'EXPIRE_MAKER', 'EXPIRE_BOTH']",0.0010,0.0010,1000.0000,0.01000000,0.01000000,92141578.00000000,10.0000
175,CHZUSDT,TRADING,CHZ,8,USDT,8,8,8,8,"['LIMIT', 'LIMIT_MAKER', 'MARKET', 'STOP_LOSS_LIMIT', 'TAKE_PROFIT_LIMIT']",True,True,True,True,True,True,False,"[{'filterType': 'PRICE_FILTER', 'minPrice': '0.00001000', 'maxPrice': '1000.00000000', 'tickSize': '0.00001000'}, {'filterType': 'PERCENT_PRICE', 'multiplierUp': '5', 'multiplierDown': '0.2', 'avgPriceMins': 5}, {'filterType': 'LOT_SIZE', 'minQty': '1.00000000', 'maxQty': '9000000.00000000', 'stepSize': '1.00000000'}, {'filterType': 'MIN_NOTIONAL', 'minNotional': '1.00000000', 'applyToMarket': True, 'avgPriceMins': 5}, {'filterType': 'ICEBERG_PARTS', 'limit': 10}, {'filterType': 'MARKET_LOT_SIZE', 'minQty': '0.00000000', 'maxQty': '75108.60669456', 'stepSize': '0.00000000'}, {'filterType': 'TRAILING_DELTA', 'minTrailingAboveDelta': 10, 'maxTrailingAboveDelta': 2000, 'minTrailingBelowDelta': 10, 'maxTrailingBelowDelta': 2000}, {'filterType': 'PERCENT_PRICE_BY_SIDE', 'bidMultiplierUp': '1.25', 'bidMultiplierDown': '0.2', 'askMultiplierUp': '5', 'askMultiplierDown': '0.75', 'avgPriceMins': 5}, {'filterType': 'MAX_NUM_ORDERS', 'maxNumOrders': 200}, {'filterType': 'MAX_NUM_ALGO_ORDERS', 'maxNumAlgoOrders': 5}]",['SPOT'],EXPIRE_MAKER,"['EXPIRE_TAKER', 'EXPIRE_MAKER', 'EXPIRE_BOTH']",0.00001000,0.00001000,1000.00000000,1.00000000,1.00000000,9000000.00000000,1.00000000
176,CHZUSD4,BREAK,CHZ,8,USD4,4,4,8,4,"['LIMIT', 'LIMIT_MAKER', 'MARKET', 'STOP_LOSS_LIMIT', 'TAKE_PROFIT_LIMIT']",True,True,True,True,True,True,False,"[{'filterType': 'PRICE_FILTER', 'minPrice': '0.0001', 'maxPrice': '1000.0000', 'tickSize': '0.0001'}, {'filterType': 'PERCENT_PRICE', 'multiplierUp': '5', 'multiplierDown': '0.2', 'avgPriceMins': 5}, {'filterType': 'LOT_SIZE', 'minQty': '1.00000000', 'maxQty': '9000000.00000000', 'stepSize': '1.00000000'}, {'filterType': 'MIN_NOTIONAL', 'minNotional': '10.0000', 'applyToMarket': True, 'avgPriceMins': 5}, {'filterType': 'ICEBERG_PARTS', 'limit': 10}, {'filterType': 'MARKET_LOT_SIZE', 'minQty': '0.00000000', 'maxQty': '2767789.21666666', 'stepSize': '0.00000000'}, {'filterType': 'TRAILING_DELTA', 'minTrailingAboveDelta': 10, 'maxTrailingAboveDelta': 2000, 'minTrailingBelowDelta': 10, 'maxTrailingBelowDelta': 2000}, {'filterType': 'MAX_NUM_ORDERS', 'maxNumOrders': 200}, {'filterType': 'MAX_NUM_ALGO_ORDERS', 'maxNumAlgoOrders': 5}]",['SPOT'],EXPIRE_MAKER,"['EXPIRE_TAKER', 'EXPIRE_MAKER', 'EXPIRE_BOTH']",0.0001,0.0001,1000.0000,1.00000000,1.00000000,9000000.00000000,10.0000
177,OGNUSDT,TRADING,OGN,8,USDT,8,8,8,8,"['LIMIT', 'LIMIT_MAKER', 'MARKET', 'STOP_LOSS_LIMIT', 'TAKE_PROFIT_LIMIT']",True,True,True,True,True,True,False,"[{'filterType': 'PRICE_FILTER', 'minPrice': '0.00001000', 'maxPrice': '1000.00000000', 'tickSize': '0.00001000'}, {'filterType': 'PERCENT_PRICE', 'multiplierUp': '5', 'multiplierDown': '0.2', 'avgPriceMins': 5}, {'filterType': 'LOT_SIZE', 'minQty': '1.00000000', 'maxQty': '900000.00000000', 'stepSize': '1.00000000'}, {'filterType': 'MIN_NOTIONAL', 'minNotional': '1.00000000', 'applyToMarket': True, 'avgPriceMins': 5}, {'filterType': 'ICEBERG_PARTS', 'limit': 10}, {'filterType': 'MARKET_LOT_SIZE', 'minQty': '0.00000000', 'maxQty': '5477.35564853', 'stepSize': '0.00000000'}, {'filterType': 'TRAILING_DELTA', 'minTrailingAboveDelta': 10, 'maxTrailingAboveDelta': 2000, 'minTrailingBelowDelta': 10, 'maxTrailingBelowDelta': 2000}, {'filterType': 'PERCENT_PRICE_BY_SIDE', 'bidMultiplierUp': '1.25', 'bidMultiplierDown': '0.2', 'askMultiplierUp': '5', 'askMultiplierDown': '0.75', 'avgPriceMins': 5}, {'filterType': 'MAX_NUM_ORDERS', 'maxNumOrders': 200}, {'filterType': 'MAX_NUM_ALGO_ORDERS', 'maxNumAlgoOrders': 5}]",['SPOT'],EXPIRE_MAKER,"['EXPIRE_TAKER', 'EXPIRE_MAKER', 'EXPIRE_BOTH']",0.00001000,0.00001000,1000.00000000,1.00000000,1.00000000,900000.00000000,1.00000000
178,OGNUSD4,BREAK,OGN,8,USD4,4,4,8,4,"['LIMIT', 'LIMIT_MAKER', 'MARKET', 'STOP_LOSS_LIMIT', 'TAKE_PROFIT_LIMIT']",True,True,True,True,True,True,False,"[{'filterType': 'PRICE_FILTER', 'minPrice': '0.0001', 'maxPrice': '1000.0000', 'tickSize': '0.0001'}, {'filterType': 'PERCENT_PRICE', 'multiplierUp': '5', 'multiplierDown': '0.2', 'avgPriceMins': 5}, {'filterType': 'LOT_SIZE', 'minQty': '1.00000000', 'maxQty': '900000.00000000', 'stepSize': '1.00000000'}, {'filterType': 'MIN_NOTIONAL', 'minNotional': '10.0000', 'applyToMarket': True, 'avgPriceMins': 5}, {'filterType': 'ICEBERG_PARTS', 'limit': 10}, {'filterType': 'MARKET_LOT_SIZE', 'minQty': '0.00000000', 'maxQty': '569534.45726198', 'stepSize': '0.00000000'}, {'filterType': 'TRAILING_DELTA', 'minTrailingAboveDelta': 10, 'maxTrailingAboveDelta': 2000, 'minTrailingBelowDelta': 10, 'maxTrailingBelowDelta': 2000}, {'filterType': 'MAX_NUM_ORDERS', 'maxNumOrders': 200}, {'filterType': 'MAX_NUM_ALGO_ORDERS', 'maxNumAlgoOrders': 5}]",['SPOT'],EXPIRE_MAKER,"['EXPIRE_TAKER', 'EXPIRE_MAKER', 'EXPIRE_BOTH']",0.0001,0.0001,1000.0000,1.00000000,1.00000000,900000.00000000,10.0000
179,GALAUSDT,TRADING,GALA,8,USDT,8,8,8,8,"['LIMIT', 'LIMIT_MAKER', 'MARKET', 'STOP_LOSS_LIMIT', 'TAKE_PROFIT_LIMIT']",True,True,True,True,True,True,False,"[{'filterType': 'PRICE_FILTER', 'minPrice': '0.00001000', 'maxPrice': '1000.00000000', 'tickSize': '0.00001000'}, {'filterType': 'PERCENT_PRICE', 'multiplierUp': '5', 'multiplierDown': '0.2', 'avgPriceMins': 5}, {'filterType': 'LOT_SIZE', 'minQty': '1.00000000', 'maxQty': '92141578.00000000', 'stepSize': '1.00000000'}, {'filterType': 'MIN_NOTIONAL', 'minNotional': '1.00000000', 'applyToMarket': True, 'avgPriceMins': 5}, {'filterType': 'ICEBERG_PARTS', 'limit': 10}, {'filterType': 'MARKET_LOT_SIZE', 'minQty': '0.00000000', 'maxQty': '3012561.26778242', 'stepSize': '0.00000000'}, {'filterType': 'TRAILING_DELTA', 'minTrailingAboveDelta': 10, 'maxTrailingAboveDelta': 2000, 'minTrailingBelowDelta': 10, 'maxTrailingBelowDelta': 2000}, {'filterType': 'PERCENT_PRICE_BY_SIDE', 'bidMultiplierUp': '1.25', 'bidMultiplierDown': '0.2', 'askMultiplierUp': '5', 'askMultiplierDown': '0.75', 'avgPriceMins': 5}, {'filterType': 'MAX_NUM_ORDERS', 'maxNumOrders': 200}, {'filterType': 'MAX_NUM_ALGO_ORDERS', 'maxNumAlgoOrders': 5}]",['SPOT'],EXPIRE_MAKER,"['EXPIRE_TAKER', 'EXPIRE_MAKER', 'EXPIRE_BOTH']",0.00001000,0.00001000,1000.00000000,1.00000000,1.00000000,92141578.00000000,1.00000000
180,GALAUSD4,BREAK,GALA,8,USD4,4,4,8,4,"['LIMIT', 'LIMIT_MAKER', 'MARKET', 'STOP_LOSS_LIMIT', 'TAKE_PROFIT_LIMIT']",True,True,True,True,True,True,False,"[{'filterType': 'PRICE_FILTER', 'minPrice': '0.0001', 'maxPrice': '1000.0000', 'tickSize': '0.0001'}, {'filterType': 'PERCENT_PRICE', 'multiplierUp': '5', 'multiplierDown': '0.2', 'avgPriceMins': 5}, {'filterType': 'LOT_SIZE', 'minQty': '1.00000000', 'maxQty': '92141578.00000000', 'stepSize': '1.00000000'}, {'filterType': 'MIN_NOTIONAL', 'minNotional': '10.0000', 'applyToMarket': True, 'avgPriceMins': 5}, {'filterType': 'ICEBERG_PARTS', 'limit': 10}, {'filterType': 'MARKET_LOT_SIZE', 'minQty': '0.00000000', 'maxQty': '10519306.87074357', 'stepSize': '0.00000000'}, {'filterType': 'TRAILING_DELTA', 'minTrailingAboveDelta': 10, 'maxTrailingAboveDelta': 2000, 'minTrailingBelowDelta': 10, 'maxTrailingBelowDelta': 2000}, {'filterType': 'MAX_NUM_ORDERS', 'maxNumOrders': 200}, {'filterType': 'MAX_NUM_ALGO_ORDERS', 'maxNumAlgoOrders': 5}]",['SPOT'],EXPIRE_MAKER,"['EXPIRE_TAKER', 'EXPIRE_MAKER', 'EXPIRE_BOTH']",0.0001,0.0001,1000.0000,1.00000000,1.00000000,92141578.00000000,10.0000
181,TLMUSDT,TRADING,TLM,8,USDT,8,8,8,8,"['LIMIT', 'LIMIT_MAKER', 'MARKET', 'STOP_LOSS_LIMIT', 'TAKE_PROFIT_LIMIT']",True,True,True,True,True,True,False,"[{'filterType': 'PRICE_FILTER', 'minPrice': '0.00000100', 'maxPrice': '1000.00000000', 'tickSize': '0.00000100'}, {'filterType': 'PERCENT_PRICE', 'multiplierUp': '5', 'multiplierDown': '0.2', 'avgPriceMins': 5}, {'filterType': 'LOT_SIZE', 'minQty': '1.00000000', 'maxQty': '900000.00000000', 'stepSize': '1.00000000'}, {'filterType': 'MIN_NOTIONAL', 'minNotional': '1.00000000', 'applyToMarket': True, 'avgPriceMins': 5}, {'filterType': 'ICEBERG_PARTS', 'limit': 10}, {'filterType': 'MARKET_LOT_SIZE', 'minQty': '0.00000000', 'maxQty': '101170.23849372', 'stepSize': '0.00000000'}, {'filterType': 'TRAILING_DELTA', 'minTrailingAboveDelta': 10, 'maxTrailingAboveDelta': 2000, 'minTrailingBelowDelta': 10, 'maxTrailingBelowDelta': 2000}, {'filterType': 'PERCENT_PRICE_BY_SIDE', 'bidMultiplierUp': '1.25', 'bidMultiplierDown': '0.2', 'askMultiplierUp': '5', 'askMultiplierDown': '0.75', 'avgPriceMins': 5}, {'filterType': 'MAX_NUM_ORDERS', 'maxNumOrders': 200}, {'filterType': 'MAX_NUM_ALGO_ORDERS', 'maxNumAlgoOrders': 5}]",['SPOT'],EXPIRE_MAKER,"['EXPIRE_TAKER', 'EXPIRE_MAKER', 'EXPIRE_BOTH']",0.00000100,0.00000100,1000.00000000,1.00000000,1.00000000,900000.00000000,1.00000000
182,TLMUSD4,BREAK,TLM,8,USD4,4,4,8,4,"['LIMIT', 'LIMIT_MAKER', 'MARKET', 'STOP_LOSS_LIMIT', 'TAKE_PROFIT_LIMIT']",True,True,True,True,True,True,False,"[{'filterType': 'PRICE_FILTER', 'minPrice': '0.0001', 'maxPrice': '1000.0000', 'tickSize': '0.0001'}, {'filterType': 'PERCENT_PRICE', 'multiplierUp': '5', 'multiplierDown': '0.2', 'avgPriceMins': 5}, {'filterType': 'LOT_SIZE', 'minQty': '1.00000000', 'maxQty': '900000.00000000', 'stepSize': '1.00000000'}, {'filterType': 'MIN_NOTIONAL', 'minNotional': '10.0000', 'applyToMarket': True, 'avgPriceMins': 5}, {'filterType': 'ICEBERG_PARTS', 'limit': 10}, {'filterType': 'MARKET_LOT_SIZE', 'minQty': '0.00000000', 'maxQty': '4720997.96455872', 'stepSize': '0.00000000'}, {'filterType': 'TRAILING_DELTA', 'minTrailingAboveDelta': 10, 'maxTrailingAboveDelta': 2000, 'minTrailingBelowDelta': 10, 'maxTrailingBelowDelta': 2000}, {'filterType': 'MAX_NUM_ORDERS', 'maxNumOrders': 200}, {'filterType': 'MAX_NUM_ALGO_ORDERS', 'maxNumAlgoOrders': 5}]",['SPOT'],EXPIRE_MAKER,"['EXPIRE_TAKER', 'EXPIRE_MAKER', 'EXPIRE_BOTH']",0.0001,0.0001,1000.0000,1.00000000,1.00000000,900000.00000000,10.0000
183,SNXUSDT,TRADING,SNX,8,USDT,8,8,8,8,"['LIMIT', 'LIMIT_MAKER', 'MARKET', 'STOP_LOSS_LIMIT', 'TAKE_PROFIT_LIMIT']",True,True,True,True,True,True,False,"[{'filterType': 'PRICE_FILTER', 'minPrice': '0.00100000', 'maxPrice': '10000.00000000', 'tickSize': '0.00100000'}, {'filterType': 'PERCENT_PRICE', 'multiplierUp': '5', 'multiplierDown': '0.2', 'avgPriceMins': 5}, {'filterType': 'LOT_SIZE', 'minQty': '0.10000000', 'maxQty': '90000.00000000', 'stepSize': '0.10000000'}, {'filterType': 'MIN_NOTIONAL', 'minNotional': '1.00000000', 'applyToMarket': True, 'avgPriceMins': 5}, {'filterType': 'ICEBERG_PARTS', 'limit': 10}, {'filterType': 'MARKET_LOT_SIZE', 'minQty': '0.00000000', 'maxQty': '1055.00000000', 'stepSize': '0.00000000'}, {'filterType': 'TRAILING_DELTA', 'minTrailingAboveDelta': 10, 'maxTrailingAboveDelta': 2000, 'minTrailingBelowDelta': 10, 'maxTrailingBelowDelta': 2000}, {'filterType': 'PERCENT_PRICE_BY_SIDE', 'bidMultiplierUp': '1.25', 'bidMultiplierDown': '0.2', 'askMultiplierUp': '5', 'askMultiplierDown': '0.75', 'avgPriceMins': 5}, {'filterType': 'MAX_NUM_ORDERS', 'maxNumOrders': 200}, {'filterType': 'MAX_NUM_ALGO_ORDERS', 'maxNumAlgoOrders': 5}]",['SPOT'],EXPIRE_MAKER,"['EXPIRE_TAKER', 'EXPIRE_MAKER', 'EXPIRE_BOTH']",0.00100000,0.00100000,10000.00000000,0.10000000,0.10000000,90000.00000000,1.00000000
184,SNXUSD4,BREAK,SNX,8,USD4,4,4,8,3,"['LIMIT', 'LIMIT_MAKER', 'MARKET', 'STOP_LOSS_LIMIT', 'TAKE_PROFIT_LIMIT']",True,True,True,True,True,True,False,"[{'filterType': 'PRICE_FILTER', 'minPrice': '0.0010', 'maxPrice': '10000.0000', 'tickSize': '0.0010'}, {'filterType': 'PERCENT_PRICE', 'multiplierUp': '5', 'multiplierDown': '0.2', 'avgPriceMins': 5}, {'filterType': 'LOT_SIZE', 'minQty': '0.10000000', 'maxQty': '90000.00000000', 'stepSize': '0.10000000'}, {'filterType': 'MIN_NOTIONAL', 'minNotional': '10.0000', 'applyToMarket': True, 'avgPriceMins': 5}, {'filterType': 'ICEBERG_PARTS', 'limit': 10}, {'filterType': 'MARKET_LOT_SIZE', 'minQty': '0.00000000', 'maxQty': '39955.67692842', 'stepSize': '0.00000000'}, {'filterType': 'TRAILING_DELTA', 'minTrailingAboveDelta': 10, 'maxTrailingAboveDelta': 2000, 'minTrailingBelowDelta': 10, 'maxTrailingBelowDelta': 2000}, {'filterType': 'MAX_NUM_ORDERS', 'maxNumOrders': 200}, {'filterType': 'MAX_NUM_ALGO_ORDERS', 'maxNumAlgoOrders': 5}]",['SPOT'],EXPIRE_MAKER,"['EXPIRE_TAKER', 'EXPIRE_MAKER', 'EXPIRE_BOTH']",0.0010,0.0010,10000.0000,0.10000000,0.10000000,90000.00000000,10.0000
185,AUDIOUSDT,TRADING,AUDIO,8,USDT,8,8,8,8,"['LIMIT', 'LIMIT_MAKER', 'MARKET', 'STOP_LOSS_LIMIT', 'TAKE_PROFIT_LIMIT']",True,True,True,True,True,True,False,"[{'filterType': 'PRICE_FILTER', 'minPrice': '0.00001000', 'maxPrice': '1000.00000000', 'tickSize': '0.00001000'}, {'filterType': 'PERCENT_PRICE', 'multiplierUp': '5', 'multiplierDown': '0.2', 'avgPriceMins': 5}, {'filterType': 'LOT_SIZE', 'minQty': '0.10000000', 'maxQty': '900000.00000000', 'stepSize': '0.10000000'}, {'filterType': 'MIN_NOTIONAL', 'minNotional': '1.00000000', 'applyToMarket': True, 'avgPriceMins': 5}, {'filterType': 'ICEBERG_PARTS', 'limit': 10}, {'filterType': 'MARKET_LOT_SIZE', 'minQty': '0.00000000', 'maxQty': '7185.08158995', 'stepSize': '0.00000000'}, {'filterType': 'TRAILING_DELTA', 'minTrailingAboveDelta': 10, 'maxTrailingAboveDelta': 2000, 'minTrailingBelowDelta': 10, 'maxTrailingBelowDelta': 2000}, {'filterType': 'PERCENT_PRICE_BY_SIDE', 'bidMultiplierUp': '1.25', 'bidMultiplierDown': '0.2', 'askMultiplierUp': '5', 'askMultiplierDown': '0.75', 'avgPriceMins': 5}, {'filterType': 'MAX_NUM_ORDERS', 'maxNumOrders': 200}, {'filterType': 'MAX_NUM_ALGO_ORDERS', 'maxNumAlgoOrders': 5}]",['SPOT'],EXPIRE_MAKER,"['EXPIRE_TAKER', 'EXPIRE_MAKER', 'EXPIRE_BOTH']",0.00001000,0.00001000,1000.00000000,0.10000000,0.10000000,900000.00000000,1.00000000
186,AUDIOUSD4,BREAK,AUDIO,8,USD4,4,4,8,3,"['LIMIT', 'LIMIT_MAKER', 'MARKET', 'STOP_LOSS_LIMIT', 'TAKE_PROFIT_LIMIT']",True,True,True,True,True,True,False,"[{'filterType': 'PRICE_FILTER', 'minPrice': '0.0010', 'maxPrice': '1000.0000', 'tickSize': '0.0010'}, {'filterType': 'PERCENT_PRICE', 'multiplierUp': '5', 'multiplierDown': '0.2', 'avgPriceMins': 5}, {'filterType': 'LOT_SIZE', 'minQty': '0.10000000', 'maxQty': '900000.00000000', 'stepSize': '0.10000000'}, {'filterType': 'MIN_NOTIONAL', 'minNotional': '10.0000', 'applyToMarket': True, 'avgPriceMins': 5}, {'filterType': 'ICEBERG_PARTS', 'limit': 10}, {'filterType': 'MARKET_LOT_SIZE', 'minQty': '0.00000000', 'maxQty': '241109.39353717', 'stepSize': '0.00000000'}, {'filterType': 'TRAILING_DELTA', 'minTrailingAboveDelta': 10, 'maxTrailingAboveDelta': 2000, 'minTrailingBelowDelta': 10, 'maxTrailingBelowDelta': 2000}, {'filterType': 'MAX_NUM_ORDERS', 'maxNumOrders': 200}, {'filterType': 'MAX_NUM_ALGO_ORDERS', 'maxNumAlgoOrders': 5}]",['SPOT'],EXPIRE_MAKER,"['EXPIRE_TAKER', 'EXPIRE_MAKER', 'EXPIRE_BOTH']",0.0010,0.0010,1000.0000,0.10000000,0.10000000,900000.00000000,10.0000
187,ENSUSDT,TRADING,ENS,8,USDT,8,8,8,8,"['LIMIT', 'LIMIT_MAKER', 'MARKET', 'STOP_LOSS_LIMIT', 'TAKE_PROFIT_LIMIT']",True,True,True,True,True,True,False,"[{'filterType': 'PRICE_FILTER', 'minPrice': '0.01000000', 'maxPrice': '10000.00000000', 'tickSize': '0.01000000'}, {'filterType': 'PERCENT_PRICE', 'multiplierUp': '5', 'multiplierDown': '0.2', 'avgPriceMins': 5}, {'filterType': 'LOT_SIZE', 'minQty': '0.01000000', 'maxQty': '9222449.00000000', 'stepSize': '0.01000000'}, {'filterType': 'MIN_NOTIONAL', 'minNotional': '1.00000000', 'applyToMarket': True, 'avgPriceMins': 5}, {'filterType': 'ICEBERG_PARTS', 'limit': 10}, {'filterType': 'MARKET_LOT_SIZE', 'minQty': '0.00000000', 'maxQty': '13.48690376', 'stepSize': '0.00000000'}, {'filterType': 'TRAILING_DELTA', 'minTrailingAboveDelta': 10, 'maxTrailingAboveDelta': 2000, 'minTrailingBelowDelta': 10, 'maxTrailingBelowDelta': 2000}, {'filterType': 'PERCENT_PRICE_BY_SIDE', 'bidMultiplierUp': '1.25', 'bidMultiplierDown': '0.2', 'askMultiplierUp': '5', 'askMultiplierDown': '0.75', 'avgPriceMins': 5}, {'filterType': 'MAX_NUM_ORDERS', 'maxNumOrders': 200}, {'filterType': 'MAX_NUM_ALGO_ORDERS', 'maxNumAlgoOrders': 5}]",['SPOT'],EXPIRE_MAKER,"['EXPIRE_TAKER', 'EXPIRE_MAKER', 'EXPIRE_BOTH']",0.01000000,0.01000000,10000.00000000,0.01000000,0.01000000,9222449.00000000,1.00000000
188,MANABTC,BREAK,MANA,8,BTC,8,8,8,8,"['LIMIT', 'LIMIT_MAKER', 'MARKET', 'STOP_LOSS_LIMIT', 'TAKE_PROFIT_LIMIT']",True,True,True,True,True,True,False,"[{'filterType': 'PRICE_FILTER', 'minPrice': '0.00000001', 'maxPrice': '1000.00000000', 'tickSize': '0.00000001'}, {'filterType': 'PERCENT_PRICE', 'multiplierUp': '5', 'multiplierDown': '0.2', 'avgPriceMins': 5}, {'filterType': 'LOT_SIZE', 'minQty': '1.00000000', 'maxQty': '90000000.00000000', 'stepSize': '1.00000000'}, {'filterType': 'MIN_NOTIONAL', 'minNotional': '0.00010000', 'applyToMarket': True, 'avgPriceMins': 5}, {'filterType': 'ICEBERG_PARTS', 'limit': 10}, {'filterType': 'MARKET_LOT_SIZE', 'minQty': '0.00000000', 'maxQty': '149011.94788047', 'stepSize': '0.00000000'}, {'filterType': 'TRAILING_DELTA', 'minTrailingAboveDelta': 10, 'maxTrailingAboveDelta': 2000, 'minTrailingBelowDelta': 10, 'maxTrailingBelowDelta': 2000}, {'filterType': 'MAX_NUM_ORDERS', 'maxNumOrders': 200}, {'filterType': 'MAX_NUM_ALGO_ORDERS', 'maxNumAlgoOrders': 5}]",['SPOT'],EXPIRE_MAKER,"['EXPIRE_TAKER', 'EXPIRE_MAKER', 'EXPIRE_BOTH']",0.00000001,0.00000001,1000.00000000,1.00000000,1.00000000,90000000.00000000,0.00010000
189,ATOMBTC,BREAK,ATOM,8,BTC,8,8,8,8,"['LIMIT', 'LIMIT_MAKER', 'MARKET', 'STOP_LOSS_LIMIT', 'TAKE_PROFIT_LIMIT']",True,True,True,True,True,True,False,"[{'filterType': 'PRICE_FILTER', 'minPrice': '0.00000010', 'maxPrice': '1000.00000000', 'tickSize': '0.00000010'}, {'filterType': 'PERCENT_PRICE', 'multiplierUp': '5', 'multiplierDown': '0.2', 'avgPriceMins': 5}, {'filterType': 'LOT_SIZE', 'minQty': '0.01000000', 'maxQty': '90000000.00000000', 'stepSize': '0.01000000'}, {'filterType': 'MIN_NOTIONAL', 'minNotional': '0.00010000', 'applyToMarket': True, 'avgPriceMins': 5}, {'filterType': 'ICEBERG_PARTS', 'limit': 10}, {'filterType': 'MARKET_LOT_SIZE', 'minQty': '0.00000000', 'maxQty': '27114.50637751', 'stepSize': '0.00000000'}, {'filterType': 'TRAILING_DELTA', 'minTrailingAboveDelta': 10, 'maxTrailingAboveDelta': 2000, 'minTrailingBelowDelta': 10, 'maxTrailingBelowDelta': 2000}, {'filterType': 'MAX_NUM_ORDERS', 'maxNumOrders': 200}, {'filterType': 'MAX_NUM_ALGO_ORDERS', 'maxNumAlgoOrders': 5}]",['SPOT'],EXPIRE_MAKER,"['EXPIRE_TAKER', 'EXPIRE_MAKER', 'EXPIRE_BOTH']",0.00000010,0.00000010,1000.00000000,0.01000000,0.01000000,90000000.00000000,0.00010000
190,AVAXBTC,BREAK,AVAX,8,BTC,8,8,8,8,"['LIMIT', 'LIMIT_MAKER', 'MARKET', 'STOP_LOSS_LIMIT', 'TAKE_PROFIT_LIMIT']",True,True,True,True,True,True,False,"[{'filterType': 'PRICE_FILTER', 'minPrice': '0.00000010', 'maxPrice': '1000.00000000', 'tickSize': '0.00000010'}, {'filterType': 'PERCENT_PRICE', 'multiplierUp': '5', 'multiplierDown': '0.2', 'avgPriceMins': 5}, {'filterType': 'LOT_SIZE', 'minQty': '0.01000000', 'maxQty': '90000000.00000000', 'stepSize': '0.01000000'}, {'filterType': 'MIN_NOTIONAL', 'minNotional': '0.00010000', 'applyToMarket': True, 'avgPriceMins': 5}, {'filterType': 'ICEBERG_PARTS', 'limit': 10}, {'filterType': 'MARKET_LOT_SIZE', 'minQty': '0.00000000', 'maxQty': '219.14906040', 'stepSize': '0.00000000'}, {'filterType': 'TRAILING_DELTA', 'minTrailingAboveDelta': 10, 'maxTrailingAboveDelta': 2000, 'minTrailingBelowDelta': 10, 'maxTrailingBelowDelta': 2000}, {'filterType': 'PERCENT_PRICE_BY_SIDE', 'bidMultiplierUp': '1.25', 'bidMultiplierDown': '0.2', 'askMultiplierUp': '5', 'askMultiplierDown': '0.75', 'avgPriceMins': 5}, {'filterType': 'MAX_NUM_ORDERS', 'maxNumOrders': 200}, {'filterType': 'MAX_NUM_ALGO_ORDERS', 'maxNumAlgoOrders': 5}]",['SPOT'],EXPIRE_MAKER,"['EXPIRE_TAKER', 'EXPIRE_MAKER', 'EXPIRE_BOTH']",0.00000010,0.00000010,1000.00000000,0.01000000,0.01000000,90000000.00000000,0.00010000
191,WBTCBTC,TRADING,WBTC,8,BTC,8,8,8,8,"['LIMIT', 'LIMIT_MAKER', 'MARKET', 'STOP_LOSS_LIMIT', 'TAKE_PROFIT_LIMIT']",True,True,True,True,True,True,False,"[{'filterType': 'PRICE_FILTER', 'minPrice': '0.00010000', 'maxPrice': '1000.00000000', 'tickSize': '0.00010000'}, {'filterType': 'PERCENT_PRICE', 'multiplierUp': '5', 'multiplierDown': '0.2', 'avgPriceMins': 5}, {'filterType': 'LOT_SIZE', 'minQty': '0.00001000', 'maxQty': '92141578.00000000', 'stepSize': '0.00001000'}, {'filterType': 'MIN_NOTIONAL', 'minNotional': '0.00010000', 'applyToMarket': True, 'avgPriceMins': 5}, {'filterType': 'ICEBERG_PARTS', 'limit': 10}, {'filterType': 'MARKET_LOT_SIZE', 'minQty': '0.00000000', 'maxQty': '0.16063000', 'stepSize': '0.00000000'}, {'filterType': 'TRAILING_DELTA', 'minTrailingAboveDelta': 10, 'maxTrailingAboveDelta': 2000, 'minTrailingBelowDelta': 10, 'maxTrailingBelowDelta': 2000}, {'filterType': 'PERCENT_PRICE_BY_SIDE', 'bidMultiplierUp': '1.25', 'bidMultiplierDown': '0.2', 'askMultiplierUp': '5', 'askMultiplierDown': '0.75', 'avgPriceMins': 5}, {'filterType': 'MAX_NUM_ORDERS', 'maxNumOrders': 200}, {'filterType': 'MAX_NUM_ALGO_ORDERS', 'maxNumAlgoOrders': 5}]",['SPOT'],EXPIRE_MAKER,"['EXPIRE_TAKER', 'EXPIRE_MAKER', 'EXPIRE_BOTH']",0.00010000,0.00010000,1000.00000000,0.00001000,0.00001000,92141578.00000000,0.00010000
192,REQUSDT,TRADING,REQ,8,USDT,8,8,8,8,"['LIMIT', 'LIMIT_MAKER', 'MARKET', 'STOP_LOSS_LIMIT', 'TAKE_PROFIT_LIMIT']",True,True,True,True,True,True,False,"[{'filterType': 'PRICE_FILTER', 'minPrice': '0.00010000', 'maxPrice': '1000.00000000', 'tickSize': '0.00010000'}, {'filterType': 'PERCENT_PRICE', 'multiplierUp': '5', 'multiplierDown': '0.2', 'avgPriceMins': 5}, {'filterType': 'LOT_SIZE', 'minQty': '1.00000000', 'maxQty': '92141578.00000000', 'stepSize': '1.00000000'}, {'filterType': 'MIN_NOTIONAL', 'minNotional': '1.00000000', 'applyToMarket': True, 'avgPriceMins': 5}, {'filterType': 'ICEBERG_PARTS', 'limit': 10}, {'filterType': 'MARKET_LOT_SIZE', 'minQty': '0.00000000', 'maxQty': '4425.59832635', 'stepSize': '0.00000000'}, {'filterType': 'TRAILING_DELTA', 'minTrailingAboveDelta': 10, 'maxTrailingAboveDelta': 2000, 'minTrailingBelowDelta': 10, 'maxTrailingBelowDelta': 2000}, {'filterType': 'PERCENT_PRICE_BY_SIDE', 'bidMultiplierUp': '1.25', 'bidMultiplierDown': '0.2', 'askMultiplierUp': '5', 'askMultiplierDown': '0.75', 'avgPriceMins': 5}, {'filterType': 'MAX_NUM_ORDERS', 'maxNumOrders': 200}, {'filterType': 'MAX_NUM_ALGO_ORDERS', 'maxNumAlgoOrders': 5}]",['SPOT'],EXPIRE_MAKER,"['EXPIRE_TAKER', 'EXPIRE_MAKER', 'EXPIRE_BOTH']",0.00010000,0.00010000,1000.00000000,1.00000000,1.00000000,92141578.00000000,1.00000000
193,REQUSD4,BREAK,REQ,8,USD4,4,4,8,4,"['LIMIT', 'LIMIT_MAKER', 'MARKET', 'STOP_LOSS_LIMIT', 'TAKE_PROFIT_LIMIT']",True,True,True,True,True,True,False,"[{'filterType': 'PRICE_FILTER', 'minPrice': '0.0001', 'maxPrice': '1000.0000', 'tickSize': '0.0001'}, {'filterType': 'PERCENT_PRICE', 'multiplierUp': '5', 'multiplierDown': '0.2', 'avgPriceMins': 5}, {'filterType': 'LOT_SIZE', 'minQty': '1.00000000', 'maxQty': '92141578.00000000', 'stepSize': '1.00000000'}, {'filterType': 'MIN_NOTIONAL', 'minNotional': '10.0000', 'applyToMarket': True, 'avgPriceMins': 5}, {'filterType': 'ICEBERG_PARTS', 'limit': 10}, {'filterType': 'MARKET_LOT_SIZE', 'minQty': '0.00000000', 'maxQty': '933555.52605976', 'stepSize': '0.00000000'}, {'filterType': 'TRAILING_DELTA', 'minTrailingAboveDelta': 10, 'maxTrailingAboveDelta': 2000, 'minTrailingBelowDelta': 10, 'maxTrailingBelowDelta': 2000}, {'filterType': 'MAX_NUM_ORDERS', 'maxNumOrders': 200}, {'filterType': 'MAX_NUM_ALGO_ORDERS', 'maxNumAlgoOrders': 5}]",['SPOT'],EXPIRE_MAKER,"['EXPIRE_TAKER', 'EXPIRE_MAKER', 'EXPIRE_BOTH']",0.0001,0.0001,1000.0000,1.00000000,1.00000000,92141578.00000000,10.0000
194,APEUSDT,TRADING,APE,8,USDT,8,8,8,8,"['LIMIT', 'LIMIT_MAKER', 'MARKET', 'STOP_LOSS_LIMIT', 'TAKE_PROFIT_LIMIT']",True,True,True,True,True,True,False,"[{'filterType': 'PRICE_FILTER', 'minPrice': '0.00010000', 'maxPrice': '1000.00000000', 'tickSize': '0.00010000'}, {'filterType': 'PERCENT_PRICE', 'multiplierUp': '5', 'multiplierDown': '0.2', 'avgPriceMins': 5}, {'filterType': 'LOT_SIZE', 'minQty': '0.01000000', 'maxQty': '92141578.00000000', 'stepSize': '0.01000000'}, {'filterType': 'MIN_NOTIONAL', 'minNotional': '1.00000000', 'applyToMarket': True, 'avgPriceMins': 5}, {'filterType': 'ICEBERG_PARTS', 'limit': 10}, {'filterType': 'MARKET_LOT_SIZE', 'minQty': '0.00000000', 'maxQty': '61774.40347280', 'stepSize': '0.00000000'}, {'filterType': 'TRAILING_DELTA', 'minTrailingAboveDelta': 10, 'maxTrailingAboveDelta': 2000, 'minTrailingBelowDelta': 10, 'maxTrailingBelowDelta': 2000}, {'filterType': 'PERCENT_PRICE_BY_SIDE', 'bidMultiplierUp': '1.25', 'bidMultiplierDown': '0.2', 'askMultiplierUp': '5', 'askMultiplierDown': '0.75', 'avgPriceMins': 5}, {'filterType': 'MAX_NUM_ORDERS', 'maxNumOrders': 200}, {'filterType': 'MAX_NUM_ALGO_ORDERS', 'maxNumAlgoOrders': 5}]",['SPOT'],EXPIRE_MAKER,"['EXPIRE_TAKER', 'EXPIRE_MAKER', 'EXPIRE_BOTH']",0.00010000,0.00010000,1000.00000000,0.01000000,0.01000000,92141578.00000000,1.00000000
195,APEUSD4,BREAK,APE,8,USD4,4,4,8,4,"['LIMIT', 'LIMIT_MAKER', 'MARKET', 'STOP_LOSS_LIMIT', 'TAKE_PROFIT_LIMIT']",True,True,True,True,True,True,False,"[{'filterType': 'PRICE_FILTER', 'minPrice': '0.0001', 'maxPrice': '1000.0000', 'tickSize': '0.0001'}, {'filterType': 'PERCENT_PRICE', 'multiplierUp': '5', 'multiplierDown': '0.2', 'avgPriceMins': 5}, {'filterType': 'LOT_SIZE', 'minQty': '0.01000000', 'maxQty': '92141578.00000000', 'stepSize': '0.01000000'}, {'filterType': 'MIN_NOTIONAL', 'minNotional': '10.0000', 'applyToMarket': True, 'avgPriceMins': 5}, {'filterType': 'ICEBERG_PARTS', 'limit': 10}, {'filterType': 'MARKET_LOT_SIZE', 'minQty': '0.00000000', 'maxQty': '92141578.00000000', 'stepSize': '0.00000000'}, {'filterType': 'TRAILING_DELTA', 'minTrailingAboveDelta': 10, 'maxTrailingAboveDelta': 2000, 'minTrailingBelowDelta': 10, 'maxTrailingBelowDelta': 2000}, {'filterType': 'MAX_NUM_ORDERS', 'maxNumOrders': 200}, {'filterType': 'MAX_NUM_ALGO_ORDERS', 'maxNumAlgoOrders': 5}]",['SPOT'],EXPIRE_MAKER,"['EXPIRE_TAKER', 'EXPIRE_MAKER', 'EXPIRE_BOTH']",0.0001,0.0001,1000.0000,0.01000000,0.01000000,92141578.00000000,10.0000
196,FLUXUSDT,TRADING,FLUX,8,USDT,8,8,8,8,"['LIMIT', 'LIMIT_MAKER', 'MARKET', 'STOP_LOSS_LIMIT', 'TAKE_PROFIT_LIMIT']",True,True,True,True,True,True,False,"[{'filterType': 'PRICE_FILTER', 'minPrice': '0.00010000', 'maxPrice': '1000.00000000', 'tickSize': '0.00010000'}, {'filterType': 'PERCENT_PRICE', 'multiplierUp': '5', 'multiplierDown': '0.2', 'avgPriceMins': 5}, {'filterType': 'LOT_SIZE', 'minQty': '0.01000000', 'maxQty': '92141578.00000000', 'stepSize': '0.01000000'}, {'filterType': 'MIN_NOTIONAL', 'minNotional': '1.00000000', 'applyToMarket': True, 'avgPriceMins': 5}, {'filterType': 'ICEBERG_PARTS', 'limit': 10}, {'filterType': 'MARKET_LOT_SIZE', 'minQty': '0.00000000', 'maxQty': '14949.51673640', 'stepSize': '0.00000000'}, {'filterType': 'TRAILING_DELTA', 'minTrailingAboveDelta': 10, 'maxTrailingAboveDelta': 2000, 'minTrailingBelowDelta': 10, 'maxTrailingBelowDelta': 2000}, {'filterType': 'PERCENT_PRICE_BY_SIDE', 'bidMultiplierUp': '1.25', 'bidMultiplierDown': '0.2', 'askMultiplierUp': '5', 'askMultiplierDown': '0.75', 'avgPriceMins': 5}, {'filterType': 'MAX_NUM_ORDERS', 'maxNumOrders': 200}, {'filterType': 'MAX_NUM_ALGO_ORDERS', 'maxNumAlgoOrders': 5}]",['SPOT'],EXPIRE_MAKER,"['EXPIRE_TAKER', 'EXPIRE_MAKER', 'EXPIRE_BOTH']",0.00010000,0.00010000,1000.00000000,0.01000000,0.01000000,92141578.00000000,1.00000000
197,FLUXUSD4,BREAK,FLUX,8,USD4,4,4,8,3,"['LIMIT', 'LIMIT_MAKER', 'MARKET', 'STOP_LOSS_LIMIT', 'TAKE_PROFIT_LIMIT']",True,True,True,True,True,True,False,"[{'filterType': 'PRICE_FILTER', 'minPrice': '0.0010', 'maxPrice': '1000.0000', 'tickSize': '0.0010'}, {'filterType': 'PERCENT_PRICE', 'multiplierUp': '5', 'multiplierDown': '0.2', 'avgPriceMins': 5}, {'filterType': 'LOT_SIZE', 'minQty': '0.01000000', 'maxQty': '92141578.00000000', 'stepSize': '0.01000000'}, {'filterType': 'MIN_NOTIONAL', 'minNotional': '10.0000', 'applyToMarket': True, 'avgPriceMins': 5}, {'filterType': 'ICEBERG_PARTS', 'limit': 10}, {'filterType': 'MARKET_LOT_SIZE', 'minQty': '0.00000000', 'maxQty': '175409.69921473', 'stepSize': '0.00000000'}, {'filterType': 'TRAILING_DELTA', 'minTrailingAboveDelta': 10, 'maxTrailingAboveDelta': 2000, 'minTrailingBelowDelta': 10, 'maxTrailingBelowDelta': 2000}, {'filterType': 'MAX_NUM_ORDERS', 'maxNumOrders': 200}, {'filterType': 'MAX_NUM_ALGO_ORDERS', 'maxNumAlgoOrders': 5}]",['SPOT'],EXPIRE_MAKER,"['EXPIRE_TAKER', 'EXPIRE_MAKER', 'EXPIRE_BOTH']",0.0010,0.0010,1000.0000,0.01000000,0.01000000,92141578.00000000,10.0000
198,TRXBTC,BREAK,TRX,8,BTC,8,8,8,8,"['LIMIT', 'LIMIT_MAKER', 'MARKET', 'STOP_LOSS_LIMIT', 'TAKE_PROFIT_LIMIT']",True,True,True,True,True,True,False,"[{'filterType': 'PRICE_FILTER', 'minPrice': '0.00000001', 'maxPrice': '1000.00000000', 'tickSize': '0.00000001'}, {'filterType': 'PERCENT_PRICE', 'multiplierUp': '5', 'multiplierDown': '0.2', 'avgPriceMins': 5}, {'filterType': 'LOT_SIZE', 'minQty': '1.00000000', 'maxQty': '90000000.00000000', 'stepSize': '1.00000000'}, {'filterType': 'MIN_NOTIONAL', 'minNotional': '0.00010000', 'applyToMarket': True, 'avgPriceMins': 5}, {'filterType': 'ICEBERG_PARTS', 'limit': 10}, {'filterType': 'MARKET_LOT_SIZE', 'minQty': '0.00000000', 'maxQty': '26990722.39749826', 'stepSize': '0.00000000'}, {'filterType': 'TRAILING_DELTA', 'minTrailingAboveDelta': 10, 'maxTrailingAboveDelta': 2000, 'minTrailingBelowDelta': 10, 'maxTrailingBelowDelta': 2000}, {'filterType': 'MAX_NUM_ORDERS', 'maxNumOrders': 200}, {'filterType': 'MAX_NUM_ALGO_ORDERS', 'maxNumAlgoOrders': 5}]",['SPOT'],EXPIRE_MAKER,"['EXPIRE_TAKER', 'EXPIRE_MAKER', 'EXPIRE_BOTH']",0.00000001,0.00000001,1000.00000000,1.00000000,1.00000000,90000000.00000000,0.00010000
199,TRXBUSD,BREAK,TRX,8,BUSD,8,8,8,8,"['LIMIT', 'LIMIT_MAKER', 'MARKET', 'STOP_LOSS_LIMIT', 'TAKE_PROFIT_LIMIT']",True,True,True,True,True,True,False,"[{'filterType': 'PRICE_FILTER', 'minPrice': '0.00001000', 'maxPrice': '1000.00000000', 'tickSize': '0.00001000'}, {'filterType': 'PERCENT_PRICE', 'multiplierUp': '5', 'multiplierDown': '0.2', 'avgPriceMins': 5}, {'filterType': 'LOT_SIZE', 'minQty': '0.10000000', 'maxQty': '9000000.00000000', 'stepSize': '0.10000000'}, {'filterType': 'MIN_NOTIONAL', 'minNotional': '1.00000000', 'applyToMarket': True, 'avgPriceMins': 5}, {'filterType': 'ICEBERG_PARTS', 'limit': 10}, {'filterType': 'MARKET_LOT_SIZE', 'minQty': '0.00000000', 'maxQty': '3197272.47527778', 'stepSize': '0.00000000'}, {'filterType': 'TRAILING_DELTA', 'minTrailingAboveDelta': 10, 'maxTrailingAboveDelta': 2000, 'minTrailingBelowDelta': 10, 'maxTrailingBelowDelta': 2000}, {'filterType': 'MAX_NUM_ORDERS', 'maxNumOrders': 200}, {'filterType': 'MAX_NUM_ALGO_ORDERS', 'maxNumAlgoOrders': 5}]",['SPOT'],EXPIRE_MAKER,"['EXPIRE_TAKER', 'EXPIRE_MAKER', 'EXPIRE_BOTH']",0.00001000,0.00001000,1000.00000000,0.10000000,0.10000000,9000000.00000000,1.00000000
200,TRXUSDT,TRADING,TRX,8,USDT,8,8,8,8,"['LIMIT', 'LIMIT_MAKER', 'MARKET', 'STOP_LOSS_LIMIT', 'TAKE_PROFIT_LIMIT']",True,True,True,True,True,True,False,"[{'filterType': 'PRICE_FILTER', 'minPrice': '0.00010000', 'maxPrice': '1000.00000000', 'tickSize': '0.00010000'}, {'filterType': 'PERCENT_PRICE', 'multiplierUp': '5', 'multiplierDown': '0.2', 'avgPriceMins': 5}, {'filterType': 'LOT_SIZE', 'minQty': '0.10000000', 'maxQty': '9000000.00000000', 'stepSize': '0.10000000'}, {'filterType': 'MIN_NOTIONAL', 'minNotional': '1.00000000', 'applyToMarket': True, 'avgPriceMins': 5}, {'filterType': 'ICEBERG_PARTS', 'limit': 10}, {'filterType': 'MARKET_LOT_SIZE', 'minQty': '0.00000000', 'maxQty': '81150.73807531', 'stepSize': '0.00000000'}, {'filterType': 'TRAILING_DELTA', 'minTrailingAboveDelta': 10, 'maxTrailingAboveDelta': 2000, 'minTrailingBelowDelta': 10, 'maxTrailingBelowDelta': 2000}, {'filterType': 'PERCENT_PRICE_BY_SIDE', 'bidMultiplierUp': '50', 'bidMultiplierDown': '0.02', 'askMultiplierUp': '50', 'askMultiplierDown': '0.02', 'avgPriceMins': 5}, {'filterType': 'MAX_NUM_ORDERS', 'maxNumOrders': 200}, {'filterType': 'MAX_NUM_ALGO_ORDERS', 'maxNumAlgoOrders': 5}]",['SPOT'],EXPIRE_MAKER,"['EXPIRE_TAKER', 'EXPIRE_MAKER', 'EXPIRE_BOTH']",0.00010000,0.00010000,1000.00000000,0.10000000,0.10000000,9000000.00000000,1.00000000
201,TRXUSD4,BREAK,TRX,8,USD4,4,4,8,4,"['LIMIT', 'LIMIT_MAKER', 'MARKET', 'STOP_LOSS_LIMIT', 'TAKE_PROFIT_LIMIT']",True,True,True,True,True,True,False,"[{'filterType': 'PRICE_FILTER', 'minPrice': '0.0001', 'maxPrice': '1000.0000', 'tickSize': '0.0001'}, {'filterType': 'PERCENT_PRICE', 'multiplierUp': '5', 'multiplierDown': '0.2', 'avgPriceMins': 5}, {'filterType': 'LOT_SIZE', 'minQty': '0.10000000', 'maxQty': '9000000.00000000', 'stepSize': '0.10000000'}, {'filterType': 'MIN_NOTIONAL', 'minNotional': '10.0000', 'applyToMarket': True, 'avgPriceMins': 5}, {'filterType': 'ICEBERG_PARTS', 'limit': 10}, {'filterType': 'MARKET_LOT_SIZE', 'minQty': '0.00000000', 'maxQty': '20995303.38346073', 'stepSize': '0.00000000'}, {'filterType': 'TRAILING_DELTA', 'minTrailingAboveDelta': 10, 'maxTrailingAboveDelta': 2000, 'minTrailingBelowDelta': 10, 'maxTrailingBelowDelta': 2000}, {'filterType': 'MAX_NUM_ORDERS', 'maxNumOrders': 200}, {'filterType': 'MAX_NUM_ALGO_ORDERS', 'maxNumAlgoOrders': 5}]",['SPOT'],EXPIRE_MAKER,"['EXPIRE_TAKER', 'EXPIRE_MAKER', 'EXPIRE_BOTH']",0.0001,0.0001,1000.0000,0.10000000,0.10000000,9000000.00000000,10.0000
202,COTIUSDT,TRADING,COTI,8,USDT,8,8,8,8,"['LIMIT', 'LIMIT_MAKER', 'MARKET', 'STOP_LOSS_LIMIT', 'TAKE_PROFIT_LIMIT']",True,True,True,True,True,True,False,"[{'filterType': 'PRICE_FILTER', 'minPrice': '0.00001000', 'maxPrice': '1000.00000000', 'tickSize': '0.00001000'}, {'filterType': 'PERCENT_PRICE', 'multiplierUp': '5', 'multiplierDown': '0.2', 'avgPriceMins': 5}, {'filterType': 'LOT_SIZE', 'minQty': '1.00000000', 'maxQty': '9000000.00000000', 'stepSize': '1.00000000'}, {'filterType': 'MIN_NOTIONAL', 'minNotional': '1.00000000', 'applyToMarket': True, 'avgPriceMins': 5}, {'filterType': 'ICEBERG_PARTS', 'limit': 10}, {'filterType': 'MARKET_LOT_SIZE', 'minQty': '0.00000000', 'maxQty': '7603.27615062', 'stepSize': '0.00000000'}, {'filterType': 'TRAILING_DELTA', 'minTrailingAboveDelta': 10, 'maxTrailingAboveDelta': 2000, 'minTrailingBelowDelta': 10, 'maxTrailingBelowDelta': 2000}, {'filterType': 'PERCENT_PRICE_BY_SIDE', 'bidMultiplierUp': '1.25', 'bidMultiplierDown': '0.2', 'askMultiplierUp': '5', 'askMultiplierDown': '0.75', 'avgPriceMins': 5}, {'filterType': 'MAX_NUM_ORDERS', 'maxNumOrders': 200}, {'filterType': 'MAX_NUM_ALGO_ORDERS', 'maxNumAlgoOrders': 5}]",['SPOT'],EXPIRE_MAKER,"['EXPIRE_TAKER', 'EXPIRE_MAKER', 'EXPIRE_BOTH']",0.00001000,0.00001000,1000.00000000,1.00000000,1.00000000,9000000.00000000,1.00000000
203,COTIUSD4,BREAK,COTI,8,USD4,4,4,8,4,"['LIMIT', 'LIMIT_MAKER', 'MARKET', 'STOP_LOSS_LIMIT', 'TAKE_PROFIT_LIMIT']",True,True,True,True,True,True,False,"[{'filterType': 'PRICE_FILTER', 'minPrice': '0.0001', 'maxPrice': '1000.0000', 'tickSize': '0.0001'}, {'filterType': 'PERCENT_PRICE', 'multiplierUp': '5', 'multiplierDown': '0.2', 'avgPriceMins': 5}, {'filterType': 'LOT_SIZE', 'minQty': '1.00000000', 'maxQty': '9000000.00000000', 'stepSize': '1.00000000'}, {'filterType': 'MIN_NOTIONAL', 'minNotional': '10.0000', 'applyToMarket': True, 'avgPriceMins': 5}, {'filterType': 'ICEBERG_PARTS', 'limit': 10}, {'filterType': 'MARKET_LOT_SIZE', 'minQty': '0.00000000', 'maxQty': '1820701.29186935', 'stepSize': '0.00000000'}, {'filterType': 'TRAILING_DELTA', 'minTrailingAboveDelta': 10, 'maxTrailingAboveDelta': 2000, 'minTrailingBelowDelta': 10, 'maxTrailingBelowDelta': 2000}, {'filterType': 'MAX_NUM_ORDERS', 'maxNumOrders': 200}, {'filterType': 'MAX_NUM_ALGO_ORDERS', 'maxNumAlgoOrders': 5}]",['SPOT'],EXPIRE_MAKER,"['EXPIRE_TAKER', 'EXPIRE_MAKER', 'EXPIRE_BOTH']",0.0001,0.0001,1000.0000,1.00000000,1.00000000,9000000.00000000,10.0000
204,VOXELUSDT,TRADING,VOXEL,8,USDT,8,8,8,8,"['LIMIT', 'LIMIT_MAKER', 'MARKET', 'STOP_LOSS_LIMIT', 'TAKE_PROFIT_LIMIT']",True,True,True,True,True,True,False,"[{'filterType': 'PRICE_FILTER', 'minPrice': '0.00010000', 'maxPrice': '1000.00000000', 'tickSize': '0.00010000'}, {'filterType': 'PERCENT_PRICE', 'multiplierUp': '5', 'multiplierDown': '0.2', 'avgPriceMins': 5}, {'filterType': 'LOT_SIZE', 'minQty': '0.10000000', 'maxQty': '92141578.00000000', 'stepSize': '0.10000000'}, {'filterType': 'MIN_NOTIONAL', 'minNotional': '1.00000000', 'applyToMarket': True, 'avgPriceMins': 5}, {'filterType': 'ICEBERG_PARTS', 'limit': 10}, {'filterType': 'MARKET_LOT_SIZE', 'minQty': '0.00000000', 'maxQty': '10613.02761506', 'stepSize': '0.00000000'}, {'filterType': 'TRAILING_DELTA', 'minTrailingAboveDelta': 10, 'maxTrailingAboveDelta': 2000, 'minTrailingBelowDelta': 10, 'maxTrailingBelowDelta': 2000}, {'filterType': 'PERCENT_PRICE_BY_SIDE', 'bidMultiplierUp': '1.25', 'bidMultiplierDown': '0.2', 'askMultiplierUp': '5', 'askMultiplierDown': '0.75', 'avgPriceMins': 5}, {'filterType': 'MAX_NUM_ORDERS', 'maxNumOrders': 200}, {'filterType': 'MAX_NUM_ALGO_ORDERS', 'maxNumAlgoOrders': 5}]",['SPOT'],EXPIRE_MAKER,"['EXPIRE_TAKER', 'EXPIRE_MAKER', 'EXPIRE_BOTH']",0.00010000,0.00010000,1000.00000000,0.10000000,0.10000000,92141578.00000000,1.00000000
205,VOXELUSD4,BREAK,VOXEL,8,USD4,4,4,8,4,"['LIMIT', 'LIMIT_MAKER', 'MARKET', 'STOP_LOSS_LIMIT', 'TAKE_PROFIT_LIMIT']",True,True,True,True,True,True,False,"[{'filterType': 'PRICE_FILTER', 'minPrice': '0.0001', 'maxPrice': '1000.0000', 'tickSize': '0.0001'}, {'filterType': 'PERCENT_PRICE', 'multiplierUp': '5', 'multiplierDown': '0.2', 'avgPriceMins': 5}, {'filterType': 'LOT_SIZE', 'minQty': '0.10000000', 'maxQty': '92141578.00000000', 'stepSize': '0.10000000'}, {'filterType': 'MIN_NOTIONAL', 'minNotional': '10.0000', 'applyToMarket': True, 'avgPriceMins': 5}, {'filterType': 'ICEBERG_PARTS', 'limit': 10}, {'filterType': 'MARKET_LOT_SIZE', 'minQty': '0.00000000', 'maxQty': '351360.30125086', 'stepSize': '0.00000000'}, {'filterType': 'TRAILING_DELTA', 'minTrailingAboveDelta': 10, 'maxTrailingAboveDelta': 2000, 'minTrailingBelowDelta': 10, 'maxTrailingBelowDelta': 2000}, {'filterType': 'MAX_NUM_ORDERS', 'maxNumOrders': 200}, {'filterType': 'MAX_NUM_ALGO_ORDERS', 'maxNumAlgoOrders': 5}]",['SPOT'],EXPIRE_MAKER,"['EXPIRE_TAKER', 'EXPIRE_MAKER', 'EXPIRE_BOTH']",0.0001,0.0001,1000.0000,0.10000000,0.10000000,92141578.00000000,10.0000
206,RLCUSDT,TRADING,RLC,8,USDT,8,8,8,8,"['LIMIT', 'LIMIT_MAKER', 'MARKET', 'STOP_LOSS_LIMIT', 'TAKE_PROFIT_LIMIT']",True,True,True,True,True,True,False,"[{'filterType': 'PRICE_FILTER', 'minPrice': '0.00100000', 'maxPrice': '1000.00000000', 'tickSize': '0.00100000'}, {'filterType': 'PERCENT_PRICE', 'multiplierUp': '5', 'multiplierDown': '0.2', 'avgPriceMins': 5}, {'filterType': 'LOT_SIZE', 'minQty': '0.10000000', 'maxQty': '900000.00000000', 'stepSize': '0.10000000'}, {'filterType': 'MIN_NOTIONAL', 'minNotional': '1.00000000', 'applyToMarket': True, 'avgPriceMins': 5}, {'filterType': 'ICEBERG_PARTS', 'limit': 10}, {'filterType': 'MARKET_LOT_SIZE', 'minQty': '0.00000000', 'maxQty': '159.19665271', 'stepSize': '0.00000000'}, {'filterType': 'TRAILING_DELTA', 'minTrailingAboveDelta': 10, 'maxTrailingAboveDelta': 2000, 'minTrailingBelowDelta': 10, 'maxTrailingBelowDelta': 2000}, {'filterType': 'PERCENT_PRICE_BY_SIDE', 'bidMultiplierUp': '1.25', 'bidMultiplierDown': '0.2', 'askMultiplierUp': '5', 'askMultiplierDown': '0.75', 'avgPriceMins': 5}, {'filterType': 'MAX_NUM_ORDERS', 'maxNumOrders': 200}, {'filterType': 'MAX_NUM_ALGO_ORDERS', 'maxNumAlgoOrders': 5}]",['SPOT'],EXPIRE_MAKER,"['EXPIRE_TAKER', 'EXPIRE_MAKER', 'EXPIRE_BOTH']",0.00100000,0.00100000,1000.00000000,0.10000000,0.10000000,900000.00000000,1.00000000
207,RLCUSD4,BREAK,RLC,8,USD4,4,4,8,3,"['LIMIT', 'LIMIT_MAKER', 'MARKET', 'STOP_LOSS_LIMIT', 'TAKE_PROFIT_LIMIT']",True,True,True,True,True,True,False,"[{'filterType': 'PRICE_FILTER', 'minPrice': '0.0010', 'maxPrice': '1000.0000', 'tickSize': '0.0010'}, {'filterType': 'PERCENT_PRICE', 'multiplierUp': '5', 'multiplierDown': '0.2', 'avgPriceMins': 5}, {'filterType': 'LOT_SIZE', 'minQty': '0.10000000', 'maxQty': '900000.00000000', 'stepSize': '0.10000000'}, {'filterType': 'MIN_NOTIONAL', 'minNotional': '10.0000', 'applyToMarket': True, 'avgPriceMins': 5}, {'filterType': 'ICEBERG_PARTS', 'limit': 10}, {'filterType': 'MARKET_LOT_SIZE', 'minQty': '0.00000000', 'maxQty': '53872.75618055', 'stepSize': '0.00000000'}, {'filterType': 'TRAILING_DELTA', 'minTrailingAboveDelta': 10, 'maxTrailingAboveDelta': 2000, 'minTrailingBelowDelta': 10, 'maxTrailingBelowDelta': 2000}, {'filterType': 'MAX_NUM_ORDERS', 'maxNumOrders': 200}, {'filterType': 'MAX_NUM_ALGO_ORDERS', 'maxNumAlgoOrders': 5}]",['SPOT'],EXPIRE_MAKER,"['EXPIRE_TAKER', 'EXPIRE_MAKER', 'EXPIRE_BOTH']",0.0010,0.0010,1000.0000,0.10000000,0.10000000,900000.00000000,10.0000
208,USTUSDT,BREAK,UST,8,USDT,8,8,8,8,"['LIMIT', 'LIMIT_MAKER', 'MARKET', 'STOP_LOSS_LIMIT', 'TAKE_PROFIT_LIMIT']",True,True,True,True,True,True,False,"[{'filterType': 'PRICE_FILTER', 'minPrice': '0.00000100', 'maxPrice': '1.30000000', 'tickSize': '0.00000100'}, {'filterType': 'PERCENT_PRICE', 'multiplierUp': '1.2', 'multiplierDown': '0.8', 'avgPriceMins': 5}, {'filterType': 'LOT_SIZE', 'minQty': '1.00000000', 'maxQty': '92141578.00000000', 'stepSize': '1.00000000'}, {'filterType': 'MIN_NOTIONAL', 'minNotional': '10.00000000', 'applyToMarket': True, 'avgPriceMins': 5}, {'filterType': 'ICEBERG_PARTS', 'limit': 10}, {'filterType': 'MARKET_LOT_SIZE', 'minQty': '0.00000000', 'maxQty': '3338230.24600416', 'stepSize': '0.00000000'}, {'filterType': 'TRAILING_DELTA', 'minTrailingAboveDelta': 10, 'maxTrailingAboveDelta': 2000, 'minTrailingBelowDelta': 10, 'maxTrailingBelowDelta': 2000}, {'filterType': 'MAX_NUM_ORDERS', 'maxNumOrders': 200}, {'filterType': 'MAX_NUM_ALGO_ORDERS', 'maxNumAlgoOrders': 5}]",['SPOT'],EXPIRE_MAKER,"['EXPIRE_TAKER', 'EXPIRE_MAKER', 'EXPIRE_BOTH']",0.00000100,0.00000100,1.30000000,1.00000000,1.00000000,92141578.00000000,10.00000000
209,USTUSD,BREAK,UST,8,USD4,4,4,8,4,"['LIMIT', 'LIMIT_MAKER', 'MARKET', 'STOP_LOSS_LIMIT', 'TAKE_PROFIT_LIMIT']",True,True,True,True,True,True,False,"[{'filterType': 'PRICE_FILTER', 'minPrice': '0.0001', 'maxPrice': '1.3000', 'tickSize': '0.0001'}, {'filterType': 'PERCENT_PRICE', 'multiplierUp': '1.2', 'multiplierDown': '0.8', 'avgPriceMins': 5}, {'filterType': 'LOT_SIZE', 'minQty': '1.00000000', 'maxQty': '92141578.00000000', 'stepSize': '1.00000000'}, {'filterType': 'MIN_NOTIONAL', 'minNotional': '10.0000', 'applyToMarket': True, 'avgPriceMins': 5}, {'filterType': 'ICEBERG_PARTS', 'limit': 10}, {'filterType': 'MARKET_LOT_SIZE', 'minQty': '0.00000000', 'maxQty': '3338230.24600416', 'stepSize': '0.00000000'}, {'filterType': 'TRAILING_DELTA', 'minTrailingAboveDelta': 10, 'maxTrailingAboveDelta': 2000, 'minTrailingBelowDelta': 10, 'maxTrailingBelowDelta': 2000}, {'filterType': 'MAX_NUM_ORDERS', 'maxNumOrders': 200}, {'filterType': 'MAX_NUM_ALGO_ORDERS', 'maxNumAlgoOrders': 5}]",['SPOT'],EXPIRE_MAKER,"['EXPIRE_TAKER', 'EXPIRE_MAKER', 'EXPIRE_BOTH']",0.0001,0.0001,1.3000,1.00000000,1.00000000,92141578.00000000,10.0000
210,BICOUSDT,TRADING,BICO,8,USDT,8,8,8,8,"['LIMIT', 'LIMIT_MAKER', 'MARKET', 'STOP_LOSS_LIMIT', 'TAKE_PROFIT_LIMIT']",True,True,True,True,True,True,False,"[{'filterType': 'PRICE_FILTER', 'minPrice': '0.00010000', 'maxPrice': '1000.00000000', 'tickSize': '0.00010000'}, {'filterType': 'PERCENT_PRICE', 'multiplierUp': '5', 'multiplierDown': '0.2', 'avgPriceMins': 5}, {'filterType': 'LOT_SIZE', 'minQty': '0.01000000', 'maxQty': '92141578.00000000', 'stepSize': '0.01000000'}, {'filterType': 'MIN_NOTIONAL', 'minNotional': '1.00000000', 'applyToMarket': True, 'avgPriceMins': 5}, {'filterType': 'ICEBERG_PARTS', 'limit': 10}, {'filterType': 'MARKET_LOT_SIZE', 'minQty': '0.00000000', 'maxQty': '20464.36000000', 'stepSize': '0.00000000'}, {'filterType': 'TRAILING_DELTA', 'minTrailingAboveDelta': 10, 'maxTrailingAboveDelta': 2000, 'minTrailingBelowDelta': 10, 'maxTrailingBelowDelta': 2000}, {'filterType': 'PERCENT_PRICE_BY_SIDE', 'bidMultiplierUp': '1.25', 'bidMultiplierDown': '0.2', 'askMultiplierUp': '5', 'askMultiplierDown': '0.75', 'avgPriceMins': 5}, {'filterType': 'MAX_NUM_ORDERS', 'maxNumOrders': 200}, {'filterType': 'MAX_NUM_ALGO_ORDERS', 'maxNumAlgoOrders': 5}]",['SPOT'],EXPIRE_MAKER,"['EXPIRE_TAKER', 'EXPIRE_MAKER', 'EXPIRE_BOTH']",0.00010000,0.00010000,1000.00000000,0.01000000,0.01000000,92141578.00000000,1.00000000
211,BICOUSD4,BREAK,BICO,8,USD4,4,4,8,3,"['LIMIT', 'LIMIT_MAKER', 'MARKET', 'STOP_LOSS_LIMIT', 'TAKE_PROFIT_LIMIT']",True,True,True,True,True,True,False,"[{'filterType': 'PRICE_FILTER', 'minPrice': '0.0010', 'maxPrice': '1000.0000', 'tickSize': '0.0010'}, {'filterType': 'PERCENT_PRICE', 'multiplierUp': '5', 'multiplierDown': '0.2', 'avgPriceMins': 5}, {'filterType': 'LOT_SIZE', 'minQty': '0.01000000', 'maxQty': '92141578.00000000', 'stepSize': '0.01000000'}, {'filterType': 'MIN_NOTIONAL', 'minNotional': '10.0000', 'applyToMarket': True, 'avgPriceMins': 5}, {'filterType': 'ICEBERG_PARTS', 'limit': 10}, {'filterType': 'MARKET_LOT_SIZE', 'minQty': '0.00000000', 'maxQty': '146093.68617790', 'stepSize': '0.00000000'}, {'filterType': 'TRAILING_DELTA', 'minTrailingAboveDelta': 10, 'maxTrailingAboveDelta': 2000, 'minTrailingBelowDelta': 10, 'maxTrailingBelowDelta': 2000}, {'filterType': 'MAX_NUM_ORDERS', 'maxNumOrders': 200}, {'filterType': 'MAX_NUM_ALGO_ORDERS', 'maxNumAlgoOrders': 5}]",['SPOT'],EXPIRE_MAKER,"['EXPIRE_TAKER', 'EXPIRE_MAKER', 'EXPIRE_BOTH']",0.0010,0.0010,1000.0000,0.01000000,0.01000000,92141578.00000000,10.0000
212,API3USDT,TRADING,API3,8,USDT,8,8,8,8,"['LIMIT', 'LIMIT_MAKER', 'MARKET', 'STOP_LOSS_LIMIT', 'TAKE_PROFIT_LIMIT']",True,True,True,True,True,True,False,"[{'filterType': 'PRICE_FILTER', 'minPrice': '0.00100000', 'maxPrice': '1000.00000000', 'tickSize': '0.00100000'}, {'filterType': 'PERCENT_PRICE', 'multiplierUp': '5', 'multiplierDown': '0.2', 'avgPriceMins': 5}, {'filterType': 'LOT_SIZE', 'minQty': '0.01000000', 'maxQty': '92141578.00000000', 'stepSize': '0.01000000'}, {'filterType': 'MIN_NOTIONAL', 'minNotional': '1.00000000', 'applyToMarket': True, 'avgPriceMins': 5}, {'filterType': 'ICEBERG_PARTS', 'limit': 10}, {'filterType': 'MARKET_LOT_SIZE', 'minQty': '0.00000000', 'maxQty': '509.93000000', 'stepSize': '0.00000000'}, {'filterType': 'TRAILING_DELTA', 'minTrailingAboveDelta': 10, 'maxTrailingAboveDelta': 2000, 'minTrailingBelowDelta': 10, 'maxTrailingBelowDelta': 2000}, {'filterType': 'PERCENT_PRICE_BY_SIDE', 'bidMultiplierUp': '1.25', 'bidMultiplierDown': '0.2', 'askMultiplierUp': '5', 'askMultiplierDown': '0.75', 'avgPriceMins': 5}, {'filterType': 'MAX_NUM_ORDERS', 'maxNumOrders': 200}, {'filterType': 'MAX_NUM_ALGO_ORDERS', 'maxNumAlgoOrders': 5}]",['SPOT'],EXPIRE_MAKER,"['EXPIRE_TAKER', 'EXPIRE_MAKER', 'EXPIRE_BOTH']",0.00100000,0.00100000,1000.00000000,0.01000000,0.01000000,92141578.00000000,1.00000000
213,API3USD4,BREAK,API3,8,USD4,4,4,8,3,"['LIMIT', 'LIMIT_MAKER', 'MARKET', 'STOP_LOSS_LIMIT', 'TAKE_PROFIT_LIMIT']",True,True,True,True,True,True,False,"[{'filterType': 'PRICE_FILTER', 'minPrice': '0.0010', 'maxPrice': '1000.0000', 'tickSize': '0.0010'}, {'filterType': 'PERCENT_PRICE', 'multiplierUp': '5', 'multiplierDown': '0.2', 'avgPriceMins': 5}, {'filterType': 'LOT_SIZE', 'minQty': '0.01000000', 'maxQty': '92141578.00000000', 'stepSize': '0.01000000'}, {'filterType': 'MIN_NOTIONAL', 'minNotional': '10.0000', 'applyToMarket': True, 'avgPriceMins': 5}, {'filterType': 'ICEBERG_PARTS', 'limit': 10}, {'filterType': 'MARKET_LOT_SIZE', 'minQty': '0.00000000', 'maxQty': '94155.98463194', 'stepSize': '0.00000000'}, {'filterType': 'TRAILING_DELTA', 'minTrailingAboveDelta': 10, 'maxTrailingAboveDelta': 2000, 'minTrailingBelowDelta': 10, 'maxTrailingBelowDelta': 2000}, {'filterType': 'MAX_NUM_ORDERS', 'maxNumOrders': 200}, {'filterType': 'MAX_NUM_ALGO_ORDERS', 'maxNumAlgoOrders': 5}]",['SPOT'],EXPIRE_MAKER,"['EXPIRE_TAKER', 'EXPIRE_MAKER', 'EXPIRE_BOTH']",0.0010,0.0010,1000.0000,0.01000000,0.01000000,92141578.00000000,10.0000
214,ENSUSD4,BREAK,ENS,8,USD4,4,4,8,2,"['LIMIT', 'LIMIT_MAKER', 'MARKET', 'STOP_LOSS_LIMIT', 'TAKE_PROFIT_LIMIT']",True,True,True,True,True,True,False,"[{'filterType': 'PRICE_FILTER', 'minPrice': '0.0100', 'maxPrice': '10000.0000', 'tickSize': '0.0100'}, {'filterType': 'PERCENT_PRICE', 'multiplierUp': '5', 'multiplierDown': '0.2', 'avgPriceMins': 5}, {'filterType': 'LOT_SIZE', 'minQty': '0.01000000', 'maxQty': '9222449.00000000', 'stepSize': '0.01000000'}, {'filterType': 'MIN_NOTIONAL', 'minNotional': '10.0000', 'applyToMarket': True, 'avgPriceMins': 5}, {'filterType': 'ICEBERG_PARTS', 'limit': 10}, {'filterType': 'MARKET_LOT_SIZE', 'minQty': '0.00000000', 'maxQty': '33626.31374565', 'stepSize': '0.00000000'}, {'filterType': 'TRAILING_DELTA', 'minTrailingAboveDelta': 10, 'maxTrailingAboveDelta': 2000, 'minTrailingBelowDelta': 10, 'maxTrailingBelowDelta': 2000}, {'filterType': 'MAX_NUM_ORDERS', 'maxNumOrders': 200}, {'filterType': 'MAX_NUM_ALGO_ORDERS', 'maxNumAlgoOrders': 5}]",['SPOT'],EXPIRE_MAKER,"['EXPIRE_TAKER', 'EXPIRE_MAKER', 'EXPIRE_BOTH']",0.0100,0.0100,10000.0000,0.01000000,0.01000000,9222449.00000000,10.0000
215,BTCUST,BREAK,BTC,8,UST,8,8,8,8,"['LIMIT', 'LIMIT_MAKER', 'MARKET', 'STOP_LOSS_LIMIT', 'TAKE_PROFIT_LIMIT']",True,True,True,True,True,True,False,"[{'filterType': 'PRICE_FILTER', 'minPrice': '0.01000000', 'maxPrice': '1000000.00000000', 'tickSize': '0.01000000'}, {'filterType': 'PERCENT_PRICE', 'multiplierUp': '5', 'multiplierDown': '0.2', 'avgPriceMins': 5}, {'filterType': 'LOT_SIZE', 'minQty': '0.00001000', 'maxQty': '9000.00000000', 'stepSize': '0.00001000'}, {'filterType': 'MIN_NOTIONAL', 'minNotional': '10.00000000', 'applyToMarket': True, 'avgPriceMins': 5}, {'filterType': 'ICEBERG_PARTS', 'limit': 10}, {'filterType': 'MARKET_LOT_SIZE', 'minQty': '0.00000000', 'maxQty': '9000.00000000', 'stepSize': '0.00000000'}, {'filterType': 'TRAILING_DELTA', 'minTrailingAboveDelta': 10, 'maxTrailingAboveDelta': 2000, 'minTrailingBelowDelta': 10, 'maxTrailingBelowDelta': 2000}, {'filterType': 'MAX_NUM_ORDERS', 'maxNumOrders': 200}, {'filterType': 'MAX_NUM_ALGO_ORDERS', 'maxNumAlgoOrders': 5}]",['SPOT'],EXPIRE_MAKER,"['EXPIRE_TAKER', 'EXPIRE_MAKER', 'EXPIRE_BOTH']",0.01000000,0.01000000,1000000.00000000,0.00001000,0.00001000,9000.00000000,10.00000000
216,BNTUSDT,TRADING,BNT,8,USDT,8,8,8,8,"['LIMIT', 'LIMIT_MAKER', 'MARKET', 'STOP_LOSS_LIMIT', 'TAKE_PROFIT_LIMIT']",True,True,True,True,True,True,False,"[{'filterType': 'PRICE_FILTER', 'minPrice': '0.00100000', 'maxPrice': '1000.00000000', 'tickSize': '0.00100000'}, {'filterType': 'PERCENT_PRICE', 'multiplierUp': '5', 'multiplierDown': '0.2', 'avgPriceMins': 5}, {'filterType': 'LOT_SIZE', 'minQty': '0.10000000', 'maxQty': '900000.00000000', 'stepSize': '0.10000000'}, {'filterType': 'MIN_NOTIONAL', 'minNotional': '1.00000000', 'applyToMarket': True, 'avgPriceMins': 5}, {'filterType': 'ICEBERG_PARTS', 'limit': 10}, {'filterType': 'MARKET_LOT_SIZE', 'minQty': '0.00000000', 'maxQty': '184.46485355', 'stepSize': '0.00000000'}, {'filterType': 'TRAILING_DELTA', 'minTrailingAboveDelta': 10, 'maxTrailingAboveDelta': 2000, 'minTrailingBelowDelta': 10, 'maxTrailingBelowDelta': 2000}, {'filterType': 'PERCENT_PRICE_BY_SIDE', 'bidMultiplierUp': '1.25', 'bidMultiplierDown': '0.2', 'askMultiplierUp': '5', 'askMultiplierDown': '0.75', 'avgPriceMins': 5}, {'filterType': 'MAX_NUM_ORDERS', 'maxNumOrders': 200}, {'filterType': 'MAX_NUM_ALGO_ORDERS', 'maxNumAlgoOrders': 5}]",['SPOT'],EXPIRE_MAKER,"['EXPIRE_TAKER', 'EXPIRE_MAKER', 'EXPIRE_BOTH']",0.00100000,0.00100000,1000.00000000,0.10000000,0.10000000,900000.00000000,1.00000000
217,BNTUSD4,BREAK,BNT,8,USD4,4,4,8,3,"['LIMIT', 'LIMIT_MAKER', 'MARKET', 'STOP_LOSS_LIMIT', 'TAKE_PROFIT_LIMIT']",True,True,True,True,True,True,False,"[{'filterType': 'PRICE_FILTER', 'minPrice': '0.0010', 'maxPrice': '1000.0000', 'tickSize': '0.0010'}, {'filterType': 'PERCENT_PRICE', 'multiplierUp': '5', 'multiplierDown': '0.2', 'avgPriceMins': 5}, {'filterType': 'LOT_SIZE', 'minQty': '0.10000000', 'maxQty': '900000.00000000', 'stepSize': '0.10000000'}, {'filterType': 'MIN_NOTIONAL', 'minNotional': '10.0000', 'applyToMarket': True, 'avgPriceMins': 5}, {'filterType': 'ICEBERG_PARTS', 'limit': 10}, {'filterType': 'MARKET_LOT_SIZE', 'minQty': '0.00000000', 'maxQty': '34504.70986796', 'stepSize': '0.00000000'}, {'filterType': 'TRAILING_DELTA', 'minTrailingAboveDelta': 10, 'maxTrailingAboveDelta': 2000, 'minTrailingBelowDelta': 10, 'maxTrailingBelowDelta': 2000}, {'filterType': 'MAX_NUM_ORDERS', 'maxNumOrders': 200}, {'filterType': 'MAX_NUM_ALGO_ORDERS', 'maxNumAlgoOrders': 5}]",['SPOT'],EXPIRE_MAKER,"['EXPIRE_TAKER', 'EXPIRE_MAKER', 'EXPIRE_BOTH']",0.0010,0.0010,1000.0000,0.10000000,0.10000000,900000.00000000,10.0000
218,IMXUSDT,TRADING,IMX,8,USDT,8,8,8,8,"['LIMIT', 'LIMIT_MAKER', 'MARKET', 'STOP_LOSS_LIMIT', 'TAKE_PROFIT_LIMIT']",True,True,True,True,True,True,False,"[{'filterType': 'PRICE_FILTER', 'minPrice': '0.00010000', 'maxPrice': '1000.00000000', 'tickSize': '0.00010000'}, {'filterType': 'PERCENT_PRICE', 'multiplierUp': '5', 'multiplierDown': '0.2', 'avgPriceMins': 5}, {'filterType': 'LOT_SIZE', 'minQty': '0.01000000', 'maxQty': '92141578.00000000', 'stepSize': '0.01000000'}, {'filterType': 'MIN_NOTIONAL', 'minNotional': '1.00000000', 'applyToMarket': True, 'avgPriceMins': 5}, {'filterType': 'ICEBERG_PARTS', 'limit': 10}, {'filterType': 'MARKET_LOT_SIZE', 'minQty': '0.00000000', 'maxQty': '1852.35150627', 'stepSize': '0.00000000'}, {'filterType': 'TRAILING_DELTA', 'minTrailingAboveDelta': 10, 'maxTrailingAboveDelta': 2000, 'minTrailingBelowDelta': 10, 'maxTrailingBelowDelta': 2000}, {'filterType': 'PERCENT_PRICE_BY_SIDE', 'bidMultiplierUp': '1.25', 'bidMultiplierDown': '0.2', 'askMultiplierUp': '5', 'askMultiplierDown': '0.75', 'avgPriceMins': 5}, {'filterType': 'MAX_NUM_ORDERS', 'maxNumOrders': 200}, {'filterType': 'MAX_NUM_ALGO_ORDERS', 'maxNumAlgoOrders': 5}]",['SPOT'],EXPIRE_MAKER,"['EXPIRE_TAKER', 'EXPIRE_MAKER', 'EXPIRE_BOTH']",0.00010000,0.00010000,1000.00000000,0.01000000,0.01000000,92141578.00000000,1.00000000
219,IMXUSD4,BREAK,IMX,8,USD4,4,4,8,3,"['LIMIT', 'LIMIT_MAKER', 'MARKET', 'STOP_LOSS_LIMIT', 'TAKE_PROFIT_LIMIT']",True,True,True,True,True,True,False,"[{'filterType': 'PRICE_FILTER', 'minPrice': '0.0010', 'maxPrice': '1000.0000', 'tickSize': '0.0010'}, {'filterType': 'PERCENT_PRICE', 'multiplierUp': '5', 'multiplierDown': '0.2', 'avgPriceMins': 5}, {'filterType': 'LOT_SIZE', 'minQty': '0.01000000', 'maxQty': '92141578.00000000', 'stepSize': '0.01000000'}, {'filterType': 'MIN_NOTIONAL', 'minNotional': '10.0000', 'applyToMarket': True, 'avgPriceMins': 5}, {'filterType': 'ICEBERG_PARTS', 'limit': 10}, {'filterType': 'MARKET_LOT_SIZE', 'minQty': '0.00000000', 'maxQty': '273678.31160416', 'stepSize': '0.00000000'}, {'filterType': 'TRAILING_DELTA', 'minTrailingAboveDelta': 10, 'maxTrailingAboveDelta': 2000, 'minTrailingBelowDelta': 10, 'maxTrailingBelowDelta': 2000}, {'filterType': 'MAX_NUM_ORDERS', 'maxNumOrders': 200}, {'filterType': 'MAX_NUM_ALGO_ORDERS', 'maxNumAlgoOrders': 5}]",['SPOT'],EXPIRE_MAKER,"['EXPIRE_TAKER', 'EXPIRE_MAKER', 'EXPIRE_BOTH']",0.0010,0.0010,1000.0000,0.01000000,0.01000000,92141578.00000000,10.0000
220,SPELLUSDT,BREAK,SPELL,8,USDT,8,8,8,8,"['LIMIT', 'LIMIT_MAKER', 'MARKET', 'STOP_LOSS_LIMIT', 'TAKE_PROFIT_LIMIT']",True,True,True,True,True,True,False,"[{'filterType': 'PRICE_FILTER', 'minPrice': '0.00000010', 'maxPrice': '1000.00000000', 'tickSize': '0.00000010'}, {'filterType': 'PERCENT_PRICE', 'multiplierUp': '5', 'multiplierDown': '0.2', 'avgPriceMins': 5}, {'filterType': 'LOT_SIZE', 'minQty': '1.00000000', 'maxQty': '92141578.00000000', 'stepSize': '1.00000000'}, {'filterType': 'MIN_NOTIONAL', 'minNotional': '1.00000000', 'applyToMarket': True, 'avgPriceMins': 5}, {'filterType': 'ICEBERG_PARTS', 'limit': 10}, {'filterType': 'MARKET_LOT_SIZE', 'minQty': '0.00000000', 'maxQty': '63442841.67060458', 'stepSize': '0.00000000'}, {'filterType': 'TRAILING_DELTA', 'minTrailingAboveDelta': 10, 'maxTrailingAboveDelta': 2000, 'minTrailingBelowDelta': 10, 'maxTrailingBelowDelta': 2000}, {'filterType': 'MAX_NUM_ORDERS', 'maxNumOrders': 200}, {'filterType': 'MAX_NUM_ALGO_ORDERS', 'maxNumAlgoOrders': 5}]",['SPOT'],EXPIRE_MAKER,"['EXPIRE_TAKER', 'EXPIRE_MAKER', 'EXPIRE_BOTH']",0.00000010,0.00000010,1000.00000000,1.00000000,1.00000000,92141578.00000000,1.00000000
221,SPELLUSD4,BREAK,SPELL,8,USD4,4,4,8,4,"['LIMIT', 'LIMIT_MAKER', 'MARKET', 'STOP_LOSS_LIMIT', 'TAKE_PROFIT_LIMIT']",True,True,True,True,True,True,False,"[{'filterType': 'PRICE_FILTER', 'minPrice': '0.0001', 'maxPrice': '1000.0000', 'tickSize': '0.0001'}, {'filterType': 'PERCENT_PRICE', 'multiplierUp': '5', 'multiplierDown': '0.2', 'avgPriceMins': 5}, {'filterType': 'LOT_SIZE', 'minQty': '1.00000000', 'maxQty': '92141578.00000000', 'stepSize': '1.00000000'}, {'filterType': 'MIN_NOTIONAL', 'minNotional': '10.0000', 'applyToMarket': True, 'avgPriceMins': 5}, {'filterType': 'ICEBERG_PARTS', 'limit': 10}, {'filterType': 'MARKET_LOT_SIZE', 'minQty': '0.00000000', 'maxQty': '63442841.67060458', 'stepSize': '0.00000000'}, {'filterType': 'TRAILING_DELTA', 'minTrailingAboveDelta': 10, 'maxTrailingAboveDelta': 2000, 'minTrailingBelowDelta': 10, 'maxTrailingBelowDelta': 2000}, {'filterType': 'MAX_NUM_ORDERS', 'maxNumOrders': 200}, {'filterType': 'MAX_NUM_ALGO_ORDERS', 'maxNumAlgoOrders': 5}]",['SPOT'],EXPIRE_MAKER,"['EXPIRE_TAKER', 'EXPIRE_MAKER', 'EXPIRE_BOTH']",0.0001,0.0001,1000.0000,1.00000000,1.00000000,92141578.00000000,10.0000
222,JASMYUSDT,BREAK,JASMY,8,USDT,8,8,8,8,"['LIMIT', 'LIMIT_MAKER', 'MARKET', 'STOP_LOSS_LIMIT', 'TAKE_PROFIT_LIMIT']",True,True,True,True,True,True,False,"[{'filterType': 'PRICE_FILTER', 'minPrice': '0.00000100', 'maxPrice': '1000.00000000', 'tickSize': '0.00000100'}, {'filterType': 'PERCENT_PRICE', 'multiplierUp': '5', 'multiplierDown': '0.2', 'avgPriceMins': 5}, {'filterType': 'LOT_SIZE', 'minQty': '0.10000000', 'maxQty': '92141578.00000000', 'stepSize': '0.10000000'}, {'filterType': 'MIN_NOTIONAL', 'minNotional': '1.00000000', 'applyToMarket': True, 'avgPriceMins': 5}, {'filterType': 'ICEBERG_PARTS', 'limit': 10}, {'filterType': 'MARKET_LOT_SIZE', 'minQty': '0.00000000', 'maxQty': '92141578.00000000', 'stepSize': '0.00000000'}, {'filterType': 'TRAILING_DELTA', 'minTrailingAboveDelta': 10, 'maxTrailingAboveDelta': 2000, 'minTrailingBelowDelta': 10, 'maxTrailingBelowDelta': 2000}, {'filterType': 'MAX_NUM_ORDERS', 'maxNumOrders': 200}, {'filterType': 'MAX_NUM_ALGO_ORDERS', 'maxNumAlgoOrders': 5}]",['SPOT'],EXPIRE_MAKER,"['EXPIRE_TAKER', 'EXPIRE_MAKER', 'EXPIRE_BOTH']",0.00000100,0.00000100,1000.00000000,0.10000000,0.10000000,92141578.00000000,1.00000000
223,JASMYUSD4,BREAK,JASMY,8,USD4,4,4,8,4,"['LIMIT', 'LIMIT_MAKER', 'MARKET', 'STOP_LOSS_LIMIT', 'TAKE_PROFIT_LIMIT']",True,True,True,True,True,True,False,"[{'filterType': 'PRICE_FILTER', 'minPrice': '0.0001', 'maxPrice': '1000.0000', 'tickSize': '0.0001'}, {'filterType': 'PERCENT_PRICE', 'multiplierUp': '5', 'multiplierDown': '0.2', 'avgPriceMins': 5}, {'filterType': 'LOT_SIZE', 'minQty': '0.10000000', 'maxQty': '92141578.00000000', 'stepSize': '0.10000000'}, {'filterType': 'MIN_NOTIONAL', 'minNotional': '10.0000', 'applyToMarket': True, 'avgPriceMins': 5}, {'filterType': 'ICEBERG_PARTS', 'limit': 10}, {'filterType': 'MARKET_LOT_SIZE', 'minQty': '0.00000000', 'maxQty': '92141578.00000000', 'stepSize': '0.00000000'}, {'filterType': 'TRAILING_DELTA', 'minTrailingAboveDelta': 10, 'maxTrailingAboveDelta': 2000, 'minTrailingBelowDelta': 10, 'maxTrailingBelowDelta': 2000}, {'filterType': 'MAX_NUM_ORDERS', 'maxNumOrders': 200}, {'filterType': 'MAX_NUM_ALGO_ORDERS', 'maxNumAlgoOrders': 5}]",['SPOT'],EXPIRE_MAKER,"['EXPIRE_TAKER', 'EXPIRE_MAKER', 'EXPIRE_BOTH']",0.0001,0.0001,1000.0000,0.10000000,0.10000000,92141578.00000000,10.0000
224,FLOWUSDT,TRADING,FLOW,8,USDT,8,8,8,8,"['LIMIT', 'LIMIT_MAKER', 'MARKET', 'STOP_LOSS_LIMIT', 'TAKE_PROFIT_LIMIT']",True,True,True,True,True,True,False,"[{'filterType': 'PRICE_FILTER', 'minPrice': '0.00001000', 'maxPrice': '100000.00000000', 'tickSize': '0.00001000'}, {'filterType': 'PERCENT_PRICE', 'multiplierUp': '5', 'multiplierDown': '0.2', 'avgPriceMins': 5}, {'filterType': 'LOT_SIZE', 'minQty': '0.01000000', 'maxQty': '922327.00000000', 'stepSize': '0.01000000'}, {'filterType': 'MIN_NOTIONAL', 'minNotional': '1.00000000', 'applyToMarket': True, 'avgPriceMins': 5}, {'filterType': 'ICEBERG_PARTS', 'limit': 10}, {'filterType': 'MARKET_LOT_SIZE', 'minQty': '0.00000000', 'maxQty': '3415.06485355', 'stepSize': '0.00000000'}, {'filterType': 'TRAILING_DELTA', 'minTrailingAboveDelta': 10, 'maxTrailingAboveDelta': 2000, 'minTrailingBelowDelta': 10, 'maxTrailingBelowDelta': 2000}, {'filterType': 'PERCENT_PRICE_BY_SIDE', 'bidMultiplierUp': '1.25', 'bidMultiplierDown': '0.2', 'askMultiplierUp': '5', 'askMultiplierDown': '0.75', 'avgPriceMins': 5}, {'filterType': 'MAX_NUM_ORDERS', 'maxNumOrders': 200}, {'filterType': 'MAX_NUM_ALGO_ORDERS', 'maxNumAlgoOrders': 5}]",['SPOT'],EXPIRE_MAKER,"['EXPIRE_TAKER', 'EXPIRE_MAKER', 'EXPIRE_BOTH']",0.00001000,0.00001000,100000.00000000,0.01000000,0.01000000,922327.00000000,1.00000000
225,FLOWUSD4,BREAK,FLOW,8,USD4,4,4,8,2,"['LIMIT', 'LIMIT_MAKER', 'MARKET', 'STOP_LOSS_LIMIT', 'TAKE_PROFIT_LIMIT']",True,True,True,True,True,True,False,"[{'filterType': 'PRICE_FILTER', 'minPrice': '0.0100', 'maxPrice': '100000.0000', 'tickSize': '0.0100'}, {'filterType': 'PERCENT_PRICE', 'multiplierUp': '5', 'multiplierDown': '0.2', 'avgPriceMins': 5}, {'filterType': 'LOT_SIZE', 'minQty': '0.01000000', 'maxQty': '922327.00000000', 'stepSize': '0.01000000'}, {'filterType': 'MIN_NOTIONAL', 'minNotional': '10.0000', 'applyToMarket': True, 'avgPriceMins': 5}, {'filterType': 'ICEBERG_PARTS', 'limit': 10}, {'filterType': 'MARKET_LOT_SIZE', 'minQty': '0.00000000', 'maxQty': '94183.15727966', 'stepSize': '0.00000000'}, {'filterType': 'TRAILING_DELTA', 'minTrailingAboveDelta': 10, 'maxTrailingAboveDelta': 2000, 'minTrailingBelowDelta': 10, 'maxTrailingBelowDelta': 2000}, {'filterType': 'MAX_NUM_ORDERS', 'maxNumOrders': 200}, {'filterType': 'MAX_NUM_ALGO_ORDERS', 'maxNumAlgoOrders': 5}]",['SPOT'],EXPIRE_MAKER,"['EXPIRE_TAKER', 'EXPIRE_MAKER', 'EXPIRE_BOTH']",0.0100,0.0100,100000.0000,0.01000000,0.01000000,922327.00000000,10.0000
226,GTCUSDT,TRADING,GTC,8,USDT,8,8,8,8,"['LIMIT', 'LIMIT_MAKER', 'MARKET', 'STOP_LOSS_LIMIT', 'TAKE_PROFIT_LIMIT']",True,True,True,True,True,True,False,"[{'filterType': 'PRICE_FILTER', 'minPrice': '0.00100000', 'maxPrice': '10000.00000000', 'tickSize': '0.00100000'}, {'filterType': 'PERCENT_PRICE', 'multiplierUp': '5', 'multiplierDown': '0.2', 'avgPriceMins': 5}, {'filterType': 'LOT_SIZE', 'minQty': '0.10000000', 'maxQty': '9222449.00000000', 'stepSize': '0.10000000'}, {'filterType': 'MIN_NOTIONAL', 'minNotional': '1.00000000', 'applyToMarket': True, 'avgPriceMins': 5}, {'filterType': 'ICEBERG_PARTS', 'limit': 10}, {'filterType': 'MARKET_LOT_SIZE', 'minQty': '0.00000000', 'maxQty': '1368.16401673', 'stepSize': '0.00000000'}, {'filterType': 'TRAILING_DELTA', 'minTrailingAboveDelta': 10, 'maxTrailingAboveDelta': 2000, 'minTrailingBelowDelta': 10, 'maxTrailingBelowDelta': 2000}, {'filterType': 'PERCENT_PRICE_BY_SIDE', 'bidMultiplierUp': '1.25', 'bidMultiplierDown': '0.2', 'askMultiplierUp': '5', 'askMultiplierDown': '0.75', 'avgPriceMins': 5}, {'filterType': 'MAX_NUM_ORDERS', 'maxNumOrders': 200}, {'filterType': 'MAX_NUM_ALGO_ORDERS', 'maxNumAlgoOrders': 5}]",['SPOT'],EXPIRE_MAKER,"['EXPIRE_TAKER', 'EXPIRE_MAKER', 'EXPIRE_BOTH']",0.00100000,0.00100000,10000.00000000,0.10000000,0.10000000,9222449.00000000,1.00000000
227,GTCUSD4,BREAK,GTC,8,USD4,4,4,8,3,"['LIMIT', 'LIMIT_MAKER', 'MARKET', 'STOP_LOSS_LIMIT', 'TAKE_PROFIT_LIMIT']",True,True,True,True,True,True,False,"[{'filterType': 'PRICE_FILTER', 'minPrice': '0.0010', 'maxPrice': '10000.0000', 'tickSize': '0.0010'}, {'filterType': 'PERCENT_PRICE', 'multiplierUp': '5', 'multiplierDown': '0.2', 'avgPriceMins': 5}, {'filterType': 'LOT_SIZE', 'minQty': '0.10000000', 'maxQty': '9222449.00000000', 'stepSize': '0.10000000'}, {'filterType': 'MIN_NOTIONAL', 'minNotional': '10.0000', 'applyToMarket': True, 'avgPriceMins': 5}, {'filterType': 'ICEBERG_PARTS', 'limit': 10}, {'filterType': 'MARKET_LOT_SIZE', 'minQty': '0.00000000', 'maxQty': '23724.14420541', 'stepSize': '0.00000000'}, {'filterType': 'TRAILING_DELTA', 'minTrailingAboveDelta': 10, 'maxTrailingAboveDelta': 2000, 'minTrailingBelowDelta': 10, 'maxTrailingBelowDelta': 2000}, {'filterType': 'MAX_NUM_ORDERS', 'maxNumOrders': 200}, {'filterType': 'MAX_NUM_ALGO_ORDERS', 'maxNumAlgoOrders': 5}]",['SPOT'],EXPIRE_MAKER,"['EXPIRE_TAKER', 'EXPIRE_MAKER', 'EXPIRE_BOTH']",0.0010,0.0010,10000.0000,0.10000000,0.10000000,9222449.00000000,10.0000
228,THETAUSDT,TRADING,THETA,8,USDT,8,8,8,8,"['LIMIT', 'LIMIT_MAKER', 'MARKET', 'STOP_LOSS_LIMIT', 'TAKE_PROFIT_LIMIT']",True,True,True,True,True,True,False,"[{'filterType': 'PRICE_FILTER', 'minPrice': '0.00100000', 'maxPrice': '10000.00000000', 'tickSize': '0.00100000'}, {'filterType': 'PERCENT_PRICE', 'multiplierUp': '5', 'multiplierDown': '0.2', 'avgPriceMins': 5}, {'filterType': 'LOT_SIZE', 'minQty': '0.10000000', 'maxQty': '90000.00000000', 'stepSize': '0.10000000'}, {'filterType': 'MIN_NOTIONAL', 'minNotional': '1.00000000', 'applyToMarket': True, 'avgPriceMins': 5}, {'filterType': 'ICEBERG_PARTS', 'limit': 10}, {'filterType': 'MARKET_LOT_SIZE', 'minQty': '0.00000000', 'maxQty': '32511.15271966', 'stepSize': '0.00000000'}, {'filterType': 'TRAILING_DELTA', 'minTrailingAboveDelta': 10, 'maxTrailingAboveDelta': 2000, 'minTrailingBelowDelta': 10, 'maxTrailingBelowDelta': 2000}, {'filterType': 'PERCENT_PRICE_BY_SIDE', 'bidMultiplierUp': '1.25', 'bidMultiplierDown': '0.2', 'askMultiplierUp': '5', 'askMultiplierDown': '0.75', 'avgPriceMins': 5}, {'filterType': 'MAX_NUM_ORDERS', 'maxNumOrders': 200}, {'filterType': 'MAX_NUM_ALGO_ORDERS', 'maxNumAlgoOrders': 5}]",['SPOT'],EXPIRE_MAKER,"['EXPIRE_TAKER', 'EXPIRE_MAKER', 'EXPIRE_BOTH']",0.00100000,0.00100000,10000.00000000,0.10000000,0.10000000,90000.00000000,1.00000000
229,THETAUSD4,BREAK,THETA,8,USD4,4,4,8,3,"['LIMIT', 'LIMIT_MAKER', 'MARKET', 'STOP_LOSS_LIMIT', 'TAKE_PROFIT_LIMIT']",True,True,True,True,True,True,False,"[{'filterType': 'PRICE_FILTER', 'minPrice': '0.0010', 'maxPrice': '10000.0000', 'tickSize': '0.0010'}, {'filterType': 'PERCENT_PRICE', 'multiplierUp': '5', 'multiplierDown': '0.2', 'avgPriceMins': 5}, {'filterType': 'LOT_SIZE', 'minQty': '0.10000000', 'maxQty': '90000.00000000', 'stepSize': '0.10000000'}, {'filterType': 'MIN_NOTIONAL', 'minNotional': '10.0000', 'applyToMarket': True, 'avgPriceMins': 5}, {'filterType': 'ICEBERG_PARTS', 'limit': 10}, {'filterType': 'MARKET_LOT_SIZE', 'minQty': '0.00000000', 'maxQty': '158385.32960389', 'stepSize': '0.00000000'}, {'filterType': 'TRAILING_DELTA', 'minTrailingAboveDelta': 10, 'maxTrailingAboveDelta': 2000, 'minTrailingBelowDelta': 10, 'maxTrailingBelowDelta': 2000}, {'filterType': 'MAX_NUM_ORDERS', 'maxNumOrders': 200}, {'filterType': 'MAX_NUM_ALGO_ORDERS', 'maxNumAlgoOrders': 5}]",['SPOT'],EXPIRE_MAKER,"['EXPIRE_TAKER', 'EXPIRE_MAKER', 'EXPIRE_BOTH']",0.0010,0.0010,10000.0000,0.10000000,0.10000000,90000.00000000,10.0000
230,TFUELUSDT,TRADING,TFUEL,8,USDT,8,8,8,8,"['LIMIT', 'LIMIT_MAKER', 'MARKET', 'STOP_LOSS_LIMIT', 'TAKE_PROFIT_LIMIT']",True,True,True,True,True,True,False,"[{'filterType': 'PRICE_FILTER', 'minPrice': '0.00001000', 'maxPrice': '1000.00000000', 'tickSize': '0.00001000'}, {'filterType': 'PERCENT_PRICE', 'multiplierUp': '5', 'multiplierDown': '0.2', 'avgPriceMins': 5}, {'filterType': 'LOT_SIZE', 'minQty': '1.00000000', 'maxQty': '9000000.00000000', 'stepSize': '1.00000000'}, {'filterType': 'MIN_NOTIONAL', 'minNotional': '1.00000000', 'applyToMarket': True, 'avgPriceMins': 5}, {'filterType': 'ICEBERG_PARTS', 'limit': 10}, {'filterType': 'MARKET_LOT_SIZE', 'minQty': '0.00000000', 'maxQty': '46401.13807531', 'stepSize': '0.00000000'}, {'filterType': 'TRAILING_DELTA', 'minTrailingAboveDelta': 10, 'maxTrailingAboveDelta': 2000, 'minTrailingBelowDelta': 10, 'maxTrailingBelowDelta': 2000}, {'filterType': 'PERCENT_PRICE_BY_SIDE', 'bidMultiplierUp': '1.25', 'bidMultiplierDown': '0.2', 'askMultiplierUp': '5', 'askMultiplierDown': '0.75', 'avgPriceMins': 5}, {'filterType': 'MAX_NUM_ORDERS', 'maxNumOrders': 200}, {'filterType': 'MAX_NUM_ALGO_ORDERS', 'maxNumAlgoOrders': 5}]",['SPOT'],EXPIRE_MAKER,"['EXPIRE_TAKER', 'EXPIRE_MAKER', 'EXPIRE_BOTH']",0.00001000,0.00001000,1000.00000000,1.00000000,1.00000000,9000000.00000000,1.00000000
231,TFUELUSD4,BREAK,TFUEL,8,USD4,4,4,8,4,"['LIMIT', 'LIMIT_MAKER', 'MARKET', 'STOP_LOSS_LIMIT', 'TAKE_PROFIT_LIMIT']",True,True,True,True,True,True,False,"[{'filterType': 'PRICE_FILTER', 'minPrice': '0.0001', 'maxPrice': '1000.0000', 'tickSize': '0.0001'}, {'filterType': 'PERCENT_PRICE', 'multiplierUp': '5', 'multiplierDown': '0.2', 'avgPriceMins': 5}, {'filterType': 'LOT_SIZE', 'minQty': '1.00000000', 'maxQty': '9000000.00000000', 'stepSize': '1.00000000'}, {'filterType': 'MIN_NOTIONAL', 'minNotional': '10.0000', 'applyToMarket': True, 'avgPriceMins': 5}, {'filterType': 'ICEBERG_PARTS', 'limit': 10}, {'filterType': 'MARKET_LOT_SIZE', 'minQty': '0.00000000', 'maxQty': '827041.82861111', 'stepSize': '0.00000000'}, {'filterType': 'TRAILING_DELTA', 'minTrailingAboveDelta': 10, 'maxTrailingAboveDelta': 2000, 'minTrailingBelowDelta': 10, 'maxTrailingBelowDelta': 2000}, {'filterType': 'MAX_NUM_ORDERS', 'maxNumOrders': 200}, {'filterType': 'MAX_NUM_ALGO_ORDERS', 'maxNumAlgoOrders': 5}]",['SPOT'],EXPIRE_MAKER,"['EXPIRE_TAKER', 'EXPIRE_MAKER', 'EXPIRE_BOTH']",0.0001,0.0001,1000.0000,1.00000000,1.00000000,9000000.00000000,10.0000
232,OCEANUSDT,TRADING,OCEAN,8,USDT,8,8,8,8,"['LIMIT', 'LIMIT_MAKER', 'MARKET', 'STOP_LOSS_LIMIT', 'TAKE_PROFIT_LIMIT']",True,True,True,True,True,True,False,"[{'filterType': 'PRICE_FILTER', 'minPrice': '0.00010000', 'maxPrice': '1000.00000000', 'tickSize': '0.00010000'}, {'filterType': 'PERCENT_PRICE', 'multiplierUp': '5', 'multiplierDown': '0.2', 'avgPriceMins': 5}, {'filterType': 'LOT_SIZE', 'minQty': '1.00000000', 'maxQty': '900000.00000000', 'stepSize': '1.00000000'}, {'filterType': 'MIN_NOTIONAL', 'minNotional': '1.00000000', 'applyToMarket': True, 'avgPriceMins': 5}, {'filterType': 'ICEBERG_PARTS', 'limit': 10}, {'filterType': 'MARKET_LOT_SIZE', 'minQty': '0.00000000', 'maxQty': '32.00000000', 'stepSize': '0.00000000'}, {'filterType': 'TRAILING_DELTA', 'minTrailingAboveDelta': 10, 'maxTrailingAboveDelta': 2000, 'minTrailingBelowDelta': 10, 'maxTrailingBelowDelta': 2000}, {'filterType': 'PERCENT_PRICE_BY_SIDE', 'bidMultiplierUp': '1.25', 'bidMultiplierDown': '0.2', 'askMultiplierUp': '5', 'askMultiplierDown': '0.75', 'avgPriceMins': 5}, {'filterType': 'MAX_NUM_ORDERS', 'maxNumOrders': 200}, {'filterType': 'MAX_NUM_ALGO_ORDERS', 'maxNumAlgoOrders': 5}]",['SPOT'],EXPIRE_MAKER,"['EXPIRE_TAKER', 'EXPIRE_MAKER', 'EXPIRE_BOTH']",0.00010000,0.00010000,1000.00000000,1.00000000,1.00000000,900000.00000000,1.00000000
233,OCEANUSD4,BREAK,OCEAN,8,USD4,4,4,8,4,"['LIMIT', 'LIMIT_MAKER', 'MARKET', 'STOP_LOSS_LIMIT', 'TAKE_PROFIT_LIMIT']",True,True,True,True,True,True,False,"[{'filterType': 'PRICE_FILTER', 'minPrice': '0.0001', 'maxPrice': '1000.0000', 'tickSize': '0.0001'}, {'filterType': 'PERCENT_PRICE', 'multiplierUp': '5', 'multiplierDown': '0.2', 'avgPriceMins': 5}, {'filterType': 'LOT_SIZE', 'minQty': '1.00000000', 'maxQty': '900000.00000000', 'stepSize': '1.00000000'}, {'filterType': 'MIN_NOTIONAL', 'minNotional': '10.0000', 'applyToMarket': True, 'avgPriceMins': 5}, {'filterType': 'ICEBERG_PARTS', 'limit': 10}, {'filterType': 'MARKET_LOT_SIZE', 'minQty': '0.00000000', 'maxQty': '145997.28702290', 'stepSize': '0.00000000'}, {'filterType': 'TRAILING_DELTA', 'minTrailingAboveDelta': 10, 'maxTrailingAboveDelta': 2000, 'minTrailingBelowDelta': 10, 'maxTrailingBelowDelta': 2000}, {'filterType': 'MAX_NUM_ORDERS', 'maxNumOrders': 200}, {'filterType': 'MAX_NUM_ALGO_ORDERS', 'maxNumAlgoOrders': 5}]",['SPOT'],EXPIRE_MAKER,"['EXPIRE_TAKER', 'EXPIRE_MAKER', 'EXPIRE_BOTH']",0.0001,0.0001,1000.0000,1.00000000,1.00000000,900000.00000000,10.0000
234,LAZIOUSDT,TRADING,LAZIO,8,USDT,8,8,8,8,"['LIMIT', 'LIMIT_MAKER', 'MARKET', 'STOP_LOSS_LIMIT', 'TAKE_PROFIT_LIMIT']",True,True,True,True,True,True,False,"[{'filterType': 'PRICE_FILTER', 'minPrice': '0.00100000', 'maxPrice': '1000.00000000', 'tickSize': '0.00100000'}, {'filterType': 'PERCENT_PRICE', 'multiplierUp': '5', 'multiplierDown': '0.2', 'avgPriceMins': 5}, {'filterType': 'LOT_SIZE', 'minQty': '0.01000000', 'maxQty': '92141578.00000000', 'stepSize': '0.01000000'}, {'filterType': 'MIN_NOTIONAL', 'minNotional': '1.00000000', 'applyToMarket': True, 'avgPriceMins': 5}, {'filterType': 'ICEBERG_PARTS', 'limit': 10}, {'filterType': 'MARKET_LOT_SIZE', 'minQty': '0.00000000', 'maxQty': '419.85066945', 'stepSize': '0.00000000'}, {'filterType': 'TRAILING_DELTA', 'minTrailingAboveDelta': 10, 'maxTrailingAboveDelta': 2000, 'minTrailingBelowDelta': 10, 'maxTrailingBelowDelta': 2000}, {'filterType': 'PERCENT_PRICE_BY_SIDE', 'bidMultiplierUp': '1.25', 'bidMultiplierDown': '0.2', 'askMultiplierUp': '5', 'askMultiplierDown': '0.75', 'avgPriceMins': 5}, {'filterType': 'MAX_NUM_ORDERS', 'maxNumOrders': 200}, {'filterType': 'MAX_NUM_ALGO_ORDERS', 'maxNumAlgoOrders': 5}]",['SPOT'],EXPIRE_MAKER,"['EXPIRE_TAKER', 'EXPIRE_MAKER', 'EXPIRE_BOTH']",0.00100000,0.00100000,1000.00000000,0.01000000,0.01000000,92141578.00000000,1.00000000
235,LAZIOUSD4,BREAK,LAZIO,8,USD4,4,4,8,4,"['LIMIT', 'LIMIT_MAKER', 'MARKET', 'STOP_LOSS_LIMIT', 'TAKE_PROFIT_LIMIT']",True,True,True,True,True,True,False,"[{'filterType': 'PRICE_FILTER', 'minPrice': '0.0001', 'maxPrice': '1000.0000', 'tickSize': '0.0001'}, {'filterType': 'PERCENT_PRICE', 'multiplierUp': '5', 'multiplierDown': '0.2', 'avgPriceMins': 5}, {'filterType': 'LOT_SIZE', 'minQty': '0.01000000', 'maxQty': '92141578.00000000', 'stepSize': '0.01000000'}, {'filterType': 'MIN_NOTIONAL', 'minNotional': '10.0000', 'applyToMarket': True, 'avgPriceMins': 5}, {'filterType': 'ICEBERG_PARTS', 'limit': 10}, {'filterType': 'MARKET_LOT_SIZE', 'minQty': '0.00000000', 'maxQty': '30354.65209027', 'stepSize': '0.00000000'}, {'filterType': 'TRAILING_DELTA', 'minTrailingAboveDelta': 10, 'maxTrailingAboveDelta': 2000, 'minTrailingBelowDelta': 10, 'maxTrailingBelowDelta': 2000}, {'filterType': 'MAX_NUM_ORDERS', 'maxNumOrders': 200}, {'filterType': 'MAX_NUM_ALGO_ORDERS', 'maxNumAlgoOrders': 5}]",['SPOT'],EXPIRE_MAKER,"['EXPIRE_TAKER', 'EXPIRE_MAKER', 'EXPIRE_BOTH']",0.0001,0.0001,1000.0000,0.01000000,0.01000000,92141578.00000000,10.0000
236,SANTOSUSDT,TRADING,SANTOS,8,USDT,8,8,8,8,"['LIMIT', 'LIMIT_MAKER', 'MARKET', 'STOP_LOSS_LIMIT', 'TAKE_PROFIT_LIMIT']",True,True,True,True,True,True,False,"[{'filterType': 'PRICE_FILTER', 'minPrice': '0.00100000', 'maxPrice': '1000.00000000', 'tickSize': '0.00100000'}, {'filterType': 'PERCENT_PRICE', 'multiplierUp': '5', 'multiplierDown': '0.2', 'avgPriceMins': 5}, {'filterType': 'LOT_SIZE', 'minQty': '0.01000000', 'maxQty': '92141578.00000000', 'stepSize': '0.01000000'}, {'filterType': 'MIN_NOTIONAL', 'minNotional': '1.00000000', 'applyToMarket': True, 'avgPriceMins': 5}, {'filterType': 'ICEBERG_PARTS', 'limit': 10}, {'filterType': 'MARKET_LOT_SIZE', 'minQty': '0.00000000', 'maxQty': '231.93000000', 'stepSize': '0.00000000'}, {'filterType': 'TRAILING_DELTA', 'minTrailingAboveDelta': 10, 'maxTrailingAboveDelta': 2000, 'minTrailingBelowDelta': 10, 'maxTrailingBelowDelta': 2000}, {'filterType': 'PERCENT_PRICE_BY_SIDE', 'bidMultiplierUp': '1.25', 'bidMultiplierDown': '0.2', 'askMultiplierUp': '5', 'askMultiplierDown': '0.75', 'avgPriceMins': 5}, {'filterType': 'MAX_NUM_ORDERS', 'maxNumOrders': 200}, {'filterType': 'MAX_NUM_ALGO_ORDERS', 'maxNumAlgoOrders': 5}]",['SPOT'],EXPIRE_MAKER,"['EXPIRE_TAKER', 'EXPIRE_MAKER', 'EXPIRE_BOTH']",0.00100000,0.00100000,1000.00000000,0.01000000,0.01000000,92141578.00000000,1.00000000
237,SANTOSUSD4,BREAK,SANTOS,8,USD4,4,4,8,3,"['LIMIT', 'LIMIT_MAKER', 'MARKET', 'STOP_LOSS_LIMIT', 'TAKE_PROFIT_LIMIT']",True,True,True,True,True,True,False,"[{'filterType': 'PRICE_FILTER', 'minPrice': '0.0010', 'maxPrice': '1000.0000', 'tickSize': '0.0010'}, {'filterType': 'PERCENT_PRICE', 'multiplierUp': '5', 'multiplierDown': '0.2', 'avgPriceMins': 5}, {'filterType': 'LOT_SIZE', 'minQty': '0.01000000', 'maxQty': '92141578.00000000', 'stepSize': '0.01000000'}, {'filterType': 'MIN_NOTIONAL', 'minNotional': '10.0000', 'applyToMarket': True, 'avgPriceMins': 5}, {'filterType': 'ICEBERG_PARTS', 'limit': 10}, {'filterType': 'MARKET_LOT_SIZE', 'minQty': '0.00000000', 'maxQty': '26075.60693268', 'stepSize': '0.00000000'}, {'filterType': 'TRAILING_DELTA', 'minTrailingAboveDelta': 10, 'maxTrailingAboveDelta': 2000, 'minTrailingBelowDelta': 10, 'maxTrailingBelowDelta': 2000}, {'filterType': 'MAX_NUM_ORDERS', 'maxNumOrders': 200}, {'filterType': 'MAX_NUM_ALGO_ORDERS', 'maxNumAlgoOrders': 5}]",['SPOT'],EXPIRE_MAKER,"['EXPIRE_TAKER', 'EXPIRE_MAKER', 'EXPIRE_BOTH']",0.0010,0.0010,1000.0000,0.01000000,0.01000000,92141578.00000000,10.0000
238,ALPINEUSDT,TRADING,ALPINE,8,USDT,8,8,8,8,"['LIMIT', 'LIMIT_MAKER', 'MARKET', 'STOP_LOSS_LIMIT', 'TAKE_PROFIT_LIMIT']",True,True,True,True,True,True,False,"[{'filterType': 'PRICE_FILTER', 'minPrice': '0.00100000', 'maxPrice': '1000.00000000', 'tickSize': '0.00100000'}, {'filterType': 'PERCENT_PRICE', 'multiplierUp': '5', 'multiplierDown': '0.2', 'avgPriceMins': 5}, {'filterType': 'LOT_SIZE', 'minQty': '0.01000000', 'maxQty': '92141578.00000000', 'stepSize': '0.01000000'}, {'filterType': 'MIN_NOTIONAL', 'minNotional': '1.00000000', 'applyToMarket': True, 'avgPriceMins': 5}, {'filterType': 'ICEBERG_PARTS', 'limit': 10}, {'filterType': 'MARKET_LOT_SIZE', 'minQty': '0.00000000', 'maxQty': '1616.81979079', 'stepSize': '0.00000000'}, {'filterType': 'TRAILING_DELTA', 'minTrailingAboveDelta': 10, 'maxTrailingAboveDelta': 2000, 'minTrailingBelowDelta': 10, 'maxTrailingBelowDelta': 2000}, {'filterType': 'PERCENT_PRICE_BY_SIDE', 'bidMultiplierUp': '1.25', 'bidMultiplierDown': '0.2', 'askMultiplierUp': '5', 'askMultiplierDown': '0.75', 'avgPriceMins': 5}, {'filterType': 'MAX_NUM_ORDERS', 'maxNumOrders': 200}, {'filterType': 'MAX_NUM_ALGO_ORDERS', 'maxNumAlgoOrders': 5}]",['SPOT'],EXPIRE_MAKER,"['EXPIRE_TAKER', 'EXPIRE_MAKER', 'EXPIRE_BOTH']",0.00100000,0.00100000,1000.00000000,0.01000000,0.01000000,92141578.00000000,1.00000000
239,ALPINEUSD4,BREAK,ALPINE,8,USD4,4,4,8,4,"['LIMIT', 'LIMIT_MAKER', 'MARKET', 'STOP_LOSS_LIMIT', 'TAKE_PROFIT_LIMIT']",True,True,True,True,True,True,False,"[{'filterType': 'PRICE_FILTER', 'minPrice': '0.0001', 'maxPrice': '1000.0000', 'tickSize': '0.0001'}, {'filterType': 'PERCENT_PRICE', 'multiplierUp': '5', 'multiplierDown': '0.2', 'avgPriceMins': 5}, {'filterType': 'LOT_SIZE', 'minQty': '0.01000000', 'maxQty': '92141578.00000000', 'stepSize': '0.01000000'}, {'filterType': 'MIN_NOTIONAL', 'minNotional': '10.0000', 'applyToMarket': True, 'avgPriceMins': 5}, {'filterType': 'ICEBERG_PARTS', 'limit': 10}, {'filterType': 'MARKET_LOT_SIZE', 'minQty': '0.00000000', 'maxQty': '19539.58060458', 'stepSize': '0.00000000'}, {'filterType': 'TRAILING_DELTA', 'minTrailingAboveDelta': 10, 'maxTrailingAboveDelta': 2000, 'minTrailingBelowDelta': 10, 'maxTrailingBelowDelta': 2000}, {'filterType': 'MAX_NUM_ORDERS', 'maxNumOrders': 200}, {'filterType': 'MAX_NUM_ALGO_ORDERS', 'maxNumAlgoOrders': 5}]",['SPOT'],EXPIRE_MAKER,"['EXPIRE_TAKER', 'EXPIRE_MAKER', 'EXPIRE_BOTH']",0.0001,0.0001,1000.0000,0.01000000,0.01000000,92141578.00000000,10.0000
240,PORTOUSDT,TRADING,PORTO,8,USDT,8,8,8,8,"['LIMIT', 'LIMIT_MAKER', 'MARKET', 'STOP_LOSS_LIMIT', 'TAKE_PROFIT_LIMIT']",True,True,True,True,True,True,False,"[{'filterType': 'PRICE_FILTER', 'minPrice': '0.00100000', 'maxPrice': '1000.00000000', 'tickSize': '0.00100000'}, {'filterType': 'PERCENT_PRICE', 'multiplierUp': '5', 'multiplierDown': '0.2', 'avgPriceMins': 5}, {'filterType': 'LOT_SIZE', 'minQty': '0.01000000', 'maxQty': '92141578.00000000', 'stepSize': '0.01000000'}, {'filterType': 'MIN_NOTIONAL', 'minNotional': '1.00000000', 'applyToMarket': True, 'avgPriceMins': 5}, {'filterType': 'ICEBERG_PARTS', 'limit': 10}, {'filterType': 'MARKET_LOT_SIZE', 'minQty': '0.00000000', 'maxQty': '56.90828451', 'stepSize': '0.00000000'}, {'filterType': 'TRAILING_DELTA', 'minTrailingAboveDelta': 10, 'maxTrailingAboveDelta': 2000, 'minTrailingBelowDelta': 10, 'maxTrailingBelowDelta': 2000}, {'filterType': 'PERCENT_PRICE_BY_SIDE', 'bidMultiplierUp': '1.25', 'bidMultiplierDown': '0.2', 'askMultiplierUp': '5', 'askMultiplierDown': '0.75', 'avgPriceMins': 5}, {'filterType': 'MAX_NUM_ORDERS', 'maxNumOrders': 200}, {'filterType': 'MAX_NUM_ALGO_ORDERS', 'maxNumAlgoOrders': 5}]",['SPOT'],EXPIRE_MAKER,"['EXPIRE_TAKER', 'EXPIRE_MAKER', 'EXPIRE_BOTH']",0.00100000,0.00100000,1000.00000000,0.01000000,0.01000000,92141578.00000000,1.00000000
241,PORTOUSD4,BREAK,PORTO,8,USD4,4,4,8,4,"['LIMIT', 'LIMIT_MAKER', 'MARKET', 'STOP_LOSS_LIMIT', 'TAKE_PROFIT_LIMIT']",True,True,True,True,True,True,False,"[{'filterType': 'PRICE_FILTER', 'minPrice': '0.0001', 'maxPrice': '1000.0000', 'tickSize': '0.0001'}, {'filterType': 'PERCENT_PRICE', 'multiplierUp': '5', 'multiplierDown': '0.2', 'avgPriceMins': 5}, {'filterType': 'LOT_SIZE', 'minQty': '0.01000000', 'maxQty': '92141578.00000000', 'stepSize': '0.01000000'}, {'filterType': 'MIN_NOTIONAL', 'minNotional': '10.0000', 'applyToMarket': True, 'avgPriceMins': 5}, {'filterType': 'ICEBERG_PARTS', 'limit': 10}, {'filterType': 'MARKET_LOT_SIZE', 'minQty': '0.00000000', 'maxQty': '29530.82736805', 'stepSize': '0.00000000'}, {'filterType': 'TRAILING_DELTA', 'minTrailingAboveDelta': 10, 'maxTrailingAboveDelta': 2000, 'minTrailingBelowDelta': 10, 'maxTrailingBelowDelta': 2000}, {'filterType': 'MAX_NUM_ORDERS', 'maxNumOrders': 200}, {'filterType': 'MAX_NUM_ALGO_ORDERS', 'maxNumAlgoOrders': 5}]",['SPOT'],EXPIRE_MAKER,"['EXPIRE_TAKER', 'EXPIRE_MAKER', 'EXPIRE_BOTH']",0.0001,0.0001,1000.0000,0.01000000,0.01000000,92141578.00000000,10.0000
242,RENUSDT,BREAK,REN,8,USDT,8,8,8,8,"['LIMIT', 'LIMIT_MAKER', 'MARKET', 'STOP_LOSS_LIMIT', 'TAKE_PROFIT_LIMIT']",True,True,True,True,True,True,False,"[{'filterType': 'PRICE_FILTER', 'minPrice': '0.00001000', 'maxPrice': '1000.00000000', 'tickSize': '0.00001000'}, {'filterType': 'PERCENT_PRICE', 'multiplierUp': '5', 'multiplierDown': '0.2', 'avgPriceMins': 5}, {'filterType': 'LOT_SIZE', 'minQty': '1.00000000', 'maxQty': '9000000.00000000', 'stepSize': '1.00000000'}, {'filterType': 'MIN_NOTIONAL', 'minNotional': '1.00000000', 'applyToMarket': True, 'avgPriceMins': 5}, {'filterType': 'ICEBERG_PARTS', 'limit': 10}, {'filterType': 'MARKET_LOT_SIZE', 'minQty': '0.00000000', 'maxQty': '17249.23404255', 'stepSize': '0.00000000'}, {'filterType': 'TRAILING_DELTA', 'minTrailingAboveDelta': 10, 'maxTrailingAboveDelta': 2000, 'minTrailingBelowDelta': 10, 'maxTrailingBelowDelta': 2000}, {'filterType': 'PERCENT_PRICE_BY_SIDE', 'bidMultiplierUp': '1.25', 'bidMultiplierDown': '0.2', 'askMultiplierUp': '5', 'askMultiplierDown': '0.75', 'avgPriceMins': 5}, {'filterType': 'MAX_NUM_ORDERS', 'maxNumOrders': 200}, {'filterType': 'MAX_NUM_ALGO_ORDERS', 'maxNumAlgoOrders': 5}]",['SPOT'],EXPIRE_MAKER,"['EXPIRE_TAKER', 'EXPIRE_MAKER', 'EXPIRE_BOTH']",0.00001000,0.00001000,1000.00000000,1.00000000,1.00000000,9000000.00000000,1.00000000
243,RENUSD4,BREAK,REN,8,USD4,4,4,8,4,"['LIMIT', 'LIMIT_MAKER', 'MARKET', 'STOP_LOSS_LIMIT', 'TAKE_PROFIT_LIMIT']",True,True,True,True,True,True,False,"[{'filterType': 'PRICE_FILTER', 'minPrice': '0.0001', 'maxPrice': '1000.0000', 'tickSize': '0.0001'}, {'filterType': 'PERCENT_PRICE', 'multiplierUp': '5', 'multiplierDown': '0.2', 'avgPriceMins': 5}, {'filterType': 'LOT_SIZE', 'minQty': '1.00000000', 'maxQty': '9000000.00000000', 'stepSize': '1.00000000'}, {'filterType': 'MIN_NOTIONAL', 'minNotional': '10.0000', 'applyToMarket': True, 'avgPriceMins': 5}, {'filterType': 'ICEBERG_PARTS', 'limit': 10}, {'filterType': 'MARKET_LOT_SIZE', 'minQty': '0.00000000', 'maxQty': '567579.47108066', 'stepSize': '0.00000000'}, {'filterType': 'TRAILING_DELTA', 'minTrailingAboveDelta': 10, 'maxTrailingAboveDelta': 2000, 'minTrailingBelowDelta': 10, 'maxTrailingBelowDelta': 2000}, {'filterType': 'MAX_NUM_ORDERS', 'maxNumOrders': 200}, {'filterType': 'MAX_NUM_ALGO_ORDERS', 'maxNumAlgoOrders': 5}]",['SPOT'],EXPIRE_MAKER,"['EXPIRE_TAKER', 'EXPIRE_MAKER', 'EXPIRE_BOTH']",0.0001,0.0001,1000.0000,1.00000000,1.00000000,9000000.00000000,10.0000
244,CELRUSDT,TRADING,CELR,8,USDT,8,8,8,8,"['LIMIT', 'LIMIT_MAKER', 'MARKET', 'STOP_LOSS_LIMIT', 'TAKE_PROFIT_LIMIT']",True,True,True,True,True,True,False,"[{'filterType': 'PRICE_FILTER', 'minPrice': '0.00000100', 'maxPrice': '10000.00000000', 'tickSize': '0.00000100'}, {'filterType': 'PERCENT_PRICE', 'multiplierUp': '5', 'multiplierDown': '0.2', 'avgPriceMins': 5}, {'filterType': 'LOT_SIZE', 'minQty': '0.10000000', 'maxQty': '9222449.00000000', 'stepSize': '0.10000000'}, {'filterType': 'MIN_NOTIONAL', 'minNotional': '1.00000000', 'applyToMarket': True, 'avgPriceMins': 5}, {'filterType': 'ICEBERG_PARTS', 'limit': 10}, {'filterType': 'MARKET_LOT_SIZE', 'minQty': '0.00000000', 'maxQty': '691185.69330543', 'stepSize': '0.00000000'}, {'filterType': 'TRAILING_DELTA', 'minTrailingAboveDelta': 10, 'maxTrailingAboveDelta': 2000, 'minTrailingBelowDelta': 10, 'maxTrailingBelowDelta': 2000}, {'filterType': 'PERCENT_PRICE_BY_SIDE', 'bidMultiplierUp': '1.25', 'bidMultiplierDown': '0.2', 'askMultiplierUp': '5', 'askMultiplierDown': '0.75', 'avgPriceMins': 5}, {'filterType': 'MAX_NUM_ORDERS', 'maxNumOrders': 200}, {'filterType': 'MAX_NUM_ALGO_ORDERS', 'maxNumAlgoOrders': 5}]",['SPOT'],EXPIRE_MAKER,"['EXPIRE_TAKER', 'EXPIRE_MAKER', 'EXPIRE_BOTH']",0.00000100,0.00000100,10000.00000000,0.10000000,0.10000000,9222449.00000000,1.00000000
245,CELRUSD4,BREAK,CELR,8,USD4,4,4,8,4,"['LIMIT', 'LIMIT_MAKER', 'MARKET', 'STOP_LOSS_LIMIT', 'TAKE_PROFIT_LIMIT']",True,True,True,True,True,True,False,"[{'filterType': 'PRICE_FILTER', 'minPrice': '0.0001', 'maxPrice': '10000.0000', 'tickSize': '0.0001'}, {'filterType': 'PERCENT_PRICE', 'multiplierUp': '5', 'multiplierDown': '0.2', 'avgPriceMins': 5}, {'filterType': 'LOT_SIZE', 'minQty': '0.10000000', 'maxQty': '9222449.00000000', 'stepSize': '0.10000000'}, {'filterType': 'MIN_NOTIONAL', 'minNotional': '10.0000', 'applyToMarket': True, 'avgPriceMins': 5}, {'filterType': 'ICEBERG_PARTS', 'limit': 10}, {'filterType': 'MARKET_LOT_SIZE', 'minQty': '0.00000000', 'maxQty': '7822685.38698578', 'stepSize': '0.00000000'}, {'filterType': 'TRAILING_DELTA', 'minTrailingAboveDelta': 10, 'maxTrailingAboveDelta': 2000, 'minTrailingBelowDelta': 10, 'maxTrailingBelowDelta': 2000}, {'filterType': 'MAX_NUM_ORDERS', 'maxNumOrders': 200}, {'filterType': 'MAX_NUM_ALGO_ORDERS', 'maxNumAlgoOrders': 5}]",['SPOT'],EXPIRE_MAKER,"['EXPIRE_TAKER', 'EXPIRE_MAKER', 'EXPIRE_BOTH']",0.0001,0.0001,10000.0000,0.10000000,0.10000000,9222449.00000000,10.0000
246,SKLUSDT,TRADING,SKL,8,USDT,8,8,8,8,"['LIMIT', 'LIMIT_MAKER', 'MARKET', 'STOP_LOSS_LIMIT', 'TAKE_PROFIT_LIMIT']",True,True,True,True,True,True,False,"[{'filterType': 'PRICE_FILTER', 'minPrice': '0.00001000', 'maxPrice': '1000.00000000', 'tickSize': '0.00001000'}, {'filterType': 'PERCENT_PRICE', 'multiplierUp': '5', 'multiplierDown': '0.2', 'avgPriceMins': 5}, {'filterType': 'LOT_SIZE', 'minQty': '1.00000000', 'maxQty': '9000000.00000000', 'stepSize': '1.00000000'}, {'filterType': 'MIN_NOTIONAL', 'minNotional': '1.00000000', 'applyToMarket': True, 'avgPriceMins': 5}, {'filterType': 'ICEBERG_PARTS', 'limit': 10}, {'filterType': 'MARKET_LOT_SIZE', 'minQty': '0.00000000', 'maxQty': '18654.77405857', 'stepSize': '0.00000000'}, {'filterType': 'TRAILING_DELTA', 'minTrailingAboveDelta': 10, 'maxTrailingAboveDelta': 2000, 'minTrailingBelowDelta': 10, 'maxTrailingBelowDelta': 2000}, {'filterType': 'PERCENT_PRICE_BY_SIDE', 'bidMultiplierUp': '1.25', 'bidMultiplierDown': '0.2', 'askMultiplierUp': '5', 'askMultiplierDown': '0.75', 'avgPriceMins': 5}, {'filterType': 'MAX_NUM_ORDERS', 'maxNumOrders': 200}, {'filterType': 'MAX_NUM_ALGO_ORDERS', 'maxNumAlgoOrders': 5}]",['SPOT'],EXPIRE_MAKER,"['EXPIRE_TAKER', 'EXPIRE_MAKER', 'EXPIRE_BOTH']",0.00001000,0.00001000,1000.00000000,1.00000000,1.00000000,9000000.00000000,1.00000000
247,SKLUSD4,BREAK,SKL,8,USD4,4,4,8,4,"['LIMIT', 'LIMIT_MAKER', 'MARKET', 'STOP_LOSS_LIMIT', 'TAKE_PROFIT_LIMIT']",True,True,True,True,True,True,False,"[{'filterType': 'PRICE_FILTER', 'minPrice': '0.0001', 'maxPrice': '1000.0000', 'tickSize': '0.0001'}, {'filterType': 'PERCENT_PRICE', 'multiplierUp': '5', 'multiplierDown': '0.2', 'avgPriceMins': 5}, {'filterType': 'LOT_SIZE', 'minQty': '1.00000000', 'maxQty': '9000000.00000000', 'stepSize': '1.00000000'}, {'filterType': 'MIN_NOTIONAL', 'minNotional': '10.0000', 'applyToMarket': True, 'avgPriceMins': 5}, {'filterType': 'ICEBERG_PARTS', 'limit': 10}, {'filterType': 'MARKET_LOT_SIZE', 'minQty': '0.00000000', 'maxQty': '1759560.96742957', 'stepSize': '0.00000000'}, {'filterType': 'TRAILING_DELTA', 'minTrailingAboveDelta': 10, 'maxTrailingAboveDelta': 2000, 'minTrailingBelowDelta': 10, 'maxTrailingBelowDelta': 2000}, {'filterType': 'MAX_NUM_ORDERS', 'maxNumOrders': 200}, {'filterType': 'MAX_NUM_ALGO_ORDERS', 'maxNumAlgoOrders': 5}]",['SPOT'],EXPIRE_MAKER,"['EXPIRE_TAKER', 'EXPIRE_MAKER', 'EXPIRE_BOTH']",0.0001,0.0001,1000.0000,1.00000000,1.00000000,9000000.00000000,10.0000
248,VITEUSDT,BREAK,VITE,8,USDT,8,8,8,8,"['LIMIT', 'LIMIT_MAKER', 'MARKET', 'STOP_LOSS_LIMIT', 'TAKE_PROFIT_LIMIT']",True,True,True,True,True,True,False,"[{'filterType': 'PRICE_FILTER', 'minPrice': '0.00001000', 'maxPrice': '1000.00000000', 'tickSize': '0.00001000'}, {'filterType': 'PERCENT_PRICE', 'multiplierUp': '5', 'multiplierDown': '0.2', 'avgPriceMins': 5}, {'filterType': 'LOT_SIZE', 'minQty': '0.10000000', 'maxQty': '9000000.00000000', 'stepSize': '0.10000000'}, {'filterType': 'MIN_NOTIONAL', 'minNotional': '1.00000000', 'applyToMarket': True, 'avgPriceMins': 5}, {'filterType': 'ICEBERG_PARTS', 'limit': 10}, {'filterType': 'MARKET_LOT_SIZE', 'minQty': '0.00000000', 'maxQty': '225230.40000000', 'stepSize': '0.00000000'}, {'filterType': 'TRAILING_DELTA', 'minTrailingAboveDelta': 10, 'maxTrailingAboveDelta': 2000, 'minTrailingBelowDelta': 10, 'maxTrailingBelowDelta': 2000}, {'filterType': 'PERCENT_PRICE_BY_SIDE', 'bidMultiplierUp': '1.25', 'bidMultiplierDown': '0.2', 'askMultiplierUp': '5', 'askMultiplierDown': '0.75', 'avgPriceMins': 5}, {'filterType': 'MAX_NUM_ORDERS', 'maxNumOrders': 200}, {'filterType': 'MAX_NUM_ALGO_ORDERS', 'maxNumAlgoOrders': 5}]",['SPOT'],EXPIRE_MAKER,"['EXPIRE_TAKER', 'EXPIRE_MAKER', 'EXPIRE_BOTH']",0.00001000,0.00001000,1000.00000000,0.10000000,0.10000000,9000000.00000000,1.00000000
249,VITEUSD4,BREAK,VITE,8,USD4,4,4,8,4,"['LIMIT', 'LIMIT_MAKER', 'MARKET', 'STOP_LOSS_LIMIT', 'TAKE_PROFIT_LIMIT']",True,True,True,True,True,True,False,"[{'filterType': 'PRICE_FILTER', 'minPrice': '0.0001', 'maxPrice': '1000.0000', 'tickSize': '0.0001'}, {'filterType': 'PERCENT_PRICE', 'multiplierUp': '5', 'multiplierDown': '0.2', 'avgPriceMins': 5}, {'filterType': 'LOT_SIZE', 'minQty': '0.10000000', 'maxQty': '9000000.00000000', 'stepSize': '0.10000000'}, {'filterType': 'MIN_NOTIONAL', 'minNotional': '10.0000', 'applyToMarket': True, 'avgPriceMins': 5}, {'filterType': 'ICEBERG_PARTS', 'limit': 10}, {'filterType': 'MARKET_LOT_SIZE', 'minQty': '0.00000000', 'maxQty': '2860785.40650263', 'stepSize': '0.00000000'}, {'filterType': 'TRAILING_DELTA', 'minTrailingAboveDelta': 10, 'maxTrailingAboveDelta': 2000, 'minTrailingBelowDelta': 10, 'maxTrailingBelowDelta': 2000}, {'filterType': 'MAX_NUM_ORDERS', 'maxNumOrders': 200}, {'filterType': 'MAX_NUM_ALGO_ORDERS', 'maxNumAlgoOrders': 5}]",['SPOT'],EXPIRE_MAKER,"['EXPIRE_TAKER', 'EXPIRE_MAKER', 'EXPIRE_BOTH']",0.0001,0.0001,1000.0000,0.10000000,0.10000000,9000000.00000000,10.0000
250,WAXPUSDT,TRADING,WAXP,8,USDT,8,8,8,8,"['LIMIT', 'LIMIT_MAKER', 'MARKET', 'STOP_LOSS_LIMIT', 'TAKE_PROFIT_LIMIT']",True,True,True,True,True,True,False,"[{'filterType': 'PRICE_FILTER', 'minPrice': '0.00001000', 'maxPrice': '1000.00000000', 'tickSize': '0.00001000'}, {'filterType': 'PERCENT_PRICE', 'multiplierUp': '5', 'multiplierDown': '0.2', 'avgPriceMins': 5}, {'filterType': 'LOT_SIZE', 'minQty': '1.00000000', 'maxQty': '92141578.00000000', 'stepSize': '1.00000000'}, {'filterType': 'MIN_NOTIONAL', 'minNotional': '1.00000000', 'applyToMarket': True, 'avgPriceMins': 5}, {'filterType': 'ICEBERG_PARTS', 'limit': 10}, {'filterType': 'MARKET_LOT_SIZE', 'minQty': '0.00000000', 'maxQty': '82915.00000000', 'stepSize': '0.00000000'}, {'filterType': 'TRAILING_DELTA', 'minTrailingAboveDelta': 10, 'maxTrailingAboveDelta': 2000, 'minTrailingBelowDelta': 10, 'maxTrailingBelowDelta': 2000}, {'filterType': 'PERCENT_PRICE_BY_SIDE', 'bidMultiplierUp': '1.25', 'bidMultiplierDown': '0.2', 'askMultiplierUp': '5', 'askMultiplierDown': '0.75', 'avgPriceMins': 5}, {'filterType': 'MAX_NUM_ORDERS', 'maxNumOrders': 200}, {'filterType': 'MAX_NUM_ALGO_ORDERS', 'maxNumAlgoOrders': 5}]",['SPOT'],EXPIRE_MAKER,"['EXPIRE_TAKER', 'EXPIRE_MAKER', 'EXPIRE_BOTH']",0.00001000,0.00001000,1000.00000000,1.00000000,1.00000000,92141578.00000000,1.00000000
251,WAXPUSD4,BREAK,WAXP,8,USD4,4,4,8,4,"['LIMIT', 'LIMIT_MAKER', 'MARKET', 'STOP_LOSS_LIMIT', 'TAKE_PROFIT_LIMIT']",True,True,True,True,True,True,False,"[{'filterType': 'PRICE_FILTER', 'minPrice': '0.0001', 'maxPrice': '1000.0000', 'tickSize': '0.0001'}, {'filterType': 'PERCENT_PRICE', 'multiplierUp': '5', 'multiplierDown': '0.2', 'avgPriceMins': 5}, {'filterType': 'LOT_SIZE', 'minQty': '1.00000000', 'maxQty': '92141578.00000000', 'stepSize': '1.00000000'}, {'filterType': 'MIN_NOTIONAL', 'minNotional': '10.0000', 'applyToMarket': True, 'avgPriceMins': 5}, {'filterType': 'ICEBERG_PARTS', 'limit': 10}, {'filterType': 'MARKET_LOT_SIZE', 'minQty': '0.00000000', 'maxQty': '551927.59930555', 'stepSize': '0.00000000'}, {'filterType': 'TRAILING_DELTA', 'minTrailingAboveDelta': 10, 'maxTrailingAboveDelta': 2000, 'minTrailingBelowDelta': 10, 'maxTrailingBelowDelta': 2000}, {'filterType': 'MAX_NUM_ORDERS', 'maxNumOrders': 200}, {'filterType': 'MAX_NUM_ALGO_ORDERS', 'maxNumAlgoOrders': 5}]",['SPOT'],EXPIRE_MAKER,"['EXPIRE_TAKER', 'EXPIRE_MAKER', 'EXPIRE_BOTH']",0.0001,0.0001,1000.0000,1.00000000,1.00000000,92141578.00000000,10.0000
252,LTOUSDT,BREAK,LTO,8,USDT,8,8,8,8,"['LIMIT', 'LIMIT_MAKER', 'MARKET', 'STOP_LOSS_LIMIT', 'TAKE_PROFIT_LIMIT']",True,True,True,True,True,True,False,"[{'filterType': 'PRICE_FILTER', 'minPrice': '0.00010000', 'maxPrice': '1000.00000000', 'tickSize': '0.00010000'}, {'filterType': 'PERCENT_PRICE', 'multiplierUp': '5', 'multiplierDown': '0.2', 'avgPriceMins': 5}, {'filterType': 'LOT_SIZE', 'minQty': '1.00000000', 'maxQty': '9000000.00000000', 'stepSize': '1.00000000'}, {'filterType': 'MIN_NOTIONAL', 'minNotional': '1.00000000', 'applyToMarket': True, 'avgPriceMins': 5}, {'filterType': 'ICEBERG_PARTS', 'limit': 10}, {'filterType': 'MARKET_LOT_SIZE', 'minQty': '0.00000000', 'maxQty': '80864.00000000', 'stepSize': '0.00000000'}, {'filterType': 'TRAILING_DELTA', 'minTrailingAboveDelta': 10, 'maxTrailingAboveDelta': 2000, 'minTrailingBelowDelta': 10, 'maxTrailingBelowDelta': 2000}, {'filterType': 'PERCENT_PRICE_BY_SIDE', 'bidMultiplierUp': '1.25', 'bidMultiplierDown': '0.2', 'askMultiplierUp': '5', 'askMultiplierDown': '0.75', 'avgPriceMins': 5}, {'filterType': 'MAX_NUM_ORDERS', 'maxNumOrders': 200}, {'filterType': 'MAX_NUM_ALGO_ORDERS', 'maxNumAlgoOrders': 5}]",['SPOT'],EXPIRE_MAKER,"['EXPIRE_TAKER', 'EXPIRE_MAKER', 'EXPIRE_BOTH']",0.00010000,0.00010000,1000.00000000,1.00000000,1.00000000,9000000.00000000,1.00000000
253,LTOUSD4,BREAK,LTO,8,USD4,4,4,8,4,"['LIMIT', 'LIMIT_MAKER', 'MARKET', 'STOP_LOSS_LIMIT', 'TAKE_PROFIT_LIMIT']",True,True,True,True,True,True,False,"[{'filterType': 'PRICE_FILTER', 'minPrice': '0.0001', 'maxPrice': '1000.0000', 'tickSize': '0.0001'}, {'filterType': 'PERCENT_PRICE', 'multiplierUp': '5', 'multiplierDown': '0.2', 'avgPriceMins': 5}, {'filterType': 'LOT_SIZE', 'minQty': '1.00000000', 'maxQty': '9000000.00000000', 'stepSize': '1.00000000'}, {'filterType': 'MIN_NOTIONAL', 'minNotional': '10.0000', 'applyToMarket': True, 'avgPriceMins': 5}, {'filterType': 'ICEBERG_PARTS', 'limit': 10}, {'filterType': 'MARKET_LOT_SIZE', 'minQty': '0.00000000', 'maxQty': '1042269.79360667', 'stepSize': '0.00000000'}, {'filterType': 'TRAILING_DELTA', 'minTrailingAboveDelta': 10, 'maxTrailingAboveDelta': 2000, 'minTrailingBelowDelta': 10, 'maxTrailingBelowDelta': 2000}, {'filterType': 'MAX_NUM_ORDERS', 'maxNumOrders': 200}, {'filterType': 'MAX_NUM_ALGO_ORDERS', 'maxNumAlgoOrders': 5}]",['SPOT'],EXPIRE_MAKER,"['EXPIRE_TAKER', 'EXPIRE_MAKER', 'EXPIRE_BOTH']",0.0001,0.0001,1000.0000,1.00000000,1.00000000,9000000.00000000,10.0000
254,FETUSDT,TRADING,FET,8,USDT,8,8,8,8,"['LIMIT', 'LIMIT_MAKER', 'MARKET', 'STOP_LOSS_LIMIT', 'TAKE_PROFIT_LIMIT']",True,True,True,True,True,True,False,"[{'filterType': 'PRICE_FILTER', 'minPrice': '0.00010000', 'maxPrice': '1000.00000000', 'tickSize': '0.00010000'}, {'filterType': 'PERCENT_PRICE', 'multiplierUp': '5', 'multiplierDown': '0.2', 'avgPriceMins': 5}, {'filterType': 'LOT_SIZE', 'minQty': '0.10000000', 'maxQty': '9000000.00000000', 'stepSize': '0.10000000'}, {'filterType': 'MIN_NOTIONAL', 'minNotional': '1.00000000', 'applyToMarket': True, 'avgPriceMins': 5}, {'filterType': 'ICEBERG_PARTS', 'limit': 10}, {'filterType': 'MARKET_LOT_SIZE', 'minQty': '0.00000000', 'maxQty': '22496.98326359', 'stepSize': '0.00000000'}, {'filterType': 'TRAILING_DELTA', 'minTrailingAboveDelta': 10, 'maxTrailingAboveDelta': 2000, 'minTrailingBelowDelta': 10, 'maxTrailingBelowDelta': 2000}, {'filterType': 'PERCENT_PRICE_BY_SIDE', 'bidMultiplierUp': '1.25', 'bidMultiplierDown': '0.2', 'askMultiplierUp': '5', 'askMultiplierDown': '0.75', 'avgPriceMins': 5}, {'filterType': 'MAX_NUM_ORDERS', 'maxNumOrders': 200}, {'filterType': 'MAX_NUM_ALGO_ORDERS', 'maxNumAlgoOrders': 5}]",['SPOT'],EXPIRE_MAKER,"['EXPIRE_TAKER', 'EXPIRE_MAKER', 'EXPIRE_BOTH']",0.00010000,0.00010000,1000.00000000,0.10000000,0.10000000,9000000.00000000,1.00000000
255,FETUSD4,BREAK,FET,8,USD4,4,4,8,4,"['LIMIT', 'LIMIT_MAKER', 'MARKET', 'STOP_LOSS_LIMIT', 'TAKE_PROFIT_LIMIT']",True,True,True,True,True,True,False,"[{'filterType': 'PRICE_FILTER', 'minPrice': '0.0001', 'maxPrice': '1000.0000', 'tickSize': '0.0001'}, {'filterType': 'PERCENT_PRICE', 'multiplierUp': '5', 'multiplierDown': '0.2', 'avgPriceMins': 5}, {'filterType': 'LOT_SIZE', 'minQty': '1.00000000', 'maxQty': '9000000.00000000', 'stepSize': '1.00000000'}, {'filterType': 'MIN_NOTIONAL', 'minNotional': '10.0000', 'applyToMarket': True, 'avgPriceMins': 5}, {'filterType': 'ICEBERG_PARTS', 'limit': 10}, {'filterType': 'MARKET_LOT_SIZE', 'minQty': '0.00000000', 'maxQty': '679752.96942321', 'stepSize': '0.00000000'}, {'filterType': 'TRAILING_DELTA', 'minTrailingAboveDelta': 10, 'maxTrailingAboveDelta': 2000, 'minTrailingBelowDelta': 10, 'maxTrailingBelowDelta': 2000}, {'filterType': 'MAX_NUM_ORDERS', 'maxNumOrders': 200}, {'filterType': 'MAX_NUM_ALGO_ORDERS', 'maxNumAlgoOrders': 5}]",['SPOT'],EXPIRE_MAKER,"['EXPIRE_TAKER', 'EXPIRE_MAKER', 'EXPIRE_BOTH']",0.0001,0.0001,1000.0000,1.00000000,1.00000000,9000000.00000000,10.0000
256,BONDUSDT,BREAK,BOND,8,USDT,8,8,8,8,"['LIMIT', 'LIMIT_MAKER', 'MARKET', 'STOP_LOSS_LIMIT', 'TAKE_PROFIT_LIMIT']",True,True,True,True,True,True,False,"[{'filterType': 'PRICE_FILTER', 'minPrice': '0.00100000', 'maxPrice': '10000.00000000', 'tickSize': '0.00100000'}, {'filterType': 'PERCENT_PRICE', 'multiplierUp': '5', 'multiplierDown': '0.2', 'avgPriceMins': 5}, {'filterType': 'LOT_SIZE', 'minQty': '0.01000000', 'maxQty': '9222449.00000000', 'stepSize': '0.01000000'}, {'filterType': 'MIN_NOTIONAL', 'minNotional': '1.00000000', 'applyToMarket': True, 'avgPriceMins': 5}, {'filterType': 'ICEBERG_PARTS', 'limit': 10}, {'filterType': 'MARKET_LOT_SIZE', 'minQty': '0.00000000', 'maxQty': '516.34578512', 'stepSize': '0.00000000'}, {'filterType': 'TRAILING_DELTA', 'minTrailingAboveDelta': 10, 'maxTrailingAboveDelta': 2000, 'minTrailingBelowDelta': 10, 'maxTrailingBelowDelta': 2000}, {'filterType': 'MAX_NUM_ORDERS', 'maxNumOrders': 200}, {'filterType': 'MAX_NUM_ALGO_ORDERS', 'maxNumAlgoOrders': 5}]",['SPOT'],EXPIRE_MAKER,"['EXPIRE_TAKER', 'EXPIRE_MAKER', 'EXPIRE_BOTH']",0.00100000,0.00100000,10000.00000000,0.01000000,0.01000000,9222449.00000000,1.00000000
257,BONDUSD4,BREAK,BOND,8,USD4,4,4,8,2,"['LIMIT', 'LIMIT_MAKER', 'MARKET', 'STOP_LOSS_LIMIT', 'TAKE_PROFIT_LIMIT']",True,True,True,True,True,True,False,"[{'filterType': 'PRICE_FILTER', 'minPrice': '0.0100', 'maxPrice': '10000.0000', 'tickSize': '0.0100'}, {'filterType': 'PERCENT_PRICE', 'multiplierUp': '5', 'multiplierDown': '0.2', 'avgPriceMins': 5}, {'filterType': 'LOT_SIZE', 'minQty': '0.01000000', 'maxQty': '9222449.00000000', 'stepSize': '0.01000000'}, {'filterType': 'MIN_NOTIONAL', 'minNotional': '10.0000', 'applyToMarket': True, 'avgPriceMins': 5}, {'filterType': 'ICEBERG_PARTS', 'limit': 10}, {'filterType': 'MARKET_LOT_SIZE', 'minQty': '0.00000000', 'maxQty': '16758.01062107', 'stepSize': '0.00000000'}, {'filterType': 'TRAILING_DELTA', 'minTrailingAboveDelta': 10, 'maxTrailingAboveDelta': 2000, 'minTrailingBelowDelta': 10, 'maxTrailingBelowDelta': 2000}, {'filterType': 'MAX_NUM_ORDERS', 'maxNumOrders': 200}, {'filterType': 'MAX_NUM_ALGO_ORDERS', 'maxNumAlgoOrders': 5}]",['SPOT'],EXPIRE_MAKER,"['EXPIRE_TAKER', 'EXPIRE_MAKER', 'EXPIRE_BOTH']",0.0100,0.0100,10000.0000,0.01000000,0.01000000,9222449.00000000,10.0000
258,LOKAUSDT,BREAK,LOKA,8,USDT,8,8,8,8,"['LIMIT', 'LIMIT_MAKER', 'MARKET', 'STOP_LOSS_LIMIT', 'TAKE_PROFIT_LIMIT']",True,True,True,True,True,True,False,"[{'filterType': 'PRICE_FILTER', 'minPrice': '0.00010000', 'maxPrice': '1000.00000000', 'tickSize': '0.00010000'}, {'filterType': 'PERCENT_PRICE', 'multiplierUp': '5', 'multiplierDown': '0.2', 'avgPriceMins': 5}, {'filterType': 'LOT_SIZE', 'minQty': '0.10000000', 'maxQty': '92141578.00000000', 'stepSize': '0.10000000'}, {'filterType': 'MIN_NOTIONAL', 'minNotional': '1.00000000', 'applyToMarket': True, 'avgPriceMins': 5}, {'filterType': 'ICEBERG_PARTS', 'limit': 10}, {'filterType': 'MARKET_LOT_SIZE', 'minQty': '0.00000000', 'maxQty': '1427.20000000', 'stepSize': '0.00000000'}, {'filterType': 'TRAILING_DELTA', 'minTrailingAboveDelta': 10, 'maxTrailingAboveDelta': 2000, 'minTrailingBelowDelta': 10, 'maxTrailingBelowDelta': 2000}, {'filterType': 'PERCENT_PRICE_BY_SIDE', 'bidMultiplierUp': '1.25', 'bidMultiplierDown': '0.2', 'askMultiplierUp': '5', 'askMultiplierDown': '0.75', 'avgPriceMins': 5}, {'filterType': 'MAX_NUM_ORDERS', 'maxNumOrders': 200}, {'filterType': 'MAX_NUM_ALGO_ORDERS', 'maxNumAlgoOrders': 5}]",['SPOT'],EXPIRE_MAKER,"['EXPIRE_TAKER', 'EXPIRE_MAKER', 'EXPIRE_BOTH']",0.00010000,0.00010000,1000.00000000,0.10000000,0.10000000,92141578.00000000,1.00000000
259,LOKAUSD4,BREAK,LOKA,8,USD4,4,4,8,4,"['LIMIT', 'LIMIT_MAKER', 'MARKET', 'STOP_LOSS_LIMIT', 'TAKE_PROFIT_LIMIT']",True,True,True,True,True,True,False,"[{'filterType': 'PRICE_FILTER', 'minPrice': '0.0001', 'maxPrice': '1000.0000', 'tickSize': '0.0001'}, {'filterType': 'PERCENT_PRICE', 'multiplierUp': '5', 'multiplierDown': '0.2', 'avgPriceMins': 5}, {'filterType': 'LOT_SIZE', 'minQty': '0.10000000', 'maxQty': '92141578.00000000', 'stepSize': '0.10000000'}, {'filterType': 'MIN_NOTIONAL', 'minNotional': '10.0000', 'applyToMarket': True, 'avgPriceMins': 5}, {'filterType': 'ICEBERG_PARTS', 'limit': 10}, {'filterType': 'MARKET_LOT_SIZE', 'minQty': '0.00000000', 'maxQty': '136861.61279554', 'stepSize': '0.00000000'}, {'filterType': 'TRAILING_DELTA', 'minTrailingAboveDelta': 10, 'maxTrailingAboveDelta': 2000, 'minTrailingBelowDelta': 10, 'maxTrailingBelowDelta': 2000}, {'filterType': 'MAX_NUM_ORDERS', 'maxNumOrders': 200}, {'filterType': 'MAX_NUM_ALGO_ORDERS', 'maxNumAlgoOrders': 5}]",['SPOT'],EXPIRE_MAKER,"['EXPIRE_TAKER', 'EXPIRE_MAKER', 'EXPIRE_BOTH']",0.0001,0.0001,1000.0000,0.10000000,0.10000000,92141578.00000000,10.0000
260,ICPUSDT,TRADING,ICP,8,USDT,8,8,8,8,"['LIMIT', 'LIMIT_MAKER', 'MARKET', 'STOP_LOSS_LIMIT', 'TAKE_PROFIT_LIMIT']",True,True,True,True,True,True,False,"[{'filterType': 'PRICE_FILTER', 'minPrice': '0.00100000', 'maxPrice': '100000.00000000', 'tickSize': '0.00100000'}, {'filterType': 'PERCENT_PRICE', 'multiplierUp': '5', 'multiplierDown': '0.2', 'avgPriceMins': 5}, {'filterType': 'LOT_SIZE', 'minQty': '0.01000000', 'maxQty': '922327.00000000', 'stepSize': '0.01000000'}, {'filterType': 'MIN_NOTIONAL', 'minNotional': '1.00000000', 'applyToMarket': True, 'avgPriceMins': 5}, {'filterType': 'ICEBERG_PARTS', 'limit': 10}, {'filterType': 'MARKET_LOT_SIZE', 'minQty': '0.00000000', 'maxQty': '1788.56903765', 'stepSize': '0.00000000'}, {'filterType': 'TRAILING_DELTA', 'minTrailingAboveDelta': 10, 'maxTrailingAboveDelta': 2000, 'minTrailingBelowDelta': 10, 'maxTrailingBelowDelta': 2000}, {'filterType': 'PERCENT_PRICE_BY_SIDE', 'bidMultiplierUp': '1.25', 'bidMultiplierDown': '0.2', 'askMultiplierUp': '5', 'askMultiplierDown': '0.75', 'avgPriceMins': 5}, {'filterType': 'MAX_NUM_ORDERS', 'maxNumOrders': 200}, {'filterType': 'MAX_NUM_ALGO_ORDERS', 'maxNumAlgoOrders': 5}]",['SPOT'],EXPIRE_MAKER,"['EXPIRE_TAKER', 'EXPIRE_MAKER', 'EXPIRE_BOTH']",0.00100000,0.00100000,100000.00000000,0.01000000,0.01000000,922327.00000000,1.00000000
261,ICPUSD4,BREAK,ICP,8,USD4,4,4,8,2,"['LIMIT', 'LIMIT_MAKER', 'MARKET', 'STOP_LOSS_LIMIT', 'TAKE_PROFIT_LIMIT']",True,True,True,True,True,True,False,"[{'filterType': 'PRICE_FILTER', 'minPrice': '0.0100', 'maxPrice': '100000.0000', 'tickSize': '0.0100'}, {'filterType': 'PERCENT_PRICE', 'multiplierUp': '5', 'multiplierDown': '0.2', 'avgPriceMins': 5}, {'filterType': 'LOT_SIZE', 'minQty': '0.01000000', 'maxQty': '922327.00000000', 'stepSize': '0.01000000'}, {'filterType': 'MIN_NOTIONAL', 'minNotional': '10.0000', 'applyToMarket': True, 'avgPriceMins': 5}, {'filterType': 'ICEBERG_PARTS', 'limit': 10}, {'filterType': 'MARKET_LOT_SIZE', 'minQty': '0.00000000', 'maxQty': '86715.77427777', 'stepSize': '0.00000000'}, {'filterType': 'TRAILING_DELTA', 'minTrailingAboveDelta': 10, 'maxTrailingAboveDelta': 2000, 'minTrailingBelowDelta': 10, 'maxTrailingBelowDelta': 2000}, {'filterType': 'MAX_NUM_ORDERS', 'maxNumOrders': 200}, {'filterType': 'MAX_NUM_ALGO_ORDERS', 'maxNumAlgoOrders': 5}]",['SPOT'],EXPIRE_MAKER,"['EXPIRE_TAKER', 'EXPIRE_MAKER', 'EXPIRE_BOTH']",0.0100,0.0100,100000.0000,0.01000000,0.01000000,922327.00000000,10.0000
262,TUSDT,TRADING,T,8,USDT,8,8,8,8,"['LIMIT', 'LIMIT_MAKER', 'MARKET', 'STOP_LOSS_LIMIT', 'TAKE_PROFIT_LIMIT']",True,True,True,True,True,True,False,"[{'filterType': 'PRICE_FILTER', 'minPrice': '0.00001000', 'maxPrice': '1000.00000000', 'tickSize': '0.00001000'}, {'filterType': 'PERCENT_PRICE', 'multiplierUp': '5', 'multiplierDown': '0.2', 'avgPriceMins': 5}, {'filterType': 'LOT_SIZE', 'minQty': '0.10000000', 'maxQty': '92141578.00000000', 'stepSize': '0.10000000'}, {'filterType': 'MIN_NOTIONAL', 'minNotional': '1.00000000', 'applyToMarket': True, 'avgPriceMins': 5}, {'filterType': 'ICEBERG_PARTS', 'limit': 10}, {'filterType': 'MARKET_LOT_SIZE', 'minQty': '0.00000000', 'maxQty': '28999.32970711', 'stepSize': '0.00000000'}, {'filterType': 'TRAILING_DELTA', 'minTrailingAboveDelta': 10, 'maxTrailingAboveDelta': 2000, 'minTrailingBelowDelta': 10, 'maxTrailingBelowDelta': 2000}, {'filterType': 'PERCENT_PRICE_BY_SIDE', 'bidMultiplierUp': '1.25', 'bidMultiplierDown': '0.2', 'askMultiplierUp': '5', 'askMultiplierDown': '0.75', 'avgPriceMins': 5}, {'filterType': 'MAX_NUM_ORDERS', 'maxNumOrders': 200}, {'filterType': 'MAX_NUM_ALGO_ORDERS', 'maxNumAlgoOrders': 5}]",['SPOT'],EXPIRE_MAKER,"['EXPIRE_TAKER', 'EXPIRE_MAKER', 'EXPIRE_BOTH']",0.00001000,0.00001000,1000.00000000,0.10000000,0.10000000,92141578.00000000,1.00000000
263,TUSD4,BREAK,T,8,USD4,4,4,8,4,"['LIMIT', 'LIMIT_MAKER', 'MARKET', 'STOP_LOSS_LIMIT', 'TAKE_PROFIT_LIMIT']",True,True,True,True,True,True,False,"[{'filterType': 'PRICE_FILTER', 'minPrice': '0.0001', 'maxPrice': '1000.0000', 'tickSize': '0.0001'}, {'filterType': 'PERCENT_PRICE', 'multiplierUp': '5', 'multiplierDown': '0.2', 'avgPriceMins': 5}, {'filterType': 'LOT_SIZE', 'minQty': '0.10000000', 'maxQty': '92141578.00000000', 'stepSize': '0.10000000'}, {'filterType': 'MIN_NOTIONAL', 'minNotional': '10.0000', 'applyToMarket': True, 'avgPriceMins': 5}, {'filterType': 'ICEBERG_PARTS', 'limit': 10}, {'filterType': 'MARKET_LOT_SIZE', 'minQty': '0.00000000', 'maxQty': '3671409.47795549', 'stepSize': '0.00000000'}, {'filterType': 'TRAILING_DELTA', 'minTrailingAboveDelta': 10, 'maxTrailingAboveDelta': 2000, 'minTrailingBelowDelta': 10, 'maxTrailingBelowDelta': 2000}, {'filterType': 'MAX_NUM_ORDERS', 'maxNumOrders': 200}, {'filterType': 'MAX_NUM_ALGO_ORDERS', 'maxNumAlgoOrders': 5}]",['SPOT'],EXPIRE_MAKER,"['EXPIRE_TAKER', 'EXPIRE_MAKER', 'EXPIRE_BOTH']",0.0001,0.0001,1000.0000,0.10000000,0.10000000,92141578.00000000,10.0000
264,OPUSDT,TRADING,OP,8,USDT,8,8,8,8,"['LIMIT', 'LIMIT_MAKER', 'MARKET', 'STOP_LOSS_LIMIT', 'TAKE_PROFIT_LIMIT']",True,True,True,True,True,True,False,"[{'filterType': 'PRICE_FILTER', 'minPrice': '0.00100000', 'maxPrice': '1000.00000000', 'tickSize': '0.00100000'}, {'filterType': 'PERCENT_PRICE', 'multiplierUp': '5', 'multiplierDown': '0.2', 'avgPriceMins': 5}, {'filterType': 'LOT_SIZE', 'minQty': '0.01000000', 'maxQty': '92141578.00000000', 'stepSize': '0.01000000'}, {'filterType': 'MIN_NOTIONAL', 'minNotional': '1.00000000', 'applyToMarket': True, 'avgPriceMins': 5}, {'filterType': 'ICEBERG_PARTS', 'limit': 10}, {'filterType': 'MARKET_LOT_SIZE', 'minQty': '0.00000000', 'maxQty': '81790.81267782', 'stepSize': '0.00000000'}, {'filterType': 'TRAILING_DELTA', 'minTrailingAboveDelta': 10, 'maxTrailingAboveDelta': 2000, 'minTrailingBelowDelta': 10, 'maxTrailingBelowDelta': 2000}, {'filterType': 'PERCENT_PRICE_BY_SIDE', 'bidMultiplierUp': '1.25', 'bidMultiplierDown': '0.2', 'askMultiplierUp': '5', 'askMultiplierDown': '0.75', 'avgPriceMins': 5}, {'filterType': 'MAX_NUM_ORDERS', 'maxNumOrders': 200}, {'filterType': 'MAX_NUM_ALGO_ORDERS', 'maxNumAlgoOrders': 5}]",['SPOT'],EXPIRE_MAKER,"['EXPIRE_TAKER', 'EXPIRE_MAKER', 'EXPIRE_BOTH']",0.00100000,0.00100000,1000.00000000,0.01000000,0.01000000,92141578.00000000,1.00000000
265,OPUSD4,BREAK,OP,8,USD4,4,4,8,3,"['LIMIT', 'LIMIT_MAKER', 'MARKET', 'STOP_LOSS_LIMIT', 'TAKE_PROFIT_LIMIT']",True,True,True,True,True,True,False,"[{'filterType': 'PRICE_FILTER', 'minPrice': '0.0010', 'maxPrice': '1000.0000', 'tickSize': '0.0010'}, {'filterType': 'PERCENT_PRICE', 'multiplierUp': '5', 'multiplierDown': '0.2', 'avgPriceMins': 5}, {'filterType': 'LOT_SIZE', 'minQty': '0.01000000', 'maxQty': '92141578.00000000', 'stepSize': '0.01000000'}, {'filterType': 'MIN_NOTIONAL', 'minNotional': '10.0000', 'applyToMarket': True, 'avgPriceMins': 5}, {'filterType': 'ICEBERG_PARTS', 'limit': 10}, {'filterType': 'MARKET_LOT_SIZE', 'minQty': '0.00000000', 'maxQty': '1154139.26001388', 'stepSize': '0.00000000'}, {'filterType': 'TRAILING_DELTA', 'minTrailingAboveDelta': 10, 'maxTrailingAboveDelta': 2000, 'minTrailingBelowDelta': 10, 'maxTrailingBelowDelta': 2000}, {'filterType': 'MAX_NUM_ORDERS', 'maxNumOrders': 200}, {'filterType': 'MAX_NUM_ALGO_ORDERS', 'maxNumAlgoOrders': 5}]",['SPOT'],EXPIRE_MAKER,"['EXPIRE_TAKER', 'EXPIRE_MAKER', 'EXPIRE_BOTH']",0.0010,0.0010,1000.0000,0.01000000,0.01000000,92141578.00000000,10.0000
266,ROSEUSDT,TRADING,ROSE,8,USDT,8,8,8,8,"['LIMIT', 'LIMIT_MAKER', 'MARKET', 'STOP_LOSS_LIMIT', 'TAKE_PROFIT_LIMIT']",True,True,True,True,True,True,False,"[{'filterType': 'PRICE_FILTER', 'minPrice': '0.00001000', 'maxPrice': '1000.00000000', 'tickSize': '0.00001000'}, {'filterType': 'PERCENT_PRICE', 'multiplierUp': '5', 'multiplierDown': '0.2', 'avgPriceMins': 5}, {'filterType': 'LOT_SIZE', 'minQty': '0.10000000', 'maxQty': '9000000.00000000', 'stepSize': '0.10000000'}, {'filterType': 'MIN_NOTIONAL', 'minNotional': '1.00000000', 'applyToMarket': True, 'avgPriceMins': 5}, {'filterType': 'ICEBERG_PARTS', 'limit': 10}, {'filterType': 'MARKET_LOT_SIZE', 'minQty': '0.00000000', 'maxQty': '86374.00000000', 'stepSize': '0.00000000'}, {'filterType': 'TRAILING_DELTA', 'minTrailingAboveDelta': 10, 'maxTrailingAboveDelta': 2000, 'minTrailingBelowDelta': 10, 'maxTrailingBelowDelta': 2000}, {'filterType': 'PERCENT_PRICE_BY_SIDE', 'bidMultiplierUp': '1.25', 'bidMultiplierDown': '0.2', 'askMultiplierUp': '5', 'askMultiplierDown': '0.75', 'avgPriceMins': 5}, {'filterType': 'MAX_NUM_ORDERS', 'maxNumOrders': 200}, {'filterType': 'MAX_NUM_ALGO_ORDERS', 'maxNumAlgoOrders': 5}]",['SPOT'],EXPIRE_MAKER,"['EXPIRE_TAKER', 'EXPIRE_MAKER', 'EXPIRE_BOTH']",0.00001000,0.00001000,1000.00000000,0.10000000,0.10000000,9000000.00000000,1.00000000
267,ROSEUSD4,BREAK,ROSE,8,USD4,4,4,8,4,"['LIMIT', 'LIMIT_MAKER', 'MARKET', 'STOP_LOSS_LIMIT', 'TAKE_PROFIT_LIMIT']",True,True,True,True,True,True,False,"[{'filterType': 'PRICE_FILTER', 'minPrice': '0.0001', 'maxPrice': '1000.0000', 'tickSize': '0.0001'}, {'filterType': 'PERCENT_PRICE', 'multiplierUp': '5', 'multiplierDown': '0.2', 'avgPriceMins': 5}, {'filterType': 'LOT_SIZE', 'minQty': '0.10000000', 'maxQty': '9000000.00000000', 'stepSize': '0.10000000'}, {'filterType': 'MIN_NOTIONAL', 'minNotional': '10.0000', 'applyToMarket': True, 'avgPriceMins': 5}, {'filterType': 'ICEBERG_PARTS', 'limit': 10}, {'filterType': 'MARKET_LOT_SIZE', 'minQty': '0.00000000', 'maxQty': '6038736.71125781', 'stepSize': '0.00000000'}, {'filterType': 'TRAILING_DELTA', 'minTrailingAboveDelta': 10, 'maxTrailingAboveDelta': 2000, 'minTrailingBelowDelta': 10, 'maxTrailingBelowDelta': 2000}, {'filterType': 'MAX_NUM_ORDERS', 'maxNumOrders': 200}, {'filterType': 'MAX_NUM_ALGO_ORDERS', 'maxNumAlgoOrders': 5}]",['SPOT'],EXPIRE_MAKER,"['EXPIRE_TAKER', 'EXPIRE_MAKER', 'EXPIRE_BOTH']",0.0001,0.0001,1000.0000,0.10000000,0.10000000,9000000.00000000,10.0000
268,CELOUSDT,TRADING,CELO,8,USDT,8,8,8,8,"['LIMIT', 'LIMIT_MAKER', 'MARKET', 'STOP_LOSS_LIMIT', 'TAKE_PROFIT_LIMIT']",True,True,True,True,True,True,False,"[{'filterType': 'PRICE_FILTER', 'minPrice': '0.00001000', 'maxPrice': '1000.00000000', 'tickSize': '0.00001000'}, {'filterType': 'PERCENT_PRICE', 'multiplierUp': '5', 'multiplierDown': '0.2', 'avgPriceMins': 5}, {'filterType': 'LOT_SIZE', 'minQty': '0.10000000', 'maxQty': '900000.00000000', 'stepSize': '0.10000000'}, {'filterType': 'MIN_NOTIONAL', 'minNotional': '1.00000000', 'applyToMarket': True, 'avgPriceMins': 5}, {'filterType': 'ICEBERG_PARTS', 'limit': 10}, {'filterType': 'MARKET_LOT_SIZE', 'minQty': '0.00000000', 'maxQty': '66637.96192468', 'stepSize': '0.00000000'}, {'filterType': 'TRAILING_DELTA', 'minTrailingAboveDelta': 10, 'maxTrailingAboveDelta': 2000, 'minTrailingBelowDelta': 10, 'maxTrailingBelowDelta': 2000}, {'filterType': 'PERCENT_PRICE_BY_SIDE', 'bidMultiplierUp': '1.25', 'bidMultiplierDown': '0.2', 'askMultiplierUp': '5', 'askMultiplierDown': '0.75', 'avgPriceMins': 5}, {'filterType': 'MAX_NUM_ORDERS', 'maxNumOrders': 200}, {'filterType': 'MAX_NUM_ALGO_ORDERS', 'maxNumAlgoOrders': 5}]",['SPOT'],EXPIRE_MAKER,"['EXPIRE_TAKER', 'EXPIRE_MAKER', 'EXPIRE_BOTH']",0.00001000,0.00001000,1000.00000000,0.10000000,0.10000000,900000.00000000,1.00000000
269,CELOUSD4,BREAK,CELO,8,USD4,4,4,8,3,"['LIMIT', 'LIMIT_MAKER', 'MARKET', 'STOP_LOSS_LIMIT', 'TAKE_PROFIT_LIMIT']",True,True,True,True,True,True,False,"[{'filterType': 'PRICE_FILTER', 'minPrice': '0.0010', 'maxPrice': '1000.0000', 'tickSize': '0.0010'}, {'filterType': 'PERCENT_PRICE', 'multiplierUp': '5', 'multiplierDown': '0.2', 'avgPriceMins': 5}, {'filterType': 'LOT_SIZE', 'minQty': '0.10000000', 'maxQty': '900000.00000000', 'stepSize': '0.10000000'}, {'filterType': 'MIN_NOTIONAL', 'minNotional': '10.0000', 'applyToMarket': True, 'avgPriceMins': 5}, {'filterType': 'ICEBERG_PARTS', 'limit': 10}, {'filterType': 'MARKET_LOT_SIZE', 'minQty': '0.00000000', 'maxQty': '191076.78429464', 'stepSize': '0.00000000'}, {'filterType': 'TRAILING_DELTA', 'minTrailingAboveDelta': 10, 'maxTrailingAboveDelta': 2000, 'minTrailingBelowDelta': 10, 'maxTrailingBelowDelta': 2000}, {'filterType': 'MAX_NUM_ORDERS', 'maxNumOrders': 200}, {'filterType': 'MAX_NUM_ALGO_ORDERS', 'maxNumAlgoOrders': 5}]",['SPOT'],EXPIRE_MAKER,"['EXPIRE_TAKER', 'EXPIRE_MAKER', 'EXPIRE_BOTH']",0.0010,0.0010,1000.0000,0.10000000,0.10000000,900000.00000000,10.0000
270,KDAUSDT,BREAK,KDA,8,USDT,8,8,8,8,"['LIMIT', 'LIMIT_MAKER', 'MARKET', 'STOP_LOSS_LIMIT', 'TAKE_PROFIT_LIMIT']",True,True,True,True,True,True,False,"[{'filterType': 'PRICE_FILTER', 'minPrice': '0.00010000', 'maxPrice': '1000.00000000', 'tickSize': '0.00010000'}, {'filterType': 'PERCENT_PRICE', 'multiplierUp': '5', 'multiplierDown': '0.2', 'avgPriceMins': 5}, {'filterType': 'LOT_SIZE', 'minQty': '0.01000000', 'maxQty': '92141578.00000000', 'stepSize': '0.01000000'}, {'filterType': 'MIN_NOTIONAL', 'minNotional': '1.00000000', 'applyToMarket': True, 'avgPriceMins': 5}, {'filterType': 'ICEBERG_PARTS', 'limit': 10}, {'filterType': 'MARKET_LOT_SIZE', 'minQty': '0.00000000', 'maxQty': '56897.47363636', 'stepSize': '0.00000000'}, {'filterType': 'TRAILING_DELTA', 'minTrailingAboveDelta': 10, 'maxTrailingAboveDelta': 2000, 'minTrailingBelowDelta': 10, 'maxTrailingBelowDelta': 2000}, {'filterType': 'PERCENT_PRICE_BY_SIDE', 'bidMultiplierUp': '1.25', 'bidMultiplierDown': '0.2', 'askMultiplierUp': '5', 'askMultiplierDown': '0.75', 'avgPriceMins': 5}, {'filterType': 'MAX_NUM_ORDERS', 'maxNumOrders': 200}, {'filterType': 'MAX_NUM_ALGO_ORDERS', 'maxNumAlgoOrders': 5}]",['SPOT'],EXPIRE_MAKER,"['EXPIRE_TAKER', 'EXPIRE_MAKER', 'EXPIRE_BOTH']",0.00010000,0.00010000,1000.00000000,0.01000000,0.01000000,92141578.00000000,1.00000000
271,KDAUSD4,BREAK,KDA,8,USD4,4,4,8,3,"['LIMIT', 'LIMIT_MAKER', 'MARKET', 'STOP_LOSS_LIMIT', 'TAKE_PROFIT_LIMIT']",True,True,True,True,True,True,False,"[{'filterType': 'PRICE_FILTER', 'minPrice': '0.0010', 'maxPrice': '1000.0000', 'tickSize': '0.0010'}, {'filterType': 'PERCENT_PRICE', 'multiplierUp': '5', 'multiplierDown': '0.2', 'avgPriceMins': 5}, {'filterType': 'LOT_SIZE', 'minQty': '0.01000000', 'maxQty': '92141578.00000000', 'stepSize': '0.01000000'}, {'filterType': 'MIN_NOTIONAL', 'minNotional': '10.0000', 'applyToMarket': True, 'avgPriceMins': 5}, {'filterType': 'ICEBERG_PARTS', 'limit': 10}, {'filterType': 'MARKET_LOT_SIZE', 'minQty': '0.00000000', 'maxQty': '130664.17344537', 'stepSize': '0.00000000'}, {'filterType': 'TRAILING_DELTA', 'minTrailingAboveDelta': 10, 'maxTrailingAboveDelta': 2000, 'minTrailingBelowDelta': 10, 'maxTrailingBelowDelta': 2000}, {'filterType': 'MAX_NUM_ORDERS', 'maxNumOrders': 200}, {'filterType': 'MAX_NUM_ALGO_ORDERS', 'maxNumAlgoOrders': 5}]",['SPOT'],EXPIRE_MAKER,"['EXPIRE_TAKER', 'EXPIRE_MAKER', 'EXPIRE_BOTH']",0.0010,0.0010,1000.0000,0.01000000,0.01000000,92141578.00000000,10.0000
272,KSMUSDT,TRADING,KSM,8,USDT,8,8,8,8,"['LIMIT', 'LIMIT_MAKER', 'MARKET', 'STOP_LOSS_LIMIT', 'TAKE_PROFIT_LIMIT']",True,True,True,True,True,True,False,"[{'filterType': 'PRICE_FILTER', 'minPrice': '0.01000000', 'maxPrice': '100000.00000000', 'tickSize': '0.01000000'}, {'filterType': 'PERCENT_PRICE', 'multiplierUp': '5', 'multiplierDown': '0.2', 'avgPriceMins': 5}, {'filterType': 'LOT_SIZE', 'minQty': '0.00100000', 'maxQty': '900000.00000000', 'stepSize': '0.00100000'}, {'filterType': 'MIN_NOTIONAL', 'minNotional': '1.00000000', 'applyToMarket': True, 'avgPriceMins': 5}, {'filterType': 'ICEBERG_PARTS', 'limit': 10}, {'filterType': 'MARKET_LOT_SIZE', 'minQty': '0.00000000', 'maxQty': '190.81654393', 'stepSize': '0.00000000'}, {'filterType': 'TRAILING_DELTA', 'minTrailingAboveDelta': 10, 'maxTrailingAboveDelta': 2000, 'minTrailingBelowDelta': 10, 'maxTrailingBelowDelta': 2000}, {'filterType': 'PERCENT_PRICE_BY_SIDE', 'bidMultiplierUp': '1.25', 'bidMultiplierDown': '0.2', 'askMultiplierUp': '5', 'askMultiplierDown': '0.75', 'avgPriceMins': 5}, {'filterType': 'MAX_NUM_ORDERS', 'maxNumOrders': 200}, {'filterType': 'MAX_NUM_ALGO_ORDERS', 'maxNumAlgoOrders': 5}]",['SPOT'],EXPIRE_MAKER,"['EXPIRE_TAKER', 'EXPIRE_MAKER', 'EXPIRE_BOTH']",0.01000000,0.01000000,100000.00000000,0.00100000,0.00100000,900000.00000000,1.00000000
273,KSMUSD4,BREAK,KSM,8,USD4,4,4,8,1,"['LIMIT', 'LIMIT_MAKER', 'MARKET', 'STOP_LOSS_LIMIT', 'TAKE_PROFIT_LIMIT']",True,True,True,True,True,True,False,"[{'filterType': 'PRICE_FILTER', 'minPrice': '0.1000', 'maxPrice': '100000.0000', 'tickSize': '0.1000'}, {'filterType': 'PERCENT_PRICE', 'multiplierUp': '5', 'multiplierDown': '0.2', 'avgPriceMins': 5}, {'filterType': 'LOT_SIZE', 'minQty': '0.00100000', 'maxQty': '900000.00000000', 'stepSize': '0.00100000'}, {'filterType': 'MIN_NOTIONAL', 'minNotional': '10.0000', 'applyToMarket': True, 'avgPriceMins': 5}, {'filterType': 'ICEBERG_PARTS', 'limit': 10}, {'filterType': 'MARKET_LOT_SIZE', 'minQty': '0.00000000', 'maxQty': '3294.32087482', 'stepSize': '0.00000000'}, {'filterType': 'TRAILING_DELTA', 'minTrailingAboveDelta': 10, 'maxTrailingAboveDelta': 2000, 'minTrailingBelowDelta': 10, 'maxTrailingBelowDelta': 2000}, {'filterType': 'MAX_NUM_ORDERS', 'maxNumOrders': 200}, {'filterType': 'MAX_NUM_ALGO_ORDERS', 'maxNumAlgoOrders': 5}]",['SPOT'],EXPIRE_MAKER,"['EXPIRE_TAKER', 'EXPIRE_MAKER', 'EXPIRE_BOTH']",0.1000,0.1000,100000.0000,0.00100000,0.00100000,900000.00000000,10.0000
274,ACHUSDT,TRADING,ACH,8,USDT,8,8,8,8,"['LIMIT', 'LIMIT_MAKER', 'MARKET', 'STOP_LOSS_LIMIT', 'TAKE_PROFIT_LIMIT']",True,True,True,True,True,True,False,"[{'filterType': 'PRICE_FILTER', 'minPrice': '0.00001000', 'maxPrice': '1000.00000000', 'tickSize': '0.00001000'}, {'filterType': 'PERCENT_PRICE', 'multiplierUp': '5', 'multiplierDown': '0.2', 'avgPriceMins': 5}, {'filterType': 'LOT_SIZE', 'minQty': '1.00000000', 'maxQty': '92141578.00000000', 'stepSize': '1.00000000'}, {'filterType': 'MIN_NOTIONAL', 'minNotional': '1.00000000', 'applyToMarket': True, 'avgPriceMins': 5}, {'filterType': 'ICEBERG_PARTS', 'limit': 10}, {'filterType': 'MARKET_LOT_SIZE', 'minQty': '0.00000000', 'maxQty': '451235.74476987', 'stepSize': '0.00000000'}, {'filterType': 'TRAILING_DELTA', 'minTrailingAboveDelta': 10, 'maxTrailingAboveDelta': 2000, 'minTrailingBelowDelta': 10, 'maxTrailingBelowDelta': 2000}, {'filterType': 'PERCENT_PRICE_BY_SIDE', 'bidMultiplierUp': '1.25', 'bidMultiplierDown': '0.2', 'askMultiplierUp': '5', 'askMultiplierDown': '0.75', 'avgPriceMins': 5}, {'filterType': 'MAX_NUM_ORDERS', 'maxNumOrders': 200}, {'filterType': 'MAX_NUM_ALGO_ORDERS', 'maxNumAlgoOrders': 5}]",['SPOT'],EXPIRE_MAKER,"['EXPIRE_TAKER', 'EXPIRE_MAKER', 'EXPIRE_BOTH']",0.00001000,0.00001000,1000.00000000,1.00000000,1.00000000,92141578.00000000,1.00000000
275,ACHUSD4,BREAK,ACH,8,USD4,4,4,8,4,"['LIMIT', 'LIMIT_MAKER', 'MARKET', 'STOP_LOSS_LIMIT', 'TAKE_PROFIT_LIMIT']",True,True,True,True,True,True,False,"[{'filterType': 'PRICE_FILTER', 'minPrice': '0.0001', 'maxPrice': '1000.0000', 'tickSize': '0.0001'}, {'filterType': 'PERCENT_PRICE', 'multiplierUp': '5', 'multiplierDown': '0.2', 'avgPriceMins': 5}, {'filterType': 'LOT_SIZE', 'minQty': '1.00000000', 'maxQty': '92141578.00000000', 'stepSize': '1.00000000'}, {'filterType': 'MIN_NOTIONAL', 'minNotional': '10.0000', 'applyToMarket': True, 'avgPriceMins': 5}, {'filterType': 'ICEBERG_PARTS', 'limit': 10}, {'filterType': 'MARKET_LOT_SIZE', 'minQty': '0.00000000', 'maxQty': '9285110.73706293', 'stepSize': '0.00000000'}, {'filterType': 'TRAILING_DELTA', 'minTrailingAboveDelta': 10, 'maxTrailingAboveDelta': 2000, 'minTrailingBelowDelta': 10, 'maxTrailingBelowDelta': 2000}, {'filterType': 'MAX_NUM_ORDERS', 'maxNumOrders': 200}, {'filterType': 'MAX_NUM_ALGO_ORDERS', 'maxNumAlgoOrders': 5}]",['SPOT'],EXPIRE_MAKER,"['EXPIRE_TAKER', 'EXPIRE_MAKER', 'EXPIRE_BOTH']",0.0001,0.0001,1000.0000,1.00000000,1.00000000,92141578.00000000,10.0000
276,DARUSDT,BREAK,DAR,8,USDT,8,8,8,8,"['LIMIT', 'LIMIT_MAKER', 'MARKET', 'STOP_LOSS_LIMIT', 'TAKE_PROFIT_LIMIT']",True,True,True,True,True,True,False,"[{'filterType': 'PRICE_FILTER', 'minPrice': '0.00001000', 'maxPrice': '1000.00000000', 'tickSize': '0.00001000'}, {'filterType': 'PERCENT_PRICE', 'multiplierUp': '5', 'multiplierDown': '0.2', 'avgPriceMins': 5}, {'filterType': 'LOT_SIZE', 'minQty': '1.00000000', 'maxQty': '92141578.00000000', 'stepSize': '1.00000000'}, {'filterType': 'MIN_NOTIONAL', 'minNotional': '1.00000000', 'applyToMarket': True, 'avgPriceMins': 5}, {'filterType': 'ICEBERG_PARTS', 'limit': 10}, {'filterType': 'MARKET_LOT_SIZE', 'minQty': '0.00000000', 'maxQty': '17239.92753623', 'stepSize': '0.00000000'}, {'filterType': 'TRAILING_DELTA', 'minTrailingAboveDelta': 10, 'maxTrailingAboveDelta': 2000, 'minTrailingBelowDelta': 10, 'maxTrailingBelowDelta': 2000}, {'filterType': 'PERCENT_PRICE_BY_SIDE', 'bidMultiplierUp': '1.25', 'bidMultiplierDown': '0.2', 'askMultiplierUp': '5', 'askMultiplierDown': '0.75', 'avgPriceMins': 5}, {'filterType': 'MAX_NUM_ORDERS', 'maxNumOrders': 200}, {'filterType': 'MAX_NUM_ALGO_ORDERS', 'maxNumAlgoOrders': 5}]",['SPOT'],EXPIRE_MAKER,"['EXPIRE_TAKER', 'EXPIRE_MAKER', 'EXPIRE_BOTH']",0.00001000,0.00001000,1000.00000000,1.00000000,1.00000000,92141578.00000000,1.00000000
277,DARUSD4,BREAK,DAR,8,USD4,4,4,8,4,"['LIMIT', 'LIMIT_MAKER', 'MARKET', 'STOP_LOSS_LIMIT', 'TAKE_PROFIT_LIMIT']",True,True,True,True,True,True,False,"[{'filterType': 'PRICE_FILTER', 'minPrice': '0.0001', 'maxPrice': '1000.0000', 'tickSize': '0.0001'}, {'filterType': 'PERCENT_PRICE', 'multiplierUp': '5', 'multiplierDown': '0.2', 'avgPriceMins': 5}, {'filterType': 'LOT_SIZE', 'minQty': '1.00000000', 'maxQty': '92141578.00000000', 'stepSize': '1.00000000'}, {'filterType': 'MIN_NOTIONAL', 'minNotional': '10.0000', 'applyToMarket': True, 'avgPriceMins': 5}, {'filterType': 'ICEBERG_PARTS', 'limit': 10}, {'filterType': 'MARKET_LOT_SIZE', 'minQty': '0.00000000', 'maxQty': '593200.79861111', 'stepSize': '0.00000000'}, {'filterType': 'TRAILING_DELTA', 'minTrailingAboveDelta': 10, 'maxTrailingAboveDelta': 2000, 'minTrailingBelowDelta': 10, 'maxTrailingBelowDelta': 2000}, {'filterType': 'MAX_NUM_ORDERS', 'maxNumOrders': 200}, {'filterType': 'MAX_NUM_ALGO_ORDERS', 'maxNumAlgoOrders': 5}]",['SPOT'],EXPIRE_MAKER,"['EXPIRE_TAKER', 'EXPIRE_MAKER', 'EXPIRE_BOTH']",0.0001,0.0001,1000.0000,1.00000000,1.00000000,92141578.00000000,10.0000
278,RNDRUSDT,BREAK,RNDR,8,USDT,8,8,8,8,"['LIMIT', 'LIMIT_MAKER', 'MARKET', 'STOP_LOSS_LIMIT', 'TAKE_PROFIT_LIMIT']",True,True,True,True,True,True,False,"[{'filterType': 'PRICE_FILTER', 'minPrice': '0.00100000', 'maxPrice': '1000.00000000', 'tickSize': '0.00100000'}, {'filterType': 'PERCENT_PRICE', 'multiplierUp': '5', 'multiplierDown': '0.2', 'avgPriceMins': 5}, {'filterType': 'LOT_SIZE', 'minQty': '0.01000000', 'maxQty': '92141578.00000000', 'stepSize': '0.01000000'}, {'filterType': 'MIN_NOTIONAL', 'minNotional': '1.00000000', 'applyToMarket': True, 'avgPriceMins': 5}, {'filterType': 'ICEBERG_PARTS', 'limit': 10}, {'filterType': 'MARKET_LOT_SIZE', 'minQty': '0.00000000', 'maxQty': '3863.83438016', 'stepSize': '0.00000000'}, {'filterType': 'TRAILING_DELTA', 'minTrailingAboveDelta': 10, 'maxTrailingAboveDelta': 2000, 'minTrailingBelowDelta': 10, 'maxTrailingBelowDelta': 2000}, {'filterType': 'PERCENT_PRICE_BY_SIDE', 'bidMultiplierUp': '1.25', 'bidMultiplierDown': '0.2', 'askMultiplierUp': '5', 'askMultiplierDown': '0.75', 'avgPriceMins': 5}, {'filterType': 'MAX_NUM_ORDERS', 'maxNumOrders': 200}, {'filterType': 'MAX_NUM_ALGO_ORDERS', 'maxNumAlgoOrders': 5}]",['SPOT'],EXPIRE_MAKER,"['EXPIRE_TAKER', 'EXPIRE_MAKER', 'EXPIRE_BOTH']",0.00100000,0.00100000,1000.00000000,0.01000000,0.01000000,92141578.00000000,1.00000000
279,RNDRUSD4,BREAK,RNDR,8,USD4,4,4,8,3,"['LIMIT', 'LIMIT_MAKER', 'MARKET', 'STOP_LOSS_LIMIT', 'TAKE_PROFIT_LIMIT']",True,True,True,True,True,True,False,"[{'filterType': 'PRICE_FILTER', 'minPrice': '0.0010', 'maxPrice': '1000.0000', 'tickSize': '0.0010'}, {'filterType': 'PERCENT_PRICE', 'multiplierUp': '5', 'multiplierDown': '0.2', 'avgPriceMins': 5}, {'filterType': 'LOT_SIZE', 'minQty': '0.01000000', 'maxQty': '92141578.00000000', 'stepSize': '0.01000000'}, {'filterType': 'MIN_NOTIONAL', 'minNotional': '10.0000', 'applyToMarket': True, 'avgPriceMins': 5}, {'filterType': 'ICEBERG_PARTS', 'limit': 10}, {'filterType': 'MARKET_LOT_SIZE', 'minQty': '0.00000000', 'maxQty': '161822.84313671', 'stepSize': '0.00000000'}, {'filterType': 'TRAILING_DELTA', 'minTrailingAboveDelta': 10, 'maxTrailingAboveDelta': 2000, 'minTrailingBelowDelta': 10, 'maxTrailingBelowDelta': 2000}, {'filterType': 'MAX_NUM_ORDERS', 'maxNumOrders': 200}, {'filterType': 'MAX_NUM_ALGO_ORDERS', 'maxNumAlgoOrders': 5}]",['SPOT'],EXPIRE_MAKER,"['EXPIRE_TAKER', 'EXPIRE_MAKER', 'EXPIRE_BOTH']",0.0010,0.0010,1000.0000,0.01000000,0.01000000,92141578.00000000,10.0000
280,SYSUSDT,TRADING,SYS,8,USDT,8,8,8,8,"['LIMIT', 'LIMIT_MAKER', 'MARKET', 'STOP_LOSS_LIMIT', 'TAKE_PROFIT_LIMIT']",True,True,True,True,True,True,False,"[{'filterType': 'PRICE_FILTER', 'minPrice': '0.00001000', 'maxPrice': '1000.00000000', 'tickSize': '0.00001000'}, {'filterType': 'PERCENT_PRICE', 'multiplierUp': '5', 'multiplierDown': '0.2', 'avgPriceMins': 5}, {'filterType': 'LOT_SIZE', 'minQty': '1.00000000', 'maxQty': '92141578.00000000', 'stepSize': '1.00000000'}, {'filterType': 'MIN_NOTIONAL', 'minNotional': '1.00000000', 'applyToMarket': True, 'avgPriceMins': 5}, {'filterType': 'ICEBERG_PARTS', 'limit': 10}, {'filterType': 'MARKET_LOT_SIZE', 'minQty': '0.00000000', 'maxQty': '11092.22175732', 'stepSize': '0.00000000'}, {'filterType': 'TRAILING_DELTA', 'minTrailingAboveDelta': 10, 'maxTrailingAboveDelta': 2000, 'minTrailingBelowDelta': 10, 'maxTrailingBelowDelta': 2000}, {'filterType': 'PERCENT_PRICE_BY_SIDE', 'bidMultiplierUp': '1.25', 'bidMultiplierDown': '0.2', 'askMultiplierUp': '5', 'askMultiplierDown': '0.75', 'avgPriceMins': 5}, {'filterType': 'MAX_NUM_ORDERS', 'maxNumOrders': 200}, {'filterType': 'MAX_NUM_ALGO_ORDERS', 'maxNumAlgoOrders': 5}]",['SPOT'],EXPIRE_MAKER,"['EXPIRE_TAKER', 'EXPIRE_MAKER', 'EXPIRE_BOTH']",0.00001000,0.00001000,1000.00000000,1.00000000,1.00000000,92141578.00000000,1.00000000
281,SYSUSD4,BREAK,SYS,8,USD4,4,4,8,4,"['LIMIT', 'LIMIT_MAKER', 'MARKET', 'STOP_LOSS_LIMIT', 'TAKE_PROFIT_LIMIT']",True,True,True,True,True,True,False,"[{'filterType': 'PRICE_FILTER', 'minPrice': '0.0001', 'maxPrice': '1000.0000', 'tickSize': '0.0001'}, {'filterType': 'PERCENT_PRICE', 'multiplierUp': '5', 'multiplierDown': '0.2', 'avgPriceMins': 5}, {'filterType': 'LOT_SIZE', 'minQty': '1.00000000', 'maxQty': '92141578.00000000', 'stepSize': '1.00000000'}, {'filterType': 'MIN_NOTIONAL', 'minNotional': '10.0000', 'applyToMarket': True, 'avgPriceMins': 5}, {'filterType': 'ICEBERG_PARTS', 'limit': 10}, {'filterType': 'MARKET_LOT_SIZE', 'minQty': '0.00000000', 'maxQty': '966695.58905058', 'stepSize': '0.00000000'}, {'filterType': 'TRAILING_DELTA', 'minTrailingAboveDelta': 10, 'maxTrailingAboveDelta': 2000, 'minTrailingBelowDelta': 10, 'maxTrailingBelowDelta': 2000}, {'filterType': 'MAX_NUM_ORDERS', 'maxNumOrders': 200}, {'filterType': 'MAX_NUM_ALGO_ORDERS', 'maxNumAlgoOrders': 5}]",['SPOT'],EXPIRE_MAKER,"['EXPIRE_TAKER', 'EXPIRE_MAKER', 'EXPIRE_BOTH']",0.0001,0.0001,1000.0000,1.00000000,1.00000000,92141578.00000000,10.0000
282,RADUSDT,TRADING,RAD,8,USDT,8,8,8,8,"['LIMIT', 'LIMIT_MAKER', 'MARKET', 'STOP_LOSS_LIMIT', 'TAKE_PROFIT_LIMIT']",True,True,True,True,True,True,False,"[{'filterType': 'PRICE_FILTER', 'minPrice': '0.00100000', 'maxPrice': '1000.00000000', 'tickSize': '0.00100000'}, {'filterType': 'PERCENT_PRICE', 'multiplierUp': '5', 'multiplierDown': '0.2', 'avgPriceMins': 5}, {'filterType': 'LOT_SIZE', 'minQty': '0.10000000', 'maxQty': '92141578.00000000', 'stepSize': '0.10000000'}, {'filterType': 'MIN_NOTIONAL', 'minNotional': '1.00000000', 'applyToMarket': True, 'avgPriceMins': 5}, {'filterType': 'ICEBERG_PARTS', 'limit': 10}, {'filterType': 'MARKET_LOT_SIZE', 'minQty': '0.00000000', 'maxQty': '493.35481171', 'stepSize': '0.00000000'}, {'filterType': 'TRAILING_DELTA', 'minTrailingAboveDelta': 10, 'maxTrailingAboveDelta': 2000, 'minTrailingBelowDelta': 10, 'maxTrailingBelowDelta': 2000}, {'filterType': 'PERCENT_PRICE_BY_SIDE', 'bidMultiplierUp': '1.25', 'bidMultiplierDown': '0.2', 'askMultiplierUp': '5', 'askMultiplierDown': '0.75', 'avgPriceMins': 5}, {'filterType': 'MAX_NUM_ORDERS', 'maxNumOrders': 200}, {'filterType': 'MAX_NUM_ALGO_ORDERS', 'maxNumAlgoOrders': 5}]",['SPOT'],EXPIRE_MAKER,"['EXPIRE_TAKER', 'EXPIRE_MAKER', 'EXPIRE_BOTH']",0.00100000,0.00100000,1000.00000000,0.10000000,0.10000000,92141578.00000000,1.00000000
283,RADUSD4,BREAK,RAD,8,USD4,4,4,8,3,"['LIMIT', 'LIMIT_MAKER', 'MARKET', 'STOP_LOSS_LIMIT', 'TAKE_PROFIT_LIMIT']",True,True,True,True,True,True,False,"[{'filterType': 'PRICE_FILTER', 'minPrice': '0.0010', 'maxPrice': '1000.0000', 'tickSize': '0.0010'}, {'filterType': 'PERCENT_PRICE', 'multiplierUp': '5', 'multiplierDown': '0.2', 'avgPriceMins': 5}, {'filterType': 'LOT_SIZE', 'minQty': '0.10000000', 'maxQty': '92141578.00000000', 'stepSize': '0.10000000'}, {'filterType': 'MIN_NOTIONAL', 'minNotional': '10.0000', 'applyToMarket': True, 'avgPriceMins': 5}, {'filterType': 'ICEBERG_PARTS', 'limit': 10}, {'filterType': 'MARKET_LOT_SIZE', 'minQty': '0.00000000', 'maxQty': '47546.77801664', 'stepSize': '0.00000000'}, {'filterType': 'TRAILING_DELTA', 'minTrailingAboveDelta': 10, 'maxTrailingAboveDelta': 2000, 'minTrailingBelowDelta': 10, 'maxTrailingBelowDelta': 2000}, {'filterType': 'MAX_NUM_ORDERS', 'maxNumOrders': 200}, {'filterType': 'MAX_NUM_ALGO_ORDERS', 'maxNumAlgoOrders': 5}]",['SPOT'],EXPIRE_MAKER,"['EXPIRE_TAKER', 'EXPIRE_MAKER', 'EXPIRE_BOTH']",0.0010,0.0010,1000.0000,0.10000000,0.10000000,92141578.00000000,10.0000
284,ILVUSDT,TRADING,ILV,8,USDT,8,8,8,8,"['LIMIT', 'LIMIT_MAKER', 'MARKET', 'STOP_LOSS_LIMIT', 'TAKE_PROFIT_LIMIT']",True,True,True,True,True,True,False,"[{'filterType': 'PRICE_FILTER', 'minPrice': '0.01000000', 'maxPrice': '100000.00000000', 'tickSize': '0.01000000'}, {'filterType': 'PERCENT_PRICE', 'multiplierUp': '5', 'multiplierDown': '0.2', 'avgPriceMins': 5}, {'filterType': 'LOT_SIZE', 'minQty': '0.00100000', 'maxQty': '922327.00000000', 'stepSize': '0.00100000'}, {'filterType': 'MIN_NOTIONAL', 'minNotional': '1.00000000', 'applyToMarket': True, 'avgPriceMins': 5}, {'filterType': 'ICEBERG_PARTS', 'limit': 10}, {'filterType': 'MARKET_LOT_SIZE', 'minQty': '0.00000000', 'maxQty': '21.43483682', 'stepSize': '0.00000000'}, {'filterType': 'TRAILING_DELTA', 'minTrailingAboveDelta': 10, 'maxTrailingAboveDelta': 2000, 'minTrailingBelowDelta': 10, 'maxTrailingBelowDelta': 2000}, {'filterType': 'PERCENT_PRICE_BY_SIDE', 'bidMultiplierUp': '1.25', 'bidMultiplierDown': '0.2', 'askMultiplierUp': '5', 'askMultiplierDown': '0.75', 'avgPriceMins': 5}, {'filterType': 'MAX_NUM_ORDERS', 'maxNumOrders': 200}, {'filterType': 'MAX_NUM_ALGO_ORDERS', 'maxNumAlgoOrders': 5}]",['SPOT'],EXPIRE_MAKER,"['EXPIRE_TAKER', 'EXPIRE_MAKER', 'EXPIRE_BOTH']",0.01000000,0.01000000,100000.00000000,0.00100000,0.00100000,922327.00000000,1.00000000
285,ILVUSD4,BREAK,ILV,8,USD4,4,4,8,1,"['LIMIT', 'LIMIT_MAKER', 'MARKET', 'STOP_LOSS_LIMIT', 'TAKE_PROFIT_LIMIT']",True,True,True,True,True,True,False,"[{'filterType': 'PRICE_FILTER', 'minPrice': '0.1000', 'maxPrice': '100000.0000', 'tickSize': '0.1000'}, {'filterType': 'PERCENT_PRICE', 'multiplierUp': '5', 'multiplierDown': '0.2', 'avgPriceMins': 5}, {'filterType': 'LOT_SIZE', 'minQty': '0.00100000', 'maxQty': '922327.00000000', 'stepSize': '0.00100000'}, {'filterType': 'MIN_NOTIONAL', 'minNotional': '10.0000', 'applyToMarket': True, 'avgPriceMins': 5}, {'filterType': 'ICEBERG_PARTS', 'limit': 10}, {'filterType': 'MARKET_LOT_SIZE', 'minQty': '0.00000000', 'maxQty': '916.93937734', 'stepSize': '0.00000000'}, {'filterType': 'TRAILING_DELTA', 'minTrailingAboveDelta': 10, 'maxTrailingAboveDelta': 2000, 'minTrailingBelowDelta': 10, 'maxTrailingBelowDelta': 2000}, {'filterType': 'MAX_NUM_ORDERS', 'maxNumOrders': 200}, {'filterType': 'MAX_NUM_ALGO_ORDERS', 'maxNumAlgoOrders': 5}]",['SPOT'],EXPIRE_MAKER,"['EXPIRE_TAKER', 'EXPIRE_MAKER', 'EXPIRE_BOTH']",0.1000,0.1000,100000.0000,0.00100000,0.00100000,922327.00000000,10.0000
286,LDOUSDT,TRADING,LDO,8,USDT,8,8,8,8,"['LIMIT', 'LIMIT_MAKER', 'MARKET', 'STOP_LOSS_LIMIT', 'TAKE_PROFIT_LIMIT']",True,True,True,True,True,True,False,"[{'filterType': 'PRICE_FILTER', 'minPrice': '0.00100000', 'maxPrice': '1000.00000000', 'tickSize': '0.00100000'}, {'filterType': 'PERCENT_PRICE', 'multiplierUp': '5', 'multiplierDown': '0.2', 'avgPriceMins': 5}, {'filterType': 'LOT_SIZE', 'minQty': '0.01000000', 'maxQty': '92141578.00000000', 'stepSize': '0.01000000'}, {'filterType': 'MIN_NOTIONAL', 'minNotional': '1.00000000', 'applyToMarket': True, 'avgPriceMins': 5}, {'filterType': 'ICEBERG_PARTS', 'limit': 10}, {'filterType': 'MARKET_LOT_SIZE', 'minQty': '0.00000000', 'maxQty': '1529.50510460', 'stepSize': '0.00000000'}, {'filterType': 'TRAILING_DELTA', 'minTrailingAboveDelta': 10, 'maxTrailingAboveDelta': 2000, 'minTrailingBelowDelta': 10, 'maxTrailingBelowDelta': 2000}, {'filterType': 'PERCENT_PRICE_BY_SIDE', 'bidMultiplierUp': '1.25', 'bidMultiplierDown': '0.2', 'askMultiplierUp': '5', 'askMultiplierDown': '0.75', 'avgPriceMins': 5}, {'filterType': 'MAX_NUM_ORDERS', 'maxNumOrders': 200}, {'filterType': 'MAX_NUM_ALGO_ORDERS', 'maxNumAlgoOrders': 5}]",['SPOT'],EXPIRE_MAKER,"['EXPIRE_TAKER', 'EXPIRE_MAKER', 'EXPIRE_BOTH']",0.00100000,0.00100000,1000.00000000,0.01000000,0.01000000,92141578.00000000,1.00000000
287,LDOUSD4,BREAK,LDO,8,USD4,4,4,8,3,"['LIMIT', 'LIMIT_MAKER', 'MARKET', 'STOP_LOSS_LIMIT', 'TAKE_PROFIT_LIMIT']",True,True,True,True,True,True,False,"[{'filterType': 'PRICE_FILTER', 'minPrice': '0.0010', 'maxPrice': '1000.0000', 'tickSize': '0.0010'}, {'filterType': 'PERCENT_PRICE', 'multiplierUp': '5', 'multiplierDown': '0.2', 'avgPriceMins': 5}, {'filterType': 'LOT_SIZE', 'minQty': '0.01000000', 'maxQty': '92141578.00000000', 'stepSize': '0.01000000'}, {'filterType': 'MIN_NOTIONAL', 'minNotional': '10.0000', 'applyToMarket': True, 'avgPriceMins': 5}, {'filterType': 'ICEBERG_PARTS', 'limit': 10}, {'filterType': 'MARKET_LOT_SIZE', 'minQty': '0.00000000', 'maxQty': '316622.60368932', 'stepSize': '0.00000000'}, {'filterType': 'TRAILING_DELTA', 'minTrailingAboveDelta': 10, 'maxTrailingAboveDelta': 2000, 'minTrailingBelowDelta': 10, 'maxTrailingBelowDelta': 2000}, {'filterType': 'MAX_NUM_ORDERS', 'maxNumOrders': 200}, {'filterType': 'MAX_NUM_ALGO_ORDERS', 'maxNumAlgoOrders': 5}]",['SPOT'],EXPIRE_MAKER,"['EXPIRE_TAKER', 'EXPIRE_MAKER', 'EXPIRE_BOTH']",0.0010,0.0010,1000.0000,0.01000000,0.01000000,92141578.00000000,10.0000
288,RAREUSDT,TRADING,RARE,8,USDT,8,8,8,8,"['LIMIT', 'LIMIT_MAKER', 'MARKET', 'STOP_LOSS_LIMIT', 'TAKE_PROFIT_LIMIT']",True,True,True,True,True,True,False,"[{'filterType': 'PRICE_FILTER', 'minPrice': '0.00010000', 'maxPrice': '1000.00000000', 'tickSize': '0.00010000'}, {'filterType': 'PERCENT_PRICE', 'multiplierUp': '5', 'multiplierDown': '0.2', 'avgPriceMins': 5}, {'filterType': 'LOT_SIZE', 'minQty': '0.10000000', 'maxQty': '92141578.00000000', 'stepSize': '0.10000000'}, {'filterType': 'MIN_NOTIONAL', 'minNotional': '1.00000000', 'applyToMarket': True, 'avgPriceMins': 5}, {'filterType': 'ICEBERG_PARTS', 'limit': 10}, {'filterType': 'MARKET_LOT_SIZE', 'minQty': '0.00000000', 'maxQty': '1143.60000000', 'stepSize': '0.00000000'}, {'filterType': 'TRAILING_DELTA', 'minTrailingAboveDelta': 10, 'maxTrailingAboveDelta': 2000, 'minTrailingBelowDelta': 10, 'maxTrailingBelowDelta': 2000}, {'filterType': 'PERCENT_PRICE_BY_SIDE', 'bidMultiplierUp': '1.25', 'bidMultiplierDown': '0.2', 'askMultiplierUp': '5', 'askMultiplierDown': '0.75', 'avgPriceMins': 5}, {'filterType': 'MAX_NUM_ORDERS', 'maxNumOrders': 200}, {'filterType': 'MAX_NUM_ALGO_ORDERS', 'maxNumAlgoOrders': 5}]",['SPOT'],EXPIRE_MAKER,"['EXPIRE_TAKER', 'EXPIRE_MAKER', 'EXPIRE_BOTH']",0.00010000,0.00010000,1000.00000000,0.10000000,0.10000000,92141578.00000000,1.00000000
289,RAREUSD4,BREAK,RARE,8,USD4,4,4,8,3,"['LIMIT', 'LIMIT_MAKER', 'MARKET', 'STOP_LOSS_LIMIT', 'TAKE_PROFIT_LIMIT']",True,True,True,True,True,True,False,"[{'filterType': 'PRICE_FILTER', 'minPrice': '0.0010', 'maxPrice': '1000.0000', 'tickSize': '0.0010'}, {'filterType': 'PERCENT_PRICE', 'multiplierUp': '5', 'multiplierDown': '0.2', 'avgPriceMins': 5}, {'filterType': 'LOT_SIZE', 'minQty': '0.10000000', 'maxQty': '92141578.00000000', 'stepSize': '0.10000000'}, {'filterType': 'MIN_NOTIONAL', 'minNotional': '10.0000', 'applyToMarket': True, 'avgPriceMins': 5}, {'filterType': 'ICEBERG_PARTS', 'limit': 10}, {'filterType': 'MARKET_LOT_SIZE', 'minQty': '0.00000000', 'maxQty': '390621.67142857', 'stepSize': '0.00000000'}, {'filterType': 'TRAILING_DELTA', 'minTrailingAboveDelta': 10, 'maxTrailingAboveDelta': 2000, 'minTrailingBelowDelta': 10, 'maxTrailingBelowDelta': 2000}, {'filterType': 'MAX_NUM_ORDERS', 'maxNumOrders': 200}, {'filterType': 'MAX_NUM_ALGO_ORDERS', 'maxNumAlgoOrders': 5}]",['SPOT'],EXPIRE_MAKER,"['EXPIRE_TAKER', 'EXPIRE_MAKER', 'EXPIRE_BOTH']",0.0010,0.0010,1000.0000,0.10000000,0.10000000,92141578.00000000,10.0000
290,LSKUSDT,TRADING,LSK,8,USDT,8,8,8,8,"['LIMIT', 'LIMIT_MAKER', 'MARKET', 'STOP_LOSS_LIMIT', 'TAKE_PROFIT_LIMIT']",True,True,True,True,True,True,False,"[{'filterType': 'PRICE_FILTER', 'minPrice': '0.00100000', 'maxPrice': '1000.00000000', 'tickSize': '0.00100000'}, {'filterType': 'PERCENT_PRICE', 'multiplierUp': '5', 'multiplierDown': '0.2', 'avgPriceMins': 5}, {'filterType': 'LOT_SIZE', 'minQty': '0.10000000', 'maxQty': '900000.00000000', 'stepSize': '0.10000000'}, {'filterType': 'MIN_NOTIONAL', 'minNotional': '1.00000000', 'applyToMarket': True, 'avgPriceMins': 5}, {'filterType': 'ICEBERG_PARTS', 'limit': 10}, {'filterType': 'MARKET_LOT_SIZE', 'minQty': '0.00000000', 'maxQty': '10.00000000', 'stepSize': '0.00000000'}, {'filterType': 'TRAILING_DELTA', 'minTrailingAboveDelta': 10, 'maxTrailingAboveDelta': 2000, 'minTrailingBelowDelta': 10, 'maxTrailingBelowDelta': 2000}, {'filterType': 'PERCENT_PRICE_BY_SIDE', 'bidMultiplierUp': '1.25', 'bidMultiplierDown': '0.2', 'askMultiplierUp': '5', 'askMultiplierDown': '0.75', 'avgPriceMins': 5}, {'filterType': 'MAX_NUM_ORDERS', 'maxNumOrders': 200}, {'filterType': 'MAX_NUM_ALGO_ORDERS', 'maxNumAlgoOrders': 5}]",['SPOT'],EXPIRE_MAKER,"['EXPIRE_TAKER', 'EXPIRE_MAKER', 'EXPIRE_BOTH']",0.00100000,0.00100000,1000.00000000,0.10000000,0.10000000,900000.00000000,1.00000000
291,LSKUSD4,BREAK,LSK,8,USD4,4,4,8,3,"['LIMIT', 'LIMIT_MAKER', 'MARKET', 'STOP_LOSS_LIMIT', 'TAKE_PROFIT_LIMIT']",True,True,True,True,True,True,False,"[{'filterType': 'PRICE_FILTER', 'minPrice': '0.0010', 'maxPrice': '1000.0000', 'tickSize': '0.0010'}, {'filterType': 'PERCENT_PRICE', 'multiplierUp': '5', 'multiplierDown': '0.2', 'avgPriceMins': 5}, {'filterType': 'LOT_SIZE', 'minQty': '0.10000000', 'maxQty': '900000.00000000', 'stepSize': '0.10000000'}, {'filterType': 'MIN_NOTIONAL', 'minNotional': '10.0000', 'applyToMarket': True, 'avgPriceMins': 5}, {'filterType': 'ICEBERG_PARTS', 'limit': 10}, {'filterType': 'MARKET_LOT_SIZE', 'minQty': '0.00000000', 'maxQty': '62355.45987525', 'stepSize': '0.00000000'}, {'filterType': 'TRAILING_DELTA', 'minTrailingAboveDelta': 10, 'maxTrailingAboveDelta': 2000, 'minTrailingBelowDelta': 10, 'maxTrailingBelowDelta': 2000}, {'filterType': 'MAX_NUM_ORDERS', 'maxNumOrders': 200}, {'filterType': 'MAX_NUM_ALGO_ORDERS', 'maxNumAlgoOrders': 5}]",['SPOT'],EXPIRE_MAKER,"['EXPIRE_TAKER', 'EXPIRE_MAKER', 'EXPIRE_BOTH']",0.0010,0.0010,1000.0000,0.10000000,0.10000000,900000.00000000,10.0000
292,DGBUSDT,TRADING,DGB,8,USDT,8,8,8,8,"['LIMIT', 'LIMIT_MAKER', 'MARKET', 'STOP_LOSS_LIMIT', 'TAKE_PROFIT_LIMIT']",True,True,True,True,True,True,False,"[{'filterType': 'PRICE_FILTER', 'minPrice': '0.00001000', 'maxPrice': '1000.00000000', 'tickSize': '0.00001000'}, {'filterType': 'PERCENT_PRICE', 'multiplierUp': '5', 'multiplierDown': '0.2', 'avgPriceMins': 5}, {'filterType': 'LOT_SIZE', 'minQty': '0.10000000', 'maxQty': '9000000.00000000', 'stepSize': '0.10000000'}, {'filterType': 'MIN_NOTIONAL', 'minNotional': '1.00000000', 'applyToMarket': True, 'avgPriceMins': 5}, {'filterType': 'ICEBERG_PARTS', 'limit': 10}, {'filterType': 'MARKET_LOT_SIZE', 'minQty': '0.00000000', 'maxQty': '501205.68577405', 'stepSize': '0.00000000'}, {'filterType': 'TRAILING_DELTA', 'minTrailingAboveDelta': 10, 'maxTrailingAboveDelta': 2000, 'minTrailingBelowDelta': 10, 'maxTrailingBelowDelta': 2000}, {'filterType': 'PERCENT_PRICE_BY_SIDE', 'bidMultiplierUp': '1.25', 'bidMultiplierDown': '0.2', 'askMultiplierUp': '5', 'askMultiplierDown': '0.75', 'avgPriceMins': 5}, {'filterType': 'MAX_NUM_ORDERS', 'maxNumOrders': 200}, {'filterType': 'MAX_NUM_ALGO_ORDERS', 'maxNumAlgoOrders': 5}]",['SPOT'],EXPIRE_MAKER,"['EXPIRE_TAKER', 'EXPIRE_MAKER', 'EXPIRE_BOTH']",0.00001000,0.00001000,1000.00000000,0.10000000,0.10000000,9000000.00000000,1.00000000
293,DGBUSD4,BREAK,DGB,8,USD4,4,4,8,4,"['LIMIT', 'LIMIT_MAKER', 'MARKET', 'STOP_LOSS_LIMIT', 'TAKE_PROFIT_LIMIT']",True,True,True,True,True,True,False,"[{'filterType': 'PRICE_FILTER', 'minPrice': '0.0001', 'maxPrice': '1000.0000', 'tickSize': '0.0001'}, {'filterType': 'PERCENT_PRICE', 'multiplierUp': '5', 'multiplierDown': '0.2', 'avgPriceMins': 5}, {'filterType': 'LOT_SIZE', 'minQty': '0.10000000', 'maxQty': '9000000.00000000', 'stepSize': '0.10000000'}, {'filterType': 'MIN_NOTIONAL', 'minNotional': '10.0000', 'applyToMarket': True, 'avgPriceMins': 5}, {'filterType': 'ICEBERG_PARTS', 'limit': 10}, {'filterType': 'MARKET_LOT_SIZE', 'minQty': '0.00000000', 'maxQty': '6176501.64299583', 'stepSize': '0.00000000'}, {'filterType': 'TRAILING_DELTA', 'minTrailingAboveDelta': 10, 'maxTrailingAboveDelta': 2000, 'minTrailingBelowDelta': 10, 'maxTrailingBelowDelta': 2000}, {'filterType': 'MAX_NUM_ORDERS', 'maxNumOrders': 200}, {'filterType': 'MAX_NUM_ALGO_ORDERS', 'maxNumAlgoOrders': 5}]",['SPOT'],EXPIRE_MAKER,"['EXPIRE_TAKER', 'EXPIRE_MAKER', 'EXPIRE_BOTH']",0.0001,0.0001,1000.0000,0.10000000,0.10000000,9000000.00000000,10.0000
294,REEFUSDT,TRADING,REEF,8,USDT,8,8,8,8,"['LIMIT', 'LIMIT_MAKER', 'MARKET', 'STOP_LOSS_LIMIT', 'TAKE_PROFIT_LIMIT']",True,True,True,True,True,True,False,"[{'filterType': 'PRICE_FILTER', 'minPrice': '0.00000100', 'maxPrice': '1000.00000000', 'tickSize': '0.00000100'}, {'filterType': 'PERCENT_PRICE', 'multiplierUp': '5', 'multiplierDown': '0.2', 'avgPriceMins': 5}, {'filterType': 'LOT_SIZE', 'minQty': '1.00000000', 'maxQty': '92141578.00000000', 'stepSize': '1.00000000'}, {'filterType': 'MIN_NOTIONAL', 'minNotional': '1.00000000', 'applyToMarket': True, 'avgPriceMins': 5}, {'filterType': 'ICEBERG_PARTS', 'limit': 10}, {'filterType': 'MARKET_LOT_SIZE', 'minQty': '0.00000000', 'maxQty': '270000.00000000', 'stepSize': '0.00000000'}, {'filterType': 'TRAILING_DELTA', 'minTrailingAboveDelta': 10, 'maxTrailingAboveDelta': 2000, 'minTrailingBelowDelta': 10, 'maxTrailingBelowDelta': 2000}, {'filterType': 'PERCENT_PRICE_BY_SIDE', 'bidMultiplierUp': '1.25', 'bidMultiplierDown': '0.2', 'askMultiplierUp': '5', 'askMultiplierDown': '0.75', 'avgPriceMins': 5}, {'filterType': 'MAX_NUM_ORDERS', 'maxNumOrders': 200}, {'filterType': 'MAX_NUM_ALGO_ORDERS', 'maxNumAlgoOrders': 5}]",['SPOT'],EXPIRE_MAKER,"['EXPIRE_TAKER', 'EXPIRE_MAKER', 'EXPIRE_BOTH']",0.00000100,0.00000100,1000.00000000,1.00000000,1.00000000,92141578.00000000,1.00000000
295,REEFUSD4,BREAK,REEF,8,USD4,4,4,8,4,"['LIMIT', 'LIMIT_MAKER', 'MARKET', 'STOP_LOSS_LIMIT', 'TAKE_PROFIT_LIMIT']",True,True,True,True,True,True,False,"[{'filterType': 'PRICE_FILTER', 'minPrice': '0.0001', 'maxPrice': '1000.0000', 'tickSize': '0.0001'}, {'filterType': 'PERCENT_PRICE', 'multiplierUp': '5', 'multiplierDown': '0.2', 'avgPriceMins': 5}, {'filterType': 'LOT_SIZE', 'minQty': '1.00000000', 'maxQty': '92141578.00000000', 'stepSize': '1.00000000'}, {'filterType': 'MIN_NOTIONAL', 'minNotional': '10.0000', 'applyToMarket': True, 'avgPriceMins': 5}, {'filterType': 'ICEBERG_PARTS', 'limit': 10}, {'filterType': 'MARKET_LOT_SIZE', 'minQty': '0.00000000', 'maxQty': '19979356.49271339', 'stepSize': '0.00000000'}, {'filterType': 'TRAILING_DELTA', 'minTrailingAboveDelta': 10, 'maxTrailingAboveDelta': 2000, 'minTrailingBelowDelta': 10, 'maxTrailingBelowDelta': 2000}, {'filterType': 'MAX_NUM_ORDERS', 'maxNumOrders': 200}, {'filterType': 'MAX_NUM_ALGO_ORDERS', 'maxNumAlgoOrders': 5}]",['SPOT'],EXPIRE_MAKER,"['EXPIRE_TAKER', 'EXPIRE_MAKER', 'EXPIRE_BOTH']",0.0001,0.0001,1000.0000,1.00000000,1.00000000,92141578.00000000,10.0000
296,SRMUSDT,BREAK,SRM,8,USDT,8,8,8,8,"['LIMIT', 'LIMIT_MAKER', 'MARKET', 'STOP_LOSS_LIMIT', 'TAKE_PROFIT_LIMIT']",True,True,True,True,True,True,False,"[{'filterType': 'PRICE_FILTER', 'minPrice': '0.00001000', 'maxPrice': '1000.00000000', 'tickSize': '0.00001000'}, {'filterType': 'PERCENT_PRICE', 'multiplierUp': '5', 'multiplierDown': '0.2', 'avgPriceMins': 5}, {'filterType': 'LOT_SIZE', 'minQty': '0.10000000', 'maxQty': '900000.00000000', 'stepSize': '0.10000000'}, {'filterType': 'MIN_NOTIONAL', 'minNotional': '10.00000000', 'applyToMarket': True, 'avgPriceMins': 5}, {'filterType': 'ICEBERG_PARTS', 'limit': 10}, {'filterType': 'MARKET_LOT_SIZE', 'minQty': '0.00000000', 'maxQty': '161222.85177206', 'stepSize': '0.00000000'}, {'filterType': 'TRAILING_DELTA', 'minTrailingAboveDelta': 10, 'maxTrailingAboveDelta': 2000, 'minTrailingBelowDelta': 10, 'maxTrailingBelowDelta': 2000}, {'filterType': 'MAX_NUM_ORDERS', 'maxNumOrders': 200}, {'filterType': 'MAX_NUM_ALGO_ORDERS', 'maxNumAlgoOrders': 5}]",['SPOT'],EXPIRE_MAKER,"['EXPIRE_TAKER', 'EXPIRE_MAKER', 'EXPIRE_BOTH']",0.00001000,0.00001000,1000.00000000,0.10000000,0.10000000,900000.00000000,10.00000000
297,SRMUSD,BREAK,SRM,8,USD4,4,4,8,3,"['LIMIT', 'LIMIT_MAKER', 'MARKET', 'STOP_LOSS_LIMIT', 'TAKE_PROFIT_LIMIT']",True,True,True,True,True,True,False,"[{'filterType': 'PRICE_FILTER', 'minPrice': '0.0001', 'maxPrice': '1000.0000', 'tickSize': '0.0001'}, {'filterType': 'PERCENT_PRICE', 'multiplierUp': '5', 'multiplierDown': '0.2', 'avgPriceMins': 5}, {'filterType': 'LOT_SIZE', 'minQty': '0.10000000', 'maxQty': '900000.00000000', 'stepSize': '0.10000000'}, {'filterType': 'MIN_NOTIONAL', 'minNotional': '10.0000', 'applyToMarket': True, 'avgPriceMins': 5}, {'filterType': 'ICEBERG_PARTS', 'limit': 10}, {'filterType': 'MARKET_LOT_SIZE', 'minQty': '0.00000000', 'maxQty': '161222.85177206', 'stepSize': '0.00000000'}, {'filterType': 'TRAILING_DELTA', 'minTrailingAboveDelta': 10, 'maxTrailingAboveDelta': 2000, 'minTrailingBelowDelta': 10, 'maxTrailingBelowDelta': 2000}, {'filterType': 'MAX_NUM_ORDERS', 'maxNumOrders': 200}, {'filterType': 'MAX_NUM_ALGO_ORDERS', 'maxNumAlgoOrders': 5}]",['SPOT'],EXPIRE_MAKER,"['EXPIRE_TAKER', 'EXPIRE_MAKER', 'EXPIRE_BOTH']",0.0001,0.0001,1000.0000,0.10000000,0.10000000,900000.00000000,10.0000
298,ALICEUSDT,TRADING,ALICE,8,USDT,8,8,8,8,"['LIMIT', 'LIMIT_MAKER', 'MARKET', 'STOP_LOSS_LIMIT', 'TAKE_PROFIT_LIMIT']",True,True,True,True,True,True,False,"[{'filterType': 'PRICE_FILTER', 'minPrice': '0.00010000', 'maxPrice': '1000.00000000', 'tickSize': '0.00010000'}, {'filterType': 'PERCENT_PRICE', 'multiplierUp': '5', 'multiplierDown': '0.2', 'avgPriceMins': 5}, {'filterType': 'LOT_SIZE', 'minQty': '0.01000000', 'maxQty': '900000.00000000', 'stepSize': '0.01000000'}, {'filterType': 'MIN_NOTIONAL', 'minNotional': '1.00000000', 'applyToMarket': True, 'avgPriceMins': 5}, {'filterType': 'ICEBERG_PARTS', 'limit': 10}, {'filterType': 'MARKET_LOT_SIZE', 'minQty': '0.00000000', 'maxQty': '1885.90489539', 'stepSize': '0.00000000'}, {'filterType': 'TRAILING_DELTA', 'minTrailingAboveDelta': 10, 'maxTrailingAboveDelta': 2000, 'minTrailingBelowDelta': 10, 'maxTrailingBelowDelta': 2000}, {'filterType': 'PERCENT_PRICE_BY_SIDE', 'bidMultiplierUp': '1.25', 'bidMultiplierDown': '0.2', 'askMultiplierUp': '5', 'askMultiplierDown': '0.75', 'avgPriceMins': 5}, {'filterType': 'MAX_NUM_ORDERS', 'maxNumOrders': 200}, {'filterType': 'MAX_NUM_ALGO_ORDERS', 'maxNumAlgoOrders': 5}]",['SPOT'],EXPIRE_MAKER,"['EXPIRE_TAKER', 'EXPIRE_MAKER', 'EXPIRE_BOTH']",0.00010000,0.00010000,1000.00000000,0.01000000,0.01000000,900000.00000000,1.00000000
299,ALICEUSD4,BREAK,ALICE,8,USD4,4,4,8,3,"['LIMIT', 'LIMIT_MAKER', 'MARKET', 'STOP_LOSS_LIMIT', 'TAKE_PROFIT_LIMIT']",True,True,True,True,True,True,False,"[{'filterType': 'PRICE_FILTER', 'minPrice': '0.0010', 'maxPrice': '1000.0000', 'tickSize': '0.0010'}, {'filterType': 'PERCENT_PRICE', 'multiplierUp': '5', 'multiplierDown': '0.2', 'avgPriceMins': 5}, {'filterType': 'LOT_SIZE', 'minQty': '0.01000000', 'maxQty': '900000.00000000', 'stepSize': '0.01000000'}, {'filterType': 'MIN_NOTIONAL', 'minNotional': '10.0000', 'applyToMarket': True, 'avgPriceMins': 5}, {'filterType': 'ICEBERG_PARTS', 'limit': 10}, {'filterType': 'MARKET_LOT_SIZE', 'minQty': '0.00000000', 'maxQty': '90594.63785962', 'stepSize': '0.00000000'}, {'filterType': 'TRAILING_DELTA', 'minTrailingAboveDelta': 10, 'maxTrailingAboveDelta': 2000, 'minTrailingBelowDelta': 10, 'maxTrailingBelowDelta': 2000}, {'filterType': 'MAX_NUM_ORDERS', 'maxNumOrders': 200}, {'filterType': 'MAX_NUM_ALGO_ORDERS', 'maxNumAlgoOrders': 5}]",['SPOT'],EXPIRE_MAKER,"['EXPIRE_TAKER', 'EXPIRE_MAKER', 'EXPIRE_BOTH']",0.0010,0.0010,1000.0000,0.01000000,0.01000000,900000.00000000,10.0000
300,FORTHUSDT,TRADING,FORTH,8,USDT,8,8,8,8,"['LIMIT', 'LIMIT_MAKER', 'MARKET', 'STOP_LOSS_LIMIT', 'TAKE_PROFIT_LIMIT']",True,True,True,True,True,True,False,"[{'filterType': 'PRICE_FILTER', 'minPrice': '0.00100000', 'maxPrice': '10000.00000000', 'tickSize': '0.00100000'}, {'filterType': 'PERCENT_PRICE', 'multiplierUp': '5', 'multiplierDown': '0.2', 'avgPriceMins': 5}, {'filterType': 'LOT_SIZE', 'minQty': '0.01000000', 'maxQty': '90000.00000000', 'stepSize': '0.01000000'}, {'filterType': 'MIN_NOTIONAL', 'minNotional': '1.00000000', 'applyToMarket': True, 'avgPriceMins': 5}, {'filterType': 'ICEBERG_PARTS', 'limit': 10}, {'filterType': 'MARKET_LOT_SIZE', 'minQty': '0.00000000', 'maxQty': '218.69702928', 'stepSize': '0.00000000'}, {'filterType': 'TRAILING_DELTA', 'minTrailingAboveDelta': 10, 'maxTrailingAboveDelta': 2000, 'minTrailingBelowDelta': 10, 'maxTrailingBelowDelta': 2000}, {'filterType': 'PERCENT_PRICE_BY_SIDE', 'bidMultiplierUp': '1.25', 'bidMultiplierDown': '0.2', 'askMultiplierUp': '5', 'askMultiplierDown': '0.75', 'avgPriceMins': 5}, {'filterType': 'MAX_NUM_ORDERS', 'maxNumOrders': 200}, {'filterType': 'MAX_NUM_ALGO_ORDERS', 'maxNumAlgoOrders': 5}]",['SPOT'],EXPIRE_MAKER,"['EXPIRE_TAKER', 'EXPIRE_MAKER', 'EXPIRE_BOTH']",0.00100000,0.00100000,10000.00000000,0.01000000,0.01000000,90000.00000000,1.00000000
301,FORTHUSD4,BREAK,FORTH,8,USD4,4,4,8,2,"['LIMIT', 'LIMIT_MAKER', 'MARKET', 'STOP_LOSS_LIMIT', 'TAKE_PROFIT_LIMIT']",True,True,True,True,True,True,False,"[{'filterType': 'PRICE_FILTER', 'minPrice': '0.0100', 'maxPrice': '10000.0000', 'tickSize': '0.0100'}, {'filterType': 'PERCENT_PRICE', 'multiplierUp': '5', 'multiplierDown': '0.2', 'avgPriceMins': 5}, {'filterType': 'LOT_SIZE', 'minQty': '0.01000000', 'maxQty': '90000.00000000', 'stepSize': '0.01000000'}, {'filterType': 'MIN_NOTIONAL', 'minNotional': '10.0000', 'applyToMarket': True, 'avgPriceMins': 5}, {'filterType': 'ICEBERG_PARTS', 'limit': 10}, {'filterType': 'MARKET_LOT_SIZE', 'minQty': '0.00000000', 'maxQty': '42037.71566666', 'stepSize': '0.00000000'}, {'filterType': 'TRAILING_DELTA', 'minTrailingAboveDelta': 10, 'maxTrailingAboveDelta': 2000, 'minTrailingBelowDelta': 10, 'maxTrailingBelowDelta': 2000}, {'filterType': 'MAX_NUM_ORDERS', 'maxNumOrders': 200}, {'filterType': 'MAX_NUM_ALGO_ORDERS', 'maxNumAlgoOrders': 5}]",['SPOT'],EXPIRE_MAKER,"['EXPIRE_TAKER', 'EXPIRE_MAKER', 'EXPIRE_BOTH']",0.0100,0.0100,10000.0000,0.01000000,0.01000000,90000.00000000,10.0000
302,ASTRUSDT,TRADING,ASTR,8,USDT,8,8,8,8,"['LIMIT', 'LIMIT_MAKER', 'MARKET', 'STOP_LOSS_LIMIT', 'TAKE_PROFIT_LIMIT']",True,True,True,True,True,True,False,"[{'filterType': 'PRICE_FILTER', 'minPrice': '0.00000100', 'maxPrice': '1000.00000000', 'tickSize': '0.00000100'}, {'filterType': 'PERCENT_PRICE', 'multiplierUp': '5', 'multiplierDown': '0.2', 'avgPriceMins': 5}, {'filterType': 'LOT_SIZE', 'minQty': '0.10000000', 'maxQty': '92141578.00000000', 'stepSize': '0.10000000'}, {'filterType': 'MIN_NOTIONAL', 'minNotional': '1.00000000', 'applyToMarket': True, 'avgPriceMins': 5}, {'filterType': 'ICEBERG_PARTS', 'limit': 10}, {'filterType': 'MARKET_LOT_SIZE', 'minQty': '0.00000000', 'maxQty': '24961.58661087', 'stepSize': '0.00000000'}, {'filterType': 'TRAILING_DELTA', 'minTrailingAboveDelta': 10, 'maxTrailingAboveDelta': 2000, 'minTrailingBelowDelta': 10, 'maxTrailingBelowDelta': 2000}, {'filterType': 'PERCENT_PRICE_BY_SIDE', 'bidMultiplierUp': '1.25', 'bidMultiplierDown': '0.2', 'askMultiplierUp': '5', 'askMultiplierDown': '0.75', 'avgPriceMins': 5}, {'filterType': 'MAX_NUM_ORDERS', 'maxNumOrders': 200}, {'filterType': 'MAX_NUM_ALGO_ORDERS', 'maxNumAlgoOrders': 5}]",['SPOT'],EXPIRE_MAKER,"['EXPIRE_TAKER', 'EXPIRE_MAKER', 'EXPIRE_BOTH']",0.00000100,0.00000100,1000.00000000,0.10000000,0.10000000,92141578.00000000,1.00000000
303,ASTRUSD4,BREAK,ASTR,8,USD4,4,4,8,4,"['LIMIT', 'LIMIT_MAKER', 'MARKET', 'STOP_LOSS_LIMIT', 'TAKE_PROFIT_LIMIT']",True,True,True,True,True,True,False,"[{'filterType': 'PRICE_FILTER', 'minPrice': '0.0001', 'maxPrice': '1000.0000', 'tickSize': '0.0001'}, {'filterType': 'PERCENT_PRICE', 'multiplierUp': '5', 'multiplierDown': '0.2', 'avgPriceMins': 5}, {'filterType': 'LOT_SIZE', 'minQty': '0.10000000', 'maxQty': '92141578.00000000', 'stepSize': '0.10000000'}, {'filterType': 'MIN_NOTIONAL', 'minNotional': '10.0000', 'applyToMarket': True, 'avgPriceMins': 5}, {'filterType': 'ICEBERG_PARTS', 'limit': 10}, {'filterType': 'MARKET_LOT_SIZE', 'minQty': '0.00000000', 'maxQty': '2998944.25447605', 'stepSize': '0.00000000'}, {'filterType': 'TRAILING_DELTA', 'minTrailingAboveDelta': 10, 'maxTrailingAboveDelta': 2000, 'minTrailingBelowDelta': 10, 'maxTrailingBelowDelta': 2000}, {'filterType': 'MAX_NUM_ORDERS', 'maxNumOrders': 200}, {'filterType': 'MAX_NUM_ALGO_ORDERS', 'maxNumAlgoOrders': 5}]",['SPOT'],EXPIRE_MAKER,"['EXPIRE_TAKER', 'EXPIRE_MAKER', 'EXPIRE_BOTH']",0.0001,0.0001,1000.0000,0.10000000,0.10000000,92141578.00000000,10.0000
304,BTRSTUSDT,TRADING,BTRST,8,USDT,8,8,8,8,"['LIMIT', 'LIMIT_MAKER', 'MARKET', 'STOP_LOSS_LIMIT', 'TAKE_PROFIT_LIMIT']",True,True,True,True,True,True,False,"[{'filterType': 'PRICE_FILTER', 'minPrice': '0.00100000', 'maxPrice': '10000.00000000', 'tickSize': '0.00100000'}, {'filterType': 'PERCENT_PRICE', 'multiplierUp': '5', 'multiplierDown': '0.2', 'avgPriceMins': 5}, {'filterType': 'LOT_SIZE', 'minQty': '0.10000000', 'maxQty': '9222449.00000000', 'stepSize': '0.10000000'}, {'filterType': 'MIN_NOTIONAL', 'minNotional': '1.00000000', 'applyToMarket': True, 'avgPriceMins': 5}, {'filterType': 'ICEBERG_PARTS', 'limit': 10}, {'filterType': 'MARKET_LOT_SIZE', 'minQty': '0.00000000', 'maxQty': '2489.86861924', 'stepSize': '0.00000000'}, {'filterType': 'TRAILING_DELTA', 'minTrailingAboveDelta': 10, 'maxTrailingAboveDelta': 2000, 'minTrailingBelowDelta': 10, 'maxTrailingBelowDelta': 2000}, {'filterType': 'PERCENT_PRICE_BY_SIDE', 'bidMultiplierUp': '1.25', 'bidMultiplierDown': '0.2', 'askMultiplierUp': '5', 'askMultiplierDown': '0.75', 'avgPriceMins': 5}, {'filterType': 'MAX_NUM_ORDERS', 'maxNumOrders': 200}, {'filterType': 'MAX_NUM_ALGO_ORDERS', 'maxNumAlgoOrders': 5}]",['SPOT'],EXPIRE_MAKER,"['EXPIRE_TAKER', 'EXPIRE_MAKER', 'EXPIRE_BOTH']",0.00100000,0.00100000,10000.00000000,0.10000000,0.10000000,9222449.00000000,1.00000000
305,BTRSTUSD4,BREAK,BTRST,8,USD4,4,4,8,4,"['LIMIT', 'LIMIT_MAKER', 'MARKET', 'STOP_LOSS_LIMIT', 'TAKE_PROFIT_LIMIT']",True,True,True,True,True,True,False,"[{'filterType': 'PRICE_FILTER', 'minPrice': '0.0010', 'maxPrice': '10000.0000', 'tickSize': '0.0010'}, {'filterType': 'PERCENT_PRICE', 'multiplierUp': '5', 'multiplierDown': '0.2', 'avgPriceMins': 5}, {'filterType': 'LOT_SIZE', 'minQty': '0.10000000', 'maxQty': '9222449.00000000', 'stepSize': '0.10000000'}, {'filterType': 'MIN_NOTIONAL', 'minNotional': '10.0000', 'applyToMarket': True, 'avgPriceMins': 5}, {'filterType': 'ICEBERG_PARTS', 'limit': 10}, {'filterType': 'MARKET_LOT_SIZE', 'minQty': '0.00000000', 'maxQty': '63083.19006944', 'stepSize': '0.00000000'}, {'filterType': 'TRAILING_DELTA', 'minTrailingAboveDelta': 10, 'maxTrailingAboveDelta': 2000, 'minTrailingBelowDelta': 10, 'maxTrailingBelowDelta': 2000}, {'filterType': 'MAX_NUM_ORDERS', 'maxNumOrders': 200}, {'filterType': 'MAX_NUM_ALGO_ORDERS', 'maxNumAlgoOrders': 5}]",['SPOT'],EXPIRE_MAKER,"['EXPIRE_TAKER', 'EXPIRE_MAKER', 'EXPIRE_BOTH']",0.0010,0.0010,10000.0000,0.10000000,0.10000000,9222449.00000000,10.0000
306,GALUSDT,BREAK,GAL,8,USDT,8,8,8,8,"['LIMIT', 'LIMIT_MAKER', 'MARKET', 'STOP_LOSS_LIMIT', 'TAKE_PROFIT_LIMIT']",True,True,True,True,True,True,False,"[{'filterType': 'PRICE_FILTER', 'minPrice': '0.00100000', 'maxPrice': '1000.00000000', 'tickSize': '0.00100000'}, {'filterType': 'PERCENT_PRICE', 'multiplierUp': '5', 'multiplierDown': '0.2', 'avgPriceMins': 5}, {'filterType': 'LOT_SIZE', 'minQty': '0.00100000', 'maxQty': '92141578.00000000', 'stepSize': '0.00100000'}, {'filterType': 'MIN_NOTIONAL', 'minNotional': '1.00000000', 'applyToMarket': True, 'avgPriceMins': 5}, {'filterType': 'ICEBERG_PARTS', 'limit': 10}, {'filterType': 'MARKET_LOT_SIZE', 'minQty': '0.00000000', 'maxQty': '243.68947933', 'stepSize': '0.00000000'}, {'filterType': 'TRAILING_DELTA', 'minTrailingAboveDelta': 10, 'maxTrailingAboveDelta': 2000, 'minTrailingBelowDelta': 10, 'maxTrailingBelowDelta': 2000}, {'filterType': 'PERCENT_PRICE_BY_SIDE', 'bidMultiplierUp': '1.25', 'bidMultiplierDown': '0.2', 'askMultiplierUp': '5', 'askMultiplierDown': '0.75', 'avgPriceMins': 5}, {'filterType': 'MAX_NUM_ORDERS', 'maxNumOrders': 200}, {'filterType': 'MAX_NUM_ALGO_ORDERS', 'maxNumAlgoOrders': 5}]",['SPOT'],EXPIRE_MAKER,"['EXPIRE_TAKER', 'EXPIRE_MAKER', 'EXPIRE_BOTH']",0.00100000,0.00100000,1000.00000000,0.00100000,0.00100000,92141578.00000000,1.00000000
307,GALUSD4,BREAK,GAL,8,USD4,4,4,8,3,"['LIMIT', 'LIMIT_MAKER', 'MARKET', 'STOP_LOSS_LIMIT', 'TAKE_PROFIT_LIMIT']",True,True,True,True,True,True,False,"[{'filterType': 'PRICE_FILTER', 'minPrice': '0.0010', 'maxPrice': '1000.0000', 'tickSize': '0.0010'}, {'filterType': 'PERCENT_PRICE', 'multiplierUp': '5', 'multiplierDown': '0.2', 'avgPriceMins': 5}, {'filterType': 'LOT_SIZE', 'minQty': '0.00100000', 'maxQty': '92141578.00000000', 'stepSize': '0.00100000'}, {'filterType': 'MIN_NOTIONAL', 'minNotional': '10.0000', 'applyToMarket': True, 'avgPriceMins': 5}, {'filterType': 'ICEBERG_PARTS', 'limit': 10}, {'filterType': 'MARKET_LOT_SIZE', 'minQty': '0.00000000', 'maxQty': '154650.16084403', 'stepSize': '0.00000000'}, {'filterType': 'TRAILING_DELTA', 'minTrailingAboveDelta': 10, 'maxTrailingAboveDelta': 2000, 'minTrailingBelowDelta': 10, 'maxTrailingBelowDelta': 2000}, {'filterType': 'MAX_NUM_ORDERS', 'maxNumOrders': 200}, {'filterType': 'MAX_NUM_ALGO_ORDERS', 'maxNumAlgoOrders': 5}]",['SPOT'],EXPIRE_MAKER,"['EXPIRE_TAKER', 'EXPIRE_MAKER', 'EXPIRE_BOTH']",0.0010,0.0010,1000.0000,0.00100000,0.00100000,92141578.00000000,10.0000
308,SANDUSDT,TRADING,SAND,8,USDT,8,8,8,8,"['LIMIT', 'LIMIT_MAKER', 'MARKET', 'STOP_LOSS_LIMIT', 'TAKE_PROFIT_LIMIT']",True,True,True,True,True,True,False,"[{'filterType': 'PRICE_FILTER', 'minPrice': '0.00010000', 'maxPrice': '1000.00000000', 'tickSize': '0.00010000'}, {'filterType': 'PERCENT_PRICE', 'multiplierUp': '5', 'multiplierDown': '0.2', 'avgPriceMins': 5}, {'filterType': 'LOT_SIZE', 'minQty': '1.00000000', 'maxQty': '9000000.00000000', 'stepSize': '1.00000000'}, {'filterType': 'MIN_NOTIONAL', 'minNotional': '1.00000000', 'applyToMarket': True, 'avgPriceMins': 5}, {'filterType': 'ICEBERG_PARTS', 'limit': 10}, {'filterType': 'MARKET_LOT_SIZE', 'minQty': '0.00000000', 'maxQty': '2490.87029288', 'stepSize': '0.00000000'}, {'filterType': 'TRAILING_DELTA', 'minTrailingAboveDelta': 10, 'maxTrailingAboveDelta': 2000, 'minTrailingBelowDelta': 10, 'maxTrailingBelowDelta': 2000}, {'filterType': 'PERCENT_PRICE_BY_SIDE', 'bidMultiplierUp': '1.25', 'bidMultiplierDown': '0.2', 'askMultiplierUp': '5', 'askMultiplierDown': '0.75', 'avgPriceMins': 5}, {'filterType': 'MAX_NUM_ORDERS', 'maxNumOrders': 200}, {'filterType': 'MAX_NUM_ALGO_ORDERS', 'maxNumAlgoOrders': 5}]",['SPOT'],EXPIRE_MAKER,"['EXPIRE_TAKER', 'EXPIRE_MAKER', 'EXPIRE_BOTH']",0.00010000,0.00010000,1000.00000000,1.00000000,1.00000000,9000000.00000000,1.00000000
309,SANDUSD4,BREAK,SAND,8,USD4,4,4,8,4,"['LIMIT', 'LIMIT_MAKER', 'MARKET', 'STOP_LOSS_LIMIT', 'TAKE_PROFIT_LIMIT']",True,True,True,True,True,True,False,"[{'filterType': 'PRICE_FILTER', 'minPrice': '0.0001', 'maxPrice': '1000.0000', 'tickSize': '0.0001'}, {'filterType': 'PERCENT_PRICE', 'multiplierUp': '5', 'multiplierDown': '0.2', 'avgPriceMins': 5}, {'filterType': 'LOT_SIZE', 'minQty': '1.00000000', 'maxQty': '9000000.00000000', 'stepSize': '1.00000000'}, {'filterType': 'MIN_NOTIONAL', 'minNotional': '10.0000', 'applyToMarket': True, 'avgPriceMins': 5}, {'filterType': 'ICEBERG_PARTS', 'limit': 10}, {'filterType': 'MARKET_LOT_SIZE', 'minQty': '0.00000000', 'maxQty': '928454.74068965', 'stepSize': '0.00000000'}, {'filterType': 'TRAILING_DELTA', 'minTrailingAboveDelta': 10, 'maxTrailingAboveDelta': 2000, 'minTrailingBelowDelta': 10, 'maxTrailingBelowDelta': 2000}, {'filterType': 'MAX_NUM_ORDERS', 'maxNumOrders': 200}, {'filterType': 'MAX_NUM_ALGO_ORDERS', 'maxNumAlgoOrders': 5}]",['SPOT'],EXPIRE_MAKER,"['EXPIRE_TAKER', 'EXPIRE_MAKER', 'EXPIRE_BOTH']",0.0001,0.0001,1000.0000,1.00000000,1.00000000,9000000.00000000,10.0000
310,BALUSDT,BREAK,BAL,8,USDT,8,8,8,8,"['LIMIT', 'LIMIT_MAKER', 'MARKET', 'STOP_LOSS_LIMIT', 'TAKE_PROFIT_LIMIT']",True,True,True,True,True,True,False,"[{'filterType': 'PRICE_FILTER', 'minPrice': '0.00100000', 'maxPrice': '10000.00000000', 'tickSize': '0.00100000'}, {'filterType': 'PERCENT_PRICE', 'multiplierUp': '5', 'multiplierDown': '0.2', 'avgPriceMins': 5}, {'filterType': 'LOT_SIZE', 'minQty': '0.01000000', 'maxQty': '90000.00000000', 'stepSize': '0.01000000'}, {'filterType': 'MIN_NOTIONAL', 'minNotional': '1.00000000', 'applyToMarket': True, 'avgPriceMins': 5}, {'filterType': 'ICEBERG_PARTS', 'limit': 10}, {'filterType': 'MARKET_LOT_SIZE', 'minQty': '0.00000000', 'maxQty': '1265.30666666', 'stepSize': '0.00000000'}, {'filterType': 'TRAILING_DELTA', 'minTrailingAboveDelta': 10, 'maxTrailingAboveDelta': 2000, 'minTrailingBelowDelta': 10, 'maxTrailingBelowDelta': 2000}, {'filterType': 'PERCENT_PRICE_BY_SIDE', 'bidMultiplierUp': '1.25', 'bidMultiplierDown': '0.2', 'askMultiplierUp': '5', 'askMultiplierDown': '0.75', 'avgPriceMins': 5}, {'filterType': 'MAX_NUM_ORDERS', 'maxNumOrders': 200}, {'filterType': 'MAX_NUM_ALGO_ORDERS', 'maxNumAlgoOrders': 5}]",['SPOT'],EXPIRE_MAKER,"['EXPIRE_TAKER', 'EXPIRE_MAKER', 'EXPIRE_BOTH']",0.00100000,0.00100000,10000.00000000,0.01000000,0.01000000,90000.00000000,1.00000000
311,BALUSD4,BREAK,BAL,8,USD4,4,4,8,3,"['LIMIT', 'LIMIT_MAKER', 'MARKET', 'STOP_LOSS_LIMIT', 'TAKE_PROFIT_LIMIT']",True,True,True,True,True,True,False,"[{'filterType': 'PRICE_FILTER', 'minPrice': '0.0010', 'maxPrice': '10000.0000', 'tickSize': '0.0010'}, {'filterType': 'PERCENT_PRICE', 'multiplierUp': '5', 'multiplierDown': '0.2', 'avgPriceMins': 5}, {'filterType': 'LOT_SIZE', 'minQty': '0.01000000', 'maxQty': '90000.00000000', 'stepSize': '0.01000000'}, {'filterType': 'MIN_NOTIONAL', 'minNotional': '10.0000', 'applyToMarket': True, 'avgPriceMins': 5}, {'filterType': 'ICEBERG_PARTS', 'limit': 10}, {'filterType': 'MARKET_LOT_SIZE', 'minQty': '0.00000000', 'maxQty': '18684.85256250', 'stepSize': '0.00000000'}, {'filterType': 'TRAILING_DELTA', 'minTrailingAboveDelta': 10, 'maxTrailingAboveDelta': 2000, 'minTrailingBelowDelta': 10, 'maxTrailingBelowDelta': 2000}, {'filterType': 'MAX_NUM_ORDERS', 'maxNumOrders': 200}, {'filterType': 'MAX_NUM_ALGO_ORDERS', 'maxNumAlgoOrders': 5}]",['SPOT'],EXPIRE_MAKER,"['EXPIRE_TAKER', 'EXPIRE_MAKER', 'EXPIRE_BOTH']",0.0010,0.0010,10000.0000,0.01000000,0.01000000,90000.00000000,10.0000
312,POLYXUSD4,BREAK,POLYX,8,USD4,4,4,8,4,"['LIMIT', 'LIMIT_MAKER', 'MARKET', 'STOP_LOSS_LIMIT', 'TAKE_PROFIT_LIMIT']",True,True,True,True,True,True,False,"[{'filterType': 'PRICE_FILTER', 'minPrice': '0.0001', 'maxPrice': '1000.0000', 'tickSize': '0.0001'}, {'filterType': 'PERCENT_PRICE', 'multiplierUp': '5', 'multiplierDown': '0.2', 'avgPriceMins': 5}, {'filterType': 'LOT_SIZE', 'minQty': '0.10000000', 'maxQty': '92141578.00000000', 'stepSize': '0.10000000'}, {'filterType': 'MIN_NOTIONAL', 'minNotional': '10.0000', 'applyToMarket': True, 'avgPriceMins': 5}, {'filterType': 'ICEBERG_PARTS', 'limit': 10}, {'filterType': 'MARKET_LOT_SIZE', 'minQty': '0.00000000', 'maxQty': '92141578.00000000', 'stepSize': '0.00000000'}, {'filterType': 'TRAILING_DELTA', 'minTrailingAboveDelta': 10, 'maxTrailingAboveDelta': 2000, 'minTrailingBelowDelta': 10, 'maxTrailingBelowDelta': 2000}, {'filterType': 'MAX_NUM_ORDERS', 'maxNumOrders': 200}, {'filterType': 'MAX_NUM_ALGO_ORDERS', 'maxNumAlgoOrders': 5}]",['SPOT'],EXPIRE_MAKER,"['EXPIRE_TAKER', 'EXPIRE_MAKER', 'EXPIRE_BOTH']",0.0001,0.0001,1000.0000,0.10000000,0.10000000,92141578.00000000,10.0000
313,GLMUSDT,TRADING,GLM,8,USDT,8,8,8,8,"['LIMIT', 'LIMIT_MAKER', 'MARKET', 'STOP_LOSS_LIMIT', 'TAKE_PROFIT_LIMIT']",True,True,True,True,True,True,False,"[{'filterType': 'PRICE_FILTER', 'minPrice': '0.00010000', 'maxPrice': '1000.00000000', 'tickSize': '0.00010000'}, {'filterType': 'PERCENT_PRICE', 'multiplierUp': '5', 'multiplierDown': '0.2', 'avgPriceMins': 5}, {'filterType': 'LOT_SIZE', 'minQty': '0.10000000', 'maxQty': '92141578.00000000', 'stepSize': '0.10000000'}, {'filterType': 'MIN_NOTIONAL', 'minNotional': '1.00000000', 'applyToMarket': True, 'avgPriceMins': 5}, {'filterType': 'ICEBERG_PARTS', 'limit': 10}, {'filterType': 'MARKET_LOT_SIZE', 'minQty': '0.00000000', 'maxQty': '300.00000000', 'stepSize': '0.00000000'}, {'filterType': 'TRAILING_DELTA', 'minTrailingAboveDelta': 10, 'maxTrailingAboveDelta': 2000, 'minTrailingBelowDelta': 10, 'maxTrailingBelowDelta': 2000}, {'filterType': 'PERCENT_PRICE_BY_SIDE', 'bidMultiplierUp': '1.25', 'bidMultiplierDown': '0.2', 'askMultiplierUp': '5', 'askMultiplierDown': '0.75', 'avgPriceMins': 5}, {'filterType': 'MAX_NUM_ORDERS', 'maxNumOrders': 200}, {'filterType': 'MAX_NUM_ALGO_ORDERS', 'maxNumAlgoOrders': 5}]",['SPOT'],EXPIRE_MAKER,"['EXPIRE_TAKER', 'EXPIRE_MAKER', 'EXPIRE_BOTH']",0.00010000,0.00010000,1000.00000000,0.10000000,0.10000000,92141578.00000000,1.00000000
314,GLMUSD4,BREAK,GLM,8,USD4,4,4,8,4,"['LIMIT', 'LIMIT_MAKER', 'MARKET', 'STOP_LOSS_LIMIT', 'TAKE_PROFIT_LIMIT']",True,True,True,True,True,True,False,"[{'filterType': 'PRICE_FILTER', 'minPrice': '0.0001', 'maxPrice': '1000.0000', 'tickSize': '0.0001'}, {'filterType': 'PERCENT_PRICE', 'multiplierUp': '5', 'multiplierDown': '0.2', 'avgPriceMins': 5}, {'filterType': 'LOT_SIZE', 'minQty': '0.10000000', 'maxQty': '92141578.00000000', 'stepSize': '0.10000000'}, {'filterType': 'MIN_NOTIONAL', 'minNotional': '10.0000', 'applyToMarket': True, 'avgPriceMins': 5}, {'filterType': 'ICEBERG_PARTS', 'limit': 10}, {'filterType': 'MARKET_LOT_SIZE', 'minQty': '0.00000000', 'maxQty': '106586.10466898', 'stepSize': '0.00000000'}, {'filterType': 'TRAILING_DELTA', 'minTrailingAboveDelta': 10, 'maxTrailingAboveDelta': 2000, 'minTrailingBelowDelta': 10, 'maxTrailingBelowDelta': 2000}, {'filterType': 'MAX_NUM_ORDERS', 'maxNumOrders': 200}, {'filterType': 'MAX_NUM_ALGO_ORDERS', 'maxNumAlgoOrders': 5}]",['SPOT'],EXPIRE_MAKER,"['EXPIRE_TAKER', 'EXPIRE_MAKER', 'EXPIRE_BOTH']",0.0001,0.0001,1000.0000,0.10000000,0.10000000,92141578.00000000,10.0000
315,CLVUSDT,BREAK,CLV,8,USDT,8,8,8,8,"['LIMIT', 'LIMIT_MAKER', 'MARKET', 'STOP_LOSS_LIMIT', 'TAKE_PROFIT_LIMIT']",True,True,True,True,True,True,False,"[{'filterType': 'PRICE_FILTER', 'minPrice': '0.00001000', 'maxPrice': '1000.00000000', 'tickSize': '0.00001000'}, {'filterType': 'PERCENT_PRICE', 'multiplierUp': '5', 'multiplierDown': '0.2', 'avgPriceMins': 5}, {'filterType': 'LOT_SIZE', 'minQty': '0.10000000', 'maxQty': '92141578.00000000', 'stepSize': '0.10000000'}, {'filterType': 'MIN_NOTIONAL', 'minNotional': '1.00000000', 'applyToMarket': True, 'avgPriceMins': 5}, {'filterType': 'ICEBERG_PARTS', 'limit': 10}, {'filterType': 'MARKET_LOT_SIZE', 'minQty': '0.00000000', 'maxQty': '59870.16916666', 'stepSize': '0.00000000'}, {'filterType': 'TRAILING_DELTA', 'minTrailingAboveDelta': 10, 'maxTrailingAboveDelta': 2000, 'minTrailingBelowDelta': 10, 'maxTrailingBelowDelta': 2000}, {'filterType': 'PERCENT_PRICE_BY_SIDE', 'bidMultiplierUp': '1.25', 'bidMultiplierDown': '0.2', 'askMultiplierUp': '5', 'askMultiplierDown': '0.75', 'avgPriceMins': 5}, {'filterType': 'MAX_NUM_ORDERS', 'maxNumOrders': 200}, {'filterType': 'MAX_NUM_ALGO_ORDERS', 'maxNumAlgoOrders': 5}]",['SPOT'],EXPIRE_MAKER,"['EXPIRE_TAKER', 'EXPIRE_MAKER', 'EXPIRE_BOTH']",0.00001000,0.00001000,1000.00000000,0.10000000,0.10000000,92141578.00000000,1.00000000
316,CLVUSD4,BREAK,CLV,8,USD4,4,4,8,4,"['LIMIT', 'LIMIT_MAKER', 'MARKET', 'STOP_LOSS_LIMIT', 'TAKE_PROFIT_LIMIT']",True,True,True,True,True,True,False,"[{'filterType': 'PRICE_FILTER', 'minPrice': '0.0001', 'maxPrice': '1000.0000', 'tickSize': '0.0001'}, {'filterType': 'PERCENT_PRICE', 'multiplierUp': '5', 'multiplierDown': '0.2', 'avgPriceMins': 5}, {'filterType': 'LOT_SIZE', 'minQty': '0.10000000', 'maxQty': '92141578.00000000', 'stepSize': '0.10000000'}, {'filterType': 'MIN_NOTIONAL', 'minNotional': '10.0000', 'applyToMarket': True, 'avgPriceMins': 5}, {'filterType': 'ICEBERG_PARTS', 'limit': 10}, {'filterType': 'MARKET_LOT_SIZE', 'minQty': '0.00000000', 'maxQty': '1341583.34923398', 'stepSize': '0.00000000'}, {'filterType': 'TRAILING_DELTA', 'minTrailingAboveDelta': 10, 'maxTrailingAboveDelta': 2000, 'minTrailingBelowDelta': 10, 'maxTrailingBelowDelta': 2000}, {'filterType': 'MAX_NUM_ORDERS', 'maxNumOrders': 200}, {'filterType': 'MAX_NUM_ALGO_ORDERS', 'maxNumAlgoOrders': 5}]",['SPOT'],EXPIRE_MAKER,"['EXPIRE_TAKER', 'EXPIRE_MAKER', 'EXPIRE_BOTH']",0.0001,0.0001,1000.0000,0.10000000,0.10000000,92141578.00000000,10.0000
317,TUSDUSDT,BREAK,TUSD,8,USDT,8,8,8,8,"['LIMIT', 'LIMIT_MAKER', 'MARKET', 'STOP_LOSS_LIMIT', 'TAKE_PROFIT_LIMIT']",True,True,True,True,True,True,False,"[{'filterType': 'PRICE_FILTER', 'minPrice': '0.00010000', 'maxPrice': '1000.00000000', 'tickSize': '0.00010000'}, {'filterType': 'PERCENT_PRICE', 'multiplierUp': '1.2', 'multiplierDown': '0.8', 'avgPriceMins': 5}, {'filterType': 'LOT_SIZE', 'minQty': '1.00000000', 'maxQty': '900000.00000000', 'stepSize': '1.00000000'}, {'filterType': 'MIN_NOTIONAL', 'minNotional': '1.00000000', 'applyToMarket': True, 'avgPriceMins': 5}, {'filterType': 'ICEBERG_PARTS', 'limit': 10}, {'filterType': 'MARKET_LOT_SIZE', 'minQty': '0.00000000', 'maxQty': '718.00000000', 'stepSize': '0.00000000'}, {'filterType': 'TRAILING_DELTA', 'minTrailingAboveDelta': 10, 'maxTrailingAboveDelta': 2000, 'minTrailingBelowDelta': 10, 'maxTrailingBelowDelta': 2000}, {'filterType': 'PERCENT_PRICE_BY_SIDE', 'bidMultiplierUp': '1.05', 'bidMultiplierDown': '0.2', 'askMultiplierUp': '5', 'askMultiplierDown': '0.95', 'avgPriceMins': 5}, {'filterType': 'MAX_NUM_ORDERS', 'maxNumOrders': 200}, {'filterType': 'MAX_NUM_ALGO_ORDERS', 'maxNumAlgoOrders': 5}]",['SPOT'],EXPIRE_MAKER,"['EXPIRE_TAKER', 'EXPIRE_MAKER', 'EXPIRE_BOTH']",0.00010000,0.00010000,1000.00000000,1.00000000,1.00000000,900000.00000000,1.00000000
318,TUSDUSD4,BREAK,TUSD,8,USD4,4,4,8,4,"['LIMIT', 'LIMIT_MAKER', 'MARKET', 'STOP_LOSS_LIMIT', 'TAKE_PROFIT_LIMIT']",True,True,True,True,True,True,False,"[{'filterType': 'PRICE_FILTER', 'minPrice': '0.0001', 'maxPrice': '1000.0000', 'tickSize': '0.0001'}, {'filterType': 'PERCENT_PRICE', 'multiplierUp': '1.2', 'multiplierDown': '0.8', 'avgPriceMins': 5}, {'filterType': 'LOT_SIZE', 'minQty': '1.00000000', 'maxQty': '900000.00000000', 'stepSize': '1.00000000'}, {'filterType': 'MIN_NOTIONAL', 'minNotional': '10.0000', 'applyToMarket': True, 'avgPriceMins': 5}, {'filterType': 'ICEBERG_PARTS', 'limit': 10}, {'filterType': 'MARKET_LOT_SIZE', 'minQty': '0.00000000', 'maxQty': '1301033.56392265', 'stepSize': '0.00000000'}, {'filterType': 'TRAILING_DELTA', 'minTrailingAboveDelta': 10, 'maxTrailingAboveDelta': 2000, 'minTrailingBelowDelta': 10, 'maxTrailingBelowDelta': 2000}, {'filterType': 'MAX_NUM_ORDERS', 'maxNumOrders': 200}, {'filterType': 'MAX_NUM_ALGO_ORDERS', 'maxNumAlgoOrders': 5}]",['SPOT'],EXPIRE_MAKER,"['EXPIRE_TAKER', 'EXPIRE_MAKER', 'EXPIRE_BOTH']",0.0001,0.0001,1000.0000,1.00000000,1.00000000,900000.00000000,10.0000
319,QNTUSDT,TRADING,QNT,8,USDT,8,8,8,8,"['LIMIT', 'LIMIT_MAKER', 'MARKET', 'STOP_LOSS_LIMIT', 'TAKE_PROFIT_LIMIT']",True,True,True,True,True,True,False,"[{'filterType': 'PRICE_FILTER', 'minPrice': '0.01000000', 'maxPrice': '100000.00000000', 'tickSize': '0.01000000'}, {'filterType': 'PERCENT_PRICE', 'multiplierUp': '5', 'multiplierDown': '0.2', 'avgPriceMins': 5}, {'filterType': 'LOT_SIZE', 'minQty': '0.00100000', 'maxQty': '922327.00000000', 'stepSize': '0.00100000'}, {'filterType': 'MIN_NOTIONAL', 'minNotional': '1.00000000', 'applyToMarket': True, 'avgPriceMins': 5}, {'filterType': 'ICEBERG_PARTS', 'limit': 10}, {'filterType': 'MARKET_LOT_SIZE', 'minQty': '0.00000000', 'maxQty': '25.77948535', 'stepSize': '0.00000000'}, {'filterType': 'TRAILING_DELTA', 'minTrailingAboveDelta': 10, 'maxTrailingAboveDelta': 2000, 'minTrailingBelowDelta': 10, 'maxTrailingBelowDelta': 2000}, {'filterType': 'PERCENT_PRICE_BY_SIDE', 'bidMultiplierUp': '1.25', 'bidMultiplierDown': '0.2', 'askMultiplierUp': '5', 'askMultiplierDown': '0.75', 'avgPriceMins': 5}, {'filterType': 'MAX_NUM_ORDERS', 'maxNumOrders': 200}, {'filterType': 'MAX_NUM_ALGO_ORDERS', 'maxNumAlgoOrders': 5}]",['SPOT'],EXPIRE_MAKER,"['EXPIRE_TAKER', 'EXPIRE_MAKER', 'EXPIRE_BOTH']",0.01000000,0.01000000,100000.00000000,0.00100000,0.00100000,922327.00000000,1.00000000
320,QNTUSD4,BREAK,QNT,8,USD4,4,4,8,1,"['LIMIT', 'LIMIT_MAKER', 'MARKET', 'STOP_LOSS_LIMIT', 'TAKE_PROFIT_LIMIT']",True,True,True,True,True,True,False,"[{'filterType': 'PRICE_FILTER', 'minPrice': '0.1000', 'maxPrice': '100000.0000', 'tickSize': '0.1000'}, {'filterType': 'PERCENT_PRICE', 'multiplierUp': '5', 'multiplierDown': '0.2', 'avgPriceMins': 5}, {'filterType': 'LOT_SIZE', 'minQty': '0.00100000', 'maxQty': '922327.00000000', 'stepSize': '0.00100000'}, {'filterType': 'MIN_NOTIONAL', 'minNotional': '10.0000', 'applyToMarket': True, 'avgPriceMins': 5}, {'filterType': 'ICEBERG_PARTS', 'limit': 10}, {'filterType': 'MARKET_LOT_SIZE', 'minQty': '0.00000000', 'maxQty': '6389.58374712', 'stepSize': '0.00000000'}, {'filterType': 'TRAILING_DELTA', 'minTrailingAboveDelta': 10, 'maxTrailingAboveDelta': 2000, 'minTrailingBelowDelta': 10, 'maxTrailingBelowDelta': 2000}, {'filterType': 'MAX_NUM_ORDERS', 'maxNumOrders': 200}, {'filterType': 'MAX_NUM_ALGO_ORDERS', 'maxNumAlgoOrders': 5}]",['SPOT'],EXPIRE_MAKER,"['EXPIRE_TAKER', 'EXPIRE_MAKER', 'EXPIRE_BOTH']",0.1000,0.1000,100000.0000,0.00100000,0.00100000,922327.00000000,10.0000
321,STGUSDT,BREAK,STG,8,USDT,8,8,8,8,"['LIMIT', 'LIMIT_MAKER', 'MARKET', 'STOP_LOSS_LIMIT', 'TAKE_PROFIT_LIMIT']",True,True,True,True,True,True,False,"[{'filterType': 'PRICE_FILTER', 'minPrice': '0.00010000', 'maxPrice': '100.00000000', 'tickSize': '0.00010000'}, {'filterType': 'PERCENT_PRICE', 'multiplierUp': '5', 'multiplierDown': '0.2', 'avgPriceMins': 5}, {'filterType': 'LOT_SIZE', 'minQty': '0.10000000', 'maxQty': '913205152.00000000', 'stepSize': '0.10000000'}, {'filterType': 'MIN_NOTIONAL', 'minNotional': '1.00000000', 'applyToMarket': True, 'avgPriceMins': 5}, {'filterType': 'ICEBERG_PARTS', 'limit': 10}, {'filterType': 'MARKET_LOT_SIZE', 'minQty': '0.00000000', 'maxQty': '1457.55454545', 'stepSize': '0.00000000'}, {'filterType': 'TRAILING_DELTA', 'minTrailingAboveDelta': 10, 'maxTrailingAboveDelta': 2000, 'minTrailingBelowDelta': 10, 'maxTrailingBelowDelta': 2000}, {'filterType': 'PERCENT_PRICE_BY_SIDE', 'bidMultiplierUp': '1.25', 'bidMultiplierDown': '0.2', 'askMultiplierUp': '5', 'askMultiplierDown': '0.75', 'avgPriceMins': 5}, {'filterType': 'MAX_NUM_ORDERS', 'maxNumOrders': 200}, {'filterType': 'MAX_NUM_ALGO_ORDERS', 'maxNumAlgoOrders': 5}]",['SPOT'],EXPIRE_MAKER,"['EXPIRE_TAKER', 'EXPIRE_MAKER', 'EXPIRE_BOTH']",0.00010000,0.00010000,100.00000000,0.10000000,0.10000000,913205152.00000000,1.00000000
322,STGUSD4,BREAK,STG,8,USD4,4,4,8,4,"['LIMIT', 'LIMIT_MAKER', 'MARKET', 'STOP_LOSS_LIMIT', 'TAKE_PROFIT_LIMIT']",True,True,True,True,True,True,False,"[{'filterType': 'PRICE_FILTER', 'minPrice': '0.0001', 'maxPrice': '100.0000', 'tickSize': '0.0001'}, {'filterType': 'PERCENT_PRICE', 'multiplierUp': '5', 'multiplierDown': '0.2', 'avgPriceMins': 5}, {'filterType': 'LOT_SIZE', 'minQty': '0.10000000', 'maxQty': '913205152.00000000', 'stepSize': '0.10000000'}, {'filterType': 'MIN_NOTIONAL', 'minNotional': '10.0000', 'applyToMarket': True, 'avgPriceMins': 5}, {'filterType': 'ICEBERG_PARTS', 'limit': 10}, {'filterType': 'MARKET_LOT_SIZE', 'minQty': '0.00000000', 'maxQty': '260651.43672883', 'stepSize': '0.00000000'}, {'filterType': 'TRAILING_DELTA', 'minTrailingAboveDelta': 10, 'maxTrailingAboveDelta': 2000, 'minTrailingBelowDelta': 10, 'maxTrailingBelowDelta': 2000}, {'filterType': 'MAX_NUM_ORDERS', 'maxNumOrders': 200}, {'filterType': 'MAX_NUM_ALGO_ORDERS', 'maxNumAlgoOrders': 5}]",['SPOT'],EXPIRE_MAKER,"['EXPIRE_TAKER', 'EXPIRE_MAKER', 'EXPIRE_BOTH']",0.0001,0.0001,100.0000,0.10000000,0.10000000,913205152.00000000,10.0000
323,AXLUSDT,TRADING,AXL,8,USDT,8,8,8,8,"['LIMIT', 'LIMIT_MAKER', 'MARKET', 'STOP_LOSS_LIMIT', 'TAKE_PROFIT_LIMIT']",True,True,True,True,True,True,False,"[{'filterType': 'PRICE_FILTER', 'minPrice': '0.00100000', 'maxPrice': '10000.00000000', 'tickSize': '0.00100000'}, {'filterType': 'PERCENT_PRICE', 'multiplierUp': '5', 'multiplierDown': '0.2', 'avgPriceMins': 5}, {'filterType': 'LOT_SIZE', 'minQty': '0.10000000', 'maxQty': '922327.00000000', 'stepSize': '0.10000000'}, {'filterType': 'MIN_NOTIONAL', 'minNotional': '1.00000000', 'applyToMarket': True, 'avgPriceMins': 5}, {'filterType': 'ICEBERG_PARTS', 'limit': 10}, {'filterType': 'MARKET_LOT_SIZE', 'minQty': '0.00000000', 'maxQty': '1515.40000000', 'stepSize': '0.00000000'}, {'filterType': 'TRAILING_DELTA', 'minTrailingAboveDelta': 10, 'maxTrailingAboveDelta': 2000, 'minTrailingBelowDelta': 10, 'maxTrailingBelowDelta': 2000}, {'filterType': 'PERCENT_PRICE_BY_SIDE', 'bidMultiplierUp': '1.25', 'bidMultiplierDown': '0.2', 'askMultiplierUp': '5', 'askMultiplierDown': '0.75', 'avgPriceMins': 5}, {'filterType': 'MAX_NUM_ORDERS', 'maxNumOrders': 200}, {'filterType': 'MAX_NUM_ALGO_ORDERS', 'maxNumAlgoOrders': 5}]",['SPOT'],EXPIRE_MAKER,"['EXPIRE_TAKER', 'EXPIRE_MAKER', 'EXPIRE_BOTH']",0.00100000,0.00100000,10000.00000000,0.10000000,0.10000000,922327.00000000,1.00000000
324,AXLUSD4,BREAK,AXL,8,USD4,4,4,8,3,"['LIMIT', 'LIMIT_MAKER', 'MARKET', 'STOP_LOSS_LIMIT', 'TAKE_PROFIT_LIMIT']",True,True,True,True,True,True,False,"[{'filterType': 'PRICE_FILTER', 'minPrice': '0.0010', 'maxPrice': '10000.0000', 'tickSize': '0.0010'}, {'filterType': 'PERCENT_PRICE', 'multiplierUp': '5', 'multiplierDown': '0.2', 'avgPriceMins': 5}, {'filterType': 'LOT_SIZE', 'minQty': '0.10000000', 'maxQty': '922327.00000000', 'stepSize': '0.10000000'}, {'filterType': 'MIN_NOTIONAL', 'minNotional': '10.0000', 'applyToMarket': True, 'avgPriceMins': 5}, {'filterType': 'ICEBERG_PARTS', 'limit': 10}, {'filterType': 'MARKET_LOT_SIZE', 'minQty': '0.00000000', 'maxQty': '511719.87214644', 'stepSize': '0.00000000'}, {'filterType': 'TRAILING_DELTA', 'minTrailingAboveDelta': 10, 'maxTrailingAboveDelta': 2000, 'minTrailingBelowDelta': 10, 'maxTrailingBelowDelta': 2000}, {'filterType': 'MAX_NUM_ORDERS', 'maxNumOrders': 200}, {'filterType': 'MAX_NUM_ALGO_ORDERS', 'maxNumAlgoOrders': 5}]",['SPOT'],EXPIRE_MAKER,"['EXPIRE_TAKER', 'EXPIRE_MAKER', 'EXPIRE_BOTH']",0.0010,0.0010,10000.0000,0.10000000,0.10000000,922327.00000000,10.0000
325,KAVAUSDT,TRADING,KAVA,8,USDT,8,8,8,8,"['LIMIT', 'LIMIT_MAKER', 'MARKET', 'STOP_LOSS_LIMIT', 'TAKE_PROFIT_LIMIT']",True,True,True,True,True,True,False,"[{'filterType': 'PRICE_FILTER', 'minPrice': '0.00001000', 'maxPrice': '1000.00000000', 'tickSize': '0.00001000'}, {'filterType': 'PERCENT_PRICE', 'multiplierUp': '5', 'multiplierDown': '0.2', 'avgPriceMins': 5}, {'filterType': 'LOT_SIZE', 'minQty': '0.10000000', 'maxQty': '900000.00000000', 'stepSize': '0.10000000'}, {'filterType': 'MIN_NOTIONAL', 'minNotional': '1.00000000', 'applyToMarket': True, 'avgPriceMins': 5}, {'filterType': 'ICEBERG_PARTS', 'limit': 10}, {'filterType': 'MARKET_LOT_SIZE', 'minQty': '0.00000000', 'maxQty': '5531.30543933', 'stepSize': '0.00000000'}, {'filterType': 'TRAILING_DELTA', 'minTrailingAboveDelta': 10, 'maxTrailingAboveDelta': 2000, 'minTrailingBelowDelta': 10, 'maxTrailingBelowDelta': 2000}, {'filterType': 'PERCENT_PRICE_BY_SIDE', 'bidMultiplierUp': '1.25', 'bidMultiplierDown': '0.2', 'askMultiplierUp': '5', 'askMultiplierDown': '0.75', 'avgPriceMins': 5}, {'filterType': 'MAX_NUM_ORDERS', 'maxNumOrders': 200}, {'filterType': 'MAX_NUM_ALGO_ORDERS', 'maxNumAlgoOrders': 5}]",['SPOT'],EXPIRE_MAKER,"['EXPIRE_TAKER', 'EXPIRE_MAKER', 'EXPIRE_BOTH']",0.00001000,0.00001000,1000.00000000,0.10000000,0.10000000,900000.00000000,1.00000000
326,KAVAUSD4,BREAK,KAVA,8,USD4,4,4,8,3,"['LIMIT', 'LIMIT_MAKER', 'MARKET', 'STOP_LOSS_LIMIT', 'TAKE_PROFIT_LIMIT']",True,True,True,True,True,True,False,"[{'filterType': 'PRICE_FILTER', 'minPrice': '0.0010', 'maxPrice': '1000.0000', 'tickSize': '0.0010'}, {'filterType': 'PERCENT_PRICE', 'multiplierUp': '5', 'multiplierDown': '0.2', 'avgPriceMins': 5}, {'filterType': 'LOT_SIZE', 'minQty': '0.10000000', 'maxQty': '900000.00000000', 'stepSize': '0.10000000'}, {'filterType': 'MIN_NOTIONAL', 'minNotional': '10.0000', 'applyToMarket': True, 'avgPriceMins': 5}, {'filterType': 'ICEBERG_PARTS', 'limit': 10}, {'filterType': 'MARKET_LOT_SIZE', 'minQty': '0.00000000', 'maxQty': '103605.40152883', 'stepSize': '0.00000000'}, {'filterType': 'TRAILING_DELTA', 'minTrailingAboveDelta': 10, 'maxTrailingAboveDelta': 2000, 'minTrailingBelowDelta': 10, 'maxTrailingBelowDelta': 2000}, {'filterType': 'MAX_NUM_ORDERS', 'maxNumOrders': 200}, {'filterType': 'MAX_NUM_ALGO_ORDERS', 'maxNumAlgoOrders': 5}]",['SPOT'],EXPIRE_MAKER,"['EXPIRE_TAKER', 'EXPIRE_MAKER', 'EXPIRE_BOTH']",0.0010,0.0010,1000.0000,0.10000000,0.10000000,900000.00000000,10.0000
327,APTUSDT,TRADING,APT,8,USDT,8,8,8,8,"['LIMIT', 'LIMIT_MAKER', 'MARKET', 'STOP_LOSS_LIMIT', 'TAKE_PROFIT_LIMIT']",True,True,True,True,True,True,False,"[{'filterType': 'PRICE_FILTER', 'minPrice': '0.00100000', 'maxPrice': '1000.00000000', 'tickSize': '0.00100000'}, {'filterType': 'PERCENT_PRICE', 'multiplierUp': '5', 'multiplierDown': '0.2', 'avgPriceMins': 5}, {'filterType': 'LOT_SIZE', 'minQty': '0.01000000', 'maxQty': '92141578.00000000', 'stepSize': '0.01000000'}, {'filterType': 'MIN_NOTIONAL', 'minNotional': '1.00000000', 'applyToMarket': True, 'avgPriceMins': 5}, {'filterType': 'ICEBERG_PARTS', 'limit': 10}, {'filterType': 'MARKET_LOT_SIZE', 'minQty': '0.00000000', 'maxQty': '2518.46238493', 'stepSize': '0.00000000'}, {'filterType': 'TRAILING_DELTA', 'minTrailingAboveDelta': 10, 'maxTrailingAboveDelta': 2000, 'minTrailingBelowDelta': 10, 'maxTrailingBelowDelta': 2000}, {'filterType': 'PERCENT_PRICE_BY_SIDE', 'bidMultiplierUp': '1.25', 'bidMultiplierDown': '0.2', 'askMultiplierUp': '5', 'askMultiplierDown': '0.75', 'avgPriceMins': 5}, {'filterType': 'MAX_NUM_ORDERS', 'maxNumOrders': 200}, {'filterType': 'MAX_NUM_ALGO_ORDERS', 'maxNumAlgoOrders': 5}]",['SPOT'],EXPIRE_MAKER,"['EXPIRE_TAKER', 'EXPIRE_MAKER', 'EXPIRE_BOTH']",0.00100000,0.00100000,1000.00000000,0.01000000,0.01000000,92141578.00000000,1.00000000
328,APTUSD4,BREAK,APT,8,USD4,4,4,8,4,"['LIMIT', 'LIMIT_MAKER', 'MARKET', 'STOP_LOSS_LIMIT', 'TAKE_PROFIT_LIMIT']",True,True,True,True,True,True,False,"[{'filterType': 'PRICE_FILTER', 'minPrice': '0.0001', 'maxPrice': '1000.0000', 'tickSize': '0.0001'}, {'filterType': 'PERCENT_PRICE', 'multiplierUp': '5', 'multiplierDown': '0.2', 'avgPriceMins': 5}, {'filterType': 'LOT_SIZE', 'minQty': '0.01000000', 'maxQty': '92141578.00000000', 'stepSize': '0.01000000'}, {'filterType': 'MIN_NOTIONAL', 'minNotional': '10.0000', 'applyToMarket': True, 'avgPriceMins': 5}, {'filterType': 'ICEBERG_PARTS', 'limit': 10}, {'filterType': 'MARKET_LOT_SIZE', 'minQty': '0.00000000', 'maxQty': '131395.79943710', 'stepSize': '0.00000000'}, {'filterType': 'TRAILING_DELTA', 'minTrailingAboveDelta': 10, 'maxTrailingAboveDelta': 2000, 'minTrailingBelowDelta': 10, 'maxTrailingBelowDelta': 2000}, {'filterType': 'MAX_NUM_ORDERS', 'maxNumOrders': 200}, {'filterType': 'MAX_NUM_ALGO_ORDERS', 'maxNumAlgoOrders': 5}]",['SPOT'],EXPIRE_MAKER,"['EXPIRE_TAKER', 'EXPIRE_MAKER', 'EXPIRE_BOTH']",0.0001,0.0001,1000.0000,0.01000000,0.01000000,92141578.00000000,10.0000
329,MASKUSDT,TRADING,MASK,8,USDT,8,8,8,8,"['LIMIT', 'LIMIT_MAKER', 'MARKET', 'STOP_LOSS_LIMIT', 'TAKE_PROFIT_LIMIT']",True,True,True,True,True,True,False,"[{'filterType': 'PRICE_FILTER', 'minPrice': '0.00100000', 'maxPrice': '10000.00000000', 'tickSize': '0.00100000'}, {'filterType': 'PERCENT_PRICE', 'multiplierUp': '5', 'multiplierDown': '0.2', 'avgPriceMins': 5}, {'filterType': 'LOT_SIZE', 'minQty': '0.10000000', 'maxQty': '9222449.00000000', 'stepSize': '0.10000000'}, {'filterType': 'MIN_NOTIONAL', 'minNotional': '1.00000000', 'applyToMarket': True, 'avgPriceMins': 5}, {'filterType': 'ICEBERG_PARTS', 'limit': 10}, {'filterType': 'MARKET_LOT_SIZE', 'minQty': '0.00000000', 'maxQty': '117.69121338', 'stepSize': '0.00000000'}, {'filterType': 'TRAILING_DELTA', 'minTrailingAboveDelta': 10, 'maxTrailingAboveDelta': 2000, 'minTrailingBelowDelta': 10, 'maxTrailingBelowDelta': 2000}, {'filterType': 'PERCENT_PRICE_BY_SIDE', 'bidMultiplierUp': '1.25', 'bidMultiplierDown': '0.2', 'askMultiplierUp': '5', 'askMultiplierDown': '0.75', 'avgPriceMins': 5}, {'filterType': 'MAX_NUM_ORDERS', 'maxNumOrders': 200}, {'filterType': 'MAX_NUM_ALGO_ORDERS', 'maxNumAlgoOrders': 5}]",['SPOT'],EXPIRE_MAKER,"['EXPIRE_TAKER', 'EXPIRE_MAKER', 'EXPIRE_BOTH']",0.00100000,0.00100000,10000.00000000,0.10000000,0.10000000,9222449.00000000,1.00000000
330,MASKUSD4,BREAK,MASK,8,USD4,4,4,8,3,"['LIMIT', 'LIMIT_MAKER', 'MARKET', 'STOP_LOSS_LIMIT', 'TAKE_PROFIT_LIMIT']",True,True,True,True,True,True,False,"[{'filterType': 'PRICE_FILTER', 'minPrice': '0.0010', 'maxPrice': '10000.0000', 'tickSize': '0.0010'}, {'filterType': 'PERCENT_PRICE', 'multiplierUp': '5', 'multiplierDown': '0.2', 'avgPriceMins': 5}, {'filterType': 'LOT_SIZE', 'minQty': '0.10000000', 'maxQty': '9222449.00000000', 'stepSize': '0.10000000'}, {'filterType': 'MIN_NOTIONAL', 'minNotional': '10.0000', 'applyToMarket': True, 'avgPriceMins': 5}, {'filterType': 'ICEBERG_PARTS', 'limit': 10}, {'filterType': 'MARKET_LOT_SIZE', 'minQty': '0.00000000', 'maxQty': '146077.96750000', 'stepSize': '0.00000000'}, {'filterType': 'TRAILING_DELTA', 'minTrailingAboveDelta': 10, 'maxTrailingAboveDelta': 2000, 'minTrailingBelowDelta': 10, 'maxTrailingBelowDelta': 2000}, {'filterType': 'MAX_NUM_ORDERS', 'maxNumOrders': 200}, {'filterType': 'MAX_NUM_ALGO_ORDERS', 'maxNumAlgoOrders': 5}]",['SPOT'],EXPIRE_MAKER,"['EXPIRE_TAKER', 'EXPIRE_MAKER', 'EXPIRE_BOTH']",0.0010,0.0010,10000.0000,0.10000000,0.10000000,9222449.00000000,10.0000
331,BOSONUSDT,TRADING,BOSON,8,USDT,8,8,8,8,"['LIMIT', 'LIMIT_MAKER', 'MARKET', 'STOP_LOSS_LIMIT', 'TAKE_PROFIT_LIMIT']",True,True,True,True,True,True,False,"[{'filterType': 'PRICE_FILTER', 'minPrice': '0.00001000', 'maxPrice': '1000.00000000', 'tickSize': '0.00001000'}, {'filterType': 'PERCENT_PRICE', 'multiplierUp': '5', 'multiplierDown': '0.2', 'avgPriceMins': 5}, {'filterType': 'LOT_SIZE', 'minQty': '0.10000000', 'maxQty': '92141578.00000000', 'stepSize': '0.10000000'}, {'filterType': 'MIN_NOTIONAL', 'minNotional': '1.00000000', 'applyToMarket': True, 'avgPriceMins': 5}, {'filterType': 'ICEBERG_PARTS', 'limit': 10}, {'filterType': 'MARKET_LOT_SIZE', 'minQty': '0.00000000', 'maxQty': '1320.60000000', 'stepSize': '0.00000000'}, {'filterType': 'TRAILING_DELTA', 'minTrailingAboveDelta': 10, 'maxTrailingAboveDelta': 2000, 'minTrailingBelowDelta': 10, 'maxTrailingBelowDelta': 2000}, {'filterType': 'PERCENT_PRICE_BY_SIDE', 'bidMultiplierUp': '1.25', 'bidMultiplierDown': '0.2', 'askMultiplierUp': '5', 'askMultiplierDown': '0.75', 'avgPriceMins': 5}, {'filterType': 'MAX_NUM_ORDERS', 'maxNumOrders': 200}, {'filterType': 'MAX_NUM_ALGO_ORDERS', 'maxNumAlgoOrders': 5}]",['SPOT'],EXPIRE_MAKER,"['EXPIRE_TAKER', 'EXPIRE_MAKER', 'EXPIRE_BOTH']",0.00001000,0.00001000,1000.00000000,0.10000000,0.10000000,92141578.00000000,1.00000000
332,BOSONUSD4,BREAK,BOSON,8,USD4,4,4,8,4,"['LIMIT', 'LIMIT_MAKER', 'MARKET', 'STOP_LOSS_LIMIT', 'TAKE_PROFIT_LIMIT']",True,True,True,True,True,True,False,"[{'filterType': 'PRICE_FILTER', 'minPrice': '0.0001', 'maxPrice': '1000.0000', 'tickSize': '0.0001'}, {'filterType': 'PERCENT_PRICE', 'multiplierUp': '5', 'multiplierDown': '0.2', 'avgPriceMins': 5}, {'filterType': 'LOT_SIZE', 'minQty': '0.10000000', 'maxQty': '92141578.00000000', 'stepSize': '0.10000000'}, {'filterType': 'MIN_NOTIONAL', 'minNotional': '10.0000', 'applyToMarket': True, 'avgPriceMins': 5}, {'filterType': 'ICEBERG_PARTS', 'limit': 10}, {'filterType': 'MARKET_LOT_SIZE', 'minQty': '0.00000000', 'maxQty': '96324.33750000', 'stepSize': '0.00000000'}, {'filterType': 'TRAILING_DELTA', 'minTrailingAboveDelta': 10, 'maxTrailingAboveDelta': 2000, 'minTrailingBelowDelta': 10, 'maxTrailingBelowDelta': 2000}, {'filterType': 'MAX_NUM_ORDERS', 'maxNumOrders': 200}, {'filterType': 'MAX_NUM_ALGO_ORDERS', 'maxNumAlgoOrders': 5}]",['SPOT'],EXPIRE_MAKER,"['EXPIRE_TAKER', 'EXPIRE_MAKER', 'EXPIRE_BOTH']",0.0001,0.0001,1000.0000,0.10000000,0.10000000,92141578.00000000,10.0000
333,PONDUSDT,TRADING,POND,8,USDT,8,8,8,8,"['LIMIT', 'LIMIT_MAKER', 'MARKET', 'STOP_LOSS_LIMIT', 'TAKE_PROFIT_LIMIT']",True,True,True,True,True,True,False,"[{'filterType': 'PRICE_FILTER', 'minPrice': '0.00001000', 'maxPrice': '1000.00000000', 'tickSize': '0.00001000'}, {'filterType': 'PERCENT_PRICE', 'multiplierUp': '5', 'multiplierDown': '0.2', 'avgPriceMins': 5}, {'filterType': 'LOT_SIZE', 'minQty': '1.00000000', 'maxQty': '9222449.00000000', 'stepSize': '1.00000000'}, {'filterType': 'MIN_NOTIONAL', 'minNotional': '1.00000000', 'applyToMarket': True, 'avgPriceMins': 5}, {'filterType': 'ICEBERG_PARTS', 'limit': 10}, {'filterType': 'MARKET_LOT_SIZE', 'minQty': '0.00000000', 'maxQty': '96406.73640167', 'stepSize': '0.00000000'}, {'filterType': 'TRAILING_DELTA', 'minTrailingAboveDelta': 10, 'maxTrailingAboveDelta': 2000, 'minTrailingBelowDelta': 10, 'maxTrailingBelowDelta': 2000}, {'filterType': 'PERCENT_PRICE_BY_SIDE', 'bidMultiplierUp': '1.25', 'bidMultiplierDown': '0.2', 'askMultiplierUp': '5', 'askMultiplierDown': '0.75', 'avgPriceMins': 5}, {'filterType': 'MAX_NUM_ORDERS', 'maxNumOrders': 200}, {'filterType': 'MAX_NUM_ALGO_ORDERS', 'maxNumAlgoOrders': 5}]",['SPOT'],EXPIRE_MAKER,"['EXPIRE_TAKER', 'EXPIRE_MAKER', 'EXPIRE_BOTH']",0.00001000,0.00001000,1000.00000000,1.00000000,1.00000000,9222449.00000000,1.00000000
334,PONDUSD4,BREAK,POND,8,USD4,4,4,8,4,"['LIMIT', 'LIMIT_MAKER', 'MARKET', 'STOP_LOSS_LIMIT', 'TAKE_PROFIT_LIMIT']",True,True,True,True,True,True,False,"[{'filterType': 'PRICE_FILTER', 'minPrice': '0.0001', 'maxPrice': '1000.0000', 'tickSize': '0.0001'}, {'filterType': 'PERCENT_PRICE', 'multiplierUp': '5', 'multiplierDown': '0.2', 'avgPriceMins': 5}, {'filterType': 'LOT_SIZE', 'minQty': '0.01000000', 'maxQty': '9222449.00000000', 'stepSize': '0.01000000'}, {'filterType': 'MIN_NOTIONAL', 'minNotional': '10.0000', 'applyToMarket': True, 'avgPriceMins': 5}, {'filterType': 'ICEBERG_PARTS', 'limit': 10}, {'filterType': 'MARKET_LOT_SIZE', 'minQty': '0.00000000', 'maxQty': '9222449.00000000', 'stepSize': '0.00000000'}, {'filterType': 'TRAILING_DELTA', 'minTrailingAboveDelta': 10, 'maxTrailingAboveDelta': 2000, 'minTrailingBelowDelta': 10, 'maxTrailingBelowDelta': 2000}, {'filterType': 'MAX_NUM_ORDERS', 'maxNumOrders': 200}, {'filterType': 'MAX_NUM_ALGO_ORDERS', 'maxNumAlgoOrders': 5}]",['SPOT'],EXPIRE_MAKER,"['EXPIRE_TAKER', 'EXPIRE_MAKER', 'EXPIRE_BOTH']",0.0001,0.0001,1000.0000,0.01000000,0.01000000,9222449.00000000,10.0000
335,SOLUSDC,TRADING,SOL,8,USDC,8,8,8,8,"['LIMIT', 'LIMIT_MAKER', 'MARKET', 'STOP_LOSS_LIMIT', 'TAKE_PROFIT_LIMIT']",True,True,True,True,True,True,False,"[{'filterType': 'PRICE_FILTER', 'minPrice': '0.01000000', 'maxPrice': '10000.00000000', 'tickSize': '0.01000000'}, {'filterType': 'PERCENT_PRICE', 'multiplierUp': '5', 'multiplierDown': '0.2', 'avgPriceMins': 5}, {'filterType': 'LOT_SIZE', 'minQty': '0.00100000', 'maxQty': '90000.00000000', 'stepSize': '0.00100000'}, {'filterType': 'MIN_NOTIONAL', 'minNotional': '1.00000000', 'applyToMarket': True, 'avgPriceMins': 5}, {'filterType': 'ICEBERG_PARTS', 'limit': 10}, {'filterType': 'MARKET_LOT_SIZE', 'minQty': '0.00000000', 'maxQty': '159.41074058', 'stepSize': '0.00000000'}, {'filterType': 'TRAILING_DELTA', 'minTrailingAboveDelta': 10, 'maxTrailingAboveDelta': 2000, 'minTrailingBelowDelta': 10, 'maxTrailingBelowDelta': 2000}, {'filterType': 'PERCENT_PRICE_BY_SIDE', 'bidMultiplierUp': '1.25', 'bidMultiplierDown': '0.2', 'askMultiplierUp': '5', 'askMultiplierDown': '0.75', 'avgPriceMins': 5}, {'filterType': 'MAX_NUM_ORDERS', 'maxNumOrders': 200}, {'filterType': 'MAX_NUM_ALGO_ORDERS', 'maxNumAlgoOrders': 5}]",['SPOT'],EXPIRE_MAKER,"['EXPIRE_TAKER', 'EXPIRE_MAKER', 'EXPIRE_BOTH']",0.01000000,0.01000000,10000.00000000,0.00100000,0.00100000,90000.00000000,1.00000000
336,ADAUSDC,TRADING,ADA,8,USDC,8,8,8,8,"['LIMIT', 'LIMIT_MAKER', 'MARKET', 'STOP_LOSS_LIMIT', 'TAKE_PROFIT_LIMIT']",True,True,True,True,True,True,False,"[{'filterType': 'PRICE_FILTER', 'minPrice': '0.00010000', 'maxPrice': '1000.00000000', 'tickSize': '0.00010000'}, {'filterType': 'PERCENT_PRICE', 'multiplierUp': '5', 'multiplierDown': '0.2', 'avgPriceMins': 5}, {'filterType': 'LOT_SIZE', 'minQty': '0.10000000', 'maxQty': '900000.00000000', 'stepSize': '0.10000000'}, {'filterType': 'MIN_NOTIONAL', 'minNotional': '1.00000000', 'applyToMarket': True, 'avgPriceMins': 5}, {'filterType': 'ICEBERG_PARTS', 'limit': 10}, {'filterType': 'MARKET_LOT_SIZE', 'minQty': '0.00000000', 'maxQty': '4511.83347280', 'stepSize': '0.00000000'}, {'filterType': 'TRAILING_DELTA', 'minTrailingAboveDelta': 10, 'maxTrailingAboveDelta': 2000, 'minTrailingBelowDelta': 10, 'maxTrailingBelowDelta': 2000}, {'filterType': 'PERCENT_PRICE_BY_SIDE', 'bidMultiplierUp': '1.25', 'bidMultiplierDown': '0.2', 'askMultiplierUp': '5', 'askMultiplierDown': '0.75', 'avgPriceMins': 5}, {'filterType': 'MAX_NUM_ORDERS', 'maxNumOrders': 200}, {'filterType': 'MAX_NUM_ALGO_ORDERS', 'maxNumAlgoOrders': 5}]",['SPOT'],EXPIRE_MAKER,"['EXPIRE_TAKER', 'EXPIRE_MAKER', 'EXPIRE_BOTH']",0.00010000,0.00010000,1000.00000000,0.10000000,0.10000000,900000.00000000,1.00000000
337,MXCUSDT,BREAK,MXC,8,USDT,8,8,8,8,"['LIMIT', 'LIMIT_MAKER', 'MARKET', 'STOP_LOSS_LIMIT', 'TAKE_PROFIT_LIMIT']",True,True,True,True,True,True,False,"[{'filterType': 'PRICE_FILTER', 'minPrice': '0.00001000', 'maxPrice': '1000.00000000', 'tickSize': '0.00001000'}, {'filterType': 'PERCENT_PRICE', 'multiplierUp': '5', 'multiplierDown': '0.2', 'avgPriceMins': 5}, {'filterType': 'LOT_SIZE', 'minQty': '1.00000000', 'maxQty': '92141578.00000000', 'stepSize': '1.00000000'}, {'filterType': 'MIN_NOTIONAL', 'minNotional': '1.00000000', 'applyToMarket': True, 'avgPriceMins': 5}, {'filterType': 'ICEBERG_PARTS', 'limit': 10}, {'filterType': 'MARKET_LOT_SIZE', 'minQty': '0.00000000', 'maxQty': '425425.53571428', 'stepSize': '0.00000000'}, {'filterType': 'TRAILING_DELTA', 'minTrailingAboveDelta': 10, 'maxTrailingAboveDelta': 2000, 'minTrailingBelowDelta': 10, 'maxTrailingBelowDelta': 2000}, {'filterType': 'PERCENT_PRICE_BY_SIDE', 'bidMultiplierUp': '1.25', 'bidMultiplierDown': '0.2', 'askMultiplierUp': '5', 'askMultiplierDown': '0.75', 'avgPriceMins': 5}, {'filterType': 'MAX_NUM_ORDERS', 'maxNumOrders': 200}, {'filterType': 'MAX_NUM_ALGO_ORDERS', 'maxNumAlgoOrders': 5}]",['SPOT'],EXPIRE_MAKER,"['EXPIRE_TAKER', 'EXPIRE_MAKER', 'EXPIRE_BOTH']",0.00001000,0.00001000,1000.00000000,1.00000000,1.00000000,92141578.00000000,1.00000000
338,MXCUSD4,BREAK,MXC,8,USD4,4,4,8,4,"['LIMIT', 'LIMIT_MAKER', 'MARKET', 'STOP_LOSS_LIMIT', 'TAKE_PROFIT_LIMIT']",True,True,True,True,True,True,False,"[{'filterType': 'PRICE_FILTER', 'minPrice': '0.0001', 'maxPrice': '1000.0000', 'tickSize': '0.0001'}, {'filterType': 'PERCENT_PRICE', 'multiplierUp': '5', 'multiplierDown': '0.2', 'avgPriceMins': 5}, {'filterType': 'LOT_SIZE', 'minQty': '1.00000000', 'maxQty': '92141578.00000000', 'stepSize': '1.00000000'}, {'filterType': 'MIN_NOTIONAL', 'minNotional': '10.0000', 'applyToMarket': True, 'avgPriceMins': 5}, {'filterType': 'ICEBERG_PARTS', 'limit': 10}, {'filterType': 'MARKET_LOT_SIZE', 'minQty': '0.00000000', 'maxQty': '16852320.33958333', 'stepSize': '0.00000000'}, {'filterType': 'TRAILING_DELTA', 'minTrailingAboveDelta': 10, 'maxTrailingAboveDelta': 2000, 'minTrailingBelowDelta': 10, 'maxTrailingBelowDelta': 2000}, {'filterType': 'MAX_NUM_ORDERS', 'maxNumOrders': 200}, {'filterType': 'MAX_NUM_ALGO_ORDERS', 'maxNumAlgoOrders': 5}]",['SPOT'],EXPIRE_MAKER,"['EXPIRE_TAKER', 'EXPIRE_MAKER', 'EXPIRE_BOTH']",0.0001,0.0001,1000.0000,1.00000000,1.00000000,92141578.00000000,10.0000
339,JAMUSDT,BREAK,JAM,8,USDT,8,8,8,8,"['LIMIT', 'LIMIT_MAKER', 'MARKET', 'STOP_LOSS_LIMIT', 'TAKE_PROFIT_LIMIT']",True,True,True,True,True,True,False,"[{'filterType': 'PRICE_FILTER', 'minPrice': '0.00000100', 'maxPrice': '1000.00000000', 'tickSize': '0.00000100'}, {'filterType': 'PERCENT_PRICE', 'multiplierUp': '5', 'multiplierDown': '0.2', 'avgPriceMins': 5}, {'filterType': 'LOT_SIZE', 'minQty': '1.00000000', 'maxQty': '90000000.00000000', 'stepSize': '1.00000000'}, {'filterType': 'MIN_NOTIONAL', 'minNotional': '1.00000000', 'applyToMarket': True, 'avgPriceMins': 5}, {'filterType': 'ICEBERG_PARTS', 'limit': 10}, {'filterType': 'MARKET_LOT_SIZE', 'minQty': '0.00000000', 'maxQty': '16011513.73553719', 'stepSize': '0.00000000'}, {'filterType': 'TRAILING_DELTA', 'minTrailingAboveDelta': 10, 'maxTrailingAboveDelta': 2000, 'minTrailingBelowDelta': 10, 'maxTrailingBelowDelta': 2000}, {'filterType': 'PERCENT_PRICE_BY_SIDE', 'bidMultiplierUp': '1.25', 'bidMultiplierDown': '0.2', 'askMultiplierUp': '5', 'askMultiplierDown': '0.75', 'avgPriceMins': 5}, {'filterType': 'MAX_NUM_ORDERS', 'maxNumOrders': 200}, {'filterType': 'MAX_NUM_ALGO_ORDERS', 'maxNumAlgoOrders': 5}]",['SPOT'],EXPIRE_MAKER,"['EXPIRE_TAKER', 'EXPIRE_MAKER', 'EXPIRE_BOTH']",0.00000100,0.00000100,1000.00000000,1.00000000,1.00000000,90000000.00000000,1.00000000
340,JAMUSD4,BREAK,JAM,8,USD4,4,4,8,4,"['LIMIT', 'LIMIT_MAKER', 'MARKET', 'STOP_LOSS_LIMIT', 'TAKE_PROFIT_LIMIT']",True,True,True,True,True,True,False,"[{'filterType': 'PRICE_FILTER', 'minPrice': '0.0001', 'maxPrice': '1000.0000', 'tickSize': '0.0001'}, {'filterType': 'PERCENT_PRICE', 'multiplierUp': '5', 'multiplierDown': '0.2', 'avgPriceMins': 5}, {'filterType': 'LOT_SIZE', 'minQty': '1.00000000', 'maxQty': '90000000.00000000', 'stepSize': '1.00000000'}, {'filterType': 'MIN_NOTIONAL', 'minNotional': '10.0000', 'applyToMarket': True, 'avgPriceMins': 5}, {'filterType': 'ICEBERG_PARTS', 'limit': 10}, {'filterType': 'MARKET_LOT_SIZE', 'minQty': '0.00000000', 'maxQty': '67578970.50451702', 'stepSize': '0.00000000'}, {'filterType': 'TRAILING_DELTA', 'minTrailingAboveDelta': 10, 'maxTrailingAboveDelta': 2000, 'minTrailingBelowDelta': 10, 'maxTrailingBelowDelta': 2000}, {'filterType': 'MAX_NUM_ORDERS', 'maxNumOrders': 200}, {'filterType': 'MAX_NUM_ALGO_ORDERS', 'maxNumAlgoOrders': 5}]",['SPOT'],EXPIRE_MAKER,"['EXPIRE_TAKER', 'EXPIRE_MAKER', 'EXPIRE_BOTH']",0.0001,0.0001,1000.0000,1.00000000,1.00000000,90000000.00000000,10.0000
341,TRACUSDT,TRADING,TRAC,8,USDT,8,8,8,8,"['LIMIT', 'LIMIT_MAKER', 'MARKET', 'STOP_LOSS_LIMIT', 'TAKE_PROFIT_LIMIT']",True,True,True,True,True,True,False,"[{'filterType': 'PRICE_FILTER', 'minPrice': '0.00010000', 'maxPrice': '1000.00000000', 'tickSize': '0.00010000'}, {'filterType': 'PERCENT_PRICE', 'multiplierUp': '5', 'multiplierDown': '0.2', 'avgPriceMins': 5}, {'filterType': 'LOT_SIZE', 'minQty': '1.00000000', 'maxQty': '9000000.00000000', 'stepSize': '1.00000000'}, {'filterType': 'MIN_NOTIONAL', 'minNotional': '1.00000000', 'applyToMarket': True, 'avgPriceMins': 5}, {'filterType': 'ICEBERG_PARTS', 'limit': 10}, {'filterType': 'MARKET_LOT_SIZE', 'minQty': '0.00000000', 'maxQty': '875.27615062', 'stepSize': '0.00000000'}, {'filterType': 'TRAILING_DELTA', 'minTrailingAboveDelta': 10, 'maxTrailingAboveDelta': 2000, 'minTrailingBelowDelta': 10, 'maxTrailingBelowDelta': 2000}, {'filterType': 'PERCENT_PRICE_BY_SIDE', 'bidMultiplierUp': '1.25', 'bidMultiplierDown': '0.2', 'askMultiplierUp': '5', 'askMultiplierDown': '0.75', 'avgPriceMins': 5}, {'filterType': 'MAX_NUM_ORDERS', 'maxNumOrders': 200}, {'filterType': 'MAX_NUM_ALGO_ORDERS', 'maxNumAlgoOrders': 5}]",['SPOT'],EXPIRE_MAKER,"['EXPIRE_TAKER', 'EXPIRE_MAKER', 'EXPIRE_BOTH']",0.00010000,0.00010000,1000.00000000,1.00000000,1.00000000,9000000.00000000,1.00000000
342,PROMUSDT,TRADING,PROM,8,USDT,8,8,8,8,"['LIMIT', 'LIMIT_MAKER', 'MARKET', 'STOP_LOSS_LIMIT', 'TAKE_PROFIT_LIMIT']",True,True,True,True,True,True,False,"[{'filterType': 'PRICE_FILTER', 'minPrice': '0.00100000', 'maxPrice': '10000.00000000', 'tickSize': '0.00100000'}, {'filterType': 'PERCENT_PRICE', 'multiplierUp': '5', 'multiplierDown': '0.2', 'avgPriceMins': 5}, {'filterType': 'LOT_SIZE', 'minQty': '0.01000000', 'maxQty': '90000.00000000', 'stepSize': '0.01000000'}, {'filterType': 'MIN_NOTIONAL', 'minNotional': '1.00000000', 'applyToMarket': True, 'avgPriceMins': 5}, {'filterType': 'ICEBERG_PARTS', 'limit': 10}, {'filterType': 'MARKET_LOT_SIZE', 'minQty': '0.00000000', 'maxQty': '4.21000000', 'stepSize': '0.00000000'}, {'filterType': 'TRAILING_DELTA', 'minTrailingAboveDelta': 10, 'maxTrailingAboveDelta': 2000, 'minTrailingBelowDelta': 10, 'maxTrailingBelowDelta': 2000}, {'filterType': 'PERCENT_PRICE_BY_SIDE', 'bidMultiplierUp': '1.25', 'bidMultiplierDown': '0.2', 'askMultiplierUp': '5', 'askMultiplierDown': '0.75', 'avgPriceMins': 5}, {'filterType': 'MAX_NUM_ORDERS', 'maxNumOrders': 200}, {'filterType': 'MAX_NUM_ALGO_ORDERS', 'maxNumAlgoOrders': 5}]",['SPOT'],EXPIRE_MAKER,"['EXPIRE_TAKER', 'EXPIRE_MAKER', 'EXPIRE_BOTH']",0.00100000,0.00100000,10000.00000000,0.01000000,0.01000000,90000.00000000,1.00000000
343,PROMUSD4,BREAK,PROM,8,USD4,4,4,8,2,"['LIMIT', 'LIMIT_MAKER', 'MARKET', 'STOP_LOSS_LIMIT', 'TAKE_PROFIT_LIMIT']",True,True,True,True,True,True,False,"[{'filterType': 'PRICE_FILTER', 'minPrice': '0.0100', 'maxPrice': '10000.0000', 'tickSize': '0.0100'}, {'filterType': 'PERCENT_PRICE', 'multiplierUp': '5', 'multiplierDown': '0.2', 'avgPriceMins': 5}, {'filterType': 'LOT_SIZE', 'minQty': '0.01000000', 'maxQty': '90000.00000000', 'stepSize': '0.01000000'}, {'filterType': 'MIN_NOTIONAL', 'minNotional': '10.0000', 'applyToMarket': True, 'avgPriceMins': 5}, {'filterType': 'ICEBERG_PARTS', 'limit': 10}, {'filterType': 'MARKET_LOT_SIZE', 'minQty': '0.00000000', 'maxQty': '31980.27713690', 'stepSize': '0.00000000'}, {'filterType': 'TRAILING_DELTA', 'minTrailingAboveDelta': 10, 'maxTrailingAboveDelta': 2000, 'minTrailingBelowDelta': 10, 'maxTrailingBelowDelta': 2000}, {'filterType': 'MAX_NUM_ORDERS', 'maxNumOrders': 200}, {'filterType': 'MAX_NUM_ALGO_ORDERS', 'maxNumAlgoOrders': 5}]",['SPOT'],EXPIRE_MAKER,"['EXPIRE_TAKER', 'EXPIRE_MAKER', 'EXPIRE_BOTH']",0.0100,0.0100,10000.0000,0.01000000,0.01000000,90000.00000000,10.0000
344,DIAUSDT,TRADING,DIA,8,USDT,8,8,8,8,"['LIMIT', 'LIMIT_MAKER', 'MARKET', 'STOP_LOSS_LIMIT', 'TAKE_PROFIT_LIMIT']",True,True,True,True,True,True,False,"[{'filterType': 'PRICE_FILTER', 'minPrice': '0.00010000', 'maxPrice': '10000.00000000', 'tickSize': '0.00010000'}, {'filterType': 'PERCENT_PRICE', 'multiplierUp': '5', 'multiplierDown': '0.2', 'avgPriceMins': 5}, {'filterType': 'LOT_SIZE', 'minQty': '0.10000000', 'maxQty': '922327.00000000', 'stepSize': '0.10000000'}, {'filterType': 'MIN_NOTIONAL', 'minNotional': '1.00000000', 'applyToMarket': True, 'avgPriceMins': 5}, {'filterType': 'ICEBERG_PARTS', 'limit': 10}, {'filterType': 'MARKET_LOT_SIZE', 'minQty': '0.00000000', 'maxQty': '269.95983263', 'stepSize': '0.00000000'}, {'filterType': 'TRAILING_DELTA', 'minTrailingAboveDelta': 10, 'maxTrailingAboveDelta': 2000, 'minTrailingBelowDelta': 10, 'maxTrailingBelowDelta': 2000}, {'filterType': 'PERCENT_PRICE_BY_SIDE', 'bidMultiplierUp': '1.25', 'bidMultiplierDown': '0.2', 'askMultiplierUp': '5', 'askMultiplierDown': '0.75', 'avgPriceMins': 5}, {'filterType': 'MAX_NUM_ORDERS', 'maxNumOrders': 200}, {'filterType': 'MAX_NUM_ALGO_ORDERS', 'maxNumAlgoOrders': 5}]",['SPOT'],EXPIRE_MAKER,"['EXPIRE_TAKER', 'EXPIRE_MAKER', 'EXPIRE_BOTH']",0.00010000,0.00010000,10000.00000000,0.10000000,0.10000000,922327.00000000,1.00000000
345,DIAUSD4,BREAK,DIA,8,USD4,4,4,8,3,"['LIMIT', 'LIMIT_MAKER', 'MARKET', 'STOP_LOSS_LIMIT', 'TAKE_PROFIT_LIMIT']",True,True,True,True,True,True,False,"[{'filterType': 'PRICE_FILTER', 'minPrice': '0.0010', 'maxPrice': '10000.0000', 'tickSize': '0.0010'}, {'filterType': 'PERCENT_PRICE', 'multiplierUp': '5', 'multiplierDown': '0.2', 'avgPriceMins': 5}, {'filterType': 'LOT_SIZE', 'minQty': '0.10000000', 'maxQty': '922327.00000000', 'stepSize': '0.10000000'}, {'filterType': 'MIN_NOTIONAL', 'minNotional': '10.0000', 'applyToMarket': True, 'avgPriceMins': 5}, {'filterType': 'ICEBERG_PARTS', 'limit': 10}, {'filterType': 'MARKET_LOT_SIZE', 'minQty': '0.00000000', 'maxQty': '300013.60541666', 'stepSize': '0.00000000'}, {'filterType': 'TRAILING_DELTA', 'minTrailingAboveDelta': 10, 'maxTrailingAboveDelta': 2000, 'minTrailingBelowDelta': 10, 'maxTrailingBelowDelta': 2000}, {'filterType': 'MAX_NUM_ORDERS', 'maxNumOrders': 200}, {'filterType': 'MAX_NUM_ALGO_ORDERS', 'maxNumAlgoOrders': 5}]",['SPOT'],EXPIRE_MAKER,"['EXPIRE_TAKER', 'EXPIRE_MAKER', 'EXPIRE_BOTH']",0.0010,0.0010,10000.0000,0.10000000,0.10000000,922327.00000000,10.0000
346,BTCDAI,BREAK,BTC,8,DAI,8,8,8,8,"['LIMIT', 'LIMIT_MAKER', 'MARKET', 'STOP_LOSS_LIMIT', 'TAKE_PROFIT_LIMIT']",True,True,True,True,True,True,False,"[{'filterType': 'PRICE_FILTER', 'minPrice': '0.01000000', 'maxPrice': '1000000.00000000', 'tickSize': '0.01000000'}, {'filterType': 'PERCENT_PRICE', 'multiplierUp': '5', 'multiplierDown': '0.2', 'avgPriceMins': 5}, {'filterType': 'LOT_SIZE', 'minQty': '0.00001000', 'maxQty': '9000.00000000', 'stepSize': '0.00001000'}, {'filterType': 'MIN_NOTIONAL', 'minNotional': '1.00000000', 'applyToMarket': True, 'avgPriceMins': 5}, {'filterType': 'ICEBERG_PARTS', 'limit': 10}, {'filterType': 'MARKET_LOT_SIZE', 'minQty': '0.00000000', 'maxQty': '0.00094000', 'stepSize': '0.00000000'}, {'filterType': 'TRAILING_DELTA', 'minTrailingAboveDelta': 10, 'maxTrailingAboveDelta': 2000, 'minTrailingBelowDelta': 10, 'maxTrailingBelowDelta': 2000}, {'filterType': 'MAX_NUM_ORDERS', 'maxNumOrders': 200}, {'filterType': 'MAX_NUM_ALGO_ORDERS', 'maxNumAlgoOrders': 5}]",['SPOT'],EXPIRE_MAKER,"['EXPIRE_TAKER', 'EXPIRE_MAKER', 'EXPIRE_BOTH']",0.01000000,0.01000000,1000000.00000000,0.00001000,0.00001000,9000.00000000,1.00000000
347,ETHDAI,BREAK,ETH,8,DAI,8,8,8,8,"['LIMIT', 'LIMIT_MAKER', 'MARKET', 'STOP_LOSS_LIMIT', 'TAKE_PROFIT_LIMIT']",True,True,True,True,True,True,False,"[{'filterType': 'PRICE_FILTER', 'minPrice': '0.01000000', 'maxPrice': '100000.00000000', 'tickSize': '0.01000000'}, {'filterType': 'PERCENT_PRICE', 'multiplierUp': '5', 'multiplierDown': '0.2', 'avgPriceMins': 5}, {'filterType': 'LOT_SIZE', 'minQty': '0.00010000', 'maxQty': '90000.00000000', 'stepSize': '0.00010000'}, {'filterType': 'MIN_NOTIONAL', 'minNotional': '1.00000000', 'applyToMarket': True, 'avgPriceMins': 5}, {'filterType': 'ICEBERG_PARTS', 'limit': 10}, {'filterType': 'MARKET_LOT_SIZE', 'minQty': '0.00000000', 'maxQty': '0.01100000', 'stepSize': '0.00000000'}, {'filterType': 'TRAILING_DELTA', 'minTrailingAboveDelta': 10, 'maxTrailingAboveDelta': 2000, 'minTrailingBelowDelta': 10, 'maxTrailingBelowDelta': 2000}, {'filterType': 'MAX_NUM_ORDERS', 'maxNumOrders': 200}, {'filterType': 'MAX_NUM_ALGO_ORDERS', 'maxNumAlgoOrders': 5}]",['SPOT'],EXPIRE_MAKER,"['EXPIRE_TAKER', 'EXPIRE_MAKER', 'EXPIRE_BOTH']",0.01000000,0.01000000,100000.00000000,0.00010000,0.00010000,90000.00000000,1.00000000
348,ADAETH,BREAK,ADA,8,ETH,8,8,8,8,"['LIMIT', 'LIMIT_MAKER', 'MARKET', 'STOP_LOSS_LIMIT', 'TAKE_PROFIT_LIMIT']",True,True,True,True,True,True,False,"[{'filterType': 'PRICE_FILTER', 'minPrice': '0.00000010', 'maxPrice': '1000.00000000', 'tickSize': '0.00000010'}, {'filterType': 'PERCENT_PRICE', 'multiplierUp': '5', 'multiplierDown': '0.2', 'avgPriceMins': 5}, {'filterType': 'LOT_SIZE', 'minQty': '0.10000000', 'maxQty': '90000000.00000000', 'stepSize': '0.10000000'}, {'filterType': 'MIN_NOTIONAL', 'minNotional': '0.00500000', 'applyToMarket': True, 'avgPriceMins': 5}, {'filterType': 'ICEBERG_PARTS', 'limit': 10}, {'filterType': 'MARKET_LOT_SIZE', 'minQty': '0.00000000', 'maxQty': '7301.04832214', 'stepSize': '0.00000000'}, {'filterType': 'TRAILING_DELTA', 'minTrailingAboveDelta': 10, 'maxTrailingAboveDelta': 2000, 'minTrailingBelowDelta': 10, 'maxTrailingBelowDelta': 2000}, {'filterType': 'PERCENT_PRICE_BY_SIDE', 'bidMultiplierUp': '1.25', 'bidMultiplierDown': '0.2', 'askMultiplierUp': '5', 'askMultiplierDown': '0.75', 'avgPriceMins': 5}, {'filterType': 'MAX_NUM_ORDERS', 'maxNumOrders': 200}, {'filterType': 'MAX_NUM_ALGO_ORDERS', 'maxNumAlgoOrders': 5}]",['SPOT'],EXPIRE_MAKER,"['EXPIRE_TAKER', 'EXPIRE_MAKER', 'EXPIRE_BOTH']",0.00000010,0.00000010,1000.00000000,0.10000000,0.10000000,90000000.00000000,0.00500000
349,DOGEBTC,BREAK,DOGE,8,BTC,8,8,8,8,"['LIMIT', 'LIMIT_MAKER', 'MARKET', 'STOP_LOSS_LIMIT', 'TAKE_PROFIT_LIMIT']",True,True,True,True,True,True,False,"[{'filterType': 'PRICE_FILTER', 'minPrice': '0.00000001', 'maxPrice': '1000.00000000', 'tickSize': '0.00000001'}, {'filterType': 'PERCENT_PRICE', 'multiplierUp': '5', 'multiplierDown': '0.2', 'avgPriceMins': 5}, {'filterType': 'LOT_SIZE', 'minQty': '1.00000000', 'maxQty': '90000000.00000000', 'stepSize': '1.00000000'}, {'filterType': 'MIN_NOTIONAL', 'minNotional': '0.00010000', 'applyToMarket': True, 'avgPriceMins': 5}, {'filterType': 'ICEBERG_PARTS', 'limit': 10}, {'filterType': 'MARKET_LOT_SIZE', 'minQty': '0.00000000', 'maxQty': '54319.62416107', 'stepSize': '0.00000000'}, {'filterType': 'TRAILING_DELTA', 'minTrailingAboveDelta': 10, 'maxTrailingAboveDelta': 2000, 'minTrailingBelowDelta': 10, 'maxTrailingBelowDelta': 2000}, {'filterType': 'PERCENT_PRICE_BY_SIDE', 'bidMultiplierUp': '1.25', 'bidMultiplierDown': '0.2', 'askMultiplierUp': '5', 'askMultiplierDown': '0.75', 'avgPriceMins': 5}, {'filterType': 'MAX_NUM_ORDERS', 'maxNumOrders': 200}, {'filterType': 'MAX_NUM_ALGO_ORDERS', 'maxNumAlgoOrders': 5}]",['SPOT'],EXPIRE_MAKER,"['EXPIRE_TAKER', 'EXPIRE_MAKER', 'EXPIRE_BOTH']",0.00000001,0.00000001,1000.00000000,1.00000000,1.00000000,90000000.00000000,0.00010000
350,LOOMUSDT,BREAK,LOOM,8,USDT,8,8,8,8,"['LIMIT', 'LIMIT_MAKER', 'MARKET', 'STOP_LOSS_LIMIT', 'TAKE_PROFIT_LIMIT']",True,True,True,True,True,True,False,"[{'filterType': 'PRICE_FILTER', 'minPrice': '0.00001000', 'maxPrice': '1000.00000000', 'tickSize': '0.00001000'}, {'filterType': 'PERCENT_PRICE', 'multiplierUp': '5', 'multiplierDown': '0.2', 'avgPriceMins': 5}, {'filterType': 'LOT_SIZE', 'minQty': '1.00000000', 'maxQty': '92141578.00000000', 'stepSize': '1.00000000'}, {'filterType': 'MIN_NOTIONAL', 'minNotional': '1.00000000', 'applyToMarket': True, 'avgPriceMins': 5}, {'filterType': 'ICEBERG_PARTS', 'limit': 10}, {'filterType': 'MARKET_LOT_SIZE', 'minQty': '0.00000000', 'maxQty': '689635.00000000', 'stepSize': '0.00000000'}, {'filterType': 'TRAILING_DELTA', 'minTrailingAboveDelta': 10, 'maxTrailingAboveDelta': 2000, 'minTrailingBelowDelta': 10, 'maxTrailingBelowDelta': 2000}, {'filterType': 'PERCENT_PRICE_BY_SIDE', 'bidMultiplierUp': '1.25', 'bidMultiplierDown': '0.2', 'askMultiplierUp': '5', 'askMultiplierDown': '0.75', 'avgPriceMins': 5}, {'filterType': 'MAX_NUM_ORDERS', 'maxNumOrders': 200}, {'filterType': 'MAX_NUM_ALGO_ORDERS', 'maxNumAlgoOrders': 5}]",['SPOT'],EXPIRE_MAKER,"['EXPIRE_TAKER', 'EXPIRE_MAKER', 'EXPIRE_BOTH']",0.00001000,0.00001000,1000.00000000,1.00000000,1.00000000,92141578.00000000,1.00000000
351,LOOMUSD4,BREAK,LOOM,8,USD4,4,4,8,4,"['LIMIT', 'LIMIT_MAKER', 'MARKET', 'STOP_LOSS_LIMIT', 'TAKE_PROFIT_LIMIT']",True,True,True,True,True,True,False,"[{'filterType': 'PRICE_FILTER', 'minPrice': '0.0001', 'maxPrice': '1000.0000', 'tickSize': '0.0001'}, {'filterType': 'PERCENT_PRICE', 'multiplierUp': '5', 'multiplierDown': '0.2', 'avgPriceMins': 5}, {'filterType': 'LOT_SIZE', 'minQty': '1.00000000', 'maxQty': '92141578.00000000', 'stepSize': '1.00000000'}, {'filterType': 'MIN_NOTIONAL', 'minNotional': '10.0000', 'applyToMarket': True, 'avgPriceMins': 5}, {'filterType': 'ICEBERG_PARTS', 'limit': 10}, {'filterType': 'MARKET_LOT_SIZE', 'minQty': '0.00000000', 'maxQty': '1060513.60833333', 'stepSize': '0.00000000'}, {'filterType': 'TRAILING_DELTA', 'minTrailingAboveDelta': 10, 'maxTrailingAboveDelta': 2000, 'minTrailingBelowDelta': 10, 'maxTrailingBelowDelta': 2000}, {'filterType': 'MAX_NUM_ORDERS', 'maxNumOrders': 200}, {'filterType': 'MAX_NUM_ALGO_ORDERS', 'maxNumAlgoOrders': 5}]",['SPOT'],EXPIRE_MAKER,"['EXPIRE_TAKER', 'EXPIRE_MAKER', 'EXPIRE_BOTH']",0.0001,0.0001,1000.0000,1.00000000,1.00000000,92141578.00000000,10.0000
352,STMXUSDT,BREAK,STMX,8,USDT,8,8,8,8,"['LIMIT', 'LIMIT_MAKER', 'MARKET', 'STOP_LOSS_LIMIT', 'TAKE_PROFIT_LIMIT']",True,True,True,True,True,True,False,"[{'filterType': 'PRICE_FILTER', 'minPrice': '0.00000100', 'maxPrice': '1000.00000000', 'tickSize': '0.00000100'}, {'filterType': 'PERCENT_PRICE', 'multiplierUp': '5', 'multiplierDown': '0.2', 'avgPriceMins': 5}, {'filterType': 'LOT_SIZE', 'minQty': '1.00000000', 'maxQty': '92141578.00000000', 'stepSize': '1.00000000'}, {'filterType': 'MIN_NOTIONAL', 'minNotional': '1.00000000', 'applyToMarket': True, 'avgPriceMins': 5}, {'filterType': 'ICEBERG_PARTS', 'limit': 10}, {'filterType': 'MARKET_LOT_SIZE', 'minQty': '0.00000000', 'maxQty': '8683565.24793388', 'stepSize': '0.00000000'}, {'filterType': 'TRAILING_DELTA', 'minTrailingAboveDelta': 10, 'maxTrailingAboveDelta': 2000, 'minTrailingBelowDelta': 10, 'maxTrailingBelowDelta': 2000}, {'filterType': 'PERCENT_PRICE_BY_SIDE', 'bidMultiplierUp': '1.25', 'bidMultiplierDown': '0.2', 'askMultiplierUp': '5', 'askMultiplierDown': '0.75', 'avgPriceMins': 5}, {'filterType': 'MAX_NUM_ORDERS', 'maxNumOrders': 200}, {'filterType': 'MAX_NUM_ALGO_ORDERS', 'maxNumAlgoOrders': 5}]",['SPOT'],EXPIRE_MAKER,"['EXPIRE_TAKER', 'EXPIRE_MAKER', 'EXPIRE_BOTH']",0.00000100,0.00000100,1000.00000000,1.00000000,1.00000000,92141578.00000000,1.00000000
353,BTCUSD,TRADING,BTC,8,USD,8,8,8,8,"['LIMIT', 'LIMIT_MAKER', 'MARKET', 'STOP_LOSS_LIMIT', 'TAKE_PROFIT_LIMIT']",True,True,True,True,True,True,False,"[{'filterType': 'PRICE_FILTER', 'minPrice': '0.01000000', 'maxPrice': '1000000.00000000', 'tickSize': '0.01000000'}, {'filterType': 'PERCENT_PRICE', 'multiplierUp': '5', 'multiplierDown': '0.2', 'avgPriceMins': 5}, {'filterType': 'LOT_SIZE', 'minQty': '0.00001000', 'maxQty': '9000.00000000', 'stepSize': '0.00001000'}, {'filterType': 'MIN_NOTIONAL', 'minNotional': '1.00000000', 'applyToMarket': True, 'avgPriceMins': 5}, {'filterType': 'ICEBERG_PARTS', 'limit': 10}, {'filterType': 'MARKET_LOT_SIZE', 'minQty': '0.00000000', 'maxQty': '5.59095188', 'stepSize': '0.00000000'}, {'filterType': 'TRAILING_DELTA', 'minTrailingAboveDelta': 10, 'maxTrailingAboveDelta': 2000, 'minTrailingBelowDelta': 10, 'maxTrailingBelowDelta': 2000}, {'filterType': 'PERCENT_PRICE_BY_SIDE', 'bidMultiplierUp': '1.25', 'bidMultiplierDown': '0.2', 'askMultiplierUp': '5', 'askMultiplierDown': '0.75', 'avgPriceMins': 5}, {'filterType': 'MAX_NUM_ORDERS', 'maxNumOrders': 200}, {'filterType': 'MAX_NUM_ALGO_ORDERS', 'maxNumAlgoOrders': 5}]",['SPOT'],EXPIRE_MAKER,"['EXPIRE_TAKER', 'EXPIRE_MAKER', 'EXPIRE_BOTH']",0.01000000,0.01000000,1000000.00000000,0.00001000,0.00001000,9000.00000000,1.00000000
354,ETHUSD,TRADING,ETH,8,USD,8,8,8,8,"['LIMIT', 'LIMIT_MAKER', 'MARKET', 'STOP_LOSS_LIMIT', 'TAKE_PROFIT_LIMIT']",True,True,True,True,True,True,False,"[{'filterType': 'PRICE_FILTER', 'minPrice': '0.01000000', 'maxPrice': '1000000.00000000', 'tickSize': '0.01000000'}, {'filterType': 'PERCENT_PRICE', 'multiplierUp': '5', 'multiplierDown': '0.2', 'avgPriceMins': 5}, {'filterType': 'LOT_SIZE', 'minQty': '0.00010000', 'maxQty': '9000.00000000', 'stepSize': '0.00010000'}, {'filterType': 'MIN_NOTIONAL', 'minNotional': '1.00000000', 'applyToMarket': True, 'avgPriceMins': 5}, {'filterType': 'ICEBERG_PARTS', 'limit': 10}, {'filterType': 'MARKET_LOT_SIZE', 'minQty': '0.00000000', 'maxQty': '76.09802510', 'stepSize': '0.00000000'}, {'filterType': 'TRAILING_DELTA', 'minTrailingAboveDelta': 10, 'maxTrailingAboveDelta': 2000, 'minTrailingBelowDelta': 10, 'maxTrailingBelowDelta': 2000}, {'filterType': 'PERCENT_PRICE_BY_SIDE', 'bidMultiplierUp': '1.25', 'bidMultiplierDown': '0.2', 'askMultiplierUp': '5', 'askMultiplierDown': '0.75', 'avgPriceMins': 5}, {'filterType': 'MAX_NUM_ORDERS', 'maxNumOrders': 200}, {'filterType': 'MAX_NUM_ALGO_ORDERS', 'maxNumAlgoOrders': 5}]",['SPOT'],EXPIRE_MAKER,"['EXPIRE_TAKER', 'EXPIRE_MAKER', 'EXPIRE_BOTH']",0.01000000,0.01000000,1000000.00000000,0.00010000,0.00010000,9000.00000000,1.00000000
355,BCHUSD,TRADING,BCH,8,USD,8,8,8,8,"['LIMIT', 'LIMIT_MAKER', 'MARKET', 'STOP_LOSS_LIMIT', 'TAKE_PROFIT_LIMIT']",True,True,True,True,True,True,False,"[{'filterType': 'PRICE_FILTER', 'minPrice': '0.10000000', 'maxPrice': '100000.00000000', 'tickSize': '0.10000000'}, {'filterType': 'LOT_SIZE', 'minQty': '0.00100000', 'maxQty': '90000.00000000', 'stepSize': '0.00100000'}, {'filterType': 'MIN_NOTIONAL', 'minNotional': '1.00000000', 'applyToMarket': True, 'avgPriceMins': 5}, {'filterType': 'ICEBERG_PARTS', 'limit': 10}, {'filterType': 'MARKET_LOT_SIZE', 'minQty': '0.00000000', 'maxQty': '2.95005439', 'stepSize': '0.00000000'}, {'filterType': 'TRAILING_DELTA', 'minTrailingAboveDelta': 10, 'maxTrailingAboveDelta': 2000, 'minTrailingBelowDelta': 10, 'maxTrailingBelowDelta': 2000}, {'filterType': 'PERCENT_PRICE_BY_SIDE', 'bidMultiplierUp': '1.25', 'bidMultiplierDown': '0.2', 'askMultiplierUp': '5', 'askMultiplierDown': '0.75', 'avgPriceMins': 5}, {'filterType': 'MAX_NUM_ORDERS', 'maxNumOrders': 200}, {'filterType': 'MAX_NUM_ALGO_ORDERS', 'maxNumAlgoOrders': 5}]",['SPOT'],EXPIRE_MAKER,"['EXPIRE_TAKER', 'EXPIRE_MAKER', 'EXPIRE_BOTH']",0.10000000,0.10000000,100000.00000000,0.00100000,0.00100000,90000.00000000,1.00000000
356,LTCUSD,TRADING,LTC,8,USD,8,8,8,8,"['LIMIT', 'LIMIT_MAKER', 'MARKET', 'STOP_LOSS_LIMIT', 'TAKE_PROFIT_LIMIT']",True,True,True,True,True,True,False,"[{'filterType': 'PRICE_FILTER', 'minPrice': '0.01000000', 'maxPrice': '100000.00000000', 'tickSize': '0.01000000'}, {'filterType': 'LOT_SIZE', 'minQty': '0.00100000', 'maxQty': '90000.00000000', 'stepSize': '0.00100000'}, {'filterType': 'MIN_NOTIONAL', 'minNotional': '1.00000000', 'applyToMarket': True, 'avgPriceMins': 5}, {'filterType': 'ICEBERG_PARTS', 'limit': 10}, {'filterType': 'MARKET_LOT_SIZE', 'minQty': '0.00000000', 'maxQty': '56.25224267', 'stepSize': '0.00000000'}, {'filterType': 'TRAILING_DELTA', 'minTrailingAboveDelta': 10, 'maxTrailingAboveDelta': 2000, 'minTrailingBelowDelta': 10, 'maxTrailingBelowDelta': 2000}, {'filterType': 'PERCENT_PRICE_BY_SIDE', 'bidMultiplierUp': '1.25', 'bidMultiplierDown': '0.2', 'askMultiplierUp': '5', 'askMultiplierDown': '0.75', 'avgPriceMins': 5}, {'filterType': 'MAX_NUM_ORDERS', 'maxNumOrders': 200}, {'filterType': 'MAX_NUM_ALGO_ORDERS', 'maxNumAlgoOrders': 5}]",['SPOT'],EXPIRE_MAKER,"['EXPIRE_TAKER', 'EXPIRE_MAKER', 'EXPIRE_BOTH']",0.01000000,0.01000000,100000.00000000,0.00100000,0.00100000,90000.00000000,1.00000000
357,USDTUSD,TRADING,USDT,8,USD,8,8,8,8,"['LIMIT', 'LIMIT_MAKER', 'MARKET', 'STOP_LOSS_LIMIT', 'TAKE_PROFIT_LIMIT']",True,True,True,True,True,True,False,"[{'filterType': 'PRICE_FILTER', 'minPrice': '0.00010000', 'maxPrice': '1000.00000000', 'tickSize': '0.00010000'}, {'filterType': 'PERCENT_PRICE', 'multiplierUp': '5', 'multiplierDown': '0.2', 'avgPriceMins': 5}, {'filterType': 'LOT_SIZE', 'minQty': '1.00000000', 'maxQty': '15000000.00000000', 'stepSize': '1.00000000'}, {'filterType': 'MIN_NOTIONAL', 'minNotional': '1.00000000', 'applyToMarket': True, 'avgPriceMins': 5}, {'filterType': 'ICEBERG_PARTS', 'limit': 10}, {'filterType': 'MARKET_LOT_SIZE', 'minQty': '0.00000000', 'maxQty': '362130.72384937', 'stepSize': '0.00000000'}, {'filterType': 'TRAILING_DELTA', 'minTrailingAboveDelta': 10, 'maxTrailingAboveDelta': 2000, 'minTrailingBelowDelta': 10, 'maxTrailingBelowDelta': 2000}, {'filterType': 'PERCENT_PRICE_BY_SIDE', 'bidMultiplierUp': '1.05', 'bidMultiplierDown': '0.2', 'askMultiplierUp': '5', 'askMultiplierDown': '0.95', 'avgPriceMins': 5}, {'filterType': 'MAX_NUM_ORDERS', 'maxNumOrders': 200}, {'filterType': 'MAX_NUM_ALGO_ORDERS', 'maxNumAlgoOrders': 5}]",['SPOT'],EXPIRE_MAKER,"['EXPIRE_TAKER', 'EXPIRE_MAKER', 'EXPIRE_BOTH']",0.00010000,0.00010000,1000.00000000,1.00000000,1.00000000,15000000.00000000,1.00000000
358,BNBUSD,TRADING,BNB,8,USD,8,8,8,8,"['LIMIT', 'LIMIT_MAKER', 'MARKET', 'STOP_LOSS_LIMIT', 'TAKE_PROFIT_LIMIT']",True,True,True,True,True,True,False,"[{'filterType': 'PRICE_FILTER', 'minPrice': '0.01000000', 'maxPrice': '100000.00000000', 'tickSize': '0.01000000'}, {'filterType': 'PERCENT_PRICE', 'multiplierUp': '5', 'multiplierDown': '0.2', 'avgPriceMins': 5}, {'filterType': 'LOT_SIZE', 'minQty': '0.00100000', 'maxQty': '900000.00000000', 'stepSize': '0.00100000'}, {'filterType': 'MIN_NOTIONAL', 'minNotional': '1.00000000', 'applyToMarket': True, 'avgPriceMins': 5}, {'filterType': 'ICEBERG_PARTS', 'limit': 10}, {'filterType': 'MARKET_LOT_SIZE', 'minQty': '0.00000000', 'maxQty': '171.80100000', 'stepSize': '0.00000000'}, {'filterType': 'TRAILING_DELTA', 'minTrailingAboveDelta': 10, 'maxTrailingAboveDelta': 2000, 'minTrailingBelowDelta': 10, 'maxTrailingBelowDelta': 2000}, {'filterType': 'PERCENT_PRICE_BY_SIDE', 'bidMultiplierUp': '1.25', 'bidMultiplierDown': '0.2', 'askMultiplierUp': '5', 'askMultiplierDown': '0.75', 'avgPriceMins': 5}, {'filterType': 'MAX_NUM_ORDERS', 'maxNumOrders': 200}, {'filterType': 'MAX_NUM_ALGO_ORDERS', 'maxNumAlgoOrders': 5}]",['SPOT'],EXPIRE_MAKER,"['EXPIRE_TAKER', 'EXPIRE_MAKER', 'EXPIRE_BOTH']",0.01000000,0.01000000,100000.00000000,0.00100000,0.00100000,900000.00000000,1.00000000
359,ADAUSD,TRADING,ADA,8,USD,8,8,8,8,"['LIMIT', 'LIMIT_MAKER', 'MARKET', 'STOP_LOSS_LIMIT', 'TAKE_PROFIT_LIMIT']",True,True,True,True,True,True,False,"[{'filterType': 'PRICE_FILTER', 'minPrice': '0.00010000', 'maxPrice': '1000.00000000', 'tickSize': '0.00010000'}, {'filterType': 'PERCENT_PRICE', 'multiplierUp': '5', 'multiplierDown': '0.2', 'avgPriceMins': 5}, {'filterType': 'LOT_SIZE', 'minQty': '0.10000000', 'maxQty': '900000.00000000', 'stepSize': '0.10000000'}, {'filterType': 'MIN_NOTIONAL', 'minNotional': '1.00000000', 'applyToMarket': True, 'avgPriceMins': 5}, {'filterType': 'ICEBERG_PARTS', 'limit': 10}, {'filterType': 'MARKET_LOT_SIZE', 'minQty': '0.00000000', 'maxQty': '404126.97531380', 'stepSize': '0.00000000'}, {'filterType': 'TRAILING_DELTA', 'minTrailingAboveDelta': 10, 'maxTrailingAboveDelta': 2000, 'minTrailingBelowDelta': 10, 'maxTrailingBelowDelta': 2000}, {'filterType': 'PERCENT_PRICE_BY_SIDE', 'bidMultiplierUp': '1.25', 'bidMultiplierDown': '0.2', 'askMultiplierUp': '5', 'askMultiplierDown': '0.75', 'avgPriceMins': 5}, {'filterType': 'MAX_NUM_ORDERS', 'maxNumOrders': 200}, {'filterType': 'MAX_NUM_ALGO_ORDERS', 'maxNumAlgoOrders': 5}]",['SPOT'],EXPIRE_MAKER,"['EXPIRE_TAKER', 'EXPIRE_MAKER', 'EXPIRE_BOTH']",0.00010000,0.00010000,1000.00000000,0.10000000,0.10000000,900000.00000000,1.00000000
360,BATUSD,BREAK,BAT,8,USD,8,8,8,8,"['LIMIT', 'LIMIT_MAKER', 'MARKET', 'STOP_LOSS_LIMIT', 'TAKE_PROFIT_LIMIT']",True,True,True,True,True,True,False,"[{'filterType': 'PRICE_FILTER', 'minPrice': '0.00010000', 'maxPrice': '1000.00000000', 'tickSize': '0.00010000'}, {'filterType': 'PERCENT_PRICE', 'multiplierUp': '5', 'multiplierDown': '0.2', 'avgPriceMins': 5}, {'filterType': 'LOT_SIZE', 'minQty': '1.00000000', 'maxQty': '900000.00000000', 'stepSize': '1.00000000'}, {'filterType': 'MIN_NOTIONAL', 'minNotional': '1.00000000', 'applyToMarket': True, 'avgPriceMins': 5}, {'filterType': 'ICEBERG_PARTS', 'limit': 10}, {'filterType': 'MARKET_LOT_SIZE', 'minQty': '0.00000000', 'maxQty': '337996.54613542', 'stepSize': '0.00000000'}, {'filterType': 'TRAILING_DELTA', 'minTrailingAboveDelta': 10, 'maxTrailingAboveDelta': 2000, 'minTrailingBelowDelta': 10, 'maxTrailingBelowDelta': 2000}, {'filterType': 'MAX_NUM_ORDERS', 'maxNumOrders': 200}, {'filterType': 'MAX_NUM_ALGO_ORDERS', 'maxNumAlgoOrders': 5}]",['SPOT'],EXPIRE_MAKER,"['EXPIRE_TAKER', 'EXPIRE_MAKER', 'EXPIRE_BOTH']",0.00010000,0.00010000,1000.00000000,1.00000000,1.00000000,900000.00000000,1.00000000
361,ETCUSD,TRADING,ETC,8,USD,8,8,8,8,"['LIMIT', 'LIMIT_MAKER', 'MARKET', 'STOP_LOSS_LIMIT', 'TAKE_PROFIT_LIMIT']",True,True,True,True,True,True,False,"[{'filterType': 'PRICE_FILTER', 'minPrice': '0.01000000', 'maxPrice': '10000.00000000', 'tickSize': '0.01000000'}, {'filterType': 'LOT_SIZE', 'minQty': '0.01000000', 'maxQty': '90000.00000000', 'stepSize': '0.01000000'}, {'filterType': 'MIN_NOTIONAL', 'minNotional': '1.00000000', 'applyToMarket': True, 'avgPriceMins': 5}, {'filterType': 'ICEBERG_PARTS', 'limit': 10}, {'filterType': 'MARKET_LOT_SIZE', 'minQty': '0.00000000', 'maxQty': '123.03142259', 'stepSize': '0.00000000'}, {'filterType': 'TRAILING_DELTA', 'minTrailingAboveDelta': 10, 'maxTrailingAboveDelta': 2000, 'minTrailingBelowDelta': 10, 'maxTrailingBelowDelta': 2000}, {'filterType': 'PERCENT_PRICE_BY_SIDE', 'bidMultiplierUp': '1.25', 'bidMultiplierDown': '0.2', 'askMultiplierUp': '5', 'askMultiplierDown': '0.75', 'avgPriceMins': 5}, {'filterType': 'MAX_NUM_ORDERS', 'maxNumOrders': 200}, {'filterType': 'MAX_NUM_ALGO_ORDERS', 'maxNumAlgoOrders': 5}]",['SPOT'],EXPIRE_MAKER,"['EXPIRE_TAKER', 'EXPIRE_MAKER', 'EXPIRE_BOTH']",0.01000000,0.01000000,10000.00000000,0.01000000,0.01000000,90000.00000000,1.00000000
362,XLMUSD,TRADING,XLM,8,USD,8,8,8,8,"['LIMIT', 'LIMIT_MAKER', 'MARKET', 'STOP_LOSS_LIMIT', 'TAKE_PROFIT_LIMIT']",True,True,True,True,True,True,False,"[{'filterType': 'PRICE_FILTER', 'minPrice': '0.00010000', 'maxPrice': '1000.00000000', 'tickSize': '0.00010000'}, {'filterType': 'PERCENT_PRICE', 'multiplierUp': '5', 'multiplierDown': '0.2', 'avgPriceMins': 5}, {'filterType': 'LOT_SIZE', 'minQty': '1.00000000', 'maxQty': '9000000.00000000', 'stepSize': '1.00000000'}, {'filterType': 'MIN_NOTIONAL', 'minNotional': '1.00000000', 'applyToMarket': True, 'avgPriceMins': 5}, {'filterType': 'ICEBERG_PARTS', 'limit': 10}, {'filterType': 'MARKET_LOT_SIZE', 'minQty': '0.00000000', 'maxQty': '142625.21338912', 'stepSize': '0.00000000'}, {'filterType': 'TRAILING_DELTA', 'minTrailingAboveDelta': 10, 'maxTrailingAboveDelta': 2000, 'minTrailingBelowDelta': 10, 'maxTrailingBelowDelta': 2000}, {'filterType': 'PERCENT_PRICE_BY_SIDE', 'bidMultiplierUp': '1.25', 'bidMultiplierDown': '0.2', 'askMultiplierUp': '5', 'askMultiplierDown': '0.75', 'avgPriceMins': 5}, {'filterType': 'MAX_NUM_ORDERS', 'maxNumOrders': 200}, {'filterType': 'MAX_NUM_ALGO_ORDERS', 'maxNumAlgoOrders': 5}]",['SPOT'],EXPIRE_MAKER,"['EXPIRE_TAKER', 'EXPIRE_MAKER', 'EXPIRE_BOTH']",0.00010000,0.00010000,1000.00000000,1.00000000,1.00000000,9000000.00000000,1.00000000
363,ZRXUSD,BREAK,ZRX,8,USD,8,8,8,8,"['LIMIT', 'LIMIT_MAKER', 'MARKET', 'STOP_LOSS_LIMIT', 'TAKE_PROFIT_LIMIT']",True,True,True,True,True,True,False,"[{'filterType': 'PRICE_FILTER', 'minPrice': '0.00010000', 'maxPrice': '1000.00000000', 'tickSize': '0.00010000'}, {'filterType': 'PERCENT_PRICE', 'multiplierUp': '5', 'multiplierDown': '0.2', 'avgPriceMins': 5}, {'filterType': 'LOT_SIZE', 'minQty': '1.00000000', 'maxQty': '900000.00000000', 'stepSize': '1.00000000'}, {'filterType': 'MIN_NOTIONAL', 'minNotional': '1.00000000', 'applyToMarket': True, 'avgPriceMins': 5}, {'filterType': 'ICEBERG_PARTS', 'limit': 10}, {'filterType': 'MARKET_LOT_SIZE', 'minQty': '0.00000000', 'maxQty': '231944.61956597', 'stepSize': '0.00000000'}, {'filterType': 'TRAILING_DELTA', 'minTrailingAboveDelta': 10, 'maxTrailingAboveDelta': 2000, 'minTrailingBelowDelta': 10, 'maxTrailingBelowDelta': 2000}, {'filterType': 'MAX_NUM_ORDERS', 'maxNumOrders': 200}, {'filterType': 'MAX_NUM_ALGO_ORDERS', 'maxNumAlgoOrders': 5}]",['SPOT'],EXPIRE_MAKER,"['EXPIRE_TAKER', 'EXPIRE_MAKER', 'EXPIRE_BOTH']",0.00010000,0.00010000,1000.00000000,1.00000000,1.00000000,900000.00000000,1.00000000
364,LINKUSD,TRADING,LINK,8,USD,8,8,8,8,"['LIMIT', 'LIMIT_MAKER', 'MARKET', 'STOP_LOSS_LIMIT', 'TAKE_PROFIT_LIMIT']",True,True,True,True,True,True,False,"[{'filterType': 'PRICE_FILTER', 'minPrice': '0.01000000', 'maxPrice': '10000.00000000', 'tickSize': '0.01000000'}, {'filterType': 'LOT_SIZE', 'minQty': '0.01000000', 'maxQty': '90000.00000000', 'stepSize': '0.01000000'}, {'filterType': 'MIN_NOTIONAL', 'minNotional': '1.00000000', 'applyToMarket': True, 'avgPriceMins': 5}, {'filterType': 'ICEBERG_PARTS', 'limit': 10}, {'filterType': 'MARKET_LOT_SIZE', 'minQty': '0.00000000', 'maxQty': '6097.76117154', 'stepSize': '0.00000000'}, {'filterType': 'TRAILING_DELTA', 'minTrailingAboveDelta': 10, 'maxTrailingAboveDelta': 2000, 'minTrailingBelowDelta': 10, 'maxTrailingBelowDelta': 2000}, {'filterType': 'PERCENT_PRICE_BY_SIDE', 'bidMultiplierUp': '1.25', 'bidMultiplierDown': '0.2', 'askMultiplierUp': '5', 'askMultiplierDown': '0.75', 'avgPriceMins': 5}, {'filterType': 'MAX_NUM_ORDERS', 'maxNumOrders': 200}, {'filterType': 'MAX_NUM_ALGO_ORDERS', 'maxNumAlgoOrders': 5}]",['SPOT'],EXPIRE_MAKER,"['EXPIRE_TAKER', 'EXPIRE_MAKER', 'EXPIRE_BOTH']",0.01000000,0.01000000,10000.00000000,0.01000000,0.01000000,90000.00000000,1.00000000
365,RVNUSD,TRADING,RVN,8,USD,8,8,8,8,"['LIMIT', 'LIMIT_MAKER', 'MARKET', 'STOP_LOSS_LIMIT', 'TAKE_PROFIT_LIMIT']",True,True,True,True,True,True,False,"[{'filterType': 'PRICE_FILTER', 'minPrice': '0.00001000', 'maxPrice': '1000.00000000', 'tickSize': '0.00001000'}, {'filterType': 'LOT_SIZE', 'minQty': '0.10000000', 'maxQty': '9000000.00000000', 'stepSize': '0.10000000'}, {'filterType': 'MIN_NOTIONAL', 'minNotional': '1.00000000', 'applyToMarket': True, 'avgPriceMins': 5}, {'filterType': 'ICEBERG_PARTS', 'limit': 10}, {'filterType': 'MARKET_LOT_SIZE', 'minQty': '0.00000000', 'maxQty': '290942.71464435', 'stepSize': '0.00000000'}, {'filterType': 'TRAILING_DELTA', 'minTrailingAboveDelta': 10, 'maxTrailingAboveDelta': 2000, 'minTrailingBelowDelta': 10, 'maxTrailingBelowDelta': 2000}, {'filterType': 'PERCENT_PRICE_BY_SIDE', 'bidMultiplierUp': '1.25', 'bidMultiplierDown': '0.2', 'askMultiplierUp': '5', 'askMultiplierDown': '0.75', 'avgPriceMins': 5}, {'filterType': 'MAX_NUM_ORDERS', 'maxNumOrders': 200}, {'filterType': 'MAX_NUM_ALGO_ORDERS', 'maxNumAlgoOrders': 5}]",['SPOT'],EXPIRE_MAKER,"['EXPIRE_TAKER', 'EXPIRE_MAKER', 'EXPIRE_BOTH']",0.00001000,0.00001000,1000.00000000,0.10000000,0.10000000,9000000.00000000,1.00000000
366,DASHUSD,BREAK,DASH,8,USD,8,8,8,8,"['LIMIT', 'LIMIT_MAKER', 'MARKET', 'STOP_LOSS_LIMIT', 'TAKE_PROFIT_LIMIT']",True,True,True,True,True,True,False,"[{'filterType': 'PRICE_FILTER', 'minPrice': '0.01000000', 'maxPrice': '100000.00000000', 'tickSize': '0.01000000'}, {'filterType': 'PERCENT_PRICE', 'multiplierUp': '5', 'multiplierDown': '0.2', 'avgPriceMins': 5}, {'filterType': 'LOT_SIZE', 'minQty': '0.00001000', 'maxQty': '900000.00000000', 'stepSize': '0.00001000'}, {'filterType': 'MIN_NOTIONAL', 'minNotional': '1.00000000', 'applyToMarket': True, 'avgPriceMins': 5}, {'filterType': 'ICEBERG_PARTS', 'limit': 10}, {'filterType': 'MARKET_LOT_SIZE', 'minQty': '0.00000000', 'maxQty': '1187.00316815', 'stepSize': '0.00000000'}, {'filterType': 'TRAILING_DELTA', 'minTrailingAboveDelta': 10, 'maxTrailingAboveDelta': 2000, 'minTrailingBelowDelta': 10, 'maxTrailingBelowDelta': 2000}, {'filterType': 'MAX_NUM_ORDERS', 'maxNumOrders': 200}, {'filterType': 'MAX_NUM_ALGO_ORDERS', 'maxNumAlgoOrders': 5}]",['SPOT'],EXPIRE_MAKER,"['EXPIRE_TAKER', 'EXPIRE_MAKER', 'EXPIRE_BOTH']",0.01000000,0.01000000,100000.00000000,0.00001000,0.00001000,900000.00000000,1.00000000
367,ZECUSD,BREAK,ZEC,8,USD,8,8,8,8,"['LIMIT', 'LIMIT_MAKER', 'MARKET', 'STOP_LOSS_LIMIT', 'TAKE_PROFIT_LIMIT']",True,True,True,True,True,True,False,"[{'filterType': 'PRICE_FILTER', 'minPrice': '0.10000000', 'maxPrice': '100000.00000000', 'tickSize': '0.10000000'}, {'filterType': 'PERCENT_PRICE', 'multiplierUp': '5', 'multiplierDown': '0.2', 'avgPriceMins': 5}, {'filterType': 'LOT_SIZE', 'minQty': '0.00100000', 'maxQty': '900000.00000000', 'stepSize': '0.00100000'}, {'filterType': 'MIN_NOTIONAL', 'minNotional': '1.00000000', 'applyToMarket': True, 'avgPriceMins': 5}, {'filterType': 'ICEBERG_PARTS', 'limit': 10}, {'filterType': 'MARKET_LOT_SIZE', 'minQty': '0.00000000', 'maxQty': '3010.12044466', 'stepSize': '0.00000000'}, {'filterType': 'TRAILING_DELTA', 'minTrailingAboveDelta': 10, 'maxTrailingAboveDelta': 2000, 'minTrailingBelowDelta': 10, 'maxTrailingBelowDelta': 2000}, {'filterType': 'MAX_NUM_ORDERS', 'maxNumOrders': 200}, {'filterType': 'MAX_NUM_ALGO_ORDERS', 'maxNumAlgoOrders': 5}]",['SPOT'],EXPIRE_MAKER,"['EXPIRE_TAKER', 'EXPIRE_MAKER', 'EXPIRE_BOTH']",0.10000000,0.10000000,100000.00000000,0.00100000,0.00100000,900000.00000000,1.00000000
368,ALGOUSD,TRADING,ALGO,8,USD,8,8,8,8,"['LIMIT', 'LIMIT_MAKER', 'MARKET', 'STOP_LOSS_LIMIT', 'TAKE_PROFIT_LIMIT']",True,True,True,True,True,True,False,"[{'filterType': 'PRICE_FILTER', 'minPrice': '0.00010000', 'maxPrice': '100000.00000000', 'tickSize': '0.00010000'}, {'filterType': 'LOT_SIZE', 'minQty': '1.00000000', 'maxQty': '922327.00000000', 'stepSize': '1.00000000'}, {'filterType': 'MIN_NOTIONAL', 'minNotional': '1.00000000', 'applyToMarket': True, 'avgPriceMins': 5}, {'filterType': 'ICEBERG_PARTS', 'limit': 10}, {'filterType': 'MARKET_LOT_SIZE', 'minQty': '0.00000000', 'maxQty': '12797.83263598', 'stepSize': '0.00000000'}, {'filterType': 'TRAILING_DELTA', 'minTrailingAboveDelta': 10, 'maxTrailingAboveDelta': 2000, 'minTrailingBelowDelta': 10, 'maxTrailingBelowDelta': 2000}, {'filterType': 'PERCENT_PRICE_BY_SIDE', 'bidMultiplierUp': '1.25', 'bidMultiplierDown': '0.2', 'askMultiplierUp': '5', 'askMultiplierDown': '0.75', 'avgPriceMins': 5}, {'filterType': 'MAX_NUM_ORDERS', 'maxNumOrders': 200}, {'filterType': 'MAX_NUM_ALGO_ORDERS', 'maxNumAlgoOrders': 5}]",['SPOT'],EXPIRE_MAKER,"['EXPIRE_TAKER', 'EXPIRE_MAKER', 'EXPIRE_BOTH']",0.00010000,0.00010000,100000.00000000,1.00000000,1.00000000,922327.00000000,1.00000000
369,IOTAUSD,TRADING,IOTA,8,USD,8,8,8,8,"['LIMIT', 'LIMIT_MAKER', 'MARKET', 'STOP_LOSS_LIMIT', 'TAKE_PROFIT_LIMIT']",True,True,True,True,True,True,False,"[{'filterType': 'PRICE_FILTER', 'minPrice': '0.00010000', 'maxPrice': '1000.00000000', 'tickSize': '0.00010000'}, {'filterType': 'LOT_SIZE', 'minQty': '1.00000000', 'maxQty': '900000.00000000', 'stepSize': '1.00000000'}, {'filterType': 'MIN_NOTIONAL', 'minNotional': '1.00000000', 'applyToMarket': True, 'avgPriceMins': 5}, {'filterType': 'ICEBERG_PARTS', 'limit': 10}, {'filterType': 'MARKET_LOT_SIZE', 'minQty': '0.00000000', 'maxQty': '9338.03765690', 'stepSize': '0.00000000'}, {'filterType': 'TRAILING_DELTA', 'minTrailingAboveDelta': 10, 'maxTrailingAboveDelta': 2000, 'minTrailingBelowDelta': 10, 'maxTrailingBelowDelta': 2000}, {'filterType': 'PERCENT_PRICE_BY_SIDE', 'bidMultiplierUp': '1.25', 'bidMultiplierDown': '0.2', 'askMultiplierUp': '5', 'askMultiplierDown': '0.75', 'avgPriceMins': 5}, {'filterType': 'MAX_NUM_ORDERS', 'maxNumOrders': 200}, {'filterType': 'MAX_NUM_ALGO_ORDERS', 'maxNumAlgoOrders': 5}]",['SPOT'],EXPIRE_MAKER,"['EXPIRE_TAKER', 'EXPIRE_MAKER', 'EXPIRE_BOTH']",0.00010000,0.00010000,1000.00000000,1.00000000,1.00000000,900000.00000000,1.00000000
370,BUSDUSD,BREAK,BUSD,8,USD,8,8,8,8,"['LIMIT', 'LIMIT_MAKER', 'MARKET', 'STOP_LOSS_LIMIT', 'TAKE_PROFIT_LIMIT']",True,True,True,True,True,True,False,"[{'filterType': 'PRICE_FILTER', 'minPrice': '0.00010000', 'maxPrice': '1000.00000000', 'tickSize': '0.00010000'}, {'filterType': 'PERCENT_PRICE', 'multiplierUp': '5', 'multiplierDown': '0.2', 'avgPriceMins': 5}, {'filterType': 'LOT_SIZE', 'minQty': '1.00000000', 'maxQty': '15000000.00000000', 'stepSize': '1.00000000'}, {'filterType': 'MIN_NOTIONAL', 'minNotional': '1.00000000', 'applyToMarket': True, 'avgPriceMins': 5}, {'filterType': 'ICEBERG_PARTS', 'limit': 10}, {'filterType': 'MARKET_LOT_SIZE', 'minQty': '0.00000000', 'maxQty': '4652432.40762500', 'stepSize': '0.00000000'}, {'filterType': 'TRAILING_DELTA', 'minTrailingAboveDelta': 10, 'maxTrailingAboveDelta': 2000, 'minTrailingBelowDelta': 10, 'maxTrailingBelowDelta': 2000}, {'filterType': 'MAX_NUM_ORDERS', 'maxNumOrders': 200}, {'filterType': 'MAX_NUM_ALGO_ORDERS', 'maxNumAlgoOrders': 5}]",['SPOT'],EXPIRE_MAKER,"['EXPIRE_TAKER', 'EXPIRE_MAKER', 'EXPIRE_BOTH']",0.00010000,0.00010000,1000.00000000,1.00000000,1.00000000,15000000.00000000,1.00000000
371,WAVESUSD,BREAK,WAVES,8,USD,8,8,8,8,"['LIMIT', 'LIMIT_MAKER', 'MARKET', 'STOP_LOSS_LIMIT', 'TAKE_PROFIT_LIMIT']",True,True,True,True,True,True,False,"[{'filterType': 'PRICE_FILTER', 'minPrice': '0.00100000', 'maxPrice': '10000.00000000', 'tickSize': '0.00100000'}, {'filterType': 'PERCENT_PRICE', 'multiplierUp': '5', 'multiplierDown': '0.2', 'avgPriceMins': 5}, {'filterType': 'LOT_SIZE', 'minQty': '0.01000000', 'maxQty': '90000.00000000', 'stepSize': '0.01000000'}, {'filterType': 'MIN_NOTIONAL', 'minNotional': '1.00000000', 'applyToMarket': True, 'avgPriceMins': 5}, {'filterType': 'ICEBERG_PARTS', 'limit': 10}, {'filterType': 'MARKET_LOT_SIZE', 'minQty': '0.00000000', 'maxQty': '13445.78859375', 'stepSize': '0.00000000'}, {'filterType': 'TRAILING_DELTA', 'minTrailingAboveDelta': 10, 'maxTrailingAboveDelta': 2000, 'minTrailingBelowDelta': 10, 'maxTrailingBelowDelta': 2000}, {'filterType': 'MAX_NUM_ORDERS', 'maxNumOrders': 200}, {'filterType': 'MAX_NUM_ALGO_ORDERS', 'maxNumAlgoOrders': 5}]",['SPOT'],EXPIRE_MAKER,"['EXPIRE_TAKER', 'EXPIRE_MAKER', 'EXPIRE_BOTH']",0.00100000,0.00100000,10000.00000000,0.01000000,0.01000000,90000.00000000,1.00000000
372,ATOMUSD,TRADING,ATOM,8,USD,8,8,8,8,"['LIMIT', 'LIMIT_MAKER', 'MARKET', 'STOP_LOSS_LIMIT', 'TAKE_PROFIT_LIMIT']",True,True,True,True,True,True,False,"[{'filterType': 'PRICE_FILTER', 'minPrice': '0.00100000', 'maxPrice': '10000.00000000', 'tickSize': '0.00100000'}, {'filterType': 'LOT_SIZE', 'minQty': '0.01000000', 'maxQty': '90000.00000000', 'stepSize': '0.01000000'}, {'filterType': 'MIN_NOTIONAL', 'minNotional': '1.00000000', 'applyToMarket': True, 'avgPriceMins': 5}, {'filterType': 'ICEBERG_PARTS', 'limit': 10}, {'filterType': 'MARKET_LOT_SIZE', 'minQty': '0.00000000', 'maxQty': '819.40543933', 'stepSize': '0.00000000'}, {'filterType': 'TRAILING_DELTA', 'minTrailingAboveDelta': 10, 'maxTrailingAboveDelta': 2000, 'minTrailingBelowDelta': 10, 'maxTrailingBelowDelta': 2000}, {'filterType': 'PERCENT_PRICE_BY_SIDE', 'bidMultiplierUp': '1.25', 'bidMultiplierDown': '0.2', 'askMultiplierUp': '5', 'askMultiplierDown': '0.75', 'avgPriceMins': 5}, {'filterType': 'MAX_NUM_ORDERS', 'maxNumOrders': 200}, {'filterType': 'MAX_NUM_ALGO_ORDERS', 'maxNumAlgoOrders': 5}]",['SPOT'],EXPIRE_MAKER,"['EXPIRE_TAKER', 'EXPIRE_MAKER', 'EXPIRE_BOTH']",0.00100000,0.00100000,10000.00000000,0.01000000,0.01000000,90000.00000000,1.00000000
373,NEOUSD,BREAK,NEO,8,USD,8,8,8,8,"['LIMIT', 'LIMIT_MAKER', 'MARKET', 'STOP_LOSS_LIMIT', 'TAKE_PROFIT_LIMIT']",True,True,True,True,True,True,False,"[{'filterType': 'PRICE_FILTER', 'minPrice': '0.00100000', 'maxPrice': '10000.00000000', 'tickSize': '0.00100000'}, {'filterType': 'PERCENT_PRICE', 'multiplierUp': '5', 'multiplierDown': '0.2', 'avgPriceMins': 5}, {'filterType': 'LOT_SIZE', 'minQty': '0.00100000', 'maxQty': '900000.00000000', 'stepSize': '0.00100000'}, {'filterType': 'MIN_NOTIONAL', 'minNotional': '1.00000000', 'applyToMarket': True, 'avgPriceMins': 5}, {'filterType': 'ICEBERG_PARTS', 'limit': 10}, {'filterType': 'MARKET_LOT_SIZE', 'minQty': '0.00000000', 'maxQty': '6970.17727589', 'stepSize': '0.00000000'}, {'filterType': 'TRAILING_DELTA', 'minTrailingAboveDelta': 10, 'maxTrailingAboveDelta': 2000, 'minTrailingBelowDelta': 10, 'maxTrailingBelowDelta': 2000}, {'filterType': 'MAX_NUM_ORDERS', 'maxNumOrders': 200}, {'filterType': 'MAX_NUM_ALGO_ORDERS', 'maxNumAlgoOrders': 5}]",['SPOT'],EXPIRE_MAKER,"['EXPIRE_TAKER', 'EXPIRE_MAKER', 'EXPIRE_BOTH']",0.00100000,0.00100000,10000.00000000,0.00100000,0.00100000,900000.00000000,1.00000000
374,QTUMUSD,BREAK,QTUM,8,USD,8,8,8,8,"['LIMIT', 'LIMIT_MAKER', 'MARKET', 'STOP_LOSS_LIMIT', 'TAKE_PROFIT_LIMIT']",True,True,True,True,True,True,False,"[{'filterType': 'PRICE_FILTER', 'minPrice': '0.00100000', 'maxPrice': '10000.00000000', 'tickSize': '0.00100000'}, {'filterType': 'PERCENT_PRICE', 'multiplierUp': '5', 'multiplierDown': '0.2', 'avgPriceMins': 5}, {'filterType': 'LOT_SIZE', 'minQty': '0.10000000', 'maxQty': '90000.00000000', 'stepSize': '0.10000000'}, {'filterType': 'MIN_NOTIONAL', 'minNotional': '1.00000000', 'applyToMarket': True, 'avgPriceMins': 5}, {'filterType': 'ICEBERG_PARTS', 'limit': 10}, {'filterType': 'MARKET_LOT_SIZE', 'minQty': '0.00000000', 'maxQty': '27528.80557847', 'stepSize': '0.00000000'}, {'filterType': 'TRAILING_DELTA', 'minTrailingAboveDelta': 10, 'maxTrailingAboveDelta': 2000, 'minTrailingBelowDelta': 10, 'maxTrailingBelowDelta': 2000}, {'filterType': 'MAX_NUM_ORDERS', 'maxNumOrders': 200}, {'filterType': 'MAX_NUM_ALGO_ORDERS', 'maxNumAlgoOrders': 5}]",['SPOT'],EXPIRE_MAKER,"['EXPIRE_TAKER', 'EXPIRE_MAKER', 'EXPIRE_BOTH']",0.00100000,0.00100000,10000.00000000,0.10000000,0.10000000,90000.00000000,1.00000000
375,ICXUSD,BREAK,ICX,8,USD,8,8,8,8,"['LIMIT', 'LIMIT_MAKER', 'MARKET', 'STOP_LOSS_LIMIT', 'TAKE_PROFIT_LIMIT']",True,True,True,True,True,True,False,"[{'filterType': 'PRICE_FILTER', 'minPrice': '0.00010000', 'maxPrice': '1000.00000000', 'tickSize': '0.00010000'}, {'filterType': 'PERCENT_PRICE', 'multiplierUp': '5', 'multiplierDown': '0.2', 'avgPriceMins': 5}, {'filterType': 'LOT_SIZE', 'minQty': '0.01000000', 'maxQty': '900000.00000000', 'stepSize': '0.01000000'}, {'filterType': 'MIN_NOTIONAL', 'minNotional': '1.00000000', 'applyToMarket': True, 'avgPriceMins': 5}, {'filterType': 'ICEBERG_PARTS', 'limit': 10}, {'filterType': 'MARKET_LOT_SIZE', 'minQty': '0.00000000', 'maxQty': '209894.29939541', 'stepSize': '0.00000000'}, {'filterType': 'TRAILING_DELTA', 'minTrailingAboveDelta': 10, 'maxTrailingAboveDelta': 2000, 'minTrailingBelowDelta': 10, 'maxTrailingBelowDelta': 2000}, {'filterType': 'MAX_NUM_ORDERS', 'maxNumOrders': 200}, {'filterType': 'MAX_NUM_ALGO_ORDERS', 'maxNumAlgoOrders': 5}]",['SPOT'],EXPIRE_MAKER,"['EXPIRE_TAKER', 'EXPIRE_MAKER', 'EXPIRE_BOTH']",0.00010000,0.00010000,1000.00000000,0.01000000,0.01000000,900000.00000000,1.00000000
376,ENJUSD,BREAK,ENJ,8,USD,8,8,8,8,"['LIMIT', 'LIMIT_MAKER', 'MARKET', 'STOP_LOSS_LIMIT', 'TAKE_PROFIT_LIMIT']",True,True,True,True,True,True,False,"[{'filterType': 'PRICE_FILTER', 'minPrice': '0.00001000', 'maxPrice': '1000.00000000', 'tickSize': '0.00001000'}, {'filterType': 'LOT_SIZE', 'minQty': '0.10000000', 'maxQty': '900000.00000000', 'stepSize': '0.10000000'}, {'filterType': 'MIN_NOTIONAL', 'minNotional': '1.00000000', 'applyToMarket': True, 'avgPriceMins': 5}, {'filterType': 'ICEBERG_PARTS', 'limit': 10}, {'filterType': 'MARKET_LOT_SIZE', 'minQty': '0.00000000', 'maxQty': '30160.58166666', 'stepSize': '0.00000000'}, {'filterType': 'TRAILING_DELTA', 'minTrailingAboveDelta': 10, 'maxTrailingAboveDelta': 2000, 'minTrailingBelowDelta': 10, 'maxTrailingBelowDelta': 2000}, {'filterType': 'PERCENT_PRICE_BY_SIDE', 'bidMultiplierUp': '1.25', 'bidMultiplierDown': '0.2', 'askMultiplierUp': '5', 'askMultiplierDown': '0.75', 'avgPriceMins': 5}, {'filterType': 'MAX_NUM_ORDERS', 'maxNumOrders': 200}, {'filterType': 'MAX_NUM_ALGO_ORDERS', 'maxNumAlgoOrders': 5}]",['SPOT'],EXPIRE_MAKER,"['EXPIRE_TAKER', 'EXPIRE_MAKER', 'EXPIRE_BOTH']",0.00001000,0.00001000,1000.00000000,0.10000000,0.10000000,900000.00000000,1.00000000
377,ONTUSD,BREAK,ONT,8,USD,8,8,8,8,"['LIMIT', 'LIMIT_MAKER', 'MARKET', 'STOP_LOSS_LIMIT', 'TAKE_PROFIT_LIMIT']",True,True,True,True,True,True,False,"[{'filterType': 'PRICE_FILTER', 'minPrice': '0.00001000', 'maxPrice': '1000.00000000', 'tickSize': '0.00001000'}, {'filterType': 'PERCENT_PRICE', 'multiplierUp': '5', 'multiplierDown': '0.2', 'avgPriceMins': 5}, {'filterType': 'LOT_SIZE', 'minQty': '1.00000000', 'maxQty': '900000.00000000', 'stepSize': '1.00000000'}, {'filterType': 'MIN_NOTIONAL', 'minNotional': '1.00000000', 'applyToMarket': True, 'avgPriceMins': 5}, {'filterType': 'ICEBERG_PARTS', 'limit': 10}, {'filterType': 'MARKET_LOT_SIZE', 'minQty': '0.00000000', 'maxQty': '159092.19483322', 'stepSize': '0.00000000'}, {'filterType': 'TRAILING_DELTA', 'minTrailingAboveDelta': 10, 'maxTrailingAboveDelta': 2000, 'minTrailingBelowDelta': 10, 'maxTrailingBelowDelta': 2000}, {'filterType': 'PERCENT_PRICE_BY_SIDE', 'bidMultiplierUp': '1.25', 'bidMultiplierDown': '0.2', 'askMultiplierUp': '5', 'askMultiplierDown': '0.75', 'avgPriceMins': 5}, {'filterType': 'MAX_NUM_ORDERS', 'maxNumOrders': 200}, {'filterType': 'MAX_NUM_ALGO_ORDERS', 'maxNumAlgoOrders': 5}]",['SPOT'],EXPIRE_MAKER,"['EXPIRE_TAKER', 'EXPIRE_MAKER', 'EXPIRE_BOTH']",0.00001000,0.00001000,1000.00000000,1.00000000,1.00000000,900000.00000000,1.00000000
378,ZILUSD,TRADING,ZIL,8,USD,8,8,8,8,"['LIMIT', 'LIMIT_MAKER', 'MARKET', 'STOP_LOSS_LIMIT', 'TAKE_PROFIT_LIMIT']",True,True,True,True,True,True,False,"[{'filterType': 'PRICE_FILTER', 'minPrice': '0.00001000', 'maxPrice': '1000.00000000', 'tickSize': '0.00001000'}, {'filterType': 'LOT_SIZE', 'minQty': '0.10000000', 'maxQty': '9000000.00000000', 'stepSize': '0.10000000'}, {'filterType': 'MIN_NOTIONAL', 'minNotional': '1.00000000', 'applyToMarket': True, 'avgPriceMins': 5}, {'filterType': 'ICEBERG_PARTS', 'limit': 10}, {'filterType': 'MARKET_LOT_SIZE', 'minQty': '0.00000000', 'maxQty': '70568.33682008', 'stepSize': '0.00000000'}, {'filterType': 'TRAILING_DELTA', 'minTrailingAboveDelta': 10, 'maxTrailingAboveDelta': 2000, 'minTrailingBelowDelta': 10, 'maxTrailingBelowDelta': 2000}, {'filterType': 'PERCENT_PRICE_BY_SIDE', 'bidMultiplierUp': '1.25', 'bidMultiplierDown': '0.2', 'askMultiplierUp': '5', 'askMultiplierDown': '0.75', 'avgPriceMins': 5}, {'filterType': 'MAX_NUM_ORDERS', 'maxNumOrders': 200}, {'filterType': 'MAX_NUM_ALGO_ORDERS', 'maxNumAlgoOrders': 5}]",['SPOT'],EXPIRE_MAKER,"['EXPIRE_TAKER', 'EXPIRE_MAKER', 'EXPIRE_BOTH']",0.00001000,0.00001000,1000.00000000,0.10000000,0.10000000,9000000.00000000,1.00000000
379,VETUSD,TRADING,VET,8,USD,8,8,8,8,"['LIMIT', 'LIMIT_MAKER', 'MARKET', 'STOP_LOSS_LIMIT', 'TAKE_PROFIT_LIMIT']",True,True,True,True,True,True,False,"[{'filterType': 'PRICE_FILTER', 'minPrice': '0.00000100', 'maxPrice': '1000.00000000', 'tickSize': '0.00000100'}, {'filterType': 'LOT_SIZE', 'minQty': '0.10000000', 'maxQty': '9000000.00000000', 'stepSize': '0.10000000'}, {'filterType': 'MIN_NOTIONAL', 'minNotional': '1.00000000', 'applyToMarket': True, 'avgPriceMins': 5}, {'filterType': 'ICEBERG_PARTS', 'limit': 10}, {'filterType': 'MARKET_LOT_SIZE', 'minQty': '0.00000000', 'maxQty': '2916699.63974895', 'stepSize': '0.00000000'}, {'filterType': 'TRAILING_DELTA', 'minTrailingAboveDelta': 10, 'maxTrailingAboveDelta': 2000, 'minTrailingBelowDelta': 10, 'maxTrailingBelowDelta': 2000}, {'filterType': 'PERCENT_PRICE_BY_SIDE', 'bidMultiplierUp': '1.25', 'bidMultiplierDown': '0.2', 'askMultiplierUp': '5', 'askMultiplierDown': '0.75', 'avgPriceMins': 5}, {'filterType': 'MAX_NUM_ORDERS', 'maxNumOrders': 200}, {'filterType': 'MAX_NUM_ALGO_ORDERS', 'maxNumAlgoOrders': 5}]",['SPOT'],EXPIRE_MAKER,"['EXPIRE_TAKER', 'EXPIRE_MAKER', 'EXPIRE_BOTH']",0.00000100,0.00000100,1000.00000000,0.10000000,0.10000000,9000000.00000000,1.00000000
380,XTZUSD,BREAK,XTZ,8,USD,8,8,8,8,"['LIMIT', 'LIMIT_MAKER', 'MARKET', 'STOP_LOSS_LIMIT', 'TAKE_PROFIT_LIMIT']",True,True,True,True,True,True,False,"[{'filterType': 'PRICE_FILTER', 'minPrice': '0.00010000', 'maxPrice': '1000.00000000', 'tickSize': '0.00010000'}, {'filterType': 'PERCENT_PRICE', 'multiplierUp': '5', 'multiplierDown': '0.2', 'avgPriceMins': 5}, {'filterType': 'LOT_SIZE', 'minQty': '0.01000000', 'maxQty': '900000.00000000', 'stepSize': '0.01000000'}, {'filterType': 'MIN_NOTIONAL', 'minNotional': '1.00000000', 'applyToMarket': True, 'avgPriceMins': 5}, {'filterType': 'ICEBERG_PARTS', 'limit': 10}, {'filterType': 'MARKET_LOT_SIZE', 'minQty': '0.00000000', 'maxQty': '115671.22192361', 'stepSize': '0.00000000'}, {'filterType': 'TRAILING_DELTA', 'minTrailingAboveDelta': 10, 'maxTrailingAboveDelta': 2000, 'minTrailingBelowDelta': 10, 'maxTrailingBelowDelta': 2000}, {'filterType': 'MAX_NUM_ORDERS', 'maxNumOrders': 200}, {'filterType': 'MAX_NUM_ALGO_ORDERS', 'maxNumAlgoOrders': 5}]",['SPOT'],EXPIRE_MAKER,"['EXPIRE_TAKER', 'EXPIRE_MAKER', 'EXPIRE_BOTH']",0.00010000,0.00010000,1000.00000000,0.01000000,0.01000000,900000.00000000,1.00000000
381,HBARUSD,TRADING,HBAR,8,USD,8,8,8,8,"['LIMIT', 'LIMIT_MAKER', 'MARKET', 'STOP_LOSS_LIMIT', 'TAKE_PROFIT_LIMIT']",True,True,True,True,True,True,False,"[{'filterType': 'PRICE_FILTER', 'minPrice': '0.00001000', 'maxPrice': '1000.00000000', 'tickSize': '0.00001000'}, {'filterType': 'PERCENT_PRICE', 'multiplierUp': '5', 'multiplierDown': '0.2', 'avgPriceMins': 5}, {'filterType': 'LOT_SIZE', 'minQty': '1.00000000', 'maxQty': '9000000.00000000', 'stepSize': '1.00000000'}, {'filterType': 'MIN_NOTIONAL', 'minNotional': '1.00000000', 'applyToMarket': True, 'avgPriceMins': 5}, {'filterType': 'ICEBERG_PARTS', 'limit': 10}, {'filterType': 'MARKET_LOT_SIZE', 'minQty': '0.00000000', 'maxQty': '522578.18410041', 'stepSize': '0.00000000'}, {'filterType': 'TRAILING_DELTA', 'minTrailingAboveDelta': 10, 'maxTrailingAboveDelta': 2000, 'minTrailingBelowDelta': 10, 'maxTrailingBelowDelta': 2000}, {'filterType': 'PERCENT_PRICE_BY_SIDE', 'bidMultiplierUp': '1.25', 'bidMultiplierDown': '0.2', 'askMultiplierUp': '5', 'askMultiplierDown': '0.75', 'avgPriceMins': 5}, {'filterType': 'MAX_NUM_ORDERS', 'maxNumOrders': 200}, {'filterType': 'MAX_NUM_ALGO_ORDERS', 'maxNumAlgoOrders': 5}]",['SPOT'],EXPIRE_MAKER,"['EXPIRE_TAKER', 'EXPIRE_MAKER', 'EXPIRE_BOTH']",0.00001000,0.00001000,1000.00000000,1.00000000,1.00000000,9000000.00000000,1.00000000
382,OMGUSD,BREAK,OMG,8,USD,8,8,8,8,"['LIMIT', 'LIMIT_MAKER', 'MARKET', 'STOP_LOSS_LIMIT', 'TAKE_PROFIT_LIMIT']",True,True,True,True,True,True,False,"[{'filterType': 'PRICE_FILTER', 'minPrice': '0.00100000', 'maxPrice': '1000.00000000', 'tickSize': '0.00100000'}, {'filterType': 'PERCENT_PRICE', 'multiplierUp': '5', 'multiplierDown': '0.2', 'avgPriceMins': 5}, {'filterType': 'LOT_SIZE', 'minQty': '0.10000000', 'maxQty': '900000.00000000', 'stepSize': '0.10000000'}, {'filterType': 'MIN_NOTIONAL', 'minNotional': '1.00000000', 'applyToMarket': True, 'avgPriceMins': 5}, {'filterType': 'ICEBERG_PARTS', 'limit': 10}, {'filterType': 'MARKET_LOT_SIZE', 'minQty': '0.00000000', 'maxQty': '69571.07908617', 'stepSize': '0.00000000'}, {'filterType': 'TRAILING_DELTA', 'minTrailingAboveDelta': 10, 'maxTrailingAboveDelta': 2000, 'minTrailingBelowDelta': 10, 'maxTrailingBelowDelta': 2000}, {'filterType': 'MAX_NUM_ORDERS', 'maxNumOrders': 200}, {'filterType': 'MAX_NUM_ALGO_ORDERS', 'maxNumAlgoOrders': 5}]",['SPOT'],EXPIRE_MAKER,"['EXPIRE_TAKER', 'EXPIRE_MAKER', 'EXPIRE_BOTH']",0.00100000,0.00100000,1000.00000000,0.10000000,0.10000000,900000.00000000,1.00000000
383,MATICUSD,BREAK,MATIC,8,USD,8,8,8,8,"['LIMIT', 'LIMIT_MAKER', 'MARKET', 'STOP_LOSS_LIMIT', 'TAKE_PROFIT_LIMIT']",True,True,True,True,True,True,False,"[{'filterType': 'PRICE_FILTER', 'minPrice': '0.00010000', 'maxPrice': '1000.00000000', 'tickSize': '0.00010000'}, {'filterType': 'PERCENT_PRICE', 'multiplierUp': '5', 'multiplierDown': '0.2', 'avgPriceMins': 5}, {'filterType': 'LOT_SIZE', 'minQty': '0.10000000', 'maxQty': '9000000.00000000', 'stepSize': '0.10000000'}, {'filterType': 'MIN_NOTIONAL', 'minNotional': '1.00000000', 'applyToMarket': True, 'avgPriceMins': 5}, {'filterType': 'ICEBERG_PARTS', 'limit': 10}, {'filterType': 'MARKET_LOT_SIZE', 'minQty': '0.00000000', 'maxQty': '82437.30209205', 'stepSize': '0.00000000'}, {'filterType': 'TRAILING_DELTA', 'minTrailingAboveDelta': 10, 'maxTrailingAboveDelta': 2000, 'minTrailingBelowDelta': 10, 'maxTrailingBelowDelta': 2000}, {'filterType': 'MAX_NUM_ORDERS', 'maxNumOrders': 200}, {'filterType': 'MAX_NUM_ALGO_ORDERS', 'maxNumAlgoOrders': 5}]",['SPOT'],EXPIRE_MAKER,"['EXPIRE_TAKER', 'EXPIRE_MAKER', 'EXPIRE_BOTH']",0.00010000,0.00010000,1000.00000000,0.10000000,0.10000000,9000000.00000000,1.00000000
384,EOSUSD,BREAK,EOS,8,USD,8,8,8,8,"['LIMIT', 'LIMIT_MAKER', 'MARKET', 'STOP_LOSS_LIMIT', 'TAKE_PROFIT_LIMIT']",True,True,True,True,True,True,False,"[{'filterType': 'PRICE_FILTER', 'minPrice': '0.00010000', 'maxPrice': '1000.00000000', 'tickSize': '0.00010000'}, {'filterType': 'PERCENT_PRICE', 'multiplierUp': '5', 'multiplierDown': '0.2', 'avgPriceMins': 5}, {'filterType': 'LOT_SIZE', 'minQty': '0.01000000', 'maxQty': '900000.00000000', 'stepSize': '0.01000000'}, {'filterType': 'MIN_NOTIONAL', 'minNotional': '1.00000000', 'applyToMarket': True, 'avgPriceMins': 5}, {'filterType': 'ICEBERG_PARTS', 'limit': 10}, {'filterType': 'MARKET_LOT_SIZE', 'minQty': '0.00000000', 'maxQty': '120578.75166782', 'stepSize': '0.00000000'}, {'filterType': 'TRAILING_DELTA', 'minTrailingAboveDelta': 10, 'maxTrailingAboveDelta': 2000, 'minTrailingBelowDelta': 10, 'maxTrailingBelowDelta': 2000}, {'filterType': 'MAX_NUM_ORDERS', 'maxNumOrders': 200}, {'filterType': 'MAX_NUM_ALGO_ORDERS', 'maxNumAlgoOrders': 5}]",['SPOT'],EXPIRE_MAKER,"['EXPIRE_TAKER', 'EXPIRE_MAKER', 'EXPIRE_BOTH']",0.00010000,0.00010000,1000.00000000,0.01000000,0.01000000,900000.00000000,1.00000000
385,DOGEUSD,TRADING,DOGE,8,USD,8,8,8,8,"['LIMIT', 'LIMIT_MAKER', 'MARKET', 'STOP_LOSS_LIMIT', 'TAKE_PROFIT_LIMIT']",True,True,True,True,True,True,False,"[{'filterType': 'PRICE_FILTER', 'minPrice': '0.00001000', 'maxPrice': '1000.00000000', 'tickSize': '0.00001000'}, {'filterType': 'PERCENT_PRICE', 'multiplierUp': '5', 'multiplierDown': '0.2', 'avgPriceMins': 5}, {'filterType': 'LOT_SIZE', 'minQty': '1.00000000', 'maxQty': '9000000.00000000', 'stepSize': '1.00000000'}, {'filterType': 'MIN_NOTIONAL', 'minNotional': '1.00000000', 'applyToMarket': True, 'avgPriceMins': 5}, {'filterType': 'ICEBERG_PARTS', 'limit': 10}, {'filterType': 'MARKET_LOT_SIZE', 'minQty': '0.00000000', 'maxQty': '696168.57322175', 'stepSize': '0.00000000'}, {'filterType': 'TRAILING_DELTA', 'minTrailingAboveDelta': 10, 'maxTrailingAboveDelta': 2000, 'minTrailingBelowDelta': 10, 'maxTrailingBelowDelta': 2000}, {'filterType': 'PERCENT_PRICE_BY_SIDE', 'bidMultiplierUp': '1.25', 'bidMultiplierDown': '0.2', 'askMultiplierUp': '5', 'askMultiplierDown': '0.75', 'avgPriceMins': 5}, {'filterType': 'MAX_NUM_ORDERS', 'maxNumOrders': 200}, {'filterType': 'MAX_NUM_ALGO_ORDERS', 'maxNumAlgoOrders': 5}]",['SPOT'],EXPIRE_MAKER,"['EXPIRE_TAKER', 'EXPIRE_MAKER', 'EXPIRE_BOTH']",0.00001000,0.00001000,1000.00000000,1.00000000,1.00000000,9000000.00000000,1.00000000
386,KNCUSD,BREAK,KNC,8,USD,8,8,8,8,"['LIMIT', 'LIMIT_MAKER', 'MARKET', 'STOP_LOSS_LIMIT', 'TAKE_PROFIT_LIMIT']",True,True,True,True,True,True,False,"[{'filterType': 'PRICE_FILTER', 'minPrice': '0.00100000', 'maxPrice': '10000.00000000', 'tickSize': '0.00100000'}, {'filterType': 'PERCENT_PRICE', 'multiplierUp': '5', 'multiplierDown': '0.2', 'avgPriceMins': 5}, {'filterType': 'LOT_SIZE', 'minQty': '0.10000000', 'maxQty': '9222449.00000000', 'stepSize': '0.10000000'}, {'filterType': 'MIN_NOTIONAL', 'minNotional': '1.00000000', 'applyToMarket': True, 'avgPriceMins': 5}, {'filterType': 'ICEBERG_PARTS', 'limit': 10}, {'filterType': 'MARKET_LOT_SIZE', 'minQty': '0.00000000', 'maxQty': '141590.56748471', 'stepSize': '0.00000000'}, {'filterType': 'TRAILING_DELTA', 'minTrailingAboveDelta': 10, 'maxTrailingAboveDelta': 2000, 'minTrailingBelowDelta': 10, 'maxTrailingBelowDelta': 2000}, {'filterType': 'MAX_NUM_ORDERS', 'maxNumOrders': 200}, {'filterType': 'MAX_NUM_ALGO_ORDERS', 'maxNumAlgoOrders': 5}]",['SPOT'],EXPIRE_MAKER,"['EXPIRE_TAKER', 'EXPIRE_MAKER', 'EXPIRE_BOTH']",0.00100000,0.00100000,10000.00000000,0.10000000,0.10000000,9222449.00000000,1.00000000
387,VTHOUSD,TRADING,VTHO,8,USD,8,8,8,8,"['LIMIT', 'LIMIT_MAKER', 'MARKET', 'STOP_LOSS_LIMIT', 'TAKE_PROFIT_LIMIT']",True,True,True,True,True,True,False,"[{'filterType': 'PRICE_FILTER', 'minPrice': '0.00000100', 'maxPrice': '1000.00000000', 'tickSize': '0.00000100'}, {'filterType': 'LOT_SIZE', 'minQty': '1.00000000', 'maxQty': '92141578.00000000', 'stepSize': '1.00000000'}, {'filterType': 'MIN_NOTIONAL', 'minNotional': '1.00000000', 'applyToMarket': True, 'avgPriceMins': 5}, {'filterType': 'ICEBERG_PARTS', 'limit': 10}, {'filterType': 'MARKET_LOT_SIZE', 'minQty': '0.00000000', 'maxQty': '518479.79079497', 'stepSize': '0.00000000'}, {'filterType': 'TRAILING_DELTA', 'minTrailingAboveDelta': 10, 'maxTrailingAboveDelta': 2000, 'minTrailingBelowDelta': 10, 'maxTrailingBelowDelta': 2000}, {'filterType': 'PERCENT_PRICE_BY_SIDE', 'bidMultiplierUp': '1.25', 'bidMultiplierDown': '0.2', 'askMultiplierUp': '5', 'askMultiplierDown': '0.75', 'avgPriceMins': 5}, {'filterType': 'MAX_NUM_ORDERS', 'maxNumOrders': 200}, {'filterType': 'MAX_NUM_ALGO_ORDERS', 'maxNumAlgoOrders': 5}]",['SPOT'],EXPIRE_MAKER,"['EXPIRE_TAKER', 'EXPIRE_MAKER', 'EXPIRE_BOTH']",0.00000100,0.00000100,1000.00000000,1.00000000,1.00000000,92141578.00000000,1.00000000
388,USDCUSD,TRADING,USDC,8,USD,8,8,8,8,"['LIMIT', 'LIMIT_MAKER', 'MARKET', 'STOP_LOSS_LIMIT', 'TAKE_PROFIT_LIMIT']",True,True,True,True,True,True,False,"[{'filterType': 'PRICE_FILTER', 'minPrice': '0.00001000', 'maxPrice': '1000.00000000', 'tickSize': '0.00001000'}, {'filterType': 'LOT_SIZE', 'minQty': '1.00000000', 'maxQty': '9000000.00000000', 'stepSize': '1.00000000'}, {'filterType': 'MIN_NOTIONAL', 'minNotional': '1.00000000', 'applyToMarket': True, 'avgPriceMins': 5}, {'filterType': 'ICEBERG_PARTS', 'limit': 10}, {'filterType': 'MARKET_LOT_SIZE', 'minQty': '0.00000000', 'maxQty': '205911.48117154', 'stepSize': '0.00000000'}, {'filterType': 'TRAILING_DELTA', 'minTrailingAboveDelta': 10, 'maxTrailingAboveDelta': 2000, 'minTrailingBelowDelta': 10, 'maxTrailingBelowDelta': 2000}, {'filterType': 'PERCENT_PRICE_BY_SIDE', 'bidMultiplierUp': '1.05', 'bidMultiplierDown': '0.2', 'askMultiplierUp': '5', 'askMultiplierDown': '0.95', 'avgPriceMins': 5}, {'filterType': 'MAX_NUM_ORDERS', 'maxNumOrders': 200}, {'filterType': 'MAX_NUM_ALGO_ORDERS', 'maxNumAlgoOrders': 5}]",['SPOT'],EXPIRE_MAKER,"['EXPIRE_TAKER', 'EXPIRE_MAKER', 'EXPIRE_BOTH']",0.00001000,0.00001000,1000.00000000,1.00000000,1.00000000,9000000.00000000,1.00000000
389,COMPUSD,BREAK,COMP,8,USD,8,8,8,8,"['LIMIT', 'LIMIT_MAKER', 'MARKET', 'STOP_LOSS_LIMIT', 'TAKE_PROFIT_LIMIT']",True,True,True,True,True,True,False,"[{'filterType': 'PRICE_FILTER', 'minPrice': '0.01000000', 'maxPrice': '100000.00000000', 'tickSize': '0.01000000'}, {'filterType': 'PERCENT_PRICE', 'multiplierUp': '5', 'multiplierDown': '0.2', 'avgPriceMins': 5}, {'filterType': 'LOT_SIZE', 'minQty': '0.00100000', 'maxQty': '90000.00000000', 'stepSize': '0.00100000'}, {'filterType': 'MIN_NOTIONAL', 'minNotional': '1.00000000', 'applyToMarket': True, 'avgPriceMins': 5}, {'filterType': 'ICEBERG_PARTS', 'limit': 10}, {'filterType': 'MARKET_LOT_SIZE', 'minQty': '0.00000000', 'maxQty': '1125.52000532', 'stepSize': '0.00000000'}, {'filterType': 'TRAILING_DELTA', 'minTrailingAboveDelta': 10, 'maxTrailingAboveDelta': 2000, 'minTrailingBelowDelta': 10, 'maxTrailingBelowDelta': 2000}, {'filterType': 'MAX_NUM_ORDERS', 'maxNumOrders': 200}, {'filterType': 'MAX_NUM_ALGO_ORDERS', 'maxNumAlgoOrders': 5}]",['SPOT'],EXPIRE_MAKER,"['EXPIRE_TAKER', 'EXPIRE_MAKER', 'EXPIRE_BOTH']",0.01000000,0.01000000,100000.00000000,0.00100000,0.00100000,90000.00000000,1.00000000
390,MANAUSD,BREAK,MANA,8,USD,8,8,8,8,"['LIMIT', 'LIMIT_MAKER', 'MARKET', 'STOP_LOSS_LIMIT', 'TAKE_PROFIT_LIMIT']",True,True,True,True,True,True,False,"[{'filterType': 'PRICE_FILTER', 'minPrice': '0.00010000', 'maxPrice': '1000.00000000', 'tickSize': '0.00010000'}, {'filterType': 'LOT_SIZE', 'minQty': '1.00000000', 'maxQty': '900000.00000000', 'stepSize': '1.00000000'}, {'filterType': 'MIN_NOTIONAL', 'minNotional': '1.00000000', 'applyToMarket': True, 'avgPriceMins': 5}, {'filterType': 'ICEBERG_PARTS', 'limit': 10}, {'filterType': 'MARKET_LOT_SIZE', 'minQty': '0.00000000', 'maxQty': '15218.95200000', 'stepSize': '0.00000000'}, {'filterType': 'TRAILING_DELTA', 'minTrailingAboveDelta': 10, 'maxTrailingAboveDelta': 2000, 'minTrailingBelowDelta': 10, 'maxTrailingBelowDelta': 2000}, {'filterType': 'PERCENT_PRICE_BY_SIDE', 'bidMultiplierUp': '1.25', 'bidMultiplierDown': '0.2', 'askMultiplierUp': '5', 'askMultiplierDown': '0.75', 'avgPriceMins': 5}, {'filterType': 'MAX_NUM_ORDERS', 'maxNumOrders': 200}, {'filterType': 'MAX_NUM_ALGO_ORDERS', 'maxNumAlgoOrders': 5}]",['SPOT'],EXPIRE_MAKER,"['EXPIRE_TAKER', 'EXPIRE_MAKER', 'EXPIRE_BOTH']",0.00010000,0.00010000,1000.00000000,1.00000000,1.00000000,900000.00000000,1.00000000
391,HNTUSD,BREAK,HNT,8,USD,8,8,8,8,"['LIMIT', 'LIMIT_MAKER', 'MARKET', 'STOP_LOSS_LIMIT', 'TAKE_PROFIT_LIMIT']",True,True,True,True,True,True,False,"[{'filterType': 'PRICE_FILTER', 'minPrice': '0.01000000', 'maxPrice': '10000.00000000', 'tickSize': '0.01000000'}, {'filterType': 'PERCENT_PRICE', 'multiplierUp': '5', 'multiplierDown': '0.2', 'avgPriceMins': 5}, {'filterType': 'LOT_SIZE', 'minQty': '0.01000000', 'maxQty': '90000.00000000', 'stepSize': '0.01000000'}, {'filterType': 'MIN_NOTIONAL', 'minNotional': '1.00000000', 'applyToMarket': True, 'avgPriceMins': 5}, {'filterType': 'ICEBERG_PARTS', 'limit': 10}, {'filterType': 'MARKET_LOT_SIZE', 'minQty': '0.00000000', 'maxQty': '16697.33268750', 'stepSize': '0.00000000'}, {'filterType': 'TRAILING_DELTA', 'minTrailingAboveDelta': 10, 'maxTrailingAboveDelta': 2000, 'minTrailingBelowDelta': 10, 'maxTrailingBelowDelta': 2000}, {'filterType': 'MAX_NUM_ORDERS', 'maxNumOrders': 200}, {'filterType': 'MAX_NUM_ALGO_ORDERS', 'maxNumAlgoOrders': 5}]",['SPOT'],EXPIRE_MAKER,"['EXPIRE_TAKER', 'EXPIRE_MAKER', 'EXPIRE_BOTH']",0.01000000,0.01000000,10000.00000000,0.01000000,0.01000000,90000.00000000,1.00000000
392,MKRUSD,BREAK,MKR,8,USD,8,8,8,8,"['LIMIT', 'LIMIT_MAKER', 'MARKET', 'STOP_LOSS_LIMIT', 'TAKE_PROFIT_LIMIT']",True,True,True,True,True,True,False,"[{'filterType': 'PRICE_FILTER', 'minPrice': '1.00000000', 'maxPrice': '100000.00000000', 'tickSize': '1.00000000'}, {'filterType': 'PERCENT_PRICE', 'multiplierUp': '5', 'multiplierDown': '0.2', 'avgPriceMins': 5}, {'filterType': 'LOT_SIZE', 'minQty': '0.00010000', 'maxQty': '90000.00000000', 'stepSize': '0.00010000'}, {'filterType': 'MIN_NOTIONAL', 'minNotional': '1.00000000', 'applyToMarket': True, 'avgPriceMins': 5}, {'filterType': 'ICEBERG_PARTS', 'limit': 10}, {'filterType': 'MARKET_LOT_SIZE', 'minQty': '0.00000000', 'maxQty': '125.26531854', 'stepSize': '0.00000000'}, {'filterType': 'TRAILING_DELTA', 'minTrailingAboveDelta': 10, 'maxTrailingAboveDelta': 2000, 'minTrailingBelowDelta': 10, 'maxTrailingBelowDelta': 2000}, {'filterType': 'MAX_NUM_ORDERS', 'maxNumOrders': 200}, {'filterType': 'MAX_NUM_ALGO_ORDERS', 'maxNumAlgoOrders': 5}]",['SPOT'],EXPIRE_MAKER,"['EXPIRE_TAKER', 'EXPIRE_MAKER', 'EXPIRE_BOTH']",1.00000000,1.00000000,100000.00000000,0.00010000,0.00010000,90000.00000000,1.00000000
393,DAIUSD,BREAK,DAI,8,USD,8,8,8,8,"['LIMIT', 'LIMIT_MAKER', 'MARKET', 'STOP_LOSS_LIMIT', 'TAKE_PROFIT_LIMIT']",True,True,True,True,True,True,False,"[{'filterType': 'PRICE_FILTER', 'minPrice': '0.00010000', 'maxPrice': '1000.00000000', 'tickSize': '0.00010000'}, {'filterType': 'PERCENT_PRICE', 'multiplierUp': '5', 'multiplierDown': '0.2', 'avgPriceMins': 5}, {'filterType': 'LOT_SIZE', 'minQty': '0.01000000', 'maxQty': '900000.00000000', 'stepSize': '0.01000000'}, {'filterType': 'MIN_NOTIONAL', 'minNotional': '1.00000000', 'applyToMarket': True, 'avgPriceMins': 5}, {'filterType': 'ICEBERG_PARTS', 'limit': 10}, {'filterType': 'MARKET_LOT_SIZE', 'minQty': '0.00000000', 'maxQty': '343079.79620833', 'stepSize': '0.00000000'}, {'filterType': 'TRAILING_DELTA', 'minTrailingAboveDelta': 10, 'maxTrailingAboveDelta': 2000, 'minTrailingBelowDelta': 10, 'maxTrailingBelowDelta': 2000}, {'filterType': 'MAX_NUM_ORDERS', 'maxNumOrders': 200}, {'filterType': 'MAX_NUM_ALGO_ORDERS', 'maxNumAlgoOrders': 5}]",['SPOT'],EXPIRE_MAKER,"['EXPIRE_TAKER', 'EXPIRE_MAKER', 'EXPIRE_BOTH']",0.00010000,0.00010000,1000.00000000,0.01000000,0.01000000,900000.00000000,1.00000000
394,ONEUSD,TRADING,ONE,8,USD,8,8,8,8,"['LIMIT', 'LIMIT_MAKER', 'MARKET', 'STOP_LOSS_LIMIT', 'TAKE_PROFIT_LIMIT']",True,True,True,True,True,True,False,"[{'filterType': 'PRICE_FILTER', 'minPrice': '0.00001000', 'maxPrice': '1000.00000000', 'tickSize': '0.00001000'}, {'filterType': 'LOT_SIZE', 'minQty': '0.10000000', 'maxQty': '9000000.00000000', 'stepSize': '0.10000000'}, {'filterType': 'MIN_NOTIONAL', 'minNotional': '1.00000000', 'applyToMarket': True, 'avgPriceMins': 5}, {'filterType': 'ICEBERG_PARTS', 'limit': 10}, {'filterType': 'MARKET_LOT_SIZE', 'minQty': '0.00000000', 'maxQty': '1207217.44142259', 'stepSize': '0.00000000'}, {'filterType': 'TRAILING_DELTA', 'minTrailingAboveDelta': 10, 'maxTrailingAboveDelta': 2000, 'minTrailingBelowDelta': 10, 'maxTrailingBelowDelta': 2000}, {'filterType': 'PERCENT_PRICE_BY_SIDE', 'bidMultiplierUp': '1.25', 'bidMultiplierDown': '0.2', 'askMultiplierUp': '5', 'askMultiplierDown': '0.75', 'avgPriceMins': 5}, {'filterType': 'MAX_NUM_ORDERS', 'maxNumOrders': 200}, {'filterType': 'MAX_NUM_ALGO_ORDERS', 'maxNumAlgoOrders': 5}]",['SPOT'],EXPIRE_MAKER,"['EXPIRE_TAKER', 'EXPIRE_MAKER', 'EXPIRE_BOTH']",0.00001000,0.00001000,1000.00000000,0.10000000,0.10000000,9000000.00000000,1.00000000
395,BANDUSD,BREAK,BAND,8,USD,8,8,8,8,"['LIMIT', 'LIMIT_MAKER', 'MARKET', 'STOP_LOSS_LIMIT', 'TAKE_PROFIT_LIMIT']",True,True,True,True,True,True,False,"[{'filterType': 'PRICE_FILTER', 'minPrice': '0.00100000', 'maxPrice': '10000.00000000', 'tickSize': '0.00100000'}, {'filterType': 'PERCENT_PRICE', 'multiplierUp': '5', 'multiplierDown': '0.2', 'avgPriceMins': 5}, {'filterType': 'LOT_SIZE', 'minQty': '0.10000000', 'maxQty': '90000.00000000', 'stepSize': '0.10000000'}, {'filterType': 'MIN_NOTIONAL', 'minNotional': '1.00000000', 'applyToMarket': True, 'avgPriceMins': 5}, {'filterType': 'ICEBERG_PARTS', 'limit': 10}, {'filterType': 'MARKET_LOT_SIZE', 'minQty': '0.00000000', 'maxQty': '23792.02808333', 'stepSize': '0.00000000'}, {'filterType': 'TRAILING_DELTA', 'minTrailingAboveDelta': 10, 'maxTrailingAboveDelta': 2000, 'minTrailingBelowDelta': 10, 'maxTrailingBelowDelta': 2000}, {'filterType': 'MAX_NUM_ORDERS', 'maxNumOrders': 200}, {'filterType': 'MAX_NUM_ALGO_ORDERS', 'maxNumAlgoOrders': 5}]",['SPOT'],EXPIRE_MAKER,"['EXPIRE_TAKER', 'EXPIRE_MAKER', 'EXPIRE_BOTH']",0.00100000,0.00100000,10000.00000000,0.10000000,0.10000000,90000.00000000,1.00000000
396,STORJUSD,BREAK,STORJ,8,USD,8,8,8,8,"['LIMIT', 'LIMIT_MAKER', 'MARKET', 'STOP_LOSS_LIMIT', 'TAKE_PROFIT_LIMIT']",True,True,True,True,True,True,False,"[{'filterType': 'PRICE_FILTER', 'minPrice': '0.00010000', 'maxPrice': '1000.00000000', 'tickSize': '0.00010000'}, {'filterType': 'PERCENT_PRICE', 'multiplierUp': '5', 'multiplierDown': '0.2', 'avgPriceMins': 5}, {'filterType': 'LOT_SIZE', 'minQty': '1.00000000', 'maxQty': '9222448.00000000', 'stepSize': '1.00000000'}, {'filterType': 'MIN_NOTIONAL', 'minNotional': '1.00000000', 'applyToMarket': True, 'avgPriceMins': 5}, {'filterType': 'ICEBERG_PARTS', 'limit': 10}, {'filterType': 'MARKET_LOT_SIZE', 'minQty': '0.00000000', 'maxQty': '185856.13733148', 'stepSize': '0.00000000'}, {'filterType': 'TRAILING_DELTA', 'minTrailingAboveDelta': 10, 'maxTrailingAboveDelta': 2000, 'minTrailingBelowDelta': 10, 'maxTrailingBelowDelta': 2000}, {'filterType': 'MAX_NUM_ORDERS', 'maxNumOrders': 200}, {'filterType': 'MAX_NUM_ALGO_ORDERS', 'maxNumAlgoOrders': 5}]",['SPOT'],EXPIRE_MAKER,"['EXPIRE_TAKER', 'EXPIRE_MAKER', 'EXPIRE_BOTH']",0.00010000,0.00010000,1000.00000000,1.00000000,1.00000000,9222448.00000000,1.00000000
397,UNIUSD,TRADING,UNI,8,USD,8,8,8,8,"['LIMIT', 'LIMIT_MAKER', 'MARKET', 'STOP_LOSS_LIMIT', 'TAKE_PROFIT_LIMIT']",True,True,True,True,True,True,False,"[{'filterType': 'PRICE_FILTER', 'minPrice': '0.00100000', 'maxPrice': '10000.00000000', 'tickSize': '0.00100000'}, {'filterType': 'LOT_SIZE', 'minQty': '0.01000000', 'maxQty': '90000.00000000', 'stepSize': '0.01000000'}, {'filterType': 'MIN_NOTIONAL', 'minNotional': '1.00000000', 'applyToMarket': True, 'avgPriceMins': 5}, {'filterType': 'ICEBERG_PARTS', 'limit': 10}, {'filterType': 'MARKET_LOT_SIZE', 'minQty': '0.00000000', 'maxQty': '878.28811715', 'stepSize': '0.00000000'}, {'filterType': 'TRAILING_DELTA', 'minTrailingAboveDelta': 10, 'maxTrailingAboveDelta': 2000, 'minTrailingBelowDelta': 10, 'maxTrailingBelowDelta': 2000}, {'filterType': 'PERCENT_PRICE_BY_SIDE', 'bidMultiplierUp': '1.25', 'bidMultiplierDown': '0.2', 'askMultiplierUp': '5', 'askMultiplierDown': '0.75', 'avgPriceMins': 5}, {'filterType': 'MAX_NUM_ORDERS', 'maxNumOrders': 200}, {'filterType': 'MAX_NUM_ALGO_ORDERS', 'maxNumAlgoOrders': 5}]",['SPOT'],EXPIRE_MAKER,"['EXPIRE_TAKER', 'EXPIRE_MAKER', 'EXPIRE_BOTH']",0.00100000,0.00100000,10000.00000000,0.01000000,0.01000000,90000.00000000,1.00000000
398,SOLUSD,TRADING,SOL,8,USD,8,8,8,8,"['LIMIT', 'LIMIT_MAKER', 'MARKET', 'STOP_LOSS_LIMIT', 'TAKE_PROFIT_LIMIT']",True,True,True,True,True,True,False,"[{'filterType': 'PRICE_FILTER', 'minPrice': '0.01000000', 'maxPrice': '10000.00000000', 'tickSize': '0.01000000'}, {'filterType': 'PERCENT_PRICE', 'multiplierUp': '5', 'multiplierDown': '0.2', 'avgPriceMins': 5}, {'filterType': 'LOT_SIZE', 'minQty': '0.00100000', 'maxQty': '90000.00000000', 'stepSize': '0.00100000'}, {'filterType': 'MIN_NOTIONAL', 'minNotional': '1.00000000', 'applyToMarket': True, 'avgPriceMins': 5}, {'filterType': 'ICEBERG_PARTS', 'limit': 10}, {'filterType': 'MARKET_LOT_SIZE', 'minQty': '0.00000000', 'maxQty': '2360.37909205', 'stepSize': '0.00000000'}, {'filterType': 'TRAILING_DELTA', 'minTrailingAboveDelta': 10, 'maxTrailingAboveDelta': 2000, 'minTrailingBelowDelta': 10, 'maxTrailingBelowDelta': 2000}, {'filterType': 'PERCENT_PRICE_BY_SIDE', 'bidMultiplierUp': '1.25', 'bidMultiplierDown': '0.2', 'askMultiplierUp': '5', 'askMultiplierDown': '0.75', 'avgPriceMins': 5}, {'filterType': 'MAX_NUM_ORDERS', 'maxNumOrders': 200}, {'filterType': 'MAX_NUM_ALGO_ORDERS', 'maxNumAlgoOrders': 5}]",['SPOT'],EXPIRE_MAKER,"['EXPIRE_TAKER', 'EXPIRE_MAKER', 'EXPIRE_BOTH']",0.01000000,0.01000000,10000.00000000,0.00100000,0.00100000,90000.00000000,1.00000000
399,EGLDUSD,BREAK,EGLD,8,USD,8,8,8,8,"['LIMIT', 'LIMIT_MAKER', 'MARKET', 'STOP_LOSS_LIMIT', 'TAKE_PROFIT_LIMIT']",True,True,True,True,True,True,False,"[{'filterType': 'PRICE_FILTER', 'minPrice': '0.01000000', 'maxPrice': '100000.00000000', 'tickSize': '0.01000000'}, {'filterType': 'PERCENT_PRICE', 'multiplierUp': '5', 'multiplierDown': '0.2', 'avgPriceMins': 5}, {'filterType': 'LOT_SIZE', 'minQty': '0.01000000', 'maxQty': '900000.00000000', 'stepSize': '0.01000000'}, {'filterType': 'MIN_NOTIONAL', 'minNotional': '1.00000000', 'applyToMarket': True, 'avgPriceMins': 5}, {'filterType': 'ICEBERG_PARTS', 'limit': 10}, {'filterType': 'MARKET_LOT_SIZE', 'minQty': '0.00000000', 'maxQty': '3151.13448646', 'stepSize': '0.00000000'}, {'filterType': 'TRAILING_DELTA', 'minTrailingAboveDelta': 10, 'maxTrailingAboveDelta': 2000, 'minTrailingBelowDelta': 10, 'maxTrailingBelowDelta': 2000}, {'filterType': 'MAX_NUM_ORDERS', 'maxNumOrders': 200}, {'filterType': 'MAX_NUM_ALGO_ORDERS', 'maxNumAlgoOrders': 5}]",['SPOT'],EXPIRE_MAKER,"['EXPIRE_TAKER', 'EXPIRE_MAKER', 'EXPIRE_BOTH']",0.01000000,0.01000000,100000.00000000,0.01000000,0.01000000,900000.00000000,1.00000000
400,PAXGUSD,BREAK,PAXG,8,USD,8,8,8,8,"['LIMIT', 'LIMIT_MAKER', 'MARKET', 'STOP_LOSS_LIMIT', 'TAKE_PROFIT_LIMIT']",True,True,True,True,True,True,False,"[{'filterType': 'PRICE_FILTER', 'minPrice': '1.00000000', 'maxPrice': '1000000.00000000', 'tickSize': '1.00000000'}, {'filterType': 'PERCENT_PRICE', 'multiplierUp': '5', 'multiplierDown': '0.2', 'avgPriceMins': 5}, {'filterType': 'LOT_SIZE', 'minQty': '0.00010000', 'maxQty': '9000.00000000', 'stepSize': '0.00010000'}, {'filterType': 'MIN_NOTIONAL', 'minNotional': '1.00000000', 'applyToMarket': True, 'avgPriceMins': 5}, {'filterType': 'ICEBERG_PARTS', 'limit': 10}, {'filterType': 'MARKET_LOT_SIZE', 'minQty': '0.00000000', 'maxQty': '64.75339461', 'stepSize': '0.00000000'}, {'filterType': 'TRAILING_DELTA', 'minTrailingAboveDelta': 10, 'maxTrailingAboveDelta': 2000, 'minTrailingBelowDelta': 10, 'maxTrailingBelowDelta': 2000}, {'filterType': 'MAX_NUM_ORDERS', 'maxNumOrders': 200}, {'filterType': 'MAX_NUM_ALGO_ORDERS', 'maxNumAlgoOrders': 5}]",['SPOT'],EXPIRE_MAKER,"['EXPIRE_TAKER', 'EXPIRE_MAKER', 'EXPIRE_BOTH']",1.00000000,1.00000000,1000000.00000000,0.00010000,0.00010000,9000.00000000,1.00000000
401,OXTUSD,BREAK,OXT,8,USD,8,8,8,8,"['LIMIT', 'LIMIT_MAKER', 'MARKET', 'STOP_LOSS_LIMIT', 'TAKE_PROFIT_LIMIT']",True,True,True,True,True,True,False,"[{'filterType': 'PRICE_FILTER', 'minPrice': '0.00010000', 'maxPrice': '10000.00000000', 'tickSize': '0.00010000'}, {'filterType': 'PERCENT_PRICE', 'multiplierUp': '5', 'multiplierDown': '0.2', 'avgPriceMins': 5}, {'filterType': 'LOT_SIZE', 'minQty': '1.00000000', 'maxQty': '922327.00000000', 'stepSize': '1.00000000'}, {'filterType': 'MIN_NOTIONAL', 'minNotional': '1.00000000', 'applyToMarket': True, 'avgPriceMins': 5}, {'filterType': 'ICEBERG_PARTS', 'limit': 10}, {'filterType': 'MARKET_LOT_SIZE', 'minQty': '0.00000000', 'maxQty': '682136.82107366', 'stepSize': '0.00000000'}, {'filterType': 'TRAILING_DELTA', 'minTrailingAboveDelta': 10, 'maxTrailingAboveDelta': 2000, 'minTrailingBelowDelta': 10, 'maxTrailingBelowDelta': 2000}, {'filterType': 'MAX_NUM_ORDERS', 'maxNumOrders': 200}, {'filterType': 'MAX_NUM_ALGO_ORDERS', 'maxNumAlgoOrders': 5}]",['SPOT'],EXPIRE_MAKER,"['EXPIRE_TAKER', 'EXPIRE_MAKER', 'EXPIRE_BOTH']",0.00010000,0.00010000,10000.00000000,1.00000000,1.00000000,922327.00000000,1.00000000
402,ZENUSD,BREAK,ZEN,8,USD,8,8,8,8,"['LIMIT', 'LIMIT_MAKER', 'MARKET', 'STOP_LOSS_LIMIT', 'TAKE_PROFIT_LIMIT']",True,True,True,True,True,True,False,"[{'filterType': 'PRICE_FILTER', 'minPrice': '0.01000000', 'maxPrice': '10000.00000000', 'tickSize': '0.01000000'}, {'filterType': 'PERCENT_PRICE', 'multiplierUp': '5', 'multiplierDown': '0.2', 'avgPriceMins': 5}, {'filterType': 'LOT_SIZE', 'minQty': '0.01000000', 'maxQty': '900000.00000000', 'stepSize': '0.01000000'}, {'filterType': 'MIN_NOTIONAL', 'minNotional': '1.00000000', 'applyToMarket': True, 'avgPriceMins': 5}, {'filterType': 'ICEBERG_PARTS', 'limit': 10}, {'filterType': 'MARKET_LOT_SIZE', 'minQty': '0.00000000', 'maxQty': '3922.88797292', 'stepSize': '0.00000000'}, {'filterType': 'TRAILING_DELTA', 'minTrailingAboveDelta': 10, 'maxTrailingAboveDelta': 2000, 'minTrailingBelowDelta': 10, 'maxTrailingBelowDelta': 2000}, {'filterType': 'MAX_NUM_ORDERS', 'maxNumOrders': 200}, {'filterType': 'MAX_NUM_ALGO_ORDERS', 'maxNumAlgoOrders': 5}]",['SPOT'],EXPIRE_MAKER,"['EXPIRE_TAKER', 'EXPIRE_MAKER', 'EXPIRE_BOTH']",0.01000000,0.01000000,10000.00000000,0.01000000,0.01000000,900000.00000000,1.00000000
403,FILUSD,BREAK,FIL,8,USD,8,8,8,8,"['LIMIT', 'LIMIT_MAKER', 'MARKET', 'STOP_LOSS_LIMIT', 'TAKE_PROFIT_LIMIT']",True,True,True,True,True,True,False,"[{'filterType': 'PRICE_FILTER', 'minPrice': '0.00100000', 'maxPrice': '10000.00000000', 'tickSize': '0.00100000'}, {'filterType': 'LOT_SIZE', 'minQty': '0.01000000', 'maxQty': '9222449.00000000', 'stepSize': '0.01000000'}, {'filterType': 'MIN_NOTIONAL', 'minNotional': '1.00000000', 'applyToMarket': True, 'avgPriceMins': 5}, {'filterType': 'ICEBERG_PARTS', 'limit': 10}, {'filterType': 'MARKET_LOT_SIZE', 'minQty': '0.00000000', 'maxQty': '727.53816000', 'stepSize': '0.00000000'}, {'filterType': 'TRAILING_DELTA', 'minTrailingAboveDelta': 10, 'maxTrailingAboveDelta': 2000, 'minTrailingBelowDelta': 10, 'maxTrailingBelowDelta': 2000}, {'filterType': 'PERCENT_PRICE_BY_SIDE', 'bidMultiplierUp': '1.25', 'bidMultiplierDown': '0.2', 'askMultiplierUp': '5', 'askMultiplierDown': '0.75', 'avgPriceMins': 5}, {'filterType': 'MAX_NUM_ORDERS', 'maxNumOrders': 200}, {'filterType': 'MAX_NUM_ALGO_ORDERS', 'maxNumAlgoOrders': 5}]",['SPOT'],EXPIRE_MAKER,"['EXPIRE_TAKER', 'EXPIRE_MAKER', 'EXPIRE_BOTH']",0.00100000,0.00100000,10000.00000000,0.01000000,0.01000000,9222449.00000000,1.00000000
404,AAVEUSD,TRADING,AAVE,8,USD,8,8,8,8,"['LIMIT', 'LIMIT_MAKER', 'MARKET', 'STOP_LOSS_LIMIT', 'TAKE_PROFIT_LIMIT']",True,True,True,True,True,True,False,"[{'filterType': 'PRICE_FILTER', 'minPrice': '0.01000000', 'maxPrice': '100000.00000000', 'tickSize': '0.01000000'}, {'filterType': 'LOT_SIZE', 'minQty': '0.00100000', 'maxQty': '900000.00000000', 'stepSize': '0.00100000'}, {'filterType': 'MIN_NOTIONAL', 'minNotional': '1.00000000', 'applyToMarket': True, 'avgPriceMins': 5}, {'filterType': 'ICEBERG_PARTS', 'limit': 10}, {'filterType': 'MARKET_LOT_SIZE', 'minQty': '0.00000000', 'maxQty': '29.98100836', 'stepSize': '0.00000000'}, {'filterType': 'TRAILING_DELTA', 'minTrailingAboveDelta': 10, 'maxTrailingAboveDelta': 2000, 'minTrailingBelowDelta': 10, 'maxTrailingBelowDelta': 2000}, {'filterType': 'PERCENT_PRICE_BY_SIDE', 'bidMultiplierUp': '1.25', 'bidMultiplierDown': '0.2', 'askMultiplierUp': '5', 'askMultiplierDown': '0.75', 'avgPriceMins': 5}, {'filterType': 'MAX_NUM_ORDERS', 'maxNumOrders': 200}, {'filterType': 'MAX_NUM_ALGO_ORDERS', 'maxNumAlgoOrders': 5}]",['SPOT'],EXPIRE_MAKER,"['EXPIRE_TAKER', 'EXPIRE_MAKER', 'EXPIRE_BOTH']",0.01000000,0.01000000,100000.00000000,0.00100000,0.00100000,900000.00000000,1.00000000
405,GRTUSD,TRADING,GRT,8,USD,8,8,8,8,"['LIMIT', 'LIMIT_MAKER', 'MARKET', 'STOP_LOSS_LIMIT', 'TAKE_PROFIT_LIMIT']",True,True,True,True,True,True,False,"[{'filterType': 'PRICE_FILTER', 'minPrice': '0.00010000', 'maxPrice': '1000.00000000', 'tickSize': '0.00010000'}, {'filterType': 'LOT_SIZE', 'minQty': '1.00000000', 'maxQty': '900000.00000000', 'stepSize': '1.00000000'}, {'filterType': 'MIN_NOTIONAL', 'minNotional': '1.00000000', 'applyToMarket': True, 'avgPriceMins': 5}, {'filterType': 'ICEBERG_PARTS', 'limit': 10}, {'filterType': 'MARKET_LOT_SIZE', 'minQty': '0.00000000', 'maxQty': '45247.15899581', 'stepSize': '0.00000000'}, {'filterType': 'TRAILING_DELTA', 'minTrailingAboveDelta': 10, 'maxTrailingAboveDelta': 2000, 'minTrailingBelowDelta': 10, 'maxTrailingBelowDelta': 2000}, {'filterType': 'PERCENT_PRICE_BY_SIDE', 'bidMultiplierUp': '1.25', 'bidMultiplierDown': '0.2', 'askMultiplierUp': '5', 'askMultiplierDown': '0.75', 'avgPriceMins': 5}, {'filterType': 'MAX_NUM_ORDERS', 'maxNumOrders': 200}, {'filterType': 'MAX_NUM_ALGO_ORDERS', 'maxNumAlgoOrders': 5}]",['SPOT'],EXPIRE_MAKER,"['EXPIRE_TAKER', 'EXPIRE_MAKER', 'EXPIRE_BOTH']",0.00010000,0.00010000,1000.00000000,1.00000000,1.00000000,900000.00000000,1.00000000
406,SUSHIUSD,TRADING,SUSHI,8,USD,8,8,8,8,"['LIMIT', 'LIMIT_MAKER', 'MARKET', 'STOP_LOSS_LIMIT', 'TAKE_PROFIT_LIMIT']",True,True,True,True,True,True,False,"[{'filterType': 'PRICE_FILTER', 'minPrice': '0.00100000', 'maxPrice': '10000.00000000', 'tickSize': '0.00100000'}, {'filterType': 'LOT_SIZE', 'minQty': '0.10000000', 'maxQty': '90000.00000000', 'stepSize': '0.10000000'}, {'filterType': 'MIN_NOTIONAL', 'minNotional': '1.00000000', 'applyToMarket': True, 'avgPriceMins': 5}, {'filterType': 'ICEBERG_PARTS', 'limit': 10}, {'filterType': 'MARKET_LOT_SIZE', 'minQty': '0.00000000', 'maxQty': '744.46778242', 'stepSize': '0.00000000'}, {'filterType': 'TRAILING_DELTA', 'minTrailingAboveDelta': 10, 'maxTrailingAboveDelta': 2000, 'minTrailingBelowDelta': 10, 'maxTrailingBelowDelta': 2000}, {'filterType': 'PERCENT_PRICE_BY_SIDE', 'bidMultiplierUp': '1.25', 'bidMultiplierDown': '0.2', 'askMultiplierUp': '5', 'askMultiplierDown': '0.75', 'avgPriceMins': 5}, {'filterType': 'MAX_NUM_ORDERS', 'maxNumOrders': 200}, {'filterType': 'MAX_NUM_ALGO_ORDERS', 'maxNumAlgoOrders': 5}]",['SPOT'],EXPIRE_MAKER,"['EXPIRE_TAKER', 'EXPIRE_MAKER', 'EXPIRE_BOTH']",0.00100000,0.00100000,10000.00000000,0.10000000,0.10000000,90000.00000000,1.00000000
407,ANKRUSD,BREAK,ANKR,8,USD,8,8,8,8,"['LIMIT', 'LIMIT_MAKER', 'MARKET', 'STOP_LOSS_LIMIT', 'TAKE_PROFIT_LIMIT']",True,True,True,True,True,True,False,"[{'filterType': 'PRICE_FILTER', 'minPrice': '0.00001000', 'maxPrice': '1000.00000000', 'tickSize': '0.00001000'}, {'filterType': 'PERCENT_PRICE', 'multiplierUp': '5', 'multiplierDown': '0.2', 'avgPriceMins': 5}, {'filterType': 'LOT_SIZE', 'minQty': '0.10000000', 'maxQty': '9000000.00000000', 'stepSize': '0.10000000'}, {'filterType': 'MIN_NOTIONAL', 'minNotional': '1.00000000', 'applyToMarket': True, 'avgPriceMins': 5}, {'filterType': 'ICEBERG_PARTS', 'limit': 10}, {'filterType': 'MARKET_LOT_SIZE', 'minQty': '0.00000000', 'maxQty': '4075695.89444058', 'stepSize': '0.00000000'}, {'filterType': 'TRAILING_DELTA', 'minTrailingAboveDelta': 10, 'maxTrailingAboveDelta': 2000, 'minTrailingBelowDelta': 10, 'maxTrailingBelowDelta': 2000}, {'filterType': 'MAX_NUM_ORDERS', 'maxNumOrders': 200}, {'filterType': 'MAX_NUM_ALGO_ORDERS', 'maxNumAlgoOrders': 5}]",['SPOT'],EXPIRE_MAKER,"['EXPIRE_TAKER', 'EXPIRE_MAKER', 'EXPIRE_BOTH']",0.00001000,0.00001000,1000.00000000,0.10000000,0.10000000,9000000.00000000,1.00000000
408,CRVUSD,TRADING,CRV,8,USD,8,8,8,8,"['LIMIT', 'LIMIT_MAKER', 'MARKET', 'STOP_LOSS_LIMIT', 'TAKE_PROFIT_LIMIT']",True,True,True,True,True,True,False,"[{'filterType': 'PRICE_FILTER', 'minPrice': '0.00010000', 'maxPrice': '10000.00000000', 'tickSize': '0.00010000'}, {'filterType': 'LOT_SIZE', 'minQty': '0.10000000', 'maxQty': '922327.00000000', 'stepSize': '0.10000000'}, {'filterType': 'MIN_NOTIONAL', 'minNotional': '1.00000000', 'applyToMarket': True, 'avgPriceMins': 5}, {'filterType': 'ICEBERG_PARTS', 'limit': 10}, {'filterType': 'MARKET_LOT_SIZE', 'minQty': '0.00000000', 'maxQty': '1879.13891213', 'stepSize': '0.00000000'}, {'filterType': 'TRAILING_DELTA', 'minTrailingAboveDelta': 10, 'maxTrailingAboveDelta': 2000, 'minTrailingBelowDelta': 10, 'maxTrailingBelowDelta': 2000}, {'filterType': 'PERCENT_PRICE_BY_SIDE', 'bidMultiplierUp': '1.25', 'bidMultiplierDown': '0.2', 'askMultiplierUp': '5', 'askMultiplierDown': '0.75', 'avgPriceMins': 5}, {'filterType': 'MAX_NUM_ORDERS', 'maxNumOrders': 200}, {'filterType': 'MAX_NUM_ALGO_ORDERS', 'maxNumAlgoOrders': 5}]",['SPOT'],EXPIRE_MAKER,"['EXPIRE_TAKER', 'EXPIRE_MAKER', 'EXPIRE_BOTH']",0.00010000,0.00010000,10000.00000000,0.10000000,0.10000000,922327.00000000,1.00000000
409,AXSUSD,BREAK,AXS,8,USD,8,8,8,8,"['LIMIT', 'LIMIT_MAKER', 'MARKET', 'STOP_LOSS_LIMIT', 'TAKE_PROFIT_LIMIT']",True,True,True,True,True,True,False,"[{'filterType': 'PRICE_FILTER', 'minPrice': '0.01000000', 'maxPrice': '1000.00000000', 'tickSize': '0.01000000'}, {'filterType': 'PERCENT_PRICE', 'multiplierUp': '5', 'multiplierDown': '0.2', 'avgPriceMins': 5}, {'filterType': 'LOT_SIZE', 'minQty': '0.01000000', 'maxQty': '900000.00000000', 'stepSize': '0.01000000'}, {'filterType': 'MIN_NOTIONAL', 'minNotional': '1.00000000', 'applyToMarket': True, 'avgPriceMins': 5}, {'filterType': 'ICEBERG_PARTS', 'limit': 10}, {'filterType': 'MARKET_LOT_SIZE', 'minQty': '0.00000000', 'maxQty': '3434.86926736', 'stepSize': '0.00000000'}, {'filterType': 'TRAILING_DELTA', 'minTrailingAboveDelta': 10, 'maxTrailingAboveDelta': 2000, 'minTrailingBelowDelta': 10, 'maxTrailingBelowDelta': 2000}, {'filterType': 'MAX_NUM_ORDERS', 'maxNumOrders': 200}, {'filterType': 'MAX_NUM_ALGO_ORDERS', 'maxNumAlgoOrders': 5}]",['SPOT'],EXPIRE_MAKER,"['EXPIRE_TAKER', 'EXPIRE_MAKER', 'EXPIRE_BOTH']",0.01000000,0.01000000,1000.00000000,0.01000000,0.01000000,900000.00000000,1.00000000
410,AVAXUSD,TRADING,AVAX,8,USD,8,8,8,8,"['LIMIT', 'LIMIT_MAKER', 'MARKET', 'STOP_LOSS_LIMIT', 'TAKE_PROFIT_LIMIT']",True,True,True,True,True,True,False,"[{'filterType': 'PRICE_FILTER', 'minPrice': '0.01000000', 'maxPrice': '10000.00000000', 'tickSize': '0.01000000'}, {'filterType': 'LOT_SIZE', 'minQty': '0.01000000', 'maxQty': '90000.00000000', 'stepSize': '0.01000000'}, {'filterType': 'MIN_NOTIONAL', 'minNotional': '1.00000000', 'applyToMarket': True, 'avgPriceMins': 5}, {'filterType': 'ICEBERG_PARTS', 'limit': 10}, {'filterType': 'MARKET_LOT_SIZE', 'minQty': '0.00000000', 'maxQty': '2212.18322175', 'stepSize': '0.00000000'}, {'filterType': 'TRAILING_DELTA', 'minTrailingAboveDelta': 10, 'maxTrailingAboveDelta': 2000, 'minTrailingBelowDelta': 10, 'maxTrailingBelowDelta': 2000}, {'filterType': 'PERCENT_PRICE_BY_SIDE', 'bidMultiplierUp': '1.25', 'bidMultiplierDown': '0.2', 'askMultiplierUp': '5', 'askMultiplierDown': '0.75', 'avgPriceMins': 5}, {'filterType': 'MAX_NUM_ORDERS', 'maxNumOrders': 200}, {'filterType': 'MAX_NUM_ALGO_ORDERS', 'maxNumAlgoOrders': 5}]",['SPOT'],EXPIRE_MAKER,"['EXPIRE_TAKER', 'EXPIRE_MAKER', 'EXPIRE_BOTH']",0.01000000,0.01000000,10000.00000000,0.01000000,0.01000000,90000.00000000,1.00000000
411,CTSIUSD,BREAK,CTSI,8,USD,8,8,8,8,"['LIMIT', 'LIMIT_MAKER', 'MARKET', 'STOP_LOSS_LIMIT', 'TAKE_PROFIT_LIMIT']",True,True,True,True,True,True,False,"[{'filterType': 'PRICE_FILTER', 'minPrice': '0.00010000', 'maxPrice': '1000.00000000', 'tickSize': '0.00010000'}, {'filterType': 'PERCENT_PRICE', 'multiplierUp': '5', 'multiplierDown': '0.2', 'avgPriceMins': 5}, {'filterType': 'LOT_SIZE', 'minQty': '1.00000000', 'maxQty': '9000000.00000000', 'stepSize': '1.00000000'}, {'filterType': 'MIN_NOTIONAL', 'minNotional': '1.00000000', 'applyToMarket': True, 'avgPriceMins': 5}, {'filterType': 'ICEBERG_PARTS', 'limit': 10}, {'filterType': 'MARKET_LOT_SIZE', 'minQty': '0.00000000', 'maxQty': '297335.32592078', 'stepSize': '0.00000000'}, {'filterType': 'TRAILING_DELTA', 'minTrailingAboveDelta': 10, 'maxTrailingAboveDelta': 2000, 'minTrailingBelowDelta': 10, 'maxTrailingBelowDelta': 2000}, {'filterType': 'MAX_NUM_ORDERS', 'maxNumOrders': 200}, {'filterType': 'MAX_NUM_ALGO_ORDERS', 'maxNumAlgoOrders': 5}]",['SPOT'],EXPIRE_MAKER,"['EXPIRE_TAKER', 'EXPIRE_MAKER', 'EXPIRE_BOTH']",0.00010000,0.00010000,1000.00000000,1.00000000,1.00000000,9000000.00000000,1.00000000
412,DOTUSD,TRADING,DOT,8,USD,8,8,8,8,"['LIMIT', 'LIMIT_MAKER', 'MARKET', 'STOP_LOSS_LIMIT', 'TAKE_PROFIT_LIMIT']",True,True,True,True,True,True,False,"[{'filterType': 'PRICE_FILTER', 'minPrice': '0.00100000', 'maxPrice': '10000.00000000', 'tickSize': '0.00100000'}, {'filterType': 'LOT_SIZE', 'minQty': '0.01000000', 'maxQty': '90000.00000000', 'stepSize': '0.01000000'}, {'filterType': 'MIN_NOTIONAL', 'minNotional': '1.00000000', 'applyToMarket': True, 'avgPriceMins': 5}, {'filterType': 'ICEBERG_PARTS', 'limit': 10}, {'filterType': 'MARKET_LOT_SIZE', 'minQty': '0.00000000', 'maxQty': '1947.45845188', 'stepSize': '0.00000000'}, {'filterType': 'TRAILING_DELTA', 'minTrailingAboveDelta': 10, 'maxTrailingAboveDelta': 2000, 'minTrailingBelowDelta': 10, 'maxTrailingBelowDelta': 2000}, {'filterType': 'PERCENT_PRICE_BY_SIDE', 'bidMultiplierUp': '1.25', 'bidMultiplierDown': '0.2', 'askMultiplierUp': '5', 'askMultiplierDown': '0.75', 'avgPriceMins': 5}, {'filterType': 'MAX_NUM_ORDERS', 'maxNumOrders': 200}, {'filterType': 'MAX_NUM_ALGO_ORDERS', 'maxNumAlgoOrders': 5}]",['SPOT'],EXPIRE_MAKER,"['EXPIRE_TAKER', 'EXPIRE_MAKER', 'EXPIRE_BOTH']",0.00100000,0.00100000,10000.00000000,0.01000000,0.01000000,90000.00000000,1.00000000
413,YFIUSD,BREAK,YFI,8,USD,8,8,8,8,"['LIMIT', 'LIMIT_MAKER', 'MARKET', 'STOP_LOSS_LIMIT', 'TAKE_PROFIT_LIMIT']",True,True,True,True,True,True,False,"[{'filterType': 'PRICE_FILTER', 'minPrice': '1.00000000', 'maxPrice': '1000000.00000000', 'tickSize': '1.00000000'}, {'filterType': 'PERCENT_PRICE', 'multiplierUp': '5', 'multiplierDown': '0.2', 'avgPriceMins': 5}, {'filterType': 'LOT_SIZE', 'minQty': '0.00001000', 'maxQty': '9000.00000000', 'stepSize': '0.00001000'}, {'filterType': 'MIN_NOTIONAL', 'minNotional': '1.00000000', 'applyToMarket': True, 'avgPriceMins': 5}, {'filterType': 'ICEBERG_PARTS', 'limit': 10}, {'filterType': 'MARKET_LOT_SIZE', 'minQty': '0.00000000', 'maxQty': '13.13710975', 'stepSize': '0.00000000'}, {'filterType': 'TRAILING_DELTA', 'minTrailingAboveDelta': 10, 'maxTrailingAboveDelta': 2000, 'minTrailingBelowDelta': 10, 'maxTrailingBelowDelta': 2000}, {'filterType': 'MAX_NUM_ORDERS', 'maxNumOrders': 200}, {'filterType': 'MAX_NUM_ALGO_ORDERS', 'maxNumAlgoOrders': 5}]",['SPOT'],EXPIRE_MAKER,"['EXPIRE_TAKER', 'EXPIRE_MAKER', 'EXPIRE_BOTH']",1.00000000,1.00000000,1000000.00000000,0.00001000,0.00001000,9000.00000000,1.00000000
414,1INCHUSD,BREAK,1INCH,8,USD,8,8,8,8,"['LIMIT', 'LIMIT_MAKER', 'MARKET', 'STOP_LOSS_LIMIT', 'TAKE_PROFIT_LIMIT']",True,True,True,True,True,True,False,"[{'filterType': 'PRICE_FILTER', 'minPrice': '0.00100000', 'maxPrice': '1000.00000000', 'tickSize': '0.00100000'}, {'filterType': 'PERCENT_PRICE', 'multiplierUp': '5', 'multiplierDown': '0.2', 'avgPriceMins': 5}, {'filterType': 'LOT_SIZE', 'minQty': '0.10000000', 'maxQty': '900000.00000000', 'stepSize': '0.10000000'}, {'filterType': 'MIN_NOTIONAL', 'minNotional': '1.00000000', 'applyToMarket': True, 'avgPriceMins': 5}, {'filterType': 'ICEBERG_PARTS', 'limit': 10}, {'filterType': 'MARKET_LOT_SIZE', 'minQty': '0.00000000', 'maxQty': '67278.23193190', 'stepSize': '0.00000000'}, {'filterType': 'TRAILING_DELTA', 'minTrailingAboveDelta': 10, 'maxTrailingAboveDelta': 2000, 'minTrailingBelowDelta': 10, 'maxTrailingBelowDelta': 2000}, {'filterType': 'MAX_NUM_ORDERS', 'maxNumOrders': 200}, {'filterType': 'MAX_NUM_ALGO_ORDERS', 'maxNumAlgoOrders': 5}]",['SPOT'],EXPIRE_MAKER,"['EXPIRE_TAKER', 'EXPIRE_MAKER', 'EXPIRE_BOTH']",0.00100000,0.00100000,1000.00000000,0.10000000,0.10000000,900000.00000000,1.00000000
415,FTMUSD,BREAK,FTM,8,USD,8,8,8,8,"['LIMIT', 'LIMIT_MAKER', 'MARKET', 'STOP_LOSS_LIMIT', 'TAKE_PROFIT_LIMIT']",True,True,True,True,True,True,False,"[{'filterType': 'PRICE_FILTER', 'minPrice': '0.00010000', 'maxPrice': '1000.00000000', 'tickSize': '0.00010000'}, {'filterType': 'PERCENT_PRICE', 'multiplierUp': '5', 'multiplierDown': '0.2', 'avgPriceMins': 5}, {'filterType': 'LOT_SIZE', 'minQty': '1.00000000', 'maxQty': '9000000.00000000', 'stepSize': '1.00000000'}, {'filterType': 'MIN_NOTIONAL', 'minNotional': '1.00000000', 'applyToMarket': True, 'avgPriceMins': 5}, {'filterType': 'ICEBERG_PARTS', 'limit': 10}, {'filterType': 'MARKET_LOT_SIZE', 'minQty': '0.00000000', 'maxQty': '365811.70048645', 'stepSize': '0.00000000'}, {'filterType': 'TRAILING_DELTA', 'minTrailingAboveDelta': 10, 'maxTrailingAboveDelta': 2000, 'minTrailingBelowDelta': 10, 'maxTrailingBelowDelta': 2000}, {'filterType': 'MAX_NUM_ORDERS', 'maxNumOrders': 200}, {'filterType': 'MAX_NUM_ALGO_ORDERS', 'maxNumAlgoOrders': 5}]",['SPOT'],EXPIRE_MAKER,"['EXPIRE_TAKER', 'EXPIRE_MAKER', 'EXPIRE_BOTH']",0.00010000,0.00010000,1000.00000000,1.00000000,1.00000000,9000000.00000000,1.00000000
416,NEARUSD,TRADING,NEAR,8,USD,8,8,8,8,"['LIMIT', 'LIMIT_MAKER', 'MARKET', 'STOP_LOSS_LIMIT', 'TAKE_PROFIT_LIMIT']",True,True,True,True,True,True,False,"[{'filterType': 'PRICE_FILTER', 'minPrice': '0.00100000', 'maxPrice': '1000.00000000', 'tickSize': '0.00100000'}, {'filterType': 'LOT_SIZE', 'minQty': '0.10000000', 'maxQty': '900000.00000000', 'stepSize': '0.10000000'}, {'filterType': 'MIN_NOTIONAL', 'minNotional': '1.00000000', 'applyToMarket': True, 'avgPriceMins': 5}, {'filterType': 'ICEBERG_PARTS', 'limit': 10}, {'filterType': 'MARKET_LOT_SIZE', 'minQty': '0.00000000', 'maxQty': '1318.77322175', 'stepSize': '0.00000000'}, {'filterType': 'TRAILING_DELTA', 'minTrailingAboveDelta': 10, 'maxTrailingAboveDelta': 2000, 'minTrailingBelowDelta': 10, 'maxTrailingBelowDelta': 2000}, {'filterType': 'PERCENT_PRICE_BY_SIDE', 'bidMultiplierUp': '1.25', 'bidMultiplierDown': '0.2', 'askMultiplierUp': '5', 'askMultiplierDown': '0.75', 'avgPriceMins': 5}, {'filterType': 'MAX_NUM_ORDERS', 'maxNumOrders': 200}, {'filterType': 'MAX_NUM_ALGO_ORDERS', 'maxNumAlgoOrders': 5}]",['SPOT'],EXPIRE_MAKER,"['EXPIRE_TAKER', 'EXPIRE_MAKER', 'EXPIRE_BOTH']",0.00100000,0.00100000,1000.00000000,0.10000000,0.10000000,900000.00000000,1.00000000
417,LRCUSD,BREAK,LRC,8,USD,8,8,8,8,"['LIMIT', 'LIMIT_MAKER', 'MARKET', 'STOP_LOSS_LIMIT', 'TAKE_PROFIT_LIMIT']",True,True,True,True,True,True,False,"[{'filterType': 'PRICE_FILTER', 'minPrice': '0.00010000', 'maxPrice': '1000.00000000', 'tickSize': '0.00010000'}, {'filterType': 'PERCENT_PRICE', 'multiplierUp': '5', 'multiplierDown': '0.2', 'avgPriceMins': 5}, {'filterType': 'LOT_SIZE', 'minQty': '1.00000000', 'maxQty': '9000000.00000000', 'stepSize': '1.00000000'}, {'filterType': 'MIN_NOTIONAL', 'minNotional': '1.00000000', 'applyToMarket': True, 'avgPriceMins': 5}, {'filterType': 'ICEBERG_PARTS', 'limit': 10}, {'filterType': 'MARKET_LOT_SIZE', 'minQty': '0.00000000', 'maxQty': '569490.26250000', 'stepSize': '0.00000000'}, {'filterType': 'TRAILING_DELTA', 'minTrailingAboveDelta': 10, 'maxTrailingAboveDelta': 2000, 'minTrailingBelowDelta': 10, 'maxTrailingBelowDelta': 2000}, {'filterType': 'MAX_NUM_ORDERS', 'maxNumOrders': 200}, {'filterType': 'MAX_NUM_ALGO_ORDERS', 'maxNumAlgoOrders': 5}]",['SPOT'],EXPIRE_MAKER,"['EXPIRE_TAKER', 'EXPIRE_MAKER', 'EXPIRE_BOTH']",0.00010000,0.00010000,1000.00000000,1.00000000,1.00000000,9000000.00000000,1.00000000
418,KSHIBUSD,BREAK,KSHIB,4,USD,8,8,4,8,"['LIMIT', 'LIMIT_MAKER', 'MARKET', 'STOP_LOSS_LIMIT', 'TAKE_PROFIT_LIMIT']",True,True,True,True,True,True,False,"[{'filterType': 'PRICE_FILTER', 'minPrice': '0.00010000', 'maxPrice': '3.00000000', 'tickSize': '0.00010000'}, {'filterType': 'PERCENT_PRICE', 'multiplierUp': '5', 'multiplierDown': '0.2', 'avgPriceMins': 5}, {'filterType': 'LOT_SIZE', 'minQty': '1.0000', 'maxQty': '46116860.0000', 'stepSize': '1.0000'}, {'filterType': 'MIN_NOTIONAL', 'minNotional': '10.00000000', 'applyToMarket': True, 'avgPriceMins': 5}, {'filterType': 'ICEBERG_PARTS', 'limit': 10}, {'filterType': 'MARKET_LOT_SIZE', 'minQty': '0.0000', 'maxQty': '46116860.0000', 'stepSize': '0.0000'}, {'filterType': 'TRAILING_DELTA', 'minTrailingAboveDelta': 10, 'maxTrailingAboveDelta': 2000, 'minTrailingBelowDelta': 10, 'maxTrailingBelowDelta': 2000}, {'filterType': 'MAX_NUM_ORDERS', 'maxNumOrders': 200}, {'filterType': 'MAX_NUM_ALGO_ORDERS', 'maxNumAlgoOrders': 5}]",['SPOT'],EXPIRE_MAKER,"['EXPIRE_TAKER', 'EXPIRE_MAKER', 'EXPIRE_BOTH']",0.00010000,0.00010000,3.00000000,1.0000,1.0000,46116860.0000,10.00000000
419,LPTUSD,TRADING,LPT,8,USD,8,8,8,8,"['LIMIT', 'LIMIT_MAKER', 'MARKET', 'STOP_LOSS_LIMIT', 'TAKE_PROFIT_LIMIT']",True,True,True,True,True,True,False,"[{'filterType': 'PRICE_FILTER', 'minPrice': '0.00100000', 'maxPrice': '10000.00000000', 'tickSize': '0.00100000'}, {'filterType': 'LOT_SIZE', 'minQty': '0.01000000', 'maxQty': '9222440.00000000', 'stepSize': '0.01000000'}, {'filterType': 'MIN_NOTIONAL', 'minNotional': '1.00000000', 'applyToMarket': True, 'avgPriceMins': 5}, {'filterType': 'ICEBERG_PARTS', 'limit': 10}, {'filterType': 'MARKET_LOT_SIZE', 'minQty': '0.00000000', 'maxQty': '1014.66753138', 'stepSize': '0.00000000'}, {'filterType': 'TRAILING_DELTA', 'minTrailingAboveDelta': 10, 'maxTrailingAboveDelta': 2000, 'minTrailingBelowDelta': 10, 'maxTrailingBelowDelta': 2000}, {'filterType': 'PERCENT_PRICE_BY_SIDE', 'bidMultiplierUp': '1.25', 'bidMultiplierDown': '0.2', 'askMultiplierUp': '5', 'askMultiplierDown': '0.75', 'avgPriceMins': 5}, {'filterType': 'MAX_NUM_ORDERS', 'maxNumOrders': 200}, {'filterType': 'MAX_NUM_ALGO_ORDERS', 'maxNumAlgoOrders': 5}]",['SPOT'],EXPIRE_MAKER,"['EXPIRE_TAKER', 'EXPIRE_MAKER', 'EXPIRE_BOTH']",0.00100000,0.00100000,10000.00000000,0.01000000,0.01000000,9222440.00000000,1.00000000
420,NMRUSD,BREAK,NMR,8,USD,8,8,8,8,"['LIMIT', 'LIMIT_MAKER', 'MARKET', 'STOP_LOSS_LIMIT', 'TAKE_PROFIT_LIMIT']",True,True,True,True,True,True,False,"[{'filterType': 'PRICE_FILTER', 'minPrice': '0.01000000', 'maxPrice': '10000.00000000', 'tickSize': '0.01000000'}, {'filterType': 'PERCENT_PRICE', 'multiplierUp': '5', 'multiplierDown': '0.2', 'avgPriceMins': 5}, {'filterType': 'LOT_SIZE', 'minQty': '0.01000000', 'maxQty': '90000.00000000', 'stepSize': '0.01000000'}, {'filterType': 'MIN_NOTIONAL', 'minNotional': '1.00000000', 'applyToMarket': True, 'avgPriceMins': 5}, {'filterType': 'ICEBERG_PARTS', 'limit': 10}, {'filterType': 'MARKET_LOT_SIZE', 'minQty': '0.00000000', 'maxQty': '4802.31217210', 'stepSize': '0.00000000'}, {'filterType': 'TRAILING_DELTA', 'minTrailingAboveDelta': 10, 'maxTrailingAboveDelta': 2000, 'minTrailingBelowDelta': 10, 'maxTrailingBelowDelta': 2000}, {'filterType': 'MAX_NUM_ORDERS', 'maxNumOrders': 200}, {'filterType': 'MAX_NUM_ALGO_ORDERS', 'maxNumAlgoOrders': 5}]",['SPOT'],EXPIRE_MAKER,"['EXPIRE_TAKER', 'EXPIRE_MAKER', 'EXPIRE_BOTH']",0.01000000,0.01000000,10000.00000000,0.01000000,0.01000000,90000.00000000,1.00000000
421,SLPUSD,BREAK,SLP,8,USD,8,8,8,8,"['LIMIT', 'LIMIT_MAKER', 'MARKET', 'STOP_LOSS_LIMIT', 'TAKE_PROFIT_LIMIT']",True,True,True,True,True,True,False,"[{'filterType': 'PRICE_FILTER', 'minPrice': '0.00000100', 'maxPrice': '1000.00000000', 'tickSize': '0.00000100'}, {'filterType': 'PERCENT_PRICE', 'multiplierUp': '5', 'multiplierDown': '0.2', 'avgPriceMins': 5}, {'filterType': 'LOT_SIZE', 'minQty': '1.00000000', 'maxQty': '90000000.00000000', 'stepSize': '1.00000000'}, {'filterType': 'MIN_NOTIONAL', 'minNotional': '1.00000000', 'applyToMarket': True, 'avgPriceMins': 5}, {'filterType': 'ICEBERG_PARTS', 'limit': 10}, {'filterType': 'MARKET_LOT_SIZE', 'minQty': '0.00000000', 'maxQty': '92141578.00000000', 'stepSize': '0.00000000'}, {'filterType': 'TRAILING_DELTA', 'minTrailingAboveDelta': 10, 'maxTrailingAboveDelta': 2000, 'minTrailingBelowDelta': 10, 'maxTrailingBelowDelta': 2000}, {'filterType': 'MAX_NUM_ORDERS', 'maxNumOrders': 200}, {'filterType': 'MAX_NUM_ALGO_ORDERS', 'maxNumAlgoOrders': 5}]",['SPOT'],EXPIRE_MAKER,"['EXPIRE_TAKER', 'EXPIRE_MAKER', 'EXPIRE_BOTH']",0.00000100,0.00000100,1000.00000000,1.00000000,1.00000000,90000000.00000000,1.00000000
422,ANTUSD,BREAK,ANT,8,USD,8,8,8,8,"['LIMIT', 'LIMIT_MAKER', 'MARKET', 'STOP_LOSS_LIMIT', 'TAKE_PROFIT_LIMIT']",True,True,True,True,True,True,False,"[{'filterType': 'PRICE_FILTER', 'minPrice': '0.00100000', 'maxPrice': '1000.00000000', 'tickSize': '0.00100000'}, {'filterType': 'PERCENT_PRICE', 'multiplierUp': '5', 'multiplierDown': '0.2', 'avgPriceMins': 5}, {'filterType': 'LOT_SIZE', 'minQty': '0.10000000', 'maxQty': '900000.00000000', 'stepSize': '0.10000000'}, {'filterType': 'MIN_NOTIONAL', 'minNotional': '1.00000000', 'applyToMarket': True, 'avgPriceMins': 5}, {'filterType': 'ICEBERG_PARTS', 'limit': 10}, {'filterType': 'MARKET_LOT_SIZE', 'minQty': '0.00000000', 'maxQty': '90347.52763888', 'stepSize': '0.00000000'}, {'filterType': 'TRAILING_DELTA', 'minTrailingAboveDelta': 10, 'maxTrailingAboveDelta': 2000, 'minTrailingBelowDelta': 10, 'maxTrailingBelowDelta': 2000}, {'filterType': 'MAX_NUM_ORDERS', 'maxNumOrders': 200}, {'filterType': 'MAX_NUM_ALGO_ORDERS', 'maxNumAlgoOrders': 5}]",['SPOT'],EXPIRE_MAKER,"['EXPIRE_TAKER', 'EXPIRE_MAKER', 'EXPIRE_BOTH']",0.00100000,0.00100000,1000.00000000,0.10000000,0.10000000,900000.00000000,1.00000000
423,XNOUSD,BREAK,XNO,8,USD,8,8,8,8,"['LIMIT', 'LIMIT_MAKER', 'MARKET', 'STOP_LOSS_LIMIT', 'TAKE_PROFIT_LIMIT']",True,True,True,True,True,True,False,"[{'filterType': 'PRICE_FILTER', 'minPrice': '0.00100000', 'maxPrice': '1000.00000000', 'tickSize': '0.00100000'}, {'filterType': 'PERCENT_PRICE', 'multiplierUp': '5', 'multiplierDown': '0.2', 'avgPriceMins': 5}, {'filterType': 'LOT_SIZE', 'minQty': '0.01000000', 'maxQty': '92141578.00000000', 'stepSize': '0.01000000'}, {'filterType': 'MIN_NOTIONAL', 'minNotional': '1.00000000', 'applyToMarket': True, 'avgPriceMins': 5}, {'filterType': 'ICEBERG_PARTS', 'limit': 10}, {'filterType': 'MARKET_LOT_SIZE', 'minQty': '0.00000000', 'maxQty': '36240.93046527', 'stepSize': '0.00000000'}, {'filterType': 'TRAILING_DELTA', 'minTrailingAboveDelta': 10, 'maxTrailingAboveDelta': 2000, 'minTrailingBelowDelta': 10, 'maxTrailingBelowDelta': 2000}, {'filterType': 'MAX_NUM_ORDERS', 'maxNumOrders': 200}, {'filterType': 'MAX_NUM_ALGO_ORDERS', 'maxNumAlgoOrders': 5}]",['SPOT'],EXPIRE_MAKER,"['EXPIRE_TAKER', 'EXPIRE_MAKER', 'EXPIRE_BOTH']",0.00100000,0.00100000,1000.00000000,0.01000000,0.01000000,92141578.00000000,1.00000000
424,CHZUSD,BREAK,CHZ,8,USD,8,8,8,8,"['LIMIT', 'LIMIT_MAKER', 'MARKET', 'STOP_LOSS_LIMIT', 'TAKE_PROFIT_LIMIT']",True,True,True,True,True,True,False,"[{'filterType': 'PRICE_FILTER', 'minPrice': '0.00010000', 'maxPrice': '1000.00000000', 'tickSize': '0.00010000'}, {'filterType': 'PERCENT_PRICE', 'multiplierUp': '5', 'multiplierDown': '0.2', 'avgPriceMins': 5}, {'filterType': 'LOT_SIZE', 'minQty': '1.00000000', 'maxQty': '9000000.00000000', 'stepSize': '1.00000000'}, {'filterType': 'MIN_NOTIONAL', 'minNotional': '1.00000000', 'applyToMarket': True, 'avgPriceMins': 5}, {'filterType': 'ICEBERG_PARTS', 'limit': 10}, {'filterType': 'MARKET_LOT_SIZE', 'minQty': '0.00000000', 'maxQty': '2767789.21666666', 'stepSize': '0.00000000'}, {'filterType': 'TRAILING_DELTA', 'minTrailingAboveDelta': 10, 'maxTrailingAboveDelta': 2000, 'minTrailingBelowDelta': 10, 'maxTrailingBelowDelta': 2000}, {'filterType': 'MAX_NUM_ORDERS', 'maxNumOrders': 200}, {'filterType': 'MAX_NUM_ALGO_ORDERS', 'maxNumAlgoOrders': 5}]",['SPOT'],EXPIRE_MAKER,"['EXPIRE_TAKER', 'EXPIRE_MAKER', 'EXPIRE_BOTH']",0.00010000,0.00010000,1000.00000000,1.00000000,1.00000000,9000000.00000000,1.00000000
425,OGNUSD,BREAK,OGN,8,USD,8,8,8,8,"['LIMIT', 'LIMIT_MAKER', 'MARKET', 'STOP_LOSS_LIMIT', 'TAKE_PROFIT_LIMIT']",True,True,True,True,True,True,False,"[{'filterType': 'PRICE_FILTER', 'minPrice': '0.00010000', 'maxPrice': '1000.00000000', 'tickSize': '0.00010000'}, {'filterType': 'PERCENT_PRICE', 'multiplierUp': '5', 'multiplierDown': '0.2', 'avgPriceMins': 5}, {'filterType': 'LOT_SIZE', 'minQty': '0.10000000', 'maxQty': '900000.00000000', 'stepSize': '0.10000000'}, {'filterType': 'MIN_NOTIONAL', 'minNotional': '1.00000000', 'applyToMarket': True, 'avgPriceMins': 5}, {'filterType': 'ICEBERG_PARTS', 'limit': 10}, {'filterType': 'MARKET_LOT_SIZE', 'minQty': '0.00000000', 'maxQty': '569534.45726198', 'stepSize': '0.00000000'}, {'filterType': 'TRAILING_DELTA', 'minTrailingAboveDelta': 10, 'maxTrailingAboveDelta': 2000, 'minTrailingBelowDelta': 10, 'maxTrailingBelowDelta': 2000}, {'filterType': 'MAX_NUM_ORDERS', 'maxNumOrders': 200}, {'filterType': 'MAX_NUM_ALGO_ORDERS', 'maxNumAlgoOrders': 5}]",['SPOT'],EXPIRE_MAKER,"['EXPIRE_TAKER', 'EXPIRE_MAKER', 'EXPIRE_BOTH']",0.00010000,0.00010000,1000.00000000,0.10000000,0.10000000,900000.00000000,1.00000000
426,GALAUSD,TRADING,GALA,8,USD,8,8,8,8,"['LIMIT', 'LIMIT_MAKER', 'MARKET', 'STOP_LOSS_LIMIT', 'TAKE_PROFIT_LIMIT']",True,True,True,True,True,True,False,"[{'filterType': 'PRICE_FILTER', 'minPrice': '0.00001000', 'maxPrice': '1000.00000000', 'tickSize': '0.00001000'}, {'filterType': 'LOT_SIZE', 'minQty': '1.00000000', 'maxQty': '92141578.00000000', 'stepSize': '1.00000000'}, {'filterType': 'MIN_NOTIONAL', 'minNotional': '1.00000000', 'applyToMarket': True, 'avgPriceMins': 5}, {'filterType': 'ICEBERG_PARTS', 'limit': 10}, {'filterType': 'MARKET_LOT_SIZE', 'minQty': '0.00000000', 'maxQty': '56321.38912133', 'stepSize': '0.00000000'}, {'filterType': 'TRAILING_DELTA', 'minTrailingAboveDelta': 10, 'maxTrailingAboveDelta': 2000, 'minTrailingBelowDelta': 10, 'maxTrailingBelowDelta': 2000}, {'filterType': 'PERCENT_PRICE_BY_SIDE', 'bidMultiplierUp': '1.25', 'bidMultiplierDown': '0.2', 'askMultiplierUp': '5', 'askMultiplierDown': '0.75', 'avgPriceMins': 5}, {'filterType': 'MAX_NUM_ORDERS', 'maxNumOrders': 200}, {'filterType': 'MAX_NUM_ALGO_ORDERS', 'maxNumAlgoOrders': 5}]",['SPOT'],EXPIRE_MAKER,"['EXPIRE_TAKER', 'EXPIRE_MAKER', 'EXPIRE_BOTH']",0.00001000,0.00001000,1000.00000000,1.00000000,1.00000000,92141578.00000000,1.00000000
427,TLMUSD,BREAK,TLM,8,USD,8,8,8,8,"['LIMIT', 'LIMIT_MAKER', 'MARKET', 'STOP_LOSS_LIMIT', 'TAKE_PROFIT_LIMIT']",True,True,True,True,True,True,False,"[{'filterType': 'PRICE_FILTER', 'minPrice': '0.00010000', 'maxPrice': '1000.00000000', 'tickSize': '0.00010000'}, {'filterType': 'PERCENT_PRICE', 'multiplierUp': '5', 'multiplierDown': '0.2', 'avgPriceMins': 5}, {'filterType': 'LOT_SIZE', 'minQty': '1.00000000', 'maxQty': '900000.00000000', 'stepSize': '1.00000000'}, {'filterType': 'MIN_NOTIONAL', 'minNotional': '1.00000000', 'applyToMarket': True, 'avgPriceMins': 5}, {'filterType': 'ICEBERG_PARTS', 'limit': 10}, {'filterType': 'MARKET_LOT_SIZE', 'minQty': '0.00000000', 'maxQty': '4720997.96455872', 'stepSize': '0.00000000'}, {'filterType': 'TRAILING_DELTA', 'minTrailingAboveDelta': 10, 'maxTrailingAboveDelta': 2000, 'minTrailingBelowDelta': 10, 'maxTrailingBelowDelta': 2000}, {'filterType': 'MAX_NUM_ORDERS', 'maxNumOrders': 200}, {'filterType': 'MAX_NUM_ALGO_ORDERS', 'maxNumAlgoOrders': 5}]",['SPOT'],EXPIRE_MAKER,"['EXPIRE_TAKER', 'EXPIRE_MAKER', 'EXPIRE_BOTH']",0.00010000,0.00010000,1000.00000000,1.00000000,1.00000000,900000.00000000,1.00000000
428,SNXUSD,BREAK,SNX,8,USD,8,8,8,8,"['LIMIT', 'LIMIT_MAKER', 'MARKET', 'STOP_LOSS_LIMIT', 'TAKE_PROFIT_LIMIT']",True,True,True,True,True,True,False,"[{'filterType': 'PRICE_FILTER', 'minPrice': '0.00100000', 'maxPrice': '10000.00000000', 'tickSize': '0.00100000'}, {'filterType': 'PERCENT_PRICE', 'multiplierUp': '5', 'multiplierDown': '0.2', 'avgPriceMins': 5}, {'filterType': 'LOT_SIZE', 'minQty': '0.10000000', 'maxQty': '90000.00000000', 'stepSize': '0.10000000'}, {'filterType': 'MIN_NOTIONAL', 'minNotional': '1.00000000', 'applyToMarket': True, 'avgPriceMins': 5}, {'filterType': 'ICEBERG_PARTS', 'limit': 10}, {'filterType': 'MARKET_LOT_SIZE', 'minQty': '0.00000000', 'maxQty': '39955.67692842', 'stepSize': '0.00000000'}, {'filterType': 'TRAILING_DELTA', 'minTrailingAboveDelta': 10, 'maxTrailingAboveDelta': 2000, 'minTrailingBelowDelta': 10, 'maxTrailingBelowDelta': 2000}, {'filterType': 'MAX_NUM_ORDERS', 'maxNumOrders': 200}, {'filterType': 'MAX_NUM_ALGO_ORDERS', 'maxNumAlgoOrders': 5}]",['SPOT'],EXPIRE_MAKER,"['EXPIRE_TAKER', 'EXPIRE_MAKER', 'EXPIRE_BOTH']",0.00100000,0.00100000,10000.00000000,0.10000000,0.10000000,90000.00000000,1.00000000
429,AUDIOUSD,BREAK,AUDIO,8,USD,8,8,8,8,"['LIMIT', 'LIMIT_MAKER', 'MARKET', 'STOP_LOSS_LIMIT', 'TAKE_PROFIT_LIMIT']",True,True,True,True,True,True,False,"[{'filterType': 'PRICE_FILTER', 'minPrice': '0.00010000', 'maxPrice': '1000.00000000', 'tickSize': '0.00010000'}, {'filterType': 'PERCENT_PRICE', 'multiplierUp': '5', 'multiplierDown': '0.2', 'avgPriceMins': 5}, {'filterType': 'LOT_SIZE', 'minQty': '0.10000000', 'maxQty': '900000.00000000', 'stepSize': '0.10000000'}, {'filterType': 'MIN_NOTIONAL', 'minNotional': '1.00000000', 'applyToMarket': True, 'avgPriceMins': 5}, {'filterType': 'ICEBERG_PARTS', 'limit': 10}, {'filterType': 'MARKET_LOT_SIZE', 'minQty': '0.00000000', 'maxQty': '241109.39353717', 'stepSize': '0.00000000'}, {'filterType': 'TRAILING_DELTA', 'minTrailingAboveDelta': 10, 'maxTrailingAboveDelta': 2000, 'minTrailingBelowDelta': 10, 'maxTrailingBelowDelta': 2000}, {'filterType': 'MAX_NUM_ORDERS', 'maxNumOrders': 200}, {'filterType': 'MAX_NUM_ALGO_ORDERS', 'maxNumAlgoOrders': 5}]",['SPOT'],EXPIRE_MAKER,"['EXPIRE_TAKER', 'EXPIRE_MAKER', 'EXPIRE_BOTH']",0.00010000,0.00010000,1000.00000000,0.10000000,0.10000000,900000.00000000,1.00000000
430,REQUSD,BREAK,REQ,8,USD,8,8,8,8,"['LIMIT', 'LIMIT_MAKER', 'MARKET', 'STOP_LOSS_LIMIT', 'TAKE_PROFIT_LIMIT']",True,True,True,True,True,True,False,"[{'filterType': 'PRICE_FILTER', 'minPrice': '0.00010000', 'maxPrice': '1000.00000000', 'tickSize': '0.00010000'}, {'filterType': 'PERCENT_PRICE', 'multiplierUp': '5', 'multiplierDown': '0.2', 'avgPriceMins': 5}, {'filterType': 'LOT_SIZE', 'minQty': '1.00000000', 'maxQty': '92141578.00000000', 'stepSize': '1.00000000'}, {'filterType': 'MIN_NOTIONAL', 'minNotional': '1.00000000', 'applyToMarket': True, 'avgPriceMins': 5}, {'filterType': 'ICEBERG_PARTS', 'limit': 10}, {'filterType': 'MARKET_LOT_SIZE', 'minQty': '0.00000000', 'maxQty': '933555.52605976', 'stepSize': '0.00000000'}, {'filterType': 'TRAILING_DELTA', 'minTrailingAboveDelta': 10, 'maxTrailingAboveDelta': 2000, 'minTrailingBelowDelta': 10, 'maxTrailingBelowDelta': 2000}, {'filterType': 'MAX_NUM_ORDERS', 'maxNumOrders': 200}, {'filterType': 'MAX_NUM_ALGO_ORDERS', 'maxNumAlgoOrders': 5}]",['SPOT'],EXPIRE_MAKER,"['EXPIRE_TAKER', 'EXPIRE_MAKER', 'EXPIRE_BOTH']",0.00010000,0.00010000,1000.00000000,1.00000000,1.00000000,92141578.00000000,1.00000000
431,APEUSD,BREAK,APE,8,USD,8,8,8,8,"['LIMIT', 'LIMIT_MAKER', 'MARKET', 'STOP_LOSS_LIMIT', 'TAKE_PROFIT_LIMIT']",True,True,True,True,True,True,False,"[{'filterType': 'PRICE_FILTER', 'minPrice': '0.00100000', 'maxPrice': '1000.00000000', 'tickSize': '0.00100000'}, {'filterType': 'PERCENT_PRICE', 'multiplierUp': '5', 'multiplierDown': '0.2', 'avgPriceMins': 5}, {'filterType': 'LOT_SIZE', 'minQty': '0.01000000', 'maxQty': '92141578.00000000', 'stepSize': '0.01000000'}, {'filterType': 'MIN_NOTIONAL', 'minNotional': '1.00000000', 'applyToMarket': True, 'avgPriceMins': 5}, {'filterType': 'ICEBERG_PARTS', 'limit': 10}, {'filterType': 'MARKET_LOT_SIZE', 'minQty': '0.00000000', 'maxQty': '92141578.00000000', 'stepSize': '0.00000000'}, {'filterType': 'TRAILING_DELTA', 'minTrailingAboveDelta': 10, 'maxTrailingAboveDelta': 2000, 'minTrailingBelowDelta': 10, 'maxTrailingBelowDelta': 2000}, {'filterType': 'MAX_NUM_ORDERS', 'maxNumOrders': 200}, {'filterType': 'MAX_NUM_ALGO_ORDERS', 'maxNumAlgoOrders': 5}]",['SPOT'],EXPIRE_MAKER,"['EXPIRE_TAKER', 'EXPIRE_MAKER', 'EXPIRE_BOTH']",0.00100000,0.00100000,1000.00000000,0.01000000,0.01000000,92141578.00000000,1.00000000
432,FLUXUSD,BREAK,FLUX,8,USD,8,8,8,8,"['LIMIT', 'LIMIT_MAKER', 'MARKET', 'STOP_LOSS_LIMIT', 'TAKE_PROFIT_LIMIT']",True,True,True,True,True,True,False,"[{'filterType': 'PRICE_FILTER', 'minPrice': '0.00100000', 'maxPrice': '1000.00000000', 'tickSize': '0.00100000'}, {'filterType': 'PERCENT_PRICE', 'multiplierUp': '5', 'multiplierDown': '0.2', 'avgPriceMins': 5}, {'filterType': 'LOT_SIZE', 'minQty': '0.01000000', 'maxQty': '92141578.00000000', 'stepSize': '0.01000000'}, {'filterType': 'MIN_NOTIONAL', 'minNotional': '1.00000000', 'applyToMarket': True, 'avgPriceMins': 5}, {'filterType': 'ICEBERG_PARTS', 'limit': 10}, {'filterType': 'MARKET_LOT_SIZE', 'minQty': '0.00000000', 'maxQty': '175409.69921473', 'stepSize': '0.00000000'}, {'filterType': 'TRAILING_DELTA', 'minTrailingAboveDelta': 10, 'maxTrailingAboveDelta': 2000, 'minTrailingBelowDelta': 10, 'maxTrailingBelowDelta': 2000}, {'filterType': 'MAX_NUM_ORDERS', 'maxNumOrders': 200}, {'filterType': 'MAX_NUM_ALGO_ORDERS', 'maxNumAlgoOrders': 5}]",['SPOT'],EXPIRE_MAKER,"['EXPIRE_TAKER', 'EXPIRE_MAKER', 'EXPIRE_BOTH']",0.00100000,0.00100000,1000.00000000,0.01000000,0.01000000,92141578.00000000,1.00000000
433,TRXUSD,TRADING,TRX,8,USD,8,8,8,8,"['LIMIT', 'LIMIT_MAKER', 'MARKET', 'STOP_LOSS_LIMIT', 'TAKE_PROFIT_LIMIT']",True,True,True,True,True,True,False,"[{'filterType': 'PRICE_FILTER', 'minPrice': '0.00010000', 'maxPrice': '1000.00000000', 'tickSize': '0.00010000'}, {'filterType': 'PERCENT_PRICE', 'multiplierUp': '5', 'multiplierDown': '0.2', 'avgPriceMins': 5}, {'filterType': 'LOT_SIZE', 'minQty': '0.10000000', 'maxQty': '9000000.00000000', 'stepSize': '0.10000000'}, {'filterType': 'MIN_NOTIONAL', 'minNotional': '1.00000000', 'applyToMarket': True, 'avgPriceMins': 5}, {'filterType': 'ICEBERG_PARTS', 'limit': 10}, {'filterType': 'MARKET_LOT_SIZE', 'minQty': '0.00000000', 'maxQty': '82622.08535564', 'stepSize': '0.00000000'}, {'filterType': 'TRAILING_DELTA', 'minTrailingAboveDelta': 10, 'maxTrailingAboveDelta': 2000, 'minTrailingBelowDelta': 10, 'maxTrailingBelowDelta': 2000}, {'filterType': 'PERCENT_PRICE_BY_SIDE', 'bidMultiplierUp': '50', 'bidMultiplierDown': '0.02', 'askMultiplierUp': '50', 'askMultiplierDown': '0.02', 'avgPriceMins': 5}, {'filterType': 'MAX_NUM_ORDERS', 'maxNumOrders': 200}, {'filterType': 'MAX_NUM_ALGO_ORDERS', 'maxNumAlgoOrders': 5}]",['SPOT'],EXPIRE_MAKER,"['EXPIRE_TAKER', 'EXPIRE_MAKER', 'EXPIRE_BOTH']",0.00010000,0.00010000,1000.00000000,0.10000000,0.10000000,9000000.00000000,1.00000000
434,COTIUSD,BREAK,COTI,8,USD,8,8,8,8,"['LIMIT', 'LIMIT_MAKER', 'MARKET', 'STOP_LOSS_LIMIT', 'TAKE_PROFIT_LIMIT']",True,True,True,True,True,True,False,"[{'filterType': 'PRICE_FILTER', 'minPrice': '0.00010000', 'maxPrice': '1000.00000000', 'tickSize': '0.00010000'}, {'filterType': 'PERCENT_PRICE', 'multiplierUp': '5', 'multiplierDown': '0.2', 'avgPriceMins': 5}, {'filterType': 'LOT_SIZE', 'minQty': '1.00000000', 'maxQty': '9000000.00000000', 'stepSize': '1.00000000'}, {'filterType': 'MIN_NOTIONAL', 'minNotional': '1.00000000', 'applyToMarket': True, 'avgPriceMins': 5}, {'filterType': 'ICEBERG_PARTS', 'limit': 10}, {'filterType': 'MARKET_LOT_SIZE', 'minQty': '0.00000000', 'maxQty': '1820701.29186935', 'stepSize': '0.00000000'}, {'filterType': 'TRAILING_DELTA', 'minTrailingAboveDelta': 10, 'maxTrailingAboveDelta': 2000, 'minTrailingBelowDelta': 10, 'maxTrailingBelowDelta': 2000}, {'filterType': 'MAX_NUM_ORDERS', 'maxNumOrders': 200}, {'filterType': 'MAX_NUM_ALGO_ORDERS', 'maxNumAlgoOrders': 5}]",['SPOT'],EXPIRE_MAKER,"['EXPIRE_TAKER', 'EXPIRE_MAKER', 'EXPIRE_BOTH']",0.00010000,0.00010000,1000.00000000,1.00000000,1.00000000,9000000.00000000,1.00000000
435,VOXELUSD,BREAK,VOXEL,8,USD,8,8,8,8,"['LIMIT', 'LIMIT_MAKER', 'MARKET', 'STOP_LOSS_LIMIT', 'TAKE_PROFIT_LIMIT']",True,True,True,True,True,True,False,"[{'filterType': 'PRICE_FILTER', 'minPrice': '0.00010000', 'maxPrice': '1000.00000000', 'tickSize': '0.00010000'}, {'filterType': 'PERCENT_PRICE', 'multiplierUp': '5', 'multiplierDown': '0.2', 'avgPriceMins': 5}, {'filterType': 'LOT_SIZE', 'minQty': '0.10000000', 'maxQty': '92141578.00000000', 'stepSize': '0.10000000'}, {'filterType': 'MIN_NOTIONAL', 'minNotional': '1.00000000', 'applyToMarket': True, 'avgPriceMins': 5}, {'filterType': 'ICEBERG_PARTS', 'limit': 10}, {'filterType': 'MARKET_LOT_SIZE', 'minQty': '0.00000000', 'maxQty': '351360.30125086', 'stepSize': '0.00000000'}, {'filterType': 'TRAILING_DELTA', 'minTrailingAboveDelta': 10, 'maxTrailingAboveDelta': 2000, 'minTrailingBelowDelta': 10, 'maxTrailingBelowDelta': 2000}, {'filterType': 'MAX_NUM_ORDERS', 'maxNumOrders': 200}, {'filterType': 'MAX_NUM_ALGO_ORDERS', 'maxNumAlgoOrders': 5}]",['SPOT'],EXPIRE_MAKER,"['EXPIRE_TAKER', 'EXPIRE_MAKER', 'EXPIRE_BOTH']",0.00010000,0.00010000,1000.00000000,0.10000000,0.10000000,92141578.00000000,1.00000000
436,RLCUSD,BREAK,RLC,8,USD,8,8,8,8,"['LIMIT', 'LIMIT_MAKER', 'MARKET', 'STOP_LOSS_LIMIT', 'TAKE_PROFIT_LIMIT']",True,True,True,True,True,True,False,"[{'filterType': 'PRICE_FILTER', 'minPrice': '0.00100000', 'maxPrice': '1000.00000000', 'tickSize': '0.00100000'}, {'filterType': 'PERCENT_PRICE', 'multiplierUp': '5', 'multiplierDown': '0.2', 'avgPriceMins': 5}, {'filterType': 'LOT_SIZE', 'minQty': '0.10000000', 'maxQty': '9222449.00000000', 'stepSize': '0.10000000'}, {'filterType': 'MIN_NOTIONAL', 'minNotional': '1.00000000', 'applyToMarket': True, 'avgPriceMins': 5}, {'filterType': 'ICEBERG_PARTS', 'limit': 10}, {'filterType': 'MARKET_LOT_SIZE', 'minQty': '0.00000000', 'maxQty': '53872.75618055', 'stepSize': '0.00000000'}, {'filterType': 'TRAILING_DELTA', 'minTrailingAboveDelta': 10, 'maxTrailingAboveDelta': 2000, 'minTrailingBelowDelta': 10, 'maxTrailingBelowDelta': 2000}, {'filterType': 'MAX_NUM_ORDERS', 'maxNumOrders': 200}, {'filterType': 'MAX_NUM_ALGO_ORDERS', 'maxNumAlgoOrders': 5}]",['SPOT'],EXPIRE_MAKER,"['EXPIRE_TAKER', 'EXPIRE_MAKER', 'EXPIRE_BOTH']",0.00100000,0.00100000,1000.00000000,0.10000000,0.10000000,9222449.00000000,1.00000000
437,BICOUSD,BREAK,BICO,8,USD,8,8,8,8,"['LIMIT', 'LIMIT_MAKER', 'MARKET', 'STOP_LOSS_LIMIT', 'TAKE_PROFIT_LIMIT']",True,True,True,True,True,True,False,"[{'filterType': 'PRICE_FILTER', 'minPrice': '0.00100000', 'maxPrice': '1000.00000000', 'tickSize': '0.00100000'}, {'filterType': 'PERCENT_PRICE', 'multiplierUp': '5', 'multiplierDown': '0.2', 'avgPriceMins': 5}, {'filterType': 'LOT_SIZE', 'minQty': '0.01000000', 'maxQty': '92141578.00000000', 'stepSize': '0.01000000'}, {'filterType': 'MIN_NOTIONAL', 'minNotional': '1.00000000', 'applyToMarket': True, 'avgPriceMins': 5}, {'filterType': 'ICEBERG_PARTS', 'limit': 10}, {'filterType': 'MARKET_LOT_SIZE', 'minQty': '0.00000000', 'maxQty': '146093.68617790', 'stepSize': '0.00000000'}, {'filterType': 'TRAILING_DELTA', 'minTrailingAboveDelta': 10, 'maxTrailingAboveDelta': 2000, 'minTrailingBelowDelta': 10, 'maxTrailingBelowDelta': 2000}, {'filterType': 'MAX_NUM_ORDERS', 'maxNumOrders': 200}, {'filterType': 'MAX_NUM_ALGO_ORDERS', 'maxNumAlgoOrders': 5}]",['SPOT'],EXPIRE_MAKER,"['EXPIRE_TAKER', 'EXPIRE_MAKER', 'EXPIRE_BOTH']",0.00100000,0.00100000,1000.00000000,0.01000000,0.01000000,92141578.00000000,1.00000000
438,API3USD,BREAK,API3,8,USD,8,8,8,8,"['LIMIT', 'LIMIT_MAKER', 'MARKET', 'STOP_LOSS_LIMIT', 'TAKE_PROFIT_LIMIT']",True,True,True,True,True,True,False,"[{'filterType': 'PRICE_FILTER', 'minPrice': '0.00100000', 'maxPrice': '1000.00000000', 'tickSize': '0.00100000'}, {'filterType': 'PERCENT_PRICE', 'multiplierUp': '5', 'multiplierDown': '0.2', 'avgPriceMins': 5}, {'filterType': 'LOT_SIZE', 'minQty': '0.01000000', 'maxQty': '92141578.00000000', 'stepSize': '0.01000000'}, {'filterType': 'MIN_NOTIONAL', 'minNotional': '1.00000000', 'applyToMarket': True, 'avgPriceMins': 5}, {'filterType': 'ICEBERG_PARTS', 'limit': 10}, {'filterType': 'MARKET_LOT_SIZE', 'minQty': '0.00000000', 'maxQty': '94155.98463194', 'stepSize': '0.00000000'}, {'filterType': 'TRAILING_DELTA', 'minTrailingAboveDelta': 10, 'maxTrailingAboveDelta': 2000, 'minTrailingBelowDelta': 10, 'maxTrailingBelowDelta': 2000}, {'filterType': 'MAX_NUM_ORDERS', 'maxNumOrders': 200}, {'filterType': 'MAX_NUM_ALGO_ORDERS', 'maxNumAlgoOrders': 5}]",['SPOT'],EXPIRE_MAKER,"['EXPIRE_TAKER', 'EXPIRE_MAKER', 'EXPIRE_BOTH']",0.00100000,0.00100000,1000.00000000,0.01000000,0.01000000,92141578.00000000,1.00000000
439,ENSUSD,TRADING,ENS,8,USD,8,8,8,8,"['LIMIT', 'LIMIT_MAKER', 'MARKET', 'STOP_LOSS_LIMIT', 'TAKE_PROFIT_LIMIT']",True,True,True,True,True,True,False,"[{'filterType': 'PRICE_FILTER', 'minPrice': '0.01000000', 'maxPrice': '10000.00000000', 'tickSize': '0.01000000'}, {'filterType': 'LOT_SIZE', 'minQty': '0.01000000', 'maxQty': '9222449.00000000', 'stepSize': '0.01000000'}, {'filterType': 'MIN_NOTIONAL', 'minNotional': '1.00000000', 'applyToMarket': True, 'avgPriceMins': 5}, {'filterType': 'ICEBERG_PARTS', 'limit': 10}, {'filterType': 'MARKET_LOT_SIZE', 'minQty': '0.00000000', 'maxQty': '57.73489539', 'stepSize': '0.00000000'}, {'filterType': 'TRAILING_DELTA', 'minTrailingAboveDelta': 10, 'maxTrailingAboveDelta': 2000, 'minTrailingBelowDelta': 10, 'maxTrailingBelowDelta': 2000}, {'filterType': 'PERCENT_PRICE_BY_SIDE', 'bidMultiplierUp': '1.25', 'bidMultiplierDown': '0.2', 'askMultiplierUp': '5', 'askMultiplierDown': '0.75', 'avgPriceMins': 5}, {'filterType': 'MAX_NUM_ORDERS', 'maxNumOrders': 200}, {'filterType': 'MAX_NUM_ALGO_ORDERS', 'maxNumAlgoOrders': 5}]",['SPOT'],EXPIRE_MAKER,"['EXPIRE_TAKER', 'EXPIRE_MAKER', 'EXPIRE_BOTH']",0.01000000,0.01000000,10000.00000000,0.01000000,0.01000000,9222449.00000000,1.00000000
440,BNTUSD,BREAK,BNT,8,USD,8,8,8,8,"['LIMIT', 'LIMIT_MAKER', 'MARKET', 'STOP_LOSS_LIMIT', 'TAKE_PROFIT_LIMIT']",True,True,True,True,True,True,False,"[{'filterType': 'PRICE_FILTER', 'minPrice': '0.00100000', 'maxPrice': '1000.00000000', 'tickSize': '0.00100000'}, {'filterType': 'PERCENT_PRICE', 'multiplierUp': '5', 'multiplierDown': '0.2', 'avgPriceMins': 5}, {'filterType': 'LOT_SIZE', 'minQty': '0.10000000', 'maxQty': '900000.00000000', 'stepSize': '0.10000000'}, {'filterType': 'MIN_NOTIONAL', 'minNotional': '1.00000000', 'applyToMarket': True, 'avgPriceMins': 5}, {'filterType': 'ICEBERG_PARTS', 'limit': 10}, {'filterType': 'MARKET_LOT_SIZE', 'minQty': '0.00000000', 'maxQty': '34504.70986796', 'stepSize': '0.00000000'}, {'filterType': 'TRAILING_DELTA', 'minTrailingAboveDelta': 10, 'maxTrailingAboveDelta': 2000, 'minTrailingBelowDelta': 10, 'maxTrailingBelowDelta': 2000}, {'filterType': 'MAX_NUM_ORDERS', 'maxNumOrders': 200}, {'filterType': 'MAX_NUM_ALGO_ORDERS', 'maxNumAlgoOrders': 5}]",['SPOT'],EXPIRE_MAKER,"['EXPIRE_TAKER', 'EXPIRE_MAKER', 'EXPIRE_BOTH']",0.00100000,0.00100000,1000.00000000,0.10000000,0.10000000,900000.00000000,1.00000000
441,IMXUSD,BREAK,IMX,8,USD,8,8,8,8,"['LIMIT', 'LIMIT_MAKER', 'MARKET', 'STOP_LOSS_LIMIT', 'TAKE_PROFIT_LIMIT']",True,True,True,True,True,True,False,"[{'filterType': 'PRICE_FILTER', 'minPrice': '0.00100000', 'maxPrice': '1000.00000000', 'tickSize': '0.00100000'}, {'filterType': 'PERCENT_PRICE', 'multiplierUp': '5', 'multiplierDown': '0.2', 'avgPriceMins': 5}, {'filterType': 'LOT_SIZE', 'minQty': '0.01000000', 'maxQty': '92141578.00000000', 'stepSize': '0.01000000'}, {'filterType': 'MIN_NOTIONAL', 'minNotional': '1.00000000', 'applyToMarket': True, 'avgPriceMins': 5}, {'filterType': 'ICEBERG_PARTS', 'limit': 10}, {'filterType': 'MARKET_LOT_SIZE', 'minQty': '0.00000000', 'maxQty': '273678.31160416', 'stepSize': '0.00000000'}, {'filterType': 'TRAILING_DELTA', 'minTrailingAboveDelta': 10, 'maxTrailingAboveDelta': 2000, 'minTrailingBelowDelta': 10, 'maxTrailingBelowDelta': 2000}, {'filterType': 'MAX_NUM_ORDERS', 'maxNumOrders': 200}, {'filterType': 'MAX_NUM_ALGO_ORDERS', 'maxNumAlgoOrders': 5}]",['SPOT'],EXPIRE_MAKER,"['EXPIRE_TAKER', 'EXPIRE_MAKER', 'EXPIRE_BOTH']",0.00100000,0.00100000,1000.00000000,0.01000000,0.01000000,92141578.00000000,1.00000000
442,SPELLUSD,BREAK,SPELL,8,USD,8,8,8,8,"['LIMIT', 'LIMIT_MAKER', 'MARKET', 'STOP_LOSS_LIMIT', 'TAKE_PROFIT_LIMIT']",True,True,True,True,True,True,False,"[{'filterType': 'PRICE_FILTER', 'minPrice': '0.00000010', 'maxPrice': '1000.00000000', 'tickSize': '0.00000010'}, {'filterType': 'PERCENT_PRICE', 'multiplierUp': '5', 'multiplierDown': '0.2', 'avgPriceMins': 5}, {'filterType': 'LOT_SIZE', 'minQty': '1.00000000', 'maxQty': '92141578.00000000', 'stepSize': '1.00000000'}, {'filterType': 'MIN_NOTIONAL', 'minNotional': '1.00000000', 'applyToMarket': True, 'avgPriceMins': 5}, {'filterType': 'ICEBERG_PARTS', 'limit': 10}, {'filterType': 'MARKET_LOT_SIZE', 'minQty': '0.00000000', 'maxQty': '63442841.67060458', 'stepSize': '0.00000000'}, {'filterType': 'TRAILING_DELTA', 'minTrailingAboveDelta': 10, 'maxTrailingAboveDelta': 2000, 'minTrailingBelowDelta': 10, 'maxTrailingBelowDelta': 2000}, {'filterType': 'MAX_NUM_ORDERS', 'maxNumOrders': 200}, {'filterType': 'MAX_NUM_ALGO_ORDERS', 'maxNumAlgoOrders': 5}]",['SPOT'],EXPIRE_MAKER,"['EXPIRE_TAKER', 'EXPIRE_MAKER', 'EXPIRE_BOTH']",0.00000010,0.00000010,1000.00000000,1.00000000,1.00000000,92141578.00000000,1.00000000
443,JASMYUSD,BREAK,JASMY,8,USD,8,8,8,8,"['LIMIT', 'LIMIT_MAKER', 'MARKET', 'STOP_LOSS_LIMIT', 'TAKE_PROFIT_LIMIT']",True,True,True,True,True,True,False,"[{'filterType': 'PRICE_FILTER', 'minPrice': '0.00000100', 'maxPrice': '1000.00000000', 'tickSize': '0.00000100'}, {'filterType': 'PERCENT_PRICE', 'multiplierUp': '5', 'multiplierDown': '0.2', 'avgPriceMins': 5}, {'filterType': 'LOT_SIZE', 'minQty': '0.10000000', 'maxQty': '92141578.00000000', 'stepSize': '0.10000000'}, {'filterType': 'MIN_NOTIONAL', 'minNotional': '1.00000000', 'applyToMarket': True, 'avgPriceMins': 5}, {'filterType': 'ICEBERG_PARTS', 'limit': 10}, {'filterType': 'MARKET_LOT_SIZE', 'minQty': '0.00000000', 'maxQty': '92141578.00000000', 'stepSize': '0.00000000'}, {'filterType': 'TRAILING_DELTA', 'minTrailingAboveDelta': 10, 'maxTrailingAboveDelta': 2000, 'minTrailingBelowDelta': 10, 'maxTrailingBelowDelta': 2000}, {'filterType': 'MAX_NUM_ORDERS', 'maxNumOrders': 200}, {'filterType': 'MAX_NUM_ALGO_ORDERS', 'maxNumAlgoOrders': 5}]",['SPOT'],EXPIRE_MAKER,"['EXPIRE_TAKER', 'EXPIRE_MAKER', 'EXPIRE_BOTH']",0.00000100,0.00000100,1000.00000000,0.10000000,0.10000000,92141578.00000000,1.00000000
444,FLOWUSD,BREAK,FLOW,8,USD,8,8,8,8,"['LIMIT', 'LIMIT_MAKER', 'MARKET', 'STOP_LOSS_LIMIT', 'TAKE_PROFIT_LIMIT']",True,True,True,True,True,True,False,"[{'filterType': 'PRICE_FILTER', 'minPrice': '0.00100000', 'maxPrice': '100000.00000000', 'tickSize': '0.00100000'}, {'filterType': 'PERCENT_PRICE', 'multiplierUp': '5', 'multiplierDown': '0.2', 'avgPriceMins': 5}, {'filterType': 'LOT_SIZE', 'minQty': '0.01000000', 'maxQty': '922327.00000000', 'stepSize': '0.01000000'}, {'filterType': 'MIN_NOTIONAL', 'minNotional': '1.00000000', 'applyToMarket': True, 'avgPriceMins': 5}, {'filterType': 'ICEBERG_PARTS', 'limit': 10}, {'filterType': 'MARKET_LOT_SIZE', 'minQty': '0.00000000', 'maxQty': '94183.15727966', 'stepSize': '0.00000000'}, {'filterType': 'TRAILING_DELTA', 'minTrailingAboveDelta': 10, 'maxTrailingAboveDelta': 2000, 'minTrailingBelowDelta': 10, 'maxTrailingBelowDelta': 2000}, {'filterType': 'MAX_NUM_ORDERS', 'maxNumOrders': 200}, {'filterType': 'MAX_NUM_ALGO_ORDERS', 'maxNumAlgoOrders': 5}]",['SPOT'],EXPIRE_MAKER,"['EXPIRE_TAKER', 'EXPIRE_MAKER', 'EXPIRE_BOTH']",0.00100000,0.00100000,100000.00000000,0.01000000,0.01000000,922327.00000000,1.00000000
445,GTCUSD,BREAK,GTC,8,USD,8,8,8,8,"['LIMIT', 'LIMIT_MAKER', 'MARKET', 'STOP_LOSS_LIMIT', 'TAKE_PROFIT_LIMIT']",True,True,True,True,True,True,False,"[{'filterType': 'PRICE_FILTER', 'minPrice': '0.00100000', 'maxPrice': '10000.00000000', 'tickSize': '0.00100000'}, {'filterType': 'PERCENT_PRICE', 'multiplierUp': '5', 'multiplierDown': '0.2', 'avgPriceMins': 5}, {'filterType': 'LOT_SIZE', 'minQty': '0.10000000', 'maxQty': '9222449.00000000', 'stepSize': '0.10000000'}, {'filterType': 'MIN_NOTIONAL', 'minNotional': '1.00000000', 'applyToMarket': True, 'avgPriceMins': 5}, {'filterType': 'ICEBERG_PARTS', 'limit': 10}, {'filterType': 'MARKET_LOT_SIZE', 'minQty': '0.00000000', 'maxQty': '23724.14420541', 'stepSize': '0.00000000'}, {'filterType': 'TRAILING_DELTA', 'minTrailingAboveDelta': 10, 'maxTrailingAboveDelta': 2000, 'minTrailingBelowDelta': 10, 'maxTrailingBelowDelta': 2000}, {'filterType': 'MAX_NUM_ORDERS', 'maxNumOrders': 200}, {'filterType': 'MAX_NUM_ALGO_ORDERS', 'maxNumAlgoOrders': 5}]",['SPOT'],EXPIRE_MAKER,"['EXPIRE_TAKER', 'EXPIRE_MAKER', 'EXPIRE_BOTH']",0.00100000,0.00100000,10000.00000000,0.10000000,0.10000000,9222449.00000000,1.00000000
446,THETAUSD,TRADING,THETA,8,USD,8,8,8,8,"['LIMIT', 'LIMIT_MAKER', 'MARKET', 'STOP_LOSS_LIMIT', 'TAKE_PROFIT_LIMIT']",True,True,True,True,True,True,False,"[{'filterType': 'PRICE_FILTER', 'minPrice': '0.00100000', 'maxPrice': '10000.00000000', 'tickSize': '0.00100000'}, {'filterType': 'LOT_SIZE', 'minQty': '0.10000000', 'maxQty': '90000.00000000', 'stepSize': '0.10000000'}, {'filterType': 'MIN_NOTIONAL', 'minNotional': '1.00000000', 'applyToMarket': True, 'avgPriceMins': 5}, {'filterType': 'ICEBERG_PARTS', 'limit': 10}, {'filterType': 'MARKET_LOT_SIZE', 'minQty': '0.00000000', 'maxQty': '5001.07196652', 'stepSize': '0.00000000'}, {'filterType': 'TRAILING_DELTA', 'minTrailingAboveDelta': 10, 'maxTrailingAboveDelta': 2000, 'minTrailingBelowDelta': 10, 'maxTrailingBelowDelta': 2000}, {'filterType': 'PERCENT_PRICE_BY_SIDE', 'bidMultiplierUp': '1.25', 'bidMultiplierDown': '0.2', 'askMultiplierUp': '5', 'askMultiplierDown': '0.75', 'avgPriceMins': 5}, {'filterType': 'MAX_NUM_ORDERS', 'maxNumOrders': 200}, {'filterType': 'MAX_NUM_ALGO_ORDERS', 'maxNumAlgoOrders': 5}]",['SPOT'],EXPIRE_MAKER,"['EXPIRE_TAKER', 'EXPIRE_MAKER', 'EXPIRE_BOTH']",0.00100000,0.00100000,10000.00000000,0.10000000,0.10000000,90000.00000000,1.00000000
447,TFUELUSD,BREAK,TFUEL,8,USD,8,8,8,8,"['LIMIT', 'LIMIT_MAKER', 'MARKET', 'STOP_LOSS_LIMIT', 'TAKE_PROFIT_LIMIT']",True,True,True,True,True,True,False,"[{'filterType': 'PRICE_FILTER', 'minPrice': '0.00010000', 'maxPrice': '1000.00000000', 'tickSize': '0.00010000'}, {'filterType': 'PERCENT_PRICE', 'multiplierUp': '5', 'multiplierDown': '0.2', 'avgPriceMins': 5}, {'filterType': 'LOT_SIZE', 'minQty': '1.00000000', 'maxQty': '9000000.00000000', 'stepSize': '1.00000000'}, {'filterType': 'MIN_NOTIONAL', 'minNotional': '1.00000000', 'applyToMarket': True, 'avgPriceMins': 5}, {'filterType': 'ICEBERG_PARTS', 'limit': 10}, {'filterType': 'MARKET_LOT_SIZE', 'minQty': '0.00000000', 'maxQty': '827041.82861111', 'stepSize': '0.00000000'}, {'filterType': 'TRAILING_DELTA', 'minTrailingAboveDelta': 10, 'maxTrailingAboveDelta': 2000, 'minTrailingBelowDelta': 10, 'maxTrailingBelowDelta': 2000}, {'filterType': 'MAX_NUM_ORDERS', 'maxNumOrders': 200}, {'filterType': 'MAX_NUM_ALGO_ORDERS', 'maxNumAlgoOrders': 5}]",['SPOT'],EXPIRE_MAKER,"['EXPIRE_TAKER', 'EXPIRE_MAKER', 'EXPIRE_BOTH']",0.00010000,0.00010000,1000.00000000,1.00000000,1.00000000,9000000.00000000,1.00000000
448,OCEANUSD,BREAK,OCEAN,8,USD,8,8,8,8,"['LIMIT', 'LIMIT_MAKER', 'MARKET', 'STOP_LOSS_LIMIT', 'TAKE_PROFIT_LIMIT']",True,True,True,True,True,True,False,"[{'filterType': 'PRICE_FILTER', 'minPrice': '0.00010000', 'maxPrice': '1000.00000000', 'tickSize': '0.00010000'}, {'filterType': 'PERCENT_PRICE', 'multiplierUp': '5', 'multiplierDown': '0.2', 'avgPriceMins': 5}, {'filterType': 'LOT_SIZE', 'minQty': '1.00000000', 'maxQty': '900000.00000000', 'stepSize': '1.00000000'}, {'filterType': 'MIN_NOTIONAL', 'minNotional': '1.00000000', 'applyToMarket': True, 'avgPriceMins': 5}, {'filterType': 'ICEBERG_PARTS', 'limit': 10}, {'filterType': 'MARKET_LOT_SIZE', 'minQty': '0.00000000', 'maxQty': '145997.28702290', 'stepSize': '0.00000000'}, {'filterType': 'TRAILING_DELTA', 'minTrailingAboveDelta': 10, 'maxTrailingAboveDelta': 2000, 'minTrailingBelowDelta': 10, 'maxTrailingBelowDelta': 2000}, {'filterType': 'MAX_NUM_ORDERS', 'maxNumOrders': 200}, {'filterType': 'MAX_NUM_ALGO_ORDERS', 'maxNumAlgoOrders': 5}]",['SPOT'],EXPIRE_MAKER,"['EXPIRE_TAKER', 'EXPIRE_MAKER', 'EXPIRE_BOTH']",0.00010000,0.00010000,1000.00000000,1.00000000,1.00000000,900000.00000000,1.00000000
449,LAZIOUSD,BREAK,LAZIO,8,USD,8,8,8,8,"['LIMIT', 'LIMIT_MAKER', 'MARKET', 'STOP_LOSS_LIMIT', 'TAKE_PROFIT_LIMIT']",True,True,True,True,True,True,False,"[{'filterType': 'PRICE_FILTER', 'minPrice': '0.00010000', 'maxPrice': '1000.00000000', 'tickSize': '0.00010000'}, {'filterType': 'PERCENT_PRICE', 'multiplierUp': '5', 'multiplierDown': '0.2', 'avgPriceMins': 5}, {'filterType': 'LOT_SIZE', 'minQty': '0.01000000', 'maxQty': '922327.00000000', 'stepSize': '0.01000000'}, {'filterType': 'MIN_NOTIONAL', 'minNotional': '1.00000000', 'applyToMarket': True, 'avgPriceMins': 5}, {'filterType': 'ICEBERG_PARTS', 'limit': 10}, {'filterType': 'MARKET_LOT_SIZE', 'minQty': '0.00000000', 'maxQty': '30354.65209027', 'stepSize': '0.00000000'}, {'filterType': 'TRAILING_DELTA', 'minTrailingAboveDelta': 10, 'maxTrailingAboveDelta': 2000, 'minTrailingBelowDelta': 10, 'maxTrailingBelowDelta': 2000}, {'filterType': 'MAX_NUM_ORDERS', 'maxNumOrders': 200}, {'filterType': 'MAX_NUM_ALGO_ORDERS', 'maxNumAlgoOrders': 5}]",['SPOT'],EXPIRE_MAKER,"['EXPIRE_TAKER', 'EXPIRE_MAKER', 'EXPIRE_BOTH']",0.00010000,0.00010000,1000.00000000,0.01000000,0.01000000,922327.00000000,1.00000000
450,SANTOSUSD,BREAK,SANTOS,8,USD,8,8,8,8,"['LIMIT', 'LIMIT_MAKER', 'MARKET', 'STOP_LOSS_LIMIT', 'TAKE_PROFIT_LIMIT']",True,True,True,True,True,True,False,"[{'filterType': 'PRICE_FILTER', 'minPrice': '0.00100000', 'maxPrice': '1000.00000000', 'tickSize': '0.00100000'}, {'filterType': 'PERCENT_PRICE', 'multiplierUp': '5', 'multiplierDown': '0.2', 'avgPriceMins': 5}, {'filterType': 'LOT_SIZE', 'minQty': '0.01000000', 'maxQty': '92141578.00000000', 'stepSize': '0.01000000'}, {'filterType': 'MIN_NOTIONAL', 'minNotional': '1.00000000', 'applyToMarket': True, 'avgPriceMins': 5}, {'filterType': 'ICEBERG_PARTS', 'limit': 10}, {'filterType': 'MARKET_LOT_SIZE', 'minQty': '0.00000000', 'maxQty': '26075.60693268', 'stepSize': '0.00000000'}, {'filterType': 'TRAILING_DELTA', 'minTrailingAboveDelta': 10, 'maxTrailingAboveDelta': 2000, 'minTrailingBelowDelta': 10, 'maxTrailingBelowDelta': 2000}, {'filterType': 'MAX_NUM_ORDERS', 'maxNumOrders': 200}, {'filterType': 'MAX_NUM_ALGO_ORDERS', 'maxNumAlgoOrders': 5}]",['SPOT'],EXPIRE_MAKER,"['EXPIRE_TAKER', 'EXPIRE_MAKER', 'EXPIRE_BOTH']",0.00100000,0.00100000,1000.00000000,0.01000000,0.01000000,92141578.00000000,1.00000000
451,ALPINEUSD,BREAK,ALPINE,8,USD,8,8,8,8,"['LIMIT', 'LIMIT_MAKER', 'MARKET', 'STOP_LOSS_LIMIT', 'TAKE_PROFIT_LIMIT']",True,True,True,True,True,True,False,"[{'filterType': 'PRICE_FILTER', 'minPrice': '0.00010000', 'maxPrice': '1000.00000000', 'tickSize': '0.00010000'}, {'filterType': 'PERCENT_PRICE', 'multiplierUp': '5', 'multiplierDown': '0.2', 'avgPriceMins': 5}, {'filterType': 'LOT_SIZE', 'minQty': '0.01000000', 'maxQty': '92141578.00000000', 'stepSize': '0.01000000'}, {'filterType': 'MIN_NOTIONAL', 'minNotional': '1.00000000', 'applyToMarket': True, 'avgPriceMins': 5}, {'filterType': 'ICEBERG_PARTS', 'limit': 10}, {'filterType': 'MARKET_LOT_SIZE', 'minQty': '0.00000000', 'maxQty': '19539.58060458', 'stepSize': '0.00000000'}, {'filterType': 'TRAILING_DELTA', 'minTrailingAboveDelta': 10, 'maxTrailingAboveDelta': 2000, 'minTrailingBelowDelta': 10, 'maxTrailingBelowDelta': 2000}, {'filterType': 'MAX_NUM_ORDERS', 'maxNumOrders': 200}, {'filterType': 'MAX_NUM_ALGO_ORDERS', 'maxNumAlgoOrders': 5}]",['SPOT'],EXPIRE_MAKER,"['EXPIRE_TAKER', 'EXPIRE_MAKER', 'EXPIRE_BOTH']",0.00010000,0.00010000,1000.00000000,0.01000000,0.01000000,92141578.00000000,1.00000000
452,PORTOUSD,BREAK,PORTO,8,USD,8,8,8,8,"['LIMIT', 'LIMIT_MAKER', 'MARKET', 'STOP_LOSS_LIMIT', 'TAKE_PROFIT_LIMIT']",True,True,True,True,True,True,False,"[{'filterType': 'PRICE_FILTER', 'minPrice': '0.00010000', 'maxPrice': '1000.00000000', 'tickSize': '0.00010000'}, {'filterType': 'PERCENT_PRICE', 'multiplierUp': '5', 'multiplierDown': '0.2', 'avgPriceMins': 5}, {'filterType': 'LOT_SIZE', 'minQty': '0.01000000', 'maxQty': '92141578.00000000', 'stepSize': '0.01000000'}, {'filterType': 'MIN_NOTIONAL', 'minNotional': '1.00000000', 'applyToMarket': True, 'avgPriceMins': 5}, {'filterType': 'ICEBERG_PARTS', 'limit': 10}, {'filterType': 'MARKET_LOT_SIZE', 'minQty': '0.00000000', 'maxQty': '29530.82736805', 'stepSize': '0.00000000'}, {'filterType': 'TRAILING_DELTA', 'minTrailingAboveDelta': 10, 'maxTrailingAboveDelta': 2000, 'minTrailingBelowDelta': 10, 'maxTrailingBelowDelta': 2000}, {'filterType': 'MAX_NUM_ORDERS', 'maxNumOrders': 200}, {'filterType': 'MAX_NUM_ALGO_ORDERS', 'maxNumAlgoOrders': 5}]",['SPOT'],EXPIRE_MAKER,"['EXPIRE_TAKER', 'EXPIRE_MAKER', 'EXPIRE_BOTH']",0.00010000,0.00010000,1000.00000000,0.01000000,0.01000000,92141578.00000000,1.00000000
453,RENUSD,BREAK,REN,8,USD,8,8,8,8,"['LIMIT', 'LIMIT_MAKER', 'MARKET', 'STOP_LOSS_LIMIT', 'TAKE_PROFIT_LIMIT']",True,True,True,True,True,True,False,"[{'filterType': 'PRICE_FILTER', 'minPrice': '0.00000100', 'maxPrice': '1000.00000000', 'tickSize': '0.00000100'}, {'filterType': 'PERCENT_PRICE', 'multiplierUp': '5', 'multiplierDown': '0.2', 'avgPriceMins': 5}, {'filterType': 'LOT_SIZE', 'minQty': '1.00000000', 'maxQty': '9000000.00000000', 'stepSize': '1.00000000'}, {'filterType': 'MIN_NOTIONAL', 'minNotional': '1.00000000', 'applyToMarket': True, 'avgPriceMins': 5}, {'filterType': 'ICEBERG_PARTS', 'limit': 10}, {'filterType': 'MARKET_LOT_SIZE', 'minQty': '0.00000000', 'maxQty': '567579.47108066', 'stepSize': '0.00000000'}, {'filterType': 'TRAILING_DELTA', 'minTrailingAboveDelta': 10, 'maxTrailingAboveDelta': 2000, 'minTrailingBelowDelta': 10, 'maxTrailingBelowDelta': 2000}, {'filterType': 'MAX_NUM_ORDERS', 'maxNumOrders': 200}, {'filterType': 'MAX_NUM_ALGO_ORDERS', 'maxNumAlgoOrders': 5}]",['SPOT'],EXPIRE_MAKER,"['EXPIRE_TAKER', 'EXPIRE_MAKER', 'EXPIRE_BOTH']",0.00000100,0.00000100,1000.00000000,1.00000000,1.00000000,9000000.00000000,1.00000000
454,CELRUSD,BREAK,CELR,8,USD,8,8,8,8,"['LIMIT', 'LIMIT_MAKER', 'MARKET', 'STOP_LOSS_LIMIT', 'TAKE_PROFIT_LIMIT']",True,True,True,True,True,True,False,"[{'filterType': 'PRICE_FILTER', 'minPrice': '0.00001000', 'maxPrice': '10000.00000000', 'tickSize': '0.00001000'}, {'filterType': 'PERCENT_PRICE', 'multiplierUp': '5', 'multiplierDown': '0.2', 'avgPriceMins': 5}, {'filterType': 'LOT_SIZE', 'minQty': '0.10000000', 'maxQty': '9222449.00000000', 'stepSize': '0.10000000'}, {'filterType': 'MIN_NOTIONAL', 'minNotional': '1.00000000', 'applyToMarket': True, 'avgPriceMins': 5}, {'filterType': 'ICEBERG_PARTS', 'limit': 10}, {'filterType': 'MARKET_LOT_SIZE', 'minQty': '0.00000000', 'maxQty': '7822685.38698578', 'stepSize': '0.00000000'}, {'filterType': 'TRAILING_DELTA', 'minTrailingAboveDelta': 10, 'maxTrailingAboveDelta': 2000, 'minTrailingBelowDelta': 10, 'maxTrailingBelowDelta': 2000}, {'filterType': 'MAX_NUM_ORDERS', 'maxNumOrders': 200}, {'filterType': 'MAX_NUM_ALGO_ORDERS', 'maxNumAlgoOrders': 5}]",['SPOT'],EXPIRE_MAKER,"['EXPIRE_TAKER', 'EXPIRE_MAKER', 'EXPIRE_BOTH']",0.00001000,0.00001000,10000.00000000,0.10000000,0.10000000,9222449.00000000,1.00000000
455,SKLUSD,BREAK,SKL,8,USD,8,8,8,8,"['LIMIT', 'LIMIT_MAKER', 'MARKET', 'STOP_LOSS_LIMIT', 'TAKE_PROFIT_LIMIT']",True,True,True,True,True,True,False,"[{'filterType': 'PRICE_FILTER', 'minPrice': '0.00001000', 'maxPrice': '1000.00000000', 'tickSize': '0.00001000'}, {'filterType': 'PERCENT_PRICE', 'multiplierUp': '5', 'multiplierDown': '0.2', 'avgPriceMins': 5}, {'filterType': 'LOT_SIZE', 'minQty': '1.00000000', 'maxQty': '9000000.00000000', 'stepSize': '1.00000000'}, {'filterType': 'MIN_NOTIONAL', 'minNotional': '1.00000000', 'applyToMarket': True, 'avgPriceMins': 5}, {'filterType': 'ICEBERG_PARTS', 'limit': 10}, {'filterType': 'MARKET_LOT_SIZE', 'minQty': '0.00000000', 'maxQty': '1759560.96742957', 'stepSize': '0.00000000'}, {'filterType': 'TRAILING_DELTA', 'minTrailingAboveDelta': 10, 'maxTrailingAboveDelta': 2000, 'minTrailingBelowDelta': 10, 'maxTrailingBelowDelta': 2000}, {'filterType': 'MAX_NUM_ORDERS', 'maxNumOrders': 200}, {'filterType': 'MAX_NUM_ALGO_ORDERS', 'maxNumAlgoOrders': 5}]",['SPOT'],EXPIRE_MAKER,"['EXPIRE_TAKER', 'EXPIRE_MAKER', 'EXPIRE_BOTH']",0.00001000,0.00001000,1000.00000000,1.00000000,1.00000000,9000000.00000000,1.00000000
456,VITEUSD,BREAK,VITE,8,USD,8,8,8,8,"['LIMIT', 'LIMIT_MAKER', 'MARKET', 'STOP_LOSS_LIMIT', 'TAKE_PROFIT_LIMIT']",True,True,True,True,True,True,False,"[{'filterType': 'PRICE_FILTER', 'minPrice': '0.00010000', 'maxPrice': '1000.00000000', 'tickSize': '0.00010000'}, {'filterType': 'PERCENT_PRICE', 'multiplierUp': '5', 'multiplierDown': '0.2', 'avgPriceMins': 5}, {'filterType': 'LOT_SIZE', 'minQty': '0.10000000', 'maxQty': '9000000.00000000', 'stepSize': '0.10000000'}, {'filterType': 'MIN_NOTIONAL', 'minNotional': '1.00000000', 'applyToMarket': True, 'avgPriceMins': 5}, {'filterType': 'ICEBERG_PARTS', 'limit': 10}, {'filterType': 'MARKET_LOT_SIZE', 'minQty': '0.00000000', 'maxQty': '2860785.40650263', 'stepSize': '0.00000000'}, {'filterType': 'TRAILING_DELTA', 'minTrailingAboveDelta': 10, 'maxTrailingAboveDelta': 2000, 'minTrailingBelowDelta': 10, 'maxTrailingBelowDelta': 2000}, {'filterType': 'MAX_NUM_ORDERS', 'maxNumOrders': 200}, {'filterType': 'MAX_NUM_ALGO_ORDERS', 'maxNumAlgoOrders': 5}]",['SPOT'],EXPIRE_MAKER,"['EXPIRE_TAKER', 'EXPIRE_MAKER', 'EXPIRE_BOTH']",0.00010000,0.00010000,1000.00000000,0.10000000,0.10000000,9000000.00000000,1.00000000
457,WAXPUSD,BREAK,WAXP,8,USD,8,8,8,8,"['LIMIT', 'LIMIT_MAKER', 'MARKET', 'STOP_LOSS_LIMIT', 'TAKE_PROFIT_LIMIT']",True,True,True,True,True,True,False,"[{'filterType': 'PRICE_FILTER', 'minPrice': '0.00010000', 'maxPrice': '1000.00000000', 'tickSize': '0.00010000'}, {'filterType': 'PERCENT_PRICE', 'multiplierUp': '5', 'multiplierDown': '0.2', 'avgPriceMins': 5}, {'filterType': 'LOT_SIZE', 'minQty': '1.00000000', 'maxQty': '92141578.00000000', 'stepSize': '1.00000000'}, {'filterType': 'MIN_NOTIONAL', 'minNotional': '1.00000000', 'applyToMarket': True, 'avgPriceMins': 5}, {'filterType': 'ICEBERG_PARTS', 'limit': 10}, {'filterType': 'MARKET_LOT_SIZE', 'minQty': '0.00000000', 'maxQty': '551927.59930555', 'stepSize': '0.00000000'}, {'filterType': 'TRAILING_DELTA', 'minTrailingAboveDelta': 10, 'maxTrailingAboveDelta': 2000, 'minTrailingBelowDelta': 10, 'maxTrailingBelowDelta': 2000}, {'filterType': 'MAX_NUM_ORDERS', 'maxNumOrders': 200}, {'filterType': 'MAX_NUM_ALGO_ORDERS', 'maxNumAlgoOrders': 5}]",['SPOT'],EXPIRE_MAKER,"['EXPIRE_TAKER', 'EXPIRE_MAKER', 'EXPIRE_BOTH']",0.00010000,0.00010000,1000.00000000,1.00000000,1.00000000,92141578.00000000,1.00000000
458,LTOUSD,BREAK,LTO,8,USD,8,8,8,8,"['LIMIT', 'LIMIT_MAKER', 'MARKET', 'STOP_LOSS_LIMIT', 'TAKE_PROFIT_LIMIT']",True,True,True,True,True,True,False,"[{'filterType': 'PRICE_FILTER', 'minPrice': '0.00010000', 'maxPrice': '1000.00000000', 'tickSize': '0.00010000'}, {'filterType': 'PERCENT_PRICE', 'multiplierUp': '5', 'multiplierDown': '0.2', 'avgPriceMins': 5}, {'filterType': 'LOT_SIZE', 'minQty': '1.00000000', 'maxQty': '9000000.00000000', 'stepSize': '1.00000000'}, {'filterType': 'MIN_NOTIONAL', 'minNotional': '1.00000000', 'applyToMarket': True, 'avgPriceMins': 5}, {'filterType': 'ICEBERG_PARTS', 'limit': 10}, {'filterType': 'MARKET_LOT_SIZE', 'minQty': '0.00000000', 'maxQty': '1042269.79360667', 'stepSize': '0.00000000'}, {'filterType': 'TRAILING_DELTA', 'minTrailingAboveDelta': 10, 'maxTrailingAboveDelta': 2000, 'minTrailingBelowDelta': 10, 'maxTrailingBelowDelta': 2000}, {'filterType': 'MAX_NUM_ORDERS', 'maxNumOrders': 200}, {'filterType': 'MAX_NUM_ALGO_ORDERS', 'maxNumAlgoOrders': 5}]",['SPOT'],EXPIRE_MAKER,"['EXPIRE_TAKER', 'EXPIRE_MAKER', 'EXPIRE_BOTH']",0.00010000,0.00010000,1000.00000000,1.00000000,1.00000000,9000000.00000000,1.00000000
459,FETUSD,TRADING,FET,8,USD,8,8,8,8,"['LIMIT', 'LIMIT_MAKER', 'MARKET', 'STOP_LOSS_LIMIT', 'TAKE_PROFIT_LIMIT']",True,True,True,True,True,True,False,"[{'filterType': 'PRICE_FILTER', 'minPrice': '0.00010000', 'maxPrice': '1000.00000000', 'tickSize': '0.00010000'}, {'filterType': 'LOT_SIZE', 'minQty': '0.10000000', 'maxQty': '9000000.00000000', 'stepSize': '0.10000000'}, {'filterType': 'MIN_NOTIONAL', 'minNotional': '1.00000000', 'applyToMarket': True, 'avgPriceMins': 5}, {'filterType': 'ICEBERG_PARTS', 'limit': 10}, {'filterType': 'MARKET_LOT_SIZE', 'minQty': '0.00000000', 'maxQty': '5180.28744769', 'stepSize': '0.00000000'}, {'filterType': 'TRAILING_DELTA', 'minTrailingAboveDelta': 10, 'maxTrailingAboveDelta': 2000, 'minTrailingBelowDelta': 10, 'maxTrailingBelowDelta': 2000}, {'filterType': 'PERCENT_PRICE_BY_SIDE', 'bidMultiplierUp': '1.25', 'bidMultiplierDown': '0.2', 'askMultiplierUp': '5', 'askMultiplierDown': '0.75', 'avgPriceMins': 5}, {'filterType': 'MAX_NUM_ORDERS', 'maxNumOrders': 200}, {'filterType': 'MAX_NUM_ALGO_ORDERS', 'maxNumAlgoOrders': 5}]",['SPOT'],EXPIRE_MAKER,"['EXPIRE_TAKER', 'EXPIRE_MAKER', 'EXPIRE_BOTH']",0.00010000,0.00010000,1000.00000000,0.10000000,0.10000000,9000000.00000000,1.00000000
460,BONDUSD,BREAK,BOND,8,USD,8,8,8,8,"['LIMIT', 'LIMIT_MAKER', 'MARKET', 'STOP_LOSS_LIMIT', 'TAKE_PROFIT_LIMIT']",True,True,True,True,True,True,False,"[{'filterType': 'PRICE_FILTER', 'minPrice': '0.00100000', 'maxPrice': '10000.00000000', 'tickSize': '0.00100000'}, {'filterType': 'PERCENT_PRICE', 'multiplierUp': '5', 'multiplierDown': '0.2', 'avgPriceMins': 5}, {'filterType': 'LOT_SIZE', 'minQty': '0.01000000', 'maxQty': '9222449.00000000', 'stepSize': '0.01000000'}, {'filterType': 'MIN_NOTIONAL', 'minNotional': '1.00000000', 'applyToMarket': True, 'avgPriceMins': 5}, {'filterType': 'ICEBERG_PARTS', 'limit': 10}, {'filterType': 'MARKET_LOT_SIZE', 'minQty': '0.00000000', 'maxQty': '16758.01062107', 'stepSize': '0.00000000'}, {'filterType': 'TRAILING_DELTA', 'minTrailingAboveDelta': 10, 'maxTrailingAboveDelta': 2000, 'minTrailingBelowDelta': 10, 'maxTrailingBelowDelta': 2000}, {'filterType': 'MAX_NUM_ORDERS', 'maxNumOrders': 200}, {'filterType': 'MAX_NUM_ALGO_ORDERS', 'maxNumAlgoOrders': 5}]",['SPOT'],EXPIRE_MAKER,"['EXPIRE_TAKER', 'EXPIRE_MAKER', 'EXPIRE_BOTH']",0.00100000,0.00100000,10000.00000000,0.01000000,0.01000000,9222449.00000000,1.00000000
461,LOKAUSD,BREAK,LOKA,8,USD,8,8,8,8,"['LIMIT', 'LIMIT_MAKER', 'MARKET', 'STOP_LOSS_LIMIT', 'TAKE_PROFIT_LIMIT']",True,True,True,True,True,True,False,"[{'filterType': 'PRICE_FILTER', 'minPrice': '0.00010000', 'maxPrice': '1000.00000000', 'tickSize': '0.00010000'}, {'filterType': 'PERCENT_PRICE', 'multiplierUp': '5', 'multiplierDown': '0.2', 'avgPriceMins': 5}, {'filterType': 'LOT_SIZE', 'minQty': '0.10000000', 'maxQty': '92141578.00000000', 'stepSize': '0.10000000'}, {'filterType': 'MIN_NOTIONAL', 'minNotional': '1.00000000', 'applyToMarket': True, 'avgPriceMins': 5}, {'filterType': 'ICEBERG_PARTS', 'limit': 10}, {'filterType': 'MARKET_LOT_SIZE', 'minQty': '0.00000000', 'maxQty': '136861.61279554', 'stepSize': '0.00000000'}, {'filterType': 'TRAILING_DELTA', 'minTrailingAboveDelta': 10, 'maxTrailingAboveDelta': 2000, 'minTrailingBelowDelta': 10, 'maxTrailingBelowDelta': 2000}, {'filterType': 'MAX_NUM_ORDERS', 'maxNumOrders': 200}, {'filterType': 'MAX_NUM_ALGO_ORDERS', 'maxNumAlgoOrders': 5}]",['SPOT'],EXPIRE_MAKER,"['EXPIRE_TAKER', 'EXPIRE_MAKER', 'EXPIRE_BOTH']",0.00010000,0.00010000,1000.00000000,0.10000000,0.10000000,92141578.00000000,1.00000000
462,ICPUSD,TRADING,ICP,8,USD,8,8,8,8,"['LIMIT', 'LIMIT_MAKER', 'MARKET', 'STOP_LOSS_LIMIT', 'TAKE_PROFIT_LIMIT']",True,True,True,True,True,True,False,"[{'filterType': 'PRICE_FILTER', 'minPrice': '0.00100000', 'maxPrice': '100000.00000000', 'tickSize': '0.00100000'}, {'filterType': 'LOT_SIZE', 'minQty': '0.01000000', 'maxQty': '922327.00000000', 'stepSize': '0.01000000'}, {'filterType': 'MIN_NOTIONAL', 'minNotional': '1.00000000', 'applyToMarket': True, 'avgPriceMins': 5}, {'filterType': 'ICEBERG_PARTS', 'limit': 10}, {'filterType': 'MARKET_LOT_SIZE', 'minQty': '0.00000000', 'maxQty': '731.60502092', 'stepSize': '0.00000000'}, {'filterType': 'TRAILING_DELTA', 'minTrailingAboveDelta': 10, 'maxTrailingAboveDelta': 2000, 'minTrailingBelowDelta': 10, 'maxTrailingBelowDelta': 2000}, {'filterType': 'PERCENT_PRICE_BY_SIDE', 'bidMultiplierUp': '1.25', 'bidMultiplierDown': '0.2', 'askMultiplierUp': '5', 'askMultiplierDown': '0.75', 'avgPriceMins': 5}, {'filterType': 'MAX_NUM_ORDERS', 'maxNumOrders': 200}, {'filterType': 'MAX_NUM_ALGO_ORDERS', 'maxNumAlgoOrders': 5}]",['SPOT'],EXPIRE_MAKER,"['EXPIRE_TAKER', 'EXPIRE_MAKER', 'EXPIRE_BOTH']",0.00100000,0.00100000,100000.00000000,0.01000000,0.01000000,922327.00000000,1.00000000
463,TUSD,BREAK,T,8,USD,8,8,8,8,"['LIMIT', 'LIMIT_MAKER', 'MARKET', 'STOP_LOSS_LIMIT', 'TAKE_PROFIT_LIMIT']",True,True,True,True,True,True,False,"[{'filterType': 'PRICE_FILTER', 'minPrice': '0.00010000', 'maxPrice': '1000.00000000', 'tickSize': '0.00010000'}, {'filterType': 'PERCENT_PRICE', 'multiplierUp': '5', 'multiplierDown': '0.2', 'avgPriceMins': 5}, {'filterType': 'LOT_SIZE', 'minQty': '0.10000000', 'maxQty': '92141578.00000000', 'stepSize': '0.10000000'}, {'filterType': 'MIN_NOTIONAL', 'minNotional': '1.00000000', 'applyToMarket': True, 'avgPriceMins': 5}, {'filterType': 'ICEBERG_PARTS', 'limit': 10}, {'filterType': 'MARKET_LOT_SIZE', 'minQty': '0.00000000', 'maxQty': '3671409.47795549', 'stepSize': '0.00000000'}, {'filterType': 'TRAILING_DELTA', 'minTrailingAboveDelta': 10, 'maxTrailingAboveDelta': 2000, 'minTrailingBelowDelta': 10, 'maxTrailingBelowDelta': 2000}, {'filterType': 'MAX_NUM_ORDERS', 'maxNumOrders': 200}, {'filterType': 'MAX_NUM_ALGO_ORDERS', 'maxNumAlgoOrders': 5}]",['SPOT'],EXPIRE_MAKER,"['EXPIRE_TAKER', 'EXPIRE_MAKER', 'EXPIRE_BOTH']",0.00010000,0.00010000,1000.00000000,0.10000000,0.10000000,92141578.00000000,1.00000000
464,OPUSD,TRADING,OP,8,USD,8,8,8,8,"['LIMIT', 'LIMIT_MAKER', 'MARKET', 'STOP_LOSS_LIMIT', 'TAKE_PROFIT_LIMIT']",True,True,True,True,True,True,False,"[{'filterType': 'PRICE_FILTER', 'minPrice': '0.00100000', 'maxPrice': '1000.00000000', 'tickSize': '0.00100000'}, {'filterType': 'LOT_SIZE', 'minQty': '0.01000000', 'maxQty': '92141578.00000000', 'stepSize': '0.01000000'}, {'filterType': 'MIN_NOTIONAL', 'minNotional': '1.00000000', 'applyToMarket': True, 'avgPriceMins': 5}, {'filterType': 'ICEBERG_PARTS', 'limit': 10}, {'filterType': 'MARKET_LOT_SIZE', 'minQty': '0.00000000', 'maxQty': '3048.67104602', 'stepSize': '0.00000000'}, {'filterType': 'TRAILING_DELTA', 'minTrailingAboveDelta': 10, 'maxTrailingAboveDelta': 2000, 'minTrailingBelowDelta': 10, 'maxTrailingBelowDelta': 2000}, {'filterType': 'PERCENT_PRICE_BY_SIDE', 'bidMultiplierUp': '1.25', 'bidMultiplierDown': '0.2', 'askMultiplierUp': '5', 'askMultiplierDown': '0.75', 'avgPriceMins': 5}, {'filterType': 'MAX_NUM_ORDERS', 'maxNumOrders': 200}, {'filterType': 'MAX_NUM_ALGO_ORDERS', 'maxNumAlgoOrders': 5}]",['SPOT'],EXPIRE_MAKER,"['EXPIRE_TAKER', 'EXPIRE_MAKER', 'EXPIRE_BOTH']",0.00100000,0.00100000,1000.00000000,0.01000000,0.01000000,92141578.00000000,1.00000000
465,ROSEUSD,BREAK,ROSE,8,USD,8,8,8,8,"['LIMIT', 'LIMIT_MAKER', 'MARKET', 'STOP_LOSS_LIMIT', 'TAKE_PROFIT_LIMIT']",True,True,True,True,True,True,False,"[{'filterType': 'PRICE_FILTER', 'minPrice': '0.00001000', 'maxPrice': '1000.00000000', 'tickSize': '0.00001000'}, {'filterType': 'PERCENT_PRICE', 'multiplierUp': '5', 'multiplierDown': '0.2', 'avgPriceMins': 5}, {'filterType': 'LOT_SIZE', 'minQty': '0.10000000', 'maxQty': '9000000.00000000', 'stepSize': '0.10000000'}, {'filterType': 'MIN_NOTIONAL', 'minNotional': '1.00000000', 'applyToMarket': True, 'avgPriceMins': 5}, {'filterType': 'ICEBERG_PARTS', 'limit': 10}, {'filterType': 'MARKET_LOT_SIZE', 'minQty': '0.00000000', 'maxQty': '6038736.71125781', 'stepSize': '0.00000000'}, {'filterType': 'TRAILING_DELTA', 'minTrailingAboveDelta': 10, 'maxTrailingAboveDelta': 2000, 'minTrailingBelowDelta': 10, 'maxTrailingBelowDelta': 2000}, {'filterType': 'MAX_NUM_ORDERS', 'maxNumOrders': 200}, {'filterType': 'MAX_NUM_ALGO_ORDERS', 'maxNumAlgoOrders': 5}]",['SPOT'],EXPIRE_MAKER,"['EXPIRE_TAKER', 'EXPIRE_MAKER', 'EXPIRE_BOTH']",0.00001000,0.00001000,1000.00000000,0.10000000,0.10000000,9000000.00000000,1.00000000
466,CELOUSD,BREAK,CELO,8,USD,8,8,8,8,"['LIMIT', 'LIMIT_MAKER', 'MARKET', 'STOP_LOSS_LIMIT', 'TAKE_PROFIT_LIMIT']",True,True,True,True,True,True,False,"[{'filterType': 'PRICE_FILTER', 'minPrice': '0.00100000', 'maxPrice': '1000.00000000', 'tickSize': '0.00100000'}, {'filterType': 'PERCENT_PRICE', 'multiplierUp': '5', 'multiplierDown': '0.2', 'avgPriceMins': 5}, {'filterType': 'LOT_SIZE', 'minQty': '0.10000000', 'maxQty': '900000.00000000', 'stepSize': '0.10000000'}, {'filterType': 'MIN_NOTIONAL', 'minNotional': '1.00000000', 'applyToMarket': True, 'avgPriceMins': 5}, {'filterType': 'ICEBERG_PARTS', 'limit': 10}, {'filterType': 'MARKET_LOT_SIZE', 'minQty': '0.00000000', 'maxQty': '191076.78429464', 'stepSize': '0.00000000'}, {'filterType': 'TRAILING_DELTA', 'minTrailingAboveDelta': 10, 'maxTrailingAboveDelta': 2000, 'minTrailingBelowDelta': 10, 'maxTrailingBelowDelta': 2000}, {'filterType': 'MAX_NUM_ORDERS', 'maxNumOrders': 200}, {'filterType': 'MAX_NUM_ALGO_ORDERS', 'maxNumAlgoOrders': 5}]",['SPOT'],EXPIRE_MAKER,"['EXPIRE_TAKER', 'EXPIRE_MAKER', 'EXPIRE_BOTH']",0.00100000,0.00100000,1000.00000000,0.10000000,0.10000000,900000.00000000,1.00000000
467,KDAUSD,BREAK,KDA,8,USD,8,8,8,8,"['LIMIT', 'LIMIT_MAKER', 'MARKET', 'STOP_LOSS_LIMIT', 'TAKE_PROFIT_LIMIT']",True,True,True,True,True,True,False,"[{'filterType': 'PRICE_FILTER', 'minPrice': '0.00010000', 'maxPrice': '1000.00000000', 'tickSize': '0.00010000'}, {'filterType': 'LOT_SIZE', 'minQty': '0.01000000', 'maxQty': '92141578.00000000', 'stepSize': '0.01000000'}, {'filterType': 'MIN_NOTIONAL', 'minNotional': '1.00000000', 'applyToMarket': True, 'avgPriceMins': 5}, {'filterType': 'ICEBERG_PARTS', 'limit': 10}, {'filterType': 'MARKET_LOT_SIZE', 'minQty': '0.00000000', 'maxQty': '20631.80272727', 'stepSize': '0.00000000'}, {'filterType': 'TRAILING_DELTA', 'minTrailingAboveDelta': 10, 'maxTrailingAboveDelta': 2000, 'minTrailingBelowDelta': 10, 'maxTrailingBelowDelta': 2000}, {'filterType': 'PERCENT_PRICE_BY_SIDE', 'bidMultiplierUp': '1.25', 'bidMultiplierDown': '0.2', 'askMultiplierUp': '5', 'askMultiplierDown': '0.75', 'avgPriceMins': 5}, {'filterType': 'MAX_NUM_ORDERS', 'maxNumOrders': 200}, {'filterType': 'MAX_NUM_ALGO_ORDERS', 'maxNumAlgoOrders': 5}]",['SPOT'],EXPIRE_MAKER,"['EXPIRE_TAKER', 'EXPIRE_MAKER', 'EXPIRE_BOTH']",0.00010000,0.00010000,1000.00000000,0.01000000,0.01000000,92141578.00000000,1.00000000
468,KSMUSD,BREAK,KSM,8,USD,8,8,8,8,"['LIMIT', 'LIMIT_MAKER', 'MARKET', 'STOP_LOSS_LIMIT', 'TAKE_PROFIT_LIMIT']",True,True,True,True,True,True,False,"[{'filterType': 'PRICE_FILTER', 'minPrice': '0.01000000', 'maxPrice': '100000.00000000', 'tickSize': '0.01000000'}, {'filterType': 'PERCENT_PRICE', 'multiplierUp': '5', 'multiplierDown': '0.2', 'avgPriceMins': 5}, {'filterType': 'LOT_SIZE', 'minQty': '0.00100000', 'maxQty': '900000.00000000', 'stepSize': '0.00100000'}, {'filterType': 'MIN_NOTIONAL', 'minNotional': '1.00000000', 'applyToMarket': True, 'avgPriceMins': 5}, {'filterType': 'ICEBERG_PARTS', 'limit': 10}, {'filterType': 'MARKET_LOT_SIZE', 'minQty': '0.00000000', 'maxQty': '3294.32087482', 'stepSize': '0.00000000'}, {'filterType': 'TRAILING_DELTA', 'minTrailingAboveDelta': 10, 'maxTrailingAboveDelta': 2000, 'minTrailingBelowDelta': 10, 'maxTrailingBelowDelta': 2000}, {'filterType': 'MAX_NUM_ORDERS', 'maxNumOrders': 200}, {'filterType': 'MAX_NUM_ALGO_ORDERS', 'maxNumAlgoOrders': 5}]",['SPOT'],EXPIRE_MAKER,"['EXPIRE_TAKER', 'EXPIRE_MAKER', 'EXPIRE_BOTH']",0.01000000,0.01000000,100000.00000000,0.00100000,0.00100000,900000.00000000,1.00000000
469,ACHUSD,BREAK,ACH,8,USD,8,8,8,8,"['LIMIT', 'LIMIT_MAKER', 'MARKET', 'STOP_LOSS_LIMIT', 'TAKE_PROFIT_LIMIT']",True,True,True,True,True,True,False,"[{'filterType': 'PRICE_FILTER', 'minPrice': '0.00001000', 'maxPrice': '1000.00000000', 'tickSize': '0.00001000'}, {'filterType': 'PERCENT_PRICE', 'multiplierUp': '5', 'multiplierDown': '0.2', 'avgPriceMins': 5}, {'filterType': 'LOT_SIZE', 'minQty': '1.00000000', 'maxQty': '92141578.00000000', 'stepSize': '1.00000000'}, {'filterType': 'MIN_NOTIONAL', 'minNotional': '1.00000000', 'applyToMarket': True, 'avgPriceMins': 5}, {'filterType': 'ICEBERG_PARTS', 'limit': 10}, {'filterType': 'MARKET_LOT_SIZE', 'minQty': '0.00000000', 'maxQty': '9285110.73706293', 'stepSize': '0.00000000'}, {'filterType': 'TRAILING_DELTA', 'minTrailingAboveDelta': 10, 'maxTrailingAboveDelta': 2000, 'minTrailingBelowDelta': 10, 'maxTrailingBelowDelta': 2000}, {'filterType': 'MAX_NUM_ORDERS', 'maxNumOrders': 200}, {'filterType': 'MAX_NUM_ALGO_ORDERS', 'maxNumAlgoOrders': 5}]",['SPOT'],EXPIRE_MAKER,"['EXPIRE_TAKER', 'EXPIRE_MAKER', 'EXPIRE_BOTH']",0.00001000,0.00001000,1000.00000000,1.00000000,1.00000000,92141578.00000000,1.00000000
470,DARUSD,BREAK,DAR,8,USD,8,8,8,8,"['LIMIT', 'LIMIT_MAKER', 'MARKET', 'STOP_LOSS_LIMIT', 'TAKE_PROFIT_LIMIT']",True,True,True,True,True,True,False,"[{'filterType': 'PRICE_FILTER', 'minPrice': '0.00010000', 'maxPrice': '1000.00000000', 'tickSize': '0.00010000'}, {'filterType': 'PERCENT_PRICE', 'multiplierUp': '5', 'multiplierDown': '0.2', 'avgPriceMins': 5}, {'filterType': 'LOT_SIZE', 'minQty': '1.00000000', 'maxQty': '92141578.00000000', 'stepSize': '1.00000000'}, {'filterType': 'MIN_NOTIONAL', 'minNotional': '1.00000000', 'applyToMarket': True, 'avgPriceMins': 5}, {'filterType': 'ICEBERG_PARTS', 'limit': 10}, {'filterType': 'MARKET_LOT_SIZE', 'minQty': '0.00000000', 'maxQty': '593200.79861111', 'stepSize': '0.00000000'}, {'filterType': 'TRAILING_DELTA', 'minTrailingAboveDelta': 10, 'maxTrailingAboveDelta': 2000, 'minTrailingBelowDelta': 10, 'maxTrailingBelowDelta': 2000}, {'filterType': 'MAX_NUM_ORDERS', 'maxNumOrders': 200}, {'filterType': 'MAX_NUM_ALGO_ORDERS', 'maxNumAlgoOrders': 5}]",['SPOT'],EXPIRE_MAKER,"['EXPIRE_TAKER', 'EXPIRE_MAKER', 'EXPIRE_BOTH']",0.00010000,0.00010000,1000.00000000,1.00000000,1.00000000,92141578.00000000,1.00000000
471,RNDRUSD,BREAK,RNDR,8,USD,8,8,8,8,"['LIMIT', 'LIMIT_MAKER', 'MARKET', 'STOP_LOSS_LIMIT', 'TAKE_PROFIT_LIMIT']",True,True,True,True,True,True,False,"[{'filterType': 'PRICE_FILTER', 'minPrice': '0.00100000', 'maxPrice': '1000.00000000', 'tickSize': '0.00100000'}, {'filterType': 'PERCENT_PRICE', 'multiplierUp': '5', 'multiplierDown': '0.2', 'avgPriceMins': 5}, {'filterType': 'LOT_SIZE', 'minQty': '0.01000000', 'maxQty': '92141578.00000000', 'stepSize': '0.01000000'}, {'filterType': 'MIN_NOTIONAL', 'minNotional': '1.00000000', 'applyToMarket': True, 'avgPriceMins': 5}, {'filterType': 'ICEBERG_PARTS', 'limit': 10}, {'filterType': 'MARKET_LOT_SIZE', 'minQty': '0.00000000', 'maxQty': '161822.84313671', 'stepSize': '0.00000000'}, {'filterType': 'TRAILING_DELTA', 'minTrailingAboveDelta': 10, 'maxTrailingAboveDelta': 2000, 'minTrailingBelowDelta': 10, 'maxTrailingBelowDelta': 2000}, {'filterType': 'MAX_NUM_ORDERS', 'maxNumOrders': 200}, {'filterType': 'MAX_NUM_ALGO_ORDERS', 'maxNumAlgoOrders': 5}]",['SPOT'],EXPIRE_MAKER,"['EXPIRE_TAKER', 'EXPIRE_MAKER', 'EXPIRE_BOTH']",0.00100000,0.00100000,1000.00000000,0.01000000,0.01000000,92141578.00000000,1.00000000
472,SYSUSD,BREAK,SYS,8,USD,8,8,8,8,"['LIMIT', 'LIMIT_MAKER', 'MARKET', 'STOP_LOSS_LIMIT', 'TAKE_PROFIT_LIMIT']",True,True,True,True,True,True,False,"[{'filterType': 'PRICE_FILTER', 'minPrice': '0.00010000', 'maxPrice': '1000.00000000', 'tickSize': '0.00010000'}, {'filterType': 'PERCENT_PRICE', 'multiplierUp': '5', 'multiplierDown': '0.2', 'avgPriceMins': 5}, {'filterType': 'LOT_SIZE', 'minQty': '1.00000000', 'maxQty': '9000000.00000000', 'stepSize': '1.00000000'}, {'filterType': 'MIN_NOTIONAL', 'minNotional': '1.00000000', 'applyToMarket': True, 'avgPriceMins': 5}, {'filterType': 'ICEBERG_PARTS', 'limit': 10}, {'filterType': 'MARKET_LOT_SIZE', 'minQty': '0.00000000', 'maxQty': '966695.58905058', 'stepSize': '0.00000000'}, {'filterType': 'TRAILING_DELTA', 'minTrailingAboveDelta': 10, 'maxTrailingAboveDelta': 2000, 'minTrailingBelowDelta': 10, 'maxTrailingBelowDelta': 2000}, {'filterType': 'MAX_NUM_ORDERS', 'maxNumOrders': 200}, {'filterType': 'MAX_NUM_ALGO_ORDERS', 'maxNumAlgoOrders': 5}]",['SPOT'],EXPIRE_MAKER,"['EXPIRE_TAKER', 'EXPIRE_MAKER', 'EXPIRE_BOTH']",0.00010000,0.00010000,1000.00000000,1.00000000,1.00000000,9000000.00000000,1.00000000
473,RADUSD,BREAK,RAD,8,USD,8,8,8,8,"['LIMIT', 'LIMIT_MAKER', 'MARKET', 'STOP_LOSS_LIMIT', 'TAKE_PROFIT_LIMIT']",True,True,True,True,True,True,False,"[{'filterType': 'PRICE_FILTER', 'minPrice': '0.00100000', 'maxPrice': '1000.00000000', 'tickSize': '0.00100000'}, {'filterType': 'PERCENT_PRICE', 'multiplierUp': '5', 'multiplierDown': '0.2', 'avgPriceMins': 5}, {'filterType': 'LOT_SIZE', 'minQty': '0.10000000', 'maxQty': '92141578.00000000', 'stepSize': '0.10000000'}, {'filterType': 'MIN_NOTIONAL', 'minNotional': '1.00000000', 'applyToMarket': True, 'avgPriceMins': 5}, {'filterType': 'ICEBERG_PARTS', 'limit': 10}, {'filterType': 'MARKET_LOT_SIZE', 'minQty': '0.00000000', 'maxQty': '47546.77801664', 'stepSize': '0.00000000'}, {'filterType': 'TRAILING_DELTA', 'minTrailingAboveDelta': 10, 'maxTrailingAboveDelta': 2000, 'minTrailingBelowDelta': 10, 'maxTrailingBelowDelta': 2000}, {'filterType': 'MAX_NUM_ORDERS', 'maxNumOrders': 200}, {'filterType': 'MAX_NUM_ALGO_ORDERS', 'maxNumAlgoOrders': 5}]",['SPOT'],EXPIRE_MAKER,"['EXPIRE_TAKER', 'EXPIRE_MAKER', 'EXPIRE_BOTH']",0.00100000,0.00100000,1000.00000000,0.10000000,0.10000000,92141578.00000000,1.00000000
474,ILVUSD,BREAK,ILV,8,USD,8,8,8,8,"['LIMIT', 'LIMIT_MAKER', 'MARKET', 'STOP_LOSS_LIMIT', 'TAKE_PROFIT_LIMIT']",True,True,True,True,True,True,False,"[{'filterType': 'PRICE_FILTER', 'minPrice': '0.01000000', 'maxPrice': '100000.00000000', 'tickSize': '0.01000000'}, {'filterType': 'PERCENT_PRICE', 'multiplierUp': '5', 'multiplierDown': '0.2', 'avgPriceMins': 5}, {'filterType': 'LOT_SIZE', 'minQty': '0.00100000', 'maxQty': '922327.00000000', 'stepSize': '0.00100000'}, {'filterType': 'MIN_NOTIONAL', 'minNotional': '1.00000000', 'applyToMarket': True, 'avgPriceMins': 5}, {'filterType': 'ICEBERG_PARTS', 'limit': 10}, {'filterType': 'MARKET_LOT_SIZE', 'minQty': '0.00000000', 'maxQty': '916.93937734', 'stepSize': '0.00000000'}, {'filterType': 'TRAILING_DELTA', 'minTrailingAboveDelta': 10, 'maxTrailingAboveDelta': 2000, 'minTrailingBelowDelta': 10, 'maxTrailingBelowDelta': 2000}, {'filterType': 'MAX_NUM_ORDERS', 'maxNumOrders': 200}, {'filterType': 'MAX_NUM_ALGO_ORDERS', 'maxNumAlgoOrders': 5}]",['SPOT'],EXPIRE_MAKER,"['EXPIRE_TAKER', 'EXPIRE_MAKER', 'EXPIRE_BOTH']",0.01000000,0.01000000,100000.00000000,0.00100000,0.00100000,922327.00000000,1.00000000
475,LDOUSD,BREAK,LDO,8,USD,8,8,8,8,"['LIMIT', 'LIMIT_MAKER', 'MARKET', 'STOP_LOSS_LIMIT', 'TAKE_PROFIT_LIMIT']",True,True,True,True,True,True,False,"[{'filterType': 'PRICE_FILTER', 'minPrice': '0.00100000', 'maxPrice': '1000.00000000', 'tickSize': '0.00100000'}, {'filterType': 'PERCENT_PRICE', 'multiplierUp': '5', 'multiplierDown': '0.2', 'avgPriceMins': 5}, {'filterType': 'LOT_SIZE', 'minQty': '0.01000000', 'maxQty': '92141578.00000000', 'stepSize': '0.01000000'}, {'filterType': 'MIN_NOTIONAL', 'minNotional': '1.00000000', 'applyToMarket': True, 'avgPriceMins': 5}, {'filterType': 'ICEBERG_PARTS', 'limit': 10}, {'filterType': 'MARKET_LOT_SIZE', 'minQty': '0.00000000', 'maxQty': '316622.60368932', 'stepSize': '0.00000000'}, {'filterType': 'TRAILING_DELTA', 'minTrailingAboveDelta': 10, 'maxTrailingAboveDelta': 2000, 'minTrailingBelowDelta': 10, 'maxTrailingBelowDelta': 2000}, {'filterType': 'MAX_NUM_ORDERS', 'maxNumOrders': 200}, {'filterType': 'MAX_NUM_ALGO_ORDERS', 'maxNumAlgoOrders': 5}]",['SPOT'],EXPIRE_MAKER,"['EXPIRE_TAKER', 'EXPIRE_MAKER', 'EXPIRE_BOTH']",0.00100000,0.00100000,1000.00000000,0.01000000,0.01000000,92141578.00000000,1.00000000
476,RAREUSD,BREAK,RARE,8,USD,8,8,8,8,"['LIMIT', 'LIMIT_MAKER', 'MARKET', 'STOP_LOSS_LIMIT', 'TAKE_PROFIT_LIMIT']",True,True,True,True,True,True,False,"[{'filterType': 'PRICE_FILTER', 'minPrice': '0.00010000', 'maxPrice': '1000.00000000', 'tickSize': '0.00010000'}, {'filterType': 'PERCENT_PRICE', 'multiplierUp': '5', 'multiplierDown': '0.2', 'avgPriceMins': 5}, {'filterType': 'LOT_SIZE', 'minQty': '0.10000000', 'maxQty': '92141578.00000000', 'stepSize': '0.10000000'}, {'filterType': 'MIN_NOTIONAL', 'minNotional': '1.00000000', 'applyToMarket': True, 'avgPriceMins': 5}, {'filterType': 'ICEBERG_PARTS', 'limit': 10}, {'filterType': 'MARKET_LOT_SIZE', 'minQty': '0.00000000', 'maxQty': '390621.67142857', 'stepSize': '0.00000000'}, {'filterType': 'TRAILING_DELTA', 'minTrailingAboveDelta': 10, 'maxTrailingAboveDelta': 2000, 'minTrailingBelowDelta': 10, 'maxTrailingBelowDelta': 2000}, {'filterType': 'MAX_NUM_ORDERS', 'maxNumOrders': 200}, {'filterType': 'MAX_NUM_ALGO_ORDERS', 'maxNumAlgoOrders': 5}]",['SPOT'],EXPIRE_MAKER,"['EXPIRE_TAKER', 'EXPIRE_MAKER', 'EXPIRE_BOTH']",0.00010000,0.00010000,1000.00000000,0.10000000,0.10000000,92141578.00000000,1.00000000
477,LSKUSD,BREAK,LSK,8,USD,8,8,8,8,"['LIMIT', 'LIMIT_MAKER', 'MARKET', 'STOP_LOSS_LIMIT', 'TAKE_PROFIT_LIMIT']",True,True,True,True,True,True,False,"[{'filterType': 'PRICE_FILTER', 'minPrice': '0.00100000', 'maxPrice': '1000.00000000', 'tickSize': '0.00100000'}, {'filterType': 'PERCENT_PRICE', 'multiplierUp': '5', 'multiplierDown': '0.2', 'avgPriceMins': 5}, {'filterType': 'LOT_SIZE', 'minQty': '0.10000000', 'maxQty': '900000.00000000', 'stepSize': '0.10000000'}, {'filterType': 'MIN_NOTIONAL', 'minNotional': '1.00000000', 'applyToMarket': True, 'avgPriceMins': 5}, {'filterType': 'ICEBERG_PARTS', 'limit': 10}, {'filterType': 'MARKET_LOT_SIZE', 'minQty': '0.00000000', 'maxQty': '62355.45987525', 'stepSize': '0.00000000'}, {'filterType': 'TRAILING_DELTA', 'minTrailingAboveDelta': 10, 'maxTrailingAboveDelta': 2000, 'minTrailingBelowDelta': 10, 'maxTrailingBelowDelta': 2000}, {'filterType': 'MAX_NUM_ORDERS', 'maxNumOrders': 200}, {'filterType': 'MAX_NUM_ALGO_ORDERS', 'maxNumAlgoOrders': 5}]",['SPOT'],EXPIRE_MAKER,"['EXPIRE_TAKER', 'EXPIRE_MAKER', 'EXPIRE_BOTH']",0.00100000,0.00100000,1000.00000000,0.10000000,0.10000000,900000.00000000,1.00000000
478,DGBUSD,TRADING,DGB,8,USD,8,8,8,8,"['LIMIT', 'LIMIT_MAKER', 'MARKET', 'STOP_LOSS_LIMIT', 'TAKE_PROFIT_LIMIT']",True,True,True,True,True,True,False,"[{'filterType': 'PRICE_FILTER', 'minPrice': '0.00001000', 'maxPrice': '1000.00000000', 'tickSize': '0.00001000'}, {'filterType': 'LOT_SIZE', 'minQty': '0.10000000', 'maxQty': '9000000.00000000', 'stepSize': '0.10000000'}, {'filterType': 'MIN_NOTIONAL', 'minNotional': '1.00000000', 'applyToMarket': True, 'avgPriceMins': 5}, {'filterType': 'ICEBERG_PARTS', 'limit': 10}, {'filterType': 'MARKET_LOT_SIZE', 'minQty': '0.00000000', 'maxQty': '446795.38368200', 'stepSize': '0.00000000'}, {'filterType': 'TRAILING_DELTA', 'minTrailingAboveDelta': 10, 'maxTrailingAboveDelta': 2000, 'minTrailingBelowDelta': 10, 'maxTrailingBelowDelta': 2000}, {'filterType': 'PERCENT_PRICE_BY_SIDE', 'bidMultiplierUp': '1.25', 'bidMultiplierDown': '0.2', 'askMultiplierUp': '5', 'askMultiplierDown': '0.75', 'avgPriceMins': 5}, {'filterType': 'MAX_NUM_ORDERS', 'maxNumOrders': 200}, {'filterType': 'MAX_NUM_ALGO_ORDERS', 'maxNumAlgoOrders': 5}]",['SPOT'],EXPIRE_MAKER,"['EXPIRE_TAKER', 'EXPIRE_MAKER', 'EXPIRE_BOTH']",0.00001000,0.00001000,1000.00000000,0.10000000,0.10000000,9000000.00000000,1.00000000
479,REEFUSD,BREAK,REEF,8,USD,8,8,8,8,"['LIMIT', 'LIMIT_MAKER', 'MARKET', 'STOP_LOSS_LIMIT', 'TAKE_PROFIT_LIMIT']",True,True,True,True,True,True,False,"[{'filterType': 'PRICE_FILTER', 'minPrice': '0.00000100', 'maxPrice': '1000.00000000', 'tickSize': '0.00000100'}, {'filterType': 'PERCENT_PRICE', 'multiplierUp': '5', 'multiplierDown': '0.2', 'avgPriceMins': 5}, {'filterType': 'LOT_SIZE', 'minQty': '0.10000000', 'maxQty': '92141578.00000000', 'stepSize': '0.10000000'}, {'filterType': 'MIN_NOTIONAL', 'minNotional': '1.00000000', 'applyToMarket': True, 'avgPriceMins': 5}, {'filterType': 'ICEBERG_PARTS', 'limit': 10}, {'filterType': 'MARKET_LOT_SIZE', 'minQty': '0.00000000', 'maxQty': '19979356.49271339', 'stepSize': '0.00000000'}, {'filterType': 'TRAILING_DELTA', 'minTrailingAboveDelta': 10, 'maxTrailingAboveDelta': 2000, 'minTrailingBelowDelta': 10, 'maxTrailingBelowDelta': 2000}, {'filterType': 'MAX_NUM_ORDERS', 'maxNumOrders': 200}, {'filterType': 'MAX_NUM_ALGO_ORDERS', 'maxNumAlgoOrders': 5}]",['SPOT'],EXPIRE_MAKER,"['EXPIRE_TAKER', 'EXPIRE_MAKER', 'EXPIRE_BOTH']",0.00000100,0.00000100,1000.00000000,0.10000000,0.10000000,92141578.00000000,1.00000000
480,ALICEUSD,BREAK,ALICE,8,USD,8,8,8,8,"['LIMIT', 'LIMIT_MAKER', 'MARKET', 'STOP_LOSS_LIMIT', 'TAKE_PROFIT_LIMIT']",True,True,True,True,True,True,False,"[{'filterType': 'PRICE_FILTER', 'minPrice': '0.00100000', 'maxPrice': '1000.00000000', 'tickSize': '0.00100000'}, {'filterType': 'PERCENT_PRICE', 'multiplierUp': '5', 'multiplierDown': '0.2', 'avgPriceMins': 5}, {'filterType': 'LOT_SIZE', 'minQty': '0.01000000', 'maxQty': '900000.00000000', 'stepSize': '0.01000000'}, {'filterType': 'MIN_NOTIONAL', 'minNotional': '1.00000000', 'applyToMarket': True, 'avgPriceMins': 5}, {'filterType': 'ICEBERG_PARTS', 'limit': 10}, {'filterType': 'MARKET_LOT_SIZE', 'minQty': '0.00000000', 'maxQty': '90594.63785962', 'stepSize': '0.00000000'}, {'filterType': 'TRAILING_DELTA', 'minTrailingAboveDelta': 10, 'maxTrailingAboveDelta': 2000, 'minTrailingBelowDelta': 10, 'maxTrailingBelowDelta': 2000}, {'filterType': 'MAX_NUM_ORDERS', 'maxNumOrders': 200}, {'filterType': 'MAX_NUM_ALGO_ORDERS', 'maxNumAlgoOrders': 5}]",['SPOT'],EXPIRE_MAKER,"['EXPIRE_TAKER', 'EXPIRE_MAKER', 'EXPIRE_BOTH']",0.00100000,0.00100000,1000.00000000,0.01000000,0.01000000,900000.00000000,1.00000000
481,FORTHUSD,BREAK,FORTH,8,USD,8,8,8,8,"['LIMIT', 'LIMIT_MAKER', 'MARKET', 'STOP_LOSS_LIMIT', 'TAKE_PROFIT_LIMIT']",True,True,True,True,True,True,False,"[{'filterType': 'PRICE_FILTER', 'minPrice': '0.00100000', 'maxPrice': '10000.00000000', 'tickSize': '0.00100000'}, {'filterType': 'PERCENT_PRICE', 'multiplierUp': '5', 'multiplierDown': '0.2', 'avgPriceMins': 5}, {'filterType': 'LOT_SIZE', 'minQty': '0.01000000', 'maxQty': '90000.00000000', 'stepSize': '0.01000000'}, {'filterType': 'MIN_NOTIONAL', 'minNotional': '1.00000000', 'applyToMarket': True, 'avgPriceMins': 5}, {'filterType': 'ICEBERG_PARTS', 'limit': 10}, {'filterType': 'MARKET_LOT_SIZE', 'minQty': '0.00000000', 'maxQty': '42037.71566666', 'stepSize': '0.00000000'}, {'filterType': 'TRAILING_DELTA', 'minTrailingAboveDelta': 10, 'maxTrailingAboveDelta': 2000, 'minTrailingBelowDelta': 10, 'maxTrailingBelowDelta': 2000}, {'filterType': 'MAX_NUM_ORDERS', 'maxNumOrders': 200}, {'filterType': 'MAX_NUM_ALGO_ORDERS', 'maxNumAlgoOrders': 5}]",['SPOT'],EXPIRE_MAKER,"['EXPIRE_TAKER', 'EXPIRE_MAKER', 'EXPIRE_BOTH']",0.00100000,0.00100000,10000.00000000,0.01000000,0.01000000,90000.00000000,1.00000000
482,ASTRUSD,BREAK,ASTR,8,USD,8,8,8,8,"['LIMIT', 'LIMIT_MAKER', 'MARKET', 'STOP_LOSS_LIMIT', 'TAKE_PROFIT_LIMIT']",True,True,True,True,True,True,False,"[{'filterType': 'PRICE_FILTER', 'minPrice': '0.00010000', 'maxPrice': '1000.00000000', 'tickSize': '0.00010000'}, {'filterType': 'PERCENT_PRICE', 'multiplierUp': '5', 'multiplierDown': '0.2', 'avgPriceMins': 5}, {'filterType': 'LOT_SIZE', 'minQty': '0.10000000', 'maxQty': '92141578.00000000', 'stepSize': '0.10000000'}, {'filterType': 'MIN_NOTIONAL', 'minNotional': '1.00000000', 'applyToMarket': True, 'avgPriceMins': 5}, {'filterType': 'ICEBERG_PARTS', 'limit': 10}, {'filterType': 'MARKET_LOT_SIZE', 'minQty': '0.00000000', 'maxQty': '2998944.25447605', 'stepSize': '0.00000000'}, {'filterType': 'TRAILING_DELTA', 'minTrailingAboveDelta': 10, 'maxTrailingAboveDelta': 2000, 'minTrailingBelowDelta': 10, 'maxTrailingBelowDelta': 2000}, {'filterType': 'MAX_NUM_ORDERS', 'maxNumOrders': 200}, {'filterType': 'MAX_NUM_ALGO_ORDERS', 'maxNumAlgoOrders': 5}]",['SPOT'],EXPIRE_MAKER,"['EXPIRE_TAKER', 'EXPIRE_MAKER', 'EXPIRE_BOTH']",0.00010000,0.00010000,1000.00000000,0.10000000,0.10000000,92141578.00000000,1.00000000
483,BTRSTUSD,BREAK,BTRST,8,USD,8,8,8,8,"['LIMIT', 'LIMIT_MAKER', 'MARKET', 'STOP_LOSS_LIMIT', 'TAKE_PROFIT_LIMIT']",True,True,True,True,True,True,False,"[{'filterType': 'PRICE_FILTER', 'minPrice': '0.00100000', 'maxPrice': '10000.00000000', 'tickSize': '0.00100000'}, {'filterType': 'PERCENT_PRICE', 'multiplierUp': '5', 'multiplierDown': '0.2', 'avgPriceMins': 5}, {'filterType': 'LOT_SIZE', 'minQty': '0.10000000', 'maxQty': '9222449.00000000', 'stepSize': '0.10000000'}, {'filterType': 'MIN_NOTIONAL', 'minNotional': '1.00000000', 'applyToMarket': True, 'avgPriceMins': 5}, {'filterType': 'ICEBERG_PARTS', 'limit': 10}, {'filterType': 'MARKET_LOT_SIZE', 'minQty': '0.00000000', 'maxQty': '63083.19006944', 'stepSize': '0.00000000'}, {'filterType': 'TRAILING_DELTA', 'minTrailingAboveDelta': 10, 'maxTrailingAboveDelta': 2000, 'minTrailingBelowDelta': 10, 'maxTrailingBelowDelta': 2000}, {'filterType': 'MAX_NUM_ORDERS', 'maxNumOrders': 200}, {'filterType': 'MAX_NUM_ALGO_ORDERS', 'maxNumAlgoOrders': 5}]",['SPOT'],EXPIRE_MAKER,"['EXPIRE_TAKER', 'EXPIRE_MAKER', 'EXPIRE_BOTH']",0.00100000,0.00100000,10000.00000000,0.10000000,0.10000000,9222449.00000000,1.00000000
484,GALUSD,BREAK,GAL,8,USD,8,8,8,8,"['LIMIT', 'LIMIT_MAKER', 'MARKET', 'STOP_LOSS_LIMIT', 'TAKE_PROFIT_LIMIT']",True,True,True,True,True,True,False,"[{'filterType': 'PRICE_FILTER', 'minPrice': '0.00100000', 'maxPrice': '1000.00000000', 'tickSize': '0.00100000'}, {'filterType': 'PERCENT_PRICE', 'multiplierUp': '5', 'multiplierDown': '0.2', 'avgPriceMins': 5}, {'filterType': 'LOT_SIZE', 'minQty': '0.00100000', 'maxQty': '92141578.00000000', 'stepSize': '0.00100000'}, {'filterType': 'MIN_NOTIONAL', 'minNotional': '1.00000000', 'applyToMarket': True, 'avgPriceMins': 5}, {'filterType': 'ICEBERG_PARTS', 'limit': 10}, {'filterType': 'MARKET_LOT_SIZE', 'minQty': '0.00000000', 'maxQty': '154650.16084403', 'stepSize': '0.00000000'}, {'filterType': 'TRAILING_DELTA', 'minTrailingAboveDelta': 10, 'maxTrailingAboveDelta': 2000, 'minTrailingBelowDelta': 10, 'maxTrailingBelowDelta': 2000}, {'filterType': 'MAX_NUM_ORDERS', 'maxNumOrders': 200}, {'filterType': 'MAX_NUM_ALGO_ORDERS', 'maxNumAlgoOrders': 5}]",['SPOT'],EXPIRE_MAKER,"['EXPIRE_TAKER', 'EXPIRE_MAKER', 'EXPIRE_BOTH']",0.00100000,0.00100000,1000.00000000,0.00100000,0.00100000,92141578.00000000,1.00000000
485,SANDUSD,TRADING,SAND,8,USD,8,8,8,8,"['LIMIT', 'LIMIT_MAKER', 'MARKET', 'STOP_LOSS_LIMIT', 'TAKE_PROFIT_LIMIT']",True,True,True,True,True,True,False,"[{'filterType': 'PRICE_FILTER', 'minPrice': '0.00010000', 'maxPrice': '1000.00000000', 'tickSize': '0.00010000'}, {'filterType': 'LOT_SIZE', 'minQty': '1.00000000', 'maxQty': '9000000.00000000', 'stepSize': '1.00000000'}, {'filterType': 'MIN_NOTIONAL', 'minNotional': '1.00000000', 'applyToMarket': True, 'avgPriceMins': 5}, {'filterType': 'ICEBERG_PARTS', 'limit': 10}, {'filterType': 'MARKET_LOT_SIZE', 'minQty': '0.00000000', 'maxQty': '2139.75732217', 'stepSize': '0.00000000'}, {'filterType': 'TRAILING_DELTA', 'minTrailingAboveDelta': 10, 'maxTrailingAboveDelta': 2000, 'minTrailingBelowDelta': 10, 'maxTrailingBelowDelta': 2000}, {'filterType': 'PERCENT_PRICE_BY_SIDE', 'bidMultiplierUp': '1.25', 'bidMultiplierDown': '0.2', 'askMultiplierUp': '5', 'askMultiplierDown': '0.75', 'avgPriceMins': 5}, {'filterType': 'MAX_NUM_ORDERS', 'maxNumOrders': 200}, {'filterType': 'MAX_NUM_ALGO_ORDERS', 'maxNumAlgoOrders': 5}]",['SPOT'],EXPIRE_MAKER,"['EXPIRE_TAKER', 'EXPIRE_MAKER', 'EXPIRE_BOTH']",0.00010000,0.00010000,1000.00000000,1.00000000,1.00000000,9000000.00000000,1.00000000
486,BALUSD,BREAK,BAL,8,USD,8,8,8,8,"['LIMIT', 'LIMIT_MAKER', 'MARKET', 'STOP_LOSS_LIMIT', 'TAKE_PROFIT_LIMIT']",True,True,True,True,True,True,False,"[{'filterType': 'PRICE_FILTER', 'minPrice': '0.00100000', 'maxPrice': '10000.00000000', 'tickSize': '0.00100000'}, {'filterType': 'PERCENT_PRICE', 'multiplierUp': '5', 'multiplierDown': '0.2', 'avgPriceMins': 5}, {'filterType': 'LOT_SIZE', 'minQty': '0.01000000', 'maxQty': '90000.00000000', 'stepSize': '0.01000000'}, {'filterType': 'MIN_NOTIONAL', 'minNotional': '1.00000000', 'applyToMarket': True, 'avgPriceMins': 5}, {'filterType': 'ICEBERG_PARTS', 'limit': 10}, {'filterType': 'MARKET_LOT_SIZE', 'minQty': '0.00000000', 'maxQty': '18684.85256250', 'stepSize': '0.00000000'}, {'filterType': 'TRAILING_DELTA', 'minTrailingAboveDelta': 10, 'maxTrailingAboveDelta': 2000, 'minTrailingBelowDelta': 10, 'maxTrailingBelowDelta': 2000}, {'filterType': 'MAX_NUM_ORDERS', 'maxNumOrders': 200}, {'filterType': 'MAX_NUM_ALGO_ORDERS', 'maxNumAlgoOrders': 5}]",['SPOT'],EXPIRE_MAKER,"['EXPIRE_TAKER', 'EXPIRE_MAKER', 'EXPIRE_BOTH']",0.00100000,0.00100000,10000.00000000,0.01000000,0.01000000,90000.00000000,1.00000000
487,POLYXUSD,BREAK,POLYX,8,USD,8,8,8,8,"['LIMIT', 'LIMIT_MAKER', 'MARKET', 'STOP_LOSS_LIMIT', 'TAKE_PROFIT_LIMIT']",True,True,True,True,True,True,False,"[{'filterType': 'PRICE_FILTER', 'minPrice': '0.00010000', 'maxPrice': '1000.00000000', 'tickSize': '0.00010000'}, {'filterType': 'PERCENT_PRICE', 'multiplierUp': '5', 'multiplierDown': '0.2', 'avgPriceMins': 5}, {'filterType': 'LOT_SIZE', 'minQty': '0.10000000', 'maxQty': '92141578.00000000', 'stepSize': '0.10000000'}, {'filterType': 'MIN_NOTIONAL', 'minNotional': '1.00000000', 'applyToMarket': True, 'avgPriceMins': 5}, {'filterType': 'ICEBERG_PARTS', 'limit': 10}, {'filterType': 'MARKET_LOT_SIZE', 'minQty': '0.00000000', 'maxQty': '92141578.00000000', 'stepSize': '0.00000000'}, {'filterType': 'TRAILING_DELTA', 'minTrailingAboveDelta': 10, 'maxTrailingAboveDelta': 2000, 'minTrailingBelowDelta': 10, 'maxTrailingBelowDelta': 2000}, {'filterType': 'MAX_NUM_ORDERS', 'maxNumOrders': 200}, {'filterType': 'MAX_NUM_ALGO_ORDERS', 'maxNumAlgoOrders': 5}]",['SPOT'],EXPIRE_MAKER,"['EXPIRE_TAKER', 'EXPIRE_MAKER', 'EXPIRE_BOTH']",0.00010000,0.00010000,1000.00000000,0.10000000,0.10000000,92141578.00000000,1.00000000
488,GLMUSD,BREAK,GLM,8,USD,8,8,8,8,"['LIMIT', 'LIMIT_MAKER', 'MARKET', 'STOP_LOSS_LIMIT', 'TAKE_PROFIT_LIMIT']",True,True,True,True,True,True,False,"[{'filterType': 'PRICE_FILTER', 'minPrice': '0.00010000', 'maxPrice': '1000.00000000', 'tickSize': '0.00010000'}, {'filterType': 'PERCENT_PRICE', 'multiplierUp': '5', 'multiplierDown': '0.2', 'avgPriceMins': 5}, {'filterType': 'LOT_SIZE', 'minQty': '0.10000000', 'maxQty': '92141578.00000000', 'stepSize': '0.10000000'}, {'filterType': 'MIN_NOTIONAL', 'minNotional': '1.00000000', 'applyToMarket': True, 'avgPriceMins': 5}, {'filterType': 'ICEBERG_PARTS', 'limit': 10}, {'filterType': 'MARKET_LOT_SIZE', 'minQty': '0.00000000', 'maxQty': '106586.10466898', 'stepSize': '0.00000000'}, {'filterType': 'TRAILING_DELTA', 'minTrailingAboveDelta': 10, 'maxTrailingAboveDelta': 2000, 'minTrailingBelowDelta': 10, 'maxTrailingBelowDelta': 2000}, {'filterType': 'MAX_NUM_ORDERS', 'maxNumOrders': 200}, {'filterType': 'MAX_NUM_ALGO_ORDERS', 'maxNumAlgoOrders': 5}]",['SPOT'],EXPIRE_MAKER,"['EXPIRE_TAKER', 'EXPIRE_MAKER', 'EXPIRE_BOTH']",0.00010000,0.00010000,1000.00000000,0.10000000,0.10000000,92141578.00000000,1.00000000
489,CLVUSD,BREAK,CLV,8,USD,8,8,8,8,"['LIMIT', 'LIMIT_MAKER', 'MARKET', 'STOP_LOSS_LIMIT', 'TAKE_PROFIT_LIMIT']",True,True,True,True,True,True,False,"[{'filterType': 'PRICE_FILTER', 'minPrice': '0.00001000', 'maxPrice': '1000.00000000', 'tickSize': '0.00001000'}, {'filterType': 'PERCENT_PRICE', 'multiplierUp': '5', 'multiplierDown': '0.2', 'avgPriceMins': 5}, {'filterType': 'LOT_SIZE', 'minQty': '0.10000000', 'maxQty': '92141578.00000000', 'stepSize': '0.10000000'}, {'filterType': 'MIN_NOTIONAL', 'minNotional': '1.00000000', 'applyToMarket': True, 'avgPriceMins': 5}, {'filterType': 'ICEBERG_PARTS', 'limit': 10}, {'filterType': 'MARKET_LOT_SIZE', 'minQty': '0.00000000', 'maxQty': '81702.11625000', 'stepSize': '0.00000000'}, {'filterType': 'TRAILING_DELTA', 'minTrailingAboveDelta': 10, 'maxTrailingAboveDelta': 2000, 'minTrailingBelowDelta': 10, 'maxTrailingBelowDelta': 2000}, {'filterType': 'PERCENT_PRICE_BY_SIDE', 'bidMultiplierUp': '1.25', 'bidMultiplierDown': '0.2', 'askMultiplierUp': '5', 'askMultiplierDown': '0.75', 'avgPriceMins': 5}, {'filterType': 'MAX_NUM_ORDERS', 'maxNumOrders': 200}, {'filterType': 'MAX_NUM_ALGO_ORDERS', 'maxNumAlgoOrders': 5}]",['SPOT'],EXPIRE_MAKER,"['EXPIRE_TAKER', 'EXPIRE_MAKER', 'EXPIRE_BOTH']",0.00001000,0.00001000,1000.00000000,0.10000000,0.10000000,92141578.00000000,1.00000000
490,TUSDUSD,BREAK,TUSD,8,USD,8,8,8,8,"['LIMIT', 'LIMIT_MAKER', 'MARKET', 'STOP_LOSS_LIMIT', 'TAKE_PROFIT_LIMIT']",True,True,True,True,True,True,False,"[{'filterType': 'PRICE_FILTER', 'minPrice': '0.00010000', 'maxPrice': '1000.00000000', 'tickSize': '0.00010000'}, {'filterType': 'PERCENT_PRICE', 'multiplierUp': '1.2', 'multiplierDown': '0.8', 'avgPriceMins': 5}, {'filterType': 'LOT_SIZE', 'minQty': '0.10000000', 'maxQty': '900000.00000000', 'stepSize': '0.10000000'}, {'filterType': 'MIN_NOTIONAL', 'minNotional': '1.00000000', 'applyToMarket': True, 'avgPriceMins': 5}, {'filterType': 'ICEBERG_PARTS', 'limit': 10}, {'filterType': 'MARKET_LOT_SIZE', 'minQty': '0.00000000', 'maxQty': '1301033.56392265', 'stepSize': '0.00000000'}, {'filterType': 'TRAILING_DELTA', 'minTrailingAboveDelta': 10, 'maxTrailingAboveDelta': 2000, 'minTrailingBelowDelta': 10, 'maxTrailingBelowDelta': 2000}, {'filterType': 'MAX_NUM_ORDERS', 'maxNumOrders': 200}, {'filterType': 'MAX_NUM_ALGO_ORDERS', 'maxNumAlgoOrders': 5}]",['SPOT'],EXPIRE_MAKER,"['EXPIRE_TAKER', 'EXPIRE_MAKER', 'EXPIRE_BOTH']",0.00010000,0.00010000,1000.00000000,0.10000000,0.10000000,900000.00000000,1.00000000
491,QNTUSD,BREAK,QNT,8,USD,8,8,8,8,"['LIMIT', 'LIMIT_MAKER', 'MARKET', 'STOP_LOSS_LIMIT', 'TAKE_PROFIT_LIMIT']",True,True,True,True,True,True,False,"[{'filterType': 'PRICE_FILTER', 'minPrice': '0.10000000', 'maxPrice': '100000.00000000', 'tickSize': '0.10000000'}, {'filterType': 'PERCENT_PRICE', 'multiplierUp': '5', 'multiplierDown': '0.2', 'avgPriceMins': 5}, {'filterType': 'LOT_SIZE', 'minQty': '0.00100000', 'maxQty': '922327.00000000', 'stepSize': '0.00100000'}, {'filterType': 'MIN_NOTIONAL', 'minNotional': '1.00000000', 'applyToMarket': True, 'avgPriceMins': 5}, {'filterType': 'ICEBERG_PARTS', 'limit': 10}, {'filterType': 'MARKET_LOT_SIZE', 'minQty': '0.00000000', 'maxQty': '6389.58374712', 'stepSize': '0.00000000'}, {'filterType': 'TRAILING_DELTA', 'minTrailingAboveDelta': 10, 'maxTrailingAboveDelta': 2000, 'minTrailingBelowDelta': 10, 'maxTrailingBelowDelta': 2000}, {'filterType': 'MAX_NUM_ORDERS', 'maxNumOrders': 200}, {'filterType': 'MAX_NUM_ALGO_ORDERS', 'maxNumAlgoOrders': 5}]",['SPOT'],EXPIRE_MAKER,"['EXPIRE_TAKER', 'EXPIRE_MAKER', 'EXPIRE_BOTH']",0.10000000,0.10000000,100000.00000000,0.00100000,0.00100000,922327.00000000,1.00000000
492,STGUSD,BREAK,STG,8,USD,8,8,8,8,"['LIMIT', 'LIMIT_MAKER', 'MARKET', 'STOP_LOSS_LIMIT', 'TAKE_PROFIT_LIMIT']",True,True,True,True,True,True,False,"[{'filterType': 'PRICE_FILTER', 'minPrice': '0.00010000', 'maxPrice': '100.00000000', 'tickSize': '0.00010000'}, {'filterType': 'PERCENT_PRICE', 'multiplierUp': '5', 'multiplierDown': '0.2', 'avgPriceMins': 5}, {'filterType': 'LOT_SIZE', 'minQty': '0.10000000', 'maxQty': '913205152.00000000', 'stepSize': '0.10000000'}, {'filterType': 'MIN_NOTIONAL', 'minNotional': '1.00000000', 'applyToMarket': True, 'avgPriceMins': 5}, {'filterType': 'ICEBERG_PARTS', 'limit': 10}, {'filterType': 'MARKET_LOT_SIZE', 'minQty': '0.00000000', 'maxQty': '260651.43672883', 'stepSize': '0.00000000'}, {'filterType': 'TRAILING_DELTA', 'minTrailingAboveDelta': 10, 'maxTrailingAboveDelta': 2000, 'minTrailingBelowDelta': 10, 'maxTrailingBelowDelta': 2000}, {'filterType': 'MAX_NUM_ORDERS', 'maxNumOrders': 200}, {'filterType': 'MAX_NUM_ALGO_ORDERS', 'maxNumAlgoOrders': 5}]",['SPOT'],EXPIRE_MAKER,"['EXPIRE_TAKER', 'EXPIRE_MAKER', 'EXPIRE_BOTH']",0.00010000,0.00010000,100.00000000,0.10000000,0.10000000,913205152.00000000,1.00000000
493,AXLUSD,BREAK,AXL,8,USD,8,8,8,8,"['LIMIT', 'LIMIT_MAKER', 'MARKET', 'STOP_LOSS_LIMIT', 'TAKE_PROFIT_LIMIT']",True,True,True,True,True,True,False,"[{'filterType': 'PRICE_FILTER', 'minPrice': '0.00100000', 'maxPrice': '10000.00000000', 'tickSize': '0.00100000'}, {'filterType': 'PERCENT_PRICE', 'multiplierUp': '5', 'multiplierDown': '0.2', 'avgPriceMins': 5}, {'filterType': 'LOT_SIZE', 'minQty': '0.10000000', 'maxQty': '922327.00000000', 'stepSize': '0.10000000'}, {'filterType': 'MIN_NOTIONAL', 'minNotional': '1.00000000', 'applyToMarket': True, 'avgPriceMins': 5}, {'filterType': 'ICEBERG_PARTS', 'limit': 10}, {'filterType': 'MARKET_LOT_SIZE', 'minQty': '0.00000000', 'maxQty': '511719.87214644', 'stepSize': '0.00000000'}, {'filterType': 'TRAILING_DELTA', 'minTrailingAboveDelta': 10, 'maxTrailingAboveDelta': 2000, 'minTrailingBelowDelta': 10, 'maxTrailingBelowDelta': 2000}, {'filterType': 'MAX_NUM_ORDERS', 'maxNumOrders': 200}, {'filterType': 'MAX_NUM_ALGO_ORDERS', 'maxNumAlgoOrders': 5}]",['SPOT'],EXPIRE_MAKER,"['EXPIRE_TAKER', 'EXPIRE_MAKER', 'EXPIRE_BOTH']",0.00100000,0.00100000,10000.00000000,0.10000000,0.10000000,922327.00000000,1.00000000
494,KAVAUSD,BREAK,KAVA,8,USD,8,8,8,8,"['LIMIT', 'LIMIT_MAKER', 'MARKET', 'STOP_LOSS_LIMIT', 'TAKE_PROFIT_LIMIT']",True,True,True,True,True,True,False,"[{'filterType': 'PRICE_FILTER', 'minPrice': '0.00100000', 'maxPrice': '10000.00000000', 'tickSize': '0.00100000'}, {'filterType': 'PERCENT_PRICE', 'multiplierUp': '5', 'multiplierDown': '0.2', 'avgPriceMins': 5}, {'filterType': 'LOT_SIZE', 'minQty': '0.10000000', 'maxQty': '9222449.00000000', 'stepSize': '0.10000000'}, {'filterType': 'MIN_NOTIONAL', 'minNotional': '1.00000000', 'applyToMarket': True, 'avgPriceMins': 5}, {'filterType': 'ICEBERG_PARTS', 'limit': 10}, {'filterType': 'MARKET_LOT_SIZE', 'minQty': '0.00000000', 'maxQty': '103605.40152883', 'stepSize': '0.00000000'}, {'filterType': 'TRAILING_DELTA', 'minTrailingAboveDelta': 10, 'maxTrailingAboveDelta': 2000, 'minTrailingBelowDelta': 10, 'maxTrailingBelowDelta': 2000}, {'filterType': 'MAX_NUM_ORDERS', 'maxNumOrders': 200}, {'filterType': 'MAX_NUM_ALGO_ORDERS', 'maxNumAlgoOrders': 5}]",['SPOT'],EXPIRE_MAKER,"['EXPIRE_TAKER', 'EXPIRE_MAKER', 'EXPIRE_BOTH']",0.00100000,0.00100000,10000.00000000,0.10000000,0.10000000,9222449.00000000,1.00000000
495,APTUSD,BREAK,APT,8,USD,8,8,8,8,"['LIMIT', 'LIMIT_MAKER', 'MARKET', 'STOP_LOSS_LIMIT', 'TAKE_PROFIT_LIMIT']",True,True,True,True,True,True,False,"[{'filterType': 'PRICE_FILTER', 'minPrice': '0.00100000', 'maxPrice': '1000.00000000', 'tickSize': '0.00100000'}, {'filterType': 'LOT_SIZE', 'minQty': '0.01000000', 'maxQty': '92141578.00000000', 'stepSize': '0.01000000'}, {'filterType': 'MIN_NOTIONAL', 'minNotional': '1.00000000', 'applyToMarket': True, 'avgPriceMins': 5}, {'filterType': 'ICEBERG_PARTS', 'limit': 10}, {'filterType': 'MARKET_LOT_SIZE', 'minQty': '0.00000000', 'maxQty': '932.98560000', 'stepSize': '0.00000000'}, {'filterType': 'TRAILING_DELTA', 'minTrailingAboveDelta': 10, 'maxTrailingAboveDelta': 2000, 'minTrailingBelowDelta': 10, 'maxTrailingBelowDelta': 2000}, {'filterType': 'PERCENT_PRICE_BY_SIDE', 'bidMultiplierUp': '1.25', 'bidMultiplierDown': '0.2', 'askMultiplierUp': '5', 'askMultiplierDown': '0.75', 'avgPriceMins': 5}, {'filterType': 'MAX_NUM_ORDERS', 'maxNumOrders': 200}, {'filterType': 'MAX_NUM_ALGO_ORDERS', 'maxNumAlgoOrders': 5}]",['SPOT'],EXPIRE_MAKER,"['EXPIRE_TAKER', 'EXPIRE_MAKER', 'EXPIRE_BOTH']",0.00100000,0.00100000,1000.00000000,0.01000000,0.01000000,92141578.00000000,1.00000000
496,MASKUSD,BREAK,MASK,8,USD,8,8,8,8,"['LIMIT', 'LIMIT_MAKER', 'MARKET', 'STOP_LOSS_LIMIT', 'TAKE_PROFIT_LIMIT']",True,True,True,True,True,True,False,"[{'filterType': 'PRICE_FILTER', 'minPrice': '0.00100000', 'maxPrice': '10000.00000000', 'tickSize': '0.00100000'}, {'filterType': 'PERCENT_PRICE', 'multiplierUp': '5', 'multiplierDown': '0.2', 'avgPriceMins': 5}, {'filterType': 'LOT_SIZE', 'minQty': '0.10000000', 'maxQty': '9222449.00000000', 'stepSize': '0.10000000'}, {'filterType': 'MIN_NOTIONAL', 'minNotional': '1.00000000', 'applyToMarket': True, 'avgPriceMins': 5}, {'filterType': 'ICEBERG_PARTS', 'limit': 10}, {'filterType': 'MARKET_LOT_SIZE', 'minQty': '0.00000000', 'maxQty': '146077.96750000', 'stepSize': '0.00000000'}, {'filterType': 'TRAILING_DELTA', 'minTrailingAboveDelta': 10, 'maxTrailingAboveDelta': 2000, 'minTrailingBelowDelta': 10, 'maxTrailingBelowDelta': 2000}, {'filterType': 'MAX_NUM_ORDERS', 'maxNumOrders': 200}, {'filterType': 'MAX_NUM_ALGO_ORDERS', 'maxNumAlgoOrders': 5}]",['SPOT'],EXPIRE_MAKER,"['EXPIRE_TAKER', 'EXPIRE_MAKER', 'EXPIRE_BOTH']",0.00100000,0.00100000,10000.00000000,0.10000000,0.10000000,9222449.00000000,1.00000000
497,BOSONUSD,BREAK,BOSON,8,USD,8,8,8,8,"['LIMIT', 'LIMIT_MAKER', 'MARKET', 'STOP_LOSS_LIMIT', 'TAKE_PROFIT_LIMIT']",True,True,True,True,True,True,False,"[{'filterType': 'PRICE_FILTER', 'minPrice': '0.00010000', 'maxPrice': '1000.00000000', 'tickSize': '0.00010000'}, {'filterType': 'PERCENT_PRICE', 'multiplierUp': '5', 'multiplierDown': '0.2', 'avgPriceMins': 5}, {'filterType': 'LOT_SIZE', 'minQty': '0.10000000', 'maxQty': '92141578.00000000', 'stepSize': '0.10000000'}, {'filterType': 'MIN_NOTIONAL', 'minNotional': '1.00000000', 'applyToMarket': True, 'avgPriceMins': 5}, {'filterType': 'ICEBERG_PARTS', 'limit': 10}, {'filterType': 'MARKET_LOT_SIZE', 'minQty': '0.00000000', 'maxQty': '96324.33750000', 'stepSize': '0.00000000'}, {'filterType': 'TRAILING_DELTA', 'minTrailingAboveDelta': 10, 'maxTrailingAboveDelta': 2000, 'minTrailingBelowDelta': 10, 'maxTrailingBelowDelta': 2000}, {'filterType': 'MAX_NUM_ORDERS', 'maxNumOrders': 200}, {'filterType': 'MAX_NUM_ALGO_ORDERS', 'maxNumAlgoOrders': 5}]",['SPOT'],EXPIRE_MAKER,"['EXPIRE_TAKER', 'EXPIRE_MAKER', 'EXPIRE_BOTH']",0.00010000,0.00010000,1000.00000000,0.10000000,0.10000000,92141578.00000000,1.00000000
498,PONDUSD,BREAK,POND,8,USD,8,8,8,8,"['LIMIT', 'LIMIT_MAKER', 'MARKET', 'STOP_LOSS_LIMIT', 'TAKE_PROFIT_LIMIT']",True,True,True,True,True,True,False,"[{'filterType': 'PRICE_FILTER', 'minPrice': '0.00001000', 'maxPrice': '1000.00000000', 'tickSize': '0.00001000'}, {'filterType': 'PERCENT_PRICE', 'multiplierUp': '5', 'multiplierDown': '0.2', 'avgPriceMins': 5}, {'filterType': 'LOT_SIZE', 'minQty': '0.01000000', 'maxQty': '9222449.00000000', 'stepSize': '0.01000000'}, {'filterType': 'MIN_NOTIONAL', 'minNotional': '1.00000000', 'applyToMarket': True, 'avgPriceMins': 5}, {'filterType': 'ICEBERG_PARTS', 'limit': 10}, {'filterType': 'MARKET_LOT_SIZE', 'minQty': '0.00000000', 'maxQty': '9222449.00000000', 'stepSize': '0.00000000'}, {'filterType': 'TRAILING_DELTA', 'minTrailingAboveDelta': 10, 'maxTrailingAboveDelta': 2000, 'minTrailingBelowDelta': 10, 'maxTrailingBelowDelta': 2000}, {'filterType': 'MAX_NUM_ORDERS', 'maxNumOrders': 200}, {'filterType': 'MAX_NUM_ALGO_ORDERS', 'maxNumAlgoOrders': 5}]",['SPOT'],EXPIRE_MAKER,"['EXPIRE_TAKER', 'EXPIRE_MAKER', 'EXPIRE_BOTH']",0.00001000,0.00001000,1000.00000000,0.01000000,0.01000000,9222449.00000000,1.00000000
499,MXCUSD,BREAK,MXC,8,USD,8,8,8,8,"['LIMIT', 'LIMIT_MAKER', 'MARKET', 'STOP_LOSS_LIMIT', 'TAKE_PROFIT_LIMIT']",True,True,True,True,True,True,False,"[{'filterType': 'PRICE_FILTER', 'minPrice': '0.00001000', 'maxPrice': '1000.00000000', 'tickSize': '0.00001000'}, {'filterType': 'PERCENT_PRICE', 'multiplierUp': '5', 'multiplierDown': '0.2', 'avgPriceMins': 5}, {'filterType': 'LOT_SIZE', 'minQty': '1.00000000', 'maxQty': '9222449.00000000', 'stepSize': '1.00000000'}, {'filterType': 'MIN_NOTIONAL', 'minNotional': '1.00000000', 'applyToMarket': True, 'avgPriceMins': 5}, {'filterType': 'ICEBERG_PARTS', 'limit': 10}, {'filterType': 'MARKET_LOT_SIZE', 'minQty': '0.00000000', 'maxQty': '9222449.00000000', 'stepSize': '0.00000000'}, {'filterType': 'TRAILING_DELTA', 'minTrailingAboveDelta': 10, 'maxTrailingAboveDelta': 2000, 'minTrailingBelowDelta': 10, 'maxTrailingBelowDelta': 2000}, {'filterType': 'MAX_NUM_ORDERS', 'maxNumOrders': 200}, {'filterType': 'MAX_NUM_ALGO_ORDERS', 'maxNumAlgoOrders': 5}]",['SPOT'],EXPIRE_MAKER,"['EXPIRE_TAKER', 'EXPIRE_MAKER', 'EXPIRE_BOTH']",0.00001000,0.00001000,1000.00000000,1.00000000,1.00000000,9222449.00000000,1.00000000
500,JAMUSD,BREAK,JAM,8,USD,8,8,8,8,"['LIMIT', 'LIMIT_MAKER', 'MARKET', 'STOP_LOSS_LIMIT', 'TAKE_PROFIT_LIMIT']",True,True,True,True,True,True,False,"[{'filterType': 'PRICE_FILTER', 'minPrice': '0.00000100', 'maxPrice': '1000.00000000', 'tickSize': '0.00000100'}, {'filterType': 'PERCENT_PRICE', 'multiplierUp': '5', 'multiplierDown': '0.2', 'avgPriceMins': 5}, {'filterType': 'LOT_SIZE', 'minQty': '1.00000000', 'maxQty': '90000000.00000000', 'stepSize': '1.00000000'}, {'filterType': 'MIN_NOTIONAL', 'minNotional': '1.00000000', 'applyToMarket': True, 'avgPriceMins': 5}, {'filterType': 'ICEBERG_PARTS', 'limit': 10}, {'filterType': 'MARKET_LOT_SIZE', 'minQty': '0.00000000', 'maxQty': '67578970.50451702', 'stepSize': '0.00000000'}, {'filterType': 'TRAILING_DELTA', 'minTrailingAboveDelta': 10, 'maxTrailingAboveDelta': 2000, 'minTrailingBelowDelta': 10, 'maxTrailingBelowDelta': 2000}, {'filterType': 'MAX_NUM_ORDERS', 'maxNumOrders': 200}, {'filterType': 'MAX_NUM_ALGO_ORDERS', 'maxNumAlgoOrders': 5}]",['SPOT'],EXPIRE_MAKER,"['EXPIRE_TAKER', 'EXPIRE_MAKER', 'EXPIRE_BOTH']",0.00000100,0.00000100,1000.00000000,1.00000000,1.00000000,90000000.00000000,1.00000000
501,PROMUSD,BREAK,PROM,8,USD,8,8,8,8,"['LIMIT', 'LIMIT_MAKER', 'MARKET', 'STOP_LOSS_LIMIT', 'TAKE_PROFIT_LIMIT']",True,True,True,True,True,True,False,"[{'filterType': 'PRICE_FILTER', 'minPrice': '0.01000000', 'maxPrice': '10000.00000000', 'tickSize': '0.01000000'}, {'filterType': 'PERCENT_PRICE', 'multiplierUp': '5', 'multiplierDown': '0.2', 'avgPriceMins': 5}, {'filterType': 'LOT_SIZE', 'minQty': '0.01000000', 'maxQty': '90000.00000000', 'stepSize': '0.01000000'}, {'filterType': 'MIN_NOTIONAL', 'minNotional': '1.00000000', 'applyToMarket': True, 'avgPriceMins': 5}, {'filterType': 'ICEBERG_PARTS', 'limit': 10}, {'filterType': 'MARKET_LOT_SIZE', 'minQty': '0.00000000', 'maxQty': '31980.27713690', 'stepSize': '0.00000000'}, {'filterType': 'TRAILING_DELTA', 'minTrailingAboveDelta': 10, 'maxTrailingAboveDelta': 2000, 'minTrailingBelowDelta': 10, 'maxTrailingBelowDelta': 2000}, {'filterType': 'MAX_NUM_ORDERS', 'maxNumOrders': 200}, {'filterType': 'MAX_NUM_ALGO_ORDERS', 'maxNumAlgoOrders': 5}]",['SPOT'],EXPIRE_MAKER,"['EXPIRE_TAKER', 'EXPIRE_MAKER', 'EXPIRE_BOTH']",0.01000000,0.01000000,10000.00000000,0.01000000,0.01000000,90000.00000000,1.00000000
502,DIAUSD,BREAK,DIA,8,USD,8,8,8,8,"['LIMIT', 'LIMIT_MAKER', 'MARKET', 'STOP_LOSS_LIMIT', 'TAKE_PROFIT_LIMIT']",True,True,True,True,True,True,False,"[{'filterType': 'PRICE_FILTER', 'minPrice': '0.00100000', 'maxPrice': '10000.00000000', 'tickSize': '0.00100000'}, {'filterType': 'PERCENT_PRICE', 'multiplierUp': '5', 'multiplierDown': '0.2', 'avgPriceMins': 5}, {'filterType': 'LOT_SIZE', 'minQty': '0.10000000', 'maxQty': '922327.00000000', 'stepSize': '0.10000000'}, {'filterType': 'MIN_NOTIONAL', 'minNotional': '1.00000000', 'applyToMarket': True, 'avgPriceMins': 5}, {'filterType': 'ICEBERG_PARTS', 'limit': 10}, {'filterType': 'MARKET_LOT_SIZE', 'minQty': '0.00000000', 'maxQty': '300013.60541666', 'stepSize': '0.00000000'}, {'filterType': 'TRAILING_DELTA', 'minTrailingAboveDelta': 10, 'maxTrailingAboveDelta': 2000, 'minTrailingBelowDelta': 10, 'maxTrailingBelowDelta': 2000}, {'filterType': 'MAX_NUM_ORDERS', 'maxNumOrders': 200}, {'filterType': 'MAX_NUM_ALGO_ORDERS', 'maxNumAlgoOrders': 5}]",['SPOT'],EXPIRE_MAKER,"['EXPIRE_TAKER', 'EXPIRE_MAKER', 'EXPIRE_BOTH']",0.00100000,0.00100000,10000.00000000,0.10000000,0.10000000,922327.00000000,1.00000000
503,LOOMUSD,BREAK,LOOM,8,USD,8,8,8,8,"['LIMIT', 'LIMIT_MAKER', 'MARKET', 'STOP_LOSS_LIMIT', 'TAKE_PROFIT_LIMIT']",True,True,True,True,True,True,False,"[{'filterType': 'PRICE_FILTER', 'minPrice': '0.00001000', 'maxPrice': '1000.00000000', 'tickSize': '0.00001000'}, {'filterType': 'PERCENT_PRICE', 'multiplierUp': '5', 'multiplierDown': '0.2', 'avgPriceMins': 5}, {'filterType': 'LOT_SIZE', 'minQty': '1.00000000', 'maxQty': '92141578.00000000', 'stepSize': '1.00000000'}, {'filterType': 'MIN_NOTIONAL', 'minNotional': '1.00000000', 'applyToMarket': True, 'avgPriceMins': 5}, {'filterType': 'ICEBERG_PARTS', 'limit': 10}, {'filterType': 'MARKET_LOT_SIZE', 'minQty': '0.00000000', 'maxQty': '1060513.60833333', 'stepSize': '0.00000000'}, {'filterType': 'TRAILING_DELTA', 'minTrailingAboveDelta': 10, 'maxTrailingAboveDelta': 2000, 'minTrailingBelowDelta': 10, 'maxTrailingBelowDelta': 2000}, {'filterType': 'MAX_NUM_ORDERS', 'maxNumOrders': 200}, {'filterType': 'MAX_NUM_ALGO_ORDERS', 'maxNumAlgoOrders': 5}]",['SPOT'],EXPIRE_MAKER,"['EXPIRE_TAKER', 'EXPIRE_MAKER', 'EXPIRE_BOTH']",0.00001000,0.00001000,1000.00000000,1.00000000,1.00000000,92141578.00000000,1.00000000
504,STMXUSD,BREAK,STMX,8,USD,8,8,8,8,"['LIMIT', 'LIMIT_MAKER', 'MARKET', 'STOP_LOSS_LIMIT', 'TAKE_PROFIT_LIMIT']",True,True,True,True,True,True,False,"[{'filterType': 'PRICE_FILTER', 'minPrice': '0.00000100', 'maxPrice': '1000.00000000', 'tickSize': '0.00000100'}, {'filterType': 'PERCENT_PRICE', 'multiplierUp': '5', 'multiplierDown': '0.2', 'avgPriceMins': 5}, {'filterType': 'LOT_SIZE', 'minQty': '1.00000000', 'maxQty': '92141578.00000000', 'stepSize': '1.00000000'}, {'filterType': 'MIN_NOTIONAL', 'minNotional': '1.00000000', 'applyToMarket': True, 'avgPriceMins': 5}, {'filterType': 'ICEBERG_PARTS', 'limit': 10}, {'filterType': 'MARKET_LOT_SIZE', 'minQty': '0.00000000', 'maxQty': '18312721.08819444', 'stepSize': '0.00000000'}, {'filterType': 'TRAILING_DELTA', 'minTrailingAboveDelta': 10, 'maxTrailingAboveDelta': 2000, 'minTrailingBelowDelta': 10, 'maxTrailingBelowDelta': 2000}, {'filterType': 'MAX_NUM_ORDERS', 'maxNumOrders': 200}, {'filterType': 'MAX_NUM_ALGO_ORDERS', 'maxNumAlgoOrders': 5}]",['SPOT'],EXPIRE_MAKER,"['EXPIRE_TAKER', 'EXPIRE_MAKER', 'EXPIRE_BOTH']",0.00000100,0.00000100,1000.00000000,1.00000000,1.00000000,92141578.00000000,1.00000000
505,SHIBUSD,TRADING,SHIB,2,USD,8,8,2,8,"['LIMIT', 'LIMIT_MAKER', 'MARKET', 'STOP_LOSS_LIMIT', 'TAKE_PROFIT_LIMIT']",True,True,True,True,True,True,False,"[{'filterType': 'PRICE_FILTER', 'minPrice': '0.00000001', 'maxPrice': '1.00000000', 'tickSize': '0.00000001'}, {'filterType': 'PERCENT_PRICE', 'multiplierUp': '5', 'multiplierDown': '0.2', 'avgPriceMins': 5}, {'filterType': 'LOT_SIZE', 'minQty': '1.00', 'maxQty': '46116860414.00', 'stepSize': '1.00'}, {'filterType': 'MIN_NOTIONAL', 'minNotional': '1.00000000', 'applyToMarket': True, 'avgPriceMins': 5}, {'filterType': 'ICEBERG_PARTS', 'limit': 10}, {'filterType': 'MARKET_LOT_SIZE', 'minQty': '0.00', 'maxQty': '1640503069.38', 'stepSize': '0.00'}, {'filterType': 'TRAILING_DELTA', 'minTrailingAboveDelta': 10, 'maxTrailingAboveDelta': 2000, 'minTrailingBelowDelta': 10, 'maxTrailingBelowDelta': 2000}, {'filterType': 'PERCENT_PRICE_BY_SIDE', 'bidMultiplierUp': '1.25', 'bidMultiplierDown': '0.2', 'askMultiplierUp': '5', 'askMultiplierDown': '0.75', 'avgPriceMins': 5}, {'filterType': 'MAX_NUM_ORDERS', 'maxNumOrders': 200}, {'filterType': 'MAX_NUM_ALGO_ORDERS', 'maxNumAlgoOrders': 5}]",['SPOT'],EXPIRE_MAKER,"['EXPIRE_TAKER', 'EXPIRE_MAKER', 'EXPIRE_BOTH']",0.00000001,0.00000001,1.00000000,1.00,1.00,46116860414.00,1.00000000
506,TRACUSD,BREAK,TRAC,8,USD,8,8,8,8,"['LIMIT', 'LIMIT_MAKER', 'MARKET', 'STOP_LOSS_LIMIT', 'TAKE_PROFIT_LIMIT']",True,True,True,True,True,True,False,"[{'filterType': 'PRICE_FILTER', 'minPrice': '0.00010000', 'maxPrice': '1000.00000000', 'tickSize': '0.00010000'}, {'filterType': 'PERCENT_PRICE', 'multiplierUp': '5', 'multiplierDown': '0.2', 'avgPriceMins': 5}, {'filterType': 'LOT_SIZE', 'minQty': '1.00000000', 'maxQty': '9000000.00000000', 'stepSize': '1.00000000'}, {'filterType': 'MIN_NOTIONAL', 'minNotional': '1.00000000', 'applyToMarket': True, 'avgPriceMins': 5}, {'filterType': 'ICEBERG_PARTS', 'limit': 10}, {'filterType': 'MARKET_LOT_SIZE', 'minQty': '0.00000000', 'maxQty': '4394577.71805555', 'stepSize': '0.00000000'}, {'filterType': 'TRAILING_DELTA', 'minTrailingAboveDelta': 10, 'maxTrailingAboveDelta': 2000, 'minTrailingBelowDelta': 10, 'maxTrailingBelowDelta': 2000}, {'filterType': 'MAX_NUM_ORDERS', 'maxNumOrders': 200}, {'filterType': 'MAX_NUM_ALGO_ORDERS', 'maxNumAlgoOrders': 5}]",['SPOT'],EXPIRE_MAKER,"['EXPIRE_TAKER', 'EXPIRE_MAKER', 'EXPIRE_BOTH']",0.00010000,0.00010000,1000.00000000,1.00000000,1.00000000,9000000.00000000,1.00000000
507,POLYXUSDT,TRADING,POLYX,8,USDT,8,8,8,8,"['LIMIT', 'LIMIT_MAKER', 'MARKET', 'STOP_LOSS_LIMIT', 'TAKE_PROFIT_LIMIT']",True,True,True,True,True,True,False,"[{'filterType': 'PRICE_FILTER', 'minPrice': '0.00010000', 'maxPrice': '1000.00000000', 'tickSize': '0.00010000'}, {'filterType': 'PERCENT_PRICE', 'multiplierUp': '5', 'multiplierDown': '0.2', 'avgPriceMins': 5}, {'filterType': 'LOT_SIZE', 'minQty': '0.10000000', 'maxQty': '92141578.00000000', 'stepSize': '0.10000000'}, {'filterType': 'MIN_NOTIONAL', 'minNotional': '1.00000000', 'applyToMarket': True, 'avgPriceMins': 5}, {'filterType': 'ICEBERG_PARTS', 'limit': 10}, {'filterType': 'MARKET_LOT_SIZE', 'minQty': '0.00000000', 'maxQty': '30687.92552301', 'stepSize': '0.00000000'}, {'filterType': 'TRAILING_DELTA', 'minTrailingAboveDelta': 10, 'maxTrailingAboveDelta': 2000, 'minTrailingBelowDelta': 10, 'maxTrailingBelowDelta': 2000}, {'filterType': 'PERCENT_PRICE_BY_SIDE', 'bidMultiplierUp': '1.25', 'bidMultiplierDown': '0.2', 'askMultiplierUp': '5', 'askMultiplierDown': '0.75', 'avgPriceMins': 5}, {'filterType': 'MAX_NUM_ORDERS', 'maxNumOrders': 200}, {'filterType': 'MAX_NUM_ALGO_ORDERS', 'maxNumAlgoOrders': 5}]",['SPOT'],EXPIRE_MAKER,"['EXPIRE_TAKER', 'EXPIRE_MAKER', 'EXPIRE_BOTH']",0.00010000,0.00010000,1000.00000000,0.10000000,0.10000000,92141578.00000000,1.00000000
508,IOSTUSDT,TRADING,IOST,8,USDT,8,8,8,8,"['LIMIT', 'LIMIT_MAKER', 'MARKET', 'STOP_LOSS_LIMIT', 'TAKE_PROFIT_LIMIT']",True,True,True,True,True,True,False,"[{'filterType': 'PRICE_FILTER', 'minPrice': '0.00000100', 'maxPrice': '1000.00000000', 'tickSize': '0.00000100'}, {'filterType': 'PERCENT_PRICE', 'multiplierUp': '5', 'multiplierDown': '0.2', 'avgPriceMins': 5}, {'filterType': 'LOT_SIZE', 'minQty': '1.00000000', 'maxQty': '9000000.00000000', 'stepSize': '1.00000000'}, {'filterType': 'MIN_NOTIONAL', 'minNotional': '1.00000000', 'applyToMarket': True, 'avgPriceMins': 5}, {'filterType': 'ICEBERG_PARTS', 'limit': 10}, {'filterType': 'MARKET_LOT_SIZE', 'minQty': '0.00000000', 'maxQty': '34938.00000000', 'stepSize': '0.00000000'}, {'filterType': 'TRAILING_DELTA', 'minTrailingAboveDelta': 10, 'maxTrailingAboveDelta': 2000, 'minTrailingBelowDelta': 10, 'maxTrailingBelowDelta': 2000}, {'filterType': 'PERCENT_PRICE_BY_SIDE', 'bidMultiplierUp': '1.25', 'bidMultiplierDown': '0.2', 'askMultiplierUp': '5', 'askMultiplierDown': '0.75', 'avgPriceMins': 5}, {'filterType': 'MAX_NUM_ORDERS', 'maxNumOrders': 200}, {'filterType': 'MAX_NUM_ALGO_ORDERS', 'maxNumAlgoOrders': 5}]",['SPOT'],EXPIRE_MAKER,"['EXPIRE_TAKER', 'EXPIRE_MAKER', 'EXPIRE_BOTH']",0.00000100,0.00000100,1000.00000000,1.00000000,1.00000000,9000000.00000000,1.00000000
509,IOSTUSD,BREAK,IOST,8,USD,8,8,8,8,"['LIMIT', 'LIMIT_MAKER', 'MARKET', 'STOP_LOSS_LIMIT', 'TAKE_PROFIT_LIMIT']",True,True,True,True,True,True,False,"[{'filterType': 'PRICE_FILTER', 'minPrice': '0.00001000', 'maxPrice': '1000.00000000', 'tickSize': '0.00001000'}, {'filterType': 'PERCENT_PRICE', 'multiplierUp': '5', 'multiplierDown': '0.2', 'avgPriceMins': 5}, {'filterType': 'LOT_SIZE', 'minQty': '1.00000000', 'maxQty': '9000000.00000000', 'stepSize': '1.00000000'}, {'filterType': 'MIN_NOTIONAL', 'minNotional': '1.00000000', 'applyToMarket': True, 'avgPriceMins': 5}, {'filterType': 'ICEBERG_PARTS', 'limit': 10}, {'filterType': 'MARKET_LOT_SIZE', 'minQty': '0.00000000', 'maxQty': '12581951.96041666', 'stepSize': '0.00000000'}, {'filterType': 'TRAILING_DELTA', 'minTrailingAboveDelta': 10, 'maxTrailingAboveDelta': 2000, 'minTrailingBelowDelta': 10, 'maxTrailingBelowDelta': 2000}, {'filterType': 'MAX_NUM_ORDERS', 'maxNumOrders': 200}, {'filterType': 'MAX_NUM_ALGO_ORDERS', 'maxNumAlgoOrders': 5}]",['SPOT'],EXPIRE_MAKER,"['EXPIRE_TAKER', 'EXPIRE_MAKER', 'EXPIRE_BOTH']",0.00001000,0.00001000,1000.00000000,1.00000000,1.00000000,9000000.00000000,1.00000000
510,MATICETH,BREAK,MATIC,8,ETH,8,8,8,8,"['LIMIT', 'LIMIT_MAKER', 'MARKET', 'STOP_LOSS_LIMIT', 'TAKE_PROFIT_LIMIT']",True,True,True,True,True,True,False,"[{'filterType': 'PRICE_FILTER', 'minPrice': '0.00000010', 'maxPrice': '1000.00000000', 'tickSize': '0.00000010'}, {'filterType': 'PERCENT_PRICE', 'multiplierUp': '5', 'multiplierDown': '0.2', 'avgPriceMins': 5}, {'filterType': 'LOT_SIZE', 'minQty': '0.10000000', 'maxQty': '92141578.00000000', 'stepSize': '0.10000000'}, {'filterType': 'MIN_NOTIONAL', 'minNotional': '0.00500000', 'applyToMarket': True, 'avgPriceMins': 5}, {'filterType': 'ICEBERG_PARTS', 'limit': 10}, {'filterType': 'MARKET_LOT_SIZE', 'minQty': '0.00000000', 'maxQty': '1464.64462809', 'stepSize': '0.00000000'}, {'filterType': 'TRAILING_DELTA', 'minTrailingAboveDelta': 10, 'maxTrailingAboveDelta': 2000, 'minTrailingBelowDelta': 10, 'maxTrailingBelowDelta': 2000}, {'filterType': 'PERCENT_PRICE_BY_SIDE', 'bidMultiplierUp': '1.25', 'bidMultiplierDown': '0.2', 'askMultiplierUp': '5', 'askMultiplierDown': '0.75', 'avgPriceMins': 5}, {'filterType': 'MAX_NUM_ORDERS', 'maxNumOrders': 200}, {'filterType': 'MAX_NUM_ALGO_ORDERS', 'maxNumAlgoOrders': 5}]",['SPOT'],EXPIRE_MAKER,"['EXPIRE_TAKER', 'EXPIRE_MAKER', 'EXPIRE_BOTH']",0.00000010,0.00000010,1000.00000000,0.10000000,0.10000000,92141578.00000000,0.00500000
511,SOLETH,BREAK,SOL,8,ETH,8,8,8,8,"['LIMIT', 'LIMIT_MAKER', 'MARKET', 'STOP_LOSS_LIMIT', 'TAKE_PROFIT_LIMIT']",True,True,True,True,True,True,False,"[{'filterType': 'PRICE_FILTER', 'minPrice': '0.00001000', 'maxPrice': '1000.00000000', 'tickSize': '0.00001000'}, {'filterType': 'PERCENT_PRICE', 'multiplierUp': '5', 'multiplierDown': '0.2', 'avgPriceMins': 5}, {'filterType': 'LOT_SIZE', 'minQty': '0.00100000', 'maxQty': '92141578.00000000', 'stepSize': '0.00100000'}, {'filterType': 'MIN_NOTIONAL', 'minNotional': '0.00500000', 'applyToMarket': True, 'avgPriceMins': 5}, {'filterType': 'ICEBERG_PARTS', 'limit': 10}, {'filterType': 'MARKET_LOT_SIZE', 'minQty': '0.00000000', 'maxQty': '78.82980536', 'stepSize': '0.00000000'}, {'filterType': 'TRAILING_DELTA', 'minTrailingAboveDelta': 10, 'maxTrailingAboveDelta': 2000, 'minTrailingBelowDelta': 10, 'maxTrailingBelowDelta': 2000}, {'filterType': 'PERCENT_PRICE_BY_SIDE', 'bidMultiplierUp': '1.25', 'bidMultiplierDown': '0.2', 'askMultiplierUp': '5', 'askMultiplierDown': '0.75', 'avgPriceMins': 5}, {'filterType': 'MAX_NUM_ORDERS', 'maxNumOrders': 200}, {'filterType': 'MAX_NUM_ALGO_ORDERS', 'maxNumAlgoOrders': 5}]",['SPOT'],EXPIRE_MAKER,"['EXPIRE_TAKER', 'EXPIRE_MAKER', 'EXPIRE_BOTH']",0.00001000,0.00001000,1000.00000000,0.00100000,0.00100000,92141578.00000000,0.00500000
512,FLOKI8USDT,BREAK,FLOKI8,8,USDT,8,8,2,8,"['LIMIT', 'LIMIT_MAKER', 'MARKET', 'STOP_LOSS_LIMIT', 'TAKE_PROFIT_LIMIT']",True,True,True,True,True,True,False,"[{'filterType': 'PRICE_FILTER', 'minPrice': '0.00000001', 'maxPrice': '1.00000000', 'tickSize': '0.00000001'}, {'filterType': 'PERCENT_PRICE', 'multiplierUp': '5', 'multiplierDown': '0.2', 'avgPriceMins': 5}, {'filterType': 'LOT_SIZE', 'minQty': '1.00000000', 'maxQty': '46116860414.00000000', 'stepSize': '1.00000000'}, {'filterType': 'MIN_NOTIONAL', 'minNotional': '1.00000000', 'applyToMarket': True, 'avgPriceMins': 5}, {'filterType': 'ICEBERG_PARTS', 'limit': 10}, {'filterType': 'MARKET_LOT_SIZE', 'minQty': '0.00000000', 'maxQty': '46116860414.00000000', 'stepSize': '0.00000000'}, {'filterType': 'TRAILING_DELTA', 'minTrailingAboveDelta': 10, 'maxTrailingAboveDelta': 2000, 'minTrailingBelowDelta': 10, 'maxTrailingBelowDelta': 2000}, {'filterType': 'MAX_NUM_ORDERS', 'maxNumOrders': 200}, {'filterType': 'MAX_NUM_ALGO_ORDERS', 'maxNumAlgoOrders': 5}]",['SPOT'],EXPIRE_MAKER,"['EXPIRE_TAKER', 'EXPIRE_MAKER', 'EXPIRE_BOTH']",0.00000001,0.00000001,1.00000000,1.00000000,1.00000000,46116860414.00000000,1.00000000
513,FLOKI8USD,BREAK,FLOKI8,8,USD,8,8,2,8,"['LIMIT', 'LIMIT_MAKER', 'MARKET', 'STOP_LOSS_LIMIT', 'TAKE_PROFIT_LIMIT']",True,True,True,True,True,True,False,"[{'filterType': 'PRICE_FILTER', 'minPrice': '0.00000001', 'maxPrice': '1.00000000', 'tickSize': '0.00000001'}, {'filterType': 'PERCENT_PRICE', 'multiplierUp': '5', 'multiplierDown': '0.2', 'avgPriceMins': 5}, {'filterType': 'LOT_SIZE', 'minQty': '1.00000000', 'maxQty': '46116860414.00000000', 'stepSize': '1.00000000'}, {'filterType': 'MIN_NOTIONAL', 'minNotional': '1.00000000', 'applyToMarket': True, 'avgPriceMins': 5}, {'filterType': 'ICEBERG_PARTS', 'limit': 10}, {'filterType': 'MARKET_LOT_SIZE', 'minQty': '0.00000000', 'maxQty': '46116860414.00000000', 'stepSize': '0.00000000'}, {'filterType': 'TRAILING_DELTA', 'minTrailingAboveDelta': 10, 'maxTrailingAboveDelta': 2000, 'minTrailingBelowDelta': 10, 'maxTrailingBelowDelta': 2000}, {'filterType': 'MAX_NUM_ORDERS', 'maxNumOrders': 200}, {'filterType': 'MAX_NUM_ALGO_ORDERS', 'maxNumAlgoOrders': 5}]",['SPOT'],EXPIRE_MAKER,"['EXPIRE_TAKER', 'EXPIRE_MAKER', 'EXPIRE_BOTH']",0.00000001,0.00000001,1.00000000,1.00000000,1.00000000,46116860414.00000000,1.00000000
514,ARBUSDT,TRADING,ARB,8,USDT,8,8,8,8,"['LIMIT', 'LIMIT_MAKER', 'MARKET', 'STOP_LOSS_LIMIT', 'TAKE_PROFIT_LIMIT']",True,True,True,True,True,True,False,"[{'filterType': 'PRICE_FILTER', 'minPrice': '0.00010000', 'maxPrice': '1000.00000000', 'tickSize': '0.00010000'}, {'filterType': 'PERCENT_PRICE', 'multiplierUp': '5', 'multiplierDown': '0.2', 'avgPriceMins': 5}, {'filterType': 'LOT_SIZE', 'minQty': '0.10000000', 'maxQty': '92141578.00000000', 'stepSize': '0.10000000'}, {'filterType': 'MIN_NOTIONAL', 'minNotional': '1.00000000', 'applyToMarket': True, 'avgPriceMins': 5}, {'filterType': 'ICEBERG_PARTS', 'limit': 10}, {'filterType': 'MARKET_LOT_SIZE', 'minQty': '0.00000000', 'maxQty': '16151.76610878', 'stepSize': '0.00000000'}, {'filterType': 'TRAILING_DELTA', 'minTrailingAboveDelta': 10, 'maxTrailingAboveDelta': 2000, 'minTrailingBelowDelta': 10, 'maxTrailingBelowDelta': 2000}, {'filterType': 'PERCENT_PRICE_BY_SIDE', 'bidMultiplierUp': '1.25', 'bidMultiplierDown': '0.2', 'askMultiplierUp': '5', 'askMultiplierDown': '0.75', 'avgPriceMins': 5}, {'filterType': 'MAX_NUM_ORDERS', 'maxNumOrders': 200}, {'filterType': 'MAX_NUM_ALGO_ORDERS', 'maxNumAlgoOrders': 5}]",['SPOT'],EXPIRE_MAKER,"['EXPIRE_TAKER', 'EXPIRE_MAKER', 'EXPIRE_BOTH']",0.00010000,0.00010000,1000.00000000,0.10000000,0.10000000,92141578.00000000,1.00000000
515,ARBUSD,BREAK,ARB,8,USD,8,8,8,8,"['LIMIT', 'LIMIT_MAKER', 'MARKET', 'STOP_LOSS_LIMIT', 'TAKE_PROFIT_LIMIT']",True,True,True,True,True,True,False,"[{'filterType': 'PRICE_FILTER', 'minPrice': '0.00010000', 'maxPrice': '1000.00000000', 'tickSize': '0.00010000'}, {'filterType': 'PERCENT_PRICE', 'multiplierUp': '5', 'multiplierDown': '0.2', 'avgPriceMins': 5}, {'filterType': 'LOT_SIZE', 'minQty': '0.10000000', 'maxQty': '92141578.00000000', 'stepSize': '0.10000000'}, {'filterType': 'MIN_NOTIONAL', 'minNotional': '1.00000000', 'applyToMarket': True, 'avgPriceMins': 5}, {'filterType': 'ICEBERG_PARTS', 'limit': 10}, {'filterType': 'MARKET_LOT_SIZE', 'minQty': '0.00000000', 'maxQty': '2198003.07715277', 'stepSize': '0.00000000'}, {'filterType': 'TRAILING_DELTA', 'minTrailingAboveDelta': 10, 'maxTrailingAboveDelta': 2000, 'minTrailingBelowDelta': 10, 'maxTrailingBelowDelta': 2000}, {'filterType': 'MAX_NUM_ORDERS', 'maxNumOrders': 200}, {'filterType': 'MAX_NUM_ALGO_ORDERS', 'maxNumAlgoOrders': 5}]",['SPOT'],EXPIRE_MAKER,"['EXPIRE_TAKER', 'EXPIRE_MAKER', 'EXPIRE_BOTH']",0.00010000,0.00010000,1000.00000000,0.10000000,0.10000000,92141578.00000000,1.00000000
516,FLOKIUSDT,TRADING,FLOKI,2,USDT,8,8,2,8,"['LIMIT', 'LIMIT_MAKER', 'MARKET', 'STOP_LOSS_LIMIT', 'TAKE_PROFIT_LIMIT']",True,True,True,True,True,True,False,"[{'filterType': 'PRICE_FILTER', 'minPrice': '0.00000001', 'maxPrice': '1.00000000', 'tickSize': '0.00000001'}, {'filterType': 'PERCENT_PRICE', 'multiplierUp': '5', 'multiplierDown': '0.2', 'avgPriceMins': 5}, {'filterType': 'LOT_SIZE', 'minQty': '1.00', 'maxQty': '46116860414.00', 'stepSize': '1.00'}, {'filterType': 'MIN_NOTIONAL', 'minNotional': '1.00000000', 'applyToMarket': True, 'avgPriceMins': 5}, {'filterType': 'ICEBERG_PARTS', 'limit': 10}, {'filterType': 'MARKET_LOT_SIZE', 'minQty': '0.00', 'maxQty': '177114911.49', 'stepSize': '0.00'}, {'filterType': 'TRAILING_DELTA', 'minTrailingAboveDelta': 10, 'maxTrailingAboveDelta': 2000, 'minTrailingBelowDelta': 10, 'maxTrailingBelowDelta': 2000}, {'filterType': 'PERCENT_PRICE_BY_SIDE', 'bidMultiplierUp': '1.25', 'bidMultiplierDown': '0.2', 'askMultiplierUp': '5', 'askMultiplierDown': '0.75', 'avgPriceMins': 5}, {'filterType': 'MAX_NUM_ORDERS', 'maxNumOrders': 200}, {'filterType': 'MAX_NUM_ALGO_ORDERS', 'maxNumAlgoOrders': 5}]",['SPOT'],EXPIRE_MAKER,"['EXPIRE_TAKER', 'EXPIRE_MAKER', 'EXPIRE_BOTH']",0.00000001,0.00000001,1.00000000,1.00,1.00,46116860414.00,1.00000000
517,FLOKIUSD,TRADING,FLOKI,2,USD,8,8,2,8,"['LIMIT', 'LIMIT_MAKER', 'MARKET', 'STOP_LOSS_LIMIT', 'TAKE_PROFIT_LIMIT']",True,True,True,True,True,True,False,"[{'filterType': 'PRICE_FILTER', 'minPrice': '0.00000001', 'maxPrice': '1.00000000', 'tickSize': '0.00000001'}, {'filterType': 'LOT_SIZE', 'minQty': '1.00', 'maxQty': '46116860414.00', 'stepSize': '1.00'}, {'filterType': 'MIN_NOTIONAL', 'minNotional': '1.00000000', 'applyToMarket': True, 'avgPriceMins': 5}, {'filterType': 'ICEBERG_PARTS', 'limit': 10}, {'filterType': 'MARKET_LOT_SIZE', 'minQty': '0.00', 'maxQty': '54152733.91', 'stepSize': '0.00'}, {'filterType': 'TRAILING_DELTA', 'minTrailingAboveDelta': 10, 'maxTrailingAboveDelta': 2000, 'minTrailingBelowDelta': 10, 'maxTrailingBelowDelta': 2000}, {'filterType': 'PERCENT_PRICE_BY_SIDE', 'bidMultiplierUp': '1.25', 'bidMultiplierDown': '0.2', 'askMultiplierUp': '5', 'askMultiplierDown': '0.75', 'avgPriceMins': 5}, {'filterType': 'MAX_NUM_ORDERS', 'maxNumOrders': 200}, {'filterType': 'MAX_NUM_ALGO_ORDERS', 'maxNumAlgoOrders': 5}]",['SPOT'],EXPIRE_MAKER,"['EXPIRE_TAKER', 'EXPIRE_MAKER', 'EXPIRE_BOTH']",0.00000001,0.00000001,1.00000000,1.00,1.00,46116860414.00,1.00000000
518,XECUSDT,TRADING,XEC,2,USDT,8,8,2,8,"['LIMIT', 'LIMIT_MAKER', 'MARKET', 'STOP_LOSS_LIMIT', 'TAKE_PROFIT_LIMIT']",True,True,True,True,True,True,False,"[{'filterType': 'PRICE_FILTER', 'minPrice': '0.00000001', 'maxPrice': '1.00000000', 'tickSize': '0.00000001'}, {'filterType': 'PERCENT_PRICE', 'multiplierUp': '5', 'multiplierDown': '0.2', 'avgPriceMins': 5}, {'filterType': 'LOT_SIZE', 'minQty': '1.00', 'maxQty': '46116860414.00', 'stepSize': '1.00'}, {'filterType': 'MIN_NOTIONAL', 'minNotional': '1.00000000', 'applyToMarket': True, 'avgPriceMins': 5}, {'filterType': 'ICEBERG_PARTS', 'limit': 10}, {'filterType': 'MARKET_LOT_SIZE', 'minQty': '0.00', 'maxQty': '132563631.00', 'stepSize': '0.00'}, {'filterType': 'TRAILING_DELTA', 'minTrailingAboveDelta': 10, 'maxTrailingAboveDelta': 2000, 'minTrailingBelowDelta': 10, 'maxTrailingBelowDelta': 2000}, {'filterType': 'PERCENT_PRICE_BY_SIDE', 'bidMultiplierUp': '1.25', 'bidMultiplierDown': '0.2', 'askMultiplierUp': '5', 'askMultiplierDown': '0.75', 'avgPriceMins': 5}, {'filterType': 'MAX_NUM_ORDERS', 'maxNumOrders': 200}, {'filterType': 'MAX_NUM_ALGO_ORDERS', 'maxNumAlgoOrders': 5}]",['SPOT'],EXPIRE_MAKER,"['EXPIRE_TAKER', 'EXPIRE_MAKER', 'EXPIRE_BOTH']",0.00000001,0.00000001,1.00000000,1.00,1.00,46116860414.00,1.00000000
519,XECUSD,BREAK,XEC,2,USD,8,8,2,8,"['LIMIT', 'LIMIT_MAKER', 'MARKET', 'STOP_LOSS_LIMIT', 'TAKE_PROFIT_LIMIT']",True,True,True,True,True,True,False,"[{'filterType': 'PRICE_FILTER', 'minPrice': '0.00000001', 'maxPrice': '1.00000000', 'tickSize': '0.00000001'}, {'filterType': 'PERCENT_PRICE', 'multiplierUp': '5', 'multiplierDown': '0.2', 'avgPriceMins': 5}, {'filterType': 'LOT_SIZE', 'minQty': '1.00', 'maxQty': '46116860414.00', 'stepSize': '1.00'}, {'filterType': 'MIN_NOTIONAL', 'minNotional': '1.00000000', 'applyToMarket': True, 'avgPriceMins': 5}, {'filterType': 'ICEBERG_PARTS', 'limit': 10}, {'filterType': 'MARKET_LOT_SIZE', 'minQty': '0.00', 'maxQty': '1262004788.30', 'stepSize': '0.00'}, {'filterType': 'TRAILING_DELTA', 'minTrailingAboveDelta': 10, 'maxTrailingAboveDelta': 2000, 'minTrailingBelowDelta': 10, 'maxTrailingBelowDelta': 2000}, {'filterType': 'MAX_NUM_ORDERS', 'maxNumOrders': 200}, {'filterType': 'MAX_NUM_ALGO_ORDERS', 'maxNumAlgoOrders': 5}]",['SPOT'],EXPIRE_MAKER,"['EXPIRE_TAKER', 'EXPIRE_MAKER', 'EXPIRE_BOTH']",0.00000001,0.00000001,1.00000000,1.00,1.00,46116860414.00,1.00000000
520,BLURUSDT,TRADING,BLUR,8,USDT,8,8,8,8,"['LIMIT', 'LIMIT_MAKER', 'MARKET', 'STOP_LOSS_LIMIT', 'TAKE_PROFIT_LIMIT']",True,True,True,True,True,True,False,"[{'filterType': 'PRICE_FILTER', 'minPrice': '0.00100000', 'maxPrice': '1000.00000000', 'tickSize': '0.00100000'}, {'filterType': 'PERCENT_PRICE', 'multiplierUp': '5', 'multiplierDown': '0.2', 'avgPriceMins': 5}, {'filterType': 'LOT_SIZE', 'minQty': '0.10000000', 'maxQty': '900000.00000000', 'stepSize': '0.10000000'}, {'filterType': 'MIN_NOTIONAL', 'minNotional': '1.00000000', 'applyToMarket': True, 'avgPriceMins': 5}, {'filterType': 'ICEBERG_PARTS', 'limit': 10}, {'filterType': 'MARKET_LOT_SIZE', 'minQty': '0.00000000', 'maxQty': '5013.93305439', 'stepSize': '0.00000000'}, {'filterType': 'TRAILING_DELTA', 'minTrailingAboveDelta': 10, 'maxTrailingAboveDelta': 2000, 'minTrailingBelowDelta': 10, 'maxTrailingBelowDelta': 2000}, {'filterType': 'PERCENT_PRICE_BY_SIDE', 'bidMultiplierUp': '1.25', 'bidMultiplierDown': '0.2', 'askMultiplierUp': '5', 'askMultiplierDown': '0.75', 'avgPriceMins': 5}, {'filterType': 'MAX_NUM_ORDERS', 'maxNumOrders': 200}, {'filterType': 'MAX_NUM_ALGO_ORDERS', 'maxNumAlgoOrders': 5}]",['SPOT'],EXPIRE_MAKER,"['EXPIRE_TAKER', 'EXPIRE_MAKER', 'EXPIRE_BOTH']",0.00100000,0.00100000,1000.00000000,0.10000000,0.10000000,900000.00000000,1.00000000
521,BLURUSD,BREAK,BLUR,8,USD,8,8,8,8,"['LIMIT', 'LIMIT_MAKER', 'MARKET', 'STOP_LOSS_LIMIT', 'TAKE_PROFIT_LIMIT']",True,True,True,True,True,True,False,"[{'filterType': 'PRICE_FILTER', 'minPrice': '0.00100000', 'maxPrice': '1000.00000000', 'tickSize': '0.00100000'}, {'filterType': 'PERCENT_PRICE', 'multiplierUp': '5', 'multiplierDown': '0.2', 'avgPriceMins': 5}, {'filterType': 'LOT_SIZE', 'minQty': '0.10000000', 'maxQty': '900000.00000000', 'stepSize': '0.10000000'}, {'filterType': 'MIN_NOTIONAL', 'minNotional': '1.00000000', 'applyToMarket': True, 'avgPriceMins': 5}, {'filterType': 'ICEBERG_PARTS', 'limit': 10}, {'filterType': 'MARKET_LOT_SIZE', 'minQty': '0.00000000', 'maxQty': '423028.58638888', 'stepSize': '0.00000000'}, {'filterType': 'TRAILING_DELTA', 'minTrailingAboveDelta': 10, 'maxTrailingAboveDelta': 2000, 'minTrailingBelowDelta': 10, 'maxTrailingBelowDelta': 2000}, {'filterType': 'MAX_NUM_ORDERS', 'maxNumOrders': 200}, {'filterType': 'MAX_NUM_ALGO_ORDERS', 'maxNumAlgoOrders': 5}]",['SPOT'],EXPIRE_MAKER,"['EXPIRE_TAKER', 'EXPIRE_MAKER', 'EXPIRE_BOTH']",0.00100000,0.00100000,1000.00000000,0.10000000,0.10000000,900000.00000000,1.00000000
522,ANKRUSDT,TRADING,ANKR,8,USDT,8,8,8,8,"['LIMIT', 'LIMIT_MAKER', 'MARKET', 'STOP_LOSS_LIMIT', 'TAKE_PROFIT_LIMIT']",True,True,True,True,True,True,False,"[{'filterType': 'PRICE_FILTER', 'minPrice': '0.00001000', 'maxPrice': '1000.00000000', 'tickSize': '0.00001000'}, {'filterType': 'PERCENT_PRICE', 'multiplierUp': '5', 'multiplierDown': '0.2', 'avgPriceMins': 5}, {'filterType': 'LOT_SIZE', 'minQty': '0.10000000', 'maxQty': '9000000.00000000', 'stepSize': '0.10000000'}, {'filterType': 'MIN_NOTIONAL', 'minNotional': '1.00000000', 'applyToMarket': True, 'avgPriceMins': 5}, {'filterType': 'ICEBERG_PARTS', 'limit': 10}, {'filterType': 'MARKET_LOT_SIZE', 'minQty': '0.00000000', 'maxQty': '74429.27949790', 'stepSize': '0.00000000'}, {'filterType': 'TRAILING_DELTA', 'minTrailingAboveDelta': 10, 'maxTrailingAboveDelta': 2000, 'minTrailingBelowDelta': 10, 'maxTrailingBelowDelta': 2000}, {'filterType': 'PERCENT_PRICE_BY_SIDE', 'bidMultiplierUp': '1.25', 'bidMultiplierDown': '0.2', 'askMultiplierUp': '5', 'askMultiplierDown': '0.75', 'avgPriceMins': 5}, {'filterType': 'MAX_NUM_ORDERS', 'maxNumOrders': 200}, {'filterType': 'MAX_NUM_ALGO_ORDERS', 'maxNumAlgoOrders': 5}]",['SPOT'],EXPIRE_MAKER,"['EXPIRE_TAKER', 'EXPIRE_MAKER', 'EXPIRE_BOTH']",0.00001000,0.00001000,1000.00000000,0.10000000,0.10000000,9000000.00000000,1.00000000
523,DAIUSDT,TRADING,DAI,8,USDT,8,8,8,8,"['LIMIT', 'LIMIT_MAKER', 'MARKET', 'STOP_LOSS_LIMIT', 'TAKE_PROFIT_LIMIT']",True,True,True,True,True,True,False,"[{'filterType': 'PRICE_FILTER', 'minPrice': '0.00010000', 'maxPrice': '1000.00000000', 'tickSize': '0.00010000'}, {'filterType': 'PERCENT_PRICE', 'multiplierUp': '5', 'multiplierDown': '0.2', 'avgPriceMins': 5}, {'filterType': 'LOT_SIZE', 'minQty': '0.01000000', 'maxQty': '900000.00000000', 'stepSize': '0.01000000'}, {'filterType': 'MIN_NOTIONAL', 'minNotional': '1.00000000', 'applyToMarket': True, 'avgPriceMins': 5}, {'filterType': 'ICEBERG_PARTS', 'limit': 10}, {'filterType': 'MARKET_LOT_SIZE', 'minQty': '0.00000000', 'maxQty': '1418.02640167', 'stepSize': '0.00000000'}, {'filterType': 'TRAILING_DELTA', 'minTrailingAboveDelta': 10, 'maxTrailingAboveDelta': 2000, 'minTrailingBelowDelta': 10, 'maxTrailingBelowDelta': 2000}, {'filterType': 'PERCENT_PRICE_BY_SIDE', 'bidMultiplierUp': '1.05', 'bidMultiplierDown': '0.2', 'askMultiplierUp': '5', 'askMultiplierDown': '0.95', 'avgPriceMins': 5}, {'filterType': 'MAX_NUM_ORDERS', 'maxNumOrders': 200}, {'filterType': 'MAX_NUM_ALGO_ORDERS', 'maxNumAlgoOrders': 5}]",['SPOT'],EXPIRE_MAKER,"['EXPIRE_TAKER', 'EXPIRE_MAKER', 'EXPIRE_BOTH']",0.00010000,0.00010000,1000.00000000,0.01000000,0.01000000,900000.00000000,1.00000000
524,DASHUSDT,TRADING,DASH,8,USDT,8,8,8,8,"['LIMIT', 'LIMIT_MAKER', 'MARKET', 'STOP_LOSS_LIMIT', 'TAKE_PROFIT_LIMIT']",True,True,True,True,True,True,False,"[{'filterType': 'PRICE_FILTER', 'minPrice': '0.01000000', 'maxPrice': '100000.00000000', 'tickSize': '0.01000000'}, {'filterType': 'PERCENT_PRICE', 'multiplierUp': '5', 'multiplierDown': '0.2', 'avgPriceMins': 5}, {'filterType': 'LOT_SIZE', 'minQty': '0.00100000', 'maxQty': '90000.00000000', 'stepSize': '0.00100000'}, {'filterType': 'MIN_NOTIONAL', 'minNotional': '1.00000000', 'applyToMarket': True, 'avgPriceMins': 5}, {'filterType': 'ICEBERG_PARTS', 'limit': 10}, {'filterType': 'MARKET_LOT_SIZE', 'minQty': '0.00000000', 'maxQty': '261.75895397', 'stepSize': '0.00000000'}, {'filterType': 'TRAILING_DELTA', 'minTrailingAboveDelta': 10, 'maxTrailingAboveDelta': 2000, 'minTrailingBelowDelta': 10, 'maxTrailingBelowDelta': 2000}, {'filterType': 'PERCENT_PRICE_BY_SIDE', 'bidMultiplierUp': '1.25', 'bidMultiplierDown': '0.2', 'askMultiplierUp': '5', 'askMultiplierDown': '0.75', 'avgPriceMins': 5}, {'filterType': 'MAX_NUM_ORDERS', 'maxNumOrders': 200}, {'filterType': 'MAX_NUM_ALGO_ORDERS', 'maxNumAlgoOrders': 5}]",['SPOT'],EXPIRE_MAKER,"['EXPIRE_TAKER', 'EXPIRE_MAKER', 'EXPIRE_BOTH']",0.01000000,0.01000000,100000.00000000,0.00100000,0.00100000,90000.00000000,1.00000000
525,HBARUSDT,TRADING,HBAR,8,USDT,8,8,8,8,"['LIMIT', 'LIMIT_MAKER', 'MARKET', 'STOP_LOSS_LIMIT', 'TAKE_PROFIT_LIMIT']",True,True,True,True,True,True,False,"[{'filterType': 'PRICE_FILTER', 'minPrice': '0.00001000', 'maxPrice': '1000.00000000', 'tickSize': '0.00001000'}, {'filterType': 'PERCENT_PRICE', 'multiplierUp': '5', 'multiplierDown': '0.2', 'avgPriceMins': 5}, {'filterType': 'LOT_SIZE', 'minQty': '1.00000000', 'maxQty': '9000000.00000000', 'stepSize': '1.00000000'}, {'filterType': 'MIN_NOTIONAL', 'minNotional': '1.00000000', 'applyToMarket': True, 'avgPriceMins': 5}, {'filterType': 'ICEBERG_PARTS', 'limit': 10}, {'filterType': 'MARKET_LOT_SIZE', 'minQty': '0.00000000', 'maxQty': '332131.84937238', 'stepSize': '0.00000000'}, {'filterType': 'TRAILING_DELTA', 'minTrailingAboveDelta': 10, 'maxTrailingAboveDelta': 2000, 'minTrailingBelowDelta': 10, 'maxTrailingBelowDelta': 2000}, {'filterType': 'PERCENT_PRICE_BY_SIDE', 'bidMultiplierUp': '1.25', 'bidMultiplierDown': '0.2', 'askMultiplierUp': '5', 'askMultiplierDown': '0.75', 'avgPriceMins': 5}, {'filterType': 'MAX_NUM_ORDERS', 'maxNumOrders': 200}, {'filterType': 'MAX_NUM_ALGO_ORDERS', 'maxNumAlgoOrders': 5}]",['SPOT'],EXPIRE_MAKER,"['EXPIRE_TAKER', 'EXPIRE_MAKER', 'EXPIRE_BOTH']",0.00001000,0.00001000,1000.00000000,1.00000000,1.00000000,9000000.00000000,1.00000000
526,ICXUSDT,BREAK,ICX,8,USDT,8,8,8,8,"['LIMIT', 'LIMIT_MAKER', 'MARKET', 'STOP_LOSS_LIMIT', 'TAKE_PROFIT_LIMIT']",True,True,True,True,True,True,False,"[{'filterType': 'PRICE_FILTER', 'minPrice': '0.00001000', 'maxPrice': '1000.00000000', 'tickSize': '0.00001000'}, {'filterType': 'PERCENT_PRICE', 'multiplierUp': '5', 'multiplierDown': '0.2', 'avgPriceMins': 5}, {'filterType': 'LOT_SIZE', 'minQty': '0.10000000', 'maxQty': '900000.00000000', 'stepSize': '0.10000000'}, {'filterType': 'MIN_NOTIONAL', 'minNotional': '1.00000000', 'applyToMarket': True, 'avgPriceMins': 5}, {'filterType': 'ICEBERG_PARTS', 'limit': 10}, {'filterType': 'MARKET_LOT_SIZE', 'minQty': '0.00000000', 'maxQty': '19514.10166666', 'stepSize': '0.00000000'}, {'filterType': 'TRAILING_DELTA', 'minTrailingAboveDelta': 10, 'maxTrailingAboveDelta': 2000, 'minTrailingBelowDelta': 10, 'maxTrailingBelowDelta': 2000}, {'filterType': 'PERCENT_PRICE_BY_SIDE', 'bidMultiplierUp': '1.25', 'bidMultiplierDown': '0.2', 'askMultiplierUp': '5', 'askMultiplierDown': '0.75', 'avgPriceMins': 5}, {'filterType': 'MAX_NUM_ORDERS', 'maxNumOrders': 200}, {'filterType': 'MAX_NUM_ALGO_ORDERS', 'maxNumAlgoOrders': 5}]",['SPOT'],EXPIRE_MAKER,"['EXPIRE_TAKER', 'EXPIRE_MAKER', 'EXPIRE_BOTH']",0.00001000,0.00001000,1000.00000000,0.10000000,0.10000000,900000.00000000,1.00000000
527,IOTAUSDT,TRADING,IOTA,8,USDT,8,8,8,8,"['LIMIT', 'LIMIT_MAKER', 'MARKET', 'STOP_LOSS_LIMIT', 'TAKE_PROFIT_LIMIT']",True,True,True,True,True,True,False,"[{'filterType': 'PRICE_FILTER', 'minPrice': '0.00010000', 'maxPrice': '1000.00000000', 'tickSize': '0.00010000'}, {'filterType': 'PERCENT_PRICE', 'multiplierUp': '5', 'multiplierDown': '0.2', 'avgPriceMins': 5}, {'filterType': 'LOT_SIZE', 'minQty': '1.00000000', 'maxQty': '900000.00000000', 'stepSize': '1.00000000'}, {'filterType': 'MIN_NOTIONAL', 'minNotional': '1.00000000', 'applyToMarket': True, 'avgPriceMins': 5}, {'filterType': 'ICEBERG_PARTS', 'limit': 10}, {'filterType': 'MARKET_LOT_SIZE', 'minQty': '0.00000000', 'maxQty': '68492.01255230', 'stepSize': '0.00000000'}, {'filterType': 'TRAILING_DELTA', 'minTrailingAboveDelta': 10, 'maxTrailingAboveDelta': 2000, 'minTrailingBelowDelta': 10, 'maxTrailingBelowDelta': 2000}, {'filterType': 'PERCENT_PRICE_BY_SIDE', 'bidMultiplierUp': '1.25', 'bidMultiplierDown': '0.2', 'askMultiplierUp': '5', 'askMultiplierDown': '0.75', 'avgPriceMins': 5}, {'filterType': 'MAX_NUM_ORDERS', 'maxNumOrders': 200}, {'filterType': 'MAX_NUM_ALGO_ORDERS', 'maxNumAlgoOrders': 5}]",['SPOT'],EXPIRE_MAKER,"['EXPIRE_TAKER', 'EXPIRE_MAKER', 'EXPIRE_BOTH']",0.00010000,0.00010000,1000.00000000,1.00000000,1.00000000,900000.00000000,1.00000000
528,RVNUSDT,TRADING,RVN,8,USDT,8,8,8,8,"['LIMIT', 'LIMIT_MAKER', 'MARKET', 'STOP_LOSS_LIMIT', 'TAKE_PROFIT_LIMIT']",True,True,True,True,True,True,False,"[{'filterType': 'PRICE_FILTER', 'minPrice': '0.00001000', 'maxPrice': '1000.00000000', 'tickSize': '0.00001000'}, {'filterType': 'PERCENT_PRICE', 'multiplierUp': '5', 'multiplierDown': '0.2', 'avgPriceMins': 5}, {'filterType': 'LOT_SIZE', 'minQty': '0.10000000', 'maxQty': '9000000.00000000', 'stepSize': '0.10000000'}, {'filterType': 'MIN_NOTIONAL', 'minNotional': '1.00000000', 'applyToMarket': True, 'avgPriceMins': 5}, {'filterType': 'ICEBERG_PARTS', 'limit': 10}, {'filterType': 'MARKET_LOT_SIZE', 'minQty': '0.00000000', 'maxQty': '353893.77405857', 'stepSize': '0.00000000'}, {'filterType': 'TRAILING_DELTA', 'minTrailingAboveDelta': 10, 'maxTrailingAboveDelta': 2000, 'minTrailingBelowDelta': 10, 'maxTrailingBelowDelta': 2000}, {'filterType': 'PERCENT_PRICE_BY_SIDE', 'bidMultiplierUp': '1.25', 'bidMultiplierDown': '0.2', 'askMultiplierUp': '5', 'askMultiplierDown': '0.75', 'avgPriceMins': 5}, {'filterType': 'MAX_NUM_ORDERS', 'maxNumOrders': 200}, {'filterType': 'MAX_NUM_ALGO_ORDERS', 'maxNumAlgoOrders': 5}]",['SPOT'],EXPIRE_MAKER,"['EXPIRE_TAKER', 'EXPIRE_MAKER', 'EXPIRE_BOTH']",0.00001000,0.00001000,1000.00000000,0.10000000,0.10000000,9000000.00000000,1.00000000
529,WAVESUSDT,BREAK,WAVES,8,USDT,8,8,8,8,"['LIMIT', 'LIMIT_MAKER', 'MARKET', 'STOP_LOSS_LIMIT', 'TAKE_PROFIT_LIMIT']",True,True,True,True,True,True,False,"[{'filterType': 'PRICE_FILTER', 'minPrice': '0.00100000', 'maxPrice': '10000.00000000', 'tickSize': '0.00100000'}, {'filterType': 'PERCENT_PRICE', 'multiplierUp': '5', 'multiplierDown': '0.2', 'avgPriceMins': 5}, {'filterType': 'LOT_SIZE', 'minQty': '0.01000000', 'maxQty': '90000.00000000', 'stepSize': '0.01000000'}, {'filterType': 'MIN_NOTIONAL', 'minNotional': '1.00000000', 'applyToMarket': True, 'avgPriceMins': 5}, {'filterType': 'ICEBERG_PARTS', 'limit': 10}, {'filterType': 'MARKET_LOT_SIZE', 'minQty': '0.00000000', 'maxQty': '1623.56208333', 'stepSize': '0.00000000'}, {'filterType': 'TRAILING_DELTA', 'minTrailingAboveDelta': 10, 'maxTrailingAboveDelta': 2000, 'minTrailingBelowDelta': 10, 'maxTrailingBelowDelta': 2000}, {'filterType': 'PERCENT_PRICE_BY_SIDE', 'bidMultiplierUp': '1.25', 'bidMultiplierDown': '0.2', 'askMultiplierUp': '5', 'askMultiplierDown': '0.75', 'avgPriceMins': 5}, {'filterType': 'MAX_NUM_ORDERS', 'maxNumOrders': 200}, {'filterType': 'MAX_NUM_ALGO_ORDERS', 'maxNumAlgoOrders': 5}]",['SPOT'],EXPIRE_MAKER,"['EXPIRE_TAKER', 'EXPIRE_MAKER', 'EXPIRE_BOTH']",0.00100000,0.00100000,10000.00000000,0.01000000,0.01000000,90000.00000000,1.00000000
530,XNOUSDT,TRADING,XNO,8,USDT,8,8,8,8,"['LIMIT', 'LIMIT_MAKER', 'MARKET', 'STOP_LOSS_LIMIT', 'TAKE_PROFIT_LIMIT']",True,True,True,True,True,True,False,"[{'filterType': 'PRICE_FILTER', 'minPrice': '0.00100000', 'maxPrice': '1000.00000000', 'tickSize': '0.00100000'}, {'filterType': 'PERCENT_PRICE', 'multiplierUp': '5', 'multiplierDown': '0.2', 'avgPriceMins': 5}, {'filterType': 'LOT_SIZE', 'minQty': '0.01000000', 'maxQty': '92141578.00000000', 'stepSize': '0.01000000'}, {'filterType': 'MIN_NOTIONAL', 'minNotional': '1.00000000', 'applyToMarket': True, 'avgPriceMins': 5}, {'filterType': 'ICEBERG_PARTS', 'limit': 10}, {'filterType': 'MARKET_LOT_SIZE', 'minQty': '0.00000000', 'maxQty': '4824.30598326', 'stepSize': '0.00000000'}, {'filterType': 'TRAILING_DELTA', 'minTrailingAboveDelta': 10, 'maxTrailingAboveDelta': 2000, 'minTrailingBelowDelta': 10, 'maxTrailingBelowDelta': 2000}, {'filterType': 'PERCENT_PRICE_BY_SIDE', 'bidMultiplierUp': '1.25', 'bidMultiplierDown': '0.2', 'askMultiplierUp': '5', 'askMultiplierDown': '0.75', 'avgPriceMins': 5}, {'filterType': 'MAX_NUM_ORDERS', 'maxNumOrders': 200}, {'filterType': 'MAX_NUM_ALGO_ORDERS', 'maxNumAlgoOrders': 5}]",['SPOT'],EXPIRE_MAKER,"['EXPIRE_TAKER', 'EXPIRE_MAKER', 'EXPIRE_BOTH']",0.00100000,0.00100000,1000.00000000,0.01000000,0.01000000,92141578.00000000,1.00000000
531,XTZUSDT,TRADING,XTZ,8,USDT,8,8,8,8,"['LIMIT', 'LIMIT_MAKER', 'MARKET', 'STOP_LOSS_LIMIT', 'TAKE_PROFIT_LIMIT']",True,True,True,True,True,True,False,"[{'filterType': 'PRICE_FILTER', 'minPrice': '0.00010000', 'maxPrice': '1000.00000000', 'tickSize': '0.00010000'}, {'filterType': 'PERCENT_PRICE', 'multiplierUp': '5', 'multiplierDown': '0.2', 'avgPriceMins': 5}, {'filterType': 'LOT_SIZE', 'minQty': '0.10000000', 'maxQty': '900000.00000000', 'stepSize': '0.10000000'}, {'filterType': 'MIN_NOTIONAL', 'minNotional': '1.00000000', 'applyToMarket': True, 'avgPriceMins': 5}, {'filterType': 'ICEBERG_PARTS', 'limit': 10}, {'filterType': 'MARKET_LOT_SIZE', 'minQty': '0.00000000', 'maxQty': '3961.94393305', 'stepSize': '0.00000000'}, {'filterType': 'TRAILING_DELTA', 'minTrailingAboveDelta': 10, 'maxTrailingAboveDelta': 2000, 'minTrailingBelowDelta': 10, 'maxTrailingBelowDelta': 2000}, {'filterType': 'PERCENT_PRICE_BY_SIDE', 'bidMultiplierUp': '1.25', 'bidMultiplierDown': '0.2', 'askMultiplierUp': '5', 'askMultiplierDown': '0.75', 'avgPriceMins': 5}, {'filterType': 'MAX_NUM_ORDERS', 'maxNumOrders': 200}, {'filterType': 'MAX_NUM_ALGO_ORDERS', 'maxNumAlgoOrders': 5}]",['SPOT'],EXPIRE_MAKER,"['EXPIRE_TAKER', 'EXPIRE_MAKER', 'EXPIRE_BOTH']",0.00010000,0.00010000,1000.00000000,0.10000000,0.10000000,900000.00000000,1.00000000
532,ZILUSDT,TRADING,ZIL,8,USDT,8,8,8,8,"['LIMIT', 'LIMIT_MAKER', 'MARKET', 'STOP_LOSS_LIMIT', 'TAKE_PROFIT_LIMIT']",True,True,True,True,True,True,False,"[{'filterType': 'PRICE_FILTER', 'minPrice': '0.00001000', 'maxPrice': '1000.00000000', 'tickSize': '0.00001000'}, {'filterType': 'PERCENT_PRICE', 'multiplierUp': '5', 'multiplierDown': '0.2', 'avgPriceMins': 5}, {'filterType': 'LOT_SIZE', 'minQty': '0.10000000', 'maxQty': '9000000.00000000', 'stepSize': '0.10000000'}, {'filterType': 'MIN_NOTIONAL', 'minNotional': '1.00000000', 'applyToMarket': True, 'avgPriceMins': 5}, {'filterType': 'ICEBERG_PARTS', 'limit': 10}, {'filterType': 'MARKET_LOT_SIZE', 'minQty': '0.00000000', 'maxQty': '651759.02761506', 'stepSize': '0.00000000'}, {'filterType': 'TRAILING_DELTA', 'minTrailingAboveDelta': 10, 'maxTrailingAboveDelta': 2000, 'minTrailingBelowDelta': 10, 'maxTrailingBelowDelta': 2000}, {'filterType': 'PERCENT_PRICE_BY_SIDE', 'bidMultiplierUp': '1.25', 'bidMultiplierDown': '0.2', 'askMultiplierUp': '5', 'askMultiplierDown': '0.75', 'avgPriceMins': 5}, {'filterType': 'MAX_NUM_ORDERS', 'maxNumOrders': 200}, {'filterType': 'MAX_NUM_ALGO_ORDERS', 'maxNumAlgoOrders': 5}]",['SPOT'],EXPIRE_MAKER,"['EXPIRE_TAKER', 'EXPIRE_MAKER', 'EXPIRE_BOTH']",0.00001000,0.00001000,1000.00000000,0.10000000,0.10000000,9000000.00000000,1.00000000
533,ORBSUSDT,TRADING,ORBS,8,USDT,8,8,8,8,"['LIMIT', 'LIMIT_MAKER', 'MARKET', 'STOP_LOSS_LIMIT', 'TAKE_PROFIT_LIMIT']",True,True,True,True,True,True,False,"[{'filterType': 'PRICE_FILTER', 'minPrice': '0.00001000', 'maxPrice': '1000.00000000', 'tickSize': '0.00001000'}, {'filterType': 'PERCENT_PRICE', 'multiplierUp': '5', 'multiplierDown': '0.2', 'avgPriceMins': 5}, {'filterType': 'LOT_SIZE', 'minQty': '1.00000000', 'maxQty': '9000000.00000000', 'stepSize': '1.00000000'}, {'filterType': 'MIN_NOTIONAL', 'minNotional': '1.00000000', 'applyToMarket': True, 'avgPriceMins': 5}, {'filterType': 'ICEBERG_PARTS', 'limit': 10}, {'filterType': 'MARKET_LOT_SIZE', 'minQty': '0.00000000', 'maxQty': '18984.12133891', 'stepSize': '0.00000000'}, {'filterType': 'TRAILING_DELTA', 'minTrailingAboveDelta': 10, 'maxTrailingAboveDelta': 2000, 'minTrailingBelowDelta': 10, 'maxTrailingBelowDelta': 2000}, {'filterType': 'PERCENT_PRICE_BY_SIDE', 'bidMultiplierUp': '1.25', 'bidMultiplierDown': '0.2', 'askMultiplierUp': '5', 'askMultiplierDown': '0.75', 'avgPriceMins': 5}, {'filterType': 'MAX_NUM_ORDERS', 'maxNumOrders': 200}, {'filterType': 'MAX_NUM_ALGO_ORDERS', 'maxNumAlgoOrders': 5}]",['SPOT'],EXPIRE_MAKER,"['EXPIRE_TAKER', 'EXPIRE_MAKER', 'EXPIRE_BOTH']",0.00001000,0.00001000,1000.00000000,1.00000000,1.00000000,9000000.00000000,1.00000000
534,CUDOSUSDT,BREAK,CUDOS,8,USDT,8,8,8,8,"['LIMIT', 'LIMIT_MAKER', 'MARKET', 'STOP_LOSS_LIMIT', 'TAKE_PROFIT_LIMIT']",True,True,True,True,True,True,False,"[{'filterType': 'PRICE_FILTER', 'minPrice': '0.00000100', 'maxPrice': '1000.00000000', 'tickSize': '0.00000100'}, {'filterType': 'PERCENT_PRICE', 'multiplierUp': '5', 'multiplierDown': '0.2', 'avgPriceMins': 5}, {'filterType': 'LOT_SIZE', 'minQty': '0.10000000', 'maxQty': '92141578.00000000', 'stepSize': '0.10000000'}, {'filterType': 'MIN_NOTIONAL', 'minNotional': '1.00000000', 'applyToMarket': True, 'avgPriceMins': 5}, {'filterType': 'ICEBERG_PARTS', 'limit': 10}, {'filterType': 'MARKET_LOT_SIZE', 'minQty': '0.00000000', 'maxQty': '284063.77666666', 'stepSize': '0.00000000'}, {'filterType': 'TRAILING_DELTA', 'minTrailingAboveDelta': 10, 'maxTrailingAboveDelta': 2000, 'minTrailingBelowDelta': 10, 'maxTrailingBelowDelta': 2000}, {'filterType': 'PERCENT_PRICE_BY_SIDE', 'bidMultiplierUp': '1.25', 'bidMultiplierDown': '0.2', 'askMultiplierUp': '5', 'askMultiplierDown': '0.75', 'avgPriceMins': 5}, {'filterType': 'MAX_NUM_ORDERS', 'maxNumOrders': 200}, {'filterType': 'MAX_NUM_ALGO_ORDERS', 'maxNumAlgoOrders': 5}]",['SPOT'],EXPIRE_MAKER,"['EXPIRE_TAKER', 'EXPIRE_MAKER', 'EXPIRE_BOTH']",0.00000100,0.00000100,1000.00000000,0.10000000,0.10000000,92141578.00000000,1.00000000
535,ADXUSDT,TRADING,ADX,8,USDT,8,8,8,8,"['LIMIT', 'LIMIT_MAKER', 'MARKET', 'STOP_LOSS_LIMIT', 'TAKE_PROFIT_LIMIT']",True,True,True,True,True,True,False,"[{'filterType': 'PRICE_FILTER', 'minPrice': '0.00010000', 'maxPrice': '1000.00000000', 'tickSize': '0.00010000'}, {'filterType': 'PERCENT_PRICE', 'multiplierUp': '5', 'multiplierDown': '0.2', 'avgPriceMins': 5}, {'filterType': 'LOT_SIZE', 'minQty': '1.00000000', 'maxQty': '92141578.00000000', 'stepSize': '1.00000000'}, {'filterType': 'MIN_NOTIONAL', 'minNotional': '1.00000000', 'applyToMarket': True, 'avgPriceMins': 5}, {'filterType': 'ICEBERG_PARTS', 'limit': 10}, {'filterType': 'MARKET_LOT_SIZE', 'minQty': '0.00000000', 'maxQty': '4604.88702928', 'stepSize': '0.00000000'}, {'filterType': 'TRAILING_DELTA', 'minTrailingAboveDelta': 10, 'maxTrailingAboveDelta': 2000, 'minTrailingBelowDelta': 10, 'maxTrailingBelowDelta': 2000}, {'filterType': 'PERCENT_PRICE_BY_SIDE', 'bidMultiplierUp': '1.25', 'bidMultiplierDown': '0.2', 'askMultiplierUp': '5', 'askMultiplierDown': '0.75', 'avgPriceMins': 5}, {'filterType': 'MAX_NUM_ORDERS', 'maxNumOrders': 200}, {'filterType': 'MAX_NUM_ALGO_ORDERS', 'maxNumAlgoOrders': 5}]",['SPOT'],EXPIRE_MAKER,"['EXPIRE_TAKER', 'EXPIRE_MAKER', 'EXPIRE_BOTH']",0.00010000,0.00010000,1000.00000000,1.00000000,1.00000000,92141578.00000000,1.00000000
536,FORTUSDT,TRADING,FORT,8,USDT,8,8,8,8,"['LIMIT', 'LIMIT_MAKER', 'MARKET', 'STOP_LOSS_LIMIT', 'TAKE_PROFIT_LIMIT']",True,True,True,True,True,True,False,"[{'filterType': 'PRICE_FILTER', 'minPrice': '0.00010000', 'maxPrice': '1000.00000000', 'tickSize': '0.00010000'}, {'filterType': 'PERCENT_PRICE', 'multiplierUp': '5', 'multiplierDown': '0.2', 'avgPriceMins': 5}, {'filterType': 'LOT_SIZE', 'minQty': '1.00000000', 'maxQty': '900000.00000000', 'stepSize': '1.00000000'}, {'filterType': 'MIN_NOTIONAL', 'minNotional': '1.00000000', 'applyToMarket': True, 'avgPriceMins': 5}, {'filterType': 'ICEBERG_PARTS', 'limit': 10}, {'filterType': 'MARKET_LOT_SIZE', 'minQty': '0.00000000', 'maxQty': '4921.00000000', 'stepSize': '0.00000000'}, {'filterType': 'TRAILING_DELTA', 'minTrailingAboveDelta': 10, 'maxTrailingAboveDelta': 2000, 'minTrailingBelowDelta': 10, 'maxTrailingBelowDelta': 2000}, {'filterType': 'PERCENT_PRICE_BY_SIDE', 'bidMultiplierUp': '1.25', 'bidMultiplierDown': '0.2', 'askMultiplierUp': '5', 'askMultiplierDown': '0.75', 'avgPriceMins': 5}, {'filterType': 'MAX_NUM_ORDERS', 'maxNumOrders': 200}, {'filterType': 'MAX_NUM_ALGO_ORDERS', 'maxNumAlgoOrders': 5}]",['SPOT'],EXPIRE_MAKER,"['EXPIRE_TAKER', 'EXPIRE_MAKER', 'EXPIRE_BOTH']",0.00010000,0.00010000,1000.00000000,1.00000000,1.00000000,900000.00000000,1.00000000
537,SUIUSDT,TRADING,SUI,8,USDT,8,8,8,8,"['LIMIT', 'LIMIT_MAKER', 'MARKET', 'STOP_LOSS_LIMIT', 'TAKE_PROFIT_LIMIT']",True,True,True,True,True,True,False,"[{'filterType': 'PRICE_FILTER', 'minPrice': '0.00010000', 'maxPrice': '1000.00000000', 'tickSize': '0.00010000'}, {'filterType': 'PERCENT_PRICE', 'multiplierUp': '5', 'multiplierDown': '0.2', 'avgPriceMins': 5}, {'filterType': 'LOT_SIZE', 'minQty': '0.10000000', 'maxQty': '92141578.00000000', 'stepSize': '0.10000000'}, {'filterType': 'MIN_NOTIONAL', 'minNotional': '1.00000000', 'applyToMarket': True, 'avgPriceMins': 5}, {'filterType': 'ICEBERG_PARTS', 'limit': 10}, {'filterType': 'MARKET_LOT_SIZE', 'minQty': '0.00000000', 'maxQty': '18559.90460251', 'stepSize': '0.00000000'}, {'filterType': 'TRAILING_DELTA', 'minTrailingAboveDelta': 10, 'maxTrailingAboveDelta': 2000, 'minTrailingBelowDelta': 10, 'maxTrailingBelowDelta': 2000}, {'filterType': 'PERCENT_PRICE_BY_SIDE', 'bidMultiplierUp': '1.25', 'bidMultiplierDown': '0.2', 'askMultiplierUp': '5', 'askMultiplierDown': '0.75', 'avgPriceMins': 5}, {'filterType': 'MAX_NUM_ORDERS', 'maxNumOrders': 200}, {'filterType': 'MAX_NUM_ALGO_ORDERS', 'maxNumAlgoOrders': 5}]",['SPOT'],EXPIRE_MAKER,"['EXPIRE_TAKER', 'EXPIRE_MAKER', 'EXPIRE_BOTH']",0.00010000,0.00010000,1000.00000000,0.10000000,0.10000000,92141578.00000000,1.00000000
538,ONGUSDT,TRADING,ONG,8,USDT,8,8,8,8,"['LIMIT', 'LIMIT_MAKER', 'MARKET', 'STOP_LOSS_LIMIT', 'TAKE_PROFIT_LIMIT']",True,True,True,True,True,True,False,"[{'filterType': 'PRICE_FILTER', 'minPrice': '0.00001000', 'maxPrice': '1000.00000000', 'tickSize': '0.00001000'}, {'filterType': 'PERCENT_PRICE', 'multiplierUp': '5', 'multiplierDown': '0.2', 'avgPriceMins': 5}, {'filterType': 'LOT_SIZE', 'minQty': '1.00000000', 'maxQty': '900000.00000000', 'stepSize': '1.00000000'}, {'filterType': 'MIN_NOTIONAL', 'minNotional': '1.00000000', 'applyToMarket': True, 'avgPriceMins': 5}, {'filterType': 'ICEBERG_PARTS', 'limit': 10}, {'filterType': 'MARKET_LOT_SIZE', 'minQty': '0.00000000', 'maxQty': '2386.12970711', 'stepSize': '0.00000000'}, {'filterType': 'TRAILING_DELTA', 'minTrailingAboveDelta': 10, 'maxTrailingAboveDelta': 2000, 'minTrailingBelowDelta': 10, 'maxTrailingBelowDelta': 2000}, {'filterType': 'PERCENT_PRICE_BY_SIDE', 'bidMultiplierUp': '1.25', 'bidMultiplierDown': '0.2', 'askMultiplierUp': '5', 'askMultiplierDown': '0.75', 'avgPriceMins': 5}, {'filterType': 'MAX_NUM_ORDERS', 'maxNumOrders': 200}, {'filterType': 'MAX_NUM_ALGO_ORDERS', 'maxNumAlgoOrders': 5}]",['SPOT'],EXPIRE_MAKER,"['EXPIRE_TAKER', 'EXPIRE_MAKER', 'EXPIRE_BOTH']",0.00001000,0.00001000,1000.00000000,1.00000000,1.00000000,900000.00000000,1.00000000
539,GUSDT,TRADING,G,8,USDT,8,8,8,8,"['LIMIT', 'LIMIT_MAKER', 'MARKET', 'STOP_LOSS_LIMIT', 'TAKE_PROFIT_LIMIT']",True,True,True,True,True,True,False,"[{'filterType': 'PRICE_FILTER', 'minPrice': '0.00001000', 'maxPrice': '1000.00000000', 'tickSize': '0.00001000'}, {'filterType': 'PERCENT_PRICE', 'multiplierUp': '5', 'multiplierDown': '0.2', 'avgPriceMins': 5}, {'filterType': 'LOT_SIZE', 'minQty': '1.00000000', 'maxQty': '92141578.00000000', 'stepSize': '1.00000000'}, {'filterType': 'MIN_NOTIONAL', 'minNotional': '1.00000000', 'applyToMarket': True, 'avgPriceMins': 5}, {'filterType': 'ICEBERG_PARTS', 'limit': 10}, {'filterType': 'MARKET_LOT_SIZE', 'minQty': '0.00000000', 'maxQty': '66203.58577405', 'stepSize': '0.00000000'}, {'filterType': 'TRAILING_DELTA', 'minTrailingAboveDelta': 10, 'maxTrailingAboveDelta': 2000, 'minTrailingBelowDelta': 10, 'maxTrailingBelowDelta': 2000}, {'filterType': 'PERCENT_PRICE_BY_SIDE', 'bidMultiplierUp': '1.25', 'bidMultiplierDown': '0.2', 'askMultiplierUp': '5', 'askMultiplierDown': '0.75', 'avgPriceMins': 5}, {'filterType': 'MAX_NUM_ORDERS', 'maxNumOrders': 200}, {'filterType': 'MAX_NUM_ALGO_ORDERS', 'maxNumAlgoOrders': 5}]",['SPOT'],EXPIRE_MAKER,"['EXPIRE_TAKER', 'EXPIRE_MAKER', 'EXPIRE_BOTH']",0.00001000,0.00001000,1000.00000000,1.00000000,1.00000000,92141578.00000000,1.00000000
540,RENDERUSDT,TRADING,RENDER,8,USDT,8,8,8,8,"['LIMIT', 'LIMIT_MAKER', 'MARKET', 'STOP_LOSS_LIMIT', 'TAKE_PROFIT_LIMIT']",True,True,True,True,True,True,False,"[{'filterType': 'PRICE_FILTER', 'minPrice': '0.00100000', 'maxPrice': '1000.00000000', 'tickSize': '0.00100000'}, {'filterType': 'PERCENT_PRICE', 'multiplierUp': '5', 'multiplierDown': '0.2', 'avgPriceMins': 5}, {'filterType': 'LOT_SIZE', 'minQty': '0.01000000', 'maxQty': '92141578.00000000', 'stepSize': '0.01000000'}, {'filterType': 'MIN_NOTIONAL', 'minNotional': '1.00000000', 'applyToMarket': True, 'avgPriceMins': 5}, {'filterType': 'ICEBERG_PARTS', 'limit': 10}, {'filterType': 'MARKET_LOT_SIZE', 'minQty': '0.00000000', 'maxQty': '2697.71635983', 'stepSize': '0.00000000'}, {'filterType': 'TRAILING_DELTA', 'minTrailingAboveDelta': 10, 'maxTrailingAboveDelta': 2000, 'minTrailingBelowDelta': 10, 'maxTrailingBelowDelta': 2000}, {'filterType': 'PERCENT_PRICE_BY_SIDE', 'bidMultiplierUp': '1.25', 'bidMultiplierDown': '0.2', 'askMultiplierUp': '5', 'askMultiplierDown': '0.75', 'avgPriceMins': 5}, {'filterType': 'MAX_NUM_ORDERS', 'maxNumOrders': 200}, {'filterType': 'MAX_NUM_ALGO_ORDERS', 'maxNumAlgoOrders': 5}]",['SPOT'],EXPIRE_MAKER,"['EXPIRE_TAKER', 'EXPIRE_MAKER', 'EXPIRE_BOTH']",0.00100000,0.00100000,1000.00000000,0.01000000,0.01000000,92141578.00000000,1.00000000
541,BONKUSDT,TRADING,BONK,2,USDT,8,8,2,8,"['LIMIT', 'LIMIT_MAKER', 'MARKET', 'STOP_LOSS_LIMIT', 'TAKE_PROFIT_LIMIT']",True,True,True,True,True,True,False,"[{'filterType': 'PRICE_FILTER', 'minPrice': '0.00000001', 'maxPrice': '1.00000000', 'tickSize': '0.00000001'}, {'filterType': 'PERCENT_PRICE', 'multiplierUp': '5', 'multiplierDown': '0.2', 'avgPriceMins': 5}, {'filterType': 'LOT_SIZE', 'minQty': '1.00', 'maxQty': '36348600000.00', 'stepSize': '1.00'}, {'filterType': 'MIN_NOTIONAL', 'minNotional': '1.00000000', 'applyToMarket': True, 'avgPriceMins': 5}, {'filterType': 'ICEBERG_PARTS', 'limit': 10}, {'filterType': 'MARKET_LOT_SIZE', 'minQty': '0.00', 'maxQty': '634686549.80', 'stepSize': '0.00'}, {'filterType': 'TRAILING_DELTA', 'minTrailingAboveDelta': 10, 'maxTrailingAboveDelta': 2000, 'minTrailingBelowDelta': 10, 'maxTrailingBelowDelta': 2000}, {'filterType': 'PERCENT_PRICE_BY_SIDE', 'bidMultiplierUp': '1.25', 'bidMultiplierDown': '0.2', 'askMultiplierUp': '5', 'askMultiplierDown': '0.75', 'avgPriceMins': 5}, {'filterType': 'MAX_NUM_ORDERS', 'maxNumOrders': 200}, {'filterType': 'MAX_NUM_ALGO_ORDERS', 'maxNumAlgoOrders': 5}]",['SPOT'],EXPIRE_MAKER,"['EXPIRE_TAKER', 'EXPIRE_MAKER', 'EXPIRE_BOTH']",0.00000001,0.00000001,1.00000000,1.00,1.00,36348600000.00,1.00000000
542,MAGICUSDT,TRADING,MAGIC,8,USDT,8,8,8,8,"['LIMIT', 'LIMIT_MAKER', 'MARKET', 'STOP_LOSS_LIMIT', 'TAKE_PROFIT_LIMIT']",True,True,True,True,True,True,False,"[{'filterType': 'PRICE_FILTER', 'minPrice': '0.00010000', 'maxPrice': '1000.00000000', 'tickSize': '0.00010000'}, {'filterType': 'PERCENT_PRICE', 'multiplierUp': '5', 'multiplierDown': '0.2', 'avgPriceMins': 5}, {'filterType': 'LOT_SIZE', 'minQty': '0.10000000', 'maxQty': '92141578.00000000', 'stepSize': '0.10000000'}, {'filterType': 'MIN_NOTIONAL', 'minNotional': '1.00000000', 'applyToMarket': True, 'avgPriceMins': 5}, {'filterType': 'ICEBERG_PARTS', 'limit': 10}, {'filterType': 'MARKET_LOT_SIZE', 'minQty': '0.00000000', 'maxQty': '1735.40878661', 'stepSize': '0.00000000'}, {'filterType': 'TRAILING_DELTA', 'minTrailingAboveDelta': 10, 'maxTrailingAboveDelta': 2000, 'minTrailingBelowDelta': 10, 'maxTrailingBelowDelta': 2000}, {'filterType': 'PERCENT_PRICE_BY_SIDE', 'bidMultiplierUp': '1.25', 'bidMultiplierDown': '0.2', 'askMultiplierUp': '5', 'askMultiplierDown': '0.75', 'avgPriceMins': 5}, {'filterType': 'MAX_NUM_ORDERS', 'maxNumOrders': 200}, {'filterType': 'MAX_NUM_ALGO_ORDERS', 'maxNumAlgoOrders': 5}]",['SPOT'],EXPIRE_MAKER,"['EXPIRE_TAKER', 'EXPIRE_MAKER', 'EXPIRE_BOTH']",0.00010000,0.00010000,1000.00000000,0.10000000,0.10000000,92141578.00000000,1.00000000
543,PEPEUSDT,TRADING,PEPE,2,USDT,8,8,2,8,"['LIMIT', 'LIMIT_MAKER', 'MARKET', 'STOP_LOSS_LIMIT', 'TAKE_PROFIT_LIMIT']",True,True,True,True,True,True,False,"[{'filterType': 'PRICE_FILTER', 'minPrice': '0.00000001', 'maxPrice': '0.10000000', 'tickSize': '0.00000001'}, {'filterType': 'PERCENT_PRICE', 'multiplierUp': '5', 'multiplierDown': '0.2', 'avgPriceMins': 5}, {'filterType': 'LOT_SIZE', 'minQty': '1.00', 'maxQty': '92233720368.00', 'stepSize': '1.00'}, {'filterType': 'MIN_NOTIONAL', 'minNotional': '1.00000000', 'applyToMarket': True, 'avgPriceMins': 5}, {'filterType': 'ICEBERG_PARTS', 'limit': 10}, {'filterType': 'MARKET_LOT_SIZE', 'minQty': '0.00', 'maxQty': '3330858882.40', 'stepSize': '0.00'}, {'filterType': 'TRAILING_DELTA', 'minTrailingAboveDelta': 10, 'maxTrailingAboveDelta': 2000, 'minTrailingBelowDelta': 10, 'maxTrailingBelowDelta': 2000}, {'filterType': 'PERCENT_PRICE_BY_SIDE', 'bidMultiplierUp': '1.25', 'bidMultiplierDown': '0.2', 'askMultiplierUp': '5', 'askMultiplierDown': '0.75', 'avgPriceMins': 5}, {'filterType': 'MAX_NUM_ORDERS', 'maxNumOrders': 200}, {'filterType': 'MAX_NUM_ALGO_ORDERS', 'maxNumAlgoOrders': 5}]",['SPOT'],EXPIRE_MAKER,"['EXPIRE_TAKER', 'EXPIRE_MAKER', 'EXPIRE_BOTH']",0.00000001,0.00000001,0.10000000,1.00,1.00,92233720368.00,1.00000000
544,WIFUSDT,TRADING,WIF,8,USDT,8,8,8,8,"['LIMIT', 'LIMIT_MAKER', 'MARKET', 'STOP_LOSS_LIMIT', 'TAKE_PROFIT_LIMIT']",True,True,True,True,True,True,False,"[{'filterType': 'PRICE_FILTER', 'minPrice': '0.00100000', 'maxPrice': '1000.00000000', 'tickSize': '0.00100000'}, {'filterType': 'PERCENT_PRICE', 'multiplierUp': '5', 'multiplierDown': '0.2', 'avgPriceMins': 5}, {'filterType': 'LOT_SIZE', 'minQty': '0.01000000', 'maxQty': '92141578.00000000', 'stepSize': '0.01000000'}, {'filterType': 'MIN_NOTIONAL', 'minNotional': '1.00000000', 'applyToMarket': True, 'avgPriceMins': 5}, {'filterType': 'ICEBERG_PARTS', 'limit': 10}, {'filterType': 'MARKET_LOT_SIZE', 'minQty': '0.00000000', 'maxQty': '15725.78661087', 'stepSize': '0.00000000'}, {'filterType': 'TRAILING_DELTA', 'minTrailingAboveDelta': 10, 'maxTrailingAboveDelta': 2000, 'minTrailingBelowDelta': 10, 'maxTrailingBelowDelta': 2000}, {'filterType': 'PERCENT_PRICE_BY_SIDE', 'bidMultiplierUp': '1.25', 'bidMultiplierDown': '0.2', 'askMultiplierUp': '5', 'askMultiplierDown': '0.75', 'avgPriceMins': 5}, {'filterType': 'MAX_NUM_ORDERS', 'maxNumOrders': 200}, {'filterType': 'MAX_NUM_ALGO_ORDERS', 'maxNumAlgoOrders': 5}]",['SPOT'],EXPIRE_MAKER,"['EXPIRE_TAKER', 'EXPIRE_MAKER', 'EXPIRE_BOTH']",0.00100000,0.00100000,1000.00000000,0.01000000,0.01000000,92141578.00000000,1.00000000
545,IOTXUSDT,TRADING,IOTX,8,USDT,8,8,8,8,"['LIMIT', 'LIMIT_MAKER', 'MARKET', 'STOP_LOSS_LIMIT', 'TAKE_PROFIT_LIMIT']",True,True,True,True,True,True,False,"[{'filterType': 'PRICE_FILTER', 'minPrice': '0.00001000', 'maxPrice': '1000.00000000', 'tickSize': '0.00001000'}, {'filterType': 'PERCENT_PRICE', 'multiplierUp': '5', 'multiplierDown': '0.2', 'avgPriceMins': 5}, {'filterType': 'LOT_SIZE', 'minQty': '1.00000000', 'maxQty': '92141578.00000000', 'stepSize': '1.00000000'}, {'filterType': 'MIN_NOTIONAL', 'minNotional': '1.00000000', 'applyToMarket': True, 'avgPriceMins': 5}, {'filterType': 'ICEBERG_PARTS', 'limit': 10}, {'filterType': 'MARKET_LOT_SIZE', 'minQty': '0.00000000', 'maxQty': '18009.10878661', 'stepSize': '0.00000000'}, {'filterType': 'TRAILING_DELTA', 'minTrailingAboveDelta': 10, 'maxTrailingAboveDelta': 2000, 'minTrailingBelowDelta': 10, 'maxTrailingBelowDelta': 2000}, {'filterType': 'PERCENT_PRICE_BY_SIDE', 'bidMultiplierUp': '1.25', 'bidMultiplierDown': '0.2', 'askMultiplierUp': '5', 'askMultiplierDown': '0.75', 'avgPriceMins': 5}, {'filterType': 'MAX_NUM_ORDERS', 'maxNumOrders': 200}, {'filterType': 'MAX_NUM_ALGO_ORDERS', 'maxNumAlgoOrders': 5}]",['SPOT'],EXPIRE_MAKER,"['EXPIRE_TAKER', 'EXPIRE_MAKER', 'EXPIRE_BOTH']",0.00001000,0.00001000,1000.00000000,1.00000000,1.00000000,92141578.00000000,1.00000000
546,PNUTUSDT,TRADING,PNUT,8,USDT,8,8,8,8,"['LIMIT', 'LIMIT_MAKER', 'MARKET', 'STOP_LOSS_LIMIT', 'TAKE_PROFIT_LIMIT']",True,True,True,True,True,True,False,"[{'filterType': 'PRICE_FILTER', 'minPrice': '0.00010000', 'maxPrice': '100.00000000', 'tickSize': '0.00010000'}, {'filterType': 'PERCENT_PRICE', 'multiplierUp': '5', 'multiplierDown': '0.2', 'avgPriceMins': 5}, {'filterType': 'LOT_SIZE', 'minQty': '0.10000000', 'maxQty': '913205152.00000000', 'stepSize': '0.10000000'}, {'filterType': 'MIN_NOTIONAL', 'minNotional': '1.00000000', 'applyToMarket': True, 'avgPriceMins': 5}, {'filterType': 'ICEBERG_PARTS', 'limit': 10}, {'filterType': 'MARKET_LOT_SIZE', 'minQty': '0.00000000', 'maxQty': '3023.31297071', 'stepSize': '0.00000000'}, {'filterType': 'TRAILING_DELTA', 'minTrailingAboveDelta': 10, 'maxTrailingAboveDelta': 2000, 'minTrailingBelowDelta': 10, 'maxTrailingBelowDelta': 2000}, {'filterType': 'PERCENT_PRICE_BY_SIDE', 'bidMultiplierUp': '1.25', 'bidMultiplierDown': '0.2', 'askMultiplierUp': '5', 'askMultiplierDown': '0.75', 'avgPriceMins': 5}, {'filterType': 'MAX_NUM_ORDERS', 'maxNumOrders': 200}, {'filterType': 'MAX_NUM_ALGO_ORDERS', 'maxNumAlgoOrders': 5}]",['SPOT'],EXPIRE_MAKER,"['EXPIRE_TAKER', 'EXPIRE_MAKER', 'EXPIRE_BOTH']",0.00010000,0.00010000,100.00000000,0.10000000,0.10000000,913205152.00000000,1.00000000
547,PENGUUSDT,TRADING,PENGU,8,USDT,8,8,8,8,"['LIMIT', 'LIMIT_MAKER', 'MARKET', 'STOP_LOSS_LIMIT', 'TAKE_PROFIT_LIMIT']",True,True,True,True,True,True,False,"[{'filterType': 'PRICE_FILTER', 'minPrice': '0.00000100', 'maxPrice': '1000.00000000', 'tickSize': '0.00000100'}, {'filterType': 'PERCENT_PRICE', 'multiplierUp': '5', 'multiplierDown': '0.2', 'avgPriceMins': 5}, {'filterType': 'LOT_SIZE', 'minQty': '1.00000000', 'maxQty': '92141578.00000000', 'stepSize': '1.00000000'}, {'filterType': 'MIN_NOTIONAL', 'minNotional': '1.00000000', 'applyToMarket': True, 'avgPriceMins': 5}, {'filterType': 'ICEBERG_PARTS', 'limit': 10}, {'filterType': 'MARKET_LOT_SIZE', 'minQty': '0.00000000', 'maxQty': '3047054.30962343', 'stepSize': '0.00000000'}, {'filterType': 'TRAILING_DELTA', 'minTrailingAboveDelta': 10, 'maxTrailingAboveDelta': 2000, 'minTrailingBelowDelta': 10, 'maxTrailingBelowDelta': 2000}, {'filterType': 'PERCENT_PRICE_BY_SIDE', 'bidMultiplierUp': '1.25', 'bidMultiplierDown': '0.2', 'askMultiplierUp': '5', 'askMultiplierDown': '0.75', 'avgPriceMins': 5}, {'filterType': 'MAX_NUM_ORDERS', 'maxNumOrders': 200}, {'filterType': 'MAX_NUM_ALGO_ORDERS', 'maxNumAlgoOrders': 5}]",['SPOT'],EXPIRE_MAKER,"['EXPIRE_TAKER', 'EXPIRE_MAKER', 'EXPIRE_BOTH']",0.00000100,0.00000100,1000.00000000,1.00000000,1.00000000,92141578.00000000,1.00000000
548,POLBTC,BREAK,POL,8,BTC,8,8,8,8,"['LIMIT', 'LIMIT_MAKER', 'MARKET', 'STOP_LOSS_LIMIT', 'TAKE_PROFIT_LIMIT']",True,True,True,True,True,True,False,"[{'filterType': 'PRICE_FILTER', 'minPrice': '0.00000001', 'maxPrice': '1000.00000000', 'tickSize': '0.00000001'}, {'filterType': 'PERCENT_PRICE', 'multiplierUp': '5', 'multiplierDown': '0.2', 'avgPriceMins': 5}, {'filterType': 'LOT_SIZE', 'minQty': '0.10000000', 'maxQty': '92141578.00000000', 'stepSize': '0.10000000'}, {'filterType': 'MIN_NOTIONAL', 'minNotional': '0.00010000', 'applyToMarket': True, 'avgPriceMins': 5}, {'filterType': 'ICEBERG_PARTS', 'limit': 10}, {'filterType': 'MARKET_LOT_SIZE', 'minQty': '0.00000000', 'maxQty': '8122.86912751', 'stepSize': '0.00000000'}, {'filterType': 'TRAILING_DELTA', 'minTrailingAboveDelta': 10, 'maxTrailingAboveDelta': 2000, 'minTrailingBelowDelta': 10, 'maxTrailingBelowDelta': 2000}, {'filterType': 'PERCENT_PRICE_BY_SIDE', 'bidMultiplierUp': '1.25', 'bidMultiplierDown': '0.2', 'askMultiplierUp': '5', 'askMultiplierDown': '0.75', 'avgPriceMins': 5}, {'filterType': 'MAX_NUM_ORDERS', 'maxNumOrders': 200}, {'filterType': 'MAX_NUM_ALGO_ORDERS', 'maxNumAlgoOrders': 5}]",['SPOT'],EXPIRE_MAKER,"['EXPIRE_TAKER', 'EXPIRE_MAKER', 'EXPIRE_BOTH']",0.00000001,0.00000001,1000.00000000,0.10000000,0.10000000,92141578.00000000,0.00010000
549,POLETH,BREAK,POL,8,ETH,8,8,8,8,"['LIMIT', 'LIMIT_MAKER', 'MARKET', 'STOP_LOSS_LIMIT', 'TAKE_PROFIT_LIMIT']",True,True,True,True,True,True,False,"[{'filterType': 'PRICE_FILTER', 'minPrice': '0.00000010', 'maxPrice': '1000.00000000', 'tickSize': '0.00000010'}, {'filterType': 'PERCENT_PRICE', 'multiplierUp': '5', 'multiplierDown': '0.2', 'avgPriceMins': 5}, {'filterType': 'LOT_SIZE', 'minQty': '0.10000000', 'maxQty': '92141578.00000000', 'stepSize': '0.10000000'}, {'filterType': 'MIN_NOTIONAL', 'minNotional': '0.00500000', 'applyToMarket': True, 'avgPriceMins': 5}, {'filterType': 'ICEBERG_PARTS', 'limit': 10}, {'filterType': 'MARKET_LOT_SIZE', 'minQty': '0.00000000', 'maxQty': '2703.14765100', 'stepSize': '0.00000000'}, {'filterType': 'TRAILING_DELTA', 'minTrailingAboveDelta': 10, 'maxTrailingAboveDelta': 2000, 'minTrailingBelowDelta': 10, 'maxTrailingBelowDelta': 2000}, {'filterType': 'PERCENT_PRICE_BY_SIDE', 'bidMultiplierUp': '1.25', 'bidMultiplierDown': '0.2', 'askMultiplierUp': '5', 'askMultiplierDown': '0.75', 'avgPriceMins': 5}, {'filterType': 'MAX_NUM_ORDERS', 'maxNumOrders': 200}, {'filterType': 'MAX_NUM_ALGO_ORDERS', 'maxNumAlgoOrders': 5}]",['SPOT'],EXPIRE_MAKER,"['EXPIRE_TAKER', 'EXPIRE_MAKER', 'EXPIRE_BOTH']",0.00000010,0.00000010,1000.00000000,0.10000000,0.10000000,92141578.00000000,0.00500000
550,POLUSDT,TRADING,POL,8,USDT,8,8,8,8,"['LIMIT', 'LIMIT_MAKER', 'MARKET', 'STOP_LOSS_LIMIT', 'TAKE_PROFIT_LIMIT']",True,True,True,True,True,True,False,"[{'filterType': 'PRICE_FILTER', 'minPrice': '0.00010000', 'maxPrice': '1000.00000000', 'tickSize': '0.00010000'}, {'filterType': 'PERCENT_PRICE', 'multiplierUp': '5', 'multiplierDown': '0.2', 'avgPriceMins': 5}, {'filterType': 'LOT_SIZE', 'minQty': '0.10000000', 'maxQty': '92141578.00000000', 'stepSize': '0.10000000'}, {'filterType': 'MIN_NOTIONAL', 'minNotional': '1.00000000', 'applyToMarket': True, 'avgPriceMins': 5}, {'filterType': 'ICEBERG_PARTS', 'limit': 10}, {'filterType': 'MARKET_LOT_SIZE', 'minQty': '0.00000000', 'maxQty': '107905.10000000', 'stepSize': '0.00000000'}, {'filterType': 'TRAILING_DELTA', 'minTrailingAboveDelta': 10, 'maxTrailingAboveDelta': 2000, 'minTrailingBelowDelta': 10, 'maxTrailingBelowDelta': 2000}, {'filterType': 'PERCENT_PRICE_BY_SIDE', 'bidMultiplierUp': '1.25', 'bidMultiplierDown': '0.2', 'askMultiplierUp': '5', 'askMultiplierDown': '0.75', 'avgPriceMins': 5}, {'filterType': 'MAX_NUM_ORDERS', 'maxNumOrders': 200}, {'filterType': 'MAX_NUM_ALGO_ORDERS', 'maxNumAlgoOrders': 5}]",['SPOT'],EXPIRE_MAKER,"['EXPIRE_TAKER', 'EXPIRE_MAKER', 'EXPIRE_BOTH']",0.00010000,0.00010000,1000.00000000,0.10000000,0.10000000,92141578.00000000,1.00000000
551,TRUMPUSDT,TRADING,TRUMP,8,USDT,8,8,8,8,"['LIMIT', 'LIMIT_MAKER', 'MARKET', 'STOP_LOSS_LIMIT', 'TAKE_PROFIT_LIMIT']",True,True,True,True,True,True,False,"[{'filterType': 'PRICE_FILTER', 'minPrice': '0.00100000', 'maxPrice': '10000.00000000', 'tickSize': '0.00100000'}, {'filterType': 'PERCENT_PRICE', 'multiplierUp': '5', 'multiplierDown': '0.2', 'avgPriceMins': 5}, {'filterType': 'LOT_SIZE', 'minQty': '0.00100000', 'maxQty': '9222449.00000000', 'stepSize': '0.00100000'}, {'filterType': 'MIN_NOTIONAL', 'minNotional': '1.00000000', 'applyToMarket': True, 'avgPriceMins': 5}, {'filterType': 'ICEBERG_PARTS', 'limit': 10}, {'filterType': 'MARKET_LOT_SIZE', 'minQty': '0.00000000', 'maxQty': '3187.69150627', 'stepSize': '0.00000000'}, {'filterType': 'TRAILING_DELTA', 'minTrailingAboveDelta': 10, 'maxTrailingAboveDelta': 2000, 'minTrailingBelowDelta': 10, 'maxTrailingBelowDelta': 2000}, {'filterType': 'PERCENT_PRICE_BY_SIDE', 'bidMultiplierUp': '1.25', 'bidMultiplierDown': '0.2', 'askMultiplierUp': '5', 'askMultiplierDown': '0.75', 'avgPriceMins': 5}, {'filterType': 'MAX_NUM_ORDERS', 'maxNumOrders': 200}, {'filterType': 'MAX_NUM_ALGO_ORDERS', 'maxNumAlgoOrders': 5}]",['SPOT'],EXPIRE_MAKER,"['EXPIRE_TAKER', 'EXPIRE_MAKER', 'EXPIRE_BOTH']",0.00100000,0.00100000,10000.00000000,0.00100000,0.00100000,9222449.00000000,1.00000000
552,NEIROUSDT,TRADING,NEIRO,2,USDT,8,8,2,8,"['LIMIT', 'LIMIT_MAKER', 'MARKET', 'STOP_LOSS_LIMIT', 'TAKE_PROFIT_LIMIT']",True,True,True,True,True,True,False,"[{'filterType': 'PRICE_FILTER', 'minPrice': '0.00000001', 'maxPrice': '1.00000000', 'tickSize': '0.00000001'}, {'filterType': 'LOT_SIZE', 'minQty': '1.00', 'maxQty': '36348600000.00', 'stepSize': '1.00'}, {'filterType': 'MIN_NOTIONAL', 'minNotional': '1.00000000', 'applyToMarket': True, 'avgPriceMins': 5}, {'filterType': 'ICEBERG_PARTS', 'limit': 10}, {'filterType': 'MARKET_LOT_SIZE', 'minQty': '0.00', 'maxQty': '2152464.00', 'stepSize': '0.00'}, {'filterType': 'TRAILING_DELTA', 'minTrailingAboveDelta': 10, 'maxTrailingAboveDelta': 2000, 'minTrailingBelowDelta': 10, 'maxTrailingBelowDelta': 2000}, {'filterType': 'PERCENT_PRICE_BY_SIDE', 'bidMultiplierUp': '5', 'bidMultiplierDown': '0.2', 'askMultiplierUp': '5', 'askMultiplierDown': '0.2', 'avgPriceMins': 5}, {'filterType': 'MAX_NUM_ORDERS', 'maxNumOrders': 200}, {'filterType': 'MAX_NUM_ALGO_ORDERS', 'maxNumAlgoOrders': 5}]",['SPOT'],EXPIRE_MAKER,"['EXPIRE_TAKER', 'EXPIRE_MAKER', 'EXPIRE_BOTH']",0.00000001,0.00000001,1.00000000,1.00,1.00,36348600000.00,1.00000000
553,SUIUSD,TRADING,SUI,8,USD,8,8,8,8,"['LIMIT', 'LIMIT_MAKER', 'MARKET', 'STOP_LOSS_LIMIT', 'TAKE_PROFIT_LIMIT']",True,True,True,True,True,True,False,"[{'filterType': 'PRICE_FILTER', 'minPrice': '0.00010000', 'maxPrice': '1000.00000000', 'tickSize': '0.00010000'}, {'filterType': 'LOT_SIZE', 'minQty': '0.10000000', 'maxQty': '92141578.00000000', 'stepSize': '0.10000000'}, {'filterType': 'MIN_NOTIONAL', 'minNotional': '1.00000000', 'applyToMarket': True, 'avgPriceMins': 5}, {'filterType': 'ICEBERG_PARTS', 'limit': 10}, {'filterType': 'MARKET_LOT_SIZE', 'minQty': '0.00000000', 'maxQty': '22065.26569037', 'stepSize': '0.00000000'}, {'filterType': 'TRAILING_DELTA', 'minTrailingAboveDelta': 10, 'maxTrailingAboveDelta': 2000, 'minTrailingBelowDelta': 10, 'maxTrailingBelowDelta': 2000}, {'filterType': 'PERCENT_PRICE_BY_SIDE', 'bidMultiplierUp': '1.25', 'bidMultiplierDown': '0.2', 'askMultiplierUp': '5', 'askMultiplierDown': '0.75', 'avgPriceMins': 5}, {'filterType': 'MAX_NUM_ORDERS', 'maxNumOrders': 200}, {'filterType': 'MAX_NUM_ALGO_ORDERS', 'maxNumAlgoOrders': 5}]",['SPOT'],EXPIRE_MAKER,"['EXPIRE_TAKER', 'EXPIRE_MAKER', 'EXPIRE_BOTH']",0.00010000,0.00010000,1000.00000000,0.10000000,0.10000000,92141578.00000000,1.00000000
554,XRPUSD,TRADING,XRP,8,USD,8,8,8,8,"['LIMIT', 'LIMIT_MAKER', 'MARKET', 'STOP_LOSS_LIMIT', 'TAKE_PROFIT_LIMIT']",True,True,True,True,True,True,False,"[{'filterType': 'PRICE_FILTER', 'minPrice': '0.00010000', 'maxPrice': '1000.00000000', 'tickSize': '0.00010000'}, {'filterType': 'LOT_SIZE', 'minQty': '0.10000000', 'maxQty': '9222449.00000000', 'stepSize': '0.10000000'}, {'filterType': 'MIN_NOTIONAL', 'minNotional': '1.00000000', 'applyToMarket': True, 'avgPriceMins': 5}, {'filterType': 'ICEBERG_PARTS', 'limit': 10}, {'filterType': 'MARKET_LOT_SIZE', 'minQty': '0.00000000', 'maxQty': '159686.10543933', 'stepSize': '0.00000000'}, {'filterType': 'TRAILING_DELTA', 'minTrailingAboveDelta': 10, 'maxTrailingAboveDelta': 2000, 'minTrailingBelowDelta': 10, 'maxTrailingBelowDelta': 2000}, {'filterType': 'PERCENT_PRICE_BY_SIDE', 'bidMultiplierUp': '1.25', 'bidMultiplierDown': '0.2', 'askMultiplierUp': '5', 'askMultiplierDown': '0.75', 'avgPriceMins': 5}, {'filterType': 'MAX_NUM_ORDERS', 'maxNumOrders': 200}, {'filterType': 'MAX_NUM_ALGO_ORDERS', 'maxNumAlgoOrders': 5}]",['SPOT'],EXPIRE_MAKER,"['EXPIRE_TAKER', 'EXPIRE_MAKER', 'EXPIRE_BOTH']",0.00010000,0.00010000,1000.00000000,0.10000000,0.10000000,9222449.00000000,1.00000000
555,BONKUSD,TRADING,BONK,2,USD,8,8,2,8,"['LIMIT', 'LIMIT_MAKER', 'MARKET', 'STOP_LOSS_LIMIT', 'TAKE_PROFIT_LIMIT']",True,True,True,True,True,True,False,"[{'filterType': 'PRICE_FILTER', 'minPrice': '0.00000001', 'maxPrice': '1.00000000', 'tickSize': '0.00000001'}, {'filterType': 'LOT_SIZE', 'minQty': '1.00', 'maxQty': '36348600000.00', 'stepSize': '1.00'}, {'filterType': 'MIN_NOTIONAL', 'minNotional': '1.00000000', 'applyToMarket': True, 'avgPriceMins': 5}, {'filterType': 'ICEBERG_PARTS', 'limit': 10}, {'filterType': 'MARKET_LOT_SIZE', 'minQty': '0.00', 'maxQty': '2583051336.77', 'stepSize': '0.00'}, {'filterType': 'TRAILING_DELTA', 'minTrailingAboveDelta': 10, 'maxTrailingAboveDelta': 2000, 'minTrailingBelowDelta': 10, 'maxTrailingBelowDelta': 2000}, {'filterType': 'PERCENT_PRICE_BY_SIDE', 'bidMultiplierUp': '1.25', 'bidMultiplierDown': '0.2', 'askMultiplierUp': '5', 'askMultiplierDown': '0.75', 'avgPriceMins': 5}, {'filterType': 'MAX_NUM_ORDERS', 'maxNumOrders': 200}, {'filterType': 'MAX_NUM_ALGO_ORDERS', 'maxNumAlgoOrders': 5}]",['SPOT'],EXPIRE_MAKER,"['EXPIRE_TAKER', 'EXPIRE_MAKER', 'EXPIRE_BOTH']",0.00000001,0.00000001,1.00000000,1.00,1.00,36348600000.00,1.00000000
556,PEPEUSD,TRADING,PEPE,2,USD,8,8,2,8,"['LIMIT', 'LIMIT_MAKER', 'MARKET', 'STOP_LOSS_LIMIT', 'TAKE_PROFIT_LIMIT']",True,True,True,True,True,True,False,"[{'filterType': 'PRICE_FILTER', 'minPrice': '0.00000001', 'maxPrice': '0.10000000', 'tickSize': '0.00000001'}, {'filterType': 'LOT_SIZE', 'minQty': '1.00', 'maxQty': '92233720368.00', 'stepSize': '1.00'}, {'filterType': 'MIN_NOTIONAL', 'minNotional': '1.00000000', 'applyToMarket': True, 'avgPriceMins': 5}, {'filterType': 'ICEBERG_PARTS', 'limit': 10}, {'filterType': 'MARKET_LOT_SIZE', 'minQty': '0.00', 'maxQty': '14192189416.17', 'stepSize': '0.00'}, {'filterType': 'TRAILING_DELTA', 'minTrailingAboveDelta': 10, 'maxTrailingAboveDelta': 2000, 'minTrailingBelowDelta': 10, 'maxTrailingBelowDelta': 2000}, {'filterType': 'PERCENT_PRICE_BY_SIDE', 'bidMultiplierUp': '1.25', 'bidMultiplierDown': '0.2', 'askMultiplierUp': '5', 'askMultiplierDown': '0.75', 'avgPriceMins': 5}, {'filterType': 'MAX_NUM_ORDERS', 'maxNumOrders': 200}, {'filterType': 'MAX_NUM_ALGO_ORDERS', 'maxNumAlgoOrders': 5}]",['SPOT'],EXPIRE_MAKER,"['EXPIRE_TAKER', 'EXPIRE_MAKER', 'EXPIRE_BOTH']",0.00000001,0.00000001,0.10000000,1.00,1.00,92233720368.00,1.00000000
557,POLUSD,TRADING,POL,8,USD,8,8,8,8,"['LIMIT', 'LIMIT_MAKER', 'MARKET', 'STOP_LOSS_LIMIT', 'TAKE_PROFIT_LIMIT']",True,True,True,True,True,True,False,"[{'filterType': 'PRICE_FILTER', 'minPrice': '0.00010000', 'maxPrice': '1000.00000000', 'tickSize': '0.00010000'}, {'filterType': 'LOT_SIZE', 'minQty': '0.10000000', 'maxQty': '92141578.00000000', 'stepSize': '0.10000000'}, {'filterType': 'MIN_NOTIONAL', 'minNotional': '1.00000000', 'applyToMarket': True, 'avgPriceMins': 5}, {'filterType': 'ICEBERG_PARTS', 'limit': 10}, {'filterType': 'MARKET_LOT_SIZE', 'minQty': '0.00000000', 'maxQty': '7955.26443514', 'stepSize': '0.00000000'}, {'filterType': 'TRAILING_DELTA', 'minTrailingAboveDelta': 10, 'maxTrailingAboveDelta': 2000, 'minTrailingBelowDelta': 10, 'maxTrailingBelowDelta': 2000}, {'filterType': 'PERCENT_PRICE_BY_SIDE', 'bidMultiplierUp': '1.25', 'bidMultiplierDown': '0.2', 'askMultiplierUp': '5', 'askMultiplierDown': '0.75', 'avgPriceMins': 5}, {'filterType': 'MAX_NUM_ORDERS', 'maxNumOrders': 200}, {'filterType': 'MAX_NUM_ALGO_ORDERS', 'maxNumAlgoOrders': 5}]",['SPOT'],EXPIRE_MAKER,"['EXPIRE_TAKER', 'EXPIRE_MAKER', 'EXPIRE_BOTH']",0.00010000,0.00010000,1000.00000000,0.10000000,0.10000000,92141578.00000000,1.00000000
558,RENDERUSD,TRADING,RENDER,8,USD,8,8,8,8,"['LIMIT', 'LIMIT_MAKER', 'MARKET', 'STOP_LOSS_LIMIT', 'TAKE_PROFIT_LIMIT']",True,True,True,True,True,True,False,"[{'filterType': 'PRICE_FILTER', 'minPrice': '0.00100000', 'maxPrice': '1000.00000000', 'tickSize': '0.00100000'}, {'filterType': 'LOT_SIZE', 'minQty': '0.01000000', 'maxQty': '92141578.00000000', 'stepSize': '0.01000000'}, {'filterType': 'MIN_NOTIONAL', 'minNotional': '1.00000000', 'applyToMarket': True, 'avgPriceMins': 5}, {'filterType': 'ICEBERG_PARTS', 'limit': 10}, {'filterType': 'MARKET_LOT_SIZE', 'minQty': '0.00000000', 'maxQty': '692.16991631', 'stepSize': '0.00000000'}, {'filterType': 'TRAILING_DELTA', 'minTrailingAboveDelta': 10, 'maxTrailingAboveDelta': 2000, 'minTrailingBelowDelta': 10, 'maxTrailingBelowDelta': 2000}, {'filterType': 'PERCENT_PRICE_BY_SIDE', 'bidMultiplierUp': '1.25', 'bidMultiplierDown': '0.2', 'askMultiplierUp': '5', 'askMultiplierDown': '0.75', 'avgPriceMins': 5}, {'filterType': 'MAX_NUM_ORDERS', 'maxNumOrders': 200}, {'filterType': 'MAX_NUM_ALGO_ORDERS', 'maxNumAlgoOrders': 5}]",['SPOT'],EXPIRE_MAKER,"['EXPIRE_TAKER', 'EXPIRE_MAKER', 'EXPIRE_BOTH']",0.00100000,0.00100000,1000.00000000,0.01000000,0.01000000,92141578.00000000,1.00000000
559,TRUMPUSD,TRADING,TRUMP,8,USD,8,8,8,8,"['LIMIT', 'LIMIT_MAKER', 'MARKET', 'STOP_LOSS_LIMIT', 'TAKE_PROFIT_LIMIT']",True,True,True,True,True,True,False,"[{'filterType': 'PRICE_FILTER', 'minPrice': '0.00100000', 'maxPrice': '10000.00000000', 'tickSize': '0.00100000'}, {'filterType': 'LOT_SIZE', 'minQty': '0.00100000', 'maxQty': '9222449.00000000', 'stepSize': '0.00100000'}, {'filterType': 'MIN_NOTIONAL', 'minNotional': '1.00000000', 'applyToMarket': True, 'avgPriceMins': 5}, {'filterType': 'ICEBERG_PARTS', 'limit': 10}, {'filterType': 'MARKET_LOT_SIZE', 'minQty': '0.00000000', 'maxQty': '668.62373640', 'stepSize': '0.00000000'}, {'filterType': 'TRAILING_DELTA', 'minTrailingAboveDelta': 10, 'maxTrailingAboveDelta': 2000, 'minTrailingBelowDelta': 10, 'maxTrailingBelowDelta': 2000}, {'filterType': 'PERCENT_PRICE_BY_SIDE', 'bidMultiplierUp': '1.25', 'bidMultiplierDown': '0.2', 'askMultiplierUp': '5', 'askMultiplierDown': '0.75', 'avgPriceMins': 5}, {'filterType': 'MAX_NUM_ORDERS', 'maxNumOrders': 200}, {'filterType': 'MAX_NUM_ALGO_ORDERS', 'maxNumAlgoOrders': 5}]",['SPOT'],EXPIRE_MAKER,"['EXPIRE_TAKER', 'EXPIRE_MAKER', 'EXPIRE_BOTH']",0.00100000,0.00100000,10000.00000000,0.00100000,0.00100000,9222449.00000000,1.00000000
560,EIGENUSD,BREAK,EIGEN,8,USD,8,8,8,8,"['LIMIT', 'LIMIT_MAKER', 'MARKET', 'STOP_LOSS_LIMIT', 'TAKE_PROFIT_LIMIT']",True,True,True,True,True,True,False,"[{'filterType': 'PRICE_FILTER', 'minPrice': '0.00010000', 'maxPrice': '1000.00000000', 'tickSize': '0.00010000'}, {'filterType': 'LOT_SIZE', 'minQty': '0.01000000', 'maxQty': '92141578.00000000', 'stepSize': '0.01000000'}, {'filterType': 'MIN_NOTIONAL', 'minNotional': '1.00000000', 'applyToMarket': True, 'avgPriceMins': 5}, {'filterType': 'ICEBERG_PARTS', 'limit': 10}, {'filterType': 'MARKET_LOT_SIZE', 'minQty': '0.00000000', 'maxQty': '7137.29880000', 'stepSize': '0.00000000'}, {'filterType': 'TRAILING_DELTA', 'minTrailingAboveDelta': 10, 'maxTrailingAboveDelta': 2000, 'minTrailingBelowDelta': 10, 'maxTrailingBelowDelta': 2000}, {'filterType': 'PERCENT_PRICE_BY_SIDE', 'bidMultiplierUp': '1.25', 'bidMultiplierDown': '0.2', 'askMultiplierUp': '5', 'askMultiplierDown': '0.75', 'avgPriceMins': 5}, {'filterType': 'MAX_NUM_ORDERS', 'maxNumOrders': 200}, {'filterType': 'MAX_NUM_ALGO_ORDERS', 'maxNumAlgoOrders': 5}]",['SPOT'],EXPIRE_MAKER,"['EXPIRE_TAKER', 'EXPIRE_MAKER', 'EXPIRE_BOTH']",0.00010000,0.00010000,1000.00000000,0.01000000,0.01000000,92141578.00000000,1.00000000
561,EIGENUSDT,TRADING,EIGEN,8,USDT,8,8,8,8,"['LIMIT', 'LIMIT_MAKER', 'MARKET', 'STOP_LOSS_LIMIT', 'TAKE_PROFIT_LIMIT']",True,True,True,True,True,True,False,"[{'filterType': 'PRICE_FILTER', 'minPrice': '0.00010000', 'maxPrice': '1000.00000000', 'tickSize': '0.00010000'}, {'filterType': 'LOT_SIZE', 'minQty': '0.01000000', 'maxQty': '92141578.00000000', 'stepSize': '0.01000000'}, {'filterType': 'MIN_NOTIONAL', 'minNotional': '1.00000000', 'applyToMarket': True, 'avgPriceMins': 5}, {'filterType': 'ICEBERG_PARTS', 'limit': 10}, {'filterType': 'MARKET_LOT_SIZE', 'minQty': '0.00000000', 'maxQty': '655.87100418', 'stepSize': '0.00000000'}, {'filterType': 'TRAILING_DELTA', 'minTrailingAboveDelta': 10, 'maxTrailingAboveDelta': 2000, 'minTrailingBelowDelta': 10, 'maxTrailingBelowDelta': 2000}, {'filterType': 'PERCENT_PRICE_BY_SIDE', 'bidMultiplierUp': '1.25', 'bidMultiplierDown': '0.2', 'askMultiplierUp': '5', 'askMultiplierDown': '0.75', 'avgPriceMins': 5}, {'filterType': 'MAX_NUM_ORDERS', 'maxNumOrders': 200}, {'filterType': 'MAX_NUM_ALGO_ORDERS', 'maxNumAlgoOrders': 5}]",['SPOT'],EXPIRE_MAKER,"['EXPIRE_TAKER', 'EXPIRE_MAKER', 'EXPIRE_BOTH']",0.00010000,0.00010000,1000.00000000,0.01000000,0.01000000,92141578.00000000,1.00000000
562,MEUSDT,TRADING,ME,8,USDT,8,8,8,8,"['LIMIT', 'LIMIT_MAKER', 'MARKET', 'STOP_LOSS_LIMIT', 'TAKE_PROFIT_LIMIT']",True,True,True,True,True,True,False,"[{'filterType': 'PRICE_FILTER', 'minPrice': '0.00010000', 'maxPrice': '1000.00000000', 'tickSize': '0.00010000'}, {'filterType': 'LOT_SIZE', 'minQty': '0.01000000', 'maxQty': '92141578.00000000', 'stepSize': '0.01000000'}, {'filterType': 'MIN_NOTIONAL', 'minNotional': '1.00000000', 'applyToMarket': True, 'avgPriceMins': 5}, {'filterType': 'ICEBERG_PARTS', 'limit': 10}, {'filterType': 'MARKET_LOT_SIZE', 'minQty': '0.00000000', 'maxQty': '18.06000000', 'stepSize': '0.00000000'}, {'filterType': 'TRAILING_DELTA', 'minTrailingAboveDelta': 10, 'maxTrailingAboveDelta': 2000, 'minTrailingBelowDelta': 10, 'maxTrailingBelowDelta': 2000}, {'filterType': 'PERCENT_PRICE_BY_SIDE', 'bidMultiplierUp': '1.25', 'bidMultiplierDown': '0.2', 'askMultiplierUp': '5', 'askMultiplierDown': '0.75', 'avgPriceMins': 5}, {'filterType': 'MAX_NUM_ORDERS', 'maxNumOrders': 200}, {'filterType': 'MAX_NUM_ALGO_ORDERS', 'maxNumAlgoOrders': 5}]",['SPOT'],EXPIRE_MAKER,"['EXPIRE_TAKER', 'EXPIRE_MAKER', 'EXPIRE_BOTH']",0.00010000,0.00010000,1000.00000000,0.01000000,0.01000000,92141578.00000000,1.00000000
563,MEUSD,TRADING,ME,8,USD,8,8,8,8,"['LIMIT', 'LIMIT_MAKER', 'MARKET', 'STOP_LOSS_LIMIT', 'TAKE_PROFIT_LIMIT']",True,True,True,True,True,True,False,"[{'filterType': 'PRICE_FILTER', 'minPrice': '0.00010000', 'maxPrice': '1000.00000000', 'tickSize': '0.00010000'}, {'filterType': 'LOT_SIZE', 'minQty': '0.01000000', 'maxQty': '92141578.00000000', 'stepSize': '0.01000000'}, {'filterType': 'MIN_NOTIONAL', 'minNotional': '1.00000000', 'applyToMarket': True, 'avgPriceMins': 5}, {'filterType': 'ICEBERG_PARTS', 'limit': 10}, {'filterType': 'MARKET_LOT_SIZE', 'minQty': '0.00000000', 'maxQty': '86.88000000', 'stepSize': '0.00000000'}, {'filterType': 'TRAILING_DELTA', 'minTrailingAboveDelta': 10, 'maxTrailingAboveDelta': 2000, 'minTrailingBelowDelta': 10, 'maxTrailingBelowDelta': 2000}, {'filterType': 'PERCENT_PRICE_BY_SIDE', 'bidMultiplierUp': '1.25', 'bidMultiplierDown': '0.2', 'askMultiplierUp': '5', 'askMultiplierDown': '0.75', 'avgPriceMins': 5}, {'filterType': 'MAX_NUM_ORDERS', 'maxNumOrders': 200}, {'filterType': 'MAX_NUM_ALGO_ORDERS', 'maxNumAlgoOrders': 5}]",['SPOT'],EXPIRE_MAKER,"['EXPIRE_TAKER', 'EXPIRE_MAKER', 'EXPIRE_BOTH']",0.00010000,0.00010000,1000.00000000,0.01000000,0.01000000,92141578.00000000,1.00000000
564,DUSDT,TRADING,D,8,USDT,8,8,8,8,"['LIMIT', 'LIMIT_MAKER', 'MARKET', 'STOP_LOSS_LIMIT', 'TAKE_PROFIT_LIMIT']",True,True,True,True,True,True,False,"[{'filterType': 'PRICE_FILTER', 'minPrice': '0.00001000', 'maxPrice': '100.00000000', 'tickSize': '0.00001000'}, {'filterType': 'PERCENT_PRICE', 'multiplierUp': '5', 'multiplierDown': '0.2', 'avgPriceMins': 5}, {'filterType': 'LOT_SIZE', 'minQty': '1.00000000', 'maxQty': '913205152.00000000', 'stepSize': '1.00000000'}, {'filterType': 'MIN_NOTIONAL', 'minNotional': '1.00000000', 'applyToMarket': True, 'avgPriceMins': 5}, {'filterType': 'ICEBERG_PARTS', 'limit': 10}, {'filterType': 'MARKET_LOT_SIZE', 'minQty': '0.00000000', 'maxQty': '3275.00000000', 'stepSize': '0.00000000'}, {'filterType': 'TRAILING_DELTA', 'minTrailingAboveDelta': 10, 'maxTrailingAboveDelta': 2000, 'minTrailingBelowDelta': 10, 'maxTrailingBelowDelta': 2000}, {'filterType': 'PERCENT_PRICE_BY_SIDE', 'bidMultiplierUp': '1.25', 'bidMultiplierDown': '0.2', 'askMultiplierUp': '5', 'askMultiplierDown': '0.75', 'avgPriceMins': 5}, {'filterType': 'MAX_NUM_ORDERS', 'maxNumOrders': 200}, {'filterType': 'MAX_NUM_ALGO_ORDERS', 'maxNumAlgoOrders': 5}]",['SPOT'],EXPIRE_MAKER,"['EXPIRE_TAKER', 'EXPIRE_MAKER', 'EXPIRE_BOTH']",0.00001000,0.00001000,100.00000000,1.00000000,1.00000000,913205152.00000000,1.00000000
565,METISUSDT,TRADING,METIS,8,USDT,8,8,8,8,"['LIMIT', 'LIMIT_MAKER', 'MARKET', 'STOP_LOSS_LIMIT', 'TAKE_PROFIT_LIMIT']",True,True,True,True,True,True,False,"[{'filterType': 'PRICE_FILTER', 'minPrice': '0.01000000', 'maxPrice': '10000.00000000', 'tickSize': '0.01000000'}, {'filterType': 'LOT_SIZE', 'minQty': '0.00100000', 'maxQty': '9222449.00000000', 'stepSize': '0.00100000'}, {'filterType': 'MIN_NOTIONAL', 'minNotional': '1.00000000', 'applyToMarket': True, 'avgPriceMins': 5}, {'filterType': 'ICEBERG_PARTS', 'limit': 10}, {'filterType': 'MARKET_LOT_SIZE', 'minQty': '0.00000000', 'maxQty': '114.33064435', 'stepSize': '0.00000000'}, {'filterType': 'TRAILING_DELTA', 'minTrailingAboveDelta': 10, 'maxTrailingAboveDelta': 2000, 'minTrailingBelowDelta': 10, 'maxTrailingBelowDelta': 2000}, {'filterType': 'PERCENT_PRICE_BY_SIDE', 'bidMultiplierUp': '1.25', 'bidMultiplierDown': '0.2', 'askMultiplierUp': '5', 'askMultiplierDown': '0.75', 'avgPriceMins': 5}, {'filterType': 'MAX_NUM_ORDERS', 'maxNumOrders': 200}, {'filterType': 'MAX_NUM_ALGO_ORDERS', 'maxNumAlgoOrders': 5}]",['SPOT'],EXPIRE_MAKER,"['EXPIRE_TAKER', 'EXPIRE_MAKER', 'EXPIRE_BOTH']",0.01000000,0.01000000,10000.00000000,0.00100000,0.00100000,9222449.00000000,1.00000000
566,METISUSD,BREAK,METIS,8,USD,8,8,8,8,"['LIMIT', 'LIMIT_MAKER', 'MARKET', 'STOP_LOSS_LIMIT', 'TAKE_PROFIT_LIMIT']",True,True,True,True,True,True,False,"[{'filterType': 'PRICE_FILTER', 'minPrice': '0.01000000', 'maxPrice': '10000.00000000', 'tickSize': '0.01000000'}, {'filterType': 'LOT_SIZE', 'minQty': '0.00100000', 'maxQty': '9222449.00000000', 'stepSize': '0.00100000'}, {'filterType': 'MIN_NOTIONAL', 'minNotional': '1.00000000', 'applyToMarket': True, 'avgPriceMins': 5}, {'filterType': 'ICEBERG_PARTS', 'limit': 10}, {'filterType': 'MARKET_LOT_SIZE', 'minQty': '0.00000000', 'maxQty': '131.61753164', 'stepSize': '0.00000000'}, {'filterType': 'TRAILING_DELTA', 'minTrailingAboveDelta': 10, 'maxTrailingAboveDelta': 2000, 'minTrailingBelowDelta': 10, 'maxTrailingBelowDelta': 2000}, {'filterType': 'PERCENT_PRICE_BY_SIDE', 'bidMultiplierUp': '1.25', 'bidMultiplierDown': '0.2', 'askMultiplierUp': '5', 'askMultiplierDown': '0.75', 'avgPriceMins': 5}, {'filterType': 'MAX_NUM_ORDERS', 'maxNumOrders': 200}, {'filterType': 'MAX_NUM_ALGO_ORDERS', 'maxNumAlgoOrders': 5}]",['SPOT'],EXPIRE_MAKER,"['EXPIRE_TAKER', 'EXPIRE_MAKER', 'EXPIRE_BOTH']",0.01000000,0.01000000,10000.00000000,0.00100000,0.00100000,9222449.00000000,1.00000000
567,JUPUSD,TRADING,JUP,8,USD,8,8,8,8,"['LIMIT', 'LIMIT_MAKER', 'MARKET', 'STOP_LOSS_LIMIT', 'TAKE_PROFIT_LIMIT']",True,True,True,True,True,True,False,"[{'filterType': 'PRICE_FILTER', 'minPrice': '0.00010000', 'maxPrice': '1000.00000000', 'tickSize': '0.00010000'}, {'filterType': 'LOT_SIZE', 'minQty': '0.10000000', 'maxQty': '92141578.00000000', 'stepSize': '0.10000000'}, {'filterType': 'MIN_NOTIONAL', 'minNotional': '1.00000000', 'applyToMarket': True, 'avgPriceMins': 5}, {'filterType': 'ICEBERG_PARTS', 'limit': 10}, {'filterType': 'MARKET_LOT_SIZE', 'minQty': '0.00000000', 'maxQty': '720.27782426', 'stepSize': '0.00000000'}, {'filterType': 'TRAILING_DELTA', 'minTrailingAboveDelta': 10, 'maxTrailingAboveDelta': 2000, 'minTrailingBelowDelta': 10, 'maxTrailingBelowDelta': 2000}, {'filterType': 'PERCENT_PRICE_BY_SIDE', 'bidMultiplierUp': '1.25', 'bidMultiplierDown': '0.2', 'askMultiplierUp': '5', 'askMultiplierDown': '0.75', 'avgPriceMins': 5}, {'filterType': 'MAX_NUM_ORDERS', 'maxNumOrders': 200}, {'filterType': 'MAX_NUM_ALGO_ORDERS', 'maxNumAlgoOrders': 5}]",['SPOT'],EXPIRE_MAKER,"['EXPIRE_TAKER', 'EXPIRE_MAKER', 'EXPIRE_BOTH']",0.00010000,0.00010000,1000.00000000,0.10000000,0.10000000,92141578.00000000,1.00000000
568,JUPUSDT,TRADING,JUP,8,USDT,8,8,8,8,"['LIMIT', 'LIMIT_MAKER', 'MARKET', 'STOP_LOSS_LIMIT', 'TAKE_PROFIT_LIMIT']",True,True,True,True,True,True,False,"[{'filterType': 'PRICE_FILTER', 'minPrice': '0.00010000', 'maxPrice': '1000.00000000', 'tickSize': '0.00010000'}, {'filterType': 'LOT_SIZE', 'minQty': '0.10000000', 'maxQty': '92141578.00000000', 'stepSize': '0.10000000'}, {'filterType': 'MIN_NOTIONAL', 'minNotional': '1.00000000', 'applyToMarket': True, 'avgPriceMins': 5}, {'filterType': 'ICEBERG_PARTS', 'limit': 10}, {'filterType': 'MARKET_LOT_SIZE', 'minQty': '0.00000000', 'maxQty': '801.79623430', 'stepSize': '0.00000000'}, {'filterType': 'TRAILING_DELTA', 'minTrailingAboveDelta': 10, 'maxTrailingAboveDelta': 2000, 'minTrailingBelowDelta': 10, 'maxTrailingBelowDelta': 2000}, {'filterType': 'PERCENT_PRICE_BY_SIDE', 'bidMultiplierUp': '1.25', 'bidMultiplierDown': '0.2', 'askMultiplierUp': '5', 'askMultiplierDown': '0.75', 'avgPriceMins': 5}, {'filterType': 'MAX_NUM_ORDERS', 'maxNumOrders': 200}, {'filterType': 'MAX_NUM_ALGO_ORDERS', 'maxNumAlgoOrders': 5}]",['SPOT'],EXPIRE_MAKER,"['EXPIRE_TAKER', 'EXPIRE_MAKER', 'EXPIRE_BOTH']",0.00010000,0.00010000,1000.00000000,0.10000000,0.10000000,92141578.00000000,1.00000000
569,SUSD,TRADING,S,8,USD,8,8,8,8,"['LIMIT', 'LIMIT_MAKER', 'MARKET', 'STOP_LOSS_LIMIT', 'TAKE_PROFIT_LIMIT']",True,True,True,True,True,True,False,"[{'filterType': 'PRICE_FILTER', 'minPrice': '0.00001000', 'maxPrice': '100.00000000', 'tickSize': '0.00001000'}, {'filterType': 'LOT_SIZE', 'minQty': '0.10000000', 'maxQty': '913205152.00000000', 'stepSize': '0.10000000'}, {'filterType': 'MIN_NOTIONAL', 'minNotional': '1.00000000', 'applyToMarket': True, 'avgPriceMins': 5}, {'filterType': 'ICEBERG_PARTS', 'limit': 10}, {'filterType': 'MARKET_LOT_SIZE', 'minQty': '0.00000000', 'maxQty': '7004.18493723', 'stepSize': '0.00000000'}, {'filterType': 'TRAILING_DELTA', 'minTrailingAboveDelta': 10, 'maxTrailingAboveDelta': 2000, 'minTrailingBelowDelta': 10, 'maxTrailingBelowDelta': 2000}, {'filterType': 'PERCENT_PRICE_BY_SIDE', 'bidMultiplierUp': '1.25', 'bidMultiplierDown': '0.2', 'askMultiplierUp': '5', 'askMultiplierDown': '0.75', 'avgPriceMins': 5}, {'filterType': 'MAX_NUM_ORDERS', 'maxNumOrders': 200}, {'filterType': 'MAX_NUM_ALGO_ORDERS', 'maxNumAlgoOrders': 5}]",['SPOT'],EXPIRE_MAKER,"['EXPIRE_TAKER', 'EXPIRE_MAKER', 'EXPIRE_BOTH']",0.00001000,0.00001000,100.00000000,0.10000000,0.10000000,913205152.00000000,1.00000000
570,SUSDT,TRADING,S,8,USDT,8,8,8,8,"['LIMIT', 'LIMIT_MAKER', 'MARKET', 'STOP_LOSS_LIMIT', 'TAKE_PROFIT_LIMIT']",True,True,True,True,True,True,False,"[{'filterType': 'PRICE_FILTER', 'minPrice': '0.00001000', 'maxPrice': '100.00000000', 'tickSize': '0.00001000'}, {'filterType': 'LOT_SIZE', 'minQty': '0.10000000', 'maxQty': '913205152.00000000', 'stepSize': '0.10000000'}, {'filterType': 'MIN_NOTIONAL', 'minNotional': '1.00000000', 'applyToMarket': True, 'avgPriceMins': 5}, {'filterType': 'ICEBERG_PARTS', 'limit': 10}, {'filterType': 'MARKET_LOT_SIZE', 'minQty': '0.00000000', 'maxQty': '49122.37991631', 'stepSize': '0.00000000'}, {'filterType': 'TRAILING_DELTA', 'minTrailingAboveDelta': 10, 'maxTrailingAboveDelta': 2000, 'minTrailingBelowDelta': 10, 'maxTrailingBelowDelta': 2000}, {'filterType': 'PERCENT_PRICE_BY_SIDE', 'bidMultiplierUp': '1.25', 'bidMultiplierDown': '0.2', 'askMultiplierUp': '5', 'askMultiplierDown': '0.75', 'avgPriceMins': 5}, {'filterType': 'MAX_NUM_ORDERS', 'maxNumOrders': 200}, {'filterType': 'MAX_NUM_ALGO_ORDERS', 'maxNumAlgoOrders': 5}]",['SPOT'],EXPIRE_MAKER,"['EXPIRE_TAKER', 'EXPIRE_MAKER', 'EXPIRE_BOTH']",0.00001000,0.00001000,100.00000000,0.10000000,0.10000000,913205152.00000000,1.00000000
571,JTOUSDT,TRADING,JTO,8,USDT,8,8,8,8,"['LIMIT', 'LIMIT_MAKER', 'MARKET', 'STOP_LOSS_LIMIT', 'TAKE_PROFIT_LIMIT']",True,True,True,True,True,True,False,"[{'filterType': 'PRICE_FILTER', 'minPrice': '0.00010000', 'maxPrice': '1000.00000000', 'tickSize': '0.00010000'}, {'filterType': 'LOT_SIZE', 'minQty': '0.10000000', 'maxQty': '92141578.00000000', 'stepSize': '0.10000000'}, {'filterType': 'MIN_NOTIONAL', 'minNotional': '1.00000000', 'applyToMarket': True, 'avgPriceMins': 5}, {'filterType': 'ICEBERG_PARTS', 'limit': 10}, {'filterType': 'MARKET_LOT_SIZE', 'minQty': '0.00000000', 'maxQty': '1731.73389121', 'stepSize': '0.00000000'}, {'filterType': 'TRAILING_DELTA', 'minTrailingAboveDelta': 10, 'maxTrailingAboveDelta': 2000, 'minTrailingBelowDelta': 10, 'maxTrailingBelowDelta': 2000}, {'filterType': 'PERCENT_PRICE_BY_SIDE', 'bidMultiplierUp': '1.25', 'bidMultiplierDown': '0.2', 'askMultiplierUp': '5', 'askMultiplierDown': '0.75', 'avgPriceMins': 5}, {'filterType': 'MAX_NUM_ORDERS', 'maxNumOrders': 200}, {'filterType': 'MAX_NUM_ALGO_ORDERS', 'maxNumAlgoOrders': 5}]",['SPOT'],EXPIRE_MAKER,"['EXPIRE_TAKER', 'EXPIRE_MAKER', 'EXPIRE_BOTH']",0.00010000,0.00010000,1000.00000000,0.10000000,0.10000000,92141578.00000000,1.00000000
572,ORCAUSDT,TRADING,ORCA,8,USDT,8,8,8,8,"['LIMIT', 'LIMIT_MAKER', 'MARKET', 'STOP_LOSS_LIMIT', 'TAKE_PROFIT_LIMIT']",True,True,True,True,True,True,False,"[{'filterType': 'PRICE_FILTER', 'minPrice': '0.00100000', 'maxPrice': '1000.00000000', 'tickSize': '0.00100000'}, {'filterType': 'LOT_SIZE', 'minQty': '0.01000000', 'maxQty': '92141578.00000000', 'stepSize': '0.01000000'}, {'filterType': 'MIN_NOTIONAL', 'minNotional': '1.00000000', 'applyToMarket': True, 'avgPriceMins': 5}, {'filterType': 'ICEBERG_PARTS', 'limit': 10}, {'filterType': 'MARKET_LOT_SIZE', 'minQty': '0.00000000', 'maxQty': '93.29790794', 'stepSize': '0.00000000'}, {'filterType': 'TRAILING_DELTA', 'minTrailingAboveDelta': 10, 'maxTrailingAboveDelta': 2000, 'minTrailingBelowDelta': 10, 'maxTrailingBelowDelta': 2000}, {'filterType': 'PERCENT_PRICE_BY_SIDE', 'bidMultiplierUp': '1.25', 'bidMultiplierDown': '0.2', 'askMultiplierUp': '5', 'askMultiplierDown': '0.75', 'avgPriceMins': 5}, {'filterType': 'MAX_NUM_ORDERS', 'maxNumOrders': 200}, {'filterType': 'MAX_NUM_ALGO_ORDERS', 'maxNumAlgoOrders': 5}]",['SPOT'],EXPIRE_MAKER,"['EXPIRE_TAKER', 'EXPIRE_MAKER', 'EXPIRE_BOTH']",0.00100000,0.00100000,1000.00000000,0.01000000,0.01000000,92141578.00000000,1.00000000
573,DATAUSDT,TRADING,DATA,8,USDT,8,8,8,8,"['LIMIT', 'LIMIT_MAKER', 'MARKET', 'STOP_LOSS_LIMIT', 'TAKE_PROFIT_LIMIT']",True,True,True,True,True,True,False,"[{'filterType': 'PRICE_FILTER', 'minPrice': '0.00001000', 'maxPrice': '1000.00000000', 'tickSize': '0.00001000'}, {'filterType': 'LOT_SIZE', 'minQty': '0.10000000', 'maxQty': '9000000.00000000', 'stepSize': '0.10000000'}, {'filterType': 'MIN_NOTIONAL', 'minNotional': '1.00000000', 'applyToMarket': True, 'avgPriceMins': 5}, {'filterType': 'ICEBERG_PARTS', 'limit': 10}, {'filterType': 'MARKET_LOT_SIZE', 'minQty': '0.00000000', 'maxQty': '3054.90000000', 'stepSize': '0.00000000'}, {'filterType': 'TRAILING_DELTA', 'minTrailingAboveDelta': 10, 'maxTrailingAboveDelta': 2000, 'minTrailingBelowDelta': 10, 'maxTrailingBelowDelta': 2000}, {'filterType': 'PERCENT_PRICE_BY_SIDE', 'bidMultiplierUp': '1.25', 'bidMultiplierDown': '0.2', 'askMultiplierUp': '5', 'askMultiplierDown': '0.75', 'avgPriceMins': 5}, {'filterType': 'MAX_NUM_ORDERS', 'maxNumOrders': 200}, {'filterType': 'MAX_NUM_ALGO_ORDERS', 'maxNumAlgoOrders': 5}]",['SPOT'],EXPIRE_MAKER,"['EXPIRE_TAKER', 'EXPIRE_MAKER', 'EXPIRE_BOTH']",0.00001000,0.00001000,1000.00000000,0.10000000,0.10000000,9000000.00000000,1.00000000
574,VIRTUALUSDT,TRADING,VIRTUAL,8,USDT,8,8,8,8,"['LIMIT', 'LIMIT_MAKER', 'MARKET', 'STOP_LOSS_LIMIT', 'TAKE_PROFIT_LIMIT']",True,True,True,True,True,True,False,"[{'filterType': 'PRICE_FILTER', 'minPrice': '0.00010000', 'maxPrice': '100.00000000', 'tickSize': '0.00010000'}, {'filterType': 'LOT_SIZE', 'minQty': '0.10000000', 'maxQty': '913205152.00000000', 'stepSize': '0.10000000'}, {'filterType': 'MIN_NOTIONAL', 'minNotional': '1.00000000', 'applyToMarket': True, 'avgPriceMins': 5}, {'filterType': 'ICEBERG_PARTS', 'limit': 10}, {'filterType': 'MARKET_LOT_SIZE', 'minQty': '0.00000000', 'maxQty': '838.00000000', 'stepSize': '0.00000000'}, {'filterType': 'TRAILING_DELTA', 'minTrailingAboveDelta': 10, 'maxTrailingAboveDelta': 2000, 'minTrailingBelowDelta': 10, 'maxTrailingBelowDelta': 2000}, {'filterType': 'PERCENT_PRICE_BY_SIDE', 'bidMultiplierUp': '1.25', 'bidMultiplierDown': '0.2', 'askMultiplierUp': '5', 'askMultiplierDown': '0.75', 'avgPriceMins': 5}, {'filterType': 'MAX_NUM_ORDERS', 'maxNumOrders': 200}, {'filterType': 'MAX_NUM_ALGO_ORDERS', 'maxNumAlgoOrders': 5}]",['SPOT'],EXPIRE_MAKER,"['EXPIRE_TAKER', 'EXPIRE_MAKER', 'EXPIRE_BOTH']",0.00010000,0.00010000,100.00000000,0.10000000,0.10000000,913205152.00000000,1.00000000
575,AIXBTUSDT,TRADING,AIXBT,8,USDT,8,8,8,8,"['LIMIT', 'LIMIT_MAKER', 'MARKET', 'STOP_LOSS_LIMIT', 'TAKE_PROFIT_LIMIT']",True,True,True,True,True,True,False,"[{'filterType': 'PRICE_FILTER', 'minPrice': '0.00010000', 'maxPrice': '1000.00000000', 'tickSize': '0.00010000'}, {'filterType': 'LOT_SIZE', 'minQty': '0.10000000', 'maxQty': '92141578.00000000', 'stepSize': '0.10000000'}, {'filterType': 'MIN_NOTIONAL', 'minNotional': '1.00000000', 'applyToMarket': True, 'avgPriceMins': 5}, {'filterType': 'ICEBERG_PARTS', 'limit': 10}, {'filterType': 'MARKET_LOT_SIZE', 'minQty': '0.00000000', 'maxQty': '7700.00000000', 'stepSize': '0.00000000'}, {'filterType': 'TRAILING_DELTA', 'minTrailingAboveDelta': 10, 'maxTrailingAboveDelta': 2000, 'minTrailingBelowDelta': 10, 'maxTrailingBelowDelta': 2000}, {'filterType': 'PERCENT_PRICE_BY_SIDE', 'bidMultiplierUp': '1.25', 'bidMultiplierDown': '0.2', 'askMultiplierUp': '5', 'askMultiplierDown': '0.75', 'avgPriceMins': 5}, {'filterType': 'MAX_NUM_ORDERS', 'maxNumOrders': 200}, {'filterType': 'MAX_NUM_ALGO_ORDERS', 'maxNumAlgoOrders': 5}]",['SPOT'],EXPIRE_MAKER,"['EXPIRE_TAKER', 'EXPIRE_MAKER', 'EXPIRE_BOTH']",0.00010000,0.00010000,1000.00000000,0.10000000,0.10000000,92141578.00000000,1.00000000
576,KAITOUSDT,TRADING,KAITO,8,USDT,8,8,8,8,"['LIMIT', 'LIMIT_MAKER', 'MARKET', 'STOP_LOSS_LIMIT', 'TAKE_PROFIT_LIMIT']",True,True,True,True,True,True,False,"[{'filterType': 'PRICE_FILTER', 'minPrice': '0.00010000', 'maxPrice': '1000.00000000', 'tickSize': '0.00010000'}, {'filterType': 'LOT_SIZE', 'minQty': '0.10000000', 'maxQty': '92141578.00000000', 'stepSize': '0.10000000'}, {'filterType': 'MIN_NOTIONAL', 'minNotional': '1.00000000', 'applyToMarket': True, 'avgPriceMins': 5}, {'filterType': 'ICEBERG_PARTS', 'limit': 10}, {'filterType': 'MARKET_LOT_SIZE', 'minQty': '0.00000000', 'maxQty': '226.04351464', 'stepSize': '0.00000000'}, {'filterType': 'TRAILING_DELTA', 'minTrailingAboveDelta': 10, 'maxTrailingAboveDelta': 2000, 'minTrailingBelowDelta': 10, 'maxTrailingBelowDelta': 2000}, {'filterType': 'PERCENT_PRICE_BY_SIDE', 'bidMultiplierUp': '1.25', 'bidMultiplierDown': '0.2', 'askMultiplierUp': '5', 'askMultiplierDown': '0.75', 'avgPriceMins': 5}, {'filterType': 'MAX_NUM_ORDERS', 'maxNumOrders': 200}, {'filterType': 'MAX_NUM_ALGO_ORDERS', 'maxNumAlgoOrders': 5}]",['SPOT'],EXPIRE_MAKER,"['EXPIRE_TAKER', 'EXPIRE_MAKER', 'EXPIRE_BOTH']",0.00010000,0.00010000,1000.00000000,0.10000000,0.10000000,92141578.00000000,1.00000000
577,TURBOUSDT,TRADING,TURBO,8,USDT,8,8,8,8,"['LIMIT', 'LIMIT_MAKER', 'MARKET', 'STOP_LOSS_LIMIT', 'TAKE_PROFIT_LIMIT']",True,True,True,True,True,True,False,"[{'filterType': 'PRICE_FILTER', 'minPrice': '0.00000100', 'maxPrice': '10.00000000', 'tickSize': '0.00000100'}, {'filterType': 'LOT_SIZE', 'minQty': '1.00000000', 'maxQty': '8384883677.00000000', 'stepSize': '1.00000000'}, {'filterType': 'MIN_NOTIONAL', 'minNotional': '1.00000000', 'applyToMarket': True, 'avgPriceMins': 5}, {'filterType': 'ICEBERG_PARTS', 'limit': 10}, {'filterType': 'MARKET_LOT_SIZE', 'minQty': '0.00000000', 'maxQty': '188389.21757322', 'stepSize': '0.00000000'}, {'filterType': 'TRAILING_DELTA', 'minTrailingAboveDelta': 10, 'maxTrailingAboveDelta': 2000, 'minTrailingBelowDelta': 10, 'maxTrailingBelowDelta': 2000}, {'filterType': 'PERCENT_PRICE_BY_SIDE', 'bidMultiplierUp': '1.25', 'bidMultiplierDown': '0.2', 'askMultiplierUp': '5', 'askMultiplierDown': '0.75', 'avgPriceMins': 5}, {'filterType': 'MAX_NUM_ORDERS', 'maxNumOrders': 200}, {'filterType': 'MAX_NUM_ALGO_ORDERS', 'maxNumAlgoOrders': 5}]",['SPOT'],EXPIRE_MAKER,"['EXPIRE_TAKER', 'EXPIRE_MAKER', 'EXPIRE_BOTH']",0.00000100,0.00000100,10.00000000,1.00000000,1.00000000,8384883677.00000000,1.00000000
578,HYPEUSD,TRADING,HYPE,8,USD,8,8,8,8,"['LIMIT', 'LIMIT_MAKER', 'MARKET', 'STOP_LOSS_LIMIT', 'TAKE_PROFIT_LIMIT']",True,True,True,True,True,True,False,"[{'filterType': 'PRICE_FILTER', 'minPrice': '0.01000000', 'maxPrice': '100000.00000000', 'tickSize': '0.01000000'}, {'filterType': 'LOT_SIZE', 'minQty': '0.00100000', 'maxQty': '90000.00000000', 'stepSize': '0.00100000'}, {'filterType': 'MIN_NOTIONAL', 'minNotional': '1.00000000', 'applyToMarket': True, 'avgPriceMins': 5}, {'filterType': 'ICEBERG_PARTS', 'limit': 10}, {'filterType': 'MARKET_LOT_SIZE', 'minQty': '0.00000000', 'maxQty': '907.72648535', 'stepSize': '0.00000000'}, {'filterType': 'TRAILING_DELTA', 'minTrailingAboveDelta': 10, 'maxTrailingAboveDelta': 2000, 'minTrailingBelowDelta': 10, 'maxTrailingBelowDelta': 2000}, {'filterType': 'PERCENT_PRICE_BY_SIDE', 'bidMultiplierUp': '1.25', 'bidMultiplierDown': '0.2', 'askMultiplierUp': '5', 'askMultiplierDown': '0.75', 'avgPriceMins': 5}, {'filterType': 'MAX_NUM_ORDERS', 'maxNumOrders': 200}, {'filterType': 'MAX_NUM_ALGO_ORDERS', 'maxNumAlgoOrders': 5}]",['SPOT'],EXPIRE_MAKER,"['EXPIRE_TAKER', 'EXPIRE_MAKER', 'EXPIRE_BOTH']",0.01000000,0.01000000,100000.00000000,0.00100000,0.00100000,90000.00000000,1.00000000
579,HYPEUSDT,TRADING,HYPE,8,USDT,8,8,8,8,"['LIMIT', 'LIMIT_MAKER', 'MARKET', 'STOP_LOSS_LIMIT', 'TAKE_PROFIT_LIMIT']",True,True,True,True,True,True,False,"[{'filterType': 'PRICE_FILTER', 'minPrice': '0.01000000', 'maxPrice': '100000.00000000', 'tickSize': '0.01000000'}, {'filterType': 'LOT_SIZE', 'minQty': '0.00100000', 'maxQty': '90000.00000000', 'stepSize': '0.00100000'}, {'filterType': 'MIN_NOTIONAL', 'minNotional': '1.00000000', 'applyToMarket': True, 'avgPriceMins': 5}, {'filterType': 'ICEBERG_PARTS', 'limit': 10}, {'filterType': 'MARKET_LOT_SIZE', 'minQty': '0.00000000', 'maxQty': '696.30823012', 'stepSize': '0.00000000'}, {'filterType': 'TRAILING_DELTA', 'minTrailingAboveDelta': 10, 'maxTrailingAboveDelta': 2000, 'minTrailingBelowDelta': 10, 'maxTrailingBelowDelta': 2000}, {'filterType': 'PERCENT_PRICE_BY_SIDE', 'bidMultiplierUp': '1.25', 'bidMultiplierDown': '0.2', 'askMultiplierUp': '5', 'askMultiplierDown': '0.75', 'avgPriceMins': 5}, {'filterType': 'MAX_NUM_ORDERS', 'maxNumOrders': 200}, {'filterType': 'MAX_NUM_ALGO_ORDERS', 'maxNumAlgoOrders': 5}]",['SPOT'],EXPIRE_MAKER,"['EXPIRE_TAKER', 'EXPIRE_MAKER', 'EXPIRE_BOTH']",0.01000000,0.01000000,100000.00000000,0.00100000,0.00100000,90000.00000000,1.00000000
580,ENAUSDT,TRADING,ENA,8,USDT,8,8,8,8,"['LIMIT', 'LIMIT_MAKER', 'MARKET', 'STOP_LOSS_LIMIT', 'TAKE_PROFIT_LIMIT']",True,True,True,True,True,True,False,"[{'filterType': 'PRICE_FILTER', 'minPrice': '0.00010000', 'maxPrice': '1000.00000000', 'tickSize': '0.00010000'}, {'filterType': 'LOT_SIZE', 'minQty': '0.01000000', 'maxQty': '92141578.00000000', 'stepSize': '0.01000000'}, {'filterType': 'MIN_NOTIONAL', 'minNotional': '1.00000000', 'applyToMarket': True, 'avgPriceMins': 5}, {'filterType': 'ICEBERG_PARTS', 'limit': 10}, {'filterType': 'MARKET_LOT_SIZE', 'minQty': '0.00000000', 'maxQty': '18309.96025104', 'stepSize': '0.00000000'}, {'filterType': 'TRAILING_DELTA', 'minTrailingAboveDelta': 10, 'maxTrailingAboveDelta': 2000, 'minTrailingBelowDelta': 10, 'maxTrailingBelowDelta': 2000}, {'filterType': 'PERCENT_PRICE_BY_SIDE', 'bidMultiplierUp': '1.25', 'bidMultiplierDown': '0.2', 'askMultiplierUp': '5', 'askMultiplierDown': '0.75', 'avgPriceMins': 5}, {'filterType': 'MAX_NUM_ORDERS', 'maxNumOrders': 200}, {'filterType': 'MAX_NUM_ALGO_ORDERS', 'maxNumAlgoOrders': 5}]",['SPOT'],EXPIRE_MAKER,"['EXPIRE_TAKER', 'EXPIRE_MAKER', 'EXPIRE_BOTH']",0.00010000,0.00010000,1000.00000000,0.01000000,0.01000000,92141578.00000000,1.00000000
581,LAYERUSDT,TRADING,LAYER,8,USDT,8,8,8,8,"['LIMIT', 'LIMIT_MAKER', 'MARKET', 'STOP_LOSS_LIMIT', 'TAKE_PROFIT_LIMIT']",True,True,True,True,True,True,False,"[{'filterType': 'PRICE_FILTER', 'minPrice': '0.00010000', 'maxPrice': '1000.00000000', 'tickSize': '0.00010000'}, {'filterType': 'LOT_SIZE', 'minQty': '0.01000000', 'maxQty': '92141578.00000000', 'stepSize': '0.01000000'}, {'filterType': 'MIN_NOTIONAL', 'minNotional': '1.00000000', 'applyToMarket': True, 'avgPriceMins': 5}, {'filterType': 'ICEBERG_PARTS', 'limit': 10}, {'filterType': 'MARKET_LOT_SIZE', 'minQty': '0.00000000', 'maxQty': '1211.21000000', 'stepSize': '0.00000000'}, {'filterType': 'TRAILING_DELTA', 'minTrailingAboveDelta': 10, 'maxTrailingAboveDelta': 2000, 'minTrailingBelowDelta': 10, 'maxTrailingBelowDelta': 2000}, {'filterType': 'PERCENT_PRICE_BY_SIDE', 'bidMultiplierUp': '1.25', 'bidMultiplierDown': '0.2', 'askMultiplierUp': '5', 'askMultiplierDown': '0.75', 'avgPriceMins': 5}, {'filterType': 'MAX_NUM_ORDERS', 'maxNumOrders': 200}, {'filterType': 'MAX_NUM_ALGO_ORDERS', 'maxNumAlgoOrders': 5}]",['SPOT'],EXPIRE_MAKER,"['EXPIRE_TAKER', 'EXPIRE_MAKER', 'EXPIRE_BOTH']",0.00010000,0.00010000,1000.00000000,0.01000000,0.01000000,92141578.00000000,1.00000000
582,FARTCOINUSDT,TRADING,FARTCOIN,8,USDT,8,8,8,8,"['LIMIT', 'LIMIT_MAKER', 'MARKET', 'STOP_LOSS_LIMIT', 'TAKE_PROFIT_LIMIT']",True,True,True,True,True,True,False,"[{'filterType': 'PRICE_FILTER', 'minPrice': '0.00010000', 'maxPrice': '100.00000000', 'tickSize': '0.00010000'}, {'filterType': 'LOT_SIZE', 'minQty': '0.10000000', 'maxQty': '913205152.00000000', 'stepSize': '0.10000000'}, {'filterType': 'MIN_NOTIONAL', 'minNotional': '1.00000000', 'applyToMarket': True, 'avgPriceMins': 5}, {'filterType': 'ICEBERG_PARTS', 'limit': 10}, {'filterType': 'MARKET_LOT_SIZE', 'minQty': '0.00000000', 'maxQty': '5117.00000000', 'stepSize': '0.00000000'}, {'filterType': 'TRAILING_DELTA', 'minTrailingAboveDelta': 10, 'maxTrailingAboveDelta': 2000, 'minTrailingBelowDelta': 10, 'maxTrailingBelowDelta': 2000}, {'filterType': 'PERCENT_PRICE_BY_SIDE', 'bidMultiplierUp': '1.25', 'bidMultiplierDown': '0.2', 'askMultiplierUp': '5', 'askMultiplierDown': '0.75', 'avgPriceMins': 5}, {'filterType': 'MAX_NUM_ORDERS', 'maxNumOrders': 200}, {'filterType': 'MAX_NUM_ALGO_ORDERS', 'maxNumAlgoOrders': 5}]",['SPOT'],EXPIRE_MAKER,"['EXPIRE_TAKER', 'EXPIRE_MAKER', 'EXPIRE_BOTH']",0.00010000,0.00010000,100.00000000,0.10000000,0.10000000,913205152.00000000,1.00000000
583,SPXUSDT,TRADING,SPX,8,USDT,8,8,8,8,"['LIMIT', 'LIMIT_MAKER', 'MARKET', 'STOP_LOSS_LIMIT', 'TAKE_PROFIT_LIMIT']",True,True,True,True,True,True,False,"[{'filterType': 'PRICE_FILTER', 'minPrice': '0.00010000', 'maxPrice': '100.00000000', 'tickSize': '0.00010000'}, {'filterType': 'LOT_SIZE', 'minQty': '0.10000000', 'maxQty': '913205152.00000000', 'stepSize': '0.10000000'}, {'filterType': 'MIN_NOTIONAL', 'minNotional': '1.00000000', 'applyToMarket': True, 'avgPriceMins': 5}, {'filterType': 'ICEBERG_PARTS', 'limit': 10}, {'filterType': 'MARKET_LOT_SIZE', 'minQty': '0.00000000', 'maxQty': '1515.68410041', 'stepSize': '0.00000000'}, {'filterType': 'TRAILING_DELTA', 'minTrailingAboveDelta': 10, 'maxTrailingAboveDelta': 2000, 'minTrailingBelowDelta': 10, 'maxTrailingBelowDelta': 2000}, {'filterType': 'PERCENT_PRICE_BY_SIDE', 'bidMultiplierUp': '1.25', 'bidMultiplierDown': '0.2', 'askMultiplierUp': '5', 'askMultiplierDown': '0.75', 'avgPriceMins': 5}, {'filterType': 'MAX_NUM_ORDERS', 'maxNumOrders': 200}, {'filterType': 'MAX_NUM_ALGO_ORDERS', 'maxNumAlgoOrders': 5}]",['SPOT'],EXPIRE_MAKER,"['EXPIRE_TAKER', 'EXPIRE_MAKER', 'EXPIRE_BOTH']",0.00010000,0.00010000,100.00000000,0.10000000,0.10000000,913205152.00000000,1.00000000
584,POPCATUSDT,TRADING,POPCAT,8,USDT,8,8,8,8,"['LIMIT', 'LIMIT_MAKER', 'MARKET', 'STOP_LOSS_LIMIT', 'TAKE_PROFIT_LIMIT']",True,True,True,True,True,True,False,"[{'filterType': 'PRICE_FILTER', 'minPrice': '0.00010000', 'maxPrice': '1000.00000000', 'tickSize': '0.00010000'}, {'filterType': 'LOT_SIZE', 'minQty': '0.10000000', 'maxQty': '92141578.00000000', 'stepSize': '0.10000000'}, {'filterType': 'MIN_NOTIONAL', 'minNotional': '1.00000000', 'applyToMarket': True, 'avgPriceMins': 5}, {'filterType': 'ICEBERG_PARTS', 'limit': 10}, {'filterType': 'MARKET_LOT_SIZE', 'minQty': '0.00000000', 'maxQty': '2582.40000000', 'stepSize': '0.00000000'}, {'filterType': 'TRAILING_DELTA', 'minTrailingAboveDelta': 10, 'maxTrailingAboveDelta': 2000, 'minTrailingBelowDelta': 10, 'maxTrailingBelowDelta': 2000}, {'filterType': 'PERCENT_PRICE_BY_SIDE', 'bidMultiplierUp': '1.25', 'bidMultiplierDown': '0.2', 'askMultiplierUp': '5', 'askMultiplierDown': '0.75', 'avgPriceMins': 5}, {'filterType': 'MAX_NUM_ORDERS', 'maxNumOrders': 200}, {'filterType': 'MAX_NUM_ALGO_ORDERS', 'maxNumAlgoOrders': 5}]",['SPOT'],EXPIRE_MAKER,"['EXPIRE_TAKER', 'EXPIRE_MAKER', 'EXPIRE_BOTH']",0.00010000,0.00010000,1000.00000000,0.10000000,0.10000000,92141578.00000000,1.00000000
585,MOODENGUSDT,TRADING,MOODENG,8,USDT,8,8,8,8,"['LIMIT', 'LIMIT_MAKER', 'MARKET', 'STOP_LOSS_LIMIT', 'TAKE_PROFIT_LIMIT']",True,True,True,True,True,True,False,"[{'filterType': 'PRICE_FILTER', 'minPrice': '0.00010000', 'maxPrice': '1000.00000000', 'tickSize': '0.00010000'}, {'filterType': 'LOT_SIZE', 'minQty': '0.10000000', 'maxQty': '92141578.00000000', 'stepSize': '0.10000000'}, {'filterType': 'MIN_NOTIONAL', 'minNotional': '1.00000000', 'applyToMarket': True, 'avgPriceMins': 5}, {'filterType': 'ICEBERG_PARTS', 'limit': 10}, {'filterType': 'MARKET_LOT_SIZE', 'minQty': '0.00000000', 'maxQty': '40.50000000', 'stepSize': '0.00000000'}, {'filterType': 'TRAILING_DELTA', 'minTrailingAboveDelta': 10, 'maxTrailingAboveDelta': 2000, 'minTrailingBelowDelta': 10, 'maxTrailingBelowDelta': 2000}, {'filterType': 'PERCENT_PRICE_BY_SIDE', 'bidMultiplierUp': '1.25', 'bidMultiplierDown': '0.2', 'askMultiplierUp': '5', 'askMultiplierDown': '0.75', 'avgPriceMins': 5}, {'filterType': 'MAX_NUM_ORDERS', 'maxNumOrders': 200}, {'filterType': 'MAX_NUM_ALGO_ORDERS', 'maxNumAlgoOrders': 5}]",['SPOT'],EXPIRE_MAKER,"['EXPIRE_TAKER', 'EXPIRE_MAKER', 'EXPIRE_BOTH']",0.00010000,0.00010000,1000.00000000,0.10000000,0.10000000,92141578.00000000,1.00000000
586,ANIMEUSDT,TRADING,ANIME,8,USDT,8,8,8,8,"['LIMIT', 'LIMIT_MAKER', 'MARKET', 'STOP_LOSS_LIMIT', 'TAKE_PROFIT_LIMIT']",True,True,True,True,True,True,False,"[{'filterType': 'PRICE_FILTER', 'minPrice': '0.00001000', 'maxPrice': '1000.00000000', 'tickSize': '0.00001000'}, {'filterType': 'LOT_SIZE', 'minQty': '0.10000000', 'maxQty': '92141578.00000000', 'stepSize': '0.10000000'}, {'filterType': 'MIN_NOTIONAL', 'minNotional': '1.00000000', 'applyToMarket': True, 'avgPriceMins': 5}, {'filterType': 'ICEBERG_PARTS', 'limit': 10}, {'filterType': 'MARKET_LOT_SIZE', 'minQty': '0.00000000', 'maxQty': '215424.14435146', 'stepSize': '0.00000000'}, {'filterType': 'TRAILING_DELTA', 'minTrailingAboveDelta': 10, 'maxTrailingAboveDelta': 2000, 'minTrailingBelowDelta': 10, 'maxTrailingBelowDelta': 2000}, {'filterType': 'PERCENT_PRICE_BY_SIDE', 'bidMultiplierUp': '1.25', 'bidMultiplierDown': '0.2', 'askMultiplierUp': '5', 'askMultiplierDown': '0.75', 'avgPriceMins': 5}, {'filterType': 'MAX_NUM_ORDERS', 'maxNumOrders': 200}, {'filterType': 'MAX_NUM_ALGO_ORDERS', 'maxNumAlgoOrders': 5}]",['SPOT'],EXPIRE_MAKER,"['EXPIRE_TAKER', 'EXPIRE_MAKER', 'EXPIRE_BOTH']",0.00001000,0.00001000,1000.00000000,0.10000000,0.10000000,92141578.00000000,1.00000000
587,1000MOGUSDT,TRADING,1000MOG,2,USDT,8,8,2,8,"['LIMIT', 'LIMIT_MAKER', 'MARKET', 'STOP_LOSS_LIMIT', 'TAKE_PROFIT_LIMIT']",True,True,True,True,True,True,False,"[{'filterType': 'PRICE_FILTER', 'minPrice': '0.00000001', 'maxPrice': '1.00000000', 'tickSize': '0.00000001'}, {'filterType': 'LOT_SIZE', 'minQty': '1.00', 'maxQty': '36348600000.00', 'stepSize': '1.00'}, {'filterType': 'MIN_NOTIONAL', 'minNotional': '1.00000000', 'applyToMarket': True, 'avgPriceMins': 5}, {'filterType': 'ICEBERG_PARTS', 'limit': 10}, {'filterType': 'MARKET_LOT_SIZE', 'minQty': '0.00', 'maxQty': '8724478.92', 'stepSize': '0.00'}, {'filterType': 'TRAILING_DELTA', 'minTrailingAboveDelta': 10, 'maxTrailingAboveDelta': 2000, 'minTrailingBelowDelta': 10, 'maxTrailingBelowDelta': 2000}, {'filterType': 'PERCENT_PRICE_BY_SIDE', 'bidMultiplierUp': '1.25', 'bidMultiplierDown': '0.2', 'askMultiplierUp': '5', 'askMultiplierDown': '0.75', 'avgPriceMins': 5}, {'filterType': 'MAX_NUM_ORDERS', 'maxNumOrders': 200}, {'filterType': 'MAX_NUM_ALGO_ORDERS', 'maxNumAlgoOrders': 5}]",['SPOT'],EXPIRE_MAKER,"['EXPIRE_TAKER', 'EXPIRE_MAKER', 'EXPIRE_BOTH']",0.00000001,0.00000001,1.00000000,1.00,1.00,36348600000.00,1.00000000
588,ONDOUSDT,TRADING,ONDO,8,USDT,8,8,8,8,"['LIMIT', 'LIMIT_MAKER', 'MARKET', 'STOP_LOSS_LIMIT', 'TAKE_PROFIT_LIMIT']",True,True,True,True,True,True,False,"[{'filterType': 'PRICE_FILTER', 'minPrice': '0.00010000', 'maxPrice': '100.00000000', 'tickSize': '0.00010000'}, {'filterType': 'LOT_SIZE', 'minQty': '0.10000000', 'maxQty': '913205152.00000000', 'stepSize': '0.10000000'}, {'filterType': 'MIN_NOTIONAL', 'minNotional': '1.00000000', 'applyToMarket': True, 'avgPriceMins': 5}, {'filterType': 'ICEBERG_PARTS', 'limit': 10}, {'filterType': 'MARKET_LOT_SIZE', 'minQty': '0.00000000', 'maxQty': '31611.26778242', 'stepSize': '0.00000000'}, {'filterType': 'TRAILING_DELTA', 'minTrailingAboveDelta': 10, 'maxTrailingAboveDelta': 2000, 'minTrailingBelowDelta': 10, 'maxTrailingBelowDelta': 2000}, {'filterType': 'PERCENT_PRICE_BY_SIDE', 'bidMultiplierUp': '1.25', 'bidMultiplierDown': '0.2', 'askMultiplierUp': '5', 'askMultiplierDown': '0.75', 'avgPriceMins': 5}, {'filterType': 'MAX_NUM_ORDERS', 'maxNumOrders': 200}, {'filterType': 'MAX_NUM_ALGO_ORDERS', 'maxNumAlgoOrders': 5}]",['SPOT'],EXPIRE_MAKER,"['EXPIRE_TAKER', 'EXPIRE_MAKER', 'EXPIRE_BOTH']",0.00010000,0.00010000,100.00000000,0.10000000,0.10000000,913205152.00000000,1.00000000
589,1000REKTUSDT,TRADING,1000REKT,2,USDT,8,8,2,8,"['LIMIT', 'LIMIT_MAKER', 'MARKET', 'STOP_LOSS_LIMIT', 'TAKE_PROFIT_LIMIT']",True,True,True,True,True,True,False,"[{'filterType': 'PRICE_FILTER', 'minPrice': '0.00000001', 'maxPrice': '1.00000000', 'tickSize': '0.00000001'}, {'filterType': 'LOT_SIZE', 'minQty': '1.00', 'maxQty': '36348600000.00', 'stepSize': '1.00'}, {'filterType': 'MIN_NOTIONAL', 'minNotional': '1.00000000', 'applyToMarket': True, 'avgPriceMins': 5}, {'filterType': 'ICEBERG_PARTS', 'limit': 10}, {'filterType': 'MARKET_LOT_SIZE', 'minQty': '0.00', 'maxQty': '478706.00', 'stepSize': '0.00'}, {'filterType': 'TRAILING_DELTA', 'minTrailingAboveDelta': 10, 'maxTrailingAboveDelta': 2000, 'minTrailingBelowDelta': 10, 'maxTrailingBelowDelta': 2000}, {'filterType': 'PERCENT_PRICE_BY_SIDE', 'bidMultiplierUp': '1.25', 'bidMultiplierDown': '0.2', 'askMultiplierUp': '5', 'askMultiplierDown': '0.75', 'avgPriceMins': 5}, {'filterType': 'MAX_NUM_ORDERS', 'maxNumOrders': 200}, {'filterType': 'MAX_NUM_ALGO_ORDERS', 'maxNumAlgoOrders': 5}]",['SPOT'],EXPIRE_MAKER,"['EXPIRE_TAKER', 'EXPIRE_MAKER', 'EXPIRE_BOTH']",0.00000001,0.00000001,1.00000000,1.00,1.00,36348600000.00,1.00000000
590,XDCUSDT,TRADING,XDC,2,USDT,8,8,2,8,"['LIMIT', 'LIMIT_MAKER', 'MARKET', 'STOP_LOSS_LIMIT', 'TAKE_PROFIT_LIMIT']",True,True,True,True,True,True,False,"[{'filterType': 'PRICE_FILTER', 'minPrice': '0.00000100', 'maxPrice': '100.00000000', 'tickSize': '0.00000100'}, {'filterType': 'LOT_SIZE', 'minQty': '1.00', 'maxQty': '363486000.00', 'stepSize': '1.00'}, {'filterType': 'MIN_NOTIONAL', 'minNotional': '1.00000000', 'applyToMarket': True, 'avgPriceMins': 5}, {'filterType': 'ICEBERG_PARTS', 'limit': 10}, {'filterType': 'MARKET_LOT_SIZE', 'minQty': '0.00', 'maxQty': '207574.30', 'stepSize': '0.00'}, {'filterType': 'TRAILING_DELTA', 'minTrailingAboveDelta': 10, 'maxTrailingAboveDelta': 2000, 'minTrailingBelowDelta': 10, 'maxTrailingBelowDelta': 2000}, {'filterType': 'PERCENT_PRICE_BY_SIDE', 'bidMultiplierUp': '1.25', 'bidMultiplierDown': '0.2', 'askMultiplierUp': '5', 'askMultiplierDown': '0.75', 'avgPriceMins': 5}, {'filterType': 'MAX_NUM_ORDERS', 'maxNumOrders': 200}, {'filterType': 'MAX_NUM_ALGO_ORDERS', 'maxNumAlgoOrders': 5}]",['SPOT'],EXPIRE_MAKER,"['EXPIRE_TAKER', 'EXPIRE_MAKER', 'EXPIRE_BOTH']",0.00000100,0.00000100,100.00000000,1.00,1.00,363486000.00,1.00000000
591,BRETTUSDT,TRADING,BRETT,8,USDT,8,8,8,8,"['LIMIT', 'LIMIT_MAKER', 'MARKET', 'STOP_LOSS_LIMIT', 'TAKE_PROFIT_LIMIT']",True,True,True,True,True,True,False,"[{'filterType': 'PRICE_FILTER', 'minPrice': '0.00000100', 'maxPrice': '100.00000000', 'tickSize': '0.00000100'}, {'filterType': 'LOT_SIZE', 'minQty': '1.00000000', 'maxQty': '913205152.00000000', 'stepSize': '1.00000000'}, {'filterType': 'MIN_NOTIONAL', 'minNotional': '1.00000000', 'applyToMarket': True, 'avgPriceMins': 5}, {'filterType': 'ICEBERG_PARTS', 'limit': 10}, {'filterType': 'MARKET_LOT_SIZE', 'minQty': '0.00000000', 'maxQty': '82892.00000000', 'stepSize': '0.00000000'}, {'filterType': 'TRAILING_DELTA', 'minTrailingAboveDelta': 10, 'maxTrailingAboveDelta': 2000, 'minTrailingBelowDelta': 10, 'maxTrailingBelowDelta': 2000}, {'filterType': 'PERCENT_PRICE_BY_SIDE', 'bidMultiplierUp': '1.25', 'bidMultiplierDown': '0.2', 'askMultiplierUp': '5', 'askMultiplierDown': '0.75', 'avgPriceMins': 5}, {'filterType': 'MAX_NUM_ORDERS', 'maxNumOrders': 200}, {'filterType': 'MAX_NUM_ALGO_ORDERS', 'maxNumAlgoOrders': 5}]",['SPOT'],EXPIRE_MAKER,"['EXPIRE_TAKER', 'EXPIRE_MAKER', 'EXPIRE_BOTH']",0.00000100,0.00000100,100.00000000,1.00000000,1.00000000,913205152.00000000,1.00000000
592,WLDUSDT,TRADING,WLD,8,USDT,8,8,8,8,"['LIMIT', 'LIMIT_MAKER', 'MARKET', 'STOP_LOSS_LIMIT', 'TAKE_PROFIT_LIMIT']",True,True,True,True,True,True,False,"[{'filterType': 'PRICE_FILTER', 'minPrice': '0.00010000', 'maxPrice': '1000.00000000', 'tickSize': '0.00010000'}, {'filterType': 'LOT_SIZE', 'minQty': '0.10000000', 'maxQty': '92141578.00000000', 'stepSize': '0.10000000'}, {'filterType': 'MIN_NOTIONAL', 'minNotional': '1.00000000', 'applyToMarket': True, 'avgPriceMins': 5}, {'filterType': 'ICEBERG_PARTS', 'limit': 10}, {'filterType': 'MARKET_LOT_SIZE', 'minQty': '0.00000000', 'maxQty': '2924.11589958', 'stepSize': '0.00000000'}, {'filterType': 'TRAILING_DELTA', 'minTrailingAboveDelta': 10, 'maxTrailingAboveDelta': 2000, 'minTrailingBelowDelta': 10, 'maxTrailingBelowDelta': 2000}, {'filterType': 'PERCENT_PRICE_BY_SIDE', 'bidMultiplierUp': '1.25', 'bidMultiplierDown': '0.2', 'askMultiplierUp': '5', 'askMultiplierDown': '0.75', 'avgPriceMins': 5}, {'filterType': 'MAX_NUM_ORDERS', 'maxNumOrders': 200}, {'filterType': 'MAX_NUM_ALGO_ORDERS', 'maxNumAlgoOrders': 5}]",['SPOT'],EXPIRE_MAKER,"['EXPIRE_TAKER', 'EXPIRE_MAKER', 'EXPIRE_BOTH']",0.00010000,0.00010000,1000.00000000,0.10000000,0.10000000,92141578.00000000,1.00000000
593,TOSHIUSDT,TRADING,TOSHI,2,USDT,8,8,2,8,"['LIMIT', 'LIMIT_MAKER', 'MARKET', 'STOP_LOSS_LIMIT', 'TAKE_PROFIT_LIMIT']",True,True,True,True,True,True,False,"[{'filterType': 'PRICE_FILTER', 'minPrice': '0.00000001', 'maxPrice': '1.00000000', 'tickSize': '0.00000001'}, {'filterType': 'LOT_SIZE', 'minQty': '1.00', 'maxQty': '36348600000.00', 'stepSize': '1.00'}, {'filterType': 'MIN_NOTIONAL', 'minNotional': '1.00000000', 'applyToMarket': True, 'avgPriceMins': 5}, {'filterType': 'ICEBERG_PARTS', 'limit': 10}, {'filterType': 'MARKET_LOT_SIZE', 'minQty': '0.00', 'maxQty': '5448478.71', 'stepSize': '0.00'}, {'filterType': 'TRAILING_DELTA', 'minTrailingAboveDelta': 10, 'maxTrailingAboveDelta': 2000, 'minTrailingBelowDelta': 10, 'maxTrailingBelowDelta': 2000}, {'filterType': 'PERCENT_PRICE_BY_SIDE', 'bidMultiplierUp': '5', 'bidMultiplierDown': '0.2', 'askMultiplierUp': '5', 'askMultiplierDown': '0.2', 'avgPriceMins': 5}, {'filterType': 'MAX_NUM_ORDERS', 'maxNumOrders': 200}, {'filterType': 'MAX_NUM_ALGO_ORDERS', 'maxNumAlgoOrders': 5}]",['SPOT'],EXPIRE_MAKER,"['EXPIRE_TAKER', 'EXPIRE_MAKER', 'EXPIRE_BOTH']",0.00000001,0.00000001,1.00000000,1.00,1.00,36348600000.00,1.00000000
594,USELESSUSDT,TRADING,USELESS,8,USDT,8,8,8,8,"['LIMIT', 'LIMIT_MAKER', 'MARKET', 'STOP_LOSS_LIMIT', 'TAKE_PROFIT_LIMIT']",True,True,True,True,True,True,False,"[{'filterType': 'PRICE_FILTER', 'minPrice': '0.00010000', 'maxPrice': '1000.00000000', 'tickSize': '0.00010000'}, {'filterType': 'LOT_SIZE', 'minQty': '0.10000000', 'maxQty': '92141578.00000000', 'stepSize': '0.10000000'}, {'filterType': 'MIN_NOTIONAL', 'minNotional': '1.00000000', 'applyToMarket': True, 'avgPriceMins': 5}, {'filterType': 'ICEBERG_PARTS', 'limit': 10}, {'filterType': 'MARKET_LOT_SIZE', 'minQty': '0.00000000', 'maxQty': '29107.83054393', 'stepSize': '0.00000000'}, {'filterType': 'TRAILING_DELTA', 'minTrailingAboveDelta': 10, 'maxTrailingAboveDelta': 2000, 'minTrailingBelowDelta': 10, 'maxTrailingBelowDelta': 2000}, {'filterType': 'PERCENT_PRICE_BY_SIDE', 'bidMultiplierUp': '1.25', 'bidMultiplierDown': '0.2', 'askMultiplierUp': '5', 'askMultiplierDown': '0.75', 'avgPriceMins': 5}, {'filterType': 'MAX_NUM_ORDERS', 'maxNumOrders': 200}, {'filterType': 'MAX_NUM_ALGO_ORDERS', 'maxNumAlgoOrders': 5}]",['SPOT'],EXPIRE_MAKER,"['EXPIRE_TAKER', 'EXPIRE_MAKER', 'EXPIRE_BOTH']",0.00010000,0.00010000,1000.00000000,0.10000000,0.10000000,92141578.00000000,1.00000000
595,A2ZUSDT,TRADING,A2Z,8,USDT,8,8,8,8,"['LIMIT', 'LIMIT_MAKER', 'MARKET', 'STOP_LOSS_LIMIT', 'TAKE_PROFIT_LIMIT']",True,True,True,True,True,True,False,"[{'filterType': 'PRICE_FILTER', 'minPrice': '0.00000100', 'maxPrice': '10.00000000', 'tickSize': '0.00000100'}, {'filterType': 'LOT_SIZE', 'minQty': '1.00000000', 'maxQty': '8384883677.00000000', 'stepSize': '1.00000000'}, {'filterType': 'MIN_NOTIONAL', 'minNotional': '1.00000000', 'applyToMarket': True, 'avgPriceMins': 5}, {'filterType': 'ICEBERG_PARTS', 'limit': 10}, {'filterType': 'MARKET_LOT_SIZE', 'minQty': '0.00000000', 'maxQty': '1504072.55648535', 'stepSize': '0.00000000'}, {'filterType': 'TRAILING_DELTA', 'minTrailingAboveDelta': 10, 'maxTrailingAboveDelta': 2000, 'minTrailingBelowDelta': 10, 'maxTrailingBelowDelta': 2000}, {'filterType': 'PERCENT_PRICE_BY_SIDE', 'bidMultiplierUp': '1.25', 'bidMultiplierDown': '0.2', 'askMultiplierUp': '5', 'askMultiplierDown': '0.75', 'avgPriceMins': 5}, {'filterType': 'MAX_NUM_ORDERS', 'maxNumOrders': 200}, {'filterType': 'MAX_NUM_ALGO_ORDERS', 'maxNumAlgoOrders': 5}]",['SPOT'],EXPIRE_MAKER,"['EXPIRE_TAKER', 'EXPIRE_MAKER', 'EXPIRE_BOTH']",0.00000100,0.00000100,10.00000000,1.00000000,1.00000000,8384883677.00000000,1.00000000
596,NOBODYUSDT,TRADING,NOBODY,8,USDT,8,8,8,8,"['LIMIT', 'LIMIT_MAKER', 'MARKET', 'STOP_LOSS_LIMIT', 'TAKE_PROFIT_LIMIT']",True,True,True,True,True,True,False,"[{'filterType': 'PRICE_FILTER', 'minPrice': '0.00000100', 'maxPrice': '100.00000000', 'tickSize': '0.00000100'}, {'filterType': 'LOT_SIZE', 'minQty': '1.00000000', 'maxQty': '913205152.00000000', 'stepSize': '1.00000000'}, {'filterType': 'MIN_NOTIONAL', 'minNotional': '1.00000000', 'applyToMarket': True, 'avgPriceMins': 5}, {'filterType': 'ICEBERG_PARTS', 'limit': 10}, {'filterType': 'MARKET_LOT_SIZE', 'minQty': '0.00000000', 'maxQty': '42087.98326359', 'stepSize': '0.00000000'}, {'filterType': 'TRAILING_DELTA', 'minTrailingAboveDelta': 10, 'maxTrailingAboveDelta': 2000, 'minTrailingBelowDelta': 10, 'maxTrailingBelowDelta': 2000}, {'filterType': 'PERCENT_PRICE_BY_SIDE', 'bidMultiplierUp': '1.25', 'bidMultiplierDown': '0.2', 'askMultiplierUp': '5', 'askMultiplierDown': '0.75', 'avgPriceMins': 5}, {'filterType': 'MAX_NUM_ORDERS', 'maxNumOrders': 200}, {'filterType': 'MAX_NUM_ALGO_ORDERS', 'maxNumAlgoOrders': 5}]",['SPOT'],EXPIRE_MAKER,"['EXPIRE_TAKER', 'EXPIRE_MAKER', 'EXPIRE_BOTH']",0.00000100,0.00000100,100.00000000,1.00000000,1.00000000,913205152.00000000,1.00000000
597,PUMPUSDT,TRADING,PUMP,2,USDT,8,8,2,8,"['LIMIT', 'LIMIT_MAKER', 'MARKET', 'STOP_LOSS_LIMIT', 'TAKE_PROFIT_LIMIT']",True,True,True,True,True,True,False,"[{'filterType': 'PRICE_FILTER', 'minPrice': '0.00000100', 'maxPrice': '1.00000000', 'tickSize': '0.00000100'}, {'filterType': 'LOT_SIZE', 'minQty': '1.00', 'maxQty': '46000000000.00', 'stepSize': '1.00'}, {'filterType': 'MIN_NOTIONAL', 'minNotional': '1.00000000', 'applyToMarket': True, 'avgPriceMins': 5}, {'filterType': 'ICEBERG_PARTS', 'limit': 10}, {'filterType': 'MARKET_LOT_SIZE', 'minQty': '0.00', 'maxQty': '8458706.38', 'stepSize': '0.00'}, {'filterType': 'TRAILING_DELTA', 'minTrailingAboveDelta': 10, 'maxTrailingAboveDelta': 2000, 'minTrailingBelowDelta': 10, 'maxTrailingBelowDelta': 2000}, {'filterType': 'PERCENT_PRICE_BY_SIDE', 'bidMultiplierUp': '1.25', 'bidMultiplierDown': '0.2', 'askMultiplierUp': '5', 'askMultiplierDown': '0.75', 'avgPriceMins': 5}, {'filterType': 'MAX_NUM_ORDERS', 'maxNumOrders': 200}, {'filterType': 'MAX_NUM_ALGO_ORDERS', 'maxNumAlgoOrders': 5}]",['SPOT'],EXPIRE_MAKER,"['EXPIRE_TAKER', 'EXPIRE_MAKER', 'EXPIRE_BOTH']",0.00000100,0.00000100,1.00000000,1.00,1.00,46000000000.00,1.00000000
598,AUSDT,TRADING,A,8,USDT,8,8,8,8,"['LIMIT', 'LIMIT_MAKER', 'MARKET', 'STOP_LOSS_LIMIT', 'TAKE_PROFIT_LIMIT']",True,True,True,True,True,True,False,"[{'filterType': 'PRICE_FILTER', 'minPrice': '0.00010000', 'maxPrice': '1000.00000000', 'tickSize': '0.00010000'}, {'filterType': 'LOT_SIZE', 'minQty': '0.10000000', 'maxQty': '92141578.00000000', 'stepSize': '0.10000000'}, {'filterType': 'MIN_NOTIONAL', 'minNotional': '1.00000000', 'applyToMarket': True, 'avgPriceMins': 5}, {'filterType': 'ICEBERG_PARTS', 'limit': 10}, {'filterType': 'MARKET_LOT_SIZE', 'minQty': '0.00000000', 'maxQty': '20236.46359832', 'stepSize': '0.00000000'}, {'filterType': 'TRAILING_DELTA', 'minTrailingAboveDelta': 10, 'maxTrailingAboveDelta': 2000, 'minTrailingBelowDelta': 10, 'maxTrailingBelowDelta': 2000}, {'filterType': 'PERCENT_PRICE_BY_SIDE', 'bidMultiplierUp': '1.25', 'bidMultiplierDown': '0.2', 'askMultiplierUp': '5', 'askMultiplierDown': '0.75', 'avgPriceMins': 5}, {'filterType': 'MAX_NUM_ORDERS', 'maxNumOrders': 200}, {'filterType': 'MAX_NUM_ALGO_ORDERS', 'maxNumAlgoOrders': 5}]",['SPOT'],EXPIRE_MAKER,"['EXPIRE_TAKER', 'EXPIRE_MAKER', 'EXPIRE_BOTH']",0.00010000,0.00010000,1000.00000000,0.10000000,0.10000000,92141578.00000000,1.00000000
599,MEWUSDT,TRADING,MEW,2,USDT,8,8,2,8,"['LIMIT', 'LIMIT_MAKER', 'MARKET', 'STOP_LOSS_LIMIT', 'TAKE_PROFIT_LIMIT']",True,True,True,True,True,True,False,"[{'filterType': 'PRICE_FILTER', 'minPrice': '0.00000100', 'maxPrice': '1.00000000', 'tickSize': '0.00000100'}, {'filterType': 'LOT_SIZE', 'minQty': '1.00', 'maxQty': '46000000000.00', 'stepSize': '1.00'}, {'filterType': 'MIN_NOTIONAL', 'minNotional': '1.00000000', 'applyToMarket': True, 'avgPriceMins': 5}, {'filterType': 'ICEBERG_PARTS', 'limit': 10}, {'filterType': 'MARKET_LOT_SIZE', 'minQty': '0.00', 'maxQty': '2145809.00', 'stepSize': '0.00'}, {'filterType': 'TRAILING_DELTA', 'minTrailingAboveDelta': 10, 'maxTrailingAboveDelta': 2000, 'minTrailingBelowDelta': 10, 'maxTrailingBelowDelta': 2000}, {'filterType': 'PERCENT_PRICE_BY_SIDE', 'bidMultiplierUp': '1.25', 'bidMultiplierDown': '0.2', 'askMultiplierUp': '5', 'askMultiplierDown': '0.75', 'avgPriceMins': 5}, {'filterType': 'MAX_NUM_ORDERS', 'maxNumOrders': 200}, {'filterType': 'MAX_NUM_ALGO_ORDERS', 'maxNumAlgoOrders': 5}]",['SPOT'],EXPIRE_MAKER,"['EXPIRE_TAKER', 'EXPIRE_MAKER', 'EXPIRE_BOTH']",0.00000100,0.00000100,1.00000000,1.00,1.00,46000000000.00,1.00000000
600,SKYUSDT,TRADING,SKY,8,USDT,8,8,8,8,"['LIMIT', 'LIMIT_MAKER', 'MARKET', 'STOP_LOSS_LIMIT', 'TAKE_PROFIT_LIMIT']",True,True,True,True,True,True,False,"[{'filterType': 'PRICE_FILTER', 'minPrice': '0.00000100', 'maxPrice': '100.00000000', 'tickSize': '0.00000100'}, {'filterType': 'LOT_SIZE', 'minQty': '1.00000000', 'maxQty': '913205152.00000000', 'stepSize': '1.00000000'}, {'filterType': 'MIN_NOTIONAL', 'minNotional': '1.00000000', 'applyToMarket': True, 'avgPriceMins': 5}, {'filterType': 'ICEBERG_PARTS', 'limit': 10}, {'filterType': 'MARKET_LOT_SIZE', 'minQty': '0.00000000', 'maxQty': '61984.19665271', 'stepSize': '0.00000000'}, {'filterType': 'TRAILING_DELTA', 'minTrailingAboveDelta': 10, 'maxTrailingAboveDelta': 2000, 'minTrailingBelowDelta': 10, 'maxTrailingBelowDelta': 2000}, {'filterType': 'PERCENT_PRICE_BY_SIDE', 'bidMultiplierUp': '1.25', 'bidMultiplierDown': '0.2', 'askMultiplierUp': '5', 'askMultiplierDown': '0.75', 'avgPriceMins': 5}, {'filterType': 'MAX_NUM_ORDERS', 'maxNumOrders': 200}, {'filterType': 'MAX_NUM_ALGO_ORDERS', 'maxNumAlgoOrders': 5}]",['SPOT'],EXPIRE_MAKER,"['EXPIRE_TAKER', 'EXPIRE_MAKER', 'EXPIRE_BOTH']",0.00000100,0.00000100,100.00000000,1.00000000,1.00000000,913205152.00000000,1.00000000
601,GIGAUSDT,TRADING,GIGA,8,USDT,8,8,8,8,"['LIMIT', 'LIMIT_MAKER', 'MARKET', 'STOP_LOSS_LIMIT', 'TAKE_PROFIT_LIMIT']",True,True,True,True,True,True,False,"[{'filterType': 'PRICE_FILTER', 'minPrice': '0.00000100', 'maxPrice': '100.00000000', 'tickSize': '0.00000100'}, {'filterType': 'LOT_SIZE', 'minQty': '1.00000000', 'maxQty': '913205152.00000000', 'stepSize': '1.00000000'}, {'filterType': 'MIN_NOTIONAL', 'minNotional': '1.00000000', 'applyToMarket': True, 'avgPriceMins': 5}, {'filterType': 'ICEBERG_PARTS', 'limit': 10}, {'filterType': 'MARKET_LOT_SIZE', 'minQty': '0.00000000', 'maxQty': '3059210.95397489', 'stepSize': '0.00000000'}, {'filterType': 'TRAILING_DELTA', 'minTrailingAboveDelta': 10, 'maxTrailingAboveDelta': 2000, 'minTrailingBelowDelta': 10, 'maxTrailingBelowDelta': 2000}, {'filterType': 'PERCENT_PRICE_BY_SIDE', 'bidMultiplierUp': '1.25', 'bidMultiplierDown': '0.2', 'askMultiplierUp': '5', 'askMultiplierDown': '0.75', 'avgPriceMins': 5}, {'filterType': 'MAX_NUM_ORDERS', 'maxNumOrders': 200}, {'filterType': 'MAX_NUM_ALGO_ORDERS', 'maxNumAlgoOrders': 5}]",['SPOT'],EXPIRE_MAKER,"['EXPIRE_TAKER', 'EXPIRE_MAKER', 'EXPIRE_BOTH']",0.00000100,0.00000100,100.00000000,1.00000000,1.00000000,913205152.00000000,1.00000000
602,DOODUSDT,TRADING,DOOD,8,USDT,8,8,8,8,"['LIMIT', 'LIMIT_MAKER', 'MARKET', 'STOP_LOSS_LIMIT', 'TAKE_PROFIT_LIMIT']",True,True,True,True,True,True,False,"[{'filterType': 'PRICE_FILTER', 'minPrice': '0.00000100', 'maxPrice': '10.00000000', 'tickSize': '0.00000100'}, {'filterType': 'LOT_SIZE', 'minQty': '1.00000000', 'maxQty': '8384883677.00000000', 'stepSize': '1.00000000'}, {'filterType': 'MIN_NOTIONAL', 'minNotional': '1.00000000', 'applyToMarket': True, 'avgPriceMins': 5}, {'filterType': 'ICEBERG_PARTS', 'limit': 10}, {'filterType': 'MARKET_LOT_SIZE', 'minQty': '0.00000000', 'maxQty': '516502.55648535', 'stepSize': '0.00000000'}, {'filterType': 'TRAILING_DELTA', 'minTrailingAboveDelta': 10, 'maxTrailingAboveDelta': 2000, 'minTrailingBelowDelta': 10, 'maxTrailingBelowDelta': 2000}, {'filterType': 'PERCENT_PRICE_BY_SIDE', 'bidMultiplierUp': '1.25', 'bidMultiplierDown': '0.2', 'askMultiplierUp': '5', 'askMultiplierDown': '0.75', 'avgPriceMins': 5}, {'filterType': 'MAX_NUM_ORDERS', 'maxNumOrders': 200}, {'filterType': 'MAX_NUM_ALGO_ORDERS', 'maxNumAlgoOrders': 5}]",['SPOT'],EXPIRE_MAKER,"['EXPIRE_TAKER', 'EXPIRE_MAKER', 'EXPIRE_BOTH']",0.00000100,0.00000100,10.00000000,1.00000000,1.00000000,8384883677.00000000,1.00000000
603,ASTERUSDT,TRADING,ASTER,8,USDT,8,8,8,8,"['LIMIT', 'LIMIT_MAKER', 'MARKET', 'STOP_LOSS_LIMIT', 'TAKE_PROFIT_LIMIT']",True,True,True,True,True,True,False,"[{'filterType': 'PRICE_FILTER', 'minPrice': '0.00010000', 'maxPrice': '1000.00000000', 'tickSize': '0.00010000'}, {'filterType': 'LOT_SIZE', 'minQty': '0.01000000', 'maxQty': '92141578.00000000', 'stepSize': '0.01000000'}, {'filterType': 'MIN_NOTIONAL', 'minNotional': '1.00000000', 'applyToMarket': True, 'avgPriceMins': 5}, {'filterType': 'ICEBERG_PARTS', 'limit': 10}, {'filterType': 'MARKET_LOT_SIZE', 'minQty': '0.00000000', 'maxQty': '26920.09192468', 'stepSize': '0.00000000'}, {'filterType': 'TRAILING_DELTA', 'minTrailingAboveDelta': 10, 'maxTrailingAboveDelta': 2000, 'minTrailingBelowDelta': 10, 'maxTrailingBelowDelta': 2000}, {'filterType': 'PERCENT_PRICE_BY_SIDE', 'bidMultiplierUp': '1.25', 'bidMultiplierDown': '0.2', 'askMultiplierUp': '5', 'askMultiplierDown': '0.75', 'avgPriceMins': 5}, {'filterType': 'MAX_NUM_ORDERS', 'maxNumOrders': 200}, {'filterType': 'MAX_NUM_ALGO_ORDERS', 'maxNumAlgoOrders': 5}]",['SPOT'],EXPIRE_MAKER,"['EXPIRE_TAKER', 'EXPIRE_MAKER', 'EXPIRE_BOTH']",0.00010000,0.00010000,1000.00000000,0.01000000,0.01000000,92141578.00000000,1.00000000
604,DUSKUSDT,TRADING,DUSK,8,USDT,8,8,8,8,"['LIMIT', 'LIMIT_MAKER', 'MARKET', 'STOP_LOSS_LIMIT', 'TAKE_PROFIT_LIMIT']",True,True,True,True,True,True,False,"[{'filterType': 'PRICE_FILTER', 'minPrice': '0.00010000', 'maxPrice': '1000.00000000', 'tickSize': '0.00010000'}, {'filterType': 'LOT_SIZE', 'minQty': '1.00000000', 'maxQty': '9222449.00000000', 'stepSize': '1.00000000'}, {'filterType': 'MIN_NOTIONAL', 'minNotional': '1.00000000', 'applyToMarket': True, 'avgPriceMins': 5}, {'filterType': 'ICEBERG_PARTS', 'limit': 10}, {'filterType': 'MARKET_LOT_SIZE', 'minQty': '0.00000000', 'maxQty': '17653.50627615', 'stepSize': '0.00000000'}, {'filterType': 'TRAILING_DELTA', 'minTrailingAboveDelta': 10, 'maxTrailingAboveDelta': 2000, 'minTrailingBelowDelta': 10, 'maxTrailingBelowDelta': 2000}, {'filterType': 'PERCENT_PRICE_BY_SIDE', 'bidMultiplierUp': '1.25', 'bidMultiplierDown': '0.2', 'askMultiplierUp': '5', 'askMultiplierDown': '0.75', 'avgPriceMins': 5}, {'filterType': 'MAX_NUM_ORDERS', 'maxNumOrders': 200}, {'filterType': 'MAX_NUM_ALGO_ORDERS', 'maxNumAlgoOrders': 5}]",['SPOT'],EXPIRE_MAKER,"['EXPIRE_TAKER', 'EXPIRE_MAKER', 'EXPIRE_BOTH']",0.00010000,0.00010000,1000.00000000,1.00000000,1.00000000,9222449.00000000,1.00000000
605,GASUSDT,TRADING,GAS,8,USDT,8,8,8,8,"['LIMIT', 'LIMIT_MAKER', 'MARKET', 'STOP_LOSS_LIMIT', 'TAKE_PROFIT_LIMIT']",True,True,True,True,True,True,False,"[{'filterType': 'PRICE_FILTER', 'minPrice': '0.00100000', 'maxPrice': '1000.00000000', 'tickSize': '0.00100000'}, {'filterType': 'LOT_SIZE', 'minQty': '0.10000000', 'maxQty': '92141578.00000000', 'stepSize': '0.10000000'}, {'filterType': 'MIN_NOTIONAL', 'minNotional': '1.00000000', 'applyToMarket': True, 'avgPriceMins': 5}, {'filterType': 'ICEBERG_PARTS', 'limit': 10}, {'filterType': 'MARKET_LOT_SIZE', 'minQty': '0.00000000', 'maxQty': '478.98326359', 'stepSize': '0.00000000'}, {'filterType': 'TRAILING_DELTA', 'minTrailingAboveDelta': 10, 'maxTrailingAboveDelta': 2000, 'minTrailingBelowDelta': 10, 'maxTrailingBelowDelta': 2000}, {'filterType': 'PERCENT_PRICE_BY_SIDE', 'bidMultiplierUp': '1.25', 'bidMultiplierDown': '0.2', 'askMultiplierUp': '5', 'askMultiplierDown': '0.75', 'avgPriceMins': 5}, {'filterType': 'MAX_NUM_ORDERS', 'maxNumOrders': 200}, {'filterType': 'MAX_NUM_ALGO_ORDERS', 'maxNumAlgoOrders': 5}]",['SPOT'],EXPIRE_MAKER,"['EXPIRE_TAKER', 'EXPIRE_MAKER', 'EXPIRE_BOTH']",0.00100000,0.00100000,1000.00000000,0.10000000,0.10000000,92141578.00000000,1.00000000
606,AVNTUSDT,TRADING,AVNT,8,USDT,8,8,8,8,"['LIMIT', 'LIMIT_MAKER', 'MARKET', 'STOP_LOSS_LIMIT', 'TAKE_PROFIT_LIMIT']",True,True,True,True,True,True,False,"[{'filterType': 'PRICE_FILTER', 'minPrice': '0.00010000', 'maxPrice': '1000.00000000', 'tickSize': '0.00010000'}, {'filterType': 'LOT_SIZE', 'minQty': '0.10000000', 'maxQty': '92141578.00000000', 'stepSize': '0.10000000'}, {'filterType': 'MIN_NOTIONAL', 'minNotional': '1.00000000', 'applyToMarket': True, 'avgPriceMins': 5}, {'filterType': 'ICEBERG_PARTS', 'limit': 10}, {'filterType': 'MARKET_LOT_SIZE', 'minQty': '0.00000000', 'maxQty': '93713.27280334', 'stepSize': '0.00000000'}, {'filterType': 'TRAILING_DELTA', 'minTrailingAboveDelta': 10, 'maxTrailingAboveDelta': 2000, 'minTrailingBelowDelta': 10, 'maxTrailingBelowDelta': 2000}, {'filterType': 'PERCENT_PRICE_BY_SIDE', 'bidMultiplierUp': '1.25', 'bidMultiplierDown': '0.2', 'askMultiplierUp': '5', 'askMultiplierDown': '0.75', 'avgPriceMins': 5}, {'filterType': 'MAX_NUM_ORDERS', 'maxNumOrders': 200}, {'filterType': 'MAX_NUM_ALGO_ORDERS', 'maxNumAlgoOrders': 5}]",['SPOT'],EXPIRE_MAKER,"['EXPIRE_TAKER', 'EXPIRE_MAKER', 'EXPIRE_BOTH']",0.00010000,0.00010000,1000.00000000,0.10000000,0.10000000,92141578.00000000,1.00000000
607,USD1USDT,TRADING,USD1,8,USDT,8,8,8,8,"['LIMIT', 'LIMIT_MAKER', 'MARKET', 'STOP_LOSS_LIMIT', 'TAKE_PROFIT_LIMIT']",True,True,True,True,True,True,False,"[{'filterType': 'PRICE_FILTER', 'minPrice': '0.80000000', 'maxPrice': '1.20000000', 'tickSize': '0.00010000'}, {'filterType': 'LOT_SIZE', 'minQty': '1.00000000', 'maxQty': '10000000.00000000', 'stepSize': '1.00000000'}, {'filterType': 'MIN_NOTIONAL', 'minNotional': '1.00000000', 'applyToMarket': True, 'avgPriceMins': 5}, {'filterType': 'ICEBERG_PARTS', 'limit': 10}, {'filterType': 'MARKET_LOT_SIZE', 'minQty': '0.00000000', 'maxQty': '17.66480446', 'stepSize': '0.00000000'}, {'filterType': 'TRAILING_DELTA', 'minTrailingAboveDelta': 10, 'maxTrailingAboveDelta': 2000, 'minTrailingBelowDelta': 10, 'maxTrailingBelowDelta': 2000}, {'filterType': 'PERCENT_PRICE_BY_SIDE', 'bidMultiplierUp': '1.05', 'bidMultiplierDown': '0.95', 'askMultiplierUp': '1.05', 'askMultiplierDown': '0.95', 'avgPriceMins': 5}, {'filterType': 'MAX_NUM_ORDERS', 'maxNumOrders': 200}, {'filterType': 'MAX_NUM_ALGO_ORDERS', 'maxNumAlgoOrders': 5}]",['SPOT'],EXPIRE_MAKER,"['EXPIRE_TAKER', 'EXPIRE_MAKER', 'EXPIRE_BOTH']",0.00010000,0.80000000,1.20000000,1.00000000,1.00000000,10000000.00000000,1.00000000
608,WLFIUSDT,TRADING,WLFI,2,USDT,8,8,2,8,"['LIMIT', 'LIMIT_MAKER', 'MARKET', 'STOP_LOSS_LIMIT', 'TAKE_PROFIT_LIMIT']",True,True,True,True,True,True,False,"[{'filterType': 'PRICE_FILTER', 'minPrice': '0.00010000', 'maxPrice': '100.00000000', 'tickSize': '0.00010000'}, {'filterType': 'LOT_SIZE', 'minQty': '0.10', 'maxQty': '913205152.00', 'stepSize': '0.10'}, {'filterType': 'MIN_NOTIONAL', 'minNotional': '1.00000000', 'applyToMarket': True, 'avgPriceMins': 5}, {'filterType': 'ICEBERG_PARTS', 'limit': 10}, {'filterType': 'MARKET_LOT_SIZE', 'minQty': '0.00', 'maxQty': '25943.96', 'stepSize': '0.00'}, {'filterType': 'TRAILING_DELTA', 'minTrailingAboveDelta': 10, 'maxTrailingAboveDelta': 2000, 'minTrailingBelowDelta': 10, 'maxTrailingBelowDelta': 2000}, {'filterType': 'PERCENT_PRICE_BY_SIDE', 'bidMultiplierUp': '1.25', 'bidMultiplierDown': '0.2', 'askMultiplierUp': '5', 'askMultiplierDown': '0.75', 'avgPriceMins': 5}, {'filterType': 'MAX_NUM_ORDERS', 'maxNumOrders': 200}, {'filterType': 'MAX_NUM_ALGO_ORDERS', 'maxNumAlgoOrders': 5}]",['SPOT'],EXPIRE_MAKER,"['EXPIRE_TAKER', 'EXPIRE_MAKER', 'EXPIRE_BOTH']",0.00010000,0.00010000,100.00000000,0.10,0.10,913205152.00,1.00000000
609,SEIUSDT,TRADING,SEI,8,USDT,8,8,8,8,"['LIMIT', 'LIMIT_MAKER', 'MARKET', 'STOP_LOSS_LIMIT', 'TAKE_PROFIT_LIMIT']",True,True,True,True,True,True,False,"[{'filterType': 'PRICE_FILTER', 'minPrice': '0.00001000', 'maxPrice': '1000.00000000', 'tickSize': '0.00001000'}, {'filterType': 'LOT_SIZE', 'minQty': '0.10000000', 'maxQty': '92141578.00000000', 'stepSize': '0.10000000'}, {'filterType': 'MIN_NOTIONAL', 'minNotional': '1.00000000', 'applyToMarket': True, 'avgPriceMins': 5}, {'filterType': 'ICEBERG_PARTS', 'limit': 10}, {'filterType': 'MARKET_LOT_SIZE', 'minQty': '0.00000000', 'maxQty': '6362.72635983', 'stepSize': '0.00000000'}, {'filterType': 'TRAILING_DELTA', 'minTrailingAboveDelta': 10, 'maxTrailingAboveDelta': 2000, 'minTrailingBelowDelta': 10, 'maxTrailingBelowDelta': 2000}, {'filterType': 'PERCENT_PRICE_BY_SIDE', 'bidMultiplierUp': '1.25', 'bidMultiplierDown': '0.2', 'askMultiplierUp': '5', 'askMultiplierDown': '0.75', 'avgPriceMins': 5}, {'filterType': 'MAX_NUM_ORDERS', 'maxNumOrders': 200}, {'filterType': 'MAX_NUM_ALGO_ORDERS', 'maxNumAlgoOrders': 5}]",['SPOT'],EXPIRE_MAKER,"['EXPIRE_TAKER', 'EXPIRE_MAKER', 'EXPIRE_BOTH']",0.00001000,0.00001000,1000.00000000,0.10000000,0.10000000,92141578.00000000,1.00000000
610,PURRUSDT,TRADING,PURR,8,USDT,8,8,8,8,"['LIMIT', 'LIMIT_MAKER', 'MARKET', 'STOP_LOSS_LIMIT', 'TAKE_PROFIT_LIMIT']",True,True,True,True,True,True,False,"[{'filterType': 'PRICE_FILTER', 'minPrice': '0.00010000', 'maxPrice': '1000.00000000', 'tickSize': '0.00010000'}, {'filterType': 'LOT_SIZE', 'minQty': '0.10000000', 'maxQty': '92141578.00000000', 'stepSize': '0.10000000'}, {'filterType': 'MIN_NOTIONAL', 'minNotional': '1.00000000', 'applyToMarket': True, 'avgPriceMins': 5}, {'filterType': 'ICEBERG_PARTS', 'limit': 10}, {'filterType': 'MARKET_LOT_SIZE', 'minQty': '0.00000000', 'maxQty': '434.10000000', 'stepSize': '0.00000000'}, {'filterType': 'TRAILING_DELTA', 'minTrailingAboveDelta': 10, 'maxTrailingAboveDelta': 2000, 'minTrailingBelowDelta': 10, 'maxTrailingBelowDelta': 2000}, {'filterType': 'PERCENT_PRICE_BY_SIDE', 'bidMultiplierUp': '1.25', 'bidMultiplierDown': '0.2', 'askMultiplierUp': '5', 'askMultiplierDown': '0.75', 'avgPriceMins': 5}, {'filterType': 'MAX_NUM_ORDERS', 'maxNumOrders': 200}, {'filterType': 'MAX_NUM_ALGO_ORDERS', 'maxNumAlgoOrders': 5}]",['SPOT'],EXPIRE_MAKER,"['EXPIRE_TAKER', 'EXPIRE_MAKER', 'EXPIRE_BOTH']",0.00010000,0.00010000,1000.00000000,0.10000000,0.10000000,92141578.00000000,1.00000000
611,TIAUSDT,TRADING,TIA,8,USDT,8,8,8,8,"['LIMIT', 'LIMIT_MAKER', 'MARKET', 'STOP_LOSS_LIMIT', 'TAKE_PROFIT_LIMIT']",True,True,True,True,True,True,False,"[{'filterType': 'PRICE_FILTER', 'minPrice': '0.00010000', 'maxPrice': '1000.00000000', 'tickSize': '0.00010000'}, {'filterType': 'LOT_SIZE', 'minQty': '0.01000000', 'maxQty': '92141578.00000000', 'stepSize': '0.01000000'}, {'filterType': 'MIN_NOTIONAL', 'minNotional': '1.00000000', 'applyToMarket': True, 'avgPriceMins': 5}, {'filterType': 'ICEBERG_PARTS', 'limit': 10}, {'filterType': 'MARKET_LOT_SIZE', 'minQty': '0.00000000', 'maxQty': '2252.82489539', 'stepSize': '0.00000000'}, {'filterType': 'TRAILING_DELTA', 'minTrailingAboveDelta': 10, 'maxTrailingAboveDelta': 2000, 'minTrailingBelowDelta': 10, 'maxTrailingBelowDelta': 2000}, {'filterType': 'PERCENT_PRICE_BY_SIDE', 'bidMultiplierUp': '1.25', 'bidMultiplierDown': '0.2', 'askMultiplierUp': '5', 'askMultiplierDown': '0.75', 'avgPriceMins': 5}, {'filterType': 'MAX_NUM_ORDERS', 'maxNumOrders': 200}, {'filterType': 'MAX_NUM_ALGO_ORDERS', 'maxNumAlgoOrders': 5}]",['SPOT'],EXPIRE_MAKER,"['EXPIRE_TAKER', 'EXPIRE_MAKER', 'EXPIRE_BOTH']",0.00010000,0.00010000,1000.00000000,0.01000000,0.01000000,92141578.00000000,1.00000000
612,CAKEUSDT,TRADING,CAKE,8,USDT,8,8,8,8,"['LIMIT', 'LIMIT_MAKER', 'MARKET', 'STOP_LOSS_LIMIT', 'TAKE_PROFIT_LIMIT']",True,True,True,True,True,True,False,"[{'filterType': 'PRICE_FILTER', 'minPrice': '0.00100000', 'maxPrice': '1000.00000000', 'tickSize': '0.00100000'}, {'filterType': 'LOT_SIZE', 'minQty': '0.01000000', 'maxQty': '90000.00000000', 'stepSize': '0.01000000'}, {'filterType': 'MIN_NOTIONAL', 'minNotional': '1.00000000', 'applyToMarket': True, 'avgPriceMins': 5}, {'filterType': 'ICEBERG_PARTS', 'limit': 10}, {'filterType': 'MARKET_LOT_SIZE', 'minQty': '0.00000000', 'maxQty': '1770.35368200', 'stepSize': '0.00000000'}, {'filterType': 'TRAILING_DELTA', 'minTrailingAboveDelta': 10, 'maxTrailingAboveDelta': 2000, 'minTrailingBelowDelta': 10, 'maxTrailingBelowDelta': 2000}, {'filterType': 'PERCENT_PRICE_BY_SIDE', 'bidMultiplierUp': '1.25', 'bidMultiplierDown': '0.2', 'askMultiplierUp': '5', 'askMultiplierDown': '0.75', 'avgPriceMins': 5}, {'filterType': 'MAX_NUM_ORDERS', 'maxNumOrders': 200}, {'filterType': 'MAX_NUM_ALGO_ORDERS', 'maxNumAlgoOrders': 5}]",['SPOT'],EXPIRE_MAKER,"['EXPIRE_TAKER', 'EXPIRE_MAKER', 'EXPIRE_BOTH']",0.00100000,0.00100000,1000.00000000,0.01000000,0.01000000,90000.00000000,1.00000000
613,TWTUSDT,TRADING,TWT,8,USDT,8,8,8,8,"['LIMIT', 'LIMIT_MAKER', 'MARKET', 'STOP_LOSS_LIMIT', 'TAKE_PROFIT_LIMIT']",True,True,True,True,True,True,False,"[{'filterType': 'PRICE_FILTER', 'minPrice': '0.00010000', 'maxPrice': '1000.00000000', 'tickSize': '0.00010000'}, {'filterType': 'LOT_SIZE', 'minQty': '1.00000000', 'maxQty': '900000.00000000', 'stepSize': '1.00000000'}, {'filterType': 'MIN_NOTIONAL', 'minNotional': '1.00000000', 'applyToMarket': True, 'avgPriceMins': 5}, {'filterType': 'ICEBERG_PARTS', 'limit': 10}, {'filterType': 'MARKET_LOT_SIZE', 'minQty': '0.00000000', 'maxQty': '1181.07949790', 'stepSize': '0.00000000'}, {'filterType': 'TRAILING_DELTA', 'minTrailingAboveDelta': 10, 'maxTrailingAboveDelta': 2000, 'minTrailingBelowDelta': 10, 'maxTrailingBelowDelta': 2000}, {'filterType': 'PERCENT_PRICE_BY_SIDE', 'bidMultiplierUp': '1.25', 'bidMultiplierDown': '0.2', 'askMultiplierUp': '5', 'askMultiplierDown': '0.75', 'avgPriceMins': 5}, {'filterType': 'MAX_NUM_ORDERS', 'maxNumOrders': 200}, {'filterType': 'MAX_NUM_ALGO_ORDERS', 'maxNumAlgoOrders': 5}]",['SPOT'],EXPIRE_MAKER,"['EXPIRE_TAKER', 'EXPIRE_MAKER', 'EXPIRE_BOTH']",0.00010000,0.00010000,1000.00000000,1.00000000,1.00000000,900000.00000000,1.00000000
614,TROLLUSDT,TRADING,TROLL,8,USDT,8,8,8,8,"['LIMIT', 'LIMIT_MAKER', 'MARKET', 'STOP_LOSS_LIMIT', 'TAKE_PROFIT_LIMIT']",True,True,True,True,True,True,False,"[{'filterType': 'PRICE_FILTER', 'minPrice': '0.00000100', 'maxPrice': '100.00000000', 'tickSize': '0.00000100'}, {'filterType': 'LOT_SIZE', 'minQty': '1.00000000', 'maxQty': '913205152.00000000', 'stepSize': '1.00000000'}, {'filterType': 'MIN_NOTIONAL', 'minNotional': '1.00000000', 'applyToMarket': True, 'avgPriceMins': 5}, {'filterType': 'ICEBERG_PARTS', 'limit': 10}, {'filterType': 'MARKET_LOT_SIZE', 'minQty': '0.00000000', 'maxQty': '879228.31380753', 'stepSize': '0.00000000'}, {'filterType': 'TRAILING_DELTA', 'minTrailingAboveDelta': 10, 'maxTrailingAboveDelta': 2000, 'minTrailingBelowDelta': 10, 'maxTrailingBelowDelta': 2000}, {'filterType': 'PERCENT_PRICE_BY_SIDE', 'bidMultiplierUp': '1.25', 'bidMultiplierDown': '0.2', 'askMultiplierUp': '5', 'askMultiplierDown': '0.75', 'avgPriceMins': 5}, {'filterType': 'MAX_NUM_ORDERS', 'maxNumOrders': 200}, {'filterType': 'MAX_NUM_ALGO_ORDERS', 'maxNumAlgoOrders': 5}]",['SPOT'],EXPIRE_MAKER,"['EXPIRE_TAKER', 'EXPIRE_MAKER', 'EXPIRE_BOTH']",0.00000100,0.00000100,100.00000000,1.00000000,1.00000000,913205152.00000000,1.00000000
615,RHEAUSDT,TRADING,RHEA,8,USDT,8,8,8,8,"['LIMIT', 'LIMIT_MAKER', 'MARKET', 'STOP_LOSS_LIMIT', 'TAKE_PROFIT_LIMIT']",True,True,True,True,True,True,False,"[{'filterType': 'PRICE_FILTER', 'minPrice': '0.00000100', 'maxPrice': '100.00000000', 'tickSize': '0.00000100'}, {'filterType': 'LOT_SIZE', 'minQty': '1.00000000', 'maxQty': '913205152.00000000', 'stepSize': '1.00000000'}, {'filterType': 'MIN_NOTIONAL', 'minNotional': '1.00000000', 'applyToMarket': True, 'avgPriceMins': 5}, {'filterType': 'ICEBERG_PARTS', 'limit': 10}, {'filterType': 'MARKET_LOT_SIZE', 'minQty': '0.00000000', 'maxQty': '10593.00000000', 'stepSize': '0.00000000'}, {'filterType': 'TRAILING_DELTA', 'minTrailingAboveDelta': 10, 'maxTrailingAboveDelta': 2000, 'minTrailingBelowDelta': 10, 'maxTrailingBelowDelta': 2000}, {'filterType': 'PERCENT_PRICE_BY_SIDE', 'bidMultiplierUp': '1.25', 'bidMultiplierDown': '0.2', 'askMultiplierUp': '5', 'askMultiplierDown': '0.75', 'avgPriceMins': 5}, {'filterType': 'MAX_NUM_ORDERS', 'maxNumOrders': 200}, {'filterType': 'MAX_NUM_ALGO_ORDERS', 'maxNumAlgoOrders': 5}]",['SPOT'],EXPIRE_MAKER,"['EXPIRE_TAKER', 'EXPIRE_MAKER', 'EXPIRE_BOTH']",0.00000100,0.00000100,100.00000000,1.00000000,1.00000000,913205152.00000000,1.00000000
616,NPCUSDT,TRADING,NPC,8,USDT,8,8,8,8,"['LIMIT', 'LIMIT_MAKER', 'MARKET', 'STOP_LOSS_LIMIT', 'TAKE_PROFIT_LIMIT']",True,True,True,True,True,True,False,"[{'filterType': 'PRICE_FILTER', 'minPrice': '0.00000100', 'maxPrice': '100.00000000', 'tickSize': '0.00000100'}, {'filterType': 'LOT_SIZE', 'minQty': '1.00000000', 'maxQty': '913205152.00000000', 'stepSize': '1.00000000'}, {'filterType': 'MIN_NOTIONAL', 'minNotional': '1.00000000', 'applyToMarket': True, 'avgPriceMins': 5}, {'filterType': 'ICEBERG_PARTS', 'limit': 10}, {'filterType': 'MARKET_LOT_SIZE', 'minQty': '0.00000000', 'maxQty': '373074.09623430', 'stepSize': '0.00000000'}, {'filterType': 'TRAILING_DELTA', 'minTrailingAboveDelta': 10, 'maxTrailingAboveDelta': 2000, 'minTrailingBelowDelta': 10, 'maxTrailingBelowDelta': 2000}, {'filterType': 'PERCENT_PRICE_BY_SIDE', 'bidMultiplierUp': '1.25', 'bidMultiplierDown': '0.2', 'askMultiplierUp': '5', 'askMultiplierDown': '0.75', 'avgPriceMins': 5}, {'filterType': 'MAX_NUM_ORDERS', 'maxNumOrders': 200}, {'filterType': 'MAX_NUM_ALGO_ORDERS', 'maxNumAlgoOrders': 5}]",['SPOT'],EXPIRE_MAKER,"['EXPIRE_TAKER', 'EXPIRE_MAKER', 'EXPIRE_BOTH']",0.00000100,0.00000100,100.00000000,1.00000000,1.00000000,913205152.00000000,1.00000000
617,BMTUSDT,TRADING,BMT,8,USDT,8,8,8,8,"['LIMIT', 'LIMIT_MAKER', 'MARKET', 'STOP_LOSS_LIMIT', 'TAKE_PROFIT_LIMIT']",True,True,True,True,True,True,False,"[{'filterType': 'PRICE_FILTER', 'minPrice': '0.00001000', 'maxPrice': '100.00000000', 'tickSize': '0.00001000'}, {'filterType': 'LOT_SIZE', 'minQty': '0.10000000', 'maxQty': '913205152.00000000', 'stepSize': '0.10000000'}, {'filterType': 'MIN_NOTIONAL', 'minNotional': '1.00000000', 'applyToMarket': True, 'avgPriceMins': 5}, {'filterType': 'ICEBERG_PARTS', 'limit': 10}, {'filterType': 'MARKET_LOT_SIZE', 'minQty': '0.00000000', 'maxQty': '317023.92083333', 'stepSize': '0.00000000'}, {'filterType': 'TRAILING_DELTA', 'minTrailingAboveDelta': 10, 'maxTrailingAboveDelta': 2000, 'minTrailingBelowDelta': 10, 'maxTrailingBelowDelta': 2000}, {'filterType': 'PERCENT_PRICE_BY_SIDE', 'bidMultiplierUp': '1.25', 'bidMultiplierDown': '0.2', 'askMultiplierUp': '5', 'askMultiplierDown': '0.75', 'avgPriceMins': 5}, {'filterType': 'MAX_NUM_ORDERS', 'maxNumOrders': 200}, {'filterType': 'MAX_NUM_ALGO_ORDERS', 'maxNumAlgoOrders': 5}]",['SPOT'],EXPIRE_MAKER,"['EXPIRE_TAKER', 'EXPIRE_MAKER', 'EXPIRE_BOTH']",0.00001000,0.00001000,100.00000000,0.10000000,0.10000000,913205152.00000000,1.00000000
