,product_id,price,price_percentage_change_24h,volume_24h,volume_percentage_change_24h,base_increment,quote_increment,quote_min_size,quote_max_size,base_min_size,base_max_size,base_name,quote_name,watched,is_disabled,new,status,cancel_only,limit_only,post_only,trading_disabled,auction_mode,product_type,quote_currency_id,base_currency_id,fcm_trading_session_details,mid_market_price,alias,alias_to,base_display_symbol,quote_display_symbol,view_only,price_increment,display_name,product_venue,approximate_quote_24h_volume,new_at,market_cap,base_cbrn,quote_cbrn,product_cbrn,icon_color,icon_url,display_name_overwrite,is_alpha_testing,about_description,best_bid_price,best_ask_price,high_24h,low_24h,future_product_details
0,BIP-20DEC30-CDE,72640,-1.58515106354153,251381,255.48469207381744,1,0.01,0,100000000,1,5000,,US Dollar,False,False,False,,False,False,False,False,False,FUTURE,USD,,"{'is_session_open': True, 'open_time': '2026-05-29T22:00:00Z', 'close_time': '2026-06-01T21:00:00Z', 'session_state': 'FCM_TRADING_SESSION_STATE_OPEN', 'after_hours_order_entry_disabled': False, 'closed_reason': 'FCM_TRADING_SESSION_CLOSED_REASON_UNDEFINED', 'maintenance': None}",72637.5,,[],,USD,False,5,BTC PERP,FCM,182603158.4,,,,,,,,,False,,,,,,"{'venue': 'cde', 'contract_code': 'BIP', 'contract_expiry': '2030-12-20T16:00:00Z', 'contract_size': '0.01', 'contract_root_unit': 'BTC', 'group_description': 'nano BTC Perp Futures', 'contract_expiry_timezone': 'Europe/London', 'group_short_description': 'nano BTC Perp', 'risk_managed_by': 'MANAGED_BY_FCM', 'contract_expiry_type': 'EXPIRING', 'perpetual_details': {'open_interest': '178579', 'funding_rate': '', 'funding_time': None, 'max_leverage': '', 'base_asset_uuid': '', 'underlying_type': ''}, 'contract_display_name': 'BTC PERP', 'time_to_expiry_ms': '143698517811', 'non_crypto': False, 'contract_expiry_name': '2030-12', 'twenty_four_by_seven': True, 'funding_interval': '3600s', 'open_interest': '178579', 'funding_rate': '0.000012', 'funding_time': '2026-06-01T11:00:00Z', 'display_name': 'Bitcoin Perpetual', 'region_enabled': {}, 'intraday_margin_rate': {'long_margin_rate': '0.1000185', 'short_margin_rate': '0.1000008'}, 'overnight_margin_rate': {'long_margin_rate': '0.245625', 'short_margin_rate': '0.306375'}, 'settlement_price': '73420', 'futures_asset_type': 'FUTURES_ASSET_TYPE_CRYPTO', 'index_price': '72614.40224', 'contract_code_display_name': '', 'product_group_cbrn': '', 'futures_asset_types': ['FUTURES_ASSET_TYPE_CRYPTO'], 'trading_hours_type': 'TRADING_HOURS_TYPE_UNSPECIFIED'}"
1,BIT-26JUN26-CDE,72920,-1.64553547342865,59881,707.02156334231806,1,0.01,0,100000000,1,5000,,US Dollar,False,False,False,,False,False,False,False,False,FUTURE,USD,,"{'is_session_open': True, 'open_time': '2026-05-29T22:00:00Z', 'close_time': '2026-06-01T21:00:00Z', 'session_state': 'FCM_TRADING_SESSION_STATE_OPEN', 'after_hours_order_entry_disabled': False, 'closed_reason': 'FCM_TRADING_SESSION_CLOSED_REASON_UNDEFINED', 'maintenance': None}",72922.5,,[],,USD,False,5,BTC 26 JUN 26,FCM,43665225.2,,,,,,,,,False,,,,,,"{'venue': 'cde', 'contract_code': 'BIT', 'contract_expiry': '2026-06-26T15:00:00Z', 'contract_size': '0.01', 'contract_root_unit': 'BTC', 'group_description': 'nano Bitcoin Futures', 'contract_expiry_timezone': 'Europe/London', 'group_short_description': 'nano BTC', 'risk_managed_by': 'MANAGED_BY_FCM', 'contract_expiry_type': 'EXPIRING', 'perpetual_details': {'open_interest': '31663', 'funding_rate': '', 'funding_time': None, 'max_leverage': '', 'base_asset_uuid': '', 'underlying_type': ''}, 'contract_display_name': 'BTC 26 JUN 26', 'time_to_expiry_ms': '2171717811', 'non_crypto': False, 'contract_expiry_name': '2026-06', 'twenty_four_by_seven': True, 'funding_interval': None, 'open_interest': '31663', 'funding_rate': '', 'funding_time': None, 'display_name': 'Bitcoin Futures (Jun 2026)', 'region_enabled': {}, 'intraday_margin_rate': {'long_margin_rate': '0.0999375', 'short_margin_rate': '0.1001096'}, 'overnight_margin_rate': {'long_margin_rate': '0.234375', 'short_margin_rate': '0.289'}, 'settlement_price': '73740', 'futures_asset_type': 'FUTURES_ASSET_TYPE_CRYPTO', 'index_price': '', 'contract_code_display_name': '', 'product_group_cbrn': '', 'futures_asset_types': ['FUTURES_ASSET_TYPE_CRYPTO'], 'trading_hours_type': 'TRADING_HOURS_TYPE_UNSPECIFIED'}"
2,ETP-20DEC30-CDE,1984,-1.73353145121347,108841,308.62366721729989,1,0.01,0,100000000,1,5000,,US Dollar,False,False,False,,False,False,False,False,False,FUTURE,USD,,"{'is_session_open': True, 'open_time': '2026-05-29T22:00:00Z', 'close_time': '2026-06-01T21:00:00Z', 'session_state': 'FCM_TRADING_SESSION_STATE_OPEN', 'after_hours_order_entry_disabled': False, 'closed_reason': 'FCM_TRADING_SESSION_CLOSED_REASON_UNDEFINED', 'maintenance': None}",1984.25,,[],,USD,False,0.5,ETH PERP,FCM,21594054.4,,,,,,,,,False,,,,,,"{'venue': 'cde', 'contract_code': 'ETP', 'contract_expiry': '2030-12-20T16:00:00Z', 'contract_size': '0.1', 'contract_root_unit': 'ETH', 'group_description': 'nano ETH Perp Futures', 'contract_expiry_timezone': 'Europe/London', 'group_short_description': 'nano ETH Perp', 'risk_managed_by': 'MANAGED_BY_FCM', 'contract_expiry_type': 'EXPIRING', 'perpetual_details': {'open_interest': '202934', 'funding_rate': '', 'funding_time': None, 'max_leverage': '', 'base_asset_uuid': '', 'underlying_type': ''}, 'contract_display_name': 'ETH PERP', 'time_to_expiry_ms': '143698517811', 'non_crypto': False, 'contract_expiry_name': '2030-12', 'twenty_four_by_seven': True, 'funding_interval': '3600s', 'open_interest': '202934', 'funding_rate': '0.000019', 'funding_time': '2026-06-01T11:00:00Z', 'display_name': 'Ethereum Perpetual', 'region_enabled': {}, 'intraday_margin_rate': {'long_margin_rate': '0.100062', 'short_margin_rate': '0.0998894'}, 'overnight_margin_rate': {'long_margin_rate': '0.24525', 'short_margin_rate': '0.33475'}, 'settlement_price': '2014.5', 'futures_asset_type': 'FUTURES_ASSET_TYPE_CRYPTO', 'index_price': '1983.083337', 'contract_code_display_name': '', 'product_group_cbrn': '', 'futures_asset_types': ['FUTURES_ASSET_TYPE_CRYPTO'], 'trading_hours_type': 'TRADING_HOURS_TYPE_UNSPECIFIED'}"
3,GOL-29JUL26-CDE,4537.3,-0.91067918759554,20130,0,1,0.01,0,100000000,1,1000,,US Dollar,False,False,False,,False,False,False,False,False,FUTURE,USD,,"{'is_session_open': True, 'open_time': '2026-05-31T22:00:00Z', 'close_time': '2026-06-01T21:00:00Z', 'session_state': 'FCM_TRADING_SESSION_STATE_OPEN', 'after_hours_order_entry_disabled': False, 'closed_reason': 'FCM_TRADING_SESSION_CLOSED_REASON_UNDEFINED', 'maintenance': None}",4537.05,,[],,USD,False,0.1,GLD 29 JUL 26,FCM,91335849,,,,,,,,,False,,,,,,"{'venue': 'cde', 'contract_code': 'GOL', 'contract_expiry': '2026-07-29T17:30:00Z', 'contract_size': '1', 'contract_root_unit': 'CDEGLD', 'group_description': 'Gold Futures', 'contract_expiry_timezone': 'America/New_York', 'group_short_description': 'Gold Futures', 'risk_managed_by': 'MANAGED_BY_FCM', 'contract_expiry_type': 'EXPIRING', 'perpetual_details': {'open_interest': '6307', 'funding_rate': '', 'funding_time': None, 'max_leverage': '', 'base_asset_uuid': '', 'underlying_type': ''}, 'contract_display_name': 'GLD 29 JUL 26', 'time_to_expiry_ms': '5031917811', 'non_crypto': True, 'contract_expiry_name': '2026-08', 'twenty_four_by_seven': False, 'funding_interval': None, 'open_interest': '6307', 'funding_rate': '', 'funding_time': None, 'display_name': 'Gold Futures (Jul 2026)', 'region_enabled': {}, 'intraday_margin_rate': {'long_margin_rate': '0.04998', 'short_margin_rate': '0.0500021'}, 'overnight_margin_rate': {'long_margin_rate': '0.0525', 'short_margin_rate': '0.054875'}, 'settlement_price': '4593.7', 'futures_asset_type': 'FUTURES_ASSET_TYPE_METALS', 'index_price': '', 'contract_code_display_name': '', 'product_group_cbrn': '', 'futures_asset_types': ['FUTURES_ASSET_TYPE_METALS'], 'trading_hours_type': 'TRADING_HOURS_TYPE_UNSPECIFIED'}"
4,ET-26JUN26-CDE,1991,-1.77602368031574,13867,368.79648411088573,1,0.01,0,100000000,1,5000,,US Dollar,False,False,False,,False,False,False,False,False,FUTURE,USD,,"{'is_session_open': True, 'open_time': '2026-05-29T22:00:00Z', 'close_time': '2026-06-01T21:00:00Z', 'session_state': 'FCM_TRADING_SESSION_STATE_OPEN', 'after_hours_order_entry_disabled': False, 'closed_reason': 'FCM_TRADING_SESSION_CLOSED_REASON_UNDEFINED', 'maintenance': None}",1990.5,,[],,USD,False,0.5,ETH 26 JUN 26,FCM,2760919.7,,,,,,,,,False,,,,,,"{'venue': 'cde', 'contract_code': 'ET', 'contract_expiry': '2026-06-26T15:00:00Z', 'contract_size': '0.1', 'contract_root_unit': 'ETH', 'group_description': 'nano Ether Futures', 'contract_expiry_timezone': 'Europe/London', 'group_short_description': 'nano ETH', 'risk_managed_by': 'MANAGED_BY_FCM', 'contract_expiry_type': 'EXPIRING', 'perpetual_details': {'open_interest': '37459', 'funding_rate': '', 'funding_time': None, 'max_leverage': '', 'base_asset_uuid': '', 'underlying_type': ''}, 'contract_display_name': 'ETH 26 JUN 26', 'time_to_expiry_ms': '2171717811', 'non_crypto': False, 'contract_expiry_name': '2026-06', 'twenty_four_by_seven': True, 'funding_interval': None, 'open_interest': '37459', 'funding_rate': '', 'funding_time': None, 'display_name': 'Ethereum Futures (Jun 2026)', 'region_enabled': {}, 'intraday_margin_rate': {'long_margin_rate': '0.1000441', 'short_margin_rate': '0.0999745'}, 'overnight_margin_rate': {'long_margin_rate': '0.234625', 'short_margin_rate': '0.316375'}, 'settlement_price': '2023', 'futures_asset_type': 'FUTURES_ASSET_TYPE_CRYPTO', 'index_price': '', 'contract_code_display_name': '', 'product_group_cbrn': '', 'futures_asset_types': ['FUTURES_ASSET_TYPE_CRYPTO'], 'trading_hours_type': 'TRADING_HOURS_TYPE_UNSPECIFIED'}"
5,MC-17SEP26-CDE,3010,3.21474496356622,5641,0,1,0.01,0,100000000,1,1000,,US Dollar,False,False,False,,False,False,False,False,False,FUTURE,USD,,"{'is_session_open': True, 'open_time': '2026-05-31T22:00:00Z', 'close_time': '2026-06-01T21:00:00Z', 'session_state': 'FCM_TRADING_SESSION_STATE_OPEN', 'after_hours_order_entry_disabled': False, 'closed_reason': 'FCM_TRADING_SESSION_CLOSED_REASON_UNDEFINED', 'maintenance': None}",2992.375,,[],,USD,False,0.25,MAG7C 17 SEP 26,FCM,16979410,,,,,,,,,False,,,,,,"{'venue': 'cde', 'contract_code': 'MC', 'contract_expiry': '2026-09-17T20:00:00Z', 'contract_size': '1', 'contract_root_unit': 'CDEMC', 'group_description': 'Mag7+Crypto Futures', 'contract_expiry_timezone': 'America/Chicago', 'group_short_description': 'Mag7+Crypto Futures', 'risk_managed_by': 'MANAGED_BY_FCM', 'contract_expiry_type': 'EXPIRING', 'perpetual_details': {'open_interest': '92', 'funding_rate': '', 'funding_time': None, 'max_leverage': '', 'base_asset_uuid': '', 'underlying_type': ''}, 'contract_display_name': 'MAG7C 17 SEP 26', 'time_to_expiry_ms': '9360917811', 'non_crypto': True, 'contract_expiry_name': '2026-09', 'twenty_four_by_seven': False, 'funding_interval': None, 'open_interest': '92', 'funding_rate': '', 'funding_time': None, 'display_name': 'MAG7C Futures (Sep 2026)', 'region_enabled': {}, 'intraday_margin_rate': {'long_margin_rate': '0.1000296', 'short_margin_rate': '0.1000384'}, 'overnight_margin_rate': {'long_margin_rate': '0.10525', 'short_margin_rate': '0.116'}, 'settlement_price': '2908', 'futures_asset_type': 'FUTURES_ASSET_TYPE_STOCKS', 'index_price': '', 'contract_code_display_name': '', 'product_group_cbrn': '', 'futures_asset_types': ['FUTURES_ASSET_TYPE_STOCKS'], 'trading_hours_type': 'TRADING_HOURS_TYPE_UNSPECIFIED'}"
6,ZEC-20DEC30-CDE,546.6,-0.21905805038335,17932,273.03931766174329,1,0.01,0,100000000,1,1000,,US Dollar,False,False,False,,False,False,False,False,False,FUTURE,USD,,"{'is_session_open': True, 'open_time': '2026-05-29T22:00:00Z', 'close_time': '2026-06-01T21:00:00Z', 'session_state': 'FCM_TRADING_SESSION_STATE_OPEN', 'after_hours_order_entry_disabled': False, 'closed_reason': 'FCM_TRADING_SESSION_CLOSED_REASON_UNDEFINED', 'maintenance': None}",546.275,,[],,USD,False,0.05,ZCASH PERP,FCM,9801631.2,,,,,,,,,False,,,,,,"{'venue': 'cde', 'contract_code': 'ZEC', 'contract_expiry': '2030-12-20T16:00:00Z', 'contract_size': '1', 'contract_root_unit': 'ZEC', 'group_description': 'ZCASH Perp Style Futures', 'contract_expiry_timezone': 'Europe/London', 'group_short_description': 'ZCASH Perp Style Futures', 'risk_managed_by': 'MANAGED_BY_FCM', 'contract_expiry_type': 'EXPIRING', 'perpetual_details': {'open_interest': '5118', 'funding_rate': '', 'funding_time': None, 'max_leverage': '', 'base_asset_uuid': '', 'underlying_type': ''}, 'contract_display_name': 'ZCASH PERP', 'time_to_expiry_ms': '143698517811', 'non_crypto': False, 'contract_expiry_name': '2030-12', 'twenty_four_by_seven': True, 'funding_interval': '3600s', 'open_interest': '5118', 'funding_rate': '0.000027', 'funding_time': '2026-06-01T11:00:00Z', 'display_name': 'Zcash Perpetual', 'region_enabled': {}, 'intraday_margin_rate': {'long_margin_rate': '0.2499462', 'short_margin_rate': '0.2499545'}, 'overnight_margin_rate': {'long_margin_rate': '0.53775', 'short_margin_rate': '0.985625'}, 'settlement_price': '532.5', 'futures_asset_type': 'FUTURES_ASSET_TYPE_CRYPTO', 'index_price': '545.811396', 'contract_code_display_name': '', 'product_group_cbrn': '', 'futures_asset_types': ['FUTURES_ASSET_TYPE_CRYPTO'], 'trading_hours_type': 'TRADING_HOURS_TYPE_UNSPECIFIED'}"
7,BIT-31JUL26-CDE,73485,-1.03696720759545,129,0,1,0.01,0,100000000,1,5000,,US Dollar,False,False,False,,False,False,False,False,False,FUTURE,USD,,"{'is_session_open': True, 'open_time': '2026-05-29T22:00:00Z', 'close_time': '2026-06-01T21:00:00Z', 'session_state': 'FCM_TRADING_SESSION_STATE_OPEN', 'after_hours_order_entry_disabled': False, 'closed_reason': 'FCM_TRADING_SESSION_CLOSED_REASON_UNDEFINED', 'maintenance': None}",73302.5,,[],,USD,True,5,BTC 31 JUL 26,FCM,94795.65,,,,,,,,,False,,,,,,"{'venue': 'cde', 'contract_code': 'BIT', 'contract_expiry': '2026-07-31T15:00:00Z', 'contract_size': '0.01', 'contract_root_unit': 'BTC', 'group_description': 'nano Bitcoin Futures', 'contract_expiry_timezone': 'Europe/London', 'group_short_description': 'nano BTC', 'risk_managed_by': 'MANAGED_BY_FCM', 'contract_expiry_type': 'EXPIRING', 'perpetual_details': {'open_interest': '22', 'funding_rate': '', 'funding_time': None, 'max_leverage': '', 'base_asset_uuid': '', 'underlying_type': ''}, 'contract_display_name': 'BTC 31 JUL 26', 'time_to_expiry_ms': '5195717811', 'non_crypto': False, 'contract_expiry_name': '2026-07', 'twenty_four_by_seven': True, 'funding_interval': None, 'open_interest': '22', 'funding_rate': '', 'funding_time': None, 'display_name': 'Bitcoin Futures (Jul 2026)', 'region_enabled': {}, 'intraday_margin_rate': {'long_margin_rate': '0.0999375', 'short_margin_rate': '0.1001096'}, 'overnight_margin_rate': {'long_margin_rate': '0.234375', 'short_margin_rate': '0.289'}, 'settlement_price': '74220', 'futures_asset_type': 'FUTURES_ASSET_TYPE_CRYPTO', 'index_price': '', 'contract_code_display_name': '', 'product_group_cbrn': '', 'futures_asset_types': ['FUTURES_ASSET_TYPE_CRYPTO'], 'trading_hours_type': 'TRADING_HOURS_TYPE_UNSPECIFIED'}"
8,SLP-20DEC30-CDE,81.03,-1.99564586357039,25414,224.28225086129897,1,0.01,0,100000000,1,1000,,US Dollar,False,False,False,,False,False,False,False,False,FUTURE,USD,,"{'is_session_open': True, 'open_time': '2026-05-29T22:00:00Z', 'close_time': '2026-06-01T21:00:00Z', 'session_state': 'FCM_TRADING_SESSION_STATE_OPEN', 'after_hours_order_entry_disabled': False, 'closed_reason': 'FCM_TRADING_SESSION_CLOSED_REASON_UNDEFINED', 'maintenance': None}",81.015,,[],,USD,False,0.01,SOL PERP,FCM,10296482.1,,,,,,,,,False,,,,,,"{'venue': 'cde', 'contract_code': 'SLP', 'contract_expiry': '2030-12-20T16:00:00Z', 'contract_size': '5', 'contract_root_unit': 'SOL', 'group_description': 'nano Solana Perp Futures', 'contract_expiry_timezone': 'Europe/London', 'group_short_description': 'nano Solana Perp', 'risk_managed_by': 'MANAGED_BY_FCM', 'contract_expiry_type': 'EXPIRING', 'perpetual_details': {'open_interest': '34523', 'funding_rate': '', 'funding_time': None, 'max_leverage': '', 'base_asset_uuid': '', 'underlying_type': ''}, 'contract_display_name': 'SOL PERP', 'time_to_expiry_ms': '143698517811', 'non_crypto': False, 'contract_expiry_name': '2030-12', 'twenty_four_by_seven': True, 'funding_interval': '3600s', 'open_interest': '34523', 'funding_rate': '-0.000002', 'funding_time': '2026-06-01T11:00:00Z', 'display_name': 'Solana Perpetual', 'region_enabled': {}, 'intraday_margin_rate': {'long_margin_rate': '0.1999824', 'short_margin_rate': '0.2001666'}, 'overnight_margin_rate': {'long_margin_rate': '0.366', 'short_margin_rate': '0.55975'}, 'settlement_price': '81.92', 'futures_asset_type': 'FUTURES_ASSET_TYPE_CRYPTO', 'index_price': '81.024965', 'contract_code_display_name': '', 'product_group_cbrn': '', 'futures_asset_types': ['FUTURES_ASSET_TYPE_CRYPTO'], 'trading_hours_type': 'TRADING_HOURS_TYPE_UNSPECIFIED'}"
9,PAU-20DEC30-CDE,4498.1,-0.73925324388737,457,280.83333333333333,1,0.01,0,100000000,1,1000,,US Dollar,False,False,False,,False,False,False,False,False,FUTURE,USD,,"{'is_session_open': True, 'open_time': '2026-05-29T22:00:00Z', 'close_time': '2026-06-01T21:00:00Z', 'session_state': 'FCM_TRADING_SESSION_STATE_OPEN', 'after_hours_order_entry_disabled': False, 'closed_reason': 'FCM_TRADING_SESSION_CLOSED_REASON_UNDEFINED', 'maintenance': None}",4499.2,,[],,USD,False,0.1,PAXG PERP,FCM,2055631.7,,,,,,,,,False,,,,,,"{'venue': 'cde', 'contract_code': 'PAU', 'contract_expiry': '2030-12-20T16:00:00Z', 'contract_size': '1', 'contract_root_unit': 'PAXG', 'group_description': 'PAXG Perp Style Futures', 'contract_expiry_timezone': 'Europe/London', 'group_short_description': 'PAXG Perp Style Futures', 'risk_managed_by': 'MANAGED_BY_FCM', 'contract_expiry_type': 'EXPIRING', 'perpetual_details': {'open_interest': '864', 'funding_rate': '', 'funding_time': None, 'max_leverage': '', 'base_asset_uuid': '', 'underlying_type': ''}, 'contract_display_name': 'PAXG PERP', 'time_to_expiry_ms': '143698517811', 'non_crypto': False, 'contract_expiry_name': '2030-12', 'twenty_four_by_seven': True, 'funding_interval': '3600s', 'open_interest': '864', 'funding_rate': '0.000011', 'funding_time': '2026-06-01T11:00:00Z', 'display_name': 'PAX Gold Perpetual', 'region_enabled': {}, 'intraday_margin_rate': {'long_margin_rate': '0.049977', 'short_margin_rate': '0.0500181'}, 'overnight_margin_rate': {'long_margin_rate': '0.077125', 'short_margin_rate': '0.082375'}, 'settlement_price': '4531.6', 'futures_asset_type': 'FUTURES_ASSET_TYPE_CRYPTO', 'index_price': '4500.250765', 'contract_code_display_name': '', 'product_group_cbrn': '', 'futures_asset_types': ['FUTURES_ASSET_TYPE_CRYPTO'], 'trading_hours_type': 'TRADING_HOURS_TYPE_UNSPECIFIED'}"
10,NOL-19JUN26-CDE,90.43,2.66802906448683,18303,0,1,0.01,0,100000000,1,1000,,US Dollar,False,False,False,,False,False,False,False,False,FUTURE,USD,,"{'is_session_open': True, 'open_time': '2026-05-31T22:00:00Z', 'close_time': '2026-06-01T21:00:00Z', 'session_state': 'FCM_TRADING_SESSION_STATE_OPEN', 'after_hours_order_entry_disabled': False, 'closed_reason': 'FCM_TRADING_SESSION_CLOSED_REASON_UNDEFINED', 'maintenance': None}",90.365,,[],,USD,False,0.01,OIL 18 JUN 26,FCM,16551402.9,,,,,,,,,False,,,,,,"{'venue': 'cde', 'contract_code': 'NOL', 'contract_expiry': '2026-06-18T18:30:00Z', 'contract_size': '10', 'contract_root_unit': 'CDEOIL', 'group_description': 'nano Crude Oil Futures', 'contract_expiry_timezone': 'America/New_York', 'group_short_description': 'Oil Futures', 'risk_managed_by': 'MANAGED_BY_FCM', 'contract_expiry_type': 'EXPIRING', 'perpetual_details': {'open_interest': '17083', 'funding_rate': '', 'funding_time': None, 'max_leverage': '', 'base_asset_uuid': '', 'underlying_type': ''}, 'contract_display_name': 'OIL 18 JUN 26', 'time_to_expiry_ms': '1493117811', 'non_crypto': True, 'contract_expiry_name': '2026-07', 'twenty_four_by_seven': False, 'funding_interval': None, 'open_interest': '17083', 'funding_rate': '', 'funding_time': None, 'display_name': 'Oil Futures (Jun 2026)', 'region_enabled': {}, 'intraday_margin_rate': {'long_margin_rate': '0.12001', 'short_margin_rate': '0.1199496'}, 'overnight_margin_rate': {'long_margin_rate': '0.136375', 'short_margin_rate': '0.159'}, 'settlement_price': '87.39', 'futures_asset_type': 'FUTURES_ASSET_TYPE_ENERGY', 'index_price': '', 'contract_code_display_name': '', 'product_group_cbrn': '', 'futures_asset_types': ['FUTURES_ASSET_TYPE_ENERGY'], 'trading_hours_type': 'TRADING_HOURS_TYPE_UNSPECIFIED'}"
11,BCP-20DEC30-CDE,281.2,-7.14875350833746,4255,398.82766705744431,1,0.01,0,100000000,1,1000,,US Dollar,False,False,False,,False,False,False,False,False,FUTURE,USD,,"{'is_session_open': True, 'open_time': '2026-05-29T22:00:00Z', 'close_time': '2026-06-01T21:00:00Z', 'session_state': 'FCM_TRADING_SESSION_STATE_OPEN', 'after_hours_order_entry_disabled': False, 'closed_reason': 'FCM_TRADING_SESSION_CLOSED_REASON_UNDEFINED', 'maintenance': None}",281.225,,[],,USD,False,0.05,BCH PERP,FCM,1196506,,,,,,,,,False,,,,,,"{'venue': 'cde', 'contract_code': 'BCP', 'contract_expiry': '2030-12-20T16:00:00Z', 'contract_size': '1', 'contract_root_unit': 'BCH', 'group_description': 'Bitcoin Cash Perp Futures', 'contract_expiry_timezone': 'Europe/London', 'group_short_description': 'Bitcoin Cash Perp', 'risk_managed_by': 'MANAGED_BY_FCM', 'contract_expiry_type': 'EXPIRING', 'perpetual_details': {'open_interest': '2038', 'funding_rate': '', 'funding_time': None, 'max_leverage': '', 'base_asset_uuid': '', 'underlying_type': ''}, 'contract_display_name': 'BCH PERP', 'time_to_expiry_ms': '143698517811', 'non_crypto': False, 'contract_expiry_name': '2030-12', 'twenty_four_by_seven': True, 'funding_interval': '3600s', 'open_interest': '2038', 'funding_rate': '0.000022', 'funding_time': '2026-06-01T11:00:00Z', 'display_name': 'Bitcoin Cash Perpetual', 'region_enabled': {}, 'intraday_margin_rate': {'long_margin_rate': '0.250022', 'short_margin_rate': '0.2500245'}, 'overnight_margin_rate': {'long_margin_rate': '0.4195', 'short_margin_rate': '0.631375'}, 'settlement_price': '303.85', 'futures_asset_type': 'FUTURES_ASSET_TYPE_CRYPTO', 'index_price': '280.874216', 'contract_code_display_name': '', 'product_group_cbrn': '', 'futures_asset_types': ['FUTURES_ASSET_TYPE_CRYPTO'], 'trading_hours_type': 'TRADING_HOURS_TYPE_UNSPECIFIED'}"
12,SLR-26JUN26-CDE,76.095,0.62148760330579,9662,0,1,0.01,0,100000000,1,1000,,US Dollar,False,False,False,,False,False,False,False,False,FUTURE,USD,,"{'is_session_open': True, 'open_time': '2026-05-31T22:00:00Z', 'close_time': '2026-06-01T21:00:00Z', 'session_state': 'FCM_TRADING_SESSION_STATE_OPEN', 'after_hours_order_entry_disabled': False, 'closed_reason': 'FCM_TRADING_SESSION_CLOSED_REASON_UNDEFINED', 'maintenance': None}",75.9925,,[],,USD,False,0.005,SLVR 26 JUN 26,FCM,36761494.5,,,,,,,,,False,,,,,,"{'venue': 'cde', 'contract_code': 'SLR', 'contract_expiry': '2026-06-26T17:25:00Z', 'contract_size': '50', 'contract_root_unit': 'CDESIL', 'group_description': 'Silver Futures', 'contract_expiry_timezone': 'America/New_York', 'group_short_description': 'Silver Futures', 'risk_managed_by': 'MANAGED_BY_FCM', 'contract_expiry_type': 'EXPIRING', 'perpetual_details': {'open_interest': '8845', 'funding_rate': '', 'funding_time': None, 'max_leverage': '', 'base_asset_uuid': '', 'underlying_type': ''}, 'contract_display_name': 'SLVR 26 JUN 26', 'time_to_expiry_ms': '2180417811', 'non_crypto': True, 'contract_expiry_name': '2026-07', 'twenty_four_by_seven': False, 'funding_interval': None, 'open_interest': '8845', 'funding_rate': '', 'funding_time': None, 'display_name': 'Silver Futures (Jun 2026)', 'region_enabled': {}, 'intraday_margin_rate': {'long_margin_rate': '0.0899562', 'short_margin_rate': '0.0899536'}, 'overnight_margin_rate': {'long_margin_rate': '0.117375', 'short_margin_rate': '0.1345'}, 'settlement_price': '75.88', 'futures_asset_type': 'FUTURES_ASSET_TYPE_METALS', 'index_price': '', 'contract_code_display_name': '', 'product_group_cbrn': '', 'futures_asset_types': ['FUTURES_ASSET_TYPE_METALS'], 'trading_hours_type': 'TRADING_HOURS_TYPE_UNSPECIFIED'}"
13,BCH-26JUN26-CDE,282,-7.51065923253526,1839,11393.75,1,0.01,0,100000000,1,1000,,US Dollar,False,False,False,,False,False,False,False,False,FUTURE,USD,,"{'is_session_open': True, 'open_time': '2026-05-29T22:00:00Z', 'close_time': '2026-06-01T21:00:00Z', 'session_state': 'FCM_TRADING_SESSION_STATE_OPEN', 'after_hours_order_entry_disabled': False, 'closed_reason': 'FCM_TRADING_SESSION_CLOSED_REASON_UNDEFINED', 'maintenance': None}",283.3,,[],,USD,False,0.05,BCH 26 JUN 26,FCM,518598,,,,,,,,,False,,,,,,"{'venue': 'cde', 'contract_code': 'BCH', 'contract_expiry': '2026-06-26T15:00:00Z', 'contract_size': '1', 'contract_root_unit': 'BCH', 'group_description': 'Bitcoin Cash Futures', 'contract_expiry_timezone': 'Europe/London', 'group_short_description': 'Bitcoin Cash Futures', 'risk_managed_by': 'MANAGED_BY_FCM', 'contract_expiry_type': 'EXPIRING', 'perpetual_details': {'open_interest': '375', 'funding_rate': '', 'funding_time': None, 'max_leverage': '', 'base_asset_uuid': '', 'underlying_type': ''}, 'contract_display_name': 'BCH 26 JUN 26', 'time_to_expiry_ms': '2171717811', 'non_crypto': False, 'contract_expiry_name': '2026-06', 'twenty_four_by_seven': True, 'funding_interval': None, 'open_interest': '375', 'funding_rate': '', 'funding_time': None, 'display_name': 'Bitcoin Cash Futures (Jun 2026)', 'region_enabled': {}, 'intraday_margin_rate': {'long_margin_rate': '0.2499072', 'short_margin_rate': '0.2501226'}, 'overnight_margin_rate': {'long_margin_rate': '0.40675', 'short_margin_rate': '0.61425'}, 'settlement_price': '305.9', 'futures_asset_type': 'FUTURES_ASSET_TYPE_CRYPTO', 'index_price': '', 'contract_code_display_name': '', 'product_group_cbrn': '', 'futures_asset_types': ['FUTURES_ASSET_TYPE_CRYPTO'], 'trading_hours_type': 'TRADING_HOURS_TYPE_UNSPECIFIED'}"
14,SOL-26JUN26-CDE,81.29,-1.95392594379448,5382,1350.67385444743935,1,0.01,0,100000000,1,1000,,US Dollar,False,False,False,,False,False,False,False,False,FUTURE,USD,,"{'is_session_open': True, 'open_time': '2026-05-29T22:00:00Z', 'close_time': '2026-06-01T21:00:00Z', 'session_state': 'FCM_TRADING_SESSION_STATE_OPEN', 'after_hours_order_entry_disabled': False, 'closed_reason': 'FCM_TRADING_SESSION_CLOSED_REASON_UNDEFINED', 'maintenance': None}",81.275,,[],,USD,False,0.01,SOL 26 JUN 26,FCM,2187513.9,,,,,,,,,False,,,,,,"{'venue': 'cde', 'contract_code': 'SOL', 'contract_expiry': '2026-06-26T15:00:00Z', 'contract_size': '5', 'contract_root_unit': 'SOL', 'group_description': 'nano Solana Futures', 'contract_expiry_timezone': 'Europe/London', 'group_short_description': 'nano Solana Futures', 'risk_managed_by': 'MANAGED_BY_FCM', 'contract_expiry_type': 'EXPIRING', 'perpetual_details': {'open_interest': '9669', 'funding_rate': '', 'funding_time': None, 'max_leverage': '', 'base_asset_uuid': '', 'underlying_type': ''}, 'contract_display_name': 'SOL 26 JUN 26', 'time_to_expiry_ms': '2171717811', 'non_crypto': False, 'contract_expiry_name': '2026-06', 'twenty_four_by_seven': True, 'funding_interval': None, 'open_interest': '9669', 'funding_rate': '', 'funding_time': None, 'display_name': 'Solana Futures (Jun 2026)', 'region_enabled': {}, 'intraday_margin_rate': {'long_margin_rate': '0.1999396', 'short_margin_rate': '0.1998878'}, 'overnight_margin_rate': {'long_margin_rate': '0.3535', 'short_margin_rate': '0.53275'}, 'settlement_price': '82.18', 'futures_asset_type': 'FUTURES_ASSET_TYPE_CRYPTO', 'index_price': '', 'contract_code_display_name': '', 'product_group_cbrn': '', 'futures_asset_types': ['FUTURES_ASSET_TYPE_CRYPTO'], 'trading_hours_type': 'TRADING_HOURS_TYPE_UNSPECIFIED'}"
15,BCH-31JUL26-CDE,282.3,-7.33628754308223,1011,25175,1,0.01,0,100000000,1,1000,,US Dollar,False,False,False,,False,False,False,False,False,FUTURE,USD,,"{'is_session_open': True, 'open_time': '2026-05-29T22:00:00Z', 'close_time': '2026-06-01T21:00:00Z', 'session_state': 'FCM_TRADING_SESSION_STATE_OPEN', 'after_hours_order_entry_disabled': False, 'closed_reason': 'FCM_TRADING_SESSION_CLOSED_REASON_UNDEFINED', 'maintenance': None}",284.675,,[],,USD,False,0.05,BCH 31 JUL 26,FCM,285405.3,,,,,,,,,False,,,,,,"{'venue': 'cde', 'contract_code': 'BCH', 'contract_expiry': '2026-07-31T15:00:00Z', 'contract_size': '1', 'contract_root_unit': 'BCH', 'group_description': 'Bitcoin Cash Futures', 'contract_expiry_timezone': 'Europe/London', 'group_short_description': 'Bitcoin Cash Futures', 'risk_managed_by': 'MANAGED_BY_FCM', 'contract_expiry_type': 'EXPIRING', 'perpetual_details': {'open_interest': '175', 'funding_rate': '', 'funding_time': None, 'max_leverage': '', 'base_asset_uuid': '', 'underlying_type': ''}, 'contract_display_name': 'BCH 31 JUL 26', 'time_to_expiry_ms': '5195717811', 'non_crypto': False, 'contract_expiry_name': '2026-07', 'twenty_four_by_seven': True, 'funding_interval': None, 'open_interest': '175', 'funding_rate': '', 'funding_time': None, 'display_name': 'Bitcoin Cash Futures (Jul 2026)', 'region_enabled': {}, 'intraday_margin_rate': {'long_margin_rate': '0.2499072', 'short_margin_rate': '0.2501226'}, 'overnight_margin_rate': {'long_margin_rate': '0.40675', 'short_margin_rate': '0.61425'}, 'settlement_price': '307.4', 'futures_asset_type': 'FUTURES_ASSET_TYPE_CRYPTO', 'index_price': '', 'contract_code_display_name': '', 'product_group_cbrn': '', 'futures_asset_types': ['FUTURES_ASSET_TYPE_CRYPTO'], 'trading_hours_type': 'TRADING_HOURS_TYPE_UNSPECIFIED'}"
16,PT-26JUN26-CDE,1948.1,1.07398568019093,95,0,1,0.01,0,100000000,1,1000,,US Dollar,False,False,False,,False,False,False,False,False,FUTURE,USD,,"{'is_session_open': True, 'open_time': '2026-05-31T22:00:00Z', 'close_time': '2026-06-01T21:00:00Z', 'session_state': 'FCM_TRADING_SESSION_STATE_OPEN', 'after_hours_order_entry_disabled': False, 'closed_reason': 'FCM_TRADING_SESSION_CLOSED_REASON_UNDEFINED', 'maintenance': None}",1947.2,,[],,USD,False,0.1,PLAT 26 JUN 26,FCM,1850695,,,,,,,,,False,,,,,,"{'venue': 'cde', 'contract_code': 'PT', 'contract_expiry': '2026-06-26T17:05:00Z', 'contract_size': '10', 'contract_root_unit': 'CDEPT', 'group_description': 'Platinum Futures', 'contract_expiry_timezone': 'America/New_York', 'group_short_description': 'Platinum Futures', 'risk_managed_by': 'MANAGED_BY_FCM', 'contract_expiry_type': 'EXPIRING', 'perpetual_details': {'open_interest': '161', 'funding_rate': '', 'funding_time': None, 'max_leverage': '', 'base_asset_uuid': '', 'underlying_type': ''}, 'contract_display_name': 'PLAT 26 JUN 26', 'time_to_expiry_ms': '2179217811', 'non_crypto': True, 'contract_expiry_name': '2026-07', 'twenty_four_by_seven': False, 'funding_interval': None, 'open_interest': '161', 'funding_rate': '', 'funding_time': None, 'display_name': 'Platinum Futures (Jun 2026)', 'region_enabled': {}, 'intraday_margin_rate': {'long_margin_rate': '0.0799788', 'short_margin_rate': '0.0800074'}, 'overnight_margin_rate': {'long_margin_rate': '0.100375', 'short_margin_rate': '0.110875'}, 'settlement_price': '1929.1', 'futures_asset_type': 'FUTURES_ASSET_TYPE_METALS', 'index_price': '', 'contract_code_display_name': '', 'product_group_cbrn': '', 'futures_asset_types': ['FUTURES_ASSET_TYPE_METALS'], 'trading_hours_type': 'TRADING_HOURS_TYPE_UNSPECIFIED'}"
17,MC-18JUN26-CDE,2886.25,0.70655966503838,64,0,1,0.01,0,100000000,1,1000,,US Dollar,False,False,False,,False,False,False,False,False,FUTURE,USD,,"{'is_session_open': True, 'open_time': '2026-05-31T22:00:00Z', 'close_time': '2026-06-01T21:00:00Z', 'session_state': 'FCM_TRADING_SESSION_STATE_OPEN', 'after_hours_order_entry_disabled': False, 'closed_reason': 'FCM_TRADING_SESSION_CLOSED_REASON_UNDEFINED', 'maintenance': None}",2887.75,,[],,USD,False,0.25,MAG7C 18 JUN 26,FCM,184720,,,,,,,,,False,,,,,,"{'venue': 'cde', 'contract_code': 'MC', 'contract_expiry': '2026-06-18T20:00:00Z', 'contract_size': '1', 'contract_root_unit': 'CDEMC', 'group_description': 'Mag7+Crypto Futures', 'contract_expiry_timezone': 'America/Chicago', 'group_short_description': 'Mag7+Crypto Futures', 'risk_managed_by': 'MANAGED_BY_FCM', 'contract_expiry_type': 'EXPIRING', 'perpetual_details': {'open_interest': '1176', 'funding_rate': '', 'funding_time': None, 'max_leverage': '', 'base_asset_uuid': '', 'underlying_type': ''}, 'contract_display_name': 'MAG7C 18 JUN 26', 'time_to_expiry_ms': '1498517811', 'non_crypto': True, 'contract_expiry_name': '2026-06', 'twenty_four_by_seven': False, 'funding_interval': None, 'open_interest': '1176', 'funding_rate': '', 'funding_time': None, 'display_name': 'MAG7C Futures (Jun 2026)', 'region_enabled': {}, 'intraday_margin_rate': {'long_margin_rate': '0.1000296', 'short_margin_rate': '0.1000384'}, 'overnight_margin_rate': {'long_margin_rate': '0.10525', 'short_margin_rate': '0.116'}, 'settlement_price': '2892', 'futures_asset_type': 'FUTURES_ASSET_TYPE_STOCKS', 'index_price': '', 'contract_code_display_name': '', 'product_group_cbrn': '', 'futures_asset_types': ['FUTURES_ASSET_TYPE_STOCKS'], 'trading_hours_type': 'TRADING_HOURS_TYPE_UNSPECIFIED'}"
18,LCP-20DEC30-CDE,51.03,-2.40963855421687,919,182.76923076923077,1,0.01,0,100000000,1,1000,,US Dollar,False,False,False,,False,False,False,False,False,FUTURE,USD,,"{'is_session_open': True, 'open_time': '2026-05-29T22:00:00Z', 'close_time': '2026-06-01T21:00:00Z', 'session_state': 'FCM_TRADING_SESSION_STATE_OPEN', 'after_hours_order_entry_disabled': False, 'closed_reason': 'FCM_TRADING_SESSION_CLOSED_REASON_UNDEFINED', 'maintenance': None}",51.04,,[],,USD,False,0.01,LTC PERP,FCM,234482.85,,,,,,,,,False,,,,,,"{'venue': 'cde', 'contract_code': 'LCP', 'contract_expiry': '2030-12-20T16:00:00Z', 'contract_size': '5', 'contract_root_unit': 'LTC', 'group_description': 'Litecoin Perp Futures', 'contract_expiry_timezone': 'Europe/London', 'group_short_description': 'Litecoin Perp', 'risk_managed_by': 'MANAGED_BY_FCM', 'contract_expiry_type': 'EXPIRING', 'perpetual_details': {'open_interest': '2603', 'funding_rate': '', 'funding_time': None, 'max_leverage': '', 'base_asset_uuid': '', 'underlying_type': ''}, 'contract_display_name': 'LTC PERP', 'time_to_expiry_ms': '143698517811', 'non_crypto': False, 'contract_expiry_name': '2030-12', 'twenty_four_by_seven': True, 'funding_interval': '3600s', 'open_interest': '2603', 'funding_rate': '-0.000013', 'funding_time': '2026-06-01T11:00:00Z', 'display_name': 'Litecoin Perpetual', 'region_enabled': {}, 'intraday_margin_rate': {'long_margin_rate': '0.24992', 'short_margin_rate': '0.2498355'}, 'overnight_margin_rate': {'long_margin_rate': '0.4', 'short_margin_rate': '0.588125'}, 'settlement_price': '51.81', 'futures_asset_type': 'FUTURES_ASSET_TYPE_CRYPTO', 'index_price': '51.050576', 'contract_code_display_name': '', 'product_group_cbrn': '', 'futures_asset_types': ['FUTURES_ASSET_TYPE_CRYPTO'], 'trading_hours_type': 'TRADING_HOURS_TYPE_UNSPECIFIED'}"
19,AVE-20DEC30-CDE,81.22,-1.87265917602996,393,85.37735849056604,1,0.01,0,100000000,1,1000,,US Dollar,False,False,False,,False,False,False,False,False,FUTURE,USD,,"{'is_session_open': True, 'open_time': '2026-05-29T22:00:00Z', 'close_time': '2026-06-01T21:00:00Z', 'session_state': 'FCM_TRADING_SESSION_STATE_OPEN', 'after_hours_order_entry_disabled': False, 'closed_reason': 'FCM_TRADING_SESSION_CLOSED_REASON_UNDEFINED', 'maintenance': None}",81.245,,[],,USD,False,0.01,AAVE PERP,FCM,159597.3,,,,,,,,,False,,,,,,"{'venue': 'cde', 'contract_code': 'AVE', 'contract_expiry': '2030-12-20T16:00:00Z', 'contract_size': '5', 'contract_root_unit': 'AAVE', 'group_description': 'AAVE Perp Style Futures', 'contract_expiry_timezone': 'Europe/London', 'group_short_description': 'AAVE Perp Style Futures', 'risk_managed_by': 'MANAGED_BY_FCM', 'contract_expiry_type': 'EXPIRING', 'perpetual_details': {'open_interest': '916', 'funding_rate': '', 'funding_time': None, 'max_leverage': '', 'base_asset_uuid': '', 'underlying_type': ''}, 'contract_display_name': 'AAVE PERP', 'time_to_expiry_ms': '143698517811', 'non_crypto': False, 'contract_expiry_name': '2030-12', 'twenty_four_by_seven': True, 'funding_interval': '3600s', 'open_interest': '916', 'funding_rate': '0.000012', 'funding_time': '2026-06-01T11:00:00Z', 'display_name': 'Aave Perpetual', 'region_enabled': {}, 'intraday_margin_rate': {'long_margin_rate': '0.250088', 'short_margin_rate': '0.250009'}, 'overnight_margin_rate': {'long_margin_rate': '0.43', 'short_margin_rate': '0.670625'}, 'settlement_price': '82.21', 'futures_asset_type': 'FUTURES_ASSET_TYPE_CRYPTO', 'index_price': '81.215245', 'contract_code_display_name': '', 'product_group_cbrn': '', 'futures_asset_types': ['FUTURES_ASSET_TYPE_CRYPTO'], 'trading_hours_type': 'TRADING_HOURS_TYPE_UNSPECIFIED'}"
20,AVP-20DEC30-CDE,8.85,-1.55728587319244,3279,245.15789473684211,1,0.01,0,100000000,1,1000,,US Dollar,False,False,False,,False,False,False,False,False,FUTURE,USD,,"{'is_session_open': True, 'open_time': '2026-05-29T22:00:00Z', 'close_time': '2026-06-01T21:00:00Z', 'session_state': 'FCM_TRADING_SESSION_STATE_OPEN', 'after_hours_order_entry_disabled': False, 'closed_reason': 'FCM_TRADING_SESSION_CLOSED_REASON_UNDEFINED', 'maintenance': None}",8.86,,[],,USD,False,0.01,AVAX PERP,FCM,290191.5,,,,,,,,,False,,,,,,"{'venue': 'cde', 'contract_code': 'AVP', 'contract_expiry': '2030-12-20T16:00:00Z', 'contract_size': '10', 'contract_root_unit': 'AVAX', 'group_description': 'Avalanche Perp Futures', 'contract_expiry_timezone': 'Europe/London', 'group_short_description': 'Avalanche Perp', 'risk_managed_by': 'MANAGED_BY_FCM', 'contract_expiry_type': 'EXPIRING', 'perpetual_details': {'open_interest': '6781', 'funding_rate': '', 'funding_time': None, 'max_leverage': '', 'base_asset_uuid': '', 'underlying_type': ''}, 'contract_display_name': 'AVAX PERP', 'time_to_expiry_ms': '143698517811', 'non_crypto': False, 'contract_expiry_name': '2030-12', 'twenty_four_by_seven': True, 'funding_interval': '3600s', 'open_interest': '6781', 'funding_rate': '0.000003', 'funding_time': '2026-06-01T11:00:00Z', 'display_name': 'Avalanche Perpetual', 'region_enabled': {}, 'intraday_margin_rate': {'long_margin_rate': '0.2001024', 'short_margin_rate': '0.2000902'}, 'overnight_margin_rate': {'long_margin_rate': '0.324', 'short_margin_rate': '0.44425'}, 'settlement_price': '8.82', 'futures_asset_type': 'FUTURES_ASSET_TYPE_CRYPTO', 'index_price': '8.8583', 'contract_code_display_name': '', 'product_group_cbrn': '', 'futures_asset_types': ['FUTURES_ASSET_TYPE_CRYPTO'], 'trading_hours_type': 'TRADING_HOURS_TYPE_UNSPECIFIED'}"
21,NER-20DEC30-CDE,2.3217,2.07518135854034,12196,510.41041041041041,1,0.01,0,100000000,1,1000,,US Dollar,False,False,False,,False,False,False,False,False,FUTURE,USD,,"{'is_session_open': True, 'open_time': '2026-05-29T22:00:00Z', 'close_time': '2026-06-01T21:00:00Z', 'session_state': 'FCM_TRADING_SESSION_STATE_OPEN', 'after_hours_order_entry_disabled': False, 'closed_reason': 'FCM_TRADING_SESSION_CLOSED_REASON_UNDEFINED', 'maintenance': None}",2.32245,,[],,USD,False,0.0001,NEAR PERP,FCM,14157726.6,,,,,,,,,False,,,,,,"{'venue': 'cde', 'contract_code': 'NER', 'contract_expiry': '2030-12-20T16:00:00Z', 'contract_size': '500', 'contract_root_unit': 'NEAR', 'group_description': 'NEAR Perp Style Futures', 'contract_expiry_timezone': 'Europe/London', 'group_short_description': 'NEAR Perp Style Futures', 'risk_managed_by': 'MANAGED_BY_FCM', 'contract_expiry_type': 'EXPIRING', 'perpetual_details': {'open_interest': '1238', 'funding_rate': '', 'funding_time': None, 'max_leverage': '', 'base_asset_uuid': '', 'underlying_type': ''}, 'contract_display_name': 'NEAR PERP', 'time_to_expiry_ms': '143698517811', 'non_crypto': False, 'contract_expiry_name': '2030-12', 'twenty_four_by_seven': True, 'funding_interval': '3600s', 'open_interest': '1238', 'funding_rate': '-0.000019', 'funding_time': '2026-06-01T11:00:00Z', 'display_name': 'Near Protocol Perpetual', 'region_enabled': {}, 'intraday_margin_rate': {'long_margin_rate': '0.1999032', 'short_margin_rate': '0.1999776'}, 'overnight_margin_rate': {'long_margin_rate': '0.38325', 'short_margin_rate': '0.563'}, 'settlement_price': '2.5365', 'futures_asset_type': 'FUTURES_ASSET_TYPE_CRYPTO', 'index_price': '2.323189', 'contract_code_display_name': '', 'product_group_cbrn': '', 'futures_asset_types': ['FUTURES_ASSET_TYPE_CRYPTO'], 'trading_hours_type': 'TRADING_HOURS_TYPE_UNSPECIFIED'}"
22,LNP-20DEC30-CDE,9.01,-2.08650293414475,2414,146.3265306122449,1,0.01,0,100000000,1,1000,,US Dollar,False,False,False,,False,False,False,False,False,FUTURE,USD,,"{'is_session_open': True, 'open_time': '2026-05-29T22:00:00Z', 'close_time': '2026-06-01T21:00:00Z', 'session_state': 'FCM_TRADING_SESSION_STATE_OPEN', 'after_hours_order_entry_disabled': False, 'closed_reason': 'FCM_TRADING_SESSION_CLOSED_REASON_UNDEFINED', 'maintenance': None}",9.0305,,[],,USD,False,0.001,LINK PERP,FCM,1087507,,,,,,,,,False,,,,,,"{'venue': 'cde', 'contract_code': 'LNP', 'contract_expiry': '2030-12-20T16:00:00Z', 'contract_size': '50', 'contract_root_unit': 'LINK', 'group_description': 'Chainlink Perp Futures', 'contract_expiry_timezone': 'Europe/London', 'group_short_description': 'Chainlink Perp', 'risk_managed_by': 'MANAGED_BY_FCM', 'contract_expiry_type': 'EXPIRING', 'perpetual_details': {'open_interest': '3776', 'funding_rate': '', 'funding_time': None, 'max_leverage': '', 'base_asset_uuid': '', 'underlying_type': ''}, 'contract_display_name': 'LINK PERP', 'time_to_expiry_ms': '143698517811', 'non_crypto': False, 'contract_expiry_name': '2030-12', 'twenty_four_by_seven': True, 'funding_interval': '3600s', 'open_interest': '3776', 'funding_rate': '0.000002', 'funding_time': '2026-06-01T11:00:00Z', 'display_name': 'Chainlink Perpetual', 'region_enabled': {}, 'intraday_margin_rate': {'long_margin_rate': '0.199946', 'short_margin_rate': '0.200127'}, 'overnight_margin_rate': {'long_margin_rate': '0.32125', 'short_margin_rate': '0.438875'}, 'settlement_price': '8.985', 'futures_asset_type': 'FUTURES_ASSET_TYPE_CRYPTO', 'index_price': '9.029891', 'contract_code_display_name': '', 'product_group_cbrn': '', 'futures_asset_types': ['FUTURES_ASSET_TYPE_CRYPTO'], 'trading_hours_type': 'TRADING_HOURS_TYPE_UNSPECIFIED'}"
23,XPP-20DEC30-CDE,1.3056,-2.54534597297903,12696,240.19292604501608,1,0.01,0,100000000,1,1000,,US Dollar,False,False,False,,False,False,False,False,False,FUTURE,USD,,"{'is_session_open': True, 'open_time': '2026-05-29T22:00:00Z', 'close_time': '2026-06-01T21:00:00Z', 'session_state': 'FCM_TRADING_SESSION_STATE_OPEN', 'after_hours_order_entry_disabled': False, 'closed_reason': 'FCM_TRADING_SESSION_CLOSED_REASON_UNDEFINED', 'maintenance': None}",1.30565,,[],,USD,False,0.0001,XRP PERP,FCM,8287948.8,,,,,,,,,False,,,,,,"{'venue': 'cde', 'contract_code': 'XPP', 'contract_expiry': '2030-12-20T16:00:00Z', 'contract_size': '500', 'contract_root_unit': 'XRP', 'group_description': 'nano XRP Perp Futures', 'contract_expiry_timezone': 'Europe/London', 'group_short_description': 'nano XRP Perp', 'risk_managed_by': 'MANAGED_BY_FCM', 'contract_expiry_type': 'EXPIRING', 'perpetual_details': {'open_interest': '23830', 'funding_rate': '', 'funding_time': None, 'max_leverage': '', 'base_asset_uuid': '', 'underlying_type': ''}, 'contract_display_name': 'XRP PERP', 'time_to_expiry_ms': '143698517811', 'non_crypto': False, 'contract_expiry_name': '2030-12', 'twenty_four_by_seven': True, 'funding_interval': '3600s', 'open_interest': '23830', 'funding_rate': '0.000018', 'funding_time': '2026-06-01T11:00:00Z', 'display_name': 'XRP Perpetual', 'region_enabled': {}, 'intraday_margin_rate': {'long_margin_rate': '0.200129', 'short_margin_rate': '0.2001376'}, 'overnight_margin_rate': {'long_margin_rate': '0.373375', 'short_margin_rate': '0.566'}, 'settlement_price': '1.319', 'futures_asset_type': 'FUTURES_ASSET_TYPE_CRYPTO', 'index_price': '1.305671', 'contract_code_display_name': '', 'product_group_cbrn': '', 'futures_asset_types': ['FUTURES_ASSET_TYPE_CRYPTO'], 'trading_hours_type': 'TRADING_HOURS_TYPE_UNSPECIFIED'}"
24,XLP-20DEC30-CDE,0.26105,1.01381418565956,40640,105.86596423686743,1,0.01,0,100000000,1,1000,,US Dollar,False,False,False,,False,False,False,False,False,FUTURE,USD,,"{'is_session_open': True, 'open_time': '2026-05-29T22:00:00Z', 'close_time': '2026-06-01T21:00:00Z', 'session_state': 'FCM_TRADING_SESSION_STATE_OPEN', 'after_hours_order_entry_disabled': False, 'closed_reason': 'FCM_TRADING_SESSION_CLOSED_REASON_UNDEFINED', 'maintenance': None}",0.26175,,[],,USD,False,0.00001,XLM PERP,FCM,53045360,,,,,,,,,False,,,,,,"{'venue': 'cde', 'contract_code': 'XLP', 'contract_expiry': '2030-12-20T16:00:00Z', 'contract_size': '5000', 'contract_root_unit': 'XLM', 'group_description': 'Stellar Perp Futures', 'contract_expiry_timezone': 'Europe/London', 'group_short_description': 'Stellar Perp', 'risk_managed_by': 'MANAGED_BY_FCM', 'contract_expiry_type': 'EXPIRING', 'perpetual_details': {'open_interest': '3798', 'funding_rate': '', 'funding_time': None, 'max_leverage': '', 'base_asset_uuid': '', 'underlying_type': ''}, 'contract_display_name': 'XLM PERP', 'time_to_expiry_ms': '143698517811', 'non_crypto': False, 'contract_expiry_name': '2030-12', 'twenty_four_by_seven': True, 'funding_interval': '3600s', 'open_interest': '3798', 'funding_rate': '0.00001', 'funding_time': '2026-06-01T11:00:00Z', 'display_name': 'Stellar Lumens Perpetual', 'region_enabled': {}, 'intraday_margin_rate': {'long_margin_rate': '0.25003', 'short_margin_rate': '0.2499336'}, 'overnight_margin_rate': {'long_margin_rate': '0.284125', 'short_margin_rate': '0.3915'}, 'settlement_price': '0.23968', 'futures_asset_type': 'FUTURES_ASSET_TYPE_CRYPTO', 'index_price': '0.260725', 'contract_code_display_name': '', 'product_group_cbrn': '', 'futures_asset_types': ['FUTURES_ASSET_TYPE_CRYPTO'], 'trading_hours_type': 'TRADING_HOURS_TYPE_UNSPECIFIED'}"
25,XRP-26JUN26-CDE,1.3152,-2.50555967383247,8016,701.6,1,0.01,0,100000000,1,1000,,US Dollar,False,False,False,,False,False,False,False,False,FUTURE,USD,,"{'is_session_open': True, 'open_time': '2026-05-29T22:00:00Z', 'close_time': '2026-06-01T21:00:00Z', 'session_state': 'FCM_TRADING_SESSION_STATE_OPEN', 'after_hours_order_entry_disabled': False, 'closed_reason': 'FCM_TRADING_SESSION_CLOSED_REASON_UNDEFINED', 'maintenance': None}",1.3156,,[],,USD,False,0.0001,XRP 26 JUN 26,FCM,5271321.6,,,,,,,,,False,,,,,,"{'venue': 'cde', 'contract_code': 'XRP', 'contract_expiry': '2026-06-26T15:00:00Z', 'contract_size': '500', 'contract_root_unit': 'XRP', 'group_description': 'nano XRP Futures', 'contract_expiry_timezone': 'Europe/London', 'group_short_description': 'nano XRP Futures', 'risk_managed_by': 'MANAGED_BY_FCM', 'contract_expiry_type': 'EXPIRING', 'perpetual_details': {'open_interest': '8902', 'funding_rate': '', 'funding_time': None, 'max_leverage': '', 'base_asset_uuid': '', 'underlying_type': ''}, 'contract_display_name': 'XRP 26 JUN 26', 'time_to_expiry_ms': '2171717811', 'non_crypto': False, 'contract_expiry_name': '2026-06', 'twenty_four_by_seven': True, 'funding_interval': None, 'open_interest': '8902', 'funding_rate': '', 'funding_time': None, 'display_name': 'XRP Futures (Jun 2026)', 'region_enabled': {}, 'intraday_margin_rate': {'long_margin_rate': '0.1998612', 'short_margin_rate': '0.2001662'}, 'overnight_margin_rate': {'long_margin_rate': '0.3605', 'short_margin_rate': '0.54275'}, 'settlement_price': '1.3281', 'futures_asset_type': 'FUTURES_ASSET_TYPE_CRYPTO', 'index_price': '', 'contract_code_display_name': '', 'product_group_cbrn': '', 'futures_asset_types': ['FUTURES_ASSET_TYPE_CRYPTO'], 'trading_hours_type': 'TRADING_HOURS_TYPE_UNSPECIFIED'}"
26,SOL-31JUL26-CDE,80.84,-1.34244569196973,115,1337.5,1,0.01,0,100000000,1,1000,,US Dollar,False,False,False,,False,False,False,False,False,FUTURE,USD,,"{'is_session_open': True, 'open_time': '2026-05-29T22:00:00Z', 'close_time': '2026-06-01T21:00:00Z', 'session_state': 'FCM_TRADING_SESSION_STATE_OPEN', 'after_hours_order_entry_disabled': False, 'closed_reason': 'FCM_TRADING_SESSION_CLOSED_REASON_UNDEFINED', 'maintenance': None}",81.28,,[],,USD,False,0.01,SOL 31 JUL 26,FCM,46483,,,,,,,,,False,,,,,,"{'venue': 'cde', 'contract_code': 'SOL', 'contract_expiry': '2026-07-31T15:00:00Z', 'contract_size': '5', 'contract_root_unit': 'SOL', 'group_description': 'nano Solana Futures', 'contract_expiry_timezone': 'Europe/London', 'group_short_description': 'nano Solana Futures', 'risk_managed_by': 'MANAGED_BY_FCM', 'contract_expiry_type': 'EXPIRING', 'perpetual_details': {'open_interest': '112', 'funding_rate': '', 'funding_time': None, 'max_leverage': '', 'base_asset_uuid': '', 'underlying_type': ''}, 'contract_display_name': 'SOL 31 JUL 26', 'time_to_expiry_ms': '5195717811', 'non_crypto': False, 'contract_expiry_name': '2026-07', 'twenty_four_by_seven': True, 'funding_interval': None, 'open_interest': '112', 'funding_rate': '', 'funding_time': None, 'display_name': 'Solana Futures (Jul 2026)', 'region_enabled': {}, 'intraday_margin_rate': {'long_margin_rate': '0.1999396', 'short_margin_rate': '0.1998878'}, 'overnight_margin_rate': {'long_margin_rate': '0.3535', 'short_margin_rate': '0.53275'}, 'settlement_price': '82.2', 'futures_asset_type': 'FUTURES_ASSET_TYPE_CRYPTO', 'index_price': '', 'contract_code_display_name': '', 'product_group_cbrn': '', 'futures_asset_types': ['FUTURES_ASSET_TYPE_CRYPTO'], 'trading_hours_type': 'TRADING_HOURS_TYPE_UNSPECIFIED'}"
27,LC-26JUN26-CDE,51.46,-1.51196172248804,158,1115.38461538461538,1,0.01,0,100000000,1,1000,,US Dollar,False,False,False,,False,False,False,False,False,FUTURE,USD,,"{'is_session_open': True, 'open_time': '2026-05-29T22:00:00Z', 'close_time': '2026-06-01T21:00:00Z', 'session_state': 'FCM_TRADING_SESSION_STATE_OPEN', 'after_hours_order_entry_disabled': False, 'closed_reason': 'FCM_TRADING_SESSION_CLOSED_REASON_UNDEFINED', 'maintenance': None}",51.5,,[],,USD,False,0.01,LTC 26 JUN 26,FCM,40653.4,,,,,,,,,False,,,,,,"{'venue': 'cde', 'contract_code': 'LC', 'contract_expiry': '2026-06-26T15:00:00Z', 'contract_size': '5', 'contract_root_unit': 'LTC', 'group_description': 'Litecoin Futures', 'contract_expiry_timezone': 'Europe/London', 'group_short_description': 'Litecoin Futures', 'risk_managed_by': 'MANAGED_BY_FCM', 'contract_expiry_type': 'EXPIRING', 'perpetual_details': {'open_interest': '414', 'funding_rate': '', 'funding_time': None, 'max_leverage': '', 'base_asset_uuid': '', 'underlying_type': ''}, 'contract_display_name': 'LTC 26 JUN 26', 'time_to_expiry_ms': '2171717811', 'non_crypto': False, 'contract_expiry_name': '2026-06', 'twenty_four_by_seven': True, 'funding_interval': None, 'open_interest': '414', 'funding_rate': '', 'funding_time': None, 'display_name': 'Litecoin Futures (Jun 2026)', 'region_enabled': {}, 'intraday_margin_rate': {'long_margin_rate': '0.2499279', 'short_margin_rate': '0.2498702'}, 'overnight_margin_rate': {'long_margin_rate': '0.387125', 'short_margin_rate': '0.56075'}, 'settlement_price': '52.19', 'futures_asset_type': 'FUTURES_ASSET_TYPE_CRYPTO', 'index_price': '', 'contract_code_display_name': '', 'product_group_cbrn': '', 'futures_asset_types': ['FUTURES_ASSET_TYPE_CRYPTO'], 'trading_hours_type': 'TRADING_HOURS_TYPE_UNSPECIFIED'}"
28,POP-20DEC30-CDE,1.165,-2.10084033613445,4878,321.24352331606218,1,0.01,0,100000000,1,1000,,US Dollar,False,False,False,,False,False,False,False,False,FUTURE,USD,,"{'is_session_open': True, 'open_time': '2026-05-29T22:00:00Z', 'close_time': '2026-06-01T21:00:00Z', 'session_state': 'FCM_TRADING_SESSION_STATE_OPEN', 'after_hours_order_entry_disabled': False, 'closed_reason': 'FCM_TRADING_SESSION_CLOSED_REASON_UNDEFINED', 'maintenance': None}",1.1645,,[],,USD,False,0.001,DOT PERP,FCM,568287,,,,,,,,,False,,,,,,"{'venue': 'cde', 'contract_code': 'POP', 'contract_expiry': '2030-12-20T16:00:00Z', 'contract_size': '100', 'contract_root_unit': 'DOT', 'group_description': 'Polkadot Perp Futures', 'contract_expiry_timezone': 'Europe/London', 'group_short_description': 'Polkadot Perp', 'risk_managed_by': 'MANAGED_BY_FCM', 'contract_expiry_type': 'EXPIRING', 'perpetual_details': {'open_interest': '2032', 'funding_rate': '', 'funding_time': None, 'max_leverage': '', 'base_asset_uuid': '', 'underlying_type': ''}, 'contract_display_name': 'DOT PERP', 'time_to_expiry_ms': '143698517811', 'non_crypto': False, 'contract_expiry_name': '2030-12', 'twenty_four_by_seven': True, 'funding_interval': '3600s', 'open_interest': '2032', 'funding_rate': '0.000006', 'funding_time': '2026-06-01T11:00:00Z', 'display_name': 'Polkadot Perpetual', 'region_enabled': {}, 'intraday_margin_rate': {'long_margin_rate': '0.199936', 'short_margin_rate': '0.1999832'}, 'overnight_margin_rate': {'long_margin_rate': '0.3905', 'short_margin_rate': '0.547'}, 'settlement_price': '1.19', 'futures_asset_type': 'FUTURES_ASSET_TYPE_CRYPTO', 'index_price': '1.165294', 'contract_code_display_name': '', 'product_group_cbrn': '', 'futures_asset_types': ['FUTURES_ASSET_TYPE_CRYPTO'], 'trading_hours_type': 'TRADING_HOURS_TYPE_UNSPECIFIED'}"
29,AVA-26JUN26-CDE,8.9,-1.33037694013304,522,53.0791788856305,1,0.01,0,100000000,1,1000,,US Dollar,False,False,False,,False,False,False,False,False,FUTURE,USD,,"{'is_session_open': True, 'open_time': '2026-05-29T22:00:00Z', 'close_time': '2026-06-01T21:00:00Z', 'session_state': 'FCM_TRADING_SESSION_STATE_OPEN', 'after_hours_order_entry_disabled': False, 'closed_reason': 'FCM_TRADING_SESSION_CLOSED_REASON_UNDEFINED', 'maintenance': None}",8.9,,[],,USD,False,0.01,AVAX 26 JUN 26,FCM,46458,,,,,,,,,False,,,,,,"{'venue': 'cde', 'contract_code': 'AVA', 'contract_expiry': '2026-06-26T15:00:00Z', 'contract_size': '10', 'contract_root_unit': 'AVAX', 'group_description': 'Avalanche Futures', 'contract_expiry_timezone': 'Europe/London', 'group_short_description': 'Avalanche Futures', 'risk_managed_by': 'MANAGED_BY_FCM', 'contract_expiry_type': 'EXPIRING', 'perpetual_details': {'open_interest': '724', 'funding_rate': '', 'funding_time': None, 'max_leverage': '', 'base_asset_uuid': '', 'underlying_type': ''}, 'contract_display_name': 'AVAX 26 JUN 26', 'time_to_expiry_ms': '2171717811', 'non_crypto': False, 'contract_expiry_name': '2026-06', 'twenty_four_by_seven': True, 'funding_interval': None, 'open_interest': '724', 'funding_rate': '', 'funding_time': None, 'display_name': 'Avalanche Futures (Jun 2026)', 'region_enabled': {}, 'intraday_margin_rate': {'long_margin_rate': '0.2001156', 'short_margin_rate': '0.1999944'}, 'overnight_margin_rate': {'long_margin_rate': '0.311125', 'short_margin_rate': '0.423'}, 'settlement_price': '8.85', 'futures_asset_type': 'FUTURES_ASSET_TYPE_CRYPTO', 'index_price': '', 'contract_code_display_name': '', 'product_group_cbrn': '', 'futures_asset_types': ['FUTURES_ASSET_TYPE_CRYPTO'], 'trading_hours_type': 'TRADING_HOURS_TYPE_UNSPECIFIED'}"
30,SLR-27AUG26-CDE,75.35,0,56,0,1,0.01,0,100000000,1,1000,,US Dollar,False,False,False,,False,False,False,False,False,FUTURE,USD,,"{'is_session_open': True, 'open_time': '2026-05-31T22:00:00Z', 'close_time': '2026-06-01T21:00:00Z', 'session_state': 'FCM_TRADING_SESSION_STATE_OPEN', 'after_hours_order_entry_disabled': False, 'closed_reason': 'FCM_TRADING_SESSION_CLOSED_REASON_UNDEFINED', 'maintenance': None}",76.5625,,[],,USD,True,0.005,SLVR 27 AUG 26,FCM,210980,,,,,,,,,False,,,,,,"{'venue': 'cde', 'contract_code': 'SLR', 'contract_expiry': '2026-08-27T17:25:00Z', 'contract_size': '50', 'contract_root_unit': 'CDESIL', 'group_description': 'Silver Futures', 'contract_expiry_timezone': 'America/New_York', 'group_short_description': 'Silver Futures', 'risk_managed_by': 'MANAGED_BY_FCM', 'contract_expiry_type': 'EXPIRING', 'perpetual_details': {'open_interest': '32', 'funding_rate': '', 'funding_time': None, 'max_leverage': '', 'base_asset_uuid': '', 'underlying_type': ''}, 'contract_display_name': 'SLVR 27 AUG 26', 'time_to_expiry_ms': '7537217811', 'non_crypto': True, 'contract_expiry_name': '2026-09', 'twenty_four_by_seven': False, 'funding_interval': None, 'open_interest': '32', 'funding_rate': '', 'funding_time': None, 'display_name': 'Silver Futures (Aug 2026)', 'region_enabled': {}, 'intraday_margin_rate': {'long_margin_rate': '0.0894772', 'short_margin_rate': '0.0893684'}, 'overnight_margin_rate': {'long_margin_rate': '0.11675', 'short_margin_rate': '0.133625'}, 'settlement_price': '76.435', 'futures_asset_type': 'FUTURES_ASSET_TYPE_METALS', 'index_price': '', 'contract_code_display_name': '', 'product_group_cbrn': '', 'futures_asset_types': ['FUTURES_ASSET_TYPE_METALS'], 'trading_hours_type': 'TRADING_HOURS_TYPE_UNSPECIFIED'}"
31,SUP-20DEC30-CDE,0.879,-2.59308510638298,3763,171.89306358381503,1,0.01,0,100000000,1,1000,,US Dollar,False,False,False,,False,False,False,False,False,FUTURE,USD,,"{'is_session_open': True, 'open_time': '2026-05-29T22:00:00Z', 'close_time': '2026-06-01T21:00:00Z', 'session_state': 'FCM_TRADING_SESSION_STATE_OPEN', 'after_hours_order_entry_disabled': False, 'closed_reason': 'FCM_TRADING_SESSION_CLOSED_REASON_UNDEFINED', 'maintenance': None}",0.87965,,[],,USD,False,0.0001,SUI PERP,FCM,1653838.5,,,,,,,,,False,,,,,,"{'venue': 'cde', 'contract_code': 'SUP', 'contract_expiry': '2030-12-20T16:00:00Z', 'contract_size': '500', 'contract_root_unit': 'SUI', 'group_description': 'SUI Perp Futures', 'contract_expiry_timezone': 'Europe/London', 'group_short_description': 'SUI Perp', 'risk_managed_by': 'MANAGED_BY_FCM', 'contract_expiry_type': 'EXPIRING', 'perpetual_details': {'open_interest': '2870', 'funding_rate': '', 'funding_time': None, 'max_leverage': '', 'base_asset_uuid': '', 'underlying_type': ''}, 'contract_display_name': 'SUI PERP', 'time_to_expiry_ms': '143698517811', 'non_crypto': False, 'contract_expiry_name': '2030-12', 'twenty_four_by_seven': True, 'funding_interval': '3600s', 'open_interest': '2870', 'funding_rate': '0.000024', 'funding_time': '2026-06-01T11:00:00Z', 'display_name': 'SUI Perpetual', 'region_enabled': {}, 'intraday_margin_rate': {'long_margin_rate': '0.2499144', 'short_margin_rate': '0.2500989'}, 'overnight_margin_rate': {'long_margin_rate': '0.386625', 'short_margin_rate': '0.567375'}, 'settlement_price': '0.9041', 'futures_asset_type': 'FUTURES_ASSET_TYPE_CRYPTO', 'index_price': '0.879489', 'contract_code_display_name': '', 'product_group_cbrn': '', 'futures_asset_types': ['FUTURES_ASSET_TYPE_CRYPTO'], 'trading_hours_type': 'TRADING_HOURS_TYPE_UNSPECIFIED'}"
32,XLM-26JUN26-CDE,0.26009,0.66960829849822,10601,146.01995822696681,1,0.01,0,100000000,1,1000,,US Dollar,False,False,False,,False,False,False,False,False,FUTURE,USD,,"{'is_session_open': True, 'open_time': '2026-05-29T22:00:00Z', 'close_time': '2026-06-01T21:00:00Z', 'session_state': 'FCM_TRADING_SESSION_STATE_OPEN', 'after_hours_order_entry_disabled': False, 'closed_reason': 'FCM_TRADING_SESSION_CLOSED_REASON_UNDEFINED', 'maintenance': None}",0.26106,,[],,USD,False,0.00001,XLM 26 JUN 26,FCM,13786070.45,,,,,,,,,False,,,,,,"{'venue': 'cde', 'contract_code': 'XLM', 'contract_expiry': '2026-06-26T15:00:00Z', 'contract_size': '5000', 'contract_root_unit': 'XLM', 'group_description': 'Stellar Futures', 'contract_expiry_timezone': 'Europe/London', 'group_short_description': 'Stellar Futures', 'risk_managed_by': 'MANAGED_BY_FCM', 'contract_expiry_type': 'EXPIRING', 'perpetual_details': {'open_interest': '837', 'funding_rate': '', 'funding_time': None, 'max_leverage': '', 'base_asset_uuid': '', 'underlying_type': ''}, 'contract_display_name': 'XLM 26 JUN 26', 'time_to_expiry_ms': '2171717811', 'non_crypto': False, 'contract_expiry_name': '2026-06', 'twenty_four_by_seven': True, 'funding_interval': None, 'open_interest': '837', 'funding_rate': '', 'funding_time': None, 'display_name': 'Stellar Lumens Futures (Jun 2026)', 'region_enabled': {}, 'intraday_margin_rate': {'long_margin_rate': '0.2500857', 'short_margin_rate': '0.2500752'}, 'overnight_margin_rate': {'long_margin_rate': '0.271125', 'short_margin_rate': '0.368625'}, 'settlement_price': '0.23991', 'futures_asset_type': 'FUTURES_ASSET_TYPE_CRYPTO', 'index_price': '', 'contract_code_display_name': '', 'product_group_cbrn': '', 'futures_asset_types': ['FUTURES_ASSET_TYPE_CRYPTO'], 'trading_hours_type': 'TRADING_HOURS_TYPE_UNSPECIFIED'}"
33,OND-20DEC30-CDE,0.3526,-1.23249299719888,6617,17.30189682680376,1,0.01,0,100000000,1,1000,,US Dollar,False,False,False,,False,False,False,False,False,FUTURE,USD,,"{'is_session_open': True, 'open_time': '2026-05-29T22:00:00Z', 'close_time': '2026-06-01T21:00:00Z', 'session_state': 'FCM_TRADING_SESSION_STATE_OPEN', 'after_hours_order_entry_disabled': False, 'closed_reason': 'FCM_TRADING_SESSION_CLOSED_REASON_UNDEFINED', 'maintenance': None}",0.3525,,[],,USD,False,0.0001,ONDO PERP,FCM,2333154.2,,,,,,,,,False,,,,,,"{'venue': 'cde', 'contract_code': 'OND', 'contract_expiry': '2030-12-20T16:00:00Z', 'contract_size': '1000', 'contract_root_unit': 'ONDO', 'group_description': 'ONDO Perp Style Futures', 'contract_expiry_timezone': 'Europe/London', 'group_short_description': 'ONDO Perp Style Futures', 'risk_managed_by': 'MANAGED_BY_FCM', 'contract_expiry_type': 'EXPIRING', 'perpetual_details': {'open_interest': '3325', 'funding_rate': '', 'funding_time': None, 'max_leverage': '', 'base_asset_uuid': '', 'underlying_type': ''}, 'contract_display_name': 'ONDO PERP', 'time_to_expiry_ms': '143698517811', 'non_crypto': False, 'contract_expiry_name': '2030-12', 'twenty_four_by_seven': True, 'funding_interval': '3600s', 'open_interest': '3325', 'funding_rate': '0.000009', 'funding_time': '2026-06-01T11:00:00Z', 'display_name': 'Ondo Perpetual', 'region_enabled': {}, 'intraday_margin_rate': {'long_margin_rate': '0.1999824', 'short_margin_rate': '0.2000108'}, 'overnight_margin_rate': {'long_margin_rate': '0.3415', 'short_margin_rate': '0.477125'}, 'settlement_price': '0.3612', 'futures_asset_type': 'FUTURES_ASSET_TYPE_CRYPTO', 'index_price': '0.352115', 'contract_code_display_name': '', 'product_group_cbrn': '', 'futures_asset_types': ['FUTURES_ASSET_TYPE_CRYPTO'], 'trading_hours_type': 'TRADING_HOURS_TYPE_UNSPECIFIED'}"
34,LNK-26JUN26-CDE,9.074,-1.29446317850538,252,1475,1,0.01,0,100000000,1,1000,,US Dollar,False,False,False,,False,False,False,False,False,FUTURE,USD,,"{'is_session_open': True, 'open_time': '2026-05-29T22:00:00Z', 'close_time': '2026-06-01T21:00:00Z', 'session_state': 'FCM_TRADING_SESSION_STATE_OPEN', 'after_hours_order_entry_disabled': False, 'closed_reason': 'FCM_TRADING_SESSION_CLOSED_REASON_UNDEFINED', 'maintenance': None}",9.0825,,[],,USD,False,0.001,LINK 26 JUN 26,FCM,114332.4,,,,,,,,,False,,,,,,"{'venue': 'cde', 'contract_code': 'LNK', 'contract_expiry': '2026-06-26T15:00:00Z', 'contract_size': '50', 'contract_root_unit': 'LINK', 'group_description': 'Chainlink Futures', 'contract_expiry_timezone': 'Europe/London', 'group_short_description': 'Chainlink Futures', 'risk_managed_by': 'MANAGED_BY_FCM', 'contract_expiry_type': 'EXPIRING', 'perpetual_details': {'open_interest': '302', 'funding_rate': '', 'funding_time': None, 'max_leverage': '', 'base_asset_uuid': '', 'underlying_type': ''}, 'contract_display_name': 'LINK 26 JUN 26', 'time_to_expiry_ms': '2171717811', 'non_crypto': False, 'contract_expiry_name': '2026-06', 'twenty_four_by_seven': True, 'funding_interval': None, 'open_interest': '302', 'funding_rate': '', 'funding_time': None, 'display_name': 'Chainlink Futures (Jun 2026)', 'region_enabled': {}, 'intraday_margin_rate': {'long_margin_rate': '0.1999115', 'short_margin_rate': '0.19998'}, 'overnight_margin_rate': {'long_margin_rate': '0.308125', 'short_margin_rate': '0.416625'}, 'settlement_price': '9.047', 'futures_asset_type': 'FUTURES_ASSET_TYPE_CRYPTO', 'index_price': '', 'contract_code_display_name': '', 'product_group_cbrn': '', 'futures_asset_types': ['FUTURES_ASSET_TYPE_CRYPTO'], 'trading_hours_type': 'TRADING_HOURS_TYPE_UNSPECIFIED'}"
35,ET-31JUL26-CDE,2021,0,1,0,1,0.01,0,100000000,1,5000,,US Dollar,False,False,False,,False,False,False,False,False,FUTURE,USD,,"{'is_session_open': True, 'open_time': '2026-05-29T22:00:00Z', 'close_time': '2026-06-01T21:00:00Z', 'session_state': 'FCM_TRADING_SESSION_STATE_OPEN', 'after_hours_order_entry_disabled': False, 'closed_reason': 'FCM_TRADING_SESSION_CLOSED_REASON_UNDEFINED', 'maintenance': None}",2002.25,,[],,USD,True,0.5,ETH 31 JUL 26,FCM,202.1,,,,,,,,,False,,,,,,"{'venue': 'cde', 'contract_code': 'ET', 'contract_expiry': '2026-07-31T15:00:00Z', 'contract_size': '0.1', 'contract_root_unit': 'ETH', 'group_description': 'nano Ether Futures', 'contract_expiry_timezone': 'Europe/London', 'group_short_description': 'nano ETH', 'risk_managed_by': 'MANAGED_BY_FCM', 'contract_expiry_type': 'EXPIRING', 'perpetual_details': {'open_interest': '7', 'funding_rate': '', 'funding_time': None, 'max_leverage': '', 'base_asset_uuid': '', 'underlying_type': ''}, 'contract_display_name': 'ETH 31 JUL 26', 'time_to_expiry_ms': '5195717811', 'non_crypto': False, 'contract_expiry_name': '2026-07', 'twenty_four_by_seven': True, 'funding_interval': None, 'open_interest': '7', 'funding_rate': '', 'funding_time': None, 'display_name': 'Ethereum Futures (Jul 2026)', 'region_enabled': {}, 'intraday_margin_rate': {'long_margin_rate': '0.1000441', 'short_margin_rate': '0.0999745'}, 'overnight_margin_rate': {'long_margin_rate': '0.234625', 'short_margin_rate': '0.316375'}, 'settlement_price': '2034.5', 'futures_asset_type': 'FUTURES_ASSET_TYPE_CRYPTO', 'index_price': '', 'contract_code_display_name': '', 'product_group_cbrn': '', 'futures_asset_types': ['FUTURES_ASSET_TYPE_CRYPTO'], 'trading_hours_type': 'TRADING_HOURS_TYPE_UNSPECIFIED'}"
36,NGS-25JUN26-CDE,3.263,1.65109034267913,544,0,1,0.01,0,100000000,1,1000,,US Dollar,False,False,False,,False,False,False,False,False,FUTURE,USD,,"{'is_session_open': True, 'open_time': '2026-05-31T22:00:00Z', 'close_time': '2026-06-01T21:00:00Z', 'session_state': 'FCM_TRADING_SESSION_STATE_OPEN', 'after_hours_order_entry_disabled': False, 'closed_reason': 'FCM_TRADING_SESSION_CLOSED_REASON_UNDEFINED', 'maintenance': None}",3.2815,,[],,USD,False,0.001,NGS 25 JUN 26,FCM,1775072,,,,,,,,,False,,,,,,"{'venue': 'cde', 'contract_code': 'NGS', 'contract_expiry': '2026-06-25T18:30:00Z', 'contract_size': '1000', 'contract_root_unit': 'CDENGS', 'group_description': 'Natural Gas Futures', 'contract_expiry_timezone': 'America/New_York', 'group_short_description': 'Natural Gas Futures', 'risk_managed_by': 'MANAGED_BY_FCM', 'contract_expiry_type': 'EXPIRING', 'perpetual_details': {'open_interest': '152', 'funding_rate': '', 'funding_time': None, 'max_leverage': '', 'base_asset_uuid': '', 'underlying_type': ''}, 'contract_display_name': 'NGS 25 JUN 26', 'time_to_expiry_ms': '2097917811', 'non_crypto': True, 'contract_expiry_name': '2026-07', 'twenty_four_by_seven': False, 'funding_interval': None, 'open_interest': '152', 'funding_rate': '', 'funding_time': None, 'display_name': 'Natural Gas Futures (Jun 2026)', 'region_enabled': {}, 'intraday_margin_rate': {'long_margin_rate': '0.1000302', 'short_margin_rate': '0.100016'}, 'overnight_margin_rate': {'long_margin_rate': '0.14225', 'short_margin_rate': '0.1645'}, 'settlement_price': '3.278', 'futures_asset_type': 'FUTURES_ASSET_TYPE_ENERGY', 'index_price': '', 'contract_code_display_name': '', 'product_group_cbrn': '', 'futures_asset_types': ['FUTURES_ASSET_TYPE_ENERGY'], 'trading_hours_type': 'TRADING_HOURS_TYPE_UNSPECIFIED'}"
37,SUI-26JUN26-CDE,0.8864,-2.57199384480106,1723,748.76847290640394,1,0.01,0,100000000,1,1000,,US Dollar,False,False,False,,False,False,False,False,False,FUTURE,USD,,"{'is_session_open': True, 'open_time': '2026-05-29T22:00:00Z', 'close_time': '2026-06-01T21:00:00Z', 'session_state': 'FCM_TRADING_SESSION_STATE_OPEN', 'after_hours_order_entry_disabled': False, 'closed_reason': 'FCM_TRADING_SESSION_CLOSED_REASON_UNDEFINED', 'maintenance': None}",0.88725,,[],,USD,False,0.0001,SUI 26 JUN 26,FCM,763633.6,,,,,,,,,False,,,,,,"{'venue': 'cde', 'contract_code': 'SUI', 'contract_expiry': '2026-06-26T15:00:00Z', 'contract_size': '500', 'contract_root_unit': 'SUI', 'group_description': 'SUI Futures', 'contract_expiry_timezone': 'Europe/London', 'group_short_description': 'SUI Futures', 'risk_managed_by': 'MANAGED_BY_FCM', 'contract_expiry_type': 'EXPIRING', 'perpetual_details': {'open_interest': '17769', 'funding_rate': '', 'funding_time': None, 'max_leverage': '', 'base_asset_uuid': '', 'underlying_type': ''}, 'contract_display_name': 'SUI 26 JUN 26', 'time_to_expiry_ms': '2171717811', 'non_crypto': False, 'contract_expiry_name': '2026-06', 'twenty_four_by_seven': True, 'funding_interval': None, 'open_interest': '17769', 'funding_rate': '', 'funding_time': None, 'display_name': 'SUI Futures (Jun 2026)', 'region_enabled': {}, 'intraday_margin_rate': {'long_margin_rate': '0.249999', 'short_margin_rate': '0.2500336'}, 'overnight_margin_rate': {'long_margin_rate': '0.37425', 'short_margin_rate': '0.55025'}, 'settlement_price': '0.9111', 'futures_asset_type': 'FUTURES_ASSET_TYPE_CRYPTO', 'index_price': '', 'contract_code_display_name': '', 'product_group_cbrn': '', 'futures_asset_types': ['FUTURES_ASSET_TYPE_CRYPTO'], 'trading_hours_type': 'TRADING_HOURS_TYPE_UNSPECIFIED'}"
38,NOL-20JUL26-CDE,88.54,0,10,0,1,0.01,0,100000000,1,1000,,US Dollar,False,False,False,,False,False,False,False,False,FUTURE,USD,,"{'is_session_open': True, 'open_time': '2026-05-31T22:00:00Z', 'close_time': '2026-06-01T21:00:00Z', 'session_state': 'FCM_TRADING_SESSION_STATE_OPEN', 'after_hours_order_entry_disabled': False, 'closed_reason': 'FCM_TRADING_SESSION_CLOSED_REASON_UNDEFINED', 'maintenance': None}",87.915,,[],,USD,True,0.01,OIL 20 JUL 26,FCM,8854,,,,,,,,,False,,,,,,"{'venue': 'cde', 'contract_code': 'NOL', 'contract_expiry': '2026-07-20T18:30:00Z', 'contract_size': '10', 'contract_root_unit': 'CDEOIL', 'group_description': 'nano Crude Oil Futures', 'contract_expiry_timezone': 'America/New_York', 'group_short_description': 'Oil Futures', 'risk_managed_by': 'MANAGED_BY_FCM', 'contract_expiry_type': 'EXPIRING', 'perpetual_details': {'open_interest': '10', 'funding_rate': '', 'funding_time': None, 'max_leverage': '', 'base_asset_uuid': '', 'underlying_type': ''}, 'contract_display_name': 'OIL 20 JUL 26', 'time_to_expiry_ms': '4257917811', 'non_crypto': True, 'contract_expiry_name': '2026-08', 'twenty_four_by_seven': False, 'funding_interval': None, 'open_interest': '10', 'funding_rate': '', 'funding_time': None, 'display_name': 'Oil Futures (Jul 2026)', 'region_enabled': {}, 'intraday_margin_rate': {'long_margin_rate': '0.12067', 'short_margin_rate': '0.120704'}, 'overnight_margin_rate': {'long_margin_rate': '0.137125', 'short_margin_rate': '0.16'}, 'settlement_price': '85.31', 'futures_asset_type': 'FUTURES_ASSET_TYPE_ENERGY', 'index_price': '', 'contract_code_display_name': '', 'product_group_cbrn': '', 'futures_asset_types': ['FUTURES_ASSET_TYPE_ENERGY'], 'trading_hours_type': 'TRADING_HOURS_TYPE_UNSPECIFIED'}"
39,DOT-26JUN26-CDE,1.174,-1.83946488294314,534,1425.71428571428571,1,0.01,0,100000000,1,1000,,US Dollar,False,False,False,,False,False,False,False,False,FUTURE,USD,,"{'is_session_open': True, 'open_time': '2026-05-29T22:00:00Z', 'close_time': '2026-06-01T21:00:00Z', 'session_state': 'FCM_TRADING_SESSION_STATE_OPEN', 'after_hours_order_entry_disabled': False, 'closed_reason': 'FCM_TRADING_SESSION_CLOSED_REASON_UNDEFINED', 'maintenance': None}",1.1695,,[],,USD,False,0.001,DOT 26 JUN 26,FCM,62691.6,,,,,,,,,False,,,,,,"{'venue': 'cde', 'contract_code': 'DOT', 'contract_expiry': '2026-06-26T15:00:00Z', 'contract_size': '100', 'contract_root_unit': 'DOT', 'group_description': 'Polkadot Futures', 'contract_expiry_timezone': 'Europe/London', 'group_short_description': 'Polkadot Futures', 'risk_managed_by': 'MANAGED_BY_FCM', 'contract_expiry_type': 'EXPIRING', 'perpetual_details': {'open_interest': '202', 'funding_rate': '', 'funding_time': None, 'max_leverage': '', 'base_asset_uuid': '', 'underlying_type': ''}, 'contract_display_name': 'DOT 26 JUN 26', 'time_to_expiry_ms': '2171717811', 'non_crypto': False, 'contract_expiry_name': '2026-06', 'twenty_four_by_seven': True, 'funding_interval': None, 'open_interest': '202', 'funding_rate': '', 'funding_time': None, 'display_name': 'Polkadot Futures (Jun 2026)', 'region_enabled': {}, 'intraday_margin_rate': {'long_margin_rate': '0.2000251', 'short_margin_rate': '0.199962'}, 'overnight_margin_rate': {'long_margin_rate': '0.372625', 'short_margin_rate': '0.5175'}, 'settlement_price': '1.194', 'futures_asset_type': 'FUTURES_ASSET_TYPE_CRYPTO', 'index_price': '', 'contract_code_display_name': '', 'product_group_cbrn': '', 'futures_asset_types': ['FUTURES_ASSET_TYPE_CRYPTO'], 'trading_hours_type': 'TRADING_HOURS_TYPE_UNSPECIFIED'}"
40,ADP-20DEC30-CDE,0.2317,-1.98815566835871,2589,64.69465648854962,1,0.01,0,100000000,1,1000,,US Dollar,False,False,False,,False,False,False,False,False,FUTURE,USD,,"{'is_session_open': True, 'open_time': '2026-05-29T22:00:00Z', 'close_time': '2026-06-01T21:00:00Z', 'session_state': 'FCM_TRADING_SESSION_STATE_OPEN', 'after_hours_order_entry_disabled': False, 'closed_reason': 'FCM_TRADING_SESSION_CLOSED_REASON_UNDEFINED', 'maintenance': None}",0.2315,,[],,USD,False,0.0001,ADA PERP,FCM,599871.3,,,,,,,,,False,,,,,,"{'venue': 'cde', 'contract_code': 'ADP', 'contract_expiry': '2030-12-20T16:00:00Z', 'contract_size': '1000', 'contract_root_unit': 'ADA', 'group_description': 'Cardano Perp Futures', 'contract_expiry_timezone': 'Europe/London', 'group_short_description': 'Cardano Perp', 'risk_managed_by': 'MANAGED_BY_FCM', 'contract_expiry_type': 'EXPIRING', 'perpetual_details': {'open_interest': '6034', 'funding_rate': '', 'funding_time': None, 'max_leverage': '', 'base_asset_uuid': '', 'underlying_type': ''}, 'contract_display_name': 'ADA PERP', 'time_to_expiry_ms': '143698517811', 'non_crypto': False, 'contract_expiry_name': '2030-12', 'twenty_four_by_seven': True, 'funding_interval': '3600s', 'open_interest': '6034', 'funding_rate': '0.000028', 'funding_time': '2026-06-01T11:00:00Z', 'display_name': 'Cardano Perpetual', 'region_enabled': {}, 'intraday_margin_rate': {'long_margin_rate': '0.200025', 'short_margin_rate': '0.200066'}, 'overnight_margin_rate': {'long_margin_rate': '0.28125', 'short_margin_rate': '0.4175'}, 'settlement_price': '0.2324', 'futures_asset_type': 'FUTURES_ASSET_TYPE_CRYPTO', 'index_price': '0.231331', 'contract_code_display_name': '', 'product_group_cbrn': '', 'futures_asset_types': ['FUTURES_ASSET_TYPE_CRYPTO'], 'trading_hours_type': 'TRADING_HOURS_TYPE_UNSPECIFIED'}"
41,CU-26JUN26-CDE,6.5725,2.70333619814048,83,0,1,0.01,0,100000000,1,1000,,US Dollar,False,False,False,,False,False,False,False,False,FUTURE,USD,,"{'is_session_open': True, 'open_time': '2026-05-31T22:00:00Z', 'close_time': '2026-06-01T21:00:00Z', 'session_state': 'FCM_TRADING_SESSION_STATE_OPEN', 'after_hours_order_entry_disabled': False, 'closed_reason': 'FCM_TRADING_SESSION_CLOSED_REASON_UNDEFINED', 'maintenance': None}",6.5685,,[],,USD,False,0.0005,COPR 26 JUN 26,FCM,1091035,,,,,,,,,False,,,,,,"{'venue': 'cde', 'contract_code': 'CU', 'contract_expiry': '2026-06-26T17:00:00Z', 'contract_size': '2000', 'contract_root_unit': 'CDECU', 'group_description': 'Copper Futures', 'contract_expiry_timezone': 'America/New_York', 'group_short_description': 'Copper Futures', 'risk_managed_by': 'MANAGED_BY_FCM', 'contract_expiry_type': 'EXPIRING', 'perpetual_details': {'open_interest': '218', 'funding_rate': '', 'funding_time': None, 'max_leverage': '', 'base_asset_uuid': '', 'underlying_type': ''}, 'contract_display_name': 'COPR 26 JUN 26', 'time_to_expiry_ms': '2178917811', 'non_crypto': True, 'contract_expiry_name': '2026-07', 'twenty_four_by_seven': False, 'funding_interval': None, 'open_interest': '218', 'funding_rate': '', 'funding_time': None, 'display_name': 'Copper Futures (Jun 2026)', 'region_enabled': {}, 'intraday_margin_rate': {'long_margin_rate': '0.089964', 'short_margin_rate': '0.0899776'}, 'overnight_margin_rate': {'long_margin_rate': '0.091875', 'short_margin_rate': '0.103375'}, 'settlement_price': '6.389', 'futures_asset_type': 'FUTURES_ASSET_TYPE_METALS', 'index_price': '', 'contract_code_display_name': '', 'product_group_cbrn': '', 'futures_asset_types': ['FUTURES_ASSET_TYPE_METALS'], 'trading_hours_type': 'TRADING_HOURS_TYPE_UNSPECIFIED'}"
42,HEP-20DEC30-CDE,0.09475,-3.99229911845172,4366,58.70592511813886,1,0.01,0,100000000,1,1000,,US Dollar,False,False,False,,False,False,False,False,False,FUTURE,USD,,"{'is_session_open': True, 'open_time': '2026-05-29T22:00:00Z', 'close_time': '2026-06-01T21:00:00Z', 'session_state': 'FCM_TRADING_SESSION_STATE_OPEN', 'after_hours_order_entry_disabled': False, 'closed_reason': 'FCM_TRADING_SESSION_CLOSED_REASON_UNDEFINED', 'maintenance': None}",0.09423,,[],,USD,False,0.00001,HBAR PERP,FCM,2068392.5,,,,,,,,,False,,,,,,"{'venue': 'cde', 'contract_code': 'HEP', 'contract_expiry': '2030-12-20T16:00:00Z', 'contract_size': '5000', 'contract_root_unit': 'HBAR', 'group_description': 'Hedera Perp Futures', 'contract_expiry_timezone': 'Europe/London', 'group_short_description': 'Hedera Perp', 'risk_managed_by': 'MANAGED_BY_FCM', 'contract_expiry_type': 'EXPIRING', 'perpetual_details': {'open_interest': '1857', 'funding_rate': '', 'funding_time': None, 'max_leverage': '', 'base_asset_uuid': '', 'underlying_type': ''}, 'contract_display_name': 'HBAR PERP', 'time_to_expiry_ms': '143698517811', 'non_crypto': False, 'contract_expiry_name': '2030-12', 'twenty_four_by_seven': True, 'funding_interval': '3600s', 'open_interest': '1857', 'funding_rate': '0.000017', 'funding_time': '2026-06-01T11:00:00Z', 'display_name': 'Hedera Perpetual', 'region_enabled': {}, 'intraday_margin_rate': {'long_margin_rate': '0.2500636', 'short_margin_rate': '0.2497797'}, 'overnight_margin_rate': {'long_margin_rate': '0.38975', 'short_margin_rate': '0.608625'}, 'settlement_price': '0.09273', 'futures_asset_type': 'FUTURES_ASSET_TYPE_CRYPTO', 'index_price': '0.094086', 'contract_code_display_name': '', 'product_group_cbrn': '', 'futures_asset_types': ['FUTURES_ASSET_TYPE_CRYPTO'], 'trading_hours_type': 'TRADING_HOURS_TYPE_UNSPECIFIED'}"
43,ADA-31JUL26-CDE,0.2345,-0.88757396449704,1537,15270,1,0.01,0,100000000,1,1000,,US Dollar,False,False,False,,False,False,False,False,False,FUTURE,USD,,"{'is_session_open': True, 'open_time': '2026-05-29T22:00:00Z', 'close_time': '2026-06-01T21:00:00Z', 'session_state': 'FCM_TRADING_SESSION_STATE_OPEN', 'after_hours_order_entry_disabled': False, 'closed_reason': 'FCM_TRADING_SESSION_CLOSED_REASON_UNDEFINED', 'maintenance': None}",0.23425,,[],,USD,False,0.0001,ADA 31 JUL 26,FCM,360426.5,,,,,,,,,False,,,,,,"{'venue': 'cde', 'contract_code': 'ADA', 'contract_expiry': '2026-07-31T15:00:00Z', 'contract_size': '1000', 'contract_root_unit': 'ADA', 'group_description': 'nano Cardano Futures', 'contract_expiry_timezone': 'Europe/London', 'group_short_description': 'nano Cardano Futures', 'risk_managed_by': 'MANAGED_BY_FCM', 'contract_expiry_type': 'EXPIRING', 'perpetual_details': {'open_interest': '87', 'funding_rate': '', 'funding_time': None, 'max_leverage': '', 'base_asset_uuid': '', 'underlying_type': ''}, 'contract_display_name': 'ADA 31 JUL 26', 'time_to_expiry_ms': '5195717811', 'non_crypto': False, 'contract_expiry_name': '2026-07', 'twenty_four_by_seven': True, 'funding_interval': None, 'open_interest': '87', 'funding_rate': '', 'funding_time': None, 'display_name': 'Cardano Futures (Jul 2026)', 'region_enabled': {}, 'intraday_margin_rate': {'long_margin_rate': '0.2000072', 'short_margin_rate': '0.200027'}, 'overnight_margin_rate': {'long_margin_rate': '0.26825', 'short_margin_rate': '0.394375'}, 'settlement_price': '0.2354', 'futures_asset_type': 'FUTURES_ASSET_TYPE_CRYPTO', 'index_price': '', 'contract_code_display_name': '', 'product_group_cbrn': '', 'futures_asset_types': ['FUTURES_ASSET_TYPE_CRYPTO'], 'trading_hours_type': 'TRADING_HOURS_TYPE_UNSPECIFIED'}"
44,DOG-26JUN26-CDE,0.10135,-0.38333005700806,2551,1940.8,1,0.01,0,100000000,1,1000,,US Dollar,False,False,False,,False,False,False,False,False,FUTURE,USD,,"{'is_session_open': True, 'open_time': '2026-05-29T22:00:00Z', 'close_time': '2026-06-01T21:00:00Z', 'session_state': 'FCM_TRADING_SESSION_STATE_OPEN', 'after_hours_order_entry_disabled': False, 'closed_reason': 'FCM_TRADING_SESSION_CLOSED_REASON_UNDEFINED', 'maintenance': None}",0.10138,,[],,USD,False,0.00001,DOGE 26 JUN 26,FCM,1292719.25,,,,,,,,,False,,,,,,"{'venue': 'cde', 'contract_code': 'DOG', 'contract_expiry': '2026-06-26T15:00:00Z', 'contract_size': '5000', 'contract_root_unit': 'DOGE', 'group_description': 'Dogecoin Futures', 'contract_expiry_timezone': 'Europe/London', 'group_short_description': 'Dogecoin Futures', 'risk_managed_by': 'MANAGED_BY_FCM', 'contract_expiry_type': 'EXPIRING', 'perpetual_details': {'open_interest': '25227', 'funding_rate': '', 'funding_time': None, 'max_leverage': '', 'base_asset_uuid': '', 'underlying_type': ''}, 'contract_display_name': 'DOGE 26 JUN 26', 'time_to_expiry_ms': '2171717811', 'non_crypto': False, 'contract_expiry_name': '2026-06', 'twenty_four_by_seven': True, 'funding_interval': None, 'open_interest': '25227', 'funding_rate': '', 'funding_time': None, 'display_name': 'Dogecoin Futures (Jun 2026)', 'region_enabled': {}, 'intraday_margin_rate': {'long_margin_rate': '0.2501046', 'short_margin_rate': '0.2503164'}, 'overnight_margin_rate': {'long_margin_rate': '0.505875', 'short_margin_rate': '0.899125'}, 'settlement_price': '0.10089', 'futures_asset_type': 'FUTURES_ASSET_TYPE_CRYPTO', 'index_price': '', 'contract_code_display_name': '', 'product_group_cbrn': '', 'futures_asset_types': ['FUTURES_ASSET_TYPE_CRYPTO'], 'trading_hours_type': 'TRADING_HOURS_TYPE_UNSPECIFIED'}"
45,XRP-31JUL26-CDE,1.3188,-2.22419928825623,177,0,1,0.01,0,100000000,1,1000,,US Dollar,False,False,False,,False,False,False,False,False,FUTURE,USD,,"{'is_session_open': True, 'open_time': '2026-05-29T22:00:00Z', 'close_time': '2026-06-01T21:00:00Z', 'session_state': 'FCM_TRADING_SESSION_STATE_OPEN', 'after_hours_order_entry_disabled': False, 'closed_reason': 'FCM_TRADING_SESSION_CLOSED_REASON_UNDEFINED', 'maintenance': None}",1.322,,[],,USD,True,0.0001,XRP 31 JUL 26,FCM,116713.8,,,,,,,,,False,,,,,,"{'venue': 'cde', 'contract_code': 'XRP', 'contract_expiry': '2026-07-31T15:00:00Z', 'contract_size': '500', 'contract_root_unit': 'XRP', 'group_description': 'nano XRP Futures', 'contract_expiry_timezone': 'Europe/London', 'group_short_description': 'nano XRP Futures', 'risk_managed_by': 'MANAGED_BY_FCM', 'contract_expiry_type': 'EXPIRING', 'perpetual_details': {'open_interest': '112', 'funding_rate': '', 'funding_time': None, 'max_leverage': '', 'base_asset_uuid': '', 'underlying_type': ''}, 'contract_display_name': 'XRP 31 JUL 26', 'time_to_expiry_ms': '5195717811', 'non_crypto': False, 'contract_expiry_name': '2026-07', 'twenty_four_by_seven': True, 'funding_interval': None, 'open_interest': '112', 'funding_rate': '', 'funding_time': None, 'display_name': 'XRP Futures (Jul 2026)', 'region_enabled': {}, 'intraday_margin_rate': {'long_margin_rate': '0.1998612', 'short_margin_rate': '0.2001662'}, 'overnight_margin_rate': {'long_margin_rate': '0.3605', 'short_margin_rate': '0.54275'}, 'settlement_price': '1.3346', 'futures_asset_type': 'FUTURES_ASSET_TYPE_CRYPTO', 'index_price': '', 'contract_code_display_name': '', 'product_group_cbrn': '', 'futures_asset_types': ['FUTURES_ASSET_TYPE_CRYPTO'], 'trading_hours_type': 'TRADING_HOURS_TYPE_UNSPECIFIED'}"
46,DOP-20DEC30-CDE,0.1001,-0.49701789264414,1945,141.01610904584882,1,0.01,0,100000000,1,1000,,US Dollar,False,False,False,,False,False,False,False,False,FUTURE,USD,,"{'is_session_open': True, 'open_time': '2026-05-29T22:00:00Z', 'close_time': '2026-06-01T21:00:00Z', 'session_state': 'FCM_TRADING_SESSION_STATE_OPEN', 'after_hours_order_entry_disabled': False, 'closed_reason': 'FCM_TRADING_SESSION_CLOSED_REASON_UNDEFINED', 'maintenance': None}",0.10012,,[],,USD,False,0.00001,DOGE PERP,FCM,973472.5,,,,,,,,,False,,,,,,"{'venue': 'cde', 'contract_code': 'DOP', 'contract_expiry': '2030-12-20T16:00:00Z', 'contract_size': '5000', 'contract_root_unit': 'DOGE', 'group_description': 'Dogecoin Perp Futures', 'contract_expiry_timezone': 'Europe/London', 'group_short_description': 'Dogecoin Perp', 'risk_managed_by': 'MANAGED_BY_FCM', 'contract_expiry_type': 'EXPIRING', 'perpetual_details': {'open_interest': '3591', 'funding_rate': '', 'funding_time': None, 'max_leverage': '', 'base_asset_uuid': '', 'underlying_type': ''}, 'contract_display_name': 'DOGE PERP', 'time_to_expiry_ms': '143698517811', 'non_crypto': False, 'contract_expiry_name': '2030-12', 'twenty_four_by_seven': True, 'funding_interval': '3600s', 'open_interest': '3591', 'funding_rate': '0.000022', 'funding_time': '2026-06-01T11:00:00Z', 'display_name': 'Dogecoin Perpetual', 'region_enabled': {}, 'intraday_margin_rate': {'long_margin_rate': '0.2500761', 'short_margin_rate': '0.2498166'}, 'overnight_margin_rate': {'long_margin_rate': '0.520125', 'short_margin_rate': '0.91575'}, 'settlement_price': '0.09998', 'futures_asset_type': 'FUTURES_ASSET_TYPE_CRYPTO', 'index_price': '0.100081', 'contract_code_display_name': '', 'product_group_cbrn': '', 'futures_asset_types': ['FUTURES_ASSET_TYPE_CRYPTO'], 'trading_hours_type': 'TRADING_HOURS_TYPE_UNSPECIFIED'}"
47,ADA-26JUN26-CDE,0.233,-1.89473684210526,694,160.90225563909774,1,0.01,0,100000000,1,1000,,US Dollar,False,False,False,,False,False,False,False,False,FUTURE,USD,,"{'is_session_open': True, 'open_time': '2026-05-29T22:00:00Z', 'close_time': '2026-06-01T21:00:00Z', 'session_state': 'FCM_TRADING_SESSION_STATE_OPEN', 'after_hours_order_entry_disabled': False, 'closed_reason': 'FCM_TRADING_SESSION_CLOSED_REASON_UNDEFINED', 'maintenance': None}",0.23285,,[],,USD,False,0.0001,ADA 26 JUN 26,FCM,161702,,,,,,,,,False,,,,,,"{'venue': 'cde', 'contract_code': 'ADA', 'contract_expiry': '2026-06-26T15:00:00Z', 'contract_size': '1000', 'contract_root_unit': 'ADA', 'group_description': 'nano Cardano Futures', 'contract_expiry_timezone': 'Europe/London', 'group_short_description': 'nano Cardano Futures', 'risk_managed_by': 'MANAGED_BY_FCM', 'contract_expiry_type': 'EXPIRING', 'perpetual_details': {'open_interest': '370', 'funding_rate': '', 'funding_time': None, 'max_leverage': '', 'base_asset_uuid': '', 'underlying_type': ''}, 'contract_display_name': 'ADA 26 JUN 26', 'time_to_expiry_ms': '2171717811', 'non_crypto': False, 'contract_expiry_name': '2026-06', 'twenty_four_by_seven': True, 'funding_interval': None, 'open_interest': '370', 'funding_rate': '', 'funding_time': None, 'display_name': 'Cardano Futures (Jun 2026)', 'region_enabled': {}, 'intraday_margin_rate': {'long_margin_rate': '0.2000072', 'short_margin_rate': '0.200027'}, 'overnight_margin_rate': {'long_margin_rate': '0.26825', 'short_margin_rate': '0.394375'}, 'settlement_price': '0.2336', 'futures_asset_type': 'FUTURES_ASSET_TYPE_CRYPTO', 'index_price': '', 'contract_code_display_name': '', 'product_group_cbrn': '', 'futures_asset_types': ['FUTURES_ASSET_TYPE_CRYPTO'], 'trading_hours_type': 'TRADING_HOURS_TYPE_UNSPECIFIED'}"
48,SHP-20DEC30-CDE,0.00546,-1.08695652173913,15126,12828.20512820512821,1,0.01,0,100000000,1,1000,,US Dollar,False,False,False,,False,False,False,False,False,FUTURE,USD,,"{'is_session_open': True, 'open_time': '2026-05-29T22:00:00Z', 'close_time': '2026-06-01T21:00:00Z', 'session_state': 'FCM_TRADING_SESSION_STATE_OPEN', 'after_hours_order_entry_disabled': False, 'closed_reason': 'FCM_TRADING_SESSION_CLOSED_REASON_UNDEFINED', 'maintenance': None}",0.005455,,[],,USD,False,0.00001,1000SHIB PERP,FCM,825879.6,,,,,,,,,False,,,,,,"{'venue': 'cde', 'contract_code': 'SHP', 'contract_expiry': '2030-12-20T16:00:00Z', 'contract_size': '10000', 'contract_root_unit': 'SHIB', 'group_description': '1k Shib Perp Futures', 'contract_expiry_timezone': 'Europe/London', 'group_short_description': '1k Shib Perp', 'risk_managed_by': 'MANAGED_BY_FCM', 'contract_expiry_type': 'EXPIRING', 'perpetual_details': {'open_interest': '2164', 'funding_rate': '', 'funding_time': None, 'max_leverage': '', 'base_asset_uuid': '', 'underlying_type': ''}, 'contract_display_name': '1000SHIB PERP', 'time_to_expiry_ms': '143698517811', 'non_crypto': False, 'contract_expiry_name': '2030-12', 'twenty_four_by_seven': True, 'funding_interval': '3600s', 'open_interest': '2164', 'funding_rate': '0.000051', 'funding_time': '2026-06-01T11:00:00Z', 'display_name': '1000SHIB Perpetual', 'region_enabled': {}, 'intraday_margin_rate': {'long_margin_rate': '0.2500521', 'short_margin_rate': '0.2502968'}, 'overnight_margin_rate': {'long_margin_rate': '0.528875', 'short_margin_rate': '0.953875'}, 'settlement_price': '0.0054', 'futures_asset_type': 'FUTURES_ASSET_TYPE_CRYPTO', 'index_price': '0.005445', 'contract_code_display_name': '', 'product_group_cbrn': '', 'futures_asset_types': ['FUTURES_ASSET_TYPE_CRYPTO'], 'trading_hours_type': 'TRADING_HOURS_TYPE_UNSPECIFIED'}"
49,ENA-20DEC30-CDE,0.08672,-4.10262081167754,871,122.19387755102041,1,0.01,0,100000000,1,1000,,US Dollar,False,False,False,,False,False,False,False,False,FUTURE,USD,,"{'is_session_open': True, 'open_time': '2026-05-29T22:00:00Z', 'close_time': '2026-06-01T21:00:00Z', 'session_state': 'FCM_TRADING_SESSION_STATE_OPEN', 'after_hours_order_entry_disabled': False, 'closed_reason': 'FCM_TRADING_SESSION_CLOSED_REASON_UNDEFINED', 'maintenance': None}",0.08668,,[],,USD,False,0.00001,ENA PERP,FCM,377665.6,,,,,,,,,False,,,,,,"{'venue': 'cde', 'contract_code': 'ENA', 'contract_expiry': '2030-12-20T16:00:00Z', 'contract_size': '5000', 'contract_root_unit': 'ENA', 'group_description': 'Ethena Perp Style Futures', 'contract_expiry_timezone': 'Europe/London', 'group_short_description': 'Ethena Perp Style Futures', 'risk_managed_by': 'MANAGED_BY_FCM', 'contract_expiry_type': 'EXPIRING', 'perpetual_details': {'open_interest': '529', 'funding_rate': '', 'funding_time': None, 'max_leverage': '', 'base_asset_uuid': '', 'underlying_type': ''}, 'contract_display_name': 'ENA PERP', 'time_to_expiry_ms': '143698517811', 'non_crypto': False, 'contract_expiry_name': '2030-12', 'twenty_four_by_seven': True, 'funding_interval': '3600s', 'open_interest': '529', 'funding_rate': '0.000022', 'funding_time': '2026-06-01T11:00:00Z', 'display_name': 'Ethena Perpetual', 'region_enabled': {}, 'intraday_margin_rate': {'long_margin_rate': '0.2500467', 'short_margin_rate': '0.250138'}, 'overnight_margin_rate': {'long_margin_rate': '0.445875', 'short_margin_rate': '0.656875'}, 'settlement_price': '0.0867', 'futures_asset_type': 'FUTURES_ASSET_TYPE_CRYPTO', 'index_price': '0.0867', 'contract_code_display_name': '', 'product_group_cbrn': '', 'futures_asset_types': ['FUTURES_ASSET_TYPE_CRYPTO'], 'trading_hours_type': 'TRADING_HOURS_TYPE_UNSPECIFIED'}"
50,HED-26JUN26-CDE,0.09539,-4.303772070626,411,17.76504297994269,1,0.01,0,100000000,1,1000,,US Dollar,False,False,False,,False,False,False,False,False,FUTURE,USD,,"{'is_session_open': True, 'open_time': '2026-05-29T22:00:00Z', 'close_time': '2026-06-01T21:00:00Z', 'session_state': 'FCM_TRADING_SESSION_STATE_OPEN', 'after_hours_order_entry_disabled': False, 'closed_reason': 'FCM_TRADING_SESSION_CLOSED_REASON_UNDEFINED', 'maintenance': None}",0.09512,,[],,USD,False,0.00001,HBAR 26 JUN 26,FCM,196026.45,,,,,,,,,False,,,,,,"{'venue': 'cde', 'contract_code': 'HED', 'contract_expiry': '2026-06-26T15:00:00Z', 'contract_size': '5000', 'contract_root_unit': 'HBAR', 'group_description': 'Hedera Futures', 'contract_expiry_timezone': 'Europe/London', 'group_short_description': 'Hedera Futures', 'risk_managed_by': 'MANAGED_BY_FCM', 'contract_expiry_type': 'EXPIRING', 'perpetual_details': {'open_interest': '238', 'funding_rate': '', 'funding_time': None, 'max_leverage': '', 'base_asset_uuid': '', 'underlying_type': ''}, 'contract_display_name': 'HBAR 26 JUN 26', 'time_to_expiry_ms': '2171717811', 'non_crypto': False, 'contract_expiry_name': '2026-06', 'twenty_four_by_seven': True, 'funding_interval': None, 'open_interest': '238', 'funding_rate': '', 'funding_time': None, 'display_name': 'Hedera Futures (Jun 2026)', 'region_enabled': {}, 'intraday_margin_rate': {'long_margin_rate': '0.2501093', 'short_margin_rate': '0.250059'}, 'overnight_margin_rate': {'long_margin_rate': '0.377125', 'short_margin_rate': '0.58425'}, 'settlement_price': '0.09359', 'futures_asset_type': 'FUTURES_ASSET_TYPE_CRYPTO', 'index_price': '', 'contract_code_display_name': '', 'product_group_cbrn': '', 'futures_asset_types': ['FUTURES_ASSET_TYPE_CRYPTO'], 'trading_hours_type': 'TRADING_HOURS_TYPE_UNSPECIFIED'}"
51,XLM-31JUL26-CDE,0.27214,6.31714654061023,34,0,1,0.01,0,100000000,1,1000,,US Dollar,False,False,False,,False,False,False,False,False,FUTURE,USD,,"{'is_session_open': True, 'open_time': '2026-05-29T22:00:00Z', 'close_time': '2026-06-01T21:00:00Z', 'session_state': 'FCM_TRADING_SESSION_STATE_OPEN', 'after_hours_order_entry_disabled': False, 'closed_reason': 'FCM_TRADING_SESSION_CLOSED_REASON_UNDEFINED', 'maintenance': None}",0.263505,,[],,USD,True,0.00001,XLM 31 JUL 26,FCM,46263.8,,,,,,,,,False,,,,,,"{'venue': 'cde', 'contract_code': 'XLM', 'contract_expiry': '2026-07-31T15:00:00Z', 'contract_size': '5000', 'contract_root_unit': 'XLM', 'group_description': 'Stellar Futures', 'contract_expiry_timezone': 'Europe/London', 'group_short_description': 'Stellar Futures', 'risk_managed_by': 'MANAGED_BY_FCM', 'contract_expiry_type': 'EXPIRING', 'perpetual_details': {'open_interest': '54', 'funding_rate': '', 'funding_time': None, 'max_leverage': '', 'base_asset_uuid': '', 'underlying_type': ''}, 'contract_display_name': 'XLM 31 JUL 26', 'time_to_expiry_ms': '5195717811', 'non_crypto': False, 'contract_expiry_name': '2026-07', 'twenty_four_by_seven': True, 'funding_interval': None, 'open_interest': '54', 'funding_rate': '', 'funding_time': None, 'display_name': 'Stellar Lumens Futures (Jul 2026)', 'region_enabled': {}, 'intraday_margin_rate': {'long_margin_rate': '0.2503163', 'short_margin_rate': '0.2504144'}, 'overnight_margin_rate': {'long_margin_rate': '0.271375', 'short_margin_rate': '0.369125'}, 'settlement_price': '0.24158', 'futures_asset_type': 'FUTURES_ASSET_TYPE_CRYPTO', 'index_price': '', 'contract_code_display_name': '', 'product_group_cbrn': '', 'futures_asset_types': ['FUTURES_ASSET_TYPE_CRYPTO'], 'trading_hours_type': 'TRADING_HOURS_TYPE_UNSPECIFIED'}"
52,DOG-31JUL26-CDE,0.10184,-0.45938813410224,71,0,1,0.01,0,100000000,1,1000,,US Dollar,False,False,False,,False,False,False,False,False,FUTURE,USD,,"{'is_session_open': True, 'open_time': '2026-05-29T22:00:00Z', 'close_time': '2026-06-01T21:00:00Z', 'session_state': 'FCM_TRADING_SESSION_STATE_OPEN', 'after_hours_order_entry_disabled': False, 'closed_reason': 'FCM_TRADING_SESSION_CLOSED_REASON_UNDEFINED', 'maintenance': None}",0.10213,,[],,USD,True,0.00001,DOGE 31 JUL 26,FCM,36153.2,,,,,,,,,False,,,,,,"{'venue': 'cde', 'contract_code': 'DOG', 'contract_expiry': '2026-07-31T15:00:00Z', 'contract_size': '5000', 'contract_root_unit': 'DOGE', 'group_description': 'Dogecoin Futures', 'contract_expiry_timezone': 'Europe/London', 'group_short_description': 'Dogecoin Futures', 'risk_managed_by': 'MANAGED_BY_FCM', 'contract_expiry_type': 'EXPIRING', 'perpetual_details': {'open_interest': '0', 'funding_rate': '', 'funding_time': None, 'max_leverage': '', 'base_asset_uuid': '', 'underlying_type': ''}, 'contract_display_name': 'DOGE 31 JUL 26', 'time_to_expiry_ms': '5195717811', 'non_crypto': False, 'contract_expiry_name': '2026-07', 'twenty_four_by_seven': True, 'funding_interval': None, 'open_interest': '0', 'funding_rate': '', 'funding_time': None, 'display_name': 'Dogecoin Futures (Jul 2026)', 'region_enabled': {}, 'intraday_margin_rate': {'long_margin_rate': '0.2501046', 'short_margin_rate': '0.2503164'}, 'overnight_margin_rate': {'long_margin_rate': '0.505875', 'short_margin_rate': '0.899125'}, 'settlement_price': '0.10168', 'futures_asset_type': 'FUTURES_ASSET_TYPE_CRYPTO', 'index_price': '', 'contract_code_display_name': '', 'product_group_cbrn': '', 'futures_asset_types': ['FUTURES_ASSET_TYPE_CRYPTO'], 'trading_hours_type': 'TRADING_HOURS_TYPE_UNSPECIFIED'}"
53,PEP-20DEC30-CDE,0.003375,-0.73529411764706,497,25.18891687657431,1,0.01,0,100000000,1,1000,,US Dollar,False,False,False,,False,False,False,False,False,FUTURE,USD,,"{'is_session_open': True, 'open_time': '2026-05-29T22:00:00Z', 'close_time': '2026-06-01T21:00:00Z', 'session_state': 'FCM_TRADING_SESSION_STATE_OPEN', 'after_hours_order_entry_disabled': False, 'closed_reason': 'FCM_TRADING_SESSION_CLOSED_REASON_UNDEFINED', 'maintenance': None}",0.0033685,,[],,USD,False,0.000001,1000PEPE PERP,FCM,167737.5,,,,,,,,,False,,,,,,"{'venue': 'cde', 'contract_code': 'PEP', 'contract_expiry': '2030-12-20T16:00:00Z', 'contract_size': '100000', 'contract_root_unit': 'PEPE', 'group_description': '1k PEPE Perp Style Futures', 'contract_expiry_timezone': 'Europe/London', 'group_short_description': '1k PEPE Perp Style Futures', 'risk_managed_by': 'MANAGED_BY_FCM', 'contract_expiry_type': 'EXPIRING', 'perpetual_details': {'open_interest': '536', 'funding_rate': '', 'funding_time': None, 'max_leverage': '', 'base_asset_uuid': '', 'underlying_type': ''}, 'contract_display_name': '1000PEPE PERP', 'time_to_expiry_ms': '143698517811', 'non_crypto': False, 'contract_expiry_name': '2030-12', 'twenty_four_by_seven': True, 'funding_interval': '3600s', 'open_interest': '536', 'funding_rate': '0.000007', 'funding_time': '2026-06-01T11:00:00Z', 'display_name': '1000PEPE Perpetual', 'region_enabled': {}, 'intraday_margin_rate': {'long_margin_rate': '0.249985', 'short_margin_rate': '0.2497131'}, 'overnight_margin_rate': {'long_margin_rate': '0.540625', 'short_margin_rate': '1.143375'}, 'settlement_price': '0.003391', 'futures_asset_type': 'FUTURES_ASSET_TYPE_CRYPTO', 'index_price': '0.00337', 'contract_code_display_name': '', 'product_group_cbrn': '', 'futures_asset_types': ['FUTURES_ASSET_TYPE_CRYPTO'], 'trading_hours_type': 'TRADING_HOURS_TYPE_UNSPECIFIED'}"
54,SHB-26JUN26-CDE,0.00552,-0.71942446043165,125,-21.875,1,0.01,0,100000000,1,1000,,US Dollar,False,False,False,,False,False,False,False,False,FUTURE,USD,,"{'is_session_open': True, 'open_time': '2026-05-29T22:00:00Z', 'close_time': '2026-06-01T21:00:00Z', 'session_state': 'FCM_TRADING_SESSION_STATE_OPEN', 'after_hours_order_entry_disabled': False, 'closed_reason': 'FCM_TRADING_SESSION_CLOSED_REASON_UNDEFINED', 'maintenance': None}",0.005505,,[],,USD,False,0.00001,1000SHIB 26 JUN 26,FCM,6900,,,,,,,,,False,,,,,,"{'venue': 'cde', 'contract_code': 'SHB', 'contract_expiry': '2026-06-26T15:00:00Z', 'contract_size': '10000', 'contract_root_unit': 'SHIB', 'group_description': '1k Shib Futures', 'contract_expiry_timezone': 'Europe/London', 'group_short_description': '1k Shib Futures', 'risk_managed_by': 'MANAGED_BY_FCM', 'contract_expiry_type': 'EXPIRING', 'perpetual_details': {'open_interest': '221', 'funding_rate': '', 'funding_time': None, 'max_leverage': '', 'base_asset_uuid': '', 'underlying_type': ''}, 'contract_display_name': '1000SHIB 26 JUN 26', 'time_to_expiry_ms': '2171717811', 'non_crypto': False, 'contract_expiry_name': '2026-06', 'twenty_four_by_seven': True, 'funding_interval': None, 'open_interest': '221', 'funding_rate': '', 'funding_time': None, 'display_name': '1000SHIB Futures (Jun 2026)', 'region_enabled': {}, 'intraday_margin_rate': {'long_margin_rate': '0.2501164', 'short_margin_rate': '0.249648'}, 'overnight_margin_rate': {'long_margin_rate': '0.517625', 'short_margin_rate': '0.92875'}, 'settlement_price': '0.00545', 'futures_asset_type': 'FUTURES_ASSET_TYPE_CRYPTO', 'index_price': '', 'contract_code_display_name': '', 'product_group_cbrn': '', 'futures_asset_types': ['FUTURES_ASSET_TYPE_CRYPTO'], 'trading_hours_type': 'TRADING_HOURS_TYPE_UNSPECIFIED'}"
55,ADA-28AUG26-CDE,,,,,1,0.01,0,100000000,1,1000,,US Dollar,False,False,False,,False,False,False,False,False,FUTURE,USD,,"{'is_session_open': True, 'open_time': '2026-05-29T22:00:00Z', 'close_time': '2026-06-01T21:00:00Z', 'session_state': 'FCM_TRADING_SESSION_STATE_OPEN', 'after_hours_order_entry_disabled': False, 'closed_reason': 'FCM_TRADING_SESSION_CLOSED_REASON_UNDEFINED', 'maintenance': None}",0,,[],,USD,True,0.0001,ADA 28 AUG 26,FCM,,,,,,,,,,False,,,,,,"{'venue': 'cde', 'contract_code': 'ADA', 'contract_expiry': '2026-08-28T15:00:00Z', 'contract_size': '1000', 'contract_root_unit': 'ADA', 'group_description': 'nano Cardano Futures', 'contract_expiry_timezone': 'Europe/London', 'group_short_description': 'nano Cardano Futures', 'risk_managed_by': 'MANAGED_BY_FCM', 'contract_expiry_type': 'EXPIRING', 'perpetual_details': {'open_interest': '0', 'funding_rate': '', 'funding_time': None, 'max_leverage': '', 'base_asset_uuid': '', 'underlying_type': ''}, 'contract_display_name': 'ADA 28 AUG 26', 'time_to_expiry_ms': '7614917811', 'non_crypto': False, 'contract_expiry_name': '2026-08', 'twenty_four_by_seven': True, 'funding_interval': None, 'open_interest': '0', 'funding_rate': '', 'funding_time': None, 'display_name': 'Cardano Futures (Aug 2026)', 'region_enabled': {}, 'intraday_margin_rate': {'long_margin_rate': '0.2000072', 'short_margin_rate': '0.200027'}, 'overnight_margin_rate': {'long_margin_rate': '0.26825', 'short_margin_rate': '0.394375'}, 'settlement_price': '0.2354', 'futures_asset_type': 'FUTURES_ASSET_TYPE_CRYPTO', 'index_price': '', 'contract_code_display_name': '', 'product_group_cbrn': '', 'futures_asset_types': ['FUTURES_ASSET_TYPE_CRYPTO'], 'trading_hours_type': 'TRADING_HOURS_TYPE_UNSPECIFIED'}"
56,AVA-28AUG26-CDE,,,,,1,0.01,0,100000000,1,1000,,US Dollar,False,False,False,,False,False,False,False,False,FUTURE,USD,,"{'is_session_open': True, 'open_time': '2026-05-29T22:00:00Z', 'close_time': '2026-06-01T21:00:00Z', 'session_state': 'FCM_TRADING_SESSION_STATE_OPEN', 'after_hours_order_entry_disabled': False, 'closed_reason': 'FCM_TRADING_SESSION_CLOSED_REASON_UNDEFINED', 'maintenance': None}",0,,[],,USD,True,0.01,AVAX 28 AUG 26,FCM,,,,,,,,,,False,,,,,,"{'venue': 'cde', 'contract_code': 'AVA', 'contract_expiry': '2026-08-28T15:00:00Z', 'contract_size': '10', 'contract_root_unit': 'AVAX', 'group_description': 'Avalanche Futures', 'contract_expiry_timezone': 'Europe/London', 'group_short_description': 'Avalanche Futures', 'risk_managed_by': 'MANAGED_BY_FCM', 'contract_expiry_type': 'EXPIRING', 'perpetual_details': {'open_interest': '0', 'funding_rate': '', 'funding_time': None, 'max_leverage': '', 'base_asset_uuid': '', 'underlying_type': ''}, 'contract_display_name': 'AVAX 28 AUG 26', 'time_to_expiry_ms': '7614917811', 'non_crypto': False, 'contract_expiry_name': '2026-08', 'twenty_four_by_seven': True, 'funding_interval': None, 'open_interest': '0', 'funding_rate': '', 'funding_time': None, 'display_name': 'Avalanche Futures (Aug 2026)', 'region_enabled': {}, 'intraday_margin_rate': {'long_margin_rate': '0.2001156', 'short_margin_rate': '0.1999944'}, 'overnight_margin_rate': {'long_margin_rate': '0.311125', 'short_margin_rate': '0.423'}, 'settlement_price': '8.9', 'futures_asset_type': 'FUTURES_ASSET_TYPE_CRYPTO', 'index_price': '', 'contract_code_display_name': '', 'product_group_cbrn': '', 'futures_asset_types': ['FUTURES_ASSET_TYPE_CRYPTO'], 'trading_hours_type': 'TRADING_HOURS_TYPE_UNSPECIFIED'}"
57,AVA-31JUL26-CDE,9.01,,,,1,0.01,0,100000000,1,1000,,US Dollar,False,False,False,,False,False,False,False,False,FUTURE,USD,,"{'is_session_open': True, 'open_time': '2026-05-29T22:00:00Z', 'close_time': '2026-06-01T21:00:00Z', 'session_state': 'FCM_TRADING_SESSION_STATE_OPEN', 'after_hours_order_entry_disabled': False, 'closed_reason': 'FCM_TRADING_SESSION_CLOSED_REASON_UNDEFINED', 'maintenance': None}",8.93,,[],,USD,True,0.01,AVAX 31 JUL 26,FCM,,,,,,,,,,False,,,,,,"{'venue': 'cde', 'contract_code': 'AVA', 'contract_expiry': '2026-07-31T15:00:00Z', 'contract_size': '10', 'contract_root_unit': 'AVAX', 'group_description': 'Avalanche Futures', 'contract_expiry_timezone': 'Europe/London', 'group_short_description': 'Avalanche Futures', 'risk_managed_by': 'MANAGED_BY_FCM', 'contract_expiry_type': 'EXPIRING', 'perpetual_details': {'open_interest': '0', 'funding_rate': '', 'funding_time': None, 'max_leverage': '', 'base_asset_uuid': '', 'underlying_type': ''}, 'contract_display_name': 'AVAX 31 JUL 26', 'time_to_expiry_ms': '5195717811', 'non_crypto': False, 'contract_expiry_name': '2026-07', 'twenty_four_by_seven': True, 'funding_interval': None, 'open_interest': '0', 'funding_rate': '', 'funding_time': None, 'display_name': 'Avalanche Futures (Jul 2026)', 'region_enabled': {}, 'intraday_margin_rate': {'long_margin_rate': '0.2001156', 'short_margin_rate': '0.1999944'}, 'overnight_margin_rate': {'long_margin_rate': '0.311125', 'short_margin_rate': '0.423'}, 'settlement_price': '8.9', 'futures_asset_type': 'FUTURES_ASSET_TYPE_CRYPTO', 'index_price': '', 'contract_code_display_name': '', 'product_group_cbrn': '', 'futures_asset_types': ['FUTURES_ASSET_TYPE_CRYPTO'], 'trading_hours_type': 'TRADING_HOURS_TYPE_UNSPECIFIED'}"
58,BCH-28AUG26-CDE,,,,,1,0.01,0,100000000,1,1000,,US Dollar,False,False,False,,False,False,False,False,False,FUTURE,USD,,"{'is_session_open': True, 'open_time': '2026-05-29T22:00:00Z', 'close_time': '2026-06-01T21:00:00Z', 'session_state': 'FCM_TRADING_SESSION_STATE_OPEN', 'after_hours_order_entry_disabled': False, 'closed_reason': 'FCM_TRADING_SESSION_CLOSED_REASON_UNDEFINED', 'maintenance': None}",0,,[],,USD,True,0.05,BCH 28 AUG 26,FCM,,,,,,,,,,False,,,,,,"{'venue': 'cde', 'contract_code': 'BCH', 'contract_expiry': '2026-08-28T15:00:00Z', 'contract_size': '1', 'contract_root_unit': 'BCH', 'group_description': 'Bitcoin Cash Futures', 'contract_expiry_timezone': 'Europe/London', 'group_short_description': 'Bitcoin Cash Futures', 'risk_managed_by': 'MANAGED_BY_FCM', 'contract_expiry_type': 'EXPIRING', 'perpetual_details': {'open_interest': '0', 'funding_rate': '', 'funding_time': None, 'max_leverage': '', 'base_asset_uuid': '', 'underlying_type': ''}, 'contract_display_name': 'BCH 28 AUG 26', 'time_to_expiry_ms': '7614917811', 'non_crypto': False, 'contract_expiry_name': '2026-08', 'twenty_four_by_seven': True, 'funding_interval': None, 'open_interest': '0', 'funding_rate': '', 'funding_time': None, 'display_name': 'Bitcoin Cash Futures (Aug 2026)', 'region_enabled': {}, 'intraday_margin_rate': {'long_margin_rate': '0.2499072', 'short_margin_rate': '0.2501226'}, 'overnight_margin_rate': {'long_margin_rate': '0.40675', 'short_margin_rate': '0.61425'}, 'settlement_price': '307.4', 'futures_asset_type': 'FUTURES_ASSET_TYPE_CRYPTO', 'index_price': '', 'contract_code_display_name': '', 'product_group_cbrn': '', 'futures_asset_types': ['FUTURES_ASSET_TYPE_CRYPTO'], 'trading_hours_type': 'TRADING_HOURS_TYPE_UNSPECIFIED'}"
59,BIT-28AUG26-CDE,,,,,1,0.01,0,100000000,1,5000,,US Dollar,False,False,False,,False,False,False,False,False,FUTURE,USD,,"{'is_session_open': True, 'open_time': '2026-05-29T22:00:00Z', 'close_time': '2026-06-01T21:00:00Z', 'session_state': 'FCM_TRADING_SESSION_STATE_OPEN', 'after_hours_order_entry_disabled': False, 'closed_reason': 'FCM_TRADING_SESSION_CLOSED_REASON_UNDEFINED', 'maintenance': None}",0,,[],,USD,True,5,BTC 28 AUG 26,FCM,,,,,,,,,,False,,,,,,"{'venue': 'cde', 'contract_code': 'BIT', 'contract_expiry': '2026-08-28T15:00:00Z', 'contract_size': '0.01', 'contract_root_unit': 'BTC', 'group_description': 'nano Bitcoin Futures', 'contract_expiry_timezone': 'Europe/London', 'group_short_description': 'nano BTC', 'risk_managed_by': 'MANAGED_BY_FCM', 'contract_expiry_type': 'EXPIRING', 'perpetual_details': {'open_interest': '0', 'funding_rate': '', 'funding_time': None, 'max_leverage': '', 'base_asset_uuid': '', 'underlying_type': ''}, 'contract_display_name': 'BTC 28 AUG 26', 'time_to_expiry_ms': '7614917811', 'non_crypto': False, 'contract_expiry_name': '2026-08', 'twenty_four_by_seven': True, 'funding_interval': None, 'open_interest': '0', 'funding_rate': '', 'funding_time': None, 'display_name': 'Bitcoin Futures (Aug 2026)', 'region_enabled': {}, 'intraday_margin_rate': {'long_margin_rate': '0.0999375', 'short_margin_rate': '0.1001096'}, 'overnight_margin_rate': {'long_margin_rate': '0.234375', 'short_margin_rate': '0.289'}, 'settlement_price': '74220', 'futures_asset_type': 'FUTURES_ASSET_TYPE_CRYPTO', 'index_price': '', 'contract_code_display_name': '', 'product_group_cbrn': '', 'futures_asset_types': ['FUTURES_ASSET_TYPE_CRYPTO'], 'trading_hours_type': 'TRADING_HOURS_TYPE_UNSPECIFIED'}"
60,CU-25NOV26-CDE,,,,,1,0.01,0,100000000,1,1000,,US Dollar,False,False,False,,False,False,False,False,False,FUTURE,USD,,"{'is_session_open': True, 'open_time': '2026-05-31T22:00:00Z', 'close_time': '2026-06-01T21:00:00Z', 'session_state': 'FCM_TRADING_SESSION_STATE_OPEN', 'after_hours_order_entry_disabled': False, 'closed_reason': 'FCM_TRADING_SESSION_CLOSED_REASON_UNDEFINED', 'maintenance': None}",0,,[],,USD,False,0.0005,COPR 25 NOV 26,FCM,,,,,,,,,,False,,,,,,"{'venue': 'cde', 'contract_code': 'CU', 'contract_expiry': '2026-11-25T18:00:00Z', 'contract_size': '2000', 'contract_root_unit': 'CDECU', 'group_description': 'Copper Futures', 'contract_expiry_timezone': 'America/New_York', 'group_short_description': 'Copper Futures', 'risk_managed_by': 'MANAGED_BY_FCM', 'contract_expiry_type': 'EXPIRING', 'perpetual_details': {'open_interest': '0', 'funding_rate': '', 'funding_time': None, 'max_leverage': '', 'base_asset_uuid': '', 'underlying_type': ''}, 'contract_display_name': 'COPR 25 NOV 26', 'time_to_expiry_ms': '15315317811', 'non_crypto': True, 'contract_expiry_name': '2026-12', 'twenty_four_by_seven': False, 'funding_interval': None, 'open_interest': '0', 'funding_rate': '', 'funding_time': None, 'display_name': 'Copper Futures (Nov 2026)', 'region_enabled': {}, 'intraday_margin_rate': {'long_margin_rate': '0.089964', 'short_margin_rate': '0.0899776'}, 'overnight_margin_rate': {'long_margin_rate': '0.091875', 'short_margin_rate': '0.103375'}, 'settlement_price': '6.4485', 'futures_asset_type': 'FUTURES_ASSET_TYPE_METALS', 'index_price': '', 'contract_code_display_name': '', 'product_group_cbrn': '', 'futures_asset_types': ['FUTURES_ASSET_TYPE_METALS'], 'trading_hours_type': 'TRADING_HOURS_TYPE_UNSPECIFIED'}"
61,CU-27AUG26-CDE,6.7705,,,,1,0.01,0,100000000,1,1000,,US Dollar,False,False,False,,False,False,False,False,False,FUTURE,USD,,"{'is_session_open': True, 'open_time': '2026-05-31T22:00:00Z', 'close_time': '2026-06-01T21:00:00Z', 'session_state': 'FCM_TRADING_SESSION_STATE_OPEN', 'after_hours_order_entry_disabled': False, 'closed_reason': 'FCM_TRADING_SESSION_CLOSED_REASON_UNDEFINED', 'maintenance': None}",6.62875,,[],,USD,True,0.0005,COPR 27 AUG 26,FCM,,,,,,,,,,False,,,,,,"{'venue': 'cde', 'contract_code': 'CU', 'contract_expiry': '2026-08-27T17:00:00Z', 'contract_size': '2000', 'contract_root_unit': 'CDECU', 'group_description': 'Copper Futures', 'contract_expiry_timezone': 'America/New_York', 'group_short_description': 'Copper Futures', 'risk_managed_by': 'MANAGED_BY_FCM', 'contract_expiry_type': 'EXPIRING', 'perpetual_details': {'open_interest': '15', 'funding_rate': '', 'funding_time': None, 'max_leverage': '', 'base_asset_uuid': '', 'underlying_type': ''}, 'contract_display_name': 'COPR 27 AUG 26', 'time_to_expiry_ms': '7535717811', 'non_crypto': True, 'contract_expiry_name': '2026-09', 'twenty_four_by_seven': False, 'funding_interval': None, 'open_interest': '15', 'funding_rate': '', 'funding_time': None, 'display_name': 'Copper Futures (Aug 2026)', 'region_enabled': {}, 'intraday_margin_rate': {'long_margin_rate': '0.089964', 'short_margin_rate': '0.0899776'}, 'overnight_margin_rate': {'long_margin_rate': '0.091875', 'short_margin_rate': '0.103375'}, 'settlement_price': '6.4485', 'futures_asset_type': 'FUTURES_ASSET_TYPE_METALS', 'index_price': '', 'contract_code_display_name': '', 'product_group_cbrn': '', 'futures_asset_types': ['FUTURES_ASSET_TYPE_METALS'], 'trading_hours_type': 'TRADING_HOURS_TYPE_UNSPECIFIED'}"
62,DOG-28AUG26-CDE,,,,,1,0.01,0,100000000,1,1000,,US Dollar,False,False,False,,False,False,False,False,False,FUTURE,USD,,"{'is_session_open': True, 'open_time': '2026-05-29T22:00:00Z', 'close_time': '2026-06-01T21:00:00Z', 'session_state': 'FCM_TRADING_SESSION_STATE_OPEN', 'after_hours_order_entry_disabled': False, 'closed_reason': 'FCM_TRADING_SESSION_CLOSED_REASON_UNDEFINED', 'maintenance': None}",0,,[],,USD,True,0.00001,DOGE 28 AUG 26,FCM,,,,,,,,,,False,,,,,,"{'venue': 'cde', 'contract_code': 'DOG', 'contract_expiry': '2026-08-28T15:00:00Z', 'contract_size': '5000', 'contract_root_unit': 'DOGE', 'group_description': 'Dogecoin Futures', 'contract_expiry_timezone': 'Europe/London', 'group_short_description': 'Dogecoin Futures', 'risk_managed_by': 'MANAGED_BY_FCM', 'contract_expiry_type': 'EXPIRING', 'perpetual_details': {'open_interest': '0', 'funding_rate': '', 'funding_time': None, 'max_leverage': '', 'base_asset_uuid': '', 'underlying_type': ''}, 'contract_display_name': 'DOGE 28 AUG 26', 'time_to_expiry_ms': '7614917811', 'non_crypto': False, 'contract_expiry_name': '2026-08', 'twenty_four_by_seven': True, 'funding_interval': None, 'open_interest': '0', 'funding_rate': '', 'funding_time': None, 'display_name': 'Dogecoin Futures (Aug 2026)', 'region_enabled': {}, 'intraday_margin_rate': {'long_margin_rate': '0.2501046', 'short_margin_rate': '0.2503164'}, 'overnight_margin_rate': {'long_margin_rate': '0.505875', 'short_margin_rate': '0.899125'}, 'settlement_price': '0.10168', 'futures_asset_type': 'FUTURES_ASSET_TYPE_CRYPTO', 'index_price': '', 'contract_code_display_name': '', 'product_group_cbrn': '', 'futures_asset_types': ['FUTURES_ASSET_TYPE_CRYPTO'], 'trading_hours_type': 'TRADING_HOURS_TYPE_UNSPECIFIED'}"
63,DOT-28AUG26-CDE,,,,,1,0.01,0,100000000,1,1000,,US Dollar,False,False,False,,False,False,False,False,False,FUTURE,USD,,"{'is_session_open': True, 'open_time': '2026-05-29T22:00:00Z', 'close_time': '2026-06-01T21:00:00Z', 'session_state': 'FCM_TRADING_SESSION_STATE_OPEN', 'after_hours_order_entry_disabled': False, 'closed_reason': 'FCM_TRADING_SESSION_CLOSED_REASON_UNDEFINED', 'maintenance': None}",0,,[],,USD,True,0.001,DOT 28 AUG 26,FCM,,,,,,,,,,False,,,,,,"{'venue': 'cde', 'contract_code': 'DOT', 'contract_expiry': '2026-08-28T15:00:00Z', 'contract_size': '100', 'contract_root_unit': 'DOT', 'group_description': 'Polkadot Futures', 'contract_expiry_timezone': 'Europe/London', 'group_short_description': 'Polkadot Futures', 'risk_managed_by': 'MANAGED_BY_FCM', 'contract_expiry_type': 'EXPIRING', 'perpetual_details': {'open_interest': '0', 'funding_rate': '', 'funding_time': None, 'max_leverage': '', 'base_asset_uuid': '', 'underlying_type': ''}, 'contract_display_name': 'DOT 28 AUG 26', 'time_to_expiry_ms': '7614917811', 'non_crypto': False, 'contract_expiry_name': '2026-08', 'twenty_four_by_seven': True, 'funding_interval': None, 'open_interest': '0', 'funding_rate': '', 'funding_time': None, 'display_name': 'Polkadot Futures (Aug 2026)', 'region_enabled': {}, 'intraday_margin_rate': {'long_margin_rate': '0.1985489', 'short_margin_rate': '0.198513'}, 'overnight_margin_rate': {'long_margin_rate': '0.369875', 'short_margin_rate': '0.51375'}, 'settlement_price': '1.203', 'futures_asset_type': 'FUTURES_ASSET_TYPE_CRYPTO', 'index_price': '', 'contract_code_display_name': '', 'product_group_cbrn': '', 'futures_asset_types': ['FUTURES_ASSET_TYPE_CRYPTO'], 'trading_hours_type': 'TRADING_HOURS_TYPE_UNSPECIFIED'}"
64,DOT-31JUL26-CDE,,,,,1,0.01,0,100000000,1,1000,,US Dollar,False,False,False,,False,False,False,False,False,FUTURE,USD,,"{'is_session_open': True, 'open_time': '2026-05-29T22:00:00Z', 'close_time': '2026-06-01T21:00:00Z', 'session_state': 'FCM_TRADING_SESSION_STATE_OPEN', 'after_hours_order_entry_disabled': False, 'closed_reason': 'FCM_TRADING_SESSION_CLOSED_REASON_UNDEFINED', 'maintenance': None}",1.177,,[],,USD,True,0.001,DOT 31 JUL 26,FCM,,,,,,,,,,False,,,,,,"{'venue': 'cde', 'contract_code': 'DOT', 'contract_expiry': '2026-07-31T15:00:00Z', 'contract_size': '100', 'contract_root_unit': 'DOT', 'group_description': 'Polkadot Futures', 'contract_expiry_timezone': 'Europe/London', 'group_short_description': 'Polkadot Futures', 'risk_managed_by': 'MANAGED_BY_FCM', 'contract_expiry_type': 'EXPIRING', 'perpetual_details': {'open_interest': '0', 'funding_rate': '', 'funding_time': None, 'max_leverage': '', 'base_asset_uuid': '', 'underlying_type': ''}, 'contract_display_name': 'DOT 31 JUL 26', 'time_to_expiry_ms': '5195717811', 'non_crypto': False, 'contract_expiry_name': '2026-07', 'twenty_four_by_seven': True, 'funding_interval': None, 'open_interest': '0', 'funding_rate': '', 'funding_time': None, 'display_name': 'Polkadot Futures (Jul 2026)', 'region_enabled': {}, 'intraday_margin_rate': {'long_margin_rate': '0.1985489', 'short_margin_rate': '0.198513'}, 'overnight_margin_rate': {'long_margin_rate': '0.369875', 'short_margin_rate': '0.51375'}, 'settlement_price': '1.203', 'futures_asset_type': 'FUTURES_ASSET_TYPE_CRYPTO', 'index_price': '', 'contract_code_display_name': '', 'product_group_cbrn': '', 'futures_asset_types': ['FUTURES_ASSET_TYPE_CRYPTO'], 'trading_hours_type': 'TRADING_HOURS_TYPE_UNSPECIFIED'}"
65,ET-28AUG26-CDE,,,,,1,0.01,0,100000000,1,5000,,US Dollar,False,False,False,,False,False,False,False,False,FUTURE,USD,,"{'is_session_open': True, 'open_time': '2026-05-29T22:00:00Z', 'close_time': '2026-06-01T21:00:00Z', 'session_state': 'FCM_TRADING_SESSION_STATE_OPEN', 'after_hours_order_entry_disabled': False, 'closed_reason': 'FCM_TRADING_SESSION_CLOSED_REASON_UNDEFINED', 'maintenance': None}",0,,[],,USD,True,0.5,ETH 28 AUG 26,FCM,,,,,,,,,,False,,,,,,"{'venue': 'cde', 'contract_code': 'ET', 'contract_expiry': '2026-08-28T15:00:00Z', 'contract_size': '0.1', 'contract_root_unit': 'ETH', 'group_description': 'nano Ether Futures', 'contract_expiry_timezone': 'Europe/London', 'group_short_description': 'nano ETH', 'risk_managed_by': 'MANAGED_BY_FCM', 'contract_expiry_type': 'EXPIRING', 'perpetual_details': {'open_interest': '0', 'funding_rate': '', 'funding_time': None, 'max_leverage': '', 'base_asset_uuid': '', 'underlying_type': ''}, 'contract_display_name': 'ETH 28 AUG 26', 'time_to_expiry_ms': '7614917811', 'non_crypto': False, 'contract_expiry_name': '2026-08', 'twenty_four_by_seven': True, 'funding_interval': None, 'open_interest': '0', 'funding_rate': '', 'funding_time': None, 'display_name': 'Ethereum Futures (Aug 2026)', 'region_enabled': {}, 'intraday_margin_rate': {'long_margin_rate': '0.1000441', 'short_margin_rate': '0.0999745'}, 'overnight_margin_rate': {'long_margin_rate': '0.234625', 'short_margin_rate': '0.316375'}, 'settlement_price': '2034.5', 'futures_asset_type': 'FUTURES_ASSET_TYPE_CRYPTO', 'index_price': '', 'contract_code_display_name': '', 'product_group_cbrn': '', 'futures_asset_types': ['FUTURES_ASSET_TYPE_CRYPTO'], 'trading_hours_type': 'TRADING_HOURS_TYPE_UNSPECIFIED'}"
66,GOL-25NOV26-CDE,4680.9,,,,1,0.01,0,100000000,1,1000,,US Dollar,False,False,False,,False,False,False,False,False,FUTURE,USD,,"{'is_session_open': True, 'open_time': '2026-05-31T22:00:00Z', 'close_time': '2026-06-01T21:00:00Z', 'session_state': 'FCM_TRADING_SESSION_STATE_OPEN', 'after_hours_order_entry_disabled': False, 'closed_reason': 'FCM_TRADING_SESSION_CLOSED_REASON_UNDEFINED', 'maintenance': None}",4603.05,,[],,USD,True,0.1,GLD 25 NOV 26,FCM,,,,,,,,,,False,,,,,,"{'venue': 'cde', 'contract_code': 'GOL', 'contract_expiry': '2026-11-25T18:30:00Z', 'contract_size': '1', 'contract_root_unit': 'CDEGLD', 'group_description': 'Gold Futures', 'contract_expiry_timezone': 'America/New_York', 'group_short_description': 'Gold Futures', 'risk_managed_by': 'MANAGED_BY_FCM', 'contract_expiry_type': 'EXPIRING', 'perpetual_details': {'open_interest': '15', 'funding_rate': '', 'funding_time': None, 'max_leverage': '', 'base_asset_uuid': '', 'underlying_type': ''}, 'contract_display_name': 'GLD 25 NOV 26', 'time_to_expiry_ms': '15317117811', 'non_crypto': True, 'contract_expiry_name': '2026-12', 'twenty_four_by_seven': False, 'funding_interval': None, 'open_interest': '15', 'funding_rate': '', 'funding_time': None, 'display_name': 'Gold Futures (Nov 2026)', 'region_enabled': {}, 'intraday_margin_rate': {'long_margin_rate': '0.050456', 'short_margin_rate': '0.0506855'}, 'overnight_margin_rate': {'long_margin_rate': '0.053', 'short_margin_rate': '0.055625'}, 'settlement_price': '4659.5', 'futures_asset_type': 'FUTURES_ASSET_TYPE_METALS', 'index_price': '', 'contract_code_display_name': '', 'product_group_cbrn': '', 'futures_asset_types': ['FUTURES_ASSET_TYPE_METALS'], 'trading_hours_type': 'TRADING_HOURS_TYPE_UNSPECIFIED'}"
67,GOL-27JAN27-CDE,,,,,1,0.01,0,100000000,1,1000,,US Dollar,False,False,False,,False,False,False,False,False,FUTURE,USD,,"{'is_session_open': True, 'open_time': '2026-05-31T22:00:00Z', 'close_time': '2026-06-01T21:00:00Z', 'session_state': 'FCM_TRADING_SESSION_STATE_OPEN', 'after_hours_order_entry_disabled': False, 'closed_reason': 'FCM_TRADING_SESSION_CLOSED_REASON_UNDEFINED', 'maintenance': None}",0,,[],,USD,True,0.1,GLD 27 JAN 27,FCM,,,,,,,,,,False,,,,,,"{'venue': 'cde', 'contract_code': 'GOL', 'contract_expiry': '2027-01-27T18:30:00Z', 'contract_size': '1', 'contract_root_unit': 'CDEGLD', 'group_description': 'Gold Futures', 'contract_expiry_timezone': 'America/New_York', 'group_short_description': 'Gold Futures', 'risk_managed_by': 'MANAGED_BY_FCM', 'contract_expiry_type': 'EXPIRING', 'perpetual_details': {'open_interest': '0', 'funding_rate': '', 'funding_time': None, 'max_leverage': '', 'base_asset_uuid': '', 'underlying_type': ''}, 'contract_display_name': 'GLD 27 JAN 27', 'time_to_expiry_ms': '20760317811', 'non_crypto': True, 'contract_expiry_name': '2027-02', 'twenty_four_by_seven': False, 'funding_interval': None, 'open_interest': '0', 'funding_rate': '', 'funding_time': None, 'display_name': 'Gold Futures (Jan 2027)', 'region_enabled': {}, 'intraday_margin_rate': {'long_margin_rate': '0.049861', 'short_margin_rate': '0.050116'}, 'overnight_margin_rate': {'long_margin_rate': '0.052375', 'short_margin_rate': '0.055'}, 'settlement_price': '4659.5', 'futures_asset_type': 'FUTURES_ASSET_TYPE_METALS', 'index_price': '', 'contract_code_display_name': '', 'product_group_cbrn': '', 'futures_asset_types': ['FUTURES_ASSET_TYPE_METALS'], 'trading_hours_type': 'TRADING_HOURS_TYPE_UNSPECIFIED'}"
68,HED-28AUG26-CDE,,,,,1,0.01,0,100000000,1,1000,,US Dollar,False,False,False,,False,False,False,False,False,FUTURE,USD,,"{'is_session_open': True, 'open_time': '2026-05-29T22:00:00Z', 'close_time': '2026-06-01T21:00:00Z', 'session_state': 'FCM_TRADING_SESSION_STATE_OPEN', 'after_hours_order_entry_disabled': False, 'closed_reason': 'FCM_TRADING_SESSION_CLOSED_REASON_UNDEFINED', 'maintenance': None}",0,,[],,USD,True,0.00001,HBAR 28 AUG 26,FCM,,,,,,,,,,False,,,,,,"{'venue': 'cde', 'contract_code': 'HED', 'contract_expiry': '2026-08-28T15:00:00Z', 'contract_size': '5000', 'contract_root_unit': 'HBAR', 'group_description': 'Hedera Futures', 'contract_expiry_timezone': 'Europe/London', 'group_short_description': 'Hedera Futures', 'risk_managed_by': 'MANAGED_BY_FCM', 'contract_expiry_type': 'EXPIRING', 'perpetual_details': {'open_interest': '0', 'funding_rate': '', 'funding_time': None, 'max_leverage': '', 'base_asset_uuid': '', 'underlying_type': ''}, 'contract_display_name': 'HBAR 28 AUG 26', 'time_to_expiry_ms': '7614917811', 'non_crypto': False, 'contract_expiry_name': '2026-08', 'twenty_four_by_seven': True, 'funding_interval': None, 'open_interest': '0', 'funding_rate': '', 'funding_time': None, 'display_name': 'Hedera Futures (Aug 2026)', 'region_enabled': {}, 'intraday_margin_rate': {'long_margin_rate': '0.2501093', 'short_margin_rate': '0.250059'}, 'overnight_margin_rate': {'long_margin_rate': '0.377125', 'short_margin_rate': '0.58425'}, 'settlement_price': '0.09395', 'futures_asset_type': 'FUTURES_ASSET_TYPE_CRYPTO', 'index_price': '', 'contract_code_display_name': '', 'product_group_cbrn': '', 'futures_asset_types': ['FUTURES_ASSET_TYPE_CRYPTO'], 'trading_hours_type': 'TRADING_HOURS_TYPE_UNSPECIFIED'}"
69,HED-31JUL26-CDE,,,,,1,0.01,0,100000000,1,1000,,US Dollar,False,False,False,,False,False,False,False,False,FUTURE,USD,,"{'is_session_open': True, 'open_time': '2026-05-29T22:00:00Z', 'close_time': '2026-06-01T21:00:00Z', 'session_state': 'FCM_TRADING_SESSION_STATE_OPEN', 'after_hours_order_entry_disabled': False, 'closed_reason': 'FCM_TRADING_SESSION_CLOSED_REASON_UNDEFINED', 'maintenance': None}",0.095405,,[],,USD,True,0.00001,HBAR 31 JUL 26,FCM,,,,,,,,,,False,,,,,,"{'venue': 'cde', 'contract_code': 'HED', 'contract_expiry': '2026-07-31T15:00:00Z', 'contract_size': '5000', 'contract_root_unit': 'HBAR', 'group_description': 'Hedera Futures', 'contract_expiry_timezone': 'Europe/London', 'group_short_description': 'Hedera Futures', 'risk_managed_by': 'MANAGED_BY_FCM', 'contract_expiry_type': 'EXPIRING', 'perpetual_details': {'open_interest': '0', 'funding_rate': '', 'funding_time': None, 'max_leverage': '', 'base_asset_uuid': '', 'underlying_type': ''}, 'contract_display_name': 'HBAR 31 JUL 26', 'time_to_expiry_ms': '5195717811', 'non_crypto': False, 'contract_expiry_name': '2026-07', 'twenty_four_by_seven': True, 'funding_interval': None, 'open_interest': '0', 'funding_rate': '', 'funding_time': None, 'display_name': 'Hedera Futures (Jul 2026)', 'region_enabled': {}, 'intraday_margin_rate': {'long_margin_rate': '0.2501093', 'short_margin_rate': '0.250059'}, 'overnight_margin_rate': {'long_margin_rate': '0.377125', 'short_margin_rate': '0.58425'}, 'settlement_price': '0.09395', 'futures_asset_type': 'FUTURES_ASSET_TYPE_CRYPTO', 'index_price': '', 'contract_code_display_name': '', 'product_group_cbrn': '', 'futures_asset_types': ['FUTURES_ASSET_TYPE_CRYPTO'], 'trading_hours_type': 'TRADING_HOURS_TYPE_UNSPECIFIED'}"
70,LC-28AUG26-CDE,,,,,1,0.01,0,100000000,1,1000,,US Dollar,False,False,False,,False,False,False,False,False,FUTURE,USD,,"{'is_session_open': True, 'open_time': '2026-05-29T22:00:00Z', 'close_time': '2026-06-01T21:00:00Z', 'session_state': 'FCM_TRADING_SESSION_STATE_OPEN', 'after_hours_order_entry_disabled': False, 'closed_reason': 'FCM_TRADING_SESSION_CLOSED_REASON_UNDEFINED', 'maintenance': None}",0,,[],,USD,True,0.01,LTC 28 AUG 26,FCM,,,,,,,,,,False,,,,,,"{'venue': 'cde', 'contract_code': 'LC', 'contract_expiry': '2026-08-28T15:00:00Z', 'contract_size': '5', 'contract_root_unit': 'LTC', 'group_description': 'Litecoin Futures', 'contract_expiry_timezone': 'Europe/London', 'group_short_description': 'Litecoin Futures', 'risk_managed_by': 'MANAGED_BY_FCM', 'contract_expiry_type': 'EXPIRING', 'perpetual_details': {'open_interest': '0', 'funding_rate': '', 'funding_time': None, 'max_leverage': '', 'base_asset_uuid': '', 'underlying_type': ''}, 'contract_display_name': 'LTC 28 AUG 26', 'time_to_expiry_ms': '7614917811', 'non_crypto': False, 'contract_expiry_name': '2026-08', 'twenty_four_by_seven': True, 'funding_interval': None, 'open_interest': '0', 'funding_rate': '', 'funding_time': None, 'display_name': 'Litecoin Futures (Aug 2026)', 'region_enabled': {}, 'intraday_margin_rate': {'long_margin_rate': '0.2499279', 'short_margin_rate': '0.2498702'}, 'overnight_margin_rate': {'long_margin_rate': '0.387125', 'short_margin_rate': '0.56075'}, 'settlement_price': '52.34', 'futures_asset_type': 'FUTURES_ASSET_TYPE_CRYPTO', 'index_price': '', 'contract_code_display_name': '', 'product_group_cbrn': '', 'futures_asset_types': ['FUTURES_ASSET_TYPE_CRYPTO'], 'trading_hours_type': 'TRADING_HOURS_TYPE_UNSPECIFIED'}"
71,LC-31JUL26-CDE,,,,,1,0.01,0,100000000,1,1000,,US Dollar,False,False,False,,False,False,False,False,False,FUTURE,USD,,"{'is_session_open': True, 'open_time': '2026-05-29T22:00:00Z', 'close_time': '2026-06-01T21:00:00Z', 'session_state': 'FCM_TRADING_SESSION_STATE_OPEN', 'after_hours_order_entry_disabled': False, 'closed_reason': 'FCM_TRADING_SESSION_CLOSED_REASON_UNDEFINED', 'maintenance': None}",51.6,,[],,USD,True,0.01,LTC 31 JUL 26,FCM,,,,,,,,,,False,,,,,,"{'venue': 'cde', 'contract_code': 'LC', 'contract_expiry': '2026-07-31T15:00:00Z', 'contract_size': '5', 'contract_root_unit': 'LTC', 'group_description': 'Litecoin Futures', 'contract_expiry_timezone': 'Europe/London', 'group_short_description': 'Litecoin Futures', 'risk_managed_by': 'MANAGED_BY_FCM', 'contract_expiry_type': 'EXPIRING', 'perpetual_details': {'open_interest': '0', 'funding_rate': '', 'funding_time': None, 'max_leverage': '', 'base_asset_uuid': '', 'underlying_type': ''}, 'contract_display_name': 'LTC 31 JUL 26', 'time_to_expiry_ms': '5195717811', 'non_crypto': False, 'contract_expiry_name': '2026-07', 'twenty_four_by_seven': True, 'funding_interval': None, 'open_interest': '0', 'funding_rate': '', 'funding_time': None, 'display_name': 'Litecoin Futures (Jul 2026)', 'region_enabled': {}, 'intraday_margin_rate': {'long_margin_rate': '0.2499279', 'short_margin_rate': '0.2498702'}, 'overnight_margin_rate': {'long_margin_rate': '0.387125', 'short_margin_rate': '0.56075'}, 'settlement_price': '52.34', 'futures_asset_type': 'FUTURES_ASSET_TYPE_CRYPTO', 'index_price': '', 'contract_code_display_name': '', 'product_group_cbrn': '', 'futures_asset_types': ['FUTURES_ASSET_TYPE_CRYPTO'], 'trading_hours_type': 'TRADING_HOURS_TYPE_UNSPECIFIED'}"
72,LNK-28AUG26-CDE,,,,,1,0.01,0,100000000,1,1000,,US Dollar,False,False,False,,False,False,False,False,False,FUTURE,USD,,"{'is_session_open': True, 'open_time': '2026-05-29T22:00:00Z', 'close_time': '2026-06-01T21:00:00Z', 'session_state': 'FCM_TRADING_SESSION_STATE_OPEN', 'after_hours_order_entry_disabled': False, 'closed_reason': 'FCM_TRADING_SESSION_CLOSED_REASON_UNDEFINED', 'maintenance': None}",0,,[],,USD,True,0.001,LINK 28 AUG 26,FCM,,,,,,,,,,False,,,,,,"{'venue': 'cde', 'contract_code': 'LNK', 'contract_expiry': '2026-08-28T15:00:00Z', 'contract_size': '50', 'contract_root_unit': 'LINK', 'group_description': 'Chainlink Futures', 'contract_expiry_timezone': 'Europe/London', 'group_short_description': 'Chainlink Futures', 'risk_managed_by': 'MANAGED_BY_FCM', 'contract_expiry_type': 'EXPIRING', 'perpetual_details': {'open_interest': '0', 'funding_rate': '', 'funding_time': None, 'max_leverage': '', 'base_asset_uuid': '', 'underlying_type': ''}, 'contract_display_name': 'LINK 28 AUG 26', 'time_to_expiry_ms': '7614917811', 'non_crypto': False, 'contract_expiry_name': '2026-08', 'twenty_four_by_seven': True, 'funding_interval': None, 'open_interest': '0', 'funding_rate': '', 'funding_time': None, 'display_name': 'Chainlink Futures (Aug 2026)', 'region_enabled': {}, 'intraday_margin_rate': {'long_margin_rate': '0.1999115', 'short_margin_rate': '0.19998'}, 'overnight_margin_rate': {'long_margin_rate': '0.308125', 'short_margin_rate': '0.416625'}, 'settlement_price': '9.081', 'futures_asset_type': 'FUTURES_ASSET_TYPE_CRYPTO', 'index_price': '', 'contract_code_display_name': '', 'product_group_cbrn': '', 'futures_asset_types': ['FUTURES_ASSET_TYPE_CRYPTO'], 'trading_hours_type': 'TRADING_HOURS_TYPE_UNSPECIFIED'}"
73,LNK-31JUL26-CDE,8.995,,,,1,0.01,0,100000000,1,1000,,US Dollar,False,False,False,,False,False,False,False,False,FUTURE,USD,,"{'is_session_open': True, 'open_time': '2026-05-29T22:00:00Z', 'close_time': '2026-06-01T21:00:00Z', 'session_state': 'FCM_TRADING_SESSION_STATE_OPEN', 'after_hours_order_entry_disabled': False, 'closed_reason': 'FCM_TRADING_SESSION_CLOSED_REASON_UNDEFINED', 'maintenance': None}",9.12,,[],,USD,True,0.001,LINK 31 JUL 26,FCM,,,,,,,,,,False,,,,,,"{'venue': 'cde', 'contract_code': 'LNK', 'contract_expiry': '2026-07-31T15:00:00Z', 'contract_size': '50', 'contract_root_unit': 'LINK', 'group_description': 'Chainlink Futures', 'contract_expiry_timezone': 'Europe/London', 'group_short_description': 'Chainlink Futures', 'risk_managed_by': 'MANAGED_BY_FCM', 'contract_expiry_type': 'EXPIRING', 'perpetual_details': {'open_interest': '10', 'funding_rate': '', 'funding_time': None, 'max_leverage': '', 'base_asset_uuid': '', 'underlying_type': ''}, 'contract_display_name': 'LINK 31 JUL 26', 'time_to_expiry_ms': '5195717811', 'non_crypto': False, 'contract_expiry_name': '2026-07', 'twenty_four_by_seven': True, 'funding_interval': None, 'open_interest': '10', 'funding_rate': '', 'funding_time': None, 'display_name': 'Chainlink Futures (Jul 2026)', 'region_enabled': {}, 'intraday_margin_rate': {'long_margin_rate': '0.1999115', 'short_margin_rate': '0.19998'}, 'overnight_margin_rate': {'long_margin_rate': '0.308125', 'short_margin_rate': '0.416625'}, 'settlement_price': '9.081', 'futures_asset_type': 'FUTURES_ASSET_TYPE_CRYPTO', 'index_price': '', 'contract_code_display_name': '', 'product_group_cbrn': '', 'futures_asset_types': ['FUTURES_ASSET_TYPE_CRYPTO'], 'trading_hours_type': 'TRADING_HOURS_TYPE_UNSPECIFIED'}"
74,MC-17DEC26-CDE,,,,,1,0.01,0,100000000,1,1000,,US Dollar,False,False,False,,False,False,False,False,False,FUTURE,USD,,"{'is_session_open': True, 'open_time': '2026-05-31T22:00:00Z', 'close_time': '2026-06-01T21:00:00Z', 'session_state': 'FCM_TRADING_SESSION_STATE_OPEN', 'after_hours_order_entry_disabled': False, 'closed_reason': 'FCM_TRADING_SESSION_CLOSED_REASON_UNDEFINED', 'maintenance': None}",0,,[],,USD,True,0.25,MAG7C 17 DEC 26,FCM,,,,,,,,,,False,,,,,,"{'venue': 'cde', 'contract_code': 'MC', 'contract_expiry': '2026-12-17T21:00:00Z', 'contract_size': '1', 'contract_root_unit': 'CDEMC', 'group_description': 'Mag7+Crypto Futures', 'contract_expiry_timezone': 'America/Chicago', 'group_short_description': 'Mag7+Crypto Futures', 'risk_managed_by': 'MANAGED_BY_FCM', 'contract_expiry_type': 'EXPIRING', 'perpetual_details': {'open_interest': '0', 'funding_rate': '', 'funding_time': None, 'max_leverage': '', 'base_asset_uuid': '', 'underlying_type': ''}, 'contract_display_name': 'MAG7C 17 DEC 26', 'time_to_expiry_ms': '17226917811', 'non_crypto': True, 'contract_expiry_name': '2026-12', 'twenty_four_by_seven': False, 'funding_interval': None, 'open_interest': '0', 'funding_rate': '', 'funding_time': None, 'display_name': 'MAG7C Futures (Dec 2026)', 'region_enabled': {}, 'intraday_margin_rate': {'long_margin_rate': '0.1007424', 'short_margin_rate': '0.100793'}, 'overnight_margin_rate': {'long_margin_rate': '0.106', 'short_margin_rate': '0.116875'}, 'settlement_price': '3030.75', 'futures_asset_type': 'FUTURES_ASSET_TYPE_STOCKS', 'index_price': '', 'contract_code_display_name': '', 'product_group_cbrn': '', 'futures_asset_types': ['FUTURES_ASSET_TYPE_STOCKS'], 'trading_hours_type': 'TRADING_HOURS_TYPE_UNSPECIFIED'}"
75,NGS-28JUL26-CDE,,,,,1,0.01,0,100000000,1,1000,,US Dollar,False,False,False,,False,False,False,False,False,FUTURE,USD,,"{'is_session_open': True, 'open_time': '2026-05-31T22:00:00Z', 'close_time': '2026-06-01T21:00:00Z', 'session_state': 'FCM_TRADING_SESSION_STATE_OPEN', 'after_hours_order_entry_disabled': False, 'closed_reason': 'FCM_TRADING_SESSION_CLOSED_REASON_UNDEFINED', 'maintenance': None}",0,,[],,USD,True,0.001,NGS 28 JUL 26,FCM,,,,,,,,,,False,,,,,,"{'venue': 'cde', 'contract_code': 'NGS', 'contract_expiry': '2026-07-28T18:30:00Z', 'contract_size': '1000', 'contract_root_unit': 'CDENGS', 'group_description': 'Natural Gas Futures', 'contract_expiry_timezone': 'America/New_York', 'group_short_description': 'Natural Gas Futures', 'risk_managed_by': 'MANAGED_BY_FCM', 'contract_expiry_type': 'EXPIRING', 'perpetual_details': {'open_interest': '0', 'funding_rate': '', 'funding_time': None, 'max_leverage': '', 'base_asset_uuid': '', 'underlying_type': ''}, 'contract_display_name': 'NGS 28 JUL 26', 'time_to_expiry_ms': '4949117811', 'non_crypto': True, 'contract_expiry_name': '2026-08', 'twenty_four_by_seven': False, 'funding_interval': None, 'open_interest': '0', 'funding_rate': '', 'funding_time': None, 'display_name': 'Natural Gas Futures (Jul 2026)', 'region_enabled': {}, 'intraday_margin_rate': {'long_margin_rate': '0.1003818', 'short_margin_rate': '0.100624'}, 'overnight_margin_rate': {'long_margin_rate': '0.14275', 'short_margin_rate': '0.1655'}, 'settlement_price': '3.278', 'futures_asset_type': 'FUTURES_ASSET_TYPE_ENERGY', 'index_price': '', 'contract_code_display_name': '', 'product_group_cbrn': '', 'futures_asset_types': ['FUTURES_ASSET_TYPE_ENERGY'], 'trading_hours_type': 'TRADING_HOURS_TYPE_UNSPECIFIED'}"
76,NOL-19AUG26-CDE,,,,,1,0.01,0,100000000,1,1000,,US Dollar,False,False,False,,False,False,False,False,False,FUTURE,USD,,"{'is_session_open': True, 'open_time': '2026-05-31T22:00:00Z', 'close_time': '2026-06-01T21:00:00Z', 'session_state': 'FCM_TRADING_SESSION_STATE_OPEN', 'after_hours_order_entry_disabled': False, 'closed_reason': 'FCM_TRADING_SESSION_CLOSED_REASON_UNDEFINED', 'maintenance': None}",0,,[],,USD,True,0.01,OIL 19 AUG 26,FCM,,,,,,,,,,False,,,,,,"{'venue': 'cde', 'contract_code': 'NOL', 'contract_expiry': '2026-08-19T18:30:00Z', 'contract_size': '10', 'contract_root_unit': 'CDEOIL', 'group_description': 'nano Crude Oil Futures', 'contract_expiry_timezone': 'America/New_York', 'group_short_description': 'Oil Futures', 'risk_managed_by': 'MANAGED_BY_FCM', 'contract_expiry_type': 'EXPIRING', 'perpetual_details': {'open_interest': '0', 'funding_rate': '', 'funding_time': None, 'max_leverage': '', 'base_asset_uuid': '', 'underlying_type': ''}, 'contract_display_name': 'OIL 19 AUG 26', 'time_to_expiry_ms': '6849917811', 'non_crypto': True, 'contract_expiry_name': '2026-09', 'twenty_four_by_seven': False, 'funding_interval': None, 'open_interest': '0', 'funding_rate': '', 'funding_time': None, 'display_name': 'Oil Futures (Aug 2026)', 'region_enabled': {}, 'intraday_margin_rate': {'long_margin_rate': '0.12089', 'short_margin_rate': '0.1207983'}, 'overnight_margin_rate': {'long_margin_rate': '0.137375', 'short_margin_rate': '0.160125'}, 'settlement_price': '85.31', 'futures_asset_type': 'FUTURES_ASSET_TYPE_ENERGY', 'index_price': '', 'contract_code_display_name': '', 'product_group_cbrn': '', 'futures_asset_types': ['FUTURES_ASSET_TYPE_ENERGY'], 'trading_hours_type': 'TRADING_HOURS_TYPE_UNSPECIFIED'}"
77,PT-28SEP26-CDE,,,,,1,0.01,0,100000000,1,1000,,US Dollar,False,False,False,,False,False,False,False,False,FUTURE,USD,,"{'is_session_open': True, 'open_time': '2026-05-31T22:00:00Z', 'close_time': '2026-06-01T21:00:00Z', 'session_state': 'FCM_TRADING_SESSION_STATE_OPEN', 'after_hours_order_entry_disabled': False, 'closed_reason': 'FCM_TRADING_SESSION_CLOSED_REASON_UNDEFINED', 'maintenance': None}",1966.95,,[],,USD,True,0.1,PLAT 28 SEP 26,FCM,,,,,,,,,,False,,,,,,"{'venue': 'cde', 'contract_code': 'PT', 'contract_expiry': '2026-09-28T17:05:00Z', 'contract_size': '10', 'contract_root_unit': 'CDEPT', 'group_description': 'Platinum Futures', 'contract_expiry_timezone': 'America/New_York', 'group_short_description': 'Platinum Futures', 'risk_managed_by': 'MANAGED_BY_FCM', 'contract_expiry_type': 'EXPIRING', 'perpetual_details': {'open_interest': '0', 'funding_rate': '', 'funding_time': None, 'max_leverage': '', 'base_asset_uuid': '', 'underlying_type': ''}, 'contract_display_name': 'PLAT 28 SEP 26', 'time_to_expiry_ms': '10300817811', 'non_crypto': True, 'contract_expiry_name': '2026-10', 'twenty_four_by_seven': False, 'funding_interval': None, 'open_interest': '0', 'funding_rate': '', 'funding_time': None, 'display_name': 'Platinum Futures (Sep 2026)', 'region_enabled': {}, 'intraday_margin_rate': {'long_margin_rate': '0.0799788', 'short_margin_rate': '0.0799172'}, 'overnight_margin_rate': {'long_margin_rate': '0.100375', 'short_margin_rate': '0.11075'}, 'settlement_price': '1950.1', 'futures_asset_type': 'FUTURES_ASSET_TYPE_METALS', 'index_price': '', 'contract_code_display_name': '', 'product_group_cbrn': '', 'futures_asset_types': ['FUTURES_ASSET_TYPE_METALS'], 'trading_hours_type': 'TRADING_HOURS_TYPE_UNSPECIFIED'}"
78,PT-29DEC26-CDE,,,,,1,0.01,0,100000000,1,1000,,US Dollar,False,False,False,,False,False,False,False,False,FUTURE,USD,,"{'is_session_open': True, 'open_time': '2026-05-31T22:00:00Z', 'close_time': '2026-06-01T21:00:00Z', 'session_state': 'FCM_TRADING_SESSION_STATE_OPEN', 'after_hours_order_entry_disabled': False, 'closed_reason': 'FCM_TRADING_SESSION_CLOSED_REASON_UNDEFINED', 'maintenance': None}",0,,[],,USD,True,0.1,PLAT 29 DEC 26,FCM,,,,,,,,,,False,,,,,,"{'venue': 'cde', 'contract_code': 'PT', 'contract_expiry': '2026-12-29T18:05:00Z', 'contract_size': '10', 'contract_root_unit': 'CDEPT', 'group_description': 'Platinum Futures', 'contract_expiry_timezone': 'America/New_York', 'group_short_description': 'Platinum Futures', 'risk_managed_by': 'MANAGED_BY_FCM', 'contract_expiry_type': 'EXPIRING', 'perpetual_details': {'open_interest': '0', 'funding_rate': '', 'funding_time': None, 'max_leverage': '', 'base_asset_uuid': '', 'underlying_type': ''}, 'contract_display_name': 'PLAT 29 DEC 26', 'time_to_expiry_ms': '18253217811', 'non_crypto': True, 'contract_expiry_name': '2027-01', 'twenty_four_by_seven': False, 'funding_interval': None, 'open_interest': '0', 'funding_rate': '', 'funding_time': None, 'display_name': 'Platinum Futures (Dec 2026)', 'region_enabled': {}, 'intraday_margin_rate': {'long_margin_rate': '0.0800784', 'short_margin_rate': '0.0800976'}, 'overnight_margin_rate': {'long_margin_rate': '0.1005', 'short_margin_rate': '0.111'}, 'settlement_price': '1950.1', 'futures_asset_type': 'FUTURES_ASSET_TYPE_METALS', 'index_price': '', 'contract_code_display_name': '', 'product_group_cbrn': '', 'futures_asset_types': ['FUTURES_ASSET_TYPE_METALS'], 'trading_hours_type': 'TRADING_HOURS_TYPE_UNSPECIFIED'}"
79,SHB-28AUG26-CDE,,,,,1,0.01,0,100000000,1,1000,,US Dollar,False,False,False,,False,False,False,False,False,FUTURE,USD,,"{'is_session_open': True, 'open_time': '2026-05-29T22:00:00Z', 'close_time': '2026-06-01T21:00:00Z', 'session_state': 'FCM_TRADING_SESSION_STATE_OPEN', 'after_hours_order_entry_disabled': False, 'closed_reason': 'FCM_TRADING_SESSION_CLOSED_REASON_UNDEFINED', 'maintenance': None}",0,,[],,USD,True,0.00001,1000SHIB 28 AUG 26,FCM,,,,,,,,,,False,,,,,,"{'venue': 'cde', 'contract_code': 'SHB', 'contract_expiry': '2026-08-28T15:00:00Z', 'contract_size': '10000', 'contract_root_unit': 'SHIB', 'group_description': '1k Shib Futures', 'contract_expiry_timezone': 'Europe/London', 'group_short_description': '1k Shib Futures', 'risk_managed_by': 'MANAGED_BY_FCM', 'contract_expiry_type': 'EXPIRING', 'perpetual_details': {'open_interest': '0', 'funding_rate': '', 'funding_time': None, 'max_leverage': '', 'base_asset_uuid': '', 'underlying_type': ''}, 'contract_display_name': '1000SHIB 28 AUG 26', 'time_to_expiry_ms': '7614917811', 'non_crypto': False, 'contract_expiry_name': '2026-08', 'twenty_four_by_seven': True, 'funding_interval': None, 'open_interest': '0', 'funding_rate': '', 'funding_time': None, 'display_name': '1000SHIB Futures (Aug 2026)', 'region_enabled': {}, 'intraday_margin_rate': {'long_margin_rate': '0.2501164', 'short_margin_rate': '0.249648'}, 'overnight_margin_rate': {'long_margin_rate': '0.517625', 'short_margin_rate': '0.92875'}, 'settlement_price': '0.00552', 'futures_asset_type': 'FUTURES_ASSET_TYPE_CRYPTO', 'index_price': '', 'contract_code_display_name': '', 'product_group_cbrn': '', 'futures_asset_types': ['FUTURES_ASSET_TYPE_CRYPTO'], 'trading_hours_type': 'TRADING_HOURS_TYPE_UNSPECIFIED'}"
80,SHB-31JUL26-CDE,,,,,1,0.01,0,100000000,1,1000,,US Dollar,False,False,False,,False,False,False,False,False,FUTURE,USD,,"{'is_session_open': True, 'open_time': '2026-05-29T22:00:00Z', 'close_time': '2026-06-01T21:00:00Z', 'session_state': 'FCM_TRADING_SESSION_STATE_OPEN', 'after_hours_order_entry_disabled': False, 'closed_reason': 'FCM_TRADING_SESSION_CLOSED_REASON_UNDEFINED', 'maintenance': None}",0.005575,,[],,USD,True,0.00001,1000SHIB 31 JUL 26,FCM,,,,,,,,,,False,,,,,,"{'venue': 'cde', 'contract_code': 'SHB', 'contract_expiry': '2026-07-31T15:00:00Z', 'contract_size': '10000', 'contract_root_unit': 'SHIB', 'group_description': '1k Shib Futures', 'contract_expiry_timezone': 'Europe/London', 'group_short_description': '1k Shib Futures', 'risk_managed_by': 'MANAGED_BY_FCM', 'contract_expiry_type': 'EXPIRING', 'perpetual_details': {'open_interest': '0', 'funding_rate': '', 'funding_time': None, 'max_leverage': '', 'base_asset_uuid': '', 'underlying_type': ''}, 'contract_display_name': '1000SHIB 31 JUL 26', 'time_to_expiry_ms': '5195717811', 'non_crypto': False, 'contract_expiry_name': '2026-07', 'twenty_four_by_seven': True, 'funding_interval': None, 'open_interest': '0', 'funding_rate': '', 'funding_time': None, 'display_name': '1000SHIB Futures (Jul 2026)', 'region_enabled': {}, 'intraday_margin_rate': {'long_margin_rate': '0.2501164', 'short_margin_rate': '0.249648'}, 'overnight_margin_rate': {'long_margin_rate': '0.517625', 'short_margin_rate': '0.92875'}, 'settlement_price': '0.00552', 'futures_asset_type': 'FUTURES_ASSET_TYPE_CRYPTO', 'index_price': '', 'contract_code_display_name': '', 'product_group_cbrn': '', 'futures_asset_types': ['FUTURES_ASSET_TYPE_CRYPTO'], 'trading_hours_type': 'TRADING_HOURS_TYPE_UNSPECIFIED'}"
81,SLR-25NOV26-CDE,77.655,,,,1,0.01,0,100000000,1,1000,,US Dollar,False,False,False,,False,False,False,False,False,FUTURE,USD,,"{'is_session_open': True, 'open_time': '2026-05-31T22:00:00Z', 'close_time': '2026-06-01T21:00:00Z', 'session_state': 'FCM_TRADING_SESSION_STATE_OPEN', 'after_hours_order_entry_disabled': False, 'closed_reason': 'FCM_TRADING_SESSION_CLOSED_REASON_UNDEFINED', 'maintenance': None}",78.1575,,[],,USD,False,0.005,SLVR 25 NOV 26,FCM,,,,,,,,,,False,,,,,,"{'venue': 'cde', 'contract_code': 'SLR', 'contract_expiry': '2026-11-25T18:25:00Z', 'contract_size': '50', 'contract_root_unit': 'CDESIL', 'group_description': 'Silver Futures', 'contract_expiry_timezone': 'America/New_York', 'group_short_description': 'Silver Futures', 'risk_managed_by': 'MANAGED_BY_FCM', 'contract_expiry_type': 'EXPIRING', 'perpetual_details': {'open_interest': '48', 'funding_rate': '', 'funding_time': None, 'max_leverage': '', 'base_asset_uuid': '', 'underlying_type': ''}, 'contract_display_name': 'SLVR 25 NOV 26', 'time_to_expiry_ms': '15316817811', 'non_crypto': True, 'contract_expiry_name': '2026-12', 'twenty_four_by_seven': False, 'funding_interval': None, 'open_interest': '48', 'funding_rate': '', 'funding_time': None, 'display_name': 'Silver Futures (Nov 2026)', 'region_enabled': {}, 'intraday_margin_rate': {'long_margin_rate': '0.0897646', 'short_margin_rate': '0.0896192'}, 'overnight_margin_rate': {'long_margin_rate': '0.117125', 'short_margin_rate': '0.134'}, 'settlement_price': '78.25', 'futures_asset_type': 'FUTURES_ASSET_TYPE_METALS', 'index_price': '', 'contract_code_display_name': '', 'product_group_cbrn': '', 'futures_asset_types': ['FUTURES_ASSET_TYPE_METALS'], 'trading_hours_type': 'TRADING_HOURS_TYPE_UNSPECIFIED'}"
82,SOL-28AUG26-CDE,,,,,1,0.01,0,100000000,1,1000,,US Dollar,False,False,False,,False,False,False,False,False,FUTURE,USD,,"{'is_session_open': True, 'open_time': '2026-05-29T22:00:00Z', 'close_time': '2026-06-01T21:00:00Z', 'session_state': 'FCM_TRADING_SESSION_STATE_OPEN', 'after_hours_order_entry_disabled': False, 'closed_reason': 'FCM_TRADING_SESSION_CLOSED_REASON_UNDEFINED', 'maintenance': None}",0,,[],,USD,True,0.01,SOL 28 AUG 26,FCM,,,,,,,,,,False,,,,,,"{'venue': 'cde', 'contract_code': 'SOL', 'contract_expiry': '2026-08-28T15:00:00Z', 'contract_size': '5', 'contract_root_unit': 'SOL', 'group_description': 'nano Solana Futures', 'contract_expiry_timezone': 'Europe/London', 'group_short_description': 'nano Solana Futures', 'risk_managed_by': 'MANAGED_BY_FCM', 'contract_expiry_type': 'EXPIRING', 'perpetual_details': {'open_interest': '0', 'funding_rate': '', 'funding_time': None, 'max_leverage': '', 'base_asset_uuid': '', 'underlying_type': ''}, 'contract_display_name': 'SOL 28 AUG 26', 'time_to_expiry_ms': '7614917811', 'non_crypto': False, 'contract_expiry_name': '2026-08', 'twenty_four_by_seven': True, 'funding_interval': None, 'open_interest': '0', 'funding_rate': '', 'funding_time': None, 'display_name': 'Solana Futures (Aug 2026)', 'region_enabled': {}, 'intraday_margin_rate': {'long_margin_rate': '0.1999396', 'short_margin_rate': '0.1998878'}, 'overnight_margin_rate': {'long_margin_rate': '0.3535', 'short_margin_rate': '0.53275'}, 'settlement_price': '82.2', 'futures_asset_type': 'FUTURES_ASSET_TYPE_CRYPTO', 'index_price': '', 'contract_code_display_name': '', 'product_group_cbrn': '', 'futures_asset_types': ['FUTURES_ASSET_TYPE_CRYPTO'], 'trading_hours_type': 'TRADING_HOURS_TYPE_UNSPECIFIED'}"
83,SUI-28AUG26-CDE,,,,,1,0.01,0,100000000,1,1000,,US Dollar,False,False,False,,False,False,False,False,False,FUTURE,USD,,"{'is_session_open': True, 'open_time': '2026-05-29T22:00:00Z', 'close_time': '2026-06-01T21:00:00Z', 'session_state': 'FCM_TRADING_SESSION_STATE_OPEN', 'after_hours_order_entry_disabled': False, 'closed_reason': 'FCM_TRADING_SESSION_CLOSED_REASON_UNDEFINED', 'maintenance': None}",0,,[],,USD,True,0.0001,SUI 28 AUG 26,FCM,,,,,,,,,,False,,,,,,"{'venue': 'cde', 'contract_code': 'SUI', 'contract_expiry': '2026-08-28T15:00:00Z', 'contract_size': '500', 'contract_root_unit': 'SUI', 'group_description': 'SUI Futures', 'contract_expiry_timezone': 'Europe/London', 'group_short_description': 'SUI Futures', 'risk_managed_by': 'MANAGED_BY_FCM', 'contract_expiry_type': 'EXPIRING', 'perpetual_details': {'open_interest': '0', 'funding_rate': '', 'funding_time': None, 'max_leverage': '', 'base_asset_uuid': '', 'underlying_type': ''}, 'contract_display_name': 'SUI 28 AUG 26', 'time_to_expiry_ms': '7614917811', 'non_crypto': False, 'contract_expiry_name': '2026-08', 'twenty_four_by_seven': True, 'funding_interval': None, 'open_interest': '0', 'funding_rate': '', 'funding_time': None, 'display_name': 'SUI Futures (Aug 2026)', 'region_enabled': {}, 'intraday_margin_rate': {'long_margin_rate': '0.249999', 'short_margin_rate': '0.2500336'}, 'overnight_margin_rate': {'long_margin_rate': '0.37425', 'short_margin_rate': '0.55025'}, 'settlement_price': '0.9208', 'futures_asset_type': 'FUTURES_ASSET_TYPE_CRYPTO', 'index_price': '', 'contract_code_display_name': '', 'product_group_cbrn': '', 'futures_asset_types': ['FUTURES_ASSET_TYPE_CRYPTO'], 'trading_hours_type': 'TRADING_HOURS_TYPE_UNSPECIFIED'}"
84,SUI-31JUL26-CDE,,,,,1,0.01,0,100000000,1,1000,,US Dollar,False,False,False,,False,False,False,False,False,FUTURE,USD,,"{'is_session_open': True, 'open_time': '2026-05-29T22:00:00Z', 'close_time': '2026-06-01T21:00:00Z', 'session_state': 'FCM_TRADING_SESSION_STATE_OPEN', 'after_hours_order_entry_disabled': False, 'closed_reason': 'FCM_TRADING_SESSION_CLOSED_REASON_UNDEFINED', 'maintenance': None}",0.89675,,[],,USD,True,0.0001,SUI 31 JUL 26,FCM,,,,,,,,,,False,,,,,,"{'venue': 'cde', 'contract_code': 'SUI', 'contract_expiry': '2026-07-31T15:00:00Z', 'contract_size': '500', 'contract_root_unit': 'SUI', 'group_description': 'SUI Futures', 'contract_expiry_timezone': 'Europe/London', 'group_short_description': 'SUI Futures', 'risk_managed_by': 'MANAGED_BY_FCM', 'contract_expiry_type': 'EXPIRING', 'perpetual_details': {'open_interest': '0', 'funding_rate': '', 'funding_time': None, 'max_leverage': '', 'base_asset_uuid': '', 'underlying_type': ''}, 'contract_display_name': 'SUI 31 JUL 26', 'time_to_expiry_ms': '5195717811', 'non_crypto': False, 'contract_expiry_name': '2026-07', 'twenty_four_by_seven': True, 'funding_interval': None, 'open_interest': '0', 'funding_rate': '', 'funding_time': None, 'display_name': 'SUI Futures (Jul 2026)', 'region_enabled': {}, 'intraday_margin_rate': {'long_margin_rate': '0.249999', 'short_margin_rate': '0.2500336'}, 'overnight_margin_rate': {'long_margin_rate': '0.37425', 'short_margin_rate': '0.55025'}, 'settlement_price': '0.9208', 'futures_asset_type': 'FUTURES_ASSET_TYPE_CRYPTO', 'index_price': '', 'contract_code_display_name': '', 'product_group_cbrn': '', 'futures_asset_types': ['FUTURES_ASSET_TYPE_CRYPTO'], 'trading_hours_type': 'TRADING_HOURS_TYPE_UNSPECIFIED'}"
85,XLM-28AUG26-CDE,,,,,1,0.01,0,100000000,1,1000,,US Dollar,False,False,False,,False,False,False,False,False,FUTURE,USD,,"{'is_session_open': True, 'open_time': '2026-05-29T22:00:00Z', 'close_time': '2026-06-01T21:00:00Z', 'session_state': 'FCM_TRADING_SESSION_STATE_OPEN', 'after_hours_order_entry_disabled': False, 'closed_reason': 'FCM_TRADING_SESSION_CLOSED_REASON_UNDEFINED', 'maintenance': None}",0,,[],,USD,True,0.00001,XLM 28 AUG 26,FCM,,,,,,,,,,False,,,,,,"{'venue': 'cde', 'contract_code': 'XLM', 'contract_expiry': '2026-08-28T15:00:00Z', 'contract_size': '5000', 'contract_root_unit': 'XLM', 'group_description': 'Stellar Futures', 'contract_expiry_timezone': 'Europe/London', 'group_short_description': 'Stellar Futures', 'risk_managed_by': 'MANAGED_BY_FCM', 'contract_expiry_type': 'EXPIRING', 'perpetual_details': {'open_interest': '0', 'funding_rate': '', 'funding_time': None, 'max_leverage': '', 'base_asset_uuid': '', 'underlying_type': ''}, 'contract_display_name': 'XLM 28 AUG 26', 'time_to_expiry_ms': '7614917811', 'non_crypto': False, 'contract_expiry_name': '2026-08', 'twenty_four_by_seven': True, 'funding_interval': None, 'open_interest': '0', 'funding_rate': '', 'funding_time': None, 'display_name': 'Stellar Lumens Futures (Aug 2026)', 'region_enabled': {}, 'intraday_margin_rate': {'long_margin_rate': '0.2503163', 'short_margin_rate': '0.2504144'}, 'overnight_margin_rate': {'long_margin_rate': '0.271375', 'short_margin_rate': '0.369125'}, 'settlement_price': '0.24158', 'futures_asset_type': 'FUTURES_ASSET_TYPE_CRYPTO', 'index_price': '', 'contract_code_display_name': '', 'product_group_cbrn': '', 'futures_asset_types': ['FUTURES_ASSET_TYPE_CRYPTO'], 'trading_hours_type': 'TRADING_HOURS_TYPE_UNSPECIFIED'}"
86,XRP-28AUG26-CDE,,,,,1,0.01,0,100000000,1,1000,,US Dollar,False,False,False,,False,False,False,False,False,FUTURE,USD,,"{'is_session_open': True, 'open_time': '2026-05-29T22:00:00Z', 'close_time': '2026-06-01T21:00:00Z', 'session_state': 'FCM_TRADING_SESSION_STATE_OPEN', 'after_hours_order_entry_disabled': False, 'closed_reason': 'FCM_TRADING_SESSION_CLOSED_REASON_UNDEFINED', 'maintenance': None}",0,,[],,USD,True,0.0001,XRP 28 AUG 26,FCM,,,,,,,,,,False,,,,,,"{'venue': 'cde', 'contract_code': 'XRP', 'contract_expiry': '2026-08-28T15:00:00Z', 'contract_size': '500', 'contract_root_unit': 'XRP', 'group_description': 'nano XRP Futures', 'contract_expiry_timezone': 'Europe/London', 'group_short_description': 'nano XRP Futures', 'risk_managed_by': 'MANAGED_BY_FCM', 'contract_expiry_type': 'EXPIRING', 'perpetual_details': {'open_interest': '0', 'funding_rate': '', 'funding_time': None, 'max_leverage': '', 'base_asset_uuid': '', 'underlying_type': ''}, 'contract_display_name': 'XRP 28 AUG 26', 'time_to_expiry_ms': '7614917811', 'non_crypto': False, 'contract_expiry_name': '2026-08', 'twenty_four_by_seven': True, 'funding_interval': None, 'open_interest': '0', 'funding_rate': '', 'funding_time': None, 'display_name': 'XRP Futures (Aug 2026)', 'region_enabled': {}, 'intraday_margin_rate': {'long_margin_rate': '0.1998612', 'short_margin_rate': '0.2001662'}, 'overnight_margin_rate': {'long_margin_rate': '0.3605', 'short_margin_rate': '0.54275'}, 'settlement_price': '1.3346', 'futures_asset_type': 'FUTURES_ASSET_TYPE_CRYPTO', 'index_price': '', 'contract_code_display_name': '', 'product_group_cbrn': '', 'futures_asset_types': ['FUTURES_ASSET_TYPE_CRYPTO'], 'trading_hours_type': 'TRADING_HOURS_TYPE_UNSPECIFIED'}"
