,id,base,base_name,quote,quote_name,fee,min_base_amount,min_quote_amount,max_quote_amount,amount_precision,precision,trade_status,sell_start,buy_start,type,trade_url,st_tag,slippage,market_order_max_stock,market_order_max_money,up_rate,down_rate,delisting_time,max_base_amount
0,ALEPH_USDT,ALEPH,Aleph.im,USDT,Tether,0.2,0.01,3,5000000,2,5,tradable,1608264000,1608350400,normal,https://www.gate.com/trade/ALEPH_USDT,False,0.1,7228044.81,200000,0.4,0.4,,
1,POOL_USDT,POOL,PoolTogether,USDT,Tether,0.2,0.01,3,5000000,2,4,tradable,1607313600,1613815200,normal,https://www.gate.com/trade/POOL_USDT,False,0.1,249454.32,200000,0.4,0.4,,
2,PEIPEI_USDT,PEIPEI,PeiPei,USDT,Tether,0.2,1,3,5000000,0,12,tradable,1607313600,1718373600,normal,https://www.gate.com/trade/PEIPEI_USDT,False,0.1,18783752054472.9,200000,0.4,0.4,,
3,ACN3S_USDT,ACN3S,ACN3xShort,USDT,Tether,0.2,0.01,3,5000000,2,5,tradable,1577808000,1769482800,normal,https://www.gate.com/trade/ACN3S_USDT,False,0.1,0,0,0.6,0.6,,
4,HFT_USDT,HFT,Hashflow,USDT,Tether,0.2,1,3,5000000,0,6,tradable,1607313600,1667829600,normal,https://www.gate.com/trade/HFT_USDT,False,0.08,10674257.25,300000,0.35,0.35,,
5,COINX_USDT,COINX,Coinbase xStock,USDT,Tether,0.2,0.001,3,5000000,3,2,tradable,1577808000,1751443200,normal,https://www.gate.com/trade/COINX_USDT,False,0.08,1189.51,300000,0.15,0.15,,
6,VET_USDT,VET,Vechain,USDT,Tether,0.2,1,3,5000000,0,6,tradable,0,0,normal,https://www.gate.com/trade/VET_USDT,False,0.08,28261893.55,300000,0.3,0.3,,
7,ARG_USDT,ARG,Argentine Football Association Fan Token,USDT,Tether,0.2,0.01,3,5000000,2,4,tradable,1608782400,1663988400,normal,https://www.gate.com/trade/ARG_USDT,False,0.1,295377.34,200000,0.4,0.4,,
8,BLUE_USDT,BLUE,Bluefin,USDT,Tether,0.2,0.01,3,5000000,2,5,tradable,1577808000,1733911200,normal,https://www.gate.com/trade/BLUE_USDT,False,0.1,6193868.07,200000,0.35,0.35,,
9,HGPT_USDT,HGPT,HyperGPT,USDT,Tether,0.2,0.1,3,5000000,1,6,tradable,1607313600,1708599600,normal,https://www.gate.com/trade/HGPT_USDT,False,0.1,34042553.19,200000,0.4,0.4,,
10,CLEAR_USDT,CLEAR,Everclear,USDT,Tether,0.2,1,3,5000000,0,7,tradable,1577808000,1738062000,normal,https://www.gate.com/trade/CLEAR_USDT,False,0.1,54644808.74,200000,0.4,0.4,,
11,XPD3L_USDT,XPD3L,XPD3xLong,USDT,Tether,0.2,0.01,3,5000000,2,5,tradable,1577808000,1769688000,normal,https://www.gate.com/trade/XPD3L_USDT,False,0.1,0,0,0.6,0.6,,
12,ACNON_USDT,ACNON,Accenture Ondo Tokenized,USDT,Tether,0.2,0.001,3,5000000,3,2,tradable,1577808000,1756895400,normal,https://www.gate.com/trade/ACNON_USDT,False,0.08,1821.63,500000,0.15,0.15,,
13,PYM_USDT,PYM,Playermon,USDT,Tether,0.2,1,3,5000000,0,7,tradable,1607313600,1640318400,normal,https://www.gate.com/trade/PYM_USDT,False,0.1,285795941.7,200000,0.4,0.4,,
14,FLOCK3S_USDT,FLOCK3S,FLOCK3xShort,USDT,Tether,0.2,0.01,3,5000000,2,6,tradable,1577808000,1756456200,normal,https://www.gate.com/trade/FLOCK3S_USDT,False,0.1,9380643.04,200000,0.6,0.6,,
15,KGEN_USDT,KGEN,KGeN,USDT,Tether,0.2,0.1,3,5000000,1,5,tradable,1577808000,1759849200,normal,https://www.gate.com/trade/KGEN_USDT,False,0.06,2435638.26,500000,0.35,0.35,,
16,COTI_USDT,COTI,Coti,USDT,Tether,0.2,0.01,3,5000000,2,5,tradable,1590640500,1590640500,normal,https://www.gate.com/trade/COTI_USDT,False,0.1,13895321.91,300000,0.4,0.4,,
17,XRP_USDC,XRP,XRP,USDC,USDCoin,0.2,0.01,1,5000000,2,4,tradable,0,0,normal,https://www.gate.com/trade/XRP_USDC,False,0.04,524741.56,1000000,0.15,0.15,,
18,SKYA_USDT,SKYA,Sekuya,USDT,Tether,0.2,1,3,5000000,0,7,tradable,1607313600,1716300000,normal,https://www.gate.com/trade/SKYA_USDT,False,0.1,107497984.41,200000,0.4,0.4,,
19,BRISE_USDT,BRISE,Bitgert,USDT,Tether,0.2,0.1,3,5000000,1,11,tradable,1607313600,1644908400,normal,https://www.gate.com/trade/BRISE_USDT,False,0.1,11072153533862.3,300000,0.4,0.4,,
20,XRP_USDT,XRP,XRP,USDT,Tether,0.2,0.001,3,5000000,3,3,tradable,0,0,normal,https://www.gate.com/trade/XRP_USDT,False,0.03,1573564.12,3000000,0.08,0.08,,
21,SMX_USDT,SMX,Snapmuse.io,USDT,Tether,0.2,1,3,5000000,0,7,tradable,1607313600,1713531600,normal,https://www.gate.com/trade/SMX_USDT,False,0.1,203863207.79,200000,0.4,0.4,,
22,PAXG_USDT,PAXG,PAX Gold,USDT,Tether,0.2,0.001,3,5000000,3,2,tradable,1577808000,1742544000,normal,https://www.gate.com/trade/PAXG_USDT,False,0.03,230.67,1000000,0.08,0.08,,
23,ZBT_USDT,ZBT,ZEROBASE,USDT,Tether,0.2,1,3,5000000,0,5,tradable,1577808000,1760706000,normal,https://www.gate.com/trade/ZBT_USDT,False,0.08,6026637.74,500000,0.3,0.3,,
24,WIF5S_USDT,WIF5S,WIF5xShort,USDT,Tether,0.2,0.01,3,5000000,2,5,tradable,1577808000,1765962000,normal,https://www.gate.com/trade/WIF5S_USDT,False,0.08,269424.37,300000,0.6,0.6,,
25,XAVA_USDT,XAVA,Avalaunch,USDT,Tether,0.2,0.01,3,5000000,2,4,tradable,1607313600,1625025600,normal,https://www.gate.com/trade/XAVA_USDT,False,0.1,1301236.17,200000,0.4,0.4,,
26,MDUS_USDT,MDUS,Medieus,USDT,Tether,0.2,0.01,3,5000000,2,7,tradable,1596702900,1716800400,normal,https://www.gate.com/trade/MDUS_USDT,False,0.1,536193029.49,100000,0.4,0.4,,
27,CBK_USDT,CBK,Cobak,USDT,Tether,0.2,0.01,3,5000000,2,4,tradable,1608724800,1608778800,normal,https://www.gate.com/trade/CBK_USDT,False,0.1,582580.83,200000,0.4,0.4,,
28,SIN_USDT,SIN,Sinverse,USDT,Tether,0.2,0.1,3,5000000,1,7,tradable,1607313600,1645603200,normal,https://www.gate.com/trade/SIN_USDT,False,0.1,523971705.53,200000,0.4,0.4,,
29,UNA_USDT,UNA,Unagi,USDT,Tether,0.2,0.01,3,5000000,2,6,tradable,1607313600,1718186400,normal,https://www.gate.com/trade/UNA_USDT,False,0.1,21853146.85,200000,0.4,0.4,,
30,BOB_USDT,BOB,BOB,USDT,Tether,0.2,1,3,5000000,0,6,tradable,1577808000,1763641800,normal,https://www.gate.com/trade/BOB_USDT,False,0.08,42204777.58,500000,0.4,0.4,,
31,FORT_USDT,FORT,Forta,USDT,Tether,0.2,0.01,3,5000000,2,5,tradable,1607313600,1662465600,normal,https://www.gate.com/trade/FORT_USDT,False,0.1,10057832.54,200000,0.4,0.4,,
32,ROUTE_USDT,ROUTE,Router Protocol,USDT,Tether,0.2,1,3,5000000,0,7,tradable,1607313600,1623297600,normal,https://www.gate.com/trade/ROUTE_USDT,False,0.1,99354197.71,200000,0.4,0.4,,
33,GLM_USDT,GLM,Golem,USDT,Tether,0.2,0.01,3,5000000,2,4,tradable,1607140800,1607162400,normal,https://www.gate.com/trade/GLM_USDT,False,0.08,1448225.92,300000,0.35,0.35,,
34,GETA_USDT,GETA,Getaverse,USDT,Tether,0.2,0.1,3,5000000,1,8,tradable,1607313600,1688644800,normal,https://www.gate.com/trade/GETA_USDT,False,0.1,11695906432.75,200000,0.4,0.4,,
35,AITECH_USDT,AITECH,Solidus Ai Tech,USDT,Tether,0.2,1,3,5000000,0,6,tradable,1607313600,1693220400,normal,https://www.gate.com/trade/AITECH_USDT,False,0.1,26121027.43,300000,0.4,0.4,,
36,NBOT_USDT,NBOT,NBOT,USDT,Tether,0.2,0.1,3,5000000,1,6,tradable,0,1554436800,normal,https://www.gate.com/trade/NBOT_USDT,False,0.1,11918240.87,100000,0.4,0.4,,
37,WSB_USDT,WSB,WALL STREET BABY,USDT,Tether,0.2,1,3,5000000,0,12,tradable,1607313600,1683297000,normal,https://www.gate.com/trade/WSB_USDT,False,0.1,30764497769573.9,100000,0.4,0.4,,
38,UNO_USDT,UNO,Lunos,USDT,Tether,0.2,1,3,5000000,0,7,tradable,1607313600,1637640000,normal,https://www.gate.com/trade/UNO_USDT,False,0.1,449438202.25,200000,0.4,0.4,,
39,HVLO_USDT,HVLO,Hivello,USDT,Tether,0.2,0.1,3,5000000,1,8,tradable,1577808000,1739268000,normal,https://www.gate.com/trade/HVLO_USDT,False,0.1,1437607820.59,200000,0.4,0.4,,
40,NIGHT3L_USDT,NIGHT3L,NIGHT3xLong,USDT,Tether,0.2,0.01,3,5000000,2,5,tradable,1577808000,1767942000,normal,https://www.gate.com/trade/NIGHT3L_USDT,False,0.1,0,0,0.6,0.6,,
41,SOMI_USDT,SOMI,Somnia,USDT,Tether,0.2,0.1,3,5000000,1,4,tradable,1577808000,1756823400,normal,https://www.gate.com/trade/SOMI_USDT,False,0.06,1595914.46,500000,0.3,0.3,,
42,WAG_USDT,WAG,Waggle Network,USDT,Tether,0.2,1,3,5000000,0,7,tradable,1596702900,1633701600,normal,https://www.gate.com/trade/WAG_USDT,False,0.1,798562587.34,200000,0.4,0.4,,
43,POPCAT3L_USDT,POPCAT3L,POPCAT3xLong,USDT,Tether,0.2,0.01,3,5000000,2,6,tradable,1577808000,1761123600,normal,https://www.gate.com/trade/POPCAT3L_USDT,False,0.1,1359018.79,200000,0.6,0.6,,
44,SLP_USDT,SLP,SmoothLovePotion,USDT,Tether,0.2,1,3,5000000,0,7,tradable,1607313600,1622444400,normal,https://www.gate.com/trade/SLP_USDT,False,0.1,383754397.19,300000,0.35,0.35,,
45,TA_USDT,TA,Trusta.AI,USDT,Tether,0.2,1,3,5000000,0,5,tradable,1577808000,1753088400,normal,https://www.gate.com/trade/TA_USDT,False,0.1,11607661.06,300000,0.4,0.4,,
46,ACNX_USDT,ACNX,Accenture xStock,USDT,Tether,0.2,0.001,3,5000000,3,2,tradable,1577808000,1753970400,normal,https://www.gate.com/trade/ACNX_USDT,False,0.1,1095.81,300000,0.3,0.3,,
47,KSM_USDT,KSM,Kusama,USDT,Tether,0.2,0.01,3,5000000,2,3,tradable,1595658900,1595658900,normal,https://www.gate.com/trade/KSM_USDT,False,0.08,41747.84,300000,0.35,0.35,,
48,DOGE3S_USDT,DOGE3S,DOGE3xShort,USDT,Tether,0.2,0.01,3,5000000,2,6,tradable,1608523200,1608523200,normal,https://www.gate.com/trade/DOGE3S_USDT,False,0.1,88644623.7,500000,0.6,0.6,,
49,NOS_USDT,NOS,Nosana,USDT,Tether,0.2,0.01,3,5000000,2,4,tradable,1596702900,1642431600,normal,https://www.gate.com/trade/NOS_USDT,False,0.1,875273.52,200000,0.4,0.4,,
50,ONE_USDT,ONE,Harmony,USDT,Tether,0.2,0.1,3,5000000,1,6,tradable,1566275700,1566275700,normal,https://www.gate.com/trade/ONE_USDT,False,0.1,85384943.79,300000,0.35,0.35,,
51,CRYPTOBURG_USDT,CRYPTOBURG,Crypto Burger,USDT,Tether,0.2,0.01,3,5000000,2,4,tradable,1577808000,1772020800,normal,https://www.gate.com/trade/CRYPTOBURG_USDT,False,0.1,0,0,0.4,0.4,,
52,BREV_USDT,BREV,Brevis,USDT,Tether,0.2,0.1,3,5000000,1,4,tradable,1577808000,1767708000,normal,https://www.gate.com/trade/BREV_USDT,False,0.05,0,0,0.3,0.3,,
53,ENJ_USDT,ENJ,Enjin Coin,USDT,Tether,0.2,0.01,3,5000000,2,5,tradable,1607313600,1610100000,normal,https://www.gate.com/trade/ENJ_USDT,False,0.1,10822510.82,300000,0.35,0.35,,
54,ORBS_USDT,ORBS,Orbs,USDT,Tether,0.2,1,3,5000000,0,6,tradable,1607313600,1617415200,normal,https://www.gate.com/trade/ORBS_USDT,False,0.1,30287733.47,300000,0.4,0.4,,
55,SOON_USDT,SOON,Soon,USDT,Tether,0.2,0.01,3,5000000,2,5,tradable,1577808000,1747990800,normal,https://www.gate.com/trade/SOON_USDT,False,0.08,905523.69,300000,0.35,0.35,,
56,ASR_USDT,ASR,AS Roma Fan Token,USDT,Tether,0.2,0.01,3,5000000,2,3,tradable,1608782400,1648038600,normal,https://www.gate.com/trade/ASR_USDT,False,0.1,238663.48,300000,0.35,0.35,,
57,CROWN_USDT,CROWN,CROWN,USDT,Tether,0.2,0.01,3,5000000,2,5,tradable,1607313600,1681797600,normal,https://www.gate.com/trade/CROWN_USDT,False,0.1,9076469.25,200000,0.6,0.6,,
58,SBUXON_USDT,SBUXON,Starbucks Ondo Tokenized,USDT,Tether,0.2,0.01,3,5000000,2,2,tradable,1577808000,1765269000,normal,https://www.gate.com/trade/SBUXON_USDT,False,0.08,5836.01,500000,0.15,0.15,,
59,PALM_USDT,PALM,PaLM AI,USDT,Tether,0.2,1,3,5000000,0,5,tradable,1607313600,1710835200,normal,https://www.gate.com/trade/PALM_USDT,False,0.1,5200208.01,200000,0.4,0.4,,
60,AVGOON_USDT,AVGOON,Broadcom Ondo Tokenized,USDT,Tether,0.2,0.001,3,5000000,3,2,tradable,1577808000,1756895400,normal,https://www.gate.com/trade/AVGOON_USDT,False,0.05,1458.51,500000,0.15,0.15,,
61,NATIX_USDT,NATIX,NATIX Network,USDT,Tether,0.2,1,3,5000000,0,8,tradable,1596702900,1719914400,normal,https://www.gate.com/trade/NATIX_USDT,False,0.1,670578373.85,200000,0.4,0.4,,
62,MIRAI_USDT,MIRAI,MIRAI,USDT,Tether,0.2,1,3,5000000,0,7,tradable,1577808000,1747375200,normal,https://www.gate.com/trade/MIRAI_USDT,False,0.1,79365079.37,100000,0.4,0.4,,
63,GALA_ETH,GALA,Gala Games,ETH,Ethereum,0.2,0.1,0.001,1000,1,9,tradable,1607313600,1628740800,normal,https://www.gate.com/trade/GALA_ETH,False,0.1,45085662.76,100,0.6,0.6,,
64,XDC_USDT,XDC,XDC Network,USDT,Tether,0.2,0.01,3,5000000,2,5,tradable,1596702900,1637899200,normal,https://www.gate.com/trade/XDC_USDT,False,0.06,10625863.35,500000,0.2,0.2,,
65,WATER_USDT,WATER,Waterfall,USDT,Tether,0.2,1,3,5000000,0,8,tradable,0,1721208600,normal,https://www.gate.com/trade/WATER_USDT,True,0.1,836260244,100000,0.4,0.4,1776826800.0,
66,PRO_USDT,PRO,Propy,USDT,Tether,0.2,0.01,3,5000000,2,4,tradable,1607313600,1710410400,normal,https://www.gate.com/trade/PRO_USDT,False,0.1,877577.89,300000,0.35,0.35,,
67,XAG3L_USDT,XAG3L,XAG3xLong,USDT,Tether,0.2,0.01,3,5000000,2,5,tradable,1577808000,1768892400,normal,https://www.gate.com/trade/XAG3L_USDT,False,0.1,0,0,0.6,0.6,,
68,HEI_USDT,HEI,Heima,USDT,Tether,0.2,1,3,5000000,0,5,tradable,1577808000,1739512800,normal,https://www.gate.com/trade/HEI_USDT,False,0.1,2442996.74,300000,0.35,0.35,,
69,XLM3L_USDT,XLM3L,XLM3xLong,USDT,Tether,0.2,0.01,3,5000000,2,5,tradable,1603252800,1603252800,normal,https://www.gate.com/trade/XLM3L_USDT,False,0.1,3948147.66,300000,0.6,0.6,,
70,XAR_USDT,XAR,Arcana Network,USDT,Tether,0.2,0.01,3,5000000,2,6,untradable,1607313600,1712131200,normal,https://www.gate.com/trade/XAR_USDT,True,0.1,50000000,100000,0.6,0.6,,
71,VT_USDT,VT,Vtrading,USDT,Tether,0.2,1,3,5000000,0,7,tradable,1607313600,1716879600,normal,https://www.gate.com/trade/VT_USDT,False,0.1,83087533,100000,0.4,0.4,,
72,CHO_USDT,CHO,Choise,USDT,Tether,0.2,1,3,5000000,0,7,tradable,1607313600,1661947200,normal,https://www.gate.com/trade/CHO_USDT,False,0.1,75457460.86,200000,0.4,0.4,,
73,HIGH_USDT,HIGH,Highstreet,USDT,Tether,0.2,0.01,3,5000000,2,4,tradable,1607313600,1640170800,normal,https://www.gate.com/trade/HIGH_USDT,False,0.1,1431297.71,300000,0.35,0.35,,
74,FRAX_USDT,FRAX,Frax,USDT,Tether,0.2,0.01,3,5000000,2,4,tradable,1608523200,1750831200,normal,https://www.gate.com/trade/FRAX_USDT,False,0.1,298596.6,200000,0.35,0.35,,
75,XRD_ETH,XRD,Radix,ETH,Ethereum,0.2,0.001,0.001,1000,3,10,tradable,1607313600,1654142400,normal,https://www.gate.com/trade/XRD_ETH,False,0.1,128998968.01,66.66666667,0.6,0.6,,
76,CHZ_USDT,CHZ,Chiliz,USDT,Tether,0.2,0.01,3,5000000,2,5,tradable,1608782400,1608789600,normal,https://www.gate.com/trade/CHZ_USDT,False,0.06,16652789.34,500000,0.3,0.3,,
77,ATA_USDT,ATA,Automata,USDT,Tether,0.2,1,3,5000000,0,6,tradable,1607313600,1630389600,normal,https://www.gate.com/trade/ATA_USDT,False,0.1,17910447.76,300000,0.35,0.35,,
78,VOXEL_USDT,VOXEL,Voxies,USDT,Tether,0.2,1,3,5000000,0,6,tradable,1607313600,1642320000,normal,https://www.gate.com/trade/VOXEL_USDT,False,0.1,35050823.69,500000,0.4,0.4,,
79,EMYC_USDT,EMYC,E Money,USDT,Tether,0.2,0.01,3,5000000,2,6,tradable,1577808000,1737640800,normal,https://www.gate.com/trade/EMYC_USDT,False,0.1,16220600.16,200000,0.4,0.4,,
80,AVGOX_USDT,AVGOX,Broadcom xStock,USDT,Tether,0.2,0.001,3,5000000,3,2,tradable,1577808000,1754056800,normal,https://www.gate.com/trade/AVGOX_USDT,False,0.1,874.61,300000,0.4,0.4,,
81,VLR_USDT,VLR,Velora,USDT,Tether,0.2,1,3,5000000,0,7,tradable,1577808000,1758074400,normal,https://www.gate.com/trade/VLR_USDT,False,0.1,50000000,200000,0.4,0.4,,
82,SQT_USDT,SQT,Subquery Network,USDT,Tether,0.2,0.01,3,5000000,2,7,tradable,1607313600,1712304000,normal,https://www.gate.com/trade/SQT_USDT,False,0.1,523217789.4,200000,0.4,0.4,,
83,LDO3S_USDT,LDO3S,LDO3xShort,USDT,Tether,0.2,0.01,3,5000000,2,4,tradable,1582704000,1755246600,normal,https://www.gate.com/trade/LDO3S_USDT,False,0.1,875401.23,300000,0.6,0.6,,
84,CRO_USDT,CRO,Cronos,USDT,Tether,0.2,0.01,3,5000000,2,5,tradable,1568694900,1568694900,normal,https://www.gate.com/trade/CRO_USDT,False,0.05,10596026.49,1000000,0.2,0.2,,
85,MCDX_USDT,MCDX,McDonald's xStock,USDT,Tether,0.2,0.001,3,5000000,3,2,tradable,1577808000,1751898600,normal,https://www.gate.com/trade/MCDX_USDT,False,0.06,946.69,300000,0.4,0.4,,
86,ZETA_USDT,ZETA,ZetaChain,USDT,Tether,0.2,0.01,3,5000000,2,5,tradable,1607313600,1706756400,normal,https://www.gate.com/trade/ZETA_USDT,False,0.08,4029820.67,300000,0.3,0.3,,
87,BRKL_USDT,BRKL,Brokoli,USDT,Tether,0.2,0.1,3,5000000,1,6,tradable,1607313600,1633435200,normal,https://www.gate.com/trade/BRKL_USDT,False,0.1,72542619,200000,0.4,0.4,,
88,ORDI3S_USDT,ORDI3S,ORDI3xShort,USDT,Tether,0.2,0.01,3,5000000,2,6,tradable,1582704000,1763715600,normal,https://www.gate.com/trade/ORDI3S_USDT,False,0.1,384437.95,300000,0.6,0.6,,
89,CWAR_USDT,CWAR,Cryowar Token,USDT,Tether,0.2,0.01,3,5000000,2,7,tradable,1596702900,1637632800,normal,https://www.gate.com/trade/CWAR_USDT,False,0.1,248926504.45,200000,0.4,0.4,,
90,KAIA3L_USDT,KAIA3L,KLAY3xLong,USDT,Tether,0.2,0.01,3,5000000,2,5,tradable,1577808000,1763715600,normal,https://www.gate.com/trade/KAIA3L_USDT,False,0.1,242662.49,200000,0.6,0.6,,
91,SLV3L_USDT,SLV3L,SLV3xLong,USDT,Tether,0.2,0.01,3,5000000,2,5,tradable,1577808000,1769427000,normal,https://www.gate.com/trade/SLV3L_USDT,False,0.1,0,0,0.6,0.6,,
92,ID_USDT,ID,Space ID,USDT,Tether,0.2,1,3,5000000,0,5,tradable,1607313600,1679486400,normal,https://www.gate.com/trade/ID_USDT,False,0.1,4623564.77,300000,0.3,0.3,,
93,DOGELONMARS_USDT,DOGELONMARS,Dogelon Mars,USDT,Tether,0.2,1,3,5000000,0,11,tradable,1607313600,1770123600,normal,https://www.gate.com/trade/DOGELONMARS_USDT,False,0.1,0,0,0.4,0.4,,
94,PSI_USDT,PSI,TridentDao,USDT,Tether,0.2,0.1,3,5000000,1,7,tradable,1607313600,1677492000,normal,https://www.gate.com/trade/PSI_USDT,False,0.1,60459492,100000,0.4,0.4,,
95,HUMA_USDT,HUMA,Huma Finance,USDT,Tether,0.2,0.01,3,5000000,2,5,tradable,1577808000,1748264400,normal,https://www.gate.com/trade/HUMA_USDT,False,0.08,9511731.14,300000,0.3,0.3,,
96,SHIB3S_USDT,SHIB3S,SHIB3xShort,USDT,Tether,0.2,0.01,3,5000000,2,5,tradable,1582704000,1630209600,normal,https://www.gate.com/trade/SHIB3S_USDT,False,0.1,3516586.57,300000,0.6,0.6,,
97,TSLA3S_USDT,TSLA3S,TSLA3xShort,USDT,Tether,0.2,0.01,3,5000000,2,5,tradable,1577808000,1769427000,normal,https://www.gate.com/trade/TSLA3S_USDT,False,0.1,0,0,0.6,0.6,,
98,B_USD1,B,BUILDon,USD1,World Liberty Financial USD,0.2,0.1,0.00001,,1,5,tradable,1577808000,1747902600,normal,https://www.gate.com/trade/B_USD1,False,0.1,1302083.33,300000,0.4,0.4,,
99,PRL_USDT,PRL,Perle,USDT,Tether,0.2,1,3,5000000,0,5,tradable,1577808000,1774436400,normal,https://www.gate.com/trade/PRL_USDT,False,0.05,0,0,0.4,0.4,,
100,TIA3L_USDT,TIA3L,TIA3xLong,USDT,Tether,0.2,0.01,3,5000000,2,5,tradable,1577808000,1773302400,normal,https://www.gate.com/trade/TIA3L_USDT,False,0.1,71182821.21,300000,0.6,0.6,,
101,LRDS_USDT,LRDS,BLOCKLORDS,USDT,Tether,0.2,0.01,3,5000000,2,5,tradable,1607313600,1721826000,normal,https://www.gate.com/trade/LRDS_USDT,False,0.1,4156707.89,200000,0.4,0.4,,
102,B_USDT,B,BUILDon,USDT,Tether,0.2,1,3,5000000,0,5,tradable,1577808000,1747902600,normal,https://www.gate.com/trade/B_USDT,False,0.06,2172024.33,500000,0.35,0.35,,
103,QTC_USDT,QTC,Qitcoin,USDT,Tether,0.2,0.01,3,5000000,2,5,tradable,1596702900,1645696800,normal,https://www.gate.com/trade/QTC_USDT,False,0.1,8009611.53,200000,0.4,0.4,,
104,LAVA_USDT,LAVA,Lava Network,USDT,Tether,0.2,0.01,3,5000000,2,5,tradable,1596702900,1736416800,normal,https://www.gate.com/trade/LAVA_USDT,False,0.1,3153778.23,500000,0.35,0.35,,
105,MILO_USDT,MILO,Milo Inu,USDT,Tether,0.2,0.1,3,5000000,1,12,tradable,1607313600,1648879200,normal,https://www.gate.com/trade/MILO_USDT,False,0.1,37678975131876,100000,0.4,0.4,,
106,UNIT0_USDT,UNIT0,Units Network,USDT,Tether,0.2,1,3,5000000,0,6,tradable,1577808000,1730804400,normal,https://www.gate.com/trade/UNIT0_USDT,False,0.1,2028912,200000,0.4,0.4,,
107,RLS_USDT,RLS,RAYLS,USDT,Tether,0.2,1,3,5000000,0,6,tradable,1577808000,1764590400,normal,https://www.gate.com/trade/RLS_USDT,False,0.08,36509675.06,500000,0.4,0.4,,
108,DOT5L_USDT,DOT5L,DOT5xLong,USDT,Tether,0.2,0.01,3,5000000,2,5,tradable,1582704000,1775030400,normal,https://www.gate.com/trade/DOT5L_USDT,False,0.08,23837902.26,300000,0.6,0.6,,
109,NCN_USDT,NCN,NeurochainAI,USDT,Tether,0.2,1,3,5000000,0,8,tradable,0,1723204800,normal,https://www.gate.com/trade/NCN_USDT,False,0.1,2823263692.83,200000,0.4,0.4,,
110,TRADE_USDT,TRADE,Polytrade,USDT,Tether,0.2,1,3,5000000,0,5,tradable,1607313600,1629342000,normal,https://www.gate.com/trade/TRADE_USDT,False,0.1,2632964.72,200000,0.4,0.4,,
111,TSLAON_USDT,TSLAON,Tesla Ondo Tokenized,USDT,Tether,0.2,0.001,3,5000000,3,2,tradable,1577808000,1756909800,normal,https://www.gate.com/trade/TSLAON_USDT,False,0.05,1016.53,500000,0.15,0.15,,
112,MCRT_USDT,MCRT,MagicCraft,USDT,Tether,0.2,1,3,5000000,0,8,tradable,1607313600,1662458400,normal,https://www.gate.com/trade/MCRT_USDT,False,0.1,863185153.22,200000,0.4,0.4,,
113,GZONE_USDT,GZONE,GameZone,USDT,Tether,0.2,1,3,5000000,0,7,tradable,1608782400,1635501600,normal,https://www.gate.com/trade/GZONE_USDT,False,0.1,132056784,200000,0.4,0.4,,
114,SUNDOG_USDT,SUNDOG,Sundog,USDT,Tether,0.2,1,3,5000000,0,6,tradable,1571286900,1724241600,normal,https://www.gate.com/trade/SUNDOG_USDT,False,0.1,50658561.3,500000,0.4,0.4,,
115,PUNDIAI_USDT,PUNDIAI,Pundi AI,USDT,Tether,0.2,0.1,3,5000000,1,4,tradable,1577808000,1745301600,normal,https://www.gate.com/trade/PUNDIAI_USDT,False,0.1,157766.03,200000,0.4,0.4,,
116,ETN_USDT,ETN,Electroneum,USDT,Tether,0.2,0.1,3,5000000,1,7,tradable,0,1712833200,normal,https://www.gate.com/trade/ETN_USDT,False,0.1,148709941.26,200000,0.4,0.4,,
117,NAFT_USDT,NAFT,Nafter,USDT,Tether,0.2,1,3,5000000,0,7,tradable,1608782400,1627444800,normal,https://www.gate.com/trade/NAFT_USDT,False,0.1,637551801.08,200000,0.4,0.4,,
118,P_USDT,P,PoP Planet,USDT,Tether,0.2,1,3,5000000,0,6,tradable,1577808000,1759492800,normal,https://www.gate.com/trade/P_USDT,False,0.1,17725258.49,300000,0.4,0.4,,
119,GMX_USDT,GMX,GMX,USDT,Tether,0.2,0.001,3,5000000,3,3,tradable,1607313600,1664978400,normal,https://www.gate.com/trade/GMX_USDT,False,0.1,37078.24,300000,0.35,0.35,,
120,XEN_USDT,XEN,XEN Crypto,USDT,Tether,0.2,1,3,5000000,0,12,tradable,1607313600,1665405000,normal,https://www.gate.com/trade/XEN_USDT,False,0.1,18099547511312.2,200000,0.4,0.4,,
121,KCT_USDT,KCT,Konnect,USDT,Tether,0.2,0.01,3,5000000,2,7,tradable,1607313600,1702461600,normal,https://www.gate.com/trade/KCT_USDT,False,0.1,220252188.76,200000,0.4,0.4,,
122,SBETON_USDT,SBETON,SharpLink Gaming Ondo Tokenized,USDT,Tether,0.2,0.001,3,5000000,3,3,tradable,1577808000,1756909800,normal,https://www.gate.com/trade/SBETON_USDT,False,0.1,31015.77,300000,0.35,0.35,,
123,QORPO_USDT,QORPO,QORPO WORLD,USDT,Tether,0.2,0.01,3,5000000,2,6,tradable,1607313600,1712059200,normal,https://www.gate.com/trade/QORPO_USDT,False,0.1,29821814.66,200000,0.4,0.4,,
124,FAST_USDT,FAST,Edge Video AI,USDT,Tether,0.2,1,3,5000000,0,7,tradable,1596702900,1718100000,normal,https://www.gate.com/trade/FAST_USDT,False,0.1,79189103.58,100000,0.4,0.4,,
125,IR_USDT,IR,Infrared,USDT,Tether,0.2,1,3,5000000,0,5,tradable,1577808000,1765972800,normal,https://www.gate.com/trade/IR_USDT,False,0.1,1524390.24,300000,0.4,0.4,,
126,VOID_USDT,VOID,Nothing,USDT,Tether,0.2,0.1,3,5000000,1,8,tradable,0,1733900400,normal,https://www.gate.com/trade/VOID_USDT,False,0.1,2951376079.1,200000,0.4,0.4,,
127,FLM_USDT,FLM,Flamingo Finance,USDT,Tether,0.2,1,3,5000000,0,6,tradable,1607572800,1607587200,normal,https://www.gate.com/trade/FLM_USDT,False,0.1,33377837.12,200000,0.4,0.4,,
128,TARA_USDT,TARA,Taraxa,USDT,Tether,0.2,1,3,5000000,0,8,tradable,1607313600,1616385600,normal,https://www.gate.com/trade/TARA_USDT,False,0.1,570125427.59,200000,0.4,0.4,,
129,SPO_USDT,SPO,Spores Network,USDT,Tether,0.2,1,3,5000000,0,8,tradable,1607313600,1630728000,normal,https://www.gate.com/trade/SPO_USDT,False,0.1,2691790040.38,200000,0.4,0.4,,
130,LTC_BTC,LTC,Litecoin,BTC,Bitcoin,0.2,0.0001,0.000001,100,4,7,tradable,0,0,normal,https://www.gate.com/trade/LTC_BTC,False,0.1,6133.65,5.555555556,0.6,0.6,,
131,CFX3S_USDT,CFX3S,CFX3xShort,USDT,Tether,0.2,0.01,3,5000000,2,5,tradable,1603252800,1753259400,normal,https://www.gate.com/trade/CFX3S_USDT,False,0.1,615384.62,300000,0.6,0.6,,
132,QUICK_USDT,QUICK,Quickswap,USDT,Tether,0.2,1,3,5000000,0,6,tradable,1607313600,1689930000,normal,https://www.gate.com/trade/QUICK_USDT,False,0.1,18527095.88,200000,0.4,0.4,,
133,CVC_ETH,CVC,Civic,ETH,Ethereum,0.2,0.01,0.001,1000,2,8,tradable,0,0,normal,https://www.gate.com/trade/CVC_ETH,False,0.1,4723107.8,66.66666667,0.6,0.6,,
134,NEKO_USDT,NEKO,Neonneko,USDT,Tether,0.2,1,3,5000000,0,8,tradable,1577808000,1753178400,normal,https://www.gate.com/trade/NEKO_USDT,False,0.1,3438789546,100000,0.4,0.4,,
135,ABT_USDT,ABT,ArcBlock,USDT,Tether,0.2,0.01,3,5000000,2,4,tradable,0,0,normal,https://www.gate.com/trade/ABT_USDT,False,0.1,706713.78,200000,0.4,0.4,,
136,RIF_USDT,RIF,RIF Token,USDT,Tether,0.2,0.01,3,5000000,2,5,tradable,1607313600,1610026200,normal,https://www.gate.com/trade/RIF_USDT,False,0.1,9259259.26,300000,0.35,0.35,,
137,AMC_USDT,AMC,AI Meta Club,USDT,Tether,0.2,1,3,5000000,0,5,tradable,1607313600,1688731200,normal,https://www.gate.com/trade/AMC_USDT,False,0.1,1988269,100000,0.4,0.4,,
138,MTR_USDT,MTR,MeterStable,USDT,Tether,0.2,0.01,3,5000000,2,4,tradable,1596861300,1596866400,normal,https://www.gate.com/trade/MTR_USDT,False,0.1,786627.34,200000,0.6,0.6,,
139,KAS3S_USDT,KAS3S,KAS3xShort,USDT,Tether,0.2,0.01,3,5000000,2,4,tradable,1577808000,1762158600,normal,https://www.gate.com/trade/KAS3S_USDT,False,0.1,101250.44,200000,0.6,0.6,,
140,THETA3L_USDT,THETA3L,THETA3xLong,USDT,Tether,0.2,0.01,3,5000000,2,6,tradable,1582704000,1749112200,normal,https://www.gate.com/trade/THETA3L_USDT,False,0.1,7916089.45,200000,0.6,0.6,,
141,AVAX_ETH,AVAX,Avalanche,ETH,Ethereum,0.2,0.01,0.001,1000,2,6,tradable,1600669200,1600755600,normal,https://www.gate.com/trade/AVAX_ETH,False,0.1,40272.24,166.6666667,0.6,0.6,,
142,LOOKS_USDT,LOOKS,LooksRare,USDT,Tether,0.2,1,3,5000000,0,7,tradable,1607313600,1641909600,normal,https://www.gate.com/trade/LOOKS_USDT,False,0.1,145401672.12,200000,0.4,0.4,,
143,3ULL_USDT,3ULL,PLAYA3ULL GAMES,USDT,Tether,0.2,0.1,3,5000000,1,8,tradable,0,1713175200,normal,https://www.gate.com/trade/3ULL_USDT,False,0.1,1010611419.91,200000,0.4,0.4,,
144,ETH3L_USDT,ETH3L,ETH3xLong,USDT,Tether,0.2,0.01,3,5000000,2,4,tradable,1582776000,1582776000,normal,https://www.gate.com/trade/ETH3L_USDT,False,0.1,776457.8,500000,0.6,0.6,,
145,XNI3S_USDT,XNI3S,XNI3xShort,USDT,Tether,0.2,0.01,3,5000000,2,5,tradable,1577808000,1769688000,normal,https://www.gate.com/trade/XNI3S_USDT,False,0.1,0,0,0.6,0.6,,
146,SIREN_USDT,SIREN,Siren,USDT,Tether,0.2,0.01,3,5000000,2,5,tradable,1577808000,1742378400,normal,https://www.gate.com/trade/SIREN_USDT,False,0.1,2887878.13,200000,0.35,0.35,,
147,HSK_USDT,HSK,HashKey Platform Token,USDT,Tether,0.2,1,3,5000000,0,5,tradable,1577808000,1732615200,normal,https://www.gate.com/trade/HSK_USDT,False,0.08,1043659.77,300000,0.3,0.3,,
148,FOREST_USDT,FOREST,Forest Protocol,USDT,Tether,0.2,1,3,5000000,0,5,tradable,1577808000,1756731600,normal,https://www.gate.com/trade/FOREST_USDT,False,0.1,7091360.36,300000,0.4,0.4,,
149,CWS_USDT,CWS,Seascape Crowns,USDT,Tether,0.2,1,3,5000000,0,6,tradable,1607313600,1612497600,normal,https://www.gate.com/trade/CWS_USDT,False,0.1,3769317.75,200000,0.4,0.4,,
150,RAVE_USDT,RAVE,RaveDAO,USDT,Tether,0.2,0.01,3,5000000,2,3,tradable,1577808000,1765548000,normal,https://www.gate.com/trade/RAVE_USDT,False,0.06,1466899.41,500000,0.35,0.35,,
151,PINE_USDT,PINE,Pine Token,USDT,Tether,0.2,0.1,3,5000000,1,6,tradable,1607313600,1675947600,normal,https://www.gate.com/trade/PINE_USDT,False,0.1,55478502.08,100000,0.4,0.4,,
152,DADDY_USDT,DADDY,DADDY TATE,USDT,Tether,0.2,1,3,5000000,0,6,tradable,1596702900,1718456400,normal,https://www.gate.com/trade/DADDY_USDT,False,0.1,12779552.72,200000,0.4,0.4,,
153,MOVE_USDT,MOVE,Movement Network,USDT,Tether,0.2,0.01,3,5000000,2,5,tradable,1577808000,1733745600,normal,https://www.gate.com/trade/MOVE_USDT,False,0.08,13704262.03,500000,0.2,0.2,,
154,MSOL_USDT,MSOL,Marinade Staked SOL,USDT,Tether,0.2,0.001,3,5000000,3,2,tradable,1607313600,1635228000,normal,https://www.gate.com/trade/MSOL_USDT,False,0.1,585.89,100000,0.4,0.4,,
155,POWR_USDT,POWR,PowerLedger,USDT,Tether,0.2,1,3,5000000,0,5,tradable,0,0,normal,https://www.gate.com/trade/POWR_USDT,False,0.1,3805416.38,300000,0.4,0.4,,
156,QQQX_USDT,QQQX,NASDAQ 100 Index,USDT,Tether,0.2,0.001,3,5000000,3,2,tradable,1577808000,1751688000,normal,https://www.gate.com/trade/QQQX_USDT,False,0.04,489.12,300000,0.15,0.15,,
157,MATR1X_USDT,MATR1X,Matr1x,USDT,Tether,0.2,1,3,5000000,0,7,tradable,1577808000,1753945200,normal,https://www.gate.com/trade/MATR1X_USDT,False,0.1,583090379.01,200000,0.4,0.4,,
158,ETC3S_USDT,ETC3S,ETC3xShort,USDT,Tether,0.2,0.01,3,5000000,2,5,tradable,1603252800,1603252800,normal,https://www.gate.com/trade/ETC3S_USDT,False,0.1,10281014.39,300000,0.6,0.6,,
159,BOBA_USDT,BOBA,Boba Network,USDT,Tether,0.2,0.01,3,5000000,2,5,tradable,1607313600,1637373600,normal,https://www.gate.com/trade/BOBA_USDT,False,0.08,7370101.95,300000,0.35,0.35,,
160,BAC_USDT,BAC,Basis Cash,USDT,Tether,0.2,0.1,3,5000000,1,6,tradable,1608616800,1608631200,normal,https://www.gate.com/trade/BAC_USDT,False,0.1,116890707,200000,0.4,0.4,,
161,HOME_USDT,HOME,DeFi App,USDT,Tether,0.2,0.01,3,5000000,2,5,tradable,1607313600,1749553200,normal,https://www.gate.com/trade/HOME_USDT,False,0.08,23546032.49,500000,0.3,0.3,,
162,TRUMP3L_USDT,TRUMP3L,TRUMP3xLong,USDT,Tether,0.2,0.01,3,5000000,2,5,tradable,1577808000,1765962000,normal,https://www.gate.com/trade/TRUMP3L_USDT,False,0.1,310481.87,300000,0.6,0.6,,
163,ORO_USDT,ORO,Operon Origins,USDT,Tether,0.2,1,3,5000000,0,7,tradable,1607313600,1638597600,normal,https://www.gate.com/trade/ORO_USDT,False,0.1,279407656,100000,0.4,0.4,,
164,AKT_USDT,AKT,Akash Network,USDT,Tether,0.2,0.01,3,5000000,2,4,tradable,1607313600,1615528800,normal,https://www.gate.com/trade/AKT_USDT,False,0.08,750562.92,300000,0.25,0.25,,
165,BIO_USDT,BIO,Bio Protocol,USDT,Tether,0.2,0.01,3,5000000,2,5,tradable,1577808000,1735898400,normal,https://www.gate.com/trade/BIO_USDT,False,0.06,11007154.65,500000,0.3,0.3,,
166,LIKE_USDT,LIKE,Only1,USDT,Tether,0.2,0.01,3,5000000,2,6,tradable,1596702900,1628042400,normal,https://www.gate.com/trade/LIKE_USDT,False,0.1,44469149.53,200000,0.4,0.4,,
167,ARTFI_USDT,ARTFI,Artfi,USDT,Tether,0.2,1,3,5000000,0,7,tradable,0,1718622000,normal,https://www.gate.com/trade/ARTFI_USDT,False,0.1,111296605.45,200000,0.4,0.4,,
168,GX_USDT,GX,Grindery,USDT,Tether,0.2,1,3,5000000,0,8,tradable,1577808000,1741788000,normal,https://www.gate.com/trade/GX_USDT,True,0.1,2655513509.92,200000,0.6,0.6,1776826800.0,
169,RION_USDT,RION,Hyperion,USDT,Tether,0.2,0.1,3,5000000,1,4,tradable,1577808000,1752674400,normal,https://www.gate.com/trade/RION_USDT,False,0.1,808244.09,200000,0.4,0.4,,
170,GALO_USDT,GALO,Clube Atlético Mineiro Fan Token,USDT,Tether,0.2,0.01,3,5000000,2,5,tradable,1608782400,1662955200,normal,https://www.gate.com/trade/GALO_USDT,False,0.1,5988920.5,200000,0.4,0.4,,
171,ETC_USDT,ETC,Ethereum Classic,USDT,Tether,0.2,0.001,3,5000000,3,3,tradable,0,0,normal,https://www.gate.com/trade/ETC_USDT,False,0.05,80612.66,1000000,0.15,0.15,,
172,FORTH_ETH,FORTH,Ampleforth,ETH,Ethereum,0.2,0.001,0.001,1000,3,7,tradable,1607313600,1619064000,normal,https://www.gate.com/trade/FORTH_ETH,False,0.1,124773.85,66.66666667,0.6,0.6,,
173,ZKL_USDT,ZKL,ZKLink,USDT,Tether,0.2,1,3,5000000,0,7,tradable,1609434000,1721649600,normal,https://www.gate.com/trade/ZKL_USDT,False,0.1,40971013.01,200000,0.4,0.4,,
174,ES_USDT,ES,Eclipse,USDT,Tether,0.2,1,3,5000000,0,5,tradable,1577808000,1752660000,normal,https://www.gate.com/trade/ES_USDT,False,0.1,3493246.39,300000,0.35,0.35,,
175,TICO_USDT,TICO,Funtico,USDT,Tether,0.2,1,3,5000000,0,8,tradable,1577808000,1737979200,normal,https://www.gate.com/trade/TICO_USDT,False,0.1,239234449.76,200000,0.4,0.4,,
176,KNC_USDT,KNC,Kyber,USDT,Tether,0.2,0.001,3,5000000,3,4,tradable,0,0,normal,https://www.gate.com/trade/KNC_USDT,False,0.1,1290045.15,300000,0.35,0.35,,
177,GAS_USDT,GAS,Gas,USDT,Tether,0.2,0.001,3,5000000,3,3,tradable,0,0,normal,https://www.gate.com/trade/GAS_USDT,False,0.08,158520.48,300000,0.35,0.35,,
178,ALT_USDT,ALT,Altlayer,USDT,Tether,0.2,1,3,5000000,0,6,tradable,1607313600,1706176800,normal,https://www.gate.com/trade/ALT_USDT,False,0.08,25369978.86,300000,0.2,0.2,,
179,PEPE5S_USDT,PEPE5S,PEPE5xShort,USDT,Tether,0.2,0.01,3,5000000,2,6,tradable,1577808000,1752746400,normal,https://www.gate.com/trade/PEPE5S_USDT,False,0.08,1341741.58,500000,0.6,0.6,,
180,FB_USDT,FB,Fractal Bitcoin,USDT,Tether,0.2,0.01,3,5000000,2,4,tradable,0,1726214400,normal,https://www.gate.com/trade/FB_USDT,False,0.1,1226843.33,500000,0.35,0.35,,
181,ALT_USDC,ALT,Altlayer,USDC,USDCoin,0.2,0.01,1,5000000,2,6,tradable,1607313600,1706176800,normal,https://www.gate.com/trade/ALT_USDC,False,0.1,16913319.24,200000,0.4,0.4,,
182,PEOPLEFB_USDT,PEOPLEFB,People,USDT,Tether,0.2,1,3,5000000,0,7,tradable,1607313600,1727337600,normal,https://www.gate.com/trade/PEOPLEFB_USDT,False,0.1,148765248,200000,0.4,0.4,,
183,NEWT_USDT,NEWT,Newton,USDT,Tether,0.2,1,3,5000000,0,5,tradable,1577808000,1750773600,normal,https://www.gate.com/trade/NEWT_USDT,False,0.1,3031834.26,300000,0.35,0.35,,
184,TYCOON_USDT,TYCOON,Dino Tycoon,USDT,Tether,0.2,1,3,5000000,0,6,tradable,1577808000,1762246800,normal,https://www.gate.com/trade/TYCOON_USDT,False,0.1,39113428.94,300000,0.4,0.4,,
185,GALA_USDC,GALA,Gala Games,USDC,USDCoin,0.2,0.01,1,5000000,2,6,tradable,1607313600,1628740800,normal,https://www.gate.com/trade/GALA_USDC,False,0.08,46178711.61,300000,0.35,0.35,,
186,PERP_USDT,PERP,Perpetual Protocol,USDT,Tether,0.2,1,3,5000000,0,5,tradable,1607313600,1612425600,normal,https://www.gate.com/trade/PERP_USDT,False,0.1,2342743.35,200000,0.4,0.4,,
187,CELB_USDT,CELB,CeluvPlay,USDT,Tether,0.2,1,3,5000000,0,7,tradable,1577808000,1756461600,normal,https://www.gate.com/trade/CELB_USDT,False,0.1,1556420233.46,200000,0.4,0.4,,
188,ZIG_USDT,ZIG,ZIGChain,USDT,Tether,0.2,0.01,3,5000000,2,5,tradable,1607313600,1641297600,normal,https://www.gate.com/trade/ZIG_USDT,False,0.08,8599931.2,500000,0.35,0.35,,
189,GALA_USDT,GALA,Gala Games,USDT,Tether,0.2,1,3,5000000,0,6,tradable,1607313600,1628740800,normal,https://www.gate.com/trade/GALA_USDT,False,0.06,76940832.5,500000,0.3,0.3,,
190,MAVIA_USDT,MAVIA,Heroes of Mavia,USDT,Tether,0.2,1,3,5000000,0,5,tradable,1607313600,1707220800,normal,https://www.gate.com/trade/MAVIA_USDT,False,0.1,5950609.94,300000,0.4,0.4,,
191,ABTON_USDT,ABTON,Abbott Ondo Tokenized,USDT,Tether,0.2,0.001,3,5000000,3,2,tradable,1577808000,1756895400,normal,https://www.gate.com/trade/ABTON_USDT,False,0.08,3933.6,500000,0.15,0.15,,
192,MONKY_USDT,MONKY,Wise Monkey,USDT,Tether,0.2,0.1,3,5000000,1,10,tradable,1577808000,1733997600,normal,https://www.gate.com/trade/MONKY_USDT,False,0.1,531208499335.99,200000,0.4,0.4,,
193,XLM_BTC,XLM,Stellar,BTC,Bitcoin,0.2,0.01,0.000001,100,2,9,tradable,0,0,normal,https://www.gate.com/trade/XLM_BTC,False,0.1,2224001.42,5.555555556,0.6,0.6,,
194,PLANET_USDT,PLANET,PLANET,USDT,Tether,0.2,0.1,3,5000000,1,10,tradable,1607313600,1688997600,normal,https://www.gate.com/trade/PLANET_USDT,False,0.1,485377988108,200000,0.4,0.4,,
195,YCT_USDT,YCT,YouClout,USDT,Tether,0.2,1,3,5000000,0,8,tradable,1607313600,1638525600,normal,https://www.gate.com/trade/YCT_USDT,False,0.1,4037956794,100000,0.6,0.6,,
196,FEG_USDT,FEG,FEG Token,USDT,Tether,0.2,0.1,3,5000000,1,8,tradable,1607313600,1737360000,normal,https://www.gate.com/trade/FEG_USDT,False,0.1,2867794665.9,200000,0.4,0.4,,
197,AKT_ETH,AKT,Akash Network,ETH,Ethereum,0.2,0.001,0.001,1000,3,7,tradable,1607313600,1615528800,normal,https://www.gate.com/trade/AKT_ETH,False,0.1,488579.46,66.66666667,0.6,0.6,,
198,ZRX_USDT,ZRX,0xProject,USDT,Tether,0.2,1,3,5000000,0,5,tradable,0,0,normal,https://www.gate.com/trade/ZRX_USDT,False,0.1,2329192.55,300000,0.35,0.35,,
199,BAND_USDT,BAND,Band,USDT,Tether,0.2,0.01,3,5000000,2,4,tradable,1597636800,1597651200,normal,https://www.gate.com/trade/BAND_USDT,False,0.1,920810.31,300000,0.3,0.3,,
200,HYPE_USDT,HYPE,Hyperliquid,USDT,Tether,0.2,0.01,3,5000000,2,3,tradable,1577808000,1734933600,normal,https://www.gate.com/trade/HYPE_USDT,False,0.06,37171.96,1000000,0.2,0.2,,
201,GT_BTC,GT,GateToken,BTC,Bitcoin,0.2,0.001,0.000001,100,3,8,tradable,0,1555833600,normal,https://www.gate.com/trade/GT_BTC,False,0.1,28024.16,3.333333333,0.6,0.6,,
202,ARIAIP_USDT,ARIAIP,Aria Protocol,USDT,Tether,0.2,1,3,5000000,0,6,tradable,1577808000,1762500600,normal,https://www.gate.com/trade/ARIAIP_USDT,False,0.1,10020040.08,300000,0.4,0.4,,
203,DENT_USDT,DENT,Dent,USDT,Tether,0.2,1,3,5000000,0,8,tradable,1607313600,1616475600,normal,https://www.gate.com/trade/DENT_USDT,False,0.1,1375200550.08,300000,0.35,0.35,,
204,JPM3S_USDT,JPM3S,JPM3xShort,USDT,Tether,0.2,0.01,3,5000000,2,5,tradable,1577808000,1769482800,normal,https://www.gate.com/trade/JPM3S_USDT,False,0.1,0,0,0.6,0.6,,
205,EGAME_USDT,EGAME,EVERY GAME,USDT,Tether,0.2,0.1,3,5000000,1,9,tradable,1607313600,1637668800,normal,https://www.gate.com/trade/EGAME_USDT,False,0.1,28897558156,100000,0.4,0.4,,
206,APT5S_USDT,APT5S,APT5xShort,USDT,Tether,0.2,0.01,3,5000000,2,6,tradable,1577808000,1747126800,normal,https://www.gate.com/trade/APT5S_USDT,False,0.1,14515894.9,300000,0.6,0.6,,
207,LMTON_USDT,LMTON,Lockheed Ondo Tokenized,USDT,Tether,0.2,0.001,3,5000000,3,2,tradable,1577808000,1765265400,normal,https://www.gate.com/trade/LMTON_USDT,False,0.06,1055.74,500000,0.15,0.15,,
208,SENT3L_USDT,SENT3L,SENT3xLong,USDT,Tether,0.2,0.01,3,5000000,2,5,tradable,1577808000,1769769000,normal,https://www.gate.com/trade/SENT3L_USDT,False,0.1,0,0,0.6,0.6,,
209,NFP_USDT,NFP,NFPrompt,USDT,Tether,0.2,0.01,3,5000000,2,5,tradable,1607313600,1703678400,normal,https://www.gate.com/trade/NFP_USDT,False,0.1,12795905.31,300000,0.4,0.4,,
210,FOGO_USDT,FOGO,Fogo,USDT,Tether,0.2,1,3,5000000,0,5,tradable,1577808000,1768485600,normal,https://www.gate.com/trade/FOGO_USDT,False,0.05,0,0,0.4,0.4,,
211,BAT_USDT,BAT,BasicAttentionToken,USDT,Tether,0.2,1,3,5000000,0,5,tradable,0,0,normal,https://www.gate.com/trade/BAT_USDT,False,0.06,2268088,500000,0.35,0.35,,
212,WLD_USDC,WLD,Worldcoin,USDC,USDCoin,0.2,0.001,1,5000000,3,4,tradable,1607313600,1690183800,normal,https://www.gate.com/trade/WLD_USDC,False,0.08,584339.7,300000,0.35,0.35,,
213,JPMON_USDT,JPMON,JPMorgan Chase Ondo Tokenized,USDT,Tether,0.2,0.001,3,5000000,3,2,tradable,1577808000,1765269000,normal,https://www.gate.com/trade/JPMON_USDT,False,0.06,1574.43,500000,0.15,0.15,,
214,EYWA_USDT,EYWA,EYWA,USDT,Tether,0.2,1,3,5000000,0,7,tradable,1577808000,1734692400,normal,https://www.gate.com/trade/EYWA_USDT,False,0.1,110957004.16,200000,0.4,0.4,,
215,RECALL_USDT,RECALL,Recall,USDT,Tether,0.2,1,3,5000000,0,5,tradable,1577808000,1760598000,normal,https://www.gate.com/trade/RECALL_USDT,False,0.08,3028161.91,300000,0.3,0.3,,
216,WLD_USDT,WLD,Worldcoin,USDT,Tether,0.2,0.001,3,5000000,3,4,tradable,1607313600,1690183800,normal,https://www.gate.com/trade/WLD_USDT,False,0.05,1947609.31,1000000,0.2,0.2,,
217,PURR_USDT,PURR,Purr,USDT,Tether,0.2,0.01,3,5000000,2,5,tradable,1577808000,1735009200,normal,https://www.gate.com/trade/PURR_USDT,False,0.1,3260249.41,200000,0.4,0.4,,
218,APT3S_USDT,APT3S,APT3xShort,USDT,Tether,0.2,0.01,3,5000000,2,5,tradable,1582704000,1630209600,normal,https://www.gate.com/trade/APT3S_USDT,False,0.1,1783484.93,300000,0.6,0.6,,
219,HBAR3S_USDT,HBAR3S,HBAR3xShort,USDT,Tether,0.2,0.01,3,5000000,2,6,tradable,1582704000,1582704000,normal,https://www.gate.com/trade/HBAR3S_USDT,False,0.1,15676438.31,300000,0.6,0.6,,
220,GRIFFAIN_USDT,GRIFFAIN,GRIFFAIN,USDT,Tether,0.2,1,3,5000000,0,6,tradable,0,1734616800,normal,https://www.gate.com/trade/GRIFFAIN_USDT,False,0.1,16416317.82,300000,0.35,0.35,,
221,MOODENG_USDT,MOODENG,Moo Deng,USDT,Tether,0.2,0.01,3,5000000,2,5,tradable,1596702900,1727440200,normal,https://www.gate.com/trade/MOODENG_USDT,False,0.06,6831067.7,500000,0.2,0.2,,
222,POND_USDT,POND,Marlin,USDT,Tether,0.2,0.1,3,5000000,1,6,tradable,1608606000,1608609600,normal,https://www.gate.com/trade/POND_USDT,False,0.1,74561948.55,300000,0.35,0.35,,
223,MUSE_USDT,MUSE,Muse,USDT,Tether,0.2,0.01,3,5000000,2,4,tradable,1607313600,1614657600,normal,https://www.gate.com/trade/MUSE_USDT,False,0.1,386697.6,200000,0.4,0.4,,
224,UNFI_USDT,UNFI,Unifi Protocol DAO,USDT,Tether,0.2,1,3,5000000,0,5,tradable,1607572800,1607583600,normal,https://www.gate.com/trade/UNFI_USDT,False,0.1,2230773.52,200000,0.4,0.4,,
225,SAND3L_USDT,SAND3L,SAND3xLong,USDT,Tether,0.2,0.01,3,5000000,2,5,tradable,1582704000,1765962000,normal,https://www.gate.com/trade/SAND3L_USDT,False,0.1,442252.84,300000,0.6,0.6,,
226,WLFI3S_USDT,WLFI3S,WLFI3xShort,USDT,Tether,0.2,0.01,3,5000000,2,5,tradable,1577808000,1756803600,normal,https://www.gate.com/trade/WLFI3S_USDT,False,0.1,2414389.76,300000,0.6,0.6,,
227,VEMP_USDT,VEMP,VEMP,USDT,Tether,0.2,0.1,3,5000000,1,7,tradable,1607313600,1632542400,normal,https://www.gate.com/trade/VEMP_USDT,False,0.1,663570006.64,200000,0.4,0.4,,
228,DRIFT_USDT,DRIFT,Drift Protocol,USDT,Tether,0.2,1,3,5000000,0,5,tradable,1596702900,1715860800,normal,https://www.gate.com/trade/DRIFT_USDT,False,0.08,1881467.54,300000,0.2,0.2,,
229,FITFI_USDT,FITFI,Step.app,USDT,Tether,0.2,1,3,5000000,0,7,tradable,1607313600,1650969000,normal,https://www.gate.com/trade/FITFI_USDT,False,0.1,426030461.18,200000,0.4,0.4,,
230,XAUT3S_USDT,XAUT3S,XAUT3xShort,USDT,Tether,0.2,0.01,3,5000000,2,5,tradable,1577808000,1767855600,normal,https://www.gate.com/trade/XAUT3S_USDT,False,0.1,102204.55,100000,0.6,0.6,,
231,XZK_USDT,XZK,Expand,USDT,Tether,0.2,1,3,5000000,0,7,tradable,1607313600,1718704800,normal,https://www.gate.com/trade/XZK_USDT,False,0.1,351185250,200000,0.4,0.4,,
232,AVT_USDT,AVT,Aventus,USDT,Tether,0.2,0.1,3,5000000,1,4,tradable,1607313600,1649404800,normal,https://www.gate.com/trade/AVT_USDT,False,0.1,234178.33,200000,0.4,0.4,,
233,RAY_USDT,RAY,Raydium,USDT,Tether,0.2,0.01,3,5000000,2,4,tradable,1596702900,1614085200,normal,https://www.gate.com/trade/RAY_USDT,False,0.06,519669.49,500000,0.3,0.3,,
234,SFI_USDT,SFI,Singularity Finance,USDT,Tether,0.2,1,3,5000000,0,6,tradable,1607313600,1739934000,normal,https://www.gate.com/trade/SFI_USDT,False,0.1,19703462.88,200000,0.4,0.4,,
235,币安人生3S_USDT,币安人生3S,币安人生3xShort,USDT,Tether,0.2,0.01,3,5000000,2,8,tradable,1577808000,1768287600,normal,https://www.gate.com/trade/币安人生3S_USDT,False,0.1,0,0,0.6,0.6,,
236,TURBO3L_USDT,TURBO3L,TURBO3xLong,USDT,Tether,0.2,0.01,3,5000000,2,5,tradable,1577808000,1765962000,normal,https://www.gate.com/trade/TURBO3L_USDT,False,0.1,191427.86,200000,0.6,0.6,,
237,CFX_USDT,CFX,Conflux,USDT,Tether,0.2,0.01,3,5000000,2,5,tradable,1604993400,1605081600,normal,https://www.gate.com/trade/CFX_USDT,False,0.06,6931928.46,500000,0.25,0.25,,
238,HINT_USDT,HINT,Hive Intelligence,USDT,Tether,0.2,1,3,5000000,0,7,tradable,1577808000,1736258400,normal,https://www.gate.com/trade/HINT_USDT,False,0.1,121065375.3,200000,0.4,0.4,,
239,CFX_USDC,CFX,Conflux,USDC,USDCoin,0.2,0.01,1,5000000,2,5,tradable,1604993400,1605081600,normal,https://www.gate.com/trade/CFX_USDC,False,0.08,4160310.64,300000,0.35,0.35,,
240,CAPS_USDT,CAPS,Ternoa,USDT,Tether,0.2,0.01,3,5000000,2,7,tradable,1607313600,1622206800,normal,https://www.gate.com/trade/CAPS_USDT,False,0.1,299110147.31,200000,0.4,0.4,,
241,TOSHI3L_USDT,TOSHI3L,TOSHI3xLong,USDT,Tether,0.2,0.01,3,5000000,2,5,tradable,1577808000,1766995200,normal,https://www.gate.com/trade/TOSHI3L_USDT,False,0.1,97347286.44,200000,0.6,0.6,,
242,PRCL_USDT,PRCL,Parcl,USDT,Tether,0.2,0.01,3,5000000,2,5,tradable,1596702900,1713272400,normal,https://www.gate.com/trade/PRCL_USDT,False,0.1,14855162.17,300000,0.35,0.35,,
243,METIS_USDT,METIS,Metis Token,USDT,Tether,0.2,0.01,3,5000000,2,3,tradable,1607313600,1620910800,normal,https://www.gate.com/trade/METIS_USDT,False,0.08,52896.06,300000,0.35,0.35,,
244,TRX3S_USDT,TRX3S,TRX3xShort,USDT,Tether,0.2,0.01,3,5000000,2,5,tradable,1582704000,1582704000,normal,https://www.gate.com/trade/TRX3S_USDT,False,0.1,7539582.81,300000,0.6,0.6,,
245,PHA_USDT,PHA,Phala,USDT,Tether,0.2,0.01,3,5000000,2,5,tradable,1600135200,1600142400,normal,https://www.gate.com/trade/PHA_USDT,False,0.1,8164376.11,300000,0.3,0.3,,
246,VIRTUAL3S_USDT,VIRTUAL3S,VIRTUAL3xShort,USDT,Tether,0.2,0.01,3,5000000,2,4,tradable,1577808000,1762158600,normal,https://www.gate.com/trade/VIRTUAL3S_USDT,False,0.1,171666.94,300000,0.6,0.6,,
247,NFE_USDT,NFE,Edu3Labs,USDT,Tether,0.2,0.01,3,5000000,2,7,tradable,1607313600,1709794800,normal,https://www.gate.com/trade/NFE_USDT,False,0.1,210803689,200000,0.4,0.4,,
248,CATCOIN_USDT,CATCOIN,Catcoin,USDT,Tether,0.2,1,3,5000000,0,14,tradable,1596702900,1713776400,normal,https://www.gate.com/trade/CATCOIN_USDT,False,0.1,2807017543859650,200000,0.4,0.4,,
249,HOT_USDT,HOT,Holo,USDT,Tether,0.2,0.1,3,5000000,1,7,tradable,1607313600,1613894400,normal,https://www.gate.com/trade/HOT_USDT,False,0.1,620668252.82,300000,0.35,0.35,,
250,NAS1003L_USDT,NAS1003L,NAS1003xLong,USDT,Tether,0.2,0.01,3,5000000,2,5,tradable,1577808000,1769742000,normal,https://www.gate.com/trade/NAS1003L_USDT,False,0.1,0,0,0.6,0.6,,
251,ALICE_USDT,ALICE,ALICE,USDT,Tether,0.2,1,3,5000000,0,5,tradable,1607313600,1615806000,normal,https://www.gate.com/trade/ALICE_USDT,False,0.1,1508295.63,300000,0.35,0.35,,
252,CFG_USDT,CFG,Centrifuge,USDT,Tether,0.2,0.01,3,5000000,2,5,tradable,1607313600,1633518000,normal,https://www.gate.com/trade/CFG_USDT,False,0.1,1526659.29,200000,0.35,0.35,,
253,AVC_USDT,AVC,AlterVerse,USDT,Tether,0.2,0.1,3,5000000,1,7,tradable,1577808000,1734267600,normal,https://www.gate.com/trade/AVC_USDT,False,0.1,979431929.48,200000,0.4,0.4,,
254,BNB3L_USDT,BNB3L,BNB3xLong,USDT,Tether,0.2,0.01,3,5000000,2,5,tradable,1582704000,1582704000,normal,https://www.gate.com/trade/BNB3L_USDT,False,0.1,1213346.81,300000,0.6,0.6,,
255,ZAMA_USDT,ZAMA,Zama,USDT,Tether,0.2,1,3,5000000,0,5,tradable,1577808000,1770037200,normal,https://www.gate.com/trade/ZAMA_USDT,False,0.05,0,0,0.4,0.4,,
256,FIL_ETH,FIL,Filecoin(IPFS),ETH,Ethereum,0.2,0.01,0.001,1000,2,7,tradable,1600576200,1602748800,normal,https://www.gate.com/trade/FIL_ETH,False,0.1,229331.5,100,0.6,0.6,,
257,GM_USDT,GM,Gomble,USDT,Tether,0.2,0.1,3,5000000,1,6,tradable,0,1745920800,normal,https://www.gate.com/trade/GM_USDT,False,0.1,22450469,200000,0.4,0.4,,
258,SPA_USDT,SPA,Sperax,USDT,Tether,0.2,0.1,3,5000000,1,6,tradable,1598261700,1598261700,normal,https://www.gate.com/trade/SPA_USDT,False,0.1,45085662.76,200000,0.4,0.4,,
259,RSC_USDT,RSC,ResearchCoin,USDT,Tether,0.2,1,3,5000000,0,5,tradable,1577808000,1732892400,normal,https://www.gate.com/trade/RSC_USDT,False,0.1,1305909.24,200000,0.4,0.4,,
260,TLM_USDT,TLM,Alien Worlds,USDT,Tether,0.2,0.1,3,5000000,1,6,tradable,1607313600,1618308000,normal,https://www.gate.com/trade/TLM_USDT,False,0.1,142823137.35,300000,0.35,0.35,,
261,IRON_USDT,IRON,Iron Fish,USDT,Tether,0.2,1,3,5000000,0,5,tradable,0,1682416800,normal,https://www.gate.com/trade/IRON_USDT,False,0.1,1571709.23,200000,0.4,0.4,,
262,BSV5L_USDT,BSV5L,BSV5xLong,USDT,Tether,0.2,0.01,3,5000000,2,5,tradable,1582704000,1762158600,normal,https://www.gate.com/trade/BSV5L_USDT,False,0.1,439348.01,200000,0.6,0.6,,
263,SPY3L_USDT,SPY3L,SPY3xLong,USDT,Tether,0.2,0.01,3,5000000,2,5,tradable,1577808000,1769427000,normal,https://www.gate.com/trade/SPY3L_USDT,False,0.1,0,0,0.6,0.6,,
264,SEI3L_USDT,SEI3L,SEI3xLong,USDT,Tether,0.2,0.01,3,5000000,2,6,tradable,1582704000,1761123600,normal,https://www.gate.com/trade/SEI3L_USDT,False,0.1,2959455.46,300000,0.6,0.6,,
265,NOOT_USDT,NOOT,NOOT,USDT,Tether,0.2,0.1,3,5000000,1,8,tradable,1607313600,1683774000,normal,https://www.gate.com/trade/NOOT_USDT,False,0.1,1477759716.27,100000,0.6,0.6,,
266,KTON_USDT,KTON,KTON,USDT,Tether,0.2,0.001,3,5000000,3,3,tradable,1598934600,1598949000,normal,https://www.gate.com/trade/KTON_USDT,False,0.1,135915.73,200000,0.4,0.4,,
267,WCT_USDT,WCT,WalletConnect,USDT,Tether,0.2,1,3,5000000,0,5,tradable,1577808000,1744714800,normal,https://www.gate.com/trade/WCT_USDT,False,0.08,7009182.03,500000,0.3,0.3,,
268,FRAG_USDT,FRAG,Fragmetric,USDT,Tether,0.2,1,3,5000000,0,6,tradable,1577808000,1751358600,normal,https://www.gate.com/trade/FRAG_USDT,False,0.1,92915214.87,200000,0.4,0.4,,
269,ROA_USDT,ROA,ROA CORE,USDT,Tether,0.2,0.01,3,5000000,2,6,tradable,1596702900,1703242800,normal,https://www.gate.com/trade/ROA_USDT,False,0.1,32023056.6,200000,0.4,0.4,,
270,OSHI_USDT,OSHI,Phantom of the Kill,USDT,Tether,0.2,1,3,5000000,0,6,tradable,1596702900,1696917600,normal,https://www.gate.com/trade/OSHI_USDT,False,0.1,6444233.22,200000,0.4,0.4,,
271,FLUID_USDT,FLUID,Fluid,USDT,Tether,0.2,0.01,3,5000000,2,3,tradable,1577808000,1743084000,normal,https://www.gate.com/trade/FLUID_USDT,False,0.08,106345.27,300000,0.35,0.35,,
272,ARPA_USDT,ARPA,ARPA,USDT,Tether,0.2,1,3,5000000,0,6,tradable,1563179700,1563179700,normal,https://www.gate.com/trade/ARPA_USDT,False,0.1,24439918.53,300000,0.35,0.35,,
273,GAMEVIRTUAL_USDT,GAMEVIRTUAL,GAME by Virtuals,USDT,Tether,0.2,1,3,5000000,0,6,tradable,0,1735214400,normal,https://www.gate.com/trade/GAMEVIRTUAL_USDT,False,0.1,15515903.8,200000,0.4,0.4,,
274,PIPE_USDT,PIPE,Pipe Network,USDT,Tether,0.2,0.1,3,5000000,1,5,tradable,1577808000,1759935600,normal,https://www.gate.com/trade/PIPE_USDT,False,0.1,3208985.16,200000,0.35,0.35,,
275,USUAL_USDT,USUAL,Usual,USDT,Tether,0.2,0.01,3,5000000,2,5,tradable,1577808000,1734519600,normal,https://www.gate.com/trade/USUAL_USDT,False,0.08,20916126.33,500000,0.3,0.3,,
276,USAT_USDT,USAT,USAT,USDT,Tether,0.2,0.1,3,5000000,1,4,tradable,1577808000,1774515600,normal,https://www.gate.com/trade/USAT_USDT,False,0.1,0,0,0.6,0.6,,
277,TRADOOR_USDT,TRADOOR,Tradoor,USDT,Tether,0.2,0.1,3,5000000,1,4,tradable,1577808000,1764752400,normal,https://www.gate.com/trade/TRADOOR_USDT,False,0.1,185890.88,200000,0.4,0.4,,
278,LKI_USDT,LKI,Laika AI,USDT,Tether,0.2,1,3,5000000,0,7,tradable,1607313600,1717664400,normal,https://www.gate.com/trade/LKI_USDT,False,0.1,317687236.92,200000,0.4,0.4,,
279,UNI_USDT,UNI,Uniswap,USDT,Tether,0.2,0.01,3,5000000,2,3,tradable,1597379400,1600318800,normal,https://www.gate.com/trade/UNI_USDT,False,0.05,196560.2,1000000,0.2,0.2,,
280,USDT_USD,USDT,Tether,USD,,0.1,1,0.0001,,3,4,untradable,0,0,normal,https://www.gate.com/trade/USDT_USD,False,0.1,300000,300000,0.6,0.6,,5000000
281,UNI_USDC,UNI,Uniswap,USDC,USDCoin,0.2,0.001,1,5000000,3,4,tradable,1597379400,1600318800,normal,https://www.gate.com/trade/UNI_USDC,False,0.06,98307.15,500000,0.35,0.35,,
282,CSPR_USDT,CSPR,Casper,USDT,Tether,0.2,0.1,3,5000000,1,6,tradable,1609866000,1620730800,normal,https://www.gate.com/trade/CSPR_USDT,False,0.1,62272963.16,300000,0.35,0.35,,
283,VXT_USDT,VXT,VOXTO,USDT,Tether,0.2,0.1,3,5000000,1,5,tradable,1607313600,1671004800,normal,https://www.gate.com/trade/VXT_USDT,False,0.1,6543432.03,200000,0.4,0.4,,
284,BNB_USD1,BNB,Binance Coin,USD1,World Liberty Financial USD,0.2,0.001,0.1,,3,1,tradable,0,1529118000,normal,https://www.gate.com/trade/BNB_USD1,False,0.06,1156.94,1000000,0.2,0.2,,
285,GRT_USDT,GRT,The Graph,USDT,Tether,0.2,0.01,3,5000000,2,5,tradable,1608177600,1608264000,normal,https://www.gate.com/trade/GRT_USDT,False,0.08,7852375.34,300000,0.2,0.2,,
286,AGGON_USDT,AGGON,iShares Core US Aggregate Bond ETF Ondo Tokenized,USDT,Tether,0.2,0.001,3,5000000,3,2,tradable,1577808000,1765261800,normal,https://www.gate.com/trade/AGGON_USDT,False,0.06,4925.14,500000,0.25,0.25,,
287,JANET_USDT,JANET,Janet,USDT,Tether,0.2,0.1,3,5000000,1,8,tradable,1577808000,1729742400,normal,https://www.gate.com/trade/JANET_USDT,False,0.1,4520284777.94,200000,0.4,0.4,,
288,AINN_USDT,AINN,AINN,USDT,Tether,0.2,1,3,5000000,0,6,tradable,1607313600,1707134400,normal,https://www.gate.com/trade/AINN_USDT,False,0.1,15183723,100000,0.4,0.4,,
289,SSV_USDT,SSV,SSV Network,USDT,Tether,0.2,0.01,3,5000000,2,3,tradable,1607313600,1634616000,normal,https://www.gate.com/trade/SSV_USDT,False,0.08,91561.12,300000,0.2,0.2,,
290,ZKWASM_USDT,ZKWASM,ZKWASM,USDT,Tether,0.2,1,3,5000000,0,6,tradable,1577808000,1753185600,normal,https://www.gate.com/trade/ZKWASM_USDT,False,0.1,30238887.21,200000,0.35,0.35,,
291,TRB3L_USDT,TRB3L,TRB3xLong,USDT,Tether,0.2,0.01,3,5000000,2,7,tradable,1577808000,1748415600,normal,https://www.gate.com/trade/TRB3L_USDT,False,0.1,72568940.49,200000,0.6,0.6,,
292,X_USDT,X,X Empire,USDT,Tether,0.2,1,3,5000000,0,8,tradable,1607313600,1729771200,normal,https://www.gate.com/trade/X_USDT,False,0.1,10452051215.05,200000,0.4,0.4,,
293,TNSR_USDC,TNSR,Tensor,USDC,USDCoin,0.2,0.01,1,5000000,2,5,tradable,1596702900,1712589300,normal,https://www.gate.com/trade/TNSR_USDC,False,0.1,2122241.09,200000,0.4,0.4,,
294,SKYAI_USDT,SKYAI,SkyAI,USDT,Tether,0.2,0.01,3,5000000,2,5,tradable,1577808000,1745330400,normal,https://www.gate.com/trade/SKYAI_USDT,False,0.1,9899356.54,300000,0.4,0.4,,
295,FUNTOKEN_USDT,FUNTOKEN,FUN Token,USDT,Tether,0.2,1,3,5000000,0,7,tradable,0,1768284000,normal,https://www.gate.com/trade/FUNTOKEN_USDT,False,0.1,0,0,0.4,0.4,,
296,ETH5L_USDT,ETH5L,ETH5xLong,USDT,Tether,0.2,0.01,3,5000000,2,5,tradable,1582704000,1766995200,normal,https://www.gate.com/trade/ETH5L_USDT,False,0.05,407664084.79,500000,0.6,0.6,,
297,TNSR_USDT,TNSR,Tensor,USDT,Tether,0.2,1,3,5000000,0,5,tradable,1596702900,1712589300,normal,https://www.gate.com/trade/TNSR_USDT,False,0.06,5298013.25,500000,0.3,0.3,,
298,SOL_USD1,SOL,Solana,USD1,World Liberty Financial USD,0.2,0.001,0.01,,3,2,tradable,1593059700,1593059700,normal,https://www.gate.com/trade/SOL_USD1,False,0.06,7906.7,1000000,0.2,0.2,,
299,BBT_USDT,BBT,BabyBoomToken,USDT,Tether,0.2,0.01,3,5000000,2,5,tradable,1577808000,1729155600,normal,https://www.gate.com/trade/BBT_USDT,False,0.1,823045.27,200000,0.4,0.4,,
300,BLUM_USDT,BLUM,Blum,USDT,Tether,0.2,1,3,5000000,0,6,tradable,1577808000,1751022000,normal,https://www.gate.com/trade/BLUM_USDT,False,0.1,14260249.55,200000,0.4,0.4,,
301,OP3L_USDT,OP3L,OP3xLong,USDT,Tether,0.2,0.01,3,5000000,2,7,tradable,1582704000,1750842000,normal,https://www.gate.com/trade/OP3L_USDT,False,0.1,9009009.01,300000,0.6,0.6,,
302,IDOODLES_USDT,IDOODLES,Doodles Fraction Token,USDT,Tether,0.2,1,3,5000000,0,5,tradable,1607313600,1675760400,normal,https://www.gate.com/trade/IDOODLES_USDT,False,0.1,1189768,200000,0.4,0.4,,
303,BNB_USDT,BNB,Binance Coin,USDT,Tether,0.2,0.001,3,5000000,3,1,tradable,0,1529118000,normal,https://www.gate.com/trade/BNB_USDT,False,0.03,2316.83,2000000,0.08,0.08,,
304,BTC5L_USDT,BTC5L,BTC5xLong,USDT,Tether,0.2,0.01,3,5000000,2,6,tradable,1582704000,1582704000,normal,https://www.gate.com/trade/BTC5L_USDT,False,0.05,9647853.35,500000,0.6,0.6,,
305,SMTX_USDT,SMTX,Swarm Markets,USDT,Tether,0.2,0.01,3,5000000,2,5,tradable,1607313600,1706781600,normal,https://www.gate.com/trade/SMTX_USDT,False,0.1,3414134.52,200000,0.4,0.4,,
306,BNB_USDC,BNB,Binance Coin,USDC,USDCoin,0.2,0.0001,1,5000000,4,1,tradable,0,1529118000,normal,https://www.gate.com/trade/BNB_USDC,False,0.04,1158.88,1000000,0.35,0.35,,
307,DASH_USDT,DASH,Dash,USDT,Tether,0.2,0.001,3,5000000,3,2,tradable,0,0,normal,https://www.gate.com/trade/DASH_USDT,False,0.05,25163.56,1000000,0.3,0.3,,
308,WOJAK_USDT,WOJAK,Wojak,USDT,Tether,0.2,1,3,5000000,0,11,tradable,1607313600,1681970400,normal,https://www.gate.com/trade/WOJAK_USDT,False,0.1,1580403002.77,200000,0.4,0.4,,
309,AIL_USDT,AIL,AILayer,USDT,Tether,0.2,0.01,3,5000000,2,7,tradable,1577808000,1743069600,normal,https://www.gate.com/trade/AIL_USDT,False,0.1,906207522,200000,0.4,0.4,,
310,ANIME3L_USDT,ANIME3L,ANIME3xLong,USDT,Tether,0.2,0.01,3,5000000,2,5,tradable,1577808000,1762158600,normal,https://www.gate.com/trade/ANIME3L_USDT,False,0.1,735875.78,200000,0.6,0.6,,
311,TED_USDT,TED,Tezos Domains,USDT,Tether,0.2,0.01,3,5000000,2,6,tradable,1607313600,1696939200,normal,https://www.gate.com/trade/TED_USDT,False,0.1,82832885,200000,0.6,0.6,,
312,SOL_USDC,SOL,Solana,USDC,USDCoin,0.2,0.001,1,5000000,3,2,tradable,1593059700,1593059700,normal,https://www.gate.com/trade/SOL_USDC,False,0.04,7904.83,1000000,0.3,0.3,,
313,ZOON_USDT,ZOON,Cryptozoon,USDT,Tether,0.2,1,3,5000000,0,7,tradable,1608782400,1629374400,normal,https://www.gate.com/trade/ZOON_USDT,False,0.1,578954986.25,200000,0.4,0.4,,
314,SOL_USDT,SOL,Solana,USDT,Tether,0.2,0.001,3,5000000,3,2,tradable,1593059700,1593059700,normal,https://www.gate.com/trade/SOL_USDT,False,0.03,23712.6,3000000,0.08,0.08,,
315,AZTEC_USDT,AZTEC,Aztec,USDT,Tether,0.2,1,3,5000000,0,5,tradable,1577808000,1770879600,normal,https://www.gate.com/trade/AZTEC_USDT,False,0.05,0,0,0.4,0.4,,
316,YZY_USDT,YZY,YZY MONEY,USDT,Tether,0.2,0.1,3,5000000,1,4,tradable,1577808000,1755750600,normal,https://www.gate.com/trade/YZY_USDT,False,0.1,848416.29,300000,0.35,0.35,,
317,XLAB_USDT,XLAB,Dexlab,USDT,Tether,0.2,1,3,5000000,0,10,tradable,1577808000,1756451700,normal,https://www.gate.com/trade/XLAB_USDT,False,0.1,340280731603.57,200000,0.4,0.4,,
318,FIL3S_USDT,FIL3S,FIL3xShort,USDT,Tether,0.2,0.01,3,5000000,2,5,tradable,1582704000,1762765200,normal,https://www.gate.com/trade/FIL3S_USDT,False,0.1,423887.47,300000,0.6,0.6,,
319,ELON_USDT,ELON,Echelon,USDT,Tether,0.2,1,3,5000000,0,5,tradable,1577808000,1770044400,normal,https://www.gate.com/trade/ELON_USDT,False,0.1,3877847794474.07,200000,0.4,0.4,,
320,UNCX_USDT,UNCX,UniCrypt,USDT,Tether,0.2,0.001,3,5000000,3,2,tradable,1607313600,1611655200,normal,https://www.gate.com/trade/UNCX_USDT,False,0.1,1952,200000,0.4,0.4,,
321,MASA_USDT,MASA,Masa Network,USDT,Tether,0.2,1,3,5000000,0,8,tradable,1607313600,1712822400,normal,https://www.gate.com/trade/MASA_USDT,False,0.1,56729541.91,200000,0.4,0.4,,
322,XPL3S_USDT,XPL3S,XPL3xShort,USDT,Tether,0.2,0.01,3,5000000,2,4,tradable,1577808000,1767769200,normal,https://www.gate.com/trade/XPL3S_USDT,False,0.1,83307.33,100000,0.6,0.6,,
323,OPN1_USDT,OPN1,OPEN Ticketing Ecosystem,USDT,Tether,0.2,0.1,3,5000000,1,8,tradable,1607313600,1714399200,normal,https://www.gate.com/trade/OPN1_USDT,False,0.1,1944579484.69,200000,0.4,0.4,,
324,HONX_USDT,HONX,Honeywell xStock,USDT,Tether,0.2,0.001,3,5000000,3,2,tradable,1577808000,1753711200,normal,https://www.gate.com/trade/HONX_USDT,False,0.1,1500.71,300000,0.25,0.25,,
325,ZIX_USDT,ZIX,COINZIX,USDT,Tether,0.2,1,3,5000000,0,8,tradable,1607313600,1683284400,normal,https://www.gate.com/trade/ZIX_USDT,False,0.1,8261049153,100000,0.4,0.4,,
326,H_USDT,H,Humanity,USDT,Tether,0.2,0.01,3,5000000,2,5,tradable,1577808000,1750842000,normal,https://www.gate.com/trade/H_USDT,False,0.06,7272727.27,500000,0.3,0.3,,
327,CAT_USDT,CAT,Simons Cat,USDT,Tether,0.2,0.1,3,5000000,1,9,tradable,1607313600,1724335200,normal,https://www.gate.com/trade/CAT_USDT,False,0.1,103896103896.1,300000,0.4,0.4,,
328,LINK5L_USDT,LINK5L,LINK5xLong,USDT,Tether,0.2,0.01,3,5000000,2,6,tradable,1582704000,1761123600,normal,https://www.gate.com/trade/LINK5L_USDT,False,0.08,11427265.46,500000,0.6,0.6,,
329,XETA_USDT,XETA,XANA,USDT,Tether,0.2,1,3,5000000,0,8,tradable,1607313600,1658307900,normal,https://www.gate.com/trade/XETA_USDT,False,0.1,1984126984.13,200000,0.6,0.6,,
330,QKC_USDT,QKC,QuarkChain,USDT,Tether,0.2,0.1,3,5000000,1,6,tradable,0,1528171200,normal,https://www.gate.com/trade/QKC_USDT,False,0.1,75882129.76,300000,0.35,0.35,,
331,ELON_USD1,ELON,Echelon,USD1,World Liberty Financial USD,0.2,0.1,0.00001,,1,5,tradable,1577808000,1770044400,normal,https://www.gate.com/trade/ELON_USD1,False,0.1,0,0,0.4,0.4,,
332,IOTX_USDT,IOTX,IoTeX,USDT,Tether,0.2,1,3,5000000,0,6,tradable,0,1527217200,normal,https://www.gate.com/trade/IOTX_USDT,False,0.1,40249547.19,300000,0.4,0.4,,
333,GMM_USDT,GMM,Gamium,USDT,Tether,0.2,0.1,3,5000000,1,8,tradable,1607313600,1648641600,normal,https://www.gate.com/trade/GMM_USDT,False,0.1,5932957579.35,200000,0.4,0.4,,
334,TAPPROTOCOL_USDT,TAPPROTOCOL,Tap Protocol,USDT,Tether,0.2,1,3,5000000,0,5,tradable,1577808000,1729684800,normal,https://www.gate.com/trade/TAPPROTOCOL_USDT,False,0.1,1204456,200000,0.4,0.4,,
335,IP3S_USDT,IP3S,IP3xShort,USDT,Tether,0.2,0.01,3,5000000,2,6,tradable,1577808000,1757667600,normal,https://www.gate.com/trade/IP3S_USDT,False,0.1,547862.65,200000,0.6,0.6,,
336,WNXM_USDT,WNXM,WNXM,USDT,Tether,0.2,0.001,3,5000000,3,2,tradable,1597998600,1598005800,normal,https://www.gate.com/trade/WNXM_USDT,False,0.1,1420.76,100000,0.4,0.4,,
337,ETH_USDT,ETH,Ethereum,USDT,Tether,0.2,0.001,3,5000000,4,2,tradable,0,0,normal,https://www.gate.com/trade/ETH_USDT,False,0.03,1707.86,5000000,0.08,0.08,,1000
338,ETH_USDC,ETH,Ethereum,USDC,USDCoin,0.2,0.001,1,5000000,4,1,tradable,0,0,normal,https://www.gate.com/trade/ETH_USDC,False,0.03,341.73,1000000,0.15,0.15,,1000
339,CHR_USDT,CHR,Chromia,USDT,Tether,0.2,0.01,3,5000000,2,5,tradable,1607313600,1615356000,normal,https://www.gate.com/trade/CHR_USDT,False,0.1,6826715.21,300000,0.35,0.35,,
340,BIGPUMP_USDT,BIGPUMP,BIGPUMP,USDT,Tether,0.2,0.1,3,5000000,1,10,tradable,1577808000,1742709600,normal,https://www.gate.com/trade/BIGPUMP_USDT,False,0.1,623247117482,200000,0.4,0.4,,
341,CSPR_ETH,CSPR,Casper,ETH,Ethereum,0.2,0.1,0.001,1000,1,9,tradable,1609866000,1620730800,normal,https://www.gate.com/trade/CSPR_ETH,False,0.1,40502227.62,66.66666667,0.6,0.6,,
342,ETH_USD1,ETH,Ethereum,USD1,World Liberty Financial USD,0.2,0.001,0.01,,4,2,tradable,0,0,normal,https://www.gate.com/trade/ETH_USD1,False,0.04,341.68,1000000,0.15,0.15,,1000
343,AAPL3L_USDT,AAPL3L,AAPL3xLong,USDT,Tether,0.2,0.01,3,5000000,2,5,tradable,1577808000,1769427000,normal,https://www.gate.com/trade/AAPL3L_USDT,False,0.1,0,0,0.6,0.6,,
344,BEAMX_USDT,BEAMX,Beam,USDT,Tether,0.2,0.1,3,5000000,1,6,tradable,1607313600,1699430400,normal,https://www.gate.com/trade/BEAMX_USDT,False,0.1,100959111.56,300000,0.35,0.35,,
345,PYTH_USDT,PYTH,Pyth Network,USDT,Tether,0.2,0.01,3,5000000,2,5,tradable,1596702900,1700488800,normal,https://www.gate.com/trade/PYTH_USDT,False,0.06,8515711.49,500000,0.2,0.2,,
346,KATC_USDT,KATC,Karat Token,USDT,Tether,0.2,1,3,5000000,0,7,tradable,1596702900,1772586000,normal,https://www.gate.com/trade/KATC_USDT,False,0.1,0,0,0.4,0.4,,
347,TCOM_USDT,TCOM,TCOM,USDT,Tether,0.2,1,3,5000000,0,5,tradable,1577808000,1755262800,normal,https://www.gate.com/trade/TCOM_USDT,False,0.1,3880481.18,300000,0.4,0.4,,
348,WELL_USDT,WELL,Moonwell,USDT,Tether,0.2,1,3,5000000,0,6,tradable,1607313600,1655974800,normal,https://www.gate.com/trade/WELL_USDT,False,0.1,23230152.74,200000,0.4,0.4,,
349,HGET_USDT,HGET,Hedget,USDT,Tether,0.2,0.01,3,5000000,2,5,tradable,1607313600,1617069600,normal,https://www.gate.com/trade/HGET_USDT,False,0.1,4990020,200000,0.4,0.4,,
350,DEEPSEEK_USDT,DEEPSEEK,Global DePIN Chain,USDT,Tether,0.2,1,3,5000000,0,8,tradable,1577808000,1738317600,normal,https://www.gate.com/trade/DEEPSEEK_USDT,False,0.1,1619433198.38,200000,0.4,0.4,,
351,ADA5L_USDT,ADA5L,ADA5xLong,USDT,Tether,0.2,0.01,3,5000000,2,6,tradable,1577808000,1762158600,normal,https://www.gate.com/trade/ADA5L_USDT,False,0.08,3002852.71,300000,0.6,0.6,,
352,WNDR_USDT,WNDR,Wonderman Nation,USDT,Tether,0.2,0.1,3,5000000,1,6,tradable,1607313600,1652097600,normal,https://www.gate.com/trade/WNDR_USDT,False,0.1,9619778.26,200000,0.4,0.4,,
353,EIGEN3L_USDT,EIGEN3L,EIGEN3xLong,USDT,Tether,0.2,0.01,3,5000000,2,6,tradable,1577808000,1764752400,normal,https://www.gate.com/trade/EIGEN3L_USDT,False,0.1,857853.65,300000,0.6,0.6,,
354,MITO_USDT,MITO,Mitosis,USDT,Tether,0.2,0.1,3,5000000,1,5,tradable,1577808000,1756465200,normal,https://www.gate.com/trade/MITO_USDT,False,0.1,4100321.19,300000,0.4,0.4,,
355,ERA_USDT,ERA,CALDERA,USDT,Tether,0.2,0.1,3,5000000,1,4,tradable,1577808000,1752766200,normal,https://www.gate.com/trade/ERA_USDT,False,0.08,1510193.81,300000,0.3,0.3,,
356,WLD5S_USDT,WLD5S,WLD5xShort,USDT,Tether,0.2,0.01,3,5000000,2,6,tradable,1577808000,1757667600,normal,https://www.gate.com/trade/WLD5S_USDT,False,0.08,6109979.63,300000,0.6,0.6,,
357,PGON_USDT,PGON,Procter & Gamble Ondo Tokenized,USDT,Tether,0.2,0.001,3,5000000,3,2,tradable,1577808000,1765265400,normal,https://www.gate.com/trade/PGON_USDT,False,0.06,3382.26,500000,0.15,0.15,,
358,REEF_USDT,REEF,Reef,USDT,Tether,0.2,1,3,5000000,0,8,tradable,1607313600,1611900000,normal,https://www.gate.com/trade/REEF_USDT,False,0.1,1289906481.78,200000,0.4,0.4,,
359,COS_USDT,COS,Contentos,USDT,Tether,0.2,1,3,5000000,0,7,tradable,1568104500,1568104500,normal,https://www.gate.com/trade/COS_USDT,False,0.1,157977883.1,200000,0.35,0.35,,
360,SYRUP3S_USDT,SYRUP3S,SYRUP3xShort,USDT,Tether,0.2,0.01,3,5000000,2,5,tradable,1577808000,1750143600,normal,https://www.gate.com/trade/SYRUP3S_USDT,False,0.1,2979737.78,200000,0.6,0.6,,
361,GOG_USDT,GOG,Guild of Guardians,USDT,Tether,0.2,0.01,3,5000000,2,6,tradable,1607313600,1713265200,normal,https://www.gate.com/trade/GOG_USDT,False,0.1,51446945.34,200000,0.4,0.4,,
362,ADA3L_USDT,ADA3L,ADA3xLong,USDT,Tether,0.2,0.01,3,5000000,2,5,tradable,1603252800,1766995200,normal,https://www.gate.com/trade/ADA3L_USDT,False,0.1,199203187.25,300000,0.6,0.6,,
363,ABBVX_USDT,ABBVX,AbbVie xStock,USDT,Tether,0.2,0.001,3,5000000,3,2,tradable,1577808000,1753797600,normal,https://www.gate.com/trade/ABBVX_USDT,False,0.1,1337.38,300000,0.3,0.3,,
364,AMZN3L_USDT,AMZN3L,AMZN3xLong,USDT,Tether,0.2,0.01,3,5000000,2,5,tradable,1577808000,1769427000,normal,https://www.gate.com/trade/AMZN3L_USDT,False,0.1,0,0,0.6,0.6,,
365,LN_USDT,LN,Lnfi Network,USDT,Tether,0.2,1,3,5000000,0,6,tradable,1577808000,1753437600,normal,https://www.gate.com/trade/LN_USDT,False,0.1,19135093.76,200000,0.4,0.4,,
366,GTAI_USDT,GTAI,GT-Protocol,USDT,Tether,0.2,0.01,3,5000000,2,5,tradable,1607313600,1706176800,normal,https://www.gate.com/trade/GTAI_USDT,False,0.1,4512126.34,200000,0.4,0.4,,
367,UDAO_USDT,UDAO,UDAO,USDT,Tether,0.2,0.01,3,5000000,2,5,tradable,1596702900,1718629200,normal,https://www.gate.com/trade/UDAO_USDT,False,0.1,2299908,200000,0.4,0.4,,
368,RVV_USDT,RVV,Astra Nova,USDT,Tether,0.2,1,3,5000000,0,7,tradable,1577808000,1760796000,normal,https://www.gate.com/trade/RVV_USDT,False,0.1,165234633.18,500000,0.4,0.4,,
369,BDX_BTC,BDX,Beldex,BTC,Bitcoin,0.2,1,0.000001,100,0,11,tradable,0,1660788000,normal,https://www.gate.com/trade/BDX_BTC,False,0.1,2099030.14,2.22222222,0.6,0.6,,
370,STEEM_USDT,STEEM,Steem,USDT,Tether,0.2,1,3,5000000,0,5,tradable,1588152900,1588152900,normal,https://www.gate.com/trade/STEEM_USDT,False,0.1,4626060.14,300000,0.4,0.4,,
371,BSW_USDT,BSW,Biswap,USDT,Tether,0.2,1,3,5000000,0,6,tradable,1607313600,1647687600,normal,https://www.gate.com/trade/BSW_USDT,False,0.1,59329575.79,200000,0.4,0.4,,
372,TQQQX_USDT,TQQQX,TQQQ xStock,USDT,Tether,0.2,0.001,3,5000000,3,2,tradable,1577808000,1754125200,normal,https://www.gate.com/trade/TQQQX_USDT,False,0.1,2833,300000,0.15,0.15,,
373,SWAP_USDT,SWAP,TrustSwap,USDT,Tether,0.2,0.01,3,5000000,2,5,tradable,1597636800,1597653000,normal,https://www.gate.com/trade/SWAP_USDT,False,0.1,5978179.64,200000,0.4,0.4,,
374,PIPPIN_USDT,PIPPIN,Pippin,USDT,Tether,0.2,1,3,5000000,0,5,tradable,0,1737709200,normal,https://www.gate.com/trade/PIPPIN_USDT,False,0.04,2421395.45,1000000,0.35,0.35,,
375,SNX_USDT,SNX,Synthetix,USDT,Tether,0.2,0.01,3,5000000,2,4,tradable,1596697200,1596697200,normal,https://www.gate.com/trade/SNX_USDT,False,0.06,1194885.89,500000,0.3,0.3,,
376,DUCK_USDT,DUCK,DuckChain,USDT,Tether,0.2,1,3,5000000,0,8,tradable,1607936400,1737021600,normal,https://www.gate.com/trade/DUCK_USDT,False,0.1,162225737.11,200000,0.4,0.4,,
377,BID_USDT,BID,Creator Bid,USDT,Tether,0.2,1,3,5000000,0,6,tradable,1577808000,1742997600,normal,https://www.gate.com/trade/BID_USDT,False,0.1,10764262.65,300000,0.4,0.4,,
378,WAXP_USDT,WAXP,WAX,USDT,Tether,0.2,1,3,5000000,0,6,tradable,1607313600,1629712800,normal,https://www.gate.com/trade/WAXP_USDT,False,0.1,25591810.62,200000,0.4,0.4,,
379,RJV_USDT,RJV,Rejuve Token,USDT,Tether,0.2,0.01,3,5000000,2,6,tradable,1607313600,1678968000,normal,https://www.gate.com/trade/RJV_USDT,False,0.1,68965517.24,200000,0.4,0.4,,
380,VC_USDT,VC,VinuChain,USDT,Tether,0.2,1,3,5000000,0,7,tradable,1596702900,1697184000,normal,https://www.gate.com/trade/VC_USDT,False,0.1,70028011.2,200000,0.4,0.4,,
381,GOHOME_USDT,GOHOME,GOHOME,USDT,Tether,0.2,0.001,3,5000000,3,2,tradable,1577808000,1748872800,normal,https://www.gate.com/trade/GOHOME_USDT,False,0.1,1723.47,200000,0.4,0.4,,
382,ZLW_USDT,ZLW,Zelwin,USDT,Tether,0.2,0.1,3,5000000,1,6,tradable,1607313600,1630036800,normal,https://www.gate.com/trade/ZLW_USDT,False,0.1,152207001.52,200000,0.6,0.6,,
383,DOT3L_USDT,DOT3L,DOT3xLong,USDT,Tether,0.2,0.01,3,5000000,2,6,tradable,1582704000,1750842000,normal,https://www.gate.com/trade/DOT3L_USDT,False,0.1,9516256.94,300000,0.6,0.6,,
384,ADP_USDT,ADP,Adappter Token,USDT,Tether,0.2,1,3,5000000,0,7,tradable,1607313600,1644984000,normal,https://www.gate.com/trade/ADP_USDT,False,0.1,251351011.69,200000,0.4,0.4,,
385,S_USDT,S,Sonic,USDT,Tether,0.2,0.01,3,5000000,2,5,tradable,1577808000,1737205200,normal,https://www.gate.com/trade/S_USDT,False,0.06,6193100.89,500000,0.2,0.2,,
386,LOBO_USDT,LOBO,LOBO•THE•WOLF•PUP,USDT,Tether,0.2,0.1,3,5000000,1,8,tradable,1607313600,1714276800,normal,https://www.gate.com/trade/LOBO_USDT,False,0.1,1510003775.01,200000,0.4,0.4,,
387,DEGEN_USDT,DEGEN,Degen,USDT,Tether,0.2,1,3,5000000,0,7,tradable,1607313600,1711962000,normal,https://www.gate.com/trade/DEGEN_USDT,False,0.1,224215246.64,300000,0.35,0.35,,
388,DOGINME_USDT,DOGINME,doginme,USDT,Tether,0.2,1,3,5000000,0,8,tradable,1577808000,1747404000,normal,https://www.gate.com/trade/DOGINME_USDT,False,0.1,1012914661.94,200000,0.4,0.4,,
389,SNPT_USDT,SNPT,SNPT,USDT,Tether,0.2,0.01,3,5000000,2,6,tradable,1596702900,1718866800,normal,https://www.gate.com/trade/SNPT_USDT,False,0.1,13855213.02,100000,0.4,0.4,,
390,KAITO3S_USDT,KAITO3S,KAITO3xShort,USDT,Tether,0.2,0.01,3,5000000,2,4,tradable,1577808000,1757667600,normal,https://www.gate.com/trade/KAITO3S_USDT,False,0.1,78141.79,200000,0.6,0.6,,
391,KLV_ETH,KLV,Klever,ETH,Ethereum,0.2,0.001,0.001,1000,3,10,tradable,1598932800,1617343200,normal,https://www.gate.com/trade/KLV_ETH,False,0.1,118329192,66.66666666,0.6,0.6,,
392,DIONE_USDT,DIONE,Dione Protocol,USDT,Tether,0.2,1,3,5000000,0,8,tradable,1607313600,1682676000,normal,https://www.gate.com/trade/DIONE_USDT,False,0.1,727934485.9,200000,0.4,0.4,,
393,L3_USDT,L3,Layer3,USDT,Tether,0.2,1,3,5000000,0,6,tradable,1609434000,1722333600,normal,https://www.gate.com/trade/L3_USDT,False,0.1,18289894.83,200000,0.4,0.4,,
394,GT_GUSD,GT,GateToken,GUSD,GUSD,0.2,0.01,1,5000000,2,2,tradable,0,1555833600,normal,https://www.gate.com/trade/GT_GUSD,False,0.1,0,0,0.6,0.6,,
395,VFY_USDT,VFY,zkVerify,USDT,Tether,0.2,1,3,5000000,0,6,tradable,1577808000,1759233600,normal,https://www.gate.com/trade/VFY_USDT,False,0.1,11757789.54,300000,0.35,0.35,,
396,ALPH_USDT,ALPH,Alephium,USDT,Tether,0.2,1,3,5000000,0,5,tradable,1595658900,1641974400,normal,https://www.gate.com/trade/ALPH_USDT,False,0.1,1765225.07,200000,0.4,0.4,,
397,SOPH_USDT,SOPH,Sophon,USDT,Tether,0.2,1,3,5000000,0,6,tradable,1607313600,1748437200,normal,https://www.gate.com/trade/SOPH_USDT,False,0.1,22172949,300000,0.35,0.35,,
398,APE_USDT,APE,ApeCoin,USDT,Tether,0.2,0.01,3,5000000,2,5,tradable,1607313600,1647520200,normal,https://www.gate.com/trade/APE_USDT,False,0.08,1433006.93,300000,0.2,0.2,,
399,WAM_USDT,WAM,Wam,USDT,Tether,0.2,0.1,3,5000000,1,7,tradable,1607313600,1639998000,normal,https://www.gate.com/trade/WAM_USDT,False,0.1,223463687.15,200000,0.4,0.4,,
400,ADA_GUSD,ADA,Cardano,GUSD,GUSD,0.2,0.01,1,5000000,2,4,tradable,0,0,normal,https://www.gate.com/trade/ADA_GUSD,False,0.05,2652168.15,1000000,0.3,0.3,,
401,BTC_USD1,BTC,Bitcoin,USD1,World Liberty Financial USD,0.2,0.000001,0.1,,6,1,tradable,0,0,normal,https://www.gate.com/trade/BTC_USD1,False,0.04,11.59,1000000,0.1,0.1,,100
402,IAG_USDT,IAG,Iagon,USDT,Tether,0.2,0.01,3,5000000,2,5,tradable,1607313600,1627470000,normal,https://www.gate.com/trade/IAG_USDT,False,0.1,2393632.94,200000,0.4,0.4,,
403,SATS_USDT,SATS,SATS,USDT,Tether,0.2,1,3,5000000,0,12,tradable,1607313600,1699502400,normal,https://www.gate.com/trade/SATS_USDT,False,0.08,19575856443719.4,300000,0.35,0.35,,
404,FTRB_USDT,FTRB,Faith Tribe,USDT,Tether,0.2,0.1,3,5000000,1,6,tradable,1607313600,1652346000,normal,https://www.gate.com/trade/FTRB_USDT,False,0.1,54892273.91,200000,0.4,0.4,,
405,SINGLE_USDT,SINGLE,Single Finance,USDT,Tether,0.2,1,3,5000000,0,8,tradable,1568694900,1642672800,normal,https://www.gate.com/trade/SINGLE_USDT,False,0.1,1491646778.04,100000,0.4,0.4,,
406,CC3L_USDT,CC3L,CC3xLong,USDT,Tether,0.2,0.01,3,5000000,2,5,tradable,1577808000,1767841200,normal,https://www.gate.com/trade/CC3L_USDT,False,0.1,118012.2,100000,0.6,0.6,,
407,KIP_USDT,KIP,KIP Protocol,USDT,Tether,0.2,0.1,3,5000000,1,8,tradable,1577808000,1733796000,normal,https://www.gate.com/trade/KIP_USDT,False,0.1,756715853.2,100000,0.4,0.4,,
408,BTC_USDT,BTC,Bitcoin,USDT,Tether,0.2,0.000001,3,5000000,6,1,tradable,0,0,normal,https://www.gate.com/trade/BTC_USDT,False,0.03,57.94,5000000,0.08,0.08,,100
409,SHIB5S_USDT,SHIB5S,SHIB5xShort,USDT,Tether,0.2,0.01,3,5000000,2,4,tradable,1582704000,1755246600,normal,https://www.gate.com/trade/SHIB5S_USDT,False,0.1,153570.51,300000,0.6,0.6,,
410,VDR_USDT,VDR,Vodra,USDT,Tether,0.2,1,3,5000000,0,7,tradable,1607313600,1637384400,normal,https://www.gate.com/trade/VDR_USDT,False,0.1,239607044.45,200000,0.4,0.4,,
411,ALI_USDT,ALI,Artificial Liquid Intelligence,USDT,Tether,0.2,0.1,3,5000000,1,6,tradable,1607313600,1675929600,normal,https://www.gate.com/trade/ALI_USDT,False,0.1,87431693.99,200000,0.4,0.4,,
412,BTC_USDC,BTC,Bitcoin,USDC,USDCoin,0.2,0.000001,1,5000000,6,2,tradable,0,0,normal,https://www.gate.com/trade/BTC_USDC,False,0.03,11.58,1000000,0.15,0.15,,100
413,PROVE_USDT,PROVE,Succinct,USDT,Tether,0.2,0.1,3,5000000,1,4,tradable,1577808000,1754413200,normal,https://www.gate.com/trade/PROVE_USDT,False,0.08,798403.19,300000,0.3,0.3,,
414,OWN_USDT,OWN,Otherworld,USDT,Tether,0.2,0.01,3,5000000,2,5,tradable,1607313600,1719484200,normal,https://www.gate.com/trade/OWN_USDT,False,0.1,7435865.66,300000,0.4,0.4,,
415,BTT_USDT,BTT,BitTorrent,USDT,Tether,0.2,1,3,5000000,0,10,tradable,0,1549598400,normal,https://www.gate.com/trade/BTT_USDT,False,0.06,1273236567354.21,500000,0.3,0.3,,
416,KYVE_USDT,KYVE,KYVE Network,USDT,Tether,0.2,0.01,3,5000000,2,6,tradable,1597636800,1691402400,normal,https://www.gate.com/trade/KYVE_USDT,False,0.1,52833179.24,200000,0.4,0.4,,
417,SPEC_USDT,SPEC,Spectral,USDT,Tether,0.2,1,3,5000000,0,5,tradable,1607313600,1714993200,normal,https://www.gate.com/trade/SPEC_USDT,False,0.1,1707941.93,200000,0.4,0.4,,
418,APT_ETH,APT,Aptos,ETH,Ethereum,0.2,0.001,0.001,1000,3,8,tradable,1597636800,1666141200,normal,https://www.gate.com/trade/APT_ETH,False,0.1,187878.1,100,0.6,0.6,,
419,MNT_USDT,MNT,Mantle,USDT,Tether,0.2,0.01,3,5000000,2,4,tradable,1607313600,1690790400,normal,https://www.gate.com/trade/MNT_USDT,False,0.04,786132.62,1000000,0.2,0.2,,
420,FUN_USDT,FUN,Sport.Fun,USDT,Tether,0.2,1,3,5000000,0,5,tradable,1577808000,1768485600,normal,https://www.gate.com/trade/FUN_USDT,False,0.1,164563905.65,300000,0.35,0.35,,
421,LON_USDT,LON,Tokenlon,USDT,Tether,0.2,0.01,3,5000000,2,4,tradable,1608696000,1608703200,normal,https://www.gate.com/trade/LON_USDT,False,0.1,468000,200000,0.4,0.4,,
422,SPX3L_USDT,SPX3L,SPX3xLong,USDT,Tether,0.2,0.01,3,5000000,2,5,tradable,1577808000,1762765200,normal,https://www.gate.com/trade/SPX3L_USDT,False,0.1,388123.42,200000,0.6,0.6,,
423,MOONEY_USDT,MOONEY,MoonDAO,USDT,Tether,0.2,1,3,5000000,0,7,tradable,1607313600,1676080800,normal,https://www.gate.com/trade/MOONEY_USDT,False,0.1,812017864,200000,0.6,0.6,,
424,MART_USDT,MART,ArtMeta,USDT,Tether,0.2,0.1,3,5000000,1,6,tradable,1596702900,1657785600,normal,https://www.gate.com/trade/MART_USDT,False,0.1,48320850,100000,0.4,0.4,,
425,B2_USDT,B2,BSquared Network,USDT,Tether,0.2,0.01,3,5000000,2,4,tradable,1577808000,1746014400,normal,https://www.gate.com/trade/B2_USDT,False,0.08,509467.61,300000,0.35,0.35,,
426,AAVE3L_USDT,AAVE3L,AAVE3xLong,USDT,Tether,0.2,0.01,3,5000000,2,7,tradable,1603252800,1603252800,normal,https://www.gate.com/trade/AAVE3L_USDT,False,0.1,15856236.79,300000,0.6,0.6,,
427,SUI5L_USDT,SUI5L,SUI5xLong,USDT,Tether,0.2,0.01,3,5000000,2,6,tradable,1577808000,1764752400,normal,https://www.gate.com/trade/SUI5L_USDT,False,0.08,535762.12,500000,0.6,0.6,,
428,HAHA_USDT,HAHA,Hasaki,USDT,Tether,0.2,1,3,5000000,0,9,tradable,1607313600,1683374400,normal,https://www.gate.com/trade/HAHA_USDT,False,0.1,41614648356.22,100000,0.4,0.4,,
429,THQ_USDT,THQ,Theoriq,USDT,Tether,0.2,1,3,5000000,0,5,tradable,1577808000,1765897200,normal,https://www.gate.com/trade/THQ_USDT,False,0.1,7057163.02,500000,0.4,0.4,,
430,COINON_USDT,COINON,Coinbase Ondo Tokenized,USDT,Tether,0.2,0.001,3,5000000,3,2,tradable,1577808000,1756899000,normal,https://www.gate.com/trade/COINON_USDT,False,0.08,1978.4,500000,0.15,0.15,,
431,DIA_USDT,DIA,DIA,USDT,Tether,0.2,0.01,3,5000000,2,4,tradable,1597734000,1597755600,normal,https://www.gate.com/trade/DIA_USDT,False,0.1,1038601.35,300000,0.35,0.35,,
432,BUCK_USDT,BUCK,GME Mascot,USDT,Tether,0.2,0.01,3,5000000,2,7,tradable,0,1732075200,normal,https://www.gate.com/trade/BUCK_USDT,False,0.1,129182276.19,100000,0.4,0.4,,
433,SYND_USDT,SYND,Syndicate,USDT,Tether,0.2,1,3,5000000,0,5,tradable,1577808000,1758308400,normal,https://www.gate.com/trade/SYND_USDT,False,0.1,4596996.63,300000,0.4,0.4,,
434,BILLY_USDT,BILLY,BILLY,USDT,Tether,0.2,1,3,5000000,0,7,tradable,1596702900,1720094400,normal,https://www.gate.com/trade/BILLY_USDT,False,0.1,198511166.25,200000,0.4,0.4,,
435,MF_USDT,MF,Moonwalk Fitness,USDT,Tether,0.2,1,3,5000000,0,6,tradable,1577808000,1759759200,normal,https://www.gate.com/trade/MF_USDT,False,0.1,16736401.67,200000,0.4,0.4,,
436,MSTR3L_USDT,MSTR3L,MSTR3xLong,USDT,Tether,0.2,0.01,3,5000000,2,5,tradable,1577808000,1769427000,normal,https://www.gate.com/trade/MSTR3L_USDT,False,0.1,0,0,0.6,0.6,,
437,GNO_USDT,GNO,Gnosis,USDT,Tether,0.2,0.001,3,5000000,3,2,tradable,1607313600,1630299600,normal,https://www.gate.com/trade/GNO_USDT,False,0.08,2606.43,300000,0.35,0.35,,
438,CLORE_USDT,CLORE,Clore.ai,USDT,Tether,0.2,0.01,3,5000000,2,6,tradable,1596702900,1699606800,normal,https://www.gate.com/trade/CLORE_USDT,False,0.1,28882951.84,200000,0.4,0.4,,
439,MNDE_USDT,MNDE,Marinade,USDT,Tether,0.2,0.1,3,5000000,1,5,tradable,1596702900,1667476800,normal,https://www.gate.com/trade/MNDE_USDT,False,0.1,4009221.21,200000,0.4,0.4,,
440,M_USDT,M,MemeCore,USDT,Tether,0.2,0.1,3,5000000,1,4,tradable,1577808000,1757415600,normal,https://www.gate.com/trade/M_USDT,False,0.06,297814.04,500000,0.35,0.35,,
441,KITEAI_USDT,KITEAI,KITE AI,USDT,Tether,0.2,1,3,5000000,0,11,tradable,1607313600,1725094800,normal,https://www.gate.com/trade/KITEAI_USDT,False,0.1,1424501424501.42,200000,0.4,0.4,,
442,VATRENI_USDT,VATRENI,Croatian Football Federation Token,USDT,Tether,0.2,0.01,3,5000000,2,4,tradable,1596702900,1669111200,normal,https://www.gate.com/trade/VATRENI_USDT,False,0.1,177809,200000,0.4,0.4,,
443,APU_USDT,APU,Apu Apustaja,USDT,Tether,0.2,0.1,3,5000000,1,8,tradable,1607313600,1714140000,normal,https://www.gate.com/trade/APU_USDT,False,0.1,4486819966.35,200000,0.4,0.4,,
444,ZKC_USDT,ZKC,Boundless,USDT,Tether,0.2,1,3,5000000,0,5,tradable,1577808000,1757944800,normal,https://www.gate.com/trade/ZKC_USDT,False,0.08,2857142.86,300000,0.4,0.4,,
445,XT_USDT,XT,XT Smart Chain,USDT,Tether,0.2,0.01,3,5000000,2,3,tradable,1577808000,1735117200,normal,https://www.gate.com/trade/XT_USDT,False,0.1,60722.6,300000,0.4,0.4,,
446,FUN_USD1,FUN,Sport.Fun,USD1,World Liberty Financial USD,0.2,1,0.00001,,0,5,tradable,1577808000,1768485600,normal,https://www.gate.com/trade/FUN_USD1,False,0.1,0,0,0.6,0.6,,
447,IMAYC_USDT,IMAYC,MAYC Fraction Token,USDT,Tether,0.2,0.01,3,5000000,2,4,tradable,1607313600,1675242000,normal,https://www.gate.com/trade/IMAYC_USDT,True,0.1,688942,200000,0.6,0.6,1776826800.0,
448,ANLOG_USDT,ANLOG,Analog,USDT,Tether,0.2,1,3,5000000,0,8,tradable,1577808000,1739185200,normal,https://www.gate.com/trade/ANLOG_USDT,False,0.1,404244567.96,200000,0.4,0.4,,
449,NANO_USDT,NANO,Nano,USDT,Tether,0.2,0.01,3,5000000,2,4,tradable,0,1525406400,normal,https://www.gate.com/trade/NANO_USDT,False,0.1,430910.66,300000,0.4,0.4,,
450,OCTA_USDT,OCTA,Octaspace,USDT,Tether,0.2,1,3,5000000,0,5,tradable,0,1726390800,normal,https://www.gate.com/trade/OCTA_USDT,False,0.1,1184483.27,200000,0.4,0.4,,
451,ELX_USDT,ELX,Elixir,USDT,Tether,0.2,0.01,3,5000000,2,6,tradable,1577808000,1741341600,normal,https://www.gate.com/trade/ELX_USDT,False,0.1,84817642.07,200000,0.6,0.6,,
452,ENSO_USDT,ENSO,Enso,USDT,Tether,0.2,0.1,3,5000000,1,4,tradable,1577808000,1760432400,normal,https://www.gate.com/trade/ENSO_USDT,False,0.08,737082.63,500000,0.4,0.4,,
453,PIXEL_USDT,PIXEL,Pixels,USDT,Tether,0.2,1,3,5000000,0,6,tradable,1607313600,1708336800,normal,https://www.gate.com/trade/PIXEL_USDT,False,0.1,35354428.14,300000,0.3,0.3,,
454,MENGO_USDT,MENGO,Flamengo Fan Token,USDT,Tether,0.2,0.01,3,5000000,2,5,tradable,1608782400,1649235600,normal,https://www.gate.com/trade/MENGO_USDT,False,0.1,2852456.68,200000,0.4,0.4,,
455,PIXEL_USDC,PIXEL,Pixels,USDC,USDCoin,0.2,0.01,1,5000000,2,6,tradable,1607313600,1708336800,normal,https://www.gate.com/trade/PIXEL_USDC,False,0.1,23584905.66,200000,0.4,0.4,,
456,ENS_USDC,ENS,ENS,USDC,USDCoin,0.2,0.01,1,5000000,2,3,tradable,1607313600,1636434000,normal,https://www.gate.com/trade/ENS_USDC,False,0.08,30532.8,300000,0.35,0.35,,
457,HTX_USDT,HTX,HTX DAO,USDT,Tether,0.2,1,3,5000000,0,10,tradable,1571286900,1706857200,normal,https://www.gate.com/trade/HTX_USDT,False,0.1,182609489606.48,300000,0.3,0.3,,
458,FARTCOIN_USDT,FARTCOIN,Fartcoin,USDT,Tether,0.2,0.01,3,5000000,2,5,tradable,0,1734600600,normal,https://www.gate.com/trade/FARTCOIN_USDT,False,0.05,2886836.03,1000000,0.2,0.2,,
459,TURBO_USDT,TURBO,Turbo,USDT,Tether,0.2,1,3,5000000,0,7,tradable,1607313600,1683259200,normal,https://www.gate.com/trade/TURBO_USDT,False,0.06,271370420.62,500000,0.2,0.2,,
460,AIA_USDT,AIA,DeAgentAI,USDT,Tether,0.2,1,3,5000000,0,5,tradable,1577808000,1759219200,normal,https://www.gate.com/trade/AIA_USDT,False,0.1,4118616.14,500000,0.4,0.4,,
461,BLY_USDT,BLY,Blocery,USDT,Tether,0.2,1,3,5000000,0,8,tradable,1607313600,1617868800,normal,https://www.gate.com/trade/BLY_USDT,False,0.1,112107623.32,200000,0.4,0.4,,
462,NCT_USDT,NCT,PolySwarm,USDT,Tether,0.2,1,3,5000000,0,6,tradable,1607313600,1642478400,normal,https://www.gate.com/trade/NCT_USDT,False,0.1,20408163.27,200000,0.4,0.4,,
463,MAPO_USDT,MAPO,MAP Protocol,USDT,Tether,0.2,0.01,3,5000000,2,6,tradable,0,1709728200,normal,https://www.gate.com/trade/MAPO_USDT,False,0.1,49782202.86,200000,0.4,0.4,,
464,ONDO3L_USDT,ONDO3L,ONDO3xLong,USDT,Tether,0.2,0.01,3,5000000,2,5,tradable,1577808000,1770883200,normal,https://www.gate.com/trade/ONDO3L_USDT,False,0.1,182481751.82,300000,0.6,0.6,,
465,WET_USDT,WET,HumidiFi,USDT,Tether,0.2,1,3,5000000,0,5,tradable,1577808000,1765292400,normal,https://www.gate.com/trade/WET_USDT,False,0.06,2449839.54,500000,0.3,0.3,,
466,NETX_USDT,NETX,NetX,USDT,Tether,0.2,0.1,3,5000000,1,4,tradable,1577808000,1757656800,normal,https://www.gate.com/trade/NETX_USDT,False,0.1,308689.61,200000,0.4,0.4,,
467,TMAI_USDT,TMAI,Token Metrics AI,USDT,Tether,0.2,1,3,5000000,0,9,tradable,1577808000,1733324400,normal,https://www.gate.com/trade/TMAI_USDT,False,0.1,683293474.55,100000,0.6,0.6,,
468,LMTS_USDT,LMTS,Limitless,USDT,Tether,0.2,1,3,5000000,0,5,tradable,1577808000,1761559200,normal,https://www.gate.com/trade/LMTS_USDT,False,0.1,1616379.31,300000,0.4,0.4,,
469,PUMPBTC_USDT,PUMPBTC,PumpBTC,USDT,Tether,0.2,0.01,3,5000000,2,5,tradable,1577808000,1749276000,normal,https://www.gate.com/trade/PUMPBTC_USDT,False,0.1,12666244.46,300000,0.35,0.35,,
470,HOD_USDT,HOD,HoDooi,USDT,Tether,0.2,0.1,3,5000000,1,8,tradable,1608782400,1625734800,normal,https://www.gate.com/trade/HOD_USDT,False,0.1,2611136497,200000,0.4,0.4,,
471,NEAR3L_USDT,NEAR3L,NEAR3xLong,USDT,Tether,0.2,0.01,3,5000000,2,5,tradable,1602648000,1750842000,normal,https://www.gate.com/trade/NEAR3L_USDT,False,0.1,2138275.12,300000,0.6,0.6,,
472,BABYDOGE_USDT,BABYDOGE,Baby Doge Coin,USDT,Tether,0.2,1,3,5000000,0,13,tradable,1608782400,1626944400,normal,https://www.gate.com/trade/BABYDOGE_USDT,False,0.08,818665575112567,500000,0.35,0.35,,
473,NOBODY_USDT,NOBODY,Nobody Sausage,USDT,Tether,0.2,1,3,5000000,0,6,tradable,1577808000,1756980000,normal,https://www.gate.com/trade/NOBODY_USDT,False,0.1,21505376.34,200000,0.4,0.4,,
474,PIEVERSE3S_USDT,PIEVERSE3S,PIEVERSE3xShort,USDT,Tether,0.2,0.01,3,5000000,2,6,tradable,1577808000,1770883200,normal,https://www.gate.com/trade/PIEVERSE3S_USDT,False,0.1,14471081.95,300000,0.6,0.6,,
475,BXN_USDT,BXN,Blackfort,USDT,Tether,0.2,0.01,3,5000000,2,7,tradable,0,1712314800,normal,https://www.gate.com/trade/BXN_USDT,False,0.1,220300710.47,200000,0.4,0.4,,
476,SCIHUB_USDT,SCIHUB,sci-hub,USDT,Tether,0.2,1,3,5000000,0,8,tradable,0,1732021200,normal,https://www.gate.com/trade/SCIHUB_USDT,False,0.1,2082357228.38,200000,0.4,0.4,,
477,XTZ_USDT,XTZ,Tezos,USDT,Tether,0.2,0.1,3,5000000,1,4,tradable,0,0,normal,https://www.gate.com/trade/XTZ_USDT,False,0.06,1105094.49,500000,0.3,0.3,,
478,MDT_USDT,MDT,MeasurableDataToken,USDT,Tether,0.2,0.01,3,5000000,2,6,tradable,0,0,normal,https://www.gate.com/trade/MDT_USDT,False,0.1,14124293.79,200000,0.4,0.4,,
479,FOURCOIN_USDT,FOURCOIN,FourCoin,USDT,Tether,0.2,1,3,5000000,0,10,tradable,1607313600,1726898400,normal,https://www.gate.com/trade/FOURCOIN_USDT,False,0.1,131406044678,200000,0.4,0.4,,
480,DOG_USDT,DOG,Dog,USDT,Tether,0.2,1,3,5000000,0,7,tradable,1607313600,1714046400,normal,https://www.gate.com/trade/DOG_USDT,False,0.08,462770142.07,500000,0.35,0.35,,
481,DYM_USDT,DYM,Dymension,USDT,Tether,0.2,1,3,5000000,0,5,tradable,0,1707238800,normal,https://www.gate.com/trade/DYM_USDT,False,0.1,4208459,300000,0.3,0.3,,
482,VOLT_USDT,VOLT,Volt Inu,USDT,Tether,0.2,1,3,5000000,0,11,tradable,1607313600,1662717600,normal,https://www.gate.com/trade/VOLT_USDT,False,0.1,2571851089821.9,200000,0.4,0.4,,
483,MPLX_USDT,MPLX,Metaplex,USDT,Tether,0.2,0.01,3,5000000,2,5,tradable,1596702900,1663653600,normal,https://www.gate.com/trade/MPLX_USDT,False,0.1,4269247.19,300000,0.35,0.35,,
484,FET3S_USDT,FET3S,FET3xShort,USDT,Tether,0.2,0.01,3,5000000,2,4,tradable,1577808000,1762941600,normal,https://www.gate.com/trade/FET3S_USDT,False,0.1,167155.13,300000,0.6,0.6,,
485,TSTBSC_USDT,TSTBSC,Test Token,USDT,Tether,0.2,1,3,5000000,0,6,tradable,1577808000,1739066400,normal,https://www.gate.com/trade/TSTBSC_USDT,False,0.1,13898540.65,200000,0.4,0.4,,
486,DTEC_USDT,DTEC,Dtec,USDT,Tether,0.2,1,3,5000000,0,6,tradable,1596702900,1722510000,normal,https://www.gate.com/trade/DTEC_USDT,False,0.1,21803117.85,200000,0.4,0.4,,
487,GIZA_USDT,GIZA,Giza,USDT,Tether,0.2,0.01,3,5000000,2,5,tradable,1577808000,1747746000,normal,https://www.gate.com/trade/GIZA_USDT,False,0.1,7375537.8,300000,0.35,0.35,,
488,CRV3S_USDT,CRV3S,CRV3xShort,USDT,Tether,0.2,0.01,3,5000000,2,4,tradable,1603252800,1753691400,normal,https://www.gate.com/trade/CRV3S_USDT,False,0.1,216723.86,300000,0.6,0.6,,
489,SAMO_USDT,SAMO,Samoyedcoin,USDT,Tether,0.2,1,3,5000000,0,7,tradable,1596702900,1635559200,normal,https://www.gate.com/trade/SAMO_USDT,False,0.1,362877619.52,200000,0.6,0.6,,
490,1INCH_USDT,1INCH,1inch,USDT,Tether,0.2,1,3,5000000,0,5,tradable,1608606000,1608861600,normal,https://www.gate.com/trade/1INCH_USDT,False,0.08,1905366.78,300000,0.2,0.2,,
491,LINK3L_USDT,LINK3L,LINK3xLong,USDT,Tether,0.2,0.01,3,5000000,2,5,tradable,1582704000,1754467200,normal,https://www.gate.com/trade/LINK3L_USDT,False,0.1,1045041.28,500000,0.6,0.6,,
492,LLYON_USDT,LLYON,Eli Lilly Ondo Tokenized,USDT,Tether,0.2,0.001,3,5000000,3,2,tradable,1577808000,1756902600,normal,https://www.gate.com/trade/LLYON_USDT,False,0.06,473.52,500000,0.25,0.25,,
493,DN_USDT,DN,DeepNode,USDT,Tether,0.2,1,3,5000000,0,5,tradable,1577808000,1767952800,normal,https://www.gate.com/trade/DN_USDT,False,0.1,0,0,0.4,0.4,,
494,STRIKE_USDT,STRIKE,StrikeBit AI,USDT,Tether,0.2,1,3,5000000,0,6,tradable,1577808000,1759316400,normal,https://www.gate.com/trade/STRIKE_USDT,False,0.1,27590012.42,200000,0.35,0.35,,
495,PUMP3L_USDT,PUMP3L,PUMP3xLong,USDT,Tether,0.2,0.01,3,5000000,2,4,tradable,1577808000,1766995200,normal,https://www.gate.com/trade/PUMP3L_USDT,False,0.1,129394004.74,300000,0.6,0.6,,
496,DODO_USDT,DODO,DODO,USDT,Tether,0.2,0.01,3,5000000,2,5,tradable,1607313600,1611820800,normal,https://www.gate.com/trade/DODO_USDT,False,0.1,16216216.22,300000,0.35,0.35,,
497,SDM_USDT,SDM,Shieldeum,USDT,Tether,0.2,1,3,5000000,0,7,tradable,1577808000,1732798800,normal,https://www.gate.com/trade/SDM_USDT,False,0.1,184501845.02,200000,0.4,0.4,,
498,CVAULTCORE_USDT,CVAULTCORE,cVault,USDT,Tether,0.2,0.0001,3,5000000,4,1,tradable,1602648000,1673935200,normal,https://www.gate.com/trade/CVAULTCORE_USDT,False,0.1,29,200000,0.4,0.4,,
499,BEAT_USDT,BEAT,Audiera,USDT,Tether,0.2,0.1,3,5000000,1,4,tradable,1577808000,1761991200,normal,https://www.gate.com/trade/BEAT_USDT,False,0.05,483878.38,1000000,0.35,0.35,,
500,TOSHI_USDT,TOSHI,Toshi,USDT,Tether,0.2,0.1,3,5000000,1,7,tradable,1607313600,1724245200,normal,https://www.gate.com/trade/TOSHI_USDT,False,0.06,1412229911.03,500000,0.35,0.35,,
501,HOPR_USDT,HOPR,HOPR,USDT,Tether,0.2,0.01,3,5000000,2,5,tradable,1607313600,1614247200,normal,https://www.gate.com/trade/HOPR_USDT,False,0.1,7128854.04,200000,0.4,0.4,,
502,ML_USDT,ML,Mintlayer,USDT,Tether,0.2,1,3,5000000,0,6,tradable,1607313600,1679655600,normal,https://www.gate.com/trade/ML_USDT,False,0.1,19047619.05,200000,0.4,0.4,,
503,FLK_USDT,FLK,Fleek,USDT,Tether,0.2,1,3,5000000,0,5,tradable,1577808000,1760443200,normal,https://www.gate.com/trade/FLK_USDT,False,0.1,2744237.1,200000,0.4,0.4,,
504,NC_USDT,NC,Nodecoin,USDT,Tether,0.2,1,3,5000000,0,7,tradable,1577808000,1737108000,normal,https://www.gate.com/trade/NC_USDT,False,0.1,83682008.37,200000,0.6,0.6,,
505,XRP3L_USDT,XRP3L,XRP3xLong,USDT,Tether,0.2,0.01,3,5000000,2,5,tradable,1603252800,1603252800,normal,https://www.gate.com/trade/XRP3L_USDT,False,0.1,909504.32,500000,0.6,0.6,,
506,LAYER_USDT,LAYER,Solayer,USDT,Tether,0.2,1,3,5000000,0,5,tradable,1607313600,1739282400,normal,https://www.gate.com/trade/LAYER_USDT,False,0.08,1686340.64,300000,0.3,0.3,,
507,G_USDT,G,Gravity,USDT,Tether,0.2,1,3,5000000,0,6,tradable,1520614800,1721804400,normal,https://www.gate.com/trade/G_USDT,False,0.08,67819599.86,300000,0.35,0.35,,
508,CGPT_USDT,CGPT,ChainGPT,USDT,Tether,0.2,0.01,3,5000000,2,5,tradable,1607313600,1681128000,normal,https://www.gate.com/trade/CGPT_USDT,False,0.1,9805523.78,300000,0.35,0.35,,
509,SOL3S_USDT,SOL3S,SOL3xShort,USDT,Tether,0.2,0.01,3,5000000,2,4,tradable,1582704000,1752746400,normal,https://www.gate.com/trade/SOL3S_USDT,False,0.1,630040.32,500000,0.6,0.6,,
510,IEFAON_USDT,IEFAON,iShares Core MSCI EAFE ETF Ondo Tokenized,USDT,Tether,0.2,0.01,3,5000000,2,2,tradable,1577808000,1765265400,normal,https://www.gate.com/trade/IEFAON_USDT,False,0.08,5595.34,500000,0.15,0.15,,
511,ALEPH_ETH,ALEPH,Aleph.im,ETH,Ethereum,0.2,0.001,0.001,1000,3,9,tradable,1608264000,1608350400,normal,https://www.gate.com/trade/ALEPH_ETH,False,0.1,7042749.49,66.66666667,0.6,0.6,,
512,MLC_USDT,MLC,My Lovely Coin,USDT,Tether,0.2,1,3,5000000,0,5,tradable,1577808000,1741856400,normal,https://www.gate.com/trade/MLC_USDT,False,0.1,3683919.69,200000,0.4,0.4,,
513,PEPE2_USDT,PEPE2,PEPE2.0,USDT,Tether,0.2,0.1,3,5000000,1,12,tradable,1607313600,1688626800,normal,https://www.gate.com/trade/PEPE2_USDT,False,0.1,47835446065534.6,200000,0.4,0.4,,
514,ULTIMA_USDT,ULTIMA,Ultima,USDT,Tether,0.2,0.0001,3,5000000,4,1,tradable,1607313600,1702976400,normal,https://www.gate.com/trade/ULTIMA_USDT,False,0.1,55.83,300000,0.35,0.35,,
515,ZENT_USDT,ZENT,Zentry,USDT,Tether,0.2,0.01,3,5000000,2,6,tradable,1607313600,1715072400,normal,https://www.gate.com/trade/ZENT_USDT,False,0.1,72411296.16,300000,0.4,0.4,,
516,SPARKLET_USDT,SPARKLET,Upland,USDT,Tether,0.2,0.01,3,5000000,2,5,tradable,1607313600,1721826000,normal,https://www.gate.com/trade/SPARKLET_USDT,False,0.1,9555661.73,200000,0.4,0.4,,
517,DYDX_USDT,DYDX,dYdX,USDT,Tether,0.2,1,3,5000000,0,5,tradable,1607313600,1631116860,normal,https://www.gate.com/trade/DYDX_USDT,False,0.06,2794857.46,500000,0.3,0.3,,
518,PUBLIC_USDT,PUBLIC,PublicAI,USDT,Tether,0.2,1,3,5000000,0,5,tradable,1577808000,1755246600,normal,https://www.gate.com/trade/PUBLIC_USDT,False,0.1,7331378.3,200000,0.4,0.4,,
519,HK503S_USDT,HK503S,HK503xShort,USDT,Tether,0.2,0.01,3,5000000,2,5,tradable,1577808000,1769742000,normal,https://www.gate.com/trade/HK503S_USDT,False,0.1,0,0,0.6,0.6,,
520,ICNT_USDT,ICNT,Impossible Cloud Network Token,USDT,Tether,0.2,1,3,5000000,0,5,tradable,1577808000,1751536800,normal,https://www.gate.com/trade/ICNT_USDT,False,0.06,1367858.07,500000,0.3,0.3,,
521,AIR_USDT,AIR,AIRian,USDT,Tether,0.2,1,3,5000000,0,6,tradable,1607313600,1762254000,normal,https://www.gate.com/trade/AIR_USDT,False,0.1,13871549.45,100000,0.4,0.4,,
522,CATI_USDT,CATI,Catizen,USDT,Tether,0.2,0.01,3,5000000,2,5,tradable,1609434000,1726826400,normal,https://www.gate.com/trade/CATI_USDT,False,0.08,4962779.16,300000,0.3,0.3,,
523,XRP5L_USDT,XRP5L,XRP5xLong,USDT,Tether,0.2,0.01,3,5000000,2,7,tradable,1582704000,1757667600,normal,https://www.gate.com/trade/XRP5L_USDT,False,0.05,10920607.19,500000,0.6,0.6,,
524,LUCE_USDT,LUCE,Official Mascot of the Holy Year,USDT,Tether,0.2,0.1,3,5000000,1,7,tradable,0,1745236800,normal,https://www.gate.com/trade/LUCE_USDT,False,0.1,222185191.36,200000,0.4,0.4,,
525,TET_USDT,TET,Tectum,USDT,Tether,0.2,0.01,3,5000000,2,4,tradable,1607313600,1709632800,normal,https://www.gate.com/trade/TET_USDT,False,0.1,435777.32,200000,0.4,0.4,,
526,MLN_USDT,MLN,Enzyme,USDT,Tether,0.2,0.01,3,5000000,2,3,tradable,1607313600,1625464800,normal,https://www.gate.com/trade/MLN_USDT,False,0.1,63823,300000,0.35,0.35,,
527,UMA_USDT,UMA,UMA,USDT,Tether,0.2,0.01,3,5000000,2,4,tradable,1597379400,1598770800,normal,https://www.gate.com/trade/UMA_USDT,False,0.1,412314.46,300000,0.3,0.3,,
528,ENS_USDT,ENS,ENS,USDT,Tether,0.2,0.01,3,5000000,2,3,tradable,1607313600,1636434000,normal,https://www.gate.com/trade/ENS_USDT,False,0.08,30535.91,300000,0.2,0.2,,
529,REVU_USDT,REVU,Revuto,USDT,Tether,0.2,0.01,3,5000000,2,6,tradable,1596702900,1641819600,normal,https://www.gate.com/trade/REVU_USDT,False,0.1,37686075,100000,0.4,0.4,,
530,SPON_USDT,SPON,Spheron Network,USDT,Tether,0.2,1,3,5000000,0,7,tradable,1577808000,1753779600,normal,https://www.gate.com/trade/SPON_USDT,False,0.1,45131445.33,200000,0.4,0.4,,
531,DELABS_USDT,DELABS,Delabs Games,USDT,Tether,0.2,1,3,5000000,0,6,tradable,1577808000,1753704000,normal,https://www.gate.com/trade/DELABS_USDT,False,0.1,49140049.14,200000,0.4,0.4,,
532,PAXG3L_USDT,PAXG3L,PAXG3xLong,USDT,Tether,0.2,0.01,3,5000000,2,5,tradable,1577808000,1769427000,normal,https://www.gate.com/trade/PAXG3L_USDT,False,0.1,0,0,0.6,0.6,,
533,3KDS_USDT,3KDS,3KDS,USDT,Tether,0.2,1,3,5000000,0,7,tradable,1577808000,1769508000,normal,https://www.gate.com/trade/3KDS_USDT,False,0.1,0,0,0.4,0.4,,
534,PYBOBO_USDT,PYBOBO,Capybobo,USDT,Tether,0.2,1,3,5000000,0,7,tradable,1577808000,1763719200,normal,https://www.gate.com/trade/PYBOBO_USDT,False,0.1,332917186.85,200000,0.4,0.4,,
535,SPX5003L_USDT,SPX5003L,SPX5003xLong,USDT,Tether,0.2,0.01,3,5000000,2,5,tradable,1577808000,1769742000,normal,https://www.gate.com/trade/SPX5003L_USDT,False,0.1,0,0,0.6,0.6,,
536,HDX_USDT,HDX,Home Depot xStock,USDT,Tether,0.2,0.001,3,5000000,3,2,tradable,1577808000,1753884000,normal,https://www.gate.com/trade/HDX_USDT,False,0.1,848.37,300000,0.4,0.4,,
537,WEN_USDT,WEN,Wen,USDT,Tether,0.2,1,3,5000000,0,9,tradable,1596702900,1706619600,normal,https://www.gate.com/trade/WEN_USDT,False,0.1,31282586027.11,300000,0.4,0.4,,
538,SOL5S_USDT,SOL5S,SOL5xShort,USDT,Tether,0.2,0.01,3,5000000,2,4,tradable,1577808000,1755246600,normal,https://www.gate.com/trade/SOL5S_USDT,False,0.05,512794.22,500000,0.6,0.6,,
539,RFD_USDT,RFD,Refund,USDT,Tether,0.2,1,3,5000000,0,9,tradable,1607313600,1684839600,normal,https://www.gate.com/trade/RFD_USDT,False,0.1,45766590389,100000,0.4,0.4,,
540,WL_USDT,WL,WorldLand,USDT,Tether,0.2,1,3,5000000,0,6,tradable,1577808000,1774951200,normal,https://www.gate.com/trade/WL_USDT,False,0.1,0,0,0.6,0.6,,
541,PIXFI_USDT,PIXFI,Pixelverse,USDT,Tether,0.2,1,3,5000000,0,8,tradable,1607313600,1721304000,normal,https://www.gate.com/trade/PIXFI_USDT,False,0.1,1794607205.35,200000,0.4,0.4,,
542,ARTY_USDT,ARTY,Artyfact,USDT,Tether,0.2,1,3,5000000,0,5,tradable,1607313600,1703167200,normal,https://www.gate.com/trade/ARTY_USDT,False,0.1,1650165.02,200000,0.4,0.4,,
543,ETHW_USDT,ETHW,EthereumPoW,USDT,Tether,0.2,0.01,3,5000000,2,4,tradable,1608782400,1660017600,normal,https://www.gate.com/trade/ETHW_USDT,False,0.1,375833.88,200000,0.4,0.4,,
544,CRF_USDT,CRF,Crafting Finance,USDT,Tether,0.2,1,3,5000000,0,7,tradable,1607313600,1639746000,normal,https://www.gate.com/trade/CRF_USDT,False,0.1,431406385,100000,0.4,0.4,,
545,CAKE5S_USDT,CAKE5S,CAKE5xShort,USDT,Tether,0.2,0.01,3,5000000,2,6,tradable,1577808000,1755246600,normal,https://www.gate.com/trade/CAKE5S_USDT,False,0.1,3850226.2,200000,0.6,0.6,,
546,REDO_USDT,REDO,Resistance Dog,USDT,Tether,0.2,0.01,3,5000000,2,5,tradable,1607313600,1724684400,normal,https://www.gate.com/trade/REDO_USDT,False,0.1,8654262.22,200000,0.4,0.4,,
547,SLRS_USDT,SLRS,Solrise,USDT,Tether,0.2,0.1,3,5000000,1,7,tradable,1596702900,1625576400,normal,https://www.gate.com/trade/SLRS_USDT,False,0.1,815827044.67,200000,0.6,0.6,,
548,BDXN_USDT,BDXN,Bondex,USDT,Tether,0.2,1,3,5000000,0,6,tradable,1577808000,1748945100,normal,https://www.gate.com/trade/BDXN_USDT,False,0.1,19614253.02,300000,0.35,0.35,,
549,HTM_USDT,HTM,Hatom,USDT,Tether,0.2,0.01,3,5000000,2,5,tradable,1609866000,1689850800,normal,https://www.gate.com/trade/HTM_USDT,False,0.1,7963368.5,200000,0.4,0.4,,
550,DHRX_USDT,DHRX,Danaher xStock,USDT,Tether,0.2,0.001,3,5000000,3,2,tradable,1577808000,1754056800,normal,https://www.gate.com/trade/DHRX_USDT,False,0.1,1330.7,300000,0.3,0.3,,
551,VINU_USDT,VINU,Vita Inu,USDT,Tether,0.2,1,3,5000000,0,12,tradable,1607313600,1662195600,normal,https://www.gate.com/trade/VINU_USDT,False,0.1,34564203007085.7,300000,0.4,0.4,,
552,NFLXX_USDT,NFLXX,Netflix xStock,USDT,Tether,0.2,0.0001,3,5000000,4,2,tradable,1577808000,1753970400,normal,https://www.gate.com/trade/NFLXX_USDT,False,0.1,312.23,300000,0.3,0.3,,
553,SOVRN_USDT,SOVRN,Sovrun,USDT,Tether,0.2,0.1,3,5000000,1,6,tradable,1577808000,1733551200,normal,https://www.gate.com/trade/SOVRN_USDT,False,0.1,46533271.29,200000,0.4,0.4,,
554,GFI_USDT,GFI,Goldfinch,USDT,Tether,0.2,0.01,3,5000000,2,4,tradable,1607313600,1641988800,normal,https://www.gate.com/trade/GFI_USDT,False,0.1,1050972.15,200000,0.4,0.4,,
555,KDA_USDT,KDA,Kadena,USDT,Tether,0.2,1,3,5000000,0,6,tradable,1596702900,1638259200,normal,https://www.gate.com/trade/KDA_USDT,False,0.1,19240019.24,200000,0.4,0.4,,
556,ETH_BTC,ETH,Ethereum,BTC,Bitcoin,0.2,0.001,0.000001,100,4,6,tradable,0,0,normal,https://www.gate.com/trade/ETH_BTC,False,0.1,328.12,11.11111111,0.6,0.6,,1000
557,ARB3L_USDT,ARB3L,ARB3xLong,USDT,Tether,0.2,0.01,3,5000000,2,5,tradable,1582704000,1764752400,normal,https://www.gate.com/trade/ARB3L_USDT,False,0.1,288775.3,300000,0.6,0.6,,
558,CAKE3S_USDT,CAKE3S,CAKE3xShort,USDT,Tether,0.2,0.01,3,5000000,2,6,tradable,1582704000,1582704000,normal,https://www.gate.com/trade/CAKE3S_USDT,False,0.1,39988003.6,200000,0.6,0.6,,
559,DASH3S_USDT,DASH3S,DASH3xShort,USDT,Tether,0.2,0.01,3,5000000,2,3,tradable,1603252800,1768978800,normal,https://www.gate.com/trade/DASH3S_USDT,False,0.1,0,0,0.6,0.6,,
560,ALA_USDT,ALA,Alanyaspor Fan Token,USDT,Tether,0.2,0.01,3,5000000,2,5,tradable,1608782400,1661428800,normal,https://www.gate.com/trade/ALA_USDT,False,0.1,5786199.91,200000,0.4,0.4,,
561,GMMT_USDT,GMMT,Giant Mammoth,USDT,Tether,0.2,0.01,3,5000000,2,6,tradable,1520614800,1688371200,normal,https://www.gate.com/trade/GMMT_USDT,False,0.1,86318515.32,200000,0.4,0.4,,
562,MSFTON_USDT,MSFTON,Microsoft Ondo Tokenized,USDT,Tether,0.2,0.001,3,5000000,3,2,tradable,1577808000,1756906200,normal,https://www.gate.com/trade/MSFTON_USDT,False,0.05,1048.19,500000,0.2,0.2,,
563,H3L_USDT,H3L,H3xLong,USDT,Tether,0.2,0.01,3,5000000,2,6,tradable,1577808000,1764752400,normal,https://www.gate.com/trade/H3L_USDT,False,0.1,1918005.27,200000,0.6,0.6,,
564,EDGEX_USDT,EDGEX,edgeX,USDT,Tether,0.2,0.1,3,5000000,1,4,tradable,1577808000,1774960200,normal,https://www.gate.com/trade/EDGEX_USDT,False,0.05,0,0,0.4,0.4,,
565,MAN_USDT,MAN,MatrixAI,USDT,Tether,0.2,0.1,3,5000000,1,6,tradable,0,1520424060,normal,https://www.gate.com/trade/MAN_USDT,False,0.1,65157191.73,200000,0.4,0.4,,
566,IP_USDT,IP,Story Network,USDT,Tether,0.2,0.01,3,5000000,2,4,tradable,1577808000,1739437200,normal,https://www.gate.com/trade/IP_USDT,False,0.06,293341.16,500000,0.2,0.2,,
567,AQA_USDT,AQA,AQA,USDT,Tether,0.2,0.1,3,5000000,1,8,tradable,1577808000,1744801200,normal,https://www.gate.com/trade/AQA_USDT,False,0.1,431583263.2,100000,0.6,0.6,,
568,OPUL_USDT,OPUL,Opulous,USDT,Tether,0.2,1,3,5000000,0,8,tradable,1607313600,1632398400,normal,https://www.gate.com/trade/OPUL_USDT,True,0.1,19540791.4,200000,0.4,0.4,,
569,PMX_USDT,PMX,Philip Morris xStock,USDT,Tether,0.2,0.001,3,5000000,3,2,tradable,1577808000,1754056800,normal,https://www.gate.com/trade/PMX_USDT,False,0.1,1883.59,300000,0.3,0.3,,
570,FET_USDT,FET,Artificial Superintelligence Alliance,USDT,Tether,0.2,0.01,3,5000000,2,4,tradable,1607313600,1615788000,normal,https://www.gate.com/trade/FET_USDT,False,0.05,4656577.42,1000000,0.25,0.25,,
571,DXGM_USDT,DXGM,DexGame,USDT,Tether,0.2,0.1,3,5000000,1,8,tradable,1607313600,1703502000,normal,https://www.gate.com/trade/DXGM_USDT,False,0.1,925518869.02,200000,0.6,0.6,,
572,NVDA3L_USDT,NVDA3L,NVDA3xLong,USDT,Tether,0.2,0.01,3,5000000,2,5,tradable,1577808000,1769427000,normal,https://www.gate.com/trade/NVDA3L_USDT,False,0.1,0,0,0.6,0.6,,
573,TRX_GUSD,TRX,TRON,GUSD,GUSD,0.2,0.1,1,5000000,1,4,tradable,0,0,normal,https://www.gate.com/trade/TRX_GUSD,False,0.06,1790510.3,500000,0.3,0.3,,
574,KAS5L_USDT,KAS5L,KAS5xLong,USDT,Tether,0.2,0.01,3,5000000,2,6,tradable,1577808000,1762765200,normal,https://www.gate.com/trade/KAS5L_USDT,False,0.1,1543209.88,300000,0.6,0.6,,
575,FET_USDC,FET,Artificial Superintelligence Alliance,USDC,USDCoin,0.2,0.01,1,5000000,2,4,tradable,1607313600,1615788000,normal,https://www.gate.com/trade/FET_USDC,False,0.08,1395673.41,300000,0.35,0.35,,
576,ASM_USDT,ASM,Assemble AI,USDT,Tether,0.2,1,3,5000000,0,6,tradable,1607313600,1634806800,normal,https://www.gate.com/trade/ASM_USDT,False,0.1,17283097.13,200000,0.4,0.4,,
577,NETT_USDT,NETT,Netswap,USDT,Tether,0.2,1,3,5000000,0,6,tradable,1607313600,1704798000,normal,https://www.gate.com/trade/NETT_USDT,False,0.1,11785503.83,200000,0.6,0.6,,
578,SUI3S_USDT,SUI3S,SUI3xShort,USDT,Tether,0.2,0.01,3,5000000,2,5,tradable,1582704000,1760522400,normal,https://www.gate.com/trade/SUI3S_USDT,False,0.1,5187260.09,500000,0.6,0.6,,
579,ORT_USDT,ORT,XREATORS,USDT,Tether,0.2,0.1,3,5000000,1,7,tradable,1607313600,1653548400,normal,https://www.gate.com/trade/ORT_USDT,False,0.1,856531049,200000,0.6,0.6,,
580,XNA_USDT,XNA,Neurai,USDT,Tether,0.2,0.1,3,5000000,1,8,tradable,1596702900,1703840400,normal,https://www.gate.com/trade/XNA_USDT,False,0.1,2019895975.36,200000,0.4,0.4,,
581,WAI_USDT,WAI,World3,USDT,Tether,0.2,0.1,3,5000000,1,5,tradable,1577808000,1754989200,normal,https://www.gate.com/trade/WAI_USDT,False,0.1,5477201.15,200000,0.4,0.4,,
582,DOLO_USDT,DOLO,Dolomite,USDT,Tether,0.2,0.01,3,5000000,2,5,tradable,1577808000,1745499600,normal,https://www.gate.com/trade/DOLO_USDT,False,0.1,7717041.8,300000,0.4,0.4,,
583,MCTP_USDT,MCTP,Mumubit Token,USDT,Tether,0.2,1,3,5000000,0,5,tradable,1577808000,1760961600,normal,https://www.gate.com/trade/MCTP_USDT,False,0.1,940512.58,200000,0.4,0.4,,
584,NIM_USDT,NIM,Nimiq,USDT,Tether,0.2,1,3,5000000,0,7,tradable,0,1667556000,normal,https://www.gate.com/trade/NIM_USDT,False,0.1,317409934.93,200000,0.4,0.4,,
585,BALL_USDT,BALL,BitBall,USDT,Tether,0.2,1,3,5000000,0,8,tradable,1577808000,1734512400,normal,https://www.gate.com/trade/BALL_USDT,False,0.1,3394433129.67,100000,0.6,0.6,,
586,ENA_USDC,ENA,Ethena,USDC,USDCoin,0.2,0.01,1,5000000,2,5,tradable,1607313600,1712044800,normal,https://www.gate.com/trade/ENA_USDC,False,0.06,2354048.96,500000,0.35,0.35,,
587,TRWA_USDT,TRWA,Tharwa,USDT,Tether,0.2,1,3,5000000,0,7,tradable,1577808000,1757937600,normal,https://www.gate.com/trade/TRWA_USDT,False,0.1,172860847.02,200000,0.4,0.4,,
588,BXC_USDT,BXC,BonusCloud,USDT,Tether,0.2,1,3,5000000,0,8,tradable,0,1537156800,normal,https://www.gate.com/trade/BXC_USDT,False,0.1,6531678641.41,200000,0.6,0.6,,
589,ENA_USDT,ENA,Ethena,USDT,Tether,0.2,1,3,5000000,0,5,tradable,1607313600,1712044800,normal,https://www.gate.com/trade/ENA_USDT,False,0.05,4704775.35,1000000,0.15,0.15,,
590,H3S_USDT,H3S,H3xShort,USDT,Tether,0.2,0.01,3,5000000,2,5,tradable,1577808000,1773302400,normal,https://www.gate.com/trade/H3S_USDT,False,0.1,129032258.06,200000,0.6,0.6,,
591,GUN_USDT,GUN,GUNZ,USDT,Tether,0.2,1,3,5000000,0,6,tradable,1577808000,1743426000,normal,https://www.gate.com/trade/GUN_USDT,False,0.08,34638032.56,500000,0.3,0.3,,
592,YBDBD_USDT,YBDBD,YBDBD,USDT,Tether,0.2,1,3,5000000,0,10,tradable,1577808000,1749189600,normal,https://www.gate.com/trade/YBDBD_USDT,False,0.1,116110304789.55,100000,0.4,0.4,,
593,BDX_USDT,BDX,Beldex,USDT,Tether,0.2,0.01,3,5000000,2,5,tradable,0,1660788000,normal,https://www.gate.com/trade/BDX_USDT,False,0.1,2163799.63,200000,0.4,0.4,,
594,NIGHT_USDT,NIGHT,Midnight,USDT,Tether,0.2,1,3,5000000,0,5,tradable,1577808000,1765274400,normal,https://www.gate.com/trade/NIGHT_USDT,False,0.06,8395600.71,500000,0.4,0.4,,
595,XELS_USDT,XELS,XELS,USDT,Tether,0.2,1,3,5000000,0,6,tradable,1607313600,1662688800,normal,https://www.gate.com/trade/XELS_USDT,False,0.1,3559320.53,200000,0.4,0.4,,
596,BTG_USDT,BTG,Openverse Network,USDT,Tether,0.2,0.01,3,5000000,2,3,tradable,0,1767326400,normal,https://www.gate.com/trade/BTG_USDT,False,0.1,0,0,0.4,0.4,,
597,BARSIK_USDT,BARSIK,Hasbulla's Cat,USDT,Tether,0.2,0.01,3,5000000,2,7,tradable,0,1732111200,normal,https://www.gate.com/trade/BARSIK_USDT,False,0.1,940955069.4,200000,0.6,0.6,,
598,RBC_ETH,RBC,Rubic,ETH,Ethereum,0.2,1,0.001,1000,0,9,tradable,1607313600,1617271200,normal,https://www.gate.com/trade/RBC_ETH,False,0.1,38613765.81,66.66666667,0.6,0.6,,
599,RZTO_USDT,RZTO,Rizz Network,USDT,Tether,0.2,1,3,5000000,0,8,tradable,1577808000,1760797800,normal,https://www.gate.com/trade/RZTO_USDT,False,0.1,191754554.17,300000,0.4,0.4,,
600,BERA_USDT,BERA,Berachain,USDT,Tether,0.2,0.01,3,5000000,2,4,tradable,1577808000,1738846800,normal,https://www.gate.com/trade/BERA_USDT,False,0.08,483286.35,300000,0.2,0.2,,
601,EPT_USDT,EPT,Balance,USDT,Tether,0.2,1,3,5000000,0,7,tradable,1577808000,1745236800,normal,https://www.gate.com/trade/EPT_USDT,False,0.1,172811059.91,300000,0.4,0.4,,
602,KOMA_USDT,KOMA,Koma Inu,USDT,Tether,0.2,1,3,5000000,0,6,tradable,0,1733486400,normal,https://www.gate.com/trade/KOMA_USDT,False,0.1,27124773.96,300000,0.4,0.4,,
603,LUNA_USDT,LUNA,Terra,USDT,Tether,0.2,0.01,3,5000000,2,5,tradable,1608339600,1653730200,normal,https://www.gate.com/trade/LUNA_USDT,False,0.06,4095842.72,500000,0.35,0.35,,
604,QBX_USDT,QBX,qiibee,USDT,Tether,0.2,1,3,5000000,0,7,tradable,1577808000,1734004800,normal,https://www.gate.com/trade/QBX_USDT,False,0.1,91869545.25,200000,0.4,0.4,,
605,WAXL_USDT,WAXL,Axelar,USDT,Tether,0.2,1,3,5000000,0,5,tradable,1607313600,1664269200,normal,https://www.gate.com/trade/WAXL_USDT,False,0.08,2967359.05,300000,0.35,0.35,,
606,SCA_USDT,SCA,Scallop,USDT,Tether,0.2,0.01,3,5000000,2,5,tradable,0,1709892000,normal,https://www.gate.com/trade/SCA_USDT,False,0.1,6373486.3,300000,0.4,0.4,,
607,QTUM_USDT,QTUM,Qtum,USDT,Tether,0.2,0.01,3,5000000,2,4,tradable,0,0,normal,https://www.gate.com/trade/QTUM_USDT,False,0.08,225123.82,300000,0.35,0.35,,
608,UNIBOT_USDT,UNIBOT,Unibot,USDT,Tether,0.2,0.1,3,5000000,1,4,tradable,1607313600,1689935400,normal,https://www.gate.com/trade/UNIBOT_USDT,False,0.1,129533.68,200000,0.4,0.4,,
609,ALU_ETH,ALU,Altura,ETH,Ethereum,0.2,0.001,0.001,1000,3,9,tradable,1608782400,1635854400,normal,https://www.gate.com/trade/ALU_ETH,False,0.1,22610366.85,66.66666667,0.6,0.6,,
610,DOGEGOV_USDT,DOGEGOV,Department Of Government Efficiency,USDT,Tether,0.2,0.01,3,5000000,2,6,tradable,0,1731063600,normal,https://www.gate.com/trade/DOGEGOV_USDT,False,0.1,62111801.24,200000,0.4,0.4,,
611,MAJO_USDT,MAJO,Majo,USDT,Tether,0.2,0.01,3,5000000,2,6,tradable,1607313600,1685008800,normal,https://www.gate.com/trade/MAJO_USDT,False,0.1,40420371.87,100000,0.4,0.4,,
612,SOPHIA_USDT,SOPHIA,SophiaVerse,USDT,Tether,0.2,1,3,5000000,0,7,tradable,1577808000,1747980000,normal,https://www.gate.com/trade/SOPHIA_USDT,False,0.1,143163922.69,200000,0.4,0.4,,
613,ORDER_USDT,ORDER,Orderly Network,USDT,Tether,0.2,0.01,3,5000000,2,5,tradable,1609434000,1724666400,normal,https://www.gate.com/trade/ORDER_USDT,False,0.08,5504789.17,500000,0.3,0.3,,
614,SGR_USDT,SGR,Schrodinger,USDT,Tether,0.2,0.01,3,5000000,2,4,tradable,1607313600,1710928800,normal,https://www.gate.com/trade/SGR_USDT,False,0.1,449539.22,100000,0.4,0.4,,
615,MLK_USDT,MLK,MiL.k,USDT,Tether,0.2,0.01,3,5000000,2,5,tradable,1598599800,1653987600,normal,https://www.gate.com/trade/MLK_USDT,False,0.1,2843534.51,200000,0.4,0.4,,
616,CHILLGUY_USDT,CHILLGUY,Just a chill guy,USDT,Tether,0.2,1,3,5000000,0,6,tradable,0,1732179600,normal,https://www.gate.com/trade/CHILLGUY_USDT,False,0.1,16741071.43,300000,0.4,0.4,,
617,XSEED_USDT,XSEED,MXS Games,USDT,Tether,0.2,1,3,5000000,0,9,tradable,1577808000,1730282400,normal,https://www.gate.com/trade/XSEED_USDT,False,0.1,19056693663.65,100000,0.6,0.6,,
618,PEPON_USDT,PEPON,PepsiCo Ondo Tokenized,USDT,Tether,0.2,0.001,3,5000000,3,2,tradable,1577808000,1756906200,normal,https://www.gate.com/trade/PEPON_USDT,False,0.06,1990.71,300000,0.15,0.15,,
619,KILO_USDT,KILO,KiloEx,USDT,Tether,0.2,0.1,3,5000000,1,6,tradable,0,1743080400,normal,https://www.gate.com/trade/KILO_USDT,False,0.1,17888287.64,200000,0.4,0.4,,
620,CTSI_USDT,CTSI,Cartesi,USDT,Tether,0.2,0.01,3,5000000,2,5,tradable,1595392500,1595392500,normal,https://www.gate.com/trade/CTSI_USDT,False,0.1,8773212.46,300000,0.35,0.35,,
621,FIL_USDT,FIL,Filecoin(IPFS),USDT,Tether,0.2,0.01,3,5000000,2,4,tradable,1600576200,1602748800,normal,https://www.gate.com/trade/FIL_USDT,False,0.05,785237.53,1000000,0.15,0.15,,
622,CTK_USDT,CTK,Shentu,USDT,Tether,0.2,0.01,3,5000000,2,4,tradable,1608782400,1616310000,normal,https://www.gate.com/trade/CTK_USDT,False,0.1,1126337.53,300000,0.4,0.4,,
623,WLFI_USD1,WLFI,World Liberty Financial,USD1,World Liberty Financial USD,0.2,0.01,0.00001,,2,5,tradable,1577808000,1756728000,normal,https://www.gate.com/trade/WLFI_USD1,False,0.06,3762227.24,500000,0.3,0.3,,
624,STORM_USDT,STORM,Storm Trade,USDT,Tether,0.2,0.1,3,5000000,1,6,tradable,1577808000,1729083600,normal,https://www.gate.com/trade/STORM_USDT,False,0.1,39261876.72,300000,0.4,0.4,,
625,WLFI_USDT,WLFI,World Liberty Financial,USDT,Tether,0.2,1,3,5000000,0,5,tradable,1577808000,1756728000,normal,https://www.gate.com/trade/WLFI_USDT,False,0.05,7527286.41,1000000,0.25,0.25,,
626,AMP_USDT,AMP,Amp,USDT,Tether,0.2,1,3,5000000,0,7,tradable,1607313600,1613880000,normal,https://www.gate.com/trade/AMP_USDT,False,0.08,157521659.23,300000,0.35,0.35,,
627,TT_USDT,TT,ThunderCore,USDT,Tether,0.2,1,3,5000000,0,7,tradable,1607313600,1638777600,normal,https://www.gate.com/trade/TT_USDT,False,0.1,180018001.8,200000,0.4,0.4,,
628,AEVO_USDT,AEVO,Aevo,USDT,Tether,0.2,0.01,3,5000000,2,5,tradable,1607313600,1710324000,normal,https://www.gate.com/trade/AEVO_USDT,False,0.08,8007473.64,300000,0.3,0.3,,
629,ALGO_USDC,ALGO,Algorand,USDC,USDCoin,0.2,0.01,1,5000000,2,5,tradable,1561178100,1561178100,normal,https://www.gate.com/trade/ALGO_USDC,False,0.08,2630540.58,300000,0.35,0.35,,
630,LANDSHARE_USDT,LANDSHARE,LandShare,USDT,Tether,0.2,0.01,3,5000000,2,4,tradable,1607313600,1709607600,normal,https://www.gate.com/trade/LANDSHARE_USDT,False,0.1,666555.57,200000,0.4,0.4,,
631,SOSO_USDT,SOSO,SoSoValue,USDT,Tether,0.2,0.01,3,5000000,2,4,tradable,1577808000,1737714600,normal,https://www.gate.com/trade/SOSO_USDT,False,0.1,546448.09,300000,0.3,0.3,,
632,ALGO_USDT,ALGO,Algorand,USDT,Tether,0.2,0.01,3,5000000,2,5,tradable,1561178100,1561178100,normal,https://www.gate.com/trade/ALGO_USDT,False,0.06,4382697.11,500000,0.2,0.2,,
633,OLE_USDT,OLE,OpenLeverage,USDT,Tether,0.2,0.1,3,5000000,1,6,tradable,1607313600,1657191600,normal,https://www.gate.com/trade/OLE_USDT,False,0.1,111327581,200000,0.4,0.4,,
634,FIL_USDC,FIL,Filecoin(IPFS),USDC,USDCoin,0.2,0.001,1,5000000,3,4,tradable,1600576200,1602748800,normal,https://www.gate.com/trade/FIL_USDC,False,0.08,235571.26,300000,0.35,0.35,,
635,AURASOL_USDT,AURASOL,aura,USDT,Tether,0.2,0.01,3,5000000,2,6,tradable,1577808000,1750060800,normal,https://www.gate.com/trade/AURASOL_USDT,True,0.1,6514657.98,200000,0.4,0.4,1776826800.0,
636,AWE_USDT,AWE,AWE Network,USDT,Tether,0.2,0.01,3,5000000,2,5,tradable,1577808000,1747893600,normal,https://www.gate.com/trade/AWE_USDT,False,0.1,5547337.28,300000,0.35,0.35,,
637,INC_USDT,INC,RWAX,USDT,Tether,0.2,0.01,3,5000000,2,5,tradable,1577808000,1759233600,normal,https://www.gate.com/trade/INC_USDT,False,0.1,340628.46,200000,0.4,0.4,,
638,FIS_USDT,FIS,Stafi,USDT,Tether,0.2,0.01,3,5000000,2,5,tradable,1609434000,1611892800,normal,https://www.gate.com/trade/FIS_USDT,False,0.1,26816840.98,500000,0.4,0.4,,
639,MIGGLES_USDT,MIGGLES,Mr. Miggles,USDT,Tether,0.2,1,3,5000000,0,6,tradable,1607313600,1721390400,normal,https://www.gate.com/trade/MIGGLES_USDT,False,0.1,24423006.47,200000,0.4,0.4,,
640,CRV_BTC,CRV,Curve,BTC,Bitcoin,0.2,0.001,0.000001,100,3,9,tradable,1597381200,1597383000,normal,https://www.gate.com/trade/CRV_BTC,False,0.1,808668.93,3.333333333,0.6,0.6,,
641,WOO_USDT,WOO,WOO,USDT,Tether,0.2,0.01,3,5000000,2,5,tradable,1604016000,1604023800,normal,https://www.gate.com/trade/WOO_USDT,False,0.1,12836970.47,300000,0.35,0.35,,
642,DGMA_USDT,DGMA,daGama,USDT,Tether,0.2,1,3,5000000,0,5,tradable,1577808000,1758783600,normal,https://www.gate.com/trade/DGMA_USDT,False,0.1,7641170.63,500000,0.4,0.4,,
643,BMT_USDT,BMT,Bubblemaps,USDT,Tether,0.2,0.01,3,5000000,2,5,tradable,1577808000,1742310000,normal,https://www.gate.com/trade/BMT_USDT,False,0.1,13245033.11,300000,0.3,0.3,,
644,INJ_USDC,INJ,Injective,USDC,USDCoin,0.2,0.01,1,5000000,2,3,tradable,1606190400,1606276800,normal,https://www.gate.com/trade/INJ_USDC,False,0.08,62389.52,300000,0.35,0.35,,
645,INJ_USDT,INJ,Injective,USDT,Tether,0.2,0.01,3,5000000,2,3,tradable,1606190400,1606276800,normal,https://www.gate.com/trade/INJ_USDT,False,0.05,103950.1,500000,0.2,0.2,,
646,TAIKO_USDT,TAIKO,Taiko,USDT,Tether,0.2,0.01,3,5000000,2,4,tradable,1609434000,1717592400,normal,https://www.gate.com/trade/TAIKO_USDT,False,0.1,1793721.97,300000,0.35,0.35,,
647,BATCH_USDT,BATCH,Batching.ai,USDT,Tether,0.2,1,3,5000000,0,8,tradable,1577808000,1730368800,normal,https://www.gate.com/trade/BATCH_USDT,False,0.1,1108954810,200000,0.4,0.4,,
648,SUI3L_USDT,SUI3L,SUI3xLong,USDT,Tether,0.2,0.01,3,5000000,2,5,tradable,1582704000,1762158600,normal,https://www.gate.com/trade/SUI3L_USDT,False,0.1,1886828.05,500000,0.6,0.6,,
649,ARB_USDC,ARB,Arbitrum,USDC,USDCoin,0.2,0.01,1,5000000,2,5,tradable,1607313600,1679577600,normal,https://www.gate.com/trade/ARB_USDC,False,0.08,1533742.33,300000,0.35,0.35,,
650,WPAY_USDT,WPAY,Wirex Pay,USDT,Tether,0.2,0.01,3,5000000,2,5,tradable,1596702900,1728388800,normal,https://www.gate.com/trade/WPAY_USDT,False,0.1,1743020.65,300000,0.4,0.4,,
651,XGN_USDT,XGN,0xGen,USDT,Tether,0.2,0.01,3,5000000,2,8,tradable,1607313600,1718370000,normal,https://www.gate.com/trade/XGN_USDT,False,0.1,5450333832.95,200000,0.4,0.4,,
652,ARB_USDT,ARB,Arbitrum,USDT,Tether,0.2,1,3,5000000,0,5,tradable,1607313600,1679577600,normal,https://www.gate.com/trade/ARB_USDT,False,0.05,5108556.83,1000000,0.2,0.2,,
653,THE_USDT,THE,Thena,USDT,Tether,0.2,1,3,5000000,0,5,tradable,1607313600,1732690800,normal,https://www.gate.com/trade/THE_USDT,False,0.08,1653803.75,300000,0.35,0.35,,
654,VSC_USDT,VSC,Vyvo Smart Chain,USDT,Tether,0.2,1,3,5000000,0,7,tradable,0,1709949600,normal,https://www.gate.com/trade/VSC_USDT,False,0.1,134770889.49,200000,0.4,0.4,,
655,WIF3S_USDT,WIF3S,WIF3xShort,USDT,Tether,0.2,0.01,3,5000000,2,6,tradable,1582704000,1749112200,normal,https://www.gate.com/trade/WIF3S_USDT,False,0.1,10413051.02,300000,0.6,0.6,,
656,FIL_BTC,FIL,Filecoin(IPFS),BTC,Bitcoin,0.2,0.001,0.000001,100,3,8,tradable,1600576200,1602748800,normal,https://www.gate.com/trade/FIL_BTC,False,0.1,226065.33,3.333333333,0.6,0.6,,
657,ZERO_USDT,ZERO,Index ZERO,USDT,Tether,0.2,0.001,3,5000000,3,5,tradable,1596702900,1703678400,normal,https://www.gate.com/trade/ZERO_USDT,False,0.1,2723312,200000,0.4,0.4,,
658,DYDX3L_USDT,DYDX3L,DYDX3xLong,USDT,Tether,0.2,0.01,3,5000000,2,7,tradable,1582704000,1760522400,normal,https://www.gate.com/trade/DYDX3L_USDT,False,0.1,12360939.43,200000,0.6,0.6,,
659,BTRST_ETH,BTRST,Braintrust,ETH,Ethereum,0.2,0.001,0.001,1000,3,8,tradable,1607313600,1631772000,normal,https://www.gate.com/trade/BTRST_ETH,False,0.1,1592229.92,66.66666667,0.6,0.6,,
660,AERGO_USDT,AERGO,Aergo,USDT,Tether,0.2,0.01,3,5000000,2,5,tradable,1607313600,1614938400,normal,https://www.gate.com/trade/AERGO_USDT,False,0.1,4806536.89,300000,0.35,0.35,,
661,API3_USDT,API3,API3,USDT,Tether,0.2,0.01,3,5000000,2,4,tradable,1607054400,1607061600,normal,https://www.gate.com/trade/API3_USDT,False,0.1,686498.86,300000,0.3,0.3,,
662,WIF3L_USDT,WIF3L,WIF3xLong,USDT,Tether,0.2,0.01,3,5000000,2,4,tradable,1582704000,1773302400,normal,https://www.gate.com/trade/WIF3L_USDT,False,0.1,13516557.78,300000,0.6,0.6,,
663,XBR3S_USDT,XBR3S,XBR3xShort,USDT,Tether,0.2,0.01,3,5000000,2,5,tradable,1577808000,1769742000,normal,https://www.gate.com/trade/XBR3S_USDT,False,0.1,0,0,0.6,0.6,,
664,VARA_USDT,VARA,VaraNetwork,USDT,Tether,0.2,1,3,5000000,0,7,tradable,1596702900,1705485600,normal,https://www.gate.com/trade/VARA_USDT,False,0.1,175669740.89,200000,0.4,0.4,,
665,SMART_USDT,SMART,SMART,USDT,Tether,0.2,0.1,3,5000000,1,7,tradable,1607313600,1709974800,normal,https://www.gate.com/trade/SMART_USDT,False,0.1,50559951.46,200000,0.4,0.4,,
666,XCN_USDT,XCN,Onyxcoin,USDT,Tether,0.2,0.01,3,5000000,2,6,tradable,1607313600,1648890000,normal,https://www.gate.com/trade/XCN_USDT,False,0.06,104329681.79,500000,0.35,0.35,,
667,MINA_USDT,MINA,Mina,USDT,Tether,0.2,1,3,5000000,0,5,tradable,1581683700,1622511000,normal,https://www.gate.com/trade/MINA_USDT,False,0.08,3644314.87,300000,0.3,0.3,,
668,SWELL_USDT,SWELL,Swell Network,USDT,Tether,0.2,0.01,3,5000000,2,6,tradable,1609434000,1730973600,normal,https://www.gate.com/trade/SWELL_USDT,False,0.1,299670362.6,500000,0.4,0.4,,
669,MELANIA_USDT,MELANIA,Melania Meme,USDT,Tether,0.2,1,3,5000000,0,5,tradable,0,1737343800,normal,https://www.gate.com/trade/MELANIA_USDT,False,0.08,2957996.45,300000,0.35,0.35,,
670,KAT_USDT,KAT,Katana,USDT,Tether,0.2,1,3,5000000,0,6,tradable,1577808000,1773838800,normal,https://www.gate.com/trade/KAT_USDT,False,0.1,398327026,200000,0.4,0.4,,
671,INFRA_USDT,INFRA,Bware,USDT,Tether,0.2,1,3,5000000,0,5,tradable,1607313600,1685440800,normal,https://www.gate.com/trade/INFRA_USDT,False,0.1,2948548,200000,0.6,0.6,,
672,OORT_USDT,OORT,Oort,USDT,Tether,0.2,1,3,5000000,0,6,tradable,0,1705320000,normal,https://www.gate.com/trade/OORT_USDT,False,0.1,19169329.07,300000,0.4,0.4,,
673,POLS_USDT,POLS,Polkastarter,USDT,Tether,0.2,1,3,5000000,0,5,tradable,1601958600,1602043200,normal,https://www.gate.com/trade/POLS_USDT,False,0.1,2008032.13,200000,0.4,0.4,,
674,WLTH_USDT,WLTH,WLTH,USDT,Tether,0.2,0.01,3,5000000,2,6,tradable,1607313600,1717070400,normal,https://www.gate.com/trade/WLTH_USDT,True,0.1,66236131.81,200000,0.4,0.4,1776826800.0,
675,MAIGA_USDT,MAIGA,Maiga AI,USDT,Tether,0.2,1,3,5000000,0,6,tradable,1577808000,1758110400,normal,https://www.gate.com/trade/MAIGA_USDT,False,0.1,10706638.12,200000,0.4,0.4,,
676,SXP_USDT,SXP,Solar,USDT,Tether,0.2,1,3,5000000,0,6,tradable,1597636800,1597647600,normal,https://www.gate.com/trade/SXP_USDT,False,0.1,4992511.23,300000,0.4,0.4,,
677,CITY_USDT,CITY,Manchester City Fan Token,USDT,Tether,0.2,0.01,3,5000000,2,4,tradable,1608782400,1647952200,normal,https://www.gate.com/trade/CITY_USDT,False,0.1,471475.72,300000,0.4,0.4,,
678,IMT_USDT,IMT,Immortal Rising 2,USDT,Tether,0.2,0.01,3,5000000,2,6,tradable,1577808000,1743069600,normal,https://www.gate.com/trade/IMT_USDT,False,0.1,34776560.6,100000,0.4,0.4,,
679,XBR3L_USDT,XBR3L,XBR3xLong,USDT,Tether,0.2,0.01,3,5000000,2,3,tradable,1577808000,1769742000,normal,https://www.gate.com/trade/XBR3L_USDT,False,0.1,0,0,0.6,0.6,,
680,GWEI_USDT,GWEI,ETHGas,USDT,Tether,0.2,1,3,5000000,0,5,tradable,1577808000,1769004000,normal,https://www.gate.com/trade/GWEI_USDT,False,0.05,0,0,0.4,0.4,,
681,PEPE_USDT,PEPE,Pepe,USDT,Tether,0.2,1,3,5000000,0,9,tradable,1607313600,1681887600,normal,https://www.gate.com/trade/PEPE_USDT,False,0.04,247800768182.38,1000000,0.15,0.15,,
682,DOGE_USDT,DOGE,DogeCoin,USDT,Tether,0.2,0.01,3,5000000,2,5,tradable,0,0,normal,https://www.gate.com/trade/DOGE_USDT,False,0.03,23125843.13,3000000,0.08,0.08,,
683,TRB_USDT,TRB,Tellor,USDT,Tether,0.2,0.01,3,5000000,2,2,tradable,1597464000,1597467600,normal,https://www.gate.com/trade/TRB_USDT,False,0.08,15079.17,300000,0.3,0.3,,
684,XL1_USDT,XL1,XL1,USDT,Tether,0.2,1,3,5000000,0,7,tradable,1577808000,1758027600,normal,https://www.gate.com/trade/XL1_USDT,False,0.1,301000827.75,200000,0.4,0.4,,
685,PEPE_USDC,PEPE,Pepe,USDC,USDCoin,0.2,1,1,5000000,0,9,tradable,1607313600,1681887600,normal,https://www.gate.com/trade/PEPE_USDC,False,0.06,123961819759.51,500000,0.35,0.35,,
686,PIEVERSE_USDT,PIEVERSE,Pieverse,USDT,Tether,0.2,0.1,3,5000000,1,4,tradable,1577808000,1763125200,normal,https://www.gate.com/trade/PIEVERSE_USDT,False,0.08,1386404.91,500000,0.35,0.35,,
687,EGL1_USDT,EGL1,Eagles Landing,USDT,Tether,0.2,0.01,3,5000000,2,5,tradable,1577808000,1751029200,normal,https://www.gate.com/trade/EGL1_USDT,False,0.1,11239112.11,200000,0.4,0.4,,
688,LAT_USDT,LAT,PlatON,USDT,Tether,0.2,0.1,3,5000000,1,6,tradable,1520614800,1622088000,normal,https://www.gate.com/trade/LAT_USDT,False,0.1,88222320.25,200000,0.4,0.4,,
689,STRK3S_USDT,STRK3S,STRK3xShort,USDT,Tether,0.2,0.01,3,5000000,2,3,tradable,1582704000,1763715600,normal,https://www.gate.com/trade/STRK3S_USDT,False,0.1,246817.09,300000,0.6,0.6,,
690,NKN_USDT,NKN,NKN,USDT,Tether,0.2,1,3,5000000,0,6,tradable,0,1527480000,normal,https://www.gate.com/trade/NKN_USDT,False,0.1,17160017.16,200000,0.4,0.4,,
691,SWASH_USDT,SWASH,Swash,USDT,Tether,0.2,0.1,3,5000000,1,6,tradable,1607313600,1635639300,normal,https://www.gate.com/trade/SWASH_USDT,False,0.1,159151193.63,300000,0.4,0.4,,
692,EGL1_USD1,EGL1,Eagles Landing,USD1,World Liberty Financial USD,0.2,1,0.00001,,0,5,tradable,1577808000,1751029200,normal,https://www.gate.com/trade/EGL1_USD1,False,0.1,11210762.33,200000,0.4,0.4,,
693,POR_USDT,POR,Portugal National Team Fan Token,USDT,Tether,0.2,0.01,3,5000000,2,4,tradable,1608782400,1659780000,normal,https://www.gate.com/trade/POR_USDT,False,0.1,367410.67,200000,0.4,0.4,,
694,BTC3S_USDT,BTC3S,BTC3xShort,USDT,Tether,0.2,0.01,3,5000000,2,5,tradable,1582704000,1582704000,normal,https://www.gate.com/trade/BTC3S_USDT,False,0.1,6275100.4,500000,0.6,0.6,,
695,XAG5S_USDT,XAG5S,XAG5xShort,USDT,Tether,0.2,0.01,3,5000000,2,5,tradable,1577808000,1773046800,normal,https://www.gate.com/trade/XAG5S_USDT,False,0.1,0,0,0.6,0.6,,
696,BNB5L_USDT,BNB5L,BNB5xLong,USDT,Tether,0.2,0.01,3,5000000,2,5,tradable,1577808000,1743152400,normal,https://www.gate.com/trade/BNB5L_USDT,False,0.05,1172058.13,500000,0.6,0.6,,
697,NVDAX_USDT,NVDAX,NVIDIA xStock,USDT,Tether,0.2,0.001,3,5000000,3,2,tradable,1577808000,1751443200,normal,https://www.gate.com/trade/NVDAX_USDT,False,0.08,1688.52,300000,0.15,0.15,,
698,GORK_USDT,GORK,New XAI gork,USDT,Tether,0.2,1,3,5000000,0,7,tradable,1577808000,1746108000,normal,https://www.gate.com/trade/GORK_USDT,False,0.1,131061598.95,200000,0.4,0.4,,
699,AVL_USDT,AVL,Avalon Token,USDT,Tether,0.2,1,3,5000000,0,5,tradable,1577808000,1739354700,normal,https://www.gate.com/trade/AVL_USDT,False,0.1,3426613.36,300000,0.4,0.4,,
700,DESO_USDT,DESO,Decentralized Social,USDT,Tether,0.2,0.01,3,5000000,2,3,tradable,1596702900,1674180000,normal,https://www.gate.com/trade/DESO_USDT,False,0.1,36127.17,200000,0.4,0.4,,
701,SEI_USDC,SEI,Sei,USDC,USDCoin,0.2,1,1,5000000,0,5,tradable,1607313600,1692100800,normal,https://www.gate.com/trade/SEI_USDC,False,0.08,2587322.12,300000,0.35,0.35,,
702,BABI_USDT,BABI,Babylons,USDT,Tether,0.2,0.1,3,5000000,1,7,tradable,1607313600,1648108800,normal,https://www.gate.com/trade/BABI_USDT,False,0.1,644745326,100000,0.6,0.6,,
703,IAUON_USDT,IAUON,iShares Gold Trust Ondo Tokenized,USDT,Tether,0.2,0.01,3,5000000,2,2,tradable,1577808000,1765261800,normal,https://www.gate.com/trade/IAUON_USDT,False,0.06,6139.87,500000,0.25,0.25,,
704,HMT_USDT,HMT,HUMAN,USDT,Tether,0.2,1,3,5000000,0,7,tradable,1607313600,1628611200,normal,https://www.gate.com/trade/HMT_USDT,True,0.1,27131520.04,200000,0.4,0.4,1776826800.0,
705,ZKJ_USDT,ZKJ,Polyhedra Network,USDT,Tether,0.2,0.01,3,5000000,2,5,tradable,1607313600,1710842400,normal,https://www.gate.com/trade/ZKJ_USDT,False,0.1,7614213.2,300000,0.3,0.3,,
706,SEI_USDT,SEI,Sei,USDT,Tether,0.2,0.01,3,5000000,2,5,tradable,1607313600,1692100800,normal,https://www.gate.com/trade/SEI_USDT,False,0.05,8624407.07,1000000,0.25,0.25,,
707,LTC3L_USDT,LTC3L,LTC3xLong,USDT,Tether,0.2,0.01,3,5000000,2,6,tradable,1583128800,1583128800,normal,https://www.gate.com/trade/LTC3L_USDT,False,0.1,16542597.19,300000,0.6,0.6,,
708,BNKR_USDT,BNKR,BankrCoin,USDT,Tether,0.2,1,3,5000000,0,7,tradable,0,1753268400,normal,https://www.gate.com/trade/BNKR_USDT,False,0.1,980151923.55,200000,0.35,0.35,,
709,NS_USDT,NS,SuiNS,USDT,Tether,0.2,0.01,3,5000000,2,5,tradable,1577808000,1731582000,normal,https://www.gate.com/trade/NS_USDT,False,0.08,10611956.14,300000,0.35,0.35,,
710,DOGE_USD1,DOGE,DogeCoin,USD1,World Liberty Financial USD,0.2,0.1,0.00001,,1,5,tradable,0,0,normal,https://www.gate.com/trade/DOGE_USD1,False,0.04,7707129.09,1000000,0.15,0.15,,
711,ROOT_USDT,ROOT,The Root Network,USDT,Tether,0.2,1,3,5000000,0,7,tradable,1596702900,1700560800,normal,https://www.gate.com/trade/ROOT_USDT,False,0.1,726084588.85,200000,0.4,0.4,,
712,AERO_USDT,AERO,Aerodrome,USDT,Tether,0.2,0.01,3,5000000,2,4,tradable,1607313600,1711456200,normal,https://www.gate.com/trade/AERO_USDT,False,0.05,1918833.35,1000000,0.2,0.2,,
713,XRP_GUSD,XRP,XRP,GUSD,GUSD,0.2,0.01,1,5000000,2,3,tradable,0,0,normal,https://www.gate.com/trade/XRP_GUSD,False,0.05,524796.64,1000000,0.15,0.15,,
714,OPTIMUS_USDT,OPTIMUS,OPTIMUS,USDT,Tether,0.2,1,3,5000000,0,6,tradable,1607313600,1679457600,normal,https://www.gate.com/trade/OPTIMUS_USDT,False,0.1,20664359.15,200000,0.4,0.4,,
715,DOGE_USDC,DOGE,DogeCoin,USDC,USDCoin,0.2,0.01,1,5000000,2,5,tradable,0,0,normal,https://www.gate.com/trade/DOGE_USDC,False,0.05,7706535.14,1000000,0.15,0.15,,
716,TRB_USDC,TRB,Tellor,USDC,USDCoin,0.2,0.01,1,5000000,2,2,tradable,1597464000,1597467600,normal,https://www.gate.com/trade/TRB_USDC,False,0.1,10045.2,200000,0.4,0.4,,
717,TURBOS_USDT,TURBOS,Turbos,USDT,Tether,0.2,1,3,5000000,0,7,tradable,0,1684144800,normal,https://www.gate.com/trade/TURBOS_USDT,False,0.1,1232665639.45,200000,0.4,0.4,,
718,ALEX_USDT,ALEX,Alex Lab,USDT,Tether,0.2,1,3,5000000,0,7,tradable,1610643600,1681740000,normal,https://www.gate.com/trade/ALEX_USDT,False,0.1,147928994.08,200000,0.4,0.4,,
719,ZYRA_USDT,ZYRA,Bitcoin ZK,USDT,Tether,0.2,1,3,5000000,0,7,tradable,1577808000,1757602800,normal,https://www.gate.com/trade/ZYRA_USDT,False,0.1,431872165.84,200000,0.6,0.6,,
720,EDGEN_USDT,EDGEN,LayerEdge,USDT,Tether,0.2,0.01,3,5000000,2,6,tradable,1577808000,1748860200,normal,https://www.gate.com/trade/EDGEN_USDT,False,0.1,46821959.5,200000,0.4,0.4,,
721,YB_USDT,YB,Yieldbasis,USDT,Tether,0.2,1,3,5000000,0,5,tradable,1577808000,1760526000,normal,https://www.gate.com/trade/YB_USDT,False,0.08,737916.62,300000,0.4,0.4,,
722,NEAR3S_USDT,NEAR3S,NEAR3xShort,USDT,Tether,0.2,0.01,3,5000000,2,6,tradable,1602648000,1602648000,normal,https://www.gate.com/trade/NEAR3S_USDT,False,0.1,20596615.29,300000,0.6,0.6,,
723,BZZ_USDT,BZZ,Swarm,USDT,Tether,0.2,1,3,5000000,0,5,tradable,1607313600,1624323600,normal,https://www.gate.com/trade/BZZ_USDT,False,0.1,1332889.04,200000,0.4,0.4,,
724,USDE_USDT,USDE,Ethena USDe,USDT,Tether,0.2,0.01,3,5000000,2,4,tradable,0,1731571200,normal,https://www.gate.com/trade/USDE_USDT,False,0.03,2000000,2000000,0.08,0.08,,
725,COMP_USDT,COMP,Compound,USDT,Tether,0.2,0.001,3,5000000,3,2,tradable,1593146100,1593146100,normal,https://www.gate.com/trade/COMP_USDT,False,0.06,18549.43,500000,0.3,0.3,,
726,AGRI_USDT,AGRI,Agridex,USDT,Tether,0.2,1,3,5000000,0,7,tradable,1577808000,1733302800,normal,https://www.gate.com/trade/AGRI_USDT,False,0.1,33233632.44,200000,0.6,0.6,,
727,IMX_USDT,IMX,Immutable,USDT,Tether,0.2,1,3,5000000,0,5,tradable,1607313600,1636120800,normal,https://www.gate.com/trade/IMX_USDT,False,0.08,1230264.51,300000,0.35,0.35,,
728,TAUR_USDT,TAUR,Marnotaur,USDT,Tether,0.2,1,3,5000000,0,7,tradable,1607313600,1635163200,normal,https://www.gate.com/trade/TAUR_USDT,False,0.1,277623542,100000,0.4,0.4,,
729,RUNE_USDT,RUNE,RUNE,USDT,Tether,0.2,0.01,3,5000000,2,4,tradable,1576576800,1608199200,normal,https://www.gate.com/trade/RUNE_USDT,False,0.08,498711.66,300000,0.3,0.3,,
730,RBC_USDT,RBC,Rubic,USDT,Tether,0.2,0.01,3,5000000,2,6,tradable,1607313600,1617271200,normal,https://www.gate.com/trade/RBC_USDT,False,0.1,39490571.63,200000,0.4,0.4,,
731,LOGX_USDT,LOGX,LogX Network,USDT,Tether,0.2,1,3,5000000,0,8,tradable,1607313600,1727181000,normal,https://www.gate.com/trade/LOGX_USDT,False,0.1,76687116.56,200000,0.4,0.4,,
732,CHEX_USDT,CHEX,Chintai,USDT,Tether,0.2,0.01,3,5000000,2,5,tradable,1607313600,1716890400,normal,https://www.gate.com/trade/CHEX_USDT,False,0.1,6857534.72,200000,0.4,0.4,,
733,RUNE_USDC,RUNE,RUNE,USDC,USDCoin,0.2,0.01,1,5000000,2,4,tradable,1576576800,1608199200,normal,https://www.gate.com/trade/RUNE_USDC,False,0.08,498463.07,300000,0.35,0.35,,
734,MAX_USDT,MAX,Mastercard xStock,USDT,Tether,0.2,0.001,3,5000000,3,2,tradable,1607313600,1754056800,normal,https://www.gate.com/trade/MAX_USDT,False,0.1,526.42,300000,0.3,0.3,,
735,MGO_USDT,MGO,Mango Network,USDT,Tether,0.2,0.01,3,5000000,2,5,tradable,1577808000,1750755600,normal,https://www.gate.com/trade/MGO_USDT,False,0.1,24764735.02,500000,0.4,0.4,,
736,ACE_USDT,ACE,Fusionist,USDT,Tether,0.2,0.01,3,5000000,2,4,tradable,1607313600,1703221200,normal,https://www.gate.com/trade/ACE_USDT,False,0.08,1234567.9,300000,0.35,0.35,,
737,ARCA_USDT,ARCA,Legend of Arcadia,USDT,Tether,0.2,0.01,3,5000000,2,6,tradable,1577808000,1730718000,normal,https://www.gate.com/trade/ARCA_USDT,False,0.1,22275435.76,200000,0.4,0.4,,
738,RFC_USDT,RFC,Retard Finder Coin,USDT,Tether,0.2,1,3,5000000,0,7,tradable,1577808000,1744164000,normal,https://www.gate.com/trade/RFC_USDT,False,0.1,143420580.85,200000,0.4,0.4,,
739,RENDER_USDT,RENDER,Render,USDT,Tether,0.2,0.01,3,5000000,2,4,tradable,1607313600,1721890800,normal,https://www.gate.com/trade/RENDER_USDT,False,0.05,368053,500000,0.15,0.15,,
740,JOE_USDT,JOE,JOE,USDT,Tether,0.2,1,3,5000000,0,5,tradable,1607313600,1630735200,normal,https://www.gate.com/trade/JOE_USDT,False,0.1,4786215.7,300000,0.35,0.35,,
741,COAI3L_USDT,COAI3L,COAI3xLong,USDT,Tether,0.2,0.01,3,5000000,2,7,tradable,1577808000,1762765200,normal,https://www.gate.com/trade/COAI3L_USDT,False,0.1,5315614.62,200000,0.6,0.6,,
742,RENDER_USDC,RENDER,Render,USDC,USDCoin,0.2,0.01,1,5000000,2,3,tradable,1607313600,1721890800,normal,https://www.gate.com/trade/RENDER_USDC,False,0.08,220831.8,300000,0.35,0.35,,
743,MYX_USDT,MYX,MYX,USDT,Tether,0.2,0.01,3,5000000,2,4,tradable,1577808000,1757412000,normal,https://www.gate.com/trade/MYX_USDT,False,0.06,140924.46,500000,0.35,0.35,,
744,CRV3L_USDT,CRV3L,CRV3xLong,USDT,Tether,0.2,0.01,3,5000000,2,5,tradable,1603252800,1761123600,normal,https://www.gate.com/trade/CRV3L_USDT,False,0.1,1382870.84,300000,0.6,0.6,,
745,SHFT_USDT,SHFT,Shyft Network,USDT,Tether,0.2,0.1,3,5000000,1,7,tradable,1607313600,1617260400,normal,https://www.gate.com/trade/SHFT_USDT,False,0.1,448028674,200000,0.4,0.4,,
746,XPIN3S_USDT,XPIN3S,XPIN3xShort,USDT,Tether,0.2,0.01,3,5000000,2,5,tradable,1577808000,1761296400,normal,https://www.gate.com/trade/XPIN3S_USDT,False,0.1,39149.55,200000,0.6,0.6,,
747,BSU_USDT,BSU,Baby Shark,USDT,Tether,0.2,1,3,5000000,0,5,tradable,1577808000,1754733600,normal,https://www.gate.com/trade/BSU_USDT,False,0.1,1274778.51,200000,0.4,0.4,,
748,BRI_USDT,BRI,Brightpool Finance,USDT,Tether,0.2,0.01,3,5000000,2,6,tradable,1607313600,1711627200,normal,https://www.gate.com/trade/BRI_USDT,False,0.1,36913990,200000,0.4,0.4,,
749,ONT_USDT,ONT,Ontology,USDT,Tether,0.2,1,3,5000000,0,5,tradable,0,1520496000,normal,https://www.gate.com/trade/ONT_USDT,False,0.1,5030602.83,300000,0.3,0.3,,
750,MATH_USDT,MATH,MATH,USDT,Tether,0.2,0.01,3,5000000,2,5,tradable,1607313600,1616158800,normal,https://www.gate.com/trade/MATH_USDT,False,0.1,5546311.7,200000,0.4,0.4,,
751,ONT_USDC,ONT,Ontology,USDC,USDCoin,0.2,0.01,1,5000000,2,5,tradable,0,1520496000,normal,https://www.gate.com/trade/ONT_USDC,False,0.1,3356831.15,200000,0.4,0.4,,
752,HP_USDT,HP,Hippo Protocol,USDT,Tether,0.2,1,3,5000000,0,6,tradable,1577808000,1758099600,normal,https://www.gate.com/trade/HP_USDT,False,0.1,9626955.48,200000,0.4,0.4,,
753,JUP_USDT,JUP,Jupiter,USDT,Tether,0.2,1,3,5000000,0,5,tradable,1596702900,1706713800,normal,https://www.gate.com/trade/JUP_USDT,False,0.06,2623983.21,500000,0.3,0.3,,
754,THETA_USDT,THETA,Theta,USDT,Tether,0.2,0.1,3,5000000,1,4,tradable,0,0,normal,https://www.gate.com/trade/THETA_USDT,False,0.08,909504.32,300000,0.3,0.3,,
755,BOSON_ETH,BOSON,Boson,ETH,Ethereum,0.2,0.001,0.001,1000,3,9,tradable,1607313600,1617958800,normal,https://www.gate.com/trade/BOSON_ETH,False,0.1,6507239,66.66666666,0.6,0.6,,
756,NBS_USDT,NBS,NBS,USDT,Tether,0.2,1,3,5000000,0,8,tradable,1600502400,1600509600,normal,https://www.gate.com/trade/NBS_USDT,False,0.1,6157635468,200000,0.4,0.4,,
757,DEP_USDT,DEP,DEAPCOIN,USDT,Tether,0.2,1,3,5000000,0,7,tradable,1607313600,1645156800,normal,https://www.gate.com/trade/DEP_USDT,False,0.1,174428745.86,200000,0.4,0.4,,
758,LIME_USDT,LIME,iMe Lab,USDT,Tether,0.2,0.1,3,5000000,1,6,tradable,1607313600,1623326400,normal,https://www.gate.com/trade/LIME_USDT,False,0.1,36479708.16,200000,0.4,0.4,,
759,BSCS_USDT,BSCS,BSCS,USDT,Tether,0.2,1,3,5000000,0,7,tradable,1608782400,1619596800,normal,https://www.gate.com/trade/BSCS_USDT,False,0.1,199501247,200000,0.4,0.4,,
760,VAI_USDT,VAI,Vaiot,USDT,Tether,0.2,1,3,5000000,0,6,tradable,1607313600,1648026000,normal,https://www.gate.com/trade/VAI_USDT,False,0.1,25087807.33,200000,0.4,0.4,,
761,EZSWAP_USDT,EZSWAP,EZswap Protocol,USDT,Tether,0.2,1,3,5000000,0,8,tradable,1520614800,1711454400,normal,https://www.gate.com/trade/EZSWAP_USDT,False,0.1,3449167888.25,200000,0.4,0.4,,
762,OVO_USDT,OVO,OVO NFT Platform,USDT,Tether,0.2,0.1,3,5000000,1,7,tradable,1607313600,1679576400,normal,https://www.gate.com/trade/OVO_USDT,False,0.1,287356321.84,100000,0.4,0.4,,
763,SOUL_USDT,SOUL,Phantasma,USDT,Tether,0.2,0.01,3,5000000,2,5,tradable,0,1528545600,normal,https://www.gate.com/trade/SOUL_USDT,False,0.1,15349194.17,200000,0.4,0.4,,
764,ROCK_USDT,ROCK,Zenrock,USDT,Tether,0.2,1,3,5000000,0,6,tradable,1577808000,1732867200,normal,https://www.gate.com/trade/ROCK_USDT,False,0.1,15655577.3,200000,0.4,0.4,,
765,APE3L_USDT,APE3L,APE3xLong,USDT,Tether,0.2,0.01,3,5000000,2,6,tradable,1582704000,1762158600,normal,https://www.gate.com/trade/APE3L_USDT,False,0.1,1128668.17,300000,0.6,0.6,,
766,JUP_USDC,JUP,Jupiter,USDC,USDCoin,0.2,0.01,1,5000000,2,4,tradable,1596702900,1706713800,normal,https://www.gate.com/trade/JUP_USDC,False,0.08,1575630.25,300000,0.35,0.35,,
767,UNI3S_USDT,UNI3S,UNI3xShort,USDT,Tether,0.2,0.01,3,5000000,2,5,tradable,1582704000,1752746400,normal,https://www.gate.com/trade/UNI3S_USDT,False,0.1,3399626.04,300000,0.6,0.6,,
768,SMURFCAT_USDT,SMURFCAT,Real Smurf Cat,USDT,Tether,0.2,1,3,5000000,0,9,tradable,0,1697796000,normal,https://www.gate.com/trade/SMURFCAT_USDT,False,0.1,18026137899.95,200000,0.4,0.4,,
769,IKA_USDT,IKA,Ika,USDT,Tether,0.2,1,3,5000000,0,6,tradable,1577808000,1753783200,normal,https://www.gate.com/trade/IKA_USDT,False,0.08,66141940.6,500000,0.35,0.35,,
770,HOPPY_USDT,HOPPY,Hoppy,USDT,Tether,0.2,1,3,5000000,0,9,tradable,1577808000,1732104000,normal,https://www.gate.com/trade/HOPPY_USDT,False,0.1,35090797438.37,200000,0.4,0.4,,
771,XNY_USDT,XNY,Codatta,USDT,Tether,0.2,0.1,3,5000000,1,6,tradable,1577808000,1753275600,normal,https://www.gate.com/trade/XNY_USDT,False,0.1,129516901.96,500000,0.4,0.4,,
772,BMON_USDT,BMON,Binamon,USDT,Tether,0.2,0.1,3,5000000,1,6,tradable,1608782400,1629788400,normal,https://www.gate.com/trade/BMON_USDT,False,0.1,94317378,200000,0.4,0.4,,
773,ISLAND_USDT,ISLAND,Nifty Island,USDT,Tether,0.2,0.01,3,5000000,2,6,tradable,1577808000,1734447600,normal,https://www.gate.com/trade/ISLAND_USDT,False,0.1,33537352.23,200000,0.4,0.4,,
774,AIBOT_USDT,AIBOT,Cherry AI,USDT,Tether,0.2,1,3,5000000,0,6,tradable,1577808000,1755165900,normal,https://www.gate.com/trade/AIBOT_USDT,False,0.1,23950661.64,200000,0.6,0.6,,
775,BDT_USDT,BDT,Bandot Protocol,USDT,Tether,0.2,1,3,5000000,0,9,tradable,1607313600,1619701200,normal,https://www.gate.com/trade/BDT_USDT,False,0.1,10293360782,100000,0.4,0.4,,
776,XAUT_USDT,XAUT,Tether Gold,USDT,Tether,0.2,0.0001,3,5000000,4,1,tradable,1607313600,1640077200,normal,https://www.gate.com/trade/XAUT_USDT,False,0.03,231.37,1000000,0.08,0.08,,
777,IKA_USD1,IKA,Ika,USD1,World Liberty Financial USD,0.2,1,0.000001,,0,6,tradable,1577808000,1753783200,normal,https://www.gate.com/trade/IKA_USD1,False,0.1,39450325.47,300000,0.35,0.35,,
778,PEOPLE3S_USDT,PEOPLE3S,PEOPLE3xShort,USDT,Tether,0.2,0.01,3,5000000,2,5,tradable,1582704000,1747386000,normal,https://www.gate.com/trade/PEOPLE3S_USDT,False,0.1,1612188.14,200000,0.6,0.6,,
779,A47_USDT,A47,Agenda 47 News Network,USDT,Tether,0.2,0.01,3,5000000,2,6,tradable,1577808000,1746194400,normal,https://www.gate.com/trade/A47_USDT,False,0.1,11784809.38,200000,0.4,0.4,,
780,UNION_USDT,UNION,Union,USDT,Tether,0.2,1,3,5000000,0,7,tradable,1577808000,1768287600,normal,https://www.gate.com/trade/UNION_USDT,False,0.1,0,0,0.4,0.4,,
781,FARTCOIN5L_USDT,FARTCOIN5L,FARTCOIN5xLong,USDT,Tether,0.2,0.01,3,5000000,2,5,tradable,1577808000,1773302400,normal,https://www.gate.com/trade/FARTCOIN5L_USDT,False,0.1,384763370.53,500000,0.6,0.6,,
782,MBG_USDT,MBG,MBG by Multibank Group,USDT,Tether,0.2,0.1,3,5000000,1,4,tradable,1577808000,1753171200,normal,https://www.gate.com/trade/MBG_USDT,False,0.06,1025430.68,500000,0.4,0.4,,
783,XRP3S_USDT,XRP3S,XRP3xShort,USDT,Tether,0.2,0.01,3,5000000,2,5,tradable,1603252800,1752746400,normal,https://www.gate.com/trade/XRP3S_USDT,False,0.1,771813.38,500000,0.6,0.6,,
784,OBT_USDT,OBT,Orbiter Finance,USDT,Tether,0.2,1,3,5000000,0,7,tradable,1607313600,1737367200,normal,https://www.gate.com/trade/OBT_USDT,False,0.1,93088201.07,200000,0.4,0.4,,
785,SQD_USDT,SQD,Subsquid,USDT,Tether,0.2,0.01,3,5000000,2,5,tradable,1607313600,1715932800,normal,https://www.gate.com/trade/SQD_USDT,False,0.1,6803492.46,300000,0.4,0.4,,
786,NIZA_USDT,NIZA,Niza Global,USDT,Tether,0.2,1,3,5000000,0,6,tradable,1607313600,1758618000,normal,https://www.gate.com/trade/NIZA_USDT,False,0.1,1400172.92,200000,0.4,0.4,,
787,CYS_USDT,CYS,Cysic,USDT,Tether,0.2,0.1,3,5000000,1,4,tradable,1596702900,1765447200,normal,https://www.gate.com/trade/CYS_USDT,False,0.1,2593361,500000,0.35,0.35,,
788,GEMS_USDT,GEMS,Gems,USDT,Tether,0.2,1,3,5000000,0,6,tradable,1607313600,1724148000,normal,https://www.gate.com/trade/GEMS_USDT,False,0.1,2414292.61,200000,0.4,0.4,,
789,TEVA_USDT,TEVA,Tevaera,USDT,Tether,0.2,1,3,5000000,0,7,tradable,1577808000,1735308000,normal,https://www.gate.com/trade/TEVA_USDT,False,0.1,130123617.44,200000,0.4,0.4,,
790,GAIX_USDT,GAIX,GaiAI,USDT,Tether,0.2,1,3,5000000,0,5,tradable,1577808000,1766829600,normal,https://www.gate.com/trade/GAIX_USDT,False,0.1,0,0,0.4,0.4,,
791,WRX_USDT,WRX,WazirX,USDT,Tether,0.2,0.01,3,5000000,2,5,tradable,1576576800,1615791600,normal,https://www.gate.com/trade/WRX_USDT,False,0.1,3442933.38,200000,0.4,0.4,,
792,AIRDROP_USDT,AIRDROP,Airdrop2049,USDT,Tether,0.2,1,3,5000000,0,8,tradable,1607313600,1726819200,normal,https://www.gate.com/trade/AIRDROP_USDT,False,0.1,6367398917.54,200000,0.6,0.6,,
793,PAL_USDT,PAL,Palio,USDT,Tether,0.2,0.01,3,5000000,2,6,tradable,1577808000,1751889600,normal,https://www.gate.com/trade/PAL_USDT,False,0.1,72621641.25,200000,0.4,0.4,,
794,STRM_USDT,STRM,StreamCoin,USDT,Tether,0.2,1,3,5000000,0,7,tradable,1607313600,1651809600,normal,https://www.gate.com/trade/STRM_USDT,False,0.1,193283401.79,200000,0.4,0.4,,
795,PNG_USDT,PNG,Pangolin,USDT,Tether,0.2,0.01,3,5000000,2,5,tradable,1607313600,1623902400,normal,https://www.gate.com/trade/PNG_USDT,False,0.1,4853779.88,200000,0.4,0.4,,
796,SENT_USDT,SENT,Sentient,USDT,Tether,0.2,1,3,5000000,0,5,tradable,0,1769083200,normal,https://www.gate.com/trade/SENT_USDT,False,0.05,0,0,0.4,0.4,,
797,PLANCK_USDT,PLANCK,Planck,USDT,Tether,0.2,1,3,5000000,0,7,tradable,1577808000,1763042400,normal,https://www.gate.com/trade/PLANCK_USDT,True,0.1,18785222.29,300000,0.4,0.4,1776826800.0,
798,ARB3S_USDT,ARB3S,ARB3xShort,USDT,Tether,0.2,0.01,3,5000000,2,5,tradable,1582704000,1752746400,normal,https://www.gate.com/trade/ARB3S_USDT,False,0.1,1245976.53,300000,0.6,0.6,,
799,NYAN_USDT,NYAN,Nyan Heroes,USDT,Tether,0.2,1,3,5000000,0,7,tradable,1596702900,1716278400,normal,https://www.gate.com/trade/NYAN_USDT,False,0.1,170648464.16,200000,0.4,0.4,,
800,ACH_USDT,ACH,Alchemy Pay,USDT,Tether,0.2,1,3,5000000,0,6,tradable,1608004800,1608091200,normal,https://www.gate.com/trade/ACH_USDT,False,0.08,36258158.09,300000,0.3,0.3,,
801,EIGEN_USDT,EIGEN,EigenLayer,USDT,Tether,0.2,0.01,3,5000000,2,4,tradable,1609434000,1727756100,normal,https://www.gate.com/trade/EIGEN_USDT,False,0.06,1238390.09,500000,0.2,0.2,,
802,TSLAX_USDT,TSLAX,Tesla xStock,USDT,Tether,0.2,0.001,3,5000000,3,2,tradable,1577808000,1751450400,normal,https://www.gate.com/trade/TSLAX_USDT,False,0.05,1015.29,500000,0.15,0.15,,
803,GOOGLX_USDT,GOOGLX,Alphabet xStock,USDT,Tether,0.2,0.001,3,5000000,3,2,tradable,1577808000,1751454000,normal,https://www.gate.com/trade/GOOGLX_USDT,False,0.08,974.01,300000,0.15,0.15,,
804,TURT_USDT,TURT,Turtsat,USDT,Tether,0.2,1,3,5000000,0,8,tradable,1607313600,1703246400,normal,https://www.gate.com/trade/TURT_USDT,False,0.1,1652892561.98,200000,0.6,0.6,,
805,IOTA_BTC,IOTA,IOTA,BTC,Bitcoin,0.2,0.1,0.000001,100,1,10,tradable,0,0,normal,https://www.gate.com/trade/IOTA_BTC,False,0.1,3127834.6,3.333333333,0.6,0.6,,
806,GO4_USDT,GO4,GameonForge,USDT,Tether,0.2,0.01,3,5000000,2,5,tradable,1577808000,1731913200,normal,https://www.gate.com/trade/GO4_USDT,False,0.1,854189.8,100000,0.4,0.4,,
807,GNS_USDT,GNS,Gains Network,USDT,Tether,0.2,0.01,3,5000000,2,4,tradable,1607313600,1675166400,normal,https://www.gate.com/trade/GNS_USDT,False,0.1,240355.73,300000,0.35,0.35,,
808,BABAON_USDT,BABAON,Alibaba Ondo Tokenized,USDT,Tether,0.2,0.001,3,5000000,3,2,tradable,1577808000,1756899000,normal,https://www.gate.com/trade/BABAON_USDT,False,0.05,3324.25,500000,0.15,0.15,,
809,WNCG_BTC,WNCG,Nine Chronicles,BTC,Bitcoin,0.2,0.001,0.000001,100,3,11,tradable,1607313600,1629165600,normal,https://www.gate.com/trade/WNCG_BTC,False,0.1,27067262.15,2.22222222,0.6,0.6,,
810,MODE_USDT,MODE,Mode,USDT,Tether,0.2,1,3,5000000,0,7,tradable,1597636800,1715079600,normal,https://www.gate.com/trade/MODE_USDT,False,0.1,325971803.44,200000,0.4,0.4,,
811,KAS5S_USDT,KAS5S,KAS5xShort,USDT,Tether,0.2,0.01,3,5000000,2,6,tradable,1577808000,1760522400,normal,https://www.gate.com/trade/KAS5S_USDT,False,0.1,1215103.74,200000,0.6,0.6,,
812,HOODX_USDT,HOODX,Robinhood xStock,USDT,Tether,0.2,0.001,3,5000000,3,2,tradable,1577808000,1751464800,normal,https://www.gate.com/trade/HOODX_USDT,False,0.08,2493.35,300000,0.15,0.15,,
813,LINEA_USDT,LINEA,Linea,USDT,Tether,0.2,1,3,5000000,0,6,tradable,1577808000,1757516400,normal,https://www.gate.com/trade/LINEA_USDT,False,0.06,72374610.99,500000,0.25,0.25,,
814,TRX5S_USDT,TRX5S,TRX5xShort,USDT,Tether,0.2,0.01,3,5000000,2,5,tradable,1577808000,1747126800,normal,https://www.gate.com/trade/TRX5S_USDT,False,0.08,1327697.99,300000,0.6,0.6,,
815,BABA3S_USDT,BABA3S,BABA3xShort,USDT,Tether,0.2,0.01,3,5000000,2,5,tradable,1577808000,1769482800,normal,https://www.gate.com/trade/BABA3S_USDT,False,0.1,0,0,0.6,0.6,,
816,BCCOIN_USDT,BCCOIN,BlackCardCoin,USDT,Tether,0.2,0.01,3,5000000,2,5,tradable,1607313600,1713949200,normal,https://www.gate.com/trade/BCCOIN_USDT,False,0.1,4010025.06,200000,0.4,0.4,,
817,MAD_USDT,MAD,MAD,USDT,Tether,0.2,1,3,5000000,0,10,tradable,0,1733907600,normal,https://www.gate.com/trade/MAD_USDT,False,0.1,221055540204.48,200000,0.4,0.4,,
818,GMRT_USDT,GMRT,Gamer Tag,USDT,Tether,0.2,1,3,5000000,0,6,tradable,1577808000,1739433600,normal,https://www.gate.com/trade/GMRT_USDT,False,0.1,12218963.83,200000,0.4,0.4,,
819,STARL_USDT,STARL,STARLINK,USDT,Tether,0.2,1,3,5000000,0,11,tradable,1607313600,1629460800,normal,https://www.gate.com/trade/STARL_USDT,False,0.1,808897876643.07,200000,0.4,0.4,,
820,DSYNC_USDT,DSYNC,Destra Network,USDT,Tether,0.2,0.01,3,5000000,2,5,tradable,1607313600,1713780000,normal,https://www.gate.com/trade/DSYNC_USDT,False,0.1,9960159.36,200000,0.4,0.4,,
821,MP_USDT,MP,MerlinSwap,USDT,Tether,0.2,0.1,3,5000000,1,7,tradable,1609434000,1712566800,normal,https://www.gate.com/trade/MP_USDT,False,0.1,905592030.79,200000,0.4,0.4,,
822,K21_USDT,K21,K21,USDT,Tether,0.2,0.01,3,5000000,2,5,tradable,1607313600,1616817600,normal,https://www.gate.com/trade/K21_USDT,False,0.1,7738441,200000,0.4,0.4,,
823,LINK5S_USDT,LINK5S,LINK5xShort,USDT,Tether,0.2,0.01,3,5000000,2,5,tradable,1582704000,1755246600,normal,https://www.gate.com/trade/LINK5S_USDT,False,0.08,5202913.63,500000,0.6,0.6,,
824,ALCH_USDT,ALCH,Alchemist AI,USDT,Tether,0.2,0.01,3,5000000,2,5,tradable,0,1735887600,normal,https://www.gate.com/trade/ALCH_USDT,False,0.08,2858939.91,500000,0.35,0.35,,
825,MANTRA_USDT,MANTRA,MANTRA,USDT,Tether,0.2,1,3,5000000,0,5,tradable,1577808000,1772611200,normal,https://www.gate.com/trade/MANTRA_USDT,False,0.05,0,0,0.4,0.4,,
826,MANEKI_USDT,MANEKI,MANEKI,USDT,Tether,0.2,0.01,3,5000000,2,7,tradable,1596702900,1713951000,normal,https://www.gate.com/trade/MANEKI_USDT,False,0.1,415498078.32,200000,0.4,0.4,,
827,NPC_USDT,NPC,Non-Playable Coin,USDT,Tether,0.2,0.01,3,5000000,2,6,tradable,1607313600,1719583200,normal,https://www.gate.com/trade/NPC_USDT,False,0.1,18557179.31,200000,0.35,0.35,,
828,GALA3S_USDT,GALA3S,GALA3xShort,USDT,Tether,0.2,0.01,3,5000000,2,3,tradable,1582704000,1761123600,normal,https://www.gate.com/trade/GALA3S_USDT,False,0.1,71718.86,300000,0.6,0.6,,
829,VANA_USDT,VANA,Vana,USDT,Tether,0.2,0.01,3,5000000,2,3,tradable,1577808000,1734348600,normal,https://www.gate.com/trade/VANA_USDT,False,0.1,113744.08,300000,0.3,0.3,,
830,DEEPLINK_USDT,DEEPLINK,DeepLink Protocol,USDT,Tether,0.2,1,3,5000000,0,9,tradable,1577808000,1742299200,normal,https://www.gate.com/trade/DEEPLINK_USDT,False,0.1,26874496103.2,200000,0.4,0.4,,
831,KOON_USDT,KOON,Coca-Cola Ondo Tokenized,USDT,Tether,0.2,0.01,3,5000000,2,2,tradable,1577808000,1765265400,normal,https://www.gate.com/trade/KOON_USDT,False,0.06,7033.83,500000,0.2,0.2,,
832,ENA3L_USDT,ENA3L,ENA3xLong,USDT,Tether,0.2,0.01,3,5000000,2,6,tradable,1577808000,1762158600,normal,https://www.gate.com/trade/ENA3L_USDT,False,0.1,1732751.9,300000,0.6,0.6,,
833,MIX_USDT,MIX,MixMarvel,USDT,Tether,0.2,1,3,5000000,0,9,tradable,1560227700,1560227700,normal,https://www.gate.com/trade/MIX_USDT,False,0.1,29884198729.92,200000,0.4,0.4,,
834,EVAA_USDT,EVAA,EVAA Protocol,USDT,Tether,0.2,0.1,3,5000000,1,4,tradable,1577808000,1759485600,normal,https://www.gate.com/trade/EVAA_USDT,False,0.1,392567.39,300000,0.4,0.4,,
835,CHAIN_USDT,CHAIN,Chain Games,USDT,Tether,0.2,0.1,3,5000000,1,6,tradable,1607313600,1616144400,normal,https://www.gate.com/trade/CHAIN_USDT,False,0.1,8395600.71,100000,0.4,0.4,,
836,ATR_USDT,ATR,Artrade,USDT,Tether,0.2,0.01,3,5000000,2,7,tradable,1596702900,1711702800,normal,https://www.gate.com/trade/ATR_USDT,False,0.1,80612656.19,200000,0.4,0.4,,
837,XAL3S_USDT,XAL3S,XAL3xShort,USDT,Tether,0.2,0.01,3,5000000,2,5,tradable,1577808000,1769688000,normal,https://www.gate.com/trade/XAL3S_USDT,False,0.1,0,0,0.6,0.6,,
838,ROBO_USDT,ROBO,Fabric Protocol,USDT,Tether,0.2,1,3,5000000,0,6,tradable,1577808000,1772186400,normal,https://www.gate.com/trade/ROBO_USDT,False,0.1,0,0,0.4,0.4,,
839,EMC_USDT,EMC,Edge Matrix Chain,USDT,Tether,0.2,1,3,5000000,0,7,tradable,1607313600,1712901600,normal,https://www.gate.com/trade/EMC_USDT,False,0.1,307881773.4,200000,0.4,0.4,,
840,GALA3L_USDT,GALA3L,GALA3xLong,USDT,Tether,0.2,0.01,3,5000000,2,5,tradable,1582704000,1762158600,normal,https://www.gate.com/trade/GALA3L_USDT,False,0.1,974199.94,300000,0.6,0.6,,
841,OPEN_USDT,OPEN,Openledger,USDT,Tether,0.2,1,3,5000000,0,5,tradable,1607313600,1757336400,normal,https://www.gate.com/trade/OPEN_USDT,False,0.1,1640240.57,300000,0.3,0.3,,
842,POL3S_USDT,POL3S,POL3xShort,USDT,Tether,0.2,0.01,3,5000000,2,5,tradable,1582704000,1630209600,normal,https://www.gate.com/trade/POL3S_USDT,False,0.1,1238735.25,200000,0.6,0.6,,
843,CVC_USDT,CVC,Civic,USDT,Tether,0.2,0.01,3,5000000,2,5,tradable,0,0,normal,https://www.gate.com/trade/CVC_USDT,False,0.08,7241129.62,300000,0.3,0.3,,
844,ATOZ_USDT,ATOZ,Race Kingdom,USDT,Tether,0.2,0.01,3,5000000,2,5,tradable,1607313600,1665558000,normal,https://www.gate.com/trade/ATOZ_USDT,False,0.1,4188481.68,100000,0.4,0.4,,
845,ETH5S_USDT,ETH5S,ETH5xShort,USDT,Tether,0.2,0.01,3,5000000,2,6,tradable,1582704000,1747380600,normal,https://www.gate.com/trade/ETH5S_USDT,False,0.05,38230683.95,500000,0.6,0.6,,
846,PNUT_USDT,PNUT,Peanut the Squirrel,USDT,Tether,0.2,1,3,5000000,0,5,tradable,0,1730815200,normal,https://www.gate.com/trade/PNUT_USDT,False,0.08,6644076.81,500000,0.2,0.2,,
847,MBL_USDT,MBL,MovieBloc,USDT,Tether,0.2,1,3,5000000,0,7,tradable,0,1557115200,normal,https://www.gate.com/trade/MBL_USDT,False,0.1,258286698.24,300000,0.35,0.35,,
848,GALFAN_USDT,GALFAN,Galatasaray Fan Token,USDT,Tether,0.2,0.01,3,5000000,2,4,tradable,1608782400,1651399200,normal,https://www.gate.com/trade/GALFAN_USDT,False,0.1,179179.36,200000,0.4,0.4,,
849,ADA_BTC,ADA,Cardano,BTC,Bitcoin,0.2,0.01,0.000001,100,2,10,tradable,0,0,normal,https://www.gate.com/trade/ADA_BTC,False,0.1,1269957.38,5.555555556,0.6,0.6,,
850,XPL_USDT,XPL,Plasma,USDT,Tether,0.2,1,3,5000000,0,5,tradable,1577808000,1758805200,normal,https://www.gate.com/trade/XPL_USDT,False,0.06,7730962.5,1000000,0.15,0.15,,
851,FOXY_USDT,FOXY,Foxy Linea,USDT,Tether,0.2,1,3,5000000,0,8,tradable,1607313600,1712908800,normal,https://www.gate.com/trade/FOXY_USDT,False,0.1,393429723.62,200000,0.4,0.4,,
852,VERT_USDT,VERT,Vertus,USDT,Tether,0.2,0.01,3,5000000,2,7,tradable,0,1737118800,normal,https://www.gate.com/trade/VERT_USDT,False,0.1,151802656.55,200000,0.4,0.4,,
853,KT_USDT,KT,KingdomX,USDT,Tether,0.2,1,3,5000000,0,7,tradable,1607313600,1644411600,normal,https://www.gate.com/trade/KT_USDT,False,0.1,216990343.93,200000,0.4,0.4,,
854,NUTS_USDT,NUTS,Thetanuts Finance,USDT,Tether,0.2,0.01,3,5000000,2,6,tradable,1607313600,1716199200,normal,https://www.gate.com/trade/NUTS_USDT,False,0.1,208188757.81,300000,0.4,0.4,,
855,SPK_USDT,SPK,Spark,USDT,Tether,0.2,0.01,3,5000000,2,5,tradable,1577808000,1750150800,normal,https://www.gate.com/trade/SPK_USDT,False,0.1,13761467.89,300000,0.3,0.3,,
856,GOMINING_USDT,GOMINING,GoMining,USDT,Tether,0.2,0.01,3,5000000,2,4,tradable,1607313600,1682773200,normal,https://www.gate.com/trade/GOMINING_USDT,False,0.1,965717.04,300000,0.4,0.4,,
857,SPYON_USDT,SPYON,SPDR S&P 500 ETF Ondo Tokenized,USDT,Tether,0.2,0.001,3,5000000,3,2,tradable,1577808000,1756909800,normal,https://www.gate.com/trade/SPYON_USDT,False,0.05,732.45,500000,0.15,0.15,,
858,KEKIUS_USDT,KEKIUS,Kekius Maximus,USDT,Tether,0.2,0.01,3,5000000,2,6,tradable,0,1735732800,normal,https://www.gate.com/trade/KEKIUS_USDT,False,0.1,23162893.05,200000,0.4,0.4,,
859,AIOT_USDT,AIOT,OKZOO,USDT,Tether,0.2,0.1,3,5000000,1,5,tradable,1577808000,1756519200,normal,https://www.gate.com/trade/AIOT_USDT,False,0.1,3194888.18,500000,0.4,0.4,,
860,METAX_USDT,METAX,Meta xStock,USDT,Tether,0.2,0.001,3,5000000,3,2,tradable,1608782400,1751452200,normal,https://www.gate.com/trade/METAX_USDT,False,0.1,455.12,300000,0.15,0.15,,
861,SKR_USDT,SKR,Seeker,USDT,Tether,0.2,1,3,5000000,0,6,tradable,1577808000,1768960800,normal,https://www.gate.com/trade/SKR_USDT,False,0.05,0,0,0.35,0.35,,
862,PENGU3L_USDT,PENGU3L,三倍多PENGU,USDT,Tether,0.2,0.01,3,5000000,2,4,tradable,1577808000,1766995200,normal,https://www.gate.com/trade/PENGU3L_USDT,False,0.1,226843100.19,300000,0.6,0.6,,
863,PEPE3S_USDT,PEPE3S,PEPE3xShort,USDT,Tether,0.2,0.01,3,5000000,2,5,tradable,1582704000,1749112200,normal,https://www.gate.com/trade/PEPE3S_USDT,False,0.1,490484.6,500000,0.6,0.6,,
864,NEAR_USDC,NEAR,Near,USDC,USDCoin,0.2,0.01,1,5000000,2,4,tradable,1602561600,1602655200,normal,https://www.gate.com/trade/NEAR_USDC,False,0.06,326051.52,500000,0.35,0.35,,
865,SMB_USDT,SMB,Social Master & Branch,USDT,Tether,0.2,0.01,3,5000000,2,5,tradable,1577808000,1742176200,normal,https://www.gate.com/trade/SMB_USDT,False,0.1,358262.43,200000,0.4,0.4,,
866,NEAR_USDT,NEAR,Near,USDT,Tether,0.2,0.01,3,5000000,2,4,tradable,1602561600,1602655200,normal,https://www.gate.com/trade/NEAR_USDT,False,0.05,651253.66,1000000,0.15,0.15,,
867,MTRG_USDT,MTRG,Meter,USDT,Tether,0.2,0.01,3,5000000,2,5,tradable,1594960500,1594960500,normal,https://www.gate.com/trade/MTRG_USDT,False,0.1,6175698.63,200000,0.4,0.4,,
868,MMPRO_USDT,MMPRO,Market Making Pro,USDT,Tether,0.2,0.01,3,5000000,2,6,tradable,1607313600,1652871600,normal,https://www.gate.com/trade/MMPRO_USDT,False,0.1,23707918,100000,0.6,0.6,,
869,HMSTR_USDT,HMSTR,Hamster Kombat,USDT,Tether,0.2,0.1,3,5000000,1,7,tradable,1609434000,1727352000,normal,https://www.gate.com/trade/HMSTR_USDT,False,0.08,2516989680.34,500000,0.35,0.35,,
870,POL3L_USDT,POL3L,POL3xLong,USDT,Tether,0.2,0.01,3,5000000,2,4,tradable,1582704000,1766995200,normal,https://www.gate.com/trade/POL3L_USDT,False,0.1,191143676.33,300000,0.6,0.6,,
871,FLOKI_USDC,FLOKI,Floki Inu,USDC,USDCoin,0.2,1,1,5000000,0,8,tradable,1607313600,1631781000,normal,https://www.gate.com/trade/FLOKI_USDC,False,0.08,7125044531.53,300000,0.35,0.35,,
872,BELLS_USDT,BELLS,Bellscoin,USDT,Tether,0.2,1,3,5000000,0,5,tradable,1577808000,1732953600,normal,https://www.gate.com/trade/BELLS_USDT,False,0.1,2499843.76,200000,0.4,0.4,,
873,EVER_USDT,EVER,Everscale(EVER),USDT,Tether,0.2,0.1,3,5000000,1,6,tradable,1608782400,1647576000,normal,https://www.gate.com/trade/EVER_USDT,False,0.1,23050769.32,200000,0.4,0.4,,
874,HELLO_USDT,HELLO,HELLO,USDT,Tether,0.2,0.1,3,5000000,1,6,tradable,1608782400,1666238400,normal,https://www.gate.com/trade/HELLO_USDT,False,0.1,68634180,200000,0.4,0.4,,
875,UNHX_USDT,UNHX,UnitedHealth xStock,USDT,Tether,0.2,0.001,3,5000000,3,2,tradable,1577808000,1753884000,normal,https://www.gate.com/trade/UNHX_USDT,False,0.1,885.37,300000,0.4,0.4,,
876,RESOLV3L_USDT,RESOLV3L,RESOLV3xLong,USDT,Tether,0.2,0.01,3,5000000,2,5,tradable,1577808000,1775030400,normal,https://www.gate.com/trade/RESOLV3L_USDT,False,0.1,20939119.51,200000,0.6,0.6,,
877,SAROS_USDT,SAROS,Saros,USDT,Tether,0.2,1,3,5000000,0,7,tradable,1596702900,1705662000,normal,https://www.gate.com/trade/SAROS_USDT,False,0.1,134553283.1,500000,0.4,0.4,,
878,STOS_USDT,STOS,Stratos,USDT,Tether,0.2,1,3,5000000,0,5,tradable,1607313600,1634011200,normal,https://www.gate.com/trade/STOS_USDT,False,0.1,3210530.54,200000,0.4,0.4,,
879,MVL_USDT,MVL,MVL,USDT,Tether,0.2,0.1,3,5000000,1,6,tradable,1607313600,1711450800,normal,https://www.gate.com/trade/MVL_USDT,False,0.1,121065375.3,200000,0.4,0.4,,
880,CORL_USDT,CORL,Coral Finance,USDT,Tether,0.2,1,3,5000000,0,7,tradable,1577808000,1760274000,normal,https://www.gate.com/trade/CORL_USDT,False,0.1,86580086.58,200000,0.4,0.4,,
881,SUPERFORM_USDT,SUPERFORM,Superform,USDT,Tether,0.2,1,3,5000000,0,5,tradable,1607313600,1775826000,normal,https://www.gate.com/trade/SUPERFORM_USDT,False,0.05,0,0,0.4,0.4,,
882,AAPL3S_USDT,AAPL3S,AAPL3xShort,USDT,Tether,0.2,0.01,3,5000000,2,5,tradable,1577808000,1769427000,normal,https://www.gate.com/trade/AAPL3S_USDT,False,0.1,0,0,0.6,0.6,,
883,CHEEMS_USDT,CHEEMS,Cheems,USDT,Tether,0.2,1,3,5000000,0,10,tradable,0,1729850400,normal,https://www.gate.com/trade/CHEEMS_USDT,False,0.1,291587694999.27,300000,0.4,0.4,,
884,VNO_USDT,VNO,VenoFinance,USDT,Tether,0.2,0.01,3,5000000,2,6,tradable,1568694900,1685534400,normal,https://www.gate.com/trade/VNO_USDT,False,0.1,28360748.72,200000,0.4,0.4,,
885,PENGU3S_USDT,PENGU3S,三倍空PENGU,USDT,Tether,0.2,0.01,3,5000000,2,6,tradable,1577808000,1752836400,normal,https://www.gate.com/trade/PENGU3S_USDT,False,0.1,18536253.82,300000,0.6,0.6,,
886,A8_USDT,A8,Ancient8,USDT,Tether,0.2,1,3,5000000,0,6,tradable,1607313600,1721210400,normal,https://www.gate.com/trade/A8_USDT,False,0.1,5925925.93,300000,0.4,0.4,,
887,NEURO_USDT,NEURO,NeuroWeb,USDT,Tether,0.2,1,3,5000000,0,6,tradable,0,1715158800,normal,https://www.gate.com/trade/NEURO_USDT,False,0.1,9025270.76,100000,0.6,0.6,,
888,LSK_USDT,LSK,LSK,USDT,Tether,0.2,0.001,3,5000000,3,4,tradable,0,0,normal,https://www.gate.com/trade/LSK_USDT,False,0.08,1527494.91,300000,0.3,0.3,,
889,MCDON_USDT,MCDON,McDonald's Ondo Tokenized,USDT,Tether,0.2,0.001,3,5000000,3,2,tradable,1577808000,1756902600,normal,https://www.gate.com/trade/MCDON_USDT,False,0.06,1572.38,500000,0.25,0.25,,
890,NEXO_USDT,NEXO,Nexo,USDT,Tether,0.2,0.01,3,5000000,2,4,tradable,1607313600,1651305600,normal,https://www.gate.com/trade/NEXO_USDT,False,0.08,330961.44,300000,0.3,0.3,,
891,FLOKI_USDT,FLOKI,Floki Inu,USDT,Tether,0.2,1,3,5000000,0,8,tradable,1607313600,1631781000,normal,https://www.gate.com/trade/FLOKI_USDT,False,0.06,11869436201.78,500000,0.2,0.2,,
892,STETH_USDT,STETH,Lido Staked Ether,USDT,Tether,0.2,0.0001,3,5000000,4,1,tradable,1607313600,1635228000,normal,https://www.gate.com/trade/STETH_USDT,False,0.03,341.9,1000000,0.08,0.08,,
893,HONEY_USDT,HONEY,Hivemapper,USDT,Tether,0.2,1,3,5000000,0,6,tradable,1577808000,1730728800,normal,https://www.gate.com/trade/HONEY_USDT,False,0.1,24512807.94,200000,0.4,0.4,,
894,SOIL_USDT,SOIL,Soil,USDT,Tether,0.2,1,3,5000000,0,5,tradable,1596702900,1696935600,normal,https://www.gate.com/trade/SOIL_USDT,False,0.1,1791071.51,200000,0.4,0.4,,
895,AAPLON_USDT,AAPLON,Apple Ondo Tokenized,USDT,Tether,0.2,0.001,3,5000000,3,2,tradable,1577808000,1756895400,normal,https://www.gate.com/trade/AAPLON_USDT,False,0.05,1817.88,500000,0.15,0.15,,
896,DRESS_USDT,DRESS,DRESSdio,USDT,Tether,0.2,1,3,5000000,0,7,tradable,1577808000,1757398140,normal,https://www.gate.com/trade/DRESS_USDT,False,0.1,14674590.95,100000,0.4,0.4,,
897,BADGER_USDT,BADGER,Badger DAO,USDT,Tether,0.2,0.01,3,5000000,2,4,tradable,1607140800,1607155200,normal,https://www.gate.com/trade/BADGER_USDT,False,0.1,374812.59,200000,0.4,0.4,,
898,SYRUP3L_USDT,SYRUP3L,SYRUP3xLong,USDT,Tether,0.2,0.01,3,5000000,2,6,tradable,1577808000,1750143600,normal,https://www.gate.com/trade/SYRUP3L_USDT,False,0.1,14089468.12,200000,0.6,0.6,,
899,RNBW_USDT,RNBW,Rainbow,USDT,Tether,0.2,1,3,5000000,0,5,tradable,1577808000,1770310800,normal,https://www.gate.com/trade/RNBW_USDT,False,0.05,0,0,0.4,0.4,,
900,ADA3S_USDT,ADA3S,ADA3xShort,USDT,Tether,0.2,0.01,3,5000000,2,4,tradable,1603252800,1754467200,normal,https://www.gate.com/trade/ADA3S_USDT,False,0.1,126379.64,300000,0.6,0.6,,
901,NAORIS_USDT,NAORIS,Naoris Protocol,USDT,Tether,0.2,1,3,5000000,0,5,tradable,1577808000,1753963200,normal,https://www.gate.com/trade/NAORIS_USDT,False,0.08,7592053.65,300000,0.35,0.35,,
902,CFX_ETH,CFX,Conflux,ETH,Ethereum,0.2,0.01,0.001,1000,2,8,tradable,1604993400,1605081600,normal,https://www.gate.com/trade/CFX_ETH,False,0.1,4048583,100,0.6,0.6,,
903,DIN_USDT,DIN,DIN,USDT,Tether,0.2,0.01,3,5000000,2,5,tradable,1577808000,1739534400,normal,https://www.gate.com/trade/DIN_USDT,False,0.1,1466921,100000,0.4,0.4,,
904,SIX_USDT,SIX,SIX Network,USDT,Tether,0.2,1,3,5000000,0,6,tradable,1577808000,1732006800,normal,https://www.gate.com/trade/SIX_USDT,False,0.1,15692428.4,200000,0.4,0.4,,
905,BOSON_USDT,BOSON,Boson,USDT,Tether,0.2,0.01,3,5000000,2,5,tradable,1607313600,1617958800,normal,https://www.gate.com/trade/BOSON_USDT,False,0.1,6681142.48,200000,0.4,0.4,,
906,SCR_USDT,SCR,Scroll,USDT,Tether,0.2,1,3,5000000,0,5,tradable,0,1729584000,normal,https://www.gate.com/trade/SCR_USDT,False,0.08,6284565.11,500000,0.3,0.3,,
907,RPL_USDT,RPL,Rocket Pool,USDT,Tether,0.2,0.001,3,5000000,3,3,tradable,1607313600,1673344800,normal,https://www.gate.com/trade/RPL_USDT,False,0.1,157977.88,300000,0.35,0.35,,
908,SC_USDT,SC,Siacoin,USDT,Tether,0.2,1,3,5000000,0,7,tradable,1595658900,1612504800,normal,https://www.gate.com/trade/SC_USDT,False,0.1,209790209.79,300000,0.35,0.35,,
909,NEON_USDT,NEON,NEON EVM,USDT,Tether,0.2,0.01,3,5000000,2,5,tradable,0,1689613200,normal,https://www.gate.com/trade/NEON_USDT,False,0.1,3525160.84,200000,0.4,0.4,,
910,DIVER_USDT,DIVER,Divergence Protocol,USDT,Tether,0.2,0.1,3,5000000,1,6,tradable,1607313600,1639123200,normal,https://www.gate.com/trade/DIVER_USDT,False,0.1,13470734.83,100000,0.4,0.4,,
911,PNDO_USDT,PNDO,Pondo,USDT,Tether,0.2,1,3,5000000,0,7,tradable,1577808000,1739188800,normal,https://www.gate.com/trade/PNDO_USDT,False,0.1,217379490.25,200000,0.4,0.4,,
912,XCU3L_USDT,XCU3L,XCU3xLong,USDT,Tether,0.2,0.01,3,5000000,2,5,tradable,1577808000,1769688000,normal,https://www.gate.com/trade/XCU3L_USDT,False,0.1,0,0,0.6,0.6,,
913,BONEBONE_USDT,BONEBONE,Bone,USDT,Tether,0.2,0.01,3,5000000,2,7,tradable,1609434000,1715763600,normal,https://www.gate.com/trade/BONEBONE_USDT,False,0.1,597460792,200000,0.4,0.4,,
914,ACT_USDT,ACT,Act I: The AI Prophecy,USDT,Tether,0.2,0.01,3,5000000,2,5,tradable,0,1730721600,normal,https://www.gate.com/trade/ACT_USDT,False,0.1,14299332.7,300000,0.3,0.3,,
915,RWAINC_USDT,RWAINC,RWA Inc.,USDT,Tether,0.2,0.01,3,5000000,2,6,tradable,1577808000,1747710000,normal,https://www.gate.com/trade/RWAINC_USDT,False,0.1,52687038.99,200000,0.4,0.4,,
916,NYM_USDT,NYM,NYM,USDT,Tether,0.2,0.01,3,5000000,2,5,tradable,1607313600,1650013200,normal,https://www.gate.com/trade/NYM_USDT,False,0.1,7292173.07,300000,0.35,0.35,,
917,DOT_USDT,DOT,Polkadot,USDT,Tether,0.2,0.01,3,5000000,2,3,tradable,1598013300,1598013300,normal,https://www.gate.com/trade/DOT_USDT,False,0.05,536336.82,1000000,0.15,0.15,,
918,WLD5L_USDT,WLD5L,WLD5xLong,USDT,Tether,0.2,0.01,3,5000000,2,5,tradable,1577808000,1775030400,normal,https://www.gate.com/trade/WLD5L_USDT,False,0.08,1120238.98,300000,0.6,0.6,,
919,MAGMA_USDT,MAGMA,Magma Finance,USDT,Tether,0.2,1,3,5000000,0,5,tradable,1577808000,1765886400,normal,https://www.gate.com/trade/MAGMA_USDT,False,0.08,3996802.56,500000,0.35,0.35,,
920,SUI_USDT,SUI,Sui,USDT,Tether,0.2,0.01,3,5000000,2,4,tradable,0,1683115200,normal,https://www.gate.com/trade/SUI_USDT,False,0.04,681361.36,1000000,0.1,0.1,,
921,GMEE_USDT,GMEE,GAMEE,USDT,Tether,0.2,0.01,3,5000000,2,7,tradable,1607313600,1644584400,normal,https://www.gate.com/trade/GMEE_USDT,False,0.1,88097964.94,200000,0.4,0.4,,
922,BRETT_USDT,BRETT,Brett,USDT,Tether,0.2,1,3,5000000,0,6,tradable,1607313600,1711360800,normal,https://www.gate.com/trade/BRETT_USDT,False,0.08,33840947.55,500000,0.35,0.35,,
923,BIRB_USDT,BIRB,Moonbirds,USDT,Tether,0.2,1,3,5000000,0,5,tradable,1577808000,1770109200,normal,https://www.gate.com/trade/BIRB_USDT,False,0.05,0,0,0.4,0.4,,
924,AIPUMP_USDT,AIPUMP,aiPump,USDT,Tether,0.2,0.1,3,5000000,1,7,tradable,1577808000,1736247600,normal,https://www.gate.com/trade/AIPUMP_USDT,False,0.1,1238390092.88,200000,0.4,0.4,,
925,SUI_USD1,SUI,Sui,USD1,World Liberty Financial USD,0.2,0.01,0.0001,,2,4,tradable,0,1683115200,normal,https://www.gate.com/trade/SUI_USD1,False,0.05,680966.97,1000000,0.2,0.2,,
926,MISSION_USDT,MISSION,MissionPawsible,USDT,Tether,0.2,1,3,5000000,0,11,tradable,1577808000,1756465200,normal,https://www.gate.com/trade/MISSION_USDT,False,0.1,132078586759.12,200000,0.4,0.4,,
927,ALPA_USDT,ALPA,Alpaca City,USDT,Tether,0.2,0.1,3,5000000,1,6,tradable,1606017600,1606104000,normal,https://www.gate.com/trade/ALPA_USDT,False,0.1,56306306,100000,0.4,0.4,,
928,FIL3L_USDT,FIL3L,FIL3xLong,USDT,Tether,0.2,0.01,3,5000000,2,5,tradable,1582704000,1761123600,normal,https://www.gate.com/trade/FIL3L_USDT,False,0.1,831946.76,300000,0.6,0.6,,
929,OPN_USDT,OPN,Opinion,USDT,Tether,0.2,0.1,3,5000000,1,4,tradable,1607313600,1772715600,normal,https://www.gate.com/trade/OPN_USDT,False,0.05,0,0,0.3,0.3,,
930,AKE_USDT,AKE,Akedo,USDT,Tether,0.2,1,3,5000000,0,7,tradable,1577808000,1759050000,normal,https://www.gate.com/trade/AKE_USDT,False,0.1,636841267.31,200000,0.4,0.4,,
931,SUI_USDC,SUI,Sui,USDC,USDCoin,0.2,0.01,1,5000000,2,4,tradable,0,1683115200,normal,https://www.gate.com/trade/SUI_USDC,False,0.05,681454.22,1000000,0.2,0.2,,
932,RESOLV3S_USDT,RESOLV3S,RESOLV3xShort,USDT,Tether,0.2,0.01,3,5000000,2,5,tradable,1577808000,1770883200,normal,https://www.gate.com/trade/RESOLV3S_USDT,False,0.1,17510834.83,200000,0.6,0.6,,
933,ECHO_USDT,ECHO,Echo,USDT,Tether,0.2,1,3,5000000,0,6,tradable,1577808000,1751457600,normal,https://www.gate.com/trade/ECHO_USDT,False,0.1,14099400.78,200000,0.35,0.35,,
934,PBTC35A_USDT,PBTC35A,pBTC35A,USDT,Tether,0.2,0.01,3,5000000,2,4,tradable,1607313600,1610802000,normal,https://www.gate.com/trade/PBTC35A_USDT,False,0.1,263141,200000,0.4,0.4,,
935,CRWDX_USDT,CRWDX,CrowdStrike xStock,USDT,Tether,0.2,0.001,3,5000000,3,2,tradable,1577808000,1753970400,normal,https://www.gate.com/trade/CRWDX_USDT,False,0.1,609,300000,0.3,0.3,,
936,HEMI_USDT,HEMI,Hemi,USDT,Tether,0.2,1,3,5000000,0,6,tradable,1577808000,1758268800,normal,https://www.gate.com/trade/HEMI_USDT,False,0.1,20682523.27,300000,0.35,0.35,,
937,BUBBLE_USDT,BUBBLE,Imaginary Ones,USDT,Tether,0.2,1,3,5000000,0,8,tradable,1607313600,1715680800,normal,https://www.gate.com/trade/BUBBLE_USDT,False,0.1,1307616868,200000,0.4,0.4,,
938,SYS_USDT,SYS,Syscoin,USDT,Tether,0.2,1,3,5000000,0,6,tradable,1607313600,1631944800,normal,https://www.gate.com/trade/SYS_USDT,False,0.1,17341040.46,300000,0.35,0.35,,
939,PONKE_USDT,PONKE,PONKE,USDT,Tether,0.2,0.01,3,5000000,2,5,tradable,1596702900,1710403200,normal,https://www.gate.com/trade/PONKE_USDT,False,0.1,10678056.59,300000,0.4,0.4,,
940,XAG5L_USDT,XAG5L,XAG5xLong,USDT,Tether,0.2,0.01,3,5000000,2,5,tradable,1577808000,1773046800,normal,https://www.gate.com/trade/XAG5L_USDT,False,0.1,0,0,0.6,0.6,,
941,CETUS_USDT,CETUS,Cetus Protocol,USDT,Tether,0.2,1,3,5000000,0,6,tradable,0,1683712800,normal,https://www.gate.com/trade/CETUS_USDT,False,0.08,12065151.82,300000,0.3,0.3,,
942,CREDI_USDT,CREDI,Credefi,USDT,Tether,0.2,0.01,3,5000000,2,7,tradable,1607313600,1714129200,normal,https://www.gate.com/trade/CREDI_USDT,False,0.1,101497081.96,200000,0.4,0.4,,
943,STRK_USDC,STRK,Starknet,USDC,USDCoin,0.2,0.01,1,5000000,2,5,tradable,1609434000,1708432200,normal,https://www.gate.com/trade/STRK_USDC,False,0.08,3224939.53,300000,0.35,0.35,,
944,STRK_USDT,STRK,Starknet,USDT,Tether,0.2,0.01,3,5000000,2,5,tradable,1609434000,1708432200,normal,https://www.gate.com/trade/STRK_USDT,False,0.05,10756157.9,1000000,0.2,0.2,,
945,BOX_USDT,BOX,Debox,USDT,Tether,0.2,0.01,3,5000000,2,6,tradable,1607313600,1726488000,normal,https://www.gate.com/trade/BOX_USDT,False,0.1,13192177.04,200000,0.4,0.4,,
946,PLSPAD_USDT,PLSPAD,PulsePad,USDT,Tether,0.2,0.1,3,5000000,1,7,tradable,1608782400,1637151300,normal,https://www.gate.com/trade/PLSPAD_USDT,False,0.1,1316222442,200000,0.4,0.4,,
947,DOT_USDC,DOT,Polkadot,USDC,USDCoin,0.2,0.01,1,5000000,2,3,tradable,1598013300,1598013300,normal,https://www.gate.com/trade/DOT_USDC,False,0.06,268096.51,500000,0.35,0.35,,
948,LMWR_USDT,LMWR,LimeWire,USDT,Tether,0.2,0.01,3,5000000,2,5,tradable,1607313600,1684238400,normal,https://www.gate.com/trade/LMWR_USDT,False,0.1,8468595.62,300000,0.4,0.4,,
949,LIGHT_USDT,LIGHT,Bitlight Labs,USDT,Tether,0.2,0.1,3,5000000,1,4,tradable,1577808000,1758978000,normal,https://www.gate.com/trade/LIGHT_USDT,False,0.1,349479.28,500000,0.4,0.4,,
950,LADYS_USDT,LADYS,Milady Meme Coin,USDT,Tether,0.2,1,3,5000000,0,12,tradable,1607313600,1683795600,normal,https://www.gate.com/trade/LADYS_USDT,False,0.1,21092596498629,200000,0.4,0.4,,
951,XTI3S_USDT,XTI3S,XTI3xShort,USDT,Tether,0.2,0.01,3,5000000,2,5,tradable,1577808000,1769742000,normal,https://www.gate.com/trade/XTI3S_USDT,False,0.1,0,0,0.6,0.6,,
952,MIRA_USDT,MIRA,Mira,USDT,Tether,0.2,1,3,5000000,0,5,tradable,1577808000,1758888000,normal,https://www.gate.com/trade/MIRA_USDT,False,0.1,2420330.78,300000,0.35,0.35,,
953,LIT3L_USDT,LIT3L,LIT3xLong,USDT,Tether,0.2,0.01,3,5000000,2,5,tradable,1582704000,1768554000,normal,https://www.gate.com/trade/LIT3L_USDT,False,0.1,0,0,0.6,0.6,,
954,FARM_USDT,FARM,Harvest,USDT,Tether,0.2,0.001,3,5000000,3,2,tradable,1599712200,1599724800,normal,https://www.gate.com/trade/FARM_USDT,False,0.1,11049.72,200000,0.4,0.4,,
955,LRC_USDT,LRC,Loopring,USDT,Tether,0.2,0.01,3,5000000,2,5,tradable,0,0,normal,https://www.gate.com/trade/LRC_USDT,False,0.06,8963786.3,500000,0.3,0.3,,
956,PANDO_USDT,PANDO,Pando,USDT,Tether,0.2,0.1,3,5000000,1,8,tradable,1607313600,1681977600,normal,https://www.gate.com/trade/PANDO_USDT,False,0.1,4307559767.39,100000,0.4,0.4,,
957,XTI3L_USDT,XTI3L,XTI3xLong,USDT,Tether,0.2,0.01,3,5000000,2,3,tradable,1577808000,1769742000,normal,https://www.gate.com/trade/XTI3L_USDT,False,0.1,0,0,0.6,0.6,,
958,LIT3S_USDT,LIT3S,LIT3xShort,USDT,Tether,0.2,0.01,3,5000000,2,4,tradable,1582704000,1768554000,normal,https://www.gate.com/trade/LIT3S_USDT,False,0.1,0,0,0.6,0.6,,
959,CEL_USDT,CEL,Celsius Network,USDT,Tether,0.2,0.01,3,5000000,2,5,tradable,1607313600,1617966000,normal,https://www.gate.com/trade/CEL_USDT,False,0.1,9233610.34,200000,0.4,0.4,,
960,NODL_USDT,NODL,Nodle Network,USDT,Tether,0.2,1,3,5000000,0,8,tradable,1607313600,1661475600,normal,https://www.gate.com/trade/NODL_USDT,False,0.1,1829742463.75,200000,0.4,0.4,,
961,XAL3L_USDT,XAL3L,XAL3xLong,USDT,Tether,0.2,0.01,3,5000000,2,5,tradable,1577808000,1769688000,normal,https://www.gate.com/trade/XAL3L_USDT,False,0.1,0,0,0.6,0.6,,
962,AVAX5L_USDT,AVAX5L,AVAX5xLong,USDT,Tether,0.2,0.01,3,5000000,2,6,tradable,1577808000,1761123600,normal,https://www.gate.com/trade/AVAX5L_USDT,False,0.08,12156576.71,500000,0.6,0.6,,
963,APEPE_USDT,APEPE,Ape and Pepe,USDT,Tether,0.2,0.1,3,5000000,1,10,tradable,1577808000,1732082400,normal,https://www.gate.com/trade/APEPE_USDT,False,0.1,167084377610.69,200000,0.4,0.4,,
964,AVAX5S_USDT,AVAX5S,AVAX5xShort,USDT,Tether,0.2,0.01,3,5000000,2,3,tradable,1577808000,1762158600,normal,https://www.gate.com/trade/AVAX5S_USDT,False,0.08,79929.66,500000,0.6,0.6,,
965,ENA3S_USDT,ENA3S,ENA3xShort,USDT,Tether,0.2,0.01,3,5000000,2,5,tradable,1577808000,1754467200,normal,https://www.gate.com/trade/ENA3S_USDT,False,0.1,2949417.49,300000,0.6,0.6,,
966,SKOP_USDT,SKOP,Skull Of Pepe Token,USDT,Tether,0.2,0.01,3,5000000,2,6,tradable,1607313600,1722848400,normal,https://www.gate.com/trade/SKOP_USDT,False,0.1,60468631.9,200000,0.4,0.4,,
967,PELL_USDT,PELL,Pell Network,USDT,Tether,0.2,1,3,5000000,0,7,tradable,1577808000,1741860000,normal,https://www.gate.com/trade/PELL_USDT,False,0.1,265445616.83,200000,0.4,0.4,,
968,CFX3L_USDT,CFX3L,CFX3xLong,USDT,Tether,0.2,0.01,3,5000000,2,5,tradable,1603252800,1750842000,normal,https://www.gate.com/trade/CFX3L_USDT,False,0.1,2460024.6,300000,0.6,0.6,,
969,HYPER_GUSD,HYPER,Hyperlane,GUSD,GUSD,0.2,0.1,1,5000000,1,5,tradable,1577808000,1745326800,normal,https://www.gate.com/trade/HYPER_GUSD,False,0.08,3757985.72,500000,0.35,0.35,,
970,JASMY_USDT,JASMY,JasmyCoin,USDT,Tether,0.2,0.1,3,5000000,1,6,tradable,1607313600,1613448000,normal,https://www.gate.com/trade/JASMY_USDT,False,0.08,50331348.04,300000,0.3,0.3,,
971,KOX_USDT,KOX,Coca-Cola xStock,USDT,Tether,0.2,0.001,3,5000000,3,2,tradable,1577808000,1753970400,normal,https://www.gate.com/trade/KOX_USDT,False,0.1,4224,300000,0.4,0.4,,
972,NAVX_USDT,NAVX,NAVI Protocol,USDT,Tether,0.2,1,3,5000000,0,6,tradable,0,1707307200,normal,https://www.gate.com/trade/NAVX_USDT,False,0.1,11668611.44,200000,0.4,0.4,,
973,RUNWAGO_USDT,RUNWAGO,RUNWAGO,USDT,Tether,0.2,1,3,5000000,0,6,tradable,1577808000,1758189600,normal,https://www.gate.com/trade/RUNWAGO_USDT,False,0.1,7029876.98,200000,0.4,0.4,,
974,LISTA_USDT,LISTA,Lista,USDT,Tether,0.2,1,3,5000000,0,5,tradable,1609434000,1718877600,normal,https://www.gate.com/trade/LISTA_USDT,False,0.1,1918158.57,300000,0.35,0.35,,
975,THETA3S_USDT,THETA3S,THETA3xShort,USDT,Tether,0.2,0.01,3,5000000,2,5,tradable,1582704000,1582704000,normal,https://www.gate.com/trade/THETA3S_USDT,False,0.1,9051821.68,200000,0.6,0.6,,
976,ISP_USDT,ISP,Ispolink,USDT,Tether,0.2,1,3,5000000,0,8,tradable,1607313600,1620309600,normal,https://www.gate.com/trade/ISP_USDT,False,0.1,1965601965.6,200000,0.4,0.4,,
977,BUY_USDT,BUY,Buying.com,USDT,Tether,0.2,0.01,3,5000000,2,6,tradable,1561178100,1628236800,normal,https://www.gate.com/trade/BUY_USDT,False,0.1,96969696.97,200000,0.4,0.4,,
978,BICO_USDT,BICO,Biconomy,USDT,Tether,0.2,0.01,3,5000000,2,5,tradable,1607313600,1638363660,normal,https://www.gate.com/trade/BICO_USDT,False,0.1,6896551.72,300000,0.35,0.35,,
979,HOLO_USDT,HOLO,Holoworld AI,USDT,Tether,0.2,0.1,3,5000000,1,5,tradable,1577808000,1757592000,normal,https://www.gate.com/trade/HOLO_USDT,False,0.1,4674353.38,300000,0.35,0.35,,
980,WING_USDT,WING,Wing,USDT,Tether,0.2,1,3,5000000,0,5,tradable,1599670800,1600772400,normal,https://www.gate.com/trade/WING_USDT,False,0.1,2337950.79,200000,0.4,0.4,,
981,XPIN3L_USDT,XPIN3L,XPIN3xLong,USDT,Tether,0.2,0.01,3,5000000,2,5,tradable,1577808000,1773302400,normal,https://www.gate.com/trade/XPIN3L_USDT,False,0.1,82559339.53,200000,0.6,0.6,,
982,KLINK_USDT,KLINK,Klink Finance,USDT,Tether,0.2,1,3,5000000,0,7,tradable,1577808000,1759834800,normal,https://www.gate.com/trade/KLINK_USDT,False,0.1,48048048.05,200000,0.4,0.4,,
983,XEC_USDT,XEC,eCash,USDT,Tether,0.2,1,3,5000000,0,9,tradable,1605425400,1625220000,normal,https://www.gate.com/trade/XEC_USDT,False,0.1,28116213683.22,300000,0.4,0.4,,
984,USELESS_USDT,USELESS,Useless Coin,USDT,Tether,0.2,1,3,5000000,0,5,tradable,1577808000,1752228000,normal,https://www.gate.com/trade/USELESS_USDT,False,0.08,6806888.57,500000,0.35,0.35,,
985,TRUMP3S_USDT,TRUMP3S,TRUMP3xShort,USDT,Tether,0.2,0.01,3,5000000,2,6,tradable,1577808000,1740016800,normal,https://www.gate.com/trade/TRUMP3S_USDT,False,0.1,16334086.52,300000,0.6,0.6,,
986,LA_USDT,LA,Lagrange,USDT,Tether,0.2,0.01,3,5000000,2,4,tradable,1577808000,1749090600,normal,https://www.gate.com/trade/LA_USDT,False,0.08,961076.41,300000,0.3,0.3,,
987,ARKM_USDT,ARKM,Arkham Intelligence,USDT,Tether,0.2,1,3,5000000,0,5,tradable,1607313600,1689746400,normal,https://www.gate.com/trade/ARKM_USDT,False,0.08,1547588.34,300000,0.3,0.3,,
988,ARKM_USDC,ARKM,Arkham Intelligence,USDC,USDCoin,0.2,0.01,1,5000000,2,5,tradable,1607313600,1689746400,normal,https://www.gate.com/trade/ARKM_USDC,False,0.1,1031991.74,200000,0.4,0.4,,
989,JELLYJELLY_USDT,JELLYJELLY,jelly-my-jelly,USDT,Tether,0.2,0.01,3,5000000,2,5,tradable,1577808000,1738216800,normal,https://www.gate.com/trade/JELLYJELLY_USDT,False,0.1,5162889.15,500000,0.4,0.4,,
990,BOS_USDT,BOS,BitcoinOS,USDT,Tether,0.2,1,3,5000000,0,7,tradable,1577808000,1761739200,normal,https://www.gate.com/trade/BOS_USDT,False,0.1,114613180.52,300000,0.4,0.4,,
991,BNB_GUSD,BNB,Binance Coin,GUSD,GUSD,0.2,0.001,1,5000000,3,1,tradable,0,1529118000,normal,https://www.gate.com/trade/BNB_GUSD,False,0.05,1160.56,1000000,0.15,0.15,,
992,NMR_USDT,NMR,Numeraire,USDT,Tether,0.2,0.01,3,5000000,2,3,tradable,1607313600,1617184800,normal,https://www.gate.com/trade/NMR_USDT,False,0.06,50258.83,500000,0.35,0.35,,
993,QTUM_BTC,QTUM,Qtum,BTC,Bitcoin,0.2,0.001,0.000001,100,3,8,tradable,0,0,normal,https://www.gate.com/trade/QTUM_BTC,False,0.1,216169.48,3.333333333,0.6,0.6,,
994,BLUAI_USDT,BLUAI,Bluwhale AI,USDT,Tether,0.2,1,3,5000000,0,6,tradable,1577808000,1761048000,normal,https://www.gate.com/trade/BLUAI_USDT,False,0.1,68862619.07,300000,0.4,0.4,,
995,BNB5S_USDT,BNB5S,BNB5xShort,USDT,Tether,0.2,0.01,3,5000000,2,6,tradable,1577808000,1743152400,normal,https://www.gate.com/trade/BNB5S_USDT,False,0.05,55772448.41,300000,0.6,0.6,,
996,USTC_USDT,USTC,TerraUSD Classic,USDT,Tether,0.2,0.1,3,5000000,1,6,tradable,1607313600,1653624000,normal,https://www.gate.com/trade/USTC_USDT,False,0.1,72139662.39,500000,0.4,0.4,,
997,LTC3S_USDT,LTC3S,LTC3xShort,USDT,Tether,0.2,0.01,3,5000000,2,5,tradable,1583128800,1752746400,normal,https://www.gate.com/trade/LTC3S_USDT,False,0.1,1386116.66,500000,0.6,0.6,,
998,MDF_USDT,MDF,MatrixETF DAO Finance,USDT,Tether,0.2,1,3,5000000,0,7,tradable,1607313600,1632477600,normal,https://www.gate.com/trade/MDF_USDT,False,0.1,547345375,200000,0.4,0.4,,
999,UK1003S_USDT,UK1003S,UK1003xShort,USDT,Tether,0.2,0.01,3,5000000,2,5,tradable,1577808000,1769742000,normal,https://www.gate.com/trade/UK1003S_USDT,False,0.1,0,0,0.6,0.6,,
1000,GTETH_USDT,GTETH,GTETH,USDT,Tether,0.2,0.0001,3,5000000,4,2,tradable,1577808000,1758189600,normal,https://www.gate.com/trade/GTETH_USDT,False,0.05,102.52,300000,0.08,0.08,,
1001,XAU3L_USDT,XAU3L,XAU3xLong,USDT,Tether,0.2,0.01,3,5000000,2,5,tradable,1577808000,1768892400,normal,https://www.gate.com/trade/XAU3L_USDT,False,0.1,0,0,0.6,0.6,,
1002,SKATE_USDT,SKATE,Skate,USDT,Tether,0.2,1,3,5000000,0,6,tradable,1577808000,1749463200,normal,https://www.gate.com/trade/SKATE_USDT,False,0.1,65698705.74,500000,0.4,0.4,,
1003,AI_USDT,AI,Sleepless AI,USDT,Tether,0.2,0.01,3,5000000,2,5,tradable,1607313600,1704364200,normal,https://www.gate.com/trade/AI_USDT,False,0.1,8100445.52,300000,0.35,0.35,,
1004,SUN_USDT,SUN,SUN,USDT,Tether,0.2,0.1,3,5000000,1,5,tradable,1599795300,1599800400,normal,https://www.gate.com/trade/SUN_USDT,False,0.08,14709487.62,300000,0.3,0.3,,
1005,ORBR_USDT,ORBR,Orbler,USDT,Tether,0.2,0.01,3,5000000,2,5,tradable,1607313600,1646650800,normal,https://www.gate.com/trade/ORBR_USDT,False,0.1,3020919.87,200000,0.4,0.4,,
1006,RADAR_USDT,RADAR,DappRadar,USDT,Tether,0.2,0.1,3,5000000,1,7,tradable,1607313600,1677139200,normal,https://www.gate.com/trade/RADAR_USDT,False,0.1,412116216.77,200000,0.4,0.4,,
1007,JST_USDT,JST,Just,USDT,Tether,0.2,0.01,3,5000000,2,5,tradable,1597127700,1597127700,normal,https://www.gate.com/trade/JST_USDT,False,0.08,7208073.04,300000,0.3,0.3,,
1008,WIF_USDC,WIF,dogwifhat,USDC,USDCoin,0.2,0.01,1,5000000,2,4,tradable,1596702900,1703340000,normal,https://www.gate.com/trade/WIF_USDC,False,0.08,805910.01,300000,0.35,0.35,,
1009,WIF_USDT,WIF,dogwifhat,USDT,Tether,0.2,0.01,3,5000000,2,4,tradable,1596702900,1703340000,normal,https://www.gate.com/trade/WIF_USDT,False,0.05,2686366.69,1000000,0.2,0.2,,
1010,POPCAT_USDT,POPCAT,Popcat,USDT,Tether,0.2,1,3,5000000,0,5,tradable,1596702900,1710486000,normal,https://www.gate.com/trade/POPCAT_USDT,False,0.08,5571961.89,500000,0.2,0.2,,
1011,LWP_USDT,LWP,LumiWave Protocol,USDT,Tether,0.2,1,3,5000000,0,6,tradable,1577808000,1775613600,normal,https://www.gate.com/trade/LWP_USDT,False,0.05,0,0,0.4,0.4,,
1012,BUSY_USDT,BUSY,Busy DAO,USDT,Tether,0.2,1,3,5000000,0,8,tradable,1607313600,1620446400,normal,https://www.gate.com/trade/BUSY_USDT,False,0.1,1903221201.88,200000,0.6,0.6,,
1013,AARK_USDT,AARK,Aark,USDT,Tether,0.2,0.01,3,5000000,2,7,tradable,1609434000,1718006400,normal,https://www.gate.com/trade/AARK_USDT,False,0.1,65734334.69,200000,0.4,0.4,,
1014,ZTC_USDT,ZTC,Zenchain,USDT,Tether,0.2,1,3,5000000,0,7,tradable,1577808000,1767787200,normal,https://www.gate.com/trade/ZTC_USDT,False,0.1,0,0,0.4,0.4,,
1015,AMZNX_USDT,AMZNX,Amazon xStock,USDT,Tether,0.2,0.001,3,5000000,3,2,tradable,1577808000,1751691600,normal,https://www.gate.com/trade/AMZNX_USDT,False,0.08,1330.14,300000,0.15,0.15,,
1016,ST_USDT,ST,Sentio,USDT,Tether,0.2,1,3,5000000,0,5,tradable,1577808000,1776247200,normal,https://www.gate.com/trade/ST_USDT,False,0.05,0,0,0.4,0.4,,
1017,HEART_USDT,HEART,Humans,USDT,Tether,0.2,1,3,5000000,0,7,tradable,1607313600,1640606400,normal,https://www.gate.com/trade/HEART_USDT,False,0.1,106185293.34,200000,0.4,0.4,,
1018,XR_USDT,XR,XRADERS,USDT,Tether,0.2,1,3,5000000,0,6,tradable,1607313600,1720684800,normal,https://www.gate.com/trade/XR_USDT,False,0.1,29014942.7,200000,0.4,0.4,,
1019,CUMMIES_USDT,CUMMIES,CumRocket,USDT,Tether,0.2,1,3,5000000,0,7,tradable,1608782400,1635753600,normal,https://www.gate.com/trade/CUMMIES_USDT,False,0.1,132406488,200000,0.4,0.4,,
1020,NTRN_USDT,NTRN,Neutron,USDT,Tether,0.2,1,3,5000000,0,6,tradable,1597636800,1696939200,normal,https://www.gate.com/trade/NTRN_USDT,False,0.1,11616650.53,300000,0.3,0.3,,
1021,BOME3L_USDT,BOME3L,BOME3xLong,USDT,Tether,0.2,0.01,3,5000000,2,5,tradable,1582704000,1775030400,normal,https://www.gate.com/trade/BOME3L_USDT,False,0.1,43145291.77,200000,0.6,0.6,,
1022,CHEQ_USDT,CHEQ,CHEQD NETWORK,USDT,Tether,0.2,1,3,5000000,0,6,tradable,1596702900,1637920800,normal,https://www.gate.com/trade/CHEQ_USDT,False,0.1,21108179.42,200000,0.4,0.4,,
1023,KLO_USDT,KLO,Kalao Token,USDT,Tether,0.2,0.1,3,5000000,1,8,tradable,1607313600,1632754800,normal,https://www.gate.com/trade/KLO_USDT,False,0.1,1113709767,200000,0.4,0.4,,
1024,DNX_USDT,DNX,Dynex,USDT,Tether,0.2,0.01,3,5000000,2,5,tradable,0,1704355200,normal,https://www.gate.com/trade/DNX_USDT,False,0.1,7857002.55,200000,0.4,0.4,,
1025,FEARNOT_USDT,FEARNOT,Fear Not,USDT,Tether,0.2,0.1,3,5000000,1,10,tradable,1607313600,1721530800,normal,https://www.gate.com/trade/FEARNOT_USDT,False,0.1,223563603845.29,100000,0.4,0.4,,
1026,BONK3L_USDT,BONK3L,BONK3xLong,USDT,Tether,0.2,0.01,3,5000000,2,5,tradable,1577808000,1773302400,normal,https://www.gate.com/trade/BONK3L_USDT,False,0.1,108616944.24,300000,0.6,0.6,,
1027,XCU3S_USDT,XCU3S,XCU3xShort,USDT,Tether,0.2,0.01,3,5000000,2,5,tradable,1577808000,1769688000,normal,https://www.gate.com/trade/XCU3S_USDT,False,0.1,0,0,0.6,0.6,,
1028,TON3S_USDT,TON3S,TON3xShort,USDT,Tether,0.2,0.01,3,5000000,2,5,tradable,1582704000,1582704000,normal,https://www.gate.com/trade/TON3S_USDT,False,0.1,1402458.98,300000,0.6,0.6,,
1029,EGG_USDT,EGG,Goose Finance,USDT,Tether,0.2,0.1,3,5000000,1,6,tradable,1608782400,1614225600,normal,https://www.gate.com/trade/EGG_USDT,False,0.1,35707909,200000,0.4,0.4,,
1030,GLMR_USDT,GLMR,Moonbeam Network,USDT,Tether,0.2,0.01,3,5000000,2,5,tradable,1607313600,1641904200,normal,https://www.gate.com/trade/GLMR_USDT,False,0.08,12180267.97,300000,0.35,0.35,,
1031,SPURS_USDT,SPURS,Tottenham Hotspur,USDT,Tether,0.2,0.01,3,5000000,2,4,tradable,1608782400,1698314400,normal,https://www.gate.com/trade/SPURS_USDT,False,0.1,1013684.74,200000,0.4,0.4,,
1032,ARCH_USDT,ARCH,Archway,USDT,Tether,0.2,1,3,5000000,0,7,tradable,1597636800,1695816000,normal,https://www.gate.com/trade/ARCH_USDT,False,0.1,43965707,100000,0.4,0.4,,
1033,PRIME_USDT,PRIME,Echelon Prime,USDT,Tether,0.2,0.001,3,5000000,3,4,tradable,1607313600,1677697200,normal,https://www.gate.com/trade/PRIME_USDT,False,0.08,374625.37,300000,0.3,0.3,,
1034,KERNEL_USDT,KERNEL,KernelDao,USDT,Tether,0.2,0.01,3,5000000,2,5,tradable,1577808000,1744632000,normal,https://www.gate.com/trade/KERNEL_USDT,False,0.1,4670714.62,300000,0.35,0.35,,
1035,PEOPLE3L_USDT,PEOPLE3L,PEOPLE3xLong,USDT,Tether,0.2,0.1,3,5000000,1,7,tradable,1582704000,1582704000,normal,https://www.gate.com/trade/PEOPLE3L_USDT,False,0.1,33981819.73,200000,0.6,0.6,,
1036,DPR_USDT,DPR,Deeper Network,USDT,Tether,0.2,0.1,3,5000000,1,7,tradable,1607313600,1623996000,normal,https://www.gate.com/trade/DPR_USDT,False,0.1,1291572489.51,200000,0.4,0.4,,
1037,BERT_USDT,BERT,Bertram The Pomeranian,USDT,Tether,0.2,1,3,5000000,0,6,tradable,0,1733320800,normal,https://www.gate.com/trade/BERT_USDT,False,0.1,9105394.95,200000,0.4,0.4,,
1038,ATM_USDT,ATM,Atletico Madrid Fan Token,USDT,Tether,0.2,0.01,3,5000000,2,4,tradable,1608782400,1648713600,normal,https://www.gate.com/trade/ATM_USDT,False,0.1,342680.91,300000,0.35,0.35,,
1039,MBOX_USDT,MBOX,Mobox,USDT,Tether,0.2,0.01,3,5000000,2,6,tradable,1608782400,1629352800,normal,https://www.gate.com/trade/MBOX_USDT,False,0.1,9675858.73,300000,0.35,0.35,,
1040,JPM3L_USDT,JPM3L,JPM3xLong,USDT,Tether,0.2,0.01,3,5000000,2,5,tradable,1577808000,1769482800,normal,https://www.gate.com/trade/JPM3L_USDT,False,0.1,0,0,0.6,0.6,,
1041,HORD_USDT,HORD,Hord,USDT,Tether,0.2,1,3,5000000,0,7,tradable,1607313600,1619172000,normal,https://www.gate.com/trade/HORD_USDT,False,0.1,143781452,200000,0.4,0.4,,
1042,FARTCOIN5S_USDT,FARTCOIN5S,FARTCOIN5xShort,USDT,Tether,0.2,0.01,3,5000000,2,7,tradable,1577808000,1765962000,normal,https://www.gate.com/trade/FARTCOIN5S_USDT,False,0.08,2563708.15,500000,0.6,0.6,,
1043,LUNAI_USDT,LUNAI,Luna by Virtuals,USDT,Tether,0.2,1,3,5000000,0,6,tradable,1577808000,1731744000,normal,https://www.gate.com/trade/LUNAI_USDT,False,0.1,15043249.34,200000,0.4,0.4,,
1044,RARI_USDT,RARI,Rarible,USDT,Tether,0.2,0.01,3,5000000,2,4,tradable,1602561600,1602648000,normal,https://www.gate.com/trade/RARI_USDT,False,0.1,746965.45,200000,0.4,0.4,,
1045,WHY_USDT,WHY,WHY,USDT,Tether,0.2,1,3,5000000,0,12,tradable,1607313600,1723190400,normal,https://www.gate.com/trade/WHY_USDT,False,0.1,13114754098360.7,200000,0.4,0.4,,
1046,BIGTIME_USDT,BIGTIME,Big Time,USDT,Tether,0.2,0.01,3,5000000,2,5,tradable,0,1697076000,normal,https://www.gate.com/trade/BIGTIME_USDT,False,0.1,15201418.8,300000,0.3,0.3,,
1047,SYN_USDT,SYN,Synapse,USDT,Tether,0.2,0.01,3,5000000,2,5,tradable,1607313600,1635843600,normal,https://www.gate.com/trade/SYN_USDT,False,0.1,5884083.55,300000,0.35,0.35,,
1048,ATLAS_USDT,ATLAS,Star Atlas,USDT,Tether,0.2,0.1,3,5000000,1,7,tradable,1596702900,1632985200,normal,https://www.gate.com/trade/ATLAS_USDT,False,0.1,645057248.83,200000,0.4,0.4,,
1049,JOC_USDT,JOC,Japan Open Chain,USDT,Tether,0.2,0.01,3,5000000,2,5,tradable,1577808000,1734922800,normal,https://www.gate.com/trade/JOC_USDT,False,0.1,1552553.95,100000,0.4,0.4,,
1050,XYO_USDT,XYO,XYO Network,USDT,Tether,0.2,0.1,3,5000000,1,6,tradable,1607313600,1631257200,normal,https://www.gate.com/trade/XYO_USDT,False,0.1,56807422.84,300000,0.4,0.4,,
1051,LF_USDT,LF,LF,USDT,Tether,0.2,1,3,5000000,0,8,tradable,1577808000,1740463200,normal,https://www.gate.com/trade/LF_USDT,False,0.1,5834305717.62,200000,0.4,0.4,,
1052,BANK_USDT,BANK,Lorenzo Protocol,USDT,Tether,0.2,0.01,3,5000000,2,5,tradable,1607313600,1744988400,normal,https://www.gate.com/trade/BANK_USDT,False,0.1,8251959.84,300000,0.35,0.35,,
1053,EPIC_USDT,EPIC,Epic Chain,USDT,Tether,0.2,0.01,3,5000000,2,4,tradable,1577808000,1741870800,normal,https://www.gate.com/trade/EPIC_USDT,False,0.1,518537.72,300000,0.4,0.4,,
1054,USDC_USDT,USDC,USDCoin,USDT,Tether,0.1,1,3,5000000,2,4,tradable,0,1678593600,normal,https://www.gate.com/trade/USDC_USDT,False,0.03,5000000,5000000,0.08,0.08,,5000000
1055,MYRO_USDT,MYRO,Myro,USDT,Tether,0.2,1,3,5000000,0,6,tradable,1596702900,1709622000,normal,https://www.gate.com/trade/MYRO_USDT,False,0.1,37860861.33,200000,0.4,0.4,,
1056,ICP_USDT,ICP,Internet Computer,USDT,Tether,0.2,0.01,3,5000000,2,3,tradable,1520614800,1620667800,normal,https://www.gate.com/trade/ICP_USDT,False,0.06,330742.52,1000000,0.2,0.2,,
1057,PEPE3L_USDT,PEPE3L,PEPE3xLong,USDT,Tether,0.2,0.01,3,5000000,2,4,tradable,1582704000,1763715600,normal,https://www.gate.com/trade/PEPE3L_USDT,False,0.1,836897.12,500000,0.6,0.6,,
1058,SKY_USDT,SKY,Sky,USDT,Tether,0.2,1,3,5000000,0,5,tradable,1577808000,1758114000,normal,https://www.gate.com/trade/SKY_USDT,False,0.06,8412551.53,500000,0.2,0.2,,
1059,ICP_USDC,ICP,Internet Computer,USDC,USDCoin,0.2,0.01,1,5000000,2,3,tradable,1520614800,1620667800,normal,https://www.gate.com/trade/ICP_USDC,False,0.06,165508.11,500000,0.35,0.35,,
1060,NESS_USDT,NESS,Ness LAB,USDT,Tether,0.2,1,3,5000000,0,6,tradable,1577808000,1764748800,normal,https://www.gate.com/trade/NESS_USDT,False,0.1,22870211.55,200000,0.4,0.4,,
1061,PACE_USDT,PACE,3Space Art,USDT,Tether,0.2,0.01,3,5000000,2,6,tradable,1607313600,1702281600,normal,https://www.gate.com/trade/PACE_USDT,False,0.1,100426814,200000,0.6,0.6,,
1062,BCH3L_USDT,BCH3L,BCH3xLong,USDT,Tether,0.2,0.1,3,5000000,1,5,tradable,1583128800,1583128800,normal,https://www.gate.com/trade/BCH3L_USDT,False,0.1,6894174.42,300000,0.6,0.6,,
1063,PIN_USDT,PIN,PinLink,USDT,Tether,0.2,1,3,5000000,0,5,tradable,1577808000,1736071200,normal,https://www.gate.com/trade/PIN_USDT,False,0.1,2004008.02,200000,0.4,0.4,,
1064,GTBTC_USDT,GTBTC,Gate Wrapped BTC,USDT,Tether,0.2,0.00001,3,5000000,5,1,tradable,1577808000,1755777600,normal,https://www.gate.com/trade/GTBTC_USDT,False,0.05,3.46,300000,0.15,0.15,,
1065,GOATS_USDT,GOATS,Goats,USDT,Tether,0.2,1,3,5000000,0,8,tradable,1577808000,1733392800,normal,https://www.gate.com/trade/GOATS_USDT,False,0.1,2076843198.34,100000,0.6,0.6,,
1066,COW_USDT,COW,COW Protocol,USDT,Tether,0.2,0.01,3,5000000,2,4,tradable,1577808000,1730876400,normal,https://www.gate.com/trade/COW_USDT,False,0.1,1607717.04,300000,0.3,0.3,,
1067,KMNO_USDT,KMNO,Kamino,USDT,Tether,0.2,0.01,3,5000000,2,5,tradable,1609434000,1714478400,normal,https://www.gate.com/trade/KMNO_USDT,False,0.08,5117270.79,300000,0.25,0.25,,
1068,APT3L_USDT,APT3L,APT3xLong,USDT,Tether,0.2,0.01,3,5000000,2,5,tradable,1582704000,1764752400,normal,https://www.gate.com/trade/APT3L_USDT,False,0.1,818844.34,300000,0.6,0.6,,
1069,MOVR_USDT,MOVR,Moonriver,USDT,Tether,0.2,0.01,3,5000000,2,3,tradable,1607313600,1630054860,normal,https://www.gate.com/trade/MOVR_USDT,False,0.1,119024,300000,0.35,0.35,,
1070,ETC3L_USDT,ETC3L,ETC3xLong,USDT,Tether,0.2,0.01,3,5000000,2,5,tradable,1603252800,1761123600,normal,https://www.gate.com/trade/ETC3L_USDT,False,0.1,453583.31,300000,0.6,0.6,,
1071,MOBILE_USDT,MOBILE,Helium Mobile,USDT,Tether,0.2,0.1,3,5000000,1,7,tradable,1596702900,1708938000,normal,https://www.gate.com/trade/MOBILE_USDT,False,0.1,867114675.92,200000,0.4,0.4,,
1072,SENT3S_USDT,SENT3S,SENT3xShort,USDT,Tether,0.2,0.01,3,5000000,2,5,tradable,1577808000,1769769000,normal,https://www.gate.com/trade/SENT3S_USDT,False,0.1,0,0,0.6,0.6,,
1073,PORT_USDT,PORT,Port Finance Token,USDT,Tether,0.2,0.01,3,5000000,2,6,tradable,1596702900,1632369600,normal,https://www.gate.com/trade/PORT_USDT,False,0.1,50864699.9,100000,0.6,0.6,,
1074,GTBTC_BTC,GTBTC,Gate Wrapped BTC,BTC,Bitcoin,0.2,0.0001,0.000001,100,4,6,tradable,1577808000,1755777600,normal,https://www.gate.com/trade/GTBTC_BTC,False,0.1,3.33,3.33333333,0.6,0.6,,
1075,Y8U_USDT,Y8U,Y8U,USDT,Tether,0.2,1,3,5000000,0,7,tradable,1607313600,1713880800,normal,https://www.gate.com/trade/Y8U_USDT,False,0.1,172028212.63,100000,0.4,0.4,,
1076,PENGU_USDT,PENGU,Pudgy Penguins,USDT,Tether,0.2,0.1,3,5000000,1,6,tradable,1577808000,1734444000,normal,https://www.gate.com/trade/PENGU_USDT,False,0.05,101620852.6,1000000,0.25,0.25,,
1077,GOVI_USDT,GOVI,Govi,USDT,Tether,0.2,0.01,3,5000000,2,6,tradable,1607313600,1643169600,normal,https://www.gate.com/trade/GOVI_USDT,False,0.1,23810941.13,200000,0.6,0.6,,
1078,SWAY_USDT,SWAY,Sway Protocol,USDT,Tether,0.2,0.1,3,5000000,1,7,tradable,1607313600,1633608000,normal,https://www.gate.com/trade/SWAY_USDT,False,0.1,264760391.85,100000,0.4,0.4,,
1079,ADA_USDC,ADA,Cardano,USDC,USDCoin,0.2,0.01,1,5000000,2,4,tradable,0,0,normal,https://www.gate.com/trade/ADA_USDC,False,0.05,2646903.12,1000000,0.35,0.35,,
1080,VIRTUAL3L_USDT,VIRTUAL3L,VIRTUAL3xLong,USDT,Tether,0.2,0.01,3,5000000,2,4,tradable,1577808000,1765962000,normal,https://www.gate.com/trade/VIRTUAL3L_USDT,False,0.1,282082.14,300000,0.6,0.6,,
1081,U_USDT,U,United Stables,USDT,Tether,0.2,0.1,3,5000000,1,4,tradable,1577808000,1768291200,normal,https://www.gate.com/trade/U_USDT,False,0.1,57820179.24,200000,0.4,0.4,,
1082,DXCT_USDT,DXCT,DNAxCAT,USDT,Tether,0.2,0.01,3,5000000,2,5,tradable,1608782400,1636106400,normal,https://www.gate.com/trade/DXCT_USDT,False,0.1,6224712,100000,0.6,0.6,,
1083,NEIRO_USDT,NEIRO,First Neiro on Ethereum,USDT,Tether,0.2,1,3,5000000,0,8,tradable,1596702900,1764914400,normal,https://www.gate.com/trade/NEIRO_USDT,False,0.08,2552105487.03,300000,0.35,0.35,,
1084,LUCIC_USDT,LUCIC,Lucidum Coin,USDT,Tether,0.2,1,3,5000000,0,5,tradable,1577808000,1762693200,normal,https://www.gate.com/trade/LUCIC_USDT,False,0.1,999750.06,200000,0.4,0.4,,
1085,INVITE_USDT,INVITE,INVITE,USDT,Tether,0.2,1,3,5000000,0,7,tradable,1607313600,1722585600,normal,https://www.gate.com/trade/INVITE_USDT,False,0.1,174978127.73,200000,0.4,0.4,,
1086,GT_USDT,GT,GateToken,USDT,Tether,0.2,0.01,3,5000000,2,2,tradable,0,1555833600,normal,https://www.gate.com/trade/GT_USDT,False,0.06,48614.49,500000,0.15,0.15,,
1087,SIS_USDT,SIS,Symbiosis,USDT,Tether,0.2,0.01,3,5000000,2,5,tradable,1607313600,1638446400,normal,https://www.gate.com/trade/SIS_USDT,False,0.1,3972194.64,200000,0.4,0.4,,
1088,LQTY_USDT,LQTY,Liquity,USDT,Tether,0.2,0.01,3,5000000,2,4,tradable,1607313600,1677582000,normal,https://www.gate.com/trade/LQTY_USDT,False,0.08,725601.64,300000,0.3,0.3,,
1089,ENS_ETH,ENS,ENS,ETH,Ethereum,0.2,0.001,0.001,1000,3,6,tradable,1607313600,1636434000,normal,https://www.gate.com/trade/ENS_ETH,False,0.1,29761.9,100,0.6,0.6,,
1090,GHST_USDT,GHST,Aavegotchi,USDT,Tether,0.2,1,3,5000000,0,5,tradable,1607400000,1607407200,normal,https://www.gate.com/trade/GHST_USDT,False,0.1,1219140.51,200000,0.4,0.4,,
1091,SAND_USDT,SAND,Sandbox,USDT,Tether,0.2,1,3,5000000,0,5,tradable,1607313600,1613800800,normal,https://www.gate.com/trade/SAND_USDT,False,0.08,2513615.42,300000,0.2,0.2,,
1092,BABA3L_USDT,BABA3L,BABA3xLong,USDT,Tether,0.2,0.01,3,5000000,2,5,tradable,1577808000,1769482800,normal,https://www.gate.com/trade/BABA3L_USDT,False,0.1,0,0,0.6,0.6,,
1093,ADA_USDT,ADA,Cardano,USDT,Tether,0.2,0.01,3,5000000,2,4,tradable,0,0,normal,https://www.gate.com/trade/ADA_USDT,False,0.03,2644453.26,1000000,0.1,0.1,,
1094,SUSHI3S_USDT,SUSHI3S,SUSHI3xShort,USDT,Tether,0.2,0.01,3,5000000,2,5,tradable,1582704000,1582704000,normal,https://www.gate.com/trade/SUSHI3S_USDT,False,0.1,3735176.02,200000,0.6,0.6,,
1095,TRX5L_USDT,TRX5L,TRX5xLong,USDT,Tether,0.2,0.01,3,5000000,2,4,tradable,1577808000,1747126800,normal,https://www.gate.com/trade/TRX5L_USDT,False,0.1,526546.73,300000,0.6,0.6,,
1096,UNI3L_USDT,UNI3L,UNI3xLong,USDT,Tether,0.2,0.01,3,5000000,2,5,tradable,1582704000,1761123600,normal,https://www.gate.com/trade/UNI3L_USDT,False,0.1,806668.46,300000,0.6,0.6,,
1097,龙虾_USDT,龙虾,龙虾,USDT,Tether,0.2,1,3,5000000,0,6,tradable,1577808000,1773043200,normal,https://www.gate.com/trade/龙虾_USDT,False,0.05,0,0,0.4,0.4,,
1098,MON3L_USDT,MON3L,MON3xLong,USDT,Tether,0.2,0.01,3,5000000,2,5,tradable,1577808000,1764226800,normal,https://www.gate.com/trade/MON3L_USDT,False,0.1,4658746.8,200000,0.6,0.6,,
1099,FUSE_USDT,FUSE,Fuse Network,USDT,Tether,0.2,0.01,3,5000000,2,6,tradable,1607313600,1625198400,normal,https://www.gate.com/trade/FUSE_USDT,False,0.1,24417043.1,200000,0.4,0.4,,
1100,NMR_ETH,NMR,Numeraire,ETH,Ethereum,0.2,0.001,0.001,1000,3,6,tradable,1607313600,1617184800,normal,https://www.gate.com/trade/NMR_ETH,False,0.1,19665.68,66.66666667,0.6,0.6,,
1101,VVV_USDT,VVV,Venice Token,USDT,Tether,0.2,0.01,3,5000000,2,4,tradable,1577808000,1738036800,normal,https://www.gate.com/trade/VVV_USDT,False,0.1,179678.38,200000,0.35,0.35,,
1102,RCADE_USDT,RCADE,RCADE Network,USDT,Tether,0.2,1,3,5000000,0,8,tradable,1577808000,1752066000,normal,https://www.gate.com/trade/RCADE_USDT,False,0.1,1473839351.51,200000,0.4,0.4,,
1103,D_USDT,D,Dar Open Network,USDT,Tether,0.2,1,3,5000000,0,6,tradable,1577808000,1736600400,normal,https://www.gate.com/trade/D_USDT,False,0.1,22684310.02,300000,0.4,0.4,,
1104,SPY3S_USDT,SPY3S,SPY3xShort,USDT,Tether,0.2,0.01,3,5000000,2,5,tradable,1577808000,1769427000,normal,https://www.gate.com/trade/SPY3S_USDT,False,0.1,0,0,0.6,0.6,,
1105,ANIME_USDT,ANIME,Animecoin,USDT,Tether,0.2,0.01,3,5000000,2,6,tradable,1577808000,1737640800,normal,https://www.gate.com/trade/ANIME_USDT,False,0.1,52429220.55,300000,0.3,0.3,,
1106,TOSHI3S_USDT,TOSHI3S,TOSHI3xShort,USDT,Tether,0.2,0.01,3,5000000,2,6,tradable,1577808000,1747117800,normal,https://www.gate.com/trade/TOSHI3S_USDT,False,0.1,40269807.71,200000,0.6,0.6,,
1107,COAI_USDT,COAI,ChainOpera,USDT,Tether,0.2,0.1,3,5000000,1,4,tradable,1607313600,1760011200,normal,https://www.gate.com/trade/COAI_USDT,False,0.08,940203.08,500000,0.35,0.35,,
1108,WXT_USDT,WXT,Wirex,USDT,Tether,0.2,0.1,3,5000000,1,6,tradable,1607313600,1618887600,normal,https://www.gate.com/trade/WXT_USDT,False,0.1,121482081.39,300000,0.4,0.4,,
1109,APE3S_USDT,APE3S,APE3xShort,USDT,Tether,0.2,0.01,3,5000000,2,6,tradable,1582704000,1582704000,normal,https://www.gate.com/trade/APE3S_USDT,False,0.1,6290033.44,300000,0.6,0.6,,
1110,CC_USDT,CC,Canton Network,USDT,Tether,0.2,1,3,5000000,0,5,tradable,1577808000,1762758000,normal,https://www.gate.com/trade/CC_USDT,False,0.05,14042971.49,1000000,0.4,0.4,,
1111,B3X_USDT,B3X,Bnext,USDT,Tether,0.2,1,3,5000000,0,8,tradable,1568694900,1663070400,normal,https://www.gate.com/trade/B3X_USDT,False,0.1,663129973,100000,0.4,0.4,,
1112,SUSHI_USDT,SUSHI,Sushiswap,USDT,Tether,0.2,0.01,3,5000000,2,4,tradable,1597379400,1598767200,normal,https://www.gate.com/trade/SUSHI_USDT,False,0.1,1007895.18,300000,0.2,0.2,,
1113,ISK_USDT,ISK,ISKRA Token,USDT,Tether,0.2,0.01,3,5000000,2,7,tradable,1607313600,1664442000,normal,https://www.gate.com/trade/ISK_USDT,False,0.1,171526586.62,200000,0.4,0.4,,
1114,DUREV_USDT,DUREV,Povel Durev,USDT,Tether,0.2,0.01,3,5000000,2,6,tradable,1607313600,1718355600,normal,https://www.gate.com/trade/DUREV_USDT,False,0.1,56545095,200000,0.4,0.4,,
1115,OGN_USDT,OGN,Origin Protocol,USDT,Tether,0.2,0.01,3,5000000,2,5,tradable,1607313600,1616907600,normal,https://www.gate.com/trade/OGN_USDT,False,0.1,9612303.75,300000,0.35,0.35,,
1116,QNT_USDT,QNT,Quant,USDT,Tether,0.2,0.001,3,5000000,3,2,tradable,1607313600,1612357200,normal,https://www.gate.com/trade/QNT_USDT,False,0.08,3897.88,300000,0.2,0.2,,
1117,ZEUS_USDT,ZEUS,Zeus Network,USDT,Tether,0.2,1,3,5000000,0,6,tradable,1596702900,1712286000,normal,https://www.gate.com/trade/ZEUS_USDT,False,0.1,9748964.17,200000,0.4,0.4,,
1118,SSG_USDT,SSG,SomeSinG,USDT,Tether,0.2,0.01,3,5000000,2,8,tradable,1607313600,1712124000,normal,https://www.gate.com/trade/SSG_USDT,False,0.1,7036059806.51,200000,0.4,0.4,,
1119,MTV_USDT,MTV,MultiVAC,USDT,Tether,0.2,1,3,5000000,0,8,tradable,1571891700,1571891700,normal,https://www.gate.com/trade/MTV_USDT,False,0.1,613468705.43,200000,0.4,0.4,,
1120,SPS_USDT,SPS,Splinterlands,USDT,Tether,0.2,0.1,3,5000000,1,6,tradable,1608782400,1627351200,normal,https://www.gate.com/trade/SPS_USDT,False,0.1,32658393.21,200000,0.4,0.4,,
1121,STX_ETH,STX,Stacks,ETH,Ethereum,0.2,0.001,0.001,1000,3,8,tradable,1610643600,1610701200,normal,https://www.gate.com/trade/STX_ETH,False,0.1,1127078.05,100,0.6,0.6,,
1122,VELO_USDT,VELO,Velo,USDT,Tether,0.2,0.1,3,5000000,1,6,tradable,1607313600,1617357600,normal,https://www.gate.com/trade/VELO_USDT,False,0.08,52521008.4,300000,0.3,0.3,,
1123,DUSK_USDT,DUSK,DUSK Network,USDT,Tether,0.2,0.01,3,5000000,2,5,tradable,1607659200,1607677200,normal,https://www.gate.com/trade/DUSK_USDT,False,0.1,7451564.83,300000,0.3,0.3,,
1124,TDROP_USDT,TDROP,ThetaDrop,USDT,Tether,0.2,0.1,3,5000000,1,7,tradable,0,1645084800,normal,https://www.gate.com/trade/TDROP_USDT,False,0.1,135244793.08,100000,0.4,0.4,,
1125,WSDM_USDT,WSDM,Wisdomise AI,USDT,Tether,0.2,0.01,3,5000000,2,7,tradable,1596702900,1715684400,normal,https://www.gate.com/trade/WSDM_USDT,False,0.1,333361113.43,200000,0.4,0.4,,
1126,BARD_USDT,BARD,Lombard,USDT,Tether,0.2,0.1,3,5000000,1,4,tradable,1577808000,1758193200,normal,https://www.gate.com/trade/BARD_USDT,False,0.06,632311.1,500000,0.3,0.3,,
1127,PRIMEX_USDT,PRIMEX,Primex Finance,USDT,Tether,0.2,1,3,5000000,0,8,tradable,1577808000,1753941600,normal,https://www.gate.com/trade/PRIMEX_USDT,False,0.1,1971414489.9,200000,0.4,0.4,,
1128,币安人生3L_USDT,币安人生3L,币安人生3xLong,USDT,Tether,0.2,0.01,3,5000000,2,6,tradable,1577808000,1768287600,normal,https://www.gate.com/trade/币安人生3L_USDT,False,0.1,0,0,0.6,0.6,,
1129,BROCCOLI_USDT,BROCCOLI,CZ'S DOG,USDT,Tether,0.2,0.01,3,5000000,2,5,tradable,1577808000,1739521800,normal,https://www.gate.com/trade/BROCCOLI_USDT,False,0.1,24420024.42,300000,0.35,0.35,,
1130,SKL_USDT,SKL,SKALE,USDT,Tether,0.2,1,3,5000000,0,6,tradable,1606752000,1606786200,normal,https://www.gate.com/trade/SKL_USDT,False,0.1,28612303.29,300000,0.3,0.3,,
1131,XYO_ETH,XYO,XYO Network,ETH,Ethereum,0.2,0.1,0.001,1000,1,9,tradable,1607313600,1631257200,normal,https://www.gate.com/trade/XYO_ETH,False,0.1,55386319.58,100,0.6,0.6,,
1132,NIGHT3S_USDT,NIGHT3S,NIGHT3xShort,USDT,Tether,0.2,0.01,3,5000000,2,5,tradable,1577808000,1767942000,normal,https://www.gate.com/trade/NIGHT3S_USDT,False,0.1,0,0,0.6,0.6,,
1133,HOLD_USDT,HOLD,Holdcoin,USDT,Tether,0.2,1,3,5000000,0,9,tradable,1577808000,1734354000,normal,https://www.gate.com/trade/HOLD_USDT,False,0.1,26232948583.42,200000,0.4,0.4,,
1134,ATS_USDT,ATS,Alltoscan,USDT,Tether,0.2,0.01,3,5000000,2,5,tradable,1607313600,1713178800,normal,https://www.gate.com/trade/ATS_USDT,False,0.1,1501839.75,200000,0.4,0.4,,
1135,ICP_ETH,ICP,Internet Computer,ETH,Ethereum,0.2,0.0001,0.001,1000,4,7,tradable,1520614800,1620667800,normal,https://www.gate.com/trade/ICP_ETH,False,0.1,161100.64,166.6666667,0.6,0.6,,
1136,WIF5L_USDT,WIF5L,WIF5xLong,USDT,Tether,0.2,0.01,3,5000000,2,6,tradable,1577808000,1770883200,normal,https://www.gate.com/trade/WIF5L_USDT,False,0.08,34656038.81,300000,0.6,0.6,,
1137,FLOCK3L_USDT,FLOCK3L,FLOCK3xLong,USDT,Tether,0.2,0.01,3,5000000,2,5,tradable,1577808000,1764752400,normal,https://www.gate.com/trade/FLOCK3L_USDT,False,0.1,553587.25,200000,0.6,0.6,,
1138,TAI_USDT,TAI,Tars AI,USDT,Tether,0.2,0.01,3,5000000,2,5,tradable,1596702900,1714644000,normal,https://www.gate.com/trade/TAI_USDT,False,0.1,13992537.31,300000,0.4,0.4,,
1139,ALPINE_USDT,ALPINE,Alpine F1 Team Fan Token,USDT,Tether,0.2,0.01,3,5000000,2,4,tradable,1607313600,1650614400,normal,https://www.gate.com/trade/ALPINE_USDT,False,0.1,569313.98,300000,0.35,0.35,,
1140,DEGO_USDT,DEGO,Dego Finance,USDT,Tether,0.2,0.01,3,5000000,2,4,tradable,1602064800,1602151200,normal,https://www.gate.com/trade/DEGO_USDT,False,0.1,664451.83,300000,0.35,0.35,,
1141,XYRO_USDT,XYRO,XYRO,USDT,Tether,0.2,1,3,5000000,0,8,tradable,1577808000,1737626400,normal,https://www.gate.com/trade/XYRO_USDT,False,0.1,1712328767.12,200000,0.6,0.6,,
1142,KZEN_USDT,KZEN,Kaizen.Finance,USDT,Tether,0.2,0.1,3,5000000,1,7,tradable,1607313600,1650967200,normal,https://www.gate.com/trade/KZEN_USDT,False,0.1,499188818,200000,0.4,0.4,,
1143,SLV3S_USDT,SLV3S,SLV3xShort,USDT,Tether,0.2,0.01,3,5000000,2,5,tradable,1577808000,1769427000,normal,https://www.gate.com/trade/SLV3S_USDT,False,0.1,0,0,0.6,0.6,,
1144,BORA_USDT,BORA,BORA,USDT,Tether,0.2,0.01,3,5000000,2,5,tradable,1607313600,1648105200,normal,https://www.gate.com/trade/BORA_USDT,False,0.1,4918839.15,200000,0.35,0.35,,
1145,BCH3S_USDT,BCH3S,BCH3xShort,USDT,Tether,0.2,0.01,3,5000000,2,4,tradable,1583128800,1749112200,normal,https://www.gate.com/trade/BCH3S_USDT,False,0.1,1128243.7,300000,0.6,0.6,,
1146,POPCAT3S_USDT,POPCAT3S,POPCAT3xShort,USDT,Tether,0.2,0.01,3,5000000,2,5,tradable,1577808000,1745829000,normal,https://www.gate.com/trade/POPCAT3S_USDT,False,0.1,4190236.75,200000,0.6,0.6,,
1147,NRN_USDT,NRN,Neuron,USDT,Tether,0.2,1,3,5000000,0,6,tradable,1607313600,1719216000,normal,https://www.gate.com/trade/NRN_USDT,False,0.1,17798872.74,300000,0.4,0.4,,
1148,STABLE_USDT,STABLE,Stable,USDT,Tether,0.2,1,3,5000000,0,6,tradable,1577808000,1765198800,normal,https://www.gate.com/trade/STABLE_USDT,False,0.06,37050759.54,500000,0.35,0.35,,
1149,VRA_USDT,VRA,Verasity,USDT,Tether,0.2,1,3,5000000,0,8,tradable,1607313600,1615348800,normal,https://www.gate.com/trade/VRA_USDT,False,0.1,1203369434.42,300000,0.4,0.4,,
1150,SLVON_USDT,SLVON,iShares Silver Trust Ondo Tokenized,USDT,Tether,0.2,0.01,3,5000000,2,2,tradable,1577808000,1765261800,normal,https://www.gate.com/trade/SLVON_USDT,False,0.08,8393.49,500000,0.15,0.15,,
1151,ACU_USDT,ACU,Acurast,USDT,Tether,0.2,0.1,3,5000000,1,5,tradable,1577808000,1768910400,normal,https://www.gate.com/trade/ACU_USDT,False,0.05,0,0,0.35,0.35,,
1152,ONDO_USDT,ONDO,Ondo Finance,USDT,Tether,0.2,0.01,3,5000000,2,4,tradable,1607313600,1705579200,normal,https://www.gate.com/trade/ONDO_USDT,False,0.06,2470050.64,1000000,0.25,0.25,,
1153,GITCOIN_USDT,GITCOIN,Gitcoin,USDT,Tether,0.2,1,3,5000000,0,5,tradable,1607313600,1622008800,normal,https://www.gate.com/trade/GITCOIN_USDT,False,0.1,2392344.5,300000,0.4,0.4,,
1154,XVS_USDT,XVS,Venus,USDT,Tether,0.2,0.01,3,5000000,2,3,tradable,1608782400,1612598400,normal,https://www.gate.com/trade/XVS_USDT,False,0.1,67287.2,300000,0.35,0.35,,
1155,WAVES_USDT,WAVES,Waves,USDT,Tether,0.2,0.001,3,5000000,3,4,tradable,0,0,normal,https://www.gate.com/trade/WAVES_USDT,False,0.1,722908.99,500000,0.4,0.4,,
1156,POLC_USDT,POLC,Polka City,USDT,Tether,0.2,1,3,5000000,0,7,tradable,1607313600,1616040000,normal,https://www.gate.com/trade/POLC_USDT,False,0.1,266542280.27,200000,0.4,0.4,,
1157,CELL_USDT,CELL,Cellframe Network,USDT,Tether,0.2,1,3,5000000,0,5,tradable,1607313600,1639281600,normal,https://www.gate.com/trade/CELL_USDT,False,0.1,1638001.64,200000,0.4,0.4,,
1158,HQ_USDT,HQ,Metaverse HQ,USDT,Tether,0.2,1,3,5000000,0,8,tradable,1577808000,1737982800,normal,https://www.gate.com/trade/HQ_USDT,False,0.1,2339044500.32,200000,0.4,0.4,,
1159,GUI_USDT,GUI,Gui Inu,USDT,Tether,0.2,1,3,5000000,0,9,tradable,1597636800,1712062800,normal,https://www.gate.com/trade/GUI_USDT,False,0.1,189663347558.08,200000,0.4,0.4,,
1160,RING_USDT,RING,DarwiniaRing,USDT,Tether,0.2,0.1,3,5000000,1,7,tradable,1598934600,1598947200,normal,https://www.gate.com/trade/RING_USDT,False,0.1,273000273,200000,0.4,0.4,,
1161,AUDIO_USDT,AUDIO,Audius,USDT,Tether,0.2,0.01,3,5000000,2,5,tradable,1607313600,1615291200,normal,https://www.gate.com/trade/AUDIO_USDT,False,0.1,9789525.21,300000,0.35,0.35,,
1162,MGT_USDT,MGT,Moongate,USDT,Tether,0.2,1,3,5000000,0,8,tradable,1577808000,1732795200,normal,https://www.gate.com/trade/MGT_USDT,False,0.1,359324470,100000,0.4,0.4,,
1163,MANA3_USDT,MANA3,X-EcoChain,USDT,Tether,0.2,1,3,5000000,0,6,tradable,1577808000,1733997600,normal,https://www.gate.com/trade/MANA3_USDT,False,0.1,122950819.67,300000,0.4,0.4,,
1164,FDUSD_USDT,FDUSD,First Digital USD,USDT,Tether,0.2,0.01,3,5000000,2,4,tradable,1607313600,1698469200,normal,https://www.gate.com/trade/FDUSD_USDT,False,0.03,2000000,2000000,0.08,0.08,,
1165,LUNC_USDT,LUNC,Terra Classic,USDT,Tether,0.2,0.1,3,5000000,1,8,tradable,1608339600,1653624000,normal,https://www.gate.com/trade/LUNC_USDT,False,0.06,12759984688.02,500000,0.35,0.35,,
1166,ZRC_USDT,ZRC,Zircuit,USDT,Tether,0.2,1,3,5000000,0,6,tradable,1577808000,1732528800,normal,https://www.gate.com/trade/ZRC_USDT,False,0.1,67873303.17,300000,0.4,0.4,,
1167,GENIUS_USDT,GENIUS,Genius Foundation,USDT,Tether,0.2,0.1,3,5000000,1,4,tradable,1577808000,1776216600,normal,https://www.gate.com/trade/GENIUS_USDT,False,0.05,0,0,0.4,0.4,,
1168,FLUX_USDT,FLUX,Flux,USDT,Tether,0.2,1,3,5000000,0,5,tradable,1607313600,1621483200,normal,https://www.gate.com/trade/FLUX_USDT,False,0.08,2702702.7,300000,0.3,0.3,,
1169,ABTX_USDT,ABTX,Abbott xStock,USDT,Tether,0.2,0.001,3,5000000,3,2,tradable,1577808000,1754125200,normal,https://www.gate.com/trade/ABTX_USDT,False,0.1,2349.72,300000,0.4,0.4,,
1170,WSI_USDT,WSI,WeSendit,USDT,Tether,0.2,1,3,5000000,0,7,tradable,1607313600,1673085600,normal,https://www.gate.com/trade/WSI_USDT,False,0.1,223438721.93,200000,0.4,0.4,,
1171,USDG_USDT,USDG,Global Dollar,USDT,Tether,0.2,0.1,3,5000000,1,4,tradable,1601211600,1762948800,normal,https://www.gate.com/trade/USDG_USDT,False,0.03,2000000,2000000,0.08,0.08,,
1172,GRND_USDT,GRND,SuperWalk,USDT,Tether,0.2,0.01,3,5000000,2,5,tradable,1607313600,1662544800,normal,https://www.gate.com/trade/GRND_USDT,False,0.1,6188118.81,200000,0.4,0.4,,
1173,DMTR_USDT,DMTR,Dimitra,USDT,Tether,0.2,1,3,5000000,0,6,tradable,1607313600,1637470800,normal,https://www.gate.com/trade/DMTR_USDT,False,0.1,14534883.72,200000,0.4,0.4,,
1174,AIV_USDT,AIV,AIVille Governance Token,USDT,Tether,0.2,1,3,5000000,0,6,tradable,1577808000,1759129200,normal,https://www.gate.com/trade/AIV_USDT,False,0.1,111638291.93,200000,0.4,0.4,,
1175,DOGE3L_USDT,DOGE3L,DOGE3xLong,USDT,Tether,0.2,0.01,3,5000000,2,5,tradable,1608523200,1770883200,normal,https://www.gate.com/trade/DOGE3L_USDT,False,0.1,305157155.94,500000,0.6,0.6,,
1176,FORM_USDT,FORM,Four,USDT,Tether,0.2,0.1,3,5000000,1,4,tradable,1607313600,1742389200,normal,https://www.gate.com/trade/FORM_USDT,False,0.06,1309071.87,500000,0.35,0.35,,
1177,ASK_USDT,ASK,Permission Coin,USDT,Tether,0.2,1,3,5000000,0,8,tradable,1596702900,1645070400,normal,https://www.gate.com/trade/ASK_USDT,False,0.1,1674761346.51,200000,0.4,0.4,,
1178,SHIB_USDC,SHIB,Shiba Inu,USDC,USDCoin,0.2,0.1,1,5000000,1,9,tradable,1607313600,1618650000,normal,https://www.gate.com/trade/SHIB_USDC,False,0.06,64703979294.73,500000,0.35,0.35,,
1179,ZKP_USDT,ZKP,zkPass,USDT,Tether,0.2,1,3,5000000,0,5,tradable,1577808000,1766743200,normal,https://www.gate.com/trade/ZKP_USDT,False,0.05,0,0,0.35,0.35,,
1180,SHIB_USDT,SHIB,Shiba Inu,USDT,Tether,0.2,1,3,5000000,0,9,tradable,1607313600,1618650000,normal,https://www.gate.com/trade/SHIB_USDT,False,0.05,129424707176.6,1000000,0.2,0.2,,
1181,NFT_USDT,NFT,AINFT,USDT,Tether,0.2,1,3,5000000,0,10,tradable,1598932800,1623387600,normal,https://www.gate.com/trade/NFT_USDT,False,0.08,858246316692.89,300000,0.35,0.35,,
1182,KAON_USDT,KAON,Kaon,USDT,Tether,0.2,1,3,5000000,0,8,tradable,1577808000,1739340000,normal,https://www.gate.com/trade/KAON_USDT,False,0.1,3899015498.59,200000,0.4,0.4,,
1183,BPT_USDT,BPT,Best Patent,USDT,Tether,0.2,1,3,5000000,0,8,tradable,1577808000,1735635600,normal,https://www.gate.com/trade/BPT_USDT,False,0.1,118163502.84,100000,0.4,0.4,,
1184,SCOR_USDT,SCOR,SCOR,USDT,Tether,0.2,1,3,5000000,0,6,tradable,1577808000,1765965600,normal,https://www.gate.com/trade/SCOR_USDT,False,0.1,31479538.3,300000,0.4,0.4,,
1185,GTETH_ETH,GTETH,GTETH,ETH,Ethereum,0.2,0.0001,0.001,1000,4,4,tradable,1577808000,1758189600,normal,https://www.gate.com/trade/GTETH_ETH,False,0.1,100.01,100,0.4,0.4,,
1186,SOLV_USDT,SOLV,Solv Protocol,USDT,Tether,0.2,1,3,5000000,0,6,tradable,1577808000,1737108000,normal,https://www.gate.com/trade/SOLV_USDT,False,0.1,20277120.65,300000,0.3,0.3,,
1187,SHELL_USDT,SHELL,MyShell,USDT,Tether,0.2,0.01,3,5000000,2,5,tradable,1577808000,1739457000,normal,https://www.gate.com/trade/SHELL_USDT,False,0.08,6459948.32,300000,0.35,0.35,,
1188,LINK_ETH,LINK,ChainLink,ETH,Ethereum,0.2,0.001,0.001,1000,3,6,tradable,0,0,normal,https://www.gate.com/trade/LINK_ETH,False,0.1,38522.29,166.6666667,0.6,0.6,,
1189,BONK3S_USDT,BONK3S,BONK3xShort,USDT,Tether,0.2,0.01,3,5000000,2,5,tradable,1577808000,1751968800,normal,https://www.gate.com/trade/BONK3S_USDT,False,0.1,3303600.93,300000,0.6,0.6,,
1190,METO_USDT,METO,Metafluence,USDT,Tether,0.2,0.1,3,5000000,1,8,tradable,1607313600,1648634400,normal,https://www.gate.com/trade/METO_USDT,False,0.1,3325573661.46,200000,0.4,0.4,,
1191,ZORA_USDT,ZORA,Zora,USDT,Tether,0.2,1,3,5000000,0,6,tradable,1577808000,1745413200,normal,https://www.gate.com/trade/ZORA_USDT,False,0.06,9652323.31,500000,0.2,0.2,,
1192,DOT5S_USDT,DOT5S,DOT5xShort,USDT,Tether,0.2,0.01,3,5000000,2,4,tradable,1582704000,1760522400,normal,https://www.gate.com/trade/DOT5S_USDT,False,0.08,208976.95,300000,0.6,0.6,,
1193,HANA_USDT,HANA,Hana Network,USDT,Tether,0.2,1,3,5000000,0,6,tradable,0,1758891600,normal,https://www.gate.com/trade/HANA_USDT,False,0.1,27979854.5,300000,0.4,0.4,,
1194,LIQ_USDT,LIQ,LIQ Protocol,USDT,Tether,0.2,1,3,5000000,0,7,tradable,1596702900,1635825600,normal,https://www.gate.com/trade/LIQ_USDT,True,0.1,466309162.98,200000,0.4,0.4,1776826800.0,
1195,IN_USDT,IN,INFINIT,USDT,Tether,0.2,1,3,5000000,0,5,tradable,1577808000,1754560800,normal,https://www.gate.com/trade/IN_USDT,False,0.1,2688714.12,200000,0.35,0.35,,
1196,XPOWER_USDT,XPOWER,NebX,USDT,Tether,0.2,0.01,3,5000000,2,7,tradable,1607313600,1727438400,normal,https://www.gate.com/trade/XPOWER_USDT,False,0.1,279310104.04,200000,0.4,0.4,,
1197,CRV_USDC,CRV,Curve,USDC,USDCoin,0.2,0.01,1,5000000,2,4,tradable,1597381200,1597383000,normal,https://www.gate.com/trade/CRV_USDC,False,0.08,843525.94,300000,0.35,0.35,,
1198,TOWNS_USDT,TOWNS,Towns,USDT,Tether,0.2,1,3,5000000,0,6,tradable,1577808000,1754404200,normal,https://www.gate.com/trade/TOWNS_USDT,False,0.1,46090029.19,300000,0.35,0.35,,
1199,ATOM_USDT,ATOM,Cosmos,USDT,Tether,0.2,0.01,3,5000000,2,3,tradable,0,1555999200,normal,https://www.gate.com/trade/ATOM_USDT,False,0.08,151019.38,300000,0.3,0.3,,
1200,IDEX_USDT,IDEX,IDEX,USDT,Tether,0.2,0.01,3,5000000,2,6,tradable,1607313600,1631689200,normal,https://www.gate.com/trade/IDEX_USDT,False,0.1,27947272.81,300000,0.4,0.4,,
1201,ATOM_USDC,ATOM,Cosmos,USDC,USDCoin,0.2,0.01,1,5000000,2,3,tradable,0,1555999200,normal,https://www.gate.com/trade/ATOM_USDC,False,0.08,150905.43,300000,0.35,0.35,,
1202,TUNE_USDT,TUNE,Bitune,USDT,Tether,0.2,0.01,3,5000000,2,7,tradable,1607313600,1709175600,normal,https://www.gate.com/trade/TUNE_USDT,False,0.1,81883316,200000,0.4,0.4,,
1203,BEER_USDT,BEER,Beercoin,USDT,Tether,0.2,1,3,5000000,0,10,tradable,1596702900,1717077600,normal,https://www.gate.com/trade/BEER_USDT,False,0.1,115841297422.53,200000,0.4,0.4,,
1204,CRV_USDT,CRV,Curve,USDT,Tether,0.2,0.01,3,5000000,2,4,tradable,1597381200,1597383000,normal,https://www.gate.com/trade/CRV_USDT,False,0.05,2810962.75,1000000,0.25,0.25,,
1205,LNDX_USDT,LNDX,LandX Finance,USDT,Tether,0.2,0.01,3,5000000,2,5,tradable,1607313600,1702648800,normal,https://www.gate.com/trade/LNDX_USDT,False,0.1,7897334.65,200000,0.4,0.4,,
1206,NUM_USDT,NUM,Numbers Protocol,USDT,Tether,0.2,1,3,5000000,0,6,tradable,1607313600,1637240400,normal,https://www.gate.com/trade/NUM_USDT,False,0.1,25990903.18,200000,0.4,0.4,,
1207,XAG3S_USDT,XAG3S,XAG3xShort,USDT,Tether,0.2,0.01,3,5000000,2,5,tradable,1577808000,1768892400,normal,https://www.gate.com/trade/XAG3S_USDT,False,0.1,0,0,0.6,0.6,,
1208,TRU_USDT,TRU,Archblock,USDT,Tether,0.2,1,3,5000000,0,6,tradable,1606039200,1606111200,normal,https://www.gate.com/trade/TRU_USDT,False,0.1,32920004.39,300000,0.35,0.35,,
1209,TSLA3L_USDT,TSLA3L,TSLA3xLong,USDT,Tether,0.2,0.01,3,5000000,2,5,tradable,1577808000,1769427000,normal,https://www.gate.com/trade/TSLA3L_USDT,False,0.1,0,0,0.6,0.6,,
1210,SWEAT_USDT,SWEAT,Sweat Economy,USDT,Tether,0.2,0.1,3,5000000,1,7,tradable,1607313600,1663057800,normal,https://www.gate.com/trade/SWEAT_USDT,False,0.1,146466495.79,200000,0.4,0.4,,
1211,ADAPAD_USDT,ADAPAD,ADAPad,USDT,Tether,0.2,0.1,3,5000000,1,6,tradable,1607313600,1637153100,normal,https://www.gate.com/trade/ADAPAD_USDT,False,0.1,115807759.12,200000,0.6,0.6,,
1212,CDL_USDT,CDL,Creditlink,USDT,Tether,0.2,1,3,5000000,0,6,tradable,1577808000,1761379200,normal,https://www.gate.com/trade/CDL_USDT,False,0.1,13273161.67,500000,0.4,0.4,,
1213,W_USDT,W,WormHole,USDT,Tether,0.2,0.01,3,5000000,2,5,tradable,1596702900,1712145600,normal,https://www.gate.com/trade/W_USDT,False,0.06,14062719.73,500000,0.25,0.25,,
1214,ORDI3L_USDT,ORDI3L,ORDI3xLong,USDT,Tether,0.2,0.01,3,5000000,2,5,tradable,1582704000,1770883200,normal,https://www.gate.com/trade/ORDI3L_USDT,False,0.1,108361928.84,300000,0.6,0.6,,
1215,SHDW_USDT,SHDW,Shadow Token,USDT,Tether,0.2,0.01,3,5000000,2,5,tradable,1596702900,1711526400,normal,https://www.gate.com/trade/SHDW_USDT,False,0.1,3629434.72,200000,0.4,0.4,,
1216,KAIA3S_USDT,KAIA3S,KAIA 3xShort,USDT,Tether,0.2,0.01,3,5000000,2,3,tradable,1577808000,1757667600,normal,https://www.gate.com/trade/KAIA3S_USDT,False,0.1,22463.24,200000,0.6,0.6,,
1217,GLQ_USDT,GLQ,GraphLinq Protocol,USDT,Tether,0.2,1,3,5000000,0,6,tradable,1607313600,1617181200,normal,https://www.gate.com/trade/GLQ_USDT,False,0.1,36357026,200000,0.4,0.4,,
1218,PROPS_USDT,PROPS,Propbase,USDT,Tether,0.2,1,3,5000000,0,6,tradable,1597636800,1714474800,normal,https://www.gate.com/trade/PROPS_USDT,False,0.1,23775558.73,200000,0.4,0.4,,
1219,SEND_USDT,SEND,Suilend,USDT,Tether,0.2,1,3,5000000,0,5,tradable,1577808000,1733979600,normal,https://www.gate.com/trade/SEND_USDT,False,0.1,861883.21,200000,0.4,0.4,,
1220,TNK_USDT,TNK,Trac Network,USDT,Tether,0.2,1,3,5000000,0,5,tradable,1577808000,1763186400,normal,https://www.gate.com/trade/TNK_USDT,False,0.1,1108340.26,200000,0.4,0.4,,
1221,ANAVI_USDT,ANAVI,Atlas Navi,USDT,Tether,0.2,1,3,5000000,0,6,tradable,1607313600,1707274800,normal,https://www.gate.com/trade/ANAVI_USDT,False,0.1,12334258.4,200000,0.4,0.4,,
1222,AE_USDT,AE,Aeternity,USDT,Tether,0.2,0.01,3,5000000,2,6,tradable,0,0,normal,https://www.gate.com/trade/AE_USDT,False,0.1,28139289.48,200000,0.4,0.4,,
1223,WBAI_USDT,WBAI,WhiteBridge Network,USDT,Tether,0.2,1,3,5000000,0,6,tradable,1577808000,1760529600,normal,https://www.gate.com/trade/WBAI_USDT,False,0.1,29960302.6,200000,0.4,0.4,,
1224,SHX_USDT,SHX,Stronghold,USDT,Tether,0.2,1,3,5000000,0,6,tradable,1607313600,1663120800,normal,https://www.gate.com/trade/SHX_USDT,False,0.1,38238480.66,300000,0.4,0.4,,
1225,WX_USDT,WX,Weave6 Token,USDT,Tether,0.2,0.1,3,5000000,1,8,tradable,1607313600,1709553600,normal,https://www.gate.com/trade/WX_USDT,False,0.1,1125745806.6,100000,0.4,0.4,,
1226,WOLF_USDT,WOLF,Landwolf,USDT,Tether,0.2,1,3,5000000,0,9,tradable,1607313600,1718172000,normal,https://www.gate.com/trade/WOLF_USDT,False,0.1,24671559859.37,200000,0.4,0.4,,
1227,NETMIND_USDT,NETMIND,NetMind Token,USDT,Tether,0.2,1,3,5000000,0,5,tradable,1607313600,1723888800,normal,https://www.gate.com/trade/NETMIND_USDT,False,0.1,1458789.2,200000,0.4,0.4,,
1228,DAG_USDT,DAG,Constellation,USDT,Tether,0.2,1,3,5000000,0,6,tradable,1596702900,1648116000,normal,https://www.gate.com/trade/DAG_USDT,False,0.1,25641025.64,300000,0.35,0.35,,
1229,SCCP_USDT,SCCP,S.C. Corinthians Fan Token,USDT,Tether,0.2,0.01,3,5000000,2,5,tradable,1608782400,1663063200,normal,https://www.gate.com/trade/SCCP_USDT,False,0.1,7041013.91,200000,0.4,0.4,,
1230,MEMEFI_USDT,MEMEFI,MemeFi,USDT,Tether,0.2,1,3,5000000,0,7,tradable,1577808000,1732280400,normal,https://www.gate.com/trade/MEMEFI_USDT,False,0.1,293858360.27,200000,0.4,0.4,,
1231,SBTC_USDT,SBTC,sBTC,USDT,Tether,0.2,0.000001,3,5000000,6,1,tradable,0,1758596400,normal,https://www.gate.com/trade/SBTC_USDT,False,0.12,3.47,300000,0.3,0.3,,
1232,FPS_USDT,FPS,Web3War,USDT,Tether,0.2,1,3,5000000,0,6,tradable,0,1707292800,normal,https://www.gate.com/trade/FPS_USDT,False,0.1,8718395.82,100000,0.4,0.4,,
1233,T_USDT,T,Threshold,USDT,Tether,0.2,0.01,3,5000000,2,6,tradable,1607313600,1645088400,normal,https://www.gate.com/trade/T_USDT,False,0.1,31998293.42,300000,0.35,0.35,,
1234,ELA_USDT,ELA,Elastos,USDT,Tether,0.2,0.01,3,5000000,2,4,tradable,0,1664521200,normal,https://www.gate.com/trade/ELA_USDT,False,0.1,253453.3,300000,0.4,0.4,,
1235,TRX_USDC,TRX,TRON,USDC,USDCoin,0.2,0.01,1,5000000,2,7,tradable,0,0,normal,https://www.gate.com/trade/TRX_USDC,False,0.06,1791947.38,500000,0.35,0.35,,
1236,DON_USDT,DON,Salamanca,USDT,Tether,0.2,0.1,3,5000000,1,7,tradable,1607313600,1746698400,normal,https://www.gate.com/trade/DON_USDT,False,0.1,840866092.07,200000,0.4,0.4,,
1237,QSP_USDT,QSP,Quantstamp,USDT,Tether,0.2,0.1,3,5000000,1,7,tradable,0,0,normal,https://www.gate.com/trade/QSP_USDT,False,0.1,237628467.89,200000,0.4,0.4,,
1238,AAVE3S_USDT,AAVE3S,AAVE3xShort,USDT,Tether,0.2,0.01,3,5000000,2,5,tradable,1603252800,1747386000,normal,https://www.gate.com/trade/AAVE3S_USDT,False,0.1,6323110.97,300000,0.6,0.6,,
1239,TRX_USDT,TRX,TRON,USDT,Tether,0.2,0.01,3,5000000,2,5,tradable,0,0,normal,https://www.gate.com/trade/TRX_USDT,False,0.04,3583779.81,1000000,0.1,0.1,,
1240,GPS_USDT,GPS,GoPlus Security,USDT,Tether,0.2,1,3,5000000,0,6,tradable,1577808000,1737021600,normal,https://www.gate.com/trade/GPS_USDT,False,0.1,60289389.07,300000,0.4,0.4,,
1241,CSCOON_USDT,CSCOON,Cisco Systems Ondo Tokenized,USDT,Tether,0.2,0.001,3,5000000,3,2,tradable,1577808000,1756899000,normal,https://www.gate.com/trade/CSCOON_USDT,False,0.06,6416.43,500000,0.25,0.25,,
1242,DASH3L_USDT,DASH3L,DASH3xLong,USDT,Tether,0.2,0.01,3,5000000,2,5,tradable,1603252800,1768978800,normal,https://www.gate.com/trade/DASH3L_USDT,False,0.1,0,0,0.6,0.6,,
1243,ARC_USDT,ARC,AI Rig Complex,USDT,Tether,0.2,0.01,3,5000000,2,5,tradable,0,1734681600,normal,https://www.gate.com/trade/ARC_USDT,False,0.08,10968520.35,500000,0.35,0.35,,
1244,AURA_USDT,AURA,Aura Network,USDT,Tether,0.2,1,3,5000000,0,7,tradable,1597636800,1690275600,normal,https://www.gate.com/trade/AURA_USDT,False,0.1,50232324.5,200000,0.4,0.4,,
1245,TRX_USD1,TRX,TRON,USD1,World Liberty Financial USD,0.2,0.1,0.0001,,1,4,tradable,0,0,normal,https://www.gate.com/trade/TRX_USD1,False,0.06,3581020.59,1000000,0.2,0.2,,
1246,TIA_USDC,TIA,Celestia,USDC,USDCoin,0.2,0.01,1,5000000,2,4,tradable,1597636800,1698768000,normal,https://www.gate.com/trade/TIA_USDC,False,0.08,594294.77,300000,0.35,0.35,,
1247,ARIA_USDT,ARIA,AriaAI,USDT,Tether,0.2,1,3,5000000,0,5,tradable,1577808000,1755781200,normal,https://www.gate.com/trade/ARIA_USDT,False,0.1,2901704.75,200000,0.4,0.4,,
1248,SAHARA_USDT,SAHARA,Sahara AI,USDT,Tether,0.2,0.01,3,5000000,2,5,tradable,1577808000,1750939200,normal,https://www.gate.com/trade/SAHARA_USDT,False,0.08,10980966.33,300000,0.3,0.3,,
1249,NODE_USDT,NODE,NodeOps,USDT,Tether,0.2,0.1,3,5000000,1,5,tradable,1577808000,1756724400,normal,https://www.gate.com/trade/NODE_USDT,False,0.1,5992509.36,200000,0.4,0.4,,
1250,UB_USDT,UB,Unibase,USDT,Tether,0.2,1,3,5000000,0,5,tradable,1577808000,1757667600,normal,https://www.gate.com/trade/UB_USDT,False,0.08,11892020.45,500000,0.35,0.35,,
1251,MED_USDT,MED,MediBloc,USDT,Tether,0.2,0.1,3,5000000,1,6,tradable,0,1571976000,normal,https://www.gate.com/trade/MED_USDT,False,0.1,79412348.62,200000,0.4,0.4,,
1252,VINE_USDT,VINE,Vine,USDT,Tether,0.2,0.01,3,5000000,2,5,tradable,1577808000,1737626400,normal,https://www.gate.com/trade/VINE_USDT,False,0.08,10548523.21,300000,0.35,0.35,,
1253,CRE_USDT,CRE,Crepe Project,USDT,Tether,0.2,0.01,3,5000000,2,8,tradable,1607313600,1724400000,normal,https://www.gate.com/trade/CRE_USDT,False,0.1,600916397.51,200000,0.4,0.4,,
1254,MSTRON_USDT,MSTRON,MicroStrategy Ondo Tokenized,USDT,Tether,0.2,0.001,3,5000000,3,2,tradable,1577808000,1756906200,normal,https://www.gate.com/trade/MSTRON_USDT,False,0.08,3006.61,500000,0.15,0.15,,
1255,PARTI_USDT,PARTI,Particle Network,USDT,Tether,0.2,0.01,3,5000000,2,5,tradable,1577808000,1742907600,normal,https://www.gate.com/trade/PARTI_USDT,False,0.08,4859558.75,500000,0.3,0.3,,
1256,MLP_USDT,MLP,Matrix Layer Protocol,USDT,Tether,0.2,0.01,3,5000000,2,7,tradable,1577808000,1730811600,normal,https://www.gate.com/trade/MLP_USDT,False,0.1,331153241.16,200000,0.4,0.4,,
1257,KITE_USDT,KITE,KITE,USDT,Tether,0.2,1,3,5000000,0,5,tradable,1577808000,1762174800,normal,https://www.gate.com/trade/KITE_USDT,False,0.06,5856858.38,500000,0.3,0.3,,
1258,BOME_USDC,BOME,BOOK OF MEME,USDC,USDCoin,0.2,0.1,1,5000000,1,7,tradable,1596702900,1710482400,normal,https://www.gate.com/trade/BOME_USDC,False,0.1,336530371.87,200000,0.4,0.4,,
1259,TIA_USDT,TIA,Celestia,USDT,Tether,0.2,0.01,3,5000000,2,4,tradable,1597636800,1698768000,normal,https://www.gate.com/trade/TIA_USDT,False,0.05,1982357.02,1000000,0.25,0.25,,
1260,FARTCOIN3L_USDT,FARTCOIN3L,FARTCOIN3xLong,USDT,Tether,0.2,0.01,3,5000000,2,7,tradable,1577808000,1760522400,normal,https://www.gate.com/trade/FARTCOIN3L_USDT,False,0.1,6703161.66,300000,0.6,0.6,,
1261,DERI_USDT,DERI,Deri Protocol,USDT,Tether,0.2,0.1,3,5000000,1,6,tradable,1607313600,1632888000,normal,https://www.gate.com/trade/DERI_USDT,False,0.1,61208875,200000,0.6,0.6,,
1262,UP_USDT,UP,Unitas,USDT,Tether,0.2,0.1,3,5000000,1,4,tradable,1577808000,1775890800,normal,https://www.gate.com/trade/UP_USDT,False,0.1,0,0,0.4,0.4,,
1263,ARIO_USDT,ARIO,The AR.IO Network,USDT,Tether,0.2,0.01,3,5000000,2,6,tradable,1577808000,1742392800,normal,https://www.gate.com/trade/ARIO_USDT,False,0.1,42621204.05,200000,0.4,0.4,,
1264,CTP_USDT,CTP,Ctomorrow Platform,USDT,Tether,0.2,0.1,3,5000000,1,7,tradable,1607313600,1717048800,normal,https://www.gate.com/trade/CTP_USDT,False,0.1,191671857.78,200000,0.4,0.4,,
1265,CHEEL_USDT,CHEEL,Cheelee,USDT,Tether,0.2,0.01,3,5000000,2,4,tradable,1607313600,1693904400,normal,https://www.gate.com/trade/CHEEL_USDT,False,0.1,589506.78,300000,0.4,0.4,,
1266,PAXG3S_USDT,PAXG3S,PAXG3xShort,USDT,Tether,0.2,0.01,3,5000000,2,5,tradable,1577808000,1769427000,normal,https://www.gate.com/trade/PAXG3S_USDT,False,0.1,0,0,0.6,0.6,,
1267,LDO3L_USDT,LDO3L,LDO3xLong,USDT,Tether,0.2,0.01,3,5000000,2,5,tradable,1582704000,1764752400,normal,https://www.gate.com/trade/LDO3L_USDT,False,0.1,358330.89,300000,0.6,0.6,,
1268,GHX_USDT,GHX,GamerCoin,USDT,Tether,0.2,1,3,5000000,0,6,tradable,1607313600,1713526200,normal,https://www.gate.com/trade/GHX_USDT,False,0.1,18492834.03,200000,0.4,0.4,,
1269,MDAO_USDT,MDAO,MarsDAO,USDT,Tether,0.2,1,3,5000000,0,6,tradable,1607313600,1676023200,normal,https://www.gate.com/trade/MDAO_USDT,False,0.1,24891101.43,200000,0.4,0.4,,
1270,MBX_USDT,MBX,Marblex,USDT,Tether,0.2,0.01,3,5000000,2,5,tradable,1607313600,1659664800,normal,https://www.gate.com/trade/MBX_USDT,False,0.1,2891217.93,200000,0.4,0.4,,
1271,YALA_USDT,YALA,Yala,USDT,Tether,0.2,1,3,5000000,0,7,tradable,1577808000,1753185600,normal,https://www.gate.com/trade/YALA_USDT,False,0.1,13577732.52,300000,0.4,0.4,,
1272,PORTO_USDT,PORTO,FC Porto Fan Token,USDT,Tether,0.2,0.01,3,5000000,2,4,tradable,1607313600,1650618000,normal,https://www.gate.com/trade/PORTO_USDT,False,0.1,308562.61,300000,0.4,0.4,,
1273,EVO_USDT,EVO,Devomon,USDT,Tether,0.2,0.1,3,5000000,1,8,tradable,1607313600,1706011200,normal,https://www.gate.com/trade/EVO_USDT,False,0.1,2714625042.42,200000,0.4,0.4,,
1274,GALA5L_USDT,GALA5L,GALA5xLong,USDT,Tether,0.2,0.01,3,5000000,2,5,tradable,1582704000,1770883200,normal,https://www.gate.com/trade/GALA5L_USDT,False,0.1,14385039.56,300000,0.6,0.6,,
1275,2Z_USDT,2Z,DoubleZero,USDT,Tether,0.2,1,3,5000000,0,5,tradable,1577808000,1759410000,normal,https://www.gate.com/trade/2Z_USDT,False,0.06,4604263.55,500000,0.3,0.3,,
1276,ATH_USDT,ATH,Aethir,USDT,Tether,0.2,1,3,5000000,0,6,tradable,1609434000,1718186400,normal,https://www.gate.com/trade/ATH_USDT,False,0.06,52383446.83,500000,0.3,0.3,,
1277,F_USDT,F,SynFutures,USDT,Tether,0.2,0.01,3,5000000,2,6,tradable,1577808000,1733479200,normal,https://www.gate.com/trade/F_USDT,False,0.08,48614487.12,300000,0.35,0.35,,
1278,OBOL_USDT,OBOL,Obol,USDT,Tether,0.2,0.01,3,5000000,2,5,tradable,1577808000,1746615600,normal,https://www.gate.com/trade/OBOL_USDT,False,0.1,8309098.46,200000,0.4,0.4,,
1279,PUFF_USDT,PUFF,Puff The Dragon,USDT,Tether,0.2,0.01,3,5000000,2,5,tradable,1577808000,1729245600,normal,https://www.gate.com/trade/PUFF_USDT,False,0.1,1225415.11,100000,0.4,0.4,,
1280,UOS_USDT,UOS,Ultra,USDT,Tether,0.2,1,3,5000000,0,6,tradable,1607313600,1615795200,normal,https://www.gate.com/trade/UOS_USDT,False,0.1,24792363.95,200000,0.4,0.4,,
1281,USDD_USDT,USDD,Decentralized USD,USDT,Tether,0.2,0.01,3,5000000,2,4,tradable,1607313600,1653037200,normal,https://www.gate.com/trade/USDD_USDT,False,0.03,2000000,2000000,0.08,0.08,,
1282,SUI5S_USDT,SUI5S,SUI5xShort,USDT,Tether,0.2,0.01,3,5000000,2,5,tradable,1577808000,1760522400,normal,https://www.gate.com/trade/SUI5S_USDT,False,0.08,900414.19,500000,0.6,0.6,,
1283,BEL_USDT,BEL,Bella Protocol,USDT,Tether,0.2,1,3,5000000,0,5,tradable,1607313600,1613620800,normal,https://www.gate.com/trade/BEL_USDT,False,0.1,2345582.49,300000,0.4,0.4,,
1284,LONG_USDT,LONG,Belong,USDT,Tether,0.2,1,3,5000000,0,6,tradable,1577808000,1762430400,normal,https://www.gate.com/trade/LONG_USDT,False,0.1,24110910.19,200000,0.4,0.4,,
1285,MSTR3S_USDT,MSTR3S,MSTR3xShort,USDT,Tether,0.2,0.01,3,5000000,2,5,tradable,1577808000,1769427000,normal,https://www.gate.com/trade/MSTR3S_USDT,False,0.1,0,0,0.6,0.6,,
1286,PIRATE_USDT,PIRATE,Pirate Nation,USDT,Tether,0.2,1,3,5000000,0,6,tradable,1609434000,1718251200,normal,https://www.gate.com/trade/PIRATE_USDT,False,0.1,48367593.71,300000,0.4,0.4,,
1287,PVU_USDT,PVU,PlantVsUndead,USDT,Tether,0.2,0.1,3,5000000,1,7,tradable,1608782400,1629864000,normal,https://www.gate.com/trade/PVU_USDT,False,0.1,317863954,200000,0.4,0.4,,
1288,LION_USDT,LION,Loaded Lions,USDT,Tether,0.2,1,3,5000000,0,6,tradable,1607313600,1755176400,normal,https://www.gate.com/trade/LION_USDT,False,0.1,44107917.37,300000,0.3,0.3,,
1289,BOME3S_USDT,BOME3S,BOME3xShort,USDT,Tether,0.2,0.01,3,5000000,2,4,tradable,1582704000,1755246600,normal,https://www.gate.com/trade/BOME3S_USDT,False,0.1,147080.45,200000,0.6,0.6,,
1290,OVR_USDT,OVR,Ovr,USDT,Tether,0.2,0.01,3,5000000,2,5,tradable,1607313600,1617177600,normal,https://www.gate.com/trade/OVR_USDT,False,0.1,3694467.53,200000,0.4,0.4,,
1291,TAKER_USDT,TAKER,Taker Protocol,USDT,Tether,0.2,1,3,5000000,0,6,tradable,1577808000,1752832800,normal,https://www.gate.com/trade/TAKER_USDT,False,0.1,107816711.59,200000,0.4,0.4,,
1292,BB_USDT,BB,BounceBit,USDT,Tether,0.2,0.01,3,5000000,2,5,tradable,1609434000,1715594400,normal,https://www.gate.com/trade/BB_USDT,False,0.08,5056890.01,300000,0.3,0.3,,
1293,QUAI_USDT,QUAI,Quai Network,USDT,Tether,0.2,0.01,3,5000000,2,5,tradable,1577808000,1740020400,normal,https://www.gate.com/trade/QUAI_USDT,False,0.1,9823182.71,200000,0.35,0.35,,
1294,BONDLY_USDT,BONDLY,Bondly,USDT,Tether,0.2,0.1,3,5000000,1,7,tradable,1607313600,1613966400,normal,https://www.gate.com/trade/BONDLY_USDT,False,0.1,426121231.49,200000,0.4,0.4,,
1295,PACT_USDT,PACT,Pact,USDT,Tether,0.2,1,3,5000000,0,8,tradable,1577808000,1772114400,normal,https://www.gate.com/trade/PACT_USDT,False,0.1,0,0,0.4,0.4,,
1296,BONE_USDT,BONE,Bone ShibaSwap,USDT,Tether,0.2,1,3,5000000,0,5,tradable,1607313600,1677211200,normal,https://www.gate.com/trade/BONE_USDT,False,0.1,2352387.67,200000,0.4,0.4,,
1297,CROSS_USDT,CROSS,CROSS,USDT,Tether,0.2,0.01,3,5000000,2,5,tradable,1577808000,1751616900,normal,https://www.gate.com/trade/CROSS_USDT,False,0.08,3850003.85,500000,0.35,0.35,,
1298,HLN_USDT,HLN,Enosys Global,USDT,Tether,0.2,0.01,3,5000000,2,5,tradable,1607313600,1699959600,normal,https://www.gate.com/trade/HLN_USDT,False,0.1,1542138.95,100000,0.4,0.4,,
1299,SOL_GUSD,SOL,Solana,GUSD,GUSD,0.2,0.001,1,5000000,3,2,tradable,1593059700,1593059700,normal,https://www.gate.com/trade/SOL_GUSD,False,0.05,7907.64,1000000,0.25,0.25,,
1300,XLM3S_USDT,XLM3S,XLM3xShort,USDT,Tether,0.2,0.01,3,5000000,2,4,tradable,1603252800,1752746400,normal,https://www.gate.com/trade/XLM3S_USDT,False,0.1,828958.28,300000,0.6,0.6,,
1301,CORN_USDT,CORN,Corn,USDT,Tether,0.2,1,3,5000000,0,5,tradable,1598943600,1754658000,normal,https://www.gate.com/trade/CORN_USDT,False,0.1,8026326.35,500000,0.4,0.4,,
1302,ASTER_USDT,ASTER,Aster,USDT,Tether,0.2,0.1,3,5000000,1,4,tradable,1577808000,1758290400,normal,https://www.gate.com/trade/ASTER_USDT,False,0.06,1335559.27,1000000,0.2,0.2,,
1303,APT_USDC,APT,Aptos,USDC,USDCoin,0.2,0.01,1,5000000,2,4,tradable,1597636800,1666141200,normal,https://www.gate.com/trade/APT_USDC,False,0.08,193112.33,300000,0.35,0.35,,
1304,LEO_USDT,LEO,UNUS-SED-LEO,USDT,Tether,0.2,0.01,3,5000000,2,3,tradable,1560328500,1560328500,normal,https://www.gate.com/trade/LEO_USDT,False,0.06,55404.73,500000,0.3,0.3,,
1305,AQT_USDT,AQT,Alpha Quark,USDT,Tether,0.2,0.01,3,5000000,2,4,tradable,1607313600,1614312000,normal,https://www.gate.com/trade/AQT_USDT,False,0.1,337552.74,200000,0.4,0.4,,
1306,LINK3S_USDT,LINK3S,LINK3xShort,USDT,Tether,0.2,0.01,3,5000000,2,4,tradable,1582704000,1755246600,normal,https://www.gate.com/trade/LINK3S_USDT,False,0.1,796178.34,500000,0.6,0.6,,
1307,FLIP_USDT,FLIP,Chainflip,USDT,Tether,0.2,0.01,3,5000000,2,4,tradable,1607313600,1700740800,normal,https://www.gate.com/trade/FLIP_USDT,False,0.1,725250.82,300000,0.4,0.4,,
1308,BB_USDC,BB,BounceBit,USDC,USDCoin,0.2,0.01,1,5000000,2,5,tradable,1609434000,1715594400,normal,https://www.gate.com/trade/BB_USDC,False,0.1,3367286.81,200000,0.4,0.4,,
1309,0G_USDT,0G,Zero Gravity,USDT,Tether,0.2,0.1,3,5000000,1,4,tradable,1577808000,1758535200,normal,https://www.gate.com/trade/0G_USDT,False,0.06,613120.78,500000,0.3,0.3,,
1310,SHIRO_USDT,SHIRO,Shiro Neko,USDT,Tether,0.2,1,3,5000000,0,13,tradable,1577808000,1733572800,normal,https://www.gate.com/trade/SHIRO_USDT,False,0.1,148698884758364,200000,0.4,0.4,,
1311,ETC_ETH,ETC,Ethereum Classic,ETH,Ethereum,0.2,0.001,0.001,1000,3,6,tradable,0,0,normal,https://www.gate.com/trade/ETC_ETH,False,0.1,39382.48,166.6666667,0.6,0.6,,
1312,APT_USDT,APT,Aptos,USDT,Tether,0.2,0.01,3,5000000,2,4,tradable,1597636800,1666141200,normal,https://www.gate.com/trade/APT_USDT,False,0.06,321646.83,500000,0.2,0.2,,
1313,AB_USDT,AB,AB,USDT,Tether,0.2,0.1,3,5000000,1,6,tradable,1577808000,1743246000,normal,https://www.gate.com/trade/AB_USDT,False,0.1,59850374.06,300000,0.4,0.4,,
1314,SVL_USDT,SVL,Slash Vision Labs,USDT,Tether,0.2,0.1,3,5000000,1,6,tradable,1607313600,1725278400,normal,https://www.gate.com/trade/SVL_USDT,False,0.1,11995201.92,300000,0.4,0.4,,
1315,BOME_USDT,BOME,BOOK OF MEME,USDT,Tether,0.2,1,3,5000000,0,7,tradable,1596702900,1710482400,normal,https://www.gate.com/trade/BOME_USDT,False,0.08,840406756.87,500000,0.2,0.2,,
1316,ZULU_USDT,ZULU,Zulu Network,USDT,Tether,0.2,0.01,3,5000000,2,6,tradable,1577808000,1731319200,normal,https://www.gate.com/trade/ZULU_USDT,False,0.1,27187457.52,300000,0.4,0.4,,
1317,PIEVERSE3L_USDT,PIEVERSE3L,PIEVERSE3xLong,USDT,Tether,0.2,0.01,3,5000000,2,5,tradable,1577808000,1764226800,normal,https://www.gate.com/trade/PIEVERSE3L_USDT,False,0.1,4748563.56,500000,0.6,0.6,,
1318,FAI_USDT,FAI,Freysa,USDT,Tether,0.2,0.01,3,5000000,2,6,tradable,0,1743156000,normal,https://www.gate.com/trade/FAI_USDT,False,0.1,65104166.67,200000,0.35,0.35,,
1319,MORE_USDT,MORE,Moonveil,USDT,Tether,0.2,1,3,5000000,0,8,tradable,1577808000,1751025600,normal,https://www.gate.com/trade/MORE_USDT,False,0.1,50890585.24,200000,0.4,0.4,,
1320,MSTRX_USDT,MSTRX,MicroStrategy xStock,USDT,Tether,0.2,0.001,3,5000000,3,2,tradable,1577808000,1751684400,normal,https://www.gate.com/trade/MSTRX_USDT,False,0.08,1804.62,300000,0.15,0.15,,
1321,ETH_GUSD,ETH,Ethereum,GUSD,GUSD,0.2,0.001,1,5000000,4,2,tradable,0,0,normal,https://www.gate.com/trade/ETH_GUSD,False,0.04,342.66,1000000,0.1,0.1,,1000
1322,SAO_USDT,SAO,Sator,USDT,Tether,0.2,1,3,5000000,0,7,tradable,1607313600,1636288200,normal,https://www.gate.com/trade/SAO_USDT,False,0.1,1800180018,200000,0.4,0.4,,
1323,FET3L_USDT,FET3L,FET3xLong,USDT,Tether,0.2,0.01,3,5000000,2,5,tradable,1577808000,1762941600,normal,https://www.gate.com/trade/FET3L_USDT,False,0.1,2165517.74,300000,0.6,0.6,,
1324,BFC_USDT,BFC,Bifrost,USDT,Tether,0.2,0.01,3,5000000,2,5,tradable,1607313600,1612584000,normal,https://www.gate.com/trade/BFC_USDT,False,0.1,9734728.64,200000,0.4,0.4,,
1325,ARK_USDT,ARK,ARK,USDT,Tether,0.2,0.01,3,5000000,2,4,tradable,1596702900,1698224400,normal,https://www.gate.com/trade/ARK_USDT,False,0.1,1156961.05,300000,0.4,0.4,,
1326,ALEO_USDT,ALEO,Aleo,USDT,Tether,0.2,1,3,5000000,0,5,tradable,0,1726675200,normal,https://www.gate.com/trade/ALEO_USDT,False,0.08,4372540.45,500000,0.3,0.3,,
1327,TON3L_USDT,TON3L,TON3xLong,USDT,Tether,0.2,0.01,3,5000000,2,4,tradable,1582704000,1762158600,normal,https://www.gate.com/trade/TON3L_USDT,False,0.1,493502.22,300000,0.6,0.6,,
1328,CERE_USDT,CERE,Cere Network,USDT,Tether,0.2,1,3,5000000,0,7,tradable,1607313600,1636380120,normal,https://www.gate.com/trade/CERE_USDT,False,0.1,533475593.49,200000,0.4,0.4,,
1329,WMTX_USDT,WMTX,World Mobile token,USDT,Tether,0.2,0.01,3,5000000,2,5,tradable,1577808000,1728712800,normal,https://www.gate.com/trade/WMTX_USDT,False,0.1,6366182.84,500000,0.4,0.4,,
1330,KLV_USDT,KLV,Klever,USDT,Tether,0.2,1,3,5000000,0,7,tradable,1598932800,1617343200,normal,https://www.gate.com/trade/KLV_USDT,False,0.1,121654501.22,200000,0.4,0.4,,
1331,SCT_USDT,SCT,SuperCells Token,USDT,Tether,0.2,0.01,3,5000000,2,7,tradable,1608782400,1681117200,normal,https://www.gate.com/trade/SCT_USDT,False,0.1,110803324.1,100000,0.4,0.4,,
1332,CAKE_USDT,CAKE,PancakeSwap,USDT,Tether,0.2,0.01,3,5000000,2,4,tradable,1608782400,1613631600,normal,https://www.gate.com/trade/CAKE_USDT,False,0.05,524026.62,1000000,0.3,0.3,,
1333,CAKE5L_USDT,CAKE5L,CAKE5xLong,USDT,Tether,0.2,0.01,3,5000000,2,6,tradable,1577808000,1762158600,normal,https://www.gate.com/trade/CAKE5L_USDT,False,0.1,2007528.23,200000,0.6,0.6,,
1334,MIRROR_USDT,MIRROR,Black Mirror,USDT,Tether,0.2,1,3,5000000,0,6,tradable,1577808000,1757336400,normal,https://www.gate.com/trade/MIRROR_USDT,False,0.1,107729598.71,200000,0.4,0.4,,
1335,LOA_USDT,LOA,League of Ancients,USDT,Tether,0.2,0.1,3,5000000,1,7,tradable,1607313600,1640865600,normal,https://www.gate.com/trade/LOA_USDT,False,0.1,130216811,100000,0.4,0.4,,
1336,MSTAR_USDT,MSTAR,Star AI,USDT,Tether,0.2,1,3,5000000,0,8,tradable,1609434000,1713348000,normal,https://www.gate.com/trade/MSTAR_USDT,False,0.1,2051492460.77,200000,0.4,0.4,,
1337,HAEDAL_USDT,HAEDAL,Haedal Protocol,USDT,Tether,0.2,0.01,3,5000000,2,5,tradable,1577808000,1745928000,normal,https://www.gate.com/trade/HAEDAL_USDT,False,0.08,7564296.52,300000,0.3,0.3,,
1338,HK503L_USDT,HK503L,HK503xLong,USDT,Tether,0.2,0.01,3,5000000,2,5,tradable,1577808000,1769742000,normal,https://www.gate.com/trade/HK503L_USDT,False,0.1,0,0,0.6,0.6,,
1339,AUCTION_USDT,AUCTION,BounceAuction,USDT,Tether,0.2,0.01,3,5000000,2,3,tradable,1599712200,1612605600,normal,https://www.gate.com/trade/AUCTION_USDT,False,0.1,60228.87,300000,0.35,0.35,,
1340,BTC_GUSD,BTC,Bitcoin,GUSD,GUSD,0.2,0.000001,1,5000000,6,1,tradable,0,0,normal,https://www.gate.com/trade/BTC_GUSD,False,0.04,11.56,1000000,0.15,0.15,,100
1341,ZND_USDT,ZND,ZND,USDT,Tether,0.2,1,3,5000000,0,6,tradable,1577808000,1740988800,normal,https://www.gate.com/trade/ZND_USDT,False,0.1,15530361.86,500000,0.4,0.4,,
1342,P00LS_USDT,P00LS,P00LS,USDT,Tether,0.2,1,3,5000000,0,6,tradable,1607313600,1665547200,normal,https://www.gate.com/trade/P00LS_USDT,False,0.1,36264733,200000,0.6,0.6,,
1343,STG_USDT,STG,Stargate,USDT,Tether,0.2,0.01,3,5000000,2,4,tradable,1607313600,1648872000,normal,https://www.gate.com/trade/STG_USDT,False,0.1,2461033.63,300000,0.35,0.35,,
1344,REN_USDT,REN,Ren,USDT,Tether,0.2,0.01,3,5000000,2,6,tradable,1596785700,1596785700,normal,https://www.gate.com/trade/REN_USDT,False,0.1,33576764.88,200000,0.4,0.4,,
1345,CATE_USDT,CATE,CateCoin,USDT,Tether,0.2,0.1,3,5000000,1,11,tradable,1608782400,1636545600,normal,https://www.gate.com/trade/CATE_USDT,False,0.1,2297134324929.65,200000,0.4,0.4,,
1346,WEST_USDT,WEST,WavesEnterprise,USDT,Tether,0.2,0.1,3,5000000,1,6,tradable,1607839200,1607925600,normal,https://www.gate.com/trade/WEST_USDT,False,0.1,26075619.3,200000,0.4,0.4,,
1347,TRUST_USDT,TRUST,Intuition,USDT,Tether,0.2,0.1,3,5000000,1,5,tradable,1577808000,1762336800,normal,https://www.gate.com/trade/TRUST_USDT,False,0.08,2749266.86,300000,0.3,0.3,,
1348,ARRR_USDT,ARRR,Pirate Chain,USDT,Tether,0.2,0.01,3,5000000,2,4,tradable,1520614800,1623484800,normal,https://www.gate.com/trade/ARRR_USDT,False,0.1,697836.71,200000,0.4,0.4,,
1349,STO_USDT,STO,StakeStone,USDT,Tether,0.2,0.01,3,5000000,2,5,tradable,1577808000,1743676200,normal,https://www.gate.com/trade/STO_USDT,False,0.08,4169446.3,500000,0.35,0.35,,
1350,LM_USDT,LM,LeisureMeta,USDT,Tether,0.2,1,3,5000000,0,7,tradable,1607313600,1678932000,normal,https://www.gate.com/trade/LM_USDT,False,0.1,215633423.18,200000,0.4,0.4,,
1351,RBNT_USDT,RBNT,Redbelly Network,USDT,Tether,0.2,1,3,5000000,0,6,tradable,1577808000,1735462800,normal,https://www.gate.com/trade/RBNT_USDT,False,0.1,24211609.47,200000,0.4,0.4,,
1352,SPX5003S_USDT,SPX5003S,SPX5003xShort,USDT,Tether,0.2,0.01,3,5000000,2,5,tradable,1577808000,1769742000,normal,https://www.gate.com/trade/SPX5003S_USDT,False,0.1,0,0,0.6,0.6,,
1353,UDS_USDT,UDS,Undeads Games,USDT,Tether,0.2,0.01,3,5000000,2,4,tradable,1607313600,1714471200,normal,https://www.gate.com/trade/UDS_USDT,False,0.1,86201.32,200000,0.4,0.4,,
1354,UNI5S_USDT,UNI5S,UNI5xShort,USDT,Tether,0.2,0.01,3,5000000,2,5,tradable,1582704000,1755246600,normal,https://www.gate.com/trade/UNI5S_USDT,False,0.08,2080876.74,300000,0.6,0.6,,
1355,ALCX_USDT,ALCX,Alchemix,USDT,Tether,0.2,0.001,3,5000000,3,3,tradable,1607313600,1617163200,normal,https://www.gate.com/trade/ALCX_USDT,False,0.1,24850.89,200000,0.4,0.4,,
1356,KTN_USDT,KTN,Kattana,USDT,Tether,0.2,1,3,5000000,0,6,tradable,1607313600,1618030800,normal,https://www.gate.com/trade/KTN_USDT,False,0.1,21484584.81,200000,0.4,0.4,,
1357,UK1003L_USDT,UK1003L,UK1003xLong,USDT,Tether,0.2,0.01,3,5000000,2,5,tradable,1577808000,1769742000,normal,https://www.gate.com/trade/UK1003L_USDT,False,0.1,0,0,0.6,0.6,,
1358,CCD_USDT,CCD,Concordium,USDT,Tether,0.2,0.1,3,5000000,1,6,tradable,0,1718371800,normal,https://www.gate.com/trade/CCD_USDT,False,0.1,14952712.05,200000,0.4,0.4,,
1359,BELIEVE_USDT,BELIEVE,Believe,USDT,Tether,0.2,1,3,5000000,0,7,tradable,1577808000,1761804000,normal,https://www.gate.com/trade/BELIEVE_USDT,False,0.1,25369978.86,300000,0.4,0.4,,
1360,EMT_USDT,EMT,EtherMail,USDT,Tether,0.2,1,3,5000000,0,7,tradable,1607313600,1718186400,normal,https://www.gate.com/trade/EMT_USDT,False,0.1,155702608.02,200000,0.4,0.4,,
1361,FORTH_USDT,FORTH,Ampleforth,USDT,Tether,0.2,0.01,3,5000000,2,4,tradable,1607313600,1619064000,normal,https://www.gate.com/trade/FORTH_USDT,False,0.1,192369.35,300000,0.4,0.4,,
1362,DIMO_USDT,DIMO,DIMO,USDT,Tether,0.2,1,3,5000000,0,6,tradable,1607313600,1706785200,normal,https://www.gate.com/trade/DIMO_USDT,False,0.1,13845621.32,200000,0.35,0.35,,
1363,RON_USDT,RON,Ronin Network,USDT,Tether,0.2,0.01,3,5000000,2,5,tradable,1596702900,1643335200,normal,https://www.gate.com/trade/RON_USDT,False,0.1,1932367.15,300000,0.35,0.35,,
1364,DOT_BTC,DOT,Polkadot,BTC,Bitcoin,0.2,0.01,0.000001,100,2,8,tradable,1598013300,1598013300,normal,https://www.gate.com/trade/DOT_BTC,False,0.1,257977.97,5.555555556,0.6,0.6,,
1365,SONIC_USDT,SONIC,Sonic SVM,USDT,Tether,0.2,0.01,3,5000000,2,5,tradable,1577808000,1736251200,normal,https://www.gate.com/trade/SONIC_USDT,False,0.08,6723141.05,500000,0.35,0.35,,
1366,LINGO_USDT,LINGO,LINGO,USDT,Tether,0.2,1,3,5000000,0,6,tradable,1577808000,1734015600,normal,https://www.gate.com/trade/LINGO_USDT,False,0.1,19521717.91,200000,0.4,0.4,,
1367,SOL3L_USDT,SOL3L,SOL3xLong,USDT,Tether,0.2,0.01,3,5000000,2,5,tradable,1582704000,1582704000,normal,https://www.gate.com/trade/SOL3L_USDT,False,0.1,420875.42,500000,0.6,0.6,,
1368,AIDOGE_USDT,AIDOGE,ArbDoge AI,USDT,Tether,0.2,0.1,3,5000000,1,14,tradable,1607313600,1681826400,normal,https://www.gate.com/trade/AIDOGE_USDT,False,0.1,13240648791790800,200000,0.4,0.4,,
1369,LTC5L_USDT,LTC5L,LTC5xLong,USDT,Tether,0.2,0.01,3,5000000,2,5,tradable,1582704000,1773302400,normal,https://www.gate.com/trade/LTC5L_USDT,False,0.08,61293288.38,500000,0.6,0.6,,
1370,GAMES_USDT,GAMES,Ordz Games(GAME·OF·BITCOIN),USDT,Tether,0.2,0.01,3,5000000,2,5,tradable,1607313600,1714377600,normal,https://www.gate.com/trade/GAMES_USDT,False,0.1,9813542.69,200000,0.6,0.6,,
1371,GOATED_USDT,GOATED,GOAT Network,USDT,Tether,0.2,1,3,5000000,0,5,tradable,1577808000,1758970800,normal,https://www.gate.com/trade/GOATED_USDT,False,0.1,4133085.35,200000,0.4,0.4,,
1372,XRP5S_USDT,XRP5S,XRP5xShort,USDT,Tether,0.2,0.01,3,5000000,2,6,tradable,1582704000,1752746400,normal,https://www.gate.com/trade/XRP5S_USDT,False,0.05,15216068.17,500000,0.6,0.6,,
1373,L1_USDT,L1,Lamina1,USDT,Tether,0.2,0.01,3,5000000,2,6,tradable,1577808000,1732416000,normal,https://www.gate.com/trade/L1_USDT,False,0.1,29082448.74,100000,0.4,0.4,,
1374,MON3S_USDT,MON3S,MON3xShort,USDT,Tether,0.2,0.01,3,5000000,2,5,tradable,1577808000,1764226800,normal,https://www.gate.com/trade/MON3S_USDT,False,0.1,66028.39,200000,0.6,0.6,,
1375,老子_USDT,老子,老子,USDT,Tether,0.2,1,3,5000000,0,7,tradable,1577808000,1768024800,normal,https://www.gate.com/trade/老子_USDT,False,0.1,0,0,0.4,0.4,,
1376,XPD3S_USDT,XPD3S,XPD3xShort,USDT,Tether,0.2,0.01,3,5000000,2,3,tradable,1577808000,1769688000,normal,https://www.gate.com/trade/XPD3S_USDT,False,0.1,0,0,0.6,0.6,,
1377,SHIB2_USDT,SHIB2,Shib2.0,USDT,Tether,0.2,0.1,3,5000000,1,13,tradable,1607313600,1688734800,normal,https://www.gate.com/trade/SHIB2_USDT,False,0.1,1492537313432840,200000,0.4,0.4,,
1378,LOVE_USDT,LOVE,Love Monster,USDT,Tether,0.2,1,3,5000000,0,9,tradable,1596702900,1716458400,normal,https://www.gate.com/trade/LOVE_USDT,False,0.1,6383657835.94,200000,0.6,0.6,,
1379,PAAL_USDT,PAAL,PAAL AI,USDT,Tether,0.2,0.01,3,5000000,2,5,tradable,0,1694761200,normal,https://www.gate.com/trade/PAAL_USDT,False,0.1,13913043.48,200000,0.4,0.4,,
1380,PRARE_USDT,PRARE,PolkaRARE,USDT,Tether,0.2,0.1,3,5000000,1,7,tradable,1607313600,1620750600,normal,https://www.gate.com/trade/PRARE_USDT,False,0.1,432947289,200000,0.4,0.4,,
1381,SPELLFIRE_USDT,SPELLFIRE,Spellfire,USDT,Tether,0.2,0.1,3,5000000,1,8,tradable,1607313600,1643288400,normal,https://www.gate.com/trade/SPELLFIRE_USDT,False,0.1,2444987775.06,200000,0.4,0.4,,
1382,SUSHI3L_USDT,SUSHI3L,SUSHI3xLong,USDT,Tether,0.2,0.01,3,5000000,2,6,tradable,1582704000,1750842000,normal,https://www.gate.com/trade/SUSHI3L_USDT,False,0.1,19056693.66,200000,0.6,0.6,,
1383,EUL_USDT,EUL,Euler,USDT,Tether,0.2,0.1,3,5000000,1,4,tradable,1607313600,1656046800,normal,https://www.gate.com/trade/EUL_USDT,False,0.08,95831.34,300000,0.3,0.3,,
1384,XAU3S_USDT,XAU3S,XAU3xShort,USDT,Tether,0.2,0.01,3,5000000,2,5,tradable,1577808000,1768892400,normal,https://www.gate.com/trade/XAU3S_USDT,False,0.1,0,0,0.6,0.6,,
1385,STBU_USDT,STBU,Stobox,USDT,Tether,0.2,0.1,3,5000000,1,6,tradable,1607313600,1643630400,normal,https://www.gate.com/trade/STBU_USDT,False,0.1,57711729.91,200000,0.4,0.4,,
1386,NAP_USDT,NAP,Napoli Fan Token,USDT,Tether,0.2,0.01,3,5000000,2,4,tradable,1608782400,1649322000,normal,https://www.gate.com/trade/NAP_USDT,False,0.1,550055.01,200000,0.4,0.4,,
1387,BOOP_USDT,BOOP,BOOP,USDT,Tether,0.2,1,3,5000000,0,6,tradable,1577808000,1746433800,normal,https://www.gate.com/trade/BOOP_USDT,False,0.1,23835061,200000,0.4,0.4,,
1388,WXTM_USDT,WXTM,MinoTari,USDT,Tether,0.2,1,3,5000000,0,7,tradable,1577808000,1753876800,normal,https://www.gate.com/trade/WXTM_USDT,False,0.1,52397170.55,100000,0.4,0.4,,
1389,CAKE3L_USDT,CAKE3L,CAKE3xLong,USDT,Tether,0.2,0.01,3,5000000,2,4,tradable,1582704000,1762765200,normal,https://www.gate.com/trade/CAKE3L_USDT,False,0.1,190566.94,200000,0.6,0.6,,
1390,MEPAD_USDT,MEPAD,MemePad,USDT,Tether,0.2,0.1,3,5000000,1,7,tradable,1608782400,1635393600,normal,https://www.gate.com/trade/MEPAD_USDT,False,0.1,96251022.67,100000,0.4,0.4,,
1391,PEPX_USDT,PEPX,PepsiCo xStock,USDT,Tether,0.2,0.001,3,5000000,3,2,tradable,1577808000,1753797600,normal,https://www.gate.com/trade/PEPX_USDT,False,0.1,1983.08,300000,0.4,0.4,,
1392,CAD_USDT,CAD,Caduceus Protocol,USDT,Tether,0.2,1,3,5000000,0,7,tradable,1607313600,1723723200,normal,https://www.gate.com/trade/CAD_USDT,False,0.1,100603621.73,200000,0.6,0.6,,
1393,AIN_USDT,AIN,Infinity Ground,USDT,Tether,0.2,0.01,3,5000000,2,5,tradable,1577808000,1751709600,normal,https://www.gate.com/trade/AIN_USDT,False,0.1,5033557.05,300000,0.4,0.4,,
1394,MAGIC_USDT,MAGIC,Magic,USDT,Tether,0.2,1,3,5000000,0,5,tradable,1607313600,1670832000,normal,https://www.gate.com/trade/MAGIC_USDT,False,0.08,4888541.26,500000,0.35,0.35,,
1395,CWIF_USDT,CWIF,Catwifhat,USDT,Tether,0.2,0.1,3,5000000,1,11,tradable,1596702900,1722931200,normal,https://www.gate.com/trade/CWIF_USDT,False,0.1,5958587814687.92,200000,0.4,0.4,,
1396,KAVA_USDT,KAVA,Kava,USDT,Tether,0.2,0.01,3,5000000,2,5,tradable,1583296500,1583296500,normal,https://www.gate.com/trade/KAVA_USDT,False,0.08,3545051.7,300000,0.3,0.3,,
1397,QANX_USDT,QANX,QANplatform,USDT,Tether,0.2,0.01,3,5000000,2,5,tradable,1607313600,1693990800,normal,https://www.gate.com/trade/QANX_USDT,False,0.1,11497556.77,200000,0.4,0.4,,
1398,FIR_USDT,FIR,Fireverse,USDT,Tether,0.2,1,3,5000000,0,6,tradable,1577808000,1754650800,normal,https://www.gate.com/trade/FIR_USDT,False,0.1,29607698,200000,0.4,0.4,,
1399,BOBA_ETH,BOBA,Boba Network,ETH,Ethereum,0.2,0.001,0.001,1000,3,9,tradable,1607313600,1637373600,normal,https://www.gate.com/trade/BOBA_ETH,False,0.1,4723107.8,66.66666667,0.6,0.6,,
1400,SAFFRONFI_USDT,SAFFRONFI,saffron.finance,USDT,Tether,0.2,0.001,3,5000000,3,2,tradable,1577808000,1739520000,normal,https://www.gate.com/trade/SAFFRONFI_USDT,False,0.1,984.79,300000,0.4,0.4,,
1401,BENJI_USDT,BENJI,Basenji,USDT,Tether,0.2,1,3,5000000,0,6,tradable,1607313600,1718791200,normal,https://www.gate.com/trade/BENJI_USDT,False,0.1,54032149.13,200000,0.4,0.4,,
1402,TRVL_USDT,TRVL,Dtravel,USDT,Tether,0.2,1,3,5000000,0,7,tradable,1607313600,1637931600,normal,https://www.gate.com/trade/TRVL_USDT,False,0.1,127754710.95,200000,0.4,0.4,,
1403,TROLL_USDT,TROLL,TROLL,USDT,Tether,0.2,1,3,5000000,0,5,tradable,1577808000,1754746200,normal,https://www.gate.com/trade/TROLL_USDT,False,0.1,5609311.46,200000,0.4,0.4,,
1404,XTAG_USDT,XTAG,xHashtag AI,USDT,Tether,0.2,1,3,5000000,0,6,tradable,1596702900,1638273600,normal,https://www.gate.com/trade/XTAG_USDT,False,0.1,42918454.94,200000,0.4,0.4,,
1405,DHV_USDT,DHV,DeHive,USDT,Tether,0.2,0.01,3,5000000,2,6,tradable,1607313600,1618938000,normal,https://www.gate.com/trade/DHV_USDT,False,0.1,17572376.22,200000,0.4,0.4,,
1406,LINK_USDC,LINK,ChainLink,USDC,USDCoin,0.2,0.01,1,5000000,2,3,tradable,0,0,normal,https://www.gate.com/trade/LINK_USDC,False,0.05,79076.39,1000000,0.35,0.35,,
1407,WHYPAD_USDT,WHYPAD,WHYPAD,USDT,Tether,0.2,1,3,5000000,0,9,tradable,1607313600,1726822800,normal,https://www.gate.com/trade/WHYPAD_USDT,False,0.1,17323516673.88,200000,0.6,0.6,,
1408,COOKIE_USDT,COOKIE,Cookie DAO,USDT,Tether,0.2,0.01,3,5000000,2,5,tradable,1607313600,1718272800,normal,https://www.gate.com/trade/COOKIE_USDT,False,0.08,6475285.99,300000,0.35,0.35,,
1409,ACN3L_USDT,ACN3L,ACN3xLong,USDT,Tether,0.2,0.01,3,5000000,2,4,tradable,1577808000,1769482800,normal,https://www.gate.com/trade/ACN3L_USDT,False,0.1,0,0,0.6,0.6,,
1410,SAI_USDT,SAI,Sharpe AI,USDT,Tether,0.2,1,3,5000000,0,7,tradable,1607313600,1724763600,normal,https://www.gate.com/trade/SAI_USDT,False,0.1,74321813.45,200000,0.4,0.4,,
1411,LINK_USDT,LINK,ChainLink,USDT,Tether,0.2,0.01,3,5000000,2,3,tradable,0,0,normal,https://www.gate.com/trade/LINK_USDT,False,0.04,79010.78,1000000,0.1,0.1,,
1412,US_USDT,US,Talus Network,USDT,Tether,0.2,1,3,5000000,0,6,tradable,1577808000,1765458000,normal,https://www.gate.com/trade/US_USDT,False,0.1,38124285.17,500000,0.4,0.4,,
1413,RARE_USDT,RARE,SuperRare,USDT,Tether,0.2,1,3,5000000,0,6,tradable,1607313600,1629781200,normal,https://www.gate.com/trade/RARE_USDT,False,0.08,13937282.23,300000,0.3,0.3,,
1414,ELIZAOS_USDT,ELIZAOS,elizaOS,USDT,Tether,0.2,1,3,5000000,0,7,tradable,1577808000,1762927200,normal,https://www.gate.com/trade/ELIZAOS_USDT,False,0.1,69557152.79,300000,0.35,0.35,,
1415,XDB_USDT,XDB,XDB CHAIN,USDT,Tether,0.2,1,3,5000000,0,7,tradable,1607313600,1657245600,normal,https://www.gate.com/trade/XDB_USDT,False,0.1,759878419.45,200000,0.4,0.4,,
1416,OFC_USDT,OFC,One Football,USDT,Tether,0.2,1,3,5000000,0,5,tradable,1577808000,1775728800,normal,https://www.gate.com/trade/OFC_USDT,False,0.05,0,0,0.4,0.4,,
1417,WXM_USDT,WXM,WeatherXM,USDT,Tether,0.2,1,3,5000000,0,5,tradable,1607313600,1717066800,normal,https://www.gate.com/trade/WXM_USDT,False,0.1,3668378.58,200000,0.4,0.4,,
1418,SPYX_USDT,SPYX,SP500 xStock,USDT,Tether,0.2,0.001,3,5000000,3,2,tradable,1577808000,1751680800,normal,https://www.gate.com/trade/SPYX_USDT,False,0.08,440.03,300000,0.15,0.15,,
1419,VELVET_USDT,VELVET,Velvet,USDT,Tether,0.2,0.1,3,5000000,1,5,tradable,1577808000,1752148800,normal,https://www.gate.com/trade/VELVET_USDT,False,0.1,1002531.39,200000,0.35,0.35,,
1420,LAB_USDT,LAB,LAB,USDT,Tether,0.2,1,3,5000000,0,5,tradable,1577808000,1760443200,normal,https://www.gate.com/trade/LAB_USDT,False,0.1,4610632.12,500000,0.4,0.4,,
1421,OG_USDT,OG,OG Fan Token,USDT,Tether,0.2,0.01,3,5000000,2,3,tradable,1608782400,1648805400,normal,https://www.gate.com/trade/OG_USDT,False,0.1,23479.69,300000,0.35,0.35,,
1422,POOLX_USDT,POOLX,Poolz Finance,USDT,Tether,0.2,1,3,5000000,0,5,tradable,1608782400,1680519600,normal,https://www.gate.com/trade/POOLX_USDT,False,0.1,1773835.92,200000,0.4,0.4,,
1423,TWT_USDT,TWT,TrustWallet,USDT,Tether,0.2,0.01,3,5000000,2,4,tradable,1577008800,1608796800,normal,https://www.gate.com/trade/TWT_USDT,False,0.08,314267.76,300000,0.35,0.35,,
1424,ASTR_ETH,ASTR,Astar Token,ETH,Ethereum,0.2,0.001,0.001,1000,3,9,tradable,1607313600,1642424400,normal,https://www.gate.com/trade/ASTR_ETH,False,0.1,18307474.03,66.66666667,0.6,0.6,,
1425,TREAT_USDT,TREAT,Shiba Inu Treat,USDT,Tether,0.2,1,3,5000000,0,7,tradable,1577808000,1736852400,normal,https://www.gate.com/trade/TREAT_USDT,False,0.1,400213447.17,300000,0.4,0.4,,
1426,VPR_USDT,VPR,VaporFund,USDT,Tether,0.2,0.1,3,5000000,1,7,tradable,1607313600,1704362400,normal,https://www.gate.com/trade/VPR_USDT,False,0.1,661813368.63,200000,0.4,0.4,,
1427,LOULOU_USDT,LOULOU,Loulou,USDT,Tether,0.2,1,3,5000000,0,7,tradable,1596702900,1727935200,normal,https://www.gate.com/trade/LOULOU_USDT,False,0.1,113055029.54,200000,0.4,0.4,,
1428,NAWS_USDT,NAWS,NAWS.AI,USDT,Tether,0.2,1,3,5000000,0,7,tradable,1607313600,1728370800,normal,https://www.gate.com/trade/NAWS_USDT,False,0.1,279446695.54,200000,0.4,0.4,,
1429,ESP_USDT,ESP,Espresso,USDT,Tether,0.2,1,3,5000000,0,5,tradable,1577808000,1770901200,normal,https://www.gate.com/trade/ESP_USDT,False,0.05,0,0,0.4,0.4,,
1430,AFC_USDT,AFC,Arsenal Fan Token,USDT,Tether,0.2,0.01,3,5000000,2,4,tradable,1608782400,1648800000,normal,https://www.gate.com/trade/AFC_USDT,False,0.1,1423082.4,500000,0.35,0.35,,
1431,CLND_USDT,CLND,Colend,USDT,Tether,0.2,0.01,3,5000000,2,5,tradable,1577808000,1731070800,normal,https://www.gate.com/trade/CLND_USDT,False,0.1,5150656.71,100000,0.6,0.6,,
1432,LVVA_USDT,LVVA,Levva Protocol Token,USDT,Tether,0.2,1,3,5000000,0,7,tradable,1577808000,1741759200,normal,https://www.gate.com/trade/LVVA_USDT,False,0.1,114285714.29,200000,0.4,0.4,,
1433,CWEB_USDT,CWEB,Coinweb,USDT,Tether,0.2,0.1,3,5000000,1,7,tradable,1607313600,1640858400,normal,https://www.gate.com/trade/CWEB_USDT,False,0.1,83998320.03,200000,0.4,0.4,,
1434,OWL_USDT,OWL,Owlto Finance,USDT,Tether,0.2,1,3,5000000,0,6,tradable,1577808000,1768474800,normal,https://www.gate.com/trade/OWL_USDT,False,0.1,0,0,0.4,0.4,,
1435,DOGE_BTC,DOGE,DogeCoin,BTC,Bitcoin,0.2,0.1,0.000001,100,1,9,tradable,0,0,normal,https://www.gate.com/trade/DOGE_BTC,False,0.1,3707411.11,5.555555556,0.6,0.6,,
1436,IP3L_USDT,IP3L,IP3xLong,USDT,Tether,0.2,0.01,3,5000000,2,5,tradable,1577808000,1775030400,normal,https://www.gate.com/trade/IP3L_USDT,False,0.1,2382370.46,200000,0.6,0.6,,
1437,GNC_USDT,GNC,Greenchie,USDT,Tether,0.2,1,3,5000000,0,11,tradable,1577808000,1747119600,normal,https://www.gate.com/trade/GNC_USDT,False,0.1,467289719626.17,100000,0.4,0.4,,
1438,ZEREBRO_USDT,ZEREBRO,zerebro,USDT,Tether,0.2,1,3,5000000,0,6,tradable,0,1732978800,normal,https://www.gate.com/trade/ZEREBRO_USDT,False,0.08,16849199.66,500000,0.35,0.35,,
1439,TRIO_USDT,TRIO,OrdinalsBot,USDT,Tether,0.2,1,3,5000000,0,5,tradable,1607313600,1712919600,normal,https://www.gate.com/trade/TRIO_USDT,False,0.1,10134279.2,200000,0.4,0.4,,
1440,XPL3L_USDT,XPL3L,XPL3xLong,USDT,Tether,0.2,0.01,3,5000000,2,5,tradable,1577808000,1767769200,normal,https://www.gate.com/trade/XPL3L_USDT,False,0.1,148628.16,100000,0.6,0.6,,
1441,MEW_USDT,MEW,Cat in a dogs world,USDT,Tether,0.2,0.1,3,5000000,1,7,tradable,1596702900,1711800000,normal,https://www.gate.com/trade/MEW_USDT,False,0.08,338562239.02,300000,0.35,0.35,,
1442,XYM_USDT,XYM,Symbol,USDT,Tether,0.2,0.01,3,5000000,2,6,tradable,1520614800,1615986000,normal,https://www.gate.com/trade/XYM_USDT,False,0.1,36519674.97,200000,0.4,0.4,,
1443,EGLD_USDT,EGLD,multiversx,USDT,Tether,0.2,0.01,3,5000000,2,3,tradable,1609866000,1610017200,normal,https://www.gate.com/trade/EGLD_USDT,False,0.08,44251.05,300000,0.35,0.35,,
1444,MOG_USDT,MOG,Mog Coin,USDT,Tether,0.2,1,3,5000000,0,11,tradable,1607313600,1710234000,normal,https://www.gate.com/trade/MOG_USDT,False,0.08,2095557418273.26,500000,0.3,0.3,,
1445,FAR_USDT,FAR,Farcana,USDT,Tether,0.2,0.01,3,5000000,2,7,tradable,1596702900,1709110800,normal,https://www.gate.com/trade/FAR_USDT,False,0.1,238934352.79,200000,0.4,0.4,,
1446,A_USDT,A,Vaulta,USDT,Tether,0.2,0.01,3,5000000,2,5,tradable,1577808000,1748419200,normal,https://www.gate.com/trade/A_USDT,False,0.08,1882648.26,300000,0.35,0.35,,
1447,PHB_USDT,PHB,Phoenix,USDT,Tether,0.2,1,3,5000000,0,5,tradable,1608782400,1679911200,normal,https://www.gate.com/trade/PHB_USDT,False,0.1,1135073.78,300000,0.35,0.35,,
1448,DIS_USDT,DIS,TosDis,USDT,Tether,0.2,0.01,3,5000000,2,4,tradable,1607313600,1611370800,normal,https://www.gate.com/trade/DIS_USDT,False,0.1,245399,100000,0.6,0.6,,
1449,VIRTUAL_USDT,VIRTUAL,Virtuals Protocol,USDT,Tether,0.2,0.01,3,5000000,2,4,tradable,1607313600,1715778000,normal,https://www.gate.com/trade/VIRTUAL_USDT,False,0.05,1386289.6,1000000,0.2,0.2,,
1450,MOCA_USDT,MOCA,Moca Coin,USDT,Tether,0.2,1,3,5000000,0,6,tradable,1609434000,1720692000,normal,https://www.gate.com/trade/MOCA_USDT,False,0.08,15523932.73,300000,0.35,0.35,,
1451,JUV_USDT,JUV,Juventus Fan Token,USDT,Tether,0.2,0.01,3,5000000,2,4,tradable,1608782400,1648202400,normal,https://www.gate.com/trade/JUV_USDT,False,0.08,730406.84,500000,0.35,0.35,,
1452,NEAR5L_USDT,NEAR5L,NEAR5xLong,USDT,Tether,0.2,0.01,3,5000000,2,7,tradable,1577808000,1761123600,normal,https://www.gate.com/trade/NEAR5L_USDT,False,0.08,11254924.03,300000,0.6,0.6,,
1453,ANON_USDT,ANON,HeyAnon,USDT,Tether,0.2,0.1,3,5000000,1,4,tradable,1577808000,1737979200,normal,https://www.gate.com/trade/ANON_USDT,False,0.1,121366.59,200000,0.4,0.4,,
1454,XCX_USDT,XCX,Xeleb Protocol,USDT,Tether,0.2,1,3,5000000,0,7,tradable,1577808000,1754906400,normal,https://www.gate.com/trade/XCX_USDT,False,0.1,15047776.69,200000,0.6,0.6,,
1455,MDX_USDT,MDX,Mdex,USDT,Tether,0.2,0.01,3,5000000,2,7,tradable,1609434000,1611626400,normal,https://www.gate.com/trade/MDX_USDT,False,0.1,257599176,200000,0.6,0.6,,
1456,MILADYCULT_USDT,MILADYCULT,MiladyCult,USDT,Tether,0.2,0.1,3,5000000,1,7,tradable,1577808000,1734606000,normal,https://www.gate.com/trade/MILADYCULT_USDT,False,0.1,1204335608.19,300000,0.4,0.4,,
1457,MSQ_USDT,MSQ,MSQUARE,USDT,Tether,0.2,0.01,3,5000000,2,4,tradable,1596702900,1726912800,normal,https://www.gate.com/trade/MSQ_USDT,False,0.1,251841.59,200000,0.4,0.4,,
1458,REQ_USDT,REQ,Request,USDT,Tether,0.2,0.01,3,5000000,2,5,tradable,0,0,normal,https://www.gate.com/trade/REQ_USDT,False,0.1,1970055.16,200000,0.4,0.4,,
1459,CORE_USDT,CORE,Core DAO,USDT,Tether,0.2,1,3,5000000,0,5,tradable,1602648000,1675857600,normal,https://www.gate.com/trade/CORE_USDT,False,0.06,3397893.31,500000,0.2,0.2,,
1460,CVXON_USDT,CVXON,Chevron Ondo Tokenized,USDT,Tether,0.2,0.001,3,5000000,3,2,tradable,1577808000,1765269000,normal,https://www.gate.com/trade/CVXON_USDT,False,0.06,3362.59,500000,0.15,0.15,,
1461,CAM_USDT,CAM,Camino Network,USDT,Tether,0.2,1,3,5000000,0,7,tradable,1577808000,1737108000,normal,https://www.gate.com/trade/CAM_USDT,False,0.1,11972463.33,200000,0.4,0.4,,
1462,BTX_USDT,BTX,BeatSwap,USDT,Tether,0.2,1,3,5000000,0,6,tradable,1577808000,1765454400,normal,https://www.gate.com/trade/BTX_USDT,False,0.1,17497812.77,200000,0.4,0.4,,
1463,ZSC_USDT,ZSC,Zeusshield,USDT,Tether,0.2,1,3,5000000,0,8,tradable,0,0,normal,https://www.gate.com/trade/ZSC_USDT,False,0.1,2676659529,100000,0.4,0.4,,
1464,IQ_USDT,IQ,IQ,USDT,Tether,0.2,0.01,3,5000000,2,6,tradable,1607313600,1710847800,normal,https://www.gate.com/trade/IQ_USDT,False,0.1,187265917.6,300000,0.4,0.4,,
1465,ATEAM_USDT,ATEAM,AmazingTeamDAO,USDT,Tether,0.2,0.01,3,5000000,2,4,tradable,1607313600,1658743200,normal,https://www.gate.com/trade/ATEAM_USDT,False,0.1,320950,200000,0.6,0.6,,
1466,MTOS_USDT,MTOS,MTOS,USDT,Tether,0.2,0.01,3,5000000,2,8,tradable,1577808000,1736172000,normal,https://www.gate.com/trade/MTOS_USDT,False,0.1,7002801120,200000,0.6,0.6,,
1467,YFII_USDT,YFII,DFIMoney,USDT,Tether,0.2,0.001,3,5000000,3,2,tradable,1597379400,1598772600,normal,https://www.gate.com/trade/YFII_USDT,False,0.1,3665.69,200000,0.4,0.4,,
1468,BTC5S_USDT,BTC5S,BTC5xShort,USDT,Tether,0.2,0.01,3,5000000,2,3,tradable,1582704000,1753259400,normal,https://www.gate.com/trade/BTC5S_USDT,False,0.05,134989.2,500000,0.6,0.6,,
1469,Q_USDT,Q,Quack AI,USDT,Tether,0.2,1,3,5000000,0,6,tradable,1577808000,1756800000,normal,https://www.gate.com/trade/Q_USDT,False,0.1,23982732.43,300000,0.4,0.4,,
1470,LPT3S_USDT,LPT3S,LPT3xShort,USDT,Tether,0.2,0.01,3,5000000,2,5,tradable,1577808000,1748610000,normal,https://www.gate.com/trade/LPT3S_USDT,False,0.1,1003411.6,200000,0.6,0.6,,
1471,FIO_USDT,FIO,FIO Protocol,USDT,Tether,0.2,1,3,5000000,0,6,tradable,1607839200,1628568000,normal,https://www.gate.com/trade/FIO_USDT,False,0.1,27235587.83,300000,0.35,0.35,,
1472,LIT_USDT,LIT,Lighter,USDT,Tether,0.2,0.01,3,5000000,2,4,tradable,1607313600,1767084300,normal,https://www.gate.com/trade/LIT_USDT,False,0.05,0,0,0.25,0.25,,
1473,CHIRP_USDT,CHIRP,Chirp,USDT,Tether,0.2,1,3,5000000,0,6,tradable,1577808000,1737381600,normal,https://www.gate.com/trade/CHIRP_USDT,False,0.1,11614401.86,200000,0.4,0.4,,
1474,HNB_USDT,HNB,HNB Protocol,USDT,Tether,0.2,0.1,3,5000000,1,8,tradable,1607313600,1723456800,normal,https://www.gate.com/trade/HNB_USDT,False,0.1,3033060358,100000,0.4,0.4,,
1475,LOFI_USDT,LOFI,LOFI,USDT,Tether,0.2,1,3,5000000,0,6,tradable,0,1735725600,normal,https://www.gate.com/trade/LOFI_USDT,False,0.1,32605151.61,200000,0.4,0.4,,
1476,LYX_USDT,LYX,LUKSO,USDT,Tether,0.2,0.01,3,5000000,2,4,tradable,1596702900,1702015200,normal,https://www.gate.com/trade/LYX_USDT,False,0.1,677736.36,300000,0.4,0.4,,
1477,TRUF_USDT,TRUF,TRUF Network,USDT,Tether,0.2,1,3,5000000,0,6,tradable,1607313600,1712653200,normal,https://www.gate.com/trade/TRUF_USDT,False,0.1,31138097.46,200000,0.4,0.4,,
1478,WELL3_USDT,WELL3,WELL3,USDT,Tether,0.2,0.1,3,5000000,1,8,tradable,1607313600,1720000800,normal,https://www.gate.com/trade/WELL3_USDT,False,0.1,19093078758.95,200000,0.4,0.4,,
1479,ORDI_USDC,ORDI,Ordinals,USDC,USDCoin,0.2,0.001,1,5000000,3,3,tradable,1607313600,1683511200,normal,https://www.gate.com/trade/ORDI_USDC,False,0.1,46003.45,200000,0.35,0.35,,
1480,LLYX_USDT,LLYX,Eli Lilly xStock,USDT,Tether,0.2,0.001,3,5000000,3,2,tradable,1577808000,1753711200,normal,https://www.gate.com/trade/LLYX_USDT,False,0.1,283.41,300000,0.3,0.3,,
1481,FLOKI_BTC,FLOKI,Floki Inu,BTC,Bitcoin,0.2,1,0.000001,100,0,14,tradable,1607313600,1631781000,normal,https://www.gate.com/trade/FLOKI_BTC,False,0.1,4580720890.95,2.22222222,0.6,0.6,,
1482,SAUCE_USDT,SAUCE,SaucerSwap,USDT,Tether,0.2,0.01,3,5000000,2,5,tradable,1581683700,1720785600,normal,https://www.gate.com/trade/SAUCE_USDT,False,0.1,9066183.14,200000,0.4,0.4,,
1483,OKB_USDT,OKB,OKB,USDT,Tether,0.2,0.001,3,5000000,3,2,tradable,1582022100,1582022100,normal,https://www.gate.com/trade/OKB_USDT,False,0.05,9312.29,1000000,0.3,0.3,,
1484,LKY_USDT,LKY,LuckyCoin,USDT,Tether,0.2,1,3,5000000,0,5,tradable,1577808000,1734775200,normal,https://www.gate.com/trade/LKY_USDT,False,0.1,1523809.52,200000,0.4,0.4,,
1485,XEM_USDT,XEM,NEM,USDT,Tether,0.2,1,3,5000000,0,7,tradable,0,1547438400,normal,https://www.gate.com/trade/XEM_USDT,False,0.1,388033060.42,500000,0.4,0.4,,
1486,DRV_USDT,DRV,Derive,USDT,Tether,0.2,0.01,3,5000000,2,5,tradable,1577808000,1736899200,normal,https://www.gate.com/trade/DRV_USDT,False,0.1,7391893.56,300000,0.35,0.35,,
1487,CVX_USDT,CVX,Convex Finance,USDT,Tether,0.2,0.01,3,5000000,2,3,tradable,1607313600,1622624400,normal,https://www.gate.com/trade/CVX_USDT,False,0.08,174723.35,300000,0.35,0.35,,
1488,TRUMP_USDT,TRUMP,OFFICIAL TRUMP,USDT,Tether,0.2,0.01,3,5000000,2,3,tradable,0,1737205200,normal,https://www.gate.com/trade/TRUMP_USDT,False,0.05,95757.92,500000,0.15,0.15,,
1489,ORDI_USDT,ORDI,Ordinals,USDT,Tether,0.2,0.001,3,5000000,3,3,tradable,1607313600,1683511200,normal,https://www.gate.com/trade/ORDI_USDT,False,0.06,115247.21,500000,0.2,0.2,,
1490,MAV_USDT,MAV,Maverick,USDT,Tether,0.2,0.01,3,5000000,2,5,tradable,1607313600,1687942800,normal,https://www.gate.com/trade/MAV_USDT,False,0.1,10828370.33,300000,0.35,0.35,,
1491,RHEA_USDT,RHEA,Rhea Finance,USDT,Tether,0.2,1,3,5000000,0,6,tradable,1577808000,1753884000,normal,https://www.gate.com/trade/RHEA_USDT,False,0.1,19531250,300000,0.35,0.35,,
1492,VANRY_USDT,VANRY,Vanar,USDT,Tether,0.2,1,3,5000000,0,6,tradable,1607313600,1701756000,normal,https://www.gate.com/trade/VANRY_USDT,False,0.08,37719243.1,300000,0.35,0.35,,
1493,PEAQ_USDT,PEAQ,peaq,USDT,Tether,0.2,0.01,3,5000000,2,5,tradable,0,1731402000,normal,https://www.gate.com/trade/PEAQ_USDT,False,0.08,9990009.99,300000,0.3,0.3,,
1494,COAI3S_USDT,COAI3S,COAI3xShort,USDT,Tether,0.2,0.01,3,5000000,2,5,tradable,1577808000,1761296400,normal,https://www.gate.com/trade/COAI3S_USDT,False,0.1,176608.24,200000,0.6,0.6,,
1495,ANKR_USDT,ANKR,AnkrNetwork,USDT,Tether,0.2,0.01,3,5000000,2,6,tradable,1588077300,1588077300,normal,https://www.gate.com/trade/ANKR_USDT,False,0.1,44856459.33,300000,0.35,0.35,,
1496,STREAM_USDT,STREAM,Streamflow,USDT,Tether,0.2,1,3,5000000,0,6,tradable,1577808000,1734440400,normal,https://www.gate.com/trade/STREAM_USDT,False,0.1,11820330.97,200000,0.4,0.4,,
1497,AMZN3S_USDT,AMZN3S,AMZN3xShort,USDT,Tether,0.2,0.01,3,5000000,2,5,tradable,1577808000,1769427000,normal,https://www.gate.com/trade/AMZN3S_USDT,False,0.1,0,0,0.6,0.6,,
1498,AAPLX_USDT,AAPLX,Apple xStock,USDT,Tether,0.2,0.001,3,5000000,3,2,tradable,1577808000,1751443200,normal,https://www.gate.com/trade/AAPLX_USDT,False,0.08,1091.72,300000,0.15,0.15,,
1499,BTGOON_USDT,BTGOON,BitGo Holdings Ondo Tokenized,USDT,Tether,0.2,0.01,3,5000000,2,3,tradable,1577808000,1769436000,normal,https://www.gate.com/trade/BTGOON_USDT,False,0.1,0,0,0.4,0.4,,
1500,R2_USDT,R2,R2 Protocol,USDT,Tether,0.2,1,3,5000000,0,6,tradable,1577808000,1774864800,normal,https://www.gate.com/trade/R2_USDT,False,0.05,0,0,0.4,0.4,,
1501,FOREX_USDT,FOREX,handle.fi,USDT,Tether,0.2,0.1,3,5000000,1,7,tradable,1607313600,1632715200,normal,https://www.gate.com/trade/FOREX_USDT,False,0.1,296603885.51,100000,0.4,0.4,,
1502,DFDVX_USDT,DFDVX,DFDV xStock,USDT,Tether,0.2,0.01,3,5000000,2,3,tradable,1577808000,1751695200,normal,https://www.gate.com/trade/DFDVX_USDT,False,0.1,55839.93,300000,0.4,0.4,,
1503,SLERF_USDT,SLERF,Slerf,USDT,Tether,0.2,1,3,5000000,0,6,tradable,1596702900,1710759600,normal,https://www.gate.com/trade/SLERF_USDT,False,0.1,31257325.94,200000,0.4,0.4,,
1504,ACX_USDT,ACX,Across Protocol,USDT,Tether,0.2,0.01,3,5000000,2,5,tradable,1607313600,1669694400,normal,https://www.gate.com/trade/ACX_USDT,False,0.1,5680742.28,300000,0.35,0.35,,
1505,SNT_USDT,SNT,Status,USDT,Tether,0.2,1,3,5000000,0,6,tradable,0,0,normal,https://www.gate.com/trade/SNT_USDT,False,0.1,21921812.2,300000,0.3,0.3,,
1506,ACM_USDT,ACM,AC Milan Fan Token,USDT,Tether,0.2,0.01,3,5000000,2,4,tradable,1608782400,1662948000,normal,https://www.gate.com/trade/ACM_USDT,False,0.1,568882.15,300000,0.35,0.35,,
1507,POWER_USDT,POWER,Power Protocol,USDT,Tether,0.2,1,3,5000000,0,5,tradable,1577808000,1765458000,normal,https://www.gate.com/trade/POWER_USDT,False,0.1,587285.27,200000,0.4,0.4,,
1508,LIY_USDT,LIY,Lily,USDT,Tether,0.2,1,3,5000000,0,7,tradable,1577808000,1736917200,normal,https://www.gate.com/trade/LIY_USDT,False,0.1,105263157.89,200000,0.4,0.4,,
1509,VTIX_USDT,VTIX,Vanguard xStock,USDT,Tether,0.2,0.001,3,5000000,3,2,tradable,1577808000,1753797600,normal,https://www.gate.com/trade/VTIX_USDT,False,0.1,890,300000,0.3,0.3,,
1510,TREE_USDT,TREE,Treehouse,USDT,Tether,0.2,1,3,5000000,0,5,tradable,1577808000,1753797600,normal,https://www.gate.com/trade/TREE_USDT,False,0.1,2785256.71,300000,0.4,0.4,,
1511,HIBS_USDT,HIBS,Hiblocks,USDT,Tether,0.2,0.1,3,5000000,1,9,tradable,1607313600,1670234400,normal,https://www.gate.com/trade/HIBS_USDT,False,0.1,40156610782.05,200000,0.4,0.4,,
1512,JENSOL_USDT,JENSOL,JenSOL,USDT,Tether,0.2,0.01,3,5000000,2,7,tradable,1596702900,1718870400,normal,https://www.gate.com/trade/JENSOL_USDT,False,0.1,659087164.28,200000,0.4,0.4,,
1513,JASMY_ETH,JASMY,JasmyCoin,ETH,Ethereum,0.2,0.01,0.001,1000,2,9,tradable,1607313600,1613448000,normal,https://www.gate.com/trade/JASMY_ETH,False,0.1,49127978.38,100,0.6,0.6,,
1514,MYRIA_USDT,MYRIA,Myria,USDT,Tether,0.2,1,3,5000000,0,8,tradable,1607313600,1680765300,normal,https://www.gate.com/trade/MYRIA_USDT,False,0.1,2591177042.17,200000,0.4,0.4,,
1515,PROM_USDT,PROM,Prometeus,USDT,Tether,0.2,0.01,3,5000000,2,4,tradable,1607313600,1614319200,normal,https://www.gate.com/trade/PROM_USDT,False,0.08,33630.4,300000,0.35,0.35,,
1516,SXT_USDT,SXT,Space and Time,USDT,Tether,0.2,0.01,3,5000000,2,5,tradable,1577808000,1746709200,normal,https://www.gate.com/trade/SXT_USDT,False,0.08,18491124.26,500000,0.2,0.2,,
1517,CKB_USDC,CKB,Nervos,USDC,USDCoin,0.2,0.1,1,5000000,1,6,tradable,1573878900,1573878900,normal,https://www.gate.com/trade/CKB_USDC,False,0.1,123127436.9,300000,0.4,0.4,,
1518,MRLN_USDT,MRLN,Project Merlin,USDT,Tether,0.2,1,3,5000000,0,8,tradable,1577808000,1758027600,normal,https://www.gate.com/trade/MRLN_USDT,False,0.1,159808230.12,200000,0.4,0.4,,
1519,KONET_USDT,KONET,KONET,USDT,Tether,0.2,1,3,5000000,0,6,tradable,1596702900,1724320800,normal,https://www.gate.com/trade/KONET_USDT,False,0.1,8369601.61,200000,0.4,0.4,,
1520,PEPECOIN_USDT,PEPECOIN,PepeCoin,USDT,Tether,0.2,1,3,5000000,0,5,tradable,1577808000,1730458800,normal,https://www.gate.com/trade/PEPECOIN_USDT,False,0.1,1263823.06,200000,0.4,0.4,,
1521,CKB_USDT,CKB,Nervos,USDT,Tether,0.2,0.1,3,5000000,1,6,tradable,1573878900,1573878900,normal,https://www.gate.com/trade/CKB_USDT,False,0.08,123355263.16,300000,0.2,0.2,,
1522,TAO_USDT,TAO,Bittensor,USDT,Tether,0.2,0.001,3,5000000,3,1,tradable,1598013300,1693897200,normal,https://www.gate.com/trade/TAO_USDT,False,0.06,4070.83,1000000,0.2,0.2,,
1523,EIGEN3S_USDT,EIGEN3S,EIGEN3xShort,USDT,Tether,0.2,0.01,3,5000000,2,6,tradable,1577808000,1747206000,normal,https://www.gate.com/trade/EIGEN3S_USDT,False,0.1,5328999.08,200000,0.6,0.6,,
1524,BNT_USDT,BNT,Bancor,USDT,Tether,0.2,0.01,3,5000000,2,4,tradable,1607313600,1691229600,normal,https://www.gate.com/trade/BNT_USDT,False,0.1,498069.98,200000,0.4,0.4,,
1525,RSR_USDT,RSR,ReserveRights,USDT,Tether,0.2,0.1,3,5000000,1,6,tradable,1586320500,1586320500,normal,https://www.gate.com/trade/RSR_USDT,False,0.08,114068441.06,300000,0.2,0.2,,
1526,BEEFI_USDT,BEEFI,Beefy.Finance,USDT,Tether,0.2,0.001,3,5000000,3,2,tradable,1608782400,1631966400,normal,https://www.gate.com/trade/BEEFI_USDT,False,0.1,2054.02,200000,0.4,0.4,,
1527,DEEP_USDT,DEEP,DeepBook,USDT,Tether,0.2,0.1,3,5000000,1,5,tradable,1577808000,1728900000,normal,https://www.gate.com/trade/DEEP_USDT,False,0.06,13477088.95,500000,0.2,0.2,,
1528,POL_USDT,POL,Polygon Ecosystem Token,USDT,Tether,0.2,1,3,5000000,0,5,tradable,1607313600,1700121600,normal,https://www.gate.com/trade/POL_USDT,False,0.06,4521817.77,500000,0.25,0.25,,
1529,URANUS_USDT,URANUS,Uranus,USDT,Tether,0.2,1,3,5000000,0,6,tradable,1577808000,1755050400,normal,https://www.gate.com/trade/URANUS_USDT,False,0.1,3586800.57,300000,0.4,0.4,,
1530,TRA_USDT,TRA,Trabzonspor Fan Token,USDT,Tether,0.2,0.01,3,5000000,2,4,tradable,1608782400,1649408400,normal,https://www.gate.com/trade/TRA_USDT,False,0.1,704970.04,200000,0.4,0.4,,
1531,CC3S_USDT,CC3S,CC3xShort,USDT,Tether,0.2,0.01,3,5000000,2,5,tradable,1577808000,1767841200,normal,https://www.gate.com/trade/CC3S_USDT,False,0.1,85994.13,100000,0.6,0.6,,
1532,XDC_ETH,XDC,XDC Network,ETH,Ethereum,0.2,0.001,0.001,1000,3,8,tradable,1596702900,1637899200,normal,https://www.gate.com/trade/XDC_ETH,False,0.1,6215040.4,100,0.6,0.6,,
1533,XU3O8_USDT,XU3O8,Uranium.io,USDT,Tether,0.2,0.01,3,5000000,2,3,tradable,1577808000,1753344000,normal,https://www.gate.com/trade/XU3O8_USDT,False,0.1,62402.5,300000,0.3,0.3,,
1534,PLAYSOLANA_USDT,PLAYSOLANA,Play Solana,USDT,Tether,0.2,1,3,5000000,0,6,tradable,1577808000,1763128800,normal,https://www.gate.com/trade/PLAYSOLANA_USDT,False,0.1,69244085.4,300000,0.4,0.4,,
1535,U2U_USDT,U2U,U2U Network,USDT,Tether,0.2,1,3,5000000,0,7,tradable,1577808000,1733824800,normal,https://www.gate.com/trade/U2U_USDT,False,0.1,111451657.84,200000,0.4,0.4,,
1536,PIPPIN3L_USDT,PIPPIN3L,PIPPIN3xLong,USDT,Tether,0.2,0.01,3,5000000,2,6,tradable,1577808000,1775030400,normal,https://www.gate.com/trade/PIPPIN3L_USDT,False,0.1,0,0,0.6,0.6,,
1537,AIX9_USDT,AIX9,AthenaX9,USDT,Tether,0.2,0.1,3,5000000,1,7,tradable,1577808000,1739793600,normal,https://www.gate.com/trade/AIX9_USDT,False,0.1,191534189,100000,0.4,0.4,,
1538,RATING_USDT,RATING,Rating,USDT,Tether,0.2,1,3,5000000,0,8,tradable,0,1529647200,normal,https://www.gate.com/trade/RATING_USDT,False,0.1,1226692836,100000,0.4,0.4,,
1539,TKO_USDT,TKO,Tokocrypto,USDT,Tether,0.2,1,3,5000000,0,5,tradable,1608782400,1617861600,normal,https://www.gate.com/trade/TKO_USDT,False,0.1,3514938.49,300000,0.4,0.4,,
1540,SHIB5L_USDT,SHIB5L,SHIB5xLong,USDT,Tether,0.2,0.01,3,5000000,2,5,tradable,1582704000,1764752400,normal,https://www.gate.com/trade/SHIB5L_USDT,False,0.08,402584.59,300000,0.6,0.6,,
1541,PUFFER_USDT,PUFFER,Puffer,USDT,Tether,0.2,1,3,5000000,0,5,tradable,1577808000,1728907200,normal,https://www.gate.com/trade/PUFFER_USDT,False,0.08,4992511.23,300000,0.35,0.35,,
1542,F3_USDT,F3,Friend3,USDT,Tether,0.2,0.1,3,5000000,1,7,tradable,1607313600,1701172800,normal,https://www.gate.com/trade/F3_USDT,False,0.1,77160493.83,100000,0.4,0.4,,
1543,PTB_USDT,PTB,Portal To Bitcoin,USDT,Tether,0.2,1,3,5000000,0,7,tradable,1577808000,1756904400,normal,https://www.gate.com/trade/PTB_USDT,False,0.08,113752701.63,500000,0.35,0.35,,
1544,FIDA_USDT,FIDA,SNS,USDT,Tether,0.2,0.01,3,5000000,2,5,tradable,1596702900,1619596800,normal,https://www.gate.com/trade/FIDA_USDT,False,0.1,7384615.38,300000,0.35,0.35,,
1545,SPX3S_USDT,SPX3S,SPX3xShort,USDT,Tether,0.2,0.01,3,5000000,2,7,tradable,1577808000,1749538800,normal,https://www.gate.com/trade/SPX3S_USDT,False,0.1,92710626.96,200000,0.6,0.6,,
1546,TUSD_USDT,TUSD,TrueUSD,USDT,Tether,0.1,0.01,3,5000000,2,4,tradable,0,1542715200,normal,https://www.gate.com/trade/TUSD_USDT,False,0.03,2000000,2000000,0.08,0.08,,
1547,KAITO3L_USDT,KAITO3L,KAITO3xLong,USDT,Tether,0.2,0.01,3,5000000,2,5,tradable,1577808000,1763715600,normal,https://www.gate.com/trade/KAITO3L_USDT,False,0.1,465078.42,200000,0.6,0.6,,
1548,STARHEROES_USDT,STARHEROES,StarHeroes,USDT,Tether,0.2,0.01,3,5000000,2,6,tradable,1607313600,1710237600,normal,https://www.gate.com/trade/STARHEROES_USDT,False,0.1,71916576.77,200000,0.4,0.4,,
1549,IOTA_USDT,IOTA,IOTA,USDT,Tether,0.2,1,3,5000000,0,5,tradable,0,0,normal,https://www.gate.com/trade/IOTA_USDT,False,0.06,5434782.61,500000,0.3,0.3,,
1550,TRR_USDT,TRR,TerranCoin,USDT,Tether,0.2,1,3,5000000,0,8,tradable,1607313600,1667466000,normal,https://www.gate.com/trade/TRR_USDT,False,0.1,2819880155.09,200000,0.4,0.4,,
1551,TRALA_USDT,TRALA,TRALA,USDT,Tether,0.2,1,3,5000000,0,7,tradable,1607313600,1719399600,normal,https://www.gate.com/trade/TRALA_USDT,False,0.1,308332690.97,200000,0.4,0.4,,
1552,AVAIL_USDT,AVAIL,Avail,USDT,Tether,0.2,1,3,5000000,0,6,tradable,1609434000,1721736000,normal,https://www.gate.com/trade/AVAIL_USDT,False,0.1,73882526.78,500000,0.35,0.35,,
1553,SOGNI_USDT,SOGNI,Sogni AI,USDT,Tether,0.2,0.1,3,5000000,1,6,tradable,1577808000,1751457600,normal,https://www.gate.com/trade/SOGNI_USDT,False,0.1,57126535.28,200000,0.4,0.4,,
1554,HAI_USDT,HAI,Hacken Token,USDT,Tether,0.2,0.01,3,5000000,2,6,tradable,1520614800,1614229200,normal,https://www.gate.com/trade/HAI_USDT,False,0.1,30063885.76,200000,0.4,0.4,,
1555,BNB_BTC,BNB,Binance Coin,BTC,Bitcoin,0.2,0.001,0.000001,100,3,6,tradable,0,1529118000,normal,https://www.gate.com/trade/BNB_BTC,False,0.1,561.14,5.555555556,0.6,0.6,,
1556,HTR_USDT,HTR,Hathor,USDT,Tether,0.2,1,3,5000000,0,6,tradable,1596702900,1640145600,normal,https://www.gate.com/trade/HTR_USDT,False,0.1,20721094.07,200000,0.4,0.4,,
1557,KYO_USDT,KYO,Kyo Finance,USDT,Tether,0.2,1,3,5000000,0,5,tradable,1577808000,1765357200,normal,https://www.gate.com/trade/KYO_USDT,False,0.1,9629272.99,500000,0.4,0.4,,
1558,NOT_USDC,NOT,Notcoin,USDC,USDCoin,0.2,0.01,1,5000000,2,7,tradable,1609434000,1715860800,normal,https://www.gate.com/trade/NOT_USDC,False,0.1,386959466,200000,0.4,0.4,,
1559,SLC_USDT,SLC,Silencio Network,USDT,Tether,0.2,0.01,3,5000000,2,8,tradable,1596702900,1737727200,normal,https://www.gate.com/trade/SLC_USDT,False,0.1,3215434083.6,300000,0.4,0.4,,
1560,TONC_USDT,TONC,TONCommunity,USDT,Tether,0.2,0.1,3,5000000,1,6,tradable,1599208500,1678258800,normal,https://www.gate.com/trade/TONC_USDT,False,0.1,28624588.52,200000,0.6,0.6,,
1561,NOT_USDT,NOT,Notcoin,USDT,Tether,0.2,1,3,5000000,0,7,tradable,1609434000,1715860800,normal,https://www.gate.com/trade/NOT_USDT,False,0.08,580214679.43,300000,0.3,0.3,,
1562,RWA_USDT,RWA,Allo,USDT,Tether,0.2,0.01,3,5000000,2,6,tradable,1577808000,1747915200,normal,https://www.gate.com/trade/RWA_USDT,False,0.1,67521944.63,200000,0.4,0.4,,
1563,XRWA_USDT,XRWA,Xend Finance,USDT,Tether,0.2,0.01,3,5000000,2,6,tradable,1607313600,1708772400,normal,https://www.gate.com/trade/XRWA_USDT,False,0.1,51566327.19,200000,0.4,0.4,,
1564,XFI_USDT,XFI,CrossFi,USDT,Tether,0.2,0.01,3,5000000,2,5,tradable,1577808000,1732190400,normal,https://www.gate.com/trade/XFI_USDT,False,0.1,2323015.27,200000,0.4,0.4,,
1565,STRK3L_USDT,STRK3L,STRK3xLong,USDT,Tether,0.2,0.01,3,5000000,2,7,tradable,1582704000,1753691400,normal,https://www.gate.com/trade/STRK3L_USDT,False,0.1,7702182.28,300000,0.6,0.6,,
1566,METAN_USDT,METAN,Metan Chain,USDT,Tether,0.2,1,3,5000000,0,7,tradable,1607313600,1646100000,normal,https://www.gate.com/trade/METAN_USDT,False,0.1,152444834,200000,0.4,0.4,,
1567,BTC3L_USDT,BTC3L,BTC3xLong,USDT,Tether,0.2,0.01,3,5000000,2,4,tradable,1582704000,1582704000,normal,https://www.gate.com/trade/BTC3L_USDT,False,0.1,111526.24,500000,0.6,0.6,,
1568,KRL_USDT,KRL,Kryll,USDT,Tether,0.2,0.01,3,5000000,2,4,tradable,1607313600,1639627200,normal,https://www.gate.com/trade/KRL_USDT,False,0.1,943173.78,200000,0.4,0.4,,
1569,BAD_USDT,BAD,Bad Idea AI,USDT,Tether,0.2,1,3,5000000,0,13,tradable,1607313600,1711530000,normal,https://www.gate.com/trade/BAD_USDT,False,0.1,121765601217656,200000,0.4,0.4,,
1570,CGN_USDT,CGN,Cygnus,USDT,Tether,0.2,1,3,5000000,0,6,tradable,1577808000,1761220800,normal,https://www.gate.com/trade/CGN_USDT,False,0.1,65477164.84,200000,0.4,0.4,,
1571,MORPHO_USDT,MORPHO,Morpho Labs,USDT,Tether,0.2,0.01,3,5000000,2,4,tradable,1577808000,1732183200,normal,https://www.gate.com/trade/MORPHO_USDT,False,0.05,854226.28,1000000,0.3,0.3,,
1572,HPOS10I_USDT,HPOS10I,HarryPotterObamaSonic10Inu,USDT,Tether,0.2,0.01,3,5000000,2,5,tradable,1607313600,1718035200,normal,https://www.gate.com/trade/HPOS10I_USDT,False,0.1,7375537.8,300000,0.4,0.4,,
1573,STIK_USDT,STIK,Staika,USDT,Tether,0.2,0.01,3,5000000,2,4,tradable,1596702900,1678863600,normal,https://www.gate.com/trade/STIK_USDT,False,0.1,387146.73,200000,0.4,0.4,,
1574,FLOCK_USDT,FLOCK,Flock.io,USDT,Tether,0.2,0.01,3,5000000,2,5,tradable,1577808000,1735646400,normal,https://www.gate.com/trade/FLOCK_USDT,False,0.08,3471619.51,300000,0.4,0.4,,
1575,SENSO_USDT,SENSO,Sensorium,USDT,Tether,0.2,0.01,3,5000000,2,6,tradable,1607313600,1642680000,normal,https://www.gate.com/trade/SENSO_USDT,False,0.1,63613231.55,200000,0.4,0.4,,
1576,TON_USDT,TON,The Open Network,USDT,Tether,0.2,0.01,3,5000000,2,4,tradable,1607313600,1678683600,normal,https://www.gate.com/trade/TON_USDT,False,0.05,662471.02,1000000,0.15,0.15,,
1577,ASTR_USDT,ASTR,Astar Token,USDT,Tether,0.2,1,3,5000000,0,6,tradable,1607313600,1642424400,normal,https://www.gate.com/trade/ASTR_USDT,False,0.08,28208744.71,300000,0.2,0.2,,
1578,ORCA_USDT,ORCA,Orca,USDT,Tether,0.2,0.01,3,5000000,2,4,tradable,1596702900,1633003200,normal,https://www.gate.com/trade/ORCA_USDT,False,0.08,272590.98,300000,0.35,0.35,,
1579,ERG_USDT,ERG,Ergo,USDT,Tether,0.2,0.01,3,5000000,2,4,tradable,1602302400,1602388800,normal,https://www.gate.com/trade/ERG_USDT,False,0.1,432432.43,200000,0.4,0.4,,
1580,ALPHA_USDT,ALPHA,Stella,USDT,Tether,0.2,1,3,5000000,0,7,tradable,1607313600,1610092800,normal,https://www.gate.com/trade/ALPHA_USDT,False,0.1,35103115.4,200000,0.4,0.4,,
1581,BTS_USDT,BTS,BitShares,USDT,Tether,0.2,1,3,5000000,0,7,tradable,0,0,normal,https://www.gate.com/trade/BTS_USDT,False,0.1,199421677.14,200000,0.4,0.4,,
1582,XNI3L_USDT,XNI3L,XNI3xLong,USDT,Tether,0.2,0.01,3,5000000,2,5,tradable,1577808000,1769688000,normal,https://www.gate.com/trade/XNI3L_USDT,False,0.1,0,0,0.6,0.6,,
1583,KAS3L_USDT,KAS3L,KAS3xLong,USDT,Tether,0.2,0.01,3,5000000,2,5,tradable,1577808000,1761123600,normal,https://www.gate.com/trade/KAS3L_USDT,False,0.1,1061176.85,300000,0.6,0.6,,
1584,O4DX_USDT,O4DX,OrangeDX,USDT,Tether,0.2,1,3,5000000,0,7,tradable,1607313600,1711461600,normal,https://www.gate.com/trade/O4DX_USDT,False,0.1,151000377.5,200000,0.4,0.4,,
1585,NSDX_USDT,NSDX,NASDEX,USDT,Tether,0.2,0.01,3,5000000,2,6,tradable,1607313600,1632880800,normal,https://www.gate.com/trade/NSDX_USDT,False,0.1,17438311.97,100000,0.4,0.4,,
1586,SHIB3L_USDT,SHIB3L,SHIB3xLong,USDT,Tether,0.2,0.01,3,5000000,2,5,tradable,1582704000,1766995200,normal,https://www.gate.com/trade/SHIB3L_USDT,False,0.1,253592561.28,300000,0.6,0.6,,
1587,TURBO3S_USDT,TURBO3S,TURBO3xShort,USDT,Tether,0.2,0.01,3,5000000,2,5,tradable,1577808000,1765962000,normal,https://www.gate.com/trade/TURBO3S_USDT,False,0.1,131293.04,200000,0.6,0.6,,
1588,PINGO_USDT,PINGO,PinGo,USDT,Tether,0.2,1,3,5000000,0,6,tradable,1577808000,1732878000,normal,https://www.gate.com/trade/PINGO_USDT,False,0.1,9624639.08,200000,0.4,0.4,,
1589,CLANKER_USDT,CLANKER,tokenbot,USDT,Tether,0.2,0.01,3,5000000,2,3,tradable,0,1732795200,normal,https://www.gate.com/trade/CLANKER_USDT,False,0.08,9294.98,300000,0.35,0.35,,
1590,KIMA_USDT,KIMA,Kima,USDT,Tether,0.2,1,3,5000000,0,6,tradable,1577808000,1732626000,normal,https://www.gate.com/trade/KIMA_USDT,False,0.1,7113640.41,200000,0.4,0.4,,
1591,VENOM_USDT,VENOM,VENOM,USDT,Tether,0.2,0.01,3,5000000,2,5,tradable,0,1711353600,normal,https://www.gate.com/trade/VENOM_USDT,False,0.1,4332755.63,200000,0.4,0.4,,
1592,WAT_USDT,WAT,WatBird,USDT,Tether,0.2,0.1,3,5000000,1,9,tradable,1607313600,1727085600,normal,https://www.gate.com/trade/WAT_USDT,False,0.1,20747964106.02,200000,0.4,0.4,,
1593,XSWAP_USDT,XSWAP,XSwap,USDT,Tether,0.2,1,3,5000000,0,6,tradable,1607313600,1715004000,normal,https://www.gate.com/trade/XSWAP_USDT,False,0.1,11195074.17,200000,0.4,0.4,,
1594,LIORA_USDT,LIORA,LIORA,USDT,Tether,0.2,1,3,5000000,0,7,tradable,1577808000,1754136000,normal,https://www.gate.com/trade/LIORA_USDT,False,0.1,41977122,200000,0.6,0.6,,
1595,BDG_USDT,BDG,Beyond Gaming,USDT,Tether,0.2,0.1,3,5000000,1,7,tradable,1577808000,1740816960,normal,https://www.gate.com/trade/BDG_USDT,False,0.1,346440325.65,200000,0.6,0.6,,
1596,VVS_USDT,VVS,VVS Finance,USDT,Tether,0.2,1,3,5000000,0,9,tradable,1568694900,1661425200,normal,https://www.gate.com/trade/VVS_USDT,False,0.1,104031209362.81,200000,0.4,0.4,,
1597,ESE_USDT,ESE,Eesee,USDT,Tether,0.2,1,3,5000000,0,7,tradable,1607313600,1712829600,normal,https://www.gate.com/trade/ESE_USDT,False,0.1,73841609.75,200000,0.4,0.4,,
1598,CSCOX_USDT,CSCOX,Cisco xStock,USDT,Tether,0.2,0.001,3,5000000,3,2,tradable,1577808000,1753711200,normal,https://www.gate.com/trade/CSCOX_USDT,False,0.1,3825.8,300000,0.3,0.3,,
1599,PNUT3S_USDT,PNUT3S,PNUT3xShort,USDT,Tether,0.2,0.01,3,5000000,2,5,tradable,1577808000,1752746400,normal,https://www.gate.com/trade/PNUT3S_USDT,False,0.1,204645.45,200000,0.6,0.6,,
1600,BRN_USDT,BRN,BRN Metaverse,USDT,Tether,0.2,0.01,3,5000000,2,5,tradable,1607313600,1682596800,normal,https://www.gate.com/trade/BRN_USDT,False,0.1,2242906.81,200000,0.4,0.4,,
1601,SUKU_USDT,SUKU,SUKU,USDT,Tether,0.2,1,3,5000000,0,6,tradable,1607313600,1617681600,normal,https://www.gate.com/trade/SUKU_USDT,False,0.1,18501387.6,200000,0.4,0.4,,
1602,WKC_USDT,WKC,Wiki Cat,USDT,Tether,0.2,1,3,5000000,0,12,tradable,1607313600,1686560400,normal,https://www.gate.com/trade/WKC_USDT,False,0.1,4073278276188.63,200000,0.4,0.4,,
1603,NFLXON_USDT,NFLXON,Netflix Ondo Tokenized,USDT,Tether,0.2,0.0001,3,5000000,4,2,tradable,1577808000,1756906200,normal,https://www.gate.com/trade/NFLXON_USDT,False,0.05,519.61,500000,0.15,0.15,,
1604,TAKE_USDT,TAKE,OVERTAKE,USDT,Tether,0.2,0.1,3,5000000,1,5,tradable,1577808000,1759147200,normal,https://www.gate.com/trade/TAKE_USDT,False,0.1,911355.49,300000,0.4,0.4,,
1605,AAVE_ETH,AAVE,AAVE,ETH,Ethereum,0.2,0.01,0.001,1000,2,5,tradable,1602045000,1602068400,normal,https://www.gate.com/trade/AAVE_ETH,False,0.1,2653.08,166.6666667,0.6,0.6,,
1606,EL_USDT,EL,ELYSIA,USDT,Tether,0.2,0.01,3,5000000,2,6,tradable,1607313600,1714384800,normal,https://www.gate.com/trade/EL_USDT,False,0.1,101342791.99,200000,0.4,0.4,,
1607,TUT_USDT,TUT,Tutorial,USDT,Tether,0.2,1,3,5000000,0,6,tradable,1577808000,1742311800,normal,https://www.gate.com/trade/TUT_USDT,False,0.1,23971234.52,300000,0.35,0.35,,
1608,SHM_USDT,SHM,Shardeum,USDT,Tether,0.2,1,3,5000000,0,8,tradable,1577808000,1746698400,normal,https://www.gate.com/trade/SHM_USDT,False,0.1,958772770.85,200000,0.4,0.4,,
1609,KARRAT_USDT,KARRAT,Karrat,USDT,Tether,0.2,1,3,5000000,0,6,tradable,1607313600,1713466800,normal,https://www.gate.com/trade/KARRAT_USDT,False,0.1,18390804.6,200000,0.4,0.4,,
1610,MAG7SSI_USDT,MAG7SSI,MAG7.ssi,USDT,Tether,0.2,0.01,3,5000000,2,4,tradable,1577808000,1737797400,normal,https://www.gate.com/trade/MAG7SSI_USDT,False,0.1,296779.94,200000,0.4,0.4,,
1611,FYN_USDT,FYN,Affyn,USDT,Tether,0.2,0.1,3,5000000,1,7,tradable,1596702900,1683115200,normal,https://www.gate.com/trade/FYN_USDT,False,0.1,281650471.76,200000,0.4,0.4,,
1612,TITN_USDT,TITN,THORWallet,USDT,Tether,0.2,1,3,5000000,0,5,tradable,1577808000,1762164000,normal,https://www.gate.com/trade/TITN_USDT,False,0.1,2379158.57,300000,0.4,0.4,,
1613,TBK_USDT,TBK,Tronbank,USDT,Tether,0.2,1,3,5000000,0,5,tradable,1577808000,1766613600,normal,https://www.gate.com/trade/TBK_USDT,False,0.1,0,0,0.4,0.4,,
1614,SWARMS_USDT,SWARMS,Swarms,USDT,Tether,0.2,1,3,5000000,0,6,tradable,0,1735905600,normal,https://www.gate.com/trade/SWARMS_USDT,False,0.1,29901623.66,500000,0.4,0.4,,
1615,CYBER_USDT,CYBER,Cyber,USDT,Tether,0.2,0.001,3,5000000,3,4,tradable,1607313600,1692100800,normal,https://www.gate.com/trade/CYBER_USDT,False,0.08,422327.02,300000,0.3,0.3,,
1616,UXLINK_USDT,UXLINK,UxLink,USDT,Tether,0.2,1,3,5000000,0,6,tradable,1607313600,1721289600,normal,https://www.gate.com/trade/UXLINK_USDT,False,0.1,24600246,300000,0.4,0.4,,
1617,XION_USDT,XION,XION,USDT,Tether,0.2,1,3,5000000,0,5,tradable,0,1733392800,normal,https://www.gate.com/trade/XION_USDT,False,0.1,2420135.53,500000,0.4,0.4,,
1618,AURORA_USDT,AURORA,Aurora,USDT,Tether,0.2,0.01,3,5000000,2,5,tradable,1607313600,1637245800,normal,https://www.gate.com/trade/AURORA_USDT,False,0.1,5764796.31,300000,0.35,0.35,,
1619,XPRT_USDT,XPRT,Persistence,USDT,Tether,0.2,1,3,5000000,0,6,tradable,1609866000,1619586000,normal,https://www.gate.com/trade/XPRT_USDT,False,0.1,19743336.62,200000,0.4,0.4,,
1620,FHE_USDT,FHE,Mind Network,USDT,Tether,0.2,0.01,3,5000000,2,5,tradable,1577808000,1744293600,normal,https://www.gate.com/trade/FHE_USDT,False,0.06,5411548.24,500000,0.3,0.3,,
1621,GHO_USDT,GHO,GHO,USDT,Tether,0.2,0.1,3,5000000,1,4,tradable,1577808000,1759240800,normal,https://www.gate.com/trade/GHO_USDT,False,0.08,300135.06,300000,0.3,0.3,,
1622,DCR_USDT,DCR,Decred,USDT,Tether,0.2,0.01,3,5000000,2,3,tradable,0,1539057600,normal,https://www.gate.com/trade/DCR_USDT,False,0.08,17291.56,300000,0.35,0.35,,
1623,POKT_USDT,POKT,Pocket Network,USDT,Tether,0.2,0.01,3,5000000,2,5,tradable,1596702900,1641988800,normal,https://www.gate.com/trade/POKT_USDT,False,0.1,16666666.67,200000,0.4,0.4,,
1624,AMZNON_USDT,AMZNON,Amazon Ondo Tokenized,USDT,Tether,0.2,0.001,3,5000000,3,2,tradable,1577808000,1756895400,normal,https://www.gate.com/trade/AMZNON_USDT,False,0.05,2214.89,500000,0.15,0.15,,
1625,AZUR_USDT,AZUR,Azuro,USDT,Tether,0.2,0.01,3,5000000,2,6,tradable,1607313600,1718798400,normal,https://www.gate.com/trade/AZUR_USDT,False,0.1,55164804.85,200000,0.4,0.4,,
1626,1CAT_USDT,1CAT,Bitcoin Cats,USDT,Tether,0.2,1,3,5000000,0,8,tradable,1607313600,1703336400,normal,https://www.gate.com/trade/1CAT_USDT,False,0.1,783085356,100000,0.4,0.4,,
1627,GRIN_USDT,GRIN,Grin,USDT,Tether,0.2,0.01,3,5000000,2,5,tradable,0,1548648000,normal,https://www.gate.com/trade/GRIN_USDT,False,0.1,5613247.26,200000,0.4,0.4,,
1628,CRV_ETH,CRV,Curve,ETH,Ethereum,0.2,0.01,0.001,1000,2,8,tradable,1597381200,1597383000,normal,https://www.gate.com/trade/CRV_ETH,False,0.1,818665.58,100,0.6,0.6,,
1629,POLK_USDT,POLK,Polkamarkets,USDT,Tether,0.2,0.01,3,5000000,2,6,tradable,1607313600,1614250800,normal,https://www.gate.com/trade/POLK_USDT,False,0.1,27184994,200000,0.4,0.4,,
1630,OGPU_USDT,OGPU,OpenGPU,USDT,Tether,0.2,1,3,5000000,0,5,tradable,1577808000,1734868800,normal,https://www.gate.com/trade/OGPU_USDT,False,0.1,1882441.53,200000,0.4,0.4,,
1631,PROMPT_USDT,PROMPT,Wayfinder,USDT,Tether,0.2,1,3,5000000,0,5,tradable,1577808000,1744290000,normal,https://www.gate.com/trade/PROMPT_USDT,False,0.08,9794319.29,500000,0.3,0.3,,
1632,LIQUIDIUM_USDT,LIQUIDIUM,Liquidium(LIQUIDIUM•TOKEN),USDT,Tether,0.2,1,3,5000000,0,5,tradable,1607313600,1721660400,normal,https://www.gate.com/trade/LIQUIDIUM_USDT,False,0.1,2595548.63,200000,0.4,0.4,,
1633,MULTI_USDT,MULTI,Multichain,USDT,Tether,0.2,0.01,3,5000000,2,4,tradable,1607313600,1649930400,normal,https://www.gate.com/trade/MULTI_USDT,False,0.1,614250.61,200000,0.6,0.6,,
1634,WLFI3L_USDT,WLFI3L,WLFI3xLong,USDT,Tether,0.2,0.01,3,5000000,2,6,tradable,1577808000,1756803600,normal,https://www.gate.com/trade/WLFI3L_USDT,False,0.1,14720314.03,300000,0.6,0.6,,
1635,ITHACA_USDT,ITHACA,Ithaca Protocol,USDT,Tether,0.2,0.01,3,5000000,2,6,tradable,1577808000,1734602400,normal,https://www.gate.com/trade/ITHACA_USDT,False,0.1,39876383.21,200000,0.4,0.4,,
1636,BIFI_USDT,BIFI,BitcoinFile,USDT,Tether,0.2,1,3,5000000,0,8,tradable,0,0,normal,https://www.gate.com/trade/BIFI_USDT,False,0.1,2393346496.74,200000,0.6,0.6,,
1637,ZERC_USDT,ZERC,zkRace,USDT,Tether,0.2,1,3,5000000,0,6,tradable,1607313600,1716285600,normal,https://www.gate.com/trade/ZERC_USDT,False,0.1,18104462.75,200000,0.4,0.4,,
1638,BLUR_USDC,BLUR,Blur,USDC,USDCoin,0.2,0.01,1,5000000,2,5,tradable,1607313600,1676399400,normal,https://www.gate.com/trade/BLUR_USDC,False,0.1,6794632.24,200000,0.4,0.4,,
1639,SOV_USDT,SOV,Sovryn,USDT,Tether,0.2,0.01,3,5000000,2,5,tradable,1607313600,1632283200,normal,https://www.gate.com/trade/SOV_USDT,False,0.1,2969782.46,200000,0.4,0.4,,
1640,TLTON_USDT,TLTON,iShares 20+ Year Treasury Bond ETF Ondo Tokenized,USDT,Tether,0.2,0.01,3,5000000,2,2,tradable,1577808000,1765261800,normal,https://www.gate.com/trade/TLTON_USDT,False,0.08,3366.44,300000,0.3,0.3,,
1641,TURTLE_USDT,TURTLE,Turtle,USDT,Tether,0.2,0.1,3,5000000,1,5,tradable,1577808000,1761145200,normal,https://www.gate.com/trade/TURTLE_USDT,False,0.08,5334281.65,300000,0.3,0.3,,
1642,COOKPROTOCOL_USDT,COOKPROTOCOL,Cook Protocol,USDT,Tether,0.2,1,3,5000000,0,8,tradable,1577808000,1730181600,normal,https://www.gate.com/trade/COOKPROTOCOL_USDT,False,0.1,2446333557.58,200000,0.4,0.4,,
1643,HT_USDT,HT,HuobiToken,USDT,Tether,0.2,0.01,3,5000000,2,4,tradable,0,1529114400,normal,https://www.gate.com/trade/HT_USDT,False,0.1,1464486.21,300000,0.4,0.4,,
1644,BLUR_USDT,BLUR,Blur,USDT,Tether,0.2,0.01,3,5000000,2,5,tradable,1607313600,1676399400,normal,https://www.gate.com/trade/BLUR_USDT,False,0.1,10198878.12,300000,0.3,0.3,,
1645,ESPORTS_USDT,ESPORTS,Yooldo,USDT,Tether,0.2,0.1,3,5000000,1,4,tradable,1577808000,1752919200,normal,https://www.gate.com/trade/ESPORTS_USDT,False,0.1,727449.08,300000,0.4,0.4,,
1646,NEO_USDT,NEO,Neo,USDT,Tether,0.2,0.01,3,5000000,2,3,tradable,0,0,normal,https://www.gate.com/trade/NEO_USDT,False,0.08,80742.83,300000,0.3,0.3,,
1647,OL_USDT,OL,Open Loot,USDT,Tether,0.2,1,3,5000000,0,6,tradable,1577808000,1732021200,normal,https://www.gate.com/trade/OL_USDT,False,0.08,18231540.57,300000,0.35,0.35,,
1648,XRD_USDT,XRD,Radix,USDT,Tether,0.2,1,3,5000000,0,6,tradable,1607313600,1654142400,normal,https://www.gate.com/trade/XRD_USDT,False,0.1,201816347.12,300000,0.35,0.35,,
1649,NEO_USDC,NEO,Neo,USDC,USDCoin,0.2,0.01,1,5000000,2,3,tradable,0,0,normal,https://www.gate.com/trade/NEO_USDC,False,0.1,80829.85,300000,0.4,0.4,,
1650,BANANAS31_USDT,BANANAS31,Banana For Scale,USDT,Tether,0.2,0.1,3,5000000,1,6,tradable,0,1732881600,normal,https://www.gate.com/trade/BANANAS31_USDT,False,0.08,83775481.71,300000,0.35,0.35,,
1651,GOAT_USDT,GOAT,Goatseus Maximus,USDT,Tether,0.2,0.01,3,5000000,2,5,tradable,0,1729155600,normal,https://www.gate.com/trade/GOAT_USDT,False,0.1,8877052.82,300000,0.35,0.35,,
1652,ENERGYWEB_USDT,ENERGYWEB,Energy Web,USDT,Tether,0.2,0.1,3,5000000,1,4,tradable,0,1774944000,normal,https://www.gate.com/trade/ENERGYWEB_USDT,False,0.1,0,0,0.4,0.4,,
1653,SAITO_USDT,SAITO,Saito,USDT,Tether,0.2,1,3,5000000,0,7,tradable,1607313600,1622260800,normal,https://www.gate.com/trade/SAITO_USDT,False,0.1,143266475.64,200000,0.4,0.4,,
1654,LEGION_USDT,LEGION,LEGION,USDT,Tether,0.2,0.01,3,5000000,2,8,tradable,1607313600,1718632800,normal,https://www.gate.com/trade/LEGION_USDT,False,0.1,1458682809,200000,0.4,0.4,,
1655,TRB3S_USDT,TRB3S,TRB3xShort,USDT,Tether,0.2,0.01,3,5000000,2,6,tradable,1577808000,1748415600,normal,https://www.gate.com/trade/TRB3S_USDT,False,0.1,6367398.92,200000,0.6,0.6,,
1656,BABY_USDT,BABY,Babylon,USDT,Tether,0.2,0.01,3,5000000,2,5,tradable,1608782400,1744279200,normal,https://www.gate.com/trade/BABY_USDT,False,0.1,17326017.9,300000,0.3,0.3,,
1657,HBAR3L_USDT,HBAR3L,HBAR3xLong,USDT,Tether,0.2,0.01,3,5000000,2,6,tradable,1582704000,1582704000,normal,https://www.gate.com/trade/HBAR3L_USDT,False,0.1,11773940.35,300000,0.6,0.6,,
1658,DIAM_USDT,DIAM,Diamante,USDT,Tether,0.2,1,3,5000000,0,6,tradable,1577808000,1739347200,normal,https://www.gate.com/trade/DIAM_USDT,False,0.1,19367646,200000,0.4,0.4,,
1659,SUPRA_USDT,SUPRA,SUPRA,USDT,Tether,0.2,0.1,3,5000000,1,7,tradable,1577808000,1732712400,normal,https://www.gate.com/trade/SUPRA_USDT,False,0.1,264585262.6,200000,0.4,0.4,,
1660,NAKA_USDT,NAKA,Nakamoto Games,USDT,Tether,0.2,1,3,5000000,0,5,tradable,1596702900,1699189200,normal,https://www.gate.com/trade/NAKA_USDT,False,0.1,2535657.69,200000,0.4,0.4,,
1661,GAIN_USDT,GAIN,Griffin AI,USDT,Tether,0.2,1,3,5000000,0,7,tradable,1577808000,1758718800,normal,https://www.gate.com/trade/GAIN_USDT,False,0.1,47438330.17,200000,0.4,0.4,,
1662,D2T_USDT,D2T,Dash 2 Trade,USDT,Tether,0.2,0.1,3,5000000,1,8,tradable,1607313600,1673431200,normal,https://www.gate.com/trade/D2T_USDT,False,0.1,754830917.87,100000,0.4,0.4,,
1663,ACA_USDT,ACA,Acala,USDT,Tether,0.2,1,3,5000000,0,7,tradable,1595658900,1643097600,normal,https://www.gate.com/trade/ACA_USDT,False,0.1,30565461.03,300000,0.4,0.4,,
1664,MAK_USDT,MAK,MetaCene,USDT,Tether,0.2,0.01,3,5000000,2,6,tradable,1607313600,1725537600,normal,https://www.gate.com/trade/MAK_USDT,False,0.1,131839156.23,200000,0.4,0.4,,
1665,HEU_USDT,HEU,Heurist,USDT,Tether,0.2,1,3,5000000,0,6,tradable,1577808000,1733716800,normal,https://www.gate.com/trade/HEU_USDT,False,0.1,7722007.72,100000,0.4,0.4,,
1666,ALD_USDT,ALD,AladdinDAO,USDT,Tether,0.2,0.01,3,5000000,2,5,tradable,1607313600,1631613600,normal,https://www.gate.com/trade/ALD_USDT,False,0.1,4341220,100000,0.4,0.4,,
1667,BIFIF_USDT,BIFIF,BiFi,USDT,Tether,0.2,1,3,5000000,0,7,tradable,1607313600,1612184400,normal,https://www.gate.com/trade/BIFIF_USDT,False,0.1,227363155.8,200000,0.4,0.4,,
1668,ROOBEE_USDT,ROOBEE,ROOBEE,USDT,Tether,0.2,1,3,5000000,0,7,tradable,1605672000,1605758400,normal,https://www.gate.com/trade/ROOBEE_USDT,False,0.1,1373626373.63,200000,0.4,0.4,,
1669,BSV_USDT,BSV,BitcoinSV,USDT,Tether,0.2,0.001,3,5000000,3,2,tradable,0,1611903600,normal,https://www.gate.com/trade/BSV_USDT,False,0.08,16420.36,300000,0.35,0.35,,
1670,CELR_USDT,CELR,Celer,USDT,Tether,0.2,0.1,3,5000000,1,6,tradable,0,1553486400,normal,https://www.gate.com/trade/CELR_USDT,False,0.1,54495912.81,200000,0.35,0.35,,
1671,GUA_USDT,GUA,SUPERFORTUNE,USDT,Tether,0.2,1,3,5000000,0,5,tradable,1577808000,1764331200,normal,https://www.gate.com/trade/GUA_USDT,False,0.1,3708511.03,500000,0.35,0.35,,
1672,ILV_USDT,ILV,Illuvium,USDT,Tether,0.2,0.001,3,5000000,3,3,tradable,1607313600,1619164800,normal,https://www.gate.com/trade/ILV_USDT,False,0.1,50242.84,300000,0.35,0.35,,
1673,KCAL_USDT,KCAL,KCAL,USDT,Tether,0.2,1,3,5000000,0,7,tradable,1607313600,1673604000,normal,https://www.gate.com/trade/KCAL_USDT,False,0.1,128090175.48,100000,0.4,0.4,,
1674,ALMANAK_USDT,ALMANAK,Almanak,USDT,Tether,0.2,1,3,5000000,0,6,tradable,1577808000,1765454400,normal,https://www.gate.com/trade/ALMANAK_USDT,False,0.1,27917364.6,500000,0.4,0.4,,
1675,SANTOS_USDT,SANTOS,Santos FC Fan Token,USDT,Tether,0.2,0.1,3,5000000,1,4,tradable,1607313600,1650531600,normal,https://www.gate.com/trade/SANTOS_USDT,False,0.1,195420.64,300000,0.35,0.35,,
1676,AOG_USDT,AOG,AgeOfGods,USDT,Tether,0.2,0.1,3,5000000,1,7,tradable,1607313600,1643184000,normal,https://www.gate.com/trade/AOG_USDT,False,0.1,202891199.59,200000,0.4,0.4,,
1677,DKA_USDT,DKA,dKargo,USDT,Tether,0.2,0.01,3,5000000,2,6,tradable,1596774900,1596774900,normal,https://www.gate.com/trade/DKA_USDT,False,0.1,34605069.64,200000,0.6,0.6,,
1678,XAUT3L_USDT,XAUT3L,XAUT3xLong,USDT,Tether,0.2,0.01,3,5000000,2,5,tradable,1577808000,1767855600,normal,https://www.gate.com/trade/XAUT3L_USDT,False,0.1,97869.38,100000,0.6,0.6,,
1679,SCRT_USDT,SCRT,Secret,USDT,Tether,0.2,1,3,5000000,0,5,tradable,0,1619084400,normal,https://www.gate.com/trade/SCRT_USDT,False,0.1,2711251.69,300000,0.35,0.35,,
1680,SEI3S_USDT,SEI3S,SEI3xShort,USDT,Tether,0.2,0.01,3,5000000,2,4,tradable,1582704000,1753259400,normal,https://www.gate.com/trade/SEI3S_USDT,False,0.1,138023.05,300000,0.6,0.6,,
1681,SWTCH_USDT,SWTCH,Switchboard,USDT,Tether,0.2,1,3,5000000,0,6,tradable,1577808000,1757422800,normal,https://www.gate.com/trade/SWTCH_USDT,False,0.1,8288437.63,300000,0.4,0.4,,
1682,ALU_USDT,ALU,Altura,USDT,Tether,0.2,1,3,5000000,0,6,tradable,1608782400,1635854400,normal,https://www.gate.com/trade/ALU_USDT,False,0.1,23128071.7,200000,0.4,0.4,,
1683,PUSH_USDT,PUSH,PUSH,USDT,Tether,0.2,1,3,5000000,0,6,tradable,1607313600,1630317600,normal,https://www.gate.com/trade/PUSH_USDT,False,0.1,13427324.61,200000,0.4,0.4,,
1684,BSV5S_USDT,BSV5S,BSV5xShort,USDT,Tether,0.2,0.01,3,5000000,2,5,tradable,1582704000,1747386000,normal,https://www.gate.com/trade/BSV5S_USDT,False,0.1,463768.12,200000,0.6,0.6,,
1685,GF_USDT,GF,GoldFinger,USDT,Tether,0.2,1,3,5000000,0,7,tradable,0,1772798400,normal,https://www.gate.com/trade/GF_USDT,False,0.05,0,0,0.3,0.3,,
1686,PI_USDT,PI,Pi Network,USDT,Tether,0.2,0.01,3,5000000,2,5,tradable,1574310900,1740038400,normal,https://www.gate.com/trade/PI_USDT,False,0.05,4945965.33,1000000,0.3,0.3,,
1687,HBAR_USDT,HBAR,Hedera,USDT,Tether,0.2,0.01,3,5000000,2,5,tradable,1581683700,1581683700,normal,https://www.gate.com/trade/HBAR_USDT,False,0.04,8943343.92,1000000,0.15,0.15,,
1688,ULTI_USDT,ULTI,Ultiverse,USDT,Tether,0.2,1,3,5000000,0,8,tradable,1607313600,1717668000,normal,https://www.gate.com/trade/ULTI_USDT,False,0.1,561167227.83,200000,0.4,0.4,,
1689,A2Z_USDT,A2Z,Arena-Z,USDT,Tether,0.2,1,3,5000000,0,8,tradable,1577808000,1753855200,normal,https://www.gate.com/trade/A2Z_USDT,False,0.1,220022002.2,300000,0.4,0.4,,
1690,BSV3S_USDT,BSV3S,BSV3xShort,USDT,Tether,0.2,0.01,3,5000000,2,6,tradable,1582790400,1582790400,normal,https://www.gate.com/trade/BSV3S_USDT,False,0.1,14933731.57,200000,0.6,0.6,,
1691,HYPER_USDT,HYPER,Hyperlane,USDT,Tether,0.2,1,3,5000000,0,5,tradable,1577808000,1745326800,normal,https://www.gate.com/trade/HYPER_USDT,False,0.08,3762368.79,500000,0.3,0.3,,
1692,HYPE3L_USDT,HYPE3L,HYPE3xLong,USDT,Tether,0.2,0.01,3,5000000,2,5,tradable,1577808000,1747972800,normal,https://www.gate.com/trade/HYPE3L_USDT,False,0.1,5365286.6,300000,0.6,0.6,,
1693,WIN_USDT,WIN,WINkLink,USDT,Tether,0.2,1,3,5000000,0,8,tradable,1571286900,1571286900,normal,https://www.gate.com/trade/WIN_USDT,False,0.08,9657170449.06,300000,0.3,0.3,,
1694,NVDAON_USDT,NVDAON,NVIDIA Ondo Tokenized,USDT,Tether,0.2,0.001,3,5000000,3,2,tradable,1577808000,1756906200,normal,https://www.gate.com/trade/NVDAON_USDT,False,0.05,2808.52,500000,0.15,0.15,,
1695,FTT_ETH,FTT,FTX Token,ETH,Ethereum,0.2,0.01,0.001,1000,2,7,tradable,1607313600,1620381600,normal,https://www.gate.com/trade/FTT_ETH,False,0.1,555092.98,100,0.6,0.6,,
1696,GME_USDT,GME,GameStop,USDT,Tether,0.2,0.01,3,5000000,2,7,tradable,1596702900,1715698800,normal,https://www.gate.com/trade/GME_USDT,False,0.1,329760923.33,200000,0.4,0.4,,
1697,STT_USDT,STT,Statter Network,USDT,Tether,0.2,1,3,5000000,0,6,tradable,1598013300,1711958400,normal,https://www.gate.com/trade/STT_USDT,False,0.1,25292443.88,200000,0.4,0.4,,
1698,REP_USDT,REP,Augur,USDT,Tether,0.2,0.01,3,5000000,2,4,tradable,1603168200,1607068800,normal,https://www.gate.com/trade/REP_USDT,False,0.1,243991.7,200000,0.4,0.4,,
1699,SBR_USDT,SBR,Saber,USDT,Tether,0.2,0.1,3,5000000,1,7,tradable,1596702900,1631253600,normal,https://www.gate.com/trade/SBR_USDT,False,0.1,219154065.31,200000,0.4,0.4,,
1700,HERO_USDT,HERO,Metahero,USDT,Tether,0.2,0.1,3,5000000,1,7,tradable,1608782400,1626501600,normal,https://www.gate.com/trade/HERO_USDT,False,0.1,278164117,200000,0.4,0.4,,
1701,QUBIC_USDT,QUBIC,QUBIC,USDT,Tether,0.2,0.1,3,5000000,1,10,tradable,0,1715245200,normal,https://www.gate.com/trade/QUBIC_USDT,False,0.08,496072757337.74,300000,0.35,0.35,,
1702,SUSD_USDT,SUSD,sUSD,USDT,Tether,0.2,0.01,3,5000000,2,4,tradable,1607313600,1619416800,normal,https://www.gate.com/trade/SUSD_USDT,False,0.1,230441,200000,0.6,0.6,,
1703,TRUMP5S_USDT,TRUMP5S,TRUMP5xShort,USDT,Tether,0.2,0.01,3,5000000,2,4,tradable,1577808000,1762158600,normal,https://www.gate.com/trade/TRUMP5S_USDT,False,0.08,101385.6,300000,0.6,0.6,,
1704,PROPC_USDT,PROPC,Propchain,USDT,Tether,0.2,1,3,5000000,0,5,tradable,1577808000,1734598800,normal,https://www.gate.com/trade/PROPC_USDT,False,0.1,977517.11,200000,0.4,0.4,,
1705,US303S_USDT,US303S,US303xShort,USDT,Tether,0.2,0.01,3,5000000,2,5,tradable,1577808000,1769742000,normal,https://www.gate.com/trade/US303S_USDT,False,0.1,0,0,0.6,0.6,,
1706,SWCH_USDT,SWCH,SwissCheese,USDT,Tether,0.2,1,3,5000000,0,5,tradable,1596702900,1713351600,normal,https://www.gate.com/trade/SWCH_USDT,False,0.1,1527417.14,200000,0.4,0.4,,
1707,ICP3L_USDT,ICP3L,ICP3xLong,USDT,Tether,0.2,0.01,3,5000000,2,5,tradable,1582704000,1756456200,normal,https://www.gate.com/trade/ICP3L_USDT,False,0.1,2511511.09,300000,0.6,0.6,,
1708,CRCLON_USDT,CRCLON,Circle Internet Group Ondo Tokenized,USDT,Tether,0.2,0.001,3,5000000,3,2,tradable,1577808000,1756899000,normal,https://www.gate.com/trade/CRCLON_USDT,False,0.08,6030.27,500000,0.15,0.15,,
1709,BSV3L_USDT,BSV3L,BSV3xLong,USDT,Tether,0.2,0.01,3,5000000,2,6,tradable,1582790400,1582790400,normal,https://www.gate.com/trade/BSV3L_USDT,False,0.1,24573043.37,200000,0.6,0.6,,
1710,ETHFI_USDT,ETHFI,Ether.Fi,USDT,Tether,0.2,0.01,3,5000000,2,4,tradable,1607313600,1710763200,normal,https://www.gate.com/trade/ETHFI_USDT,False,0.05,1301490.21,1000000,0.2,0.2,,
1711,CLOUD_USDT,CLOUD,Sanctum,USDT,Tether,0.2,0.01,3,5000000,2,5,tradable,1596702900,1721316600,normal,https://www.gate.com/trade/CLOUD_USDT,False,0.1,3658759.68,300000,0.35,0.35,,
1712,ETHFI_USDC,ETHFI,Ether.Fi,USDC,USDCoin,0.2,0.01,1,5000000,2,4,tradable,1607313600,1710763200,normal,https://www.gate.com/trade/ETHFI_USDC,False,0.08,390421.66,300000,0.35,0.35,,
1713,CRCL3L_USDT,CRCL3L,CRCL3xLong,USDT,Tether,0.2,0.01,3,5000000,2,4,tradable,1577808000,1769427000,normal,https://www.gate.com/trade/CRCL3L_USDT,False,0.1,0,0,0.6,0.6,,
1714,RDNT_USDT,RDNT,Radiant,USDT,Tether,0.2,1,3,5000000,0,6,tradable,1607313600,1676379600,normal,https://www.gate.com/trade/RDNT_USDT,False,0.08,32304958.81,300000,0.35,0.35,,
1715,NXPC_USDT,NXPC,NEXPACE,USDT,Tether,0.2,0.01,3,5000000,2,4,tradable,1577808000,1747288800,normal,https://www.gate.com/trade/NXPC_USDT,False,0.08,774493.35,300000,0.3,0.3,,
1716,BNC_USDT,BNC,Bifrost,USDT,Tether,0.2,0.01,3,5000000,2,5,tradable,1602561600,1634821200,normal,https://www.gate.com/trade/BNC_USDT,False,0.1,2176752.29,200000,0.4,0.4,,
1717,NERO_USDT,NERO,NERO Chain,USDT,Tether,0.2,1,3,5000000,0,6,tradable,1577808000,1753686000,normal,https://www.gate.com/trade/NERO_USDT,False,0.1,44179368.24,100000,0.4,0.4,,
1718,LIKE_ETH,LIKE,Only1,ETH,Ethereum,0.2,0.001,0.001,1000,3,10,tradable,1596702900,1628042400,normal,https://www.gate.com/trade/LIKE_ETH,False,0.1,43402778,66.66666666,0.6,0.6,,
1719,XPT3L_USDT,XPT3L,XPT3xLong,USDT,Tether,0.2,0.01,3,5000000,2,5,tradable,1577808000,1769688000,normal,https://www.gate.com/trade/XPT3L_USDT,False,0.1,0,0,0.6,0.6,,
1720,AVA_USDT,AVA,AVA,USDT,Tether,0.2,0.01,3,5000000,2,4,tradable,1599105600,1599120000,normal,https://www.gate.com/trade/AVA_USDT,False,0.1,1082055.91,300000,0.35,0.35,,
1721,SAUBER_USDT,SAUBER,Alfa Romeo Racing ORLEN Fan Token,USDT,Tether,0.2,0.01,3,5000000,2,4,tradable,1608782400,1661508000,normal,https://www.gate.com/trade/SAUBER_USDT,False,0.1,1831501.83,200000,0.4,0.4,,
1722,DYDX3S_USDT,DYDX3S,DYDX3xShort,USDT,Tether,0.2,0.01,3,5000000,2,4,tradable,1582704000,1755246600,normal,https://www.gate.com/trade/DYDX3S_USDT,False,0.1,65088.28,200000,0.6,0.6,,
1723,CMCSAX_USDT,CMCSAX,Comcast xStock,USDT,Tether,0.2,0.001,3,5000000,3,2,tradable,1577808000,1753797600,normal,https://www.gate.com/trade/CMCSAX_USDT,False,0.1,9980,300000,0.15,0.15,,
1724,ICP3S_USDT,ICP3S,ICP3xShort,USDT,Tether,0.2,0.01,3,5000000,2,6,tradable,1582704000,1630209600,normal,https://www.gate.com/trade/ICP3S_USDT,False,0.1,19127163.76,300000,0.6,0.6,,
1725,CRO3S_USDT,CRO3S,CRO3xShort,USDT,Tether,0.2,0.01,3,5000000,2,5,tradable,1582704000,1756456200,normal,https://www.gate.com/trade/CRO3S_USDT,False,0.1,237046.87,200000,0.6,0.6,,
1726,DEFI_USDT,DEFI,De.Fi,USDT,Tether,0.2,1,3,5000000,0,7,tradable,1607313600,1706695200,normal,https://www.gate.com/trade/DEFI_USDT,True,0.1,291736561.88,200000,0.4,0.4,1776826800.0,
1727,FTT_USDT,FTT,FTX Token,USDT,Tether,0.2,0.01,3,5000000,2,4,tradable,1607313600,1620381600,normal,https://www.gate.com/trade/FTT_USDT,False,0.1,568235.63,300000,0.4,0.4,,
1728,PORTAL_USDT,PORTAL,Portal,USDT,Tether,0.2,0.01,3,5000000,2,6,tradable,1607313600,1709200800,normal,https://www.gate.com/trade/PORTAL_USDT,False,0.08,13009258.26,300000,0.35,0.35,,
1729,TRUMP5L_USDT,TRUMP5L,TRUMP5xLong,USDT,Tether,0.2,0.01,3,5000000,2,5,tradable,1577808000,1770883200,normal,https://www.gate.com/trade/TRUMP5L_USDT,False,0.08,51094268.93,300000,0.6,0.6,,
1730,MERL_USDT,MERL,Merlin Chain,USDT,Tether,0.2,0.01,3,5000000,2,5,tradable,1609434000,1713520800,normal,https://www.gate.com/trade/MERL_USDT,False,0.05,2500969.13,1000000,0.35,0.35,,
1731,ZEX_USDT,ZEX,Zeta Markets,USDT,Tether,0.2,0.01,3,5000000,2,5,tradable,1609434000,1719482400,normal,https://www.gate.com/trade/ZEX_USDT,False,0.1,4008819.4,300000,0.4,0.4,,
1732,USDP_USDT,USDP,Paxos,USDT,Tether,0.1,0.01,3,5000000,2,4,tradable,0,1538023200,normal,https://www.gate.com/trade/USDP_USDT,False,0.03,1000000,1000000,0.08,0.08,,
1733,CRCL3S_USDT,CRCL3S,CRCL3xShort,USDT,Tether,0.2,0.01,3,5000000,2,5,tradable,1577808000,1769427000,normal,https://www.gate.com/trade/CRCL3S_USDT,False,0.1,0,0,0.6,0.6,,
1734,RATS_USDT,RATS,RATS,USDT,Tether,0.2,1,3,5000000,0,8,tradable,1607313600,1700035200,normal,https://www.gate.com/trade/RATS_USDT,False,0.08,7351139426.61,300000,0.35,0.35,,
1735,GUSD_USDT,GUSD,GUSD,USDT,Tether,0.2,1,3,5000000,1,4,tradable,1577808000,1756353330,normal,https://www.gate.com/trade/GUSD_USDT,False,0.03,1000000,1000000,0.08,0.08,,5000000
1736,INIT_USDT,INIT,Initia,USDT,Tether,0.2,1,3,5000000,0,5,tradable,1577808000,1745492400,normal,https://www.gate.com/trade/INIT_USDT,False,0.08,3541912.63,300000,0.3,0.3,,
1737,TIMECHRONO_USDT,TIMECHRONO,Chrono. tech,USDT,Tether,0.2,0.01,3,5000000,2,3,tradable,1607313600,1646384400,normal,https://www.gate.com/trade/TIMECHRONO_USDT,False,0.1,30878.49,200000,0.4,0.4,,
1738,ZEC3L_USDT,ZEC3L,ZEC3xLong,USDT,Tether,0.2,0.01,3,5000000,2,5,tradable,1603252800,1765436400,normal,https://www.gate.com/trade/ZEC3L_USDT,False,0.1,395660.92,300000,0.6,0.6,,
1739,HIPPO_USDT,HIPPO,sudeng,USDT,Tether,0.2,0.1,3,5000000,1,7,tradable,1520614800,1728129600,normal,https://www.gate.com/trade/HIPPO_USDT,False,0.1,293556436.22,300000,0.4,0.4,,
1740,TON5L_USDT,TON5L,TON5xLong,USDT,Tether,0.2,0.01,3,5000000,2,6,tradable,1577808000,1760522400,normal,https://www.gate.com/trade/TON5L_USDT,False,0.1,6713662.3,300000,0.6,0.6,,
1741,FLY_USDT,FLY,Fly.trade,USDT,Tether,0.2,0.01,3,5000000,2,5,tradable,1607313600,1749214800,normal,https://www.gate.com/trade/FLY_USDT,False,0.1,7464079.12,200000,0.6,0.6,,
1742,REKTCOIN_USDT,REKTCOIN,Rekt,USDT,Tether,0.2,1,3,5000000,0,10,tradable,1577808000,1732269600,normal,https://www.gate.com/trade/REKTCOIN_USDT,False,0.1,661222600588.49,200000,0.35,0.35,,
1743,SAFE_USDT,SAFE,Safe,USDT,Tether,0.2,1,3,5000000,0,5,tradable,1607313600,1713853800,normal,https://www.gate.com/trade/SAFE_USDT,False,0.06,3803727.65,500000,0.3,0.3,,
1744,OSMO_USDT,OSMO,Osmosis,USDT,Tether,0.2,1,3,5000000,0,5,tradable,0,1667102400,normal,https://www.gate.com/trade/OSMO_USDT,False,0.1,5378753.92,300000,0.35,0.35,,
1745,PEOPLE_USDT,PEOPLE,ConstitutionDAO,USDT,Tether,0.2,1,3,5000000,0,6,tradable,1607313600,1638007200,normal,https://www.gate.com/trade/PEOPLE_USDT,False,0.08,33602150.54,300000,0.3,0.3,,
1746,PENGUIN_USDT,PENGUIN,Nietzschean Penguin,USDT,Tether,0.2,1,3,5000000,0,6,tradable,1577808000,1769256000,normal,https://www.gate.com/trade/PENGUIN_USDT,False,0.1,0,0,0.4,0.4,,
1747,PROS_USDT,PROS,Prosper,USDT,Tether,0.2,0.01,3,5000000,2,5,tradable,1607313600,1631876400,normal,https://www.gate.com/trade/PROS_USDT,False,0.1,5070351.12,200000,0.4,0.4,,
1748,PEOPLE_USDC,PEOPLE,ConstitutionDAO,USDC,USDCoin,0.2,0.1,1,5000000,1,6,tradable,1607313600,1638007200,normal,https://www.gate.com/trade/PEOPLE_USDC,False,0.1,22386389.08,200000,0.4,0.4,,
1749,PLIAN_USDT,PLIAN,Plian,USDT,Tether,0.2,1,3,5000000,0,8,tradable,1577808000,1739516400,normal,https://www.gate.com/trade/PLIAN_USDT,False,0.1,2740664611.17,200000,0.4,0.4,,
1750,MVRK_USDT,MVRK,Mavryk Network,USDT,Tether,0.2,0.1,3,5000000,1,5,tradable,1577808000,1758200400,normal,https://www.gate.com/trade/MVRK_USDT,False,0.1,9396288.47,200000,0.4,0.4,,
1751,TON5S_USDT,TON5S,TON5xShort,USDT,Tether,0.2,0.01,3,5000000,2,6,tradable,1577808000,1745566200,normal,https://www.gate.com/trade/TON5S_USDT,False,0.1,22119815.67,300000,0.6,0.6,,
1752,ZEC3S_USDT,ZEC3S,ZEC3xShort,USDT,Tether,0.2,0.01,3,5000000,2,5,tradable,1603252800,1765436400,normal,https://www.gate.com/trade/ZEC3S_USDT,False,0.1,276046.1,300000,0.6,0.6,,
1753,JTO_USDC,JTO,Jito,USDC,USDCoin,0.2,0.01,1,5000000,2,4,tradable,1596702900,1701966600,normal,https://www.gate.com/trade/JTO_USDC,False,0.1,838926.17,300000,0.4,0.4,,
1754,RFUEL_USDT,RFUEL,Rio DeFi,USDT,Tether,0.2,0.1,3,5000000,1,7,tradable,1601211600,1601298000,normal,https://www.gate.com/trade/RFUEL_USDT,False,0.1,239721923,200000,0.4,0.4,,
1755,RVN_USDT,RVN,Ravencoin,USDT,Tether,0.2,0.1,3,5000000,1,6,tradable,1585110900,1585110900,normal,https://www.gate.com/trade/RVN_USDT,False,0.1,41684035.01,300000,0.35,0.35,,
1756,DEVVE_USDT,DEVVE,DevvE,USDT,Tether,0.2,1,3,5000000,0,5,tradable,1607313600,1707307200,normal,https://www.gate.com/trade/DEVVE_USDT,False,0.1,769971.13,200000,0.4,0.4,,
1757,JTO_USDT,JTO,Jito,USDT,Tether,0.2,0.01,3,5000000,2,4,tradable,1596702900,1701966600,normal,https://www.gate.com/trade/JTO_USDT,False,0.06,1398992.73,500000,0.25,0.25,,
1758,ARW_USDT,ARW,Arowana,USDT,Tether,0.2,0.01,3,5000000,2,5,tradable,1577808000,1751454000,normal,https://www.gate.com/trade/ARW_USDT,False,0.1,2663825.25,300000,0.4,0.4,,
1759,LVLY_USDT,LVLY,Lyvely,USDT,Tether,0.2,1,3,5000000,0,6,tradable,1607313600,1728554400,normal,https://www.gate.com/trade/LVLY_USDT,False,0.1,10666666.67,200000,0.35,0.35,,
1760,EDGE_USDT,EDGE,Definitive,USDT,Tether,0.2,0.01,3,5000000,2,5,tradable,1577808000,1743602400,normal,https://www.gate.com/trade/EDGE_USDT,False,0.1,2254706.7,300000,0.35,0.35,,
1761,JFI_USDT,JFI,JackPool,USDT,Tether,0.2,0.01,3,5000000,2,3,tradable,1598945400,1599118200,normal,https://www.gate.com/trade/JFI_USDT,False,0.1,45444,100000,0.4,0.4,,
1762,ING_USDT,ING,Infinity Games,USDT,Tether,0.2,0.1,3,5000000,1,9,tradable,1607313600,1669370400,normal,https://www.gate.com/trade/ING_USDT,False,0.1,69420340159.67,200000,0.4,0.4,,
1763,VR_USDT,VR,Victoria VR,USDT,Tether,0.2,0.1,3,5000000,1,6,tradable,1607313600,1643083200,normal,https://www.gate.com/trade/VR_USDT,False,0.1,47641734.16,200000,0.4,0.4,,
1764,MEME_USDT,MEME,Memecoin,USDT,Tether,0.2,1,3,5000000,0,7,tradable,1607313600,1698998400,normal,https://www.gate.com/trade/MEME_USDT,False,0.1,305966343.7,300000,0.3,0.3,,
1765,DOME_USDT,DOME,Humain Web3,USDT,Tether,0.2,1,3,5000000,0,9,tradable,1607313600,1646478000,normal,https://www.gate.com/trade/DOME_USDT,False,0.1,46598322460.39,200000,0.4,0.4,,
1766,CYRUS_USDT,CYRUS,Cyrus,USDT,Tether,0.2,1,3,5000000,0,8,tradable,1577808000,1729591200,normal,https://www.gate.com/trade/CYRUS_USDT,False,0.1,4576135454,200000,0.4,0.4,,
1767,QQQON_USDT,QQQON,Invesco QQQ Ondo Tokenized,USDT,Tether,0.2,0.001,3,5000000,3,2,tradable,1577808000,1756909800,normal,https://www.gate.com/trade/QQQON_USDT,False,0.05,813.11,500000,0.15,0.15,,
1768,IRIS_USDT,IRIS,IRISnet,USDT,Tether,0.2,0.01,3,5000000,2,7,tradable,1597312800,1597320000,normal,https://www.gate.com/trade/IRIS_USDT,False,0.1,339702760.08,200000,0.4,0.4,,
1769,KUB_USDT,KUB,KUB Coin,USDT,Tether,0.2,0.01,3,5000000,2,4,tradable,1607313600,1640664000,normal,https://www.gate.com/trade/KUB_USDT,False,0.1,160739.4,200000,0.4,0.4,,
1770,SFUND_USDT,SFUND,Seedify.fund (SFUND),USDT,Tether,0.2,1,3,5000000,0,5,tradable,1608782400,1634032800,normal,https://www.gate.com/trade/SFUND_USDT,False,0.1,1899966.75,200000,0.4,0.4,,
1771,SPX_USDT,SPX,SPX6900,USDT,Tether,0.2,0.01,3,5000000,2,4,tradable,0,1733659200,normal,https://www.gate.com/trade/SPX_USDT,False,0.06,964599.21,500000,0.35,0.35,,
1772,PVP_USDT,PVP,PVPFun,USDT,Tether,0.2,0.1,3,5000000,1,4,tradable,1577808000,1767013200,normal,https://www.gate.com/trade/PVP_USDT,False,0.1,0,0,0.4,0.4,,
1773,TRCL_USDT,TRCL,Treecle,USDT,Tether,0.2,1,3,5000000,0,7,tradable,1607313600,1682575200,normal,https://www.gate.com/trade/TRCL_USDT,False,0.1,244753105.31,200000,0.4,0.4,,
1774,QQQ3L_USDT,QQQ3L,QQQ3xLong,USDT,Tether,0.2,0.01,3,5000000,2,5,tradable,1577808000,1769427000,normal,https://www.gate.com/trade/QQQ3L_USDT,False,0.1,0,0,0.6,0.6,,
1775,RFRM_USDT,RFRM,Reform DAO,USDT,Tether,0.2,1,3,5000000,0,6,tradable,1607313600,1724940000,normal,https://www.gate.com/trade/RFRM_USDT,False,0.1,24732578.99,200000,0.4,0.4,,
1776,MGKL_USDT,MGKL,Magikal.AI,USDT,Tether,0.2,1,3,5000000,0,11,tradable,1608782400,1680012000,normal,https://www.gate.com/trade/MGKL_USDT,False,0.1,1919017463058.91,100000,0.4,0.4,,
1777,TRU_ETH,TRU,Archblock,ETH,Ethereum,0.2,0.001,0.001,1000,3,9,tradable,1606039200,1606111200,normal,https://www.gate.com/trade/TRU_ETH,False,0.1,21429336.76,66.66666667,0.6,0.6,,
1778,THL_USDT,THL,Thala,USDT,Tether,0.2,1,3,5000000,0,6,tradable,1597636800,1703487600,normal,https://www.gate.com/trade/THL_USDT,False,0.1,6310143.56,200000,0.4,0.4,,
1779,XTTA_USDT,XTTA,TrendX,USDT,Tether,0.2,0.01,3,5000000,2,5,tradable,1577808000,1737892800,normal,https://www.gate.com/trade/XTTA_USDT,False,0.1,1257255.41,300000,0.4,0.4,,
1780,ACP_USDT,ACP,Arena of Faith,USDT,Tether,0.2,1,3,5000000,0,7,tradable,1577808000,1737453600,normal,https://www.gate.com/trade/ACP_USDT,False,0.1,91816825.43,200000,0.4,0.4,,
1781,SKX_USDT,SKX,SKPANAX,USDT,Tether,0.2,1,3,5000000,0,5,tradable,1577808000,1758276000,normal,https://www.gate.com/trade/SKX_USDT,False,0.1,894254.42,200000,0.4,0.4,,
1782,BR_USDT,BR,Bedrock,USDT,Tether,0.2,0.01,3,5000000,2,5,tradable,1577808000,1742475600,normal,https://www.gate.com/trade/BR_USDT,False,0.1,4420540.78,300000,0.4,0.4,,
1783,AZNX_USDT,AZNX,AstraZeneca xStock,USDT,Tether,0.2,0.001,3,5000000,3,2,tradable,1577808000,1753884000,normal,https://www.gate.com/trade/AZNX_USDT,False,0.1,3281.74,300000,0.4,0.4,,
1784,ALLO_USDT,ALLO,Allora,USDT,Tether,0.2,1,3,5000000,0,5,tradable,1577808000,1762866000,normal,https://www.gate.com/trade/ALLO_USDT,False,0.08,4657661.85,500000,0.4,0.4,,
1785,ONDO3S_USDT,ONDO3S,ONDO3xShort,USDT,Tether,0.2,0.01,3,5000000,2,6,tradable,1577808000,1740016800,normal,https://www.gate.com/trade/ONDO3S_USDT,False,0.1,11553125.12,300000,0.6,0.6,,
1786,ROSE_USDT,ROSE,Oasis Network,USDT,Tether,0.2,1,3,5000000,0,6,tradable,1606190400,1606212000,normal,https://www.gate.com/trade/ROSE_USDT,False,0.1,26143790.85,300000,0.3,0.3,,
1787,QQQ3S_USDT,QQQ3S,QQQ3xShort,USDT,Tether,0.2,0.01,3,5000000,2,5,tradable,1577808000,1769427000,normal,https://www.gate.com/trade/QQQ3S_USDT,False,0.1,0,0,0.6,0.6,,
1788,VTHO_USDT,VTHO,VeThor,USDT,Tether,0.2,1,3,5000000,0,7,tradable,0,1551153600,normal,https://www.gate.com/trade/VTHO_USDT,False,0.1,360837142.17,300000,0.35,0.35,,
1789,OBI_USDT,OBI,Orbofi,USDT,Tether,0.2,0.1,3,5000000,1,7,tradable,1607313600,1685361600,normal,https://www.gate.com/trade/OBI_USDT,False,0.1,420388859.7,200000,0.4,0.4,,
1790,AWS_USDT,AWS,Agentwood,USDT,Tether,0.2,0.01,3,5000000,2,7,tradable,1577808000,1741179600,normal,https://www.gate.com/trade/AWS_USDT,False,0.1,650406504.07,200000,0.4,0.4,,
1791,LYP_USDT,LYP,Lympid,USDT,Tether,0.2,1,3,5000000,0,6,tradable,1577808000,1737720000,normal,https://www.gate.com/trade/LYP_USDT,False,0.1,25131942.7,200000,0.4,0.4,,
1792,DBC_USDT,DBC,DeepBrain,USDT,Tether,0.2,0.1,3,5000000,1,7,tradable,0,0,normal,https://www.gate.com/trade/DBC_USDT,False,0.1,1194743130.23,200000,0.4,0.4,,
1793,WZRD_USDT,WZRD,Wizardia,USDT,Tether,0.2,0.1,3,5000000,1,7,tradable,1607313600,1648123200,normal,https://www.gate.com/trade/WZRD_USDT,False,0.1,757002271.01,200000,0.4,0.4,,
1794,SIDUS_USDT,SIDUS,Sidus,USDT,Tether,0.2,1,3,5000000,0,8,tradable,1607313600,1639581300,normal,https://www.gate.com/trade/SIDUS_USDT,False,0.1,2028294711.22,200000,0.4,0.4,,
1795,MA_USDT,MA,Mind AI,USDT,Tether,0.2,0.1,3,5000000,1,7,tradable,1577808000,1740056400,normal,https://www.gate.com/trade/MA_USDT,False,0.1,546149645,200000,0.4,0.4,,
1796,AVAAI_USDT,AVAAI,AVA,USDT,Tether,0.2,1,3,5000000,0,6,tradable,0,1733148000,normal,https://www.gate.com/trade/AVAAI_USDT,False,0.08,45819014.89,500000,0.35,0.35,,
1797,AVAX3S_USDT,AVAX3S,AVAX3xShort,USDT,Tether,0.2,0.01,3,5000000,2,5,tradable,1582704000,1753259400,normal,https://www.gate.com/trade/AVAX3S_USDT,False,0.1,1154867.77,500000,0.6,0.6,,
1798,C98_USDT,C98,Coin98,USDT,Tether,0.2,0.01,3,5000000,2,5,tradable,1607313600,1627043400,normal,https://www.gate.com/trade/C98_USDT,False,0.08,12586532.41,300000,0.35,0.35,,
1799,TAO3L_USDT,TAO3L,TAO3xLong,USDT,Tether,0.2,0.01,3,5000000,2,5,tradable,1577808000,1774594800,normal,https://www.gate.com/trade/TAO3L_USDT,False,0.1,0,0,0.6,0.6,,
1800,我踏马来了3S_USDT,我踏马来了3S,我踏马来了3xShort,USDT,Tether,0.2,0.01,3,5000000,2,8,tradable,1577808000,1768374000,normal,https://www.gate.com/trade/我踏马来了3S_USDT,False,0.1,0,0,0.6,0.6,,
1801,GATA_USDT,GATA,Gata,USDT,Tether,0.2,1,3,5000000,0,6,tradable,1577808000,1756987200,normal,https://www.gate.com/trade/GATA_USDT,False,0.1,34068648.33,200000,0.4,0.4,,
1802,BGSC_USDT,BGSC,BugsCoin,USDT,Tether,0.2,1,3,5000000,0,7,tradable,1577808000,1733655600,normal,https://www.gate.com/trade/BGSC_USDT,False,0.1,203183203.52,300000,0.35,0.35,,
1803,IVPAY_USDT,IVPAY,ivendPay,USDT,Tether,0.2,0.01,3,5000000,2,7,tradable,1607313600,1710158400,normal,https://www.gate.com/trade/IVPAY_USDT,False,0.1,157313092.38,200000,0.4,0.4,,
1804,SAPIEN_USDT,SAPIEN,Sapien,USDT,Tether,0.2,1,3,5000000,0,5,tradable,1577808000,1756807200,normal,https://www.gate.com/trade/SAPIEN_USDT,False,0.08,3654436.49,500000,0.3,0.3,,
1805,DMC_USDT,DMC,DeLorean,USDT,Tether,0.2,1,3,5000000,0,7,tradable,1597636800,1750762800,normal,https://www.gate.com/trade/DMC_USDT,False,0.1,232648313.3,300000,0.4,0.4,,
1806,GAME2_USDT,GAME2,GameBuild,USDT,Tether,0.2,0.1,3,5000000,1,6,tradable,1607313600,1716012000,normal,https://www.gate.com/trade/GAME2_USDT,False,0.1,192246074.98,300000,0.4,0.4,,
1807,VSN_USDT,VSN,Vision,USDT,Tether,0.2,1,3,5000000,0,5,tradable,1577808000,1752667200,normal,https://www.gate.com/trade/VSN_USDT,False,0.05,11791062.37,1000000,0.3,0.3,,
1808,WILD_USDT,WILD,Wilder World,USDT,Tether,0.2,1,3,5000000,0,5,tradable,1607313600,1621396800,normal,https://www.gate.com/trade/WILD_USDT,False,0.1,4703115.81,200000,0.4,0.4,,
1809,SIGN_USDT,SIGN,Sign,USDT,Tether,0.2,0.01,3,5000000,2,5,tradable,1577808000,1745838000,normal,https://www.gate.com/trade/SIGN_USDT,False,0.1,10147133.43,300000,0.3,0.3,,
1810,我踏马来了3L_USDT,我踏马来了3L,我踏马来了3xLong,USDT,Tether,0.2,0.01,3,5000000,2,7,tradable,1577808000,1768374000,normal,https://www.gate.com/trade/我踏马来了3L_USDT,False,0.1,0,0,0.6,0.6,,
1811,XPT3S_USDT,XPT3S,XPT3xShort,USDT,Tether,0.2,0.01,3,5000000,2,3,tradable,1577808000,1769688000,normal,https://www.gate.com/trade/XPT3S_USDT,False,0.1,0,0,0.6,0.6,,
1812,CTA_USDT,CTA,Cross The Ages,USDT,Tether,0.2,1,3,5000000,0,6,tradable,1607313600,1715760000,normal,https://www.gate.com/trade/CTA_USDT,False,0.1,11412268.19,200000,0.4,0.4,,
1813,PYUSD_USDT,PYUSD,PayPal USD,USDT,Tether,0.2,0.01,3,5000000,2,4,tradable,0,1692698400,normal,https://www.gate.com/trade/PYUSD_USDT,False,0.05,1000000,1000000,0.08,0.08,,
1814,AART_USDT,AART,ALL.ART,USDT,Tether,0.2,0.1,3,5000000,1,8,tradable,1596702900,1640685600,normal,https://www.gate.com/trade/AART_USDT,False,0.1,8440599282.55,200000,0.4,0.4,,
1815,BEAT3S_USDT,BEAT3S,BEAT3xShort,USDT,Tether,0.2,0.01,3,5000000,2,7,tradable,1577808000,1768546800,normal,https://www.gate.com/trade/BEAT3S_USDT,False,0.1,0,0,0.6,0.6,,
1816,KFT_USDT,KFT,Knit Finance,USDT,Tether,0.2,1,3,5000000,0,7,tradable,1607313600,1630582200,normal,https://www.gate.com/trade/KFT_USDT,False,0.1,1054296257,200000,0.6,0.6,,
1817,AVAX3L_USDT,AVAX3L,AVAX3xLong,USDT,Tether,0.2,0.01,3,5000000,2,5,tradable,1582704000,1770883200,normal,https://www.gate.com/trade/AVAX3L_USDT,False,0.1,313381385.15,500000,0.6,0.6,,
1818,BLAST_USDT,BLAST,BLAST,USDT,Tether,0.2,1,3,5000000,0,7,tradable,1609434000,1719414000,normal,https://www.gate.com/trade/BLAST_USDT,False,0.08,415081286.75,300000,0.35,0.35,,
1819,TX_USDT,TX,TX,USDT,Tether,0.2,1,3,5000000,0,6,tradable,1577808000,1773324000,normal,https://www.gate.com/trade/TX_USDT,False,0.05,0,0,0.4,0.4,,
1820,OAS_USDT,OAS,Oasys,USDT,Tether,0.2,1,3,5000000,0,7,tradable,1607313600,1670841000,normal,https://www.gate.com/trade/OAS_USDT,False,0.1,107353730.54,200000,0.4,0.4,,
1821,BONK_USDT,BONK,Bonk,USDT,Tether,0.2,1,3,5000000,0,9,tradable,1596702900,1672808400,normal,https://www.gate.com/trade/BONK_USDT,False,0.06,119940029985.01,1000000,0.2,0.2,,
1822,SHPING_USDT,SHPING,Shping,USDT,Tether,0.2,0.1,3,5000000,1,6,tradable,1607313600,1661572800,normal,https://www.gate.com/trade/SHPING_USDT,False,0.1,77444336.88,200000,0.4,0.4,,
1823,TALENT_USDT,TALENT,Talent Protocol,USDT,Tether,0.2,1,3,5000000,0,7,tradable,1577808000,1730203200,normal,https://www.gate.com/trade/TALENT_USDT,False,0.1,82953131.48,200000,0.4,0.4,,
1824,RECT_USDT,RECT,ReflectionAI,USDT,Tether,0.2,1,3,5000000,0,7,tradable,1577808000,1729857600,normal,https://www.gate.com/trade/RECT_USDT,False,0.1,263123273.25,100000,0.4,0.4,,
1825,NVDA3S_USDT,NVDA3S,NVDA3xShort,USDT,Tether,0.2,0.01,3,5000000,2,5,tradable,1577808000,1769427000,normal,https://www.gate.com/trade/NVDA3S_USDT,False,0.1,0,0,0.6,0.6,,
1826,DOGS_USDT,DOGS,DOGS,USDT,Tether,0.2,0.1,3,5000000,1,8,tradable,1609434000,1724673600,normal,https://www.gate.com/trade/DOGS_USDT,False,0.08,7110689736.9,300000,0.35,0.35,,
1827,SPFC_USDT,SPFC,Sao Paulo FC Fan Token,USDT,Tether,0.2,0.01,3,5000000,2,5,tradable,1608782400,1663074000,normal,https://www.gate.com/trade/SPFC_USDT,False,0.1,6779661.02,200000,0.4,0.4,,
1828,ICX_USDT,ICX,ICON,USDT,Tether,0.2,0.01,3,5000000,2,5,tradable,0,0,normal,https://www.gate.com/trade/ICX_USDT,False,0.1,5558643.69,300000,0.35,0.35,,
1829,BEAT3L_USDT,BEAT3L,BEAT3xLong,USDT,Tether,0.2,0.01,3,5000000,2,5,tradable,1577808000,1768546800,normal,https://www.gate.com/trade/BEAT3L_USDT,False,0.1,0,0,0.6,0.6,,
1830,SDEX_USDT,SDEX,SmarDex,USDT,Tether,0.2,0.1,3,5000000,1,6,tradable,0,1694156400,normal,https://www.gate.com/trade/SDEX_USDT,False,0.1,36423238.03,200000,0.35,0.35,,
1831,RIZ_USDT,RIZ,Rivalz Network,USDT,Tether,0.2,1,3,5000000,0,7,tradable,1577808000,1740142800,normal,https://www.gate.com/trade/RIZ_USDT,False,0.1,245128079.42,200000,0.4,0.4,,
1832,SCARCITY_USDT,SCARCITY,SCARCITY,USDT,Tether,0.2,1,3,5000000,0,6,tradable,1577808000,1734174000,normal,https://www.gate.com/trade/SCARCITY_USDT,False,0.1,9394081.73,200000,0.4,0.4,,
1833,VADER_USDT,VADER,VaderAI by Virtuals,USDT,Tether,0.2,1,3,5000000,0,6,tradable,0,1736683200,normal,https://www.gate.com/trade/VADER_USDT,False,0.1,61900340.45,200000,0.4,0.4,,
1834,ALKIMI_USDT,ALKIMI,Alkimi,USDT,Tether,0.2,1,3,5000000,0,6,tradable,1577808000,1755684000,normal,https://www.gate.com/trade/ALKIMI_USDT,False,0.1,16930022.57,300000,0.4,0.4,,
1835,TANSSI_USDT,TANSSI,TANSSI,USDT,Tether,0.2,1,3,5000000,0,7,tradable,1577808000,1752058800,normal,https://www.gate.com/trade/TANSSI_USDT,False,0.1,23734177.22,300000,0.4,0.4,,
1836,CAGA_USDT,CAGA,Crypto Asset Governance Alliance,USDT,Tether,0.2,1,3,5000000,0,8,tradable,1607313600,1701248400,normal,https://www.gate.com/trade/CAGA_USDT,False,0.1,7462686567,200000,0.4,0.4,,
1837,REI_USDT,REI,REI Network,USDT,Tether,0.2,0.01,3,5000000,2,6,tradable,1596702900,1647057600,normal,https://www.gate.com/trade/REI_USDT,False,0.1,49825610.36,200000,0.4,0.4,,
1838,ZEC_USDT,ZEC,ZCash,USDT,Tether,0.2,0.001,3,5000000,3,2,tradable,0,0,normal,https://www.gate.com/trade/ZEC_USDT,False,0.03,2574.23,1000000,0.2,0.2,,
1839,RIDE_USDT,RIDE,holoride,USDT,Tether,0.2,0.1,3,5000000,1,7,tradable,1609866000,1648548000,normal,https://www.gate.com/trade/RIDE_USDT,False,0.1,504222867,200000,0.6,0.6,,
1840,CRWN_USDT,CRWN,Crown by Third Time Games,USDT,Tether,0.2,0.01,3,5000000,2,5,tradable,1577808000,1738231200,normal,https://www.gate.com/trade/CRWN_USDT,False,0.1,10047726.7,200000,0.4,0.4,,
1841,WAL_USDT,WAL,Walrus,USDT,Tether,0.2,1,3,5000000,0,5,tradable,1577808000,1743069600,normal,https://www.gate.com/trade/WAL_USDT,False,0.08,2219755.83,300000,0.3,0.3,,
1842,SUPE_USDT,SUPE,SUPE,USDT,Tether,0.2,0.1,3,5000000,1,7,tradable,1607313600,1640577600,normal,https://www.gate.com/trade/SUPE_USDT,False,0.1,157158573,100000,0.4,0.4,,
1843,AR3L_USDT,AR3L,AR3xLong,USDT,Tether,0.2,0.01,3,5000000,2,5,tradable,1582704000,1773302400,normal,https://www.gate.com/trade/AR3L_USDT,False,0.1,20586721.56,200000,0.6,0.6,,
1844,PORTALS_USDT,PORTALS,Portals,USDT,Tether,0.2,1,3,5000000,0,6,tradable,1577808000,1758024000,normal,https://www.gate.com/trade/PORTALS_USDT,False,0.1,9643201.54,200000,0.4,0.4,,
1845,META3L_USDT,META3L,META3xLong,USDT,Tether,0.2,0.01,3,5000000,2,5,tradable,1577808000,1769427000,normal,https://www.gate.com/trade/META3L_USDT,False,0.1,0,0,0.6,0.6,,
1846,LAZIO_USDT,LAZIO,Lazio Fan Token,USDT,Tether,0.2,0.01,3,5000000,2,4,tradable,1608782400,1635156000,normal,https://www.gate.com/trade/LAZIO_USDT,False,0.1,314679.81,300000,0.4,0.4,,
1847,PLTRON_USDT,PLTRON,Palantir Technologies Ondo Tokenized,USDT,Tether,0.2,0.001,3,5000000,3,2,tradable,1577808000,1756909800,normal,https://www.gate.com/trade/PLTRON_USDT,False,0.05,2657.52,500000,0.15,0.15,,
1848,CPOOL_USDT,CPOOL,Clearpool,USDT,Tether,0.2,0.01,3,5000000,2,5,tradable,1607313600,1635426060,normal,https://www.gate.com/trade/CPOOL_USDT,False,0.1,9942004.97,300000,0.4,0.4,,
1849,IBFK_USDT,IBFK,Istanbul Basaksehir Fan Token,USDT,Tether,0.2,0.01,3,5000000,2,5,tradable,1608782400,1662962400,normal,https://www.gate.com/trade/IBFK_USDT,False,0.1,4583477,200000,0.4,0.4,,
1850,ASI_USDT,ASI,Sender AI,USDT,Tether,0.2,1,3,5000000,0,7,tradable,1577808000,1732186800,normal,https://www.gate.com/trade/ASI_USDT,False,0.1,101265822.78,200000,0.4,0.4,,
1851,BCH5S_USDT,BCH5S,BCH5xShort,USDT,Tether,0.2,0.01,3,5000000,2,5,tradable,1582704000,1755246600,normal,https://www.gate.com/trade/BCH5S_USDT,False,0.08,925212.03,300000,0.6,0.6,,
1852,NACHO_USDT,NACHO,Nacho the Kat,USDT,Tether,0.2,1,3,5000000,0,9,tradable,1577808000,1742983200,normal,https://www.gate.com/trade/NACHO_USDT,False,0.1,14765596160.95,200000,0.4,0.4,,
1853,MUBARAK_USDT,MUBARAK,mubarak,USDT,Tether,0.2,1,3,5000000,0,6,tradable,1577808000,1742131800,normal,https://www.gate.com/trade/MUBARAK_USDT,False,0.1,19575856.44,300000,0.35,0.35,,
1854,SNFT1_USDT,SNFT1,BITCI Spain National Football Team Fan Token,USDT,Tether,0.2,0.01,3,5000000,2,5,tradable,1597636800,1665404100,normal,https://www.gate.com/trade/SNFT1_USDT,False,0.1,8674907.83,200000,0.4,0.4,,
1855,BENQI_USDT,BENQI,BENQI,USDT,Tether,0.2,0.1,3,5000000,1,6,tradable,1607313600,1629889200,normal,https://www.gate.com/trade/BENQI_USDT,False,0.1,92392978.13,300000,0.35,0.35,,
1856,READY_USDT,READY,READY!,USDT,Tether,0.2,0.01,3,5000000,2,6,tradable,1577808000,1732618800,normal,https://www.gate.com/trade/READY_USDT,False,0.1,17163698.78,200000,0.4,0.4,,
1857,APYS_USDT,APYS,Apyswap,USDT,Tether,0.2,0.1,3,5000000,1,6,tradable,1607313600,1614747600,normal,https://www.gate.com/trade/APYS_USDT,False,0.1,81615997,200000,0.6,0.6,,
1858,INX_USDT,INX,Infinex,USDT,Tether,0.2,1,3,5000000,0,6,tradable,1577808000,1769862600,normal,https://www.gate.com/trade/INX_USDT,False,0.05,0,0,0.4,0.4,,
1859,POLYX_USDT,POLYX,Polymesh,USDT,Tether,0.2,1,3,5000000,0,5,tradable,1607313600,1676437200,normal,https://www.gate.com/trade/POLYX_USDT,False,0.1,5743275.58,300000,0.3,0.3,,
1860,CRTS_USDT,CRTS,Cratos,USDT,Tether,0.2,1,3,5000000,0,8,tradable,1607313600,1642579200,normal,https://www.gate.com/trade/CRTS_USDT,False,0.1,2253394174.98,200000,0.4,0.4,,
1861,MOODENGETH_USDT,MOODENGETH,MOO DENG,USDT,Tether,0.2,1,3,5000000,0,9,tradable,0,1728648000,normal,https://www.gate.com/trade/MOODENGETH_USDT,False,0.1,14205049895.24,200000,0.4,0.4,,
1862,TAO3S_USDT,TAO3S,TAO3xShort,USDT,Tether,0.2,0.01,3,5000000,2,5,tradable,1577808000,1774594800,normal,https://www.gate.com/trade/TAO3S_USDT,False,0.1,0,0,0.6,0.6,,
1863,RIVER3S_USDT,RIVER3S,RIVER3xShort,USDT,Tether,0.2,0.01,3,5000000,2,5,tradable,1577808000,1775030400,normal,https://www.gate.com/trade/RIVER3S_USDT,False,0.1,0,0,0.6,0.6,,
1864,ROAM_USDT,ROAM,Roam,USDT,Tether,0.2,0.01,3,5000000,2,5,tradable,1577808000,1741255200,normal,https://www.gate.com/trade/ROAM_USDT,False,0.1,3230756.8,200000,0.4,0.4,,
1865,NEAR_ETH,NEAR,Near,ETH,Ethereum,0.2,0.001,0.001,1000,3,7,tradable,1602561600,1602655200,normal,https://www.gate.com/trade/NEAR_ETH,False,0.1,316917.03,166.6666667,0.6,0.6,,
1866,ATOM_BTC,ATOM,Cosmos,BTC,Bitcoin,0.2,0.001,0.000001,100,3,8,tradable,0,1555999200,normal,https://www.gate.com/trade/ATOM_BTC,False,0.1,144927.54,3.333333333,0.6,0.6,,
1867,XRP_BTC,XRP,XRP,BTC,Bitcoin,0.2,0.01,0.000001,100,2,8,tradable,0,0,normal,https://www.gate.com/trade/XRP_BTC,False,0.1,252582.66,5.555555556,0.6,0.6,,
1868,LPT_USDT,LPT,Livepeer,USDT,Tether,0.2,0.01,3,5000000,2,3,tradable,1607313600,1611302400,normal,https://www.gate.com/trade/LPT_USDT,False,0.08,91771.18,300000,0.35,0.35,,
1869,WBTC_USDT,WBTC,Wrapped Bitcoin,USDT,Tether,0.2,0.0001,3,5000000,4,1,tradable,1607313600,1619168400,normal,https://www.gate.com/trade/WBTC_USDT,False,0.08,3.47,300000,0.15,0.15,,
1870,KDK_USDT,KDK,Kodiak,USDT,Tether,0.2,0.1,3,5000000,1,4,tradable,1577808000,1766498400,normal,https://www.gate.com/trade/KDK_USDT,False,0.1,0,0,0.35,0.35,,
1871,XPLA_USDT,XPLA,CONX,USDT,Tether,0.2,0.01,3,5000000,2,5,tradable,1597636800,1666359000,normal,https://www.gate.com/trade/XPLA_USDT,False,0.1,15835312.75,200000,0.4,0.4,,
1872,CESS_USDT,CESS,CESS Network,USDT,Tether,0.2,0.01,3,5000000,2,6,tradable,1577808000,1750932000,normal,https://www.gate.com/trade/CESS_USDT,False,0.1,58385637.13,200000,0.4,0.4,,
1873,GCOIN_USDT,GCOIN,Galaxy Fight Club,USDT,Tether,0.2,0.1,3,5000000,1,7,tradable,1607313600,1641553200,normal,https://www.gate.com/trade/GCOIN_USDT,False,0.1,332889480.69,200000,0.6,0.6,,
1874,SNEK_USDT,SNEK,Snek,USDT,Tether,0.2,1,3,5000000,0,7,tradable,1596702900,1703664000,normal,https://www.gate.com/trade/SNEK_USDT,False,0.1,193667086.28,200000,0.4,0.4,,
1875,LUMINT_USDT,LUMINT,Lumint,USDT,Tether,0.2,1,3,5000000,0,6,tradable,1577808000,1763024400,normal,https://www.gate.com/trade/LUMINT_USDT,False,0.1,18555744.55,300000,0.35,0.35,,
1876,OMI_USDT,OMI,ECOMI,USDT,Tether,0.2,0.1,3,5000000,1,8,tradable,1607313600,1616493600,normal,https://www.gate.com/trade/OMI_USDT,False,0.1,1145442570.37,200000,0.4,0.4,,
1877,ALE_USDT,ALE,Project Ailey,USDT,Tether,0.2,0.01,3,5000000,2,4,tradable,1577808000,1744012800,normal,https://www.gate.com/trade/ALE_USDT,False,0.1,489117.14,200000,0.4,0.4,,
1878,DOGE5S_USDT,DOGE5S,DOGE5xShort,USDT,Tether,0.2,0.01,3,5000000,2,4,tradable,1582704000,1761123600,normal,https://www.gate.com/trade/DOGE5S_USDT,False,0.05,189487.25,500000,0.6,0.6,,
1879,FUEL_USDT,FUEL,Fuel Network,USDT,Tether,0.2,1,3,5000000,0,7,tradable,0,1739008800,normal,https://www.gate.com/trade/FUEL_USDT,False,0.1,163354206.37,300000,0.4,0.4,,
1880,DCK_USDT,DCK,DexCheck,USDT,Tether,0.2,1,3,5000000,0,7,tradable,1607313600,1689854400,normal,https://www.gate.com/trade/DCK_USDT,False,0.1,99378881.99,200000,0.4,0.4,,
1881,PIXEL_BTC,PIXEL,Pixels,BTC,Bitcoin,0.2,0.01,0.000001,100,2,11,tradable,1607313600,1708336800,normal,https://www.gate.com/trade/PIXEL_BTC,False,0.1,22675736.96,2.22222222,0.6,0.6,,
1882,PUMP3S_USDT,PUMP3S,PUMP3xShort,USDT,Tether,0.2,0.01,3,5000000,2,4,tradable,1577808000,1761123600,normal,https://www.gate.com/trade/PUMP3S_USDT,False,0.1,262350.13,300000,0.6,0.6,,
1883,INSP_USDT,INSP,Inspect,USDT,Tether,0.2,0.01,3,5000000,2,6,tradable,1607313600,1701856800,normal,https://www.gate.com/trade/INSP_USDT,False,0.1,64288010.29,300000,0.4,0.4,,
1884,LDO_USDT,LDO,Lido DAO Token,USDT,Tether,0.2,0.01,3,5000000,2,4,tradable,1607313600,1631599200,normal,https://www.gate.com/trade/LDO_USDT,False,0.05,1823652.78,1000000,0.2,0.2,,
1885,AR_USDC,AR,Arweave,USDC,USDCoin,0.2,0.01,1,5000000,2,3,tradable,1592642100,1592642100,normal,https://www.gate.com/trade/AR_USDC,False,0.08,84805.65,300000,0.35,0.35,,
1886,LABUBU_USDT,LABUBU,LABUBU,USDT,Tether,0.2,1,3,5000000,0,7,tradable,1577808000,1749636000,normal,https://www.gate.com/trade/LABUBU_USDT,False,0.1,160449257.92,200000,0.4,0.4,,
1887,LDO_USDC,LDO,Lido DAO Token,USDC,USDCoin,0.2,0.01,1,5000000,2,4,tradable,1607313600,1631599200,normal,https://www.gate.com/trade/LDO_USDC,False,0.08,547045.95,300000,0.35,0.35,,
1888,AR_USDT,AR,Arweave,USDT,Tether,0.2,0.01,3,5000000,2,4,tradable,1592642100,1592642100,normal,https://www.gate.com/trade/AR_USDT,False,0.06,141442.72,500000,0.2,0.2,,
1889,B3_USDT,B3,B3 Base,USDT,Tether,0.2,1,3,5000000,0,7,tradable,1577808000,1739192400,normal,https://www.gate.com/trade/B3_USDT,False,0.1,344293337.92,300000,0.35,0.35,,
1890,CUDIS_USDT,CUDIS,CUDIS,USDT,Tether,0.2,1,3,5000000,0,6,tradable,1577808000,1756116000,normal,https://www.gate.com/trade/CUDIS_USDT,False,0.1,7246376.81,200000,0.4,0.4,,
1891,REIGN_USDT,REIGN,Reign of Terror,USDT,Tether,0.2,1,3,5000000,0,8,tradable,1607313600,1681300800,normal,https://www.gate.com/trade/REIGN_USDT,False,0.1,1071696496,100000,0.4,0.4,,
1892,BAL_USDT,BAL,Balancer,USDT,Tether,0.2,0.01,3,5000000,2,4,tradable,1597638600,1597649400,normal,https://www.gate.com/trade/BAL_USDT,False,0.1,317183.41,200000,0.4,0.4,,
1893,LOT_USDT,LOT,League of Traders,USDT,Tether,0.2,1,3,5000000,0,6,tradable,1577808000,1750420800,normal,https://www.gate.com/trade/LOT_USDT,False,0.1,19871826.72,200000,0.4,0.4,,
1894,CYBRO_USDT,CYBRO,Cybro,USDT,Tether,0.2,0.01,3,5000000,2,6,tradable,1577808000,1734166800,normal,https://www.gate.com/trade/CYBRO_USDT,False,0.1,43917435.22,200000,0.4,0.4,,
1895,MOOV_USDT,MOOV,dotmoovs,USDT,Tether,0.2,0.1,3,5000000,1,7,tradable,1607313600,1636084800,normal,https://www.gate.com/trade/MOOV_USDT,False,0.1,381715812.58,200000,0.4,0.4,,
1896,XCV_USDT,XCV,XCarnival,USDT,Tether,0.2,0.1,3,5000000,1,7,tradable,1608782400,1637308800,normal,https://www.gate.com/trade/XCV_USDT,False,0.1,413864459,200000,0.4,0.4,,
1897,GIGGLE_USDT,GIGGLE,Giggle Fund,USDT,Tether,0.2,0.001,3,5000000,3,2,tradable,1577808000,1760623200,normal,https://www.gate.com/trade/GIGGLE_USDT,False,0.06,7363.77,500000,0.35,0.35,,
1898,ATOM3S_USDT,ATOM3S,ATOM3xShort,USDT,Tether,0.2,0.01,3,5000000,2,4,tradable,1582704000,1582704000,normal,https://www.gate.com/trade/ATOM3S_USDT,False,0.1,164975.67,200000,0.6,0.6,,
1899,GLDX_USDT,GLDX,Gold xStock,USDT,Tether,0.2,0.001,3,5000000,3,2,tradable,1577808000,1753711200,normal,https://www.gate.com/trade/GLDX_USDT,False,0.1,756,300000,0.3,0.3,,
1900,PYR_USDT,PYR,Vulcan Forged,USDT,Tether,0.2,0.01,3,5000000,2,4,tradable,1607313600,1628136000,normal,https://www.gate.com/trade/PYR_USDT,False,0.1,616903.15,300000,0.35,0.35,,
1901,MAGATRUMP_USDT,MAGATRUMP,MAGA,USDT,Tether,0.2,1,3,5000000,0,5,tradable,1577808000,1737219600,normal,https://www.gate.com/trade/MAGATRUMP_USDT,False,0.1,1448645.52,100000,0.4,0.4,,
1902,ME_USDT,ME,Magic Eden,USDT,Tether,0.2,1,3,5000000,0,5,tradable,1577808000,1733839200,normal,https://www.gate.com/trade/ME_USDT,False,0.08,1324795.76,300000,0.3,0.3,,
1903,CRVUSD_USDT,CRVUSD,crvUSD,USDT,Tether,0.2,0.01,3,5000000,2,4,tradable,0,1692262800,normal,https://www.gate.com/trade/CRVUSD_USDT,False,0.1,1000000,1000000,0.4,0.4,,
1904,VIC_USDT,VIC,Viction,USDT,Tether,0.2,1,3,5000000,0,5,tradable,0,1700546400,normal,https://www.gate.com/trade/VIC_USDT,False,0.1,3288752.47,300000,0.4,0.4,,
1905,FIL5S_USDT,FIL5S,FIL5xShort,USDT,Tether,0.2,0.01,3,5000000,2,5,tradable,1577808000,1762765200,normal,https://www.gate.com/trade/FIL5S_USDT,False,0.08,1887148.52,300000,0.6,0.6,,
1906,VMT_USDT,VMT,Vemate,USDT,Tether,0.2,0.1,3,5000000,1,6,tradable,1607313600,1666749600,normal,https://www.gate.com/trade/VMT_USDT,False,0.1,37167812.67,100000,0.4,0.4,,
1907,MSOL_ETH,MSOL,Marinade Staked SOL,ETH,Ethereum,0.2,0.0001,0.001,1000,4,5,tradable,1607313600,1635228000,normal,https://www.gate.com/trade/MSOL_ETH,False,0.1,572.64,33.33333333,0.6,0.6,,
1908,OXT_USDT,OXT,Orchid,USDT,Tether,0.2,0.01,3,5000000,2,5,tradable,1607313600,1613793600,normal,https://www.gate.com/trade/OXT_USDT,False,0.1,12036108.32,300000,0.35,0.35,,
1909,VELO_ETH,VELO,Velo,ETH,Ethereum,0.2,0.001,0.001,1000,3,9,tradable,1607313600,1617357600,normal,https://www.gate.com/trade/VELO_ETH,False,0.1,34249507.66,66.66666667,0.6,0.6,,
1910,STX_USDT,STX,Stacks,USDT,Tether,0.2,0.01,3,5000000,2,4,tradable,1610643600,1610701200,normal,https://www.gate.com/trade/STX_USDT,False,0.08,1155401.5,300000,0.2,0.2,,
1911,ZRO_USDT,ZRO,LayerZero,USDT,Tether,0.2,0.01,3,5000000,2,3,tradable,1609434000,1718884800,normal,https://www.gate.com/trade/ZRO_USDT,False,0.05,353982.3,500000,0.3,0.3,,
1912,ACS_USDT,ACS,Access Protocol,USDT,Tether,0.2,0.1,3,5000000,1,7,tradable,1596702900,1676480400,normal,https://www.gate.com/trade/ACS_USDT,False,0.1,603227265.87,200000,0.4,0.4,,
1913,AVAX_USDC,AVAX,Avalanche,USDC,USDCoin,0.2,0.001,1,5000000,3,3,tradable,1600669200,1600755600,normal,https://www.gate.com/trade/AVAX_USDC,False,0.06,41305.25,500000,0.35,0.35,,
1914,AIC_USDT,AIC,AI Companions,USDT,Tether,0.2,0.01,3,5000000,2,5,tradable,1577808000,1729256400,normal,https://www.gate.com/trade/AIC_USDT,False,0.1,3249918.75,300000,0.4,0.4,,
1915,ORION_USDT,ORION,Orion Money,USDT,Tether,0.2,1,3,5000000,0,7,tradable,1607313600,1633003200,normal,https://www.gate.com/trade/ORION_USDT,False,0.1,466962410,200000,0.4,0.4,,
1916,STX_USDC,STX,Stacks,USDC,USDCoin,0.2,0.01,1,5000000,2,4,tradable,1610643600,1610701200,normal,https://www.gate.com/trade/STX_USDC,False,0.08,1155846.66,300000,0.35,0.35,,
1917,MASK_USDT,MASK,Mask Network,USDT,Tether,0.2,0.01,3,5000000,2,4,tradable,1607313600,1614214800,normal,https://www.gate.com/trade/MASK_USDT,False,0.1,527750.9,300000,0.3,0.3,,
1918,HOLDSTATION_USDT,HOLDSTATION,Holdstation,USDT,Tether,0.2,0.01,3,5000000,2,4,tradable,1577808000,1734865200,normal,https://www.gate.com/trade/HOLDSTATION_USDT,False,0.1,244230.06,200000,0.4,0.4,,
1919,AVAX_USDT,AVAX,Avalanche,USDT,Tether,0.2,0.001,3,5000000,3,3,tradable,1600669200,1600755600,normal,https://www.gate.com/trade/AVAX_USDT,False,0.04,82610.49,1000000,0.1,0.1,,
1920,USDS_USDT,USDS,USDS,USDT,Tether,0.2,0.1,3,5000000,1,4,tradable,1577808000,1775721600,normal,https://www.gate.com/trade/USDS_USDT,False,0.05,0,0,0.4,0.4,,
1921,MV_USDT,MV,GensoKishi Metaverse,USDT,Tether,0.2,1,3,5000000,0,7,tradable,1607313600,1648033200,normal,https://www.gate.com/trade/MV_USDT,False,0.1,52198877.72,200000,0.4,0.4,,
1922,我踏马来了_USDT,我踏马来了,我踏马来了,USDT,Tether,0.2,1,3,5000000,0,6,tradable,1577808000,1767873600,normal,https://www.gate.com/trade/我踏马来了_USDT,False,0.05,0,0,0.35,0.35,,
1923,PZP_USDT,PZP,PlayZap Games,USDT,Tether,0.2,0.01,3,5000000,2,6,tradable,1607313600,1681909200,normal,https://www.gate.com/trade/PZP_USDT,False,0.1,45090745.12,200000,0.4,0.4,,
1924,TROLLFACE_USDT,TROLLFACE,Troll,USDT,Tether,0.2,1,3,5000000,0,12,tradable,1577808000,1754805600,normal,https://www.gate.com/trade/TROLLFACE_USDT,False,0.1,108254397834912,200000,0.4,0.4,,
1925,OVER_USDT,OVER,OverProtocol,USDT,Tether,0.2,1,3,5000000,0,7,tradable,0,1734343200,normal,https://www.gate.com/trade/OVER_USDT,False,0.1,58468134.87,300000,0.4,0.4,,
1926,GXE_USDT,GXE,XENO Governance Token,USDT,Tether,0.2,1,3,5000000,0,7,tradable,1607313600,1682240400,normal,https://www.gate.com/trade/GXE_USDT,False,0.1,129592431.8,100000,0.4,0.4,,
1927,SOL5L_USDT,SOL5L,SOL5xLong,USDT,Tether,0.2,0.01,3,5000000,2,5,tradable,1577808000,1770883200,normal,https://www.gate.com/trade/SOL5L_USDT,False,0.06,74850299.4,500000,0.6,0.6,,
1928,RTF_USDT,RTF,Ready to Fight,USDT,Tether,0.2,1,3,5000000,0,6,tradable,1607313600,1713954600,normal,https://www.gate.com/trade/RTF_USDT,False,0.1,11157601.12,200000,0.4,0.4,,
1929,ZIL_USDT,ZIL,Zilliqa,USDT,Tether,0.2,0.01,3,5000000,2,6,tradable,0,0,normal,https://www.gate.com/trade/ZIL_USDT,False,0.08,61938680.71,300000,0.35,0.35,,
1930,SAAS_USDT,SAAS,SaaSGo,USDT,Tether,0.2,1,3,5000000,0,7,tradable,1577808000,1734678000,normal,https://www.gate.com/trade/SAAS_USDT,False,0.1,131173345.58,200000,0.4,0.4,,
1931,WOD_USDT,WOD,World of Dypians,USDT,Tether,0.2,1,3,5000000,0,6,tradable,1577808000,1732705200,normal,https://www.gate.com/trade/WOD_USDT,False,0.1,11585248.12,300000,0.4,0.4,,
1932,BLZ_USDT,BLZ,Bluzelle,USDT,Tether,0.2,1,3,5000000,0,6,tradable,0,0,normal,https://www.gate.com/trade/BLZ_USDT,False,0.1,13214403.7,200000,0.4,0.4,,
1933,DGB_USDT,DGB,DigiByte,USDT,Tether,0.2,0.1,3,5000000,1,6,tradable,0,1710838800,normal,https://www.gate.com/trade/DGB_USDT,False,0.1,34665048.96,200000,0.35,0.35,,
1934,KAIA_USDT,KAIA,Kaia,USDT,Tether,0.2,0.01,3,5000000,2,5,tradable,1577808000,1730174400,normal,https://www.gate.com/trade/KAIA_USDT,False,0.06,7258474.27,500000,0.3,0.3,,
1935,MOODENG3S_USDT,MOODENG3S,MOODENG3xShort,USDT,Tether,0.2,0.01,3,5000000,2,6,tradable,1577808000,1753691400,normal,https://www.gate.com/trade/MOODENG3S_USDT,False,0.1,4039180.05,200000,0.6,0.6,,
1936,STIX_USDT,STIX,STIX,USDT,Tether,0.2,1,3,5000000,0,9,tradable,1577808000,1732579200,normal,https://www.gate.com/trade/STIX_USDT,False,0.1,6265664160.4,100000,0.4,0.4,,
1937,ELF_ETH,ELF,aelf,ETH,Ethereum,0.2,0.001,0.001,1000,3,9,tradable,0,0,normal,https://www.gate.com/trade/ELF_ETH,False,0.1,2193812,66.66666666,0.6,0.6,,
1938,FAIR3_USDT,FAIR3,Fair and Free,USDT,Tether,0.2,1,3,5000000,0,6,tradable,1577808000,1757334600,normal,https://www.gate.com/trade/FAIR3_USDT,False,0.1,23872045.83,200000,0.6,0.6,,
1939,OVL_USDT,OVL,Overlay Protocol,USDT,Tether,0.2,1,3,5000000,0,5,tradable,1577808000,1755162000,normal,https://www.gate.com/trade/OVL_USDT,False,0.1,4694835.68,200000,0.4,0.4,,
1940,ART_USDT,ART,LiveArt,USDT,Tether,0.2,1,3,5000000,0,7,tradable,1577808000,1757419200,normal,https://www.gate.com/trade/ART_USDT,False,0.1,355776927.87,200000,0.4,0.4,,
1941,PNUT3L_USDT,PNUT3L,PNUT3xLong,USDT,Tether,0.2,0.01,3,5000000,2,5,tradable,1577808000,1770883200,normal,https://www.gate.com/trade/PNUT3L_USDT,False,0.1,141476066.97,300000,0.6,0.6,,
1942,COOK_USDT,COOK,mETH Protocol,USDT,Tether,0.2,0.01,3,5000000,2,6,tradable,1607313600,1730196000,normal,https://www.gate.com/trade/COOK_USDT,False,0.1,49844236.76,200000,0.4,0.4,,
1943,LAIR_USDT,LAIR,Lair Finance,USDT,Tether,0.2,0.01,3,5000000,2,6,tradable,1577808000,1745571600,normal,https://www.gate.com/trade/LAIR_USDT,False,0.1,66445182.72,100000,0.4,0.4,,
1944,CODEX_USDT,CODEX,CodexField,USDT,Tether,0.2,0.001,3,5000000,3,2,tradable,1577808000,1767355200,normal,https://www.gate.com/trade/CODEX_USDT,False,0.1,0,0,0.4,0.4,,
1945,BTR_USDT,BTR,Bitlayer,USDT,Tether,0.2,1,3,5000000,0,5,tradable,1577808000,1756292400,normal,https://www.gate.com/trade/BTR_USDT,False,0.08,10591350.4,300000,0.35,0.35,,
1946,ANDYETH_USDT,ANDYETH,Andy,USDT,Tether,0.2,1,3,5000000,0,9,tradable,1607313600,1713781800,normal,https://www.gate.com/trade/ANDYETH_USDT,False,0.1,19020446980.5,200000,0.4,0.4,,
1947,BEAM_USDT,BEAM,Beam,USDT,Tether,0.2,0.01,3,5000000,2,5,tradable,0,1549080000,normal,https://www.gate.com/trade/BEAM_USDT,False,0.1,9305210.92,300000,0.4,0.4,,
1948,ZTX_USDT,ZTX,ZTX,USDT,Tether,0.2,1,3,5000000,0,7,tradable,1607313600,1697443200,normal,https://www.gate.com/trade/ZTX_USDT,False,0.1,544736483.73,200000,0.4,0.4,,
1949,UNN_USDT,UNN,UNION Protocol,USDT,Tether,0.2,0.1,3,5000000,1,8,tradable,1607313600,1615798800,normal,https://www.gate.com/trade/UNN_USDT,False,0.1,1531217700.88,200000,0.4,0.4,,
1950,EDEN_USDT,EDEN,OpenEden,USDT,Tether,0.2,1,3,5000000,0,5,tradable,1607313600,1759230000,normal,https://www.gate.com/trade/EDEN_USDT,False,0.08,7456565.51,500000,0.35,0.35,,
1951,IDOS_USDT,IDOS,IDOS,USDT,Tether,0.2,1,3,5000000,0,5,tradable,1577808000,1772719200,normal,https://www.gate.com/trade/IDOS_USDT,False,0.05,0,0,0.4,0.4,,
1952,PRAI_USDT,PRAI,Privasea AI,USDT,Tether,0.2,1,3,5000000,0,6,tradable,1577808000,1747231200,normal,https://www.gate.com/trade/PRAI_USDT,False,0.1,37671877.94,200000,0.4,0.4,,
1953,RLC_USDT,RLC,iExec,USDT,Tether,0.2,0.1,3,5000000,1,4,tradable,0,0,normal,https://www.gate.com/trade/RLC_USDT,False,0.1,449370.88,300000,0.35,0.35,,
1954,ITA_USDT,ITA,Italian Football Federation,USDT,Tether,0.2,0.01,3,5000000,2,4,tradable,1608782400,1666872000,normal,https://www.gate.com/trade/ITA_USDT,False,0.1,979671.81,200000,0.4,0.4,,
1955,FIRE_USDT,FIRE,Fire Protocol,USDT,Tether,0.2,1,3,5000000,0,7,tradable,1607313600,1616220000,normal,https://www.gate.com/trade/FIRE_USDT,False,0.1,765110941,200000,0.4,0.4,,
1956,COMMON_USDT,COMMON,Common Protocol,USDT,Tether,0.2,1,3,5000000,0,7,tradable,1577808000,1761570000,normal,https://www.gate.com/trade/COMMON_USDT,False,0.1,148875986.3,500000,0.4,0.4,,
1957,W3GG_USDT,W3GG,W3 Guild Games,USDT,Tether,0.2,0.01,3,5000000,2,6,tradable,1596702900,1727258400,normal,https://www.gate.com/trade/W3GG_USDT,False,0.1,54347826.09,200000,0.4,0.4,,
1958,FLR_USDT,FLR,Flare Network,USDT,Tether,0.2,0.1,3,5000000,1,6,tradable,1607313600,1673323200,normal,https://www.gate.com/trade/FLR_USDT,False,0.06,43649061.55,500000,0.3,0.3,,
1959,HAMSTER_USDT,HAMSTER,Hamster,USDT,Tether,0.2,0.1,3,5000000,1,8,tradable,1596702900,1728727200,normal,https://www.gate.com/trade/HAMSTER_USDT,False,0.1,5790387956,200000,0.6,0.6,,
1960,NEXI_USDT,NEXI,NEXIRA DAEP,USDT,Tether,0.2,1,3,5000000,0,6,tradable,1577808000,1773054000,normal,https://www.gate.com/trade/NEXI_USDT,False,0.05,0,0,0.4,0.4,,
1961,HNT_USDT,HNT,Helium,USDT,Tether,0.2,0.1,3,5000000,1,4,tradable,0,1620979200,normal,https://www.gate.com/trade/HNT_USDT,False,0.08,175438.6,300000,0.2,0.2,,
1962,PRIMAL_USDT,PRIMAL,Primal,USDT,Tether,0.2,0.1,3,5000000,1,9,tradable,1607313600,1670497200,normal,https://www.gate.com/trade/PRIMAL_USDT,False,0.1,7176432595,100000,0.4,0.4,,
1963,CHATAI_USDT,CHATAI,ChatAI,USDT,Tether,0.2,0.01,3,5000000,2,7,tradable,1596702900,1711101600,normal,https://www.gate.com/trade/CHATAI_USDT,False,0.1,970402717,200000,0.4,0.4,,
1964,ETHFI3L_USDT,ETHFI3L,ETHFI3xLong,USDT,Tether,0.2,0.01,3,5000000,2,7,tradable,1577808000,1747638000,normal,https://www.gate.com/trade/ETHFI3L_USDT,False,0.1,47850705.8,300000,0.6,0.6,,
1965,BCUT_USDT,BCUT,bitsCrunch Token,USDT,Tether,0.2,1,3,5000000,0,6,tradable,1607313600,1708434000,normal,https://www.gate.com/trade/BCUT_USDT,False,0.1,44742729.31,200000,0.4,0.4,,
1966,HYPE3S_USDT,HYPE3S,HYPE3xShort,USDT,Tether,0.2,0.01,3,5000000,2,6,tradable,1577808000,1747972800,normal,https://www.gate.com/trade/HYPE3S_USDT,False,0.1,6906077.35,300000,0.6,0.6,,
1967,WNCG_USDT,WNCG,Nine Chronicles,USDT,Tether,0.2,0.01,3,5000000,2,6,tradable,1607313600,1629165600,normal,https://www.gate.com/trade/WNCG_USDT,False,0.1,28184892.9,200000,0.4,0.4,,
1968,CRO3L_USDT,CRO3L,CRO3xLong,USDT,Tether,0.2,0.01,3,5000000,2,5,tradable,1582704000,1775030400,normal,https://www.gate.com/trade/CRO3L_USDT,False,0.1,107962213.23,200000,0.6,0.6,,
1969,HOOK_USDT,HOOK,Hooked Protocol,USDT,Tether,0.2,1,3,5000000,0,6,tradable,1607313600,1669978800,normal,https://www.gate.com/trade/HOOK_USDT,False,0.1,8421052.63,300000,0.35,0.35,,
1970,SQR_USDT,SQR,Magic Square,USDT,Tether,0.2,1,3,5000000,0,7,tradable,1607313600,1705917600,normal,https://www.gate.com/trade/SQR_USDT,False,0.1,163265306.12,200000,0.4,0.4,,
1971,EQTY_USDT,EQTY,EQTY,USDT,Tether,0.2,1,3,5000000,0,6,tradable,1577808000,1762840800,normal,https://www.gate.com/trade/EQTY_USDT,False,0.1,57159188.34,200000,0.4,0.4,,
1972,ELF_USDT,ELF,aelf,USDT,Tether,0.2,1,3,5000000,0,5,tradable,0,0,normal,https://www.gate.com/trade/ELF_USDT,False,0.1,2257463.74,200000,0.4,0.4,,
1973,XAU5S_USDT,XAU5S,XAU5xShort,USDT,Tether,0.2,0.01,3,5000000,2,5,tradable,1577808000,1773046800,normal,https://www.gate.com/trade/XAU5S_USDT,False,0.1,0,0,0.6,0.6,,
1974,ZEUM_USDT,ZEUM,Colizeum,USDT,Tether,0.2,1,3,5000000,0,7,tradable,1607313600,1651636800,normal,https://www.gate.com/trade/ZEUM_USDT,False,0.1,237699072.97,100000,0.6,0.6,,
1975,CAMP_USDT,CAMP,Camp Network,USDT,Tether,0.2,1,3,5000000,0,6,tradable,1577808000,1756285200,normal,https://www.gate.com/trade/CAMP_USDT,False,0.1,43066322.14,300000,0.4,0.4,,
1976,TRAC_USDT,TRAC,OriginTrail,USDT,Tether,0.2,0.1,3,5000000,1,4,tradable,1607313600,1765346400,normal,https://www.gate.com/trade/TRAC_USDT,False,0.08,768836.49,300000,0.35,0.35,,
1977,TAG_USDT,TAG,Tagger,USDT,Tether,0.2,0.1,3,5000000,1,7,tradable,1577808000,1751968800,normal,https://www.gate.com/trade/TAG_USDT,False,0.1,842105263.16,500000,0.35,0.35,,
1978,IOST_USDT,IOST,IOST,USDT,Tether,0.2,0.1,3,5000000,1,6,tradable,1607313600,1614571200,normal,https://www.gate.com/trade/IOST_USDT,False,0.1,194868463.79,300000,0.35,0.35,,
1979,OP_USDT,OP,Optimism,USDT,Tether,0.2,1,3,5000000,0,5,tradable,1609434000,1654039800,normal,https://www.gate.com/trade/OP_USDT,False,0.05,3475238.92,1000000,0.25,0.25,,
1980,OP_USDC,OP,Optimism,USDC,USDCoin,0.2,0.001,1,5000000,3,4,tradable,1609434000,1654039800,normal,https://www.gate.com/trade/OP_USDC,False,0.08,1043115.44,300000,0.35,0.35,,
1981,MATCH_USDT,MATCH,Match,USDT,Tether,0.2,1,3,5000000,0,9,tradable,1609434000,1669348800,normal,https://www.gate.com/trade/MATCH_USDT,False,0.1,42890842805,100000,0.4,0.4,,
1982,NIBI_USDT,NIBI,Nibiru,USDT,Tether,0.2,0.01,3,5000000,2,6,tradable,0,1710230400,normal,https://www.gate.com/trade/NIBI_USDT,False,0.1,16110842.6,200000,0.4,0.4,,
1983,PSG_USDT,PSG,Paris Saint-Germain,USDT,Tether,0.2,0.01,3,5000000,2,4,tradable,1608782400,1618297200,normal,https://www.gate.com/trade/PSG_USDT,False,0.1,245308.48,200000,0.4,0.4,,
1984,WAMPL_USDT,WAMPL,Ampleforth,USDT,Tether,0.2,0.1,3,5000000,1,4,tradable,1607313600,1718967600,normal,https://www.gate.com/trade/WAMPL_USDT,True,0.1,61919.5,100000,0.4,0.4,1776826800.0,
1985,HOODON_USDT,HOODON,Robinhood Markets Ondo Tokenized,USDT,Tether,0.2,0.001,3,5000000,3,2,tradable,1577808000,1756902600,normal,https://www.gate.com/trade/HOODON_USDT,False,0.06,4144.22,500000,0.15,0.15,,
1986,FF_USDT,FF,Falcon Finance,USDT,Tether,0.2,0.1,3,5000000,1,5,tradable,1577808000,1759150800,normal,https://www.gate.com/trade/FF_USDT,False,0.06,5042610.05,500000,0.35,0.35,,
1987,KAITO_USDT,KAITO,Kaito,USDT,Tether,0.2,0.01,3,5000000,2,4,tradable,1577808000,1740056400,normal,https://www.gate.com/trade/KAITO_USDT,False,0.08,562587.9,300000,0.3,0.3,,
1988,WAGMIGAMES_USDT,WAGMIGAMES,WAGMI Games,USDT,Tether,0.2,1,3,5000000,0,10,tradable,1607313600,1689775200,normal,https://www.gate.com/trade/WAGMIGAMES_USDT,False,0.1,104931794333.68,200000,0.4,0.4,,
1989,OXY_USDT,OXY,Oxygen Protocol,USDT,Tether,0.2,1,3,5000000,0,7,tradable,1607313600,1615903200,normal,https://www.gate.com/trade/OXY_USDT,False,0.1,477270015.51,200000,0.6,0.6,,
1990,VGX_USDT,VGX,VGX Token,USDT,Tether,0.2,1,3,5000000,0,7,tradable,1607313600,1637496000,normal,https://www.gate.com/trade/VGX_USDT,False,0.1,345274061.29,200000,0.4,0.4,,
1991,NIKO_USDT,NIKO,NikolAI,USDT,Tether,0.2,0.01,3,5000000,2,7,tradable,1577808000,1730988000,normal,https://www.gate.com/trade/NIKO_USDT,False,0.1,440480123.33,200000,0.4,0.4,,
1992,UNHON_USDT,UNHON,UnitedHealth Ondo Tokenized,USDT,Tether,0.2,0.001,3,5000000,3,2,tradable,1577808000,1756909800,normal,https://www.gate.com/trade/UNHON_USDT,False,0.05,1480.41,500000,0.15,0.15,,
1993,ELSA_USDT,ELSA,HeyElsa,USDT,Tether,0.2,1,3,5000000,0,5,tradable,1577808000,1769169600,normal,https://www.gate.com/trade/ELSA_USDT,False,0.05,0,0,0.4,0.4,,
1994,KDA_BTC,KDA,Kadena,BTC,Bitcoin,0.2,0.001,0.000001,100,3,11,tradable,1596702900,1638259200,normal,https://www.gate.com/trade/KDA_BTC,False,0.1,18572688.86,2.22222222,0.6,0.6,,
1995,IZI_USDT,IZI,izumi,USDT,Tether,0.2,0.1,3,5000000,1,6,tradable,1607313600,1640325600,normal,https://www.gate.com/trade/IZI_USDT,False,0.1,24446889.13,200000,0.4,0.4,,
1996,PUNDIX_USDT,PUNDIX,PundiX,USDT,Tether,0.2,0.01,3,5000000,2,4,tradable,1607313600,1617606000,normal,https://www.gate.com/trade/PUNDIX_USDT,False,0.1,1359619.31,300000,0.4,0.4,,
1997,LL_USDT,LL,LightLink,USDT,Tether,0.2,1,3,5000000,0,6,tradable,1607313600,1713945600,normal,https://www.gate.com/trade/LL_USDT,False,0.1,27313076.14,200000,0.4,0.4,,
1998,CRMC_USDT,CRMC,Chrema Coin,USDT,Tether,0.2,0.1,3,5000000,1,4,tradable,1577808000,1762236000,normal,https://www.gate.com/trade/CRMC_USDT,False,0.1,348099,200000,0.4,0.4,,
1999,AGI_USDT,AGI,Delysium,USDT,Tether,0.2,0.01,3,5000000,2,6,tradable,1607313600,1681214400,normal,https://www.gate.com/trade/AGI_USDT,False,0.1,23050326.55,300000,0.4,0.4,,
2000,GMWAGMI_USDT,GMWAGMI,GM,USDT,Tether,0.2,1,3,5000000,0,11,tradable,1607313600,1720591200,normal,https://www.gate.com/trade/GMWAGMI_USDT,False,0.1,964296907017.67,200000,0.4,0.4,,
2001,GMT_USDT,GMT,StepN,USDT,Tether,0.2,1,3,5000000,0,6,tradable,1596702900,1646917200,normal,https://www.gate.com/trade/GMT_USDT,False,0.1,20456870.1,300000,0.35,0.35,,
2002,KAS_USDT,KAS,Kaspa,USDT,Tether,0.2,0.01,3,5000000,2,5,tradable,1607313600,1679392800,normal,https://www.gate.com/trade/KAS_USDT,False,0.05,23062730.63,1000000,0.3,0.3,,
2003,MEZO_USDT,MEZO,Mezo,USDT,Tether,0.2,1,3,5000000,0,5,tradable,1577808000,1775052000,normal,https://www.gate.com/trade/MEZO_USDT,False,0.05,0,0,0.4,0.4,,
2004,PLUME_USDT,PLUME,Plume,USDT,Tether,0.2,1,3,5000000,0,6,tradable,1577808000,1737450000,normal,https://www.gate.com/trade/PLUME_USDT,False,0.08,31826861.87,500000,0.3,0.3,,
2005,GRASS_USDT,GRASS,Grass,USDT,Tether,0.2,0.01,3,5000000,2,4,tradable,1577808000,1730124000,normal,https://www.gate.com/trade/GRASS_USDT,False,0.08,1647446.46,500000,0.2,0.2,,
2006,CREO_USDT,CREO,Creo Engine,USDT,Tether,0.2,1,3,5000000,0,7,tradable,1607313600,1709899200,normal,https://www.gate.com/trade/CREO_USDT,False,0.1,98087297.69,200000,0.4,0.4,,
2007,RESOLV_USDT,RESOLV,Resolv,USDT,Tether,0.2,0.01,3,5000000,2,5,tradable,1577808000,1749560400,normal,https://www.gate.com/trade/RESOLV_USDT,False,0.08,7011147.72,500000,0.3,0.3,,
2008,WRT_USDT,WRT,WingRiders,USDT,Tether,0.2,1,3,5000000,0,6,tradable,1596702900,1657792800,normal,https://www.gate.com/trade/WRT_USDT,False,0.1,10953502,100000,0.4,0.4,,
2009,NEAR5S_USDT,NEAR5S,NEAR5xShort,USDT,Tether,0.2,0.01,3,5000000,2,5,tradable,1577808000,1763715600,normal,https://www.gate.com/trade/NEAR5S_USDT,False,0.08,104529.62,300000,0.6,0.6,,
2010,AXS5S_USDT,AXS5S,AXS5xShort,USDT,Tether,0.2,0.01,3,5000000,2,6,tradable,1582704000,1770883200,normal,https://www.gate.com/trade/AXS5S_USDT,False,0.1,769867.39,200000,0.6,0.6,,
2011,FOXSY_USDT,FOXSY,Foxsy AI,USDT,Tether,0.2,1,3,5000000,0,7,tradable,1609866000,1722420000,normal,https://www.gate.com/trade/FOXSY_USDT,False,0.1,56385678.04,200000,0.4,0.4,,
2012,ANIME3S_USDT,ANIME3S,ANIME3xShort,USDT,Tether,0.2,0.01,3,5000000,2,5,tradable,1577808000,1749459600,normal,https://www.gate.com/trade/ANIME3S_USDT,False,0.1,177888.46,200000,0.6,0.6,,
2013,AM_USDT,AM,Aston Martin Cognizant Fan Token,USDT,Tether,0.2,1,3,5000000,0,5,tradable,1608782400,1661515200,normal,https://www.gate.com/trade/AM_USDT,False,0.1,2045303.47,200000,0.4,0.4,,
2014,MY_USDT,MY,MetYa,USDT,Tether,0.2,0.1,3,5000000,1,5,tradable,1577808000,1762344000,normal,https://www.gate.com/trade/MY_USDT,False,0.1,3742374.91,500000,0.35,0.35,,
2015,YFI_USDT,YFI,YearnFinance,USDT,Tether,0.2,0.0001,3,5000000,4,1,tradable,1596098100,1596098100,normal,https://www.gate.com/trade/YFI_USDT,False,0.08,91.38,300000,0.35,0.35,,
2016,USD1_USDT,USD1,World Liberty Financial USD,USDT,Tether,0.2,0.01,3,5000000,2,4,tradable,1577808000,1748444400,normal,https://www.gate.com/trade/USD1_USDT,False,0.03,2000000,2000000,0.08,0.08,,
2017,BAN_USDT,BAN,Comedian,USDT,Tether,0.2,0.01,3,5000000,2,5,tradable,0,1731481200,normal,https://www.gate.com/trade/BAN_USDT,False,0.1,3768370.81,300000,0.35,0.35,,
2018,LRN_USDT,LRN,LRN,USDT,Tether,0.2,0.1,3,5000000,1,6,tradable,0,1525233600,normal,https://www.gate.com/trade/LRN_USDT,False,0.1,168421053,200000,0.4,0.4,,
2019,XPB3S_USDT,XPB3S,XPB3xShort,USDT,Tether,0.2,0.01,3,5000000,2,5,tradable,1577808000,1769688000,normal,https://www.gate.com/trade/XPB3S_USDT,False,0.1,0,0,0.6,0.6,,
2020,NUMI_USDT,NUMI,Numine,USDT,Tether,0.2,0.01,3,5000000,2,5,tradable,1577808000,1743422400,normal,https://www.gate.com/trade/NUMI_USDT,False,0.1,4540638.72,300000,0.4,0.4,,
2021,NUX_USDT,NUX,Peanut,USDT,Tether,0.2,0.1,3,5000000,1,6,tradable,1607313600,1614088800,normal,https://www.gate.com/trade/NUX_USDT,False,0.1,107209863.31,200000,0.4,0.4,,
2022,ZF_USDT,ZF,zkSwap Finance,USDT,Tether,0.2,0.01,3,5000000,2,7,tradable,1596702900,1709370000,normal,https://www.gate.com/trade/ZF_USDT,False,0.1,163867267.51,200000,0.4,0.4,,
2023,J_USDT,J,Jambo,USDT,Tether,0.2,1,3,5000000,0,6,tradable,1577808000,1737540000,normal,https://www.gate.com/trade/J_USDT,False,0.1,9866798.22,300000,0.4,0.4,,
2024,PACK_USDT,PACK,HashPack,USDT,Tether,0.2,1,3,5000000,0,6,tradable,1581683700,1718280000,normal,https://www.gate.com/trade/PACK_USDT,False,0.1,13582342.95,100000,0.4,0.4,,
2025,XTER_USDT,XTER,Xterio,USDT,Tether,0.2,0.1,3,5000000,1,5,tradable,1577808000,1757584800,normal,https://www.gate.com/trade/XTER_USDT,False,0.1,6589785.83,200000,0.4,0.4,,
2026,AXS_USDT,AXS,Axie Infinity,USDT,Tether,0.2,0.01,3,5000000,2,4,tradable,1607313600,1617080400,normal,https://www.gate.com/trade/AXS_USDT,False,0.08,338085.31,300000,0.3,0.3,,
2027,OP3S_USDT,OP3S,OP3xShort,USDT,Tether,0.2,0.01,3,5000000,2,5,tradable,1582704000,1582704000,normal,https://www.gate.com/trade/OP3S_USDT,False,0.1,6661485.51,300000,0.6,0.6,,
2028,CARV_USDT,CARV,CARV,USDT,Tether,0.2,1,3,5000000,0,5,tradable,1607313600,1728547200,normal,https://www.gate.com/trade/CARV_USDT,False,0.08,2453987.73,300000,0.35,0.35,,
2029,BANANA_USDT,BANANA,Banana Gun,USDT,Tether,0.2,0.001,3,5000000,3,3,tradable,1607313600,1721358000,normal,https://www.gate.com/trade/BANANA_USDT,False,0.1,44039.93,300000,0.3,0.3,,
2030,WEETH_USDT,WEETH,Wrapped eETH,USDT,Tether,0.2,0.0001,3,5000000,4,2,tradable,1607313600,1710770400,normal,https://www.gate.com/trade/WEETH_USDT,False,0.1,63.32,200000,0.35,0.35,,
2031,MON_USDT,MON,Monad,USDT,Tether,0.2,1,3,5000000,0,5,tradable,1607313600,1763996400,normal,https://www.gate.com/trade/MON_USDT,False,0.06,24801587.3,500000,0.3,0.3,,
2032,GROK_USDT,GROK,Grok,USDT,Tether,0.2,1,3,5000000,0,7,tradable,1607313600,1699862400,normal,https://www.gate.com/trade/GROK_USDT,False,0.1,399002493.77,200000,0.4,0.4,,
2033,RITE_USDT,RITE,ritestream,USDT,Tether,0.2,1,3,5000000,0,7,tradable,1607313600,1648112400,normal,https://www.gate.com/trade/RITE_USDT,False,0.1,204865556.98,200000,0.4,0.4,,
2034,QKA_USDT,QKA,Qkacoin,USDT,Tether,0.2,0.01,3,5000000,2,4,tradable,1577808000,1739502000,normal,https://www.gate.com/trade/QKA_USDT,False,0.1,780335.54,200000,0.4,0.4,,
2035,ORAI_USDT,ORAI,Oraichain Token,USDT,Tether,0.2,0.01,3,5000000,2,4,tradable,1607313600,1612432800,normal,https://www.gate.com/trade/ORAI_USDT,False,0.1,242836.33,200000,0.35,0.35,,
2036,IMPT_USDT,IMPT,IMPT,USDT,Tether,0.2,0.1,3,5000000,1,6,tradable,1607313600,1672567200,normal,https://www.gate.com/trade/IMPT_USDT,False,0.1,74404761.9,200000,0.4,0.4,,
2037,MANA_USDT,MANA,Decentraland,USDT,Tether,0.2,0.01,3,5000000,2,5,tradable,0,0,normal,https://www.gate.com/trade/MANA_USDT,False,0.08,2263296.87,300000,0.35,0.35,,
2038,MONPRO_USDT,MONPRO,Pixelmon,USDT,Tether,0.2,0.1,3,5000000,1,6,tradable,1577808000,1760162400,normal,https://www.gate.com/trade/MONPRO_USDT,False,0.1,23626698.17,200000,0.4,0.4,,
2039,IMU_USDT,IMU,Immunefi,USDT,Tether,0.2,1,3,5000000,0,6,tradable,1577808000,1769090400,normal,https://www.gate.com/trade/IMU_USDT,False,0.1,0,0,0.4,0.4,,
2040,C_USDT,C,Chainbase,USDT,Tether,0.2,1,3,5000000,0,5,tradable,1577808000,1752832800,normal,https://www.gate.com/trade/C_USDT,False,0.1,3475440.22,300000,0.35,0.35,,
2041,STORJ_USDT,STORJ,Storj,USDT,Tether,0.2,1,3,5000000,0,5,tradable,0,0,normal,https://www.gate.com/trade/STORJ_USDT,False,0.1,2484472.05,300000,0.35,0.35,,
2042,ZK_USDT,ZK,zkSync,USDT,Tether,0.2,0.01,3,5000000,2,5,tradable,1596702900,1718611200,normal,https://www.gate.com/trade/ZK_USDT,False,0.06,17485574.4,500000,0.2,0.2,,
2043,XPB3L_USDT,XPB3L,XPB3xLong,USDT,Tether,0.2,0.01,3,5000000,2,5,tradable,1577808000,1769688000,normal,https://www.gate.com/trade/XPB3L_USDT,False,0.1,0,0,0.6,0.6,,
2044,DOOD_USDT,DOOD,Doodles,USDT,Tether,0.2,0.01,3,5000000,2,6,tradable,1577808000,1746795900,normal,https://www.gate.com/trade/DOOD_USDT,False,0.08,95192765.35,500000,0.35,0.35,,
2045,PORT3_USDT,PORT3,Port3 Network,USDT,Tether,0.2,1,3,5000000,0,7,tradable,1607313600,1704700800,normal,https://www.gate.com/trade/PORT3_USDT,False,0.1,75757575.76,200000,0.4,0.4,,
2046,AMDON_USDT,AMDON,AMD Ondo Tokenized,USDT,Tether,0.2,0.001,3,5000000,3,2,tradable,1577808000,1765269000,normal,https://www.gate.com/trade/AMDON_USDT,False,0.05,2381.18,500000,0.15,0.15,,
2047,KNINE_USDT,KNINE,K9 Finance DAO,USDT,Tether,0.2,1,3,5000000,0,10,tradable,1607313600,1723820400,normal,https://www.gate.com/trade/KNINE_USDT,False,0.1,171453064723.53,200000,0.4,0.4,,
2048,HIVE_USDT,HIVE,Hive,USDT,Tether,0.2,1,3,5000000,0,5,tradable,1588149300,1588149300,normal,https://www.gate.com/trade/HIVE_USDT,False,0.1,3273858.24,300000,0.35,0.35,,
2049,ADA5S_USDT,ADA5S,ADA5xShort,USDT,Tether,0.2,0.01,3,5000000,2,3,tradable,1577808000,1762158600,normal,https://www.gate.com/trade/ADA5S_USDT,False,0.08,39149.16,300000,0.6,0.6,,
2050,RSS3_USDT,RSS3,RSS3,USDT,Tether,0.2,1,3,5000000,0,6,tradable,1607313600,1644832800,normal,https://www.gate.com/trade/RSS3_USDT,False,0.1,16253555.47,200000,0.4,0.4,,
2051,FWOG_USDT,FWOG,FWOG,USDT,Tether,0.2,1,3,5000000,0,6,tradable,1596702900,1728295200,normal,https://www.gate.com/trade/FWOG_USDT,True,0.1,21994941.16,200000,0.4,0.4,1776826800.0,
2052,XCH_USDT,XCH,Chia,USDT,Tether,0.2,0.001,3,5000000,3,3,tradable,0,1619766000,normal,https://www.gate.com/trade/XCH_USDT,False,0.08,62768.07,300000,0.35,0.35,,
2053,GEOD_USDT,GEOD,GEODNET,USDT,Tether,0.2,0.01,3,5000000,2,5,tradable,1596702900,1719309600,normal,https://www.gate.com/trade/GEOD_USDT,False,0.1,1467189.96,200000,0.4,0.4,,
2054,VELODROME_USDT,VELODROME,Velodrome,USDT,Tether,0.2,0.01,3,5000000,2,5,tradable,1607313600,1678269600,normal,https://www.gate.com/trade/VELODROME_USDT,False,0.1,8851515.82,200000,0.35,0.35,,
2055,PGX_USDT,PGX,Procter & Gamble xStock,USDT,Tether,0.2,0.001,3,5000000,3,2,tradable,1577808000,1753884000,normal,https://www.gate.com/trade/PGX_USDT,False,0.1,2037,300000,0.3,0.3,,
2056,MANTA_USDT,MANTA,Manta Network,USDT,Tether,0.2,1,3,5000000,0,5,tradable,1583901300,1705572000,normal,https://www.gate.com/trade/MANTA_USDT,False,0.1,4012036.11,300000,0.3,0.3,,
2057,ARC3L_USDT,ARC3L,ARC3xLong,USDT,Tether,0.2,0.01,3,5000000,2,5,tradable,1577808000,1772622000,normal,https://www.gate.com/trade/ARC3L_USDT,False,0.1,0,0,0.6,0.6,,
2058,BLD_USDT,BLD,Agoric,USDT,Tether,0.2,0.01,3,5000000,2,6,tradable,1596702900,1702465200,normal,https://www.gate.com/trade/BLD_USDT,False,0.1,19982016.19,100000,0.4,0.4,,
2059,INTER_USDT,INTER,Inter Milan Fan Token,USDT,Tether,0.2,0.01,3,5000000,2,4,tradable,1608782400,1663056000,normal,https://www.gate.com/trade/INTER_USDT,False,0.1,852393.81,300000,0.4,0.4,,
2060,RAI_USDT,RAI,Rai Reflex Index,USDT,Tether,0.2,0.01,3,5000000,2,3,tradable,1607313600,1617174000,normal,https://www.gate.com/trade/RAI_USDT,False,0.1,59303,200000,0.4,0.4,,
2061,MANTA_USDC,MANTA,Manta Network,USDC,USDCoin,0.2,0.01,1,5000000,2,5,tradable,1583901300,1705572000,normal,https://www.gate.com/trade/MANTA_USDC,False,0.1,2675943.27,200000,0.4,0.4,,
2062,WALLET_USDT,WALLET,Ambire Wallet,USDT,Tether,0.2,0.1,3,5000000,1,6,tradable,1607313600,1649325600,normal,https://www.gate.com/trade/WALLET_USDT,False,0.1,12946240.74,200000,0.4,0.4,,
2063,MOB_USDT,MOB,MobileCoin,USDT,Tether,0.2,0.01,3,5000000,2,4,tradable,1609434000,1651309200,normal,https://www.gate.com/trade/MOB_USDT,False,0.1,1176470.59,200000,0.4,0.4,,
2064,DORA_USDT,DORA,Dorayaki,USDT,Tether,0.2,1,3,5000000,0,6,tradable,1607313600,1616490000,normal,https://www.gate.com/trade/DORA_USDT,False,0.1,22931835.12,200000,0.4,0.4,,
2065,LPT3L_USDT,LPT3L,LPT3xLong,USDT,Tether,0.2,0.01,3,5000000,2,5,tradable,1577808000,1766995200,normal,https://www.gate.com/trade/LPT3L_USDT,False,0.1,160384923.82,200000,0.6,0.6,,
2066,GOCHU_USDT,GOCHU,GochujangCoin,USDT,Tether,0.2,0.1,3,5000000,1,10,tradable,1577808000,1748520000,normal,https://www.gate.com/trade/GOCHU_USDT,False,0.1,488698839340.26,200000,0.4,0.4,,
2067,NEO_BTC,NEO,Neo,BTC,Bitcoin,0.2,0.001,0.000001,100,3,8,tradable,0,0,normal,https://www.gate.com/trade/NEO_BTC,False,0.1,77836.15,3.333333333,0.6,0.6,,
2068,CRU_USDT,CRU,Crust,USDT,Tether,0.2,0.01,3,5000000,2,5,tradable,1607313600,1611115200,normal,https://www.gate.com/trade/CRU_USDT,False,0.1,8107012.57,200000,0.4,0.4,,
2069,MAT_USDT,MAT,Matchain,USDT,Tether,0.2,1,3,5000000,0,5,tradable,1608782400,1750334400,normal,https://www.gate.com/trade/MAT_USDT,False,0.1,1345442.31,200000,0.4,0.4,,
2070,MRSOON_USDT,MRSOON,Ton Station,USDT,Tether,0.2,1,3,5000000,0,9,tradable,1577808000,1745820000,normal,https://www.gate.com/trade/MRSOON_USDT,False,0.1,14295925661.19,200000,0.4,0.4,,
2071,PIGGY_USDT,PIGGY,Piggycell,USDT,Tether,0.2,1,3,5000000,0,5,tradable,1577808000,1761652800,normal,https://www.gate.com/trade/PIGGY_USDT,False,0.1,3976143.14,100000,0.4,0.4,,
2072,JPN2253L_USDT,JPN2253L,JPN2253xLong,USDT,Tether,0.2,0.01,3,5000000,2,5,tradable,1577808000,1769742000,normal,https://www.gate.com/trade/JPN2253L_USDT,False,0.1,0,0,0.6,0.6,,
2073,SYRUP_USDT,SYRUP,Maple,USDT,Tether,0.2,0.01,3,5000000,2,4,tradable,1577808000,1731564000,normal,https://www.gate.com/trade/SYRUP_USDT,False,0.06,1819902.45,500000,0.3,0.3,,
2074,SUT_USDT,SUT,SUPERTRUST,USDT,Tether,0.2,0.1,3,5000000,1,4,tradable,1577808000,1743764400,normal,https://www.gate.com/trade/SUT_USDT,False,0.08,720564.92,500000,0.35,0.35,,
2075,GT_ETH,GT,GateToken,ETH,Ethereum,0.2,0.001,0.001,1000,3,7,tradable,0,1555833600,normal,https://www.gate.com/trade/GT_ETH,False,0.1,28489.22,100,0.6,0.6,,
2076,XLM_USDT,XLM,Stellar,USDT,Tether,0.2,0.01,3,5000000,2,5,tradable,0,0,normal,https://www.gate.com/trade/XLM_USDT,False,0.05,4627808.5,1000000,0.15,0.15,,
2077,FISHW_USDT,FISHW,Fishwar,USDT,Tether,0.2,1,3,5000000,0,9,tradable,1577808000,1748599200,normal,https://www.gate.com/trade/FISHW_USDT,False,0.1,27611596870.69,300000,0.4,0.4,,
2078,GOOGL3L_USDT,GOOGL3L,GOOGL3xLong,USDT,Tether,0.2,0.01,3,5000000,2,5,tradable,1577808000,1769427000,normal,https://www.gate.com/trade/GOOGL3L_USDT,False,0.1,0,0,0.6,0.6,,
2079,ARC3S_USDT,ARC3S,ARC3xShort,USDT,Tether,0.2,0.01,3,5000000,2,5,tradable,1577808000,1772622000,normal,https://www.gate.com/trade/ARC3S_USDT,False,0.1,0,0,0.6,0.6,,
2080,IO_USDT,IO,io.net,USDT,Tether,0.2,1,3,5000000,0,5,tradable,1609434000,1718107200,normal,https://www.gate.com/trade/IO_USDT,False,0.08,3179650.24,500000,0.2,0.2,,
2081,G3_USDT,G3,GAM3S.GG,USDT,Tether,0.2,1,3,5000000,0,7,tradable,1607313600,1712656800,normal,https://www.gate.com/trade/G3_USDT,False,0.1,314613811.55,200000,0.4,0.4,,
2082,小股东_USDT,小股东,小股东,USDT,Tether,0.2,1,3,5000000,0,8,tradable,1577808000,1768374000,normal,https://www.gate.com/trade/小股东_USDT,False,0.1,0,0,0.4,0.4,,
2083,NOM_USDT,NOM,Nomina,USDT,Tether,0.2,1,3,5000000,0,6,tradable,0,1758506400,normal,https://www.gate.com/trade/NOM_USDT,False,0.1,41736227.05,300000,0.4,0.4,,
2084,LUMIA_USDT,LUMIA,Lumia,USDT,Tether,0.2,1,3,5000000,0,5,tradable,1577808000,1729504800,normal,https://www.gate.com/trade/LUMIA_USDT,False,0.1,2897151.13,300000,0.35,0.35,,
2085,BST_USDT,BST,Blocksquare,USDT,Tether,0.2,0.01,3,5000000,2,5,tradable,1607313600,1709550000,normal,https://www.gate.com/trade/BST_USDT,False,0.1,7469654.53,200000,0.4,0.4,,
2086,GOOGL3S_USDT,GOOGL3S,GOOGL3xShort,USDT,Tether,0.2,0.01,3,5000000,2,5,tradable,1577808000,1769427000,normal,https://www.gate.com/trade/GOOGL3S_USDT,False,0.1,0,0,0.6,0.6,,
2087,SWFTC_USDT,SWFTC,SwftCoin,USDT,Tether,0.2,0.1,3,5000000,1,6,tradable,1607313600,1644919200,normal,https://www.gate.com/trade/SWFTC_USDT,False,0.1,47528517.11,200000,0.4,0.4,,
2088,REZ_USDT,REZ,Renzo,USDT,Tether,0.2,0.01,3,5000000,2,6,tradable,1609434000,1714478400,normal,https://www.gate.com/trade/REZ_USDT,False,0.1,63890959.43,300000,0.3,0.3,,
2089,RACA_USDT,RACA,Radio Caca,USDT,Tether,0.2,0.1,3,5000000,1,8,tradable,1608782400,1630058400,normal,https://www.gate.com/trade/RACA_USDT,False,0.1,8249123530.62,200000,0.4,0.4,,
2090,PIT_USDT,PIT,Pitbull,USDT,Tether,0.2,0.1,3,5000000,1,13,tradable,1607313600,1654160400,normal,https://www.gate.com/trade/PIT_USDT,False,0.1,886721347816449,200000,0.4,0.4,,
2091,AXS5L_USDT,AXS5L,AXS5xLong,USDT,Tether,0.2,0.01,3,5000000,2,7,tradable,1582704000,1762765200,normal,https://www.gate.com/trade/AXS5L_USDT,False,0.1,2207992.93,200000,0.6,0.6,,
2092,ASTER3S_USDT,ASTER3S,ASTER3xShort,USDT,Tether,0.2,0.01,3,5000000,2,5,tradable,1577808000,1761818400,normal,https://www.gate.com/trade/ASTER3S_USDT,False,0.1,579659.74,300000,0.6,0.6,,
2093,REZ_USDC,REZ,Renzo,USDC,USDCoin,0.2,0.01,1,5000000,2,6,tradable,1609434000,1714478400,normal,https://www.gate.com/trade/REZ_USDC,False,0.1,42666666.67,200000,0.4,0.4,,
2094,ARCHAI_USDT,ARCHAI,ARCH AI,USDT,Tether,0.2,0.1,3,5000000,1,7,tradable,1577808000,1746529200,normal,https://www.gate.com/trade/ARCHAI_USDT,False,0.1,133377792.6,200000,0.4,0.4,,
2095,XAN_USDT,XAN,Anoma,USDT,Tether,0.2,1,3,5000000,0,6,tradable,1577808000,1759140000,normal,https://www.gate.com/trade/XAN_USDT,False,0.1,21208907.74,300000,0.35,0.35,,
2096,TFUEL_USDT,TFUEL,ThetaFuel,USDT,Tether,0.2,0.01,3,5000000,2,5,tradable,0,1552975200,normal,https://www.gate.com/trade/TFUEL_USDT,False,0.1,15682174.59,300000,0.4,0.4,,
2097,STBL_USDT,STBL,STBL,USDT,Tether,0.2,0.1,3,5000000,1,5,tradable,1577808000,1758880800,normal,https://www.gate.com/trade/STBL_USDT,False,0.1,6653359.95,300000,0.35,0.35,,
2098,ON_USDT,ON,Orochi Network,USDT,Tether,0.2,1,3,5000000,0,5,tradable,1577808000,1761300000,normal,https://www.gate.com/trade/ON_USDT,False,0.1,2764976.96,300000,0.4,0.4,,
2099,TTD_USDT,TTD,TradeTide,USDT,Tether,0.2,1,3,5000000,0,7,tradable,1577808000,1766224800,normal,https://www.gate.com/trade/TTD_USDT,False,0.1,0,0,0.4,0.4,,
2100,CUSD_USDT,CUSD,Celo Dollar,USDT,Tether,0.2,0.01,3,5000000,2,4,tradable,1598599800,1652086800,normal,https://www.gate.com/trade/CUSD_USDT,False,0.03,1000000,1000000,0.08,0.08,,
2101,ASTER3L_USDT,ASTER3L,ASTER3xLong,USDT,Tether,0.2,0.01,3,5000000,2,5,tradable,1577808000,1761818400,normal,https://www.gate.com/trade/ASTER3L_USDT,False,0.1,1765588.68,300000,0.6,0.6,,
2102,TRVL_BTC,TRVL,Dtravel,BTC,Bitcoin,0.2,0.001,0.000001,100,3,12,tradable,1607313600,1637931600,normal,https://www.gate.com/trade/TRVL_BTC,False,0.1,123183050,2.22222222,0.6,0.6,,
2103,GAFI_USDT,GAFI,GameFi,USDT,Tether,0.2,0.01,3,5000000,2,4,tradable,1608782400,1631610000,normal,https://www.gate.com/trade/GAFI_USDT,False,0.1,477611.94,200000,0.4,0.4,,
2104,DOT3S_USDT,DOT3S,DOT3xShort,USDT,Tether,0.2,0.01,3,5000000,2,4,tradable,1582704000,1753691400,normal,https://www.gate.com/trade/DOT3S_USDT,False,0.1,320068.28,300000,0.6,0.6,,
2105,PIPPIN3S_USDT,PIPPIN3S,PIPPIN3xShort,USDT,Tether,0.2,0.01,3,5000000,2,7,tradable,1577808000,1769769000,normal,https://www.gate.com/trade/PIPPIN3S_USDT,False,0.1,0,0,0.6,0.6,,
2106,WAVES_BTC,WAVES,Waves,BTC,Bitcoin,0.2,0.001,0.000001,100,3,9,tradable,0,0,normal,https://www.gate.com/trade/WAVES_BTC,False,0.1,279436.93,2.22222222,0.6,0.6,,
2107,LTC_USDT,LTC,Litecoin,USDT,Tether,0.2,0.001,3,5000000,3,2,tradable,0,0,normal,https://www.gate.com/trade/LTC_USDT,False,0.06,12757.54,1000000,0.1,0.1,,
2108,MAON_USDT,MAON,Mastercard Ondo Tokenized,USDT,Tether,0.2,0.001,3,5000000,3,2,tradable,1577808000,1756902600,normal,https://www.gate.com/trade/MAON_USDT,False,0.05,884.58,500000,0.15,0.15,,
2109,AO_USDT,AO,AO,USDT,Tether,0.2,0.01,3,5000000,2,3,tradable,1577808000,1742396400,normal,https://www.gate.com/trade/AO_USDT,False,0.1,57548.44,300000,0.4,0.4,,
2110,LTC_USDC,LTC,Litecoin,USDC,USDCoin,0.2,0.001,1,5000000,3,4,tradable,0,0,normal,https://www.gate.com/trade/LTC_USDC,False,0.05,12766.81,1000000,0.35,0.35,,
2111,VON_USDT,VON,Vameon,USDT,Tether,0.2,1,3,5000000,0,9,tradable,1577808000,1735030800,normal,https://www.gate.com/trade/VON_USDT,False,0.1,11334655709.83,200000,0.4,0.4,,
2112,GOOGLON_USDT,GOOGLON,Alphabet Class A Ondo Tokenized,USDT,Tether,0.2,0.001,3,5000000,3,2,tradable,1577808000,1756899000,normal,https://www.gate.com/trade/GOOGLON_USDT,False,0.05,1623.4,500000,0.15,0.15,,
2113,NBLU_USDT,NBLU,NuriTopia,USDT,Tether,0.2,0.1,3,5000000,1,7,tradable,1608782400,1679623200,normal,https://www.gate.com/trade/NBLU_USDT,False,0.1,131337010.77,200000,0.4,0.4,,
2114,CARAT_USDT,CARAT,Alaska Gold Rush,USDT,Tether,0.2,0.1,3,5000000,1,7,tradable,1607313600,1681992000,normal,https://www.gate.com/trade/CARAT_USDT,False,0.1,296515937.73,100000,0.4,0.4,,
2115,VSX_USDT,VSX,Versus-X,USDT,Tether,0.2,0.01,3,5000000,2,7,tradable,1596702900,1712055600,normal,https://www.gate.com/trade/VSX_USDT,False,0.1,73776236.67,100000,0.4,0.4,,
2116,ZBCN_USDT,ZBCN,Zebec Protocol,USDT,Tether,0.2,0.1,3,5000000,1,6,tradable,1596702900,1713254400,normal,https://www.gate.com/trade/ZBCN_USDT,False,0.08,201775625.5,500000,0.35,0.35,,
2117,ETH3S_USDT,ETH3S,ETH3xShort,USDT,Tether,0.2,0.01,3,5000000,2,4,tradable,1582776000,1749112200,normal,https://www.gate.com/trade/ETH3S_USDT,False,0.1,925154.96,500000,0.6,0.6,,
2118,RIVER3L_USDT,RIVER3L,RIVER3xLong,USDT,Tether,0.2,0.01,3,5000000,2,7,tradable,1577808000,1773302400,normal,https://www.gate.com/trade/RIVER3L_USDT,False,0.1,0,0,0.6,0.6,,
2119,BLESS_USDT,BLESS,Bless,USDT,Tether,0.2,0.1,3,5000000,1,6,tradable,1577808000,1758704400,normal,https://www.gate.com/trade/BLESS_USDT,False,0.1,21842009.46,300000,0.35,0.35,,
2120,JUC_USDT,JUC,JUICE,USDT,Tether,0.2,1,3,5000000,0,7,tradable,1608782400,1721282400,normal,https://www.gate.com/trade/JUC_USDT,False,0.1,314465408.81,200000,0.4,0.4,,
2121,MAY_USDT,MAY,Mayflower,USDT,Tether,0.2,1,3,5000000,0,6,tradable,1577808000,1751436000,normal,https://www.gate.com/trade/MAY_USDT,False,0.1,16597510.37,200000,0.4,0.4,,
2122,BCH_USDC,BCH,BitcoinCash,USDC,USDCoin,0.2,0.001,1,5000000,3,1,tradable,0,0,normal,https://www.gate.com/trade/BCH_USDC,False,0.06,917.35,500000,0.35,0.35,,
2123,BRIC_USDT,BRIC,Redbrick,USDT,Tether,0.2,1,3,5000000,0,7,tradable,1577808000,1750500000,normal,https://www.gate.com/trade/BRIC_USDT,False,0.1,52742616.03,200000,0.4,0.4,,
2124,CAW_USDT,CAW,crow with knife,USDT,Tether,0.2,1,3,5000000,0,12,tradable,1568694900,1719565200,normal,https://www.gate.com/trade/CAW_USDT,False,0.1,19910403185665,200000,0.4,0.4,,
2125,BCH_USDT,BCH,BitcoinCash,USDT,Tether,0.2,0.001,3,5000000,3,2,tradable,0,0,normal,https://www.gate.com/trade/BCH_USDT,False,0.06,1834.37,1000000,0.15,0.15,,
2126,BICITY_USDT,BICITY,BiCity,USDT,Tether,0.2,1,3,5000000,0,9,tradable,1607313600,1721037600,normal,https://www.gate.com/trade/BICITY_USDT,False,0.1,598506725.72,200000,0.4,0.4,,
2127,FRONTIERS_USDT,FRONTIERS,Dark Frontiers,USDT,Tether,0.2,1,3,5000000,0,7,tradable,1577808000,1745215200,normal,https://www.gate.com/trade/FRONTIERS_USDT,False,0.1,134183160,200000,0.4,0.4,,
2128,ELP_USDT,ELP,Elympics,USDT,Tether,0.2,1,3,5000000,0,7,tradable,1577808000,1753358400,normal,https://www.gate.com/trade/ELP_USDT,False,0.1,53872053.87,200000,0.4,0.4,,
2129,BONK_USDC,BONK,Bonk,USDC,USDCoin,0.2,0.1,1,5000000,1,9,tradable,1596702900,1672808400,normal,https://www.gate.com/trade/BONK_USDC,False,0.08,35610421983.5,300000,0.35,0.35,,
2130,ASP_USDT,ASP,Aspecta,USDT,Tether,0.2,1,3,5000000,0,5,tradable,1577808000,1753358400,normal,https://www.gate.com/trade/ASP_USDT,False,0.1,6458557.59,300000,0.4,0.4,,
2131,FLT_USDT,FLT,Fluence,USDT,Tether,0.2,1,3,5000000,0,6,tradable,1607313600,1710936000,normal,https://www.gate.com/trade/FLT_USDT,False,0.1,17189514.4,200000,0.4,0.4,,
2132,VOOI_USDT,VOOI,VOOI,USDT,Tether,0.2,1,3,5000000,0,6,tradable,1577808000,1766062800,normal,https://www.gate.com/trade/VOOI_USDT,False,0.1,11700468.02,300000,0.4,0.4,,
2133,ONG_USDT,ONG,OntologyGas,USDT,Tether,0.2,0.01,3,5000000,2,5,tradable,0,1550296800,normal,https://www.gate.com/trade/ONG_USDT,False,0.1,3717472.12,300000,0.4,0.4,,
2134,CELO_USDT,CELO,CeloGold,USDT,Tether,0.2,1,3,5000000,0,5,tradable,1598599800,1598614200,normal,https://www.gate.com/trade/CELO_USDT,False,0.08,2227998.51,300000,0.3,0.3,,
2135,META3S_USDT,META3S,META3xShort,USDT,Tether,0.2,0.01,3,5000000,2,5,tradable,1577808000,1769427000,normal,https://www.gate.com/trade/META3S_USDT,False,0.1,0,0,0.6,0.6,,
2136,LOOT_USDT,LOOT,Lootex,USDT,Tether,0.2,0.01,3,5000000,2,7,tradable,1607313600,1646308800,normal,https://www.gate.com/trade/LOOT_USDT,True,0.1,83776651.45,100000,0.4,0.4,1776826800.0,
2137,GFI_ETH,GFI,Goldfinch,ETH,Ethereum,0.2,0.01,0.001,1000,2,8,tradable,1607313600,1641988800,normal,https://www.gate.com/trade/GFI_ETH,False,0.1,1031991.74,66.66666667,0.6,0.6,,
2138,MAJOR_USDT,MAJOR,Major,USDT,Tether,0.2,0.01,3,5000000,2,5,tradable,1577808000,1732795200,normal,https://www.gate.com/trade/MAJOR_USDT,False,0.1,1743375.17,200000,0.4,0.4,,
2139,MOOO_USDT,MOOO,Hashtagger,USDT,Tether,0.2,0.01,3,5000000,2,5,tradable,1607313600,1639454400,normal,https://www.gate.com/trade/MOOO_USDT,False,0.1,5986232,100000,0.4,0.4,,
2140,TIA3S_USDT,TIA3S,TIA3xShort,USDT,Tether,0.2,0.01,3,5000000,2,5,tradable,1577808000,1732507993,normal,https://www.gate.com/trade/TIA3S_USDT,False,0.1,2019793.98,300000,0.6,0.6,,
2141,SFP_USDT,SFP,SafePal,USDT,Tether,0.2,0.01,3,5000000,2,4,tradable,1608782400,1613638800,normal,https://www.gate.com/trade/SFP_USDT,False,0.08,939555.28,300000,0.35,0.35,,
2142,SWGT_USDT,SWGT,SmartWorld Global Token,USDT,Tether,0.2,1,3,5000000,0,5,tradable,1607313600,1723798800,normal,https://www.gate.com/trade/SWGT_USDT,False,0.1,9227220.3,200000,0.4,0.4,,
2143,TOWN_USDT,TOWN,Alt.town,USDT,Tether,0.2,1,3,5000000,0,7,tradable,1577808000,1756198800,normal,https://www.gate.com/trade/TOWN_USDT,False,0.1,285816362.99,200000,0.4,0.4,,
2144,XNL_USDT,XNL,Novastro,USDT,Tether,0.2,1,3,5000000,0,7,tradable,1607313600,1761739200,normal,https://www.gate.com/trade/XNL_USDT,False,0.1,178491744.76,200000,0.4,0.4,,
2145,TRKX_USDT,TRKX,Trakx,USDT,Tether,0.2,0.01,3,5000000,2,7,tradable,1577808000,1728903600,normal,https://www.gate.com/trade/TRKX_USDT,False,0.1,424403183.02,200000,0.4,0.4,,
2146,BAS_USDT,BAS,BNB Attestation Service,USDT,Tether,0.2,1,3,5000000,0,6,tradable,1608616800,1758191400,normal,https://www.gate.com/trade/BAS_USDT,False,0.1,62057837.9,500000,0.4,0.4,,
2147,GAT_USDT,GAT,Gather,USDT,Tether,0.2,0.01,3,5000000,2,4,tradable,0,1721386800,normal,https://www.gate.com/trade/GAT_USDT,False,0.1,199860.1,100000,0.4,0.4,,
2148,BCH5L_USDT,BCH5L,BCH5xLong,USDT,Tether,0.2,0.01,3,5000000,2,6,tradable,1582704000,1582704000,normal,https://www.gate.com/trade/BCH5L_USDT,False,0.08,2664416.71,300000,0.6,0.6,,
2149,SPELL_USDT,SPELL,Spell Token,USDT,Tether,0.2,1,3,5000000,0,7,tradable,1607313600,1632387600,normal,https://www.gate.com/trade/SPELL_USDT,False,0.1,1225740551.58,300000,0.4,0.4,,
2150,SD_USDT,SD,Stader Labs,USDT,Tether,0.2,0.01,3,5000000,2,4,tradable,1607313600,1647360000,normal,https://www.gate.com/trade/SD_USDT,False,0.08,1266357.11,300000,0.35,0.35,,
2151,METAON_USDT,METAON,Meta Platforms Ondo Tokenized,USDT,Tether,0.2,0.001,3,5000000,3,2,tradable,1577808000,1756902600,normal,https://www.gate.com/trade/METAON_USDT,False,0.05,757.21,500000,0.15,0.15,,
2152,COQ_USDT,COQ,Coq Inu,USDT,Tether,0.2,1,3,5000000,0,11,tradable,1607313600,1709715600,normal,https://www.gate.com/trade/COQ_USDT,False,0.1,1042752867570.39,200000,0.4,0.4,,
2153,ORNG_USDT,ORNG,Orange,USDT,Tether,0.2,0.01,3,5000000,2,6,tradable,1608782400,1719568800,normal,https://www.gate.com/trade/ORNG_USDT,False,0.1,12635436.08,200000,0.4,0.4,,
2154,AR3S_USDT,AR3S,AR3xShort,USDT,Tether,0.2,0.01,3,5000000,2,3,tradable,1582704000,1762765200,normal,https://www.gate.com/trade/AR3S_USDT,False,0.1,96462.94,200000,0.6,0.6,,
2155,GALA5S_USDT,GALA5S,GALA5xShort,USDT,Tether,0.2,0.01,3,5000000,2,4,tradable,1582704000,1757667600,normal,https://www.gate.com/trade/GALA5S_USDT,False,0.08,264398.71,300000,0.6,0.6,,
2156,FARTCOIN3S_USDT,FARTCOIN3S,FARTCOIN3xShort,USDT,Tether,0.2,0.01,3,5000000,2,6,tradable,1577808000,1760522400,normal,https://www.gate.com/trade/FARTCOIN3S_USDT,False,0.1,12523481.53,300000,0.6,0.6,,
2157,TLOS_USDT,TLOS,Telos,USDT,Tether,0.2,1,3,5000000,0,6,tradable,1607839200,1629172800,normal,https://www.gate.com/trade/TLOS_USDT,False,0.1,8626266.98,200000,0.4,0.4,,
2158,BMEX_USDT,BMEX,BitMEX Token,USDT,Tether,0.2,1,3,5000000,0,5,tradable,1607313600,1680670800,normal,https://www.gate.com/trade/BMEX_USDT,False,0.1,977995.11,100000,0.4,0.4,,
2159,DBR_USDT,DBR,deBridge,USDT,Tether,0.2,0.01,3,5000000,2,5,tradable,0,1729152000,normal,https://www.gate.com/trade/DBR_USDT,False,0.08,14785608.67,300000,0.3,0.3,,
2160,FIL5L_USDT,FIL5L,FIL5xLong,USDT,Tether,0.2,0.01,3,5000000,2,6,tradable,1577808000,1765962000,normal,https://www.gate.com/trade/FIL5L_USDT,False,0.08,373952.93,300000,0.6,0.6,,
2161,JPN2253S_USDT,JPN2253S,JPN2253xShort,USDT,Tether,0.2,0.01,3,5000000,2,5,tradable,1577808000,1769742000,normal,https://www.gate.com/trade/JPN2253S_USDT,False,0.1,0,0,0.6,0.6,,
2162,DATA_USDT,DATA,Streamr,USDT,Tether,0.2,1,3,5000000,0,7,tradable,0,0,normal,https://www.gate.com/trade/DATA_USDT,False,0.1,35977693.83,200000,0.4,0.4,,
2163,AAVE_USDT,AAVE,AAVE,USDT,Tether,0.2,0.001,3,5000000,3,2,tradable,1602045000,1602068400,normal,https://www.gate.com/trade/AAVE_USDT,False,0.06,5439.36,1000000,0.2,0.2,,
2164,DOGNFT_USDT,DOGNFT,The Doge NFT,USDT,Tether,0.2,0.1,3,5000000,1,7,tradable,1607313600,1630738800,normal,https://www.gate.com/trade/DOGNFT_USDT,False,0.1,232978042,200000,0.4,0.4,,
2165,WUSD_USDT,WUSD,Worldwide USD,USDT,Tether,0.2,0.01,3,5000000,2,4,tradable,1577808000,1729152000,normal,https://www.gate.com/trade/WUSD_USDT,False,0.03,1000000,1000000,0.08,0.08,,
2166,SWAN_USDT,SWAN,Swan Chain,USDT,Tether,0.2,1,3,5000000,0,7,tradable,1577808000,1734361200,normal,https://www.gate.com/trade/SWAN_USDT,False,0.1,99304865.94,100000,0.4,0.4,,
2167,DL_USDT,DL,Dill,USDT,Tether,0.2,1,3,5000000,0,6,tradable,1577808000,1758283200,normal,https://www.gate.com/trade/DL_USDT,False,0.1,78647267.01,200000,0.4,0.4,,
2168,POLIS_USDT,POLIS,Star Atlas DAO,USDT,Tether,0.2,0.01,3,5000000,2,5,tradable,1596702900,1632992400,normal,https://www.gate.com/trade/POLIS_USDT,False,0.1,6621420.29,200000,0.4,0.4,,
2169,AVNT_USDT,AVNT,Avantis,USDT,Tether,0.2,1,3,5000000,0,5,tradable,1577808000,1757426400,normal,https://www.gate.com/trade/AVNT_USDT,False,0.08,1976284.58,500000,0.3,0.3,,
2170,PEPE5L_USDT,PEPE5L,PEPE5xLong,USDT,Tether,0.2,0.01,3,5000000,2,5,tradable,1577808000,1773302400,normal,https://www.gate.com/trade/PEPE5L_USDT,False,0.08,104777870.91,500000,0.6,0.6,,
2171,UAI_USDT,UAI,UnifAI,USDT,Tether,0.2,1,3,5000000,0,5,tradable,1577808000,1762434000,normal,https://www.gate.com/trade/UAI_USDT,False,0.08,3129204.87,500000,0.35,0.35,,
2172,GMRX_USDT,GMRX,Gaimin,USDT,Tether,0.2,0.1,3,5000000,1,8,tradable,1607313600,1711447200,normal,https://www.gate.com/trade/GMRX_USDT,False,0.1,11148272017.84,200000,0.4,0.4,,
2173,PUMP_USDT,PUMP,Pump.Fun,USDT,Tether,0.2,1,3,5000000,0,7,tradable,1607313600,1752512400,normal,https://www.gate.com/trade/PUMP_USDT,False,0.05,434877147.21,1000000,0.2,0.2,,
2174,MTL_USDT,MTL,Metal,USDT,Tether,0.2,0.01,3,5000000,2,4,tradable,1607313600,1617156000,normal,https://www.gate.com/trade/MTL_USDT,False,0.1,840336.13,300000,0.35,0.35,,
2175,TRC_USDT,TRC,Terrace,USDT,Tether,0.2,0.01,3,5000000,2,7,tradable,1577808000,1741780800,normal,https://www.gate.com/trade/TRC_USDT,False,0.1,37524860.22,200000,0.4,0.4,,
2176,ASTR_BTC,ASTR,Astar Token,BTC,Bitcoin,0.2,0.001,0.000001,100,3,10,tradable,1607313600,1642424400,normal,https://www.gate.com/trade/ASTR_BTC,False,0.1,18111020.56,2.22222222,0.6,0.6,,
2177,DYOR_USDT,DYOR,Dyor,USDT,Tether,0.2,0.1,3,5000000,1,8,tradable,1577808000,1738137600,normal,https://www.gate.com/trade/DYOR_USDT,False,0.1,1726966583.2,100000,0.4,0.4,,
2178,REACT_USDT,REACT,Reactive Network,USDT,Tether,0.2,0.01,3,5000000,2,5,tradable,1577808000,1741165200,normal,https://www.gate.com/trade/REACT_USDT,False,0.1,4046125.83,200000,0.4,0.4,,
2179,FIWA_USDT,FIWA,DeFi Warrior,USDT,Tether,0.2,1,3,5000000,0,8,tradable,1608782400,1631014200,normal,https://www.gate.com/trade/FIWA_USDT,False,0.1,3310162198,100000,0.4,0.4,,
2180,ATOM3L_USDT,ATOM3L,ATOM3xLong,USDT,Tether,0.2,0.01,3,5000000,2,5,tradable,1582704000,1761123600,normal,https://www.gate.com/trade/ATOM3L_USDT,False,0.1,760948.14,200000,0.6,0.6,,
2181,AGLD_USDT,AGLD,Adventure Gold,USDT,Tether,0.2,0.01,3,5000000,2,4,tradable,1607313600,1630659630,normal,https://www.gate.com/trade/AGLD_USDT,False,0.1,1177163.04,300000,0.35,0.35,,
2182,DOGE5L_USDT,DOGE5L,DOGE5xLong,USDT,Tether,0.2,0.01,3,5000000,2,5,tradable,1582704000,1765962000,normal,https://www.gate.com/trade/DOGE5L_USDT,False,0.05,660733.28,500000,0.6,0.6,,
2183,AIO_USDT,AIO,OLAXBT,USDT,Tether,0.2,1,3,5000000,0,5,tradable,1577808000,1755270000,normal,https://www.gate.com/trade/AIO_USDT,False,0.1,2005213.56,200000,0.4,0.4,,
2184,MET_USDT,MET,Meteora,USDT,Tether,0.2,0.1,3,5000000,1,4,tradable,1520614800,1761228000,normal,https://www.gate.com/trade/MET_USDT,False,0.06,2116402.12,500000,0.3,0.3,,
2185,NBT_USDT,NBT,Nanobyte,USDT,Tether,0.2,0.1,3,5000000,1,7,tradable,1607313600,1677564000,normal,https://www.gate.com/trade/NBT_USDT,False,0.1,126210835,200000,0.4,0.4,,
2186,STRAX_USDT,STRAX,Stratis,USDT,Tether,0.2,1,3,5000000,0,6,tradable,1609866000,1609992000,normal,https://www.gate.com/trade/STRAX_USDT,False,0.1,15128593.04,300000,0.4,0.4,,
2187,ISLM_USDT,ISLM,HAQQ Network,USDT,Tether,0.2,1,3,5000000,0,6,tradable,1596702900,1726117200,normal,https://www.gate.com/trade/ISLM_USDT,False,0.1,29500700.64,200000,0.4,0.4,,
2188,EDU_USDT,EDU,Open Campus,USDT,Tether,0.2,0.01,3,5000000,2,5,tradable,1607313600,1682778600,normal,https://www.gate.com/trade/EDU_USDT,False,0.1,2210921.95,300000,0.35,0.35,,
2189,ADX_USDT,ADX,AdEx,USDT,Tether,0.2,0.01,3,5000000,2,5,tradable,1607313600,1617523200,normal,https://www.gate.com/trade/ADX_USDT,False,0.1,3409672.1,300000,0.35,0.35,,
2190,SLIM_USDT,SLIM,Solanium,USDT,Tether,0.2,1,3,5000000,0,6,tradable,1596702900,1622545200,normal,https://www.gate.com/trade/SLIM_USDT,False,0.1,8916629.51,200000,0.4,0.4,,
2191,LEVER_USDT,LEVER,LEVER,USDT,Tether,0.2,1,3,5000000,0,9,untradable,1603130400,1657944000,normal,https://www.gate.com/trade/LEVER_USDT,True,0.1,11507479861.91,200000,0.4,0.4,,
2192,4EVER_USDT,4EVER,4EVERLAND,USDT,Tether,0.2,0.1,3,5000000,1,7,tradable,1577808000,1733994000,normal,https://www.gate.com/trade/4EVER_USDT,False,0.1,337524259.56,200000,0.4,0.4,,
2193,IDOL_USDT,IDOL,MEET48 Token,USDT,Tether,0.2,0.01,3,5000000,2,5,tradable,1577808000,1749643200,normal,https://www.gate.com/trade/IDOL_USDT,False,0.1,6939625.26,200000,0.4,0.4,,
2194,GOZ_USDT,GOZ,Göztepe S.K. Fan Token,USDT,Tether,0.2,0.01,3,5000000,2,4,tradable,1608782400,1661421600,normal,https://www.gate.com/trade/GOZ_USDT,False,0.1,1548586.91,200000,0.4,0.4,,
2195,DAO_USDT,DAO,DAO Maker,USDT,Tether,0.2,0.01,3,5000000,2,5,tradable,1607313600,1612861200,normal,https://www.gate.com/trade/DAO_USDT,False,0.1,8429570.93,500000,0.4,0.4,,
2196,CEUR_USDT,CEUR,Celo Euro,USDT,Tether,0.2,0.01,3,5000000,2,4,tradable,1598599800,1652090400,normal,https://www.gate.com/trade/CEUR_USDT,False,0.1,255178,300000,0.35,0.35,,
2197,APT5L_USDT,APT5L,APT5xLong,USDT,Tether,0.2,0.01,3,5000000,2,6,tradable,1577808000,1770883200,normal,https://www.gate.com/trade/APT5L_USDT,False,0.1,182982616.65,300000,0.6,0.6,,
2198,BEFI_USDT,BEFI,BeFi Labs,USDT,Tether,0.2,0.01,3,5000000,2,6,tradable,1607313600,1711357200,normal,https://www.gate.com/trade/BEFI_USDT,False,0.1,119760479.04,200000,0.4,0.4,,
2199,DEXE_USDT,DEXE,DeXe,USDT,Tether,0.2,0.01,3,5000000,2,3,tradable,1609992000,1611223200,normal,https://www.gate.com/trade/DEXE_USDT,False,0.08,86393.09,300000,0.35,0.35,,
2200,UNI5L_USDT,UNI5L,UNI5xLong,USDT,Tether,0.2,0.01,3,5000000,2,5,tradable,1582704000,1770883200,normal,https://www.gate.com/trade/UNI5L_USDT,False,0.08,27829313.54,300000,0.6,0.6,,
2201,SUPER_USDT,SUPER,SuperFarm,USDT,Tether,0.2,1,3,5000000,0,5,tradable,1607313600,1614070800,normal,https://www.gate.com/trade/SUPER_USDT,False,0.08,1302931.6,300000,0.35,0.35,,
2202,NIL_USDT,NIL,Nillion,USDT,Tether,0.2,1,3,5000000,0,5,tradable,1577808000,1742821200,normal,https://www.gate.com/trade/NIL_USDT,False,0.1,4883607.36,300000,0.35,0.35,,
2203,PAPARAZZI_USDT,PAPARAZZI,Paparazzi Token,USDT,Tether,0.2,1,3,5000000,0,7,tradable,1577808000,1748854800,normal,https://www.gate.com/trade/PAPARAZZI_USDT,False,0.1,65135971.34,200000,0.4,0.4,,
2204,FLOW_USDT,FLOW,Flow,USDT,Tether,0.2,1,3,5000000,0,5,tradable,1581048000,1613102400,normal,https://www.gate.com/trade/FLOW_USDT,False,0.1,1634432.03,300000,0.35,0.35,,
2205,BTRST_USDT,BTRST,Braintrust,USDT,Tether,0.2,1,3,5000000,0,5,tradable,1607313600,1631772000,normal,https://www.gate.com/trade/BTRST_USDT,False,0.1,1621402.51,200000,0.4,0.4,,
2206,BYN_USDT,BYN,NBX,USDT,Tether,0.2,0.1,3,5000000,1,7,tradable,1607313600,1625803200,normal,https://www.gate.com/trade/BYN_USDT,False,0.1,595592615,200000,0.4,0.4,,
2207,TRX3L_USDT,TRX3L,TRX3xLong,USDT,Tether,0.2,0.01,3,5000000,2,4,tradable,1582704000,1582704000,normal,https://www.gate.com/trade/TRX3L_USDT,False,0.1,60948.36,300000,0.6,0.6,,
2208,GIGA_USDT,GIGA,GIGACHAD,USDT,Tether,0.2,1,3,5000000,0,6,tradable,1596702900,1728439200,normal,https://www.gate.com/trade/GIGA_USDT,False,0.1,79302141.16,300000,0.4,0.4,,
2209,PENDLE_USDT,PENDLE,Pendle,USDT,Tether,0.2,0.01,3,5000000,2,3,tradable,1607313600,1635314400,normal,https://www.gate.com/trade/PENDLE_USDT,False,0.08,152788.39,300000,0.2,0.2,,
2210,YGG_USDC,YGG,YieldGuildGames,USDC,USDCoin,0.2,0.01,1,5000000,2,5,tradable,1608822900,1627485300,normal,https://www.gate.com/trade/YGG_USDC,False,0.1,3102458.7,200000,0.4,0.4,,
2211,XPIN_USDT,XPIN,XPIN Network,USDT,Tether,0.2,1,3,5000000,0,7,tradable,1577808000,1755871200,normal,https://www.gate.com/trade/XPIN_USDT,False,0.1,254991457.79,500000,0.35,0.35,,
2212,YGG_USDT,YGG,YieldGuildGames,USDT,Tether,0.2,1,3,5000000,0,5,tradable,1608822900,1627485300,normal,https://www.gate.com/trade/YGG_USDT,False,0.08,4644322.32,300000,0.3,0.3,,
2213,CXT_USDT,CXT,Covalent,USDT,Tether,0.2,1,3,5000000,0,6,tradable,1607313600,1721714400,normal,https://www.gate.com/trade/CXT_USDT,False,0.1,53705692.8,300000,0.35,0.35,,
2214,LTC5S_USDT,LTC5S,LTC5xShort,USDT,Tether,0.2,0.01,3,5000000,2,5,tradable,1582704000,1753259400,normal,https://www.gate.com/trade/LTC5S_USDT,False,0.08,1784492.76,300000,0.6,0.6,,
2215,CRCLX_USDT,CRCLX,Circle xStock,USDT,Tether,0.2,0.001,3,5000000,3,2,tradable,1577808000,1751443200,normal,https://www.gate.com/trade/CRCLX_USDT,False,0.06,6019.74,500000,0.15,0.15,,
2216,PENDLE_USDC,PENDLE,Pendle,USDC,USDCoin,0.2,0.01,1,5000000,2,3,tradable,1607313600,1635314400,normal,https://www.gate.com/trade/PENDLE_USDC,False,0.1,152788.39,300000,0.4,0.4,,
2217,AIOZ_USDT,AIOZ,AIOZ Network,USDT,Tether,0.2,1,3,5000000,0,5,tradable,1607313600,1617791400,normal,https://www.gate.com/trade/AIOZ_USDT,False,0.08,2706359.95,300000,0.35,0.35,,
2218,MOODENG3L_USDT,MOODENG3L,MOODENG3xLong,USDT,Tether,0.2,0.01,3,5000000,2,5,tradable,1577808000,1765962000,normal,https://www.gate.com/trade/MOODENG3L_USDT,False,0.1,422502.48,200000,0.6,0.6,,
2219,XPR_USDT,XPR,XPR Network,USDT,Tether,0.2,0.1,3,5000000,1,7,tradable,1607839200,1626667200,normal,https://www.gate.com/trade/XPR_USDT,False,0.1,74629650.36,200000,0.4,0.4,,
2220,CTC_USDT,CTC,Creditcoin,USDT,Tether,0.2,0.01,3,5000000,2,5,tradable,1607313600,1643342400,normal,https://www.gate.com/trade/CTC_USDT,False,0.1,1197365.8,300000,0.4,0.4,,
2221,TBC_USDT,TBC,TuringBitChain,USDT,Tether,0.2,0.01,3,5000000,2,3,tradable,0,1752573480,normal,https://www.gate.com/trade/TBC_USDT,False,0.1,29221.25,300000,0.35,0.35,,
2222,MMT_USDT,MMT,Momentum,USDT,Tether,0.2,0.1,3,5000000,1,4,tradable,1607313600,1762257600,normal,https://www.gate.com/trade/MMT_USDT,False,0.06,2664535.04,500000,0.4,0.4,,
2223,TOKEN_USDT,TOKEN,TokenFi,USDT,Tether,0.2,1,3,5000000,0,6,tradable,1607313600,1699261200,normal,https://www.gate.com/trade/TOKEN_USDT,False,0.1,114700822.02,300000,0.4,0.4,,
2224,10SET_USDT,10SET,Tenset,USDT,Tether,0.2,0.01,3,5000000,2,5,tradable,1607313600,1622433600,normal,https://www.gate.com/trade/10SET_USDT,False,0.1,5843681.52,200000,0.4,0.4,,
2225,XAU5L_USDT,XAU5L,XAU5xLong,USDT,Tether,0.2,0.01,3,5000000,2,5,tradable,1577808000,1773046800,normal,https://www.gate.com/trade/XAU5L_USDT,False,0.1,0,0,0.6,0.6,,
2226,AT_USDT,AT,APRO Token,USDT,Tether,0.2,1,3,5000000,0,5,tradable,1577808000,1761307200,normal,https://www.gate.com/trade/AT_USDT,False,0.1,6049972.78,500000,0.4,0.4,,
2227,LIGO_USDT,LIGO,$ligo,USDT,Tether,0.2,1,3,5000000,0,11,tradable,1607313600,1706443200,normal,https://www.gate.com/trade/LIGO_USDT,False,0.1,868847473826,100000,0.4,0.4,,
2228,BLOCKST_USDT,BLOCKST,Block,USDT,Tether,0.2,1,3,5000000,0,6,tradable,1577808000,1756548000,normal,https://www.gate.com/trade/BLOCKST_USDT,False,0.1,14308710.43,200000,0.4,0.4,,
2229,RED_USDT,RED,RedStone,USDT,Tether,0.2,1,3,5000000,0,5,tradable,0,1741266000,normal,https://www.gate.com/trade/RED_USDT,False,0.1,1339285.71,300000,0.3,0.3,,
2230,METFI_USDT,METFI,MetFi DAO,USDT,Tether,0.2,0.01,3,5000000,2,5,tradable,1607313600,1683612000,normal,https://www.gate.com/trade/METFI_USDT,False,0.1,3508156.46,200000,0.4,0.4,,
2231,5IRE_USDT,5IRE,5ire,USDT,Tether,0.2,1,3,5000000,0,8,tradable,1607313600,1703235600,normal,https://www.gate.com/trade/5IRE_USDT,False,0.1,474327048.5,200000,0.4,0.4,,
2232,SAGA_USDC,SAGA,Saga,USDC,USDCoin,0.2,0.01,1,5000000,2,5,tradable,0,1712652300,normal,https://www.gate.com/trade/SAGA_USDC,False,0.1,3257594.27,200000,0.4,0.4,,
2233,SAND3S_USDT,SAND3S,SAND3xShort,USDT,Tether,0.2,0.01,3,5000000,2,6,tradable,1582704000,1630209600,normal,https://www.gate.com/trade/SAND3S_USDT,False,0.1,14490653.53,200000,0.6,0.6,,
2234,US303L_USDT,US303L,US303xLong,USDT,Tether,0.2,0.01,3,5000000,2,5,tradable,1577808000,1769742000,normal,https://www.gate.com/trade/US303L_USDT,False,0.1,0,0,0.6,0.6,,
2235,SAGA_USDT,SAGA,Saga,USDT,Tether,0.2,0.01,3,5000000,2,5,tradable,0,1712652300,normal,https://www.gate.com/trade/SAGA_USDT,False,0.08,4889178.62,300000,0.3,0.3,,
2236,CHECK_USDT,CHECK,Checkmate,USDT,Tether,0.2,1,3,5000000,0,5,tradable,1577808000,1775656800,normal,https://www.gate.com/trade/CHECK_USDT,False,0.05,0,0,0.4,0.4,,
2237,STOC_USDT,STOC,STO Chain,USDT,Tether,0.2,0.01,3,5000000,2,5,tradable,1577808000,1751266800,normal,https://www.gate.com/trade/STOC_USDT,False,0.1,1092896.17,200000,0.35,0.35,,
2238,BNB3S_USDT,BNB3S,BNB3xShort,USDT,Tether,0.2,0.01,3,5000000,2,6,tradable,1582704000,1582704000,normal,https://www.gate.com/trade/BNB3S_USDT,False,0.1,64603656.57,500000,0.6,0.6,,
2239,MELD_USDT,MELD,MetaElfLand,USDT,Tether,0.2,0.01,3,5000000,2,8,tradable,1596702900,1692867600,normal,https://www.gate.com/trade/MELD_USDT,False,0.1,4113956597.76,200000,0.4,0.4,,
2240,ICE_USDT,ICE,Ice Open Network,USDT,Tether,0.2,0.1,3,5000000,1,6,untradable,1607313600,1705658400,normal,https://www.gate.com/trade/ICE_USDT,False,0.1,114242193.45,300000,0.6,0.6,,
2241,FREE_USDT,FREE,FREE Coin,USDT,Tether,0.2,0.1,3,5000000,1,11,tradable,1607313600,1623729600,normal,https://www.gate.com/trade/FREE_USDT,False,0.1,8479966080135.68,200000,0.4,0.4,,
2242,LOE_USDT,LOE,Legends of Elysium,USDT,Tether,0.2,1,3,5000000,0,7,tradable,1596702900,1711699200,normal,https://www.gate.com/trade/LOE_USDT,False,0.1,161095449.05,200000,0.4,0.4,,
2243,SNTR_USDT,SNTR,Sentre,USDT,Tether,0.2,1,3,5000000,0,7,tradable,1596702900,1640232000,normal,https://www.gate.com/trade/SNTR_USDT,False,0.1,409836065.57,100000,0.4,0.4,,
2244,RAD_USDT,RAD,Radicle,USDT,Tether,0.2,0.01,3,5000000,2,4,tradable,1607313600,1628481600,normal,https://www.gate.com/trade/RAD_USDT,False,0.1,1107828.66,300000,0.35,0.35,,
2245,LOGT_USDT,LOGT,Lord of Dragons,USDT,Tether,0.2,0.1,3,5000000,1,7,tradable,1607313600,1685610000,normal,https://www.gate.com/trade/LOGT_USDT,False,0.1,709094132.25,200000,0.4,0.4,,
2246,WEMIX_USDT,WEMIX,WEMIX,USDT,Tether,0.2,0.01,3,5000000,2,4,tradable,1607313600,1630670400,normal,https://www.gate.com/trade/WEMIX_USDT,False,0.08,790618,300000,0.35,0.35,,
2247,DIO_USDT,DIO,Decimated,USDT,Tether,0.2,1,3,5000000,0,7,tradable,1596702900,1643702400,normal,https://www.gate.com/trade/DIO_USDT,False,0.1,219262182.76,200000,0.4,0.4,,
2248,NAS1003S_USDT,NAS1003S,NAS1003xShort,USDT,Tether,0.2,0.01,3,5000000,2,5,tradable,1577808000,1769742000,normal,https://www.gate.com/trade/NAS1003S_USDT,False,0.1,0,0,0.6,0.6,,
2249,XAI_USDT,XAI,Xai,USDT,Tether,0.2,1,3,5000000,0,6,tradable,1607313600,1704794400,normal,https://www.gate.com/trade/XAI_USDT,False,0.08,30816640.99,500000,0.3,0.3,,
2250,BITBOARD_USDT,BITBOARD,BITBOARD,USDT,Tether,0.2,1,3,5000000,0,7,tradable,1577808000,1733562000,normal,https://www.gate.com/trade/BITBOARD_USDT,False,0.1,66725607.62,200000,0.4,0.4,,
2251,AIXBT_USDT,AIXBT,aixbt by Virtuals,USDT,Tether,0.2,0.01,3,5000000,2,5,tradable,0,1733148000,normal,https://www.gate.com/trade/AIXBT_USDT,False,0.08,17038677.8,500000,0.3,0.3,,
2252,ETHFI3S_USDT,ETHFI3S,ETHFI3xShort,USDT,Tether,0.2,0.01,3,5000000,2,6,tradable,1577808000,1747638000,normal,https://www.gate.com/trade/ETHFI3S_USDT,False,0.1,56497175.14,200000,0.6,0.6,,
