,base-currency,quote-currency,price-precision,amount-precision,symbol-partition,symbol,state,value-precision,min-order-amt,max-order-amt,min-order-value,limit-order-min-order-amt,limit-order-max-order-amt,limit-order-max-buy-amt,limit-order-max-sell-amt,buy-limit-must-less-than,sell-limit-must-greater-than,sell-market-min-order-amt,sell-market-max-order-amt,buy-market-max-order-value,market-sell-order-rate-must-less-than,market-buy-order-rate-must-less-than,api-trading,tags,leverage-ratio,super-margin-leverage-ratio,max-order-value,funding-leverage-ratio
0,snx,usdt,4,2,main,snxusdt,online,8,0.01,250000.0,10.0,0.01,250000.0,250000.0,250000.0,1.1,0.9,0.01,324267.0,100000.0,0.1,0.1,enabled,,,,,
1,ertha,usdt,7,2,main,erthausdt,offline,8,0.1,55555555.0,10.0,0.1,55555555.0,55555555.0,55555555.0,1.1,0.9,0.1,355431927.0,100000.0,0.1,0.1,enabled,st,,,,
2,aic,usdt,5,4,main,aicusdt,online,8,0.1,4935005.0,10.0,0.1,4935005.0,4935005.0,4935005.0,1.25,0.75,0.1,1849409.0,50000.0,0.05,0.05,enabled,"st,innovate",,,,
3,utk,eth,8,2,main,utketh,offline,8,0.1,5500000.0,0.001,0.1,5500000.0,5500000.0,5500000.0,1.1,0.9,0.1,550000.0,300.0,0.1,0.1,enabled,,,,,
4,eden,usdt,4,4,st,edenusdt,offline,8,0.001,151068.0,10.0,0.001,151068.0,151068.0,151068.0,1.1,0.9,0.001,15106.0,100000.0,0.1,0.1,enabled,,,,,
5,stg,usdt,4,4,main,stgusdt,online,8,0.001,458715.0,10.0,0.001,458715.0,458715.0,458715.0,1.25,0.75,0.001,428576.0,100000.0,0.1,0.1,enabled,st,,,,
6,tlos,usdt,5,4,main,tlosusdt,online,8,0.01,2828854.0,10.0,0.01,2828854.0,2828854.0,2828854.0,1.1,0.9,0.01,9619406.0,100000.0,0.1,0.1,enabled,,,,,
7,cre,ht,6,2,main,creht,offline,8,1.0,80000000.0,0.1,1.0,80000000.0,80000000.0,80000000.0,1.1,0.9,1.0,8000000.0,35000.0,0.1,0.1,enabled,,,,,
8,eurt,usdt,4,4,main,eurtusdt,offline,8,0.01,952380.0,10.0,0.01,952380.0,952380.0,952380.0,1.25,0.75,0.01,611523.0,100000.0,0.01,0.01,enabled,st,,,,
9,tos,eth,8,2,st,toseth,offline,8,1.0,10000000.0,0.001,1.0,10000000.0,10000000.0,10000000.0,1.1,0.9,1.0,1000000.0,50.0,0.05,0.05,enabled,hadax,,,,
10,mubarak,usdt,5,4,main,mubarakusdt,online,8,0.1,7692307.0,10.0,0.1,7692307.0,7692307.0,7692307.0,1.1,0.9,0.1,3237886.0,50000.0,0.05,0.05,enabled,,,,,
11,ar,eth,6,2,main,areth,offline,8,0.001,330000.0,0.001,0.001,330000.0,330000.0,330000.0,1.1,0.9,0.001,33000.0,270.0,0.1,0.1,enabled,,,,,
12,xpet,usdt,4,4,main,xpetusdt,offline,8,0.01,359712.0,10.0,0.01,359712.0,359712.0,359712.0,1.1,0.9,0.01,6435366.0,100000.0,0.1,0.1,enabled,st,,,,
13,noia,usdt,4,4,main,noiausdt,offline,8,0.01,5461496.0,10.0,0.01,5461496.0,5461496.0,5461496.0,1.1,0.9,0.01,546149.0,100000.0,0.1,0.1,enabled,,,,,
14,delorean,usdt,6,4,main,deloreanusdt,online,8,0.1,80000000.0,10.0,0.1,80000000.0,80000000.0,80000000.0,1.1,0.9,0.1,69389971.0,50000.0,0.05,0.05,enabled,,,,,
15,rad,usdt,4,4,main,radusdt,online,8,0.0001,88994.0,10.0,0.0001,88994.0,88994.0,88994.0,1.1,0.9,0.0001,412630.0,100000.0,0.1,0.1,enabled,,,,,
16,theta,usdt,4,4,main,thetausdt,online,8,0.1,3000000.0,10.0,0.1,3000000.0,3000000.0,3000000.0,1.1,0.9,0.1,442758.0,100000.0,0.1,0.1,enabled,,3.0,3.0,,
17,jenner,usdt,6,4,main,jennerusdt,offline,8,1.0,48496605.0,10.0,1.0,48496605.0,48496605.0,48496605.0,1.1,0.9,1.0,4849660.0,100000.0,0.1,0.1,enabled,highrisk,,,,
18,sand,ht,6,4,main,sandht,offline,8,0.1,23809523.0,0.1,0.1,23809523.0,23809523.0,23809523.0,1.1,0.9,0.1,2380952.0,21646.0,0.1,0.1,enabled,,,,,
19,clawd,usdt,8,2,main,clawdusdt,online,8,1.0,6184291898.0,10.0,1.0,6184291898.0,6184291898.0,6184291898.0,1.1,0.9,1.0,1891914123.0,50000.0,0.05,0.05,enabled,innovate,,,,
20,grs,eth,6,4,st,grseth,offline,8,0.1,1350000.0,0.001,0.1,1350000.0,1350000.0,1350000.0,1.1,0.9,0.1,135000.0,50.0,0.1,0.1,enabled,,,,,
21,ordi,usdt,4,4,main,ordiusdt,online,8,0.001,64935.0,10.0,0.001,64935.0,64935.0,64935.0,1.1,0.9,0.001,16597.0,100000.0,0.1,0.1,enabled,,3.0,,,
22,kcash,btc,10,2,main,kcashbtc,offline,8,1.0,50000000.0,0.0001,1.0,50000000.0,50000000.0,50000000.0,1.1,0.9,1.0,5000000.0,8.0,0.1,0.1,enabled,hadax,,,,
23,uuu,eth,10,2,main,uuueth,offline,8,10.0,1000000000.0,0.001,10.0,1000000000.0,1000000000.0,1000000000.0,1.1,0.9,10.0,100000000.0,270.0,0.1,0.1,enabled,hadax,,,,
24,babydoge,usdt,12,2,main,babydogeusdt,online,8,1.0,322997416020671.0,10.0,1.0,322997416020671.0,322997416020671.0,322997416020671.0,1.1,0.9,1.0,226600985645854.0,100000.0,0.1,0.1,enabled,,,3.0,,
25,kan,usdt,6,4,main,kanusdt,offline,8,1.0,125000000.0,10.0,1.0,125000000.0,125000000.0,125000000.0,1.1,0.9,1.0,131842934.0,100000.0,0.1,0.1,enabled,st,,,,
26,ltc,husd,2,4,main,ltchusd,offline,8,0.001,30000.0,1.0,0.001,30000.0,30000.0,30000.0,1.1,0.9,0.001,3000.0,100000.0,0.1,0.1,enabled,crypto,,,,
27,pnt,eth,12,2,st,pnteth,offline,8,1.0,50000000.0,0.001,1.0,50000000.0,50000000.0,50000000.0,1.1,0.9,1.0,2500000.0,150.0,0.1,0.1,enabled,hadax,,,,
28,pci,usdt,5,2,main,pciusdt,online,8,1.0,30000000.0,10.0,1.0,30000000.0,30000000.0,30000000.0,1.1,0.9,1.0,92788329.0,5000000.0,0.1,0.1,enabled,,3.0,,,
29,btm,btc,10,2,main,btmbtc,offline,8,0.1,14500000.0,0.0001,0.1,14500000.0,14500000.0,14500000.0,1.1,0.9,0.1,1450000.0,9.0,0.1,0.1,enabled,,,,,
30,ncc,eth,10,2,st,ncceth,offline,8,1.0,1878824.5036,0.001,1.0,1878824.5036,1878824.5036,1878824.5036,1.1,0.9,1.0,1878824.5036,0.4159,0.1,0.1,enabled,"st,hadax",,,1000.0,
31,aethusdt,usdt,4,4,main,aethusdtusdt,online,8,0.1,1000000.0,10.0,0.1,1000000.0,1000000.0,1000000.0,1.1,0.9,0.1,49991.0,50000.0,0.05,0.05,enabled,zerofee,,,,
32,eko,btc,12,2,st,ekobtc,offline,8,1.0,100000000.0,0.0001,1.0,100000000.0,100000000.0,100000000.0,1.1,0.9,1.0,10000000.0,10.0,0.1,0.1,enabled,,,,,
33,nodeops,usdt,5,4,main,nodeopsusdt,online,8,0.1,6802721.0,10.0,0.1,6802721.0,6802721.0,6802721.0,1.1,0.9,0.1,4390486.0,50000.0,0.05,0.05,enabled,innovate,,,,
34,snakes,usdt,6,4,main,snakesusdt,offline,8,1.0,14285714.0,10.0,1.0,14285714.0,14285714.0,14285714.0,1.1,0.9,1.0,58598726.0,50000.0,0.05,0.05,enabled,st,,,,
35,badger,usdt,4,4,main,badgerusdt,online,8,0.01,61793.0,10.0,0.01,61793.0,61793.0,61793.0,1.1,0.9,0.01,255748.0,100000.0,0.1,0.1,enabled,,,,,
36,kcal,usdt,4,4,main,kcalusdt,offline,8,0.1,1000000.0,10.0,0.1,1000000.0,1000000.0,1000000.0,1.1,0.9,0.1,100000.0,100000.0,0.1,0.1,enabled,,,,,
37,evx,btc,10,2,st,evxbtc,offline,8,0.01,32121.3243,0.0001,0.01,32121.3243,32121.3243,32121.3243,1.1,0.9,0.01,32121.3243,0.0129,0.1,0.1,enabled,st,,,1000.0,
38,magic,usdt,4,4,main,magicusdt,online,8,0.1,1094930.0,10.0,0.1,1094930.0,1094930.0,1094930.0,1.1,0.9,0.1,1430971.0,100000.0,0.1,0.1,enabled,,,,,
39,navx,usdt,6,4,main,navxusdt,online,8,1.0,35000000.0,10.0,1.0,35000000.0,35000000.0,35000000.0,1.25,0.75,1.0,12487512.0,100000.0,0.1,0.1,enabled,st,,,,
40,bxen,usdt,12,2,main,bxenusdt,offline,8,1.0,625000000000.0,10.0,1.0,625000000000.0,625000000000.0,625000000000.0,1.1,0.9,1.0,62500000000.0,100000.0,0.1,0.1,enabled,,,,,
41,house,usdt,6,4,main,houseusdt,online,8,1.0,16666666.0,10.0,1.0,16666666.0,16666666.0,16666666.0,1.25,0.75,1.0,27852454.0,50000.0,0.05,0.05,enabled,st,,,,
42,eos,btc,8,2,main,eosbtc,offline,8,0.1,1000000.0,0.0001,0.1,1000000.0,1000000.0,1000000.0,1.1,0.9,0.01,100000.0,100.0,0.1,0.1,enabled,,,3.0,,
43,lba,btc,9,2,st,lbabtc,offline,8,1.0,866751.4156,0.0001,1.0,866751.4156,866751.4156,866751.4156,1.1,0.9,1.0,866751.4156,0.0129,0.1,0.1,enabled,"st,highrisk",,,1000.0,
44,hot,usdt,6,4,main,hotusdt,online,8,1.0,242600679.0,10.0,1.0,242600679.0,242600679.0,242600679.0,1.1,0.9,1.0,227610094.0,100000.0,0.1,0.1,enabled,,,,,
45,aztec,usdt,6,4,main,aztecusdt,online,8,1.0,22222222.0,10.0,1.0,22222222.0,22222222.0,22222222.0,1.1,0.9,1.0,2112025.0,50000.0,0.05,0.05,enabled,,,,,
46,u,usdt,4,4,main,uusdt,online,8,0.1,5000000.0,10.0,0.1,5000000.0,5000000.0,5000000.0,1.1,0.9,0.1,50017.0,50000.0,0.01,0.01,enabled,zerofee,,,,
47,sca,usdt,4,2,main,scausdt,online,8,1.0,10000000.0,10.0,1.0,10000000.0,10000000.0,10000000.0,1.1,0.9,1.0,5363805.0,100000.0,0.1,0.1,enabled,,,,,
48,boring,eth,8,2,main,boringeth,offline,8,0.1,36737692.0,0.001,0.1,36737692.0,36737692.0,36737692.0,1.1,0.9,0.1,3673769.0,50.0,0.1,0.1,enabled,,,,,
49,avax,eth,6,4,main,avaxeth,offline,8,0.001,190000.0,0.001,0.001,190000.0,190000.0,190000.0,1.1,0.9,0.001,19000.0,290.0,0.1,0.1,enabled,,,,,
50,dechat,usdt,4,4,main,dechatusdt,offline,8,0.01,500000.0,10.0,0.01,500000.0,500000.0,500000.0,1.1,0.9,0.01,5946225.0,100000.0,0.1,0.1,enabled,st,,,,
51,mta,btc,8,4,st,mtabtc,offline,8,0.01,140000.0,0.0001,0.01,140000.0,140000.0,140000.0,1.1,0.9,0.01,14000.0,8.0,0.1,0.1,enabled,,,,,
52,snx,husd,4,2,main,snxhusd,offline,8,0.01,250000.0,1.0,0.01,250000.0,250000.0,250000.0,1.1,0.9,0.01,25000.0,100000.0,0.1,0.1,enabled,,,,,
53,xcur,usdt,5,4,main,xcurusdt,offline,8,0.001,724637.0,10.0,0.001,724637.0,724637.0,724637.0,1.1,0.9,0.001,72463.0,100000.0,0.1,0.1,enabled,,,,,
54,ant,btc,8,2,main,antbtc,offline,8,0.01,250000.0,0.0001,0.01,250000.0,250000.0,250000.0,1.1,0.9,0.01,25000.0,13.0,0.1,0.1,enabled,,,,,
55,trac,usdt,4,4,main,tracusdt,online,8,0.01,1000800.0,10.0,0.01,1000800.0,1000800.0,1000800.0,1.1,0.9,0.01,323975.0,100000.0,0.1,0.1,enabled,,,,,
56,dora,usdt,6,4,main,dorausdt,online,8,0.1,10000000.0,10.0,0.1,10000000.0,10000000.0,10000000.0,4.0,0.75,0.1,222172850.0,1000000.0,0.1,0.1,enabled,st,,,,
57,bone,usdt,4,4,main,boneusdt,online,8,0.01,465116.0,10.0,0.01,465116.0,465116.0,465116.0,1.25,0.75,0.01,1717058.0,100000.0,0.1,0.1,enabled,st,,,,
58,solo,usdt,5,4,main,solousdt,offline,8,0.01,4803073.0,10.0,0.01,4803073.0,4803073.0,151833.2211,1.1,0.95,0.01,151833.2211,100000.0,0.05,0.1,enabled,abnormalmarket,,,,
59,wld,usdt,3,4,main,wldusdt,online,8,1.0,100000000.0,1.0,1.0,100000000.0,100000000.0,100000000.0,1.1,0.9,1.0,352274.0,100000.0,0.1,0.1,enabled,,3.0,,,
60,swrv,eth,6,4,st,swrveth,offline,8,0.001,174825.0,0.001,0.001,174825.0,174825.0,174825.0,1.1,0.9,0.001,17482.0,290.0,0.1,0.1,enabled,,,,,
61,soon,usdt,4,4,main,soonusdt,online,8,0.1,2040816.0,10.0,0.1,2040816.0,2040816.0,2040816.0,1.1,0.9,0.1,242140.0,50000.0,0.05,0.05,enabled,innovate,,,,
62,bhd,usdt,4,4,st,bhdusdt,offline,8,0.001,100000.0,10.0,0.001,100000.0,100000.0,100000.0,1.1,0.9,0.001,10000.0,200000.0,0.1,0.1,enabled,,,,,
63,lol,ht,8,4,st,lolht,offline,8,1.0,2000000000.0,0.1,1.0,2000000000.0,2000000000.0,2000000000.0,1.1,0.9,1.0,200000000.0,17000.0,0.1,0.1,enabled,,,,,
64,she,btc,12,2,st,shebtc,offline,8,1.0,1250000000.0,0.0001,1.0,1250000000.0,1250000000.0,1250000000.0,1.1,0.9,1.0,125000000.0,8.0,0.1,0.1,enabled,hadax,,,,
65,lamb,ht,6,4,main,lambht,offline,8,0.1,7000000.0,0.1,0.1,7000000.0,7000000.0,7000000.0,1.1,0.9,0.1,700000.0,40000.0,0.1,0.1,enabled,,,,,
66,velodrome,usdt,4,4,main,velodromeusdt,online,8,0.1,4450378.0,10.0,0.1,4450378.0,4450378.0,4450378.0,1.1,0.9,0.1,5873340.0,100000.0,0.1,0.1,enabled,,,,,
67,xmr,btc,6,4,main,xmrbtc,offline,8,0.0001,5000.0,0.0001,0.0001,5000.0,5000.0,5000.0,1.1,0.9,0.0001,500.0,10.0,0.1,0.1,enabled,,,3.0,,
68,flow,usdt,6,4,main,flowusdt,online,8,0.01,20000000.0,10.0,0.01,20000000.0,20000000.0,20000000.0,1.1,0.9,0.0001,2708511.0,100000.0,0.1,0.1,enabled,activities,2.0,,,
69,sand,usdc,6,4,main,sandusdc,offline,8,0.1,718136.0,10.0,0.1,718136.0,718136.0,718136.0,1.1,0.9,0.1,71813.0,100000.0,0.1,0.1,enabled,,,,,
70,ogn,usdt,4,2,main,ognusdt,online,8,0.1,5000000.0,10.0,0.1,5000000.0,5000000.0,5000000.0,1.1,0.9,0.1,5931110.0,140000.0,0.1,0.1,enabled,,,,,
71,aitech,usdt,6,4,main,aitechusdt,online,8,1.0,17528483.0,10.0,1.0,17528483.0,17528483.0,17528483.0,1.1,0.9,1.0,14189297.0,100000.0,0.1,0.1,enabled,,3.0,,,
72,hydro,btc,10,2,st,hotbtc,offline,8,1.0,10000000.0,0.0001,1.0,10000000.0,10000000.0,10000000.0,1.1,0.9,1.0,1000000.0,10.0,0.1,0.1,enabled,hadax,,,,
73,ela,usdt,4,2,main,elausdt,online,8,0.01,10000.0,10.0,0.01,10000.0,10000.0,10000.0,1.25,0.75,0.01,215660.0,100000.0,0.1,0.1,enabled,st,,,,
74,xlm,eth,8,4,main,xlmeth,offline,8,0.1,10000000.0,0.001,0.1,10000000.0,10000000.0,10000000.0,1.1,0.9,0.1,1000000.0,50.0,0.1,0.1,enabled,,,,,
75,lester,usdt,5,4,main,lesterusdt,offline,8,1.0,12500000.0,10.0,1.0,12500000.0,12500000.0,12500000.0,1.1,0.9,1.0,75311067.0,100000.0,0.1,0.1,enabled,st,,,,
76,pearl,eth,6,6,st,pearleth,offline,8,0.0001,300.0,0.001,0.0001,300.0,300.0,300.0,1.1,0.9,0.0001,30.0,230.0,0.1,0.1,enabled,,,,,
77,mine,usdt,6,4,main,mineusdt,offline,8,1.0,23934897.0,10.0,1.0,23934897.0,12445887.4458,23934897.0,1.1,0.9,1.0,2393489.0,2000.0,0.1,0.1,enabled,abnormalmarket,,,,
78,yamv2,eth,6,4,st,yamv2eth,offline,8,0.0001,30000.0,0.001,0.0001,30000.0,30000.0,30000.0,1.1,0.9,0.0001,3000.0,230.0,0.1,0.1,enabled,,,,,
79,sdn,usdt,4,2,main,sdnusdt,offline,8,0.01,310000.0,10.0,0.01,310000.0,310000.0,310000.0,1.1,0.9,0.01,31000.0,100000.0,0.1,0.1,enabled,,,,,
80,auction,usdt,4,4,main,auctionusdt,online,8,0.0001,45713.0,10.0,0.0001,45713.0,45713.0,45713.0,1.1,0.9,0.0001,20010.0,100000.0,0.1,0.1,enabled,,,,,
81,prcl,usdt,4,4,main,prclusdt,online,8,0.1,1162790.0,10.0,0.1,1162790.0,1162790.0,1162790.0,1.25,0.75,0.1,6727113.0,100000.0,0.1,0.1,enabled,st,,,,
82,axs,usdt,4,4,main,axsusdt,online,8,0.001,164130.0,10.0,0.001,164130.0,164130.0,164130.0,1.1,0.9,0.001,84464.0,100000.0,0.1,0.1,enabled,,3.0,,,
83,btc,usdd,2,6,main,btcusdd,online,8,0.0001,51.0,10.0,0.0001,51.0,51.0,51.0,1.1,0.9,0.0001,2.5,50000.0,0.01,0.01,enabled,zerofee,,,,
84,kripto,usdt,7,4,main,kriptousdt,offline,8,1.0,221287895.0,10.0,1.0,221287895.0,221287895.0,221287895.0,1.1,0.9,1.0,22128789.0,100000.0,0.1,0.1,enabled,,,,,
85,aave,usdt,4,4,main,aaveusdt,online,8,0.0001,19956.0,1.0,0.0001,19956.0,19956.0,19956.0,1.1,0.9,0.0001,871.0,100000.0,0.1,0.1,enabled,,2.0,3.0,,
86,iris,husd,6,2,st,irishusd,offline,8,1.0,6500000.0,1.0,1.0,6500000.0,6500000.0,6500000.0,1.1,0.9,1.0,650000.0,100000.0,0.1,0.1,enabled,,,,,
87,aped,usdt,4,4,main,apedusdt,offline,8,0.01,294117.0,10.0,0.01,294117.0,294117.0,294117.0,1.1,0.9,0.01,29411.0,100000.0,0.1,0.1,enabled,st,,,,
88,nkn,usdt,6,2,main,nknusdt,online,8,1.0,10000000.0,10.0,1.0,10000000.0,10000000.0,10000000.0,1.25,0.75,1.0,11031968.0,100000.0,0.1,0.1,enabled,st,,,,
89,zkf,usdt,6,4,main,zkfusdt,offline,8,1.0,70126227.0,10.0,1.0,70126227.0,70126227.0,70126227.0,1.1,0.9,1.0,1865369018.0,100000.0,0.1,0.1,enabled,st,,,,
90,moonpig,usdt,5,4,main,moonpigusdt,offline,8,1.0,19230769.0,10.0,1.0,19230769.0,19230769.0,19230769.0,1.1,0.9,1.0,59958289.0,50000.0,0.05,0.05,enabled,st,,,,
91,uni,husd,4,4,main,unihusd,offline,8,0.01,1333333.0,1.0,0.01,1333333.0,1333333.0,1333333.0,1.1,0.9,0.01,133333.0,100000.0,0.1,0.1,enabled,crypto,,,,
92,wif,usdt,4,4,main,wifusdt,online,8,0.1,4980079.0,10.0,0.1,4980079.0,4980079.0,4980079.0,1.1,0.9,0.1,466361.0,100000.0,0.1,0.1,enabled,,3.0,,,
93,lit,usdt,4,4,main,litusdt,online,8,0.01,500000.0,10.0,0.01,500000.0,500000.0,500000.0,1.1,0.9,0.01,48057.0,50000.0,0.05,0.05,enabled,,3.0,,,
94,api3,usdt,4,4,main,api3usdt,online,8,0.01,372619.0,10.0,0.01,372619.0,372619.0,372619.0,1.1,0.9,0.01,303178.0,100000.0,0.1,0.1,enabled,,,,,
95,jup,usdt,4,4,main,jupusdt,online,8,1.0,100000000.0,10.0,1.0,100000000.0,100000000.0,100000000.0,1.1,0.9,1.0,540705.0,100000.0,0.1,0.1,enabled,,3.0,,,
96,mtl,usdt,4,4,main,mtlusdt,online,8,0.1,1297521.0,10.0,0.1,1297521.0,1297521.0,1297521.0,1.25,0.75,0.1,308187.0,100000.0,0.1,0.1,enabled,st,,,,
97,mnde,usdt,5,4,main,mndeusdt,online,8,0.1,5571030.0,10.0,0.1,5571030.0,5571030.0,5571030.0,1.1,0.9,0.1,4969319.0,100000.0,0.05,0.05,enabled,,,,,
98,xmn,usdt,6,4,main,xmnusdt,online,8,0.1,72674418.0,1.0,0.1,72674418.0,72674418.0,72674418.0,1.1,0.9,0.1,9266571.0,50000.0,0.05,0.05,enabled,innovate,3.0,,,
99,ufd,usdt,6,4,main,ufdusdt,online,8,1.0,25138260.0,10.0,1.0,25138260.0,25138260.0,25138260.0,1.25,0.75,1.0,5528766.0,50000.0,0.05,0.05,enabled,"st,innovate",,,,
100,upi,usdt,6,4,st,upiusdt,offline,8,0.01,7401924.0,10.0,0.01,7401924.0,7401924.0,7401924.0,1.1,0.9,0.01,740192.0,100000.0,0.1,0.1,enabled,,,,,
101,blast,usdt,6,4,main,blastusdt,online,8,0.01,51000000.0,10.0,0.01,51000000.0,51000000.0,51000000.0,1.1,0.9,0.01,181731984.0,100000.0,0.1,0.1,enabled,,,,,
102,ltc,usdt,2,4,main,ltcusdt,online,8,0.001,100000.0,1.0,0.001,100000.0,100000.0,100000.0,1.1,0.9,0.001,1773.0,100000.0,0.1,0.1,enabled,,5.0,3.0,,
103,dio,usdt,6,2,main,diousdt,offline,8,0.1,25000000.0,10.0,0.1,25000000.0,25000000.0,25000000.0,1.1,0.9,0.1,81713859.0,100000.0,0.1,0.1,enabled,st,,,,
104,swftc,eth,10,2,main,swftceth,offline,8,1.0,510000000.0,0.001,1.0,510000000.0,510000000.0,510000000.0,1.1,0.9,1.0,9.0,260.0,0.1,0.1,enabled,,,,,
105,aave,husd,4,4,main,aavehusd,offline,8,0.0001,3580.0,1.0,0.0001,3580.0,3580.0,3580.0,1.1,0.9,0.0001,358.0,100000.0,0.1,0.1,enabled,crypto,,,,
106,esx,usdt,6,4,main,esxusdt,online,8,1.0,338983050.0,10.0,1.0,338983050.0,338983050.0,338983050.0,1.25,0.75,1.0,67519962.0,50000.0,0.05,0.05,enabled,"st,innovate",,,,
107,mbox,usdt,4,4,main,mboxusdt,online,8,0.001,416666.0,10.0,0.001,416666.0,416666.0,416666.0,1.1,0.9,0.001,7057379.0,100000.0,0.1,0.1,enabled,,,,,
108,ern,usdt,4,4,main,ernusdt,offline,8,0.001,197238.0,10.0,0.001,197238.0,197238.0,197238.0,1.1,0.9,0.001,19723.0,100000.0,0.1,0.1,enabled,,,,,
109,a8,usdt,5,4,main,a8usdt,online,8,1.0,10000000.0,10.0,1.0,10000000.0,10000000.0,10000000.0,1.1,0.9,1.0,9332521.0,100000.0,0.1,0.1,enabled,,,,,
110,sns,usdt,7,2,main,snsusdt,online,8,0.1,20000000.0,10.0,0.1,20000000.0,20000000.0,20000000.0,1.25,0.75,0.1,1156069364.0,100000.0,0.1,0.1,enabled,st,,,,
111,wlkn,usdt,7,4,main,wlknusdt,offline,8,0.1,60606060.0,10.0,0.1,60606060.0,60606060.0,60606060.0,1.1,0.9,0.1,206228088.0,100000.0,0.1,0.1,enabled,st,,,,
112,zrx,eth,8,2,main,zrxeth,offline,8,0.1,2000000.0,0.001,0.1,2000000.0,2000000.0,2000000.0,1.1,0.9,0.1,200000.0,1000.0,0.1,0.1,enabled,,,,,
113,silly,usdt,5,4,main,sillyusdt,offline,8,1.0,14008348.0,10.0,1.0,14008348.0,14008348.0,14008348.0,1.1,0.9,1.0,66802207.0,100000.0,0.1,0.1,enabled,st,,,,
114,may,usdt,6,4,main,mayusdt,online,8,1.0,13297872.0,10.0,1.0,13297872.0,13297872.0,13297872.0,1.1,0.9,1.0,7862925.0,50000.0,0.05,0.05,enabled,,,,,
115,uni2l,usdt,6,4,main,uni2lusdt,offline,8,0.001,49998.0,10.0,0.001,49998.0,49998.0,49998.0,1.5,0.5,0.001,49998.0,2500.0,0.1,0.1,enabled,"etp,nav,holdinglimit",,,2500.0,
116,mcg,usdt,5,4,main,mcgusdt,offline,8,0.1,3333333.0,10.0,0.1,3333333.0,3333333.0,3333333.0,1.1,0.9,0.1,333333.0,100000.0,0.1,0.1,enabled,,,,,
117,iris,usdt,6,2,st,irisusdt,offline,8,1.0,6500000.0,10.0,1.0,6500000.0,6500000.0,6500000.0,1.1,0.9,1.0,650000.0,100000.0,0.1,0.1,enabled,,,,,
118,link,usdd,4,2,main,linkusdd,offline,8,0.01,172711.0,10.0,0.01,172711.0,172711.0,172711.0,1.1,0.9,0.01,17271.0,100000.0,0.1,0.1,enabled,zerofee,,,,
119,orca,usdt,4,4,main,orcausdt,online,8,0.01,128534.0,10.0,0.01,128534.0,128534.0,128534.0,1.1,0.9,0.01,105250.0,100000.0,0.05,0.05,enabled,,,,,
120,tree,usdt,4,4,main,treeusdt,online,8,0.1,2500000.0,10.0,0.1,2500000.0,2500000.0,2500000.0,1.1,0.9,0.1,713886.0,50000.0,0.05,0.05,enabled,,,,,
121,elf,usdt,4,4,main,elfusdt,online,8,0.1,500000.0,10.0,0.1,500000.0,500000.0,500000.0,1.1,0.9,0.1,1221325.0,100000.0,0.1,0.1,enabled,,,,,
122,renbtc,btc,4,4,st,renbtcbtc,offline,8,0.0001,96.0,0.0001,0.0001,96.0,96.0,96.0,1.1,0.9,0.0001,9.0,9.0,0.1,0.1,enabled,,,,,
123,juice,usdt,6,4,main,juiceusdt,offline,8,0.1,7500000.0,10.0,0.1,7500000.0,7500000.0,7500000.0,1.1,0.9,0.1,384037401.0,100000.0,0.1,0.1,enabled,st,,,,
124,wbtc,usdt,2,4,main,wbtcusdt,offline,8,0.0001,16.0,10.0,0.0001,16.0,16.0,16.0,1.1,0.9,0.0001,3.0,100000.0,0.1,0.1,enabled,,,,,
125,rccc,usdt,6,4,st,rcccusdt,offline,8,1.0,121802679.0,10.0,1.0,121802679.0,121802679.0,121802679.0,1.1,0.9,1.0,12180267.0,100000.0,0.1,0.1,enabled,,,,,
126,mco,usdt,4,2,st,mcousdt,offline,8,0.01,350000.0,10.0,0.01,350000.0,350000.0,350000.0,1.1,0.9,0.01,35000.0,140000.0,0.1,0.1,enabled,,,,,
127,efi,usdt,4,4,main,efiusdt,offline,8,0.01,1250156.0,10.0,0.01,1250156.0,1250156.0,1250156.0,1.1,0.9,0.01,125015.0,100000.0,0.1,0.1,enabled,,,,,
128,cnns,btc,10,2,st,cnnsbtc,offline,8,1.0,200000000.0,0.0001,1.0,200000000.0,200000000.0,200000000.0,1.1,0.9,1.0,20000000.0,7.0,0.1,0.1,enabled,,,,,
129,bnsx,usdt,4,4,main,bnsxusdt,offline,8,0.01,800000.0,10.0,0.01,800000.0,800000.0,800000.0,1.1,0.9,0.01,80000.0,100000.0,0.1,0.1,enabled,st,,,,
130,zk,usdt,4,4,main,zkusdt,online,8,0.1,3333333.0,10.0,0.1,3333333.0,3333333.0,3333333.0,1.1,0.9,0.1,4703476.0,100000.0,0.1,0.1,enabled,,,,,
131,nas,btc,8,4,st,nasbtc,offline,8,0.01,100000.0,0.0001,0.01,100000.0,100000.0,100000.0,1.1,0.9,0.01,10000.0,50.0,0.1,0.1,enabled,,,,,
132,badger,eth,6,4,main,badgereth,offline,8,0.01,61793.0,0.001,0.01,61793.0,61793.0,61793.0,1.1,0.9,0.01,6179.0,73.0,0.1,0.1,enabled,,,,,
133,ar,usdt,4,2,main,arusdt,online,8,0.001,330000.0,10.0,0.001,330000.0,330000.0,330000.0,1.1,0.9,0.001,48334.0,100000.0,0.1,0.1,enabled,,3.0,,,
134,uuu,btc,12,2,main,uuubtc,offline,8,10.0,1000000000.0,0.0001,10.0,1000000000.0,1000000000.0,1000000000.0,1.1,0.9,10.0,100000000.0,7.0,0.1,0.1,enabled,hadax,,,,
135,arg,usdt,4,4,main,argusdt,online,8,0.01,144927.0,10.0,0.01,144927.0,144927.0,144927.0,1.1,0.9,0.01,154797.0,100000.0,0.1,0.1,enabled,,,,,
136,xfi,usdt,5,4,main,xfiusdt,online,8,0.01,831117.0,10.0,0.01,831117.0,831117.0,831117.0,1.1,0.9,0.01,2728156.0,100000.0,0.1,0.1,enabled,,,,,
137,aioz,usdt,4,4,main,aiozusdt,online,8,0.01,5649717.0,10.0,0.01,5649717.0,5649717.0,5649717.0,1.1,0.9,0.01,1513655.0,100000.0,0.1,0.1,enabled,,,,,
138,ctxc2x,usdt,6,4,st,ctxc2xusdt,offline,8,0.1,13333333.0,10.0,0.1,13333333.0,13333333.0,13333333.0,1.1,0.9,0.1,1333333.0,100000.0,0.1,0.1,enabled,,,,,
139,nyan,usdt,5,4,main,nyanusdt,offline,8,0.1,4000000.0,10.0,0.1,4000000.0,4000000.0,4000000.0,1.1,0.9,0.1,26620370.0,100000.0,0.1,0.1,enabled,st,,,,
140,zrc,usdt,5,4,main,zrcusdt,online,8,1.0,10000000.0,10.0,1.0,10000000.0,10000000.0,10000000.0,1.1,0.9,1.0,67866627.0,100000.0,0.1,0.1,enabled,,,,,
141,beat,usdt,4,4,main,beatusdt,online,8,0.1,3671071.0,10.0,0.1,3671071.0,3671071.0,3671071.0,1.1,0.9,0.1,101531.0,50000.0,0.05,0.05,enabled,innovate,3.0,,,
142,snx,eth,6,2,main,snxeth,offline,8,0.01,250000.0,0.001,0.01,250000.0,250000.0,250000.0,1.1,0.9,0.01,25000.0,240.0,0.1,0.1,enabled,,,,,
143,htx,usdt,9,2,main,htxusdt,online,8,1.0,574709340750.0,1.0,1.0,574709340750.0,574709340750.0,574709340750.0,1.1,0.9,1.0,28001655750.0,50000.0,0.05,0.05,enabled,,,,,
144,wnxm,btc,6,2,main,wnxmbtc,offline,8,0.001,15000.0,0.0001,0.001,15000.0,15000.0,15000.0,1.1,0.9,0.001,1500.0,8.0,0.1,0.1,enabled,,,,,
145,dusk,usdt,4,4,main,duskusdt,online,8,0.01,2219263.0,10.0,0.01,2219263.0,2219263.0,2219263.0,1.1,0.9,0.01,616374.0,100000.0,0.1,0.1,enabled,,,,,
146,btm,eth,8,2,main,btmeth,offline,8,0.1,14500000.0,0.001,0.1,14500000.0,14500000.0,14500000.0,1.1,0.9,0.1,1450000.0,270.0,0.1,0.1,enabled,,,,,
147,boring,btc,8,2,main,boringbtc,offline,8,0.1,36737692.0,0.0001,0.1,36737692.0,36737692.0,36737692.0,1.1,0.9,0.1,3673769.0,3.0,0.1,0.1,enabled,,,,,
148,chz,usdc,6,4,main,chzusdc,offline,8,1.0,10754075.0,10.0,1.0,10754075.0,10754075.0,10754075.0,1.1,0.9,1.0,1075407.0,100000.0,0.1,0.1,enabled,,,,,
149,gas,btc,6,4,main,gasbtc,offline,8,0.001,10000.0,0.0001,0.001,10000.0,10000.0,10000.0,1.1,0.9,0.001,1000.0,100.0,0.1,0.1,enabled,,,,,
150,ocn,btc,12,2,st,ocnbtc,offline,8,1.0,10000000.0,0.0001,1.0,10000000.0,10000000.0,10000000.0,1.1,0.9,1.0,1000000.0,100.0,0.1,0.1,enabled,,,,,
151,t,btc,10,2,main,tbtc,offline,8,0.01,9293680.0,0.0001,0.01,9293680.0,9293680.0,9293680.0,1.1,0.9,0.01,929368.0,3.0,0.1,0.1,enabled,,,,,
152,swftc,usdt,7,3,main,swftcusdt,online,8,1.0,510000000.0,10.0,1.0,510000000.0,510000000.0,510000000.0,1.1,0.9,1.0,29093705.0,100000.0,0.1,0.1,enabled,,,,,
153,npt,usdt,4,4,main,nptusdt,offline,8,0.001,142857.0,10.0,0.001,142857.0,142857.0,142857.0,1.1,0.9,0.001,1334029.0,100000.0,0.1,0.1,enabled,st,,,,
154,algo,usdt,4,2,main,algousdt,online,8,0.01,3000000.0,5.0,0.01,3000000.0,3000000.0,3000000.0,1.1,0.9,0.01,901465.0,100000.0,0.1,0.1,enabled,,3.0,3.0,,
155,man,btc,10,2,st,manbtc,offline,8,0.1,500000.0,0.0001,0.1,500000.0,500000.0,500000.0,1.1,0.9,0.1,50000.0,10.0,0.05,0.05,enabled,hadax,,,,
156,phb,usdt,4,4,main,phbusdt,online,8,0.1,1590330.0,10.0,0.1,1590330.0,1590330.0,1590330.0,1.1,0.9,0.1,893238.0,100000.0,0.1,0.1,enabled,,,,,
157,dks,usdt,7,6,main,dksusdt,offline,8,0.1,32992411.0,10.0,0.1,32992411.0,32992411.0,32992411.0,1.1,0.9,0.1,3299241.0,100000.0,0.1,0.1,enabled,,,,,
158,blum,usdt,6,4,main,blumusdt,online,8,0.1,11494252.0,10.0,0.1,11494252.0,11494252.0,11494252.0,1.1,0.9,0.1,12178849.0,50000.0,0.05,0.05,enabled,,,,,
159,usdj,usdt,4,4,main,usdjusdt,offline,8,0.01,961538.0,10.0,0.01,961538.0,961538.0,961538.0,1.1,0.9,0.01,77585.0,100000.0,0.1,0.1,enabled,zerofee,,,,
160,utk,btc,8,2,main,utkbtc,offline,8,0.1,5500000.0,0.0001,0.1,5500000.0,5500000.0,5500000.0,1.1,0.9,0.1,550000.0,10.0,0.1,0.1,enabled,,,,,
161,klv,usdt,6,4,main,klvusdt,online,8,0.1,74019245.0,10.0,0.1,74019245.0,74019245.0,74019245.0,1.25,0.75,0.1,117924528.0,100000.0,0.1,0.1,enabled,st,,,,
162,prq,usdt,4,4,main,prqusdt,offline,8,0.01,3163555.0,10.0,0.01,3163555.0,3163555.0,3163555.0,1.1,0.9,0.01,3475370.0,100000.0,0.1,0.1,enabled,st,,,,
163,eos,eth,8,2,main,eoseth,offline,8,0.1,1000000.0,0.001,0.1,1000000.0,1000000.0,1000000.0,1.1,0.9,0.01,100000.0,1000.0,0.1,0.1,enabled,,,,,
164,eng,btc,8,2,st,engbtc,offline,8,0.01,1646.8655,0.0001,0.01,1646.8655,1646.8655,1646.8655,1.05,0.95,0.01,1646.8655,0.0129,0.1,0.1,enabled,st,,,1000.0,
165,bftold,eth,8,4,st,bftoldeth,offline,8,0.1,120000000.0,0.001,0.1,120000000.0,120000000.0,120000000.0,1.1,0.9,0.1,12000000.0,330.0,0.1,0.1,enabled,,,,,
166,bsv,husd,4,4,main,bsvhusd,offline,8,0.001,10000.0,1.0,0.001,10000.0,10000.0,10000.0,1.1,0.9,0.001,1000.0,140000.0,0.1,0.1,enabled,,,,,
167,zbc,usdt,6,4,main,zbcusdt,offline,8,0.1,47619047.0,10.0,0.1,47619047.0,47619047.0,47619047.0,1.1,0.9,0.1,4761904.0,100000.0,0.1,0.1,enabled,,,,,
168,币安人生,usdt,4,4,main,币安人生usdt,online,8,0.1,7124232.0,10.0,0.1,7124232.0,7124232.0,7124232.0,1.1,0.9,0.1,109688.0,50000.0,0.05,0.05,enabled,innovate,3.0,,,
169,fitfi,usdt,6,4,main,fitfiusdt,online,8,0.01,4317789.0,10.0,0.01,4317789.0,4317789.0,4317789.0,1.1,0.9,0.01,172413793.0,100000.0,0.1,0.1,enabled,,,,,
170,ldo,usdt,4,4,main,ldousdt,online,8,0.01,1929384.0,10.0,0.01,1929384.0,1929384.0,1929384.0,1.1,0.9,0.01,236935.0,100000.0,0.1,0.1,enabled,,3.0,,,
171,nfp,usdt,6,4,main,nfpusdt,offline,8,1.0,20000000.0,10.0,1.0,20000000.0,20000000.0,20000000.0,1.1,0.9,1.0,2000000.0,100000.0,0.1,0.1,enabled,,,,,
172,qsp,btc,10,0,st,qspbtc,offline,8,1.0,71967.026,0.0001,1.0,71967.026,71967.026,71967.026,1.1,0.9,1.0,71967.026,0.0129,0.1,0.1,enabled,"griddisabled,st",,,1000.0,
173,grt,btc,8,2,main,grtbtc,offline,8,0.1,33333333.0,0.0001,0.1,33333333.0,33333333.0,33333333.0,1.1,0.9,0.1,3333333.0,4.0,0.1,0.1,enabled,,,,,
174,itc,btc,10,0,st,itcbtc,offline,8,0.1,5000000.0,0.0001,0.1,5000000.0,5000000.0,5000000.0,1.1,0.9,0.1,500000.0,100.0,0.1,0.1,enabled,,,,,
175,mev,usdt,6,4,main,mevusdt,offline,8,0.1,69966423.0,10.0,0.1,69966423.0,69966423.0,69966423.0,1.1,0.9,0.1,16290567.0,100000.0,0.1,0.1,enabled,st,,,,
176,naka,usdt,4,4,main,nakausdt,online,8,0.1,1258339.0,10.0,0.1,1258339.0,1258339.0,1258339.0,1.1,0.9,0.1,1746923.0,100000.0,0.1,0.1,enabled,,,,,
177,w,usdt,4,4,main,wusdt,online,8,0.1,4000000.0,10.0,0.1,4000000.0,4000000.0,4000000.0,1.1,0.9,0.1,7674341.0,100000.0,0.1,0.1,enabled,,3.0,,,
178,rvn,ht,6,2,main,rvnht,offline,8,1.0,59000000.0,0.01,1.0,59000000.0,59000000.0,59000000.0,1.1,0.9,1.0,5900000.0,34000.0,0.1,0.1,enabled,,,,,
179,bat,btc,8,0,main,batbtc,offline,8,1.0,5000000.0,0.0001,1.0,5000000.0,5000000.0,5000000.0,1.1,0.9,1.0,500000.0,100.0,0.1,0.1,enabled,,,,,
180,ctx,usdt,4,4,main,ctxusdt,online,8,0.0001,98328.0,10.0,0.0001,98328.0,98328.0,98328.0,1.1,0.9,0.0001,222904.0,100000.0,0.1,0.1,enabled,,,,,
181,icx,usdt,4,4,main,icxusdt,online,8,0.1,1500000.0,10.0,0.1,1500000.0,1500000.0,1500000.0,1.1,0.9,0.1,2334551.0,100000.0,0.1,0.1,enabled,,,,,
182,ai16z,usdt,4,4,main,ai16zusdt,offline,8,0.1,1204964.0,10.0,0.1,1204964.0,1204964.0,1204964.0,1.1,0.9,0.1,895220.0,50000.0,0.05,0.05,enabled,,,,,
183,dac,eth,10,2,st,daceth,offline,8,1.0,300000000.0,0.001,1.0,300000000.0,300000000.0,300000000.0,1.1,0.9,1.0,30000000.0,360.0,0.1,0.1,enabled,hadax,,,,
184,medamon,usdt,6,4,main,medamonusdt,offline,8,0.001,362318.0,10.0,0.001,362318.0,362318.0,362318.0,1.1,0.9,0.001,36231.0,100000.0,0.1,0.1,enabled,,,,,
185,waves,usdt,4,2,main,wavesusdt,online,8,0.01,300000.0,10.0,0.01,300000.0,300000.0,300000.0,1.1,0.9,0.01,230770.0,100000.0,0.1,0.1,enabled,activities,,,,
186,evx,eth,8,2,st,evxeth,offline,8,0.01,32121.3243,0.001,0.01,32121.3243,32121.3243,32121.3243,1.1,0.9,0.01,32121.3243,0.4159,0.1,0.1,enabled,st,,,1000.0,
187,lrc,btc,8,2,main,lrcbtc,offline,8,0.01,3786444.0,0.0001,0.01,3786444.0,3786444.0,3786444.0,1.1,0.9,0.01,378644.0,9.0,0.1,0.1,enabled,,,,,
188,kan,eth,10,2,main,kaneth,offline,8,1.0,100000000.0,0.001,1.0,100000000.0,100000000.0,100000000.0,1.1,0.9,1.0,10000000.0,100.0,0.1,0.1,enabled,,,,,
189,grs,btc,8,2,st,grsbtc,offline,8,0.1,1350000.0,0.0001,0.1,1350000.0,1350000.0,1350000.0,1.1,0.9,0.1,135000.0,5.0,0.1,0.1,enabled,,,,,
190,yamv2,btc,6,4,st,yamv2btc,offline,8,0.0001,30000.0,0.0001,0.0001,30000.0,30000.0,30000.0,1.1,0.9,0.0001,3000.0,8.0,0.1,0.1,enabled,,,,,
191,snc,btc,10,2,main,sncbtc,offline,8,0.1,43000000.0,0.0001,0.1,43000000.0,43000000.0,43000000.0,1.1,0.9,0.1,4300000.0,70.0,0.1,0.1,enabled,st,,,,
192,cmt,usdt,6,4,st,cmtusdt,offline,8,1.0,3500000.0,10.0,1.0,3500000.0,3500000.0,3500000.0,1.1,0.9,1.0,350000.0,50000.0,0.1,0.1,enabled,,,,,
193,xvg,usdt,6,4,main,xvgusdt,online,8,1.0,391696043.0,10.0,1.0,391696043.0,391696043.0,391696043.0,1.1,0.9,1.0,27092609.0,100000.0,0.1,0.1,enabled,,,,,
194,birb,usdt,4,4,main,birbusdt,online,8,0.1,5000000.0,10.0,0.1,5000000.0,5000000.0,5000000.0,1.1,0.9,0.1,344589.0,50000.0,0.05,0.05,enabled,,,,,
195,nhbtc,usdt,4,4,st,nhbtcusdt,offline,8,0.01,1111111.0,10.0,0.01,1111111.0,1111111.0,1111111.0,1.1,0.9,0.01,111111.0,100000.0,0.1,0.1,enabled,,,,,
196,rei,usdt,6,4,main,reiusdt,online,8,0.1,23529411.0,10.0,0.1,23529411.0,23529411.0,23529411.0,1.25,0.75,0.1,34511733.0,100000.0,0.1,0.1,enabled,st,,,,
197,sos,usdt,10,2,main,sosusdt,offline,8,1.0,148235991698.0,10.0,1.0,148235991698.0,148235991698.0,148235991698.0,1.1,0.9,1.0,14823599169.0,100000.0,0.1,0.1,enabled,,,,,
198,tomi,usdt,7,4,main,tomiusdt,offline,8,0.01,5000000000.0,10.0,0.01,5000000000.0,5000000000.0,5000000000.0,1.1,0.9,0.01,2335499593.0,50000.0,0.1,0.1,enabled,st,,,,
199,auction,eth,6,4,main,auctioneth,offline,8,0.0001,45713.0,0.001,0.0001,45713.0,45713.0,45713.0,1.1,0.9,0.0001,4571.0,60.0,0.1,0.1,enabled,,,,,
200,palu,usdt,6,4,main,paluusdt,online,8,0.1,25000000.0,10.0,0.1,25000000.0,25000000.0,25000000.0,1.25,0.75,0.1,5773816.0,50000.0,0.05,0.05,enabled,st,,,,
201,arpa,btc,8,2,main,arpabtc,offline,8,1.0,50000000.0,0.0001,1.0,50000000.0,50000000.0,50000000.0,1.1,0.9,1.0,5000000.0,20.0,0.1,0.1,enabled,,,,,
202,elon,usdt,11,2,main,elonusdt,online,8,1.0,826446280991.0,10.0,1.0,826446280991.0,826446280991.0,826446280991.0,1.1,0.9,1.0,2422199989509.0,100000.0,0.1,0.1,enabled,,,,,
203,mana,usdc,4,2,main,manausdc,offline,8,1.0,959324.0,10.0,1.0,959324.0,959324.0,959324.0,1.1,0.9,1.0,95932.0,100000.0,0.1,0.1,enabled,,,,,
204,eth,usdd,2,4,main,ethusdd,offline,8,0.001,769.0,10.0,0.001,769.0,769.0,769.0,1.1,0.9,0.001,76.0,100000.0,0.1,0.1,enabled,zerofee,,,,
205,wsm,usdt,6,4,main,wsmusdt,offline,8,1.0,29673590.0,10.0,1.0,29673590.0,29673590.0,29673590.0,1.1,0.9,1.0,219235535.0,100000.0,0.1,0.1,enabled,st,,,,
206,ut,usdt,6,4,main,utusdt,offline,8,0.1,3916960.0,10.0,0.1,3916960.0,3916960.0,3916960.0,1.1,0.9,0.1,391696.0,100000.0,0.1,0.1,enabled,,,,,
207,o3,usdt,4,2,main,o3usdt,offline,8,0.01,1000000.0,10.0,0.01,1000000.0,1000000.0,1000000.0,1.1,0.9,0.01,100000.0,100000.0,0.1,0.1,enabled,,,,,
208,eos3s,usdt,8,4,main,eos3susdt,offline,8,0.01,668449197.8609,10.0,0.01,668449197.8609,668449197.8609,668449197.8609,1.5,0.5,0.01,668449197.8609,2500.0,0.1,0.1,enabled,"etp,nav,holdinglimit",,,2500.0,
209,snt,btc,9,0,main,sntbtc,offline,8,1.0,10000000.0,0.0001,1.0,10000000.0,10000000.0,10000000.0,1.1,0.9,1.0,1000000.0,100.0,0.1,0.1,enabled,,,,,
210,epic,usdt,4,4,main,epicusdt,online,8,0.01,465116.0,10.0,0.01,465116.0,465116.0,465116.0,1.1,0.9,0.01,153296.0,50000.0,0.05,0.05,enabled,,,,,
211,aurora,usdt,5,4,main,aurorausdt,online,8,0.0001,49726.0,10.0,0.0001,49726.0,49726.0,49726.0,1.1,0.9,0.0001,3624901.0,100000.0,0.1,0.1,enabled,,,,,
212,inv,usdt,2,6,st,invusdt,offline,8,1e-05,1300.0,10.0,1e-05,1300.0,1300.0,1300.0,1.1,0.9,1e-05,130.0,100000.0,0.1,0.1,enabled,,,,,
213,mode,usdt,7,4,main,modeusdt,offline,8,1.0,45766590.0,10.0,1.0,45766590.0,45766590.0,45766590.0,1.25,0.75,1.0,713200409.0,100000.0,0.1,0.1,enabled,st,,,,
214,apn,usdt,6,2,st,apnusdt,offline,8,0.1,50000000.0,10.0,0.1,50000000.0,50000000.0,50000000.0,1.1,0.9,0.1,5000000.0,100000.0,0.1,0.1,enabled,,,,,
215,front,usdt,6,4,main,frontusdt,offline,8,0.1,12500000.0,10.0,0.1,12500000.0,12500000.0,12500000.0,1.1,0.9,0.1,1250000.0,100000.0,0.1,0.1,enabled,,,,,
216,avaai,usdt,5,4,main,avaaiusdt,offline,8,0.1,4327131.0,10.0,0.1,4327131.0,4327131.0,4327131.0,1.1,0.9,0.1,4015924.0,50000.0,0.05,0.05,enabled,st,,,,
217,near,eth,6,2,main,neareth,offline,8,0.01,465267.0,0.001,0.01,465267.0,465267.0,465267.0,1.1,0.9,0.01,46526.0,261.0,0.1,0.1,enabled,,,,,
218,axs,eth,6,4,main,axseth,offline,8,0.001,164130.0,0.001,0.001,164130.0,164130.0,164130.0,1.1,0.9,0.001,16413.0,55.0,0.1,0.1,enabled,,,,,
219,sbtc,btc,7,4,st,sbtcbtc,offline,8,0.0001,5253.2019,0.0001,0.0001,5253.2019,5253.2019,5253.2019,1.1,0.9,0.0001,5253.2019,0.0129,0.1,0.1,enabled,"st,abnormalmarket",,,1000.0,
220,sun,usdd,6,2,main,sunusdd,offline,8,0.1,109445113.0,10.0,0.1,109445113.0,109445113.0,109445113.0,1.1,0.9,0.1,10944511.0,100000.0,0.1,0.1,enabled,zerofee,,,,
221,zkl,usdt,5,4,main,zklusdt,online,8,0.1,5934718.0,10.0,0.1,5934718.0,5934718.0,5934718.0,1.25,0.75,0.1,169491525.0,100000.0,0.1,0.1,enabled,st,,,,
222,ltc,ht,6,4,main,ltcht,offline,8,0.001,7000.0,0.1,0.001,7000.0,7000.0,7000.0,1.1,0.9,0.001,700.0,5000.0,0.1,0.1,enabled,,,,,
223,pearl,btc,4,6,st,pearlbtc,offline,8,0.0001,300.0,0.0001,0.0001,300.0,300.0,300.0,1.1,0.9,0.0001,30.0,8.0,0.1,0.1,enabled,,,,,
224,swrv,btc,8,2,st,swrvbtc,offline,8,0.01,174825.0,0.0001,0.01,174825.0,174825.0,174825.0,1.1,0.9,0.01,17482.0,9.0,0.1,0.1,enabled,,,,,
225,apn,eth,8,2,st,apneth,offline,8,0.1,50000000.0,0.001,0.1,50000000.0,50000000.0,50000000.0,1.1,0.9,0.1,5000000.0,43.0,0.1,0.1,enabled,,,,,
226,she,eth,10,2,st,sheeth,offline,8,1.0,1250000000.0,0.001,1.0,1250000000.0,1250000000.0,1250000000.0,1.1,0.9,1.0,125000000.0,340.0,0.1,0.1,enabled,hadax,,,,
227,portal,usdt,5,4,main,portalusdt,online,8,0.1,3333333.0,10.0,0.1,3333333.0,3333333.0,3333333.0,1.1,0.9,0.1,10917030.0,100000.0,0.1,0.1,enabled,,,,,
228,unq,usdt,6,4,main,unqusdt,offline,8,0.1,4000000.0,10.0,0.1,4000000.0,4000000.0,4000000.0,1.1,0.9,0.1,400000.0,100000.0,0.1,0.1,enabled,,,,,
229,avax,usdt,4,4,main,avaxusdt,online,8,0.001,190000.0,1.0,0.001,190000.0,190000.0,190000.0,1.1,0.9,0.001,10356.0,100000.0,0.03,0.03,enabled,,3.0,3.0,,
230,eos3l,usdt,10,4,main,eos3lusdt,offline,8,0.01,5160696138.2195,10.0,0.01,5160696138.2195,5160696138.2195,5160696138.2195,1.5,0.5,0.01,5160696138.2195,2500.0,0.1,0.1,enabled,"etp,nav,holdinglimit",,,2500.0,
231,zrx,btc,8,2,main,zrxbtc,offline,8,1.0,1000000.0,0.0001,1.0,1000000.0,1000000.0,1000000.0,1.1,0.9,1.0,100000.0,100.0,0.1,0.1,enabled,,,,,
232,rccc,eth,10,4,st,rccceth,offline,8,1.0,5900000.0,0.001,1.0,5900000.0,5900000.0,5900000.0,1.1,0.9,1.0,590000.0,50.0,0.05,0.05,enabled,"hadax,highrisk",,,,
233,cova,btc,12,2,st,covabtc,offline,8,1.0,40000000.0,0.0001,1.0,40000000.0,40000000.0,40000000.0,1.1,0.9,1.0,4000000.0,100.0,0.1,0.1,enabled,hadax,,,,
234,bananas31,usdt,6,4,main,bananas31usdt,online,8,1.0,149276011.0,10.0,1.0,149276011.0,149276011.0,149276011.0,1.1,0.9,1.0,4989305.0,50000.0,0.05,0.05,enabled,,,,,
235,bsv,usdt,4,4,main,bsvusdt,online,8,0.001,10000.0,1.0,0.001,10000.0,10000.0,10000.0,1.1,0.9,0.001,6125.0,100000.0,0.1,0.1,enabled,activities,5.0,3.0,,
236,clv,usdt,6,4,main,clvusdt,online,8,0.001,666666.0,10.0,0.001,666666.0,666666.0,666666.0,1.25,0.75,0.001,25971679.0,100000.0,0.1,0.1,enabled,st,,,,
237,hao,usdt,6,4,main,haousdt,offline,8,1.0,200000000.0,10.0,1.0,200000000.0,200000000.0,200000000.0,1.1,0.9,1.0,20000000.0,100000.0,0.1,0.1,enabled,,,,,
238,sao,usdt,6,4,main,saousdt,offline,8,0.1,45808520.0,10.0,0.1,45808520.0,45808520.0,45808520.0,1.1,0.9,0.1,4580852.0,100000.0,0.1,0.1,enabled,,,,,
239,sign,usdt,6,4,main,signusdt,offline,8,0.1,50000000.0,10.0,0.1,50000000.0,50000000.0,50000000.0,1.1,0.9,0.1,5000000.0,100000.0,0.1,0.1,enabled,,,,,
240,pnt,btc,12,2,st,pntbtc,offline,8,1.0,50000000.0,0.0001,1.0,50000000.0,50000000.0,50000000.0,1.1,0.9,1.0,2500000.0,10.0,0.05,0.05,enabled,hadax,,,,
241,sqd,usdt,4,4,main,sqdusdt,online,8,0.1,4275331.0,10.0,0.1,4275331.0,4275331.0,4275331.0,1.1,0.9,0.1,1448910.0,50000.0,0.05,0.05,enabled,innovate,,,,
242,pyusd,usdt,4,4,main,pyusdusdt,online,8,0.1,1000000.0,10.0,0.1,1000000.0,1000000.0,1000000.0,1.1,0.9,0.1,100063.0,100000.0,0.03,0.03,enabled,zerofee,,,,
243,neo,btc,6,4,main,neobtc,offline,8,0.001,60000.0,0.0001,0.001,60000.0,60000.0,60000.0,1.1,0.9,0.001,6000.0,9.0,0.1,0.1,enabled,,,3.0,,
244,tox,usdt,6,3,main,toxusdt,offline,8,0.1,5998800.0,10.0,0.1,5998800.0,5998800.0,5998800.0,1.1,0.9,0.1,528249885.0,100000.0,0.1,0.1,enabled,st,,,,
245,shrap,usdt,6,4,main,shrapusdt,offline,8,1.0,30303030.0,10.0,1.0,30303030.0,30303030.0,30303030.0,1.1,0.9,1.0,138746455.0,100000.0,0.1,0.1,enabled,st,,,,
246,mgg,usdt,6,4,main,mggusdt,offline,8,0.1,12500000.0,10.0,0.1,12500000.0,12500000.0,12500000.0,1.1,0.9,0.1,1250000.0,100000.0,0.1,0.1,enabled,,,,,
247,ht,btc,8,4,main,htbtc,offline,8,0.1,1000000.0,0.0001,0.1,1000000.0,1000000.0,1000000.0,1.1,0.9,0.1,100000.0,1000.0,0.1,0.1,enabled,,,,,
248,qash,eth,6,4,st,qasheth,offline,8,0.1,17000000.0,0.001,0.1,17000000.0,17000000.0,17000000.0,1.1,0.9,0.1,1700000.0,360.0,0.1,0.1,enabled,,,,,
249,lsd,usdt,6,4,main,lsdusdt,offline,8,0.001,500000000.0,10.0,0.001,500000000.0,500000000.0,500000000.0,1.1,0.9,0.001,50000000.0,100000.0,0.1,0.1,enabled,,,,,
250,dac,usdt,8,2,st,dacusdt,offline,8,1.0,80000000.0,10.0,1.0,80000000.0,80000000.0,80000000.0,1.1,0.9,1.0,8000000.0,140000.0,0.1,0.1,enabled,hadax,,,,
251,popcat,usdt,4,4,main,popcatusdt,online,8,0.1,2794857.0,10.0,0.1,2794857.0,2794857.0,2794857.0,1.1,0.9,0.1,1564838.0,100000.0,0.1,0.1,enabled,,3.0,,,
252,eko,eth,10,2,st,ekoeth,offline,8,1.0,100000000.0,0.001,1.0,100000000.0,100000000.0,100000000.0,1.1,0.9,1.0,100000000.0,20.0,0.1,0.1,enabled,,,,,
253,can,usdt,6,4,st,canusdt,offline,8,0.1,15353200.0,10.0,0.1,15353200.0,15353200.0,15353200.0,1.1,0.9,0.1,1535320.0,100000.0,0.1,0.1,enabled,,,,,
254,dbc,btc,10,2,main,dbcbtc,offline,8,0.1,784929356.0,0.0001,0.1,784929356.0,784929356.0,784929356.0,1.1,0.9,0.1,78492935.0,0.5,0.1,0.1,enabled,,,,,
255,hsk,usdt,4,4,main,hskusdt,online,8,0.1,1759943.0,10.0,0.1,1759943.0,1759943.0,1759943.0,1.1,0.9,0.1,304821.0,50000.0,0.05,0.05,enabled,,3.0,,,
256,wbtc,eth,4,4,main,wbtceth,offline,8,0.0001,96.0,0.001,0.0001,96.0,96.0,96.0,1.1,0.9,0.0001,9.0,271.0,0.1,0.1,enabled,,,,,
257,snek,usdt,6,4,main,snekusdt,online,8,0.1,250000000.0,10.0,0.1,250000000.0,250000000.0,250000000.0,1.1,0.9,0.1,97013666.0,50000.0,0.05,0.05,enabled,innovate,,,,
258,dka,usdt,6,2,main,dkausdt,online,8,1.0,17000000.0,10.0,1.0,17000000.0,17000000.0,17000000.0,1.1,0.9,1.0,15232191.0,100000.0,0.1,0.1,enabled,,,,,
259,sbd,usdt,4,4,main,sbdusdt,online,8,0.01,259740.0,10.0,0.01,259740.0,259740.0,259740.0,1.1,0.9,0.01,199604.0,100000.0,0.1,0.1,enabled,,,,,
260,algo,husd,4,4,main,algohusd,offline,8,0.01,3000000.0,1.0,0.01,3000000.0,3000000.0,3000000.0,1.1,0.9,0.01,300000.0,100000.0,0.1,0.1,enabled,crypto,,,,
261,pork,usdt,10,2,main,porkusdt,offline,8,1.0,7158196134574.0,10.0,1.0,7158196134574.0,7158196134574.0,7158196134574.0,1.1,0.9,1.0,3854533266427.0,100000.0,0.1,0.1,enabled,st,,,,
262,era,usdt,4,4,main,erausdt,online,8,0.1,4166666.0,10.0,0.1,4166666.0,4166666.0,4166666.0,1.1,0.9,0.1,359745.0,50000.0,0.05,0.05,enabled,,,,,
263,bal,usdt,4,2,main,balusdt,online,8,0.001,30000.0,10.0,0.001,30000.0,30000.0,30000.0,1.25,0.75,0.001,929990.0,140000.0,0.1,0.1,enabled,st,,,,
264,arix,usdt,4,4,main,arixusdt,offline,8,0.1,1958096.0,10.0,0.1,1958096.0,1958096.0,1958096.0,1.1,0.9,0.1,195809.0,100000.0,0.1,0.1,enabled,,,,,
265,api3,eth,6,4,main,api3eth,offline,8,0.01,372619.0,0.001,0.01,372619.0,372619.0,372619.0,1.1,0.9,0.01,37261.0,167.0,0.1,0.1,enabled,,,,,
266,hydro,eth,8,2,st,hoteth,offline,8,1.0,10000000.0,0.001,1.0,10000000.0,10000000.0,10000000.0,1.1,0.9,1.0,1000000.0,100.0,0.1,0.1,enabled,hadax,,,,
267,egt,usdt,6,2,st,egtusdt,offline,8,1.0,700000000.0,10.0,1.0,700000000.0,700000000.0,700000000.0,1.1,0.9,1.0,70000000.0,100000.0,0.1,0.1,enabled,,,,,
268,kas,usdt,6,4,main,kasusdt,online,8,0.1,20000000.0,10.0,0.1,20000000.0,20000000.0,20000000.0,1.1,0.9,0.1,1409928.0,50000.0,0.05,0.05,enabled,,3.0,,,
269,ckb,ht,6,2,main,ckbht,offline,8,1.0,140000000.0,0.1,1.0,140000000.0,140000000.0,140000000.0,1.1,0.9,1.0,14000000.0,35000.0,0.1,0.1,enabled,,,,,
270,es,usdt,4,4,main,esusdt,online,8,0.1,4239084.0,10.0,0.1,4239084.0,4239084.0,4239084.0,1.1,0.9,0.1,338643.0,50000.0,0.05,0.05,enabled,,,,,
271,bal,husd,4,2,main,balhusd,offline,8,0.001,30000.0,1.0,0.001,30000.0,30000.0,30000.0,1.1,0.9,0.001,3000.0,100000.0,0.1,0.1,enabled,,,,,
272,alice,usdt,4,4,main,aliceusdt,online,8,0.0001,44189.0,10.0,0.0001,44189.0,44189.0,44189.0,1.1,0.9,0.0001,630154.0,100000.0,0.1,0.1,enabled,,,,,
273,aster,usdt,4,4,main,asterusdt,online,8,0.1,1500000.0,1.0,0.1,1500000.0,1500000.0,1500000.0,1.1,0.9,0.1,73380.0,50000.0,0.05,0.05,enabled,,3.0,,,
274,op,usdc,4,4,main,opusdc,offline,8,0.01,666666.0,10.0,0.01,666666.0,666666.0,666666.0,1.1,0.9,0.01,66666.0,100000.0,0.1,0.1,enabled,,,,,
275,kct,usdt,7,4,main,kctusdt,online,8,1.0,100000000.0,10.0,1.0,100000000.0,100000000.0,100000000.0,1.1,0.9,1.0,99343040.0,100000.0,0.1,0.1,enabled,,,,,
276,man,eth,8,4,st,maneth,offline,8,0.1,500000.0,0.001,0.1,500000.0,500000.0,500000.0,1.1,0.9,0.1,50000.0,1000.0,0.05,0.05,enabled,hadax,,,,
277,pol,usdc,6,4,main,maticusdc,offline,8,0.1,1536077.0,10.0,0.1,1536077.0,1536077.0,1536077.0,1.1,0.9,0.1,153607.0,100000.0,0.1,0.1,enabled,,,,,
278,skl,usdt,6,4,main,sklusdt,online,8,0.01,1511715.0,10.0,0.01,1511715.0,1511715.0,1511715.0,1.1,0.9,0.01,12968925.0,100000.0,0.1,0.1,enabled,,,,,
279,ryoma,usdt,6,4,main,ryomausdt,offline,8,1.0,37500937.0,10.0,1.0,37500937.0,37500937.0,37500937.0,1.1,0.9,1.0,3750093.0,100000.0,0.1,0.1,enabled,,,,,
280,snc,eth,8,2,main,snceth,offline,8,0.1,43000000.0,0.001,0.1,43000000.0,43000000.0,43000000.0,1.1,0.9,0.1,5.0,430.0,0.1,0.1,enabled,st,,,,
281,tusd,husd,4,4,main,tusdhusd,offline,8,0.1,1500000.0,1.0,0.1,1500000.0,1500000.0,1500000.0,1.1,0.9,0.1,150000.0,150000.0,0.1,0.1,enabled,,,,,
282,bal,eth,6,2,main,baleth,offline,8,0.001,30000.0,0.001,0.001,30000.0,30000.0,30000.0,1.1,0.9,0.001,3000.0,260.0,0.1,0.1,enabled,,,,,
283,box,usdt,6,4,main,boxusdt,offline,8,1.0,2049180327.0,10.0,1.0,2049180327.0,2049180327.0,2049180327.0,1.1,0.9,1.0,204918032.0,100000.0,0.1,0.1,enabled,,,,,
284,raca,usdt,7,4,main,racausdt,online,8,1.0,458295142.0,10.0,1.0,458295142.0,458295142.0,458295142.0,1.1,0.9,1.0,5530175522.0,100000.0,0.1,0.1,enabled,,,,,
285,lba,usdt,6,4,st,lbausdt,offline,8,1.0,866751.4156,10.0,1.0,866751.4156,866751.4156,866751.4156,1.1,0.9,1.0,866751.4156,1000.0,0.1,0.1,enabled,"st,highrisk",,,1000.0,
286,badger,btc,8,2,main,badgerbtc,offline,8,0.01,61793.0,0.0001,0.01,61793.0,61793.0,61793.0,1.1,0.9,0.01,6179.0,5.0,0.1,0.1,enabled,,,,,
287,ita,usdt,4,4,main,itausdt,offline,8,0.01,458715.0,10.0,0.01,458715.0,458715.0,458715.0,1.1,0.9,0.01,45871.0,100000.0,0.1,0.1,enabled,,,,,
288,tnb,btc,10,0,main,tnbbtc,offline,8,1.0,350000000.0,0.0001,1.0,350000000.0,350000000.0,350000000.0,1.1,0.9,1.0,35000000.0,15.0,0.1,0.1,enabled,,,,,
289,g,usdt,5,4,main,gusdt,online,8,1.0,22123893.0,10.0,1.0,22123893.0,22123893.0,22123893.0,1.1,0.9,1.0,25049008.0,100000.0,0.1,0.1,enabled,,,,,
290,auction,btc,8,4,main,auctionbtc,offline,8,0.0001,45713.0,0.0001,0.0001,45713.0,45713.0,45713.0,1.1,0.9,0.0001,4571.0,5.0,0.1,0.1,enabled,,,,,
291,wtc,btc,8,2,main,wtcbtc,offline,8,0.1,300000.0,0.0001,0.1,300000.0,300000.0,300000.0,1.1,0.9,0.01,30000.0,10.0,0.1,0.1,enabled,,,,,
292,moov,usdt,6,4,main,moovusdt,offline,8,0.1,27510316.0,10.0,0.1,27510316.0,27510316.0,27510316.0,1.1,0.9,0.1,103809351.0,100000.0,0.1,0.1,enabled,st,,,,
293,ponke,usdt,6,4,main,ponkeusdt,online,8,1.0,46081993.0,10.0,1.0,46081993.0,46081993.0,46081993.0,1.1,0.9,1.0,3448451.0,100000.0,0.1,0.1,enabled,,,,,
294,cate,usdt,6,4,main,cateusdt,offline,8,1.0,39619651.0,10.0,1.0,39619651.0,39619651.0,39619651.0,1.1,0.9,1.0,3961965.0,100000.0,0.1,0.1,enabled,st,,,,
295,dot,btc,8,4,main,dotbtc,offline,8,0.01,300000.0,0.0001,0.01,300000.0,300000.0,300000.0,1.1,0.9,0.01,30000.0,10.0,0.1,0.1,enabled,,,3.0,,
296,glm,btc,8,2,main,glmbtc,offline,8,0.1,8576329.0,0.0001,0.1,8576329.0,8576329.0,8576329.0,1.1,0.9,0.1,857632.0,5.0,0.1,0.1,enabled,,,,,
297,egcc,btc,12,2,st,egccbtc,offline,8,1.0,100000000.0,0.0001,1.0,100000000.0,100000000.0,100000000.0,1.1,0.9,1.0,10000000.0,100.0,0.05,0.05,enabled,hadax,,,,
298,usd1,usdt,4,4,main,usd1usdt,online,8,0.1,1000000.0,5.0,0.1,1000000.0,1000000.0,1000000.0,1.1,0.9,0.1,50008.0,50000.0,0.01,0.01,enabled,zerofee,,,,
299,bsv,btc,6,4,main,bsvbtc,offline,8,0.001,5000.0,0.0001,0.001,5000.0,5000.0,5000.0,1.1,0.9,0.001,500.0,50.0,0.1,0.1,enabled,,,3.0,,
300,cmt,eth,8,2,st,cmteth,offline,8,1.0,10000000.0,0.001,1.0,10000000.0,10000000.0,10000000.0,1.1,0.9,1.0,1000000.0,1000.0,0.1,0.1,enabled,,,,,
301,usdr,usdt,4,4,main,usdrusdt,online,8,0.1,1000000.0,10.0,0.1,1000000.0,1000000.0,1000000.0,1.1,0.9,0.1,50077.0,50000.0,0.03,0.03,enabled,,,,,
302,gas,eth,6,4,main,gaseth,offline,8,0.001,10000.0,0.001,0.001,10000.0,10000.0,10000.0,1.1,0.9,0.001,1000.0,500.0,0.1,0.1,enabled,,,,,
303,1inch,btc,8,2,main,1inchbtc,offline,8,0.1,14925373.0,0.0001,0.1,14925373.0,14925373.0,14925373.0,1.1,0.9,0.1,1492537.0,4.0,0.1,0.1,enabled,,,,,
304,aave,usdc,4,4,main,aaveusdc,offline,8,0.0001,15146.0,10.0,0.0001,15146.0,15146.0,15146.0,1.1,0.9,0.0001,1514.0,100000.0,0.1,0.1,enabled,,,,,
305,gain,usdt,6,4,main,gainusdt,online,8,1.0,20000000.0,10.0,1.0,20000000.0,20000000.0,20000000.0,1.1,0.9,1.0,63214599.0,50000.0,0.05,0.05,enabled,"st,innovate",,,,
306,lym,eth,8,2,main,lymeth,offline,8,1.0,250000000.0,0.001,1.0,250000000.0,250000000.0,250000000.0,1.1,0.9,1.0,25000000.0,340.0,0.1,0.1,enabled,hadax,,,,
307,aave,eth,4,4,main,aaveeth,offline,8,0.0001,19956.0,0.001,0.0001,19956.0,19956.0,19956.0,1.1,0.9,0.0001,1995.0,267.0,0.1,0.1,enabled,,,,,
308,f,usdt,5,4,main,fusdt,online,8,1.0,16353229.0,10.0,1.0,16353229.0,16353229.0,16353229.0,1.1,0.9,1.0,17289333.0,100000.0,0.1,0.1,enabled,,,,,
309,rifi,usdt,6,4,st,rifiusdt,offline,8,0.1,10000000.0,10.0,0.1,10000000.0,10000000.0,10000000.0,1.1,0.9,0.1,1000000.0,100000.0,0.1,0.1,enabled,,,,,
310,dovi,usdt,4,4,main,doviusdt,offline,8,0.01,800000.0,10.0,0.01,800000.0,800000.0,800000.0,1.1,0.9,0.01,80000.0,100000.0,0.1,0.1,enabled,,,,,
311,lrc,eth,8,2,main,lrceth,offline,8,0.01,3786444.0,0.001,0.01,3786444.0,3786444.0,3786444.0,1.1,0.9,0.01,378644.0,265.0,0.1,0.1,enabled,,,,,
312,dao,usdt,4,4,main,daousdt,online,8,0.001,410121.0,10.0,0.001,410121.0,410121.0,410121.0,1.1,0.9,0.001,2079754.0,100000.0,0.1,0.1,enabled,,,,,
313,icx,eth,6,4,main,icxeth,offline,8,0.01,100000.0,0.001,0.01,100000.0,100000.0,100000.0,1.1,0.9,0.01,100000.0,300.0,0.1,0.1,enabled,,,,,
314,ogn,btc,8,2,main,ognbtc,offline,8,0.1,5000000.0,0.0001,0.1,5000000.0,5000000.0,5000000.0,1.1,0.9,0.1,500000.0,14.0,0.1,0.1,enabled,,,,,
315,arty,usdt,4,4,main,artyusdt,online,8,0.1,3030303.0,10.0,0.1,3030303.0,3030303.0,3030303.0,1.1,0.9,0.1,1537638.0,100000.0,0.1,0.1,enabled,,,,,
316,mc,usdt,4,4,main,mcusdt,offline,8,0.001,487804.0,10.0,0.001,487804.0,487804.0,487804.0,1.1,0.9,0.001,48780.0,100000.0,0.1,0.1,enabled,,,,,
317,bhd,btc,8,4,st,bhdbtc,offline,8,0.001,100000.0,0.0001,0.001,100000.0,100000.0,100000.0,1.1,0.9,0.001,10000.0,20.0,0.1,0.1,enabled,,,,,
318,tnsr,usdt,4,4,main,tnsrusdt,online,8,0.1,2500000.0,10.0,0.1,2500000.0,2500000.0,2500000.0,1.1,0.9,0.1,2363580.0,100000.0,0.1,0.1,enabled,,,,,
319,griffain,usdt,4,4,main,griffainusdt,online,8,0.1,2284148.0,10.0,0.1,2284148.0,2284148.0,2284148.0,1.1,0.9,0.1,2902574.0,50000.0,0.05,0.05,enabled,,,,,
320,zero,usdt,4,4,main,zerousdt,offline,8,0.01,666666.0,10.0,0.01,666666.0,666666.0,666666.0,1.1,0.9,0.01,66666.0,100000.0,0.1,0.1,enabled,st,,,,
321,dot2l,usdt,4,4,main,dot2lusdt,offline,8,0.001,27326.999,10.0,0.001,27326.999,27326.999,27326.999,1.5,0.5,0.001,27326.999,2500.0,0.1,0.1,enabled,"etp,nav,holdinglimit,activities",,,2500.0,
322,ton,usdd,4,4,main,tonusdd,offline,8,0.01,473933.0,10.0,0.01,473933.0,473933.0,473933.0,1.1,0.9,0.01,47393.0,100000.0,0.1,0.1,enabled,zerofee,,,,
323,asto,usdt,5,4,main,astousdt,offline,8,1.0,13935340.0,10.0,1.0,13935340.0,13935340.0,13935340.0,1.1,0.9,1.0,1393534.0,100000.0,0.1,0.1,enabled,st,,,,
324,inr,usdt,6,4,main,inrusdt,offline,8,0.1,4545454.0,10.0,0.1,4545454.0,4545454.0,4545454.0,1.1,0.9,0.1,454545.0,100000.0,0.1,0.1,enabled,,,,,
325,ali,usdt,6,4,main,aliusdt,online,8,1.0,16214813.0,10.0,1.0,16214813.0,16214813.0,16214813.0,1.25,0.75,1.0,65274151.0,100000.0,0.1,0.1,enabled,st,,,,
326,musk,btc,12,2,main,muskbtc,offline,8,1.0,25000000.0,0.0001,1.0,25000000.0,25000000.0,25000000.0,1.1,0.9,1.0,2500000.0,50.0,0.05,0.05,enabled,,,,,
327,algo,eth,6,4,main,algoeth,offline,8,0.01,3000000.0,0.001,0.01,3000000.0,3000000.0,3000000.0,1.1,0.9,0.01,300000.0,300.0,0.1,0.1,enabled,,,,,
328,dydx,usdt,4,4,main,dydxusdt,online,8,0.01,2325581.0,10.0,0.01,2325581.0,2325581.0,2325581.0,1.1,0.9,0.01,703406.0,100000.0,0.1,0.1,enabled,,3.0,3.0,,
329,gve,eth,8,2,st,gveeth,offline,8,1.0,450000000.0,0.001,1.0,450000000.0,450000000.0,450000000.0,1.1,0.9,1.0,45000000.0,50.0,0.05,0.05,enabled,"hadax,had",,,,
330,hit,usdt,8,4,st,hitusdt,offline,8,1.0,10000000000.0,10.0,1.0,10000000000.0,10000000000.0,10000000000.0,1.1,0.9,1.0,10000000000.0,100000.0,0.1,0.1,enabled,,,,,
331,aixbt,usdt,4,4,main,aixbtusdt,online,8,0.1,4000000.0,10.0,0.1,4000000.0,4000000.0,4000000.0,1.1,0.9,0.1,1695165.0,50000.0,0.05,0.05,enabled,,3.0,,,
332,uma,usdt,4,4,main,umausdt,online,8,0.0001,57000.0,10.0,0.0001,57000.0,57000.0,57000.0,1.1,0.9,0.0001,209267.0,100000.0,0.1,0.1,enabled,,3.0,,,
333,fanc,usdt,5,4,main,fancusdt,offline,8,0.01,487804.0,1.0,0.01,487804.0,487804.0,487804.0,1.1,0.9,0.01,21186440.0,100000.0,0.1,0.1,enabled,st,,,,
334,rccc,btc,10,2,st,rcccbtc,offline,8,1.0,5900000.0,0.0001,1.0,5900000.0,1446199.7956,5900000.0,1.1,0.9,1.0,590000.0,0.045,0.05,0.05,enabled,"abnormalmarket,hadax,highrisk",,,,
335,ela,btc,8,2,main,elabtc,offline,8,0.01,50000.0,0.0001,0.01,50000.0,50000.0,50000.0,1.1,0.9,0.01,5000.0,100.0,0.1,0.1,enabled,,,,,
336,wen,usdt,7,2,main,wenusdt,offline,8,1.0,8888888888.0,10.0,1.0,8888888888.0,8888888888.0,8888888888.0,1.25,0.75,1.0,19442096365.0,100000.0,0.1,0.1,enabled,st,,,,
337,shib,usdt,8,2,main,shibusdt,online,8,1.0,245098039215.0,1.0,1.0,245098039215.0,245098039215.0,245098039215.0,1.1,0.9,1.0,7977247502.0,50000.0,0.03,0.03,enabled,,2.0,3.0,,
338,xno,usdt,4,4,main,xnousdt,online,8,0.1,1000000.0,10.0,0.1,1000000.0,1000000.0,1000000.0,1.1,0.9,0.1,98396.0,50000.0,0.1,0.1,enabled,,,,,
339,xcad,usdt,4,4,main,xcadusdt,offline,8,0.001,392403.0,10.0,0.001,392403.0,392403.0,392403.0,1.1,0.9,0.001,2252693.0,100000.0,0.1,0.1,enabled,st,,,,
340,nim,usdt,5,4,main,nimusdt,offline,8,1.0,10313850.0,10.0,1.0,10313850.0,10313850.0,10313850.0,1.1,0.9,1.0,1031385.0,100000.0,0.1,0.1,enabled,st,,,,
341,hydro,usdt,6,2,st,hydrousdt,offline,8,1.0,100000000.0,10.0,1.0,100000000.0,100000000.0,100000000.0,1.1,0.9,1.0,10000000.0,100000.0,0.1,0.1,enabled,hadax,,,,
342,shib,usdc,8,2,main,shibusdc,offline,8,1.0,85616438356.0,10.0,1.0,85616438356.0,85616438356.0,85616438356.0,1.1,0.9,1.0,8561643835.0,100000.0,0.1,0.1,enabled,,,,,
343,ycc,eth,8,2,st,ycceth,offline,8,1.0,10000000.0,0.001,1.0,10000000.0,10000000.0,10000000.0,1.1,0.9,1.0,1000000.0,50.0,0.05,0.05,enabled,hadax,,,,
344,polc,usdt,6,4,main,polcusdt,offline,8,0.01,3478260.0,10.0,0.01,3478260.0,3478260.0,3478260.0,1.1,0.9,0.01,240334378.0,100000.0,0.1,0.1,enabled,st,,,,
345,avnt,usdt,4,4,main,avntusdt,online,8,0.1,6060606.0,10.0,0.1,6060606.0,6060606.0,6060606.0,1.1,0.9,0.1,340276.0,50000.0,0.05,0.05,enabled,,3.0,,,
346,nuls,eth,6,4,main,nulseth,offline,8,0.1,2500000.0,0.001,0.1,2500000.0,2500000.0,2500000.0,1.1,0.9,0.1,250000.0,10000.0,0.1,0.1,enabled,,,,,
347,xrp,usdc,5,2,main,xrpusdc,offline,8,1.0,2490784.0,10.0,1.0,2490784.0,2490784.0,2490784.0,1.1,0.9,1.0,249078.0,100000.0,0.1,0.1,enabled,,,,,
348,hat,usdt,5,4,main,hatusdt,offline,8,1.0,11913271.0,10.0,1.0,11913271.0,11913271.0,11913271.0,1.1,0.9,1.0,52752293.0,50000.0,0.05,0.05,enabled,st,,,,
349,adp,usdt,6,4,main,adpusdt,offline,8,0.1,57537399.0,10.0,0.1,57537399.0,57537399.0,57537399.0,1.1,0.9,0.1,57073376.0,100000.0,0.1,0.1,enabled,st,,,,
350,slerf,usdt,5,4,main,slerfusdt,offline,8,0.1,2040816.0,10.0,0.1,2040816.0,2040816.0,2040816.0,1.1,0.9,0.1,15634559.0,100000.0,0.1,0.1,enabled,st,,,,
351,ocn,usdt,8,4,st,ocnusdt,offline,8,1.0,100000000.0,10.0,1.0,100000000.0,100000000.0,100000000.0,1.1,0.9,1.0,5000000.0,50000.0,0.1,0.1,enabled,,,,,
352,sol,usdc,4,2,main,solusdc,offline,8,0.01,21546.0,10.0,0.01,21546.0,21546.0,21546.0,1.1,0.9,0.01,2154.0,100000.0,0.1,0.1,enabled,,,,,
353,ab,ht,8,4,main,newht,offline,8,1.0,100000000.0,0.1,1.0,100000000.0,100000000.0,100000000.0,1.1,0.9,1.0,10000000.0,50000.0,0.05,0.05,enabled,,,,,
354,broccoli,usdt,6,4,main,broccoliusdt,online,8,1.0,15365703.0,10.0,1.0,15365703.0,15365703.0,15365703.0,1.1,0.9,1.0,2992119.0,50000.0,0.05,0.05,enabled,,,,,
355,xrt,usdt,4,4,main,xrtusdt,offline,8,0.0001,20000.0,10.0,0.0001,20000.0,20000.0,20000.0,1.1,0.9,0.0001,2000.0,100000.0,0.1,0.1,enabled,,,,,
356,dka,eth,8,2,main,dkaeth,offline,8,1.0,17000000.0,0.001,1.0,17000000.0,17000000.0,17000000.0,1.1,0.9,1.0,1700000.0,230.0,0.1,0.1,enabled,,,,,
357,dark,usdt,6,4,main,darkusdt,offline,8,1.0,30750307.0,10.0,1.0,30750307.0,30750307.0,30750307.0,1.25,0.75,1.0,151415404.0,50000.0,0.05,0.05,enabled,st,,,,
358,bb,usdt,4,4,main,bbusdt,online,8,1.0,10000000.0,10.0,1.0,10000000.0,10000000.0,10000000.0,1.1,0.9,1.0,3657760.0,100000.0,0.1,0.1,enabled,,,,,
359,rats,usdt,8,2,main,ratsusdt,online,8,1.0,15873015873.0,10.0,1.0,15873015873.0,15873015873.0,15873015873.0,1.1,0.9,1.0,2557231963.0,100000.0,0.1,0.1,enabled,,3.0,,,
360,itc,eth,8,0,st,itceth,offline,8,0.1,5000000.0,0.001,0.1,5000000.0,5000000.0,5000000.0,1.1,0.9,1.0,500000.0,1000.0,0.1,0.1,enabled,,,,,
361,bcv,btc,12,2,st,bcvbtc,offline,8,1.0,22000000.0,0.0001,1.0,22000000.0,22000000.0,22000000.0,1.1,0.9,1.0,2200000.0,50.0,0.05,0.05,enabled,hadax,,,,
362,skyai,usdt,6,4,main,skyaiusdt,online,8,1.0,25000000.0,10.0,1.0,25000000.0,25000000.0,25000000.0,1.1,0.9,1.0,268181.0,50000.0,0.05,0.05,enabled,innovate,,,,
363,kcash,usdt,6,2,main,kcashusdt,offline,8,1.0,50000000.0,10.0,1.0,50000000.0,50000000.0,50000000.0,1.1,0.9,1.0,5000000.0,100000.0,0.1,0.1,enabled,hadax,,,,
364,whale,usdt,4,4,main,whaleusdt,offline,8,0.0001,38461.0,10.0,0.0001,38461.0,38461.0,38461.0,1.1,0.9,0.0001,3846.0,100000.0,0.1,0.1,enabled,,,,,
365,ncc,btc,10,2,st,nccbtc,offline,8,1.0,1878824.5036,0.0001,1.0,1878824.5036,1878824.5036,1878824.5036,1.1,0.9,1.0,1878824.5036,0.0129,0.1,0.1,enabled,"griddisabled,st,hadax",,,1000.0,
366,fil,btc,8,4,main,filbtc,offline,8,0.0001,31129.0,0.0001,0.0001,31129.0,31129.0,31129.0,1.1,0.9,0.0001,3112.0,8.0,0.1,0.1,enabled,,,3.0,,
367,jst,usdd,6,2,main,jstusdd,offline,8,1.0,24088259.0,10.0,1.0,24088259.0,24088259.0,24088259.0,1.1,0.9,1.0,2408825.0,100000.0,0.1,0.1,enabled,zerofee,,,,
368,chz,usdt,6,4,main,chzusdt,online,8,1.0,86000000.0,1.0,1.0,86000000.0,86000000.0,86000000.0,1.1,0.9,1.0,2406343.0,100000.0,0.1,0.1,enabled,activities,3.0,,,
369,omnia,usdt,4,4,main,omniausdt,offline,8,0.1,2857142.0,10.0,0.1,2857142.0,2857142.0,2857142.0,1.1,0.9,0.1,5491881.0,100000.0,0.1,0.1,enabled,st,,,,
370,monad,usdt,6,4,main,monadusdt,online,8,0.1,25000000.0,10.0,0.1,25000000.0,25000000.0,25000000.0,1.1,0.9,0.1,1449195.0,50000.0,0.05,0.05,enabled,,,,,
371,cfg,usdt,4,4,main,cfgusdt,online,8,0.1,2578648.0,10.0,0.1,2578648.0,2578648.0,2578648.0,1.1,0.9,0.1,443595.0,100000.0,0.1,0.1,enabled,,,,,
372,ftt,btc,8,2,main,fttbtc,offline,8,0.01,700000.0,0.0001,0.01,700000.0,700000.0,700000.0,1.1,0.9,0.01,70000.0,20.0,0.1,0.1,enabled,,,,,
373,elf,btc,8,0,main,elfbtc,offline,8,1.0,1000000.0,0.0001,1.0,1000000.0,1000000.0,1000000.0,1.1,0.9,1.0,100000.0,100.0,0.1,0.1,enabled,,,,,
374,waves,eth,6,4,main,waveseth,offline,8,0.01,200000.0,0.001,0.01,200000.0,200000.0,200000.0,1.1,0.9,0.01,20000.0,150.0,0.1,0.1,enabled,,,,,
375,ctrl,usdt,5,4,main,ctrlusdt,offline,8,1.0,21012817.0,10.0,1.0,21012817.0,21012817.0,21012817.0,1.1,0.9,1.0,12023000.0,100000.0,0.1,0.1,enabled,st,,,,
376,pbux,usdt,6,2,main,pbuxusdt,offline,8,0.1,2000000.0,10.0,0.1,2000000.0,2000000.0,733730.3275,1.1,0.97,0.1,733730.3275,100000.0,0.03,0.1,enabled,"st,abnormalmarket",,,,
377,iris,btc,10,2,st,irisbtc,offline,8,1.0,6500000.0,0.0001,1.0,6500000.0,6500000.0,6500000.0,1.1,0.9,1.0,650000.0,9.0,0.1,0.1,enabled,,,,,
378,ping,usdt,6,4,main,pingusdt,online,8,1.0,20000000.0,10.0,1.0,20000000.0,20000000.0,20000000.0,1.1,0.9,1.0,24232463.0,50000.0,0.05,0.05,enabled,innovate,,,,
379,btc,gbp,2,5,main,btcgbp,offline,8,1e-05,34.0,1.0,1e-05,34.0,34.0,34.0,1.1,0.9,1e-05,3.0,79720.0,0.1,0.1,enabled,"griddisabled,fiat",,,,
380,mew,usdt,6,4,main,mewusdt,online,8,1.0,104766893.0,10.0,1.0,104766893.0,104766893.0,104766893.0,1.1,0.9,1.0,159944367.0,100000.0,0.1,0.1,enabled,,,,,
381,basebot,usdt,9,8,main,basebotusdt,offline,8,1.0,90000000000.0,10.0,1.0,90000000000.0,90000000000.0,90000000000.0,1.1,0.9,1.0,9000000000.0,100000.0,0.1,0.1,enabled,,,,,
382,dash,ht,6,4,main,dashht,offline,8,0.0001,2500.0,0.1,0.0001,2500.0,2500.0,2500.0,1.1,0.9,0.0001,250.0,5000.0,0.1,0.1,enabled,,,,,
383,dcr,eth,6,4,main,dcreth,offline,8,0.001,10000.0,0.001,0.001,10000.0,10000.0,10000.0,1.1,0.9,0.001,1000.0,100.0,0.1,0.1,enabled,,,,,
384,seele,usdt,6,2,st,seeleusdt,offline,8,1.0,450000000.0,10.0,1.0,450000000.0,450000000.0,450000000.0,1.1,0.9,1.0,45000000.0,140000.0,0.1,0.1,enabled,hadax,,,,
385,trio,eth,10,2,st,trioeth,offline,8,1.0,330000000.0,0.001,1.0,330000000.0,330000000.0,330000000.0,1.1,0.9,1.0,33000000.0,50.0,0.05,0.05,enabled,hadax,,,,
386,volt,usdt,10,2,main,voltusdt,offline,8,1.0,709219858156.0,10.0,1.0,709219858156.0,709219858156.0,709219858156.0,1.1,0.9,1.0,70921985815.0,100000.0,0.1,0.1,enabled,,,,,
387,fightold,usdt,6,4,main,fightoldusdt,offline,8,1.0,14792899.0,10.0,1.0,14792899.0,14792899.0,14792899.0,1.1,0.9,1.0,177537630.0,100000.0,0.1,0.1,enabled,st,,,,
388,sylo,usdt,8,4,main,sylousdt,offline,8,1.0,343760742.0,10.0,1.0,343760742.0,343760742.0,343760742.0,1.25,0.75,1.0,103092783505.0,100000.0,0.1,0.1,enabled,st,,,,
389,lbl,usdt,6,4,main,lblusdt,offline,8,0.1,87950747.0,10.0,0.1,87950747.0,87950747.0,87950747.0,1.1,0.9,0.1,8795074.0,100000.0,0.1,0.1,enabled,,,,,
390,tribe,btc,8,4,main,tribebtc,offline,8,0.01,1000000.0,0.0001,0.01,1000000.0,1000000.0,1000000.0,1.1,0.9,0.01,100000.0,5.0,0.1,0.1,enabled,,,,,
391,xem,btc,8,2,main,xembtc,offline,8,0.1,1000000.0,0.0001,0.1,1000000.0,1000000.0,1000000.0,1.1,0.9,0.1,100000.0,100.0,0.1,0.1,enabled,,,,,
392,soc,eth,8,2,st,soceth,offline,8,1.0,5000000.0,0.001,1.0,5000000.0,5000000.0,5000000.0,1.1,0.9,1.0,500000.0,500.0,0.1,0.1,enabled,,,,,
393,bnkr,usdt,8,2,main,bnkrusdt,online,8,1.0,1666666666.0,10.0,1.0,1666666666.0,1666666666.0,1666666666.0,1.1,0.9,1.0,135759212.0,50000.0,0.05,0.05,enabled,innovate,,,,
394,revv,usdt,6,4,main,revvusdt,offline,8,0.1,11920371.0,10.0,0.1,11920371.0,11920371.0,11920371.0,1.1,0.9,0.1,73630630.0,100000.0,0.1,0.1,enabled,st,,,,
395,can,eth,6,4,st,caneth,offline,8,0.0001,22818.0,0.001,0.0001,22818.0,22818.0,22818.0,1.1,0.9,0.0001,2281.0,43.0,0.1,0.1,enabled,,,,,
396,radar,usdt,6,4,st,radarusdt,offline,8,0.1,10000000.0,10.0,0.1,10000000.0,10000000.0,10000000.0,1.1,0.9,0.1,1000000.0,100000.0,0.1,0.1,enabled,,,,,
397,cxt,usdt,6,4,main,cxtusdt,online,8,0.1,5263157.0,10.0,0.1,5263157.0,5263157.0,5263157.0,1.25,0.75,0.1,21692587.0,100000.0,0.1,0.1,enabled,st,,,,
398,srm,btc,8,4,main,srmbtc,offline,8,0.001,147442.0,0.0001,0.001,147442.0,147442.0,147442.0,1.1,0.9,0.001,14744.0,5.0,0.1,0.1,enabled,,,,,
399,fdt,usdt,7,4,main,fdtusdt,offline,8,0.1,1428571.0,10.0,0.1,1428571.0,1428571.0,1428571.0,1.1,0.9,0.1,142857.0,100000.0,0.1,0.1,enabled,,,,,
400,xrp,ht,6,4,main,xrpht,offline,8,0.1,1000000.0,0.1,0.1,1000000.0,1000000.0,1000000.0,1.1,0.9,0.1,100000.0,5000.0,0.1,0.1,enabled,,,,,
401,for,btc,10,2,main,forbtc,offline,8,1.0,30000000.0,0.0001,1.0,30000000.0,30000000.0,30000000.0,1.1,0.9,1.0,3000000.0,20.0,0.1,0.1,enabled,,,,,
402,t,usdt,5,4,main,tusdt,online,8,0.01,9293680.0,10.0,0.01,9293680.0,9293680.0,9293680.0,1.1,0.9,0.01,15176509.0,100000.0,0.1,0.1,enabled,,,,,
403,theta,eth,8,2,main,thetaeth,offline,8,0.1,10000000.0,0.001,0.1,10000000.0,10000000.0,10000000.0,1.1,0.9,0.1,1000000.0,500.0,0.1,0.1,enabled,,,,,
404,rvn,usdt,6,2,main,rvnusdt,online,8,1.0,59000000.0,10.0,1.0,59000000.0,59000000.0,59000000.0,1.1,0.9,1.0,22749913.0,140000.0,0.1,0.1,enabled,,,,,
405,lba,eth,8,4,st,lbaeth,offline,8,1.0,866751.4156,0.001,1.0,866751.4156,866751.4156,866751.4156,1.1,0.9,1.0,866751.4156,0.4159,0.1,0.1,enabled,"st,highrisk",,,1000.0,
406,btc,eur,2,5,main,btceur,offline,8,1e-05,34.0,1.0,1e-05,34.0,34.0,34.0,1.1,0.9,1e-05,3.0,94400.0,0.1,0.1,enabled,"griddisabled,fiat",,,,
407,zelix,usdt,7,4,main,zelixusdt,offline,8,1.0,472589792.0,10.0,1.0,472589792.0,472589792.0,472589792.0,1.1,0.9,1.0,4703476482.0,100000.0,0.1,0.1,enabled,st,,,,
408,based,usdt,6,4,main,basedusdt,online,8,1.0,12500000.0,10.0,1.0,12500000.0,12500000.0,12500000.0,1.1,0.9,1.0,414269.0,50000.0,0.05,0.05,enabled,,,,,
409,blz,usdt,4,2,main,blzusdt,offline,8,1.0,8000000.0,10.0,1.0,8000000.0,8000000.0,8000000.0,1.1,0.9,1.0,2912498.0,100000.0,0.1,0.1,enabled,st,,,,
410,sweat,usdt,6,4,main,sweatusdt,online,8,1.0,18532246.0,10.0,1.0,18532246.0,18532246.0,18532246.0,1.1,0.9,1.0,367647058.0,100000.0,0.1,0.1,enabled,,,,,
411,zeta,usdt,4,4,main,zetausdt,online,8,0.01,584795.0,10.0,0.01,584795.0,584795.0,584795.0,1.1,0.9,0.01,1668964.0,100000.0,0.1,0.1,enabled,,3.0,,,
412,idex,usdt,5,4,main,idexusdt,online,8,0.01,2173913.0,10.0,0.01,2173913.0,2173913.0,2173913.0,1.1,0.9,0.01,38558256.0,100000.0,0.1,0.1,enabled,,,,,
413,newt,usdt,4,4,main,newtusdt,online,8,0.1,2173913.0,10.0,0.1,2173913.0,2173913.0,2173913.0,1.1,0.9,0.1,640811.0,50000.0,0.05,0.05,enabled,,,,,
414,billy,usdt,5,4,main,billyusdt,offline,8,1.0,25000000.0,1.0,1.0,25000000.0,25000000.0,25000000.0,1.1,0.9,1.0,62364425.0,100000.0,0.1,0.1,enabled,st,,,,
415,fet,usdt,4,4,main,fetusdt,online,8,0.01,3810975.0,5.0,0.01,3810975.0,3810975.0,3810975.0,1.1,0.9,0.01,432843.0,100000.0,0.1,0.1,enabled,,,,,
416,btc1s,usdt,4,4,main,btc1susdt,offline,8,0.01,2380.9523,10.0,0.01,2380.9523,2380.9523,2380.9523,1.5,0.5,0.01,2380.9523,2500.0,0.1,0.1,enabled,"etp,nav,holdinglimit",,,2500.0,
417,link3s,usdt,4,4,main,link3susdt,offline,8,0.001,2527.8451,10.0,0.001,2527.8451,2527.8451,2527.8451,1.5,0.5,0.001,2527.8451,2500.0,0.1,0.1,enabled,"etp,nav,holdinglimit",,,2500.0,
418,euroc,eur,4,4,main,euroceur,offline,8,0.1,1000000.0,1.0,0.1,1000000.0,1000000.0,1000000.0,1.1,0.9,0.1,100000.0,100000.0,0.1,0.1,enabled,,,,,
419,chad,usdt,8,2,main,chadusdt,offline,8,1.0,88261253309.0,10.0,1.0,88261253309.0,88261253309.0,88261253309.0,1.1,0.9,1.0,8826125330.0,100000.0,0.1,0.1,enabled,,,,,
420,hit,eth,10,2,st,hiteth,offline,8,1.0,74125321.2097,0.001,1.0,74125321.2097,74125321.2097,74125321.2097,1.1,0.9,1.0,74125321.2097,0.2079,0.1,0.1,enabled,,,,500.0,
421,egame,usdt,8,4,main,egameusdt,offline,8,1.0,778840462.0,10.0,1.0,778840462.0,778840462.0,778840462.0,1.1,0.9,1.0,77884046.0,100000.0,0.1,0.1,enabled,,,,,
422,utk,usdt,4,2,main,utkusdt,offline,8,0.1,5500000.0,10.0,0.1,5500000.0,5500000.0,5500000.0,1.1,0.9,0.1,7550886.0,100000.0,0.1,0.1,enabled,,,,,
423,wojak,usdt,8,2,main,wojakusdt,offline,8,1.0,8223684210.0,10.0,1.0,8223684210.0,8223684210.0,8223684210.0,1.1,0.9,1.0,283347541.0,100000.0,0.1,0.1,enabled,st,,,,
424,sent,usdt,6,4,main,sentusdt,online,8,1.0,34734282.0,1.0,1.0,34734282.0,34734282.0,34734282.0,1.1,0.9,1.0,2981761.0,50000.0,0.05,0.05,enabled,,3.0,,,
425,kcash,eth,10,2,main,kcasheth,offline,8,1.0,50000000.0,0.001,1.0,50000000.0,50000000.0,50000000.0,1.1,0.9,1.0,5000000.0,350.0,0.1,0.1,enabled,hadax,,,,
426,xec,usdt,8,2,main,xecusdt,online,8,1.0,35868005738.0,10.0,1.0,35868005738.0,35868005738.0,35868005738.0,1.1,0.9,1.0,13463677340.0,100000.0,0.1,0.1,enabled,,,,,
427,bhd,ht,4,4,st,bhdht,offline,8,0.001,100000.0,0.1,0.001,100000.0,100000.0,100000.0,1.1,0.9,0.001,10000.0,45000.0,0.1,0.1,enabled,,,,,
428,gst,usdt,4,4,st,gstusdt,offline,8,0.001,317460.0,10.0,0.001,317460.0,317460.0,317460.0,1.1,0.9,0.001,31746.0,100000.0,0.1,0.1,enabled,,,,,
429,toke,usdt,4,4,main,tokeusdt,offline,8,0.0001,87950.0,10.0,0.0001,87950.0,87950.0,87950.0,1.1,0.9,0.0001,8795.0,100000.0,0.1,0.1,enabled,,,,,
430,mfer,usdt,6,4,main,mferusdt,online,8,1.0,5000000.0,10.0,1.0,5000000.0,5000000.0,5000000.0,1.25,0.75,1.0,141800246.0,100000.0,0.1,0.1,enabled,st,,,,
431,lend,btc,8,2,st,lendbtc,offline,8,0.1,1700000.0,0.0001,0.1,1700000.0,1700000.0,1700000.0,1.1,0.9,0.1,170000.0,8.0,0.1,0.1,enabled,,,,,
432,xrp,usdd,5,2,main,xrpusdd,offline,8,1.0,2170327.0,10.0,1.0,2170327.0,2170327.0,2170327.0,1.1,0.9,1.0,217032.0,100297.0,0.1,0.1,enabled,zerofee,,,,
433,ada,btc,8,2,main,adabtc,online,8,0.1,5000000.0,0.0001,0.1,5000000.0,5000000.0,5000000.0,1.1,0.9,0.1,500000.0,100.0,0.1,0.1,enabled,,,3.0,,
434,srn,eth,8,2,st,srneth,offline,8,0.01,300000.0,0.001,0.01,300000.0,300000.0,300000.0,1.1,0.9,0.01,30000.0,500.0,0.1,0.1,enabled,,,,,
435,mask,usdt,4,4,main,maskusdt,online,8,0.001,166666.0,10.0,0.001,166666.0,166666.0,166666.0,1.1,0.9,0.001,209197.0,100000.0,0.1,0.1,enabled,,3.0,,,
436,pew,usdt,10,2,main,pewusdt,offline,8,1.0,10000000000.0,10.0,1.0,10000000000.0,10000000000.0,10000000000.0,1.1,0.9,1.0,272848059219.0,100000.0,0.1,0.1,enabled,st,,,,
437,bank,usdt,6,4,main,bankusdt,online,8,1.0,14622020.0,10.0,1.0,14622020.0,14622020.0,14622020.0,1.1,0.9,1.0,1310263.0,50000.0,0.05,0.05,enabled,innovate,,,,
438,theta,husd,4,4,main,thetahusd,offline,8,0.1,498927.0,1.0,0.1,498927.0,498927.0,498927.0,1.1,0.9,0.1,49892.0,100000.0,0.1,0.1,enabled,crypto,,,,
439,paradox,usdt,7,4,main,paradoxusdt,offline,8,1.0,33333333.0,10.0,1.0,33333333.0,33333333.0,33333333.0,1.1,0.9,1.0,3333333.0,100000.0,0.1,0.1,enabled,,,,,
440,ltc3l,usdt,6,4,main,ltc3lusdt,offline,8,0.01,3462235.0058,10.0,0.01,3462235.0058,3462235.0058,3462235.0058,1.5,0.5,0.01,3462235.0058,2500.0,0.1,0.1,enabled,"etp,nav,holdinglimit",,,2500.0,
441,wemix,usdt,4,4,main,wemixusdt,offline,8,0.001,210527.0,10.0,0.001,210527.0,210527.0,210527.0,1.1,0.9,0.001,322874.0,100000.0,0.1,0.1,enabled,,,,,
442,qtum,btc,8,4,main,qtumbtc,offline,8,0.01,500000.0,0.0001,0.01,500000.0,500000.0,500000.0,1.1,0.9,0.01,50000.0,9.0,0.1,0.1,enabled,,,,,
443,plu,usdt,4,4,main,pluusdt,offline,8,0.0001,61500.0,10.0,0.0001,61500.0,61500.0,61500.0,1.1,0.9,0.0001,173130.0,100000.0,0.1,0.1,enabled,st,,,,
444,move,usdt,4,4,main,moveusdt,online,8,0.1,1612903.0,10.0,0.1,1612903.0,1612903.0,1612903.0,1.1,0.9,0.1,5286141.0,100000.0,0.05,0.05,enabled,,,,,
445,mxc,btc,10,2,main,mxcbtc,offline,8,1.0,30000000.0,0.0001,1.0,30000000.0,30000000.0,30000000.0,1.1,0.9,1.0,3000000.0,8.0,0.1,0.1,enabled,hadax,,,,
446,lrc,usdt,4,4,main,lrcusdt,online,8,0.01,3786444.0,10.0,0.01,3786444.0,3786444.0,3786444.0,1.1,0.9,0.01,5293440.0,100000.0,0.1,0.1,enabled,,,,,
447,kgst,usdt,5,4,main,kgstusdt,online,8,0.1,9090909.0,10.0,0.1,9090909.0,9090909.0,9090909.0,1.1,0.9,0.1,4379284.0,50000.0,0.05,0.05,enabled,,,,,
448,xzk,usdt,5,4,main,xzkusdt,offline,8,0.1,7153075.0,10.0,0.1,7153075.0,7153075.0,7153075.0,1.1,0.9,0.1,3845639.0,100000.0,0.1,0.1,enabled,st,,,,
449,apn,btc,10,2,st,apnbtc,offline,8,0.1,50000000.0,0.0001,0.1,50000000.0,50000000.0,50000000.0,1.1,0.9,0.1,5000000.0,3.0,0.1,0.1,enabled,,,,,
450,ogn,ht,6,2,main,ognht,offline,8,0.1,5000000.0,0.1,0.1,5000000.0,5000000.0,5000000.0,1.1,0.9,0.1,500000.0,34000.0,0.1,0.1,enabled,,,,,
451,front,btc,8,2,main,frontbtc,offline,8,0.1,12500000.0,0.0001,0.1,12500000.0,12500000.0,12500000.0,1.1,0.9,0.1,1250000.0,9.0,0.1,0.1,enabled,,,,,
452,rpl,usdt,4,4,main,rplusdt,online,8,0.001,24563.0,10.0,0.001,24563.0,24563.0,24563.0,1.25,0.75,0.001,52912.0,100000.0,0.1,0.1,enabled,st,,,,
453,rune,usdt,4,4,main,runeusdt,online,8,0.01,200803.0,10.0,0.01,200803.0,200803.0,200803.0,1.1,0.9,0.01,230615.0,100000.0,0.1,0.1,enabled,,,,,
454,agld,usdt,4,4,main,agldusdt,online,8,0.001,140795.0,10.0,0.001,140795.0,140795.0,140795.0,1.1,0.9,0.001,354905.0,100000.0,0.1,0.1,enabled,,,,,
455,next,usdt,4,4,main,nextusdt,offline,8,0.1,4000000.0,10.0,0.1,4000000.0,4000000.0,4000000.0,1.1,0.9,0.1,400000.0,100000.0,0.1,0.1,enabled,,,,,
456,vra,usdt,8,4,main,vrausdt,online,8,0.1,39108330.0,10.0,0.1,39108330.0,39108330.0,39108330.0,1.25,0.75,0.1,6609385327.0,100000.0,0.1,0.1,enabled,st,,,,
457,near,btc,8,2,main,nearbtc,offline,8,0.01,465267.0,0.0001,0.01,465267.0,465267.0,465267.0,1.1,0.9,0.01,46526.0,8.0,0.1,0.1,enabled,,,3.0,,
458,mco,eth,6,4,st,mcoeth,offline,8,0.01,100000.0,0.001,0.01,100000.0,100000.0,100000.0,1.1,0.9,0.01,10000.0,1000.0,0.1,0.1,enabled,,,,,
459,hive,ht,6,2,main,hiveht,offline,8,0.1,6500000.0,0.1,0.1,6500000.0,6500000.0,6500000.0,1.1,0.9,1.0,650000.0,36000.0,0.1,0.1,enabled,,,,,
460,df,usdt,6,2,main,dfusdt,online,8,0.1,1500000.0,10.0,0.1,1500000.0,1500000.0,1500000.0,1.25,0.5,0.1,325226244.0,100000.0,0.1,0.1,enabled,st,,,,
461,tusd,usdt,5,4,main,tusdusdt,online,8,0.1,1000000.0,10.0,0.1,1000000.0,1000000.0,1000000.0,1.1,0.9,0.1,100070.0,100000.0,0.01,0.01,enabled,zerofee,,,,
462,itc,usdt,6,4,st,itcusdt,offline,8,1.0,758380100.0,10.0,1.0,758380100.0,758380100.0,758380100.0,1.1,0.9,1.0,75838010.0,100000.0,0.1,0.1,enabled,,,,,
463,bifi,btc,10,4,st,bifibtc,offline,8,1.0,1270222.3144,0.0001,1.0,1270222.3144,417901.1348,1270222.3144,1.1,0.9,1.0,1270222.3144,0.0085,0.1,0.1,enabled,"st,abnormalmarket",,,1000.0,
464,dcr,usdt,4,4,main,dcrusdt,online,8,0.001,51923.0,10.0,0.001,51923.0,51923.0,51923.0,1.1,0.9,0.001,5033.0,100000.0,0.1,0.1,enabled,,,,,
465,lpt,usdt,4,4,main,lptusdt,online,8,0.0001,27352.0,10.0,0.0001,27352.0,27352.0,27352.0,1.1,0.9,0.0001,45195.0,100000.0,0.1,0.1,enabled,,,,,
466,stable,usdt,6,4,main,stableusdt,online,8,1.0,100000000.0,10.0,1.0,100000000.0,100000000.0,100000000.0,1.1,0.9,1.0,1926111.0,50000.0,0.05,0.05,enabled,,3.0,,,
467,gal,usdt,4,4,main,galusdt,offline,8,0.001,666666.0,10.0,0.001,666666.0,666666.0,666666.0,1.1,0.9,0.001,66666.0,100000.0,0.1,0.1,enabled,,,,,
468,spore,usdt,5,4,main,sporeusdt,offline,8,1.0,17596339.0,10.0,1.0,17596339.0,17596339.0,17596339.0,1.1,0.9,1.0,162889518.0,100000.0,0.05,0.05,enabled,st,,,,
469,lina,eth,8,2,main,linaeth,offline,8,0.1,73871611.0,0.001,0.1,73871611.0,73871611.0,73871611.0,1.1,0.9,0.1,7387161.0,138.0,0.1,0.1,enabled,,,,,
470,clanker,usdt,4,4,main,clankerusdt,online,8,0.001,31250.0,10.0,0.001,31250.0,31250.0,31250.0,1.1,0.9,0.001,1867.0,50000.0,0.05,0.05,enabled,innovate,,,,
471,anv,usdt,5,4,main,anvusdt,offline,8,0.1,1520681.0,10.0,0.1,1520681.0,1520681.0,1520681.0,1.1,0.9,0.1,152068.0,100000.0,0.1,0.1,enabled,,,,,
472,win,usdd,8,2,main,winusdd,offline,8,1.0,6613756613.0,10.0,1.0,6613756613.0,6613756613.0,6613756613.0,1.1,0.9,1.0,661375661.0,100000.0,0.1,0.1,enabled,zerofee,,,,
473,closedai,usdt,7,2,main,closedaiusdt,offline,8,1.0,1224289911.0,10.0,1.0,1224289911.0,1224289911.0,1224289911.0,1.1,0.9,1.0,122428991.0,100000.0,0.1,0.1,enabled,,,,,
474,mpl,usdt,4,4,st,mplusdt,offline,8,0.0001,81499.0,10.0,0.0001,81499.0,81499.0,81499.0,1.1,0.9,0.0001,8149.0,100000.0,0.1,0.1,enabled,,,,,
475,lunc,usdd,8,2,main,luncusdd,offline,8,1.0,4473472309.0,10.0,1.0,4473472309.0,4473472309.0,4473472309.0,1.1,0.9,1.0,447347230.0,100000.0,0.1,0.1,enabled,zerofee,,,,
476,bonk,usdd,10,2,main,bonkusdd,offline,8,1.0,1052964093924.0,10.0,1.0,1052964093924.0,1052964093924.0,1052964093924.0,1.1,0.9,1.0,105296409392.0,100000.0,0.1,0.1,enabled,zerofee,,,,
477,老子,usdt,6,4,main,老子usdt,online,8,1.0,74074074.0,10.0,1.0,74074074.0,74074074.0,74074074.0,1.1,0.9,1.0,48392526.0,50000.0,0.05,0.05,enabled,innovate,,,,
478,safe,usdt,4,4,main,safeusdt,online,8,0.01,250000.0,10.0,0.01,250000.0,250000.0,250000.0,1.25,0.75,0.01,638463.0,100000.0,0.1,0.1,enabled,st,,,,
479,zla,eth,10,2,st,zlaeth,offline,8,0.1,753088.9285,0.001,0.1,753088.9285,753088.9285,753088.9285,1.1,0.9,0.1,753088.9285,0.4159,0.1,0.1,enabled,st,,,1000.0,
480,glmr,usdt,4,4,main,glmrusdt,online,8,0.001,158000.0,10.0,0.001,158000.0,158000.0,158000.0,1.1,0.9,0.001,5908040.0,100000.0,0.1,0.1,enabled,,,,,
481,wbt,usdt,4,4,main,wbtusdt,online,8,0.01,308641.0,10.0,0.01,308641.0,308641.0,308641.0,1.1,0.9,0.01,1791.0,100000.0,0.1,0.1,enabled,,3.0,,,
482,appc,eth,6,4,st,appceth,offline,8,0.01,31000000.0,0.001,0.01,31000000.0,31000000.0,31000000.0,1.1,0.9,0.01,3100000.0,270.0,0.1,0.1,enabled,,,,,
483,uc,eth,12,2,st,uceth,offline,8,1.0,100000000.0,0.001,1.0,100000000.0,100000000.0,100000000.0,1.1,0.9,1.0,10000000.0,500.0,0.05,0.05,enabled,hadax,,,,
484,brt,usdt,5,4,st,brtusdt,offline,8,0.1,10000000.0,10.0,0.1,10000000.0,10000000.0,10000000.0,1.1,0.9,0.1,1000000.0,100000.0,0.1,0.1,enabled,,,,,
485,propy,usdt,4,4,main,propyusdt,online,8,0.1,1692459.0,10.0,0.1,1692459.0,1692459.0,1692459.0,1.1,0.9,0.1,274031.0,100000.0,0.1,0.1,enabled,,,,,
486,usdt,uah,2,1,main,usdtuah,offline,8,0.1,1000000.0,30.0,0.1,1000000.0,1000000.0,1000000.0,1.1,0.9,0.1,100000.0,2949852.0,0.1,0.1,enabled,"griddisabled,fiat",,,,
487,morpho,usdt,4,4,main,morphousdt,online,8,0.01,625000.0,10.0,0.01,625000.0,625000.0,625000.0,1.1,0.9,0.01,25691.0,50000.0,0.05,0.05,enabled,,,,,
488,abbc,usdt,5,4,main,abbcusdt,offline,8,0.01,5757052.0,10.0,0.01,5757052.0,5757052.0,5757052.0,1.1,0.9,0.01,575705.0,100000.0,0.1,0.1,enabled,,,,,
489,zen,btc,8,2,main,zenbtc,offline,8,0.001,52000.0,0.0001,0.001,52000.0,52000.0,52000.0,1.1,0.9,0.001,5200.0,5.0,0.1,0.1,enabled,,,,,
490,clv,btc,8,4,main,clvbtc,offline,8,0.001,666666.0,0.0001,0.001,666666.0,666666.0,666666.0,1.1,0.9,0.001,66666.0,2.0,0.1,0.1,enabled,,,,,
491,seele,eth,9,2,st,seeleeth,offline,8,1.0,450000000.0,0.001,1.0,450000000.0,450000000.0,450000000.0,1.1,0.9,1.0,45000000.0,580.0,0.1,0.1,enabled,hadax,,,,
492,vlx,usdt,6,4,main,vlxusdt,offline,8,0.1,11702750.0,10.0,0.1,11702750.0,11702750.0,11702750.0,1.1,0.9,0.1,90661831.0,100000.0,0.1,0.1,enabled,st,,,,
493,lhinu,usdt,8,2,main,lhinuusdt,offline,8,1.0,10000000000.0,10.0,1.0,10000000000.0,10000000000.0,10000000000.0,1.1,0.9,1.0,1000000000.0,100000.0,0.1,0.1,enabled,innovate,,,,
494,kima,usdt,4,4,main,kimausdt,online,8,0.1,1538224.0,10.0,0.1,1538224.0,1538224.0,1538224.0,1.25,0.75,0.1,16727272.0,100000.0,0.05,0.05,enabled,st,,,,
495,nsure,eth,8,4,main,nsureeth,offline,8,0.01,1123721.0,0.001,0.01,1123721.0,1123721.0,1123721.0,1.1,0.9,0.01,112372.0,169.0,0.1,0.1,enabled,,,,,
496,nt,usdt,6,4,main,ntusdt,offline,8,0.01,9319664.0,10.0,0.01,9319664.0,9319664.0,9319664.0,1.1,0.9,0.01,931966.0,100000.0,0.1,0.1,enabled,,,,,
497,ava,usdt,4,4,main,avausdt,online,8,0.01,331125.0,10.0,0.01,331125.0,331125.0,331125.0,1.1,0.9,0.01,437021.0,100000.0,0.1,0.1,enabled,,3.0,,,
498,flow,eth,6,4,main,floweth,offline,8,0.0001,96289.0,0.001,0.0001,96289.0,96289.0,96289.0,1.1,0.9,0.0001,9628.0,72.0,0.1,0.1,enabled,,,,,
499,sdao,usdt,4,4,main,sdaousdt,offline,8,0.01,781250.0,10.0,0.01,781250.0,781250.0,781250.0,1.1,0.9,0.01,78125.0,100000.0,0.1,0.1,enabled,,,,,
500,up,usdt,6,4,main,upusdt,online,8,1.0,11111111.0,1.0,1.0,11111111.0,11111111.0,11111111.0,1.1,0.9,1.0,770614.0,50000.0,0.05,0.05,enabled,,,,,
501,get,eth,10,2,st,geteth,offline,8,1.0,10000000.0,0.001,1.0,10000000.0,10000000.0,10000000.0,1.1,0.9,1.0,1000000.0,1000.0,0.1,0.1,enabled,hadax,,,,
502,top,ht,6,4,main,topht,offline,8,1.0,100000000.0,0.1,1.0,100000000.0,100000000.0,100000000.0,1.1,0.9,1.0,10000000.0,50000.0,0.1,0.1,enabled,,,,,
503,stpt,btc,8,2,main,stptbtc,offline,8,1.0,35000000.0,0.0001,1.0,35000000.0,35000000.0,35000000.0,1.1,0.9,1.0,3500000.0,8.0,0.1,0.1,enabled,,,,,
504,dot,usdd,4,4,main,dotusdd,offline,8,0.01,149391.0,10.0,0.01,149391.0,149391.0,149391.0,1.1,0.9,0.01,14939.0,100000.0,0.1,0.1,enabled,zerofee,,,,
505,msn,usdt,4,4,main,msnusdt,offline,8,0.01,100000.0,10.0,0.01,100000.0,100000.0,100000.0,1.1,0.1,0.01,5105438.0,100000.0,0.1,0.1,enabled,st,,,,
506,gtai,usdt,5,4,main,gtaiusdt,online,8,0.1,5000000.0,10.0,0.1,5000000.0,5000000.0,5000000.0,1.25,0.75,0.1,4255634.0,100000.0,0.1,0.1,enabled,,,,,
507,cvx,usdt,4,4,main,cvxusdt,online,8,0.0001,26109.0,10.0,0.0001,26109.0,26109.0,26109.0,1.1,0.9,0.0001,52770.0,100000.0,0.1,0.1,enabled,,,,,
508,vinu,usdt,12,0,main,vinuusdt,online,8,1.0,32071840923669.0,10.0,1.0,32071840923669.0,32071840923669.0,32071840923669.0,1.1,0.9,1.0,25428413492331.0,100000.0,0.1,0.1,enabled,,,,,
509,bsv,usdc,4,4,main,bsvusdc,offline,8,0.001,15530.0,10.0,0.001,15530.0,15530.0,15530.0,1.1,0.9,0.001,1553.0,100000.0,0.1,0.1,enabled,,,,,
510,usat,usdt,4,4,main,usatusdt,online,8,0.1,1000000.0,10.0,0.1,1000000.0,1000000.0,1000000.0,1.1,0.9,0.1,50043.0,50000.0,0.05,0.05,enabled,zerofee,3.0,,,
511,usds,usdt,4,4,main,usdsusdt,online,8,0.01,999700.0,10.0,0.01,999700.0,999700.0,999700.0,1.1,0.9,0.01,50246.0,50000.0,0.05,0.05,enabled,,,,,
512,ocn,eth,10,2,st,ocneth,offline,8,1.0,10000000.0,0.001,1.0,10000000.0,10000000.0,10000000.0,1.1,0.9,1.0,1000000.0,500.0,0.1,0.1,enabled,,,,,
513,shit,usdt,10,2,st,shitusdt,offline,8,1.0,1254390366281.0,10.0,1.0,1254390366281.0,1254390366281.0,1254390366281.0,1.1,0.9,1.0,125439036628.0,100000.0,0.1,0.1,enabled,,,,,
514,lunc,btc,8,2,main,lunabtc,offline,8,0.1,3500000.0,0.0001,0.1,3500000.0,3500000.0,3500000.0,1.1,0.9,0.1,350000.0,14.0,0.1,0.1,enabled,,,,,
515,sofi,usdt,6,4,main,sofiusdt,offline,8,0.001,373538.0,10.0,0.001,373538.0,373538.0,373538.0,1.1,0.9,0.001,37353.0,100000.0,0.1,0.1,enabled,,,,,
516,synt,usdt,5,4,main,syntusdt,offline,8,0.1,7593014.0,10.0,0.1,7593014.0,7593014.0,7593014.0,1.1,0.9,0.1,13970722.0,100000.0,0.1,0.1,enabled,st,,,,
517,quick,usdt,6,4,main,quickusdt,online,8,1.0,12154212.0,10.0,1.0,12154212.0,12154212.0,12154212.0,1.1,0.9,1.0,20824656.0,100000.0,0.1,0.1,enabled,,,,,
518,ven,usdt,4,4,st,venusdt,offline,8,0.01,100000.0,10.0,0.01,100000.0,100000.0,100000.0,1.1,0.9,0.01,10000.0,100000.0,0.1,0.1,enabled,,,,,
519,doge,husd,6,4,main,dogehusd,offline,8,1.0,79182833.0,1.0,1.0,79182833.0,79182833.0,79182833.0,1.1,0.9,1.0,7918283.0,100000.0,0.1,0.1,enabled,crypto,,,,
520,sxp,btc,8,4,main,sxpbtc,offline,8,0.001,237936.0,0.0001,0.001,237936.0,237936.0,237936.0,1.1,0.9,0.001,23793.0,5.0,0.1,0.1,enabled,,,,,
521,ksm,btc,8,3,main,ksmbtc,offline,8,0.01,100000.0,0.0001,0.01,100000.0,100000.0,100000.0,1.1,0.9,0.01,10000.0,15.0,0.1,0.1,enabled,,,,,
522,usdp,usdt,4,4,main,usdpusdt,online,8,0.001,999900.0,10.0,0.001,999900.0,999900.0,999900.0,1.1,0.9,0.001,100009.0,100000.0,0.03,0.03,enabled,,,,,
523,mana,usdt,4,2,main,manausdt,online,8,1.0,35000000.0,10.0,1.0,35000000.0,35000000.0,35000000.0,1.1,0.9,1.0,2097200.0,200000.0,0.1,0.1,enabled,activities,3.0,3.0,,
524,awe,usdt,5,4,main,aweusdt,online,8,0.1,12500000.0,10.0,0.1,12500000.0,12500000.0,12500000.0,1.1,0.9,0.1,895471.0,50000.0,0.05,0.05,enabled,,,,,
525,chz,btc,8,2,main,chzbtc,offline,8,1.0,86000000.0,0.0001,1.0,86000000.0,86000000.0,86000000.0,1.1,0.9,1.0,8600000.0,9.0,0.1,0.1,enabled,,,,,
526,ht,usdd,4,4,main,htusdd,offline,8,0.1,133868.0,10.0,0.1,133868.0,133868.0,133868.0,1.1,0.9,0.1,13386.0,100000.0,0.1,0.1,enabled,zerofee,,,,
527,ht,usdt,4,4,main,htusdt,offline,8,0.1,1000000.0,10.0,0.1,1000000.0,1000000.0,1000000.0,1.1,0.9,0.1,100000.0,100000.0,0.1,0.1,enabled,activities,,,,
528,ethf,usdt,6,4,main,ethfusdt,offline,8,1.0,125000000.0,10.0,1.0,125000000.0,125000000.0,125000000.0,1.1,0.9,1.0,69646317.0,50000.0,0.1,0.1,enabled,st,,,,
529,zec,usdt,2,4,main,zecusdt,online,8,0.001,24050.0,1.0,0.001,24050.0,24050.0,24050.0,1.1,0.9,0.001,301.0,100000.0,0.1,0.1,enabled,activities,3.0,,,
530,cvp,btc,8,2,main,cvpbtc,offline,8,0.01,210084.0,0.0001,0.01,210084.0,210084.0,210084.0,1.1,0.9,0.01,21008.0,9.0,0.1,0.1,enabled,,,,,
531,lith,usdt,6,4,main,lithusdt,offline,8,0.1,31877590.0,10.0,0.1,31877590.0,31877590.0,31877590.0,1.1,0.9,0.1,1617440225.0,100000.0,0.1,0.1,enabled,st,,,,
532,trx,eth,8,2,main,trxeth,online,8,1.0,38000000.0,0.001,1.0,38000000.0,38000000.0,38000000.0,1.1,0.9,1.0,3800000.0,300.0,0.1,0.1,enabled,,,,,
533,ens,usdt,4,4,main,ensusdt,online,8,0.0001,25000.0,10.0,0.0001,25000.0,25000.0,25000.0,1.1,0.9,0.0001,15997.0,100000.0,0.1,0.1,enabled,,3.0,,,
534,mplx,usdt,4,4,main,mplxusdt,online,8,0.1,2857142.0,10.0,0.1,2857142.0,2857142.0,2857142.0,1.1,0.9,0.1,3452934.0,100000.0,0.1,0.1,enabled,,,,,
535,kernel,usdt,4,4,main,kernelusdt,online,8,0.1,1333333.0,10.0,0.1,1333333.0,1333333.0,1333333.0,1.1,0.9,0.1,592691.0,50000.0,0.05,0.05,enabled,,,,,
536,box,btc,12,2,main,boxbtc,offline,8,1.0,1503759398.0,0.0001,1.0,1503759398.0,1503759398.0,1503759398.0,1.1,0.9,1.0,150375939.0,5.0,0.1,0.1,enabled,,,,,
537,beamx,usdt,6,4,main,beamxusdt,online,8,1.0,137155397.0,10.0,1.0,137155397.0,137155397.0,137155397.0,1.1,0.9,1.0,49277970.0,100000.0,0.1,0.1,enabled,,,,,
538,por,usdt,4,4,main,porusdt,offline,8,0.01,200000.0,10.0,0.01,200000.0,200000.0,200000.0,1.1,0.9,0.01,20000.0,100000.0,0.1,0.1,enabled,,,,,
539,vrtx,usdt,6,4,main,vrtxusdt,offline,8,1.0,10000000.0,10.0,1.0,10000000.0,10000000.0,10000000.0,1.1,0.9,1.0,252192982.0,100000.0,0.1,0.1,enabled,st,,,,
540,glm,usdt,4,4,main,glmusdt,online,8,0.1,8576329.0,10.0,0.1,8576329.0,8576329.0,8576329.0,1.1,0.9,0.1,739193.0,100000.0,0.1,0.1,enabled,,,,,
541,holoworld,usdt,5,4,main,holoworldusdt,online,8,0.1,4166666.0,10.0,0.1,4166666.0,4166666.0,4166666.0,1.1,0.9,0.1,833750.0,50000.0,0.05,0.05,enabled,,,,,
542,fti,eth,10,2,main,ftieth,offline,8,1.0,3000000000.0,0.001,1.0,3000000000.0,3000000000.0,3000000000.0,1.1,0.9,1.0,300000000.0,260.0,0.1,0.1,enabled,hadax,,,,
543,firo,eth,6,4,main,firoeth,offline,8,0.001,239658.0,0.001,0.001,239658.0,239658.0,239658.0,1.1,0.9,0.001,23965.0,169.0,0.1,0.1,enabled,,,,,
544,gearbox,usdt,6,4,main,gearboxusdt,offline,8,1.0,37083047.0,10.0,1.0,37083047.0,37083047.0,37083047.0,1.25,0.75,1.0,392156862.0,100000.0,0.1,0.1,enabled,st,,,,
545,rsr,husd,6,4,main,rsrhusd,offline,8,1.0,46307947.0,1.0,1.0,46307947.0,46307947.0,46307947.0,1.1,0.9,1.0,4630794.0,100000.0,0.1,0.1,enabled,,,,,
546,ssp,eth,10,2,st,sspeth,offline,8,1.0,129546357.6419,0.001,1.0,129546357.6419,129546357.6419,129546357.6419,1.1,0.9,1.0,129546357.6419,0.4159,0.1,0.1,enabled,"st,hadax",,,1000.0,
547,skr,usdt,6,4,main,skrusdt,online,8,1.0,400000000.0,10.0,1.0,400000000.0,400000000.0,400000000.0,1.1,0.9,1.0,2919960.0,50000.0,0.05,0.05,enabled,,,,,
548,mtx,eth,8,2,st,mtxeth,offline,8,0.1,30000000.0,0.001,0.1,30000000.0,30000000.0,30000000.0,1.1,0.9,0.1,3000000.0,330.0,0.1,0.1,enabled,,,,,
549,let,eth,8,2,st,leteth,offline,8,1.0,295000000.0,0.001,1.0,295000000.0,295000000.0,295000000.0,1.1,0.9,1.0,29500000.0,500.0,0.1,0.1,enabled,,,,,
550,die,usdt,10,2,st,dieusdt,offline,8,1.0,833333333333.0,10.0,1.0,833333333333.0,833333333333.0,833333333333.0,1.1,0.9,1.0,83333333333.0,100000.0,0.1,0.1,enabled,,,,,
551,ctxc,eth,8,2,main,ctxceth,offline,8,0.1,1000000.0,0.001,0.1,1000000.0,1000000.0,1000000.0,1.1,0.9,0.1,100000.0,500.0,0.1,0.1,enabled,,,,,
552,gcoin,usdt,4,4,st,gcoinusdt,offline,8,0.01,3000000.0,10.0,0.01,3000000.0,29069.7674,3000000.0,1.03,0.9,0.01,300000.0,500.0,0.1,0.03,enabled,abnormalmarket,,,,
553,mbl,usdt,6,4,main,mblusdt,online,8,1.0,255623721.0,10.0,1.0,255623721.0,255623721.0,255623721.0,1.1,0.9,1.0,100872768.0,100000.0,0.1,0.1,enabled,,,,,
554,edu,eth,12,2,st,edueth,offline,8,1.0,1000000000.0,0.001,1.0,1000000000.0,1000000000.0,1000000000.0,1.1,0.9,1.0,100000000.0,270.0,0.1,0.1,enabled,,,,,
555,zent,usdt,6,4,main,zentusdt,online,8,1.0,22893772.0,10.0,1.0,22893772.0,22893772.0,22893772.0,1.1,0.9,1.0,29193744.0,100000.0,0.1,0.1,enabled,,,,,
556,pla,usdt,4,4,main,plausdt,offline,8,0.01,1925669.0,10.0,0.01,1925669.0,1925669.0,1925669.0,1.1,0.9,0.01,192566.0,100000.0,0.1,0.1,enabled,,,,,
557,cnn,btc,12,2,st,cnnbtc,offline,8,100.0,100000000.0,0.0001,100.0,100000000.0,100000000.0,228696413.9742,1.1,0.9,100.0,228696413.9742,7.0,0.1,0.1,enabled,"abnormalmarket,hadax",,,,
558,spa,usdt,6,2,main,spausdt,online,8,0.1,13342406.0,10.0,0.1,13342406.0,13342406.0,13342406.0,1.1,0.9,0.1,32074077.0,100000.0,0.1,0.1,enabled,,,,,
559,datx,btc,12,2,st,datxbtc,offline,8,1.0,2600000000.0,0.0001,1.0,2600000000.0,2600000000.0,100350063.6617,1.1,0.97,1.0,100350063.6617,9.0,0.03,0.1,enabled,"abnormalmarket,hadax",,,,
560,uma,eth,6,4,main,umaeth,offline,8,0.0001,57000.0,0.001,0.0001,57000.0,57000.0,57000.0,1.1,0.9,0.0001,5700.0,270.0,0.1,0.1,enabled,,,,,
561,tcnh,usdt,4,4,main,tcnhusdt,offline,8,0.1,6811989.0,10.0,0.1,6811989.0,6811989.0,6811989.0,1.3,0.9,0.1,681198.0,100000.0,0.1,0.1,enabled,zerofee,,,,
562,a2z,usdt,6,4,main,a2zusdt,online,8,0.1,181818182.0,10.0,0.1,181818182.0,181818182.0,181818182.0,1.1,0.9,0.1,517318938.0,50000.0,0.05,0.05,enabled,st,,,,
563,btc,usd1,2,6,main,btcusd1,online,8,1e-06,9.0,10.0,1e-06,9.0,9.0,9.0,1.1,0.9,1e-06,1.0,100000.0,0.01,0.01,enabled,,,,,
564,meet,eth,8,2,st,meeteth,offline,8,1.0,8000000.0,0.001,1.0,8000000.0,8000000.0,8000000.0,1.1,0.9,1.0,800000.0,5.0,0.1,0.1,enabled,,,,,
565,dai,husd,4,4,main,daihusd,offline,8,0.1,1000000.0,1.0,0.1,1000000.0,1000000.0,1000000.0,1.1,0.9,0.1,100000.0,100000.0,0.1,0.1,enabled,,,,,
566,eth,euroc,2,4,main,etheuroc,offline,8,0.0001,525.0,1.0,0.0001,525.0,525.0,525.0,1.1,0.9,0.0001,52.0,100000.0,0.1,0.1,enabled,,,,,
567,sand,btc,8,2,main,sandbtc,offline,8,0.1,26109660.0,0.0001,0.1,26109660.0,26109660.0,26109660.0,1.1,0.9,0.1,2610966.0,9.0,0.1,0.1,enabled,,,,,
568,iost,btc,10,2,main,iostbtc,offline,8,1.0,180000000.0,0.0001,1.0,180000000.0,180000000.0,180000000.0,1.1,0.9,1.0,18000000.0,9.0,0.1,0.1,enabled,,,,,
569,doge,usdt,6,2,main,dogeusdt,online,8,1.0,200000000.0,1.0,1.0,200000000.0,200000000.0,200000000.0,1.1,0.9,1.0,1014006.0,100000.0,0.02,0.02,enabled,,3.0,3.0,,
570,mapo,usdt,6,4,main,mapousdt,online,8,1.0,40000000.0,10.0,1.0,40000000.0,40000000.0,40000000.0,1.1,0.9,1.0,29668614.0,100000.0,0.1,0.1,enabled,,,,,
571,avax,usdc,4,4,main,avaxusdc,offline,8,0.001,36219.0,10.0,0.001,36219.0,36219.0,36219.0,1.1,0.9,0.001,3621.0,100000.0,0.1,0.1,enabled,,,,,
572,open,usdt,4,4,main,openusdt,online,8,0.1,4000000.0,10.0,0.1,4000000.0,4000000.0,4000000.0,1.1,0.9,0.1,219231.0,50000.0,0.05,0.05,enabled,,,,,
573,ogv,usdt,6,4,main,ogvusdt,offline,8,0.01,7407407.0,10.0,0.01,7407407.0,7407407.0,7407407.0,1.1,0.9,0.01,740740.0,100000.0,0.1,0.1,enabled,,,,,
574,ice,usdt,6,4,main,iceusdt,offline,8,1.0,218388294.0,10.0,1.0,218388294.0,218388294.0,218388294.0,1.1,0.9,1.0,45827687.0,100000.0,0.1,0.1,enabled,,,,,
575,rez,usdt,5,4,main,rezusdt,online,8,0.1,1724137.0,10.0,0.1,1724137.0,1724137.0,1724137.0,1.1,0.9,0.1,24444680.0,100000.0,0.1,0.1,enabled,,,,,
576,aac,usdt,7,2,main,aacusdt,offline,8,1.0,974658869.0,10.0,1.0,974658869.0,974658869.0,974658869.0,1.1,0.9,1.0,97465886.0,100000.0,0.1,0.1,enabled,,,,,
577,doge,usdd,6,2,main,dogeusdd,offline,8,1.0,6937121.0,10.0,1.0,6937121.0,6937121.0,6937121.0,1.1,0.9,1.0,693712.0,100000.0,0.1,0.1,enabled,zerofee,,,,
578,bbf,usdt,6,4,main,bbfusdt,offline,8,1.0,100000000.0,10.0,1.0,100000000.0,100000000.0,100000000.0,1.1,0.9,1.0,69339764.0,50000.0,0.1,0.1,enabled,st,,,,
579,ogo,ht,6,2,st,ogoht,offline,8,1.0,40000000.0,0.1,1.0,40000000.0,40000000.0,40000000.0,1.1,0.9,1.0,4000000.0,15000.0,0.1,0.1,enabled,,,,,
580,kava,btc,8,2,main,kavabtc,offline,8,0.01,522165.0,0.0001,0.01,522165.0,522165.0,522165.0,1.1,0.9,0.01,52216.0,5.0,0.1,0.1,enabled,,,,,
581,baby,usdt,6,4,main,babyusdt,online,8,0.1,14285000.0,10.0,0.1,14285000.0,14285000.0,14285000.0,1.1,0.9,0.1,3101226.0,50000.0,0.05,0.05,enabled,,,,,
582,io,usdt,4,4,main,iousdt,online,8,0.01,333333.0,10.0,0.01,333333.0,333333.0,333333.0,1.1,0.9,0.01,822809.0,100000.0,0.1,0.1,enabled,,3.0,,,
583,link,usdc,4,2,main,linkusdc,offline,8,0.01,132117.0,10.0,0.01,132117.0,132117.0,132117.0,1.1,0.9,0.01,13211.0,100000.0,0.1,0.1,enabled,,,,,
584,ach,usdt,6,4,main,achusdt,online,8,1.0,166666666.0,10.0,1.0,166666666.0,166666666.0,166666666.0,1.1,0.9,1.0,15592797.0,100000.0,0.1,0.1,enabled,,3.0,,,
585,cusd,usdt,4,4,main,cusdusdt,offline,8,0.01,1004924.0,10.0,0.01,1004924.0,1004924.0,1004924.0,1.1,0.9,0.01,100222.0,100000.0,0.1,0.1,enabled,st,,,,
586,1inch,usdt,6,4,main,1inchusdt,online,8,0.1,14925373.0,10.0,0.1,14925373.0,14925373.0,14925373.0,1.1,0.9,0.1,1024064.0,100000.0,0.1,0.1,enabled,,2.0,,,
587,jto,usdt,4,4,main,jtousdt,online,8,0.01,328947.0,10.0,0.01,328947.0,328947.0,328947.0,1.1,0.9,0.01,301801.0,100000.0,0.1,0.1,enabled,,,,,
588,tt,btc,10,2,main,ttbtc,offline,8,1.0,100000000.0,0.0001,1.0,100000000.0,100000000.0,100000000.0,1.1,0.9,1.0,10000000.0,2.5,0.1,0.1,enabled,,,,,
589,rsr,usdt,6,2,main,rsrusdt,online,8,1.0,650000000.0,10.0,1.0,650000000.0,650000000.0,650000000.0,1.1,0.9,1.0,57021023.0,100000.0,0.1,0.1,enabled,,,,,
590,apt,usdd,4,4,main,aptusdd,offline,8,0.01,222222.0,10.0,0.01,222222.0,222222.0,222222.0,1.1,0.9,0.01,22222.0,100000.0,0.1,0.1,enabled,zerofee,,,,
591,ckb,usdt,6,2,main,ckbusdt,online,8,1.0,140000000.0,10.0,1.0,140000000.0,140000000.0,140000000.0,1.1,0.9,1.0,123762376.0,200000.0,0.1,0.1,enabled,,,,,
592,gas,usdt,4,4,main,gasusdt,online,8,0.01,366300.0,10.0,0.01,366300.0,366300.0,366300.0,1.1,0.9,0.01,56360.0,100000.0,0.1,0.1,enabled,,,,,
593,anon,usdt,6,4,main,anonusdt,offline,8,1.0,20000000.0,10.0,1.0,20000000.0,20000000.0,20000000.0,1.1,0.9,1.0,1000000.0,50000.0,0.1,0.1,enabled,st,,,,
594,loot,usdt,4,4,main,lootusdt,offline,8,0.01,1250000.0,10.0,0.01,1250000.0,1250000.0,1250000.0,1.1,0.9,0.01,125000.0,100000.0,0.1,0.1,enabled,,,,,
595,lbp,usdt,7,4,main,lbpusdt,offline,8,0.1,66666666.0,10.0,0.1,66666666.0,66666666.0,66666666.0,1.1,0.9,0.1,6666666.0,100000.0,0.1,0.1,enabled,,,,,
596,fil,usdd,4,4,main,filusdd,offline,8,0.0001,182919.0,10.0,0.0001,182919.0,182919.0,182919.0,1.1,0.9,0.0001,18291.0,100000.0,0.1,0.1,enabled,zerofee,,,,
597,apt,usdt,4,4,main,aptusdt,online,8,0.01,222222.0,1.0,0.01,222222.0,222222.0,222222.0,1.1,0.9,0.01,101837.0,100000.0,0.1,0.1,enabled,,3.0,,,
598,soul,usdt,7,4,main,soulusdt,offline,8,0.1,10000000.0,10.0,0.1,10000000.0,10000000.0,10000000.0,1.1,0.9,0.1,1000000.0,100000.0,0.1,0.1,enabled,,,,,
599,sofi,eth,8,4,main,sofieth,offline,8,0.001,373538.0,0.001,0.001,373538.0,373538.0,373538.0,1.1,0.9,0.001,37353.0,47.0,0.1,0.1,enabled,,,,,
600,dep,usdt,6,4,main,depusdt,offline,8,0.1,72674418.0,10.0,0.1,72674418.0,72674418.0,72674418.0,1.25,0.75,0.1,84602368.0,100000.0,0.1,0.1,enabled,st,,,,
601,voxel,usdt,4,4,main,voxelusdt,online,8,0.001,724637.0,10.0,0.001,724637.0,724637.0,724637.0,1.25,0.75,0.001,13822115.0,100000.0,0.1,0.1,enabled,st,,,,
602,uma,btc,6,4,main,umabtc,offline,8,0.0001,57000.0,0.0001,0.0001,57000.0,57000.0,57000.0,1.1,0.9,0.0001,5700.0,9.0,0.1,0.1,enabled,,,,,
603,ardr,btc,8,2,main,ardrbtc,offline,8,1.0,6000000.0,0.0001,1.0,6000000.0,6000000.0,6000000.0,1.1,0.9,1.0,600000.0,5.0,0.1,0.1,enabled,,,,,
604,saros,usdt,7,4,main,sarosusdt,online,8,1.0,100000000.0,10.0,1.0,100000000.0,100000000.0,100000000.0,1.25,0.75,1.0,133035641.0,100000.0,0.1,0.1,enabled,st,,,,
605,whale,btc,8,4,main,whalebtc,offline,8,0.0001,38461.0,0.0001,0.0001,38461.0,38461.0,38461.0,1.1,0.9,0.0001,3846.0,5.0,0.1,0.1,enabled,,,,,
606,giggle,usdt,2,6,main,giggleusdt,online,8,0.0001,7917.0,10.0,0.0001,7917.0,7917.0,7917.0,1.1,0.9,0.0001,1192.0,50000.0,0.05,0.05,enabled,innovate,3.0,,,
607,gof,btc,8,2,st,gofbtc,offline,8,0.01,1666666.0,0.0001,0.01,1666666.0,1666666.0,1666666.0,1.1,0.9,0.01,166666.0,9.0,0.1,0.1,enabled,,,,,
608,id,usdt,4,4,main,idusdt,online,8,0.1,4045307.0,10.0,0.1,4045307.0,4045307.0,4045307.0,1.1,0.9,0.1,2999478.0,100000.0,0.1,0.1,enabled,,,,,
609,band,eth,6,2,main,bandeth,offline,8,0.01,90000.0,0.001,0.01,90000.0,90000.0,90000.0,1.1,0.9,0.01,9000.0,360.0,0.1,0.1,enabled,,,,,
610,gno,btc,6,4,main,gnobtc,offline,8,0.0001,5263.0,0.0001,0.0001,5263.0,5263.0,5263.0,1.1,0.9,0.0001,526.0,3.0,0.1,0.1,enabled,,,,,
611,znt,usdt,4,4,st,zntusdt,offline,8,0.01,3333333.0,10.0,0.01,3333333.0,3333333.0,3333333.0,1.1,0.9,0.01,333333.0,100000.0,0.1,0.1,enabled,,,,,
612,bitci,usdt,6,4,main,bitciusdt,offline,8,1.0,97847358.0,10.0,1.0,97847358.0,97847358.0,97847358.0,1.1,0.9,1.0,9784735.0,100000.0,0.1,0.1,enabled,,,,,
613,xrt,btc,7,4,main,xrtbtc,offline,8,0.0001,20000.0,0.0001,0.0001,20000.0,20000.0,20000.0,1.1,0.9,0.0001,2000.0,8.0,0.1,0.1,enabled,,,,,
614,woo,btc,8,2,main,woobtc,offline,8,0.1,50000000.0,0.0001,0.1,50000000.0,50000000.0,50000000.0,1.1,0.9,0.1,5000000.0,7.0,0.1,0.1,enabled,,,,,
615,steem,usdt,4,4,main,steemusdt,online,8,0.01,300000.0,10.0,0.01,300000.0,300000.0,300000.0,1.1,0.9,0.01,335252.0,20000.0,0.05,0.05,enabled,,,,,
616,super,usdt,4,4,main,superusdt,online,8,0.001,588235.0,10.0,0.001,588235.0,588235.0,588235.0,1.1,0.9,0.001,796950.0,100000.0,0.1,0.1,enabled,,,,,
617,tpy,usdt,4,4,main,tpyusdt,offline,8,0.1,1511265.0,10.0,0.1,1511265.0,1511265.0,1511265.0,1.1,0.9,0.1,151126.0,100000.0,0.1,0.1,enabled,,,,,
618,dexe,usdt,4,4,main,dexeusdt,online,8,0.01,250626.0,10.0,0.01,250626.0,250626.0,250626.0,1.1,0.9,0.01,7638.0,100000.0,0.1,0.1,enabled,,,,,
619,weeth,eth,4,4,main,weetheth,online,8,0.0001,273.0,0.01,0.0001,273.0,273.0,273.0,1.1,0.9,0.0001,27.0,27.0,0.1,0.1,enabled,,,,,
620,hbar,usdt,6,2,main,hbarusdt,online,8,0.1,28813461.0,1.0,0.1,28813461.0,28813461.0,28813461.0,1.1,0.9,0.1,1108923.0,100000.0,0.1,0.1,enabled,,3.0,,,
621,szn,usdt,6,4,main,sznusdt,offline,8,1.0,114942528.0,10.0,1.0,114942528.0,114942528.0,114942528.0,1.1,0.9,1.0,593701600.0,50000.0,0.05,0.05,enabled,st,,,,
622,ani,usdt,6,4,main,aniusdt,offline,8,1.0,30998140.0,10.0,1.0,30998140.0,30998140.0,30998140.0,1.25,0.75,1.0,87759462.0,50000.0,0.05,0.05,enabled,st,,,,
623,xmx,btc,12,2,st,xmxbtc,offline,8,1.0,1300000000.0,0.0001,1.0,1300000000.0,1300000000.0,1300000000.0,1.1,0.9,1.0,130000000.0,7.0,0.1,0.1,enabled,hadax,,,,
624,revo,usdt,8,4,main,revousdt,offline,8,0.01,1666666.0,10.0,0.01,1666666.0,1666666.0,1666666.0,1.1,0.9,0.01,166666.0,100000.0,0.1,0.1,enabled,,,,,
625,xno,btc,7,2,main,nanobtc,offline,8,0.01,100000.0,0.0001,0.01,100000.0,100000.0,100000.0,1.1,0.9,0.01,10000.0,2.0,0.1,0.1,enabled,,,,,
626,beth,eth,4,4,main,betheth,offline,8,0.0001,1710.0,0.001,0.0001,1710.0,1710.0,1710.0,1.1,0.9,0.0001,171.0,171.0,0.1,0.1,enabled,,,,,
627,bbl,usdt,5,4,main,bblusdt,offline,8,1.0,20000000.0,10.0,1.0,20000000.0,20000000.0,3230337.0786,1.1,0.9,1.0,3230337.0786,100000.0,0.1,0.1,enabled,"st,abnormalmarket",,,,
628,ftt,usdd,4,4,main,fttusdd,offline,8,0.01,636942.0,10.0,0.01,636942.0,636942.0,636942.0,1.1,0.9,0.01,63694.0,100000.0,0.1,0.1,enabled,zerofee,,,,
629,ftt,usdt,4,4,main,fttusdt,online,8,0.01,700000.0,10.0,0.01,700000.0,700000.0,700000.0,1.1,0.9,0.01,648060.0,200000.0,0.1,0.1,enabled,,,,,
630,cfx,usdt,5,4,main,cfxusdt,online,8,0.1,3293807.0,10.0,0.1,3293807.0,3293807.0,3293807.0,1.1,0.9,0.1,1578001.0,100000.0,0.1,0.1,enabled,,3.0,,,
631,elx,usdt,6,4,main,elxusdt,offline,8,1.0,20000000.0,10.0,1.0,20000000.0,20000000.0,20000000.0,1.25,0.75,1.0,15169902.0,50000.0,0.05,0.05,enabled,st,,,,
632,seele,btc,10,2,st,seelebtc,offline,8,1.0,450000000.0,0.0001,1.0,450000000.0,450000000.0,450000000.0,1.1,0.9,1.0,45000000.0,15.0,0.1,0.1,enabled,hadax,,,,
633,flux,usdt,4,4,main,fluxusdt,online,8,0.1,1000000.0,10.0,0.1,1000000.0,1000000.0,1000000.0,1.1,0.9,0.1,1536816.0,100000.0,0.1,0.1,enabled,,,,,
634,like,usdt,6,4,main,likeusdt,offline,8,0.1,22050716.0,10.0,0.1,22050716.0,22050716.0,22050716.0,1.25,0.75,0.1,61274509.0,100000.0,0.1,0.1,enabled,st,,,,
635,b2,usdt,4,4,main,b2usdt,online,8,0.1,1525087.0,10.0,0.1,1525087.0,1525087.0,1525087.0,1.1,0.9,0.1,78526.0,50000.0,0.05,0.05,enabled,,,,,
636,jst,btc,10,2,main,jstbtc,offline,8,1.0,17100000.0,0.0001,1.0,17100000.0,17100000.0,17100000.0,1.1,0.9,1.0,1710000.0,12.0,0.1,0.1,enabled,,,,,
637,zec,husd,2,4,main,zechusd,offline,8,0.001,20000.0,1.0,0.001,20000.0,20000.0,20000.0,1.1,0.9,0.001,2000.0,140000.0,0.1,0.1,enabled,,,,,
638,hc,usdt,4,4,main,hcusdt,offline,8,0.01,20000.0,10.0,0.01,20000.0,20000.0,20000.0,1.1,0.5,0.01,2000.0,1000000.0,0.1,0.1,enabled,,,,,
639,arv,usdt,8,2,main,arvusdt,offline,8,1.0,2864508736.0,10.0,1.0,2864508736.0,2864508736.0,2864508736.0,1.1,0.9,1.0,286450873.0,100000.0,0.1,0.1,enabled,,,,,
640,eth3s,usdt,10,4,main,eth3susdt,offline,8,0.01,2809911639.0884,10.0,0.01,2809911639.0884,2809911639.0884,2809911639.0884,1.5,0.5,0.01,2809911639.0884,2500.0,0.1,0.1,enabled,"etp,nav,holdinglimit,activities",,,2500.0,
641,xch,usdt,4,4,main,xchusdt,online,8,0.0001,790.0,10.0,0.0001,790.0,790.0,790.0,1.1,0.9,0.0001,43478.0,100000.0,0.1,0.1,enabled,,3.0,,,
642,merl,usdt,4,4,main,merlusdt,online,8,0.1,2500000.0,10.0,0.1,2500000.0,2500000.0,2500000.0,1.1,0.9,0.1,2697314.0,100000.0,0.1,0.1,enabled,,3.0,,,
643,bigtime,usdt,5,4,main,bigtimeusdt,online,8,1.0,10000000.0,10.0,1.0,10000000.0,10000000.0,10000000.0,1.1,0.9,1.0,3535089.0,50000.0,0.05,0.05,enabled,,3.0,,,
644,bake,usdt,6,4,main,bakeusdt,offline,8,0.1,3484320.0,10.0,0.1,3484320.0,3484320.0,3484320.0,1.25,0.75,0.1,26031056.0,100000.0,0.1,0.1,enabled,st,,,,
645,usdd,usdt,5,4,main,usddusdt,online,8,0.01,1004722.0,10.0,0.01,1004722.0,1004722.0,1004722.0,1.1,0.9,0.01,100000.0,100000.0,0.01,0.01,enabled,zerofee,3.0,,,
646,skl,eth,8,2,main,skleth,offline,8,0.01,1511715.0,0.001,0.01,1511715.0,1511715.0,1511715.0,1.1,0.9,0.01,151171.0,172.0,0.1,0.1,enabled,,,,,
647,synd,usdt,4,4,main,syndusdt,online,8,0.1,4088307.0,10.0,0.1,4088307.0,4088307.0,4088307.0,1.1,0.9,0.1,1222104.0,50000.0,0.05,0.05,enabled,,,,,
648,amu,usdt,5,2,main,amuusdt,offline,8,1.0,50000000.0,10.0,1.0,50000000.0,50000000.0,50000000.0,1.1,0.9,1.0,5000000.0,100000.0,0.1,0.1,enabled,st,,,,
649,oldnormie,usdt,6,4,main,oldnormieusdt,offline,8,0.1,9000000.0,10.0,0.1,9000000.0,9000000.0,9000000.0,1.1,0.9,0.1,900000.0,100000.0,0.1,0.1,enabled,,,,,
650,ctxc,usdt,4,4,main,ctxcusdt,offline,8,0.1,500000.0,10.0,0.1,500000.0,500000.0,500000.0,1.25,0.75,0.1,9961022.0,100000.0,0.1,0.1,enabled,st,,,,
651,stt,usdt,4,4,main,sttusdt,offline,8,0.01,1000000.0,10.0,0.01,1000000.0,1000000.0,1000000.0,1.1,0.9,0.01,1474075.0,100000.0,0.1,0.1,enabled,st,,,,
652,cspr,usdt,6,1,main,csprusdt,online,8,0.1,33333333.0,10.0,0.1,33333333.0,33333333.0,33333333.0,1.1,0.9,0.1,32214238.0,100000.0,0.1,0.1,enabled,,,,,
653,pepe,usdt,12,2,main,pepeusdt,online,8,1.0,10240655401945.0,1.0,1.0,10240655401945.0,10240655401945.0,10240655401945.0,1.1,0.9,1.0,17735277736.0,70000.0,0.1,0.1,enabled,,3.0,3.0,,
654,capo,usdt,6,4,main,capousdt,offline,8,1.0,70791197.0,10.0,1.0,70791197.0,70791197.0,70791197.0,1.1,0.9,1.0,7079119.0,100000.0,0.1,0.1,enabled,,,,,
655,edgen,usdt,5,4,main,edgenusdt,online,8,1.0,40000000.0,10.0,1.0,40000000.0,40000000.0,40000000.0,1.25,0.75,1.0,22047546.0,50000.0,0.05,0.05,enabled,st,,,,
656,zks,btc,8,4,main,zksbtc,offline,8,0.001,288808.0,0.0001,0.001,288808.0,288808.0,288808.0,1.1,0.9,0.001,28880.0,3.0,0.1,0.1,enabled,,,,,
657,atom,usdd,4,3,main,atomusdd,offline,8,0.01,110497.0,10.0,0.01,110497.0,110497.0,110497.0,1.1,0.9,0.01,11049.0,101612.0,0.1,0.1,enabled,zerofee,,,,
658,trace,usdt,5,4,main,traceusdt,offline,8,0.01,2000000.0,10.0,0.01,2000000.0,9948096.8858,2000000.0,1.1,0.9,0.01,200000.0,5000.0,0.1,0.1,enabled,abnormalmarket,,,,
659,moodeng,usdt,5,4,main,moodengusdt,online,8,1.0,33955857.0,10.0,1.0,33955857.0,33955857.0,33955857.0,1.1,0.9,1.0,1718315.0,100000.0,0.1,0.1,enabled,,3.0,,,
660,kicks,usdt,7,4,main,kicksusdt,offline,8,1.0,200000000.0,10.0,1.0,200000000.0,200000000.0,200000000.0,1.1,0.9,1.0,20000000.0,100000.0,0.1,0.1,enabled,,,,,
661,cgpt,usdt,5,2,main,cgptusdt,online,8,1.0,23046784.0,10.0,1.0,23046784.0,23046784.0,23046784.0,1.1,0.9,1.0,4420526.0,100000.0,0.1,0.1,enabled,,3.0,,,
662,lsk,eth,6,4,main,lsketh,offline,8,0.001,50000.0,0.001,0.001,50000.0,50000.0,50000.0,1.1,0.9,0.001,5000.0,300.0,0.1,0.1,enabled,,,,,
663,ugas,btc,10,2,st,ugasbtc,offline,8,0.1,3300000.0,0.0001,0.1,3300000.0,3300000.0,3300000.0,1.1,0.9,0.1,330000.0,20.0,0.1,0.1,enabled,abnormalmarket,,,,
664,gmx,usdt,4,4,main,gmxusdt,online,8,0.001,26469.0,10.0,0.001,26469.0,26469.0,26469.0,1.1,0.9,0.001,15181.0,100000.0,0.1,0.1,enabled,,,,,
665,gt,ht,6,2,main,gtht,offline,8,0.1,1700000.0,0.1,0.1,1700000.0,1700000.0,1700000.0,1.1,0.9,0.1,170000.0,40000.0,0.1,0.1,enabled,,,,,
666,scr,usdt,4,4,main,scrusdt,online,8,0.01,769230.0,10.0,0.01,769230.0,769230.0,769230.0,1.1,0.9,0.01,2040997.0,100000.0,0.1,0.1,enabled,,,,,
667,ssp,btc,12,2,st,sspbtc,offline,8,1.0,129546357.6419,0.0001,1.0,129546357.6419,129546357.6419,129546357.6419,1.1,0.9,1.0,129546357.6419,0.0129,0.1,0.1,enabled,"griddisabled,st,hadax",,,1000.0,
668,ptc,btc,12,2,st,ptcbtc,offline,8,1.0,10000000.0,0.0001,1.0,10000000.0,10000000.0,614883.8295,1.1,0.95,1.0,614883.8295,100.0,0.05,0.1,enabled,"abnormalmarket,hadax",,,,
669,firo,usdt,4,4,main,firousdt,offline,8,0.01,614628.0,10.0,0.01,614628.0,614628.0,614628.0,1.1,0.9,0.01,158436.0,100000.0,0.1,0.1,enabled,st,,,,
670,pump,usdt,6,4,main,pumpusdt,online,8,1.0,170532060.0,1.0,1.0,170532060.0,170532060.0,170532060.0,1.1,0.9,1.0,25137161.0,50000.0,0.05,0.05,enabled,,3.0,,,
671,nu,usdt,4,2,st,nuusdt,offline,8,0.01,1767096.0,10.0,0.01,1767096.0,1767096.0,1767096.0,1.1,0.9,0.01,176709.0,100000.0,0.1,0.1,disabled,,,,,
672,near,usdt,4,2,main,nearusdt,online,8,0.01,465267.0,5.0,0.01,465267.0,465267.0,465267.0,1.1,0.9,0.01,71069.0,100000.0,0.1,0.1,enabled,,2.0,3.0,,
673,night,usdt,5,4,main,nightusdt,online,8,0.1,10000000.0,1.0,0.1,10000000.0,10000000.0,10000000.0,1.1,0.9,0.1,1345454.0,50000.0,0.05,0.05,enabled,,3.0,,,
674,eos,ht,6,4,main,eosht,offline,8,0.1,60000.0,0.1,0.1,60000.0,60000.0,60000.0,1.1,0.9,0.01,6000.0,5000.0,0.1,0.1,enabled,,,,,
675,stn,usdt,4,2,st,stnusdt,offline,8,0.01,4000000.0,10.0,0.01,4000000.0,4000000.0,4000000.0,1.1,0.9,0.01,400000.0,100000.0,0.1,0.1,enabled,,,,,
676,ven,eth,8,2,st,veneth,offline,8,0.01,100000.0,0.001,0.01,100000.0,100000.0,100000.0,1.1,0.9,0.01,10000.0,500.0,0.1,0.1,enabled,,,,,
677,mxc,usdt,8,2,main,mxcusdt,offline,8,1.0,30000000.0,10.0,1.0,30000000.0,30000000.0,30000000.0,1.1,0.9,1.0,5726236120.0,100000.0,0.1,0.1,enabled,"st,activities",,,,
678,glm,eth,8,2,main,glmeth,offline,8,0.1,8576329.0,0.001,0.1,8576329.0,8576329.0,8576329.0,1.1,0.9,0.1,857632.0,173.0,0.1,0.1,enabled,,,,,
679,bt1,btc,6,4,st,bt1btc,offline,8,0.001,10000.0,0.0001,0.001,10000.0,10000.0,10000.0,1.1,0.9,0.001,1000.0,100.0,0.1,0.1,enabled,,,,,
680,neiroeth,usdt,6,4,main,neiroethusdt,online,8,0.1,7267441.0,10.0,0.1,7267441.0,7267441.0,7267441.0,1.25,0.75,0.1,200000000.0,100000.0,0.1,0.1,enabled,st,,,,
681,npc,usdt,6,4,main,npcusdt,online,8,1.0,67294751.0,10.0,1.0,67294751.0,67294751.0,67294751.0,1.1,0.9,1.0,6245383.0,50000.0,0.05,0.05,enabled,innovate,3.0,,,
682,orbs,usdt,6,4,main,orbsusdt,online,8,1.0,25471217.0,10.0,1.0,25471217.0,25471217.0,25471217.0,1.1,0.9,1.0,11029799.0,100000.0,0.1,0.1,enabled,,,,,
683,mana,eth,8,0,main,manaeth,offline,8,1.0,10000000.0,0.001,1.0,10000000.0,10000000.0,10000000.0,1.1,0.9,1.0,500000.0,100.0,0.1,0.1,enabled,,,,,
684,bot,eth,4,4,st,boteth,offline,8,0.0001,1697.0,0.001,0.0001,1697.0,1697.0,1697.0,1.1,0.9,0.0001,169.0,272.0,0.1,0.1,enabled,,,,,
685,zama,usdt,6,4,main,zamausdt,online,8,1.0,23809523.0,10.0,1.0,23809523.0,23809523.0,23809523.0,1.1,0.9,1.0,1751478.0,50000.0,0.05,0.05,enabled,,3.0,,,
686,bssb,usdt,4,4,main,bssbusdt,offline,8,0.01,200000.0,10.0,0.01,200000.0,200000.0,200000.0,1.1,0.9,0.01,2414444.0,100000.0,0.1,0.1,enabled,st,,,,
687,arpa,ht,6,2,main,arpaht,offline,8,1.0,50000000.0,0.1,1.0,50000000.0,50000000.0,50000000.0,1.1,0.9,1.0,5000000.0,35000.0,0.1,0.1,enabled,,,,,
688,forth,btc,8,4,main,forthbtc,offline,8,0.0001,20523.0,0.0001,0.0001,20523.0,20523.0,20523.0,1.1,0.9,0.0001,2052.0,3.0,0.1,0.1,enabled,,,,,
689,sol,usdt,4,3,main,solusdt,online,8,0.01,5000.0,1.0,0.01,5000.0,5000.0,5000.0,1.1,0.9,0.01,2263.0,200000.0,0.02,0.02,enabled,,3.0,3.0,,
690,idt,btc,12,2,st,idtbtc,offline,8,1.0,20000000.0,0.0001,1.0,20000000.0,20000000.0,20000000.0,1.1,0.9,1.0,2000000.0,5.0,0.05,0.05,enabled,hadax,,,,
691,nuls,usdt,5,2,main,nulsusdt,offline,8,0.1,800000.0,10.0,0.1,800000.0,800000.0,800000.0,1.1,0.9,0.1,26118555.0,100000.0,0.1,0.1,enabled,st,,,,
692,lovely,usdt,6,4,main,lovelyusdt,offline,8,1.0,3000000.0,10.0,1.0,3000000.0,3000000.0,3000000.0,1.1,0.9,1.0,300000.0,100000.0,0.1,0.1,enabled,,,,,
693,bts,usdt,6,2,main,btsusdt,offline,8,0.1,5000000.0,10.0,0.1,5000000.0,5000000.0,5000000.0,1.1,0.9,0.1,500000.0,100000.0,0.1,0.1,enabled,,,,,
694,xan,usdt,5,4,main,xanusdt,online,8,1.0,20000000.0,10.0,1.0,20000000.0,20000000.0,20000000.0,1.1,0.9,1.0,5359556.0,50000.0,0.05,0.05,enabled,,3.0,,,
695,tnt,eth,8,0,st,tnteth,offline,8,1.0,242854.2772,0.001,1.0,242854.2772,242854.2772,242854.2772,1.05,0.95,1.0,242854.2772,0.4159,0.1,0.1,enabled,st,,,1000.0,
696,sps,usdt,6,4,main,spsusdt,offline,8,1.0,16880486.0,10.0,1.0,16880486.0,16880486.0,16880486.0,1.1,0.9,1.0,1688048.0,100000.0,0.1,0.1,enabled,,,,,
697,ost,btc,10,2,st,ostbtc,offline,8,0.1,137779.1676,0.0001,0.1,137779.1676,137779.1676,137779.1676,1.1,0.9,0.1,137779.1676,0.0129,0.1,0.1,enabled,st,,,1000.0,
698,mtn,eth,8,2,st,mtneth,offline,8,0.1,1000000.0,0.001,0.1,1000000.0,1000000.0,1000000.0,1.1,0.9,0.1,100000.0,500.0,0.1,0.1,enabled,,,,,
699,xvg,eth,8,2,main,xvgeth,offline,8,1.0,30000000.0,0.001,1.0,30000000.0,30000000.0,30000000.0,1.1,0.9,1.0,3000000.0,50.0,0.1,0.1,enabled,,,,,
700,nhbtc,eth,8,4,st,nhbtceth,offline,8,0.01,1111111.0,0.001,0.01,1111111.0,1111111.0,1111111.0,1.1,0.9,0.01,111111.0,169.0,0.1,0.1,enabled,,,,,
701,scrt,usdt,4,4,main,scrtusdt,online,8,0.001,111856.0,10.0,0.001,111856.0,111856.0,111856.0,1.1,0.9,0.001,695368.0,100000.0,0.1,0.1,enabled,,,,,
702,propy,btc,8,2,main,propybtc,offline,8,0.01,10000000.0,0.0001,0.01,10000000.0,10000000.0,10000000.0,1.1,0.9,0.01,1000000.0,70.0,0.1,0.1,enabled,,,,,
703,sol,eth,6,2,main,soleth,offline,8,0.01,474969.0,0.001,0.01,474969.0,474969.0,474969.0,1.1,0.9,0.01,47496.0,167.0,0.1,0.1,enabled,,,,,
704,borg,usdt,4,4,main,borgusdt,offline,8,0.1,6082725.0,10.0,0.1,6082725.0,6082725.0,6082725.0,1.1,0.9,0.1,490907.0,100000.0,0.1,0.1,enabled,st,,,,
705,ftm,usdc,4,4,main,ftmusdc,offline,8,0.001,3635041.0,10.0,0.001,3635041.0,3635041.0,3635041.0,1.1,0.9,0.001,363504.0,100000.0,0.1,0.1,enabled,,,,,
706,cho,usdt,5,4,main,chousdt,offline,8,1.0,28457598.0,10.0,1.0,28457598.0,28457598.0,28457598.0,1.1,0.9,1.0,40722379.0,100000.0,0.1,0.1,enabled,st,,,,
707,usdt,rub,2,1,main,usdtrub,offline,8,0.1,1000000.0,65.0,0.1,1000000.0,1000000.0,1000000.0,1.1,0.9,0.1,100000.0,6993006.0,0.1,0.1,enabled,"griddisabled,fiat",,,,
708,doge,eth,8,2,main,dogeeth,offline,8,1.0,200000000.0,0.001,1.0,200000000.0,200000000.0,200000000.0,1.1,0.9,1.0,20000000.0,500.0,0.1,0.1,enabled,,,,,
709,hsf,usdt,4,4,main,hsfusdt,offline,8,0.001,434216.0,10.0,0.001,434216.0,434216.0,434216.0,1.1,0.9,0.001,43421.0,100000.0,0.1,0.1,enabled,,,,,
710,elsa,usdt,4,4,main,elsausdt,online,8,0.1,4868549.0,10.0,0.1,4868549.0,4868549.0,4868549.0,1.1,0.9,0.1,675675.0,50000.0,0.05,0.05,enabled,,,,,
711,blz,btc,8,2,main,blzbtc,offline,8,0.1,8000000.0,0.0001,0.1,8000000.0,8000000.0,8000000.0,1.1,0.9,0.1,800000.0,10.0,0.1,0.1,enabled,,,,,
712,reef,btc,10,2,main,reefbtc,offline,8,0.1,44037343.0,0.0001,0.1,44037343.0,44037343.0,44037343.0,1.1,0.9,0.1,4403734.0,5.0,0.1,0.1,enabled,,,,,
713,dai,usdt,4,2,main,daiusdt,suspend,8,0.1,1000000.0,5.0,0.1,1000000.0,1000000.0,1000000.0,1.1,0.9,0.1,99996.0,100000.0,0.01,0.01,enabled,zerofee,,,,
714,bcx,btc,10,4,st,bcxbtc,offline,8,1.0,4882060.4116,0.0001,1.0,4882060.4116,4882060.4116,4882060.4116,1.1,0.9,1.0,4882060.4116,0.0129,0.1,0.1,enabled,"st,abnormalmarket",,,1000.0,
715,avacn,usdt,7,4,main,avacnusdt,offline,8,1.0,500000000.0,10.0,1.0,500000000.0,500000000.0,500000000.0,1.1,0.9,1.0,16231474947.0,100000.0,0.1,0.1,enabled,st,,,,
716,we,usdt,4,4,main,weusdt,offline,8,0.01,2000000.0,10.0,0.01,2000000.0,2000000.0,2000000.0,1.1,0.9,0.01,200000.0,100000.0,0.1,0.1,enabled,,,,,
717,alt,usdt,5,4,main,altusdt,online,8,1.0,10000000.0,10.0,1.0,10000000.0,10000000.0,10000000.0,1.1,0.9,1.0,2660189.0,20000.0,0.05,0.05,enabled,,,,,
718,eos,usdd,4,4,main,eosusdd,offline,8,0.1,862068.0,10.0,0.1,862068.0,862068.0,862068.0,1.1,0.9,0.1,86206.0,100000.0,0.1,0.1,enabled,zerofee,,,,
719,rvn,btc,10,2,main,rvnbtc,offline,8,1.0,59000000.0,0.0001,1.0,59000000.0,59000000.0,59000000.0,1.1,0.9,1.0,5900000.0,15.0,0.1,0.1,enabled,,,,,
720,bulla,usdt,5,4,main,bullausdt,offline,8,0.1,9460737.0,10.0,0.1,9460737.0,9460737.0,9460737.0,1.1,0.9,0.1,586968.0,50000.0,0.05,0.05,enabled,st,,,,
721,strx,usdt,5,4,main,strxusdt,online,8,1.0,15228812.0,10.0,1.0,15228812.0,15228812.0,15228812.0,1.1,0.9,1.0,243605.0,100000.0,0.05,0.05,enabled,,,,,
722,em,btc,10,2,main,embtc,offline,8,1.0,120000000.0,0.0001,1.0,120000000.0,120000000.0,120000000.0,1.1,0.9,1.0,12000000.0,7.0,0.1,0.1,enabled,,,,,
723,cta,usdt,5,4,main,ctausdt,online,8,0.1,4000000.0,10.0,0.1,4000000.0,4000000.0,4000000.0,1.1,0.9,0.1,8310749.0,100000.0,0.1,0.1,enabled,,,,,
724,hc,eth,6,4,main,hceth,offline,8,0.01,20000.0,0.001,0.01,20000.0,20000.0,20000.0,1.1,0.9,0.01,2000.0,500.0,0.1,0.1,enabled,,,,,
725,indi,usdt,4,4,st,indiusdt,offline,8,0.1,10000000.0,10.0,0.1,10000000.0,10000000.0,10000000.0,1.1,0.9,0.1,1000000.0,100000.0,0.1,0.1,enabled,,,,,
726,mt,btc,12,2,main,mtbtc,offline,8,1.0,125000000.0,0.0001,1.0,125000000.0,125000000.0,125000000.0,1.1,0.9,1.0,12500000.0,5.0,0.05,0.05,enabled,hadax,,,,
727,dyp,usdt,5,4,main,dypusdt,offline,8,0.1,3581661.0,10.0,0.1,3581661.0,3581661.0,3581661.0,1.25,0.75,0.1,52824988.0,100000.0,0.1,0.1,enabled,st,,,,
728,pai,usdt,6,4,st,paiusdt,offline,8,0.1,500000000.0,10.0,0.1,500000000.0,500000000.0,500000000.0,1.1,0.9,0.1,50000000.0,100000.0,0.1,0.1,enabled,,,,,
729,nada,usdt,6,4,main,nadausdt,offline,8,1.0,167897918.0,10.0,1.0,167897918.0,167897918.0,167897918.0,1.1,0.9,1.0,16789791.0,100000.0,0.1,0.1,enabled,,,,,
730,gof,eth,8,2,st,gofeth,offline,8,0.01,1666666.0,0.001,0.01,1666666.0,1666666.0,1666666.0,1.1,0.9,0.01,166666.0,275.0,0.1,0.1,enabled,,,,,
731,edu,btc,12,2,st,edubtc,offline,8,1.0,1000000000.0,0.0001,1.0,1000000000.0,1000000000.0,1000000000.0,1.1,0.9,1.0,100000000.0,7.0,0.1,0.1,enabled,abnormalmarket,,,,
732,ogo,usdt,6,2,st,ogousdt,offline,8,1.0,40000000.0,10.0,1.0,40000000.0,40000000.0,40000000.0,1.1,0.9,1.0,4000000.0,100000.0,0.1,0.1,enabled,,,,,
733,stpt,usdt,6,2,main,stptusdt,offline,8,1.0,35000000.0,10.0,1.0,35000000.0,35000000.0,35000000.0,1.1,0.9,1.0,1440239.0,100000.0,0.1,0.1,enabled,,,,,
734,egld,usdc,4,4,main,egldusdc,offline,8,0.0001,18286.0,10.0,0.0001,18286.0,18286.0,18286.0,1.1,0.9,0.0001,1828.0,100000.0,0.1,0.1,enabled,,,,,
735,ena,usdt,5,4,main,enausdt,online,8,1.0,16666666.0,1.0,1.0,16666666.0,16666666.0,16666666.0,1.1,0.9,1.0,801524.0,100000.0,0.1,0.1,enabled,,3.0,,,
736,ladys,usdt,10,2,main,ladysusdt,online,8,1.0,10886605121059.0,10.0,1.0,10886605121059.0,10886605121059.0,10886605121059.0,1.25,0.75,1.0,6453423120470.0,100000.0,0.1,0.1,enabled,st,,,,
737,ach,eth,8,2,main,acheth,offline,8,1.0,166666666.0,0.001,1.0,166666666.0,166666666.0,166666666.0,1.1,0.9,1.0,16666666.0,236.0,0.1,0.1,enabled,,,,,
738,1inch,eth,8,2,main,1incheth,offline,8,0.1,14925373.0,0.001,0.1,14925373.0,14925373.0,14925373.0,1.1,0.9,0.1,1492537.0,172.0,0.1,0.1,enabled,,,,,
739,uft,usdt,4,4,main,uftusdt,offline,8,0.1,2920560.0,10.0,0.1,2920560.0,2920560.0,15731.8741,1.1,0.95,0.1,15731.8741,100000.0,0.05,0.1,enabled,"st,abnormalmarket",,,,
740,ioi,btc,8,4,st,ioibtc,offline,8,0.001,206611.0,0.0001,0.001,206611.0,206611.0,206611.0,1.1,0.9,0.001,20661.0,3.0,0.1,0.1,enabled,,,,,
741,etc,ht,6,4,main,etcht,offline,8,0.01,50000.0,0.1,0.01,50000.0,50000.0,50000.0,1.1,0.9,0.01,5000.0,5000.0,0.1,0.1,enabled,,,,,
742,luna,usdt,4,4,main,lunausdt,online,8,0.01,1000000.0,10.0,0.01,1000000.0,1000000.0,1000000.0,1.1,0.9,0.01,1630280.0,100000.0,0.1,0.1,enabled,,,,,
743,mdx,eth,8,2,main,mdxeth,offline,8,0.01,398692.0,0.001,0.01,398692.0,398692.0,398692.0,1.1,0.9,0.01,39869.0,55.0,0.1,0.1,enabled,,,,,
744,zil,btc,10,2,main,zilbtc,offline,8,1.0,53000000.0,0.0001,1.0,53000000.0,53000000.0,53000000.0,1.1,0.9,1.0,5300000.0,10.0,0.1,0.1,enabled,,,,,
745,steem,eth,6,4,main,steemeth,offline,8,0.01,300000.0,0.001,0.01,300000.0,300000.0,300000.0,1.1,0.9,0.01,30000.0,1000.0,0.1,0.1,enabled,,,,,
746,nil,usdt,4,4,main,nilusdt,online,8,0.1,1250000.0,10.0,0.1,1250000.0,1250000.0,1250000.0,1.1,0.9,0.1,1211801.0,50000.0,0.05,0.05,enabled,,3.0,,,
747,dht,usdt,4,4,st,dhtusdt,offline,8,0.01,4000000.0,10.0,0.01,4000000.0,4000000.0,4000000.0,1.1,0.9,0.01,400000.0,100000.0,0.1,0.1,enabled,,,,,
748,ath,usdt,5,4,main,athusdt,online,8,1.0,26253609.0,10.0,1.0,26253609.0,26253609.0,26253609.0,1.1,0.9,1.0,15596392.0,100000.0,0.1,0.1,enabled,,3.0,,,
749,我踏马来了,usdt,6,4,main,我踏马来了usdt,online,8,1.0,30303030.0,10.0,1.0,30303030.0,30303030.0,30303030.0,1.1,0.9,1.0,3912895.0,50000.0,0.05,0.05,enabled,innovate,3.0,,,
750,brwl,usdt,6,4,main,brwlusdt,offline,8,0.01,3000000.0,10.0,0.01,3000000.0,3000000.0,3000000.0,1.1,0.9,0.01,93789503.0,100000.0,0.1,0.1,enabled,st,,,,
751,apr,usdt,4,4,main,aprusdt,online,8,0.1,2551020.0,10.0,0.1,2551020.0,2551020.0,2551020.0,1.1,0.9,0.1,275554.0,50000.0,0.05,0.05,enabled,innovate,3.0,,,
752,inj,btc,8,2,main,injbtc,offline,8,0.01,121616.0,0.0001,0.01,121616.0,121616.0,121616.0,1.1,0.9,0.01,12161.0,5.0,0.1,0.1,enabled,,,,,
753,filda,btc,10,2,st,fildabtc,offline,8,0.01,862738.0,0.0001,0.01,862738.0,862738.0,862738.0,1.1,0.9,0.01,86273.0,3.0,0.1,0.1,enabled,,,,,
754,vine,usdt,4,4,main,vineusdt,online,8,0.1,2941176.0,10.0,0.1,2941176.0,2941176.0,2941176.0,1.1,0.9,0.1,2474714.0,50000.0,0.05,0.05,enabled,,,,,
755,xdefi,usdt,4,4,main,xdefiusdt,offline,8,0.001,806451.0,10.0,0.001,806451.0,806451.0,806451.0,1.1,0.9,0.001,80645.0,100000.0,0.1,0.1,enabled,,,,,
756,lunc,usdt,8,2,main,luncusdt,online,8,1.0,8532423208.0,10.0,1.0,8532423208.0,8532423208.0,8532423208.0,1.1,0.9,1.0,2208565392.0,100000.0,0.1,0.1,enabled,activities,,,,
757,ardr,eth,6,4,main,ardreth,offline,8,1.0,6000000.0,0.001,1.0,6000000.0,6000000.0,6000000.0,1.1,0.9,1.0,600000.0,50.0,0.1,0.1,enabled,,,,,
758,dodo,usdt,4,4,main,dodousdt,online,8,0.01,2346866.0,10.0,0.01,2346866.0,2346866.0,2346866.0,1.1,0.9,0.01,6944444.0,100000.0,0.1,0.1,enabled,,,,,
759,ape,usdt,4,4,main,apeusdt,online,8,0.001,250000.0,10.0,0.001,250000.0,250000.0,250000.0,1.1,0.9,0.001,944054.0,100000.0,0.1,0.1,enabled,,3.0,3.0,,
760,btm,usdt,6,2,main,btmusdt,offline,8,0.1,14500000.0,10.0,0.1,14500000.0,14500000.0,14500000.0,1.1,0.9,0.1,1450000.0,100000.0,0.1,0.1,enabled,,,,,
761,theta,btc,8,2,main,thetabtc,offline,8,0.1,10000000.0,0.0001,0.1,10000000.0,10000000.0,10000000.0,1.1,0.9,0.1,1000000.0,100.0,0.1,0.1,enabled,,,3.0,,
762,toms,usdt,8,4,main,tomsusdt,offline,8,1.0,103594737.0,10.0,1.0,103594737.0,103594737.0,103594737.0,1.1,0.9,1.0,10359473.0,100000.0,0.1,0.1,enabled,,,,,
763,nas,eth,8,4,st,naseth,offline,8,0.01,100000.0,0.001,0.01,100000.0,100000.0,100000.0,1.1,0.9,0.01,10000.0,500.0,0.1,0.1,enabled,,,,,
764,frag,usdt,5,4,main,fragusdt,offline,8,0.1,5000000.0,10.0,0.1,5000000.0,5000000.0,5000000.0,1.25,0.75,0.1,30303030.0,50000.0,0.05,0.05,enabled,st,,,,
765,uro,usdt,5,4,main,urousdt,offline,8,1.0,16038492.0,1.0,1.0,16038492.0,16038492.0,16038492.0,1.1,0.9,1.0,152418820.0,100000.0,0.05,0.05,enabled,st,,,,
766,kan,btc,10,2,main,kanbtc,offline,8,1.0,100000000.0,0.0001,1.0,100000000.0,100000000.0,100000000.0,1.1,0.9,1.0,10000000.0,10.0,0.1,0.1,enabled,,,,,
767,oxt,usdt,4,4,main,oxtusdt,online,8,0.01,3553660.0,10.0,0.01,3553660.0,3553660.0,3553660.0,1.1,0.9,0.01,9222133.0,100000.0,0.1,0.1,enabled,,,,,
768,obol,usdt,4,4,main,obolusdt,online,8,1.0,2000000.0,10.0,1.0,2000000.0,2000000.0,2000000.0,1.1,0.9,1.0,3935660.0,50000.0,0.05,0.05,enabled,,,,,
769,api3,btc,8,2,main,api3btc,offline,8,0.01,372619.0,0.0001,0.01,372619.0,372619.0,372619.0,1.1,0.9,0.01,37261.0,4.0,0.1,0.1,enabled,,,,,
770,num,usdt,6,4,main,numusdt,online,8,0.01,2832861.0,10.0,0.01,2832861.0,2832861.0,2832861.0,1.25,0.75,0.01,19691949.0,100000.0,0.1,0.1,enabled,st,,,,
771,cvnt,btc,8,2,main,cvntbtc,offline,8,0.01,387777.0,0.0001,0.01,387777.0,387777.0,387777.0,1.1,0.9,0.01,38777.0,3.0,0.1,0.1,enabled,,,,,
772,smt,btc,10,0,main,smtbtc,offline,8,1.0,15000000.0,0.0001,1.0,15000000.0,15000000.0,15000000.0,1.1,0.9,1.0,1500000.0,7.0,0.1,0.1,enabled,,,,,
773,sushi,husd,4,4,main,sushihusd,offline,8,0.001,134347.0,1.0,0.001,134347.0,134347.0,134347.0,1.1,0.9,0.001,13434.0,100000.0,0.1,0.1,enabled,,,,,
774,bfi,usdt,6,4,main,bfiusdt,offline,8,1.0,25000000.0,10.0,1.0,25000000.0,25000000.0,25000000.0,1.1,0.9,1.0,968828980.0,50000.0,0.05,0.05,enabled,st,,,,
775,bch3l,usdt,8,4,main,bch3lusdt,offline,8,0.01,256714060.0316,10.0,0.01,256714060.0316,256714060.0316,256714060.0316,1.5,0.5,0.01,256714060.0316,2500.0,0.1,0.1,enabled,"etp,nav,holdinglimit",,,2500.0,
776,cvp,usdt,4,4,main,cvpusdt,offline,8,0.001,210084.0,10.0,0.001,210084.0,210084.0,210084.0,1.1,0.9,0.001,6768687.0,100000.0,0.1,0.1,enabled,st,,,,
777,avl,usdt,5,4,main,avlusdt,online,8,1.0,10000000.0,10.0,1.0,10000000.0,10000000.0,10000000.0,1.1,0.9,1.0,1790273.0,50000.0,0.05,0.05,enabled,,,,,
778,band,btc,8,2,main,bandbtc,offline,8,0.01,90000.0,0.0001,0.01,90000.0,90000.0,90000.0,1.1,0.9,0.01,9000.0,13.0,0.1,0.1,enabled,,,,,
779,grv,usdt,4,4,main,grvusdt,offline,8,1.0,156250000.0,10.0,1.0,156250000.0,156250000.0,156250000.0,1.1,0.9,1.0,15625000.0,100000.0,0.1,0.1,enabled,,,,,
780,stake,btc,8,4,st,stakebtc,offline,8,0.0001,36583.0,0.0001,0.0001,36583.0,36583.0,36583.0,1.1,0.9,0.0001,3658.0,3.0,0.1,0.1,enabled,,,,,
781,s,usdt,4,4,main,susdt,online,8,0.1,1200000.0,10.0,0.1,1200000.0,1200000.0,1200000.0,1.1,0.9,0.1,1069468.0,50000.0,0.05,0.05,enabled,,3.0,3.0,,
782,atom,eth,6,4,main,atometh,offline,8,0.01,500000.0,0.001,0.01,500000.0,500000.0,500000.0,1.1,0.9,0.01,50000.0,500.0,0.1,0.1,enabled,,,,,
783,ksm,usdt,4,3,main,ksmusdt,online,8,0.01,100000.0,10.0,0.01,100000.0,100000.0,100000.0,1.1,0.9,0.01,28631.0,140000.0,0.1,0.1,enabled,activities,,,,
784,rif,usdt,6,4,main,rifusdt,offline,8,1.0,11686338.0,10.0,1.0,11686338.0,11686338.0,11686338.0,1.25,0.75,1.0,233242064.0,100000.0,0.1,0.1,enabled,st,,,,
785,egs,usdt,6,4,st,egsusdt,offline,8,0.1,66666666.0,10.0,0.1,66666666.0,66666666.0,66666666.0,1.1,0.9,0.1,6666666.0,100000.0,0.1,0.1,enabled,,,,,
786,m,usdt,6,4,main,musdt,online,8,0.1,14285714.0,1.0,0.1,14285714.0,14285714.0,14285714.0,1.1,0.9,0.1,11936.0,50000.0,0.1,0.1,enabled,,3.0,,,
787,layer,usdt,4,4,main,layerusdt,online,8,0.1,2857142.0,10.0,0.1,2857142.0,2857142.0,2857142.0,1.1,0.9,0.1,557900.0,50000.0,0.05,0.05,enabled,,,,,
788,sand,usdt,6,4,main,sandusdt,online,8,0.1,26109660.0,10.0,0.1,26109660.0,26109660.0,26109660.0,1.1,0.9,0.1,1192942.0,100000.0,0.1,0.1,enabled,,3.0,3.0,,
789,beth,usdt,2,6,main,bethusdt,online,8,0.0001,1710.0,10.0,0.0001,1710.0,1710.0,1710.0,1.1,0.9,0.0001,41.0,100000.0,0.1,0.1,enabled,,,,,
790,etc,usdd,4,4,main,etcusdd,offline,8,0.01,40742.0,10.0,0.01,40742.0,40742.0,40742.0,1.1,0.9,0.01,4074.0,100000.0,0.1,0.1,enabled,zerofee,,,,
791,htr,usdt,6,4,st,htrusdt,offline,8,1.0,22222222.0,10.0,1.0,22222222.0,22222222.0,22222222.0,1.1,0.9,1.0,2222222.0,100000.0,0.1,0.1,enabled,,,,,
792,cbk,usdt,4,4,main,cbkusdt,online,8,0.1,1152737.0,10.0,0.1,1152737.0,1152737.0,1152737.0,1.1,0.9,0.1,391622.0,100000.0,0.1,0.1,enabled,,,,,
793,clear,usdt,5,4,main,clearusdt,offline,8,1.0,11848341.0,10.0,1.0,11848341.0,11848341.0,11848341.0,1.1,0.9,1.0,3645239.0,50000.0,0.05,0.05,enabled,st,,,,
794,actsol,usdt,5,4,main,actsolusdt,online,8,1.0,25740025.0,10.0,1.0,25740025.0,25740025.0,25740025.0,1.1,0.9,1.0,6480516.0,100000.0,0.1,0.1,enabled,,,,,
795,snx,btc,8,2,main,snxbtc,offline,8,0.01,250000.0,0.0001,0.01,250000.0,250000.0,250000.0,1.1,0.9,0.01,25000.0,8.0,0.1,0.1,enabled,,,,,
796,ven,btc,8,2,st,venbtc,offline,8,0.01,100000.0,0.0001,0.01,100000.0,100000.0,100000.0,1.1,0.9,0.01,10000.0,100.0,0.1,0.1,enabled,,,,,
797,hbar,eth,8,2,main,hbareth,offline,8,0.1,28813461.0,0.001,0.1,28813461.0,28813461.0,28813461.0,1.1,0.9,0.1,2881346.0,217.0,0.1,0.1,enabled,,,,,
798,dbc,eth,10,2,main,dbceth,offline,8,0.1,784929356.0,0.001,0.1,784929356.0,784929356.0,784929356.0,1.1,0.9,0.1,78492935.0,20.0,0.1,0.1,enabled,,,,,
799,pnut,usdt,4,4,main,pnutusdt,online,8,1.0,2175010.0,10.0,1.0,2175010.0,2175010.0,2175010.0,1.1,0.9,1.0,1571038.0,100000.0,0.1,0.1,enabled,,3.0,,,
800,18c,btc,10,2,main,18cbtc,offline,8,0.01,933333831.0,0.0001,0.01,933333831.0,933333831.0,933333831.0,1.1,0.9,0.01,93333383.0,2.0,0.1,0.1,enabled,hadax,,,,
801,rlc,usdt,4,4,main,rlcusdt,online,8,0.001,221258.0,10.0,0.001,221258.0,221258.0,221258.0,1.1,0.9,0.001,218230.0,100000.0,0.1,0.1,enabled,,,,,
802,hunt,usdt,4,4,main,huntusdt,offline,8,0.01,1220554.0,10.0,0.01,1220554.0,1220554.0,1220554.0,1.25,0.75,0.01,697879.0,100000.0,0.1,0.1,enabled,st,,,,
803,benji,usdt,6,4,main,benjiusdt,offline,8,1.0,95328884.0,10.0,1.0,95328884.0,95328884.0,95328884.0,1.1,0.9,1.0,9532888.0,100000.0,0.1,0.1,enabled,,,,,
804,la,usdt,4,4,main,lausdt,online,8,0.1,2000000.0,10.0,0.1,2000000.0,2000000.0,2000000.0,1.1,0.9,0.1,296200.0,50000.0,0.05,0.05,enabled,,,,,
805,uc,btc,14,2,st,ucbtc,offline,8,1.0,100000000.0,0.0001,1.0,100000000.0,100000000.0,100000000.0,1.1,0.9,1.0,10000000.0,100.0,0.05,0.05,enabled,hadax,,,,
806,buzz,usdt,5,4,main,buzzusdt,offline,8,1.0,20000000.0,10.0,1.0,20000000.0,20000000.0,20000000.0,1.1,0.9,1.0,32541029.0,50000.0,0.05,0.05,enabled,st,,,,
807,storj,usdt,4,4,main,storjusdt,online,8,0.01,100000.0,10.0,0.01,100000.0,100000.0,100000.0,2.0,0.5,0.01,940618.0,100000.0,0.1,0.1,enabled,,,,,
808,ton,usdt,4,4,main,tonusdt,online,8,0.01,763358.0,1.0,0.01,763358.0,763358.0,763358.0,1.1,0.9,0.01,107142.0,150000.0,0.04,0.04,enabled,,3.0,,,
809,chat,btc,10,2,st,chatbtc,offline,8,0.1,1000000.0,0.0001,0.1,1000000.0,1000000.0,1000000.0,1.1,0.9,0.1,100000.0,100.0,0.1,0.1,enabled,,,,,
810,trb,btc,6,4,main,trbbtc,offline,8,0.001,25000.0,0.0001,0.001,25000.0,25000.0,25000.0,1.1,0.9,0.001,2500.0,13.0,0.1,0.1,enabled,,,,,
811,sparklet,usdt,5,4,main,sparkletusdt,offline,8,1.0,10000000.0,10.0,1.0,10000000.0,10000000.0,10000000.0,1.1,0.9,1.0,6899655.0,100000.0,0.1,0.1,enabled,innovate,,,,
812,kava,eth,6,2,main,kavaeth,offline,8,0.01,522165.0,0.001,0.01,522165.0,522165.0,522165.0,1.1,0.9,0.01,52216.0,215.0,0.1,0.1,enabled,,,,,
813,bebe,usdt,8,2,main,bebeusdt,online,8,1.0,200000000.0,10.0,1.0,200000000.0,200000000.0,200000000.0,1.25,0.75,1.0,45662100456.0,100000.0,0.1,0.1,enabled,"st,innovate",,,,
814,kt,usdt,8,4,main,ktusdt,offline,8,0.1,83333333.0,10.0,0.1,83333333.0,83333333.0,83333333.0,1.1,0.9,0.1,403182689.0,100000.0,0.1,0.1,enabled,st,,,,
815,aevo,usdt,4,4,main,aevousdt,online,8,0.1,1000000.0,10.0,0.1,1000000.0,1000000.0,1000000.0,1.1,0.9,0.1,3680588.0,100000.0,0.1,0.1,enabled,,,,,
816,eos,usdt,4,4,main,eosusdt,offline,8,0.1,1000000.0,10.0,0.1,1000000.0,1000000.0,1000000.0,1.1,0.9,0.01,1349773.0,1000000.0,0.1,0.1,enabled,,,,,
817,stn,eth,8,2,st,stneth,offline,8,0.01,4000000.0,0.001,0.01,4000000.0,4000000.0,4000000.0,1.1,0.9,0.01,400000.0,57.0,0.1,0.1,enabled,,,,,
818,sxp,usdt,6,4,main,sxpusdt,online,8,0.001,237936.0,10.0,0.001,237936.0,237936.0,237936.0,1.1,0.9,0.001,65940366.0,100000.0,0.1,0.1,enabled,,,,,
819,music,usdt,6,4,main,musicusdt,offline,8,1.0,20000000.0,10.0,1.0,20000000.0,20000000.0,20000000.0,1.1,0.9,1.0,23097471.0,100000.0,0.1,0.1,enabled,st,,,,
820,qom,usdt,12,2,st,qomusdt,offline,8,1.0,19286403085824.0,10.0,1.0,19286403085824.0,19286403085824.0,19286403085824.0,1.1,0.9,1.0,1928640308582.0,100000.0,0.1,0.1,enabled,,,,,
821,tusd,usdd,5,4,main,tusdusdd,offline,8,0.1,1000000.0,10.0,0.1,1000000.0,1000000.0,1000000.0,1.1,0.9,0.1,100000.0,100000.0,0.1,0.1,enabled,zerofee,,,,
822,xlm,btc,8,2,main,xlmbtc,offline,8,0.1,10000000.0,0.0001,0.1,10000000.0,10000000.0,10000000.0,1.1,0.9,0.1,1000000.0,5.0,0.1,0.1,enabled,,,3.0,,
823,ptc,eth,8,2,st,ptceth,offline,8,1.0,10000000.0,0.001,1.0,10000000.0,10000000.0,10000000.0,1.1,0.9,1.0,1000000.0,1000.0,0.05,0.05,enabled,hadax,,,,
824,lena,usdt,6,4,main,lenausdt,offline,8,1.0,239808153.0,10.0,1.0,239808153.0,239808153.0,239808153.0,1.1,0.9,1.0,23980815.0,100000.0,0.1,0.1,enabled,,,,,
825,cat,usdt,8,2,main,catusdt,online,8,1.0,40650406504.0,10.0,1.0,40650406504.0,40650406504.0,40650406504.0,1.1,0.9,1.0,50862450243.0,100000.0,0.1,0.1,enabled,,,,,
826,xrp3s,usdt,4,4,main,xrp3susdt,offline,8,0.01,8192.3823,10.0,0.01,8192.3823,8192.3823,8192.3823,1.5,0.5,0.01,8192.3823,2500.0,0.1,0.1,enabled,"etp,nav,holdinglimit",,,2500.0,
827,wpr,btc,10,2,st,wprbtc,offline,8,0.1,120000000.0,0.0001,0.1,120000000.0,120000000.0,120000000.0,1.1,0.9,0.1,12000000.0,7.0,0.1,0.1,enabled,,,,,
828,omg,eth,6,4,main,omgeth,offline,8,0.01,310000.0,0.001,0.01,310000.0,310000.0,310000.0,1.1,0.9,0.01,31000.0,250.0,0.1,0.1,enabled,,,,,
829,ardr,usdt,4,4,main,ardrusdt,online,8,0.1,7564296.0,10.0,0.1,7564296.0,7564296.0,7564296.0,1.1,0.9,0.1,3033500.0,100000.0,0.1,0.1,enabled,,,,,
830,aqt,usdt,4,4,main,aqtusdt,online,8,0.001,609756.0,10.0,0.001,609756.0,609756.0,609756.0,1.1,0.9,0.001,184694.0,100000.0,0.1,0.1,enabled,,,,,
831,btm,husd,6,4,main,btmhusd,offline,8,0.1,14500000.0,1.0,0.1,14500000.0,14500000.0,14500000.0,1.1,0.9,0.1,1450000.0,100000.0,0.1,0.1,enabled,,,,,
832,axs,usdc,4,4,main,axsusdc,offline,8,0.001,66085.0,10.0,0.001,66085.0,66085.0,66085.0,1.1,0.9,0.001,6608.0,100000.0,0.1,0.1,enabled,,,,,
833,trx,kgst,4,4,main,trxkgst,online,8,0.1,3497726.0,10.0,0.1,3497726.0,3497726.0,3497726.0,1.1,0.9,0.1,1185762269.0,4432624.0,0.05,0.05,enabled,,,,,
834,mta,eth,6,4,st,mtaeth,offline,8,0.01,140000.0,0.001,0.01,140000.0,140000.0,140000.0,1.1,0.9,0.01,14000.0,230.0,0.1,0.1,enabled,,,,,
835,zla,btc,10,2,st,zlabtc,offline,8,0.1,753088.9285,0.0001,0.1,753088.9285,753088.9285,753088.9285,1.1,0.9,0.1,753088.9285,0.0129,0.1,0.1,enabled,st,,,1000.0,
836,sean,usdt,6,4,main,seanusdt,offline,8,1.0,25000000.0,10.0,1.0,25000000.0,25000000.0,25000000.0,1.1,0.9,1.0,2500000.0,100000.0,0.1,0.1,enabled,,,,,
837,idt,eth,10,2,st,idteth,offline,8,1.0,20000000.0,0.001,1.0,20000000.0,20000000.0,20000000.0,1.1,0.9,1.0,2000000.0,50.0,0.05,0.05,enabled,hadax,,,,
838,usdt,try,3,4,main,usdttry,offline,8,0.001,1000000.0,20.0,0.001,1000000.0,1000000.0,1000000.0,1.1,0.9,0.001,100000.0,1500000.0,0.1,0.1,enabled,"griddisabled,fiat",,,,
839,mavia,usdt,4,4,main,maviausdt,online,8,0.1,1250000.0,10.0,0.1,1250000.0,1250000.0,1250000.0,1.25,0.75,0.1,2583979.0,100000.0,0.1,0.1,enabled,st,,,,
840,qrdo,usdt,6,4,main,qrdousdt,offline,8,0.001,35335600.0,10.0,0.001,35335600.0,35335600.0,35335600.0,1.1,0.9,0.001,3533500.0,100000.0,0.1,0.1,enabled,,,,,
841,front,eth,8,2,main,fronteth,offline,8,0.1,12500000.0,0.001,0.1,12500000.0,12500000.0,12500000.0,1.1,0.9,0.1,1250000.0,266.0,0.1,0.1,enabled,,,,,
842,ox,usdt,8,4,main,oxusdt,offline,8,1.0,120221207.0,10.0,1.0,120221207.0,120221207.0,120221207.0,1.25,0.75,1.0,3914293980.0,100000.0,0.1,0.1,enabled,st,,,,
843,michi,usdt,6,4,main,michiusdt,offline,8,0.1,5868544.0,10.0,0.1,5868544.0,3024524.9523,5868544.0,1.05,0.75,0.1,59771309.0,10000.0,0.1,0.05,enabled,"st,abnormalmarket",,,,
844,tnt,btc,10,0,st,tntbtc,offline,8,1.0,121427.1386,0.0001,1.0,121427.1386,121427.1386,121427.1386,1.05,0.95,1.0,121427.1386,0.0064,0.1,0.1,enabled,st,,,500.0,
845,kube,usdt,7,4,main,kubeusdt,offline,8,0.01,3846153.0,10.0,0.01,3846153.0,3846153.0,3846153.0,1.1,0.9,0.01,384615.0,100000.0,0.1,0.1,enabled,,,,,
846,gft,usdt,4,4,main,gftusdt,offline,8,0.1,8800337.0,10.0,0.1,8800337.0,8800337.0,8800337.0,1.1,0.9,0.1,880033.0,100000.0,0.1,0.1,enabled,,,,,
847,bio,usdt,5,4,main,biousdt,online,8,1.0,15151515.0,10.0,1.0,15151515.0,15151515.0,15151515.0,1.1,0.9,1.0,3426290.0,100000.0,0.05,0.05,enabled,,,,,
848,hifi,usdt,4,4,main,hifiusdt,offline,8,0.01,500000.0,10.0,0.01,500000.0,500000.0,500000.0,1.1,0.9,0.01,50000.0,100000.0,0.1,0.1,enabled,st,,,,
849,chat,eth,10,2,st,chateth,offline,8,0.1,1000000.0,0.001,0.1,1000000.0,1000000.0,1000000.0,1.1,0.9,0.1,100000.0,500.0,0.1,0.1,enabled,,,,,
850,pixel,usdt,5,4,main,pixelusdt,online,8,0.1,4000000.0,10.0,0.1,4000000.0,4000000.0,4000000.0,1.1,0.9,0.1,11897987.0,100000.0,0.1,0.1,enabled,,,,,
851,aidoc,eth,10,2,st,aidoceth,offline,8,1.0,5000000.0,0.001,1.0,5000000.0,5000000.0,5000000.0,1.1,0.9,1.0,500000.0,500.0,0.1,0.1,enabled,,,,,
852,rab,usdt,6,4,main,rabusdt,offline,8,1.0,115606936.0,10.0,1.0,115606936.0,115606936.0,115606936.0,1.1,0.9,1.0,71428571.0,100000.0,0.1,0.1,enabled,st,,,,
853,com,usdt,4,4,main,comusdt,offline,8,0.01,250000.0,10.0,0.01,250000.0,250000.0,250000.0,1.1,0.9,0.01,25000.0,100000.0,0.1,0.1,enabled,st,,,,
854,btc,usdc,2,6,main,btcusdc,online,8,0.0001,1000.0,10.0,0.0001,1000.0,1000.0,1000.0,1.1,0.9,0.0001,12.0,1000000.0,0.01,0.01,enabled,,3.0,,,
855,u,usdc,4,4,main,uusdc,online,8,0.1,1000000.0,10.0,0.1,1000000.0,1000000.0,1000000.0,1.1,0.9,0.1,50004.0,49965.0,0.01,0.01,enabled,zerofee,,,,
856,etc,husd,4,4,main,etchusd,offline,8,0.01,250000.0,1.0,0.01,250000.0,250000.0,250000.0,1.1,0.9,0.01,25000.0,150000.0,0.1,0.1,enabled,crypto,,,,
857,rdnt,usdt,5,4,main,rdntusdt,online,8,0.1,3637686.0,10.0,0.1,3637686.0,3637686.0,3637686.0,1.25,0.75,0.1,43478260.0,100000.0,0.1,0.1,enabled,st,,,,
858,zil,eth,8,2,main,zileth,offline,8,1.0,53000000.0,0.001,1.0,53000000.0,53000000.0,53000000.0,1.1,0.9,1.0,5300000.0,300.0,0.1,0.1,enabled,,,,,
859,pvt,btc,12,2,st,pvtbtc,offline,8,1.0,300000000.0,0.0001,1.0,300000000.0,300000000.0,300000000.0,1.1,0.9,1.0,30000000.0,20.0,0.1,0.1,enabled,,,,,
860,cnn,eth,12,2,st,cnneth,offline,8,100.0,1000000000.0,0.001,100.0,1000000000.0,1000000000.0,1000000000.0,1.1,0.9,100.0,100000000.0,270.0,0.1,0.1,enabled,hadax,,,,
861,pooh,usdt,11,2,main,poohusdt,offline,8,1.0,7358081012471.0,10.0,1.0,7358081012471.0,7358081012471.0,7358081012471.0,1.1,0.9,1.0,14855961763869.0,100000.0,0.1,0.1,enabled,st,,,,
862,ont,husd,4,4,main,onthusd,offline,8,0.01,1780000.0,1.0,0.01,1780000.0,1780000.0,1780000.0,1.1,0.9,0.01,178000.0,100000.0,0.1,0.1,enabled,,,,,
863,flow,usdc,4,4,main,flowusdc,offline,8,0.0001,641025.0,10.0,0.0001,641025.0,641025.0,641025.0,1.1,0.9,0.0001,64102.0,100000.0,0.1,0.1,enabled,,,,,
864,etc,usdt,4,4,main,etcusdt,online,8,0.01,200000.0,5.0,0.01,200000.0,200000.0,200000.0,1.1,0.9,0.01,11479.0,100000.0,0.04,0.04,enabled,activities,2.0,3.0,,
865,vet,btc,10,2,main,vetbtc,offline,8,1.0,80000000.0,0.0001,1.0,80000000.0,80000000.0,80000000.0,1.1,0.9,1.0,8000000.0,9.0,0.1,0.1,enabled,,,,,
866,woof,usdt,7,4,main,woofusdt,offline,8,1.0,841630406.0,10.0,1.0,841630406.0,841630406.0,841630406.0,1.1,0.9,1.0,84163040.0,100000.0,0.1,0.1,enabled,,,,,
867,chr,usdt,6,2,main,chrusdt,online,8,1.0,24000000.0,10.0,1.0,24000000.0,24000000.0,24000000.0,1.1,0.9,1.0,7183539.0,140000.0,0.1,0.1,enabled,,,,,
868,ondo,usdt,6,4,main,ondousdt,online,8,1.0,18181818.0,5.0,1.0,18181818.0,18181818.0,18181818.0,1.1,0.9,1.0,371422.0,100000.0,0.1,0.1,enabled,,3.0,,,
869,dht,eth,8,2,st,dhteth,offline,8,0.01,4000000.0,0.001,0.01,4000000.0,4000000.0,4000000.0,1.1,0.9,0.01,400000.0,266.0,0.1,0.1,enabled,,,,,
870,xprt,usdt,4,4,main,xprtusdt,offline,8,0.0001,98451.0,10.0,0.0001,98451.0,98451.0,98451.0,1.1,0.9,0.0001,4031551.0,100000.0,0.1,0.1,enabled,st,,,,
871,kai,usdt,6,4,main,kaiusdt,offline,8,0.1,31525851.0,10.0,0.1,31525851.0,31525851.0,31525851.0,1.1,0.9,0.1,3152585.0,100000.0,0.1,0.1,enabled,,,,,
872,ckb,btc,10,2,main,ckbbtc,offline,8,1.0,140000000.0,0.0001,1.0,140000000.0,140000000.0,140000000.0,1.1,0.9,1.0,14000000.0,16.0,0.1,0.1,enabled,,,,,
873,game2,usdt,6,4,main,game2usdt,online,8,1.0,175623463.0,10.0,1.0,175623463.0,175623463.0,175623463.0,1.1,0.9,1.0,70908866.0,100000.0,0.1,0.1,enabled,,,,,
874,sora,usdt,6,4,main,sorausdt,offline,8,1.0,69348127.0,10.0,1.0,69348127.0,69348127.0,69348127.0,1.1,0.9,1.0,392290636.0,100000.0,0.1,0.1,enabled,st,,,,
875,dzoo,usdt,6,4,main,dzoousdt,offline,8,1.0,500000000.0,10.0,1.0,500000000.0,500000000.0,500000000.0,1.1,0.9,1.0,50000000.0,100000.0,0.1,0.1,enabled,,,,,
876,zec,btc,6,4,main,zecbtc,offline,8,0.001,5000.0,0.0001,0.001,5000.0,5000.0,5000.0,2.0,0.5,0.001,500.0,100.0,0.1,0.1,enabled,,,,,
877,mds,eth,10,0,st,mdseth,offline,8,1.0,200000000.0,0.001,1.0,200000000.0,200000000.0,200000000.0,1.1,0.9,1.0,20000000.0,360.0,0.1,0.1,enabled,,,,,
878,param,usdt,5,4,main,paramusdt,offline,8,1.0,110000000.0,10.0,1.0,110000000.0,110000000.0,110000000.0,1.1,0.9,1.0,11000000.0,100000.0,0.1,0.1,enabled,st,,,,
879,juv,usdt,4,4,main,juvusdt,online,8,0.001,243309.0,10.0,0.001,243309.0,243309.0,243309.0,1.1,0.9,0.001,185237.0,100000.0,0.1,0.1,enabled,,,,,
880,steth,usdt,2,4,main,stethusdt,online,8,0.0001,865.0,10.0,0.0001,865.0,865.0,865.0,1.1,0.9,0.0001,42.0,100000.0,0.1,0.1,enabled,,,,,
881,usdq,usdt,4,4,main,usdqusdt,online,8,0.1,1000000.0,10.0,0.1,1000000.0,1000000.0,1000000.0,1.1,0.9,0.1,50017.0,50000.0,0.03,0.03,enabled,,,,,
882,kok,usdt,5,4,main,kokusdt,offline,8,0.1,3220611.0,10.0,0.1,3220611.0,3220611.0,3220611.0,1.1,0.9,0.1,322061.0,100000.0,0.1,0.1,enabled,,,,,
883,wbtc,btc,4,4,main,wbtcbtc,offline,8,0.0001,96.0,0.0001,0.0001,96.0,96.0,96.0,1.1,0.9,0.0001,9.0,9.0,0.1,0.1,enabled,,,,,
884,nexg,usdt,6,4,main,nexgusdt,offline,8,1.0,20000000.0,10.0,1.0,20000000.0,20000000.0,20000000.0,1.1,0.9,1.0,2000000.0,100000.0,0.1,0.1,enabled,,,,,
885,opul,usdt,5,4,main,opulusdt,offline,8,0.001,225733.0,10.0,0.001,225733.0,225733.0,225733.0,1.1,0.9,0.001,3548506.0,100000.0,0.1,0.1,enabled,st,,,,
886,grt,eth,8,2,main,grteth,offline,8,0.1,33333333.0,0.001,0.1,33333333.0,33333333.0,33333333.0,1.1,0.9,0.1,3333333.0,154.0,0.1,0.1,enabled,,,,,
887,ceek,usdt,4,4,main,ceekusdt,offline,8,0.01,2352941.0,10.0,0.01,2352941.0,2352941.0,2352941.0,1.1,0.9,0.01,8835958.0,100000.0,0.1,0.1,enabled,st,,,,
888,gof,usdt,4,2,st,gofusdt,offline,8,0.01,1666666.0,10.0,0.01,1666666.0,1666666.0,1666666.0,1.1,0.9,0.01,166666.0,100000.0,0.1,0.1,enabled,,,,,
889,hc,btc,8,4,main,hcbtc,offline,8,0.01,20000.0,0.0001,0.01,20000.0,20000.0,20000.0,1.1,0.9,0.01,2000.0,100.0,0.1,0.1,enabled,,,,,
890,mco,btc,6,4,st,mcobtc,offline,8,0.01,100000.0,0.0001,0.01,100000.0,100000.0,100000.0,1.1,0.9,0.01,10000.0,100.0,0.1,0.1,enabled,,,,,
891,cudos,usdt,6,4,main,cudosusdt,offline,8,0.1,32456994.0,10.0,0.1,32456994.0,32456994.0,32456994.0,1.1,0.9,0.1,3245699.0,100000.0,0.1,0.1,enabled,,,,,
892,l3,usdt,5,4,main,l3usdt,online,8,0.1,80000000.0,10.0,0.1,80000000.0,80000000.0,80000000.0,1.1,0.9,0.1,9194483.0,100000.0,0.1,0.1,enabled,,,,,
893,cnns,usdt,6,2,st,cnnsusdt,offline,8,1.0,100000000.0,10.0,1.0,100000000.0,100000000.0,100000000.0,1.1,0.9,1.0,10000000.0,200000.0,0.1,0.1,enabled,,,,,
894,boson,usdt,5,4,main,bosonusdt,online,8,0.01,1576292.0,10.0,0.01,1576292.0,1576292.0,1576292.0,1.25,0.75,0.01,2914048.0,100000.0,0.1,0.1,enabled,st,,,,
895,mt,ht,6,4,main,mtht,offline,8,1.0,50000000.0,0.1,1.0,50000000.0,50000000.0,50000000.0,1.1,0.9,1.0,5000000.0,10000.0,0.05,0.05,enabled,,,,,
896,insur,usdt,4,4,main,insurusdt,offline,8,0.0001,1243162.0,10.0,0.0001,1243162.0,1243162.0,1243162.0,1.1,0.9,0.0001,124316.0,100000.0,0.1,0.1,enabled,st,,,,
897,fxs,usdt,4,4,main,fxsusdt,offline,8,0.01,150375.0,10.0,0.01,150375.0,150375.0,150375.0,1.1,0.9,0.01,163105.0,100000.0,0.1,0.1,enabled,,,,,
898,meme,usdt,6,4,main,memeusdt,online,8,1.0,1000000000.0,10.0,1.0,1000000000.0,1000000000.0,1000000000.0,1.1,0.9,1.0,172439646.0,100000.0,0.1,0.1,enabled,,3.0,,,
899,smt,eth,10,0,main,smteth,offline,8,1.0,15000000.0,0.001,1.0,15000000.0,15000000.0,15000000.0,1.1,0.9,1.0,1500000.0,270.0,0.1,0.1,enabled,,,,,
900,xlm,husd,6,4,main,xlmhusd,offline,8,1.0,20000000.0,1.0,1.0,20000000.0,20000000.0,20000000.0,1.1,0.9,1.0,2000000.0,140000.0,0.1,0.1,enabled,,,,,
901,chr,btc,8,2,main,chrbtc,offline,8,1.0,24000000.0,0.0001,1.0,24000000.0,24000000.0,24000000.0,1.1,0.9,1.0,2400000.0,14.0,0.1,0.1,enabled,,,,,
902,cvp,eth,6,4,main,cvpeth,offline,8,0.001,210084.0,0.001,0.001,210084.0,210084.0,210084.0,1.1,0.9,0.001,21008.0,289.0,0.1,0.1,enabled,,,,,
903,steth,eth,4,4,main,stetheth,offline,8,0.0001,951.0,0.01,0.0001,951.0,951.0,951.0,1.1,0.9,0.0001,95.0,90.0,0.1,0.1,enabled,,,,,
904,tenet,usdt,6,4,main,tenetusdt,offline,8,1.0,50000000.0,10.0,1.0,50000000.0,50000000.0,50000000.0,1.1,0.9,1.0,732484076.0,100000.0,0.1,0.1,enabled,st,,,,
905,steem,btc,8,2,main,steembtc,offline,8,0.01,300000.0,0.0001,0.01,300000.0,300000.0,300000.0,1.1,0.9,0.01,30000.0,100.0,0.1,0.1,enabled,,,,,
906,iost,ht,8,4,main,iostht,offline,8,1.0,180000000.0,0.1,1.0,180000000.0,180000000.0,180000000.0,1.1,0.9,1.0,18000000.0,30000.0,0.1,0.1,enabled,,,,,
907,cvnt,eth,6,2,main,cvnteth,offline,8,0.01,387777.0,0.001,0.01,387777.0,387777.0,387777.0,1.1,0.9,0.01,38777.0,58.0,0.1,0.1,enabled,,,,,
908,filda,eth,8,2,st,fildaeth,offline,8,0.01,862738.0,0.001,0.01,862738.0,862738.0,862738.0,1.1,0.9,0.01,86273.0,46.0,0.1,0.1,enabled,,,,,
909,pai,btc,10,2,st,paibtc,offline,8,0.1,4500000.0,0.0001,0.1,4500000.0,4500000.0,4500000.0,1.1,0.9,0.1,450000.0,5.0,0.1,0.1,enabled,,,,,
910,logx,usdt,6,4,main,logxusdt,offline,8,0.1,5000000.0,10.0,0.1,5000000.0,5000000.0,5000000.0,1.1,0.9,0.1,15284423.0,100000.0,0.1,0.1,enabled,st,,,,
911,pay,eth,8,2,st,payeth,offline,8,0.1,500000.0,0.001,0.1,500000.0,500000.0,500000.0,1.1,0.9,0.1,50000.0,1000.0,0.1,0.1,enabled,,,,,
912,firo,btc,6,4,main,firobtc,offline,8,0.001,239658.0,0.0001,0.001,239658.0,239658.0,239658.0,1.1,0.9,0.001,23965.0,5.0,0.1,0.1,enabled,,,,,
913,nkn,btc,8,2,main,nknbtc,offline,8,1.0,10000000.0,0.0001,1.0,10000000.0,10000000.0,10000000.0,1.1,0.9,1.0,1000000.0,10.0,0.1,0.1,enabled,,,,,
914,ren,eth,8,4,main,reneth,offline,8,1.0,5000000.0,0.001,1.0,5000000.0,5000000.0,5000000.0,1.1,0.9,1.0,500000.0,100.0,0.1,0.1,enabled,hadax,,,,
915,tt,ht,6,4,main,ttht,offline,8,1.0,100000000.0,0.1,1.0,100000000.0,100000000.0,100000000.0,1.1,0.9,1.0,10000000.0,10000.0,0.1,0.1,enabled,,,,,
916,bal,btc,8,2,main,balbtc,offline,8,0.001,30000.0,0.0001,0.001,30000.0,30000.0,30000.0,1.1,0.9,0.001,3000.0,13.0,0.1,0.1,enabled,,,,,
917,0g,usdt,4,4,main,0gusdt,online,8,0.01,333333.0,10.0,0.01,333333.0,333333.0,333333.0,1.1,0.9,0.01,82323.0,50000.0,0.05,0.05,enabled,,3.0,,,
918,gtc,eth,10,2,st,gtceth,offline,8,1.0,10000000.0,0.001,1.0,10000000.0,10000000.0,10000000.0,1.1,0.9,1.0,1000000.0,1000.0,0.05,0.05,enabled,hadax,,,,
919,frax,usdt,4,4,main,fraxusdt,online,8,0.1,1666666.0,10.0,0.1,1666666.0,1666666.0,1666666.0,1.1,0.9,0.1,181450.0,83333.0,0.05,0.05,enabled,,,,,
920,bch,usdc,2,4,main,bchusdc,offline,8,0.001,8239.0,10.0,0.001,8239.0,8239.0,8239.0,1.1,0.9,0.001,823.0,100000.0,0.1,0.1,enabled,,,,,
921,waves,btc,8,4,main,wavesbtc,offline,8,0.01,200000.0,0.0001,0.01,200000.0,200000.0,200000.0,1.1,0.9,0.01,20000.0,10.0,0.1,0.1,enabled,,,3.0,,
922,eth,pyusd,2,4,main,ethpyusd,offline,8,0.001,607.0,10.0,0.001,607.0,607.0,607.0,1.1,0.9,0.001,60.0,100010.0,0.1,0.1,enabled,,,,,
923,swap,usdt,4,4,main,swapusdt,online,8,0.01,2720348.0,10.0,0.01,2720348.0,2720348.0,2720348.0,1.1,0.9,0.01,2036299.0,100000.0,0.1,0.1,enabled,,,,,
924,inj,eth,8,2,main,injeth,offline,8,0.01,121616.0,0.001,0.01,121616.0,121616.0,121616.0,1.1,0.9,0.01,12161.0,75.0,0.1,0.1,enabled,,,,,
925,ltc,btc,6,4,main,ltcbtc,online,4,0.001,100000.0,0.0001,0.001,100000.0,100000.0,100000.0,1.1,0.9,0.001,10000.0,100.0,0.1,0.1,enabled,,,3.0,,
926,eth,husd,2,4,main,ethhusd,offline,8,0.001,5000.0,1.0,0.001,5000.0,5000.0,5000.0,1.1,0.9,0.001,1000.0,100000.0,0.1,0.1,enabled,crypto,,,,
927,sahara,usdt,5,4,main,saharausdt,online,8,0.1,9090909.0,10.0,0.1,9090909.0,9090909.0,9090909.0,1.1,0.9,0.1,2147084.0,50000.0,0.05,0.05,enabled,,,,,
928,masa,usdt,5,4,main,masausdt,offline,8,1.0,10000000.0,10.0,1.0,10000000.0,10000000.0,10000000.0,1.25,0.75,1.0,173584905.0,100000.0,0.1,0.1,enabled,st,,,,
929,clore,usdt,6,4,main,cloreusdt,online,8,1.0,11716461.0,10.0,1.0,11716461.0,11716461.0,11716461.0,1.1,0.9,1.0,62266500.0,100000.0,0.1,0.1,enabled,,,,,
930,xtz,btc,8,2,main,xtzbtc,offline,8,0.1,2000000.0,0.0001,0.1,2000000.0,2000000.0,2000000.0,1.1,0.9,0.1,200000.0,100.0,0.1,0.1,enabled,,,3.0,,
931,hft,usdd,4,4,main,hftusdd,offline,8,0.1,2500000.0,10.0,0.1,2500000.0,2500000.0,2500000.0,1.1,0.9,0.1,250000.0,100000.0,0.1,0.1,enabled,zerofee,,,,
932,nft,usdc,10,0,main,nftusdc,offline,8,1.0,1698081168279.0,10.0,1.0,1698081168279.0,1698081168279.0,1698081168279.0,1.1,0.9,1.0,169808116827.0,100000.0,0.1,0.1,enabled,,,,,
933,muncat,usdt,6,4,main,muncatusdt,offline,8,1.0,44642857.0,10.0,1.0,44642857.0,44642857.0,44642857.0,1.1,0.9,1.0,1567825494.0,100000.0,0.1,0.1,enabled,st,,,,
934,memefi,usdt,6,4,main,memefiusdt,online,8,1.0,120000000.0,10.0,1.0,120000000.0,120000000.0,120000000.0,1.1,0.9,1.0,344931013.0,50000.0,0.1,0.1,enabled,,,,,
935,sis,usdt,4,4,main,sisusdt,online,8,0.001,359712.0,10.0,0.001,359712.0,359712.0,359712.0,1.1,0.9,0.001,3048780.0,100000.0,0.1,0.1,enabled,,,,,
936,swftc,btc,11,2,main,swftcbtc,offline,8,1.0,510000000.0,0.0001,1.0,510000000.0,510000000.0,510000000.0,1.1,0.9,1.0,51000000.0,8.0,0.1,0.1,enabled,,,,,
937,zcx,usdt,6,4,main,zcxusdt,offline,8,0.1,9505703.0,10.0,0.1,9505703.0,9505703.0,9505703.0,1.25,0.75,0.1,32009797.0,100000.0,0.1,0.1,enabled,st,,,,
938,ach,btc,10,2,main,achbtc,offline,8,1.0,166666666.0,0.0001,1.0,166666666.0,166666666.0,166666666.0,1.1,0.9,1.0,16666666.0,8.0,0.1,0.1,enabled,,,,,
939,mass,usdt,6,2,st,massusdt,offline,8,0.01,2437241.0,10.0,0.01,2437241.0,2437241.0,2437241.0,1.1,0.9,0.01,243724.0,100000.0,0.1,0.1,enabled,,,,,
940,vr,usdt,8,4,main,vrusdt,online,8,0.01,4823926.0,10.0,0.01,4823926.0,4823926.0,4823926.0,1.1,0.9,0.01,59483784.0,100000.0,0.1,0.1,enabled,,,,,
941,gmpd,usdt,6,2,main,gmpdusdt,offline,8,0.1,18181818.0,10.0,0.1,18181818.0,18181818.0,18181818.0,1.1,0.9,0.1,1818181.0,100000.0,0.1,0.1,enabled,,,,,
942,ae,btc,8,2,st,aebtc,offline,8,0.01,200000.0,0.0001,0.01,200000.0,200000.0,200000.0,1.1,0.9,0.01,20000.0,10.0,0.1,0.1,enabled,hadax,,,,
943,ctxc,btc,8,2,main,ctxcbtc,offline,8,0.1,1000000.0,0.0001,0.1,1000000.0,1000000.0,1000000.0,1.1,0.9,0.1,100000.0,50.0,0.1,0.1,enabled,,,,,
944,usdj,usdd,4,4,main,usdjusdd,offline,8,0.01,961538.0,10.0,0.01,961538.0,961538.0,961538.0,1.1,0.9,0.01,96153.0,100000.0,0.1,0.1,enabled,zerofee,,,,
945,eos,husd,4,4,main,eoshusd,offline,8,0.01,100000.0,1.0,0.01,100000.0,100000.0,100000.0,1.1,0.9,0.01,10000.0,100000.0,0.1,0.1,enabled,crypto,,,,
946,ban,usdt,5,4,main,banusdt,online,8,1.0,83333333.0,10.0,1.0,83333333.0,83333333.0,83333333.0,1.1,0.9,1.0,1409564.0,100000.0,0.1,0.1,enabled,,3.0,,,
947,cmt,btc,10,2,st,cmtbtc,offline,8,1.0,10000000.0,0.0001,1.0,10000000.0,10000000.0,10000000.0,1.1,0.9,1.0,1000000.0,100.0,0.1,0.1,enabled,,,,,
948,mta,usdt,4,4,st,mtausdt,offline,8,0.01,140000.0,10.0,0.01,140000.0,140000.0,140000.0,1.1,0.9,0.01,14000.0,100000.0,0.1,0.1,enabled,,,,,
949,ghibli,usdt,6,4,main,ghibliusdt,offline,8,1.0,50000000.0,10.0,1.0,50000000.0,50000000.0,50000000.0,1.1,0.9,1.0,90139520.0,50000.0,0.05,0.05,enabled,st,,,,
950,nas,usdt,4,4,st,nasusdt,offline,8,0.01,100000.0,10.0,0.01,100000.0,100000.0,100000.0,1.1,0.9,0.01,10000.0,100000.0,0.1,0.1,enabled,,,,,
951,jumbo,usdt,4,4,main,jumbousdt,offline,8,0.001,333544.0,10.0,0.001,333544.0,333544.0,27477.4505,1.1,0.9,0.001,27477.4505,100000.0,0.1,0.1,enabled,abnormalmarket,,,,
952,pols,btc,8,2,main,polsbtc,offline,8,0.01,821018.0,0.0001,0.01,821018.0,821018.0,821018.0,1.1,0.9,0.01,82101.0,5.0,0.1,0.1,enabled,,,,,
953,ht,eth,8,4,main,hteth,offline,8,0.1,1000000.0,0.001,0.1,1000000.0,1000000.0,1000000.0,1.1,0.9,0.1,100000.0,500.0,0.1,0.1,enabled,,,,,
954,oxt,eth,8,2,main,oxteth,offline,8,0.01,3553660.0,0.001,0.01,3553660.0,3553660.0,3553660.0,1.1,0.9,0.01,355366.0,155.0,0.1,0.1,enabled,,,,,
955,dock,eth,8,4,st,docketh,offline,8,1.0,70000000.0,0.001,1.0,70000000.0,70000000.0,70000000.0,1.1,0.9,1.0,7000000.0,500.0,0.1,0.1,enabled,,,,,
956,joe,usdt,4,4,main,joeusdt,online,8,0.001,800000.0,10.0,0.001,800000.0,800000.0,800000.0,1.1,0.9,0.001,2129826.0,100000.0,0.1,0.1,enabled,,,,,
957,nu,btc,8,2,st,nubtc,offline,8,0.01,1767096.0,0.0001,0.01,1767096.0,1767096.0,1767096.0,1.1,0.9,0.01,176709.0,3.0,0.1,0.1,disabled,,,,,
958,arpa,usdt,6,2,main,arpausdt,online,8,1.0,50000000.0,10.0,1.0,50000000.0,50000000.0,50000000.0,1.1,0.9,1.0,18950551.0,200000.0,0.1,0.1,enabled,,,,,
959,ost,eth,8,2,st,osteth,offline,8,0.1,137779.1676,0.001,0.1,137779.1676,137779.1676,137779.1676,1.1,0.9,0.1,137779.1676,0.4159,0.1,0.1,enabled,st,,,1000.0,
960,band,husd,4,2,main,bandhusd,offline,8,0.01,90000.0,1.0,0.01,90000.0,90000.0,90000.0,1.1,0.9,0.01,9000.0,100000.0,0.1,0.1,enabled,,,,,
961,obt,usdt,6,4,main,obtusdt,online,8,1.0,50000000.0,10.0,1.0,50000000.0,50000000.0,50000000.0,1.1,0.9,1.0,46706197.0,50000.0,0.05,0.05,enabled,,,,,
962,bcd,btc,9,4,st,bcdbtc,offline,8,0.001,600000.0,0.0001,0.001,600000.0,600000.0,600000.0,1.1,0.9,0.001,60000.0,20.0,0.1,0.1,enabled,,,,,
963,tava,usdt,5,4,main,tavausdt,offline,8,0.001,100000000.0,10.0,0.001,100000000.0,100000000.0,100000000.0,1.1,0.9,0.001,19237203.0,100000.0,0.1,0.1,enabled,st,,,,
964,mice,usdt,6,4,main,miceusdt,offline,8,1.0,12658227.0,10.0,1.0,12658227.0,12658227.0,12658227.0,1.1,0.9,1.0,1265822.0,100000.0,0.1,0.1,enabled,st,,,,
965,doge,btc,10,2,main,dogebtc,online,8,1.0,200000000.0,0.0001,1.0,200000000.0,200000000.0,200000000.0,1.1,0.9,1.0,20000000.0,20.0,0.1,0.1,enabled,,,3.0,,
966,atom,usdt,4,3,main,atomusdt,online,8,0.01,500000.0,1.0,0.01,500000.0,500000.0,500000.0,1.1,0.9,0.01,54660.0,100000.0,0.04,0.04,enabled,,3.0,3.0,,
967,metis,usdt,4,4,main,metisusdt,online,8,0.001,29180.0,10.0,0.001,29180.0,29180.0,29180.0,1.1,0.9,0.001,24515.0,100000.0,0.1,0.1,enabled,,,,,
968,lmwr,usdt,4,4,main,lmwrusdt,online,8,0.1,2502502.0,10.0,0.1,2502502.0,2502502.0,2502502.0,1.1,0.9,0.1,4832948.0,100000.0,0.1,0.1,enabled,,,,,
969,egcc,eth,10,2,st,egcceth,offline,8,1.0,100000000.0,0.001,1.0,100000000.0,100000000.0,100000000.0,1.1,0.9,1.0,10000000.0,500.0,0.05,0.05,enabled,hadax,,,,
970,floki,usdt,8,2,main,flokiusdt,online,8,1.0,26968716289.0,10.0,1.0,26968716289.0,26968716289.0,26968716289.0,1.1,0.9,1.0,3119701593.0,100000.0,0.1,0.1,enabled,,3.0,,,
971,xlm,usdt,6,4,main,xlmusdt,online,8,0.1,10000000.0,1.0,0.1,10000000.0,10000000.0,10000000.0,1.1,0.9,0.1,288982.0,50000.0,0.1,0.1,enabled,,3.0,3.0,,
972,reef,eth,8,2,main,reefeth,offline,8,0.1,44037343.0,0.001,0.1,44037343.0,44037343.0,44037343.0,1.1,0.9,0.1,4403734.0,86.0,0.1,0.1,enabled,,,,,
973,degenai,usdt,5,4,main,degenaiusdt,offline,8,1.0,11701380.0,10.0,1.0,11701380.0,11701380.0,11701380.0,1.1,0.9,1.0,24953889.0,100000.0,0.05,0.05,enabled,st,,,,
974,lrds,usdt,4,4,main,lrdsusdt,online,8,0.01,520833.0,10.0,0.01,520833.0,520833.0,520833.0,1.25,0.75,0.01,7936507.0,100000.0,0.1,0.1,enabled,st,,,,
975,dka,btc,8,2,main,dkabtc,offline,8,1.0,17000000.0,0.0001,1.0,17000000.0,17000000.0,17000000.0,1.1,0.9,1.0,1700000.0,8.0,0.1,0.1,enabled,,,,,
976,koi,usdt,6,4,main,koiusdt,offline,8,0.1,40000000.0,10.0,0.1,40000000.0,40000000.0,40000000.0,1.1,0.9,0.1,4000000.0,100000.0,0.1,0.1,enabled,,,,,
977,dbc,usdt,6,4,main,dbcusdt,offline,8,1.0,784929356.0,10.0,1.0,784929356.0,784929356.0,784929356.0,1.1,0.9,1.0,78492935.0,100000.0,0.1,0.1,enabled,,,,,
978,push,usdt,5,4,main,pushusdt,online,8,0.001,188476.0,10.0,0.001,188476.0,188476.0,188476.0,1.1,0.9,0.001,8539392.0,100000.0,0.1,0.1,enabled,,,,,
979,aidoge,usdt,14,2,main,aidogeusdt,online,16,1.0,8264462809917355.0,10.0,1.0,8264462809917355.0,8264462809917355.0,8264462809917355.0,1.25,0.75,1.0,9518292540152440.0,100000.0,0.1,0.1,enabled,"st,innovate",,,,
980,yamv2,usdt,4,4,st,yamv2usdt,offline,8,0.0001,30000.0,10.0,0.0001,30000.0,30000.0,30000.0,1.1,0.9,0.0001,3000.0,100000.0,0.1,0.1,enabled,,,,,
981,nct,usdt,6,4,st,nctusdt,offline,8,0.1,13986013.0,10.0,0.1,13986013.0,13986013.0,13986013.0,1.1,0.9,0.1,1398601.0,100000.0,0.1,0.1,enabled,,,,,
982,vision,usdt,7,4,main,visionusdt,offline,8,0.1,33333333.0,10.0,0.1,33333333.0,33333333.0,33333333.0,1.1,0.9,0.1,3333333.0,100000.0,0.1,0.1,enabled,,,,,
983,haedal,usdt,5,4,main,haedalusdt,online,8,0.1,6250000.0,10.0,0.1,6250000.0,6250000.0,6250000.0,1.1,0.9,0.1,1492808.0,50000.0,0.05,0.05,enabled,,,,,
984,bts,btc,10,2,main,btsbtc,offline,8,0.1,5000000.0,0.0001,0.1,5000000.0,5000000.0,5000000.0,1.1,0.9,0.1,500000.0,100.0,0.1,0.1,enabled,,,,,
985,sundog,usdt,5,4,main,sundogusdt,online,8,1.0,24390243.0,10.0,1.0,24390243.0,24390243.0,24390243.0,1.1,0.9,1.0,21093176.0,100000.0,0.1,0.1,enabled,,3.0,,,
986,ply,usdt,6,4,st,plyusdt,offline,8,1.0,200000000.0,10.0,1.0,200000000.0,200000000.0,200000000.0,1.1,0.9,1.0,20000000.0,100000.0,0.1,0.1,enabled,,,,,
987,tbull,usdt,5,4,main,tbullusdt,offline,8,1.0,271739130.0,10.0,1.0,271739130.0,271739130.0,271739130.0,1.1,0.9,1.0,81473609.0,100000.0,0.1,0.1,enabled,st,,,,
988,nkn,ht,6,2,main,nknht,offline,8,1.0,10000000.0,0.1,1.0,10000000.0,10000000.0,10000000.0,1.1,0.9,1.0,1000000.0,25000.0,0.1,0.1,enabled,,,,,
989,mass,eth,8,2,st,masseth,offline,8,0.01,2437241.0,0.001,0.01,2437241.0,2437241.0,2437241.0,1.1,0.9,0.01,243724.0,75.0,0.1,0.1,enabled,,,,,
990,algo,btc,8,2,main,algobtc,offline,8,0.01,3000000.0,0.0001,0.01,3000000.0,3000000.0,3000000.0,1.1,0.9,0.01,300000.0,10.0,0.1,0.1,enabled,,,3.0,,
991,neur,usdt,5,4,main,neurusdt,offline,8,1.0,24588840.0,10.0,1.0,24588840.0,24588840.0,24588840.0,1.1,0.9,1.0,62195781.0,50000.0,0.05,0.05,enabled,st,,,,
992,omg,usdt,4,4,main,omgusdt,offline,8,0.01,310000.0,10.0,0.01,310000.0,310000.0,310000.0,1.1,0.9,0.01,1071112.0,100000.0,0.1,0.1,enabled,st,,,,
993,band,usdt,4,2,main,bandusdt,online,8,0.01,90000.0,10.0,0.01,90000.0,90000.0,90000.0,1.1,0.9,0.01,429392.0,100000.0,0.1,0.1,enabled,,,,,
994,eth,usdt,2,4,main,ethusdt,online,8,0.0001,10000.0,1.0,0.0001,10000.0,10000.0,10000.0,1.1,0.9,0.0001,623.0,1500000.0,0.01,0.01,enabled,,5.0,3.0,,
995,aac,eth,8,2,main,aaceth,offline,8,0.1,22000000.0,0.001,0.1,22000000.0,22000000.0,22000000.0,1.1,0.9,0.1,2200000.0,270.0,0.1,0.1,enabled,hadax,,,,
996,reef,usdt,6,4,main,reefusdt,online,8,0.1,44037343.0,10.0,0.1,44037343.0,44037343.0,44037343.0,1.1,0.9,0.1,1317296678.0,100000.0,0.1,0.1,enabled,,,,,
997,ustc,usdt,5,4,main,ustcusdt,online,8,0.1,29411764.0,10.0,0.1,29411764.0,29411764.0,29411764.0,1.1,0.9,0.1,17841905.0,100000.0,0.1,0.1,enabled,,,,,
998,nuls,btc,8,2,main,nulsbtc,offline,8,0.1,2500000.0,0.0001,0.1,2500000.0,2500000.0,2500000.0,1.1,0.9,0.1,250000.0,100.0,0.1,0.1,enabled,,,,,
999,trio,btc,12,2,st,triobtc,offline,8,1.0,330000000.0,0.0001,1.0,330000000.0,330000000.0,330000000.0,1.1,0.9,1.0,33000000.0,5.0,0.05,0.05,enabled,hadax,,,,
1000,grt,usdt,6,4,main,grtusdt,online,8,0.1,33333333.0,10.0,0.1,33333333.0,33333333.0,33333333.0,1.1,0.9,0.1,3853183.0,100000.0,0.1,0.1,enabled,,2.0,,,
1001,cspr,btc,8,1,main,csprbtc,offline,8,0.1,840689.0,0.0001,0.1,840689.0,840689.0,840689.0,1.1,0.9,0.1,84068.0,3.0,0.1,0.1,enabled,,,,,
1002,npxs,btc,10,2,st,npxsbtc,offline,8,1.0,1200000000.0,0.0001,1.0,1200000000.0,1200000000.0,1200000000.0,1.1,0.9,1.0,120000000.0,20.0,0.1,0.1,enabled,,,,,
1003,sushi,usdt,4,4,main,sushiusdt,online,8,0.001,140000.0,10.0,0.001,140000.0,140000.0,140000.0,1.1,0.9,0.001,456113.0,100000.0,0.1,0.1,enabled,,3.0,3.0,,
1004,eul,usdt,4,4,main,eulusdt,online,8,0.0001,72516.0,10.0,0.0001,72516.0,72516.0,72516.0,1.1,0.9,0.0001,66893.0,100000.0,0.1,0.1,enabled,,,,,
1005,bsv3l,usdt,10,4,main,bsv3lusdt,offline,8,0.01,3451828406.9586,10.0,0.01,3451828406.9586,3451828406.9586,3451828406.9586,1.5,0.5,0.01,3451828406.9586,2500.0,0.1,0.1,enabled,"etp,nav,holdinglimit",,,2500.0,
1006,rtf,usdt,6,4,main,rtfusdt,offline,8,1.0,10000000.0,10.0,1.0,10000000.0,10000000.0,10000000.0,1.1,0.9,1.0,8940614.0,100000.0,0.1,0.1,enabled,st,,,,
1007,kcash,ht,6,4,main,kcashht,offline,8,1.0,10000000.0,0.1,1.0,10000000.0,10000000.0,10000000.0,1.1,0.9,1.0,1000000.0,10000.0,0.05,0.05,enabled,,,,,
1008,snt,usdt,6,4,main,sntusdt,online,8,0.1,1000000.0,10.0,0.1,1000000.0,1000000.0,1000000.0,2.0,0.5,0.1,9748282.0,100000.0,0.1,0.1,enabled,,,,,
1009,wild,usdt,4,4,st,wildusdt,offline,8,0.001,621118.0,10.0,0.001,621118.0,621118.0,621118.0,1.1,0.9,0.001,62111.0,100000.0,0.1,0.1,enabled,,,,,
1010,ren,usdt,6,2,main,renusdt,offline,8,1.0,25000000.0,10.0,1.0,25000000.0,25000000.0,25000000.0,1.1,0.9,1.0,9831496.0,100000.0,0.1,0.1,enabled,"st,hadax",,,,
1011,qsp,eth,10,0,st,qspeth,offline,8,1.0,71967.026,0.001,1.0,71967.026,71967.026,71967.026,1.1,0.9,1.0,71967.026,0.4159,0.1,0.1,enabled,st,,,1000.0,
1012,monfter,btc,10,2,st,monfterbtc,offline,8,1.0,157430730.0,0.0001,1.0,157430730.0,157430730.0,157430730.0,1.1,0.9,1.0,15743073.0,3.0,0.1,0.1,enabled,,,,,
1013,renbtc,eth,4,4,st,renbtceth,offline,8,0.0001,96.0,0.001,0.0001,96.0,96.0,96.0,1.1,0.9,0.0001,9.0,271.0,0.1,0.1,enabled,,,,,
1014,pvt,ht,8,2,st,pvtht,offline,8,1.0,300000000.0,0.1,1.0,300000000.0,300000000.0,300000000.0,1.1,0.9,1.0,30000000.0,40000.0,0.1,0.1,enabled,,,,,
1015,zil,husd,6,4,main,zilhusd,offline,8,1.0,53000000.0,1.0,1.0,53000000.0,53000000.0,53000000.0,1.1,0.9,1.0,5300000.0,100000.0,0.1,0.1,enabled,,,,,
1016,elf,eth,8,0,main,elfeth,offline,8,1.0,1000000.0,0.001,1.0,1000000.0,1000000.0,1000000.0,1.1,0.9,1.0,1.0,500.0,0.1,0.1,enabled,,,,,
1017,ugas,eth,9,4,st,ugaseth,offline,8,0.1,3300000.0,0.001,0.1,3300000.0,3300000.0,3300000.0,1.1,0.9,0.1,330000.0,500.0,0.1,0.1,enabled,,,,,
1018,bpold,usdt,6,4,st,bpoldusdt,offline,8,0.1,19279710.0,10.0,0.1,19279710.0,19279710.0,19279710.0,1.1,0.9,0.1,1927971.0,100000.0,0.1,0.1,enabled,,,,,
1019,smt,usdt,6,4,main,smtusdt,offline,8,1.0,15000000.0,10.0,1.0,15000000.0,15000000.0,15000000.0,1.1,0.9,1.0,1500000.0,70000.0,0.1,0.1,enabled,st,,,,
1020,zil,usdt,6,4,main,zilusdt,online,8,1.0,53000000.0,10.0,1.0,53000000.0,53000000.0,53000000.0,1.1,0.9,1.0,24114575.0,100000.0,0.1,0.1,enabled,,3.0,,,
1021,skl,btc,8,2,main,sklbtc,offline,8,0.01,1511715.0,0.0001,0.01,1511715.0,1511715.0,1511715.0,1.1,0.9,0.01,151171.0,5.0,0.1,0.1,enabled,,,,,
1022,arc,usdt,4,4,main,arcusdt,online,8,0.1,3042296.0,10.0,0.1,3042296.0,3042296.0,3042296.0,1.1,0.9,0.1,712118.0,50000.0,0.05,0.05,enabled,,3.0,,,
1023,sfi,usdt,5,4,main,sfiusdt,offline,8,0.1,5402485.0,10.0,0.1,5402485.0,5402485.0,5402485.0,1.1,0.9,0.1,1049509.0,50000.0,0.05,0.05,enabled,st,,,,
1024,bull,usdt,6,2,main,bullusdt,offline,8,0.1,20000000.0,10.0,0.1,20000000.0,20000000.0,20000000.0,1.1,0.9,0.1,103795297.0,100000.0,0.1,0.1,enabled,st,,,,
1025,mtx,btc,10,2,st,mtxbtc,offline,8,0.1,30000000.0,0.0001,0.1,30000000.0,30000000.0,30000000.0,1.1,0.9,0.1,3000000.0,7.0,0.1,0.1,enabled,,,,,
1026,ccrowd,usdt,6,4,main,ccrowdusdt,offline,8,1.0,37584376.0,10.0,1.0,37584376.0,37584376.0,37584376.0,1.1,0.9,1.0,3758437.0,100000.0,0.1,0.1,enabled,,,,,
1027,ht,husd,4,4,main,hthusd,offline,8,0.1,500000.0,1.0,0.1,500000.0,500000.0,500000.0,1.1,0.9,0.1,50000.0,100000.0,0.1,0.1,enabled,crypto,,,,
1028,ren,husd,4,4,main,renhusd,offline,8,1.0,3430998.0,1.0,1.0,3430998.0,3430998.0,3430998.0,1.1,0.9,1.0,343099.0,100000.0,0.1,0.1,enabled,,,,,
1029,inj,usdt,4,4,main,injusdt,online,8,0.01,121616.0,10.0,0.01,121616.0,121616.0,121616.0,1.1,0.9,0.01,29889.0,100000.0,0.1,0.1,enabled,,,,,
1030,dose,usdt,6,4,main,doseusdt,offline,8,0.01,7320644.0,10.0,0.01,7320644.0,7320644.0,7320644.0,1.1,0.9,0.01,1087470449.0,100000.0,0.1,0.1,enabled,st,,,,
1031,cudis,usdt,6,4,main,cudisusdt,online,8,1.0,12036591.0,10.0,1.0,12036591.0,12036591.0,12036591.0,1.1,0.9,1.0,6129769.0,50000.0,0.05,0.05,enabled,innovate,,,,
1032,bome,usdt,6,2,main,bomeusdt,online,8,1.0,10000000.0,10.0,1.0,10000000.0,10000000.0,10000000.0,1.1,0.9,1.0,188139059.0,100000.0,0.1,0.1,enabled,,,,,
1033,act,btc,10,2,main,actbtc,offline,8,0.1,100000000.0,0.0001,0.1,100000000.0,100000000.0,100000000.0,1.1,0.9,0.1,10000000.0,10.0,0.1,0.1,enabled,,,,,
1034,omg,husd,4,4,main,omghusd,offline,8,0.01,310000.0,1.0,0.01,310000.0,310000.0,310000.0,1.1,0.9,0.01,31000.0,100000.0,0.1,0.1,enabled,crypto,,,,
1035,filda,usdt,6,2,st,fildausdt,offline,8,0.01,862738.0,10.0,0.01,862738.0,862738.0,862738.0,1.1,0.9,0.01,86273.0,100000.0,0.1,0.1,enabled,,,,,
1036,btc,rub,2,5,main,btcrub,offline,8,1e-05,32.0,65.0,1e-05,32.0,32.0,32.0,1.1,0.9,1e-05,3.0,6993006.0,0.1,0.1,enabled,"griddisabled,fiat",,,,
1037,ogo,btc,10,2,st,ogobtc,offline,8,1.0,40000000.0,0.0001,1.0,40000000.0,40000000.0,40000000.0,1.1,0.9,1.0,4000000.0,3.0,0.1,0.1,enabled,,,,,
1038,ssx,usdt,6,4,main,ssxusdt,offline,8,1.0,55780599.0,10.0,1.0,55780599.0,55780599.0,55780599.0,1.1,0.9,1.0,5578059.0,100000.0,0.1,0.1,enabled,,,,,
1039,mother,usdt,5,4,main,motherusdt,offline,8,1.0,20889910.0,10.0,1.0,20889910.0,20889910.0,20889910.0,1.1,0.1,1.0,11622031.0,100000.0,0.1,0.1,enabled,st,,,,
1040,rte,eth,12,2,st,rteeth,offline,8,1.0,1200000000.0,0.001,1.0,1200000000.0,1200000000.0,1200000000.0,1.1,0.9,1.0,120000000.0,360.0,0.1,0.1,enabled,hadax,,,,
1041,fartcoin,usdt,5,4,main,fartcoinusdt,online,8,1.0,33046926.0,1.0,1.0,33046926.0,33046926.0,33046926.0,1.1,0.9,1.0,461817.0,100000.0,0.1,0.1,enabled,,3.0,,,
1042,hbb,usdt,4,4,main,hbbusdt,offline,8,0.01,1000000.0,10.0,0.01,1000000.0,1000000.0,1000000.0,1.1,0.9,0.01,100000.0,100000.0,0.1,0.1,enabled,,,,,
1043,flz,usdc,4,4,main,flzusdc,offline,8,0.1,10000000.0,10.0,0.1,10000000.0,10000000.0,7629.5362,1.1,0.95,0.1,7629.5362,100000.0,0.05,0.1,enabled,"st,abnormalmarket",,,,
1044,mds,usdt,6,2,st,mdsusdt,offline,8,0.1,200000000.0,10.0,0.1,200000000.0,200000000.0,200000000.0,1.1,0.9,0.1,20000000.0,70000.0,0.1,0.1,enabled,,,,,
1045,egld,usdt,4,4,main,egldusdt,online,8,0.0001,5000.0,10.0,0.0001,5000.0,5000.0,5000.0,1.1,0.9,0.0001,22678.0,100000.0,0.1,0.1,enabled,,3.0,,,
1046,pvt,usdt,8,2,st,pvtusdt,offline,8,1.0,300000000.0,10.0,1.0,300000000.0,300000000.0,300000000.0,1.1,0.9,1.0,30000000.0,200000.0,0.1,0.1,enabled,,,,,
1047,btc,husd,2,6,main,btchusd,offline,8,0.0001,100.0,1.0,0.0001,100.0,100.0,100.0,1.1,0.9,0.0001,50.0,100000.0,0.1,0.1,enabled,crypto,,,,
1048,trx,usdc,6,2,main,trxusdc,offline,8,1.0,15800284.0,10.0,1.0,15800284.0,15800284.0,15800284.0,1.1,0.9,1.0,1580028.0,100000.0,0.1,0.1,enabled,,,,,
1049,igu,usdt,6,4,main,iguusdt,offline,8,0.1,4000000.0,10.0,0.1,4000000.0,4000000.0,4000000.0,1.1,0.9,0.1,400000.0,100000.0,0.1,0.1,enabled,st,,,,
1050,degen,usdt,6,4,main,degenusdt,online,8,1.0,125000000.0,10.0,1.0,125000000.0,125000000.0,125000000.0,1.1,0.9,1.0,128764975.0,100000.0,0.1,0.1,enabled,,,,,
1051,xter,usdt,5,4,main,xterusdt,online,8,1.0,10000000.0,10.0,1.0,10000000.0,10000000.0,10000000.0,1.1,0.9,1.0,2907638.0,50000.0,0.05,0.05,enabled,,3.0,,,
1052,ast,eth,8,2,st,asteth,offline,8,0.1,3500000.0,0.001,0.1,3500000.0,3500000.0,3500000.0,1.1,0.9,0.1,350000.0,200.0,0.1,0.1,enabled,st,,,,
1053,polyx,usdt,4,4,main,polyxusdt,online,8,0.01,4203446.0,10.0,0.01,4203446.0,4203446.0,4203446.0,1.1,0.5,0.01,1873421.0,100000.0,0.1,0.1,enabled,,,,,
1054,poolx,usdt,6,4,main,poolxusdt,offline,8,1.0,13468376.0,10.0,1.0,13468376.0,13468376.0,13468376.0,1.1,0.9,1.0,275980.0,100000.0,0.1,0.1,enabled,st,,,,
1055,bch3s,usdt,8,4,main,bch3susdt,offline,8,0.01,33332307.7238,10.0,0.01,33332307.7238,33332307.7238,33332307.7238,1.5,0.5,0.01,33332307.7238,2500.0,0.1,0.1,enabled,"etp,nav,holdinglimit",,,2500.0,
1056,slc,usdt,6,2,st,slcusdt,offline,8,0.1,15000000.0,10.0,0.1,15000000.0,15000000.0,15000000.0,1.1,0.9,0.1,1500000.0,100000.0,0.1,0.1,enabled,,,,,
1057,em,ht,8,2,main,emht,offline,8,1.0,120000000.0,0.1,1.0,120000000.0,120000000.0,120000000.0,1.1,0.9,1.0,12000000.0,15000.0,0.1,0.1,enabled,,,,,
1058,ethfi,usdt,4,4,main,ethfiusdt,online,8,0.01,166666.0,10.0,0.01,166666.0,166666.0,166666.0,1.1,0.9,0.01,195490.0,100000.0,0.1,0.1,enabled,,3.0,,,
1059,mon,usdt,6,4,main,monusdt,online,8,0.1,6666666.0,10.0,0.1,6666666.0,6666666.0,6666666.0,1.1,0.9,0.1,37509377.0,100000.0,0.1,0.1,enabled,st,,,,
1060,mkr,husd,2,6,main,mkrhusd,offline,8,0.0001,716.0,1.0,0.0001,716.0,716.0,716.0,1.1,0.9,0.0001,71.0,100000.0,0.1,0.1,enabled,,,,,
1061,tinc,usdt,5,4,main,tincusdt,offline,8,0.01,1476886.0,10.0,0.01,1476886.0,1476886.0,1476886.0,1.1,0.9,0.01,147688.0,100000.0,0.1,0.1,enabled,,,,,
1062,fud,usdd,4,4,main,fudusdd,offline,8,0.1,1000000.0,10.0,0.1,1000000.0,1000000.0,1000000.0,1.5,0.5,0.1,100000.0,100573.0,0.1,0.1,enabled,zerofee,,,,
1063,unibot,usdt,4,4,main,unibotusdt,offline,8,0.001,11958.0,10.0,0.001,11958.0,11958.0,11958.0,1.1,0.9,0.001,36444.0,100000.0,0.1,0.1,enabled,st,,,,
1064,vemp,usdt,6,3,main,vempusdt,offline,8,0.01,8984725.0,10.0,0.01,8984725.0,8984725.0,8984725.0,1.1,0.9,0.01,898472.0,100000.0,0.1,0.1,enabled,,,,,
1065,value,eth,6,4,main,valueeth,offline,8,0.001,387076.0,0.001,0.001,387076.0,387076.0,387076.0,1.1,0.9,0.001,38707.0,261.0,0.1,0.1,enabled,,,,,
1066,mlk,usdt,4,4,main,mlkusdt,online,8,0.1,6000000.0,10.0,0.1,6000000.0,6000000.0,6000000.0,1.1,0.9,0.1,1882930.0,100000.0,0.1,0.1,enabled,,,,,
1067,unb,usdt,6,4,main,unbusdt,offline,8,0.1,83333333.0,10.0,0.1,83333333.0,83333333.0,83333333.0,1.1,0.9,0.1,8333333.0,100000.0,0.1,0.1,enabled,,,,,
1068,powr,eth,8,0,main,powreth,offline,8,0.1,10000000.0,0.001,0.1,10000000.0,10000000.0,10000000.0,1.1,0.9,0.1,1000000.0,340.0,0.1,0.1,enabled,,,,,
1069,stake,usdt,4,4,st,stakeusdt,offline,8,0.0001,36583.0,10.0,0.0001,36583.0,36583.0,36583.0,1.1,0.9,0.0001,3658.0,100000.0,0.1,0.1,enabled,,,,,
1070,enj,eth,8,4,main,enjeth,offline,8,0.001,361899.0,0.001,0.001,361899.0,361899.0,361899.0,1.1,0.9,0.001,36189.0,53.0,0.1,0.1,enabled,,,,,
1071,eurq,usdt,4,4,main,eurqusdt,online,8,0.1,1000000.0,10.0,0.1,1000000.0,1000000.0,1000000.0,1.1,0.9,0.1,42503.0,50000.0,0.03,0.03,enabled,,,,,
1072,panther,usdt,5,4,main,pantherusdt,online,8,0.01,100000000.0,10.0,0.01,100000000.0,100000000.0,100000000.0,1.25,0.75,0.01,11830667.0,100000.0,0.1,0.1,enabled,st,,,,
1073,trb,usdt,4,4,main,trbusdt,online,8,0.001,25000.0,10.0,0.001,25000.0,25000.0,25000.0,1.1,0.9,0.001,6847.0,140000.0,0.1,0.1,enabled,,3.0,,,
1074,lvn,usdt,5,4,main,lvnusdt,offline,8,0.1,4125412.0,10.0,0.1,4125412.0,4125412.0,4125412.0,1.1,0.9,0.1,10485047.0,100000.0,0.1,0.1,enabled,st,,,,
1075,usn,usdt,4,4,st,usnusdt,offline,8,0.1,1000000.0,10.0,0.1,1000000.0,1000000.0,1000000.0,1.1,0.9,0.1,100000.0,100000.0,0.1,0.1,enabled,,,,,
1076,eliza,usdt,5,4,main,elizausdt,offline,8,0.1,9803921.0,10.0,0.1,9803921.0,9803921.0,9803921.0,1.1,0.9,0.1,26750407.0,50000.0,0.1,0.1,enabled,st,,,,
1077,cro,husd,6,2,st,crohusd,offline,8,1.0,5094554.0,1.0,1.0,5094554.0,5094554.0,5094554.0,1.1,0.9,1.0,509455.0,100000.0,0.1,0.1,enabled,,,,,
1078,myro,usdt,6,4,main,myrousdt,offline,8,1.0,29381130.0,10.0,1.0,29381130.0,29381130.0,29381130.0,1.25,0.75,1.0,14656776.0,100000.0,0.1,0.1,enabled,st,,,,
1079,ont,eth,8,4,main,onteth,offline,8,0.01,1780000.0,0.001,0.01,1780000.0,1780000.0,1780000.0,1.1,0.9,0.01,178000.0,270.0,0.1,0.1,enabled,,,,,
1080,troll,usdt,11,2,main,trollusdt,offline,8,1.0,22476961114857.0,10.0,1.0,22476961114857.0,22476961114857.0,22476961114857.0,1.1,0.9,1.0,26354990260716.0,100000.0,0.1,0.1,enabled,st,,,,
1081,gtc,btc,10,2,st,gtcbtc,offline,8,1.0,10000000.0,0.0001,1.0,10000000.0,10000000.0,10000000.0,1.1,0.9,1.0,1000000.0,100.0,0.05,0.05,enabled,hadax,,,,
1082,gt,usdt,4,2,main,gtusdt,online,8,0.1,1700000.0,5.0,0.1,1700000.0,1700000.0,1700000.0,1.1,0.9,0.1,27388.0,200000.0,0.1,0.1,enabled,,,,,
1083,lqty,usdt,4,4,main,lqtyusdt,online,8,0.001,149253.0,10.0,0.001,149253.0,149253.0,149253.0,1.1,0.9,0.001,316386.0,100000.0,0.1,0.1,enabled,,,,,
1084,waxl,usdt,5,4,main,waxlusdt,online,8,0.1,1000000.0,10.0,0.1,1000000.0,1000000.0,1000000.0,1.1,0.9,0.1,1613514.0,100000.0,0.1,0.1,enabled,,,,,
1085,melania,usdt,4,4,main,melaniausdt,online,8,0.01,120192.0,10.0,0.01,120192.0,120192.0,120192.0,1.1,0.9,0.01,443159.0,50000.0,0.05,0.05,enabled,,,,,
1086,bnt,btc,8,2,main,bntbtc,offline,8,0.01,500000.0,0.0001,0.01,500000.0,500000.0,500000.0,1.1,0.9,0.01,50000.0,8.0,0.1,0.1,enabled,,,,,
1087,gods,usdt,4,4,main,godsusdt,online,8,0.001,192307.0,10.0,0.001,192307.0,192307.0,192307.0,1.25,0.75,0.001,2810361.0,100000.0,0.1,0.1,enabled,st,,,,
1088,cru,usdt,4,4,main,cruusdt,offline,8,0.01,500000.0,10.0,0.01,500000.0,500000.0,500000.0,1.1,0.9,0.01,1537535.0,100000.0,0.1,0.1,enabled,st,,,,
1089,cro,usdt,6,2,st,crousdt,offline,8,1.0,10000000.0,10.0,1.0,10000000.0,10000000.0,10000000.0,1.1,0.9,1.0,1000000.0,70000.0,0.1,0.1,enabled,,,,,
1090,node,ht,6,2,st,nodeht,offline,8,1.0,640000000.0,0.1,1.0,640000000.0,640000000.0,640000000.0,1.1,0.9,1.0,64000000.0,35000.0,0.1,0.1,enabled,,,,,
1091,uos,usdt,4,4,main,uosusdt,offline,8,0.01,2935133.0,10.0,0.01,2935133.0,2935133.0,2935133.0,1.25,0.75,0.01,27027027.0,100000.0,0.1,0.1,enabled,st,,,,
1092,4,usdt,5,4,main,4usdt,online,8,0.1,7358351.0,10.0,0.1,7358351.0,7358351.0,7358351.0,1.1,0.9,0.1,3861392.0,50000.0,0.05,0.05,enabled,innovate,,,,
1093,sushi,eth,6,4,main,sushieth,offline,8,0.001,140000.0,0.001,0.001,140000.0,140000.0,140000.0,1.1,0.9,0.001,14000.0,230.0,0.1,0.1,enabled,,,,,
1094,face,usdt,11,2,main,faceusdt,offline,8,1.0,372162262746.0,10.0,1.0,372162262746.0,372162262746.0,372162262746.0,1.1,0.9,1.0,37216226274.0,100000.0,0.1,0.1,enabled,,,,,
1095,lvva,usdt,7,4,main,lvvausdt,online,8,1.0,227169468.0,10.0,1.0,227169468.0,227169468.0,227169468.0,1.1,0.9,1.0,115999919.0,50000.0,0.05,0.05,enabled,,,,,
1096,nbs,btc,10,2,main,nbsbtc,offline,8,0.1,40000000.0,0.0001,0.1,40000000.0,40000000.0,40000000.0,1.1,0.9,0.1,4000000.0,9.0,0.1,0.1,enabled,,,,,
1097,btc,uah,2,5,main,btcuah,offline,8,1e-05,32.0,30.0,1e-05,32.0,32.0,32.0,1.1,0.9,1e-05,3.0,2949852.0,0.1,0.1,enabled,"griddisabled,fiat",,,,
1098,mtlold,usdt,4,4,main,mtloldusdt,offline,8,0.001,917431.0,10.0,0.001,917431.0,917431.0,917431.0,1.1,0.9,0.001,91743.0,100000.0,0.1,0.1,enabled,,,,,
1099,tronbull,usdt,5,4,main,tronbullusdt,offline,8,0.1,6666666.0,10.0,0.1,6666666.0,6666666.0,6666666.0,1.1,0.1,0.1,31254246.0,100000.0,0.1,0.1,enabled,st,,,,
1100,xrp,btc,9,2,main,xrpbtc,online,8,1.0,5000000.0,0.0001,1.0,5000000.0,5000000.0,5000000.0,1.1,0.9,1.0,500000.0,100.0,0.1,0.1,enabled,,,3.0,,
1101,kama,usdt,6,4,main,kamausdt,offline,8,1.0,125000000.0,10.0,1.0,125000000.0,125000000.0,125000000.0,1.1,0.9,1.0,12500000.0,100000.0,0.1,0.1,enabled,,,,,
1102,ksm,ht,6,3,main,ksmht,offline,8,0.01,100000.0,0.01,0.01,100000.0,100000.0,100000.0,1.1,0.9,0.01,10000.0,35000.0,0.1,0.1,enabled,,,,,
1103,yfi,usdt,2,6,main,yfiusdt,online,8,1e-05,30.0,10.0,1e-05,30.0,30.0,30.0,1.1,0.9,1e-05,36.0,100000.0,0.1,0.1,enabled,,,,,
1104,vet,usdt,6,4,main,vetusdt,online,8,1.0,80000000.0,5.0,1.0,80000000.0,80000000.0,80000000.0,1.1,0.9,1.0,13709163.0,100000.0,0.1,0.1,enabled,,4.0,,,
1105,fb,usdt,4,4,main,fbusdt,online,8,0.1,2000000.0,10.0,0.1,2000000.0,2000000.0,2000000.0,1.1,0.9,0.1,103151.0,50000.0,0.05,0.05,enabled,innovate,3.0,,,
1106,zro,usdt,4,4,main,zrousdt,online,8,0.01,251256.0,10.0,0.01,251256.0,251256.0,251256.0,1.1,0.9,0.01,51409.0,100000.0,0.1,0.1,enabled,,,,,
1107,sovrn,usdt,6,4,main,sovrnusdt,offline,8,1.0,51733057.0,10.0,1.0,51733057.0,51733057.0,51733057.0,1.1,0.9,1.0,9982682.0,100000.0,0.05,0.05,enabled,st,,,,
1108,dock,usdt,6,2,st,dockusdt,offline,8,1.0,110000000.0,10.0,1.0,110000000.0,110000000.0,110000000.0,1.1,0.9,1.0,11000000.0,200000.0,0.1,0.1,enabled,,,,,
1109,rly,usdt,6,2,main,rlyusdt,offline,8,0.01,1404494.0,10.0,0.01,1404494.0,1404494.0,1404494.0,1.1,0.9,0.01,140449.0,100000.0,0.1,0.1,enabled,st,,,,
1110,cvc,eth,8,0,main,cvceth,offline,8,0.1,2000000.0,0.001,0.1,2000000.0,2000000.0,2000000.0,1.1,0.9,0.1,200000.0,100.0,0.1,0.1,enabled,,,,,
1111,loom,usdt,6,2,main,loomusdt,offline,8,1.0,30000000.0,10.0,1.0,30000000.0,30000000.0,30000000.0,1.1,0.9,1.0,3000000.0,100000.0,0.1,0.1,enabled,,,,,
1112,storj,btc,8,2,main,storjbtc,offline,8,0.1,2000000.0,0.0001,0.1,2000000.0,2000000.0,2000000.0,1.1,0.9,0.1,200000.0,100.0,0.1,0.1,enabled,,,,,
1113,pundix,eth,6,4,main,pundixeth,offline,8,0.001,311613.0,0.001,0.001,311613.0,311613.0,311613.0,1.1,0.9,0.001,31161.0,28.0,0.1,0.1,enabled,,,,,
1114,spell,usdt,6,4,main,spellusdt,online,8,0.1,58139534.0,10.0,0.1,58139534.0,58139534.0,58139534.0,1.25,0.75,0.1,578616352.0,100000.0,0.1,0.1,enabled,st,,,,
1115,mkr,usdt,2,6,main,mkrusdt,offline,8,0.0001,1800.0,10.0,0.0001,1800.0,1800.0,1800.0,1.1,0.9,0.0001,76.0,140000.0,0.1,0.1,enabled,,,,,
1116,for,ht,6,2,main,forht,offline,8,1.0,30000000.0,0.1,1.0,30000000.0,30000000.0,30000000.0,1.1,0.9,1.0,3000000.0,35000.0,0.1,0.1,enabled,,,,,
1117,sc,btc,10,2,main,scbtc,offline,8,1.0,300000000.0,0.0001,1.0,300000000.0,300000000.0,300000000.0,1.1,0.9,1.0,30000000.0,20.0,0.1,0.1,enabled,,,,,
1118,link,usdt,4,2,main,linkusdt,online,8,0.01,100000.0,1.0,0.01,100000.0,100000.0,100000.0,1.1,0.9,0.01,15674.0,150000.0,0.04,0.04,enabled,,5.0,3.0,,
1119,arb,usdt,4,4,main,arbusdt,online,8,0.1,5000000.0,1.0,0.1,5000000.0,5000000.0,5000000.0,1.1,0.9,0.1,763536.0,100000.0,0.1,0.1,enabled,,3.0,,,
1120,waxp,btc,8,4,main,waxpbtc,offline,8,1.0,17000000.0,0.0001,1.0,17000000.0,17000000.0,17000000.0,1.1,0.9,1.0,1700000.0,9.0,0.1,0.1,enabled,,,,,
1121,kcal,usdd,4,4,main,kcalusdd,offline,8,0.1,561766.0,10.0,0.1,561766.0,561766.0,561766.0,1.1,0.9,0.1,56176.0,100000.0,0.1,0.1,enabled,zerofee,,,,
1122,match,usdt,8,2,main,matchusdt,offline,8,1.0,3723008190.0,10.0,1.0,3723008190.0,3723008190.0,3723008190.0,1.1,0.9,1.0,372300819.0,100000.0,0.1,0.1,enabled,,,,,
1123,fuse,usdt,5,4,main,fuseusdt,online,8,0.01,1942125.0,10.0,0.01,1942125.0,1942125.0,1942125.0,1.1,0.9,0.01,33017513.0,100000.0,0.1,0.1,enabled,st,,,,
1124,mbx,usdt,5,4,main,mbxusdt,online,8,0.001,107991.0,10.0,0.001,107991.0,107991.0,107991.0,1.25,0.75,0.001,2489932.0,100000.0,0.1,0.1,enabled,st,,,,
1125,vsys,usdt,7,2,main,vsysusdt,online,8,0.1,5600000.0,10.0,0.1,5600000.0,5600000.0,5600000.0,1.25,0.75,0.1,872666565.0,200000.0,0.1,0.1,enabled,st,,,,
1126,mcontent,usdt,12,2,main,mcontentusdt,offline,8,1.0,137228801580875.0,10.0,1.0,137228801580875.0,137228801580875.0,137228801580875.0,1.1,0.9,1.0,235462735559157.0,100000.0,0.1,0.1,enabled,st,,,,
1127,yam,btc,8,4,st,yambtc,offline,8,0.001,199171.0,0.0001,0.001,199171.0,199171.0,199171.0,1.1,0.9,0.001,19917.0,5.0,0.1,0.1,enabled,,,,,
1128,monfter,eth,8,2,st,monftereth,offline,8,1.0,157430730.0,0.001,1.0,157430730.0,157430730.0,157430730.0,1.1,0.9,1.0,15743073.0,41.0,0.1,0.1,enabled,,,,,
1129,lljeffy,usdt,5,4,main,lljeffyusdt,offline,8,0.1,10000000.0,10.0,0.1,10000000.0,10000000.0,10000000.0,1.1,0.9,0.1,11805769.0,50000.0,0.05,0.05,enabled,"st,innovate",,,,
1130,powr,btc,8,0,main,powrbtc,offline,8,0.1,10000000.0,0.0001,0.1,10000000.0,10000000.0,10000000.0,1.1,0.9,0.1,1000000.0,8.0,0.1,0.1,enabled,,,,,
1131,ont,usdt,4,4,main,ontusdt,online,8,0.01,1780000.0,10.0,0.01,1780000.0,1780000.0,1780000.0,1.1,0.9,0.01,1214232.0,100000.0,0.1,0.1,enabled,,,,,
1132,grift,usdt,5,4,main,griftusdt,offline,8,0.1,9057971.0,10.0,0.1,9057971.0,9057971.0,9057971.0,1.1,0.9,0.1,35146699.0,50000.0,0.05,0.05,enabled,st,,,,
1133,xch,btc,6,4,main,xchbtc,offline,8,0.0001,790.0,0.0001,0.0001,790.0,790.0,790.0,1.1,0.9,0.0001,79.0,3.0,0.1,0.1,enabled,,,,,
1134,kava,husd,4,4,main,kavahusd,offline,8,0.01,441715.0,1.0,0.01,441715.0,441715.0,441715.0,1.1,0.9,0.01,44171.0,100000.0,0.1,0.1,enabled,,,,,
1135,dat,eth,8,2,st,dateth,offline,8,1.0,5000000.0,0.001,1.0,5000000.0,5000000.0,5000000.0,1.1,0.9,1.0,500000.0,500.0,0.1,0.1,enabled,,,,,
1136,pokt,usdt,6,2,st,poktusdt,offline,8,0.01,2500000.0,10.0,0.01,2500000.0,2500000.0,2500000.0,1.1,0.9,0.01,250000.0,100000.0,0.1,0.1,enabled,,,,,
1137,skm,usdt,6,2,st,skmusdt,offline,8,1.0,390000000.0,10.0,1.0,390000000.0,16886930.9838,390000000.0,1.1,0.9,1.0,39000000.0,5000.0,0.1,0.1,enabled,abnormalmarket,,,,
1138,one,btc,10,2,main,onebtc,offline,8,1.0,250000000.0,0.0001,1.0,250000000.0,250000000.0,250000000.0,1.1,0.9,1.0,25000000.0,7.0,0.1,0.1,enabled,,,,,
1139,joy,usdt,5,4,main,joyusdt,offline,8,0.1,10000000.0,10.0,0.1,10000000.0,10000000.0,10000000.0,1.1,0.9,0.1,1000000.0,100000.0,0.1,0.1,enabled,,,,,
1140,xtz,eth,6,4,main,xtzeth,offline,8,0.1,2000000.0,0.001,0.1,2000000.0,2000000.0,2000000.0,1.1,0.9,0.1,1000.0,10000.0,0.1,0.1,enabled,,,,,
1141,btt,usdc,10,4,main,bttusdc,offline,8,1.0,470000000000.0,10.0,1.0,470000000000.0,470000000000.0,470000000000.0,1.1,0.9,1.0,165403765249.0,100000.0,0.1,0.1,enabled,,,,,
1142,wpci,usdt,4,4,main,wpciusdt,offline,8,0.01,1214181.0,10.0,0.01,1214181.0,1214181.0,1214181.0,1.1,0.9,0.01,121418.0,100000.0,0.1,0.1,enabled,,,,,
1143,sxt,usdt,6,4,main,sxtusdt,online,8,1.0,13125082.0,10.0,1.0,13125082.0,13125082.0,13125082.0,1.1,0.9,1.0,2854249.0,50000.0,0.05,0.05,enabled,,3.0,,,
1144,bix,usdt,6,4,main,bixusdt,offline,8,0.1,200000.0,10.0,0.1,200000.0,200000.0,200000.0,1.1,0.9,0.1,20000.0,50000.0,0.1,0.1,enabled,,,,,
1145,ipv,usdt,4,4,main,ipvusdt,offline,8,0.1,1295504.0,10.0,0.1,1295504.0,1295504.0,1295504.0,1.1,0.9,0.1,129550.0,100000.0,0.1,0.1,enabled,,,,,
1146,ai,usdt,4,4,main,aiusdt,online,8,1.0,30000.0,10.0,1.0,30000.0,30000.0,30000.0,1.1,0.9,1.0,4202448.0,100000.0,0.1,0.1,enabled,,,,,
1147,etc,btc,6,4,main,etcbtc,offline,4,0.01,200000.0,0.0001,0.01,200000.0,200000.0,200000.0,1.1,0.9,0.01,20000.0,100.0,0.1,0.1,enabled,,,3.0,,
1148,zbt,usdt,4,4,main,zbtusdt,online,8,1.0,1000000.0,10.0,1.0,1000000.0,1000000.0,1000000.0,1.1,0.9,1.0,422250.0,50000.0,0.05,0.05,enabled,,3.0,,,
1149,btc,usdt,2,6,main,btcusdt,online,8,1e-05,1000.0,1.0,1e-05,1000.0,1000.0,1000.0,1.1,0.9,1e-05,19.0,1500000.0,0.01,0.01,enabled,activities,5.0,3.0,,3.0
1150,nest,usdt,6,2,main,nestusdt,offline,8,1.0,25000000.0,10.0,1.0,25000000.0,25000000.0,25000000.0,1.1,0.9,1.0,1234189344.0,140000.0,0.1,0.1,enabled,st,,,,
1151,pda,usdt,6,4,main,pdausdt,offline,8,0.1,7993605.0,10.0,0.1,7993605.0,7993605.0,7993605.0,1.1,0.9,0.1,19643177.0,100000.0,0.1,0.1,enabled,st,,,,
1152,bt2,btc,6,4,st,bt2btc,offline,8,0.001,10000.0,0.0001,0.001,10000.0,10000.0,10000.0,1.1,0.9,0.001,1000.0,100.0,0.1,0.1,enabled,,,,,
1153,insur,btc,8,4,main,insurbtc,offline,8,0.0001,1243162.0,0.0001,0.0001,1243162.0,1243162.0,1243162.0,1.1,0.9,0.0001,124316.0,3.0,0.1,0.1,enabled,,,,,
1154,clawnch,usdt,8,2,main,clawnchusdt,online,8,1.0,3000000000.0,10.0,1.0,3000000000.0,3000000000.0,3000000000.0,1.1,0.9,1.0,3500228275.0,50000.0,0.05,0.05,enabled,innovate,,,,
1155,unic,usdt,4,4,st,unicusdt,offline,8,0.0001,14285.0,10.0,0.0001,14285.0,14285.0,14285.0,1.1,0.9,0.0001,1428.0,100000.0,0.1,0.1,enabled,,,,,
1156,sloth,usdt,5,4,main,slothusdt,offline,8,1.0,20000000.0,10.0,1.0,20000000.0,20000000.0,20000000.0,1.1,0.9,1.0,2000000.0,100000.0,0.1,0.1,enabled,st,,,,
1157,virtual,usdt,4,4,main,virtualusdt,online,8,0.01,462962.0,1.0,0.01,462962.0,462962.0,462962.0,1.1,0.9,0.01,133631.0,100000.0,0.1,0.1,enabled,,3.0,,,
1158,polyx,eth,6,4,main,polyxeth,offline,8,0.1,1000000.0,0.001,0.1,1000000.0,1000000.0,1000000.0,1.1,0.9,0.1,100000.0,50.0,0.1,0.1,enabled,,,,,
1159,war,usdt,6,4,main,warusdt,online,8,1.0,62500000.0,10.0,1.0,62500000.0,62500000.0,62500000.0,1.1,0.9,1.0,15721980.0,50000.0,0.05,0.05,enabled,innovate,3.0,,,
1160,hft,usdt,4,4,main,hftusdt,online,8,0.1,2500000.0,10.0,0.1,2500000.0,2500000.0,2500000.0,1.1,0.9,0.1,6385341.0,100000.0,0.1,0.1,enabled,,,,,
1161,dbr,usdt,5,4,main,dbrusdt,online,8,1.0,33333333.0,10.0,1.0,33333333.0,33333333.0,33333333.0,1.1,0.9,1.0,7539747.0,100000.0,0.1,0.1,enabled,,3.0,,,
1162,etn,usdt,7,4,main,etnusdt,online,8,1.0,399361022.0,10.0,1.0,399361022.0,399361022.0,399361022.0,1.1,0.9,1.0,97811156.0,100000.0,0.1,0.1,enabled,,,,,
1163,cru,eth,6,4,main,crueth,offline,8,0.01,500000.0,0.001,0.01,500000.0,500000.0,500000.0,1.1,0.9,0.01,50000.0,280.0,0.1,0.1,enabled,,,,,
1164,vet,husd,6,4,main,vethusd,offline,8,1.0,80000000.0,1.0,1.0,80000000.0,80000000.0,80000000.0,1.1,0.9,1.0,8000000.0,100000.0,0.1,0.1,enabled,,,,,
1165,gomining,usdt,5,2,main,gominingusdt,online,8,0.1,3396739.0,10.0,0.1,3396739.0,3396739.0,3396739.0,1.1,0.9,0.1,329402.0,100000.0,0.1,0.1,enabled,,,,,
1166,route,usdt,6,4,main,routeusdt,online,8,0.001,2500000.0,10.0,0.001,2500000.0,2500000.0,2500000.0,1.25,0.75,0.001,107849573.0,100000.0,0.1,0.1,enabled,st,,,,
1167,ctc,usdt,4,4,main,ctcusdt,online,8,0.01,2718868.0,10.0,0.01,2718868.0,2718868.0,2718868.0,1.1,0.9,0.01,648362.0,100000.0,0.1,0.1,enabled,,,,,
1168,hbar,btc,8,2,main,hbarbtc,offline,8,0.1,28813461.0,0.0001,0.1,28813461.0,28813461.0,28813461.0,1.1,0.9,0.1,2881346.0,6.0,0.1,0.1,enabled,,,,,
1169,shell,usdt,4,4,main,shellusdt,online,8,0.1,1597699.0,10.0,0.1,1597699.0,1597699.0,1597699.0,1.1,0.9,0.1,1466836.0,50000.0,0.05,0.05,enabled,,,,,
1170,pol,btc,9,2,main,polbtc,offline,8,0.1,34535156.0,0.0001,0.1,34535156.0,34535156.0,34535156.0,1.1,0.9,0.1,3453515.0,5.0,0.1,0.1,enabled,,,,,
1171,mdx,usdt,5,2,main,mdxusdt,offline,8,0.01,265681.0,10.0,0.01,265681.0,265681.0,265681.0,1.1,0.9,0.01,50941306.0,100000.0,0.1,0.1,enabled,st,,,,
1172,wlfi,usdt,4,4,main,wlfiusdt,online,8,0.1,2222222.0,1.0,0.1,2222222.0,2222222.0,2222222.0,1.1,0.9,0.1,246940.0,20000.0,0.05,0.05,enabled,,3.0,,,
1173,fnsa,usdt,4,4,main,fnsausdt,offline,8,0.001,34129.0,10.0,0.001,34129.0,34129.0,34129.0,1.1,0.9,0.001,3412.0,100000.0,0.1,0.1,enabled,,,,,
1174,dck,usdt,6,2,main,dckusdt,online,8,1.0,30799063.0,10.0,1.0,30799063.0,30799063.0,30799063.0,1.25,0.75,1.0,222286653.0,100000.0,0.1,0.1,enabled,st,,,,
1175,wap,usdt,5,4,main,wapusdt,offline,8,1.0,80000000.0,10.0,1.0,80000000.0,80000000.0,80000000.0,1.1,0.9,1.0,8000000.0,100000.0,0.1,0.1,enabled,,,,,
1176,arkn,usdt,6,4,main,arknusdt,offline,8,0.1,20000000.0,10.0,0.1,20000000.0,20000000.0,20000000.0,1.1,0.9,0.1,2000000.0,100000.0,0.1,0.1,enabled,,,,,
1177,osmo,usdt,4,4,main,osmousdt,online,8,0.1,1300000.0,10.0,0.1,1300000.0,1300000.0,1300000.0,1.1,0.9,0.1,2935920.0,100000.0,0.1,0.1,enabled,,,,,
1178,ekt,eth,10,4,st,ekteth,offline,8,0.1,5000000.0,0.001,0.1,5000000.0,5000000.0,5000000.0,1.1,0.9,0.1,500000.0,50.0,0.05,0.05,enabled,hadax,,,,
1179,ankr,btc,10,2,main,ankrbtc,offline,8,1.0,78000000.0,0.0001,1.0,78000000.0,78000000.0,78000000.0,1.1,0.9,1.0,7800000.0,8.0,0.1,0.1,enabled,,,,,
1180,grok,usdt,6,4,main,grokusdt,offline,8,1.0,86717483.0,10.0,1.0,86717483.0,86717483.0,86717483.0,1.1,0.9,1.0,177880897.0,100000.0,0.1,0.1,enabled,st,,,,
1181,act,eth,8,2,main,acteth,offline,8,0.1,100000000.0,0.001,0.1,100000000.0,100000000.0,100000000.0,1.1,0.9,0.1,10000000.0,250.0,0.1,0.1,enabled,,,,,
1182,ae,usdt,4,2,st,aeusdt,offline,8,0.1,2000000.0,10.0,0.1,2000000.0,2000000.0,2000000.0,1.1,0.9,0.1,200000.0,100000.0,0.1,0.1,enabled,hadax,,,,
1183,but,btc,12,2,st,butbtc,offline,8,1.0,50000000.0,0.0001,1.0,50000000.0,50000000.0,17491427.4146,1.1,0.95,1.0,17491427.4146,100.0,0.05,0.1,enabled,"abnormalmarket,hadax",,,,
1184,tanssi,usdt,6,4,main,tanssiusdt,online,8,1.0,16666666.0,10.0,1.0,16666666.0,16666666.0,16666666.0,1.25,0.75,1.0,41666666.0,50000.0,0.05,0.05,enabled,st,,,,
1185,insur,eth,6,4,main,insureth,offline,8,0.0001,1243162.0,0.001,0.0001,1243162.0,1243162.0,1243162.0,1.1,0.9,0.0001,124316.0,52.0,0.1,0.1,enabled,,,,,
1186,bnt,eth,6,2,main,bnteth,offline,8,0.01,500000.0,0.001,0.01,500000.0,500000.0,500000.0,1.1,0.9,0.01,50000.0,250.0,0.1,0.1,enabled,,,,,
1187,lunc,ustc,5,4,main,lunaust,offline,8,0.001,15000.0,1.0,0.001,15000.0,15000.0,15000.0,1.1,0.97,0.001,1500.0,100000.0,0.03,0.1,enabled,"alts,abnormalmarket",,,,
1188,people,usdt,6,4,main,peopleusdt,online,8,0.01,6666666.0,10.0,0.01,6666666.0,6666666.0,6666666.0,1.1,0.9,0.01,12408487.0,100000.0,0.1,0.1,enabled,,3.0,,,
1189,ctsi,usdt,4,2,main,ctsiusdt,online,8,0.01,1039284.0,10.0,0.01,1039284.0,1039284.0,1039284.0,1.1,0.9,0.01,2693523.0,100000.0,0.1,0.1,enabled,,,,,
1190,lhb,usdt,6,2,main,lhbusdt,offline,8,0.01,1188071.0,10.0,0.01,1188071.0,1188071.0,1188071.0,1.1,0.9,0.01,118807.0,100000.0,0.1,0.1,enabled,,,,,
1191,strm,usdt,5,4,main,strmusdt,offline,8,0.01,1111111.0,10.0,0.01,1111111.0,1111111.0,1111111.0,1.1,0.9,0.01,111111.0,100000.0,0.1,0.1,enabled,st,,,,
1192,kava,usdt,4,2,main,kavausdt,online,8,0.01,522165.0,10.0,0.01,522165.0,522165.0,522165.0,1.1,0.9,0.01,1725560.0,100000.0,0.1,0.1,enabled,,3.0,,,
1193,lun,btc,8,4,st,lunbtc,offline,8,0.001,5823.3234,0.0001,0.001,5823.3234,5823.3234,5823.3234,1.1,0.9,0.001,5823.3234,0.0129,0.1,0.1,enabled,st,,,1000.0,
1194,turt,usdt,6,4,main,turtusdt,offline,8,1.0,18007959.0,10.0,1.0,18007959.0,18007959.0,18007959.0,1.1,0.9,1.0,240083507.0,100000.0,0.1,0.1,enabled,st,,,,
1195,uni,usdd,4,4,main,uniusdd,offline,8,0.01,194931.0,10.0,0.01,194931.0,194931.0,194931.0,1.1,0.9,0.01,19493.0,100000.0,0.1,0.1,enabled,zerofee,,,,
1196,aethweth,eth,4,4,main,aethwetheth,online,8,0.0001,396.0,0.01,0.0001,396.0,396.0,396.0,1.1,0.9,0.0001,19.0,19.0,0.05,0.05,enabled,zerofee,,,,
1197,xeta,usdt,6,4,main,xetausdt,offline,8,1.0,100000000.0,10.0,1.0,100000000.0,100000000.0,100000000.0,1.1,0.9,1.0,239858170.0,100000.0,0.1,0.1,enabled,st,,,,
1198,inx,usdt,6,4,main,inxusdt,online,8,1.0,100000000.0,10.0,1.0,100000000.0,100000000.0,100000000.0,1.1,0.9,1.0,4204645.0,50000.0,0.05,0.05,enabled,,3.0,,,
1199,gala,usdt,6,4,main,galausdt,online,8,1.0,28901734.0,10.0,1.0,28901734.0,28901734.0,28901734.0,1.1,0.9,1.0,29293765.0,100000.0,0.1,0.1,enabled,,,,,
1200,dgb,eth,8,2,main,dgbeth,offline,8,1.0,35000.0,0.001,1.0,35000.0,35000.0,35000.0,1.05,0.95,1.0,35000.0,3.0,0.05,0.05,enabled,,,,,
1201,ht,usdc,4,4,main,htusdc,offline,8,0.1,140928.0,10.0,0.1,140928.0,140928.0,140928.0,1.1,0.9,0.1,14092.0,100000.0,0.1,0.1,enabled,,,,,
1202,rsr,btc,10,2,main,rsrbtc,offline,8,1.0,650000000.0,0.0001,1.0,650000000.0,650000000.0,650000000.0,1.1,0.9,1.0,65000000.0,10.0,0.1,0.1,enabled,,,,,
1203,bfc,usdt,5,4,main,bfcusdt,online,8,1.0,13837000.0,10.0,1.0,13837000.0,13837000.0,13837000.0,1.1,0.9,1.0,5927987.0,100000.0,0.1,0.1,enabled,,,,,
1204,atom,btc,8,3,main,atombtc,offline,8,0.01,500000.0,0.0001,0.01,500000.0,500000.0,500000.0,1.1,0.9,0.01,50000.0,20.0,0.1,0.1,enabled,,,3.0,,
1205,mx,btc,8,2,main,mxbtc,offline,8,0.1,7000000.0,0.0001,0.1,7000000.0,7000000.0,7000000.0,1.1,0.9,0.1,700000.0,200000.0,0.1,0.1,enabled,,,,,
1206,sku,usdt,6,4,st,skuusdt,offline,8,1.0,100000000.0,10.0,1.0,100000000.0,100000000.0,100000000.0,1.1,0.9,1.0,10000000.0,100000.0,0.1,0.1,enabled,,,,,
1207,aca,usdt,6,4,main,acausdt,online,8,0.01,1142857.0,10.0,0.01,1142857.0,1142857.0,1142857.0,1.25,0.75,0.01,153558552.0,100000.0,0.1,0.1,enabled,st,,,,
1208,pols,usdt,4,4,main,polsusdt,online,8,0.01,821018.0,10.0,0.01,821018.0,821018.0,821018.0,1.25,0.75,0.01,1879238.0,100000.0,0.1,0.1,enabled,st,,,,
1209,eul,usdc,4,4,main,eulusdc,offline,8,0.0001,212711.0,10.0,0.0001,212711.0,212711.0,212711.0,1.1,0.9,0.0001,21271.0,100000.0,0.1,0.1,enabled,,,,,
1210,abbc,usdd,5,4,main,abbcusdd,offline,8,0.01,11578094.0,10.0,0.01,11578094.0,11578094.0,11578094.0,1.1,0.9,0.01,1157809.0,100000.0,0.1,0.1,enabled,zerofee,,,,
1211,link,husd,4,4,main,linkhusd,offline,8,0.01,100000.0,1.0,0.01,100000.0,100000.0,100000.0,1.1,0.9,0.01,10000.0,100000.0,0.1,0.1,enabled,crypto,,,,
1212,suncat,usdt,6,4,main,suncatusdt,offline,8,1.0,107526881.0,10.0,1.0,107526881.0,107526881.0,107526881.0,1.25,0.75,1.0,193131245.0,100000.0,0.1,0.1,enabled,st,,,,
1213,ing,usdt,7,4,main,ingusdt,offline,8,1.0,66666666.0,10.0,1.0,66666666.0,66666666.0,66666666.0,1.1,0.9,1.0,6666666.0,100000.0,0.1,0.1,enabled,st,,,,
1214,aidoc,btc,12,2,st,aidocbtc,offline,8,1.0,5000000.0,0.0001,1.0,5000000.0,5000000.0,5000000.0,1.1,0.9,1.0,500000.0,100.0,0.1,0.1,enabled,,,,,
1215,avail,usdt,5,4,main,availusdt,online,8,1.0,12500000.0,10.0,1.0,12500000.0,12500000.0,12500000.0,1.25,0.75,1.0,21786492.0,100000.0,0.1,0.1,enabled,st,,,,
1216,push,btc,8,4,main,pushbtc,offline,8,0.001,188476.0,0.0001,0.001,188476.0,188476.0,188476.0,1.1,0.9,0.001,18847.0,5.0,0.1,0.1,enabled,,,,,
1217,aac,btc,10,2,main,aacbtc,offline,8,0.1,22000000.0,0.0001,0.1,22000000.0,22000000.0,22000000.0,1.1,0.9,0.1,2200000.0,7.0,0.1,0.1,enabled,hadax,,,,
1218,ring,eth,6,2,main,ringeth,offline,8,1.0,8000000.0,0.001,1.0,8000000.0,8000000.0,8000000.0,1.1,0.9,1.0,800000.0,260.0,0.1,0.1,enabled,,,,,
1219,ff,usdt,5,4,main,ffusdt,online,8,1.0,2000000.0,10.0,1.0,2000000.0,2000000.0,2000000.0,1.1,0.9,1.0,674395.0,50000.0,0.05,0.05,enabled,,,,,
1220,wmt,usdt,4,4,main,wmtusdt,offline,8,0.01,4321521.0,10.0,0.01,4321521.0,4321521.0,4321521.0,1.1,0.9,0.01,432152.0,100000.0,0.1,0.1,enabled,,,,,
1221,value,btc,8,4,main,valuebtc,offline,8,0.001,389904.0,0.0001,0.001,389904.0,389904.0,389904.0,1.1,0.9,0.001,38990.0,7.0,0.1,0.1,enabled,,,,,
1222,sats,usdt,10,2,main,satsusdt,online,8,1.0,7000000000000.0,10.0,1.0,7000000000000.0,7000000000000.0,7000000000000.0,1.1,0.9,1.0,2951745380013.0,50000.0,0.04,0.04,enabled,,,,,
1223,waxp,eth,8,4,main,waxpeth,offline,8,1.0,17000000.0,0.001,1.0,17000000.0,17000000.0,17000000.0,1.1,0.9,1.0,1700000.0,360.0,0.1,0.1,enabled,,,,,
1224,ept,usdt,6,4,main,eptusdt,online,8,1.0,16666666.0,10.0,1.0,16666666.0,16666666.0,16666666.0,1.1,0.9,1.0,65445026.0,50000.0,0.05,0.05,enabled,,,,,
1225,fis,usdt,5,2,main,fisusdt,online,8,0.01,1000000.0,10.0,0.01,1000000.0,1000000.0,1000000.0,1.25,0.75,0.01,111111111.0,100000.0,0.1,0.1,enabled,"st,activities",,,,
1226,goat,usdt,4,4,main,goatusdt,online,8,0.1,2862868.0,10.0,0.1,2862868.0,2862868.0,2862868.0,1.1,0.9,0.1,1121677.0,20000.0,0.1,0.1,enabled,,,,,
1227,adx,eth,10,2,main,adxeth,offline,8,0.01,12015.4633,0.001,0.01,12015.4633,12015.4633,12015.4633,1.1,0.9,0.01,12015.4633,0.4159,0.1,0.1,enabled,,,,1000.0,
1228,coti,usdt,4,2,main,cotiusdt,online,8,0.01,2452783.0,10.0,0.01,2452783.0,2452783.0,2452783.0,1.1,0.9,0.01,6578947.0,100000.0,0.1,0.1,enabled,,,,,
1229,mono,usdt,5,4,main,monousdt,offline,8,0.01,2500000.0,10.0,0.01,2500000.0,2500000.0,2500000.0,1.1,0.9,0.01,250000.0,100000.0,0.1,0.1,enabled,,,,,
1230,link,eth,8,2,main,linketh,offline,8,0.01,100000.0,0.001,0.01,100000.0,100000.0,100000.0,1.1,0.9,0.01,10000.0,260.0,0.1,0.1,enabled,,,,,
1231,gmee,usdt,6,4,main,gmeeusdt,offline,8,0.01,7923930.0,10.0,0.01,7923930.0,7923930.0,7923930.0,1.1,0.9,0.01,792393.0,100000.0,0.1,0.1,enabled,st,,,,
1232,btc,tusd,2,6,main,btctusd,offline,8,0.0001,50.0,10.0,0.0001,50.0,50.0,50.0,1.1,0.9,0.0001,5.0,100000.0,0.1,0.1,enabled,zerofee,,,,
1233,mass,btc,8,2,st,massbtc,offline,8,0.01,2437241.0,0.0001,0.01,2437241.0,2437241.0,2437241.0,1.1,0.9,0.01,243724.0,5.0,0.1,0.1,enabled,,,,,
1234,kaito,usdt,4,4,main,kaitousdt,online,8,0.1,500000.0,10.0,0.1,500000.0,500000.0,500000.0,1.1,0.9,0.1,103475.0,50000.0,0.05,0.05,enabled,,,,,
1235,azero,usdt,5,4,main,azerousdt,offline,8,0.01,1447596.0,10.0,0.01,1447596.0,1447596.0,1447596.0,1.1,0.9,0.01,2376646.0,100000.0,0.1,0.1,enabled,st,,,,
1236,euroc,usdt,4,4,main,eurocusdt,online,8,0.1,1000000.0,10.0,0.1,1000000.0,1000000.0,1000000.0,1.1,0.9,0.1,84723.0,100000.0,0.1,0.1,enabled,,,,,
1237,salt,eth,8,4,st,salteth,offline,8,0.1,1225.581,0.001,0.1,1225.581,1225.581,1225.581,1.1,0.9,0.1,1225.581,0.4159,0.1,0.1,enabled,st,,,1000.0,
1238,hbc,usdt,4,2,main,hbcusdt,offline,8,0.01,39557.0,10.0,0.01,39557.0,39557.0,39557.0,1.1,0.9,0.01,3955.0,100000.0,0.1,0.1,enabled,,,,,
1239,win,usdt,8,2,main,winusdt,online,8,1.0,3716090672.0,10.0,1.0,3716090672.0,3716090672.0,3716090672.0,1.1,0.9,1.0,933991187.0,20000.0,0.05,0.05,enabled,,3.0,,,
1240,ring,usdt,6,2,main,ringusdt,offline,8,1.0,8000000.0,10.0,1.0,8000000.0,8000000.0,8000000.0,1.1,0.9,1.0,800000.0,100000.0,0.1,0.1,enabled,activities,,,,
1241,smiley,usdt,14,1,main,smileyusdt,offline,8,1.0,1e+16,10.0,1.0,1e+16,1e+16,1e+16,1.1,0.9,1.0,9.218442046420387e+16,100000.0,0.1,0.1,enabled,st,,,,
1242,btf,usdt,6,4,main,btfusdt,offline,8,1.0,340000000.0,10.0,1.0,340000000.0,340000000.0,340000000.0,1.1,0.9,1.0,232112221.0,100000.0,0.1,0.1,enabled,st,,,,
1243,wwy,usdt,8,4,main,wwyusdt,offline,8,0.1,31739431.0,10.0,0.1,31739431.0,31739431.0,31739431.0,1.1,0.9,0.1,10676321775.0,100000.0,0.1,0.1,enabled,st,,,,
1244,ethw,usdt,4,4,main,ethwusdt,online,8,0.01,100000.0,10.0,0.01,100000.0,100000.0,100000.0,1.1,0.9,0.01,280563.0,100000.0,0.1,0.1,enabled,,,,,
1245,omg,btc,8,4,main,omgbtc,offline,8,0.01,310000.0,0.0001,0.01,310000.0,310000.0,310000.0,1.1,0.9,0.01,31000.0,10.0,0.1,0.1,enabled,,,3.0,,
1246,pundix,btc,8,4,main,pundixbtc,offline,8,0.001,311613.0,0.0001,0.001,311613.0,311613.0,311613.0,1.1,0.9,0.001,31161.0,3.0,0.1,0.1,enabled,,,,,
1247,wpr,eth,8,2,st,wpreth,offline,8,0.01,120000000.0,0.001,0.01,120000000.0,120000000.0,120000000.0,1.1,0.9,0.1,12000000.0,270.0,0.1,0.1,enabled,,,,,
1248,xpl,usdt,4,4,main,xplusdt,online,8,0.01,800000.0,10.0,0.01,800000.0,800000.0,800000.0,1.1,0.9,0.01,391582.0,50000.0,0.05,0.05,enabled,,3.0,,,
1249,ksm,husd,4,4,main,ksmhusd,offline,8,0.01,18085.0,1.0,0.01,18085.0,18085.0,18085.0,1.1,0.9,0.01,1808.0,100000.0,0.1,0.1,enabled,,,,,
1250,wnd,usdt,4,4,st,wndusdt,offline,8,0.001,308641.0,10.0,0.001,308641.0,308641.0,308641.0,1.1,0.9,0.001,30864.0,100000.0,0.1,0.1,enabled,,,,,
1251,eth,btc,6,4,main,ethbtc,online,4,0.001,10000.0,0.0001,0.001,10000.0,10000.0,10000.0,1.1,0.9,0.001,1000.0,100.0,0.03,0.03,enabled,,,3.0,,
1252,trump,usdt,4,4,main,trumpusdt,online,8,0.001,69300.0,5.0,0.001,69300.0,69300.0,69300.0,1.1,0.9,0.001,16648.0,50000.0,0.05,0.05,enabled,,3.0,,,
1253,vidy,ht,6,2,st,vidyht,offline,8,1.0,530000000.0,0.1,1.0,530000000.0,530000000.0,530000000.0,1.1,0.9,1.0,53000000.0,35000.0,0.1,0.1,enabled,,,,,
1254,xeno,usdt,7,4,main,xenousdt,offline,8,1.0,23094688.0,10.0,1.0,23094688.0,23094688.0,23094688.0,1.1,0.9,1.0,1366201366.0,100000.0,0.1,0.1,enabled,st,,,,
1255,cvc,btc,8,0,main,cvcbtc,offline,8,0.1,2000000.0,0.0001,0.1,2000000.0,2000000.0,2000000.0,1.1,0.9,0.1,200000.0,100.0,0.1,0.1,enabled,,,,,
1256,mdx,ht,4,2,main,mdxht,offline,8,0.01,398692.0,0.1,0.01,398692.0,398692.0,398692.0,1.1,0.9,0.01,39869.0,10562.0,0.1,0.1,enabled,,,,,
1257,xvs,usdt,4,4,main,xvsusdt,online,8,0.01,101010.0,10.0,0.01,101010.0,101010.0,101010.0,1.1,0.9,0.01,33628.0,100000.0,0.1,0.1,enabled,,,,,
1258,kaia,usdt,4,4,main,kaiausdt,online,8,0.01,2343566.0,10.0,0.01,2343566.0,2343566.0,2343566.0,1.1,0.9,0.01,1980368.0,100000.0,0.1,0.1,enabled,,3.0,,,
1259,vet,eth,8,2,main,veteth,offline,8,1.0,80000000.0,0.001,1.0,80000000.0,80000000.0,80000000.0,1.1,0.9,1.0,8000000.0,270.0,0.1,0.1,enabled,,,,,
1260,sushi,btc,8,2,main,sushibtc,offline,8,0.001,140000.0,0.0001,0.001,140000.0,140000.0,140000.0,1.1,0.9,0.001,14000.0,8.0,0.1,0.1,enabled,,,3.0,,
1261,gbp,usdt,3,1,main,gbpusdt,offline,8,0.1,797200.0,10.0,0.1,797200.0,797200.0,797200.0,1.1,0.9,0.1,79720.0,100000.0,0.1,0.1,enabled,"griddisabled,fiat",,,,
1262,chr,ht,6,2,main,chrht,offline,8,1.0,24000000.0,0.1,1.0,24000000.0,24000000.0,24000000.0,1.1,0.9,1.0,2400000.0,34000.0,0.1,0.1,enabled,,,,,
1263,xtz,usdt,4,4,main,xtzusdt,online,8,0.01,1000000.0,10.0,0.01,1000000.0,1000000.0,1000000.0,1.1,0.9,0.1,530963.0,200000.0,0.1,0.1,enabled,,3.0,3.0,,
1264,bix,eth,8,4,main,bixeth,offline,8,0.1,950000.0,0.001,0.1,950000.0,950000.0,950000.0,1.1,0.9,0.1,95000.0,50.0,0.1,0.1,enabled,,,,,
1265,dgb,usdt,6,4,main,dgbusdt,online,8,1.0,71326676.0,10.0,1.0,71326676.0,71326676.0,71326676.0,1.1,0.9,1.0,25787644.0,100000.0,0.1,0.1,enabled,,,,,
1266,oxt,btc,8,2,main,oxtbtc,offline,8,0.01,3553660.0,0.0001,0.01,3553660.0,3553660.0,3553660.0,1.1,0.9,0.01,355366.0,4.0,0.1,0.1,enabled,,,,,
1267,mask,usdd,4,4,main,maskusdd,offline,8,0.001,440528.0,10.0,0.001,440528.0,440528.0,440528.0,1.1,0.9,0.001,44052.0,100000.0,0.1,0.1,enabled,zerofee,,,,
1268,uxlink,usdt,5,4,main,uxlinkusdt,online,8,0.1,11111111.0,10.0,0.1,11111111.0,11111111.0,11111111.0,1.1,0.9,0.1,28829280.0,50000.0,0.1,0.1,enabled,st,,,,
1269,dc,usdt,8,4,main,dcusdt,offline,8,1.0,325203252.0,10.0,1.0,325203252.0,325203252.0,325203252.0,1.1,0.9,1.0,3365870077.0,100000.0,0.1,0.1,enabled,st,,,,
1270,vic,usdt,4,4,main,vicusdt,online,4,0.1,1267427.0,10.0,0.1,1267427.0,1267427.0,1267427.0,1.25,0.75,0.1,4291845.0,100000.0,0.1,0.1,enabled,st,,,,
1271,red,usdt,4,4,main,redusdt,online,8,0.1,2000000.0,1.0,0.1,2000000.0,2000000.0,2000000.0,1.1,0.9,0.1,350022.0,50000.0,0.05,0.05,enabled,,,,,
1272,plato,usdt,6,4,st,platousdt,offline,8,1.0,100000000.0,10.0,1.0,100000000.0,100000000.0,100000000.0,1.1,0.9,1.0,10000000.0,100000.0,0.1,0.1,enabled,,,,,
1273,prisma,usdt,4,4,main,prismausdt,offline,8,0.1,5000000.0,10.0,0.1,5000000.0,5000000.0,5000000.0,1.1,0.9,0.1,500000.0,100000.0,0.1,0.1,enabled,st,,,,
1274,manyu,usdt,12,2,main,manyuusdt,online,8,1.0,64591138095853.0,10.0,1.0,64591138095853.0,64591138095853.0,64591138095853.0,1.1,0.9,1.0,7105168856672.0,50000.0,0.05,0.05,enabled,innovate,,,,
1275,btg,btc,6,4,st,btgbtc,offline,8,0.001,13000.0,0.0001,0.001,13000.0,13000.0,13000.0,1.1,0.9,0.001,1300.0,2.0,0.1,0.1,enabled,,,,,
1276,ir,usdt,4,4,main,irusdt,online,8,0.1,5000000.0,10.0,0.1,5000000.0,5000000.0,5000000.0,1.1,0.9,0.1,920368.0,50000.0,0.05,0.05,enabled,,,,,
1277,enj,btc,8,4,main,enjbtc,offline,8,0.001,361899.0,0.0001,0.001,361899.0,361899.0,361899.0,1.1,0.9,0.001,36189.0,3.0,0.1,0.1,enabled,,,,,
1278,moca,usdt,5,4,main,mocausdt,online,8,1.0,25393600.0,10.0,1.0,25393600.0,25393600.0,25393600.0,1.1,0.9,1.0,7009844.0,100000.0,0.1,0.1,enabled,,3.0,,,
1279,bonk,usdt,10,2,main,bonkusdt,online,8,1.0,1500000000000.0,1.0,1.0,1500000000000.0,1500000000000.0,1500000000000.0,1.1,0.9,1.0,15628885986.0,100000.0,0.03,0.03,enabled,,3.0,3.0,,
1280,mln,btc,6,4,main,mlnbtc,offline,8,0.001,20000.0,0.0001,0.001,20000.0,20000.0,20000.0,1.1,0.9,0.001,2000.0,8.0,0.1,0.1,enabled,,,,,
1281,cel,usdt,4,4,st,celusdt,offline,8,0.001,434782.0,10.0,0.001,434782.0,434782.0,434782.0,1.1,0.9,0.001,43478.0,100000.0,0.1,0.1,enabled,,,,,
1282,ekt,usdt,6,2,st,ektusdt,offline,8,0.1,10000000.0,10.0,0.1,10000000.0,10000000.0,10000000.0,1.1,0.9,0.1,1000000.0,200000.0,0.1,0.1,enabled,hadax,,,,
1283,yam,eth,6,4,st,yameth,offline,8,0.001,199171.0,0.001,0.001,199171.0,199171.0,199171.0,1.1,0.9,0.001,19917.0,61.0,0.1,0.1,enabled,,,,,
1284,fota,usdt,6,4,main,fotausdt,offline,8,0.01,5882352.0,10.0,0.01,5882352.0,5882352.0,5882352.0,1.1,0.9,0.01,588235.0,100000.0,0.1,0.1,enabled,,,,,
1285,cake,usdt,4,4,main,cakeusdt,online,8,0.001,118623.0,10.0,0.001,118623.0,118623.0,118623.0,1.1,0.9,0.001,63276.0,100000.0,0.1,0.1,enabled,,,,,
1286,ords,usdt,6,4,main,ordsusdt,offline,8,1.0,12715851.0,10.0,1.0,12715851.0,12715851.0,12715851.0,1.1,0.9,1.0,1271585.0,100000.0,0.1,0.1,enabled,,,,,
1287,act,usdt,6,2,main,actusdt,offline,8,0.1,100000000.0,10.0,0.1,100000000.0,100000000.0,100000000.0,1.1,0.9,0.1,10000000.0,100000.0,0.1,0.1,enabled,,,,,
1288,wsdm,usdt,7,4,main,wsdmusdt,online,8,1.0,33333333.0,10.0,1.0,33333333.0,33333333.0,33333333.0,1.25,0.75,1.0,338933097.0,100000.0,0.1,0.1,enabled,st,,,,
1289,skm,ht,6,2,st,skmht,offline,8,1.0,390000000.0,0.1,1.0,390000000.0,390000000.0,390000000.0,1.1,0.9,1.0,39000000.0,25000.0,0.1,0.1,enabled,,,,,
1290,but,eth,12,2,st,buteth,offline,8,1.0,50000000.0,0.001,1.0,50000000.0,50000000.0,50000000.0,1.1,0.9,1.0,5000000.0,100.0,0.05,0.05,enabled,hadax,,,,
1291,flr,usdt,4,4,main,flrusdt,online,8,1.0,10000000.0,10.0,1.0,10000000.0,10000000.0,10000000.0,1.1,0.9,1.0,12067156.0,100000.0,0.1,0.1,enabled,,,,,
1292,ekt,btc,10,2,st,ektbtc,offline,8,0.1,5000000.0,0.0001,0.1,5000000.0,5000000.0,5000000.0,1.1,0.9,0.1,500000.0,5.0,0.05,0.05,enabled,hadax,,,,
1293,looks,usdt,6,4,main,looksusdt,offline,8,0.001,649350.0,10.0,0.001,649350.0,649350.0,649350.0,1.25,0.75,0.001,76602830.0,100000.0,0.1,0.1,enabled,st,,,,
1294,aergo,usdt,5,4,main,aergousdt,online,8,0.01,4395604.0,10.0,0.01,4395604.0,4395604.0,4395604.0,1.1,0.9,0.01,1778025.0,100000.0,0.1,0.1,enabled,,,,,
1295,og,usdt,4,4,main,ogusdt,online,8,0.001,287438.0,10.0,0.001,287438.0,287438.0,287438.0,1.1,0.9,0.001,32422.0,100000.0,0.1,0.1,enabled,,,,,
1296,fis,eth,6,2,main,fiseth,offline,8,0.01,1000000.0,0.001,0.01,1000000.0,1000000.0,1000000.0,1.1,0.9,0.01,100000.0,220.0,0.1,0.1,enabled,,,,,
1297,cru,btc,8,2,main,crubtc,offline,8,0.01,500000.0,0.0001,0.01,500000.0,500000.0,500000.0,1.1,0.9,0.01,50000.0,9.0,0.1,0.1,enabled,,,,,
1298,tia,usdt,4,4,main,tiausdt,online,8,0.01,500000.0,5.0,0.01,500000.0,500000.0,500000.0,1.1,0.9,0.01,238661.0,100000.0,0.1,0.1,enabled,,3.0,,,
1299,xmx,usdt,8,2,st,xmxusdt,offline,8,1.0,1300000000.0,10.0,1.0,1300000000.0,1300000000.0,1300000000.0,1.1,0.9,1.0,130000000.0,100000.0,0.1,0.1,enabled,hadax,,,,
1300,mcrt,usdt,7,4,main,mcrtusdt,online,8,1.0,82781456.0,10.0,1.0,82781456.0,82781456.0,82781456.0,1.25,0.75,1.0,987463506.0,100000.0,0.1,0.1,enabled,st,,,,
1301,render,usdt,4,4,main,renderusdt,online,8,0.01,154861.0,5.0,0.01,154861.0,154861.0,154861.0,1.1,0.9,0.01,53606.0,100000.0,0.1,0.1,enabled,,,,,
1302,ape,usdd,4,4,main,apeusdd,offline,8,0.001,211581.0,10.0,0.001,211581.0,211581.0,211581.0,1.1,0.9,0.001,21158.0,100000.0,0.1,0.1,enabled,zerofee,,,,
1303,ren,btc,8,2,main,renbtc,offline,8,1.0,5000000.0,0.0001,1.0,5000000.0,5000000.0,5000000.0,1.1,0.9,1.0,500000.0,10.0,0.05,0.05,enabled,hadax,,,,
1304,gme,usdt,6,4,main,gmeusdt,offline,8,1.0,109613065.0,1.0,1.0,109613065.0,109613065.0,109613065.0,1.1,0.9,1.0,124972831.0,100000.0,0.1,0.1,enabled,st,,,,
1305,dat,btc,10,2,st,datbtc,offline,8,1.0,5000000.0,0.0001,1.0,5000000.0,5000000.0,5000000.0,1.1,0.9,1.0,500000.0,100.0,0.1,0.1,enabled,abnormalmarket,,,,
1306,lun,eth,6,4,st,luneth,offline,8,0.001,5823.3234,0.001,0.001,5823.3234,5823.3234,5823.3234,1.1,0.9,0.001,5823.3234,0.4159,0.1,0.1,enabled,st,,,1000.0,
1307,enso,usdt,4,4,main,ensousdt,online,8,0.01,333333.0,10.0,0.01,333333.0,333333.0,333333.0,1.1,0.9,0.01,55352.0,50000.0,0.05,0.05,enabled,,3.0,,,
1308,zec3s,usdt,10,4,main,zec3susdt,offline,8,0.01,7899934167.2152,10.0,0.01,7899934167.2152,7899934167.2152,7899934167.2152,1.5,0.5,0.01,7899934167.2152,600.0,0.1,0.1,enabled,"etp,nav,holdinglimit",,,600.0,
1309,icp,btc,6,4,main,icpbtc,offline,8,0.0001,8333.0,0.0001,0.0001,8333.0,8333.0,8333.0,1.1,0.9,0.0001,833.0,3.0,0.1,0.1,enabled,,,,,
1310,comp,eth,4,2,main,competh,offline,8,0.01,5000.0,0.001,0.01,5000.0,5000.0,5000.0,1.1,0.9,0.01,500.0,240.0,0.1,0.1,enabled,,,,,
1311,cro,ht,4,2,st,croht,offline,8,1.0,10000000.0,0.1,1.0,10000000.0,10000000.0,10000000.0,1.1,0.9,1.0,1000000.0,17000.0,0.1,0.1,enabled,abnormalmarket,,,,
1312,mana,btc,8,0,main,manabtc,offline,8,1.0,10000000.0,0.0001,1.0,10000000.0,10000000.0,10000000.0,1.1,0.9,1.0,500000.0,100.0,0.1,0.1,enabled,,,,,
1313,node,usdt,8,2,st,nodeusdt,offline,8,1.0,640000000.0,10.0,1.0,640000000.0,640000000.0,640000000.0,1.1,0.9,1.0,64000000.0,200000.0,0.1,0.1,enabled,,,,,
1314,jasmy,usdt,6,4,main,jasmyusdt,online,8,0.1,32690421.0,10.0,0.1,32690421.0,32690421.0,32690421.0,1.1,0.9,0.1,17206810.0,100000.0,0.1,0.1,enabled,,,,,
1315,acs,usdt,6,4,main,acsusdt,online,8,1.0,241662638.0,10.0,1.0,241662638.0,241662638.0,241662638.0,1.25,0.75,1.0,980392156.0,100000.0,0.1,0.1,enabled,st,,,,
1316,pai,eth,8,4,st,paieth,offline,8,0.1,4500000.0,0.001,0.1,4500000.0,4500000.0,4500000.0,1.1,0.9,0.1,450000.0,50.0,0.1,0.1,enabled,,,,,
1317,gno,usdt,4,4,main,gnousdt,online,8,0.0001,5263.0,10.0,0.0001,5263.0,5263.0,5263.0,1.1,0.9,0.0001,805.0,100000.0,0.1,0.1,enabled,,,,,
1318,spume,usdt,7,4,main,spumeusdt,offline,8,0.1,2000000.0,10.0,0.1,2000000.0,2000000.0,2000000.0,1.1,0.9,0.1,200000.0,100000.0,0.1,0.1,enabled,,,,,
1319,zeus,usdt,4,4,main,zeususdt,online,8,0.1,1307018.0,10.0,0.1,1307018.0,1307018.0,1307018.0,1.1,0.9,0.1,14188772.0,100000.0,0.1,0.1,enabled,,,,,
1320,pay,btc,10,2,st,paybtc,offline,8,0.1,500000.0,0.0001,0.1,500000.0,500000.0,500000.0,1.1,0.9,0.1,50000.0,100.0,0.1,0.1,enabled,,,,,
1321,spk,usdt,6,4,main,spkusdt,online,8,1.0,20000000.0,10.0,1.0,20000000.0,20000000.0,20000000.0,1.1,0.9,1.0,2131496.0,50000.0,0.05,0.05,enabled,,,,,
1322,polyx,btc,8,2,main,polyxbtc,offline,8,0.1,1000000.0,0.0001,0.1,1000000.0,1000000.0,1000000.0,1.1,0.9,0.1,100000.0,5.0,0.1,0.1,enabled,,,,,
1323,dfa,usdt,4,4,st,dfausdt,offline,8,0.1,10000000.0,10.0,0.1,10000000.0,10000000.0,10000000.0,1.1,0.9,0.1,1000000.0,100000.0,0.1,0.1,enabled,,,,,
1324,maga,usdt,8,2,main,magausdt,offline,8,1.0,5611672278.0,10.0,1.0,5611672278.0,5611672278.0,5611672278.0,1.1,0.9,1.0,28674728836.0,100000.0,0.1,0.1,enabled,st,,,,
1325,knc,eth,8,2,main,knceth,offline,8,0.1,1000000.0,0.001,0.1,1000000.0,1000000.0,1000000.0,1.1,0.9,0.1,100000.0,500.0,0.1,0.1,enabled,,,,,
1326,vsys,btc,10,2,main,vsysbtc,offline,8,0.1,5600000.0,0.0001,0.1,5600000.0,5600000.0,5600000.0,1.1,0.9,0.1,560000.0,20.0,0.1,0.1,enabled,,,,,
1327,hgg,usdt,6,4,main,hggusdt,offline,8,1.0,830000000.0,10.0,1.0,830000000.0,830000000.0,830000000.0,1.1,0.9,1.0,193521245.0,100000.0,0.1,0.1,enabled,st,,,,
1328,dock,btc,10,2,st,dockbtc,offline,8,1.0,70000000.0,0.0001,1.0,70000000.0,70000000.0,70000000.0,1.1,0.9,1.0,7000000.0,20.0,0.1,0.1,enabled,,,,,
1329,chz,usdd,6,4,main,chzusdd,offline,8,1.0,9398496.0,10.0,1.0,9398496.0,9398496.0,9398496.0,1.1,0.9,1.0,939849.0,100000.0,0.1,0.1,enabled,zerofee,,,,
1330,ftt,ht,6,4,main,fttht,offline,8,0.01,700000.0,0.1,0.01,700000.0,700000.0,700000.0,1.1,0.9,0.01,70000.0,35000.0,0.1,0.1,enabled,,,,,
1331,nexo,btc,8,2,main,nexobtc,offline,8,1.0,6000000.0,0.0001,1.0,6000000.0,6000000.0,6000000.0,1.1,0.9,1.0,600000.0,8.0,0.1,0.1,enabled,,,,,
1332,strx,trx,4,4,main,strxtrx,offline,8,1.0,15228812.0,10.0,1.0,15228812.0,15228812.0,15228812.0,1.1,0.9,1.0,15854568.0,1508841.0,0.1,0.1,enabled,,,,,
1333,xcn,usdt,6,4,main,xcnusdt,online,8,0.1,10949304.0,10.0,0.1,10949304.0,10949304.0,10949304.0,1.1,0.9,0.1,20941264.0,100000.0,0.1,0.1,enabled,,,,,
1334,bot,usdt,2,6,st,botusdt,offline,8,1e-05,1697.0,10.0,1e-05,1697.0,1697.0,1697.0,1.1,0.9,1e-05,169.0,100000.0,0.1,0.1,enabled,,,,,
1335,dash,btc,6,4,main,dashbtc,offline,8,0.001,10000.0,0.0001,0.001,10000.0,10000.0,10000.0,1.1,0.9,0.001,1000.0,100.0,0.1,0.1,enabled,,,,,
1336,usdc,husd,4,4,main,usdchusd,offline,8,0.1,1500000.0,1.0,0.1,1500000.0,1500000.0,1500000.0,1.1,0.9,0.1,150000.0,150000.0,0.1,0.1,enabled,crypto,,,,
1337,forth,usdt,4,4,main,forthusdt,online,8,0.0001,20523.0,10.0,0.0001,20523.0,20523.0,20523.0,1.1,0.9,0.0001,333333.0,100000.0,0.1,0.1,enabled,,,,,
1338,xmr,usdc,2,4,main,xmrusdc,offline,8,0.001,8896.0,10.0,0.001,8896.0,8896.0,8896.0,1.1,0.9,0.001,889.0,100000.0,0.1,0.1,enabled,,,,,
1339,xtz,husd,4,4,main,xtzhusd,offline,8,0.01,250000.0,1.0,0.01,250000.0,250000.0,250000.0,1.1,0.9,0.01,25000.0,100000.0,0.1,0.1,enabled,,,,,
1340,loom,btc,8,2,main,loombtc,offline,8,1.0,14000000.0,0.0001,1.0,14000000.0,14000000.0,14000000.0,1.1,0.9,1.0,1400000.0,20.0,0.1,0.1,enabled,,,,,
1341,pols,eth,8,2,main,polseth,offline,8,0.01,821018.0,0.001,0.01,821018.0,821018.0,821018.0,1.1,0.9,0.01,82101.0,89.0,0.1,0.1,enabled,,,,,
1342,zbcn,usdt,7,4,main,zbcnusdt,online,8,1.0,306166187.0,1.0,1.0,306166187.0,306166187.0,306166187.0,1.1,0.9,1.0,35905633.0,100000.0,0.1,0.1,enabled,,,,,
1343,zkp,usdt,4,4,main,zkpusdt,online,8,0.1,5000000.0,10.0,0.1,5000000.0,5000000.0,5000000.0,1.1,0.9,0.1,653817.0,50000.0,0.05,0.05,enabled,,3.0,,,
1344,lsk,usdt,4,4,main,lskusdt,online,8,0.1,1161741.0,10.0,0.1,1161741.0,1161741.0,1161741.0,1.1,0.9,0.1,735341.0,100000.0,0.1,0.1,enabled,,,,,
1345,sprt,usdt,6,4,main,sprtusdt,offline,8,0.001,8900000000.0,10.0,0.001,8900000000.0,8900000000.0,8900000000.0,1.1,0.9,0.001,890000000.0,100000.0,0.1,0.1,enabled,,,,,
1346,cro,btc,8,2,st,crobtc,offline,8,1.0,10000000.0,0.0001,1.0,10000000.0,10000000.0,10000000.0,1.1,0.9,1.0,1000000.0,7.0,0.1,0.1,enabled,,,,,
1347,hoop,usdt,8,4,main,hoopusdt,offline,8,1.0,23568230.0,10.0,1.0,23568230.0,23568230.0,23568230.0,1.1,0.9,1.0,2356823.0,100000.0,0.1,0.1,enabled,,,,,
1348,map,usdt,5,2,main,mapusdt,offline,8,1.0,24182317.0,10.0,1.0,24182317.0,24182317.0,24182317.0,1.1,0.9,1.0,2418231.0,100000.0,0.1,0.1,enabled,,,,,
1349,bnt,usdt,4,2,main,bntusdt,online,8,0.01,500000.0,10.0,0.01,500000.0,500000.0,500000.0,1.1,0.9,0.01,312296.0,100000.0,0.1,0.1,enabled,,,,,
1350,omni,usdt,4,4,main,omniusdt,offline,8,0.1,1000000.0,10.0,0.1,1000000.0,1000000.0,1000000.0,1.1,0.9,0.1,23928.0,100000.0,0.1,0.1,enabled,,,,,
1351,sudo,usdt,4,4,st,sudousdt,offline,8,0.01,292397.0,10.0,0.01,292397.0,292397.0,292397.0,1.1,0.9,0.01,29239.0,100000.0,0.1,0.1,enabled,,,,,
1352,gor,usdt,6,4,main,gorusdt,online,8,1.0,30303030.0,10.0,1.0,30303030.0,30303030.0,30303030.0,1.25,0.75,1.0,22515026.0,50000.0,0.05,0.05,enabled,st,,,,
1353,iic,btc,12,2,st,iicbtc,offline,8,1.0,500000000.0,0.0001,1.0,500000000.0,500000000.0,500000000.0,1.1,0.9,1.0,50000000.0,10.0,0.1,0.1,enabled,"abnormalmarket,hadax",,,,
1354,bully,usdt,5,4,main,bullyusdt,offline,8,1.0,11199462.0,10.0,1.0,11199462.0,11199462.0,11199462.0,1.1,0.9,1.0,33655253.0,100000.0,0.1,0.1,enabled,st,,,,
1355,gt,btc,8,2,main,gtbtc,offline,8,0.1,1700000.0,0.0001,0.1,1700000.0,1700000.0,1700000.0,1.1,0.9,0.1,170000.0,20.0,0.1,0.1,enabled,,,,,
1356,near,usdc,4,2,main,nearusdc,offline,8,0.01,195951.0,10.0,0.01,195951.0,195951.0,195951.0,1.1,0.9,0.01,19595.0,100000.0,0.1,0.1,enabled,,,,,
1357,movr,usdt,4,4,main,movrusdt,online,8,0.0001,606.1414,10.0,0.0001,606.1414,606.1414,12658.0,1.1,0.9,0.0001,18820.0,50000.0,0.1,0.1,enabled,,,,50000.0,
1358,nxpc,usdt,4,4,main,nxpcusdt,online,8,0.01,373831.0,10.0,0.01,373831.0,373831.0,373831.0,1.1,0.9,0.01,169087.0,50000.0,0.05,0.05,enabled,,,,,
1359,ao,usdt,4,4,main,aousdt,online,8,0.01,200000.0,10.0,0.01,200000.0,200000.0,200000.0,1.1,0.9,0.01,18468.0,50000.0,0.05,0.05,enabled,innovate,,,,
1360,gummy,usdt,6,4,main,gummyusdt,offline,8,0.1,8271298.0,10.0,0.1,8271298.0,8271298.0,8271298.0,1.1,0.9,0.1,121320814.0,100000.0,0.1,0.1,enabled,st,,,,
1361,ae,eth,8,4,st,aeeth,offline,8,0.01,200000.0,0.001,0.01,200000.0,200000.0,200000.0,1.1,0.9,0.01,20000.0,100.0,0.1,0.1,enabled,hadax,,,,
1362,blue,usdt,4,4,main,blueusdt,online,8,0.1,5555555.0,10.0,0.1,5555555.0,5555555.0,5555555.0,1.1,0.9,0.1,2835305.0,50000.0,0.05,0.05,enabled,,,,,
1363,npxs,eth,10,2,st,npxseth,offline,8,1.0,1200000000.0,0.001,1.0,1200000000.0,1200000000.0,1200000000.0,1.1,0.9,1.0,120000000.0,500.0,0.1,0.1,enabled,,,,,
1364,mx,usdt,4,2,main,mxusdt,online,8,0.1,7000000.0,10.0,0.1,7000000.0,7000000.0,7000000.0,1.1,0.9,0.1,112131.0,200000.0,0.1,0.1,enabled,,,,,
1365,nom,usdt,6,4,main,nomusdt,online,8,1.0,17985611.0,10.0,1.0,17985611.0,17985611.0,17985611.0,1.1,0.9,1.0,15560727.0,50000.0,0.05,0.05,enabled,,,,,
1366,prom,usdt,4,4,main,promusdt,online,8,0.01,131752.0,10.0,0.01,131752.0,131752.0,131752.0,1.25,0.75,0.01,148829.0,100000.0,0.1,0.1,enabled,st,,,,
1367,cube,usdt,4,4,st,cubeusdt,offline,8,0.01,3333333.0,10.0,0.01,3333333.0,3333333.0,3333333.0,1.1,0.9,0.01,333333.0,100000.0,0.1,0.1,enabled,,,,,
1368,reth,usdt,6,4,st,rethusdt,offline,8,0.1,24154589.0,10.0,0.1,24154589.0,24154589.0,24154589.0,1.1,0.9,0.1,2415458.0,100000.0,0.1,0.1,enabled,,,,,
1369,trx,husd,6,4,main,trxhusd,offline,8,1.0,38000000.0,1.0,1.0,38000000.0,38000000.0,38000000.0,1.1,0.9,1.0,3800000.0,100000.0,0.1,0.1,enabled,crypto,,,,
1370,woo,usdt,5,2,main,woousdt,online,8,0.1,50000000.0,10.0,0.1,50000000.0,50000000.0,50000000.0,1.1,0.9,0.1,5192928.0,100000.0,0.1,0.1,enabled,,,,,
1371,pandora,usdt,2,6,main,pandorausdt,offline,8,1e-05,107.0,10.0,1e-05,107.0,107.0,107.0,1.1,0.9,1e-05,147.0,100000.0,0.1,0.1,enabled,st,,,,
1372,bts,eth,8,2,main,btseth,offline,8,0.1,5000000.0,0.001,0.1,5000000.0,5000000.0,5000000.0,1.1,0.9,0.1,500000.0,500.0,0.1,0.1,enabled,,,,,
1373,strk,usdt,4,4,main,strkusdt,online,8,0.1,1250000.0,10.0,0.1,1250000.0,1250000.0,1250000.0,1.1,0.9,0.1,2708431.0,100000.0,0.1,0.1,enabled,,,,,
1374,shib,usdd,8,2,main,shibusdd,offline,8,1.0,123258967089.0,10.0,1.0,123258967089.0,123258967089.0,123258967089.0,1.1,0.9,1.0,12325896708.0,100000.0,0.1,0.1,enabled,zerofee,,,,
1375,dop,usdt,7,4,main,dopusdt,offline,8,1.0,40000000.0,10.0,1.0,40000000.0,40000000.0,40000000.0,1.1,0.9,1.0,338514070.0,100000.0,0.1,0.1,enabled,,,,,
1376,skm,btc,10,2,st,skmbtc,offline,8,1.0,390000000.0,0.0001,1.0,390000000.0,390000000.0,390000000.0,1.1,0.9,1.0,39000000.0,10.0,0.1,0.1,enabled,,,,,
1377,tt,usdt,6,2,main,ttusdt,online,8,1.0,100000000.0,10.0,1.0,100000000.0,100000000.0,100000000.0,1.1,0.9,1.0,108700789.0,100000.0,0.1,0.1,enabled,,,,,
1378,swell,usdt,5,4,main,swellusdt,online,8,1.0,20000000.0,10.0,1.0,20000000.0,20000000.0,20000000.0,1.1,0.9,1.0,82972582.0,100000.0,0.1,0.1,enabled,,,,,
1379,one,usdt,6,2,main,oneusdt,online,8,1.0,250000000.0,10.0,1.0,250000000.0,250000000.0,250000000.0,1.1,0.9,1.0,2925889.0,7000.0,0.1,0.1,enabled,,,,,
1380,dfi,usdt,4,4,main,dfiusdt,offline,8,0.01,943396.0,10.0,0.01,943396.0,943396.0,943396.0,1.1,0.9,0.01,17490494.0,100000.0,0.1,0.1,enabled,st,,,,
1381,dav,usdt,6,4,main,davusdt,offline,8,1.0,289687137.0,10.0,1.0,289687137.0,289687137.0,289687137.0,1.1,0.9,1.0,28968713.0,100000.0,0.1,0.1,enabled,,,,,
1382,xion,usdt,4,4,main,xionusdt,online,8,0.1,1000000.0,10.0,0.1,1000000.0,1000000.0,1000000.0,1.1,0.9,0.1,386398.0,50000.0,0.05,0.05,enabled,,,,,
1383,apepe,usdt,10,2,main,apepeusdt,online,8,1.0,377334988173.0,10.0,1.0,377334988173.0,377334988173.0,377334988173.0,1.1,0.9,1.0,38399123832.0,50000.0,0.05,0.05,enabled,,3.0,,,
1384,pstake,usdt,6,4,main,pstakeusdt,offline,8,0.01,2500000.0,10.0,0.01,2500000.0,2500000.0,2500000.0,1.25,0.75,0.01,273288973.0,100000.0,0.1,0.1,enabled,st,,,,
1385,analos,usdt,7,4,main,analosusdt,offline,8,1.0,641465620.0,10.0,1.0,641465620.0,641465620.0,641465620.0,1.1,0.9,1.0,11633788568.0,100000.0,0.1,0.1,enabled,st,,,,
1386,ltc3s,usdt,10,4,main,ltc3susdt,offline,8,0.01,7321963638.012,10.0,0.01,7321963638.012,7321963638.012,7321963638.012,1.5,0.5,0.01,7321963638.012,2500.0,0.1,0.1,enabled,"etp,nav,holdinglimit",,,2500.0,
1387,fil,usdc,4,4,main,filusdc,offline,8,0.0001,125179.0,10.0,0.0001,125179.0,125179.0,125179.0,1.1,0.9,0.0001,12517.0,100000.0,0.1,0.1,enabled,,,,,
1388,rly,btc,8,2,main,rlybtc,offline,8,0.01,1404494.0,0.0001,0.01,1404494.0,1404494.0,1404494.0,1.1,0.9,0.01,140449.0,5.0,0.1,0.1,enabled,,,,,
1389,bnb,usdt,2,4,main,bnbusdt,online,8,0.0001,1700.0,1.0,0.0001,1700.0,1700.0,1700.0,1.1,0.9,0.0001,156.0,100000.0,0.1,0.1,enabled,,3.0,3.0,,
1390,ont,btc,8,4,main,ontbtc,offline,8,0.01,1780000.0,0.0001,0.01,1780000.0,1780000.0,1780000.0,1.1,0.9,0.01,178000.0,9.0,0.1,0.1,enabled,,,,,
1391,chsb,usdt,4,4,main,chsbusdt,offline,8,0.01,1884303.0,10.0,0.01,1884303.0,1884303.0,1884303.0,1.1,0.9,0.01,188430.0,100000.0,0.1,0.1,enabled,,,,,
1392,ncash,usdt,8,2,main,ncashusdt,offline,8,1.0,30211480362.0,10.0,1.0,30211480362.0,30211480362.0,30211480362.0,1.1,0.9,1.0,3021148036.0,100000.0,0.1,0.1,enabled,,,,,
1393,eigen,usdt,4,4,main,eigenusdt,online,8,0.01,250000.0,10.0,0.01,250000.0,250000.0,250000.0,1.1,0.9,0.01,509390.0,100000.0,0.1,0.1,enabled,,3.0,,,
1394,yam,usdt,4,4,st,yamusdt,offline,8,0.001,199171.0,10.0,0.001,199171.0,199171.0,199171.0,1.1,0.9,0.001,19917.0,100000.0,0.1,0.1,enabled,,,,,
1395,eth,usd1,2,6,main,ethusd1,online,8,1e-05,372.0,10.0,1e-05,372.0,372.0,372.0,1.1,0.9,1e-05,20.0,50045.0,0.01,0.01,enabled,,,,,
1396,jst,usdt,6,2,main,jstusdt,online,8,1.0,17100000.0,10.0,1.0,17100000.0,17100000.0,17100000.0,1.1,0.9,1.0,288487.0,20000.0,0.05,0.05,enabled,activities,2.0,,,
1397,kaon,btc,10,2,main,akrobtc,offline,8,1.0,50000000.0,0.0001,1.0,50000000.0,50000000.0,50000000.0,1.1,0.9,1.0,5000000.0,10.0,0.1,0.1,enabled,,,,,
1398,aegis,usdt,6,4,main,aegisusdt,offline,8,0.1,33333333.0,10.0,0.1,33333333.0,33333333.0,33333333.0,1.1,0.9,0.1,3333333.0,100000.0,0.1,0.1,enabled,,,,,
1399,etn,eth,8,4,main,etneth,offline,8,1.0,100000000.0,0.001,1.0,100000000.0,100000000.0,100000000.0,1.1,0.9,1.0,10000000.0,1000.0,0.1,0.1,enabled,,,,,
1400,zks,eth,8,4,main,zkseth,offline,8,0.001,288808.0,0.001,0.001,288808.0,288808.0,288808.0,1.1,0.9,0.001,28880.0,55.0,0.1,0.1,enabled,,,,,
1401,gxc,usdt,4,4,main,gxcusdt,offline,8,0.1,1300000.0,10.0,0.1,1300000.0,1300000.0,1300000.0,1.1,0.9,0.1,130000.0,70000.0,0.1,0.1,enabled,,,,,
1402,crpt,usdt,4,4,main,crptusdt,offline,8,0.01,3448275.0,10.0,0.01,3448275.0,3448275.0,3448275.0,1.1,0.9,0.01,344827.0,100000.0,0.1,0.1,enabled,,,,,
1403,syrup,usdt,4,4,main,syrupusdt,online,8,0.1,4531037.0,10.0,0.1,4531037.0,4531037.0,4531037.0,1.1,0.9,0.1,203507.0,50000.0,0.05,0.05,enabled,,,,,
1404,mog,usdt,10,2,main,mogusdt,online,8,1.0,1000000000000.0,10.0,1.0,1000000000000.0,1000000000000.0,1000000000000.0,1.1,0.9,1.0,653966448678.0,100000.0,0.1,0.1,enabled,,,,,
1405,salt,btc,10,4,st,saltbtc,offline,8,0.1,1225.581,0.0001,0.1,1225.581,1225.581,1225.581,1.1,0.9,0.1,1225.581,0.0129,0.1,0.1,enabled,st,,,1000.0,
1406,lwa,usdt,5,4,main,lwausdt,online,8,1.0,22172949.0,10.0,1.0,22172949.0,22172949.0,22172949.0,1.1,0.9,1.0,21888085.0,100000.0,0.1,0.1,enabled,innovate,,,,
1407,blur,usdt,4,4,main,blurusdt,online,8,0.1,1000000.0,10.0,0.1,1000000.0,1000000.0,1000000.0,1.1,0.9,0.1,3902273.0,100000.0,0.1,0.1,enabled,,,,,
1408,kyo,usdt,4,4,main,kyousdt,online,8,0.1,2000000.0,10.0,0.1,2000000.0,2000000.0,2000000.0,1.1,0.9,0.1,3372434.0,50000.0,0.05,0.05,enabled,innovate,,,,
1409,nest,btc,10,2,main,nestbtc,offline,8,1.0,25000000.0,0.0001,1.0,25000000.0,25000000.0,25000000.0,1.1,0.9,1.0,2500000.0,13.0,0.1,0.1,enabled,,,,,
1410,psg,usdt,4,4,main,psgusdt,online,8,0.001,143266.0,10.0,0.001,143266.0,143266.0,143266.0,1.1,0.9,0.001,111034.0,100000.0,0.1,0.1,enabled,,,,,
1411,btc,try,2,6,main,btctry,offline,8,1e-06,25.0,20.0,1e-06,25.0,25.0,25.0,1.1,0.9,1e-06,2.0,1500000.0,0.1,0.1,enabled,"griddisabled,fiat",,,,
1412,astr,usdt,6,2,main,astrusdt,online,8,0.01,4000000.0,10.0,0.01,4000000.0,4000000.0,4000000.0,1.1,0.9,0.01,12174723.0,100000.0,0.1,0.1,enabled,,,,,
1413,sun,eth,9,2,main,suneth,offline,8,0.1,35714285.0,0.001,0.1,35714285.0,35714285.0,35714285.0,1.1,0.9,0.1,3571428.0,35.0,0.1,0.1,enabled,,,,,
1414,myth,usdt,6,4,main,mythusdt,offline,8,0.1,3054367.0,10.0,0.1,3054367.0,3054367.0,3054367.0,1.25,0.75,0.1,44591791.0,100000.0,0.1,0.1,enabled,st,,,,
1415,fun,usdt,6,4,main,funusdt,online,8,1.0,76923076.0,10.0,1.0,76923076.0,76923076.0,76923076.0,1.1,0.9,1.0,107346214.0,50000.0,0.05,0.05,enabled,,,,,
1416,kaon,husd,6,4,main,akrohusd,offline,8,1.0,86789177.0,1.0,1.0,86789177.0,86789177.0,86789177.0,1.1,0.9,1.0,8678917.0,100000.0,0.1,0.1,enabled,,,,,
1417,boo,usdt,4,4,st,boousdt,offline,8,0.0001,76923.0,10.0,0.0001,76923.0,76923.0,76923.0,1.1,0.9,0.0001,7692.0,100000.0,0.1,0.1,enabled,,,,,
1418,pippin,usdt,5,4,main,pippinusdt,online,8,0.1,3923107.0,1.0,0.1,3923107.0,3923107.0,3923107.0,1.1,0.9,0.1,3294562.0,100000.0,0.05,0.05,enabled,,3.0,,,
1419,c98,usdt,4,4,main,c98usdt,online,8,0.001,570125.0,10.0,0.001,570125.0,570125.0,570125.0,1.1,0.9,0.001,4435872.0,100000.0,0.1,0.1,enabled,,,,,
1420,cow,usdt,4,4,main,cowusdt,online,8,0.1,1871607.0,10.0,0.1,1871607.0,1871607.0,1871607.0,1.1,0.9,0.1,514564.0,100000.0,0.1,0.1,enabled,,,,,
1421,sui,usdt,4,4,main,suiusdt,online,8,0.1,1000000.0,1.0,0.1,1000000.0,1000000.0,1000000.0,1.1,0.9,0.1,100364.0,100000.0,0.1,0.1,enabled,,3.0,,,
1422,crv,eth,6,4,main,crveth,offline,8,0.01,2100000.0,0.001,0.01,2100000.0,2100000.0,2100000.0,1.1,0.9,0.01,210000.0,250.0,0.1,0.1,enabled,,,,,
1423,pbr,usdt,4,4,main,pbrusdt,offline,8,0.1,7007708.0,10.0,0.1,7007708.0,7007708.0,7007708.0,1.1,0.9,0.1,700770.0,100000.0,0.1,0.1,enabled,,,,,
1424,warold,usdt,6,4,st,waroldusdt,offline,8,0.01,2141327.0,10.0,0.01,2141327.0,2141327.0,2141327.0,1.1,0.9,0.01,214132.0,100000.0,0.1,0.1,enabled,,,,,
1425,usdt,brl,3,1,main,usdtbrl,offline,8,0.1,1000000.0,5.0,0.1,1000000.0,1000000.0,1000000.0,1.1,0.9,0.1,100000.0,507872.0,0.1,0.1,enabled,"griddisabled,fiat",,,,
1426,stn,btc,8,2,st,stnbtc,offline,8,0.01,4000000.0,0.0001,0.01,4000000.0,4000000.0,4000000.0,1.1,0.9,0.01,400000.0,3.0,0.1,0.1,enabled,,,,,
1427,drgn,usdt,6,4,main,drgnusdt,offline,8,1.0,34722222.0,10.0,1.0,34722222.0,34722222.0,34722222.0,1.1,0.9,1.0,3472222.0,100000.0,0.1,0.1,enabled,,,,,
1428,kaon,usdt,7,2,main,kaonusdt,offline,8,1.0,2000000000.0,5.0,1.0,2000000000.0,2000000000.0,2000000000.0,1.1,0.9,1.0,100000000.0,50000.0,0.05,0.05,enabled,"st,activities",,,,
1429,ast,usdt,4,4,st,astusdt,offline,8,0.1,3500000.0,10.0,0.1,3500000.0,3500000.0,3500000.0,1.1,0.9,0.1,350000.0,100000.0,0.1,0.1,enabled,,,,,
1430,yfi,husd,2,6,main,yfihusd,offline,8,1e-05,34.0,1.0,1e-05,34.0,34.0,34.0,1.1,0.9,1e-05,3.0,100000.0,0.1,0.1,enabled,,,,,
1431,lunc,ht,6,2,main,lunaht,offline,8,0.1,3500000.0,0.1,0.1,3500000.0,3500000.0,3500000.0,1.1,0.9,0.1,350000.0,34000.0,0.1,0.1,enabled,,,,,
1432,hec,usdt,5,4,main,hecusdt,offline,8,0.001,400000.0,10.0,0.001,400000.0,400000.0,400000.0,1.1,0.9,0.001,40000.0,100000.0,0.1,0.1,enabled,st,,,,
1433,trx,usdt,6,2,main,trxusdt,online,8,1.0,38000000.0,1.0,1.0,38000000.0,38000000.0,38000000.0,1.1,0.9,1.0,458136.0,150000.0,0.03,0.03,enabled,activities,5.0,3.0,,
1434,paal,usdt,4,4,main,paalusdt,online,8,0.1,5877374.0,10.0,0.1,5877374.0,5877374.0,5877374.0,1.1,0.9,0.1,7010057.0,100000.0,0.1,0.1,enabled,,,,,
1435,sys,usdt,4,4,main,sysusdt,online,8,0.01,2313743.0,10.0,0.01,2313743.0,2313743.0,2313743.0,1.1,0.9,0.01,8745247.0,100000.0,0.1,0.1,enabled,,,,,
1436,somi,usdt,4,4,main,somiusdt,online,8,0.1,4212299.0,1.0,0.1,4212299.0,4212299.0,4212299.0,1.1,0.9,0.1,268566.0,50000.0,0.05,0.05,enabled,,3.0,,,
1437,skeb,usdt,6,4,main,skebusdt,offline,8,1.0,125708682.0,10.0,1.0,125708682.0,125708682.0,125708682.0,1.1,0.9,1.0,12570868.0,100000.0,0.1,0.1,enabled,,,,,
1438,18c,eth,10,2,main,18ceth,offline,8,1.0,933333831.0,0.001,1.0,933333831.0,933333831.0,1557553.7195,1.1,0.95,1.0,1557553.7195,500.0,0.05,0.1,enabled,"abnormalmarket,hadax",,,,
1439,crv,husd,4,4,main,crvhusd,offline,8,0.01,2100000.0,1.0,0.01,2100000.0,2100000.0,2100000.0,1.1,0.9,0.01,210000.0,100000.0,0.1,0.1,enabled,crypto,,,,
1440,elizaos,usdt,6,4,main,elizaosusdt,online,8,1.0,111111111.0,10.0,1.0,111111111.0,111111111.0,111111111.0,1.1,0.9,1.0,68273569.0,50000.0,0.05,0.05,enabled,,,,,
1441,rain,usdt,7,4,main,rainusdt,offline,8,0.001,1000000.0,10.0,0.001,1000000.0,1000000.0,1000000.0,1.1,0.9,0.001,5404135338.0,100000.0,0.1,0.1,enabled,st,,,,
1442,swtch,usdt,6,4,main,swtchusdt,online,8,0.1,8333333.0,10.0,0.1,8333333.0,8333333.0,8333333.0,1.25,0.75,0.1,14398938.0,50000.0,0.05,0.05,enabled,st,,,,
1443,fnsa,btc,6,4,main,fnsabtc,offline,8,0.001,35997.0,0.0001,0.001,35997.0,35997.0,35997.0,1.1,0.9,0.001,3599.0,5.0,0.1,0.1,enabled,,,,,
1444,berry,usdt,6,4,main,berryusdt,offline,8,1.0,481695568.0,10.0,1.0,481695568.0,481695568.0,481695568.0,1.1,0.9,1.0,1000000000.0,100000.0,0.1,0.1,enabled,st,,,,
1445,uni2s,usdt,6,4,main,uni2susdt,offline,8,0.001,21445.9733,10.0,0.001,21445.9733,21445.9733,21445.9733,1.5,0.5,0.001,21445.9733,2500.0,0.1,0.1,enabled,"etp,nav,holdinglimit,activities",,,2500.0,
1446,acx,usdt,4,4,main,acxusdt,online,8,0.01,751879.0,10.0,0.01,751879.0,751879.0,751879.0,1.1,0.9,0.01,1085110.0,50000.0,0.05,0.05,enabled,,,,,
1447,akt,usdt,4,4,main,aktusdt,online,8,0.01,1415227.0,10.0,0.01,1415227.0,1415227.0,1415227.0,1.1,0.9,0.01,202716.0,100000.0,0.1,0.1,enabled,,,,,
1448,ape,usdc,4,4,main,apeusdc,offline,8,0.001,147208.0,10.0,0.001,147208.0,147208.0,147208.0,1.1,0.9,0.001,14720.0,100000.0,0.1,0.1,enabled,,,,,
1449,gsc,eth,10,2,st,gsceth,offline,8,1.0,160000000.0,0.001,1.0,160000000.0,160000000.0,160000000.0,1.1,0.9,1.0,16000000.0,340.0,0.1,0.1,enabled,hadax,,,,
1450,starly,usdt,6,4,main,starlyusdt,offline,8,0.01,1250000.0,10.0,0.01,1250000.0,3738621.5864,1250000.0,1.03,0.9,0.01,125000.0,500.0,0.1,0.03,enabled,abnormalmarket,,,,
1451,aury,usdt,4,4,main,auryusdt,offline,8,0.0001,71000.0,10.0,0.0001,71000.0,71000.0,71000.0,1.1,0.9,0.0001,7100.0,100000.0,0.1,0.1,enabled,st,,,,
1452,stpt,ht,6,2,main,stptht,offline,8,1.0,35000000.0,0.1,1.0,35000000.0,35000000.0,35000000.0,1.1,0.9,1.0,3500000.0,25000.0,0.1,0.1,enabled,,,,,
1453,cnns,ht,6,2,st,cnnsht,offline,8,1.0,100000000.0,0.1,1.0,100000000.0,100000000.0,100000000.0,1.1,0.9,1.0,10000000.0,40000.0,0.1,0.1,enabled,,,,,
1454,pengu,usdt,5,4,main,penguusdt,online,8,1.0,500000000.0,1.0,1.0,500000000.0,500000000.0,500000000.0,1.1,0.9,1.0,12981881.0,100000.0,0.1,0.1,enabled,,3.0,,,
1455,pond,eth,8,2,main,pondeth,offline,8,0.01,9442870.0,0.001,0.01,9442870.0,9442870.0,9442870.0,1.1,0.9,0.01,944287.0,163.0,0.1,0.1,enabled,,,,,
1456,nest,ht,6,2,main,nestht,offline,8,1.0,25000000.0,0.01,1.0,25000000.0,25000000.0,25000000.0,1.1,0.9,1.0,2500000.0,35000.0,0.1,0.1,enabled,,,,,
1457,coq,usdt,10,2,main,coqusdt,online,8,1.0,757575757575.0,10.0,1.0,757575757575.0,757575757575.0,757575757575.0,1.25,0.75,1.0,686403246989.0,100000.0,0.1,0.1,enabled,st,,,,
1458,lmr,usdt,5,4,st,lmrusdt,offline,8,0.01,2857142.0,10.0,0.01,2857142.0,2857142.0,2857142.0,1.1,0.9,0.01,285714.0,100000.0,0.1,0.1,enabled,,,,,
1459,sky,usdt,6,4,main,skyusdt,online,8,1.0,13308490.0,10.0,1.0,13308490.0,13308490.0,13308490.0,1.1,0.9,1.0,641758.0,50000.0,0.05,0.05,enabled,,,,,
1460,wicc,btc,8,2,main,wiccbtc,offline,8,0.1,1000000.0,0.0001,0.1,1000000.0,1000000.0,1000000.0,1.1,0.9,0.1,100000.0,100.0,0.1,0.1,enabled,,,,,
1461,btw,usdt,6,4,main,btwusdt,online,8,1.0,100000000.0,10.0,1.0,100000000.0,100000000.0,100000000.0,1.1,0.9,1.0,3081787.0,50000.0,0.05,0.05,enabled,,,,,
1462,gmt,usdt,4,4,main,gmtusdt,online,8,0.001,500000.0,10.0,0.001,500000.0,500000.0,500000.0,1.1,0.9,0.001,8452774.0,100000.0,0.1,0.1,enabled,,,,,
1463,mt,eth,8,2,main,mteth,offline,8,1.0,125000000.0,0.001,1.0,125000000.0,125000000.0,125000000.0,1.1,0.9,1.0,12500000.0,50.0,0.05,0.05,enabled,hadax,,,,
1464,elizacto,usdt,6,4,main,elizactousdt,offline,8,1.0,66666666.0,10.0,1.0,66666666.0,66666666.0,66666666.0,1.1,0.9,1.0,245516652.0,100000.0,0.1,0.1,enabled,st,,,,
1465,trb,eth,6,4,main,trbeth,offline,8,0.001,25000.0,0.001,0.001,25000.0,25000.0,25000.0,1.1,0.9,0.001,2500.0,360.0,0.1,0.1,enabled,,,,,
1466,evmos,usdt,5,4,main,evmosusdt,offline,8,0.001,490196.0,10.0,0.001,490196.0,490196.0,490196.0,1.1,0.9,0.001,26439820.0,100000.0,0.1,0.1,enabled,st,,,,
1467,iost,husd,6,4,main,iosthusd,offline,8,1.0,180000000.0,1.0,1.0,180000000.0,180000000.0,180000000.0,1.1,0.9,1.0,18000000.0,100000.0,0.1,0.1,enabled,,,,,
1468,brett,usdt,5,4,main,brettusdt,online,8,1.0,85000000.0,10.0,1.0,85000000.0,85000000.0,85000000.0,1.1,0.9,1.0,13136101.0,100000.0,0.1,0.1,enabled,,3.0,,,
1469,egp,usdt,4,4,main,egpusdt,offline,8,0.01,200000.0,10.0,0.01,200000.0,200000.0,200000.0,1.25,0.75,0.01,2659574.0,100000.0,0.1,0.1,enabled,st,,,,
1470,rock,usdt,8,2,main,rockusdt,online,8,1.0,1219512195.0,10.0,1.0,1219512195.0,1219512195.0,1219512195.0,1.1,0.9,1.0,176633126.0,100000.0,0.1,0.1,enabled,,,,,
1471,iost,usdt,6,4,main,iostusdt,online,8,1.0,180000000.0,10.0,1.0,180000000.0,180000000.0,180000000.0,1.1,0.9,1.0,86776079.0,100000.0,0.1,0.1,enabled,,3.0,,,
1472,near,usdd,4,2,main,nearusdd,offline,8,0.01,320543.0,10.0,0.01,320543.0,320543.0,320543.0,1.1,0.9,0.01,32054.0,100000.0,0.1,0.1,enabled,zerofee,,,,
1473,oas,usdt,6,2,main,oasusdt,online,8,1.0,50000000.0,10.0,1.0,50000000.0,50000000.0,50000000.0,1.25,0.75,1.0,49682464.0,50000.0,0.1,0.1,enabled,st,,,,
1474,fti,usdt,8,2,main,ftiusdt,offline,8,1.0,3000000000.0,10.0,1.0,3000000000.0,3000000000.0,3000000000.0,1.1,0.9,1.0,300000000.0,100000.0,0.1,0.1,enabled,hadax,,,,
1475,sol,btc,8,2,main,solbtc,online,8,0.01,474969.0,0.0001,0.01,474969.0,474969.0,474969.0,1.1,0.9,0.01,47496.0,5.0,0.1,0.1,enabled,,,,,
1476,coti,btc,8,2,main,cotibtc,offline,8,0.01,2452783.0,0.0001,0.01,2452783.0,2452783.0,2452783.0,1.1,0.9,0.01,245278.0,5.0,0.1,0.1,enabled,,,,,
1477,stake,eth,6,4,st,stakeeth,offline,8,0.0001,36583.0,0.001,0.0001,36583.0,36583.0,36583.0,1.1,0.9,0.0001,3658.0,48.0,0.1,0.1,enabled,,,,,
1478,payai,usdt,6,4,main,payaiusdt,online,8,1.0,35676061.0,10.0,1.0,35676061.0,35676061.0,35676061.0,1.1,0.9,1.0,16096523.0,50000.0,0.05,0.05,enabled,innovate,,,,
1479,cvnx,btc,10,2,st,cvnxbtc,offline,8,0.1,10000000.0,0.0001,0.1,10000000.0,10000000.0,10000000.0,1.1,0.9,0.1,1000000.0,5.0,0.1,0.1,enabled,hadax,,,,
1480,scream,usdt,4,4,st,screamusdt,offline,8,0.0001,27778.0,10.0,0.0001,27778.0,27778.0,27778.0,1.1,0.9,0.0001,2777.0,100000.0,0.1,0.1,enabled,,,,,
1481,em,usdt,6,2,main,emusdt,offline,8,1.0,120000000.0,10.0,1.0,120000000.0,120000000.0,120000000.0,1.1,0.9,1.0,12000000.0,70000.0,0.1,0.1,enabled,,,,,
1482,forth,eth,6,4,main,fortheth,offline,8,0.0001,20523.0,0.001,0.0001,20523.0,20523.0,20523.0,1.1,0.9,0.0001,2052.0,41.0,0.1,0.1,enabled,,,,,
1483,龙虾,usdt,6,4,main,龙虾usdt,online,8,1.0,47331407.0,10.0,1.0,47331407.0,47331407.0,47331407.0,1.1,0.9,1.0,4861284.0,50000.0,0.05,0.05,enabled,innovate,,,,
1484,wan,usdt,4,2,main,wanusdt,online,8,0.1,7500000.0,10.0,0.1,7500000.0,7500000.0,7500000.0,1.1,0.9,0.1,1751446.0,100000.0,0.1,0.1,enabled,,,,,
1485,ftm,usdt,4,4,main,ftmusdt,offline,8,0.001,500000.0,10.0,0.001,500000.0,500000.0,500000.0,1.1,0.9,0.001,50000.0,100000.0,0.1,0.1,enabled,,,,,
1486,linea,usdt,6,4,main,lineausdt,online,8,0.1,36101083.0,10.0,0.1,36101083.0,36101083.0,36101083.0,1.1,0.9,0.1,14080713.0,50000.0,0.05,0.05,enabled,,,,,
1487,wan,eth,7,4,main,waneth,offline,8,0.01,100000.0,0.001,0.01,100000.0,100000.0,100000.0,1.1,0.9,0.01,10000.0,1000.0,0.1,0.1,enabled,,,,,
1488,pundix,usdt,4,4,main,pundixusdt,online,8,0.1,1612903.0,10.0,0.1,1612903.0,1612903.0,1612903.0,1.1,0.9,0.1,644817.0,100000.0,0.1,0.1,enabled,,,,,
1489,gxc,eth,6,4,main,gxceth,offline,8,0.01,1300000.0,0.001,0.01,1300000.0,1300000.0,1300000.0,1.1,0.9,0.01,130000.0,340.0,0.1,0.1,enabled,,,,,
1490,wozx,usdt,6,4,main,wozxusdt,offline,8,0.001,977326.0,10.0,0.001,977326.0,977326.0,977326.0,1.1,0.9,0.001,97732.0,100000.0,0.1,0.1,enabled,,,,,
1491,olduxlink,usdt,4,4,main,olduxlinkusdt,offline,8,1.0,10000000.0,10.0,1.0,10000000.0,10000000.0,10000000.0,1.25,0.75,1.0,318022.0,100000.0,0.1,0.1,enabled,,,,,
1492,alch,usdt,5,4,main,alchusdt,online,8,0.1,7446016.0,10.0,0.1,7446016.0,7446016.0,7446016.0,1.1,0.9,0.1,1289353.0,100000.0,0.05,0.05,enabled,,3.0,,,
1493,ring,btc,10,2,main,ringbtc,offline,8,1.0,8000000.0,0.0001,1.0,8000000.0,8000000.0,8000000.0,1.1,0.9,1.0,800000.0,8.0,0.1,0.1,enabled,,,,,
1494,robo,usdt,6,4,main,robousdt,online,8,1.0,20000000.0,1.0,1.0,20000000.0,20000000.0,20000000.0,1.1,0.9,1.0,2221380.0,50000.0,0.05,0.05,enabled,,,,,
1495,ace,usdt,4,4,main,aceusdt,online,8,0.001,81129.0,10.0,0.001,81129.0,81129.0,81129.0,1.25,0.75,0.001,684299.0,100000.0,0.1,0.1,enabled,st,,,,
1496,yfi,eth,4,6,main,yfieth,offline,8,1e-05,30.0,0.001,1e-05,30.0,30.0,30.0,1.1,0.9,1e-05,3.0,200.0,0.1,0.1,enabled,,,,,
1497,tst,usdt,4,4,main,tstusdt,online,8,0.1,2513104.0,10.0,0.1,2513104.0,2513104.0,2513104.0,1.1,0.9,0.1,3653113.0,50000.0,0.05,0.05,enabled,,,,,
1498,mudol2,usdt,6,4,main,mudol2usdt,offline,8,0.01,8333333.0,10.0,0.01,8333333.0,8333333.0,8333333.0,1.1,0.9,0.01,833333.0,100000.0,0.1,0.1,enabled,,,,,
1499,crv,usdt,4,4,main,crvusdt,online,8,0.01,2100000.0,1.0,0.01,2100000.0,2100000.0,2100000.0,1.1,0.9,0.01,420068.0,100000.0,0.1,0.1,enabled,,2.0,3.0,,
1500,pando,usdt,6,4,main,pandousdt,offline,8,0.1,35612535.0,10.0,0.1,35612535.0,35612535.0,35612535.0,1.1,0.9,0.1,3561253.0,100000.0,0.1,0.1,enabled,,,,,
1501,cre,btc,10,2,main,crebtc,offline,8,1.0,80000000.0,0.0001,1.0,80000000.0,80000000.0,80000000.0,1.1,0.9,1.0,8000000.0,20.0,0.1,0.1,enabled,,,,,
1502,cvc,usdt,4,2,main,cvcusdt,online,8,0.1,1000000.0,10.0,0.1,1000000.0,1000000.0,1000000.0,2.0,0.5,0.1,31480974.0,1000000.0,0.1,0.1,enabled,,,,,
1503,zks,usdt,4,4,main,zksusdt,offline,8,0.001,288808.0,10.0,0.001,288808.0,288808.0,288808.0,1.1,0.9,0.001,28880.0,100000.0,0.1,0.1,enabled,,,,,
1504,oland,usdt,6,4,main,olandusdt,offline,8,0.1,25000000.0,10.0,0.1,25000000.0,25000000.0,25000000.0,1.1,0.9,0.1,2500000.0,100000.0,0.1,0.1,enabled,,,,,
1505,1cat,usdt,6,4,main,1catusdt,offline,8,1.0,211371803.0,10.0,1.0,211371803.0,211371803.0,211371803.0,1.1,0.9,1.0,425217230.0,100000.0,0.1,0.1,enabled,st,,,,
1506,iost,eth,8,2,main,iosteth,offline,8,1.0,180000000.0,0.001,1.0,180000000.0,180000000.0,180000000.0,1.1,0.9,1.0,18000000.0,270.0,0.1,0.1,enabled,,,,,
1507,sun,usdt,6,2,main,sunusdt,online,8,0.1,35714285.0,1.0,0.1,35714285.0,35714285.0,35714285.0,1.1,0.9,0.1,1071943.0,20000.0,0.05,0.05,enabled,,3.0,,,
1508,dht,btc,8,2,st,dhtbtc,offline,8,0.01,4000000.0,0.0001,0.01,4000000.0,4000000.0,4000000.0,1.1,0.9,0.01,400000.0,9.0,0.1,0.1,enabled,,,,,
1509,ada,usdc,6,4,main,adausdc,offline,8,0.1,1935445.0,10.0,0.1,1935445.0,1935445.0,1935445.0,1.1,0.9,0.1,193544.0,100000.0,0.1,0.1,enabled,,,,,
1510,planck,usdt,6,4,main,planckusdt,online,8,0.1,5000000.0,10.0,0.1,5000000.0,5000000.0,5000000.0,1.1,0.9,0.1,186415950.0,50000.0,0.05,0.05,enabled,st,,,,
1511,mds,btc,10,0,st,mdsbtc,offline,8,1.0,200000000.0,0.0001,1.0,200000000.0,200000000.0,200000000.0,1.1,0.9,1.0,20000000.0,9.0,0.1,0.1,enabled,,,,,
1512,opn,usdt,4,4,main,opnusdt,online,8,0.1,1785714.0,10.0,0.1,1785714.0,1785714.0,1785714.0,1.1,0.9,0.1,252708.0,50000.0,0.05,0.05,enabled,,,,,
1513,uip,btc,10,2,st,uipbtc,offline,8,1.0,10000000.0,0.0001,1.0,10000000.0,10000000.0,10000000.0,1.1,0.9,1.0,1000000.0,100.0,0.05,0.05,enabled,hadax,,,,
1514,op,usdt,4,4,main,opusdt,online,8,0.01,2000000.0,10.0,0.01,2000000.0,2000000.0,2000000.0,1.1,0.9,0.01,756031.0,100000.0,0.1,0.1,enabled,,3.0,,,
1515,ada,usdd,6,4,main,adausdd,offline,8,0.1,2434197.0,10.0,0.1,2434197.0,2434197.0,2434197.0,1.1,0.9,0.1,243419.0,100000.0,0.1,0.1,enabled,zerofee,,,,
1516,rioold,usdt,4,4,main,riooldusdt,offline,8,0.1,1668123.0,10.0,0.1,1668123.0,1668123.0,3863.0574,1.1,0.95,0.1,3863.0574,100000.0,0.05,0.1,enabled,abnormalmarket,,,,
1517,knc,husd,4,4,main,knchusd,offline,8,0.01,1060230.0,1.0,0.01,1060230.0,1060230.0,1060230.0,1.1,0.9,0.01,106023.0,100000.0,0.1,0.1,enabled,,,,,
1518,enj,usdt,5,4,main,enjusdt,online,8,0.001,361899.0,10.0,0.001,361899.0,361899.0,361899.0,1.1,0.9,0.001,1669327.0,100000.0,0.1,0.1,enabled,activities,,,,
1519,stk,eth,8,2,st,stketh,offline,8,1.0,10000000.0,0.001,1.0,10000000.0,10000000.0,10000000.0,1.1,0.9,1.0,1000000.0,500.0,0.1,0.1,enabled,,,,,
1520,rcn,btc,10,0,st,rcnbtc,offline,8,1.0,890734.7192,0.0001,1.0,890734.7192,890734.7192,890734.7192,1.1,0.9,1.0,890734.7192,0.0129,0.1,0.1,enabled,"griddisabled,st",,,1000.0,
1521,fil3l,usdt,9,4,main,fil3lusdt,offline,8,0.01,4432321854.7637,10.0,0.01,4432321854.7637,4432321854.7637,4432321854.7637,1.5,0.5,0.01,4432321854.7637,1000.0,0.1,0.1,enabled,"etp,nav,holdinglimit",,,1000.0,
1522,usdwon,usdt,8,4,main,usdwonusdt,offline,8,1.0,50000000.0,10.0,1.0,50000000.0,50000000.0,50000000.0,1.1,0.9,1.0,2942380513.0,50000.0,0.05,0.05,enabled,st,,,,
1523,let,usdt,6,4,st,letusdt,offline,8,1.0,295000000.0,10.0,1.0,295000000.0,295000000.0,295000000.0,1.1,0.9,1.0,29500000.0,71000.0,0.1,0.1,enabled,,,,,
1524,mkr,eth,4,6,main,mkreth,offline,8,0.0001,1800.0,0.001,0.0001,1800.0,1800.0,1800.0,1.1,0.9,0.0001,180.0,370.0,0.1,0.1,enabled,,,,,
1525,csix,usdt,6,4,main,csixusdt,online,8,1.0,33749578.0,10.0,1.0,33749578.0,33749578.0,33749578.0,1.25,0.75,1.0,157728706.0,100000.0,0.1,0.1,enabled,st,,,,
1526,knc,usdt,4,2,main,kncusdt,online,8,0.01,1000000.0,10.0,0.01,1000000.0,1000000.0,1000000.0,1.1,0.9,0.01,964245.0,140000.0,0.1,0.1,enabled,,,,,
1527,pha,btc,10,2,main,phabtc,offline,8,1.0,100000000.0,0.0001,1.0,100000000.0,100000000.0,100000000.0,1.1,0.9,1.0,10000000.0,10.0,0.1,0.1,enabled,,,,,
1528,woo,eth,8,2,main,wooeth,offline,8,0.1,50000000.0,0.001,0.1,50000000.0,50000000.0,50000000.0,1.1,0.9,0.1,5000000.0,258.0,0.1,0.1,enabled,,,,,
1529,ioi,usdt,4,4,st,ioiusdt,offline,8,0.001,206611.0,10.0,0.001,206611.0,206611.0,206611.0,1.1,0.9,0.001,20661.0,100000.0,0.1,0.1,enabled,,,,,
1530,dot,usdc,4,4,main,dotusdc,offline,8,0.01,95810.0,10.0,0.01,95810.0,95810.0,95810.0,1.1,0.9,0.01,9581.0,100000.0,0.1,0.1,enabled,,,,,
1531,pc,btc,12,2,st,pcbtc,offline,8,1.0,94467002.3038,0.0001,1.0,94467002.3038,94467002.3038,94467002.3038,1.1,0.9,1.0,94467002.3038,0.0129,0.1,0.1,enabled,"griddisabled,st,hadax",,,1000.0,
1532,ssv,usdt,4,4,main,ssvusdt,online,8,0.001,52110.0,10.0,0.001,52110.0,52110.0,52110.0,1.1,0.9,0.001,36886.0,100000.0,0.1,0.1,enabled,,,,,
1533,bch,usdt,2,4,main,bchusdt,online,8,0.001,10000.0,1.0,0.001,10000.0,10000.0,10000.0,1.1,0.9,0.001,2210.0,1000000.0,0.1,0.1,enabled,activities,5.0,3.0,,
1534,eth3l,usdt,4,4,main,eth3lusdt,offline,8,0.01,122966.3261,10.0,0.01,122966.3261,122966.3261,122966.3261,1.5,0.5,0.01,122966.3261,2500.0,0.1,0.1,enabled,"etp,nav,holdinglimit,activities",,,2500.0,
1535,dsync,usdt,6,4,main,dsyncusdt,online,8,1.0,10060362.0,10.0,1.0,10060362.0,10060362.0,10060362.0,1.1,0.9,1.0,2987858.0,50000.0,0.05,0.05,enabled,innovate,3.0,,,
1536,usdt,husd,4,4,main,usdthusd,offline,8,0.1,1000000.0,1.0,0.1,1000000.0,1000000.0,1000000.0,1.1,0.9,1.0,100000.0,100000.0,0.1,0.1,enabled,fiat,,,,
1537,cdc,btc,10,2,st,cdcbtc,offline,8,1.0,50000000.0,0.0001,1.0,50000000.0,50000000.0,50000000.0,1.1,0.9,1.0,5000000.0,50.0,0.05,0.05,enabled,hadax,,,,
1538,bmt,usdt,5,4,main,bmtusdt,online,8,0.1,8000000.0,10.0,0.1,8000000.0,8000000.0,8000000.0,1.1,0.9,0.1,2984222.0,50000.0,0.05,0.05,enabled,,,,,
1539,zerolend,usdt,7,2,main,zerolendusdt,offline,8,1.0,4000000000.0,10.0,1.0,4000000000.0,4000000000.0,4000000000.0,1.1,0.9,1.0,8223096174.0,100000.0,0.1,0.1,enabled,st,,,,
1540,jst,eth,8,2,main,jsteth,offline,8,1.0,17100000.0,0.001,1.0,17100000.0,17100000.0,17100000.0,1.1,0.9,1.0,1710000.0,365.0,0.1,0.1,enabled,,,,,
1541,hft,usdc,4,4,main,hftusdc,offline,8,0.1,2500000.0,10.0,0.1,2500000.0,2500000.0,2500000.0,1.1,0.9,0.1,250000.0,100000.0,0.1,0.1,enabled,,,,,
1542,lai,usdt,6,4,main,laiusdt,offline,8,0.1,9216589.0,10.0,0.1,9216589.0,9216589.0,9216589.0,1.1,0.9,0.1,331986143.0,100000.0,0.1,0.1,enabled,st,,,,
1543,mx,ht,6,2,main,mxht,offline,8,0.1,7000000.0,0.1,0.1,7000000.0,7000000.0,7000000.0,1.1,0.9,0.1,700000.0,40000.0,0.1,0.1,enabled,,,,,
1544,usde,usdt,4,4,main,usdeusdt,online,8,0.1,1000000.0,10.0,0.1,1000000.0,1000000.0,1000000.0,1.01,0.99,0.1,20008.0,20000.0,0.01,0.01,enabled,zerofee,3.0,,,
1545,dash,usdt,2,4,main,dashusdt,online,8,0.001,23640.0,1.0,0.001,23640.0,23640.0,23640.0,1.1,0.9,0.001,2733.0,100000.0,0.1,0.1,enabled,activities,3.0,,,
1546,fil,husd,4,4,main,filhusd,offline,8,0.0001,31129.0,1.0,0.0001,31129.0,31129.0,31129.0,1.1,0.9,0.0001,3112.0,100000.0,0.1,0.1,enabled,crypto,,,,
1547,cyber,usdt,4,4,main,cyberusdt,online,8,0.01,128369.0,10.0,0.01,128369.0,128369.0,128369.0,1.1,0.9,0.01,176584.0,100000.0,0.1,0.1,enabled,,,,,
1548,dot,usdt,4,4,main,dotusdt,online,8,0.01,300000.0,1.0,0.01,300000.0,300000.0,300000.0,1.1,0.9,0.01,75655.0,100000.0,0.1,0.1,enabled,activities,5.0,3.0,,
1549,node,btc,12,2,st,nodebtc,offline,8,1.0,640000000.0,0.0001,1.0,640000000.0,640000000.0,640000000.0,1.1,0.9,1.0,64000000.0,20.0,0.1,0.1,enabled,,,,,
1550,fx,usdt,4,4,main,fxusdt,offline,8,0.01,1809299.0,10.0,0.01,1809299.0,1809299.0,1809299.0,1.1,0.9,0.01,180929.0,100000.0,0.1,0.1,enabled,,,,,
1551,bot,btc,6,4,st,botbtc,offline,8,0.0001,1697.0,0.0001,0.0001,1697.0,1697.0,1697.0,1.1,0.9,0.0001,169.0,9.0,0.1,0.1,enabled,,,,,
1552,bera,usdt,4,4,main,berausdt,online,8,0.1,125000.0,10.0,0.1,125000.0,125000.0,125000.0,1.1,0.9,0.1,115500.0,50000.0,0.05,0.05,enabled,,,,,
1553,one,ht,6,2,main,oneht,offline,8,1.0,250000000.0,0.1,1.0,250000000.0,250000000.0,250000000.0,1.1,0.9,1.0,25000000.0,15000.0,0.1,0.1,enabled,,,,,
1554,fair,btc,10,2,st,fairbtc,offline,8,1.0,500000000.0,0.0001,1.0,500000000.0,500000000.0,500000000.0,1.1,0.9,1.0,50000000.0,9.0,0.1,0.1,enabled,hadax,,,,
1555,topc,eth,10,2,st,topceth,offline,8,1.0,10000000.0,0.001,1.0,10000000.0,10000000.0,10000000.0,1.1,0.9,1.0,1000000.0,500.0,0.1,0.1,enabled,,,,,
1556,req,btc,8,1,main,reqbtc,offline,8,0.1,1000000.0,0.0001,0.1,1000000.0,1000000.0,1000000.0,1.1,0.9,0.1,100000.0,100.0,0.1,0.1,enabled,,,,,
1557,syn,usdt,4,4,main,synusdt,online,8,0.01,471698.0,10.0,0.01,471698.0,471698.0,471698.0,1.25,0.75,0.01,1941747.0,100000.0,0.1,0.1,enabled,st,,,,
1558,a,usdt,4,4,main,ausdt,online,8,0.1,1250000.0,10.0,0.1,1250000.0,1250000.0,1250000.0,1.1,0.9,0.1,595854.0,50000.0,0.05,0.05,enabled,,,,,
1559,ncash,eth,10,2,main,ncasheth,offline,8,1.0,228937728.9377,0.001,1.0,228937728.9377,228937728.9377,228937728.9377,1.1,0.9,1.0,228937728.9377,0.4159,0.1,0.1,enabled,st,,,1000.0,
1560,bico,usdt,4,4,main,bicousdt,online,8,0.01,3333333.0,10.0,0.01,3333333.0,3333333.0,3333333.0,1.1,0.9,0.01,3930280.0,100000.0,0.1,0.1,enabled,,,,,
1561,sei,usdt,4,4,main,seiusdt,online,8,0.1,1000000.0,10.0,0.1,1000000.0,1000000.0,1000000.0,1.1,0.9,0.1,1721299.0,100000.0,0.1,0.1,enabled,,3.0,,,
1562,rndr,usdt,4,4,main,rndrusdt,offline,8,0.001,984542.0,10.0,0.001,984542.0,984542.0,984542.0,1.1,0.9,0.001,98454.0,100000.0,0.1,0.1,enabled,activities,,,,
1563,iotx,btc,10,2,main,iotxbtc,offline,8,0.1,78901688.0,0.0001,0.1,78901688.0,78901688.0,78901688.0,1.1,0.9,0.1,7890168.0,5.0,0.1,0.1,enabled,,,,,
1564,grokcoin,usdt,6,4,main,grokcoinusdt,offline,8,1.0,38461538.0,10.0,1.0,38461538.0,38461538.0,38461538.0,1.1,0.9,1.0,349756690.0,50000.0,0.05,0.05,enabled,st,,,,
1565,fil3s,usdt,8,4,main,fil3susdt,offline,8,0.01,44117147.996,10.0,0.01,44117147.996,44117147.996,44117147.996,1.5,0.5,0.01,44117147.996,1000.0,0.1,0.1,enabled,"etp,nav,holdinglimit",,,1000.0,
1566,xrt,eth,6,4,main,xrteth,offline,8,0.0001,20000.0,0.001,0.0001,20000.0,20000.0,20000.0,1.1,0.9,0.0001,2000.0,230.0,0.1,0.1,enabled,,,,,
1567,gf,usdt,4,4,main,gfusdt,offline,8,0.001,552486.0,10.0,0.001,552486.0,552486.0,552486.0,1.1,0.9,0.001,55248.0,100000.0,0.1,0.1,enabled,,,,,
1568,saga,usdt,4,4,main,sagausdt,online,8,0.1,2000000.0,10.0,0.1,2000000.0,2000000.0,2000000.0,1.1,0.9,0.1,4067916.0,100000.0,0.1,0.1,enabled,,,,,
1569,dfx,usdt,4,4,main,dfxusdt,offline,8,0.1,1992825.0,10.0,0.1,1992825.0,1992825.0,1992825.0,1.1,0.9,0.1,199282.0,100000.0,0.1,0.1,enabled,,,,,
1570,gnx,eth,8,0,main,gnxeth,offline,8,0.1,20000000.0,0.001,0.1,20000000.0,20000000.0,20000000.0,1.1,0.9,0.1,2000000.0,360.0,0.1,0.1,enabled,,,,,
1571,tru,usdt,6,4,main,truusdt,online,8,1.0,12144323.0,10.0,1.0,12144323.0,12144323.0,12144323.0,1.1,0.9,1.0,18886671.0,100000.0,0.1,0.1,enabled,,,,,
1572,stf,usdt,6,4,main,stfusdt,offline,8,0.01,5000000.0,10.0,0.01,5000000.0,5000000.0,5000000.0,1.1,0.9,0.01,500000.0,100000.0,0.1,0.1,enabled,,,,,
1573,resolv,usdt,4,4,main,resolvusdt,online,8,1.0,3000000.0,10.0,1.0,3000000.0,3000000.0,3000000.0,1.1,0.9,1.0,1422739.0,50000.0,0.05,0.05,enabled,,,,,
1574,xvg,btc,10,2,main,xvgbtc,offline,8,1.0,30000000.0,0.0001,1.0,30000000.0,30000000.0,30000000.0,1.1,0.9,1.0,3000000.0,5.0,0.1,0.1,enabled,,,,,
1575,bcha,usdt,4,4,st,bchausdt,offline,8,0.0001,41344.0,10.0,0.0001,41344.0,41344.0,41344.0,1.1,0.9,0.0001,4134.0,100000.0,0.1,0.1,enabled,,,,,
1576,musk,usdt,8,2,main,muskusdt,offline,8,1.0,3809233582.0,10.0,1.0,3809233582.0,3809233582.0,3809233582.0,1.1,0.9,1.0,380923358.0,100000.0,0.1,0.1,enabled,,,,,
1577,dot2s,usdt,6,4,main,dot2susdt,offline,8,0.001,9090.909,10.0,0.001,9090.909,9090.909,9090.909,1.5,0.5,0.001,9090.909,2500.0,0.1,0.1,enabled,"etp,nav,holdinglimit,activities",,,2500.0,
1578,lsk,btc,8,4,main,lskbtc,offline,8,0.001,50000.0,0.0001,0.001,50000.0,50000.0,50000.0,1.1,0.9,0.001,5000.0,10.0,0.1,0.1,enabled,,,,,
1579,bcv,eth,10,2,st,bcveth,offline,8,1.0,22000000.0,0.001,1.0,22000000.0,22000000.0,22000000.0,1.1,0.9,1.0,2200000.0,500.0,0.05,0.05,enabled,hadax,,,,
1580,roco,usdt,5,4,main,rocousdt,offline,8,0.01,1205690.0,10.0,0.01,1205690.0,1205690.0,1205690.0,1.1,0.9,0.01,4859394.0,100000.0,0.1,0.1,enabled,st,,,,
1581,mira,usdt,4,4,main,mirausdt,online,8,0.1,2500000.0,10.0,0.1,2500000.0,2500000.0,2500000.0,1.1,0.9,0.1,549923.0,50000.0,0.05,0.05,enabled,,3.0,,,
1582,gamebase,usdt,4,4,main,gamebaseusdt,online,8,1.0,5000000.0,10.0,1.0,5000000.0,5000000.0,5000000.0,1.1,0.9,1.0,5052724.0,50000.0,0.05,0.05,enabled,innovate,,,,
1583,nexo,usdt,4,2,main,nexousdt,online,8,1.0,6000000.0,10.0,1.0,6000000.0,6000000.0,6000000.0,1.1,0.9,1.0,108741.0,100000.0,0.1,0.1,enabled,,,,,
1584,yfii,eth,6,4,main,yfiieth,offline,8,0.0001,200.0,0.001,0.0001,200.0,200.0,200.0,1.1,0.9,0.0001,20.0,200.0,0.1,0.1,enabled,,,,,
1585,hit,btc,12,2,st,hitbtc,offline,8,1.0,10000000000.0,0.0001,1.0,10000000000.0,10000000000.0,10000000000.0,1.1,0.9,1.0,1000000000.0,1.5,0.1,0.1,enabled,,,,,
1586,pond,usdt,6,4,main,pondusdt,online,8,0.01,9442870.0,10.0,0.01,9442870.0,9442870.0,9442870.0,1.25,0.75,0.01,40487255.0,100000.0,0.1,0.1,enabled,st,,,,
1587,alu,usdt,6,4,main,aluusdt,online,8,1.0,23889154.0,10.0,1.0,23889154.0,23889154.0,23889154.0,1.1,0.9,1.0,16259013.0,100000.0,0.1,0.1,enabled,,,,,
1588,blz,eth,8,2,main,blzeth,offline,8,0.1,8000000.0,0.001,0.1,8000000.0,8000000.0,8000000.0,1.1,0.9,0.1,800000.0,250.0,0.1,0.1,enabled,,,,,
1589,alt0,usdt,4,4,main,alt0usdt,offline,8,0.1,3924646.0,10.0,0.1,3924646.0,3924646.0,3924646.0,1.1,0.9,0.1,392464.0,100000.0,0.1,0.1,enabled,,,,,
1590,mage,usdt,6,4,main,mageusdt,offline,8,1.0,25477707.0,10.0,1.0,25477707.0,25477707.0,25477707.0,1.1,0.9,1.0,2547770.0,100000.0,0.1,0.1,enabled,,,,,
1591,eth,usdc,2,4,main,ethusdc,online,8,0.001,10000.0,10.0,0.001,10000.0,10000.0,10000.0,1.1,0.9,0.001,416.0,1000000.0,0.01,0.01,enabled,,,,,
1592,imx,usdt,4,4,main,imxusdt,online,8,0.01,6250000.0,10.0,0.01,6250000.0,6250000.0,6250000.0,1.1,0.9,0.01,588626.0,100000.0,0.1,0.1,enabled,,3.0,,,
1593,sol,usdd,4,2,main,solusdd,offline,8,0.01,30581.0,10.0,0.01,30581.0,30581.0,30581.0,1.1,0.9,0.01,3058.0,100000.0,0.1,0.1,enabled,zerofee,,,,
1594,xpla,usdt,4,4,main,xplausdt,offline,8,0.1,2500000.0,10.0,0.1,2500000.0,2500000.0,2500000.0,1.1,0.9,0.1,1606369.0,100000.0,0.1,0.1,enabled,st,,,,
1595,gxc,btc,8,2,main,gxcbtc,offline,8,0.01,1300000.0,0.0001,0.01,1300000.0,1300000.0,1300000.0,1.1,0.9,0.01,130000.0,7.0,0.1,0.1,enabled,,,,,
1596,hpt,usdt,6,4,st,hptusdt,offline,8,10.0,70000000.0,10.0,10.0,70000000.0,70000000.0,70000000.0,1.1,0.9,1.0,7000000.0,100000.0,0.1,0.1,enabled,,,,,
1597,mmf,usdt,6,4,st,mmfusdt,offline,8,0.1,10446046.0,10.0,0.1,10446046.0,10446046.0,10446046.0,1.1,0.9,0.1,1044604.0,100000.0,0.1,0.1,enabled,,,,,
1598,btt,usdd,10,4,main,bttusdd,offline,8,1.0,930925339787.0,10.0,1.0,930925339787.0,930925339787.0,930925339787.0,1.1,0.9,1.0,93092533978.0,100000.0,0.1,0.1,enabled,zerofee,,,,
1599,zen,eth,6,4,main,zeneth,offline,8,0.001,52000.0,0.001,0.001,52000.0,52000.0,52000.0,1.1,0.9,0.001,5200.0,50.0,0.1,0.1,enabled,,,,,
1600,pha,eth,8,2,main,phaeth,offline,8,1.0,100000000.0,0.001,1.0,100000000.0,100000000.0,100000000.0,1.1,0.9,1.0,10000000.0,300.0,0.1,0.1,enabled,,,,,
1601,bch,husd,2,4,main,bchhusd,offline,8,0.001,5000.0,1.0,0.001,5000.0,5000.0,5000.0,1.1,0.9,0.001,500.0,200000.0,0.1,0.1,enabled,crypto,,,,
1602,mtn,btc,10,2,st,mtnbtc,offline,8,0.1,1000000.0,0.0001,0.1,1000000.0,1000000.0,1000000.0,1.1,0.9,0.1,100000.0,100.0,0.1,0.1,enabled,,,,,
1603,propy,eth,8,2,main,propyeth,offline,8,0.01,10000000.0,0.001,0.01,10000000.0,10000000.0,10000000.0,1.1,0.9,0.01,1000000.0,340.0,0.1,0.1,enabled,,,,,
1604,hippo,usdt,6,4,main,hippousdt,online,8,1.0,85000000.0,1.0,1.0,85000000.0,85000000.0,85000000.0,1.1,0.9,1.0,553683196.0,100000.0,0.1,0.1,enabled,,3.0,,,
1605,ronin,usdt,4,4,main,roninusdt,online,8,0.01,300000.0,10.0,0.01,300000.0,300000.0,300000.0,1.1,0.9,0.01,1016709.0,100000.0,0.1,0.1,enabled,,,,,
1606,beer,usdt,8,2,main,beerusdt,offline,8,1.0,4798694755.0,1.0,1.0,4798694755.0,4798694755.0,4798694755.0,1.1,0.9,1.0,29940119760.0,100000.0,0.1,0.1,enabled,st,,,,
1607,fofar,usdt,6,4,main,fofarusdt,offline,8,1.0,94339622.0,10.0,1.0,94339622.0,94339622.0,2325581.3953,1.1,0.95,1.0,2325581.3953,100000.0,0.05,0.1,enabled,"st,abnormalmarket",,,,
1608,wallet,usdt,6,4,main,walletusdt,offline,8,0.1,33333333.0,10.0,0.1,33333333.0,33333333.0,33333333.0,1.25,0.75,0.1,13759766.0,100000.0,0.1,0.1,enabled,st,,,,
1609,icx,btc,8,4,main,icxbtc,offline,8,0.01,100000.0,0.0001,0.01,100000.0,100000.0,100000.0,1.1,0.9,0.01,100000.0,10.0,0.1,0.1,enabled,,,,,
1610,bags,usdt,4,4,st,bagsusdt,offline,8,0.0001,300000.0,10.0,0.0001,300000.0,300000.0,300000.0,1.1,0.9,0.0001,30000.0,100000.0,0.1,0.1,enabled,,,,,
1611,nsure,usdt,5,4,main,nsureusdt,offline,8,0.01,1123721.0,10.0,0.01,1123721.0,1123721.0,1123721.0,1.1,0.9,0.01,112372.0,100000.0,0.1,0.1,enabled,,,,,
1612,vet,usdc,6,4,main,vetusdc,offline,8,1.0,42660296.0,10.0,1.0,42660296.0,42660296.0,42660296.0,1.1,0.9,1.0,4266029.0,100000.0,0.1,0.1,enabled,,,,,
1613,bld,usdt,4,4,main,bldusdt,offline,8,0.1,1538461.0,10.0,0.1,1538461.0,1538461.0,1538461.0,1.1,0.9,0.1,16961651.0,100000.0,0.1,0.1,enabled,st,,,,
1614,abt,eth,8,2,st,abteth,offline,8,0.1,6000000.0,0.001,0.1,6000000.0,6000000.0,6000000.0,1.1,0.9,0.1,600000.0,260.0,0.1,0.1,enabled,,,,,
1615,lat,usdt,6,2,main,latusdt,online,8,0.01,8333333.0,5.0,0.01,8333333.0,8333333.0,8333333.0,1.1,0.9,0.01,73442539.0,100000.0,0.1,0.1,enabled,,,,,
1616,antex,usdt,8,2,st,antexusdt,offline,8,1.0,14568764568.0,10.0,1.0,14568764568.0,14568764568.0,14568764568.0,1.1,0.9,1.0,1456876456.0,100000.0,0.1,0.1,enabled,,,,,
1617,wnxm,usdt,4,4,main,wnxmusdt,offline,8,0.001,15000.0,10.0,0.001,15000.0,15000.0,15000.0,1.1,0.9,0.001,1286.0,100000.0,0.1,0.1,enabled,st,,,,
1618,wtc,usdt,4,4,main,wtcusdt,offline,8,0.1,300000.0,10.0,0.1,300000.0,300000.0,300000.0,1.1,0.9,0.01,30000.0,100000.0,0.1,0.1,enabled,,,,,
1619,mubi,usdt,5,4,main,mubiusdt,offline,8,0.1,4747278.0,10.0,0.1,4747278.0,4747278.0,4747278.0,1.1,0.9,0.1,58316430.0,100000.0,0.1,0.1,enabled,st,,,,
1620,qtum,eth,6,4,main,qtumeth,offline,8,0.01,500000.0,0.001,0.01,500000.0,500000.0,500000.0,1.1,0.9,0.01,50000.0,270.0,0.1,0.1,enabled,,,,,
1621,btt,usdt,10,4,main,bttusdt,online,8,1.0,470000000000.0,10.0,1.0,470000000000.0,470000000000.0,470000000000.0,1.1,0.9,1.0,60927959310.0,20000.0,0.04,0.04,enabled,,3.0,3.0,,
1622,phcr,usdt,8,4,main,phcrusdt,offline,8,1.0,1000000000.0,10.0,1.0,1000000000.0,1000000000.0,1000000000.0,1.1,0.9,1.0,100000000.0,100000.0,0.1,0.1,enabled,,,,,
1623,zjlt,eth,8,2,st,zjlteth,offline,8,1.0,1000000000.0,0.001,1.0,1000000000.0,1000000000.0,1000000000.0,1.1,0.9,1.0,100000000.0,340.0,0.1,0.1,enabled,hadax,,,,
1624,lxt,eth,8,2,st,lxteth,offline,8,1.0,50000000.0,0.001,1.0,50000000.0,50000000.0,50000000.0,1.1,0.9,1.0,5000000.0,1000.0,0.05,0.05,enabled,hadax,,,,
1625,ghst,usdt,4,4,main,ghstusdt,online,8,0.001,666666.0,10.0,0.001,666666.0,666666.0,666666.0,1.25,0.75,0.001,1234302.0,100000.0,0.1,0.1,enabled,st,,,,
1626,al,usdt,5,4,main,alusdt,online,8,0.1,2325040.0,10.0,0.1,2325040.0,2325040.0,2325040.0,1.25,0.75,0.1,32619486.0,100000.0,0.1,0.1,enabled,st,,,,
1627,vidy,btc,10,2,st,vidybtc,offline,8,1.0,530000000.0,0.0001,1.0,530000000.0,530000000.0,530000000.0,1.1,0.9,1.0,53000000.0,20.0,0.1,0.1,enabled,,,,,
1628,gari,usdt,6,2,main,gariusdt,offline,8,0.01,5000000.0,10.0,0.01,5000000.0,5000000.0,5000000.0,1.1,0.9,0.01,500000.0,100000.0,0.1,0.1,enabled,st,,,,
1629,titan,btc,8,2,main,titanbtc,offline,8,0.1,12500000.0,0.0001,0.1,12500000.0,12500000.0,12500000.0,1.1,0.9,0.1,1250000.0,9.0,0.1,0.1,enabled,,,,,
1630,top,btc,10,2,main,topbtc,offline,8,1.0,100000000.0,0.0001,1.0,100000000.0,100000000.0,100000000.0,1.1,0.9,1.0,10000000.0,20.0,0.1,0.1,enabled,,,,,
1631,mir,ustc,4,4,st,mirust,offline,8,0.001,553924.0,1.0,0.001,553924.0,15591.9518,553924.0,1.03,0.9,0.001,55392.0,7615.541,0.1,0.03,enabled,"alts,abnormalmarket",,,,
1632,bkbt,eth,12,2,st,bkbteth,offline,8,1.0,1250000000.0,0.001,1.0,1250000000.0,1250000000.0,1250000000.0,1.1,0.9,1.0,125000000.0,340.0,0.1,0.1,enabled,hadax,,,,
1633,order,usdt,4,4,main,orderusdt,online,8,0.1,3333333.0,10.0,0.1,3333333.0,3333333.0,3333333.0,1.1,0.9,0.1,1704713.0,100000.0,0.1,0.1,enabled,,,,,
1634,caw,usdt,12,2,main,cawusdt,offline,8,1.0,12456092274731.0,10.0,1.0,12456092274731.0,12456092274731.0,12456092274731.0,1.1,0.9,1.0,1692000076533.0,100000.0,0.1,0.1,enabled,st,,,,
1635,rdn,eth,10,0,st,rdneth,offline,8,0.1,2058.4352,0.001,0.1,2058.4352,2058.4352,2058.4352,1.1,0.9,0.1,2058.4352,0.4159,0.1,0.1,enabled,st,,,1000.0,
1636,mdx,btc,8,2,main,mdxbtc,offline,8,0.01,398692.0,0.0001,0.01,398692.0,398692.0,398692.0,1.1,0.9,0.01,39869.0,5.0,0.1,0.1,enabled,,,,,
1637,prove,usdt,4,4,main,proveusdt,online,8,0.1,1000000.0,10.0,0.1,1000000.0,1000000.0,1000000.0,1.1,0.9,0.1,204648.0,50000.0,0.05,0.05,enabled,,3.0,,,
1638,tnb,usdt,6,2,main,tnbusdt,offline,8,1.0,350000000.0,10.0,1.0,350000000.0,350000000.0,350000000.0,1.1,0.9,1.0,35000000.0,140000.0,0.1,0.1,enabled,,,,,
1639,taiko,usdt,4,4,main,taikousdt,online,8,0.01,757575.0,10.0,0.01,757575.0,757575.0,757575.0,1.1,0.9,0.01,803605.0,100000.0,0.1,0.1,enabled,,,,,
1640,tribe,usdt,4,4,main,tribeusdt,offline,8,0.01,1000000.0,10.0,0.01,1000000.0,1000000.0,1000000.0,1.1,0.9,0.01,100000.0,100000.0,0.1,0.1,enabled,,,,,
1641,lamb,eth,12,2,main,lambeth,offline,8,0.1,7000000.0,0.001,0.1,7000000.0,7000000.0,7000000.0,1.1,0.9,0.1,700000.0,700.0,0.1,0.1,enabled,,,,,
1642,yee,eth,10,2,st,yeeeth,offline,8,1.0,800000000.0,0.001,1.0,800000000.0,800000000.0,800000000.0,1.1,0.9,1.0,80000000.0,500.0,0.1,0.1,enabled,,,,,
1643,lf,usdt,8,4,main,lfusdt,online,8,1.0,874890638.0,10.0,1.0,874890638.0,874890638.0,874890638.0,1.25,0.75,1.0,1212287322.0,50000.0,0.05,0.05,enabled,st,,,,
1644,fil,usdt,4,4,main,filusdt,online,8,0.0001,31129.0,1.0,0.0001,31129.0,31129.0,31129.0,1.1,0.9,0.0001,101883.0,100000.0,0.03,0.03,enabled,,5.0,3.0,,
1645,hana,usdt,6,4,main,hanausdt,online,8,1.0,20157226.0,10.0,1.0,20157226.0,20157226.0,20157226.0,1.1,0.9,1.0,1186079.0,50000.0,0.05,0.05,enabled,,3.0,,,
1646,lina,usdt,6,4,main,linausdt,offline,8,0.1,73871611.0,10.0,0.1,73871611.0,73871611.0,73871611.0,1.1,0.9,0.1,7387161.0,100000.0,0.1,0.1,enabled,st,,,,
1647,fox,usdt,4,4,st,foxusdt,offline,8,0.01,1061796.0,10.0,0.01,1061796.0,1061796.0,1061796.0,1.1,0.9,0.01,106179.0,100000.0,0.1,0.1,enabled,,,,,
1648,gsc,btc,10,2,st,gscbtc,offline,8,1.0,160000000.0,0.0001,1.0,160000000.0,160000000.0,160000000.0,1.1,0.9,1.0,16000000.0,70.0,0.1,0.1,enabled,hadax,,,,
1649,hbc,ht,6,2,main,hbcht,offline,8,0.01,39557.0,0.1,0.01,39557.0,39557.0,39557.0,1.1,0.9,0.01,3955.0,23529.0,0.1,0.1,enabled,,,,,
1650,xrp,husd,4,2,main,xrphusd,offline,8,0.1,2500000.0,1.0,0.1,2500000.0,2500000.0,2500000.0,1.1,0.9,0.1,250000.0,100000.0,0.1,0.1,enabled,crypto,,,,
1651,iota,eth,6,4,main,iotaeth,offline,8,0.01,500000.0,0.001,0.01,500000.0,500000.0,500000.0,1.1,0.9,0.01,50000.0,100.0,0.1,0.1,enabled,,,,,
1652,trx,usdd,6,2,main,trxusdd,offline,8,1.0,12199287.0,10.0,1.0,12199287.0,12199287.0,12199287.0,1.1,0.9,1.0,1219928.0,100000.0,0.1,0.1,enabled,zerofee,,,,
1653,tnb,eth,10,0,main,tnbeth,offline,8,1.0,350000000.0,0.001,1.0,350000000.0,350000000.0,350000000.0,1.1,0.9,1.0,35000000.0,500.0,0.1,0.1,enabled,,,,,
1654,comp,usdt,2,6,main,compusdt,online,8,0.0001,5000.0,10.0,0.0001,5000.0,5000.0,5000.0,1.1,0.9,0.0001,3831.0,100000.0,0.1,0.1,enabled,,2.0,3.0,,
1655,uip,usdt,6,2,st,uipusdt,offline,8,1.0,30000000.0,10.0,1.0,30000000.0,30000000.0,30000000.0,1.1,0.9,1.0,3000000.0,200000.0,0.1,0.1,enabled,hadax,,,,
1656,wicc,usdt,6,4,main,wiccusdt,offline,8,0.01,500000.0,10.0,0.01,500000.0,500000.0,500000.0,1.1,0.9,0.01,50000.0,100000.0,0.1,0.1,enabled,,,,,
1657,lamb,btc,10,2,main,lambbtc,offline,8,0.1,7000000.0,0.0001,0.1,7000000.0,7000000.0,7000000.0,1.1,0.9,0.1,700000.0,20.0,0.1,0.1,enabled,,,,,
1658,orbr,usdt,4,4,main,orbrusdt,offline,8,0.0001,36697.0,10.0,0.0001,36697.0,36697.0,36697.0,1.1,0.9,0.0001,3669.0,100000.0,0.1,0.1,enabled,st,,,,
1659,deso,usdt,4,4,main,desousdt,offline,8,0.001,96061.0,10.0,0.001,96061.0,96061.0,96061.0,1.1,0.9,0.001,25285.0,100000.0,0.1,0.1,enabled,st,,,,
1660,galft,usdt,4,6,main,galftusdt,offline,8,0.001,440528.0,10.0,0.001,440528.0,440528.0,440528.0,1.1,0.9,0.001,44052.0,100000.0,0.1,0.1,enabled,,,,,
1661,elu,usdt,6,4,main,eluusdt,offline,8,0.1,20000000.0,10.0,0.1,20000000.0,20000000.0,20000000.0,1.1,0.9,0.1,222222222.0,100000.0,0.1,0.1,enabled,st,,,,
1662,gun,usdt,6,4,main,gunusdt,online,8,0.1,40000000.0,10.0,0.1,40000000.0,40000000.0,40000000.0,1.1,0.9,0.1,3145918.0,50000.0,0.05,0.05,enabled,,3.0,,,
1663,theta,usdc,4,4,main,thetausdc,offline,8,0.1,782778.0,10.0,0.1,782778.0,782778.0,782778.0,1.1,0.9,0.1,78277.0,100000.0,0.1,0.1,enabled,,,,,
1664,xmx,eth,10,2,st,xmxeth,offline,8,1.0,1300000000.0,0.001,1.0,1300000000.0,1300000000.0,1300000000.0,1.1,0.9,1.0,130000000.0,250.0,0.1,0.1,enabled,hadax,,,,
1665,poolz,usdt,4,4,st,poolzusdt,offline,8,0.001,741839.0,10.0,0.001,741839.0,741839.0,741839.0,1.1,0.9,0.001,74183.0,100000.0,0.1,0.1,enabled,,,,,
1666,hive,btc,8,2,main,hivebtc,offline,8,0.1,6500000.0,0.0001,0.1,6500000.0,6500000.0,6500000.0,1.1,0.9,1.0,650000.0,19.0,0.1,0.1,enabled,,,,,
1667,uni,btc,8,2,main,unibtc,offline,8,0.01,1333333.0,0.0001,0.01,1333333.0,1333333.0,1333333.0,1.1,0.9,0.01,133333.0,9.0,0.1,0.1,enabled,,,3.0,,
1668,chz,eth,8,2,main,chzeth,offline,8,1.0,86000000.0,0.001,1.0,86000000.0,86000000.0,86000000.0,1.1,0.9,1.0,8600000.0,281.0,0.1,0.1,enabled,,,,,
1669,vpad,usdt,6,4,main,vpadusdt,offline,8,0.01,2055498.0,10.0,0.01,2055498.0,2055498.0,2055498.0,1.1,0.9,0.01,21085441.0,100000.0,0.1,0.1,enabled,st,,,,
1670,gve,btc,12,2,st,gvebtc,offline,8,1.0,450000000.0,0.0001,1.0,450000000.0,450000000.0,450000000.0,1.1,0.9,1.0,45000000.0,5.0,0.1,0.1,enabled,"hadax,had",,,,
1671,aave,btc,6,4,main,aavebtc,offline,8,0.0001,19956.0,0.0001,0.0001,19956.0,19956.0,19956.0,1.1,0.9,0.0001,1995.0,8.0,0.1,0.1,enabled,,,3.0,,
1672,xrp3l,usdt,8,4,main,xrp3lusdt,offline,8,0.01,24517569.6676,10.0,0.01,24517569.6676,24517569.6676,24517569.6676,1.5,0.5,0.01,24517569.6676,2500.0,0.1,0.1,enabled,"etp,nav,holdinglimit",,,2500.0,
1673,wxt,usdt,6,2,main,wxtusdt,offline,8,1.0,50000000.0,10.0,1.0,50000000.0,50000000.0,50000000.0,1.1,0.9,1.0,39752497.0,100000.0,0.1,0.1,enabled,st,,,,
1674,moodengeth,usdt,8,2,main,moodengethusdt,online,8,1.0,4803073967.0,10.0,1.0,4803073967.0,4803073967.0,4803073967.0,1.25,0.75,1.0,17727763218.0,100000.0,0.05,0.05,enabled,st,,,,
1675,bobbsc,usdt,10,2,main,bobbscusdt,online,8,1.0,10000000000000.0,10.0,1.0,10000000000000.0,10000000000000.0,10000000000000.0,1.25,0.75,1.0,3185595568052.0,50000.0,0.05,0.05,enabled,"st,innovate",,,,
1676,tybeng,usdt,7,4,main,tybengusdt,offline,8,1.0,269541778.0,10.0,1.0,269541778.0,269541778.0,269541778.0,1.1,0.9,1.0,26954177.0,100000.0,0.1,0.1,enabled,st,,,,
1677,zed,usdt,6,4,main,zedusdt,offline,8,0.1,5000000.0,10.0,0.1,5000000.0,5000000.0,5000000.0,1.1,0.9,0.1,500000.0,100000.0,0.1,0.1,enabled,,,,,
1678,fiu,usdt,6,4,main,fiuusdt,offline,8,0.1,66666666.0,10.0,0.1,66666666.0,66666666.0,66666666.0,1.1,0.9,0.1,6666666.0,100000.0,0.1,0.1,enabled,,,,,
1679,xaut,usdt,2,6,main,xautusdt,online,8,1e-05,561.0,1.0,1e-05,561.0,561.0,561.0,1.1,0.9,1e-05,20.0,100000.0,0.1,0.1,enabled,,3.0,,,
1680,donkey,usdt,6,4,main,donkeyusdt,online,8,1.0,78802206.0,10.0,1.0,78802206.0,78802206.0,78802206.0,1.25,0.75,1.0,48453695.0,50000.0,0.05,0.05,enabled,"st,innovate",,,,
1681,etc,usdc,4,4,main,etcusdc,offline,8,0.01,66845.0,10.0,0.01,66845.0,66845.0,66845.0,1.1,0.9,0.01,6684.0,100000.0,0.1,0.1,enabled,,,,,
1682,pendle,usdt,4,4,main,pendleusdt,online,8,0.01,806451.0,10.0,0.01,806451.0,806451.0,806451.0,1.1,0.9,0.01,70337.0,100000.0,0.1,0.1,enabled,,3.0,,,
1683,amp,usdt,6,4,main,ampusdt,online,8,0.1,35087719.0,10.0,0.1,35087719.0,35087719.0,35087719.0,1.1,0.9,0.1,109539458.0,100000.0,0.1,0.1,enabled,,,,,
1684,iic,eth,12,2,st,iiceth,offline,8,1.0,50000000.0,0.001,1.0,50000000.0,50000000.0,50000000.0,1.1,0.9,1.0,5000000.0,500.0,0.05,0.05,enabled,hadax,,,,
1685,eos,usdc,4,4,main,eosusdc,offline,8,0.1,733137.0,10.0,0.1,733137.0,733137.0,733137.0,1.1,0.9,0.1,73313.0,100000.0,0.1,0.1,enabled,,,,,
1686,ultima,usdt,2,6,main,ultimausdt,online,8,0.0001,133.3333,10.0,0.0001,133.3333,133.3333,133.3333,1.1,0.9,0.0001,12.0,50000.0,0.05,0.05,enabled,innovate,3.0,,,
1687,orb,usdt,6,4,main,orbusdt,offline,8,0.1,28571429.0,10.0,0.1,28571429.0,28571429.0,28571429.0,1.1,0.9,0.1,2857142.0,100000.0,0.1,0.1,enabled,,,,,
1688,trx,tusd,6,2,main,trxtusd,offline,8,1.0,17101617.0,10.0,1.0,17101617.0,17101617.0,17101617.0,1.1,0.9,1.0,1710161.0,100000.0,0.1,0.1,enabled,zerofee,,,,
1689,talk,usdt,6,4,st,talkusdt,offline,8,0.1,20000000.0,10.0,0.1,20000000.0,20000000.0,20000000.0,1.1,0.9,0.1,2000000.0,100000.0,0.1,0.1,enabled,,,,,
1690,vsys,ht,6,2,main,vsysht,offline,8,0.1,5600000.0,0.1,0.1,5600000.0,5600000.0,5600000.0,1.1,0.9,0.1,560000.0,40000.0,0.1,0.1,enabled,,,,,
1691,zjlt,btc,12,2,st,zjltbtc,offline,8,1.0,1000000000.0,0.0001,1.0,1000000000.0,1000000000.0,199694312.7647,1.1,0.9,1.0,199694312.7647,70.0,0.1,0.1,enabled,"hadax,abnormalmarket",,,,
1692,for,usdt,6,2,main,forusdt,offline,8,1.0,30000000.0,10.0,1.0,30000000.0,30000000.0,30000000.0,1.1,0.9,1.0,3000000.0,200000.0,0.1,0.1,enabled,st,,,,
1693,mina,usdt,4,4,main,minausdt,online,8,0.01,1535155.0,10.0,0.01,1535155.0,1535155.0,1535155.0,1.1,0.9,0.01,1634335.0,100000.0,0.1,0.1,enabled,,,,,
1694,req,eth,8,1,main,reqeth,offline,8,0.1,1000000.0,0.001,0.1,1000000.0,1000000.0,1000000.0,1.1,0.9,0.1,100000.0,500.0,0.1,0.1,enabled,,,,,
1695,wndr,usdt,6,4,st,wndrusdt,offline,8,0.1,10101010.0,10.0,0.1,10101010.0,10101010.0,10101010.0,1.1,0.9,0.1,1010101.0,100000.0,0.1,0.1,enabled,,,,,
1696,ever,usdt,6,4,main,everusdt,offline,8,0.01,4276410.0,10.0,0.01,4276410.0,4276410.0,4276410.0,1.25,0.75,0.01,32592676.0,100000.0,0.1,0.1,enabled,st,,,,
1697,mir,btc,8,4,st,mirbtc,offline,8,0.0001,90560.0,0.0001,0.0001,90560.0,90560.0,90560.0,1.1,0.9,0.0001,9056.0,1.0,0.1,0.1,enabled,,,,,
1698,trx,btc,10,2,main,trxbtc,online,8,1.0,38000000.0,0.0001,1.0,38000000.0,38000000.0,38000000.0,1.1,0.9,1.0,3800000.0,8.0,0.1,0.1,enabled,,,3.0,,
1699,xyo,usdt,6,4,main,xyousdt,online,8,0.1,33909799.0,10.0,0.1,33909799.0,33909799.0,33909799.0,1.1,0.9,0.1,26908137.0,100000.0,0.1,0.1,enabled,,,,,
1700,usdc,usdt,4,4,main,usdcusdt,online,8,0.001,999900.0,1.0,0.001,999900.0,999900.0,999900.0,1.1,0.9,0.001,100043.0,100000.0,0.01,0.01,enabled,,3.0,3.0,,
1701,mu,usdt,6,4,st,muusdt,offline,8,1.0,100000000.0,10.0,1.0,100000000.0,100000000.0,100000000.0,1.1,0.9,1.0,10000000.0,100000.0,0.1,0.1,enabled,,,,,
1702,ranker,usdt,6,4,main,rankerusdt,offline,8,0.1,20000000.0,10.0,0.1,20000000.0,20000000.0,20000000.0,1.1,0.9,0.1,2000000.0,100000.0,0.1,0.1,enabled,,,,,
1703,meet,btc,12,2,st,meetbtc,offline,8,1.0,8000000.0,0.0001,1.0,8000000.0,8000000.0,8000000.0,1.1,0.9,1.0,800000.0,0.1,0.1,0.1,enabled,,,,,
1704,ada,usdt,6,4,main,adausdt,online,8,0.1,5000000.0,1.0,0.1,5000000.0,5000000.0,5000000.0,1.1,0.9,0.1,194232.0,50000.0,0.03,0.03,enabled,,4.0,3.0,,
1705,ygg,usdt,4,4,main,yggusdt,online,8,0.001,125000.0,10.0,0.001,125000.0,125000.0,125000.0,1.1,0.9,0.001,2338586.0,100000.0,0.1,0.1,enabled,,,,,
1706,fio,usdt,6,4,main,fiousdt,online,8,1.0,18608113.0,10.0,1.0,18608113.0,18608113.0,18608113.0,1.1,0.9,1.0,44538254.0,100000.0,0.1,0.1,enabled,,,,,
1707,tut,usdt,6,4,main,tutusdt,online,8,1.0,24752475.0,10.0,1.0,24752475.0,24752475.0,24752475.0,1.1,0.9,1.0,4031961.0,50000.0,0.05,0.05,enabled,,,,,
1708,nft,ht,12,0,main,nftht,offline,8,1.0,7575757575757.0,0.1,1.0,7575757575757.0,7575757575757.0,7575757575757.0,1.1,0.9,1.0,757575757575.0,4347.0,0.1,0.1,enabled,,,,,
1709,spellfire,usdt,7,4,main,spellfireusdt,offline,8,0.1,40000000.0,10.0,0.1,40000000.0,40000000.0,40000000.0,1.1,0.9,0.1,4000000.0,100000.0,0.1,0.1,enabled,st,,,,
1710,lend,usdt,4,2,st,lendusdt,offline,8,0.1,1700000.0,10.0,0.1,1700000.0,1700000.0,1700000.0,1.1,0.9,0.1,170000.0,100000.0,0.1,0.1,enabled,,,,,
1711,flz,usdt,4,4,main,flzusdt,offline,8,0.1,10000000.0,10.0,0.1,10000000.0,10000000.0,10000000.0,1.25,0.75,0.1,1525907.0,100000.0,0.1,0.1,enabled,st,,,,
1712,krrx,usdt,4,4,main,krrxusdt,online,8,0.1,3225764.0,10.0,0.1,3225764.0,3225764.0,3225764.0,1.1,0.9,0.1,1808033.0,100000.0,0.1,0.1,enabled,,,,,
1713,lxt,usdt,6,2,st,lxtusdt,offline,8,1.0,35000000.0,10.0,1.0,35000000.0,35000000.0,35000000.0,1.1,0.9,1.0,3500000.0,200000.0,0.1,0.1,enabled,hadax,,,,
1714,datx,eth,10,2,st,datxeth,offline,8,1.0,2600000000.0,0.001,1.0,2600000000.0,2600000000.0,2600000000.0,1.1,0.9,1.0,260000000.0,360.0,0.1,0.1,enabled,hadax,,,,
1715,fti,btc,12,2,main,ftibtc,offline,8,1.0,3000000000.0,0.0001,1.0,3000000000.0,3000000000.0,3000000000.0,1.1,0.9,1.0,300000000.0,8.0,0.1,0.1,enabled,hadax,,,,
1716,wifi,usdt,6,4,main,wifiusdt,offline,8,1.0,18914318.0,10.0,1.0,18914318.0,18914318.0,18914318.0,1.1,0.9,1.0,57543157.0,100000.0,0.1,0.1,enabled,st,,,,
1717,box,eth,12,2,main,boxeth,offline,8,1.0,30000000.0,0.001,1.0,30000000.0,30000000.0,30000000.0,1.1,0.9,1.0,3000000.0,50.0,0.1,0.1,enabled,,,,,
1718,ada,husd,6,4,main,adahusd,offline,8,1.0,28000000.0,1.0,1.0,28000000.0,28000000.0,28000000.0,1.1,0.9,1.0,2800000.0,140000.0,0.1,0.1,enabled,crypto,,,,
1719,orc,usdt,5,4,main,orcusdt,offline,8,0.1,5678140.0,10.0,0.1,5678140.0,5678140.0,5678140.0,1.1,0.9,0.1,567814.0,100000.0,0.1,0.1,enabled,st,,,,
1720,appc,btc,10,2,st,appcbtc,offline,8,0.01,31000000.0,0.0001,0.01,31000000.0,31000000.0,31000000.0,1.1,0.9,0.01,3100000.0,7.0,0.1,0.1,enabled,,,,,
1721,epik,usdt,6,4,main,epikusdt,offline,8,0.1,4000000.0,10.0,0.1,4000000.0,4000000.0,4000000.0,1.1,0.9,0.1,84852062.0,100000.0,0.1,0.1,enabled,st,,,,
1722,pizza,usdt,4,4,main,pizzausdt,offline,8,0.01,150000.0,10.0,0.01,150000.0,150000.0,150000.0,1.1,0.1,0.01,672534.0,100000.0,0.1,0.1,enabled,st,,,,
1723,lym,btc,10,2,main,lymbtc,offline,8,1.0,1430615164.0,0.0001,1.0,1430615164.0,1430615164.0,1430615164.0,1.1,0.9,1.0,143061516.0,70.0,0.1,0.1,enabled,hadax,,,,
1724,vvs,usdt,10,2,st,vvsusdt,offline,8,1.0,131027253668.0,10.0,1.0,131027253668.0,131027253668.0,131027253668.0,1.1,0.9,1.0,13102725366.0,100000.0,0.1,0.1,enabled,,,,,
1725,rndr,eth,8,4,main,rndreth,offline,8,0.001,984542.0,0.001,0.001,984542.0,984542.0,984542.0,1.1,0.9,0.001,98454.0,63.0,0.1,0.1,enabled,,,,,
1726,agld,btc,8,4,main,agldbtc,offline,8,0.001,140795.0,0.0001,0.001,140795.0,140795.0,140795.0,1.1,0.9,0.001,14079.0,5.0,0.1,0.1,enabled,,,,,
1727,vsn,usdt,5,4,main,vsnusdt,online,8,1.0,10000000.0,10.0,1.0,10000000.0,10000000.0,10000000.0,1.1,0.9,1.0,916977.0,50000.0,0.05,0.05,enabled,innovate,3.0,,,
1728,neiro,usdt,5,4,main,neirousdt,offline,8,1.0,20380703.0,10.0,1.0,20380703.0,20380703.0,20380703.0,1.1,0.9,1.0,113805047.0,100000.0,0.1,0.1,enabled,st,,,,
1729,gq,usdt,6,4,main,gqusdt,offline,8,0.1,16035920.0,10.0,0.1,16035920.0,16035920.0,16035920.0,1.1,0.9,0.1,907297830.0,100000.0,0.1,0.1,enabled,st,,,,
1730,celo,usdt,4,4,main,celousdt,online,8,0.001,200000.0,10.0,0.001,200000.0,200000.0,200000.0,1.1,0.9,0.001,1145076.0,100000.0,0.1,0.1,enabled,,,,,
1731,ycc,btc,10,2,st,yccbtc,offline,8,1.0,10000000.0,0.0001,1.0,10000000.0,10000000.0,10000000.0,1.1,0.9,1.0,1000000.0,3.0,0.05,0.05,enabled,hadax,,,,
1732,zerebro,usdt,4,4,main,zerebrousdt,online,8,0.1,2485707.0,10.0,0.1,2485707.0,2485707.0,2485707.0,1.1,0.9,0.1,6913134.0,100000.0,0.1,0.1,enabled,,,,,
1733,pyth,usdt,6,4,main,pythusdt,online,8,1.0,16666666.0,10.0,1.0,16666666.0,16666666.0,16666666.0,1.1,0.9,1.0,2100853.0,100000.0,0.1,0.1,enabled,,,,,
1734,fury,usdt,5,4,main,furyusdt,offline,8,0.1,5000000.0,10.0,0.1,5000000.0,5000000.0,5000000.0,1.25,0.75,0.1,181818181.0,100000.0,0.1,0.1,enabled,st,,,,
1735,torn,usdt,4,4,main,tornusdt,online,8,0.01,204918.0,10.0,0.01,204918.0,204918.0,204918.0,1.1,0.9,0.01,12211.0,100000.0,0.1,0.1,enabled,privacycoin,,,,
1736,ankr,ht,6,2,main,ankrht,offline,8,1.0,78000000.0,0.1,1.0,78000000.0,78000000.0,78000000.0,1.1,0.9,1.0,7800000.0,25000.0,0.1,0.1,enabled,,,,,
1737,dash,husd,2,4,main,dashhusd,offline,8,0.001,13000.0,1.0,0.001,13000.0,13000.0,13000.0,1.1,0.9,0.001,1300.0,145000.0,0.1,0.1,enabled,,,,,
1738,dot,husd,4,4,main,dothusd,offline,8,0.01,300000.0,1.0,0.01,300000.0,300000.0,300000.0,1.1,0.9,0.01,30000.0,100000.0,0.1,0.1,enabled,crypto,,,,
1739,dgd,eth,6,4,st,dgdeth,offline,8,0.001,10000.0,0.001,0.001,10000.0,10000.0,10000.0,1.1,0.9,0.001,1000.0,1000.0,0.1,0.1,enabled,,,,,
1740,yfii,btc,6,4,main,yfiibtc,offline,8,0.0001,200.0,0.0001,0.0001,200.0,200.0,200.0,1.1,0.9,0.0001,20.0,10.0,0.1,0.1,enabled,,,,,
1741,crv,btc,7,4,main,crvbtc,offline,8,0.01,2100000.0,0.0001,0.01,2100000.0,2100000.0,2100000.0,1.1,0.9,0.01,210000.0,8.0,0.1,0.1,enabled,,,3.0,,
1742,mvl,usdt,6,4,main,mvlusdt,online,8,1.0,156396621.0,10.0,1.0,156396621.0,156396621.0,156396621.0,1.25,0.75,1.0,77579519.0,100000.0,0.1,0.1,enabled,st,,,,
1743,ruff,btc,10,2,main,ruffbtc,offline,8,1.0,10000000.0,0.0001,1.0,10000000.0,10000000.0,10000000.0,1.1,0.9,1.0,1000000.0,100.0,0.1,0.1,enabled,,,,,
1744,btc,euroc,2,5,main,btceuroc,offline,8,1e-05,41.0,1.0,1e-05,41.0,41.0,41.0,1.1,0.9,1e-05,4.0,100000.0,0.1,0.1,enabled,,,,,
1745,stc,usdt,4,4,main,stcusdt,offline,8,0.01,800000.0,10.0,0.01,800000.0,800000.0,800000.0,1.1,0.9,0.01,80000.0,100000.0,0.1,0.1,enabled,,,,,
1746,xlm,usdc,6,4,main,xlmusdc,offline,8,0.1,8034451.0,10.0,0.1,8034451.0,8034451.0,8034451.0,1.1,0.9,0.1,803445.0,100000.0,0.1,0.1,enabled,,,,,
1747,carv,usdt,4,4,main,carvusdt,online,8,1.0,10000000.0,10.0,1.0,10000000.0,10000000.0,10000000.0,1.1,0.9,1.0,1657179.0,100000.0,0.1,0.1,enabled,,3.0,,,
1748,soc,usdt,6,2,st,socusdt,offline,8,0.1,3000000.0,10.0,0.1,3000000.0,3000000.0,3000000.0,1.1,0.9,0.1,300000.0,100000.0,0.1,0.1,enabled,,,,,
1749,xno,eth,6,4,main,nanoeth,offline,8,0.01,100000.0,0.001,0.01,100000.0,100000.0,100000.0,1.1,0.9,0.01,10000.0,50.0,0.1,0.1,enabled,,,,,
1750,sun,btc,10,2,main,sunbtc,offline,8,0.1,35714285.0,0.0001,0.1,35714285.0,35714285.0,35714285.0,1.1,0.9,0.1,3571428.0,3.0,0.1,0.1,enabled,,,,,
1751,zen,usdt,4,4,main,zenusdt,online,8,0.01,110375.0,10.0,0.01,110375.0,110375.0,110375.0,1.1,0.9,0.01,16844.0,100000.0,0.1,0.1,enabled,,,,,
1752,dcr,btc,6,4,main,dcrbtc,offline,8,0.001,10000.0,0.0001,0.001,10000.0,10000.0,10000.0,1.1,0.9,0.001,1000.0,10.0,0.1,0.1,enabled,,,,,
1753,rad,btc,8,4,main,radbtc,offline,8,0.0001,88994.0,0.0001,0.0001,88994.0,88994.0,88994.0,1.1,0.9,0.0001,8899.0,5.0,0.1,0.1,enabled,,,,,
1754,cere,usdt,6,4,main,cereusdt,offline,8,0.1,28571428.0,10.0,0.1,28571428.0,28571428.0,28571428.0,1.1,0.9,0.1,215396141.0,100000.0,0.1,0.1,enabled,st,,,,
1755,atp,usdt,7,2,st,atpusdt,offline,8,1.0,30000000.0,10.0,1.0,30000000.0,30000000.0,30000000.0,1.1,0.9,1.0,3000000.0,100000.0,0.1,0.1,enabled,,,,,
1756,pumpold,usdt,10,2,main,pumpoldusdt,offline,8,1.0,82101806239.0,10.0,1.0,82101806239.0,82101806239.0,82101806239.0,1.1,0.9,1.0,320673693604.0,100000.0,0.1,0.1,enabled,st,,,,
1757,titan,eth,8,2,main,titaneth,offline,8,0.1,12500000.0,0.001,0.1,12500000.0,12500000.0,12500000.0,1.1,0.9,0.1,1250000.0,267.0,0.1,0.1,enabled,,,,,
1758,yee,btc,12,2,st,yeebtc,offline,8,1.0,800000000.0,0.0001,1.0,800000000.0,800000000.0,800000000.0,1.1,0.9,1.0,80000000.0,15.0,0.1,0.1,enabled,,,,,
1759,df,btc,8,2,main,dfbtc,offline,8,0.1,1500000.0,0.0001,0.1,1500000.0,1500000.0,1500000.0,1.1,0.9,0.1,150000.0,8.0,0.1,0.1,enabled,,,,,
1760,bubble,usdt,6,4,main,bubbleusdt,offline,8,1.0,166666666.0,10.0,1.0,166666666.0,166666666.0,166666666.0,1.1,0.9,1.0,120368432.0,100000.0,0.1,0.1,enabled,st,,,,
1761,wtc,eth,7,4,main,wtceth,offline,8,0.1,300000.0,0.001,0.1,300000.0,300000.0,300000.0,1.1,0.9,0.01,30000.0,250.0,0.1,0.1,enabled,,,,,
1762,kmd,btc,8,2,main,kmdbtc,offline,8,0.1,800000.0,0.0001,0.1,800000.0,800000.0,800000.0,1.1,0.9,0.1,80000.0,20.0,0.1,0.1,enabled,,,,,
1763,cre,usdt,6,2,main,creusdt,offline,8,1.0,80000000.0,10.0,1.0,80000000.0,80000000.0,80000000.0,1.1,0.9,1.0,8000000.0,200000.0,0.1,0.1,enabled,,,,,
1764,srm,usdt,4,4,main,srmusdt,offline,8,0.001,147442.0,10.0,0.001,147442.0,147442.0,147442.0,1.1,0.9,0.001,14744.0,100000.0,0.1,0.1,enabled,st,,,,
1765,rss3,usdt,6,4,main,rss3usdt,online,8,0.01,1666666.0,10.0,0.01,1666666.0,1666666.0,1666666.0,1.25,0.75,0.01,16301651.0,100000.0,0.1,0.1,enabled,st,,,,
1766,kaon,ht,6,2,main,akroht,offline,8,1.0,50000000.0,0.1,1.0,50000000.0,50000000.0,50000000.0,1.1,0.9,1.0,5000000.0,20000.0,0.1,0.1,enabled,,,,,
1767,fil,eth,8,4,main,fileth,offline,8,0.0001,31129.0,0.001,0.0001,31129.0,31129.0,31129.0,1.1,0.9,0.0001,3112.0,262.0,0.1,0.1,enabled,,,,,
1768,icp,usdt,2,4,main,icpusdt,online,8,0.0001,8333.0,5.0,0.0001,8333.0,8333.0,8333.0,1.1,0.9,0.0001,38467.0,100000.0,0.04,0.04,enabled,,2.0,,,
1769,molt,usdt,8,2,main,moltusdt,online,8,1.0,1250000000.0,10.0,1.0,1250000000.0,1250000000.0,1250000000.0,1.1,0.9,1.0,3155959274.0,50000.0,0.05,0.05,enabled,innovate,,,,
1770,cetus,usdt,4,4,main,cetususdt,online,8,0.1,3200000.0,10.0,0.1,3200000.0,3200000.0,3200000.0,1.1,0.9,0.1,4358537.0,100000.0,0.1,0.1,enabled,,,,,
1771,bard,usdt,4,4,main,bardusdt,online,8,0.1,1388888.0,1.0,0.1,1388888.0,1388888.0,1388888.0,1.1,0.9,0.1,152198.0,50000.0,0.05,0.05,enabled,,,,,
1772,iotx,eth,8,2,main,iotxeth,offline,8,0.1,78901688.0,0.001,0.1,78901688.0,78901688.0,78901688.0,1.1,0.9,0.1,7890168.0,78.0,0.1,0.1,enabled,,,,,
1773,fct2,usdt,6,2,main,fct2usdt,online,8,1.0,21459227.0,10.0,1.0,21459227.0,21459227.0,21459227.0,1.25,0.75,1.0,7658395.0,100000.0,0.1,0.1,enabled,st,,,,
1774,bwo,usdt,5,4,main,bwousdt,offline,8,0.01,8333333.0,10.0,0.01,8333333.0,8333333.0,8333333.0,1.1,0.9,0.01,833333.0,100000.0,0.1,0.1,enabled,,,,,
1775,let,btc,10,2,st,letbtc,offline,8,1.0,295000000.0,0.0001,1.0,295000000.0,295000000.0,295000000.0,1.1,0.9,1.0,29500000.0,10.0,0.1,0.1,enabled,,,,,
1776,knc,btc,8,0,main,kncbtc,offline,8,0.1,1000000.0,0.0001,0.1,1000000.0,1000000.0,1000000.0,1.1,0.9,0.1,100000.0,10.0,0.1,0.1,enabled,,,,,
1777,ab,btc,10,2,main,newbtc,offline,8,1.0,100000000.0,0.0001,1.0,100000000.0,100000000.0,100000000.0,1.1,0.9,1.0,10000000.0,20.0,0.05,0.05,enabled,,,,,
1778,pol,usdd,6,4,main,maticusdd,offline,8,0.1,1105129.0,10.0,0.1,1105129.0,1105129.0,1105129.0,1.1,0.9,0.1,110512.0,100000.0,0.1,0.1,enabled,zerofee,,,,
1779,dta,btc,12,2,main,dtabtc,offline,8,1.0,100000000.0,0.0001,1.0,100000000.0,100000000.0,100000000.0,1.1,0.9,1.0,10000000.0,100.0,0.1,0.1,enabled,,,,,
1780,init,usdt,4,4,main,initusdt,online,8,0.1,2857000.0,10.0,0.1,2857000.0,2857000.0,2857000.0,1.1,0.9,0.1,545747.0,50000.0,0.05,0.05,enabled,,,,,
1781,zig,usdt,6,4,main,zigusdt,online,8,0.1,13795006.0,10.0,0.1,13795006.0,13795006.0,13795006.0,1.1,0.9,0.1,3449480.0,100000.0,0.1,0.1,enabled,,,,,
1782,cookie,usdt,4,4,main,cookieusdt,online,8,0.1,5224660.0,10.0,0.1,5224660.0,5224660.0,5224660.0,1.1,0.9,0.1,2721893.0,50000.0,0.05,0.05,enabled,,,,,
1783,zkb,usdt,6,4,main,zkbusdt,offline,8,1.0,14025245.0,10.0,1.0,14025245.0,14025245.0,14025245.0,1.1,0.9,1.0,8126806.0,100000.0,0.1,0.1,enabled,st,,,,
1784,check,usdt,5,4,main,checkusdt,online,8,0.1,9891196.0,10.0,0.1,9891196.0,9891196.0,9891196.0,1.1,0.9,0.1,1380154.0,50000.0,0.05,0.05,enabled,innovate,3.0,,,
1785,ivfun,usdt,6,4,main,ivfunusdt,offline,8,1.0,17361111.0,10.0,1.0,17361111.0,17361111.0,17361111.0,1.1,0.9,1.0,1736111.0,100000.0,0.1,0.1,enabled,st,,,,
1786,abt,usdt,4,2,st,abtusdt,offline,8,0.1,6000000.0,10.0,0.1,6000000.0,6000000.0,6000000.0,1.1,0.9,0.1,600000.0,100000.0,0.1,0.1,enabled,,,,,
1787,fsn,usdt,4,4,main,fsnusdt,offline,8,0.01,900000.0,10.0,0.01,900000.0,900000.0,900000.0,1.1,0.9,0.01,90000.0,100000.0,0.1,0.1,enabled,,,,,
1788,link3l,usdt,10,4,main,link3lusdt,offline,8,0.001,3845607724.3486,10.0,0.001,3845607724.3486,3845607724.3486,3845607724.3486,1.5,0.5,0.001,3845607724.3486,2500.0,0.1,0.1,enabled,"etp,nav,holdinglimit,activities",,,2500.0,
1789,sofi,btc,8,4,main,sofibtc,offline,8,0.001,373538.0,0.0001,0.001,373538.0,373538.0,373538.0,1.1,0.9,0.001,37353.0,3.0,0.1,0.1,enabled,,,,,
1790,pha,usdt,6,4,main,phausdt,online,8,1.0,100000000.0,10.0,1.0,100000000.0,100000000.0,100000000.0,1.1,0.9,1.0,2621109.0,100000.0,0.1,0.1,enabled,,,,,
1791,mnt,usdt,4,4,main,mntusdt,online,8,0.1,1809299.0,1.0,0.1,1809299.0,1809299.0,1809299.0,1.1,0.9,0.1,147392.0,100000.0,0.1,0.1,enabled,,,,,
1792,iota,usdt,4,4,main,iotausdt,online,8,0.01,500000.0,10.0,0.01,500000.0,500000.0,500000.0,1.1,0.9,0.01,1679322.0,100000.0,0.1,0.1,enabled,,,,,
1793,vidy,usdt,8,2,st,vidyusdt,offline,8,1.0,530000000.0,10.0,1.0,530000000.0,530000000.0,530000000.0,1.1,0.9,1.0,53000000.0,200000.0,0.1,0.1,enabled,,,,,
1794,parti,usdt,5,4,main,partiusdt,online,8,0.1,6666666.0,10.0,0.1,6666666.0,6666666.0,6666666.0,1.1,0.9,0.1,1152697.0,50000.0,0.05,0.05,enabled,,3.0,,,
1795,eurr,usdt,4,4,main,eurrusdt,online,8,0.1,42294.028,1.0,0.1,42294.028,42294.028,42294.028,1.25,0.75,0.1,42294.0,50000.0,0.03,0.03,enabled,,,,50000.0,
1796,love,usdt,8,2,main,loveusdt,offline,8,1.0,2000000000.0,10.0,1.0,2000000000.0,2000000000.0,2000000000.0,1.1,0.9,1.0,200000000.0,100000.0,0.1,0.1,enabled,,,,,
1797,tlm,usdt,6,4,main,tlmusdt,online,8,0.1,10169836.0,10.0,0.1,10169836.0,10169836.0,10169836.0,1.1,0.9,0.1,51712120.0,100000.0,0.1,0.1,enabled,,,,,
1798,pyr,usdt,4,4,main,pyrusdt,online,8,0.0001,30000.0,10.0,0.0001,30000.0,30000.0,30000.0,1.1,0.9,0.0001,343242.0,100000.0,0.1,0.1,enabled,,,,,
1799,well,usdt,6,4,main,wellusdt,online,8,1.0,150784077.0,10.0,1.0,150784077.0,150784077.0,150784077.0,1.1,0.9,1.0,22206988.0,100000.0,0.1,0.1,enabled,,,,,
1800,pol,eth,8,2,main,maticeth,offline,8,0.1,57175528.0,0.001,0.1,57175528.0,57175528.0,57175528.0,1.1,0.9,0.1,5717552.0,93.0,0.1,0.1,enabled,,,,,
1801,ats,usdt,6,2,st,atsusdt,offline,8,0.01,7200000.0,10.0,0.01,7200000.0,1557210.5619,7200000.0,1.1,0.9,0.01,720000.0,5000.0,0.1,0.1,enabled,abnormalmarket,,,,
1802,rcn,eth,10,0,st,rcneth,offline,8,1.0,890734.7192,0.001,1.0,890734.7192,890734.7192,890734.7192,1.1,0.9,1.0,890734.7192,0.4159,0.1,0.1,enabled,st,,,1000.0,
1803,qtum,husd,4,4,main,qtumhusd,offline,8,0.01,500000.0,1.0,0.01,500000.0,500000.0,500000.0,1.1,0.9,0.01,50000.0,100000.0,0.1,0.1,enabled,,,,,
1804,lol,usdt,8,4,st,lolusdt,offline,8,1.0,2000000000.0,10.0,1.0,2000000000.0,2000000000.0,2000000000.0,1.1,0.9,1.0,200000000.0,70000.0,0.1,0.1,enabled,,,,,
1805,bsv3s,usdt,8,4,main,bsv3susdt,offline,8,0.01,16446015.9526,10.0,0.01,16446015.9526,16446015.9526,16446015.9526,1.5,0.5,0.01,16446015.9526,2000.0,0.1,0.1,enabled,"etp,nav,holdinglimit,activities",,,2000.0,
1806,sunwukong,usdt,6,4,main,sunwukongusdt,offline,8,1.0,85910652.0,10.0,1.0,85910652.0,85910652.0,85910652.0,1.1,0.9,1.0,247019654.0,100000.0,0.1,0.1,enabled,st,,,,
1807,hype,usdt,4,4,main,hypeusdt,online,8,0.001,33333.0,10.0,0.001,33333.0,33333.0,33333.0,1.1,0.9,0.001,1119.0,50000.0,0.05,0.05,enabled,,3.0,,,
1808,ip,usdt,4,4,main,ipusdt,online,8,0.01,200000.0,10.0,0.01,200000.0,200000.0,200000.0,1.1,0.9,0.01,83832.0,50000.0,0.05,0.05,enabled,,3.0,,,
1809,pundu,usdt,6,4,main,punduusdt,offline,8,1.0,29112081.0,10.0,1.0,29112081.0,29112081.0,29112081.0,1.1,0.9,1.0,28663293.0,100000.0,0.1,0.1,enabled,st,,,,
1810,hpt,ht,6,4,st,hptht,offline,8,10.0,70000000.0,0.1,10.0,70000000.0,70000000.0,70000000.0,1.1,0.9,1.0,7000000.0,30000.0,0.1,0.1,enabled,,,,,
1811,dac,btc,12,2,st,dacbtc,offline,8,1.0,300000000.0,0.0001,1.0,300000000.0,300000000.0,300000000.0,1.1,0.9,1.0,30000000.0,9.0,0.05,0.05,enabled,hadax,,,,
1812,iotx,usdt,6,2,main,iotxusdt,online,8,0.1,78901688.0,10.0,0.1,78901688.0,78901688.0,78901688.0,1.1,0.9,0.1,20555903.0,100000.0,0.1,0.1,enabled,,,,,
1813,boba,usdt,5,4,main,bobausdt,online,8,0.001,574712.0,10.0,0.001,574712.0,574712.0,574712.0,1.1,0.9,0.001,4325991.0,100000.0,0.1,0.1,enabled,,,,,
1814,rsr,ht,6,2,main,rsrht,offline,8,1.0,650000000.0,0.1,1.0,650000000.0,650000000.0,650000000.0,1.1,0.9,1.0,65000000.0,30000.0,0.1,0.1,enabled,,,,,
1815,onston,usdt,6,4,main,onstonusdt,offline,8,0.1,16059097.0,10.0,0.1,16059097.0,16059097.0,16059097.0,1.1,0.9,0.1,1605909.0,100000.0,0.1,0.1,enabled,,,,,
1816,grass,usdt,4,4,main,grassusdt,online,8,0.1,1162790.0,10.0,0.1,1162790.0,1162790.0,1162790.0,1.1,0.9,0.1,54563.0,20000.0,0.1,0.1,enabled,,3.0,,,
1817,bluai,usdt,6,4,main,bluaiusdt,online,8,1.0,43140638.0,10.0,1.0,43140638.0,43140638.0,43140638.0,1.1,0.9,1.0,5374660.0,50000.0,0.05,0.05,enabled,innovate,3.0,,,
1818,btc,brl,2,5,main,btcbrl,offline,8,1e-05,32.0,5.0,1e-05,32.0,32.0,32.0,1.1,0.9,1e-05,3.0,507872.0,0.1,0.1,enabled,"griddisabled,fiat",,,,
1819,atom,usdc,4,3,main,atomusdc,offline,8,0.01,97389.0,10.0,0.01,97389.0,97389.0,97389.0,1.1,0.9,0.01,9738.0,100000.0,0.1,0.1,enabled,,,,,
1820,tdx,usdt,4,4,main,tdxusdt,offline,8,0.01,3793626.0,10.0,0.01,3793626.0,3793626.0,3793626.0,1.1,0.9,0.01,379362.0,100000.0,0.1,0.1,enabled,,,,,
1821,dta,eth,12,2,main,dtaeth,offline,8,1.0,100000000.0,0.001,1.0,100000000.0,100000000.0,100000000.0,1.1,0.9,1.0,10000000.0,500.0,0.1,0.1,enabled,,,,,
1822,lend,eth,6,2,st,lendeth,offline,8,0.1,1700000.0,0.001,0.1,1700000.0,1700000.0,1700000.0,1.1,0.9,0.1,170000.0,240.0,0.1,0.1,enabled,,,,,
1823,get,btc,12,2,st,getbtc,offline,8,1.0,10000000.0,0.0001,1.0,10000000.0,10000000.0,7455501.4855,1.1,0.9,1.0,7455501.4855,10.0,0.1,0.1,enabled,"abnormalmarket,hadax",,,,
1824,adx,usdt,4,4,main,adxusdt,online,8,0.01,5882352.0,10.0,0.01,5882352.0,5882352.0,5882352.0,1.1,0.9,0.01,1201546.0,100000.0,0.1,0.1,enabled,,,,,
1825,brise,usdt,10,2,main,briseusdt,online,8,1.0,1668613382279.0,10.0,1.0,1668613382279.0,1668613382279.0,1668613382279.0,1.1,0.9,1.0,4086709310655.0,100000.0,0.1,0.1,enabled,,,,,
1826,lrc,usdc,4,4,main,lrcusdc,offline,8,0.01,2436053.0,10.0,0.01,2436053.0,2436053.0,2436053.0,1.1,0.9,0.01,243605.0,100000.0,0.1,0.1,enabled,,,,,
1827,xmr,eth,6,4,main,xmreth,offline,8,0.0001,5000.0,0.001,0.0001,5000.0,5000.0,5000.0,1.1,0.9,0.0001,500.0,100.0,0.1,0.1,enabled,,,,,
1828,mex,eth,10,2,st,mexeth,offline,8,1.0,9379963.6216,0.001,1.0,9379963.6216,9379963.6216,9379963.6216,1.1,0.9,1.0,9379963.6216,0.4159,0.1,0.1,enabled,"st,hadax,abnormalmarket",,,1000.0,
1829,nft,usdt,10,0,main,nftusdt,online,8,1.0,7575757575757.0,10.0,1.0,7575757575757.0,7575757575757.0,7575757575757.0,1.1,0.9,1.0,296984957066.0,100000.0,0.1,0.1,enabled,activities,3.0,,,
1830,wnxm,eth,6,4,main,wnxmeth,offline,8,0.001,15000.0,0.001,0.001,15000.0,15000.0,15000.0,1.1,0.9,0.001,1500.0,250.0,0.1,0.1,enabled,,,,,
1831,sfund,usdt,4,4,main,sfundusdt,online,8,0.1,5000000.0,10.0,0.1,5000000.0,5000000.0,5000000.0,1.25,0.75,0.1,2272727.0,50000.0,0.1,0.1,enabled,st,,,,
1832,btc,pyusd,2,6,main,btcpyusd,offline,8,1e-06,38.0,10.0,1e-06,38.0,38.0,38.0,1.1,0.9,1e-06,3.0,100010.0,0.1,0.1,enabled,,,,,
1833,srn,btc,10,2,st,srnbtc,offline,8,0.01,300000.0,0.0001,0.01,300000.0,300000.0,300000.0,1.1,0.9,0.01,30000.0,100.0,0.1,0.1,enabled,,,,,
1834,mong,usdt,12,2,main,mongusdt,offline,8,1.0,10000000000000.0,10.0,1.0,10000000000000.0,10000000000000.0,10000000000000.0,1.1,0.9,1.0,31303164345447.0,100000.0,0.1,0.1,enabled,st,,,,
1835,smole,usdt,7,2,main,smoleusdt,offline,8,1.0,1428571428571.0,10.0,1.0,1428571428571.0,1428571428571.0,1428571428571.0,1.1,0.9,1.0,2565818830.0,100000.0,0.1,0.1,enabled,st,,,,
1836,hbar,usdc,6,2,main,hbarusdc,offline,8,0.1,13914011.0,10.0,0.1,13914011.0,13914011.0,13914011.0,1.1,0.9,0.1,1391401.0,100000.0,0.1,0.1,enabled,,,,,
1837,chillguy,usdt,5,4,main,chillguyusdt,online,8,1.0,10000000.0,10.0,1.0,10000000.0,10000000.0,10000000.0,1.1,0.9,1.0,3753386.0,50000.0,0.05,0.05,enabled,innovate,,,,
1838,ward,usdt,6,4,main,wardusdt,online,8,1.0,50000000.0,10.0,1.0,50000000.0,50000000.0,50000000.0,1.1,0.9,1.0,14010550.0,50000.0,0.05,0.05,enabled,innovate,3.0,,,
1839,bcha,btc,6,4,st,bchabtc,offline,8,0.0001,41344.0,0.0001,0.0001,41344.0,41344.0,41344.0,1.1,0.9,0.0001,4134.0,5.0,0.1,0.1,enabled,,,,,
1840,tao,usdt,5,4,main,taousdt,offline,8,0.1,5000000.0,5.0,0.1,5000000.0,5000000.0,5000000.0,1.1,0.9,0.1,500000.0,100000.0,0.1,0.1,enabled,,,,,
1841,whales,usdt,4,4,main,whalesusdt,offline,8,0.1,1294883.0,10.0,0.1,1294883.0,1294883.0,1294883.0,1.1,0.9,0.1,2768749.0,100000.0,0.1,0.1,enabled,st,,,,
1842,wan,btc,8,2,main,wanbtc,offline,8,0.01,100000.0,0.0001,0.01,100000.0,100000.0,100000.0,1.1,0.9,0.01,10000.0,100.0,0.1,0.1,enabled,,,,,
1843,usdd,usdc,5,4,main,usddusdc,offline,8,0.01,1004621.0,10.0,0.01,1004621.0,1004621.0,1004621.0,1.1,0.9,0.01,100462.0,100462.0,0.1,0.1,enabled,,,,,
1844,wicc,eth,8,2,main,wicceth,offline,8,0.1,1000000.0,0.001,0.1,1000000.0,1000000.0,1000000.0,1.1,0.9,0.1,100000.0,500.0,0.1,0.1,enabled,,,,,
1845,mir,eth,6,4,st,mireth,offline,8,0.0001,90560.0,0.001,0.0001,90560.0,90560.0,90560.0,1.1,0.9,0.0001,9056.0,45.0,0.1,0.1,enabled,,,,,
1846,euroc,usdc,4,4,main,eurocusdc,offline,8,0.1,1000000.0,10.0,0.1,1000000.0,1000000.0,1000000.0,1.1,0.9,0.1,100000.0,100000.0,0.1,0.1,enabled,,,,,
1847,qtum,usdt,4,4,main,qtumusdt,online,8,0.01,500000.0,10.0,0.01,500000.0,500000.0,500000.0,1.1,0.9,0.01,105101.0,100000.0,0.1,0.1,enabled,,3.0,,,
1848,hypeold,usdt,8,4,main,hypeoldusdt,offline,8,0.1,30000000.0,10.0,0.1,30000000.0,30000000.0,30000000.0,1.1,0.9,0.1,10000000.0,100000.0,0.1,0.1,enabled,abnormalmarket,,,,
1849,uni,eth,6,4,main,unieth,offline,8,0.01,1333333.0,0.001,0.01,1333333.0,1333333.0,1333333.0,1.1,0.9,0.01,133333.0,264.0,0.1,0.1,enabled,,,,,
1850,us,usdt,6,4,main,ususdt,online,8,0.1,25000000.0,10.0,0.1,25000000.0,25000000.0,25000000.0,1.1,0.9,0.1,9747497.0,50000.0,0.05,0.05,enabled,,3.0,,,
1851,unfi,usdt,4,4,main,unfiusdt,offline,8,0.001,160771.0,10.0,0.001,160771.0,160771.0,160771.0,1.1,0.9,0.001,16077.0,100000.0,0.1,0.1,enabled,st,,,,
1852,hotcross,usdt,5,4,main,hotcrossusdt,offline,8,0.01,5730659.0,10.0,0.01,5730659.0,5730659.0,5730659.0,1.1,0.9,0.01,573065.0,100000.0,0.1,0.1,enabled,,,,,
1853,btc3l,usdt,4,4,main,btc3lusdt,offline,8,0.01,10823.2316,10.0,0.01,10823.2316,10823.2316,10823.2316,1.5,0.5,0.01,10823.2316,2500.0,0.1,0.1,enabled,"etp,nav,holdinglimit,activities",,,2500.0,
1854,pond,btc,10,2,main,pondbtc,offline,8,0.01,9442870.0,0.0001,0.01,9442870.0,9442870.0,9442870.0,1.1,0.9,0.01,944287.0,4.0,0.1,0.1,enabled,,,,,
1855,algo,usdc,4,2,main,algousdc,offline,8,0.01,3081664.0,10.0,0.01,3081664.0,3081664.0,3081664.0,1.1,0.9,0.01,308166.0,100000.0,0.1,0.1,enabled,,,,,
1856,nbs,usdt,6,2,main,nbsusdt,offline,8,0.1,40000000.0,10.0,0.1,40000000.0,40000000.0,40000000.0,1.1,0.9,0.1,4000000.0,100000.0,0.1,0.1,enabled,,,,,
1857,manta,usdt,4,4,main,mantausdt,online,8,0.1,2500000.0,10.0,0.1,2500000.0,2500000.0,2500000.0,1.1,0.9,0.1,1416430.0,100000.0,0.1,0.1,enabled,,,,,
1858,bftold,btc,10,2,st,bftoldbtc,offline,8,0.1,120000000.0,0.0001,0.1,120000000.0,120000000.0,120000000.0,1.1,0.9,0.1,12000000.0,7.0,0.1,0.1,enabled,,,,,
1859,mtlold,btc,8,4,main,mtlbtc,offline,8,0.01,700.8135,0.0001,0.01,700.8135,700.8135,700.8135,1.1,0.9,0.01,700.8135,0.0129,0.1,0.1,enabled,"griddisabled,st",,,1000.0,
1860,lina,btc,10,2,main,linabtc,offline,8,0.1,73871611.0,0.0001,0.1,73871611.0,73871611.0,73871611.0,1.1,0.9,0.1,7387161.0,3.0,0.1,0.1,enabled,,,,,
1861,puffer,usdt,4,4,main,pufferusdt,online,8,0.1,5000000.0,10.0,0.1,5000000.0,5000000.0,5000000.0,1.1,0.9,0.1,3810470.0,100000.0,0.1,0.1,enabled,,3.0,,,
1862,velo,usdt,6,4,main,velousdt,online,8,0.1,41753740.0,10.0,0.1,41753740.0,41753740.0,41753740.0,1.1,0.9,0.1,28927542.0,100000.0,0.1,0.1,enabled,,,,,
1863,axs,btc,8,4,main,axsbtc,offline,8,0.001,164130.0,0.0001,0.001,164130.0,164130.0,164130.0,1.1,0.9,0.001,16413.0,3.0,0.1,0.1,enabled,,,,,
1864,waxp,usdt,6,2,main,waxpusdt,online,8,1.0,28000000.0,10.0,1.0,28000000.0,28000000.0,28000000.0,1.1,0.9,1.0,20358228.0,140000.0,0.1,0.1,enabled,activities,,,,
1865,fhe,usdt,5,4,main,fheusdt,online,8,1.0,12624668.0,10.0,1.0,12624668.0,12624668.0,12624668.0,1.1,0.9,1.0,2288511.0,50000.0,0.05,0.05,enabled,,,,,
1866,wxt,ht,6,2,main,wxtht,offline,8,1.0,50000000.0,0.1,1.0,50000000.0,50000000.0,50000000.0,1.1,0.9,1.0,5000000.0,6000.0,0.1,0.1,enabled,,,,,
1867,bsw,usdt,6,4,main,bswusdt,offline,8,1.0,20366598.0,10.0,1.0,20366598.0,20366598.0,20366598.0,1.25,0.75,1.0,27443680.0,50000.0,0.05,0.05,enabled,st,,,,
1868,mantra,usdt,6,4,main,mantrausdt,online,8,0.1,62500000.0,10.0,0.1,62500000.0,62500000.0,62500000.0,1.1,0.9,0.1,4440943.0,50000.0,0.05,0.05,enabled,,,,,
1869,cvnx,eth,6,4,st,cvcoineth,offline,8,0.1,1900000.0,0.001,0.1,1900000.0,1900000.0,1900000.0,1.1,0.9,0.1,190000.0,50.0,0.1,0.1,enabled,hadax,,,,
1870,doge,usdc,6,2,main,dogeusdc,offline,8,1.0,11733370.0,10.0,1.0,11733370.0,11733370.0,11733370.0,1.1,0.9,1.0,1173337.0,100000.0,0.1,0.1,enabled,,,,,
1871,turbo,usdt,8,2,main,turbousdt,online,8,1.0,1697792869.0,10.0,1.0,1697792869.0,1697792869.0,1697792869.0,1.1,0.9,1.0,83175450.0,100000.0,0.1,0.1,enabled,,3.0,,,
1872,lista,usdt,4,4,main,listausdt,online,8,0.1,4061738.0,10.0,0.1,4061738.0,4061738.0,4061738.0,1.1,0.9,0.1,540769.0,50000.0,0.05,0.05,enabled,,,,,
1873,ruff,eth,10,2,main,ruffeth,offline,8,1.0,10000000.0,0.001,1.0,10000000.0,10000000.0,10000000.0,1.1,0.9,1.0,1000000.0,500.0,0.1,0.1,enabled,,,,,
1874,dia,usdt,4,4,main,diausdt,online,8,0.001,869565.0,10.0,0.001,869565.0,869565.0,869565.0,1.1,0.9,0.001,500860.0,100000.0,0.1,0.1,enabled,,,,,
1875,stk,btc,10,2,st,stkbtc,offline,8,1.0,10000000.0,0.0001,1.0,10000000.0,10000000.0,6331836.5963,1.1,0.95,1.0,6331836.5963,100.0,0.05,0.1,enabled,abnormalmarket,,,,
1876,phx,btc,12,2,st,phxbtc,offline,8,1.0,217161.366,0.0001,1.0,217161.366,217161.366,217161.366,1.1,0.9,1.0,217161.366,0.0129,0.1,0.1,enabled,st,,,1000.0,
1877,ngl,usdt,5,4,main,nglusdt,offline,8,0.01,6896551.0,10.0,0.01,6896551.0,6896551.0,6896551.0,1.1,0.9,0.01,6708473.0,100000.0,0.1,0.1,enabled,st,,,,
1878,esp,usdt,4,4,main,espusdt,online,8,0.1,8976660.0,10.0,0.1,8976660.0,8976660.0,8976660.0,1.1,0.9,0.1,642565.0,50000.0,0.05,0.05,enabled,,,,,
1879,mln,eth,6,4,main,mlneth,offline,8,0.001,20000.0,0.001,0.001,20000.0,20000.0,20000.0,1.1,0.9,0.001,2000.0,260.0,0.1,0.1,enabled,,,,,
1880,anml,usdt,6,4,main,anmlusdt,offline,8,1.0,222222222.0,10.0,1.0,222222222.0,222222222.0,222222222.0,1.1,0.9,1.0,22222222.0,100000.0,0.1,0.1,enabled,,,,,
1881,titan,usdt,6,4,main,titanusdt,offline,8,0.1,12500000.0,10.0,0.1,12500000.0,12500000.0,12500000.0,1.1,0.9,0.1,1250000.0,1000000.0,0.1,0.1,enabled,,,,,
1882,qash,btc,10,4,st,qashbtc,offline,8,0.1,17000000.0,0.0001,0.1,17000000.0,17000000.0,17000000.0,1.1,0.9,0.1,1700000.0,9.0,0.1,0.1,enabled,,,,,
1883,gnx,btc,10,0,main,gnxbtc,offline,8,0.1,20000000.0,0.0001,0.1,20000000.0,20000000.0,20000000.0,1.1,0.9,0.1,2000000.0,9.0,0.1,0.1,enabled,,,,,
1884,epik,ht,8,4,main,epikht,offline,8,0.1,4000000.0,0.5,0.1,4000000.0,4000000.0,4000000.0,1.1,0.9,0.1,400000.0,5000.0,0.1,0.1,enabled,,,,,
1885,wmtx,usdt,4,4,main,wmtxusdt,online,8,0.1,3557452.0,10.0,0.1,3557452.0,3557452.0,3557452.0,1.1,0.9,0.1,1394108.0,100000.0,0.1,0.1,enabled,,,,,
1886,bob,usdt,8,2,main,bobusdt,offline,8,1.0,6775067750.0,10.0,1.0,6775067750.0,6775067750.0,6775067750.0,1.1,0.9,1.0,17567980446.0,100000.0,0.1,0.1,enabled,"st,innovate",,,,
1887,pgala,usdt,6,2,main,pgalausdt,offline,8,1.0,295857988.0,10.0,1.0,295857988.0,295857988.0,295857988.0,1.1,0.9,1.0,29585798.0,100000.0,0.1,0.1,enabled,,,,,
1888,banana,usdt,4,4,main,bananausdt,online,8,0.001,59916.0,10.0,0.001,59916.0,59916.0,59916.0,1.1,0.9,0.001,25583.0,100000.0,0.1,0.1,enabled,,,,,
1889,powr,usdt,4,4,main,powrusdt,online,8,0.1,3979307.0,10.0,0.1,3979307.0,3979307.0,3979307.0,1.1,0.9,0.1,1438309.0,100000.0,0.1,0.1,enabled,,,,,
1890,link,btc,8,2,main,linkbtc,offline,8,0.01,100000.0,0.0001,0.01,100000.0,100000.0,100000.0,1.1,0.9,0.01,10000.0,10.0,0.1,0.1,enabled,,,3.0,,
1891,wat,usdt,7,2,main,watusdt,offline,8,1.0,1500000000.0,10.0,1.0,1500000000.0,1500000000.0,1500000000.0,1.1,0.9,1.0,5906522855.0,100000.0,0.1,0.1,enabled,st,,,,
1892,musk,eth,12,2,main,musketh,offline,8,1.0,25000000.0,0.001,1.0,25000000.0,25000000.0,25000000.0,1.1,0.9,1.0,2500000.0,500.0,0.05,0.05,enabled,hadax,,,,
1893,nft,usdd,10,0,main,nftusdd,offline,8,1.0,1207583625166.0,10.0,1.0,1207583625166.0,1207583625166.0,1207583625166.0,1.1,0.9,1.0,120758362516.0,100000.0,0.1,0.1,enabled,zerofee,,,,
1894,req,usdt,4,1,main,requsdt,online,8,0.1,2689075.0,10.0,0.1,2689075.0,2689075.0,2689075.0,1.1,0.9,0.1,1400816.0,100000.0,0.1,0.1,enabled,,,,,
1895,ant,usdt,4,2,main,antusdt,offline,8,0.01,250000.0,10.0,0.01,250000.0,250000.0,250000.0,1.1,0.9,0.01,25000.0,140000.0,0.1,0.1,enabled,,,,,
1896,cova,eth,10,4,st,covaeth,offline,8,1.0,40000000.0,0.001,1.0,40000000.0,40000000.0,40000000.0,1.1,0.9,1.0,4000000.0,10000.0,0.1,0.1,enabled,hadax,,,,
1897,mex,btc,12,2,st,mexbtc,offline,8,1.0,9379963.6216,0.0001,1.0,9379963.6216,9379963.6216,9379963.6216,1.1,0.9,1.0,9379963.6216,0.0129,0.1,0.1,enabled,"griddisabled,st,hadax",,,1000.0,
1898,lat,btc,10,2,main,latbtc,offline,8,0.01,8333333.0,0.0001,0.01,8333333.0,8333333.0,8333333.0,1.1,0.9,0.01,833333.0,3.0,0.1,0.1,enabled,,,,,
1899,ast,btc,8,0,st,astbtc,offline,8,1.0,3500000.0,0.0001,1.0,3500000.0,3500000.0,3500000.0,1.1,0.9,1.0,350000.0,10.0,0.1,0.1,enabled,,,,,
1900,uuu,usdt,8,2,main,uuuusdt,offline,8,1.0,1000000000.0,10.0,1.0,1000000000.0,1000000000.0,1000000000.0,1.1,0.9,1.0,100000000.0,70000.0,0.1,0.1,enabled,hadax,,,,
1901,xmr,usdt,2,4,main,xmrusdt,online,8,0.0001,7039.0,1.0,0.0001,7039.0,7039.0,7039.0,1.1,0.9,0.0001,287.0,100000.0,0.1,0.1,enabled,,3.0,,,
1902,nsure,btc,8,2,main,nsurebtc,offline,8,0.01,1123721.0,0.0001,0.01,1123721.0,1123721.0,1123721.0,1.1,0.9,0.01,112372.0,5.0,0.1,0.1,enabled,,,,,
1903,flow,btc,8,4,main,flowbtc,offline,8,0.0001,96289.0,0.0001,0.0001,96289.0,96289.0,96289.0,1.1,0.9,0.0001,9628.0,5.0,0.1,0.1,enabled,,,,,
1904,met,usdt,4,4,main,metusdt,online,8,0.01,909090.0,10.0,0.01,909090.0,909090.0,909090.0,1.1,0.9,0.01,331364.0,50000.0,0.05,0.05,enabled,,,,,
1905,apt,usdc,4,4,main,aptusdc,offline,8,0.01,222222.0,10.0,0.01,222222.0,222222.0,222222.0,1.1,0.9,0.01,22222.0,100000.0,0.1,0.1,enabled,,,,,
1906,df,ht,4,2,main,dfht,offline,8,0.1,1500000.0,0.1,0.1,1500000.0,1500000.0,1500000.0,1.1,0.9,0.1,150000.0,20000.0,0.1,0.1,enabled,,,,,
1907,bix,btc,10,2,main,bixbtc,offline,8,0.1,950000.0,0.0001,0.1,950000.0,950000.0,950000.0,1.1,0.9,0.1,95000.0,5.0,0.1,0.1,enabled,,,,,
1908,xrp,usdt,5,2,main,xrpusdt,online,8,1.0,5000000.0,1.0,1.0,5000000.0,5000000.0,5000000.0,1.1,0.9,1.0,102309.0,150000.0,0.03,0.03,enabled,,5.0,3.0,,
1909,sc,usdt,6,2,main,scusdt,online,8,1.0,32868787.0,10.0,1.0,32868787.0,32868787.0,32868787.0,1.1,0.9,1.0,98911968.0,100000.0,0.1,0.1,enabled,,,,,
1910,ada,eth,6,4,main,adaeth,offline,8,0.1,5000000.0,0.001,0.1,5000000.0,5000000.0,5000000.0,1.1,0.9,0.1,500000.0,1000.0,0.1,0.1,enabled,,,,,
1911,breed,usdt,5,4,main,breedusdt,offline,8,0.01,2081598.0,10.0,0.01,2081598.0,2081598.0,2081598.0,1.1,0.9,0.01,208159.0,100000.0,0.1,0.1,enabled,,,,,
1912,bat,eth,8,0,main,bateth,offline,8,1.0,5000000.0,0.001,1.0,5000000.0,5000000.0,5000000.0,1.1,0.9,1.0,500000.0,1000.0,0.1,0.1,enabled,,,,,
1913,sd,usdt,4,4,main,sdusdt,online,8,0.001,222222.0,10.0,0.001,222222.0,222222.0,222222.0,1.1,0.9,0.001,694801.0,100000.0,0.1,0.1,enabled,,,,,
1914,wstusdt,usdt,6,4,main,wstusdtusdt,online,8,0.1,50000.0,10.0,0.1,50000.0,50000.0,50000.0,1.1,0.9,0.1,4538.0,5000.0,0.03,0.03,enabled,zerofee,,,,
1915,mkr,btc,6,4,main,mkrbtc,offline,8,0.0001,1800.0,0.0001,0.0001,1800.0,1800.0,1800.0,1.1,0.9,0.0001,180.0,12.0,0.1,0.1,enabled,,,,,
1916,hive,usdt,4,2,main,hiveusdt,online,8,0.1,6500000.0,10.0,0.1,6500000.0,6500000.0,6500000.0,1.1,0.9,1.0,2223756.0,140000.0,0.1,0.1,enabled,,,,,
1917,top,usdt,7,4,main,topusdt,online,8,1.0,100000000.0,10.0,1.0,100000000.0,100000000.0,100000000.0,1.25,0.75,1.0,1435078305.0,100000.0,0.1,0.1,enabled,st,,,,
1918,cdc,eth,8,2,st,cdceth,offline,8,1.0,50000000.0,0.001,1.0,50000000.0,50000000.0,50000000.0,1.1,0.9,1.0,5000000.0,500.0,0.05,0.05,enabled,hadax,,,,
1919,eur,usdt,3,1,main,eurusdt,offline,8,0.1,944000.0,10.0,0.1,944000.0,944000.0,944000.0,1.1,0.9,0.1,94400.0,100000.0,0.1,0.1,enabled,"griddisabled,fiat",,,,
1920,zuzalu,usdt,6,4,main,zuzaluusdt,offline,8,1.0,163639338.0,10.0,1.0,163639338.0,163639338.0,163639338.0,1.1,0.9,1.0,16363933.0,100000.0,0.1,0.1,enabled,st,,,,
1921,xem,usdt,5,4,main,xemusdt,offline,8,0.1,1000000.0,10.0,0.1,1000000.0,1000000.0,1000000.0,1.25,0.75,0.1,116988809.0,100000.0,0.1,0.1,enabled,st,,,,
1922,primate,usdt,5,4,main,primateusdt,offline,8,0.01,8591065.0,10.0,0.01,8591065.0,8591065.0,8591065.0,1.1,0.9,0.01,859106.0,100000.0,0.1,0.1,enabled,,,,,
1923,bch,btc,6,4,main,bchbtc,offline,4,0.001,10000.0,0.0001,0.001,10000.0,10000.0,10000.0,1.1,0.9,0.001,1000.0,100.0,0.1,0.1,enabled,,,3.0,,
1924,root,usdt,7,4,main,rootusdt,online,8,1.0,14419610.0,10.0,1.0,14419610.0,14419610.0,14419610.0,1.25,0.75,1.0,1721814642.0,100000.0,0.1,0.1,enabled,st,,,,
1925,camp,usdt,6,4,main,campusdt,online,8,1.0,13333333.0,10.0,1.0,13333333.0,13333333.0,13333333.0,1.1,0.9,1.0,24101940.0,50000.0,0.05,0.05,enabled,,,,,
1926,hpt,btc,10,2,st,hptbtc,offline,8,10.0,70000000.0,0.0001,10.0,70000000.0,70000000.0,70000000.0,1.1,0.9,1.0,7000000.0,10.0,0.1,0.1,enabled,,,,,
1927,kmd,eth,6,4,main,kmdeth,offline,8,0.1,800000.0,0.001,0.1,800000.0,800000.0,800000.0,1.1,0.9,0.1,80000.0,500.0,0.1,0.1,enabled,,,,,
1928,yfi,btc,4,6,main,yfibtc,offline,8,1e-05,30.0,0.0001,1e-05,30.0,30.0,30.0,1.1,0.9,1e-05,3.0,10.0,0.1,0.1,enabled,,,,,
1929,uip,eth,10,2,st,uipeth,offline,8,1.0,10000000.0,0.001,1.0,10000000.0,10000000.0,10000000.0,1.1,0.9,1.0,1000000.0,500.0,0.05,0.05,enabled,hadax,,,,
1930,ltc,usdc,2,4,main,ltcusdc,offline,8,0.001,15067.0,10.0,0.001,15067.0,15067.0,15067.0,1.1,0.9,0.001,1506.0,100000.0,0.1,0.1,enabled,,,,,
1931,home,usdt,5,4,main,homeusdt,online,8,0.1,25000000.0,10.0,0.1,25000000.0,25000000.0,25000000.0,1.1,0.9,0.1,2648549.0,50000.0,0.05,0.05,enabled,,,,,
1932,plume,usdt,5,4,main,plumeusdt,online,8,1.0,16666666.0,10.0,1.0,16666666.0,16666666.0,16666666.0,1.1,0.9,1.0,4115668.0,50000.0,0.05,0.05,enabled,,3.0,,,
1933,loka,usdt,4,4,main,lokausdt,offline,8,0.001,407830.0,10.0,0.001,407830.0,407830.0,407830.0,1.1,0.9,0.001,876157.0,100000.0,0.1,0.1,enabled,,,,,
1934,atm,usdt,4,4,main,atmusdt,online,8,0.001,312207.0,10.0,0.001,312207.0,312207.0,312207.0,1.1,0.9,0.001,83595.0,100000.0,0.1,0.1,enabled,,,,,
1935,slop,usdt,6,4,main,slopusdt,offline,8,1.0,51229508.0,10.0,1.0,51229508.0,51229508.0,51229508.0,1.1,0.9,1.0,5122950.0,100000.0,0.1,0.1,enabled,st,,,,
1936,pixfi,usdt,6,4,main,pixfiusdt,offline,8,1.0,156250000.0,10.0,1.0,156250000.0,156250000.0,156250000.0,1.25,0.75,1.0,994379593.0,100000.0,0.1,0.1,enabled,st,,,,
1937,sto,usdt,5,4,main,stousdt,online,8,0.1,5000000.0,10.0,0.1,5000000.0,5000000.0,5000000.0,1.1,0.9,0.1,469337.0,50000.0,0.05,0.05,enabled,,,,,
1938,mir,usdt,4,4,st,mirusdt,offline,8,0.0001,90560.0,10.0,0.0001,90560.0,90560.0,90560.0,1.1,0.9,0.0001,9056.0,100000.0,0.1,0.1,enabled,,,,,
1939,srt,usdt,8,4,main,srtusdt,offline,8,0.1,57603686.0,10.0,0.1,57603686.0,57603686.0,57603686.0,1.1,0.9,0.1,5760368.0,100000.0,0.1,0.1,enabled,,,,,
1940,boring,usdt,6,2,main,boringusdt,offline,8,0.1,36737692.0,10.0,0.1,36737692.0,36737692.0,36737692.0,1.1,0.9,0.1,3673769.0,100000.0,0.1,0.1,enabled,,,,,
1941,fair,eth,8,2,st,faireth,offline,8,1.0,500000000.0,0.001,1.0,500000000.0,500000000.0,500000000.0,1.1,0.9,1.0,50000000.0,360.0,0.1,0.1,enabled,hadax,,,,
1942,agix,usdt,4,4,main,agixusdt,offline,8,0.1,1704739.0,10.0,0.1,1704739.0,1704739.0,1704739.0,1.1,0.9,0.1,170473.0,100000.0,0.1,0.1,enabled,,,,,
1943,neo,usdt,2,4,main,neousdt,online,8,0.001,60000.0,10.0,0.001,60000.0,60000.0,60000.0,2.0,0.5,0.001,33275.0,100000.0,0.1,0.1,enabled,,3.0,3.0,,
1944,gns,usdt,4,4,main,gnsusdt,offline,8,0.001,100000.0,10.0,0.001,100000.0,100000.0,100000.0,1.1,0.9,0.001,58220.0,100000.0,0.1,0.1,enabled,st,,,,
1945,lunasol,usdt,5,4,main,lunasolusdt,offline,8,1.0,12616704.0,10.0,1.0,12616704.0,12616704.0,12616704.0,1.1,0.9,1.0,4677839.0,100000.0,0.1,0.1,enabled,st,,,,
1946,ankr,usdt,6,2,main,ankrusdt,online,8,1.0,78000000.0,10.0,1.0,78000000.0,78000000.0,78000000.0,1.1,0.9,1.0,18788086.0,100000.0,0.1,0.1,enabled,,,,,
1947,swarms,usdt,4,4,main,swarmsusdt,online,8,1.0,3236245.0,10.0,1.0,3236245.0,3236245.0,3236245.0,1.1,0.9,1.0,5454114.0,100000.0,0.05,0.05,enabled,,,,,
1948,eth1s,usdt,4,4,main,eth1susdt,offline,8,0.01,7246.3768,10.0,0.01,7246.3768,7246.3768,7246.3768,1.5,0.5,0.01,7246.3768,2500.0,0.1,0.1,enabled,"etp,nav,holdinglimit",,,2500.0,
1949,nest,husd,4,2,main,nesthusd,offline,8,1.0,8000000.0,1.0,1.0,8000000.0,8000000.0,8000000.0,1.1,0.9,1.0,800000.0,100000.0,0.1,0.1,enabled,,,,,
1950,onit,usdt,4,4,main,onitusdt,offline,8,0.01,6297229.0,10.0,0.01,6297229.0,6297229.0,6297229.0,1.1,0.9,0.01,629722.0,100000.0,0.1,0.1,enabled,,,,,
1951,zec,usdc,2,4,main,zecusdc,offline,8,0.001,14992.0,10.0,0.001,14992.0,14992.0,14992.0,1.1,0.9,0.001,1499.0,100000.0,0.1,0.1,enabled,,,,,
1952,tos,btc,12,2,st,tosbtc,offline,8,1.0,10000000.0,0.0001,1.0,10000000.0,10000000.0,10000000.0,1.1,0.9,1.0,1000000.0,5.0,0.05,0.05,enabled,hadax,,,,
1953,drift,usdt,4,4,main,driftusdt,online,8,0.1,6666666.0,10.0,0.1,6666666.0,6666666.0,6666666.0,1.25,0.75,0.1,2437473.0,100000.0,0.1,0.1,enabled,st,,,,
1954,mesa,usdt,6,4,main,mesausdt,offline,8,0.1,71275837.0,10.0,0.1,71275837.0,71275837.0,71275837.0,1.1,0.9,0.1,7127583.0,100000.0,0.1,0.1,enabled,,,,,
1955,cool,usdt,5,4,main,coolusdt,offline,8,1.0,17857142.0,10.0,1.0,17857142.0,17857142.0,17857142.0,1.1,0.9,1.0,1785714.0,100000.0,0.1,0.1,enabled,,,,,
1956,stoc,usdt,6,4,main,stocusdt,offline,8,1.0,200000000.0,10.0,1.0,200000000.0,200000000.0,200000000.0,1.1,0.9,1.0,20000000.0,100000.0,0.1,0.1,enabled,,,,,
1957,egt,ht,6,2,st,egtht,offline,8,1.0,700000000.0,0.1,1.0,700000000.0,700000000.0,700000000.0,1.1,0.9,1.0,70000000.0,20000.0,0.1,0.1,enabled,,,,,
1958,pol,usdt,4,4,main,polusdt,online,8,0.1,34535156.0,5.0,0.1,34535156.0,34535156.0,34535156.0,1.1,0.9,0.1,553843.0,50000.0,0.04,0.04,enabled,activities,,,,
1959,bit,usdt,4,4,main,bitusdt,offline,8,0.001,900900.0,10.0,0.001,900900.0,900900.0,900900.0,1.1,0.9,0.001,90090.0,100000.0,0.1,0.1,enabled,,,,,
1960,atp,ht,6,2,st,atpht,offline,8,1.0,30000000.0,0.1,1.0,30000000.0,30000000.0,30000000.0,1.1,0.9,1.0,3000000.0,25000.0,0.1,0.1,enabled,,,,,
1961,soc,btc,10,2,st,socbtc,offline,8,1.0,5000000.0,0.0001,1.0,5000000.0,5000000.0,5000000.0,1.1,0.9,1.0,500000.0,100.0,0.1,0.1,enabled,,,,,
1962,gnx,usdt,6,2,main,gnxusdt,offline,8,1.0,20000000.0,10.0,1.0,20000000.0,20000000.0,20000000.0,1.1,0.9,1.0,2000000.0,100000.0,0.1,0.1,enabled,,,,,
1963,ca,usdt,6,4,main,causdt,online,8,0.1,1542495.0,10.0,0.1,1542495.0,1542495.0,1542495.0,1.1,0.9,0.1,457683.0,100000.0,0.1,0.1,enabled,,,,,
1964,yfii,usdt,4,4,main,yfiiusdt,offline,8,0.0001,200.0,10.0,0.0001,200.0,200.0,200.0,1.1,0.9,0.0001,939.0,100000.0,0.1,0.1,enabled,st,,,,
1965,ray,usdt,4,4,main,rayusdt,online,8,0.001,110000.0,10.0,0.001,110000.0,110000.0,110000.0,1.1,0.9,0.001,72375.0,50000.0,0.05,0.05,enabled,,,,,
1966,fsn,ht,6,4,main,fsnht,offline,8,0.01,900000.0,0.1,0.01,900000.0,900000.0,900000.0,1.1,0.9,0.01,90000.0,20000.0,0.1,0.1,enabled,,,,,
1967,avax,btc,8,4,main,avaxbtc,offline,8,0.001,190000.0,0.0001,0.001,190000.0,190000.0,190000.0,1.1,0.9,0.001,19000.0,9.0,0.1,0.1,enabled,,,,,
1968,zec3l,usdt,8,4,main,zec3lusdt,offline,8,0.01,186865990.3897,10.0,0.01,186865990.3897,186865990.3897,186865990.3897,1.5,0.5,0.01,186865990.3897,1000.0,0.1,0.1,enabled,"etp,nav,holdinglimit",,,1000.0,
1969,audio,usdt,4,4,main,audiousdt,online,8,0.01,1326435.0,10.0,0.01,1326435.0,1326435.0,1326435.0,1.1,0.9,0.01,4067197.0,100000.0,0.1,0.1,enabled,,,,,
1970,nym,usdt,4,4,main,nymusdt,online,8,0.01,2000000.0,10.0,0.01,2000000.0,2000000.0,2000000.0,1.1,0.9,0.01,3022736.0,100000.0,0.1,0.1,enabled,,,,,
1971,ncash,btc,12,2,main,ncashbtc,offline,8,1.0,228937728.9377,0.0001,1.0,228937728.9377,228937728.9377,228937728.9377,1.1,0.9,1.0,228937728.9377,0.0129,0.1,0.1,enabled,griddisabled,,,1000.0,
1972,wxt,btc,10,2,main,wxtbtc,offline,8,1.0,50000000.0,0.0001,1.0,50000000.0,50000000.0,50000000.0,1.1,0.9,1.0,5000000.0,2.0,0.1,0.1,enabled,,,,,
1973,gork,usdt,6,4,main,gorkusdt,offline,8,1.0,25000000.0,10.0,1.0,25000000.0,25000000.0,25000000.0,1.25,0.75,1.0,41638002.0,50000.0,0.05,0.05,enabled,"st,innovate",,,,
1974,kite,usdt,5,4,main,kiteusdt,online,8,0.1,6978367.0,1.0,0.1,6978367.0,6978367.0,6978367.0,1.1,0.9,0.1,344706.0,50000.0,0.05,0.05,enabled,,3.0,,,
1975,river,usdt,4,4,main,riverusdt,online,8,0.001,26150.0,10.0,0.001,26150.0,26150.0,26150.0,1.1,0.9,0.001,6675.0,50000.0,0.05,0.05,enabled,innovate,3.0,,,
1976,suku,usdt,4,4,main,sukuusdt,online,8,0.01,1413627.0,10.0,0.01,1413627.0,1413627.0,1413627.0,1.25,0.75,0.01,17857142.0,100000.0,0.1,0.1,enabled,st,,,,
1977,zrx,usdt,4,2,main,zrxusdt,online,8,0.1,2000000.0,10.0,0.1,2000000.0,2000000.0,2000000.0,1.1,0.9,0.1,892683.0,100000.0,0.1,0.1,enabled,,4.0,,,
1978,nexo,eth,6,4,main,nexoeth,offline,8,1.0,6000000.0,0.001,1.0,6000000.0,6000000.0,6000000.0,1.1,0.9,1.0,600000.0,220.0,0.1,0.1,enabled,,,,,
1979,zrx,husd,4,4,main,zrxhusd,offline,8,0.1,2401286.0,1.0,0.1,2401286.0,2401286.0,2401286.0,1.1,0.9,0.1,240128.0,100000.0,0.1,0.1,enabled,,,,,
1980,smcw,usdt,5,4,main,smcwusdt,offline,8,0.01,6250000.0,10.0,0.01,6250000.0,6250000.0,6250000.0,1.1,0.9,0.01,625000.0,100000.0,0.1,0.1,enabled,,,,,
1981,rdn,btc,8,0,st,rdnbtc,offline,8,0.1,2058.4352,0.0001,0.1,2058.4352,2058.4352,2058.4352,1.1,0.9,0.1,2058.4352,0.0129,0.1,0.1,enabled,st,,,1000.0,
1982,rpk,usdt,6,4,main,rpkusdt,offline,8,1.0,50000000.0,10.0,1.0,50000000.0,50000000.0,50000000.0,1.1,0.9,1.0,268880056.0,100000.0,0.1,0.1,enabled,st,,,,
1983,luce,usdt,5,4,main,luceusdt,offline,8,1.0,26136957.0,10.0,1.0,26136957.0,26136957.0,26136957.0,1.1,0.9,1.0,36254728.0,100000.0,0.1,0.1,enabled,st,,,,
1984,dog,usdt,6,4,main,dogusdt,offline,8,1.0,338753387.0,10.0,1.0,338753387.0,338753387.0,338753387.0,1.1,0.9,1.0,33875338.0,100000.0,0.1,0.1,enabled,,,,,
1985,lxt,btc,10,2,st,lxtbtc,offline,8,1.0,50000000.0,0.0001,1.0,50000000.0,50000000.0,50000000.0,1.1,0.9,1.0,5000000.0,100.0,0.05,0.05,enabled,"abnormalmarket,hadax",,,,
1986,tremp,usdt,4,4,main,trempusdt,offline,8,0.01,952380.0,10.0,0.01,952380.0,952380.0,952380.0,1.1,0.9,0.01,4291845.0,100000.0,0.1,0.1,enabled,st,,,,
1987,eth,tusd,2,4,main,ethtusd,offline,8,0.001,700.0,10.0,0.001,700.0,700.0,700.0,1.1,0.9,0.001,70.0,100000.0,0.1,0.1,enabled,zerofee,,,,
1988,sc,eth,8,2,main,sceth,offline,8,1.0,300000000.0,0.001,1.0,300000000.0,300000000.0,300000000.0,1.1,0.9,1.0,30000000.0,500.0,0.1,0.1,enabled,,,,,
1989,uni,usdt,4,4,main,uniusdt,online,8,0.01,1333333.0,1.0,0.01,1333333.0,1333333.0,1333333.0,1.1,0.9,0.01,28968.0,100000.0,0.1,0.1,enabled,,3.0,3.0,,
1990,gwei,usdt,6,4,main,gweiusdt,online,8,1.0,37900925.0,10.0,1.0,37900925.0,37900925.0,37900925.0,1.1,0.9,1.0,587454.0,50000.0,0.05,0.05,enabled,,3.0,,,
1991,ygg,btc,8,4,main,yggbtc,offline,8,0.001,125000.0,0.0001,0.001,125000.0,125000.0,125000.0,1.1,0.9,0.001,12500.0,5.0,0.1,0.1,enabled,,,,,
1992,bbc,usdt,7,4,main,bbcusdt,offline,8,1.0,46598322.0,10.0,1.0,46598322.0,46598322.0,46598322.0,1.1,0.9,1.0,4659832.0,100000.0,0.1,0.1,enabled,,,,,
1993,pearl,usdt,2,6,st,pearlusdt,offline,8,0.0001,300.0,10.0,0.0001,300.0,300.0,300.0,1.1,0.9,0.0001,30.0,100000.0,0.1,0.1,enabled,,,,,
1994,xdc,usdt,6,4,main,xdcusdt,online,8,0.1,36813009.0,1.0,0.1,36813009.0,36813009.0,36813009.0,1.1,0.9,0.1,3213008.0,100000.0,0.1,0.1,enabled,,,,,
1995,value,usdt,4,4,main,valueusdt,offline,8,0.001,387071.0,10.0,0.001,387071.0,387071.0,387071.0,1.1,0.9,0.001,38707.0,100000.0,0.1,0.1,enabled,,,,,
1996,ela,husd,4,2,main,elahusd,offline,8,0.01,40535.0,1.0,0.01,40535.0,40535.0,40535.0,1.1,0.9,0.01,4053.0,100000.0,0.1,0.1,enabled,,,,,
1997,topc,btc,10,2,st,topcbtc,offline,8,1.0,10000000.0,0.0001,1.0,10000000.0,10000000.0,10000000.0,1.1,0.9,1.0,1000000.0,100.0,0.1,0.1,enabled,,,,,
1998,pi,usdt,6,4,main,piusdt,offline,8,0.01,100000.0,10.0,0.01,100000.0,100000.0,100000.0,1.1,0.9,0.01,10000.0,100000.0,0.1,0.1,enabled,,,,,
1999,me,usdt,4,4,main,meusdt,online,8,0.01,166666.0,10.0,0.01,166666.0,166666.0,166666.0,1.1,0.9,0.01,888820.0,100000.0,0.1,0.1,enabled,,,,,
2000,ocean,usdt,4,4,main,oceanusdt,offline,8,0.01,1312508.0,10.0,0.01,1312508.0,1312508.0,1312508.0,1.1,0.9,0.01,131250.0,100000.0,0.1,0.1,enabled,,,,,
2001,dym,usdt,4,4,main,dymusdt,online,8,0.01,180000.0,10.0,0.01,180000.0,180000.0,180000.0,1.1,0.9,0.01,4879083.0,100000.0,0.1,0.1,enabled,,,,,
2002,anime,usdt,6,4,main,animeusdt,online,8,1.0,25000000.0,10.0,1.0,25000000.0,25000000.0,25000000.0,1.1,0.9,1.0,10055611.0,50000.0,0.05,0.05,enabled,,3.0,,,
2003,dgd,btc,6,4,st,dgdbtc,offline,8,0.001,10000.0,0.0001,0.001,10000.0,10000.0,10000.0,1.1,0.9,0.001,1000.0,100.0,0.1,0.1,enabled,,,,,
2004,rte,btc,12,2,st,rtebtc,offline,8,1.0,1200000000.0,0.0001,1.0,1200000000.0,1200000000.0,60629127.066,1.1,0.9,1.0,60629127.066,9.0,0.1,0.1,enabled,"abnormalmarket,hadax",,,,
2005,fis,btc,8,2,main,fisbtc,offline,8,0.01,1000000.0,0.0001,0.01,1000000.0,1000000.0,1000000.0,1.1,0.9,0.01,100000.0,7.0,0.1,0.1,enabled,,,,,
2006,o3,btc,8,2,main,o3btc,offline,8,0.01,1000000.0,0.0001,0.01,1000000.0,1000000.0,1000000.0,1.1,0.9,0.01,100000.0,3.0,0.1,0.1,enabled,,,,,
2007,gear,usdt,6,4,st,gearusdt,offline,8,0.01,2463661.0,10.0,0.01,2463661.0,2463661.0,2463661.0,1.1,0.9,0.01,246366.0,100000.0,0.1,0.1,enabled,,,,,
2008,hpos10i,usdt,6,4,main,hpos10iusdt,online,8,1.0,11289230.0,10.0,1.0,11289230.0,11289230.0,11289230.0,1.1,0.9,1.0,2378957.0,50000.0,0.05,0.05,enabled,innovate,,,,
2009,pc,eth,10,4,st,pceth,offline,8,1.0,94467002.3038,0.001,1.0,94467002.3038,94467002.3038,94467002.3038,1.1,0.9,1.0,94467002.3038,0.4159,0.1,0.1,enabled,"st,hadax",,,1000.0,
2010,arkm,usdt,4,4,main,arkmusdt,online,8,0.1,2279462.0,10.0,0.1,2279462.0,2279462.0,2279462.0,1.1,0.9,0.1,798444.0,100000.0,0.1,0.1,enabled,,,,,
2011,brev,usdt,4,4,main,brevusdt,online,8,0.1,2380952.0,10.0,0.1,2380952.0,2380952.0,2380952.0,1.1,0.9,0.1,377916.0,50000.0,0.05,0.05,enabled,,,,,
2012,allo,usdt,4,4,main,allousdt,online,8,0.1,2222222.0,10.0,0.1,2222222.0,2222222.0,2222222.0,1.1,0.9,0.1,446445.0,50000.0,0.05,0.05,enabled,,,,,
2013,avax,usdd,4,4,main,avaxusdd,offline,8,0.001,87412.0,10.0,0.001,87412.0,87412.0,87412.0,1.1,0.9,0.001,8741.0,100000.0,0.1,0.1,enabled,zerofee,,,,
2014,can,btc,10,4,st,canbtc,offline,8,0.1,15353200.0,0.0001,0.1,15353200.0,15353200.0,15353200.0,1.1,0.9,0.1,1535320.0,5.0,0.1,0.1,enabled,,,,,
2015,adx,btc,8,2,main,adxbtc,offline,8,0.01,4500000.0,0.0001,0.01,4500000.0,4500000.0,4500000.0,1.1,0.9,0.01,450000.0,3.0,0.1,0.1,enabled,,,,,
2016,btc3s,usdt,8,4,main,btc3susdt,offline,8,0.01,7171970.6147,10.0,0.01,7171970.6147,7171970.6147,7171970.6147,1.5,0.5,0.001,7171970.6147,2500.0,0.1,0.1,enabled,"etp,nav,holdinglimit,activities",,,2500.0,
2017,xr,usdt,6,4,main,xrusdt,online,8,0.1,2857142.0,10.0,0.1,2857142.0,2857142.0,2857142.0,1.25,0.75,0.1,19803173.0,100000.0,0.1,0.1,enabled,st,,,,
2018,edge,usdt,4,4,main,edgeusdt,online,8,0.1,1837222.0,10.0,0.1,1837222.0,1837222.0,1837222.0,1.1,0.9,0.1,37160.0,50000.0,0.05,0.05,enabled,,,,,
2019,nest,eth,8,2,main,nesteth,offline,8,1.0,25000000.0,0.001,1.0,25000000.0,25000000.0,25000000.0,1.1,0.9,1.0,2500000.0,400.0,0.1,0.1,enabled,,,,,
2020,kmd,usdt,4,4,main,kmdusdt,offline,8,0.1,3766946.0,10.0,0.1,3766946.0,3766946.0,3766946.0,1.1,0.9,0.1,3004572.0,100000.0,0.1,0.1,enabled,st,,,,
2021,ruff,usdt,6,4,main,ruffusdt,offline,8,1.0,5000000.0,10.0,1.0,5000000.0,5000000.0,5000000.0,1.1,0.9,1.0,500000.0,100000.0,0.1,0.1,enabled,,,,,
2022,oldbaby,usdt,6,4,main,oldbabyusdt,offline,8,1.0,33333333.0,10.0,1.0,33333333.0,33333333.0,33333333.0,1.1,0.9,1.0,3333333.0,100000.0,0.1,0.1,enabled,,,,,
2023,core,usdt,6,4,main,coreusdt,online,8,1.0,1000000000.0,10.0,1.0,1000000000.0,1000000000.0,1000000000.0,1.1,0.9,1.0,3194777.0,100000.0,0.1,0.1,enabled,,3.0,,,
2024,ssg,usdt,6,4,main,ssgusdt,offline,8,1.0,70472163.0,10.0,1.0,70472163.0,70472163.0,70472163.0,1.1,0.9,1.0,7047216.0,100000.0,0.1,0.1,enabled,st,,,,
2025,slf,usdt,6,4,main,slfusdt,offline,8,0.1,2500000.0,10.0,0.1,2500000.0,2500000.0,2500000.0,1.1,0.9,0.1,101010101.0,100000.0,0.1,0.1,enabled,st,,,,
2026,neo,husd,4,4,main,neohusd,offline,8,0.001,60000.0,1.0,0.001,60000.0,60000.0,60000.0,1.1,0.9,0.001,6000.0,100000.0,0.1,0.1,enabled,,,,,
2027,swrv,usdt,4,4,st,swrvusdt,offline,8,0.001,174825.0,10.0,0.001,174825.0,174825.0,174825.0,1.1,0.9,0.001,17482.0,100000.0,0.1,0.1,enabled,,,,,
2028,oct,usdt,4,4,main,octusdt,offline,8,0.01,1428163.0,10.0,0.01,1428163.0,1428163.0,1428163.0,1.1,0.9,0.01,142816.0,100000.0,0.1,0.1,enabled,,,,,
2029,kma,usdt,6,2,st,kmausdt,offline,8,1.0,100000000.0,10.0,1.0,100000000.0,100000000.0,100000000.0,1.1,0.9,1.0,10000000.0,100000.0,0.1,0.1,enabled,,,,,
2030,lunr,usdt,4,4,main,lunrusdt,offline,8,0.01,1609787.0,10.0,0.01,1609787.0,1609787.0,1609787.0,1.1,0.9,0.01,160978.0,100000.0,0.1,0.1,enabled,,,,,
2031,maneki,usdt,6,4,main,manekiusdt,online,8,1.0,51706308.0,10.0,1.0,51706308.0,51706308.0,51706308.0,1.25,0.75,1.0,246305418.0,100000.0,0.1,0.1,enabled,st,,,,
2032,yee,usdt,6,2,st,yeeusdt,offline,8,1.0,800000000.0,10.0,1.0,800000000.0,800000000.0,800000000.0,1.1,0.9,1.0,80000000.0,140000.0,0.1,0.1,enabled,,,,,
2033,movez,usdt,7,4,main,movezusdt,offline,8,0.1,39154267.0,10.0,0.1,39154267.0,39154267.0,39154267.0,1.1,0.9,0.1,3915426.0,100000.0,0.1,0.1,enabled,,,,,
2034,ela,eth,8,2,main,elaeth,offline,8,0.01,50000.0,0.001,0.01,50000.0,50000.0,50000.0,1.1,0.9,0.01,5000.0,500.0,0.1,0.1,enabled,,,,,
2035,soph,usdt,5,4,main,sophusdt,online,8,1.0,17543859.0,10.0,1.0,17543859.0,17543859.0,17543859.0,1.1,0.9,1.0,5411255.0,50000.0,0.05,0.05,enabled,,,,,
2036,1sol,usdt,6,4,st,1solusdt,offline,8,0.01,2631578.0,10.0,0.01,2631578.0,2631578.0,2631578.0,1.1,0.9,0.01,263157.0,100000.0,0.1,0.1,enabled,,,,,
2037,ant,eth,6,2,main,anteth,offline,8,0.01,250000.0,0.001,0.01,250000.0,250000.0,250000.0,1.1,0.9,0.01,25000.0,380.0,0.1,0.1,enabled,,,,,
2038,towns,usdt,6,4,main,townsusdt,online,8,1.0,11363636.0,10.0,1.0,11363636.0,11363636.0,11363636.0,1.1,0.9,1.0,14050949.0,50000.0,0.05,0.05,enabled,,,,,
2039,xen,usdt,10,2,main,xenusdt,offline,8,1.0,3344481605351.0,10.0,1.0,3344481605351.0,3344481605351.0,3344481605351.0,1.1,0.9,1.0,3356194367533.0,100000.0,0.1,0.1,enabled,st,,,,
2040,gvr,usdt,12,2,st,gvrusdt,offline,8,1.0,635324015247776.0,10.0,1.0,635324015247776.0,635324015247776.0,635324015247776.0,1.1,0.9,1.0,63532401524777.0,100000.0,0.1,0.1,enabled,,,,,
2041,bat,usdt,4,2,main,batusdt,online,8,0.1,6000000.0,10.0,0.1,6000000.0,6000000.0,6000000.0,1.1,0.9,0.1,1908634.0,200000.0,0.1,0.1,enabled,,,,,
2042,dgb,btc,10,2,main,dgbbtc,offline,8,1.0,10000000.0,0.0001,1.0,10000000.0,10000000.0,1000000.0,1.1,0.9,1.0,1000000.0,3.0,0.1,0.1,enabled,,,,,
2043,wl,usdt,5,4,main,wlusdt,online,8,0.1,6666666.0,10.0,0.1,6666666.0,6666666.0,6666666.0,1.1,0.9,0.1,5777152.0,50000.0,0.05,0.05,enabled,innovate,3.0,,,
2044,rndr,btc,8,4,main,rndrbtc,offline,8,0.001,984542.0,0.0001,0.001,984542.0,984542.0,984542.0,1.1,0.9,0.001,98454.0,3.0,0.1,0.1,enabled,,,,,
2045,zkc,usdt,4,4,main,zkcusdt,online,8,0.1,3333333.0,10.0,0.1,3333333.0,3333333.0,3333333.0,1.1,0.9,0.1,646903.0,50000.0,0.05,0.05,enabled,,3.0,,,
2046,mrs,usdt,4,4,main,mrsusdt,offline,8,0.1,2000000.0,10.0,0.1,2000000.0,2000000.0,2000000.0,1.1,0.9,0.1,200000.0,100000.0,0.1,0.1,enabled,,,,,
2047,bch,ht,6,4,main,bchht,offline,8,0.0001,700.0,0.1,0.0001,700.0,700.0,700.0,1.1,0.9,0.0001,70.0,5000.0,0.1,0.1,enabled,,,,,
2048,etn,btc,10,2,main,etnbtc,offline,8,1.0,100000000.0,0.0001,1.0,100000000.0,100000000.0,100000000.0,1.1,0.9,1.0,10000000.0,50.0,0.1,0.1,enabled,,,,,
2049,erg,usdt,4,4,main,ergusdt,offline,8,0.01,312500.0,10.0,0.01,312500.0,312500.0,312500.0,1.1,0.9,0.01,127599.0,100000.0,0.1,0.1,enabled,st,,,,
2050,mln,usdt,4,4,main,mlnusdt,online,8,0.001,20000.0,10.0,0.001,20000.0,20000.0,20000.0,1.1,0.9,0.001,27548.0,100000.0,0.1,0.1,enabled,,,,,
2051,iris,eth,8,4,st,iriseth,offline,8,1.0,6500000.0,0.001,1.0,6500000.0,6500000.0,6500000.0,1.1,0.9,1.0,650000.0,260.0,0.1,0.1,enabled,,,,,
2052,multi,usdt,4,4,main,multiusdt,offline,8,0.0001,62578.0,10.0,0.0001,62578.0,62578.0,62578.0,1.1,0.9,0.0001,6257.0,100000.0,0.1,0.1,enabled,,,,,
2053,ar,btc,8,2,main,arbtc,offline,8,0.001,330000.0,0.0001,0.001,330000.0,330000.0,330000.0,1.1,0.9,0.001,33000.0,9.0,0.1,0.1,enabled,,,,,
2054,bkbt,btc,12,2,st,bkbtbtc,offline,8,1.0,1250000000.0,0.0001,1.0,1250000000.0,1250000000.0,1250000000.0,1.1,0.9,1.0,125000000.0,70.0,0.1,0.1,enabled,hadax,,,,
2055,solv,usdt,5,4,main,solvusdt,online,8,0.1,4000000.0,10.0,0.1,4000000.0,4000000.0,4000000.0,1.1,0.9,0.1,10753693.0,50000.0,0.05,0.05,enabled,,,,,
2056,lamb,usdt,6,4,main,lambusdt,offline,8,0.1,7000000.0,10.0,0.1,7000000.0,7000000.0,7000000.0,1.1,0.9,0.1,700000.0,200000.0,0.1,0.1,enabled,st,,,,
2057,nodl,usdt,6,4,main,nodlusdt,offline,8,1.0,11111111.0,10.0,1.0,11111111.0,11111111.0,11111111.0,1.1,0.9,1.0,1111111.0,100000.0,0.1,0.1,enabled,,,,,
2058,ab,usdt,6,4,main,abusdt,online,8,1.0,100000000.0,10.0,1.0,100000000.0,100000000.0,100000000.0,1.1,0.9,1.0,65100481.0,100000.0,0.05,0.05,enabled,,3.0,,,
2059,neirocto,usdt,8,2,main,neiroctousdt,online,8,1.0,25000000000.0,10.0,1.0,25000000000.0,25000000000.0,25000000000.0,1.1,0.9,1.0,1021690942.0,100000.0,0.1,0.1,enabled,,3.0,,,
2060,eng,eth,6,4,st,engeth,offline,8,0.01,1646.8655,0.001,0.01,1646.8655,1646.8655,1646.8655,1.05,0.95,0.01,1646.8655,0.4159,0.1,0.1,enabled,"st,abnormalmarket",,,1000.0,
2061,hbc,btc,8,2,main,hbcbtc,offline,8,0.01,39557.0,0.0001,0.01,39557.0,39557.0,39557.0,1.1,0.9,0.01,3955.0,3.0,0.1,0.1,enabled,,,,,
2062,loom,eth,8,4,main,loometh,offline,8,1.0,14000000.0,0.001,1.0,14000000.0,14000000.0,14000000.0,1.1,0.9,1.0,1400000.0,500.0,0.1,0.1,enabled,,,,,
2063,grail,usdt,2,6,main,grailusdt,offline,8,1e-05,500.0,10.0,1e-05,500.0,500.0,500.0,1.1,0.9,1e-05,352.0,100000.0,0.1,0.1,enabled,"st,innovate",,,,
2064,rbtc,btc,6,4,st,rbtcbtc,offline,8,0.0001,0.015,0.0001,0.0001,0.015,0.015,0.015,1.1,0.9,0.0001,0.015,0.0129,0.1,0.1,enabled,st,,,1000.0,
2065,col,usdt,4,4,main,colusdt,offline,8,0.01,2000000.0,10.0,0.01,2000000.0,2000000.0,2000000.0,1.1,0.9,0.01,200000.0,100000.0,0.1,0.1,enabled,,,,,
2066,xtm,usdt,6,4,main,xtmusdt,offline,8,0.001,751879.0,10.0,0.001,751879.0,751879.0,751879.0,1.1,0.9,0.001,17750200.0,100000.0,0.1,0.1,enabled,st,,,,
2067,xtz,usdc,4,4,main,xtzusdc,offline,8,0.01,725110.0,10.0,0.01,725110.0,725110.0,725110.0,1.1,0.9,0.01,72511.0,100000.0,0.1,0.1,enabled,,,,,
2068,fud,usdt,4,4,main,fudusdt,offline,8,0.1,1000000.0,10.0,0.1,1000000.0,1000000.0,1000000.0,1.1,0.9,0.1,11702.0,100000.0,0.1,0.1,enabled,innovate,,,,
2069,人生k线,usdt,6,4,main,人生k线usdt,online,8,1.0,57142857.0,10.0,1.0,57142857.0,57142857.0,57142857.0,1.1,0.9,1.0,61001485.0,50000.0,0.05,0.05,enabled,innovate,,,,
2070,perp,usdt,4,4,main,perpusdt,online,8,0.001,250000.0,10.0,0.001,250000.0,250000.0,250000.0,1.25,0.75,0.001,3766786.0,100000.0,0.1,0.1,enabled,st,,,,
2071,lol,btc,12,2,st,lolbtc,offline,8,1.0,2000000000.0,0.0001,1.0,2000000000.0,2000000000.0,2000000000.0,1.1,0.9,1.0,200000000.0,8.0,0.1,0.1,enabled,,,,,
2072,store,usdt,6,4,main,storeusdt,offline,8,1.0,100000000.0,10.0,1.0,100000000.0,100000000.0,100000000.0,1.1,0.9,1.0,10000000.0,100000.0,0.1,0.1,enabled,,,,,
2073,crts,usdt,8,2,main,crtsusdt,online,8,1.0,1584534938.0,10.0,1.0,1584534938.0,1584534938.0,1584534938.0,1.25,0.75,1.0,1386410763.0,100000.0,0.1,0.1,enabled,st,,,,
2074,egt,btc,10,2,st,egtbtc,offline,8,1.0,700000000.0,0.0001,1.0,700000000.0,700000000.0,700000000.0,1.1,0.9,1.0,70000000.0,10.0,0.1,0.1,enabled,,,,,
2075,swftc,usdc,7,3,main,swftcusdc,offline,8,1.0,277600421.0,10.0,1.0,277600421.0,277600421.0,277600421.0,1.1,0.9,1.0,27760042.0,100000.0,0.1,0.1,enabled,,,,,
2076,xpnt,usdt,6,4,main,xpntusdt,offline,8,0.1,4277159.0,10.0,0.1,4277159.0,4277159.0,4277159.0,1.1,0.9,0.1,427715.0,100000.0,0.1,0.1,enabled,,,,,
2077,dta,usdt,8,4,main,dtausdt,offline,8,1.0,20000000.0,10.0,1.0,20000000.0,20000000.0,20000000.0,1.1,0.9,1.0,2000000.0,100000.0,0.1,0.1,enabled,,,,,
2078,h2o,usdt,6,4,main,h2ousdt,offline,8,1.0,100000000.0,10.0,1.0,100000000.0,100000000.0,10608.3961,1.1,0.95,1.0,10608.3961,100000.0,0.05,0.1,enabled,"st,abnormalmarket",,,,
2079,comp,btc,6,4,main,compbtc,offline,8,0.0001,5000.0,0.0001,0.0001,5000.0,5000.0,5000.0,1.1,0.9,0.0001,500.0,8.0,0.1,0.1,enabled,,,3.0,,
2080,atp,btc,10,2,st,atpbtc,offline,8,1.0,30000000.0,0.0001,1.0,30000000.0,30000000.0,30000000.0,1.1,0.9,1.0,3000000.0,10.0,0.1,0.1,enabled,,,,,
2081,abt,btc,8,2,st,abtbtc,offline,8,0.1,6000000.0,0.0001,0.1,6000000.0,6000000.0,6000000.0,1.1,0.9,0.1,600000.0,8.0,0.1,0.1,enabled,,,,,
2082,iota,btc,8,2,main,iotabtc,offline,8,0.01,500000.0,0.0001,0.01,500000.0,500000.0,500000.0,1.1,0.9,0.01,50000.0,10.0,0.1,0.1,enabled,,,,,
2083,fsn,btc,8,2,main,fsnbtc,offline,8,0.01,900000.0,0.0001,0.01,900000.0,900000.0,900000.0,1.1,0.9,0.01,90000.0,10.0,0.1,0.1,enabled,,,,,
