,symbol,name,baseCurrency,quoteCurrency,feeCurrency,market,baseMinSize,quoteMinSize,baseMaxSize,quoteMaxSize,baseIncrement,quoteIncrement,priceIncrement,priceLimitRate,minFunds,isMarginEnabled,enableTrading,feeCategory,makerFeeCoefficient,takerFeeCoefficient,st,callauctionIsEnabled,callauctionPriceFloor,callauctionPriceCeiling,callauctionFirstStageStartTime,callauctionSecondStageStartTime,callauctionThirdStageStartTime,tradingStartTime
0,AVA-USDT,AVA-USDT,AVA,USDT,USDT,USDS,0.1,0.1,10000000000,99999999,0.01,0.0001,0.0001,0.05,0.1,False,True,1,1.00,1.00,False,False,,,,,,
1,FET-BTC,FET-BTC,FET,BTC,BTC,BTC,0.1,0.00001,10000000000,99999999,0.0001,0.000000001,0.000000001,0.08,0.000001,False,True,1,1.00,1.00,False,False,,,,,,
2,FET-ETH,FET-ETH,FET,ETH,ETH,ALTS,0.1,0.0001,10000000000,99999999,0.0001,0.00000001,0.00000001,0.05,0.00001,False,True,1,1.00,1.00,False,False,,,,,,
3,ANKR-BTC,ANKR-BTC,ANKR,BTC,BTC,BTC,10,0.00001,10000000000,99999999,0.0001,0.00000001,0.0000000001,0.08,0.000001,False,True,1,1.00,1.00,False,False,,,,,,
4,XMR-BTC,XMR-BTC,XMR,BTC,BTC,BTC,0.001,0.00001,10000000000,99999999,0.001,0.000001,0.000001,0.05,0.000001,False,True,1,1.00,1.00,False,False,,,,,,
5,XMR-ETH,XMR-ETH,XMR,ETH,ETH,ALTS,0.001,0.0001,10000000000,99999999,0.001,0.00001,0.00001,0.05,0.00001,False,True,1,1.00,1.00,False,False,,,,,,
6,CRO-BTC,CRO-BTC,CRO,BTC,BTC,BTC,1,0.00001,10000000000,99999999,0.0001,0.000000001,0.000000001,0.05,0.000001,False,True,2,1.00,1.00,False,False,,,,,,
7,MTV-USDT,MTV-USDT,MTV,USDT,USDT,USDS,1,0.1,10000000000,99999999,0.0001,0.0000001,0.0000001,0.08,0.1,False,True,3,1.00,1.00,False,False,,,,,,
8,TEL-USDT,TEL-USDT,TEL,USDT,USDT,USDS,1000,0.1,10000000000,99999999,1,0.000001,0.000001,0.05,0.1,False,True,2,1.00,1.00,False,False,,,,,,
9,TT-USDT,TT-USDT,TT,USDT,USDT,USDS,100,0.1,10000000000,99999999,0.0001,0.000001,0.000001,0.05,0.1,False,True,3,1.00,1.00,False,False,,,,,,1662022800000.0
10,AERGO-USDT,AERGO-USDT,AERGO,USDT,USDT,USDS,1,0.1,10000000000,99999999,0.0001,0.00001,0.00001,0.08,0.1,False,True,1,1.00,1.00,False,False,,,,,,1632816000000.0
11,XMR-USDT,XMR-USDT,XMR,USDT,USDT,USDS,0.001,1,10000000000,99999999,0.001,0.01,0.01,0.03,0.1,False,True,1,1.00,1.00,False,False,,,,,,
12,ATOM-BTC,ATOM-BTC,ATOM,BTC,BTC,BTC,0.01,0.000001,10000000000,99999999,0.0001,0.00000001,0.00000001,0.08,0.000001,False,True,1,1.00,1.00,False,False,,,,,,
13,ATOM-ETH,ATOM-ETH,ATOM,ETH,ETH,ALTS,0.01,0.00001,10000000000,99999999,0.0001,0.000001,0.000001,0.05,0.00001,False,True,1,1.00,1.00,False,False,,,,,,
14,ATOM-USDT,ATOM-USDT,ATOM,USDT,USDT,USDS,0.1,0.1,10000000000,99999999,0.0001,0.0001,0.0001,0.05,0.1,True,True,1,1.00,1.00,False,False,,,,,,
15,ETN-USDT,ETN-USDT,ETN,USDT,USDT,USDS,100,0.01,10000000000,99999999,1,0.000001,0.000001,0.08,0.1,False,True,3,1.00,1.00,False,False,,,,,,1726221600000.0
16,WAN-USDT,WAN-USDT,WAN,USDT,USDT,USDS,0.1,0.00000001,10000000000,99999999,0.0001,0.00001,0.00001,0.05,0.1,False,True,1,1.00,1.00,False,False,0.01,0.5,1732860000000.0,1732865400000.0,1732866900000.0,1732867200000.0
17,VSYS-USDT,VSYS-USDT,VSYS,USDT,USDT,USDS,0.1,0.1,10000000000,99999999,1,0.0000001,0.0000001,0.05,0.1,False,True,3,1.00,1.00,False,False,,,,,,
18,CHR-USDT,CHR-USDT,CHR,USDT,USDT,USDS,1,0.1,10000000000,99999999,0.01,0.0001,0.0001,0.08,0.1,False,True,1,1.00,1.00,False,False,,,,,,
19,COTI-BTC,COTI-BTC,COTI,BTC,BTC,DeFi,1,0.000001,10000000000,99999999,0.01,0.0000000001,0.0000000001,0.08,0.000001,False,True,1,1.00,1.00,False,False,,,,,,
20,COTI-USDT,COTI-USDT,COTI,USDT,USDT,DeFi,1,0.1,10000000000,99999999,0.01,0.00001,0.00001,0.05,0.1,False,True,1,1.00,1.00,False,False,,,,,,
21,BNB-BTC,BNB-BTC,BNB,BTC,BTC,BTC,0.001,0.000001,10000000000,99999999,0.0001,0.0000001,0.0000001,0.05,0.000001,False,True,1,1.00,1.00,False,False,,,,,,
22,BNB-USDT,BNB-USDT,BNB,USDT,USDT,USDS,0.001,0.1,10000000000,99999999,0.0001,0.001,0.001,0.03,0.1,True,True,1,1.00,1.00,False,False,,,,,,
23,ALGO-BTC,ALGO-BTC,ALGO,BTC,BTC,BTC,0.01,0.000001,10000000000,99999999,0.0001,0.000000001,0.000000001,0.08,0.000001,False,True,1,1.00,1.00,False,False,,,,,,
24,ALGO-ETH,ALGO-ETH,ALGO,ETH,ETH,ALTS,0.01,0.00001,10000000000,99999999,0.0001,0.00000001,0.00000001,0.08,0.00001,False,True,1,1.00,1.00,False,False,,,,,,
25,ALGO-USDT,ALGO-USDT,ALGO,USDT,USDT,USDS,1,0.1,10000000000,99999999,0.0001,0.0001,0.0001,0.05,0.1,True,True,1,1.00,1.00,False,False,,,,,,
26,XEM-USDT,XEM-USDT,XEM,USDT,USDT,USDS,1,0.1,10000000000,99999999,0.0001,0.000001,0.000001,0.05,0.1,False,True,2,1.00,1.00,False,False,,,,,,
27,XTZ-BTC,XTZ-BTC,XTZ,BTC,BTC,BTC,0.1,0.000001,10000000000,99999999,0.0001,0.00000001,0.00000001,0.08,0.000001,False,True,1,1.00,1.00,False,False,,,,,,
28,XTZ-USDT,XTZ-USDT,XTZ,USDT,USDT,USDS,0.1,0.1,10000000000,99999999,0.01,0.0001,0.0001,0.05,0.1,True,True,1,1.00,1.00,False,False,,,,,,
29,ZEC-BTC,ZEC-BTC,ZEC,BTC,BTC,BTC,0.001,0.000001,10000000000,99999999,0.0001,0.0000001,0.0000001,0.08,0.000001,False,True,1,1.00,1.00,False,False,,,,,,
30,ZEC-USDT,ZEC-USDT,ZEC,USDT,USDT,USDS,0.001,0.1,10000000000,99999999,0.0001,0.001,0.001,0.05,0.1,True,True,1,1.00,1.00,False,False,,,,,,
31,ADA-BTC,ADA-BTC,ADA,BTC,BTC,BTC,1,0.000001,10000000000,99999999,0.0001,0.00000001,0.00000001,0.05,0.000001,False,True,1,1.00,1.00,False,False,,,,,,
32,ADA-USDT,ADA-USDT,ADA,USDT,USDT,USDS,1,0.1,10000000000,99999999,0.01,0.0001,0.0001,0.02,0.1,True,True,1,1.00,1.00,False,False,,,,,,
33,ARPA-USDT,ARPA-USDT,ARPA,USDT,USDT,USDS,1,0.1,10000000000,99999999,0.0001,0.000001,0.000001,0.08,0.1,False,True,1,1.00,1.00,False,False,,,,,,
34,CHZ-BTC,CHZ-BTC,CHZ,BTC,BTC,BTC,1,0.000001,10000000000,99999999,0.0001,0.00000001,0.0000000001,0.08,0.000001,False,True,1,1.00,1.00,False,False,,,,,,
35,CHZ-USDT,CHZ-USDT,CHZ,USDT,USDT,USDS,1,0.1,10000000000,99999999,0.0001,0.00001,0.00001,0.05,0.1,True,True,1,1.00,1.00,False,False,,,,,,
36,WIN-BTC,WIN-BTC,WIN,BTC,BTC,BTC,1000,0.000001,10000000000,99999999,0.0001,0.000000000001,0.000000000001,0.05,0.000001,False,True,1,1.00,1.00,False,False,,,,,,
37,WIN-USDT,WIN-USDT,WIN,USDT,USDT,USDS,1000,0.1,10000000000,99999999,0.0001,0.00000001,0.00000001,0.08,0.1,False,True,1,1.00,1.00,False,False,,,,,,
38,BTT-USDT,BTT-USDT,BTT,USDT,USDT,USDS,10000,0.1,30000000000,99999999,0.0001,0.0000000001,0.0000000001,0.08,0.1,False,True,2,1.00,1.00,False,False,,,,,,1643101200000.0
39,ONE-BTC,ONE-BTC,ONE,BTC,BTC,BTC,1,0.000001,10000000000,99999999,0.0001,0.0000000001,0.0000000001,0.08,0.000001,False,True,1,1.00,1.00,False,False,,,,,,
40,ONE-USDT,ONE-USDT,ONE,USDT,USDT,USDS,1,0.1,10000000000,99999999,0.0001,0.000001,0.000001,0.05,0.1,False,True,1,1.00,1.00,False,False,,,,,,
41,LUNA-USDT,LUNA-USDT,LUNA,USDT,USDT,USDS,0.01,0.1,10000000000,99999999,0.0001,0.0001,0.0001,0.08,0.1,True,True,1,1.00,1.00,False,False,,,,,,1653735600000.0
42,SXP-USDT,SXP-USDT,SXP,USDT,USDT,USDS,100,0.1,10000000000,99999999,1,0.0001,0.000001,0.08,0.1,False,True,1,1.00,1.00,False,False,,,,,,
43,WIN-TRX,WIN-TRX,WIN,TRX,TRX,ALTS,10000,10,10000000000,99999999,0.0001,0.0000001,0.0000001,0.08,10,False,True,1,1.00,1.00,False,False,,,,,,
44,DAG-USDT,DAG-USDT,DAG,USDT,USDT,USDS,1,0.1,10000000000,99999999,0.0001,0.000001,0.000001,0.05,0.1,False,True,3,1.00,1.00,False,False,,,,,,
45,KPOL-USDT,KPOL-USDT,KPOL,USDT,USDT,USDS,1000,0.1,10000000000,99999999,1,0.0000001,0.0000001,0.05,0.1,False,True,3,1.00,1.00,False,False,,,,,,1698825600000.0
46,KSM-USDT,KSM-USDT,KSM,USDT,USDT,USDS,0.01,0.1,10000000000,99999999,0.01,0.01,0.01,0.08,0.1,False,True,1,1.00,1.00,False,False,,,,,,
47,DASH-USDT,DASH-USDT,DASH,USDT,USDT,USDS,0.0001,0.1,10000000000,99999999,0.0001,0.01,0.01,0.05,0.1,True,True,1,1.00,1.00,False,False,,,,,,
48,SENSO-USDT,SENSO-USDT,SENSO,USDT,USDT,USDS,1,0.1,10000000000,99999999,1,0.000001,0.000001,0.05,0.1,False,True,3,1.00,1.00,False,False,,,,,,
49,XDB-USDT,XDB-USDT,XDB,USDT,USDT,USDS,1,0.1,10000000000,99999999,1,0.0000001,0.0000001,0.05,0.1,False,True,3,1.00,1.00,False,False,,,,,,
50,DGB-USDT,DGB-USDT,DGB,USDT,USDT,USDS,1,0.1,10000000000,99999999,0.0001,0.000001,0.000001,0.05,0.1,False,True,1,1.00,1.00,False,False,,,,,,
51,STX-BTC,STX-BTC,STX,BTC,BTC,BTC,0.1,0.000001,10000000000,99999999,0.0001,0.00000001,0.00000001,0.08,0.000001,False,True,1,1.00,1.00,False,False,,,,,,
52,STX-USDT,STX-USDT,STX,USDT,USDT,USDS,1,0.1,10000000000,99999999,0.0001,0.0001,0.0001,0.05,0.1,False,True,1,1.00,1.00,False,False,,,,,,
53,COMP-USDT,COMP-USDT,COMP,USDT,USDT,DeFi,0.0001,0.1,10000000000,99999999,0.0001,0.01,0.01,0.05,0.1,True,True,1,1.00,1.00,False,False,,,,,,
54,CRO-USDT,CRO-USDT,CRO,USDT,USDT,USDS,0.1,0.1,10000000000,99999999,0.0001,0.00001,0.00001,0.05,0.1,False,True,2,1.00,1.00,False,False,,,,,,
55,EWT-BTC,EWT-BTC,EWT,BTC,BTC,BTC,1,0.000001,10000000000,99999999,0.01,0.000000001,0.000000001,0.08,0.000001,False,True,3,1.00,1.00,False,False,,,,,,
56,WAVES-USDT,WAVES-USDT,WAVES,USDT,USDT,USDS,0.01,0.1,10000000000,99999999,0.0001,0.0001,0.0001,0.05,0.1,False,True,2,1.00,1.00,False,False,,,,,,
57,WAVES-BTC,WAVES-BTC,WAVES,BTC,BTC,DeFi,0.01,0.000001,10000000000,99999999,0.0001,0.00000001,0.00000001,0.08,0.000001,False,True,2,1.00,1.00,False,False,,,,,,
58,MLK-USDT,MLK-USDT,MLK,USDT,USDT,USDS,0.1,0.1,10000000000,99999999,0.0001,0.00001,0.00001,0.08,0.1,False,True,2,1.00,1.00,False,False,,,,,,
59,JST-USDT,JST-USDT,JST,USDT,USDT,DeFi,1,0.1,10000000000,99999999,0.1,0.00001,0.00001,0.08,0.1,False,True,1,1.00,1.00,False,False,,,,,,
60,SUKU-USDT,SUKU-USDT,SUKU,USDT,USDT,USDS,0.1,0.1,10000000000,99999999,0.0001,0.00001,0.00001,0.08,0.1,False,True,3,1.00,1.00,False,False,,,,,,
61,DIA-USDT,DIA-USDT,DIA,USDT,USDT,USDS,0.01,0.1,10000000000,99999999,0.0001,0.0001,0.0001,0.08,0.1,False,True,1,1.00,1.00,False,False,,,,,,
62,LINK-BTC,LINK-BTC,LINK,BTC,BTC,DeFi,0.001,0.000001,10000000000,99999999,0.0001,0.00000001,0.00000001,0.05,0.000001,False,True,1,1.00,1.00,False,False,,,,,,
63,LINK-USDT,LINK-USDT,LINK,USDT,USDT,USDS,0.01,0.1,10000000000,99999999,0.0001,0.0001,0.0001,0.02,0.1,True,True,1,1.00,1.00,False,False,,,,,,
64,DOT-USDT,DOT-USDT,DOT,USDT,USDT,USDS,0.1,0.1,10000000000,99999999,0.0001,0.0001,0.0001,0.05,0.1,True,True,1,1.00,1.00,False,False,,,,,,
65,DOT-BTC,DOT-BTC,DOT,BTC,BTC,BTC,0.01,0.000001,10000000000,99999999,0.0001,0.00000001,0.00000001,0.05,0.000001,False,True,1,1.00,1.00,False,False,,,,,,
66,EWT-USDT,EWT-USDT,EWT,USDT,USDT,USDS,1,0.1,10000000000,99999999,0.01,0.00001,0.00001,0.08,0.1,False,True,3,1.00,1.00,False,False,,,,,,
67,CKB-BTC,CKB-BTC,CKB,BTC,BTC,BTC,10,0.000001,10000000000,99999999,0.0001,0.00000000001,0.00000000001,0.05,0.000001,False,True,1,1.00,1.00,False,False,,,,,,
68,CKB-USDT,CKB-USDT,CKB,USDT,USDT,USDS,10,0.1,10000000000,99999999,0.0001,0.000001,0.000001,0.05,0.1,True,True,1,1.00,1.00,False,False,,,,,,
69,UMA-USDT,UMA-USDT,UMA,USDT,USDT,USDS,0.001,0.1,10000000000,99999999,0.0001,0.001,0.001,0.08,0.1,False,True,1,1.00,1.00,False,False,,,,,,
70,ALEPH-USDT,ALEPH-USDT,ALEPH,USDT,USDT,USDS,10,0.1,10000000000,99999999,0.1,0.00001,0.00001,0.08,0.1,False,True,3,1.00,1.00,False,False,,,,,,
71,VELO-USDT,VELO-USDT,VELO,USDT,USDT,USDS,5,0.1,10000000000,99999999,0.0001,0.000001,0.000001,0.05,0.1,False,True,2,1.00,1.00,False,False,,,,,,
72,SUN-USDT,SUN-USDT,SUN,USDT,USDT,USDS,1,0.1,10000000000,99999999,0.1,0.00001,0.00001,0.05,0.1,False,True,1,1.00,1.00,False,False,,,,,,1625558401000.0
73,YFI-USDT,YFI-USDT,YFI,USDT,USDT,USDS,0.000001,0.1,10000000000,99999999,0.000001,0.01,0.01,0.05,0.1,True,True,1,1.00,1.00,False,False,,,,,,
74,UNI-USDT,UNI-USDT,UNI,USDT,USDT,DeFi,0.01,0.1,10000000000,99999999,0.0001,0.0001,0.0001,0.03,0.1,True,True,1,1.00,1.00,False,False,,,,,,
75,UOS-USDT,UOS-USDT,UOS,USDT,USDT,USDS,0.1,0.1,10000000000,99999999,0.0001,0.00001,0.00001,0.05,0.1,False,True,3,1.00,1.00,False,False,,,,,,
76,NIM-USDT,NIM-USDT,NIM,USDT,USDT,USDS,100,0.1,10000000000,99999999,0.0001,0.0000001,0.0000001,0.08,0.1,False,True,2,1.00,1.00,False,False,,,,,,
77,DEGO-USDT,DEGO-USDT,DEGO,USDT,USDT,USDS,0.1,0.1,10000000000,99999999,0.0001,0.0001,0.0001,0.08,0.1,False,True,1,1.00,1.00,False,False,,,,,,
78,FIL-USDT,FIL-USDT,FIL,USDT,USDT,USDS,0.0001,0.1,10000000000,99999999,0.0001,0.0001,0.0001,0.05,0.1,True,True,1,1.00,1.00,False,False,,,,,,
79,AAVE-USDT,AAVE-USDT,AAVE,USDT,USDT,DeFi,0.001,0.1,10000000000,99999999,0.0001,0.001,0.001,0.03,0.1,True,True,1,1.00,1.00,False,False,,,,,,
80,AAVE-BTC,AAVE-BTC,AAVE,BTC,BTC,DeFi,0.001,0.000001,10000000000,99999999,0.0001,0.000001,0.000001,0.05,0.000001,False,True,1,1.00,1.00,False,False,,,,,,
81,IOST-ETH,IOST-ETH,IOST,ETH,ETH,ALTS,1,0.0001,10000000000,99999999,0.0001,0.000000001,0.000000001,0.08,0.00001,False,True,1,1.00,1.00,False,False,,,,,,
82,KCS-USDT,KCS-USDT,KCS,USDT,USDT,USDS,0.1,0.1,10000000000,99999999,0.0001,0.0001,0.001,0.02,0.1,True,True,1,1.00,1.00,False,False,,,,,,
83,SNX-ETH,SNX-ETH,SNX,ETH,ETH,DeFi,1,0.0001,10000000000,99999999,0.00000001,0.000001,0.0000001,0.08,0.00001,False,True,1,1.00,1.00,False,False,,,,,,
84,KCS-ETH,KCS-ETH,KCS,ETH,ETH,ALTS,0.01,0.0001,10000000000,99999999,0.0001,0.000001,0.000001,0.05,0.00001,False,True,1,1.00,1.00,False,False,,,,,,
85,TEL-BTC,TEL-BTC,TEL,BTC,BTC,BTC,100,0.00001,10000000000,99999999,0.01,0.00000000001,0.00000000001,0.08,0.000001,False,True,2,1.00,1.00,False,False,,,,,,
86,XYO-ETH,XYO-ETH,XYO,ETH,ETH,ALTS,10,0.0001,10000000000,99999999,0.0001,0.000000001,0.000000001,0.08,0.00001,False,True,3,1.00,1.00,False,False,,,,,,
87,VET-BTC,VET-BTC,VET,BTC,BTC,BTC,10,0.00001,10000000000,99999999,0.001,0.0000000001,0.0000000001,0.08,0.000001,False,True,1,1.00,1.00,False,False,,,,,,
88,KCS-BTC,KCS-BTC,KCS,BTC,BTC,BTC,0.01,0.00001,10000000000,99999999,0.0001,0.0000001,0.0000001,0.05,0.000001,False,True,1,1.00,1.00,False,False,,,,,,
89,ONT-BTC,ONT-BTC,ONT,BTC,BTC,BTC,0.01,0.00001,10000000000,99999999,0.0001,0.000000001,0.000000001,0.08,0.000001,False,True,1,1.00,1.00,False,False,,,,,,
90,DAG-ETH,DAG-ETH,DAG,ETH,ETH,ALTS,10,0.0001,10000000000,99999999,0.0001,0.00000001,0.00000001,0.08,0.00001,False,True,3,1.00,1.00,False,False,,,,,,
91,WAN-BTC,WAN-BTC,WAN,BTC,BTC,DeFi,0.1,0.00001,10000000000,99999999,0.0001,0.000000001,0.000000001,0.05,0.000001,False,True,1,1.00,1.00,False,False,,,,,,
92,KNC-ETH,KNC-ETH,KNC,ETH,ETH,DeFi,0.1,0.0001,10000000000,99999999,0.0001,0.0000001,0.0000001,0.08,0.00001,False,True,1,1.00,1.00,False,False,,,,,,
93,LTC-USDT,LTC-USDT,LTC,USDT,USDT,USDS,0.001,0.1,10000000000,99999999,0.001,0.01,0.01,0.05,0.1,True,True,1,1.00,1.00,False,False,,,,,,
94,BCHSV-USDT,BSV-USDT,BCHSV,USDT,USDT,USDS,0.001,0.1,10000000000,99999999,0.001,0.01,0.01,0.05,0.1,False,True,2,1.00,1.00,False,False,,,,,,
95,TRAC-ETH,TRAC-ETH,TRAC,ETH,ETH,ALTS,1,0.0001,10000000000,99999999,0.0001,0.0000001,0.0000001,0.08,0.00001,False,True,3,1.00,1.00,False,False,,,,,,
96,QTUM-USDT,QTUM-USDT,QTUM,USDT,USDT,USDS,0.1,0.1,10000000000,99999999,0.01,0.001,0.001,0.05,0.1,False,True,1,1.00,1.00,False,False,1.4,8.5,1731301200000.0,1731307200000.0,1731308100000.0,1731308400000.0
97,BCHSV-BTC,BSV-BTC,BCHSV,BTC,BTC,BTC,0.001,0.00001,10000000000,99999999,0.001,0.0000001,0.0000001,0.05,0.000001,False,True,2,1.00,1.00,False,False,,,,,,
98,XLM-USDT,XLM-USDT,XLM,USDT,USDT,USDS,1,0.1,10000000000,99999999,0.01,0.0001,0.0001,0.02,0.1,True,True,1,1.00,1.00,False,False,,,,,,
99,IOTX-ETH,IOTX-ETH,IOTX,ETH,ETH,ALTS,1,0.0001,10000000000,99999999,0.0001,0.000000001,0.000000001,0.05,0.00001,False,True,1,1.00,1.00,False,False,,,,,,
100,TRX-BTC,TRX-BTC,TRX,BTC,BTC,BTC,1,0.00001,10000000000,99999999,0.01,0.000000001,0.000000001,0.05,0.000001,True,True,1,1.00,1.00,False,False,,,,,,
101,KNC-BTC,KNC-BTC,KNC,BTC,BTC,DeFi,0.1,0.00001,10000000000,99999999,0.0001,0.000000001,0.000000001,0.08,0.000001,False,True,1,1.00,1.00,False,False,,,,,,
102,MANA-ETH,MANA-ETH,MANA,ETH,ETH,ALTS,1,0.0001,10000000000,99999999,0.0001,0.0000001,0.0000001,0.05,0.00001,False,True,1,1.00,1.00,False,False,,,,,,
103,ETC-USDT,ETC-USDT,ETC,USDT,USDT,USDS,0.01,0.1,10000000000,99999999,0.000001,0.000001,0.0001,0.05,0.1,True,True,1,1.00,1.00,False,False,,,,,,
104,ONT-ETH,ONT-ETH,ONT,ETH,ETH,ALTS,0.01,0.0001,10000000000,99999999,0.0001,0.00000001,0.00000001,0.05,0.00001,False,True,1,1.00,1.00,False,False,,,,,,
105,XRP-USDC,XRP-USDC,XRP,USDC,USDC,USDS,0.1,0.1,10000000000,99999999,0.0001,0.00001,0.00001,0.03,0.1,True,True,1,1.00,1.00,False,False,,,,,,
106,XYO-BTC,XYO-BTC,XYO,BTC,BTC,BTC,10,0.00001,10000000000,99999999,0.0001,0.00000001,0.0000000001,0.08,0.000001,False,True,3,1.00,1.00,False,False,,,,,,
107,TRAC-BTC,TRAC-BTC,TRAC,BTC,BTC,BTC,1,0.00001,10000000000,99999999,0.0001,0.00000001,0.00000001,0.08,0.000001,False,True,3,1.00,1.00,False,False,,,,,,
108,XLM-ETH,XLM-ETH,XLM,ETH,ETH,ALTS,0.1,0.0001,10000000000,99999999,0.0001,0.0000001,0.00000001,0.08,0.00001,False,True,1,1.00,1.00,False,False,,,,,,
109,ETH-USDT,ETH-USDT,ETH,USDT,USDT,USDS,0.0001,0.01,10000000000,999999999,0.0000001,0.000001,0.01,0.01,0.1,True,True,1,1.00,1.00,False,False,,,,,,
110,BCHSV-ETH,BSV-ETH,BCHSV,ETH,ETH,ALTS,0.001,0.0001,10000000000,99999999,0.001,0.00001,0.00001,0.05,0.00001,False,True,2,1.00,1.00,False,False,,,,,,
111,TRX-ETH,TRX-ETH,TRX,ETH,ETH,ALTS,1,0.0001,10000000000,99999999,0.01,0.00000001,0.00000001,0.08,0.00001,False,True,1,1.00,1.00,False,False,,,,,,
112,XLM-BTC,XLM-BTC,XLM,BTC,BTC,BTC,0.1,0.00001,10000000000,99999999,0.0001,0.000000001,0.000000001,0.05,0.000001,False,True,1,1.00,1.00,False,False,,,,,,
113,ETC-ETH,ETC-ETH,ETC,ETH,ETH,ALTS,0.01,0.0001,10000000000,99999999,0.000001,0.000001,0.000001,0.05,0.00001,False,True,1,1.00,1.00,False,False,,,,,,
114,XRP-BTC,XRP-BTC,XRP,BTC,BTC,BTC,0.1,0.00001,10000000000,99999999,0.0001,0.00000001,0.00000001,0.05,0.000001,True,True,1,1.00,1.00,False,False,,,,,,
115,SNX-USDT,SNX-USDT,SNX,USDT,USDT,USDS,1,0.1,10000000000,99999999,0.01,0.0001,0.0001,0.08,0.1,True,True,1,1.00,1.00,False,False,,,,,,
116,IOTX-BTC,IOTX-BTC,IOTX,BTC,BTC,BTC,1,0.00001,10000000000,99999999,0.0001,0.0000000001,0.0000000001,0.05,0.000001,False,True,1,1.00,1.00,False,False,,,,,,
117,LTC-ETH,LTC-ETH,LTC,ETH,ETH,ALTS,0.001,0.0001,10000000000,99999999,0.001,0.00001,0.00001,0.05,0.00001,False,True,1,1.00,1.00,False,False,,,,,,
118,XRP-KCS,XRP-KCS,XRP,KCS,KCS,KCS,0.1,0.01,10000000000,99999999,0.0001,0.0001,0.00001,0.08,0.001,False,True,1,1.00,1.00,False,False,,,,,,
119,LTC-KCS,LTC-KCS,LTC,KCS,KCS,KCS,0.001,0.01,10000000000,99999999,0.001,0.001,0.001,0.05,0.001,False,True,1,1.00,1.00,False,False,,,,,,
120,TEL-ETH,TEL-ETH,TEL,ETH,ETH,ALTS,100,0.0001,10000000000,99999999,0.01,0.0000000001,0.0000000001,0.08,0.00001,False,True,2,1.00,1.00,False,False,,,,,,
121,USDT-USDC,USDT-USDC,USDT,USDC,USDC,USDS,0.01,0.1,10000000000,99999999,0.01,0.0001,0.0001,0.05,0.1,False,True,1,1.00,1.00,False,False,,,,,,
122,ETH-USDC,ETH-USDC,ETH,USDC,USDC,USDS,0.0001,0.1,10000000000,999999999,0.0000001,0.0001,0.01,0.02,0.1,True,True,1,1.00,1.00,False,False,,,,,,
123,AVA-BTC,AVA-BTC,AVA,BTC,BTC,BTC,0.1,0.00001,10000000000,99999999,0.0001,0.00000001,0.00000001,0.08,0.000001,False,True,1,1.00,1.00,False,False,,,,,,
124,BTC-USDT,BTC-USDT,BTC,USDT,USDT,USDS,0.00001,0.1,10000000000,99999999,0.00000001,0.000001,0.1,0.01,0.1,True,True,1,1.00,1.00,False,False,,,,,,
125,XRP-USDT,XRP-USDT,XRP,USDT,USDT,USDS,0.1,0.1,10000000000,99999999,0.0001,0.000001,0.00001,0.05,0.1,True,True,1,1.00,1.00,False,False,,,,,,
126,VET-ETH,VET-ETH,VET,ETH,ETH,ALTS,10,0.0001,10000000000,99999999,0.0001,0.0000001,0.00000001,0.08,0.00001,False,True,1,1.00,1.00,False,False,,,,,,
127,ETH-BTC,ETH-BTC,ETH,BTC,BTC,BTC,0.0001,0.00001,10000000000,999999999,0.0000001,0.00001,0.00001,0.03,0.000001,True,True,1,1.00,1.00,False,False,,,,,,
128,TRX-USDT,TRX-USDT,TRX,USDT,USDT,USDS,1,0.1,10000000000,99999999,0.01,0.0001,0.0001,0.02,0.1,True,True,1,1.00,1.00,False,False,,,,,,
129,ONT-USDT,ONT-USDT,ONT,USDT,USDT,USDS,0.01,0.1,10000000000,99999999,0.0001,0.000001,0.00001,0.08,0.1,False,True,1,1.00,1.00,False,False,,,,,,
130,DASH-ETH,DASH-ETH,DASH,ETH,ETH,ALTS,0.0001,0.0001,10000000000,99999999,0.0001,0.00001,0.00001,0.05,0.00001,False,True,1,1.00,1.00,False,False,,,,,,
131,AVA-ETH,AVA-ETH,AVA,ETH,ETH,ALTS,0.1,0.0001,10000000000,99999999,0.0001,0.0000001,0.0000001,0.05,0.00001,False,True,1,1.00,1.00,False,False,,,,,,
132,LTC-BTC,LTC-BTC,LTC,BTC,BTC,BTC,0.001,0.00001,10000000000,99999999,0.001,0.000001,0.000001,0.05,0.000001,True,True,1,1.00,1.00,False,False,,,,,,
133,XRP-ETH,XRP-ETH,XRP,ETH,ETH,ALTS,0.1,0.0001,10000000000,99999999,0.0001,0.0000001,0.0000001,0.05,0.00001,False,True,1,1.00,1.00,False,False,,,,,,
134,VET-USDT,VET-USDT,VET,USDT,USDT,USDS,10,0.1,10000000000,99999999,0.1,0.00001,0.00001,0.05,0.1,True,True,1,1.00,1.00,False,False,,,,,,
135,SNX-BTC,SNX-BTC,SNX,BTC,BTC,DeFi,0.01,0.00001,10000000000,99999999,0.01,0.00000001,0.00000001,0.08,0.000001,False,True,1,1.00,1.00,False,False,,,,,,
136,NEO-BTC,NEO-BTC,NEO,BTC,BTC,BTC,0.001,0.00001,100000,99999999,0.000001,0.0000001,0.0000001,0.08,0.000001,False,True,1,1.00,1.00,False,False,,,,,,
137,NEO-USDT,NEO-USDT,NEO,USDT,USDT,USDS,0.001,0.1,10000000000,99999999,0.000001,0.000001,0.0001,0.05,0.1,True,True,1,1.00,1.00,False,False,,,,,,
138,ETC-BTC,ETC-BTC,ETC,BTC,BTC,BTC,0.01,0.00001,10000000000,99999999,0.000001,0.0000001,0.0000001,0.08,0.000001,False,True,1,1.00,1.00,False,False,,,,,,
139,BTC-USDC,BTC-USDC,BTC,USDC,USDC,USDS,0.00001,0.1,10000000000,99999999,0.00000001,0.0001,0.1,0.05,0.1,True,True,1,1.00,1.00,False,False,,,,,,
140,ENJ-ETH,ENJ-ETH,ENJ,ETH,ETH,ALTS,0.1,0.0001,10000000000,99999999,0.0001,0.00000001,0.00000001,0.05,0.00001,False,True,1,1.00,1.00,False,False,,,,,,
141,DASH-BTC,DASH-BTC,DASH,BTC,BTC,BTC,0.0001,0.00001,10000000000,99999999,0.00000001,0.0000001,0.0000001,0.05,0.000001,False,True,1,1.00,1.00,False,False,,,,,,
142,ZIL-ETH,ZIL-ETH,ZIL,ETH,ETH,ALTS,1,0.0001,10000000000,99999999,0.0001,0.000000001,0.000000001,0.08,0.00001,False,True,1,1.00,1.00,False,False,,,,,,
143,BCH-BTC,BCH-BTC,BCH,BTC,BTC,BTC,0.0001,0.000001,10000000000,99999999,0.0001,0.000001,0.000001,0.08,0.000001,False,True,1,1.00,1.00,False,False,,,,,,
144,VSYS-BTC,VSYS-BTC,VSYS,BTC,BTC,BTC,0.1,0.00001,10000000000,99999999,1,0.000000000001,0.000000000001,0.08,0.000001,False,True,3,1.00,1.00,False,False,,,,,,1731064500000.0
145,BCH-USDT,BCH-USDT,BCH,USDT,USDT,USDS,0.0001,0.1,10000000000,99999999,0.0001,0.01,0.01,0.05,0.1,True,True,1,1.00,1.00,False,False,,,,,,
146,SHR-USDT,SHR-USDT,SHR,USDT,USDT,USDS,1000,0.1,10000000000,99999999,1,0.0000001,0.0000001,0.08,0.1,False,True,3,1.00,1.00,False,False,,,,,,
147,ROSE-USDT,ROSE-USDT,ROSE,USDT,USDT,USDS,0.1,0.1,10000000000,99999999,0.0001,0.00001,0.00001,0.05,0.1,False,True,1,1.00,1.00,False,False,,,,,,
148,USDC-USDT,USDC-USDT,USDC,USDT,USDT,USDS,0.1,0.1,10000000000,99999999,0.01,0.0001,0.0001,0.01,0.1,True,True,1,1.00,1.00,False,False,,,,,,
149,PLU-USDT,PLU-USDT,PLU,USDT,USDT,USDS,1,0.1,10000000000,99999999,0.01,0.0001,0.0001,0.05,0.1,False,True,2,1.00,1.00,False,False,,,,,,
150,GRT-USDT,GRT-USDT,GRT,USDT,USDT,USDS,0.1,0.1,10000000000,99999999,0.0001,0.00001,0.00001,0.05,0.1,False,True,1,1.00,1.00,False,False,,,,,,
151,1INCH-USDT,1INCH-USDT,1INCH,USDT,USDT,USDS,0.01,0.1,10000000000,99999999,0.0001,0.00001,0.00001,0.05,0.1,False,True,1,1.00,1.00,False,False,,,,,,
152,API3-USDT,API3-USDT,API3,USDT,USDT,USDS,0.01,0.1,10000000000,99999999,0.0001,0.0001,0.0001,0.05,0.1,False,True,1,1.00,1.00,False,False,,,,,,
153,HTR-USDT,HTR-USDT,HTR,USDT,USDT,USDS,0.01,0.1,10000000000,99999999,0.0001,0.00001,0.00001,0.08,0.1,False,True,3,1.00,1.00,False,False,,,,,,
154,WBTC-BTC,WBTC-BTC,WBTC,BTC,BTC,BTC,0.0001,0.0001,10000000000,99999999,0.0001,0.00001,0.00001,0.03,0.000001,False,True,1,1.00,1.00,False,False,,,,,,
155,LTC-USDC,LTC-USDC,LTC,USDC,USDC,USDS,0.001,0.1,10000000000,99999999,0.001,0.01,0.01,0.05,0.1,True,True,1,1.00,1.00,False,False,,,,,,
156,BCH-USDC,BCH-USDC,BCH,USDC,USDC,USDS,0.0001,0.1,10000000000,99999999,0.0001,0.01,0.01,0.05,0.1,False,True,1,1.00,1.00,False,False,,,,,,
157,HYDRA-USDT,HYDRA-USDT,HYDRA,USDT,USDT,USDS,0.01,0.1,10000000000,99999999,0.0001,0.0001,0.0001,0.08,0.1,False,True,3,1.00,1.00,False,False,,,,,,
158,CRV-USDT,CRV-USDT,CRV,USDT,USDT,DeFi,0.01,0.1,10000000000,99999999,0.0001,0.0001,0.0001,0.03,0.1,True,True,1,1.00,1.00,False,False,,,,,,
159,SUSHI-USDT,SUSHI-USDT,SUSHI,USDT,USDT,DeFi,0.01,0.1,10000000000,99999999,0.0001,0.0001,0.0001,0.05,0.1,False,True,1,1.00,1.00,False,False,,,,,,
160,BCHSV-USDC,BSV-USDC,BCHSV,USDC,USDC,USDS,0.0001,0.1,10000000000,99999999,0.0001,0.01,0.01,0.08,0.1,False,True,2,1.00,1.00,False,False,,,,,,
161,ZEN-USDT,ZEN-USDT,ZEN,USDT,USDT,USDS,0.01,0.1,10000000000,99999999,0.0001,0.001,0.001,0.05,0.1,False,True,1,1.00,1.00,False,False,,,,,,
162,ADA-USDC,ADA-USDC,ADA,USDC,USDC,USDS,1,0.1,10000000000,99999999,0.01,0.0001,0.0001,0.05,0.1,True,True,1,1.00,1.00,False,False,,,,,,
163,LRC-USDT,LRC-USDT,LRC,USDT,USDT,USDS,10,0.1,10000000000,99999999,0.1,0.00001,0.00001,0.05,0.1,False,True,1,1.00,1.00,False,False,,,,,,
164,LINK-USDC,LINK-USDC,LINK,USDC,USDC,DeFi,0.001,0.1,10000000000,99999999,0.0001,0.0001,0.0001,0.05,0.1,True,True,1,1.00,1.00,False,False,,,,,,
165,KLV-USDT,KLV-USDT,KLV,USDT,USDT,USDS,10,0.1,10000000000,99999999,0.0001,0.000001,0.000001,0.08,0.1,False,True,3,1.00,1.00,False,False,,,,,,
166,KLV-BTC,KLV-BTC,KLV,BTC,BTC,BTC,10,0.000001,10000000000,99999999,0.0001,0.00000000001,0.00000000001,0.05,0.000001,False,True,3,1.00,1.00,False,False,,,,,,
167,THETA-USDT,THETA-USDT,THETA,USDT,USDT,USDS,0.1,0.1,10000000000,99999999,0.0001,0.0001,0.0001,0.05,0.1,True,True,1,1.00,1.00,False,False,,,,,,
168,QNT-USDT,QNT-USDT,QNT,USDT,USDT,USDS,0.001,0.1,10000000000,99999999,0.0001,0.001,0.001,0.05,0.1,True,True,1,1.00,1.00,False,False,,,,,,
169,BAT-USDT,BAT-USDT,BAT,USDT,USDT,USDS,0.01,1,10000000000,99999999,0.0001,0.0001,0.0001,0.08,0.1,False,True,1,1.00,1.00,False,False,,,,,,
170,DOGE-USDT,DOGE-USDT,DOGE,USDT,USDT,USDS,10,0.1,10000000000,99999999,0.0001,0.00001,0.00001,0.02,0.1,True,True,1,1.00,1.00,False,False,,,,,,
171,DOGE-USDC,DOGE-USDC,DOGE,USDC,USDC,USDS,1,0.1,10000000000,99999999,0.0001,0.00001,0.00001,0.05,0.1,True,True,1,1.00,1.00,False,False,,,,,,
172,DAO-USDT,DAO-USDT,DAO,USDT,USDT,USDS,1,0.1,10000000000,99999999,0.1,0.00001,0.00001,0.08,0.1,False,True,2,1.00,1.00,False,False,,,,,,
173,DOGE-BTC,DOGE-BTC,DOGE,BTC,BTC,BTC,10,0.00001,10000000000,99999999,0.0001,0.000000001,0.000000001,0.02,0.000001,False,True,1,1.00,1.00,False,False,,,,,,
174,CAKE-USDT,CAKE-USDT,CAKE,USDT,USDT,USDS,0.01,0.1,10000000000,99999999,0.0001,0.001,0.001,0.05,0.1,True,True,1,1.00,1.00,False,False,,,,,,
175,ORAI-USDT,ORAI-USDT,ORAI,USDT,USDT,USDS,0.01,0.1,10000000000,99999999,0.0001,0.001,0.001,0.05,0.1,False,True,3,1.00,1.00,False,False,,,,,,
176,MASK-USDT,MASK-USDT,MASK,USDT,USDT,USDS,0.1,0.1,10000000000,99999999,0.0001,0.0001,0.0001,0.05,0.1,False,True,1,1.00,1.00,False,False,,,,,,
177,KLV-TRX,KLV-TRX,KLV,TRX,TRX,ALTS,1,10,10000000000,99999999,0.0001,0.00001,0.00001,0.08,10,False,True,3,1.00,1.00,False,False,,,,,,
178,PHA-USDT,PHA-USDT,PHA,USDT,USDT,USDS,1,0.1,10000000000,99999999,0.0001,0.0001,0.0001,0.08,0.1,False,True,1,1.00,1.00,False,False,,,,,,
179,ADA-KCS,ADA-KCS,ADA,KCS,KCS,KCS,0.01,0.01,10000000000,99999999,0.0001,0.00001,0.00001,0.08,0.001,False,True,1,1.00,1.00,False,False,,,,,,
180,DOT-KCS,DOT-KCS,DOT,KCS,KCS,KCS,0.01,0.1,10000000000,99999999,0.0001,0.0001,0.0001,0.05,0.001,False,True,1,1.00,1.00,False,False,,,,,,
181,BNB-KCS,BNB-KCS,BNB,KCS,KCS,KCS,0.01,0.01,10000000000,99999999,0.0001,0.0001,0.0001,0.08,0.001,False,True,1,1.00,1.00,False,False,,,,,,
182,DOGE-KCS,DOGE-KCS,DOGE,KCS,KCS,KCS,1,0.01,10000000000,99999999,0.0001,0.000001,0.000001,0.08,0.001,False,True,1,1.00,1.00,False,False,,,,,,
183,GAS-USDT,GAS-USDT,GAS,USDT,USDT,USDS,0.1,0.1,10000000000,99999999,0.0001,0.0001,0.0001,0.05,0.1,False,True,1,1.00,1.00,False,False,,,,,,
184,AVAX-USDT,AVAX-USDT,AVAX,USDT,USDT,USDS,0.01,0.1,10000000000,99999999,0.0001,0.001,0.001,0.05,0.1,True,True,1,1.00,1.00,False,False,,,,,,
185,AVAX-BTC,AVAX-BTC,AVAX,BTC,BTC,BTC,0.01,0.000001,10000000000,99999999,0.0001,0.00000001,0.00000001,0.08,0.000001,False,True,1,1.00,1.00,False,False,,,,,,
186,KRL-BTC,KRL-BTC,KRL,BTC,BTC,BTC,10,0.00001,10000000000,99999999,0.0001,0.0000000001,0.0000000001,0.08,0.000001,False,True,2,1.00,1.00,False,False,,,,,,
187,KRL-USDT,KRL-USDT,KRL,USDT,USDT,USDS,10,1,10000000000,99999999,0.0001,0.00001,0.00001,0.08,0.1,False,True,2,1.00,1.00,False,False,,,,,,
188,ENJ-USDT,ENJ-USDT,ENJ,USDT,USDT,USDS,10,0.1,10000000000,99999999,0.1,0.00001,0.00001,0.05,0.1,False,True,1,1.00,1.00,False,False,,,,,,
189,MANA-USDT,MANA-USDT,MANA,USDT,USDT,USDS,1,0.1,10000000000,99999999,0.0001,0.00001,0.00001,0.05,0.1,False,True,1,1.00,1.00,False,False,,,,,,
190,SKEY-USDT,SKEY-USDT,SKEY,USDT,USDT,USDS,1000,0.1,10000000000,99999999,1,0.0000001,0.0000001,0.05,0.1,False,True,3,1.00,1.00,False,False,,,,,,
191,TARA-USDT,TARA-USDT,TARA,USDT,USDT,USDS,1000,0.1,10000000000,99999999,1,0.0000001,0.0000001,0.08,0.1,False,True,3,1.00,1.00,False,False,,,,,,1706083200000.0
192,IOST-USDT,IOST-USDT,IOST,USDT,USDT,USDS,1,0.1,10000000000,99999999,0.0001,0.000001,0.000001,0.05,0.1,False,True,1,1.00,1.00,False,False,,,,,,
193,ORBS-USDT,ORBS-USDT,ORBS,USDT,USDT,USDS,1,0.1,10000000000,99999999,0.0001,0.00001,0.00001,0.08,0.1,False,True,2,1.00,1.00,False,False,,,,,,
194,ANKR-USDT,ANKR-USDT,ANKR,USDT,USDT,USDS,1,0.1,10000000000,99999999,0.0001,0.00001,0.00001,0.05,0.1,False,True,1,1.00,1.00,False,False,,,,,,
195,SAND-USDT,SAND-USDT,SAND,USDT,USDT,USDS,1,0.1,10000000000,99999999,0.0001,0.00001,0.00001,0.05,0.1,False,True,1,1.00,1.00,False,False,,,,,,
196,VAI-USDT,VAI-USDT,VAI,USDT,USDT,USDS,0.1,0.1,10000000000,99999999,0.1,0.00001,0.00001,0.08,0.1,False,True,3,1.00,1.00,False,False,,,,,,1648540800000.0
197,FLUX-USDT,FLUX-USDT,FLUX,USDT,USDT,USDS,1,0.1,10000000000,99999999,0.0001,0.0001,0.0001,0.05,0.1,False,True,1,1.00,1.00,False,False,,,,,,
198,ZIL-USDT,ZIL-USDT,ZIL,USDT,USDT,USDS,100,0.1,10000000000,99999999,1,0.000001,0.000001,0.05,0.1,True,True,1,1.00,1.00,False,False,,,,,,
199,DODO-USDT,DODO-USDT,DODO,USDT,USDT,USDS,10,0.1,10000000000,99999999,0.1,0.00001,0.00001,0.08,0.1,False,True,1,1.00,1.00,False,False,,,,,,
200,MAN-USDT,MAN-USDT,MAN,USDT,USDT,USDS,1,0.1,10000000000,99999999,0.0001,0.000001,0.000001,0.08,0.1,False,True,3,1.00,1.00,True,False,,,,,,
201,BAX-USDT,BAX-USDT,BAX,USDT,USDT,USDS,1000,0.1,10000000000,99999999,0.0001,0.00000001,0.00000001,0.05,0.1,False,True,3,1.00,1.00,False,False,,,,,,
202,BOSON-USDT,BOSON-USDT,BOSON,USDT,USDT,USDS,10,0.1,10000000000,99999999,0.1,0.00001,0.00001,0.08,0.1,False,True,3,1.00,1.00,False,False,,,,,,
203,PUNDIX-USDT,PUNDIX-USDT,PUNDIX,USDT,USDT,USDS,0.1,0.1,10000000000,99999999,0.0001,0.0001,0.0001,0.05,0.1,False,True,1,1.00,1.00,False,False,,,,,,
204,WAX-USDT,WAXP-USDT,WAX,USDT,USDT,USDS,1,0.1,10000000000,99999999,0.0001,0.00001,0.00001,0.08,0.1,False,True,1,1.00,1.00,False,False,,,,,,
205,HAI-USDT,HAI-USDT,HAI,USDT,USDT,USDS,100,0.1,10000000000,99999999,1,0.000001,0.000001,0.08,0.1,False,True,3,1.00,1.00,False,False,,,,,,1619085600000.0
206,FORTH-USDT,FORTH-USDT,FORTH,USDT,USDT,USDS,0.01,0.1,10000000000,99999999,0.0001,0.0001,0.0001,0.08,0.1,False,True,1,1.00,1.00,False,False,,,,,,
207,GHX-USDT,GHX-USDT,GHX,USDT,USDT,USDS,100,0.1,10000000000,99999999,1,0.000001,0.000001,0.08,0.1,False,True,2,1.00,1.00,False,False,,,,,,1619686801000.0
208,TOWER-USDT,TOWER-USDT,TOWER,USDT,USDT,USDS,1,0.1,10000000000,99999999,1,0.0000001,0.0000001,0.08,0.1,False,True,3,1.00,1.00,False,False,,,,,,1619776800000.0
209,XDC-USDT,XDC-USDT,XDC,USDT,USDT,DeFi,1,0.1,10000000000,99999999,0.0001,0.00001,0.00001,0.03,0.1,False,True,2,1.00,1.00,False,False,,,,,,1620385201000.0
210,XDC-ETH,XDC-ETH,XDC,ETH,ETH,DeFi,1,0.00001,10000000000,99999999,0.0001,0.00000001,0.00000001,0.08,0.00001,False,True,2,1.00,1.00,False,False,,,,,,1620385200000.0
211,SHIB-USDT,SHIB-USDT,SHIB,USDT,USDT,USDS,100000,0.1,17000000000,99999999,0.0001,0.000000001,0.000000001,0.03,0.1,True,True,1,1.00,1.00,False,False,,,,,,1620630000000.0
212,ICP-USDT,ICP-USDT,ICP,USDT,USDT,USDS,0.001,0.1,10000000000,99999999,0.0001,0.001,0.001,0.05,0.1,True,True,1,1.00,1.00,False,False,,,,,,1620720000000.0
213,ICP-BTC,ICP-BTC,ICP,BTC,BTC,BTC,0.001,0.000001,10000000000,99999999,0.0001,0.00000001,0.00000001,0.08,0.000001,False,True,1,1.00,1.00,False,False,,,,,,1620720000000.0
214,CELO-USDT,CELO-USDT,CELO,USDT,USDT,USDS,0.1,0.1,10000000000,99999999,0.0001,0.0001,0.0001,0.08,0.1,False,True,1,1.00,1.00,False,False,,,,,,1620813600000.0
215,ELA-USDT,ELA-USDT,ELA,USDT,USDT,USDS,0.1,0.1,10000000000,99999999,0.0001,0.0001,0.0001,0.05,0.1,False,True,3,1.00,1.00,False,False,,,,,,1620889201000.0
216,OGN-USDT,OGN-USDT,OGN,USDT,USDT,USDS,0.1,0.1,10000000000,99999999,0.0001,0.00001,0.00001,0.08,0.1,False,True,1,1.00,1.00,False,False,,,,,,1620986401000.0
217,OGN-BTC,OGN-BTC,OGN,BTC,BTC,BTC,0.1,0.000001,10000000000,99999999,0.0001,0.000000001,0.000000001,0.05,0.000001,False,True,1,1.00,1.00,False,False,,,,,,1620986400000.0
218,TLOS-USDT,TLOS-USDT,TLOS,USDT,USDT,USDS,1,0.1,10000000000,99999999,0.0001,0.00001,0.00001,0.05,0.1,False,True,3,1.00,1.00,False,False,,,,,,1621245601000.0
219,GLQ-USDT,GLQ-USDT,GLQ,USDT,USDT,USDS,10,0.1,10000000000,99999999,0.1,0.000001,0.000001,0.08,0.1,False,True,3,1.00,1.00,False,False,,,,,,1621328400000.0
220,PYR-USDT,PYR-USDT,PYR,USDT,USDT,USDS,0.1,0.1,10000000000,99999999,0.0001,0.0001,0.0001,0.08,0.1,False,True,1,1.00,1.00,False,False,,,,,,1622023201000.0
221,PROM-USDT,PROM-USDT,PROM,USDT,USDT,USDS,0.1,0.1,10000000000,99999999,0.0001,0.001,0.001,0.08,0.1,False,True,1,1.00,1.00,False,False,,,,,,1754042400000.0
222,ELON-USDT,ELON-USDT,ELON,USDT,USDT,USDS,10000000,0.1,1000000000000,99999999,1,0.00000000001,0.00000000001,0.08,0.1,False,True,2,1.00,1.00,False,False,,,,,,1622192400000.0
223,POLS-USDT,POLS-USDT,POLS,USDT,USDT,USDS,0.1,0.1,10000000000,99999999,0.0001,0.0001,0.0001,0.08,0.1,False,True,2,1.00,1.00,False,False,,,,,,1622800800000.0
224,ZCX-USDT,ZCX-USDT,ZCX,USDT,USDT,USDS,0.1,0.1,10000000000,99999999,0.0001,0.00001,0.00001,0.08,0.1,False,True,3,1.00,1.00,False,False,,,,,,1623146401000.0
225,GMEE-USDT,GMEE-USDT,GMEE,USDT,USDT,USDS,1,0.1,10000000000,99999999,0.0001,0.000001,0.000001,0.08,0.1,False,True,3,1.00,1.00,False,False,,,,,,1623229201000.0
226,SFUND-USDT,SFUND-USDT,SFUND,USDT,USDT,USDS,1,0.1,10000000000,99999999,0.01,0.0001,0.0001,0.08,0.1,False,True,2,1.00,1.00,False,False,0.0001,0.439,1760691600000.0,1760694600000.0,1760694900000.0,1760695200000.0
227,XAVA-USDT,XAVA-USDT,XAVA,USDT,USDT,USDS,0.1,0.1,10000000000,99999999,0.0001,0.0001,0.0001,0.08,0.1,False,True,2,1.00,1.00,False,False,,,,,,1623321000000.0
228,NFT-USDT,NFT-USDT,NFT,USDT,USDT,USDS,100000,0.1,26000000000,99999999,0.0001,0.0000000001,0.0000000001,0.08,0.1,False,True,2,1.00,1.00,False,False,,,,,,1623402000000.0
229,NFT-TRX,NFT-TRX,NFT,TRX,TRX,ALTS,100000,10,10000000000,99999999,0.0001,0.000000001,0.000000001,0.08,10,False,True,2,1.00,1.00,False,False,,,,,,1623402001000.0
230,AIOZ-USDT,AIOZ-USDT,AIOZ,USDT,USDT,USDS,1,0.1,10000000000,99999999,0.0001,0.00001,0.00001,0.05,0.1,False,True,2,1.00,1.00,False,False,,,,,,1623834001000.0
231,LPT-USDT,LPT-USDT,LPT,USDT,USDT,USDS,0.01,0.1,10000000000,99999999,0.0001,0.0001,0.0001,0.05,0.1,False,True,1,1.00,1.00,False,False,,,,,,1625047201000.0
232,SOUL-USDT,SOUL-USDT,SOUL,USDT,USDT,USDS,1,0.1,10000000000,99999999,0.0001,0.00001,0.00001,0.08,0.1,False,True,3,1.00,1.00,False,False,,,,,,1625644800000.0
233,NEAR-USDT,NEAR-USDT,NEAR,USDT,USDT,USDS,0.1,0.1,10000000000,99999999,0.0001,0.0001,0.0001,0.03,0.1,True,True,1,1.00,1.00,False,False,,,,,,1625824801000.0
234,NEAR-BTC,NEAR-BTC,NEAR,BTC,BTC,BTC,0.1,0.000001,10000000000,99999999,0.0001,0.00000001,0.00000001,0.05,0.000001,False,True,1,1.00,1.00,False,False,,,,,,1625824801000.0
235,CFG-USDT,CFG-USDT,CFG,USDT,USDT,USDS,1,0.1,10000000000,99999999,0.0001,0.0001,0.0001,0.05,0.1,False,True,2,1.00,1.00,False,False,,,,,,1626282001000.0
236,AXS-USDT,AXS-USDT,AXS,USDT,USDT,USDS,0.01,0.1,10000000000,99999999,0.0001,0.001,0.001,0.05,0.1,False,True,1,1.00,1.00,False,False,,,,,,1626429601000.0
237,ROUTE-USDT,ROUTE-USDT,ROUTE,USDT,USDT,USDS,100,0.1,10000000000,99999999,1,0.000001,0.000001,0.08,0.1,False,True,2,1.00,1.00,False,False,,,,,,1725436800000.0
238,XDC-BTC,XDC-BTC,XDC,BTC,BTC,DeFi,10,0.000001,10000000000,99999999,0.0001,0.000000001,0.000000001,0.05,0.000001,False,True,2,1.00,1.00,False,False,,,,,,1627380000000.0
239,ERG-USDT,ERG-USDT,ERG,USDT,USDT,USDS,0.1,0.1,10000000000,99999999,0.0001,0.0001,0.0001,0.08,0.1,False,True,3,1.00,1.00,False,False,,,,,,1628157600000.0
240,ERG-BTC,ERG-BTC,ERG,BTC,BTC,BTC,0.1,0.000001,10000000000,99999999,0.0001,0.00000001,0.00000001,0.08,0.000001,False,True,3,1.00,1.00,False,False,,,,,,1628157600000.0
241,SOL-USDT,SOL-USDT,SOL,USDT,USDT,USDS,0.001,0.1,10000000000,99999999,0.001,0.01,0.01,0.02,0.1,True,True,1,1.00,1.00,False,False,,,,,,1628071200000.0
242,SLP-USDT,SLP-USDT,SLP,USDT,USDT,USDS,0.1,0.1,10000000000,99999999,0.0001,0.000001,0.000001,0.08,0.1,False,True,1,1.00,1.00,False,False,,,,,,1628074800000.0
243,XCH-USDT,XCH-USDT,XCH,USDT,USDT,USDS,0.001,0.1,10000000000,99999999,0.0001,0.001,0.001,0.05,0.1,False,True,2,1.00,1.00,False,False,,,,,,1628244000000.0
244,MTL-USDT,MTL-USDT,MTL,USDT,USDT,USDS,0.1,0.1,10000000000,99999999,0.0001,0.0001,0.0001,0.08,0.1,False,True,1,1.00,1.00,False,False,,,,,,1628762400000.0
245,IOTX-USDT,IOTX-USDT,IOTX,USDT,USDT,USDS,1,0.1,10000000000,99999999,0.0001,0.00001,0.00001,0.05,0.1,False,True,1,1.00,1.00,False,False,,,,,,1628766000000.0
246,GALAX-USDT,GALA-USDT,GALAX,USDT,USDT,USDS,10,0.1,10000000000,99999999,0.0001,0.00001,0.00001,0.05,0.1,True,True,1,1.00,1.00,False,False,,,,,,1628845200000.0
247,REQ-USDT,REQ-USDT,REQ,USDT,USDT,USDS,1,0.1,10000000000,99999999,0.0001,0.00001,0.00001,0.08,0.1,False,True,1,1.00,1.00,False,False,,,,,,1628848800000.0
248,QI-USDT,QI-USDT,QI,USDT,USDT,USDS,10,0.1,10000000000,99999999,0.0001,0.000001,0.000001,0.05,0.1,False,True,1,1.00,1.00,False,False,,,,,,1629374400000.0
249,XPR-USDT,XPR-USDT,XPR,USDT,USDT,USDS,100,0.1,10000000000,99999999,0.0001,0.0000001,0.0000001,0.05,0.1,False,True,2,1.00,1.00,False,False,,,,,,1629777600000.0
250,MOVR-USDT,MOVR-USDT,MOVR,USDT,USDT,USDS,0.01,0.1,10000000000,99999999,0.0001,0.0001,0.0001,0.05,0.1,False,True,1,1.00,1.00,False,False,,,,,,1630054800000.0
251,WOO-USDT,WOO-USDT,WOO,USDT,USDT,USDS,1,0.1,10000000000,99999999,0.0001,0.00001,0.00001,0.05,0.1,False,True,1,1.00,1.00,False,False,,,,,,1630317600000.0
252,WILD-USDT,WILD-USDT,WILD,USDT,USDT,USDS,10,0.1,10000000000,99999999,0.1,0.00001,0.00001,0.05,0.1,False,True,3,1.00,1.00,False,False,,,,,,1630393200000.0
253,OXT-USDT,OXT-USDT,OXT,USDT,USDT,USDS,1,0.1,10000000000,99999999,0.0001,0.00001,0.00001,0.05,0.1,False,True,1,1.00,1.00,False,False,,,,,,1631523600000.0
254,BAL-USDT,BAL-USDT,BAL,USDT,USDT,USDS,1,0.1,10000000000,99999999,0.01,0.001,0.0001,0.08,0.1,False,True,1,1.00,1.00,False,False,,,,,,1630661400000.0
255,STORJ-USDT,STORJ-USDT,STORJ,USDT,USDT,USDS,1,0.1,10000000000,99999999,0.0001,0.0001,0.0001,0.08,0.1,False,True,1,1.00,1.00,False,False,,,,,,1630663200000.0
256,STORJ-ETH,STORJ-ETH,STORJ,ETH,ETH,ALTS,0.1,0.00001,10000000000,99999999,0.0001,0.0000001,0.0000001,0.08,0.00001,False,True,1,1.00,1.00,False,False,,,,,,1630663200000.0
257,YGG-USDT,YGG-USDT,YGG,USDT,USDT,USDS,10,0.1,10000000000,99999999,0.1,0.00001,0.00001,0.08,0.1,False,True,1,1.00,1.00,False,False,,,,,,1630922400000.0
258,SKL-USDT,SKL-USDT,SKL,USDT,USDT,USDS,1,0.1,10000000000,99999999,0.0001,0.00001,0.00001,0.05,0.1,False,True,1,1.00,1.00,False,False,,,,,,1631005200000.0
259,NMR-USDT,NMR-USDT,NMR,USDT,USDT,USDS,0.01,0.1,10000000000,99999999,0.0001,0.001,0.001,0.05,0.1,False,True,1,1.00,1.00,False,False,,,,,,1631008800000.0
260,TRB-USDT,TRB-USDT,TRB,USDT,USDT,USDS,0.01,0.1,10000000000,99999999,0.0001,0.001,0.001,0.05,0.1,False,True,1,1.00,1.00,False,False,,,,,,1631091600000.0
261,DYDX-USDT,DYDX-USDT,DYDX,USDT,USDT,USDS,0.1,0.1,10000000000,99999999,0.0001,0.0001,0.0001,0.05,0.1,False,True,1,1.00,1.00,False,False,,,,,,1631160000000.0
262,XYO-USDT,XYO-USDT,XYO,USDT,USDT,USDS,10,0.1,10000000000,99999999,0.0001,0.000001,0.000001,0.05,0.1,False,True,3,1.00,1.00,False,False,,,,,,1631167200000.0
263,GTC-USDT,GTC-USDT,GTC,USDT,USDT,USDS,0.1,0.1,10000000000,99999999,0.0001,0.0001,0.0001,0.08,0.1,False,True,1,1.00,1.00,True,False,,,,,,1631178000000.0
264,RLC-USDT,RLC-USDT,RLC,USDT,USDT,USDS,0.1,0.1,10000000000,99999999,0.0001,0.0001,0.0001,0.08,0.1,False,True,1,1.00,1.00,False,False,,,,,,1631264400000.0
265,RLC-BTC,RLC-BTC,RLC,BTC,BTC,BTC,0.1,0.000001,10000000000,99999999,0.0001,0.00000001,0.00000001,0.08,0.000001,False,True,1,1.00,1.00,False,False,,,,,,1631264400000.0
266,XPRT-USDT,XPRT-USDT,XPRT,USDT,USDT,USDS,10,0.1,10000000000,99999999,0.1,0.00001,0.00001,0.08,0.1,False,True,2,1.00,1.00,False,False,,,,,,1631610000000.0
267,EGLD-USDT,EGLD-USDT,EGLD,USDT,USDT,USDS,0.01,1,10000000000,99999999,0.0001,0.01,0.01,0.05,0.1,False,True,1,1.00,1.00,False,False,,,,,,1631613600000.0
268,EGLD-BTC,EGLD-BTC,EGLD,BTC,BTC,BTC,0.01,0.00001,10000000000,99999999,0.0001,0.00000001,0.00000001,0.08,0.000001,False,True,1,1.00,1.00,False,False,,,,,,1631613600000.0
269,HBAR-USDT,HBAR-USDT,HBAR,USDT,USDT,USDS,1,0.1,10000000000,99999999,0.0001,0.00001,0.00001,0.05,0.1,True,True,1,1.00,1.00,False,False,,,,,,1631610000000.0
270,HBAR-BTC,HBAR-BTC,HBAR,BTC,BTC,BTC,1,0.000001,10000000000,99999999,0.0001,0.000000001,0.000000001,0.05,0.000001,False,True,1,1.00,1.00,False,False,,,,,,1631610000000.0
271,FLOW-USDT,FLOW-USDT,FLOW,USDT,USDT,USDS,0.01,0.1,10000000000,99999999,0.0001,0.0001,0.0001,0.08,0.1,False,True,1,1.00,1.00,False,False,,,,,,1631613600000.0
272,NKN-USDT,NKN-USDT,NKN,USDT,USDT,USDS,10,0.1,10000000000,99999999,0.1,0.00001,0.00001,0.05,0.1,False,True,1,1.00,1.00,False,False,,,,,,1631696400000.0
273,DMTR-USDT,DMTR-USDT,DMTR,USDT,USDT,USDS,0.1,0.1,10000000000,99999999,0.1,0.00001,0.00001,0.08,0.1,False,True,2,1.00,1.00,False,False,,,,,,1632301200000.0
274,CTSI-USDT,CTSI-USDT,CTSI,USDT,USDT,USDS,1,0.1,10000000000,99999999,0.0001,0.0001,0.0001,0.08,0.1,False,True,1,1.00,1.00,False,False,,,,,,1632387600000.0
275,ALICE-USDT,ALICE-USDT,ALICE,USDT,USDT,USDS,0.1,0.1,10000000000,99999999,0.001,0.0001,0.0001,0.08,0.1,False,True,1,1.00,1.00,False,False,,,,,,1632391200000.0
276,ILV-USDT,ILV-USDT,ILV,USDT,USDT,USDS,0.01,0.1,10000000000,99999999,0.0001,0.001,0.001,0.08,0.1,True,True,1,1.00,1.00,False,False,,,,,,1632477600000.0
277,BAND-USDT,BAND-USDT,BAND,USDT,USDT,USDS,0.1,0.1,10000000000,99999999,0.0001,0.0001,0.0001,0.08,0.1,False,True,1,1.00,1.00,False,False,,,,,,1632474000000.0
278,FTT-USDT,FTT-USDT,FTT,USDT,USDT,USDS,0.1,0.1,10000000000,99999999,0.001,0.0001,0.0001,0.05,0.1,False,True,1,1.00,1.00,False,False,,,,,,1632477600000.0
279,P2P-USDT,P2P-USDT,P2P,USDT,USDT,USDS,1000,0.1,10000000000,99999999,1,0.0000001,0.0000001,0.08,0.1,False,True,3,1.00,1.00,False,False,0.0000001,0.000676,1760342400000.0,1760345400000.0,1760345700000.0,1760346000000.0
280,TLM-USDT,TLM-USDT,TLM,USDT,USDT,USDS,100,0.1,10000000000,99999999,1,0.000001,0.000001,0.05,0.1,False,True,1,1.00,1.00,False,False,,,,,,1632740400000.0
281,DEXE-USDT,DEXE-USDT,DEXE,USDT,USDT,USDS,0.01,0.1,10000000000,99999999,0.0001,0.0001,0.0001,0.08,0.1,False,True,1,1.00,1.00,False,False,,,,,,1632736800000.0
282,RUNE-USDT,RUNE-USDT,RUNE,USDT,USDT,USDS,0.1,0.1,10000000000,99999999,0.0001,0.0001,0.0001,0.05,0.1,False,True,1,1.00,1.00,False,False,,,,,,1632819600000.0
283,RUNE-BTC,RUNE-BTC,RUNE,BTC,BTC,BTC,0.1,0.000001,10000000000,99999999,0.0001,0.00000001,0.00000001,0.08,0.000001,False,True,1,1.00,1.00,False,False,,,,,,1632819600000.0
284,C98-USDT,C98-USDT,C98,USDT,USDT,USDS,1,0.1,10000000000,99999999,0.001,0.00001,0.00001,0.08,0.1,False,True,1,1.00,1.00,False,False,,,,,,1632992400000.0
285,PUSH-USDT,PUSH-USDT,PUSH,USDT,USDT,USDS,0.1,0.1,10000000000,99999999,0.1,0.00001,0.00001,0.08,0.1,False,True,3,1.00,1.00,False,False,,,,,,1634029200000.0
286,AGLD-USDT,AGLD-USDT,AGLD,USDT,USDT,USDS,0.1,0.1,10000000000,99999999,0.0001,0.0001,0.0001,0.08,0.1,False,True,1,1.00,1.00,False,False,,,,,,1634202000000.0
287,NAKA-USDT,NAKA-USDT,NAKA,USDT,USDT,USDS,10,0.1,10000000000,99999999,0.1,0.0001,0.00001,0.05,0.1,False,True,2,1.00,1.00,False,False,,,,,,1634302800000.0
288,REEF-USDT,REEF-USDT,REEF,USDT,USDT,USDS,10,0.1,10000000000,99999999,1,0.0000001,0.0000001,0.08,0.1,False,True,2,1.00,1.00,False,False,,,,,,1634634000000.0
289,INJ-USDT,INJ-USDT,INJ,USDT,USDT,USDS,0.01,0.1,10000000000,99999999,0.0001,0.001,0.001,0.03,0.1,True,True,1,1.00,1.00,False,False,,,,,,1634724000000.0
290,INJ-BTC,INJ-BTC,INJ,BTC,BTC,BTC,0.01,0.00001,10000000000,99999999,0.0001,0.00000001,0.00000001,0.08,0.000001,False,True,1,1.00,1.00,False,False,,,,,,1634724000000.0
291,AR-USDT,AR-USDT,AR,USDT,USDT,USDS,0.01,0.1,10000000000,99999999,0.0001,0.001,0.001,0.05,0.1,True,True,1,1.00,1.00,False,False,,,,,,1635238800000.0
292,AR-BTC,AR-BTC,AR,BTC,BTC,BTC,0.01,0.00001,10000000000,99999999,0.0001,0.0000001,0.0000001,0.08,0.000001,False,True,1,1.00,1.00,False,False,,,,,,1635238800000.0
293,JASMY-USDT,JASMY-USDT,JASMY,USDT,USDT,USDS,1,0.1,10000000000,99999999,0.0001,0.000001,0.000001,0.05,0.1,True,True,1,1.00,1.00,False,False,,,,,,1635321600000.0
294,SUPER-USDT,SUPER-USDT,SUPER,USDT,USDT,USDS,1,0.1,10000000000,99999999,0.01,0.0001,0.0001,0.05,0.1,False,True,1,1.00,1.00,False,False,,,,,,1635411600000.0
295,CPOOL-USDT,CPOOL-USDT,CPOOL,USDT,USDT,USDS,1,0.1,10000000000,99999999,0.0001,0.00001,0.00001,0.05,0.1,False,True,2,1.00,1.00,False,False,,,,,,1635426000000.0
296,MTRG-USDT,MTRG-USDT,MTRG,USDT,USDT,USDS,0.1,0.1,10000000000,99999999,0.1,0.00001,0.00001,0.05,0.1,False,True,3,1.00,1.00,False,False,,,,,,1635847200000.0
297,SHIB-DOGE,SHIB-DOGE,SHIB,DOGE,DOGE,ALTS,1000,0.1,10000000000,99999999,0.0001,0.00000001,0.00000001,0.05,0.1,False,True,1,1.00,1.00,False,False,,,,,,1635832800000.0
298,QUICK-USDT,QUICK-USDT,QUICK,USDT,USDT,USDS,10,0.1,10000000000,99999999,0.0001,0.00001,0.00001,0.05,0.1,False,True,1,1.00,1.00,False,False,,,,,,1707382800000.0
299,TRU-USDT,TRU-USDT,TRU,USDT,USDT,USDS,1,0.1,10000000000,99999999,0.0001,0.00001,0.00001,0.08,0.1,False,True,1,1.00,1.00,False,False,,,,,,1635847200000.0
300,DATA-USDT,DATA-USDT,DATA,USDT,USDT,USDS,100,0.1,10000000000,99999999,1,0.0000001,0.0000001,0.08,0.1,False,True,1,1.00,1.00,False,False,,,,,,1636020000000.0
301,ISP-USDT,ISP-USDT,ISP,USDT,USDT,USDS,100,0.1,10000000000,99999999,0.0001,0.0000001,0.0000001,0.05,0.1,False,True,2,1.00,1.00,False,False,,,,,,1636106400000.0
302,CERE-USDT,CERE-USDT,CERE,USDT,USDT,USDS,1000,0.1,10000000000,99999999,1,0.0000001,0.0000001,0.08,0.1,False,True,3,1.00,1.00,True,False,,,,,,1636380000000.0
303,PAXG-USDT,PAXG-USDT,PAXG,USDT,USDT,USDS,0.0001,0.1,10000000000,99999999,0.0001,0.01,0.01,0.03,0.1,True,True,1,1.00,1.00,False,False,,,,,,1636534800000.0
304,PAXG-BTC,PAXG-BTC,PAXG,BTC,BTC,BTC,0.0001,0.000001,10000000000,99999999,0.0001,0.000001,0.000001,0.08,0.000001,False,True,1,1.00,1.00,False,False,,,,,,1636534800000.0
305,AUDIO-USDT,AUDIO-USDT,AUDIO,USDT,USDT,USDS,10,0.1,10000000000,99999999,0.1,0.00001,0.00001,0.08,0.1,False,True,1,1.00,1.00,False,False,,,,,,1636538400000.0
306,ENS-USDT,ENS-USDT,ENS,USDT,USDT,USDS,0.01,0.1,10000000000,99999999,0.0001,0.001,0.001,0.05,0.1,True,True,1,1.00,1.00,False,False,,,,,,1636527600000.0
307,ATA-USDT,ATA-USDT,ATA,USDT,USDT,USDS,0.1,0.1,10000000000,99999999,0.0001,0.00001,0.00001,0.05,0.1,False,True,1,1.00,1.00,False,False,,,,,,1636624800000.0
308,DPR-USDT,DPR-USDT,DPR,USDT,USDT,USDS,1000,0.1,10000000000,99999999,0.1,0.0000001,0.0000001,0.1,0.1,False,True,2,1.00,1.00,False,False,,,,,,1636696800000.0
309,TWT-USDT,TWT-USDT,TWT,USDT,USDT,USDS,0.1,0.1,10000000000,99999999,0.0001,0.0001,0.0001,0.05,0.1,False,True,1,1.00,1.00,False,False,,,,,,1637139600000.0
310,TWT-BTC,TWT-BTC,TWT,BTC,BTC,BTC,0.1,0.000001,10000000000,99999999,0.0001,0.00000001,0.00000001,0.08,0.000001,False,True,1,1.00,1.00,False,False,,,,,,1637139600000.0
311,ADX-USDT,ADX-USDT,ADX,USDT,USDT,USDS,1,0.1,10000000000,99999999,0.01,0.00001,0.00001,0.08,0.1,False,True,1,1.00,1.00,False,False,,,,,,1637143200000.0
312,GLM-USDT,GLM-USDT,GLM,USDT,USDT,USDS,1,0.1,10000000000,99999999,0.0001,0.0001,0.0001,0.08,0.1,False,True,1,1.00,1.00,False,False,,,,,,1637226000000.0
313,NUM-USDT,NUM-USDT,NUM,USDT,USDT,USDS,1,0.1,10000000000,99999999,0.0001,0.00001,0.00001,0.08,0.1,False,True,3,1.00,1.00,False,False,,,,,,1637240400000.0
314,TRADE-USDT,TRADE-USDT,TRADE,USDT,USDT,USDS,10,0.1,10000000000,99999999,0.1,0.00001,0.00001,0.05,0.1,False,True,3,1.00,1.00,False,False,,,,,,1637316000000.0
315,LIKE-USDT,LIKE-USDT,LIKE,USDT,USDT,USDS,100,0.1,10000000000,99999999,1,0.000001,0.000001,0.08,0.1,False,True,3,1.00,1.00,False,False,,,,,,1637661600000.0
316,KAVA-USDT,KAVA-USDT,KAVA,USDT,USDT,USDS,0.1,0.1,10000000000,99999999,0.0001,0.0001,0.0001,0.05,0.1,False,True,1,1.00,1.00,False,False,,,,,,1637748000000.0
317,SFP-USDT,SFP-USDT,SFP,USDT,USDT,USDS,0.1,0.1,10000000000,99999999,0.0001,0.0001,0.0001,0.08,0.1,False,True,1,1.00,1.00,False,False,,,,,,1637744400000.0
318,RSR-USDT,RSR-USDT,RSR,USDT,USDT,USDS,10,0.1,10000000000,99999999,0.0001,0.000001,0.000001,0.05,0.1,False,True,1,1.00,1.00,False,False,,,,,,1637834400000.0
319,RSR-BTC,RSR-BTC,RSR,BTC,BTC,BTC,10,0.000001,10000000000,99999999,0.0001,0.0000000001,0.0000000001,0.05,0.000001,False,True,1,1.00,1.00,False,False,,,,,,1637834400000.0
320,IMX-USDT,IMX-USDT,IMX,USDT,USDT,USDS,0.1,0.1,10000000000,99999999,0.0001,0.0001,0.0001,0.05,0.1,True,True,1,1.00,1.00,False,False,,,,,,1638176400000.0
321,GODS-USDT,GODS-USDT,GODS,USDT,USDT,USDS,10,0.1,10000000000,99999999,0.1,0.00001,0.00001,0.05,0.1,False,True,2,1.00,1.00,False,False,,,,,,1638180000000.0
322,XTAG-USDT,XTAG-USDT,XTAG,USDT,USDT,USDS,100,0.1,10000000000,99999999,1,0.000001,0.000001,0.1,0.1,False,True,3,1.00,1.00,False,False,,,,,,1638262800000.0
323,POND-USDT,POND-USDT,POND,USDT,USDT,USDS,1,0.1,10000000000,99999999,0.0001,0.000001,0.000001,0.05,0.1,False,True,1,1.00,1.00,False,False,,,,,,1638435600000.0
324,POND-BTC,POND-BTC,POND,BTC,BTC,BTC,1,0.000001,10000000000,99999999,0.0001,0.0000000001,0.0000000001,0.05,0.000001,False,True,1,1.00,1.00,False,False,,,,,,1638435600000.0
325,VR-USDT,VR-USDT,VR,USDT,USDT,USDS,100,0.1,10000000000,99999999,1,0.000001,0.000001,0.08,0.1,False,True,2,1.00,1.00,False,False,,,,,,1638450000000.0
326,CREDI-USDT,CREDI-USDT,CREDI,USDT,USDT,USDS,1000,0.1,10000000000,99999999,1,0.000001,0.0000001,0.08,0.1,False,True,3,1.00,1.00,False,False,,,,,,1639044000000.0
327,TRVL-USDT,TRVL-USDT,TRVL,USDT,USDT,USDS,1,0.1,10000000000,99999999,1,0.000001,0.000001,0.08,0.1,False,True,2,1.00,1.00,False,False,,,,,,1639044000000.0
328,XEC-USDT,XEC-USDT,XEC,USDT,USDT,USDS,1000,0.1,10000000000,99999999,0.0001,0.00000001,0.00000001,0.08,0.1,False,True,1,1.00,1.00,False,False,,,,,,1639382400000.0
329,HEART-USDT,HEART-USDT,HEART,USDT,USDT,USDS,1,0.1,10000000000,99999999,0.0001,0.000001,0.000001,0.08,0.1,False,True,3,1.00,1.00,False,False,,,,,,1639396800000.0
330,GAFI-USDT,GAFI-USDT,GAFI,USDT,USDT,USDS,0.001,0.1,10000000000,99999999,0.0001,0.001,0.001,0.08,0.1,False,True,3,1.00,1.00,False,False,,,,,,1639569600000.0
331,PEOPLE-USDT,PEOPLE-USDT,PEOPLE,USDT,USDT,USDS,1,0.1,10000000000,99999999,0.0001,0.00001,0.00001,0.05,0.1,False,True,1,1.00,1.00,False,False,,,,,,1640174400000.0
332,TIME-USDT,TIME-USDT,TIME,USDT,USDT,USDS,0.001,0.1,10000000000,99999999,0.01,0.001,0.001,0.08,0.1,False,True,2,1.00,1.00,False,False,,,,,,1640678400000.0
333,CWEB-USDT,CWEB-USDT,CWEB,USDT,USDT,USDS,100,0.1,10000000000,99999999,1,0.000001,0.000001,0.05,0.1,False,True,3,1.00,1.00,False,False,,,,,,1640858400000.0
334,IOTA-USDT,IOTA-USDT,IOTA,USDT,USDT,USDS,0.1,0.1,10000000000,99999999,0.0001,0.0001,0.0001,0.05,0.1,False,True,1,1.00,1.00,False,False,,,,,,1640941200000.0
335,IOTA-BTC,IOTA-BTC,IOTA,BTC,BTC,BTC,0.1,0.000001,10000000000,99999999,0.0001,0.000000001,0.000000001,0.08,0.000001,False,True,1,1.00,1.00,False,False,,,,,,1640941200000.0
336,HNT-USDT,HNT-USDT,HNT,USDT,USDT,USDS,0.01,0.1,10000000000,99999999,0.0001,0.001,0.001,0.05,0.1,False,True,2,1.00,1.00,False,False,,,,,,1641373200000.0
337,REVU-USDT,REVU-USDT,REVU,USDT,USDT,USDS,1,0.1,10000000000,99999999,1,0.000001,0.000001,0.05,0.1,False,True,3,1.00,1.00,False,False,,,,,,1641556800000.0
338,GLMR-USDT,GLMR-USDT,GLMR,USDT,USDT,USDS,10,0.1,10000000000,99999999,0.1,0.00001,0.00001,0.05,0.1,False,True,1,1.00,1.00,False,False,,,,,,1641909600000.0
339,CTC-USDT,CTC-USDT,CTC,USDT,USDT,USDS,0.1,0.1,10000000000,99999999,0.0001,0.0001,0.0001,0.05,0.1,False,True,1,1.00,1.00,False,False,,,,,,1642068000000.0
340,GARI-USDT,GARI-USDT,GARI,USDT,USDT,USDS,100,0.1,10000000000,99999999,1,0.000001,0.000001,0.08,0.1,False,True,3,1.00,1.00,False,False,,,,,,1642510800000.0
341,ASTR-USDT,ASTR-USDT,ASTR,USDT,USDT,USDS,1,0.1,10000000000,99999999,0.0001,0.00001,0.00001,0.05,0.1,False,True,1,1.00,1.00,False,False,,,,,,1642669200000.0
342,CVX-USDT,CVX-USDT,CVX,USDT,USDT,USDS,0.01,0.1,10000000000,99999999,0.0001,0.0001,0.0001,0.05,0.1,False,True,1,1.00,1.00,False,False,,,,,,1643796000000.0
343,AMP-USDT,AMP-USDT,AMP,USDT,USDT,USDS,1,0.1,10000000000,99999999,0.0001,0.000001,0.000001,0.08,0.1,False,True,1,1.00,1.00,False,False,,,,,,1643882401000.0
344,XNO-USDT,XNO-USDT,XNO,USDT,USDT,USDS,0.1,0.1,10000000000,99999999,0.0001,0.0001,0.0001,0.08,0.1,False,True,1,1.00,1.00,False,False,,,,,,1645603200000.0
345,MARS4-USDT,MARS4-USDT,MARS4,USDT,USDT,USDS,10,0.1,10000000000,99999999,0.0001,0.0000001,0.0000001,0.05,0.1,False,True,3,1.00,1.00,False,False,,,,,,1646049600000.0
346,TFUEL-USDT,TFUEL-USDT,TFUEL,USDT,USDT,USDS,1,0.1,10000000000,99999999,0.0001,0.00001,0.00001,0.05,0.1,False,True,1,1.00,1.00,False,False,,,,,,1646211600000.0
347,METIS-USDT,METIS-USDT,METIS,USDT,USDT,USDS,0.001,0.1,10000000000,99999999,0.0001,0.01,0.01,0.05,0.1,True,True,1,1.00,1.00,False,False,,,,,,1646301600000.0
348,APE-USDT,APE-USDT,APE,USDT,USDT,USDS,0.1,0.1,10000000000,99999999,0.0001,0.0001,0.0001,0.05,0.1,True,True,1,1.00,1.00,False,False,,,,,,1647523800000.0
349,GMT-USDT,GMT-USDT,GMT,USDT,USDT,USDS,10,0.1,10000000000,99999999,0.1,0.00001,0.00001,0.05,0.1,False,True,1,1.00,1.00,False,False,,,,,,1647597600000.0
350,BICO-USDT,BICO-USDT,BICO,USDT,USDT,USDS,0.1,0.1,10000000000,99999999,0.0001,0.0001,0.0001,0.08,0.1,False,True,1,1.00,1.00,False,False,,,,,,1648198800000.0
351,STG-USDT,STG-USDT,STG,USDT,USDT,USDS,0.1,0.1,10000000000,99999999,0.0001,0.0001,0.0001,0.08,0.1,False,True,1,1.00,1.00,False,False,,,,,,1648195200000.0
352,BNC-USDT,BNC-USDT,BNC,USDT,USDT,USDS,1,0.1,10000000000,99999999,0.1,0.00001,0.00001,0.08,0.1,False,True,3,1.00,1.00,False,False,,,,,,1648720800000.0
353,CFX-USDT,CFX-USDT,CFX,USDT,USDT,USDS,10,0.1,10000000000,99999999,0.1,0.00001,0.00001,0.05,0.1,True,True,1,1.00,1.00,False,False,,,,,,1648800000000.0
354,XCN-USDT,XCN-USDT,XCN,USDT,USDT,USDS,10,0.1,10000000000,99999999,0.0001,0.0000001,0.0000001,0.05,0.1,False,True,3,1.00,1.00,False,False,,,,,,1648890000000.0
355,ALPINE-USDT,ALPINE-USDT,ALPINE,USDT,USDT,USDS,1,0.1,10000000000,99999999,0.01,0.0001,0.0001,0.08,0.1,False,True,1,1.00,1.00,False,False,,,,,,1649836800000.0
356,T-USDT,T-USDT,T,USDT,USDT,USDS,1,0.1,10000000000,99999999,0.0001,0.00001,0.00001,0.05,0.1,False,True,1,1.00,1.00,False,False,,,,,,1650013200000.0
357,NYM-USDT,NYM-USDT,NYM,USDT,USDT,USDS,0.1,0.1,10000000000,99999999,0.1,0.00001,0.00001,0.08,0.1,False,True,2,1.00,1.00,False,False,,,,,,1650013200000.0
358,VOXEL-USDT,VOXEL-USDT,VOXEL,USDT,USDT,USDS,10,0.1,10000000000,99999999,0.1,0.00001,0.00001,0.08,0.1,False,True,1,1.00,1.00,False,False,,,,,,1650276000000.0
359,SPA-USDT,SPA-USDT,SPA,USDT,USDT,USDS,1,0.1,10000000000,99999999,0.0001,0.000001,0.000001,0.08,0.1,False,True,3,1.00,1.00,False,False,,,,,,1650373201000.0
360,RACA-USDT,RACA-USDT,RACA,USDT,USDT,USDS,10000,0.1,10000000000,99999999,1,0.00000001,0.00000001,0.08,0.1,False,True,2,1.00,1.00,True,False,,,,,,1650528000000.0
361,SWFTC-USDT,SWFTC-USDT,SWFTC,USDT,USDT,USDS,100,0.1,10000000000,99999999,0.0001,0.0000001,0.0000001,0.08,0.1,False,True,2,1.00,1.00,False,False,,,,,,1650618000000.0
362,CELR-USDT,CELR-USDT,CELR,USDT,USDT,USDS,10,0.1,10000000000,99999999,0.0001,0.00001,0.00001,0.08,0.1,False,True,1,1.00,1.00,False,False,,,,,,1650873600000.0
363,AURORA-USDT,AURORA-USDT,AURORA,USDT,USDT,USDS,0.1,0.1,10000000000,99999999,0.0001,0.0001,0.0001,0.08,0.1,False,True,2,1.00,1.00,False,False,,,,,,1650880800000.0
364,KNC-USDT,KNC-USDT,KNC,USDT,USDT,USDS,0.1,0.1,10000000000,99999999,0.0001,0.0001,0.0001,0.05,0.1,False,True,1,1.00,1.00,False,False,,,,,,1650963600000.0
365,OVR-USDT,OVR-USDT,OVR,USDT,USDT,USDS,10,0.1,10000000000,99999999,0.1,0.00001,0.00001,0.08,0.1,False,True,3,1.00,1.00,False,False,,,,,,1651140000000.0
366,SYS-USDT,SYS-USDT,SYS,USDT,USDT,USDS,10,0.1,10000000000,99999999,0.1,0.00001,0.00001,0.08,0.1,False,True,1,1.00,1.00,False,False,,,,,,1651143600000.0
367,BRISE-USDT,BRISE-USDT,BRISE,USDT,USDT,USDS,10000000,0.1,61500000000,99999999,1,0.00000000001,0.00000000001,0.08,0.1,False,True,3,1.00,1.00,False,False,,,,,,1651226400000.0
368,BSW-USDT,BSW-USDT,BSW,USDT,USDT,USDS,100,0.1,10000000000,99999999,0.0001,0.000001,0.000001,0.08,0.1,False,True,1,1.00,1.00,False,False,,,,,,1651827600000.0
369,FITFI-USDT,FITFI-USDT,FITFI,USDT,USDT,USDS,1,0.1,10000000000,99999999,0.0001,0.000001,0.000001,0.05,0.1,False,True,2,1.00,1.00,False,False,,,,,,1651824000000.0
370,AKT-USDT,AKT-USDT,AKT,USDT,USDT,USDS,1,0.1,10000000000,99999999,0.0001,0.0001,0.0001,0.05,0.1,False,True,2,1.00,1.00,False,False,,,,,,1651910400000.0
371,SIN-USDT,SIN-USDT,SIN,USDT,USDT,USDS,10,0.1,10000000000,99999999,1,0.0000001,0.0000001,0.08,0.1,False,True,3,1.00,1.00,False,False,,,,,,1652086800000.0
372,BOBA-USDT,BOBA-USDT,BOBA,USDT,USDT,USDS,0.1,0.1,10000000000,99999999,0.0001,0.00001,0.00001,0.05,0.1,False,True,2,1.00,1.00,False,False,,,,,,1652173200000.0
373,BFC-USDT,BFC-USDT,BFC,USDT,USDT,USDS,10,0.1,10000000000,99999999,0.0001,0.00001,0.00001,0.05,0.1,False,True,3,1.00,1.00,False,False,,,,,,1652259600000.0
374,MBL-USDT,MBL-USDT,MBL,USDT,USDT,USDS,100,0.1,10000000000,99999999,0.0001,0.000001,0.000001,0.05,0.1,False,True,1,1.00,1.00,False,False,,,,,,1652432400000.0
375,DUSK-USDT,DUSK-USDT,DUSK,USDT,USDT,USDS,1,0.1,10000000000,99999999,0.0001,0.00001,0.00001,0.05,0.1,False,True,1,1.00,1.00,False,False,,,,,,1652436000000.0
376,USDD-USDT,USDD-USDT,USDD,USDT,USDT,USDS,0.1,0.1,10000000000,99999999,0.0001,0.0001,0.0001,0.04,0.1,False,True,1,1.00,1.00,False,False,,,,,,1652781601000.0
377,USDD-USDC,USDD-USDC,USDD,USDC,USDC,USDS,0.1,0.1,10000000000,99999999,0.0001,0.0001,0.0001,0.07,0.1,False,True,1,1.00,1.00,False,False,,,,,,1652781600000.0
378,APE-USDC,APE-USDC,APE,USDC,USDC,USDS,1,0.1,10000000000,99999999,0.01,0.001,0.0001,0.08,0.1,False,True,1,1.00,1.00,False,False,,,,,,1653292800000.0
379,AVAX-USDC,AVAX-USDC,AVAX,USDC,USDC,USDS,0.01,0.1,10000000000,99999999,0.0001,0.001,0.001,0.05,0.1,True,True,1,1.00,1.00,False,False,,,,,,1653292800000.0
380,SHIB-USDC,SHIB-USDC,SHIB,USDC,USDC,USDS,10000,0.1,10000000000,99999999,0.0001,0.000000001,0.000000001,0.05,0.1,False,True,1,1.00,1.00,False,False,,,,,,1653296400000.0
381,TRX-USDC,TRX-USDC,TRX,USDC,USDC,USDS,1,0.1,10000000000,99999999,0.01,0.0001,0.0001,0.05,0.1,True,True,1,1.00,1.00,False,False,,,,,,1653379200000.0
382,NEAR-USDC,NEAR-USDC,NEAR,USDC,USDC,USDS,0.1,0.1,10000000000,99999999,0.0001,0.001,0.001,0.08,0.1,True,True,1,1.00,1.00,False,False,,,,,,1653379200000.0
383,ZIL-USDC,ZIL-USDC,ZIL,USDC,USDC,USDS,10,0.1,10000000000,99999999,0.0001,0.00001,0.00001,0.05,0.1,False,True,1,1.00,1.00,False,False,,,,,,1653382800000.0
384,SOL-USDC,SOL-USDC,SOL,USDC,USDC,USDS,0.001,0.1,10000000000,99999999,0.001,0.01,0.01,0.03,0.1,True,True,1,1.00,1.00,False,False,,,,,,1653292800000.0
385,ACH-USDT,ACH-USDT,ACH,USDT,USDT,USDS,10,0.1,10000000000,99999999,0.0001,0.000001,0.000001,0.05,0.1,False,True,1,1.00,1.00,False,False,,,,,,1653465600000.0
386,SCRT-USDT,SCRT-USDT,SCRT,USDT,USDT,USDS,0.1,0.1,10000000000,99999999,0.0001,0.0001,0.0001,0.08,0.1,False,True,1,1.00,1.00,False,False,,,,,,1653472800000.0
387,SCRT-BTC,SCRT-BTC,SCRT,BTC,BTC,BTC,1,0.000001,10000000000,99999999,0.0001,0.000000001,0.000000001,0.08,0.000001,False,True,1,1.00,1.00,False,False,,,,,,1653472800000.0
388,CCD-USDT,CCD-USDT,CCD,USDT,USDT,USDS,10,0.1,10000000000,99999999,0.0001,0.000001,0.000001,0.08,0.1,False,True,3,1.00,1.00,False,False,,,,,,1653642000000.0
389,LUNC-USDT,LUNC-USDT,LUNC,USDT,USDT,USDS,1000,0.1,10000000000,99999999,0.0001,0.00000001,0.00000001,0.05,0.1,True,True,1,1.00,1.00,False,False,,,,,,1653584401000.0
390,LUNC-USDC,LUNC-USDC,LUNC,USDC,USDC,USDS,1000,0.1,10000000000,99999999,0.0001,0.00000001,0.00000001,0.05,0.1,False,True,1,1.00,1.00,False,False,,,,,,1653584400000.0
391,USTC-USDT,USTC-USDT,USTC,USDT,USDT,USDS,1,0.1,10000000000,99999999,0.0001,0.00001,0.00001,0.05,0.1,False,True,1,1.00,1.00,False,False,,,,,,1653584400000.0
392,USTC-USDC,USTC-USDC,USTC,USDC,USDC,USDS,1,0.1,10000000000,99999999,0.0001,0.00001,0.00001,0.08,0.1,False,True,1,1.00,1.00,False,False,,,,,,1653584401000.0
393,GMT-USDC,GMT-USDC,GMT,USDC,USDC,USDS,10,0.1,10000000000,99999999,0.1,0.00001,0.00001,0.08,0.1,False,True,1,1.00,1.00,False,False,,,,,,1653897600000.0
394,DOT-USDC,DOT-USDC,DOT,USDC,USDC,USDS,0.1,0.1,10000000000,99999999,0.0001,0.001,0.001,0.08,0.1,True,True,1,1.00,1.00,False,False,,,,,,1653897600000.0
395,RUNE-USDC,RUNE-USDC,RUNE,USDC,USDC,USDS,0.1,0.1,10000000000,99999999,0.0001,0.0001,0.0001,0.08,0.1,False,True,1,1.00,1.00,False,False,,,,,,1653901200000.0
396,ATOM-USDC,ATOM-USDC,ATOM,USDC,USDC,USDS,0.1,0.1,10000000000,99999999,0.0001,0.0001,0.0001,0.05,0.1,False,True,1,1.00,1.00,False,False,,,,,,1653901200000.0
397,BNB-USDC,BNB-USDC,BNB,USDC,USDC,USDS,0.001,0.1,10000000000,99999999,0.0001,0.01,0.01,0.05,0.1,True,True,1,1.00,1.00,False,False,,,,,,1653984000000.0
398,JASMY-USDC,JASMY-USDC,JASMY,USDC,USDC,USDS,10,0.1,10000000000,99999999,0.0001,0.000001,0.000001,0.08,0.1,False,True,1,1.00,1.00,False,False,,,,,,1653984000000.0
399,KCS-USDC,KCS-USDC,KCS,USDC,USDC,USDS,0.01,0.1,10000000000,99999999,0.0001,0.001,0.001,0.08,0.1,False,True,1,1.00,1.00,False,False,,,,,,1653984000000.0
400,ALGO-USDC,ALGO-USDC,ALGO,USDC,USDC,USDS,1,0.1,10000000000,99999999,0.0001,0.0001,0.0001,0.05,0.1,False,True,1,1.00,1.00,False,False,,,,,,1653987600000.0
401,LUNA-USDC,LUNA-USDC,LUNA,USDC,USDC,USDS,0.01,0.1,10000000000,99999999,0.0001,0.0001,0.0001,0.08,0.1,False,True,1,1.00,1.00,False,False,,,,,,1653735600000.0
402,OP-USDT,OP-USDT,OP,USDT,USDT,USDS,1,0.1,10000000000,99999999,0.001,0.0001,0.0001,0.05,0.1,True,True,1,1.00,1.00,False,False,,,,,,1654018200000.0
403,OP-USDC,OP-USDC,OP,USDC,USDC,USDS,1,0.1,10000000000,99999999,0.01,0.001,0.0001,0.08,0.1,True,True,1,1.00,1.00,False,False,,,,,,1654018200000.0
404,ICX-USDT,ICX-USDT,ICX,USDT,USDT,USDS,10,0.1,10000000000,99999999,0.1,0.00001,0.00001,0.08,0.1,False,True,1,1.00,1.00,False,False,,,,,,1655460000000.0
405,ICX-ETH,ICX-ETH,ICX,ETH,ETH,ALTS,1,0.00001,10000000000,99999999,0.0001,0.00000001,0.00000001,0.08,0.00001,False,True,1,1.00,1.00,False,False,,,,,,1655460000000.0
406,BTC-BRL,BTC-BRL,BTC,BRL,BRL,FIAT,0.000001,0.1,10000000000,99999999,0.00001,0.1,0.1,0.08,,False,True,1,1.00,1.00,False,False,,,,,,1671789600000.0
407,ETH-BRL,ETH-BRL,ETH,BRL,BRL,FIAT,0.0001,0.1,10000000000,99999999,0.0001,0.01,0.01,0.1,,False,True,1,1.00,1.00,True,False,,,,,,1671789600000.0
408,USDT-BRL,USDT-BRL,USDT,BRL,BRL,FIAT,0.01,0.1,10000000000,99999999,0.0001,0.0001,0.0001,0.04,,False,True,1,1.00,1.00,False,False,,,,,,1671789600000.0
409,WELL-USDT,WELL-USDT,WELL,USDT,USDT,USDS,10,0.1,10000000000,99999999,0.0001,0.000001,0.000001,0.05,0.1,False,True,3,1.00,1.00,False,False,,,,,,1655971200000.0
410,FORT-USDT,FORT-USDT,FORT,USDT,USDT,USDS,10,0.1,10000000000,99999999,0.1,0.00001,0.00001,0.08,0.1,False,True,2,1.00,1.00,False,False,,,,,,1656064800000.0
411,USDP-USDT,USDP-USDT,USDP,USDT,USDT,USDS,0.1,0.1,10000000000,99999999,0.0001,0.0001,0.0001,0.05,0.1,False,True,1,1.00,1.00,False,False,,,,,,1656403200000.0
412,USDD-TRX,USDD-TRX,USDD,TRX,TRX,ALTS,0.1,10,10000000000,99999999,0.0001,0.001,0.001,0.08,10,False,True,1,1.00,1.00,False,False,,,,,,1656406800000.0
413,BTC-EUR,BTC-EUR,BTC,EUR,EUR,FIAT,0.00001,0.1,10000000000,99999999,0.00001,0.01,0.01,0.05,,False,True,1,1.00,1.00,False,False,,,,,,1677826800000.0
414,ETH-EUR,ETH-EUR,ETH,EUR,EUR,FIAT,0.0001,0.1,10000000000,99999999,0.0001,0.01,0.01,0.05,,False,True,1,1.00,1.00,False,False,,,,,,1677826800000.0
415,USDT-EUR,USDT-EUR,USDT,EUR,EUR,FIAT,0.1,0.1,10000000000,99999999,0.0001,0.0001,0.0001,0.01,,False,True,1,1.00,1.00,False,False,,,,,,1677826800000.0
416,CSPR-USDT,CSPR-USDT,CSPR,USDT,USDT,USDS,100,0.1,10000000000,99999999,1,0.000001,0.000001,0.05,0.1,False,True,2,1.00,1.00,False,False,,,,,,1656496800000.0
417,CSPR-ETH,CSPR-ETH,CSPR,ETH,ETH,ALTS,10,0.00001,10000000000,99999999,0.0001,0.000000001,0.000000001,0.08,0.00001,False,True,2,1.00,1.00,False,False,,,,,,1656496800000.0
418,WEMIX-USDT,WEMIX-USDT,WEMIX,USDT,USDT,USDS,0.1,0.1,10000000000,99999999,0.0001,0.0001,0.0001,0.08,0.1,False,True,2,1.00,1.00,False,False,,,,,,1656579600000.0
419,LDO-USDT,LDO-USDT,LDO,USDT,USDT,USDS,1,0.1,10000000000,99999999,0.0001,0.0001,0.0001,0.05,0.1,True,True,1,1.00,1.00,False,False,,,,,,1657274400000.0
420,LDO-USDC,LDO-USDC,LDO,USDC,USDC,USDS,1,0.1,10000000000,99999999,0.0001,0.0001,0.0001,0.08,0.1,False,True,1,1.00,1.00,False,False,,,,,,1657274400000.0
421,FIDA-USDT,FIDA-USDT,FIDA,USDT,USDT,USDS,10,0.1,10000000000,99999999,0.1,0.0001,0.00001,0.08,0.1,False,True,1,1.00,1.00,False,False,,,,,,1658484000000.0
422,ETC-USDC,ETC-USDC,ETC,USDC,USDC,USDS,0.01,0.1,10000000000,99999999,0.000001,0.0001,0.0001,0.05,0.1,False,True,1,1.00,1.00,False,False,,,,,,1660298400000.0
423,RVN-USDT,RVN-USDT,RVN,USDT,USDT,USDS,10,0.1,10000000000,99999999,0.0001,0.00001,0.00001,0.08,0.1,False,True,1,1.00,1.00,False,False,,,,,,1661940000000.0
424,SWEAT-USDT,SWEAT-USDT,SWEAT,USDT,USDT,USDS,100,0.1,10000000000,99999999,0.0001,0.000001,0.000001,0.08,0.1,False,True,2,1.00,1.00,False,False,,,,,,1663059600000.0
425,PIX-USDT,PIX-USDT,PIX,USDT,USDT,USDS,100,0.1,10000000000,99999999,1,0.00000001,0.00000001,0.1,0.1,False,True,3,1.00,1.00,True,False,,,,,,1663668000000.0
426,ETHW-USDT,ETHW-USDT,ETHW,USDT,USDT,USDS,0.01,0.1,10000000000,99999999,0.0001,0.0001,0.0001,0.05,0.1,False,True,2,1.00,1.00,False,False,,,,,,1664182800000.0
427,ACQ-USDT,ACQ-USDT,ACQ,USDT,USDT,USDS,100,0.1,10000000000,99999999,1,0.0000001,0.0000001,0.08,0.1,False,True,3,1.00,1.00,False,False,,,,,,1664377200000.0
428,GMX-USDT,GMX-USDT,GMX,USDT,USDT,USDS,0.01,0.1,10000000000,99999999,0.01,0.01,0.01,0.08,0.1,False,True,1,1.00,1.00,False,False,,,,,,1665741600000.0
429,POKT-USDT,POKT-USDT,POKT,USDT,USDT,USDS,10,0.1,10000000000,99999999,0.0001,0.00001,0.00001,0.05,0.1,False,True,2,1.00,1.00,False,False,,,,,,1666170000000.0
430,APT-USDT,APT-USDT,APT,USDT,USDT,USDS,0.1,0.1,10000000000,99999999,0.0001,0.0001,0.0001,0.05,0.1,True,True,1,1.00,1.00,False,False,,,,,,1666141200000.0
431,EUL-USDT,EUL-USDT,EUL,USDT,USDT,USDS,0.1,0.1,10000000000,99999999,0.0001,0.001,0.001,0.08,0.1,False,True,1,1.00,1.00,False,False,,,,,,1666778400000.0
432,TON-USDT,TON-USDT,TON,USDT,USDT,USDS,0.1,0.1,10000000000,99999999,0.0001,0.0001,0.0001,0.03,0.1,True,True,1,1.00,1.00,False,False,,,,,,1666864800000.0
433,HFT-USDT,HFT-USDT,HFT,USDT,USDT,USDS,10,0.1,10000000000,99999999,0.1,0.00001,0.00001,0.05,0.1,False,True,1,1.00,1.00,False,False,,,,,,1667829600000.0
434,AZERO-USDT,AZERO-USDT,AZERO,USDT,USDT,USDS,1,0.1,10000000000,99999999,0.1,0.00001,0.00001,0.08,0.1,False,True,1,1.00,1.00,False,False,,,,,,1668506400000.0
435,NAVI-USDT,NAVI-USDT,NAVI,USDT,USDT,USDS,100,0.1,10000000000,99999999,1,0.000001,0.000001,0.05,0.1,False,True,3,1.00,1.00,False,False,,,,,,1669723200000.0
436,BDX-USDT,BDX-USDT,BDX,USDT,USDT,USDS,10,0.1,10000000000,99999999,0.0001,0.00001,0.00001,0.08,0.1,False,True,3,1.00,1.00,False,False,,,,,,1673344800000.0
437,BDX-BTC,BDX-BTC,BDX,BTC,BTC,BTC,1,0.000001,10000000000,99999999,0.0001,0.000000001,0.000000001,0.08,0.000001,False,True,3,1.00,1.00,False,False,,,,,,1673344800000.0
438,FLR-USDT,FLR-USDT,FLR,USDT,USDT,USDS,10,0.1,10000000000,99999999,0.0001,0.00001,0.00001,0.05,0.1,False,True,2,1.00,1.00,False,False,,,,,,1673330400000.0
439,FLR-USDC,FLR-USDC,FLR,USDC,USDC,USDS,10,0.1,10000000000,99999999,0.0001,0.00001,0.00001,0.05,0.1,False,True,2,1.00,1.00,False,False,,,,,,1673330400000.0
440,OSMO-USDT,OSMO-USDT,OSMO,USDT,USDT,USDS,1,0.1,10000000000,99999999,0.0001,0.0001,0.0001,0.08,0.1,False,True,1,1.00,1.00,False,False,,,,,,1673604000000.0
441,MAGIC-USDT,MAGIC-USDT,MAGIC,USDT,USDT,USDS,1,0.1,10000000000,99999999,0.0001,0.0001,0.0001,0.05,0.1,False,True,1,1.00,1.00,False,False,,,,,,1673949600000.0
442,RPL-USDT,RPL-USDT,RPL,USDT,USDT,USDS,0.1,0.1,10000000000,99999999,0.001,0.001,0.001,0.05,0.1,False,True,1,1.00,1.00,False,False,,,,,,1674205200000.0
443,HIGH-USDT,HIGH-USDT,HIGH,USDT,USDT,USDS,1,0.1,10000000000,99999999,0.01,0.0001,0.0001,0.08,0.1,False,True,1,1.00,1.00,False,False,,,,,,1675850400000.0
444,TRAC-USDT,TRAC-USDT,TRAC,USDT,USDT,USDS,1,0.1,10000000000,99999999,0.0001,0.0001,0.0001,0.05,0.1,False,True,3,1.00,1.00,False,False,,,,,,1676012400000.0
445,BLUR-USDT,BLUR-USDT,BLUR,USDT,USDT,USDS,1,0.1,10000000000,99999999,0.01,0.00001,0.00001,0.08,0.1,False,True,1,1.00,1.00,False,False,,,,,,1676399400000.0
446,WAXL-USDT,WAXL-USDT,WAXL,USDT,USDT,USDS,1,0.1,10000000000,99999999,0.0001,0.0001,0.0001,0.05,0.1,False,True,1,1.00,1.00,False,False,,,,,,1676455200000.0
447,FLOKI-USDT,FLOKI-USDT,FLOKI,USDT,USDT,USDS,10000,0.1,10000000000,99999999,1,0.00000001,0.00000001,0.05,0.1,True,True,1,1.00,1.00,False,False,,,,,,1676624400000.0
448,SSV-USDT,SSV-USDT,SSV,USDT,USDT,USDS,0.01,0.1,10000000000,99999999,0.001,0.001,0.001,0.05,0.1,False,True,1,1.00,1.00,False,False,,,,,,1676534400000.0
449,FLOKI-USDC,FLOKI-USDC,FLOKI,USDC,USDC,USDS,10000,0.1,10000000000,99999999,1,0.0000001,0.0000001,0.08,0.1,False,True,1,1.00,1.00,False,False,,,,,,1676624400000.0
450,ACS-USDT,ACS-USDT,ACS,USDT,USDT,USDS,10,0.1,10000000000,99999999,0.0001,0.0000001,0.0000001,0.08,0.1,False,True,2,1.00,1.00,False,False,,,,,,1676480400000.0
451,CSIX-USDT,CSIX-USDT,CSIX,USDT,USDT,USDS,100,0.1,10000000000,99999999,1,0.000001,0.000001,0.08,0.1,False,True,3,1.00,1.00,False,False,,,,,,1676894400000.0
452,FET-USDT,FET-USDT,FET,USDT,USDT,USDS,1,0.1,10000000000,99999999,0.0001,0.0001,0.0001,0.03,0.1,True,True,1,1.00,1.00,False,False,,,,,,1676890800000.0
453,SIDUS-USDT,SIDUS-USDT,SIDUS,USDT,USDT,USDS,1000,0.1,10000000000,99999999,1,0.0000001,0.0000001,0.08,0.1,False,True,2,1.00,1.00,False,False,,,,,,1677232800000.0
454,RDNT-USDT,RDNT-USDT,RDNT,USDT,USDT,USDS,10,0.1,10000000000,99999999,0.1,0.00001,0.00001,0.08,0.1,False,True,1,1.00,1.00,False,False,,,,,,1677578400000.0
455,SYN-USDT,SYN-USDT,SYN,USDT,USDT,USDS,0.1,0.1,10000000000,99999999,0.0001,0.0001,0.0001,0.08,0.1,False,True,1,1.00,1.00,False,False,,,,,,1677574800000.0
456,GNS-USDT,GNS-USDT,GNS,USDT,USDT,USDS,0.1,0.1,10000000000,99999999,0.0001,0.001,0.001,0.05,0.1,False,True,1,1.00,1.00,False,False,,,,,,1677574800000.0
457,BLZ-USDT,BLZ-USDT,BLZ,USDT,USDT,USDS,1,0.1,10000000000,99999999,0.0001,0.00001,0.00001,0.08,0.1,False,True,1,1.00,1.00,False,False,,,,,,1677664800000.0
458,NXRA-USDT,NXRA-USDT,NXRA,USDT,USDT,USDS,10,0.1,10000000000,99999999,0.1,0.00001,0.00001,0.08,0.1,False,True,3,1.00,1.00,False,False,,,,,,1723622400000.0
459,MINA-USDT,MINA-USDT,MINA,USDT,USDT,USDS,1,0.1,10000000000,99999999,0.0001,0.0001,0.0001,0.05,0.1,False,True,1,1.00,1.00,False,False,,,,,,1678269600000.0
460,XRD-USDT,XRD-USDT,XRD,USDT,USDT,USDS,100,0.1,10000000000,99999999,1,0.000001,0.000001,0.08,0.1,False,True,3,1.00,1.00,False,False,,,,,,1678262400000.0
461,LQTY-USDT,LQTY-USDT,LQTY,USDT,USDT,USDS,0.1,0.1,10000000000,99999999,0.0001,0.0001,0.0001,0.05,0.1,False,True,1,1.00,1.00,False,False,,,,,,1678960800000.0
462,ID-USDT,ID-USDT,ID,USDT,USDT,USDS,10,0.1,10000000000,99999999,0.01,0.0001,0.0001,0.08,0.1,False,True,1,1.00,1.00,False,False,,,,,,1679486400000.0
463,ARB-USDT,ARB-USDT,ARB,USDT,USDT,USDS,1,0.1,10000000000,99999999,0.0001,0.0001,0.0001,0.05,0.1,True,True,1,1.00,1.00,False,False,,,,,,1679576400000.0
464,HMND-USDT,HMND-USDT,HMND,USDT,USDT,USDS,100,0.1,10000000000,99999999,1,0.000001,0.000001,0.08,0.1,False,True,3,1.00,1.00,False,False,,,,,,1680170400000.0
465,HIFI-USDT,HIFI-USDT,HIFI,USDT,USDT,USDS,10,0.1,10000000000,99999999,0.1,0.00001,0.00001,0.08,0.1,False,True,1,1.00,1.00,False,False,,,,,,1680508800000.0
466,MYRIA-USDT,MYRIA-USDT,MYRIA,USDT,USDT,USDS,1000,0.1,10000000000,99999999,1,0.0000001,0.0000001,0.08,0.1,False,True,2,1.00,1.00,False,False,,,,,,1680768000000.0
467,SD-USDT,SD-USDT,SD,USDT,USDT,USDS,0.1,0.1,10000000000,99999999,0.0001,0.0001,0.0001,0.05,0.1,False,True,2,1.00,1.00,False,False,,,,,,1680861600000.0
468,CGPT-USDT,CGPT-USDT,CGPT,USDT,USDT,USDS,1,0.1,10000000000,99999999,0.1,0.00001,0.00001,0.05,0.1,False,True,1,1.00,1.00,False,False,,,,,,1681128000000.0
469,STRAX-USDT,STRAX-USDT,STRAX,USDT,USDT,USDS,10,0.1,10000000000,99999999,0.1,0.00001,0.00001,0.08,0.1,False,True,1,1.00,1.00,False,False,,,,,,1713776400000.0
470,AGI-USDT,AGI-USDT,AGI,USDT,USDT,USDS,10,0.1,10000000000,99999999,0.0001,0.00001,0.00001,0.05,0.1,False,True,2,1.00,1.00,False,False,0.00001,0.06,1764061200000.0,1764064200000.0,1764064500000.0,1764064800000.0
471,OTK-USDT,OTK-USDT,OTK,USDT,USDT,USDS,1000,0.1,10000000000,99999999,1,0.0000001,0.0000001,0.08,0.1,False,True,3,1.00,1.00,False,False,,,,,,1681293600000.0
472,BABYDOGE-USDT,BABYDOGE-USDT,BABYDOGE,USDT,USDT,USDS,100000000,0.1,100000000000000,99999999,0.0001,0.000000000001,0.000000000001,0.05,0.1,False,True,2,1.00,1.00,False,False,,,,,,1681898400000.0
473,PZP-USDT,PZP-USDT,PZP,USDT,USDT,USDS,100,0.1,10000000000,99999999,1,0.000001,0.000001,0.08,0.1,False,True,3,1.00,1.00,False,False,,,,,,1729148400000.0
474,LOCUS-USDT,LOCUS-USDT,LOCUS,USDT,USDT,USDS,10,0.1,10000000000,99999999,0.0001,0.00001,0.00001,0.08,0.1,False,True,3,1.00,1.00,False,False,,,,,,1682071200000.0
475,ZPAY-USDT,ZPAY-USDT,ZPAY,USDT,USDT,USDS,100,0.1,10000000000,99999999,1,0.000001,0.000001,0.05,0.1,False,True,3,1.00,1.00,True,False,,,,,,1682341200000.0
476,IZI-USDT,IZI-USDT,IZI,USDT,USDT,USDS,10,0.1,10000000000,99999999,0.0001,0.00001,0.00001,0.1,0.1,False,True,2,1.00,1.00,True,False,,,,,,1682503200000.0
477,SUI-USDT,SUI-USDT,SUI,USDT,USDT,USDS,0.1,0.1,10000000000,99999999,0.1,0.0001,0.0001,0.02,0.1,True,True,1,1.00,1.00,False,False,,,,,,1683115200000.0
478,KAS-USDT,KAS-USDT,KAS,USDT,USDT,USDS,10,0.1,10000000000,99999999,0.0001,0.00001,0.00001,0.05,0.1,False,True,2,1.00,1.00,False,False,,,,,,1683367200000.0
479,PEPE-USDT,PEPE-USDT,PEPE,USDT,USDT,USDS,100000,0.1,60000000000,99999999,1,0.000000001,0.000000001,0.03,0.1,True,True,1,1.00,1.00,False,False,,,,,,1683291000000.0
480,CETUS-USDT,CETUS-USDT,CETUS,USDT,USDT,USDS,1,0.1,10000000000,99999999,0.0001,0.00001,0.00001,0.05,0.1,False,True,2,1.00,1.00,False,False,,,,,,1683712800000.0
481,TURBOS-USDT,TURBOS-USDT,TURBOS,USDT,USDT,USDS,1000,0.1,10000000000,99999999,1,0.0000001,0.0000001,0.1,0.1,False,True,2,1.00,1.00,False,False,,,,,,1684144800000.0
482,LMWR-USDT,LMWR-USDT,LMWR,USDT,USDT,USDS,10,0.1,10000000000,99999999,0.1,0.00001,0.00001,0.05,0.1,False,True,2,1.00,1.00,False,False,,,,,,1684238400000.0
483,LADYS-USDT,LADYS-USDT,LADYS,USDT,USDT,USDS,10000000,0.1,1000000000000,99999999,1,0.00000000001,0.00000000001,0.08,0.1,False,True,2,1.00,1.00,False,False,,,,,,1684749600000.0
484,OBI-USDT,OBI-USDT,OBI,USDT,USDT,USDS,1000,0.1,10000000000,99999999,1,0.0000001,0.0000001,0.1,0.1,False,True,3,1.00,1.00,False,False,,,,,,1685361600000.0
485,EDU-USDT,EDU-USDT,EDU,USDT,USDT,USDS,0.1,0.1,10000000000,99999999,0.01,0.0001,0.0001,0.05,0.1,False,True,1,1.00,1.00,False,False,,,,,,1685523600000.0
486,ORDI-USDT,ORDI-USDT,ORDI,USDT,USDT,USDS,0.1,0.1,10000000000,99999999,0.01,0.001,0.001,0.05,0.1,True,True,1,1.00,1.00,False,False,,,,,,1685613600000.0
487,VOLT-USDT,VOLT-USDT,VOLT,USDT,USDT,USDS,1000000,0.1,26000000000,99999999,0.0001,0.0000000001,0.0000000001,0.08,0.1,False,True,3,1.00,1.00,True,False,,,,,,1685707200000.0
488,MAV-USDT,MAV-USDT,MAV,USDT,USDT,USDS,10,0.1,10000000000,99999999,0.1,0.00001,0.00001,0.08,0.1,False,True,1,1.00,1.00,False,False,,,,,,1687939200000.0
489,XEN-USDT,XEN-USDT,XEN,USDT,USDT,USDS,100000,0.1,10000000000,99999999,1,0.00000000001,0.00000000001,0.05,0.1,False,True,3,1.00,1.00,False,False,,,,,,1687946400000.0
490,PENDLE-USDT,PENDLE-USDT,PENDLE,USDT,USDT,USDS,0.1,0.1,10000000000,99999999,0.0001,0.0001,0.0001,0.05,0.1,False,True,1,1.00,1.00,False,False,,,,,,1688378400000.0
491,PEPE2-USDT,PEPE2-USDT,PEPE2,USDT,USDT,USDS,10000000,0.1,1000000000000,99999999,0.0001,0.00000000001,0.00000000001,0.08,0.1,False,True,3,1.00,1.00,True,False,,,,,,1688634000000.0
492,DCK-USDT,DCK-USDT,DCK,USDT,USDT,USDS,1000,0.1,10000000000,99999999,1,0.000001,0.0000001,0.08,0.1,False,True,3,1.00,1.00,False,False,,,,,,1689854400000.0
493,LYX-USDT,LYX-USDT,LYX,USDT,USDT,USDS,0.1,0.1,10000000000,99999999,0.0001,0.0001,0.0001,0.05,0.1,False,True,3,1.00,1.00,False,False,,,,,,1690192800000.0
494,LYX-ETH,LYX-ETH,LYX,ETH,ETH,ALTS,1,0.00001,10000000000,99999999,0.0001,0.0000001,0.0000001,0.05,0.00001,False,True,3,1.00,1.00,False,False,,,,,,1690192800000.0
495,WLD-USDT,WLD-USDT,WLD,USDT,USDT,USDS,0.1,0.1,10000000000,99999999,0.0001,0.0001,0.0001,0.05,0.1,True,True,1,1.00,1.00,False,False,,,,,,1690189200000.0
496,SEI-USDT,SEI-USDT,SEI,USDT,USDT,USDS,1,0.1,10000000000,99999999,0.0001,0.0001,0.0001,0.03,0.1,True,True,1,1.00,1.00,False,False,,,,,,1692100800000.0
497,PYUSD-USDT,PYUSD-USDT,PYUSD,USDT,USDT,USDS,0.1,0.1,10000000000,99999999,0.0001,0.0001,0.0001,0.04,0.1,False,True,2,1.00,1.00,False,False,,,,,,1695290400000.0
498,ISLM-USDT,ISLM-USDT,ISLM,USDT,USDT,USDS,1,0.1,160000,50000,0.0001,0.00001,0.00001,0.08,0.1,False,True,2,1.00,1.00,False,False,,,,,,1696932000000.0
499,BIGTIME-USDT,BIGTIME-USDT,BIGTIME,USDT,USDT,USDS,1,0.1,10000000000,99999999,0.0001,0.00001,0.00001,0.05,0.1,False,True,1,1.00,1.00,False,False,,,,,,1697112000000.0
500,NTRN-USDT,NTRN-USDT,NTRN,USDT,USDT,USDS,10,0.1,10000000000,99999999,0.1,0.00001,0.00001,0.08,0.1,False,True,1,1.00,1.00,False,False,,,,,,1697623200000.0
501,ARKM-USDT,ARKM-USDT,ARKM,USDT,USDT,USDS,1,0.1,10000000000,99999999,0.0001,0.0001,0.0001,0.05,0.1,False,True,1,1.00,1.00,False,False,,,,,,1697709600000.0
502,TIA-USDT,TIA-USDT,TIA,USDT,USDT,USDS,0.1,0.1,10000000000,99999999,0.0001,0.0001,0.0001,0.05,0.1,True,True,1,1.00,1.00,False,False,,,,,,1698765300000.0
503,CYBER-USDT,CYBER-USDT,CYBER,USDT,USDT,USDS,0.1,0.1,10000000000,99999999,0.0001,0.001,0.001,0.05,0.1,False,True,1,1.00,1.00,False,False,,,,,,1698829200000.0
504,MEME-USDT,MEME-USDT,MEME,USDT,USDT,USDS,100,0.1,10000000000,99999999,0.0001,0.000001,0.000001,0.05,0.1,False,True,1,1.00,1.00,False,False,,,,,,1698998400000.0
505,TOKEN-USDT,TOKEN-USDT,TOKEN,USDT,USDT,USDS,10,0.1,10000000000,99999999,0.001,0.000001,0.000001,0.05,0.1,False,True,2,1.00,1.00,False,False,,,,,,1699005600000.0
506,POL-USDT,POL-USDT,POL,USDT,USDT,USDS,1,0.1,10000000000,99999999,0.0001,0.0001,0.0001,0.05,0.1,True,True,1,1.00,1.00,False,False,,,,,,1699516800000.0
507,SATS-USDT,SATS-USDT,SATS,USDT,USDT,USDS,10000000,0.1,100000000000,99999999,1,0.00000000001,0.00000000001,0.05,0.1,False,True,2,1.00,1.00,False,False,,,,,,1699524000000.0
508,PYTH-USDT,PYTH-USDT,PYTH,USDT,USDT,USDS,10,0.1,10000000000,99999999,0.0001,0.00001,0.00001,0.05,0.1,True,True,1,1.00,1.00,False,False,,,,,,1700488800000.0
509,RATS-USDT,RATS-USDT,RATS,USDT,USDT,USDS,10000,0.1,10000000000,99999999,0.0001,0.00000001,0.00000001,0.08,0.1,False,True,2,1.00,1.00,False,False,,,,,,1700481600000.0
510,ROOT-USDT,ROOT-USDT,ROOT,USDT,USDT,USDS,1000,0.1,10000000000,99999999,1,0.0000001,0.0000001,0.05,0.1,False,True,2,1.00,1.00,False,False,,,,,,1700553600000.0
511,WBTC-USDT,WBTC-USDT,WBTC,USDT,USDT,USDS,0.00001,0.1,10000000000,99999999,0.0001,0.01,0.01,0.05,0.1,False,True,1,1.00,1.00,False,False,,,,,,1700640000000.0
512,DCR-USDT,DCR-USDT,DCR,USDT,USDT,USDS,0.01,0.1,10000000000,99999999,0.0001,0.01,0.01,0.08,0.1,False,True,1,1.00,1.00,False,False,,,,,,1700645400000.0
513,ZRX-USDT,ZRX-USDT,ZRX,USDT,USDT,USDS,1,0.1,10000000000,99999999,0.0001,0.0001,0.0001,0.08,0.1,False,True,1,1.00,1.00,False,False,,,,,,1700647200000.0
514,FLIP-USDT,FLIP-USDT,FLIP,USDT,USDT,USDS,0.1,0.1,10000000000,99999999,0.01,0.0001,0.0001,0.08,0.1,False,True,2,1.00,1.00,False,False,,,,,,1700740800000.0
515,UQC-USDT,UQC-USDT,UQC,USDT,USDT,USDS,0.05,0.1,10000000000,99999999,0.0001,0.0001,0.0001,0.08,0.1,False,True,3,1.00,1.00,False,False,3,6.5,1700726400000.0,1700787600000.0,,1700794800000.0
516,LSK-USDT,LSK-USDT,LSK,USDT,USDT,USDS,0.1,0.1,10000000000,99999999,0.0001,0.0001,0.0001,0.05,0.1,False,True,1,1.00,1.00,False,False,,,,,,1700816400000.0
517,DENT-USDT,DENT-USDT,DENT,USDT,USDT,USDS,1000,0.1,10000000000,99999999,0.0001,0.0000001,0.0000001,0.08,0.1,False,True,1,1.00,1.00,False,False,,,,,,1700818200000.0
518,QKC-USDT,QKC-USDT,QKC,USDT,USDT,USDS,10,0.1,10000000000,99999999,0.0001,0.00001,0.00001,0.08,0.1,False,True,1,1.00,1.00,False,False,,,,,,1700820000000.0
519,BONK-USDT,BONK-USDT,BONK,USDT,USDT,USDS,100000,0.1,10000000000,99999999,0.0001,0.000000001,0.000000001,0.03,0.1,True,True,1,1.00,1.00,False,False,,,,,,1701165600000.0
520,MNT-USDT,MNT-USDT,MNT,USDT,USDT,USDS,1,0.1,10000000000,99999999,0.0001,0.0001,0.0001,0.05,0.1,False,True,2,1.00,1.00,False,False,,,,,,1701338400000.0
521,INSP-USDT,INSP-USDT,INSP,USDT,USDT,USDS,100,0.1,10000000000,99999999,1,0.00001,0.000001,0.05,0.1,False,True,2,1.00,1.00,False,False,,,,,,1701856800000.0
522,AUCTION-USDT,AUCTION-USDT,AUCTION,USDT,USDT,USDS,0.01,0.1,10000000000,99999999,0.0001,0.01,0.01,0.08,0.1,False,True,1,1.00,1.00,False,False,,,,,,1701943200000.0
523,JTO-USDT,JTO-USDT,JTO,USDT,USDT,USDS,1,0.1,10000000000,99999999,0.01,0.001,0.001,0.05,0.1,False,True,1,1.00,1.00,False,False,,,,,,1701964800000.0
524,SEAM-USDT,SEAM-USDT,SEAM,USDT,USDT,USDS,0.01,0.1,10000000000,99999999,0.0001,0.0001,0.0001,0.08,0.1,False,True,3,1.00,1.00,False,False,,,,,,1702378800000.0
525,VANRY-USDT,VANRY-USDT,VANRY,USDT,USDT,USDS,10,0.1,10000000000,99999999,0.0001,0.00001,0.00001,0.08,0.1,False,True,3,1.00,1.00,False,False,,,,,,1702544400000.0
526,MNDE-USDT,MNDE-USDT,MNDE,USDT,USDT,USDS,1,0.1,10000000000,99999999,0.0001,0.00001,0.00001,0.05,0.1,False,True,3,1.00,1.00,False,False,,,,,,1702893600000.0
527,COQ-USDT,COQ-USDT,COQ,USDT,USDT,USDS,100000,0.1,1000000000000,99999999,1,0.0000000001,0.0000000001,0.05,0.1,False,True,2,1.00,1.00,False,False,,,,,,1702897200000.0
528,POLYX-USDT,POLYX-USDT,POLYX,USDT,USDT,USDS,1,0.1,10000000000,99999999,0.0001,0.0001,0.0001,0.05,0.1,False,True,1,1.00,1.00,False,False,,,,,,1702983600000.0
529,SCPT-USDT,SCPT-USDT,SCPT,USDT,USDT,USDS,10,0.1,10000000000,99999999,1,0.0000001,0.0000001,0.05,0.1,False,True,3,1.00,1.00,False,False,,,,,,1704801600000.0
530,TAO-USDT,TAO-USDT,TAO,USDT,USDT,USDS,0.01,0.1,10000000000,99999999,0.0001,0.01,0.01,0.03,0.1,True,True,1,1.00,1.00,False,False,,,,,,1703062800000.0
531,ARTY-USDT,ARTY-USDT,ARTY,USDT,USDT,USDS,10,0.1,10000000000,99999999,0.1,0.0001,0.00001,0.08,0.1,False,True,2,1.00,1.00,False,False,,,,,,1703167200000.0
532,MYRO-USDT,MYRO-USDT,MYRO,USDT,USDT,USDS,10,0.1,10000000000,99999999,0.001,0.000001,0.000001,0.05,0.1,False,True,2,1.00,1.00,False,False,,,,,,1703667600000.0
533,RAY-USDT,RAY-USDT,RAY,USDT,USDT,USDS,0.1,0.1,10000000000,99999999,0.0001,0.0001,0.0001,0.05,0.1,False,True,1,1.00,1.00,False,False,,,,,,1704362400000.0
534,ALEX-USDT,ALEX-USDT,ALEX,USDT,USDT,USDS,100,0.1,10000000000,99999999,1,0.000001,0.000001,0.05,0.1,False,True,3,1.00,1.00,False,False,,,,,,1704445200000.0
535,XAI-USDT,XAI-USDT,XAI,USDT,USDT,USDS,1,0.1,10000000000,99999999,0.1,0.00001,0.00001,0.08,0.1,False,True,1,1.00,1.00,False,False,,,,,,1704794400000.0
536,NFP-USDT,NFP-USDT,NFP,USDT,USDT,USDS,10,0.1,10000000000,99999999,0.1,0.00001,0.00001,0.08,0.1,False,True,1,1.00,1.00,False,False,,,,,,1704963600000.0
537,ORCA-USDT,ORCA-USDT,ORCA,USDT,USDT,USDS,0.1,0.1,10000000000,99999999,0.0001,0.0001,0.0001,0.08,0.1,False,True,3,1.00,1.00,False,False,,,,,,1705050000000.0
538,KACE-USDT,kACE-USDT,KACE,USDT,USDT,USDS,0.1,0.1,10000000000,99999999,0.0001,0.0001,0.0001,0.08,0.1,False,True,3,1.00,1.00,False,False,,,,,,1705053600000.0
539,NEON-USDT,NEON-USDT,NEON,USDT,USDT,USDS,0.1,0.1,10000000000,99999999,0.0001,0.0001,0.0001,0.08,0.1,False,True,2,1.00,1.00,False,False,,,,,,1705312800000.0
540,MANTA-USDT,MANTA-USDT,MANTA,USDT,USDT,USDS,1,0.1,10000000000,99999999,0.0001,0.0001,0.0001,0.08,0.1,False,True,1,1.00,1.00,False,False,,,,,,1705572000000.0
541,ONDO-USDT,ONDO-USDT,ONDO,USDT,USDT,USDS,1,0.1,10000000000,99999999,0.0001,0.00001,0.00001,0.03,0.1,True,True,2,1.00,1.00,False,False,,,,,,1705579200000.0
542,WIF-USDT,WIF-USDT,WIF,USDT,USDT,USDS,1,0.1,10000000000,99999999,0.0001,0.0001,0.0001,0.05,0.1,True,True,1,1.00,1.00,False,False,0.1,2.2,1705581000000.0,1705582200000.0,,1705582800000.0
543,SAROS-USDT,SAROS-USDT,SAROS,USDT,USDT,USDS,1000,0.1,10000000000,99999999,1,0.000001,0.0000001,0.08,0.1,False,True,2,1.00,1.00,False,False,,,,,,1705662000000.0
544,GTAI-USDT,GTAI-USDT,GTAI,USDT,USDT,USDS,10,0.1,10000000000,99999999,0.1,0.00001,0.00001,0.08,0.1,False,True,2,1.00,1.00,False,False,,,,,,1706176800000.0
545,KALT-USDT,KALT-USDT,KALT,USDT,USDT,USDS,10,0.1,10000000000,99999999,0.0001,0.00001,0.00001,0.05,0.1,False,True,3,1.00,1.00,True,False,,,,,,1706176800000.0
546,WEN-USDT,WEN-USDT,WEN,USDT,USDT,USDS,10000,0.1,10000000000,99999999,1,0.00000001,0.00000001,0.08,0.1,False,True,2,1.00,1.00,False,False,,,,,,1706605200000.0
547,ZETA-USDT,ZETA-USDT,ZETA,USDT,USDT,USDS,1,0.1,10000000000,99999999,0.0001,0.0001,0.0001,0.05,0.1,False,True,2,1.00,1.00,False,False,,,,,,1706756400000.0
548,DEFI-USDT,DEFI-USDT,DEFI,USDT,USDT,USDS,1,0.1,10000000000,99999999,1,0.000001,0.000001,0.08,0.1,False,True,2,1.00,1.00,False,False,,,,,,1706695200000.0
549,JUP-USDT,JUP-USDT,JUP,USDT,USDT,USDS,1,0.1,10000000000,99999999,0.0001,0.0001,0.0001,0.05,0.1,True,True,1,1.00,1.00,False,False,,,,,,1706713200000.0
550,BMX-USDT,BMX-USDT,BMX,USDT,USDT,USDS,1,0.1,10000000000,99999999,0.0001,0.0001,0.0001,0.08,0.1,False,True,3,1.00,1.00,False,False,,,,,,1706868000000.0
551,MAVIA-USDT,MAVIA-USDT,MAVIA,USDT,USDT,USDS,1,0.1,10000000000,99999999,0.01,0.00001,0.00001,0.05,0.1,False,True,2,1.00,1.00,False,False,,,,,,1707220800000.0
552,DYM-USDT,DYM-USDT,DYM,USDT,USDT,USDS,10,0.1,10000000000,99999999,0.1,0.0001,0.00001,0.08,0.1,False,True,1,1.00,1.00,False,False,,,,,,1707238800000.0
553,NAVX-USDT,NAVX-USDT,NAVX,USDT,USDT,USDS,10,0.1,10000000000,99999999,0.0001,0.00001,0.00001,0.08,0.1,False,True,2,1.00,1.00,False,False,,,,,,1707307200000.0
554,PIXEL-USDT,PIXEL-USDT,PIXEL,USDT,USDT,USDS,1,0.1,10000000000,99999999,0.0001,0.00001,0.00001,0.05,0.1,False,True,3,1.00,1.00,False,False,,,,,,1708336800000.0
555,STRK-USDT,STRK-USDT,STRK,USDT,USDT,USDS,0.1,0.1,10000000000,99999999,0.01,0.00001,0.00001,0.05,0.1,True,True,1,1.00,1.00,False,False,,,,,,1708430400000.0
556,BCUT-USDT,BCUT-USDT,BCUT,USDT,USDT,USDS,100,0.1,10000000000,99999999,1,0.000001,0.000001,0.08,0.1,False,True,2,1.00,1.00,False,False,,,,,,1708434000000.0
557,TADA-USDT,TADA-USDT,TADA,USDT,USDT,USDS,1,0.1,100000000,99999999,1,0.000001,0.000001,0.08,0.1,False,True,3,1.00,1.00,False,False,,,,,,1708596000000.0
558,PORTAL-USDT,PORTAL-USDT,PORTAL,USDT,USDT,USDS,10,0.1,10000000000,99999999,0.1,0.00001,0.00001,0.05,0.1,False,True,1,1.00,1.00,False,False,,,,,,1709200800000.0
559,QORPO-USDT,QORPO-USDT,QORPO,USDT,USDT,USDS,100,0.1,10000000000,99999999,1,0.000001,0.000001,0.08,0.1,False,True,2,1.00,1.00,False,False,,,,,,1709200800000.0
560,KAS-BTC,KAS-BTC,KAS,BTC,BTC,BTC,1,0.000001,10000000000,99999999,0.0001,0.000000001,0.000000001,0.05,0.000001,False,True,2,1.00,1.00,False,False,,,,,,1709715600000.0
561,TUSD-USDT,TUSD-USDT,TUSD,USDT,USDT,USDS,0.1,0.1,10000000000,99999999,0.0001,0.0001,0.0001,0.04,0.1,False,True,1,1.00,1.00,False,False,,,,,,1709794800000.0
562,SCA-USDT,SCA-USDT,SCA,USDT,USDT,USDS,10,0.1,10000000000,99999999,0.1,0.0001,0.00001,0.08,0.1,False,True,2,1.00,1.00,False,False,,,,,,1709892000000.0
563,NIBI-USDT,NIBI-USDT,NIBI,USDT,USDT,USDS,10,0.1,10000000000,99999999,0.0001,0.00001,0.00001,0.08,0.1,False,True,2,1.00,1.00,False,False,,,,,,1710230400000.0
564,AEVO-USDT,AEVO-USDT,AEVO,USDT,USDT,USDS,1,0.1,10000000000,99999999,0.01,0.00001,0.00001,0.05,0.1,True,True,1,1.00,1.00,False,False,,,,,,1710324000000.0
565,HTX-USDT,HTX-USDT,HTX,USDT,USDT,USDS,100000,0.1,100000000000,99999999,0.1,0.000000001,0.000000001,0.05,0.1,False,True,2,1.00,1.00,False,False,,,,,,1710406800000.0
566,AITECH-USDT,AITECH-USDT,AITECH,USDT,USDT,USDS,100,0.1,10000000000,99999999,1,0.000001,0.000001,0.05,0.1,False,True,3,1.00,1.00,False,False,,,,,,1710496800000.0
567,BOME-USDT,BOME-USDT,BOME,USDT,USDT,USDS,1000,0.1,10000000000,99999999,1,0.0000001,0.0000001,0.05,0.1,True,True,1,1.00,1.00,False,False,,,,,,1710511200000.0
568,ETHFI-USDT,ETHFI-USDT,ETHFI,USDT,USDT,USDS,1,0.1,10000000000,99999999,0.01,0.0001,0.0001,0.05,0.1,False,True,1,1.00,1.00,False,False,,,,,,1710763200000.0
569,MPC-USDT,MPC-USDT,MPC,USDT,USDT,USDS,10,0.1,10000000000,99999999,1,0.000001,0.000001,0.08,0.1,False,True,3,1.00,1.00,False,False,0.000001,0.1,1752130800000.0,1752133800000.0,1752134100000.0,1752134400000.0
570,ZKJ-USDT,ZKJ-USDT,ZKJ,USDT,USDT,USDS,10,0.1,10000000000,99999999,0.1,0.00001,0.00001,0.05,0.1,False,True,2,1.00,1.00,False,False,,,,,,1717754400000.0
571,GMRX-USDT,GMRX-USDT,GMRX,USDT,USDT,USDS,1000,0.1,10000000000,99999999,1,0.00000001,0.00000001,0.08,0.1,False,True,3,1.00,1.00,False,False,,,,,,1711447200000.0
572,VENOM-USDT,VENOM-USDT,VENOM,USDT,USDT,USDS,1,0.1,10000000000,99999999,0.01,0.0001,0.0001,0.05,0.1,False,True,2,1.00,1.00,False,False,,,,,,1711623600000.0
573,ENA-USDT,ENA-USDT,ENA,USDT,USDT,USDS,1,0.1,10000000000,99999999,0.01,0.0001,0.0001,0.03,0.1,True,True,1,1.00,1.00,False,False,,,,,,1712044800000.0
574,USDE-USDT,USDE-USDT,USDE,USDT,USDT,USDS,0.1,0.1,10000000000,99999999,0.01,0.0001,0.0001,0.04,0.1,False,True,2,1.00,1.00,False,False,,,,,,1712044800000.0
575,W-USDT,W-USDT,W,USDT,USDT,USDS,10,0.1,10000000000,99999999,0.1,0.0001,0.00001,0.05,0.1,False,True,1,1.00,1.00,False,False,,,,,,1712145600000.0
576,MEW-USDT,MEW-USDT,MEW,USDT,USDT,USDS,100,0.1,10000000000,99999999,1,0.000001,0.000001,0.05,0.1,False,True,2,1.00,1.00,False,False,,,,,,1712149200000.0
577,ZEUS-USDT,ZEUS-USDT,ZEUS,USDT,USDT,USDS,1,0.1,10000000000,99999999,0.1,0.00001,0.00001,0.05,0.1,False,True,2,1.00,1.00,False,False,,,,,,1712246400000.0
578,AERO-USDT,AERO-USDT,AERO,USDT,USDT,USDS,0.1,0.1,10000000000,99999999,0.01,0.0001,0.0001,0.05,0.1,False,True,2,1.00,1.00,False,False,,,,,,1712307600000.0
579,TRUF-USDT,TRUF-USDT,TRUF,USDT,USDT,USDS,10,0.1,10000000000,99999999,0.1,0.00001,0.00001,0.08,0.1,False,True,3,1.00,1.00,False,False,,,,,,1712653200000.0
580,G3-USDT,G3-USDT,G3,USDT,USDT,USDS,1000,0.1,10000000000,99999999,1,0.0000001,0.0000001,0.08,0.1,False,True,2,1.00,1.00,False,False,,,,,,1712656800000.0
581,TNSR-USDT,TNSR-USDT,TNSR,USDT,USDT,USDS,0.1,0.1,10000000000,99999999,0.01,0.0001,0.0001,0.05,0.1,False,True,1,1.00,1.00,False,False,,,,,,1712589300000.0
582,ESE-USDT,ESE-USDT,ESE,USDT,USDT,USDS,10,0.1,10000000000,99999999,1,0.000001,0.000001,0.08,0.1,False,True,2,1.00,1.00,False,False,,,,,,1712829600000.0
583,SQR-USDT,SQR-USDT,SQR,USDT,USDT,USDS,1000,0.1,10000000000,99999999,1,0.0000001,0.0000001,0.08,0.1,False,True,2,1.00,1.00,False,False,,,,,,1712833200000.0
584,FOXY-USDT,FOXY-USDT,FOXY,USDT,USDT,USDS,10,0.1,10000000000,99999999,1,0.0000001,0.0000001,0.08,0.1,False,True,2,1.00,1.00,False,False,,,,,,1712908800000.0
585,PRCL-USDT,PRCL-USDT,PRCL,USDT,USDT,USDS,0.1,0.1,10000000000,99999999,0.1,0.00001,0.00001,0.05,0.1,False,True,2,1.00,1.00,False,False,,,,,,1713272400000.0
586,MAPO-USDT,MAPO-USDT,MAPO,USDT,USDT,USDS,10,0.1,10000000000,99999999,1,0.000001,0.000001,0.05,0.1,False,True,2,1.00,1.00,False,False,,,,,,1714294800000.0
587,MERL-USDT,MERL-USDT,MERL,USDT,USDT,USDS,1,0.1,10000000000,99999999,0.01,0.00001,0.00001,0.08,0.1,False,True,2,1.00,1.00,False,False,,,,,,1713520800000.0
588,DEGEN-USDT,DEGEN-USDT,DEGEN,USDT,USDT,USDS,100,0.1,10000000000,99999999,1,0.000001,0.000001,0.05,0.1,False,True,2,1.00,1.00,False,False,,,,,,1713434400000.0
589,KARRAT-USDT,KARRAT-USDT,KARRAT,USDT,USDT,USDS,10,0.1,10000000000,99999999,0.1,0.00001,0.00001,0.05,0.1,False,True,3,1.00,1.00,False,False,,,,,,1713812400000.0
590,VINU-USDT,VINU-USDT,VINU,USDT,USDT,USDS,10000000,0.1,1000000000000,99999999,1,0.00000000001,0.00000000001,0.08,0.1,False,True,2,1.00,1.00,False,False,,,,,,1713535200000.0
591,LL-USDT,LL-USDT,LL,USDT,USDT,USDS,10,0.1,10000000000,99999999,1,0.000001,0.000001,0.08,0.1,False,True,2,1.00,1.00,False,False,,,,,,1713945600000.0
592,SAFE-USDT,SAFE-USDT,SAFE,USDT,USDT,USDS,1,0.1,10000000000,99999999,0.01,0.0001,0.0001,0.05,0.1,False,True,2,1.00,1.00,False,False,,,,,,1713853500000.0
593,RIO-USDT,RIO-USDT,RIO,USDT,USDT,USDS,10,0.1,10000000000,99999999,0.1,0.00001,0.00001,0.05,0.1,False,True,2,1.00,1.00,False,False,,,,,,1714122000000.0
594,REZ-USDT,REZ-USDT,REZ,USDT,USDT,USDS,10,0.1,10000000000,99999999,0.1,0.00001,0.00001,0.05,0.1,False,True,1,1.00,1.00,False,False,,,,,,1714478400000.0
595,KMNO-USDT,KMNO-USDT,KMNO,USDT,USDT,USDS,100,0.1,10000000000,99999999,1,0.000001,0.000001,0.03,0.1,False,True,2,1.00,1.00,False,False,,,,,,1714478400000.0
596,ZBCN-USDT,ZBCN-USDT,ZBCN,USDT,USDT,USDS,100,0.1,10000000000,99999999,1,0.0000001,0.0000001,0.05,0.1,False,True,1,1.00,1.00,False,False,,,,,,1714640400000.0
597,WSDM-USDT,WSDM-USDT,WSDM,USDT,USDT,USDS,100,0.1,10000000000,99999999,1,0.0000001,0.0000001,0.08,0.1,False,True,3,1.00,1.00,False,False,,,,,,1715684400000.0
598,BB-USDT,BB-USDT,BB,USDT,USDT,USDS,10,0.1,10000000000,99999999,0.1,0.00001,0.00001,0.05,0.1,True,True,1,1.00,1.00,False,False,,,,,,1715594400000.0
599,CTA-USDT,CTA-USDT,CTA,USDT,USDT,USDS,10,0.1,1000000000,99999999,0.1,0.00001,0.00001,0.08,0.1,False,True,2,1.00,1.00,False,False,,,,,,1715760000000.0
600,DRIFT-USDT,DRIFT-USDT,DRIFT,USDT,USDT,USDS,1,0.1,1000000000,99999999,0.01,0.0001,0.0001,0.08,0.1,False,True,2,1.00,1.00,False,False,,,,,,1715860800000.0
601,NOT-USDT,NOT-USDT,NOT,USDT,USDT,USDS,10,0.1,10000000000,99999999,1,0.0000001,0.0000001,0.05,0.1,True,True,1,1.00,1.00,False,False,,,,,,1715860800000.0
602,SQD-USDT,SQD-USDT,SQD,USDT,USDT,USDS,10,0.1,10000000000,99999999,0.1,0.00001,0.00001,0.08,0.1,False,True,2,1.00,1.00,False,False,,,,,,1715932800000.0
603,MONPRO-USDT,MONPRO-USDT,MONPRO,USDT,USDT,USDS,10,0.1,10000000000,99999999,0.1,0.00001,0.00001,0.05,0.1,False,True,2,1.00,1.00,False,False,0.00001,0.09,1758787200000.0,1758790200000.0,1758790500000.0,1758790800000.0
604,TAIKO-USDT,TAIKO-USDT,TAIKO,USDT,USDT,USDS,0.1,0.1,10000000000,99999999,0.01,0.0001,0.0001,0.05,0.1,False,True,2,1.00,1.00,False,False,,,,,,1717592400000.0
605,LKI-USDT,LKI-USDT,LKI,USDT,USDT,USDS,1000,0.1,10000000000,99999999,1,0.0000001,0.0000001,0.08,0.1,False,True,3,1.00,1.00,False,False,,,,,,1717664400000.0
606,BRETT-USDT,BRETT-USDT,BRETT,USDT,USDT,USDS,1,0.1,10000000000,99999999,0.1,0.00001,0.00001,0.05,0.1,False,True,2,1.00,1.00,False,False,,,,,,1717664400000.0
607,IO-USDT,IO-USDT,IO,USDT,USDT,USDS,1,0.1,10000000000,99999999,0.01,0.0001,0.0001,0.05,0.1,False,True,1,1.00,1.00,False,False,,,,,,1718107200000.0
608,UNA-USDT,UNA-USDT,UNA,USDT,USDT,USDS,10,0.1,10000000000,99999999,0.1,0.00001,0.00001,0.05,0.1,False,True,3,1.00,1.00,False,False,,,,,,1718186400000.0
609,ATH-USDT,ATH-USDT,ATH,USDT,USDT,USDS,10,0.1,10000000000,99999999,0.1,0.000001,0.000001,0.05,0.1,False,True,2,1.00,1.00,False,False,,,,,,1718186400000.0
610,COOKIE-USDT,COOKIE-USDT,COOKIE,USDT,USDT,USDS,10,0.1,10000000000,99999999,0.1,0.00001,0.00001,0.05,0.1,False,True,1,1.00,1.00,False,False,,,,,,1718272800000.0
611,ARTFI-USDT,ARTFI-USDT,ARTFI,USDT,USDT,USDS,1000,0.1,10000000000,99999999,1,0.0000001,0.0000001,0.05,0.1,False,True,3,1.00,1.00,False,False,,,,,,1718622000000.0
612,ZK-USDT,ZK-USDT,ZK,USDT,USDT,USDS,1,0.1,10000000000,99999999,0.1,0.00001,0.00001,0.05,0.1,False,True,1,1.00,1.00,False,False,,,,,,1718611200000.0
613,OORT-USDT,OORT-USDT,OORT,USDT,USDT,USDS,1,0.1,10000000000,99999999,0.1,0.00001,0.00001,0.08,0.1,False,True,3,1.00,1.00,False,False,,,,,,1718704800000.0
614,ZRO-USDT,ZRO-USDT,ZRO,USDT,USDT,USDS,1,0.1,10000000000,99999999,0.01,0.0001,0.0001,0.05,0.1,True,True,1,1.00,1.00,False,False,,,,,,1718884800000.0
615,LISTA-USDT,LISTA-USDT,LISTA,USDT,USDT,USDS,1,0.1,10000000000,99999999,0.01,0.0001,0.0001,0.08,0.1,False,True,1,1.00,1.00,False,False,,,,,,1718877600000.0
616,NRN-USDT,NRN-USDT,NRN,USDT,USDT,USDS,100,0.1,10000000000,99999999,1,0.000001,0.000001,0.08,0.1,False,True,3,1.00,1.00,False,False,,,,,,1719216000000.0
617,BLAST-USDT,BLAST-USDT,BLAST,USDT,USDT,USDS,10,0.1,10000000000,99999999,1,0.000001,0.000001,0.05,0.1,False,True,2,1.00,1.00,False,False,,,,,,1719414000000.0
618,ZEX-USDT,ZEX-USDT,ZEX,USDT,USDT,USDS,1,0.1,10000000000,99999999,0.01,0.0001,0.0001,0.05,0.1,False,True,2,1.00,1.00,True,False,,,,,,1719482400000.0
619,NATIX-USDT,NATIX-USDT,NATIX,USDT,USDT,USDS,100,0.1,10000000000,99999999,1,0.0000001,0.0000001,0.05,0.1,False,True,3,1.00,1.00,False,False,,,,,,1719914400000.0
620,MOG-USDT,MOG-USDT,MOG,USDT,USDT,USDS,1000000,0.1,1000000000000,99999999,1,0.0000000001,0.0000000001,0.05,0.1,False,True,2,1.00,1.00,False,False,,,,,,1720080000000.0
621,XR-USDT,XR-USDT,XR,USDT,USDT,USDS,100,0.1,10000000000,99999999,1,0.000001,0.000001,0.05,0.1,False,True,2,1.00,1.00,False,False,,,,,,1720684800000.0
622,MOCA-USDT,MOCA-USDT,MOCA,USDT,USDT,USDS,10,0.1,10000000000,99999999,0.1,0.00001,0.00001,0.05,0.1,False,True,2,1.00,1.00,False,False,,,,,,1720692000000.0
623,UXLINK-USDT,UXLINK-USDT,UXLINK,USDT,USDT,USDS,100,0.1,10000000000,99999999,1,0.00001,0.000001,0.05,0.1,False,True,2,1.00,1.00,False,False,0.00001,0.088,1763114400000.0,1763117400000.0,1763117700000.0,1763118000000.0
624,ANYONE-USDT,ANYONE-USDT,ANYONE,USDT,USDT,USDS,1,0.1,10000000000,99999999,0.01,0.0001,0.0001,0.08,0.1,False,True,3,1.00,1.00,False,False,,,,,,1721293200000.0
625,BANANA-USDT,BANANA-USDT,BANANA,USDT,USDT,USDS,0.01,0.1,10000000000,99999999,0.01,0.01,0.01,0.05,0.1,False,True,1,1.00,1.00,False,False,,,,,,1721390400000.0
626,AVAIL-USDT,AVAIL-USDT,AVAIL,USDT,USDT,USDS,10,0.1,10000000000,99999999,1,0.000001,0.000001,0.05,0.1,False,True,2,1.00,1.00,False,False,,,,,,1721736000000.0
627,LRDS-USDT,LRDS-USDT,LRDS,USDT,USDT,USDS,1,0.1,10000000000,99999999,0.01,0.0001,0.0001,0.08,0.1,False,True,2,1.00,1.00,False,False,,,,,,1721826000000.0
628,L3-USDT,L3-USDT,L3,USDT,USDT,USDS,1,0.1,10000000000,99999999,0.1,0.00001,0.00001,0.05,0.1,False,True,2,1.00,1.00,False,False,,,,,,1722333600000.0
629,CXT-USDT,CXT-USDT,CXT,USDT,USDT,USDS,10,0.1,10000000000,99999999,0.1,0.00001,0.00001,0.05,0.1,False,True,2,1.00,1.00,False,False,,,,,,1722502800000.0
630,G-USDT,G-USDT,G,USDT,USDT,USDS,10,0.1,10000000000,99999999,0.1,0.00001,0.00001,0.05,0.1,False,True,1,1.00,1.00,False,False,,,,,,1724054400000.0
631,RENDER-USDT,RENDER-USDT,RENDER,USDT,USDT,USDS,0.1,0.1,10000000000,99999999,0.01,0.001,0.001,0.05,0.1,False,True,1,1.00,1.00,False,False,,,,,,1724227200000.0
632,CAT-USDT,CAT-USDT,CAT,USDT,USDT,USDS,100000,0.1,100000000000,99999999,1,0.000000001,0.000000001,0.05,0.1,False,True,3,1.00,1.00,False,False,,,,,,1724335200000.0
633,POPCAT-USDT,POPCAT-USDT,POPCAT,USDT,USDT,USDS,10,0.1,10000000000,99999999,0.1,0.00001,0.00001,0.05,0.1,False,True,3,1.00,1.00,False,False,,,,,,1724338800000.0
634,DOGS-USDT,DOGS-USDT,DOGS,USDT,USDT,USDS,1000,0.1,10000000000,99999999,1,0.00000001,0.00000001,0.08,0.1,False,True,1,1.00,1.00,False,False,,,,,,1724673600000.0
635,ORDER-USDT,ORDER-USDT,ORDER,USDT,USDT,USDS,10,0.1,10000000000,99999999,0.1,0.00001,0.00001,0.05,0.1,False,True,2,1.00,1.00,False,False,,,,,,1724666400000.0
636,SUNDOG-USDT,SUNDOG-USDT,SUNDOG,USDT,USDT,USDS,1,0.1,10000000000,99999999,0.0001,0.00001,0.00001,0.08,0.1,False,True,3,1.00,1.00,False,False,,,,,,1725357600000.0
637,ROOBEE-USDT,ROOBEE-USDT,ROOBEE,USDT,USDT,USDS,1000,0.1,10000000000,99999999,1,0.0000001,0.0000001,0.08,0.1,False,True,3,1.00,1.00,False,False,,,,,,1725350400000.0
638,CATI-USDT,CATI-USDT,CATI,USDT,USDT,USDS,1,0.1,10000000000,99999999,0.1,0.00001,0.00001,0.05,0.1,True,True,1,1.00,1.00,False,False,,,,,,1726826400000.0
639,TURBO-USDT,TURBO-USDT,TURBO,USDT,USDT,USDS,100,0.1,10000000000,99999999,1,0.000001,0.000001,0.05,0.1,False,True,1,1.00,1.00,False,False,,,,,,1726480800000.0
640,NEIROCTO-USDT,NEIROCTO-USDT,NEIROCTO,USDT,USDT,USDS,1000,0.1,10000000000,99999999,1,0.0000001,0.0000001,0.05,0.1,True,True,1,1.00,1.00,False,False,,,,,,1726563600000.0
641,SKY-USDT,SKY-USDT,SKY,USDT,USDT,USDS,10,0.1,1000000000,99999999,0.1,0.00001,0.00001,0.05,0.1,False,True,2,1.00,1.00,False,False,,,,,,1727870400000.0
642,HMSTR-USDT,HMSTR-USDT,HMSTR,USDT,USDT,USDS,1000,0.1,10000000000,99999999,1,0.0000001,0.0000001,0.05,0.1,False,True,1,1.00,1.00,False,False,,,,,,1727352000000.0
643,MOODENG-USDT,MOODENG-USDT,MOODENG,USDT,USDT,USDS,10,0.1,10000000000,99999999,0.1,0.00001,0.00001,0.05,0.1,False,True,3,1.00,1.00,False,False,,,,,,1727434800000.0
644,EIGEN-USDT,EIGEN-USDT,EIGEN,USDT,USDT,USDS,0.1,0.1,10000000000,99999999,0.01,0.0001,0.0001,0.05,0.1,True,True,1,1.00,1.00,False,False,,,,,,1727757000000.0
645,CHO-USDT,CHO-USDT,CHO,USDT,USDT,USDS,100,0.1,10000000000,99999999,1,0.000001,0.000001,0.1,0.1,False,True,2,1.00,1.00,False,False,,,,,,1728374400000.0
646,PONKE-USDT,PONKE-USDT,PONKE,USDT,USDT,USDS,10,0.1,10000000000,99999999,0.1,0.00001,0.00001,0.05,0.1,False,True,2,1.00,1.00,False,False,,,,,,1728468000000.0
647,CARV-USDT,CARV-USDT,CARV,USDT,USDT,USDS,1,0.1,10000000000,99999999,0.01,0.0001,0.0001,0.08,0.1,False,True,2,1.00,1.00,False,False,,,,,,1728547200000.0
648,HIPPO-USDT,HIPPO-USDT,HIPPO,USDT,USDT,USDS,10,0.1,10000000000,99999999,0.1,0.000001,0.000001,0.08,0.1,False,True,3,1.00,1.00,False,False,,,,,,1728554400000.0
649,PUFFER-USDT,PUFFER-USDT,PUFFER,USDT,USDT,USDS,1,0.1,10000000000,99999999,0.01,0.00001,0.00001,0.05,0.1,False,True,2,1.00,1.00,False,False,,,,,,1728907200000.0
650,WMTX-USDT,WMTX-USDT,WMTX,USDT,USDT,USDS,10,0.1,10000000000,99999999,0.1,0.00001,0.00001,0.08,0.1,False,True,3,1.00,1.00,False,False,,,,,,1728892800000.0
651,DEEP-USDT,DEEP-USDT,DEEP,USDT,USDT,USDS,10,0.1,10000000000,99999999,1,0.000001,0.000001,0.05,0.1,False,True,2,1.00,1.00,False,False,,,,,,1728900000000.0
652,RMV-USDT,RMV-USDT,RMV,USDT,USDT,USDS,100,0.1,10000000000,99999999,1,0.000001,0.000001,0.08,0.1,False,True,3,1.00,1.00,False,False,,,,,,1728892800000.0
653,DBR-USDT,DBR-USDT,DBR,USDT,USDT,USDS,100,0.1,10000000000,99999999,1,0.000001,0.000001,0.05,0.1,False,True,2,1.00,1.00,False,False,,,,,,1729152000000.0
654,X-USDT,X-USDT,X,USDT,USDT,TON,1000,0.1,10000000000,99999999,1,0.00000001,0.00000001,0.08,0.1,False,True,2,1.00,1.00,False,False,,,,,,1729771200000.0
655,SCR-USDT,SCR-USDT,SCR,USDT,USDT,USDS,10,0.1,10000000000,99999999,0.1,0.0001,0.00001,0.08,0.1,False,True,1,1.00,1.00,False,False,,,,,,1729584000000.0
656,USDC-EUR,USDC-EUR,USDC,EUR,EUR,FIAT,0.1,0.1,10000000000,99999999,0.01,0.0001,0.0001,0.04,,False,True,1,1.00,1.00,False,False,,,,,,1731481200000.0
657,GOAT-USDT,GOAT-USDT,GOAT,USDT,USDT,USDS,10,0.1,10000000000,99999999,0.1,0.00001,0.00001,0.05,0.1,False,True,2,1.00,1.00,False,False,,,,,,1729857600000.0
658,GRASS-USDT,GRASS-USDT,GRASS,USDT,USDT,USDS,1,0.1,10000000000,99999999,0.01,0.0001,0.0001,0.05,0.1,False,True,2,1.00,1.00,False,False,,,,,,1730124000000.0
659,PHIL-USDT,PHIL-USDT,PHIL,USDT,USDT,USDS,100,0.1,10000000000,99999999,1,0.000001,0.000001,0.05,0.1,False,True,3,1.00,1.00,False,False,,,,,,1730455200000.0
660,KAIA-USDT,KAIA-USDT,KAIA,USDT,USDT,USDS,10,0.1,10000000000,99999999,0.1,0.00001,0.00001,0.05,0.1,False,True,1,1.00,1.00,False,False,,,,,,1730444400000.0
661,ARCA-USDT,ARCA-USDT,ARCA,USDT,USDT,USDS,10,0.1,10000000000,99999999,0.1,0.00001,0.00001,0.05,0.1,False,True,3,1.00,1.00,False,False,,,,,,1730718000000.0
662,ACTSOL-USDT,ACTSOL-USDT,ACTSOL,USDT,USDT,USDS,10,0.1,10000000000,99999999,0.1,0.00001,0.00001,0.08,0.1,False,True,1,1.00,1.00,False,False,,,,,,1730714400000.0
663,COW-USDT,COW-USDT,COW,USDT,USDT,USDS,1,0.1,10000000000,99999999,0.01,0.0001,0.0001,0.05,0.1,False,True,1,1.00,1.00,False,False,,,,,,1730894400000.0
664,SWELL-USDT,SWELL-USDT,SWELL,USDT,USDT,USDS,10,0.1,10000000000,99999999,1,0.000001,0.000001,0.05,0.1,False,True,2,1.00,1.00,False,False,,,,,,1730973600000.0
665,CVC-USDT,CVC-USDT,CVC,USDT,USDT,USDS,1,0.1,10000000000,99999999,0.01,0.0001,0.0001,0.08,0.1,False,True,1,0.00,1.00,False,False,0.025,0.6,1731045600000.0,1731047400000.0,1731048900000.0,1731049200000.0
666,PEAQ-USDT,PEAQ-USDT,PEAQ,USDT,USDT,USDS,10,0.1,10000000000,99999999,0.1,0.00001,0.00001,0.05,0.1,False,True,2,1.00,1.00,False,False,,,,,,1731402000000.0
667,PNUT-USDT,PNUT-USDT,PNUT,USDT,USDT,USDS,1,0.1,10000000000,99999999,0.01,0.0001,0.0001,0.05,0.1,True,True,1,1.00,1.00,False,False,,,,,,1731326400000.0
668,NS-USDT,NS-USDT,NS,USDT,USDT,USDS,10,0.1,10000000000,99999999,0.1,0.00001,0.00001,0.08,0.1,False,True,2,1.00,1.00,False,False,,,,,,1731582000000.0
669,HSK-USDT,HSK-USDT,HSK,USDT,USDT,USDS,1,0.1,10000000000,99999999,0.01,0.0001,0.0001,0.05,0.1,False,True,2,1.00,1.00,False,False,,,,,,1732615200000.0
670,NPC-USDT,NPC-USDT,NPC,USDT,USDT,USDS,10,0.1,10000000000,99999999,0.1,0.00001,0.00001,0.05,0.1,False,True,3,1.00,1.00,False,False,,,,,,1731924000000.0
671,BAN-USDT,BAN-USDT,BAN,USDT,USDT,USDS,1,0.1,10000000000,99999999,0.01,0.00001,0.00001,0.08,0.1,False,True,3,1.00,1.00,False,False,,,,,,1731927600000.0
672,MORPHO-USDT,MORPHO-USDT,MORPHO,USDT,USDT,USDS,1,0.1,10000000000,99999999,0.01,0.0001,0.0001,0.05,0.1,False,True,2,1.00,1.00,False,False,,,,,,1732183200000.0
673,ASI-USDT,ASI-USDT,ASI,USDT,USDT,USDS,100,0.1,10000000000,99999999,1,0.000001,0.000001,0.05,0.1,False,True,3,1.00,1.00,True,False,,,,,,1732186800000.0
674,MEMEFI-USDT,MEMEFI-USDT,MEMEFI,USDT,USDT,USDS,100,0.1,10000000000,99999999,1,0.0000001,0.0000001,0.05,0.1,False,True,2,1.00,1.00,False,False,,,,,,1732280400000.0
675,RWA-USDT,RWA-USDT,RWA,USDT,USDT,USDS,100,0.1,10000000000,99999999,1,0.000001,0.000001,0.05,0.1,False,True,2,1.00,1.00,False,False,,,,,,1732528800000.0
676,SLERF-USDT,SLERF-USDT,SLERF,USDT,USDT,USDS,10,0.1,10000000000,99999999,0.1,0.00001,0.00001,0.05,0.1,False,True,2,1.00,1.00,True,False,0.00001,0.4,1761098400000.0,1761101400000.0,1761101700000.0,1761102000000.0
677,KIMA-USDT,KIMA-USDT,KIMA,USDT,USDT,USDS,10,0.1,10000000000,99999999,0.1,0.00001,0.00001,0.05,0.1,False,True,3,1.00,1.00,True,False,,,,,,1732626000000.0
678,WOD-USDT,WOD-USDT,WOD,USDT,USDT,USDS,10,0.1,10000000000,99999999,0.1,0.00001,0.00001,0.05,0.1,False,True,3,1.00,1.00,False,False,,,,,,1732705200000.0
679,READY-USDT,READY-USDT,READY,USDT,USDT,USDS,10,0.1,10000000000,99999999,0.1,0.000001,0.000001,0.08,0.1,False,True,3,1.00,1.00,False,False,,,,,,1732618800000.0
680,FLUX-USDC,FLUX-USDC,FLUX,USDC,USDC,USDS,1,0.1,10000000000,99999999,0.01,0.00001,0.00001,0.05,0.1,False,True,1,1.00,1.00,False,False,,,,,,1732608000000.0
681,SYRUP-USDT,SYRUP-USDT,SYRUP,USDT,USDT,USDS,1,0.1,10000000000,99999999,0.01,0.0001,0.0001,0.05,0.1,False,True,3,1.00,1.00,False,False,,,,,,1732618800000.0
682,SUPRA-USDT,SUPRA-USDT,SUPRA,USDT,USDT,USDS,100,0.1,10000000000,99999999,1,0.000001,0.000001,0.05,0.1,False,True,2,1.00,1.00,False,False,,,,,,1732712400000.0
683,LUMIA-USDT,LUMIA-USDT,LUMIA,USDT,USDT,USDS,1,0.1,10000000000,99999999,0.01,0.0001,0.0001,0.08,0.1,False,True,1,1.00,1.00,False,False,,,,,,1732694400000.0
684,MAJOR-USDT,MAJOR-USDT,MAJOR,USDT,USDT,USDS,1,0.1,10000000000,99999999,0.01,0.00001,0.00001,0.08,0.1,False,True,2,1.00,1.00,False,False,,,,,,1732795200000.0
685,CHILLGUY-USDT,CHILLGUY-USDT,CHILLGUY,USDT,USDT,USDS,10,0.1,10000000000,99999999,0.01,0.00001,0.00001,0.05,0.1,False,True,2,1.00,1.00,False,False,,,,,,1732708800000.0
686,VIRTUAL-USDT,VIRTUAL-USDT,VIRTUAL,USDT,USDT,USDS,0.1,0.1,10000000000,99999999,0.01,0.0001,0.0001,0.05,0.1,False,True,2,1.00,1.00,False,False,,,,,,1732881600000.0
687,TOSHI-USDT,TOSHI-USDT,TOSHI,USDT,USDT,USDS,1000,0.1,10000000000,99999999,1,0.0000001,0.0000001,0.05,0.1,False,True,3,1.00,1.00,False,False,,,,,,1733220000000.0
688,XION-USDT,XION-USDT,XION,USDT,USDT,USDS,1,0.1,10000000000,99999999,0.01,0.0001,0.0001,0.08,0.1,False,True,2,1.00,1.00,False,False,,,,,,1733392800000.0
689,SPX-USDT,SPX-USDT,SPX,USDT,USDT,USDS,1,0.1,10000000000,99999999,0.01,0.0001,0.0001,0.05,0.1,False,True,2,1.00,1.00,False,False,,,,,,1733306400000.0
690,AVAAI-USDT,AVAAI-USDT,AVAAI,USDT,USDT,USDS,10,0.1,10000000000,99999999,0.1,0.00001,0.00001,0.05,0.1,False,True,3,1.00,1.00,False,False,,,,,,1733396400000.0
691,GIGA-USDT,GIGA-USDT,GIGA,USDT,USDT,USDS,10,0.1,10000000000,99999999,0.1,0.00001,0.00001,0.05,0.1,False,True,3,1.00,1.00,False,False,0.001,0.15,1733396400000.0,1733398800000.0,1733399700000.0,1733400000000.0
692,F-USDT,F-USDT,F,USDT,USDT,USDS,10,0.1,10000000000,99999999,1,0.000001,0.000001,0.08,0.1,False,True,1,1.00,1.00,False,False,,,,,,1733479200000.0
693,DOGEGOV-USDT,DOGEGOV-USDT,DOGEGOV,USDT,USDT,USDS,100,0.1,10000000000,99999999,1,0.000001,0.000001,0.08,0.1,False,True,3,1.00,1.00,False,False,,,,,,1733482800000.0
694,HYPE-USDT,HYPE-USDT,HYPE,USDT,USDT,USDS,0.01,0.1,10000000000,99999999,0.01,0.001,0.001,0.02,0.1,False,True,1,1.00,1.00,False,False,,,,,,1733583600000.0
695,MOVE-USDT,MOVE-USDT,MOVE,USDT,USDT,USDS,10,0.1,10000000000,99999999,0.1,0.0001,0.00001,0.05,0.1,True,True,1,1.00,1.00,False,False,,,,,,1733745600000.0
696,ZEREBRO-USDT,ZEREBRO-USDT,ZEREBRO,USDT,USDT,USDS,10,0.1,10000000000,99999999,0.1,0.00001,0.00001,0.08,0.1,False,True,2,1.00,1.00,False,False,,,,,,1733742000000.0
697,U2U-USDT,U2U-USDT,U2U,USDT,USDT,USDS,100,0.1,10000000000,99999999,1,0.000001,0.000001,0.08,0.1,False,True,2,1.00,1.00,False,False,,,,,,1733824800000.0
698,ME-USDT,ME-USDT,ME,USDT,USDT,USDS,0.1,0.1,10000000000,99999999,0.1,0.00001,0.00001,0.08,0.1,False,True,1,1.00,1.00,False,False,,,,,,1733839200000.0
699,BLUE-USDT,BLUE-USDT,BLUE,USDT,USDT,USDS,1,0.1,10000000000,99999999,0.1,0.00001,0.00001,0.08,0.1,False,True,3,1.00,1.00,False,False,,,,,,1733911200000.0
700,CHEQ-USDT,CHEQ-USDT,CHEQ,USDT,USDT,USDS,100,0.1,10000000000,99999999,1,0.000001,0.000001,0.08,0.1,False,True,3,1.00,1.00,False,False,0.01,0.3,1733904000000.0,1733906400000.0,1733907300000.0,1733907600000.0
701,HOLD-USDT,HOLD-USDT,HOLD,USDT,USDT,USDS,1,0.1,10000000000,99999999,0.01,0.0001,0.0001,0.08,0.1,False,True,2,1.00,1.00,False,False,,,,,,1734001200000.0
702,LINGO-USDT,LINGO-USDT,LINGO,USDT,USDT,USDS,10,0.1,10000000000,99999999,0.1,0.00001,0.00001,0.08,0.1,False,True,3,1.00,1.00,False,False,,,,,,1734015600000.0
703,KOMA-USDT,KOMA-USDT,KOMA,USDT,USDT,USDS,1,0.1,10000000000,99999999,0.01,0.00001,0.00001,0.05,0.1,False,True,3,1.00,1.00,False,False,,,,,,1734350400000.0
704,USUAL-USDT,USUAL-USDT,USUAL,USDT,USDT,USDS,10,0.1,10000000000,99999999,0.1,0.00001,0.00001,0.05,0.1,False,True,1,1.00,1.00,False,False,,,,,,1734519600000.0
705,ISLAND-USDT,ISLAND-USDT,ISLAND,USDT,USDT,USDS,100,0.1,10000000000,99999999,1,0.000001,0.000001,0.05,0.1,False,True,3,1.00,1.00,False,False,,,,,,1734447600000.0
706,STREAM-USDT,STREAM-USDT,STREAM,USDT,USDT,USDS,10,1,10000000000,99999999,0.1,0.00001,0.00001,0.05,0.1,False,True,2,1.00,1.00,False,False,,,,,,1734440400000.0
707,PENGU-USDT,PENGU-USDT,PENGU,USDT,USDT,USDS,10,0.1,10000000000,99999999,1,0.000001,0.000001,0.05,0.1,True,True,1,1.00,1.00,False,False,,,,,,1734444000000.0
708,FUEL-USDT,FUEL-USDT,FUEL,USDT,USDT,USDS,100,0.1,10000000000,99999999,1,0.000001,0.000001,0.08,0.1,False,True,3,1.00,1.00,False,False,,,,,,1734602400000.0
709,ITHACA-USDT,ITHACA-USDT,ITHACA,USDT,USDT,USDS,100,1,10000000000,99999999,1,0.0000001,0.0000001,0.08,0.1,False,True,3,1.00,1.00,False,False,,,,,,1734602400000.0
710,HPOS10I-USDT,HPOS10I-USDT,HPOS10I,USDT,USDT,USDS,1,0.1,10000000000,99999999,0.01,0.0001,0.0001,0.05,0.1,False,True,2,1.00,1.00,False,False,,,,,,1734595200000.0
711,FARTCOIN-USDT,FARTCOIN-USDT,FARTCOIN,USDT,USDT,USDS,1,0.1,10000000000,99999999,0.01,0.0001,0.0001,0.05,0.1,False,True,3,1.00,1.00,False,False,0.0001,3,1734595200000.0,1734597900000.0,1734598500000.0,1734598800000.0
712,EYWA-USDT,EYWA-USDT,EYWA,USDT,USDT,USDS,1000,0.1,10000000000,99999999,1,0.0000001,0.0000001,0.08,0.1,False,True,3,1.00,1.00,False,False,,,,,,1734692400000.0
713,PURR-USDT,PURR-USDT,PURR,USDT,USDT,USDS,1,0.1,10000000000,99999999,0.01,0.0001,0.0001,0.05,0.1,False,True,1,1.00,1.00,False,False,,,,,,1734703200000.0
714,GRIFFAIN-USDT,GRIFFAIN-USDT,GRIFFAIN,USDT,USDT,USDS,10,0.1,10000000000,99999999,0.1,0.00001,0.00001,0.05,0.1,False,True,3,1.00,1.00,False,False,0.0001,0.71,1735030800000.0,1735033500000.0,1735034100000.0,1735034400000.0
715,AIXBT-USDT,AIXBT-USDT,AIXBT,USDT,USDT,USDS,10,0.1,10000000000,99999999,0.1,0.00001,0.00001,0.05,0.1,False,True,1,1.00,1.00,False,False,0.0001,1.0245,1735034400000.0,1735037100000.0,1735037700000.0,1735038000000.0
716,TEVA-USDT,TEVA-USDT,TEVA,USDT,USDT,USDS,10,0.1,10000000000,99999999,1,0.000001,0.000001,0.08,0.1,False,True,3,1.00,1.00,True,False,,,,,,1735308000000.0
717,FB-USDT,FB-USDT,FB,USDT,USDT,USDS,1,0.1,10000000000,99999999,0.01,0.0001,0.0001,0.08,0.1,False,True,3,1.00,1.00,False,False,0.001,9,1735632000000.0,1735634700000.0,1735635300000.0,1735635600000.0
718,MILADYCULT-USDT,MILADYCULT-USDT,MILADYCULT,USDT,USDT,USDS,100,0.1,10000000000,99999999,1,0.0000001,0.0000001,0.05,0.1,False,True,3,1.00,1.00,False,False,,,,,,1735556400000.0
719,REKT-USDT,REKT-USDT,REKT,USDT,USDT,USDS,100000,0.1,1000000000000,99999999,1,0.00000000001,0.00000000001,0.05,0.1,False,True,3,1.00,1.00,False,False,,,,,,1735639200000.0
720,BIO-USDT,BIO-USDT,BIO,USDT,USDT,USDS,10,0.1,10000000000,99999999,0.1,0.00001,0.00001,0.05,0.1,True,True,1,1.00,1.00,False,False,,,,,,1735898400000.0
721,LAVA-USDT,LAVA-USDT,LAVA,USDT,USDT,USDS,10,0.1,10000000000,99999999,0.1,0.0001,0.00001,0.05,0.1,False,True,2,1.00,1.00,False,False,,,,,,1736416800000.0
722,ARCSOL-USDT,ARCSOL-USDT,ARCSOL,USDT,USDT,USDS,10,0.1,10000000000,99999999,0.1,0.00001,0.00001,0.08,0.1,False,True,3,1.00,1.00,False,False,0.0001,1.6,1735819200000.0,1735821900000.0,1735822500000.0,1735822800000.0
723,SWARMS-USDT,SWARMS-USDT,SWARMS,USDT,USDT,USDS,1,0.1,10000000000,99999999,0.1,0.00001,0.00001,0.08,0.1,False,True,3,1.00,1.00,False,False,0.0001,1,1735905600000.0,1735908300000.0,1735908900000.0,1735909200000.0
724,VANA-USDT,VANA-USDT,VANA,USDT,USDT,USDS,0.01,0.1,10000000000,99999999,0.01,0.001,0.001,0.08,0.1,False,True,1,1.00,1.00,False,False,3,100,1735981200000.0,1735983900000.0,1735984500000.0,1735984800000.0
725,SONIC-USDT,SONIC-USDT,SONIC,USDT,USDT,USDS,1,0.1,10000000000,99999999,0.1,0.00001,0.00001,0.05,0.1,False,True,2,1.00,1.00,False,False,,,,,,1736251200000.0
726,GAMEAI-USDT,GAMEAI-USDT,GAMEAI,USDT,USDT,USDS,10,0.1,10000000000,99999999,0.1,0.000001,0.000001,0.05,0.1,False,True,2,1.00,1.00,False,False,0.0001,0.886,1736254800000.0,1736257500000.0,1736258100000.0,1736258400000.0
727,XTER-USDT,XTER-USDT,XTER,USDT,USDT,USDS,0.1,0.1,10000000000,99999999,0.1,0.00001,0.00001,0.05,0.1,False,True,2,1.00,1.00,False,False,,,,,,1736330400000.0
728,ACX-USDT,ACX-USDT,ACX,USDT,USDT,USDS,1,0.1,1000000000,99999999,0.01,0.0001,0.0001,0.05,0.1,False,True,1,1.00,1.00,False,False,,,,,,1736334000000.0
729,CLOUD-USDT,CLOUD-USDT,CLOUD,USDT,USDT,USDS,1,0.1,10000000000,99999999,0.01,0.0001,0.0001,0.05,0.1,False,True,2,1.00,1.00,False,False,0.0001,1,1736323200000.0,1736325900000.0,1736326500000.0,1736326800000.0
730,PAAL-USDT,PAAL-USDT,PAAL,USDT,USDT,USDS,10,0.1,10000000000,99999999,0.1,0.00001,0.00001,0.05,0.1,False,True,2,1.00,1.00,False,False,,,,,,1736416800000.0
731,LOFI-USDT,LOFI-USDT,LOFI,USDT,USDT,USDS,10,0.1,10000000000,99999999,0.1,0.00001,0.00001,0.05,0.1,False,True,3,1.00,1.00,False,False,,,,,,1736503200000.0
732,DUCK-USDT,DUCK-USDT,DUCK,USDT,USDT,USDS,1000,0.1,10000000000,99999999,1,0.000001,0.00000001,0.08,0.1,False,True,2,1.00,1.00,False,False,,,,,,1737021600000.0
733,NC-USDT,NC-USDT,NC,USDT,USDT,USDS,100,0.1,10000000000,99999999,1,0.000001,0.000001,0.05,0.1,False,True,2,1.00,1.00,False,False,,,,,,1737108000000.0
734,GPS-USDT,GPS-USDT,GPS,USDT,USDT,USDS,10,0.1,10000000000,99999999,0.1,0.00001,0.00001,0.08,0.1,False,True,1,1.00,1.00,False,False,,,,,,1737021600000.0
735,SOLV-USDT,SOLV-USDT,SOLV,USDT,USDT,USDS,10,0.1,10000000000,99999999,0.1,0.00001,0.00001,0.05,0.1,False,True,1,1.00,1.00,False,False,,,,,,1737108000000.0
736,OBT-USDT,OBT-USDT,OBT,USDT,USDT,USDS,100,0.1,10000000000,99999999,1,0.000001,0.000001,0.08,0.1,False,True,2,1.00,1.00,False,False,,,,,,1737367200000.0
737,TRUMP-USDT,TRUMP-USDT,TRUMP,USDT,USDT,USDS,0.1,0.1,10000000000,99999999,0.01,0.001,0.001,0.03,0.1,True,True,1,1.00,1.00,False,False,0.001,100,1737205200000.0,1737208200000.0,1737208500000.0,1737208800000.0
738,J-USDT,J-USDT,J,USDT,USDT,USDS,1,0.1,10000000000,99999999,0.01,0.00001,0.00001,0.08,0.1,False,True,2,1.00,1.00,False,False,,,,,,1737540000000.0
739,CHIRP-USDT,CHIRP-USDT,CHIRP,USDT,USDT,USDS,1,0.1,10000000000,99999999,0.1,0.00001,0.00001,0.08,0.1,False,True,3,1.00,1.00,False,False,,,,,,1737381600000.0
740,MELANIA-USDT,MELANIA-USDT,MELANIA,USDT,USDT,USDS,1,0.1,10000000000,99999999,0.01,0.00001,0.00001,0.05,0.1,False,True,3,1.00,1.00,False,False,0.001,36.85,1737349200000.0,1737352200000.0,1737352500000.0,1737352800000.0
741,PLUME-USDT,PLUME-USDT,PLUME,USDT,USDT,USDS,1,0.1,10000000000,99999999,1,0.000001,0.000001,0.05,0.1,False,True,2,1.00,1.00,False,False,,,,,,1737450000000.0
742,ALU-USDT,ALU-USDT,ALU,USDT,USDT,USDS,10,0.1,10000000000,99999999,0.1,0.00001,0.00001,0.05,0.1,False,True,3,1.00,1.00,False,False,,,,,,1737453600000.0
743,ANIME-USDT,ANIME-USDT,ANIME,USDT,USDT,USDS,10,0.1,10000000000,99999999,1,0.000001,0.000001,0.05,0.1,True,True,1,1.00,1.00,False,False,,,,,,1737640800000.0
744,ANLOG-USDT,ANLOG-USDT,ANLOG,USDT,USDT,USDS,1000,0.1,10000000000,99999999,1,0.0000001,0.0000001,0.08,0.1,False,True,2,1.00,1.00,False,False,,,,,,1739185200000.0
745,SLC-USDT,SLC-USDT,SLC,USDT,USDT,USDS,1000,0.1,10000000000,99999999,1,0.0000001,0.0000001,0.08,0.1,False,True,3,1.00,1.00,False,False,0.0000001,0.16,1737540000000.0,1737543000000.0,1737543300000.0,1737727200000.0
746,VTHO-USDT,VTHO-USDT,VTHO,USDT,USDT,USDS,100,0.1,10000000000,99999999,1,0.000001,0.000001,0.05,0.1,False,True,1,1.00,1.00,False,False,0.000001,0.03331,1737550800000.0,1737553800000.0,1737554100000.0,1737554400000.0
747,S-USDT,S-USDT,S,USDT,USDT,USDS,1,0.1,10000000000,99999999,0.01,0.0001,0.0001,0.05,0.1,True,True,1,1.00,1.00,False,False,0.0001,3,1737615600000.0,1737618600000.0,1737618900000.0,1737619200000.0
748,EMYC-USDT,EMYC-USDT,EMYC,USDT,USDT,USDS,100,0.1,10000000000,99999999,1,0.000001,0.000001,0.08,0.1,False,True,3,1.00,1.00,False,False,,,,,,1737640800000.0
749,S-USDC,S-USDC,S,USDC,USDC,USDS,1,0.1,10000000000,99999999,0.01,0.0001,0.0001,0.08,0.1,False,True,1,1.00,1.00,False,False,0.0001,3,1737615600000.0,1737618600000.0,1737618900000.0,1737619200000.0
750,VINE-USDT,VINE-USDT,VINE,USDT,USDT,USDS,1,0.1,10000000000,99999999,0.1,0.00001,0.00001,0.05,0.1,False,True,2,1.00,1.00,False,False,0.0001,2,1737874800000.0,1737877800000.0,1737878100000.0,1737878400000.0
751,D-USDT,D-USDT,D,USDT,USDT,USDS,10,0.1,10000000000,99999999,0.1,0.00001,0.00001,0.05,0.1,False,True,1,1.00,1.00,False,False,0.00001,0.5,1737961200000.0,1737964200000.0,1737964500000.0,1737964800000.0
752,VVV-USDT,VVV-USDT,VVV,USDT,USDT,USDS,0.01,0.1,10000000000,99999999,0.01,0.001,0.001,0.08,0.1,False,True,2,1.00,1.00,False,False,0.001,86.15,1738054800000.0,1738057800000.0,1738058100000.0,1738058400000.0
753,JELLYJELLY-USDT,JELLYJELLY-USDT,JELLYJELLY,USDT,USDT,USDS,1,0.1,10000000000,99999999,0.1,0.00001,0.00001,0.05,0.1,False,True,3,1.00,1.00,False,False,0.0001,1,1738234800000.0,1738237800000.0,1738238100000.0,1738238400000.0
754,BERA-USDT,BERA-USDT,BERA,USDT,USDT,USDS,0.1,0.1,10000000000,99999999,0.01,0.0001,0.0001,0.05,0.1,False,True,1,1.00,1.00,False,False,,,,,,1738846800000.0
755,CHEEMS-USDT,CHEEMS-USDT,CHEEMS,USDT,USDT,USDS,1000000,0.1,1000000000000,99999999,1,0.0000000001,0.0000000001,0.08,0.1,False,True,1,1.00,1.00,False,False,0.0000000001,0.0000036925,1739192400000.0,1739195400000.0,1739195700000.0,1739196000000.0
756,TSTBSC-USDT,TSTBSC-USDT,TSTBSC,USDT,USDT,USDS,10,0.1,10000000000,99999999,0.1,0.00001,0.00001,0.05,0.1,False,True,1,1.00,1.00,False,False,0.0001,0.8,1739188800000.0,1739191800000.0,1739192100000.0,1739192400000.0
757,IP-USDT,IP-USDT,IP,USDT,USDT,USDS,1,0.1,10000000000,99999999,0.1,0.00001,0.00001,0.02,0.1,True,True,2,1.00,1.00,False,False,,,,,,1739437200000.0
758,LAYER-USDT,LAYER-USDT,LAYER,USDT,USDT,USDS,1,0.1,10000000000,99999999,0.01,0.0001,0.0001,0.05,0.1,False,True,1,1.00,1.00,False,False,0.0001,2,1765530000000.0,1765533000000.0,1765533300000.0,1765533600000.0
759,DIN-USDT,DIN-USDT,DIN,USDT,USDT,USDS,10,0.1,10000000000,99999999,0.1,0.00001,0.00001,0.1,0.1,False,True,3,1.00,1.00,False,False,,,,,,1739534400000.0
760,XOXO-USDT,XOXO-USDT,XOXO,USDT,USDT,USDS,10000,0.1,10000000000,99999999,1,0.0000001,0.00000001,0.08,0.1,False,True,3,1.00,1.00,False,False,,,,,,1739538000000.0
761,RIZ-USDT,RIZ-USDT,RIZ,USDT,USDT,USDS,1000,0.1,10000000000,99999999,1,0.0000001,0.0000001,0.05,0.1,False,True,3,1.00,1.00,False,False,,,,,,1740142800000.0
762,RONIN-USDT,RONIN-USDT,RONIN,USDT,USDT,USDS,1,0.1,10000000000,99999999,0.01,0.0001,0.0001,0.08,0.1,False,True,1,1.00,1.00,False,False,,,,,,1739872800000.0
763,SUI-USDC,SUI-USDC,SUI,USDC,USDC,USDS,0.1,0.1,10000000000,99999999,0.1,0.0001,0.0001,0.05,0.1,False,True,1,1.00,1.00,False,False,0.001,16,1740034800000.0,1740037800000.0,1740038100000.0,1740038400000.0
764,PEPE-USDC,PEPE-USDC,PEPE,USDC,USDC,USDS,100000,0.1,60000000000,99999999,1,0.000000001,0.000000001,0.05,0.1,False,True,1,1.00,1.00,False,False,0.00000001,0.00000475,1740038400000.0,1740041400000.0,1740041700000.0,1740042000000.0
765,VR-USDC,VR-USDC,VR,USDC,USDC,USDS,100,0.1,10000000000,99999999,1,0.000001,0.000001,0.05,0.1,False,True,2,1.00,1.00,False,False,0.000001,0.045,1740042000000.0,1740045000000.0,1740045300000.0,1740045600000.0
766,KAITO-USDT,KAITO-USDT,KAITO,USDT,USDT,USDS,10,0.1,10000000000,99999999,0.1,0.00001,0.00001,0.05,0.1,False,True,1,1.00,1.00,False,False,,,,,,1740056400000.0
767,B3-USDT,B3-USDT,B3,USDT,USDT,USDS,100,0.1,10000000000,99999999,1,0.000001,0.000001,0.08,0.1,False,True,2,1.00,1.00,False,False,0.000001,0.037,1740124800000.0,1740127800000.0,1740128100000.0,1740128400000.0
768,SFI-USDT,SFI-USDT,SFI,USDT,USDT,USDS,10,0.1,10000000000,99999999,0.1,0.00001,0.00001,0.08,0.1,False,True,3,1.00,1.00,False,False,0.00001,0.6,1740470400000.0,1740473400000.0,1740473700000.0,1740474000000.0
769,SHELL-USDT,SHELL-USDT,SHELL,USDT,USDT,USDS,1,0.1,10000000000,99999999,0.1,0.00001,0.00001,0.05,0.1,False,True,1,1.00,1.00,False,False,0.0001,6.12,1740654000000.0,1740657000000.0,1740657300000.0,1740657600000.0
770,FWOG-USDT,FWOG-USDT,FWOG,USDT,USDT,USDS,10,0.1,10000000000,99999999,0.1,0.00001,0.00001,0.08,0.1,False,True,3,1.00,1.00,False,False,0.00001,0.68,1740733200000.0,1740736200000.0,1740736500000.0,1740736800000.0
771,ROAM-USDT,ROAM-USDT,ROAM,USDT,USDT,USDS,10,0.1,10000000000,99999999,0.01,0.000001,0.000001,0.05,0.1,False,True,2,1.00,1.00,False,False,0.000001,5,1741251600000.0,1741254600000.0,1741254900000.0,1741255200000.0
772,HEI-USDT,HEI-USDT,HEI,USDT,USDT,USDS,1,0.1,10000000000,99999999,0.01,0.0001,0.0001,0.08,0.1,False,True,3,1.00,1.00,False,False,0.0001,5.5,1740988800000.0,1740991800000.0,1740992100000.0,1740992400000.0
773,REACT-USDT,REACT-USDT,REACT,USDT,USDT,USDS,1,0.1,10000000000,99999999,0.01,0.0001,0.0001,0.08,0.1,False,True,2,1.00,1.00,False,False,0.0001,1.555,1741161600000.0,1741164600000.0,1741164900000.0,1741165200000.0
774,REDSTONE-USDT,REDSTONE-USDT,REDSTONE,USDT,USDT,USDS,1,0.1,10000000000,99999999,0.01,0.0001,0.0001,0.08,0.1,False,True,1,1.00,1.00,False,False,0.0001,20,1741262400000.0,1741265400000.0,1741265700000.0,1741266000000.0
775,HONEY-USDT,HONEY-USDT,HONEY,USDT,USDT,USDS,10,0.1,10000000000,99999999,0.1,0.00001,0.00001,0.05,0.1,False,True,2,1.00,1.00,False,False,0.00001,0.452,1741244400000.0,1741247400000.0,1741247700000.0,1741248000000.0
776,LVVA-USDT,LVVA-USDT,LVVA,USDT,USDT,USDS,1000,0.1,10000000000,99999999,1,0.0000001,0.0000001,0.08,0.1,False,True,3,1.00,1.00,False,False,0.000001,0.04,1741687200000.0,1741690200000.0,1741690500000.0,1741690800000.0
777,TRUMP-USDC,TRUMP-USDC,TRUMP,USDC,USDC,USDS,0.01,0.1,10000000000,99999999,0.01,0.001,0.001,0.05,0.1,False,True,1,1.00,1.00,False,False,0.001,104,1741676400000.0,1741679400000.0,1741679700000.0,1741680000000.0
778,JUP-USDC,JUP-USDC,JUP,USDC,USDC,USDS,1,0.1,10000000000,99999999,0.01,0.0001,0.0001,0.08,0.1,False,True,1,1.00,1.00,False,False,0.0001,4.92,1741680000000.0,1741683000000.0,1741683300000.0,1741683600000.0
779,ONDO-USDC,ONDO-USDC,ONDO,USDC,USDC,USDS,1,0.1,10000000000,99999999,0.1,0.00001,0.00001,0.08,0.1,False,True,2,1.00,1.00,False,False,0.00001,8,1741683600000.0,1741686600000.0,1741686900000.0,1741687200000.0
780,PAWS-USDT,PAWS-USDT,PAWS,USDT,USDT,USDS,1000,0.1,10000000000,99999999,1,0.000000001,0.000000001,0.08,0.1,False,True,2,1.00,1.00,False,False,0.0000001,0.01,1744797600000.0,1744800600000.0,1744800900000.0,1744801200000.0
781,MUBARAK-USDT,MUBARAK-USDT,MUBARAK,USDT,USDT,USDS,1,0.1,10000000000,99999999,0.1,0.00001,0.00001,0.08,0.1,True,True,3,1.00,1.00,False,False,0.00001,1.27,1742205600000.0,1742208600000.0,1742208900000.0,1742209200000.0
782,TAO-USDC,TAO-USDC,TAO,USDC,USDC,USDS,0.001,0.1,10000000000,99999999,0.0001,0.01,0.01,0.05,0.1,False,True,1,1.00,1.00,False,False,0.01,2456,1742281200000.0,1742284200000.0,1742284500000.0,1742284800000.0
783,XMR-USDC,XMR-USDC,XMR,USDC,USDC,USDS,0.001,0.1,10000000000,99999999,0.001,0.01,0.01,0.05,0.1,False,True,1,1.00,1.00,False,False,0.01,2100,1742284800000.0,1742287800000.0,1742288100000.0,1742288400000.0
784,HBAR-USDC,HBAR-USDC,HBAR,USDC,USDC,USDS,1,0.1,10000000000,99999999,0.1,0.00001,0.00001,0.08,0.1,False,True,1,1.00,1.00,False,False,0.00001,1.86,1742288400000.0,1742291400000.0,1742291700000.0,1742292000000.0
785,WIF-USDC,WIF-USDC,WIF,USDC,USDC,USDS,1,0.1,10000000000,99999999,0.01,0.0001,0.0001,0.08,0.1,False,True,1,1.00,1.00,False,False,0.0001,4.75,1742292000000.0,1742295000000.0,1742295300000.0,1742295600000.0
786,BMT-USDT,BMT-USDT,BMT,USDT,USDT,USDS,10,0.1,10000000000,99999999,0.1,0.00001,0.00001,0.08,0.1,False,True,1,1.00,1.00,False,False,0.0001,2.85,1742302800000.0,1742305800000.0,1742306100000.0,1742306400000.0
787,TUT-USDT,TUT-USDT,TUT,USDT,USDT,USDS,10,0.1,10000000000,99999999,0.1,0.00001,0.00001,0.08,0.1,False,True,3,1.00,1.00,False,False,0.00001,0.24,1742367600000.0,1742370600000.0,1742370900000.0,1742371200000.0
788,EPIC-USDT,EPIC-USDT,EPIC,USDT,USDT,USDS,0.1,0.1,10000000000,99999999,0.01,0.001,0.001,0.05,0.1,False,True,1,1.00,1.00,False,False,0.001,13,1742544000000.0,1742547000000.0,1742547300000.0,1742781600000.0
789,BR-USDT,BR-USDT,BR,USDT,USDT,USDS,10,0.1,10000000000,99999999,0.1,0.00001,0.00001,0.05,0.1,False,True,2,1.00,1.00,False,False,0.0001,2,1742551200000.0,1742554200000.0,1742554500000.0,1742554800000.0
790,SIREN-USDT,SIREN-USDT,SIREN,USDT,USDT,USDS,10,0.1,10000000000,99999999,0.1,0.00001,0.00001,0.08,0.1,False,True,3,1.00,1.00,False,False,0.00001,0.75,1742547600000.0,1742550600000.0,1742550900000.0,1742551200000.0
791,NIL-USDT,NIL-USDT,NIL,USDT,USDT,USDS,1,0.1,10000000000,99999999,0.01,0.0001,0.0001,0.05,0.1,False,True,1,1.00,1.00,False,False,0.0001,10,1742817600000.0,1742820600000.0,1742820900000.0,1742821200000.0
792,PARTI-USDT,PARTI-USDT,PARTI,USDT,USDT,USDS,1,0.1,10000000000,99999999,0.01,0.0001,0.0001,0.05,0.1,False,True,1,1.00,1.00,False,False,0.0001,10,1742904000000.0,1742907000000.0,1742907300000.0,1742907600000.0
793,XLM-USDC,XLM-USDC,XLM,USDC,USDC,USDS,1,0.1,10000000000,99999999,0.01,0.0001,0.0001,0.08,0.1,False,True,1,1.00,1.00,False,False,0.0001,3,1742886000000.0,1742889000000.0,1742889300000.0,1742889600000.0
794,TON-USDC,TON-USDC,TON,USDC,USDC,USDS,0.1,0.1,10000000000,99999999,0.01,0.0001,0.0001,0.05,0.1,False,True,1,1.00,1.00,False,False,0.0001,36,1742889600000.0,1742892600000.0,1742892900000.0,1742893200000.0
795,ENA-USDC,ENA-USDC,ENA,USDC,USDC,USDS,1,0.1,10000000000,99999999,0.01,0.0001,0.0001,0.08,0.1,False,True,1,1.00,1.00,False,False,0.0001,4,1742893200000.0,1742896200000.0,1742896500000.0,1742896800000.0
796,WAL-USDT,WAL-USDT,WAL,USDT,USDT,USDS,1,0.1,10000000000,99999999,0.1,0.00001,0.00001,0.05,0.1,False,True,1,1.00,1.00,False,False,0.00001,10,1743066000000.0,1743069000000.0,1743069300000.0,1743069600000.0
797,INJ-USDC,INJ-USDC,INJ,USDC,USDC,USDS,0.01,0.1,10000000000,99999999,0.01,0.001,0.001,0.08,0.1,False,True,1,1.00,1.00,False,False,0.001,100,1743058800000.0,1743061800000.0,1743062100000.0,1743062400000.0
798,HYPE-USDC,HYPE-USDC,HYPE,USDC,USDC,USDS,0.01,0.1,10000000000,99999999,0.01,0.001,0.001,0.05,0.1,False,True,1,1.00,1.00,False,False,0.001,150,1743062400000.0,1743065400000.0,1743065700000.0,1743066000000.0
799,FARTCOIN-USDC,FARTCOIN-USDC,FARTCOIN,USDC,USDC,USDS,1,0.1,10000000000,99999999,0.01,0.0001,0.0001,0.08,0.1,False,True,3,1.00,1.00,False,False,0.0001,6,1743066000000.0,1743069000000.0,1743069300000.0,1743069600000.0
800,KILO-USDT,KILO-USDT,KILO,USDT,USDT,USDS,10,0.1,10000000000,99999999,0.1,0.00001,0.00001,0.08,0.1,False,True,1,1.00,1.00,False,False,0.00001,3,1743076800000.0,1743079800000.0,1743080100000.0,1743080400000.0
801,GUN-USDT,GUN-USDT,GUN,USDT,USDT,USDS,10,0.1,10000000000,99999999,0.1,0.00001,0.00001,0.05,0.1,False,True,1,1.00,1.00,False,False,0.00001,2.5,1743422400000.0,1743425400000.0,1743425700000.0,1743426000000.0
802,ZND-USDT,ZND-USDT,ZND,USDT,USDT,USDS,100,0.1,10000000000,99999999,1,0.000001,0.000001,0.08,0.1,False,True,3,1.00,1.00,False,False,0.0001,2,1743595200000.0,1743598200000.0,1743598500000.0,1743598800000.0
803,STO-USDT,STO-USDT,STO,USDT,USDT,USDS,10,0.1,10000000000,99999999,0.1,0.00001,0.00001,0.05,0.1,False,True,1,1.00,1.00,False,False,0.00001,3.75,1743670800000.0,1743672000000.0,1743672300000.0,1743672600000.0
804,TAI-USDT,TAI-USDT,TAI,USDT,USDT,USDS,10,0.1,10000000000,99999999,0.1,0.00001,0.00001,0.05,0.1,False,True,2,1.00,1.00,False,False,0.00001,0.35,1744016400000.0,1744019400000.0,1744019700000.0,1744020000000.0
805,KERNEL-USDT,KERNEL-USDT,KERNEL,USDT,USDT,USDS,10,0.1,10000000000,99999999,0.1,0.00001,0.00001,0.05,0.1,False,True,1,1.00,1.00,False,False,0.0001,10,1744628400000.0,1744631400000.0,1744631700000.0,1744632000000.0
806,BABY-USDT,BABY-USDT,BABY,USDT,USDT,USDS,10,0.1,10000000000,99999999,0.1,0.00001,0.00001,0.05,0.1,False,True,1,1.00,1.00,False,False,0.00001,1,1744275600000.0,1744278600000.0,1744278900000.0,1744279200000.0
807,PROMPT-USDT,PROMPT-USDT,PROMPT,USDT,USDT,USDS,10,0.1,10000000000,99999999,0.1,0.00001,0.00001,0.05,0.1,False,True,2,1.00,1.00,False,False,0.0001,5,1744286400000.0,1744289400000.0,1744289700000.0,1744290000000.0
808,WCT-USDT,WCT-USDT,WCT,USDT,USDT,USDS,10,0.1,10000000000,99999999,0.1,0.00001,0.00001,0.05,0.1,True,True,1,1.00,1.00,False,False,0.00001,1,1744711200000.0,1744714200000.0,1744714500000.0,1744714800000.0
809,EPT-USDT,EPT-USDT,EPT,USDT,USDT,USDS,100,0.1,10000000000,99999999,1,0.000001,0.000001,0.08,0.1,False,True,2,1.00,1.00,False,False,0.000001,0.25,1745233200000.0,1745236200000.0,1745236500000.0,1745236800000.0
810,HYPER-USDT,HYPER-USDT,HYPER,USDT,USDT,USDS,1,0.1,10000000000,99999999,0.01,0.0001,0.0001,0.05,0.1,False,True,1,1.00,1.00,False,False,0.0001,2.5,1745323200000.0,1745326200000.0,1745326500000.0,1745326800000.0
811,DOLO-USDT,DOLO-USDT,DOLO,USDT,USDT,USDS,10,0.1,10000000000,99999999,0.1,0.00001,0.00001,0.08,0.1,False,True,2,1.00,1.00,False,False,0.00001,3,1745496000000.0,1745499000000.0,1745499300000.0,1745499600000.0
812,ZORA-USDT,ZORA-USDT,ZORA,USDT,USDT,USDS,100,0.1,10000000000,99999999,1,0.000001,0.000001,0.05,0.1,False,True,2,1.00,1.00,False,False,0.000001,0.1,1745409600000.0,1745412600000.0,1745412900000.0,1745413200000.0
813,INIT-USDT,INIT-USDT,INIT,USDT,USDT,USDS,100,0.1,10000000000,99999999,1,0.000001,0.000001,0.05,0.1,False,True,1,1.00,1.00,False,False,0.0001,7,1745488800000.0,1745491800000.0,1745492100000.0,1745492400000.0
814,CLANKER-USDT,CLANKER-USDT,CLANKER,USDT,USDT,USDS,0.01,0.1,10000000000,99999999,0.01,0.001,0.001,0.05,0.1,False,True,2,1.00,1.00,False,False,0.001,500,1745409600000.0,1745412600000.0,1745412900000.0,1745413200000.0
815,TROLL-USDT,TROLL-USDT,TROLL,USDT,USDT,USDS,10,0.1,10000000000,99999999,0.1,0.00001,0.00001,0.08,0.1,False,True,3,1.00,1.00,False,False,0.00001,0.18,1745492400000.0,1745495400000.0,1745495700000.0,1745496000000.0
816,HAEDAL-USDT,HAEDAL-USDT,HAEDAL,USDT,USDT,USDS,10,0.1,10000000000,99999999,0.1,0.00001,0.00001,0.05,0.1,False,True,1,1.00,1.00,False,False,0.00001,1.75,1745924400000.0,1745927400000.0,1745927700000.0,1745928000000.0
817,SIGN-USDT,SIGN-USDT,SIGN,USDT,USDT,USDS,10,0.1,10000000000,99999999,0.1,0.00001,0.00001,0.05,0.1,False,True,1,1.00,1.00,False,False,0.00001,0.5,1745834400000.0,1745837400000.0,1745837700000.0,1745838000000.0
818,B2-USDT,B2-USDT,B2,USDT,USDT,USDS,1,0.1,10000000000,99999999,0.01,0.0001,0.0001,0.05,0.1,False,True,3,1.00,1.00,False,False,0.0001,10,1746010800000.0,1746013800000.0,1746014100000.0,1746014400000.0
819,ADX-USDC,ADX-USDC,ADX,USDC,USDC,USDS,10,0.1,10000000000,99999999,0.1,0.00001,0.00001,0.1,0.1,False,True,1,1.00,1.00,False,False,0.00001,1,1745996400000.0,1745999400000.0,1745999700000.0,1746000000000.0
820,TEL-USDC,TEL-USDC,TEL,USDC,USDC,USDS,100,0.1,10000000000,99999999,1,0.000001,0.000001,0.05,0.1,False,True,2,1.00,1.00,False,False,0.000001,0.0535,1746000000000.0,1746003000000.0,1746003300000.0,1746003600000.0
821,NAKA-USDC,NAKA-USDC,NAKA,USDC,USDC,USDS,1,0.1,10000000000,99999999,0.01,0.0001,0.0001,0.08,0.1,False,True,2,1.00,1.00,False,False,0.0001,3.83,1746003600000.0,1746006600000.0,1746006900000.0,1746007200000.0
822,SXT-USDT,SXT-USDT,SXT,USDT,USDT,USDS,10,0.1,10000000000,99999999,0.1,0.00001,0.00001,0.05,0.1,False,True,1,1.00,1.00,False,False,0.00001,1,1746705600000.0,1746708600000.0,1746708900000.0,1746709200000.0
823,HOUSE-USDT,HOUSE-USDT,HOUSE,USDT,USDT,USDS,100,0.1,10000000000,99999999,1,0.000001,0.000001,0.05,0.1,False,True,3,1.00,1.00,False,False,0.00001,0.55,1746612000000.0,1746615000000.0,1746615300000.0,1746615600000.0
824,SHM-USDT,SHM-USDT,SHM,USDT,USDT,USDS,1000,0.1,10000000000,99999999,1,0.0000001,0.0000001,0.05,0.1,False,True,3,1.00,1.00,False,False,0.0000001,0.004,1763020800000.0,1763023800000.0,1763024100000.0,1763024400000.0
825,DOOD-USDT,DOOD-USDT,DOOD,USDT,USDT,USDS,100,0.1,10000000000,99999999,1,0.000001,0.000001,0.08,0.1,False,True,2,1.00,1.00,False,False,0.000001,0.4,1746792300000.0,1746795300000.0,1746795600000.0,1746795900000.0
826,USELESS-USDT,USELESS-USDT,USELESS,USDT,USDT,USDS,10,0.1,10000000000,99999999,0.1,0.00001,0.00001,0.05,0.1,False,True,3,1.00,1.00,False,False,0.00001,0.2,1747126800000.0,1747129800000.0,1747130100000.0,1747130400000.0
827,NXPC-USDT,NXPC-USDT,NXPC,USDT,USDT,USDS,0.1,0.1,10000000000,99999999,0.1,0.00001,0.00001,0.05,0.1,True,True,1,1.00,1.00,False,False,0.00001,2.5,1747285200000.0,1747288200000.0,1747288500000.0,1747288800000.0
828,PRAI-USDT,PRAI-USDT,PRAI,USDT,USDT,USDS,10,0.1,10000000000,99999999,0.1,0.00001,0.00001,0.08,0.1,False,True,3,1.00,1.00,False,False,0.00001,1,1747227600000.0,1747230600000.0,1747230900000.0,1747231200000.0
829,GIZA-USDT,GIZA-USDT,GIZA,USDT,USDT,USDS,1,0.1,10000000000,99999999,0.1,0.00001,0.00001,0.08,0.1,False,True,3,1.00,1.00,False,False,0.00001,5,1747742400000.0,1747745400000.0,1747745700000.0,1747746000000.0
830,AWE-USDT,AWE-USDT,AWE,USDT,USDT,USDS,10,0.1,10000000000,99999999,0.1,0.00001,0.00001,0.05,0.1,False,True,1,1.00,1.00,False,False,0.00001,0.7,1747810800000.0,1747813800000.0,1747814100000.0,1747814400000.0
831,AGT-USDT,AGT-USDT,AGT,USDT,USDT,USDS,100,0.1,10000000000,99999999,1,0.000001,0.000001,0.08,0.1,False,True,1,1.00,1.00,False,False,0.00001,0.4,1747825200000.0,1747828200000.0,1747828500000.0,1747828800000.0
832,USD1-USDT,USD1-USDT,USD1,USDT,USDT,USDS,0.1,0.1,10000000000,99999999,0.01,0.0001,0.0001,0.02,0.1,False,True,1,1.00,1.00,False,False,0.95,1.05,1747821600000.0,1747824600000.0,1747824900000.0,1747825200000.0
833,SOON-USDT,SOON-USDT,SOON,USDT,USDT,USDS,1,0.1,10000000000,99999999,0.1,0.0001,0.0001,0.05,0.1,False,True,2,1.00,1.00,False,False,0.0001,5,1747994400000.0,1747997400000.0,1747997700000.0,1747998000000.0
834,HUMA-USDT,HUMA-USDT,HUMA,USDT,USDT,USDS,100,10,10000000000,99999999,1,0.000001,0.000001,0.08,0.1,False,True,1,1.00,1.00,False,False,0.000001,1.5,1748260800000.0,1748263800000.0,1748264100000.0,1748264400000.0
835,SOPH-USDT,SOPH-USDT,SOPH,USDT,USDT,USDS,10,0.1,10000000000,99999999,0.1,0.00001,0.00001,0.05,0.1,True,True,1,1.00,1.00,False,False,0.00001,2,1748433600000.0,1748436600000.0,1748436900000.0,1748437200000.0
836,B-USD1,B-USD1,B,USD1,USD1,USDS,1,0.1,10000000000,99999999,0.01,0.0001,0.0001,0.08,,False,True,3,1.00,1.00,False,False,0.0001,4,1748340000000.0,1748343000000.0,1748343300000.0,1748343600000.0
837,A-USDT,A-USDT,A,USDT,USDT,USDS,1,0.1,10000000000,99999999,0.01,0.0001,0.0001,0.05,0.1,False,True,1,1.00,1.00,False,False,0.0001,8,1748415600000.0,1748418600000.0,1748418900000.0,1748419200000.0
838,A-USDC,A-USDC,A,USDC,USDC,USDS,1,0.1,10000000000,99999999,0.01,0.0001,0.0001,0.08,0.1,False,True,1,1.00,1.00,False,False,0.0001,8,1748415600000.0,1748418600000.0,1748418900000.0,1748419200000.0
839,A-BTC,A-BTC,A,BTC,BTC,BTC,1,0.000001,10000000000,99999999,1,0.000000001,0.000000001,0.1,0.000001,False,True,1,1.00,1.00,False,False,0.000000001,0.00007,1748419200000.0,1748422200000.0,1748422500000.0,1748422800000.0
840,A-ETH,A-ETH,A,ETH,ETH,ALTS,1,0.00001,10000000000,99999999,1,0.0000001,0.0000001,0.05,0.00001,False,True,1,1.00,1.00,False,False,0.0000001,0.003,1748419200000.0,1748422200000.0,1748422500000.0,1748422800000.0
841,SOL-KCS,SOL-KCS,SOL,KCS,KCS,KCS,0.001,0.001,10000000000,99999999,0.001,0.001,0.001,0.05,0.001,False,True,1,1.00,1.00,False,False,0.001,150,1748502000000.0,1748505000000.0,1748505300000.0,1748505600000.0
842,SUI-KCS,SUI-KCS,SUI,KCS,KCS,KCS,1,0.001,10000000000,99999999,0.01,0.0001,0.0001,0.08,0.001,False,True,1,1.00,1.00,False,False,0.0001,4,1748505600000.0,1748508600000.0,1748508900000.0,1748509200000.0
843,LAT-USDT,LAT-USDT,LAT,USDT,USDT,USDS,100,0.1,10000000000,99999999,1,0.000001,0.000001,0.05,0.1,False,True,2,1.00,1.00,False,False,0.000001,0.043,1748595600000.0,1748598600000.0,1748598900000.0,1748599200000.0
844,EDGEN-USDT,EDGEN-USDT,EDGEN,USDT,USDT,USDS,100,0.1,10000000000,99999999,1,0.000001,0.000001,0.08,0.1,False,True,3,1.00,1.00,False,False,0.00001,2,1748856600000.0,1748859600000.0,1748859900000.0,1748860200000.0
845,PRO-USDT,PRO-USDT,PRO,USDT,USDT,USDS,1,0.1,10000000000,99999999,0.01,0.0001,0.0001,0.05,0.1,False,True,2,1.00,1.00,False,False,0.0001,10,1748955600000.0,1748958600000.0,1748958900000.0,1748959200000.0
846,LA-USDT,LA-USDT,LA,USDT,USDT,USDS,0.1,0.1,10000000000,99999999,0.1,0.00001,0.00001,0.05,0.1,False,True,1,1.00,1.00,False,False,0.00001,2.5,1749034800000.0,1749037800000.0,1749038100000.0,1749038400000.0
847,MOODENG-USDC,MOODENG-USDC,MOODENG,USDC,USDC,USDS,1,0.1,10000000000,99999999,0.01,0.0001,0.0001,0.08,0.1,False,True,3,1.00,1.00,False,False,0.0001,2,1749193200000.0,1749196200000.0,1749196500000.0,1749196800000.0
848,FET-USDC,FET-USDC,FET,USDC,USDC,USDS,1,0.1,10000000000,99999999,0.01,0.0001,0.0001,0.05,0.1,False,True,1,1.00,1.00,False,False,0.0001,7.5,1749196800000.0,1749199800000.0,1749200100000.0,1749200400000.0
849,KAS-USDC,KAS-USDC,KAS,USDC,USDC,USDS,10,0.1,10000000000,99999999,0.1,0.00001,0.00001,0.08,0.1,False,True,2,1.00,1.00,False,False,0.00001,0.8,1749200400000.0,1749203400000.0,1749203700000.0,1749204000000.0
850,FLOCK-USDT,FLOCK-USDT,FLOCK,USDT,USDT,USDS,1,0.1,10000000000,99999999,0.01,0.00001,0.00001,0.08,0.1,False,True,2,1.00,1.00,False,False,0.0001,2.1,1749202800000.0,1749203400000.0,1749203700000.0,1749204000000.0
851,SKATE-USDT,SKATE-USDT,SKATE,USDT,USDT,USDS,100,0.1,10000000000,99999999,1,0.000001,0.000001,0.05,0.1,False,True,2,1.00,1.00,False,False,0.00001,7,1749459600000.0,1749462600000.0,1749462900000.0,1749463200000.0
852,HOME-USDT,HOME-USDT,HOME,USDT,USDT,USDS,10,0.1,10000000000,99999999,1,0.000001,0.000001,0.05,0.1,False,True,2,1.00,1.00,False,False,0.000001,0.5,1749549600000.0,1749552600000.0,1749552900000.0,1749553200000.0
853,RESOLV-USDT,RESOLV-USDT,RESOLV,USDT,USDT,USDS,1,0.1,10000000000,99999999,0.01,0.0001,0.0001,0.05,0.1,False,True,1,1.00,1.00,False,False,0.0001,10,1749556800000.0,1749559800000.0,1749560100000.0,1749560400000.0
854,HYPE-KCS,HYPE-KCS,HYPE,KCS,KCS,USDS,0.001,0.001,10000000000,99999999,0.01,0.001,0.001,0.08,0.001,False,True,1,1.00,1.00,False,False,0.001,35,1749715200000.0,1749718200000.0,1749718500000.0,1749718800000.0
855,GOMINING-USDT,GOMINING-USDT,GOMINING,USDT,USDT,USDS,1,0.1,10000000000,99999999,0.01,0.0001,0.0001,0.08,0.1,False,True,3,1.00,1.00,False,False,0.0001,0.45,1750064400000.0,1750067400000.0,1750067700000.0,1750068000000.0
856,SPK-USDT,SPK-USDT,SPK,USDT,USDT,USDS,10,0.1,10000000000,99999999,0.1,0.00001,0.00001,0.05,0.1,False,True,1,1.00,1.00,False,False,0.00001,2,1750147200000.0,1750150200000.0,1750150500000.0,1750150800000.0
857,MAT-USDT,MAT-USDT,MAT,USDT,USDT,USDS,0.1,0.1,10000000000,99999999,0.01,0.0001,0.0001,0.08,0.1,False,True,3,1.00,1.00,False,False,0.0001,10,1750330800000.0,1750333800000.0,1750334100000.0,1750334400000.0
858,H-USDT,H-USDT,H,USDT,USDT,USDS,10,0.1,10000000000,99999999,1,0.000001,0.000001,0.05,0.1,False,True,2,1.00,1.00,False,False,0.00001,1.1,1750838400000.0,1750841400000.0,1750841700000.0,1750842000000.0
859,MGO-USDT,MGO-USDT,MGO,USDT,USDT,USDS,100,0.1,10000000000,99999999,1,0.000001,0.000001,0.05,0.1,False,True,3,1.00,1.00,False,False,0.000001,0.5,1750752000000.0,1750755000000.0,1750755300000.0,1750755600000.0
860,DMC-USDT,DMC-USDT,DMC,USDT,USDT,USDS,100,0.1,10000000000,99999999,1,0.000001,0.000001,0.05,0.1,False,True,3,1.00,1.00,False,False,0.000001,0.25,1750759200000.0,1750762200000.0,1750762500000.0,1750762800000.0
861,NEWT-USDT,NEWT-USDT,NEWT,USDT,USDT,USDS,1,0.1,10000000000,99999999,0.1,0.00001,0.00001,0.05,0.1,False,True,1,1.00,1.00,False,False,0.00001,2.5,1750770000000.0,1750773000000.0,1750773300000.0,1750773600000.0
862,SAHARA-USDT,SAHARA-USDT,SAHARA,USDT,USDT,USDS,10,0.1,10000000000,99999999,0.1,0.00001,0.00001,0.05,0.1,False,True,1,1.00,1.00,False,False,0.00001,2,1750935600000.0,1750938600000.0,1750938900000.0,1750939200000.0
863,XAUT-USDT,XAUT-USDT,XAUT,USDT,USDT,USDS,0.0001,0.1,10000000000,99999999,0.0001,0.01,0.01,0.05,0.1,True,True,1,1.00,1.00,False,False,0.01,30000,1750845600000.0,1750848600000.0,1750848900000.0,1750849200000.0
864,LOT-USDT,LOT-USDT,LOT,USDT,USDT,USDS,10,0.1,10000000000,99999999,0.1,0.000001,0.000001,0.08,0.1,False,True,3,1.00,1.00,False,False,0.00001,0.2,1750842000000.0,1750845000000.0,1750845300000.0,1750845600000.0
865,CESS-USDT,CESS-USDT,CESS,USDT,USDT,USDS,10,0.1,10000000000,99999999,1,0.000001,0.000001,0.08,0.1,False,True,3,1.00,1.00,False,False,0.000001,0.5,1750928400000.0,1750931400000.0,1750931700000.0,1750932000000.0
866,NODE-USDT,NODE-USDT,NODE,USDT,USDT,USDS,10,0.1,10000000000,99999999,0.1,0.00001,0.00001,0.08,0.1,False,True,3,1.00,1.00,False,False,0.00001,5,1751274000000.0,1751277000000.0,1751277300000.0,1751277600000.0
867,ECHO-USDT,ECHO-USDT,ECHO,USDT,USDT,USDS,10,0.1,10000000000,99999999,0.1,0.00001,0.00001,0.1,0.1,False,True,3,1.00,1.00,False,False,0.00001,2.5,1751454000000.0,1751457000000.0,1751457300000.0,1751457600000.0
868,ICNT-USDT,ICNT-USDT,ICNT,USDT,USDT,USDS,10,0.1,10000000000,99999999,0.1,0.00001,0.00001,0.05,0.1,False,True,2,1.00,1.00,False,False,0.00001,3.58,1751533200000.0,1751536200000.0,1751536500000.0,1751536800000.0
869,CROSS-USDT,CROSS-USDT,CROSS,USDT,USDT,USDS,10,0.1,10000000000,99999999,0.1,0.00001,0.00001,0.05,0.1,False,True,3,1.00,1.00,False,False,0.00001,2,1751613300000.0,1751616300000.0,1751616600000.0,1751616900000.0
870,AIN-USDT,AIN-USDT,AIN,USDT,USDT,USDS,10,0.1,10000000000,99999999,0.1,0.00001,0.00001,0.05,0.1,False,True,2,1.00,1.00,False,False,0.00001,1.5,1751706000000.0,1751709000000.0,1751709300000.0,1751709600000.0
871,BULLA-USDT,BULLA-USDT,BULLA,USDT,USDT,USDS,10,0.1,10000000000,99999999,0.1,0.00001,0.00001,0.05,0.1,False,True,3,1.00,1.00,False,False,0.00001,0.7,1751961600000.0,1751964600000.0,1751964900000.0,1751965200000.0
872,BLUM-USDT,BLUM-USDT,BLUM,USDT,USDT,USDS,10,0.1,10000000000,99999999,0.1,0.00001,0.00001,0.1,0.1,False,True,3,1.00,1.00,False,False,0.00001,0.62,1751972400000.0,1751975400000.0,1751975700000.0,1751976000000.0
873,MORI-USDT,MORI-USDT,MORI,USDT,USDT,USDS,10,0.1,10000000000,99999999,0.1,0.00001,0.00001,0.08,0.1,False,True,3,1.00,1.00,False,False,0.0001,1.7,1752138600000.0,1752141000000.0,1752141300000.0,1752141600000.0
874,VELVET-USDT,VELVET-USDT,VELVET,USDT,USDT,USDS,10,0.1,10000000000,99999999,0.1,0.00001,0.00001,0.05,0.1,False,True,3,1.00,1.00,False,False,0.00001,4.5,1752145200000.0,1752148200000.0,1752148500000.0,1752148800000.0
875,C-USDT,C-USDT,C,USDT,USDT,USDS,10,0.1,10000000000,99999999,0.1,0.00001,0.00001,0.05,0.1,False,True,3,1.00,1.00,False,False,0.00001,4,1752490800000.0,1752493800000.0,1752494100000.0,1752494400000.0
876,PUMP-USDT,PUMP-USDT,PUMP,USDT,USDT,USDS,100,0.1,10000000000,99999999,1,0.000001,0.000001,0.03,0.1,True,True,1,1.00,1.00,False,False,0.000001,0.4,1752508800000.0,1752511800000.0,1752512100000.0,1752512400000.0
877,VSN-USDT,VSN-USDT,VSN,USDT,USDT,USDS,1,0.1,10000000000,99999999,1,0.000001,0.000001,0.05,0.1,False,True,3,1.00,1.00,False,False,0.000001,1,1752663600000.0,1752666600000.0,1752666900000.0,1752667200000.0
878,ES-USDT,ES-USDT,ES,USDT,USDT,USDS,1,0.1,10000000000,99999999,0.01,0.0001,0.0001,0.05,0.1,False,True,2,1.00,1.00,False,False,0.0001,10,1752656400000.0,1752659400000.0,1752659700000.0,1752660000000.0
879,RION-USDT,RION-USDT,RION,USDT,USDT,USDS,1,0.1,10000000000,99999999,0.01,0.0001,0.0001,0.1,0.1,False,True,3,1.00,1.00,False,False,0.0001,15,1752670800000.0,1752673800000.0,1752674100000.0,1752674400000.0
880,TRN-USDT,TRN-USDT,TRN,USDT,USDT,USDS,10,0.1,10000000000,99999999,0.1,0.00001,0.00001,0.1,0.1,False,True,3,1.00,1.00,False,False,0.0001,3,1752768000000.0,1752771000000.0,1752771300000.0,1752771600000.0
881,ERA-USDT,ERA-USDT,ERA,USDT,USDT,USDS,1,0.1,10000000000,99999999,0.01,0.0001,0.0001,0.05,0.1,False,True,1,1.00,1.00,False,False,0.0001,4,1752762600000.0,1752765600000.0,1752765900000.0,1752766200000.0
882,MANYU-USDT,MANYU-USDT,MANYU,USDT,USDT,USDS,10000000,0.1,10000000000000,99999999,1,0.00000000001,0.00000000001,0.08,0.1,False,True,3,1.00,1.00,False,False,0.00000000001,0.0000003,1752832800000.0,1752835800000.0,1752836100000.0,1752836400000.0
883,ZKWASM-USDT,ZKWASM-USDT,ZKWASM,USDT,USDT,USDS,10,0.1,10000000000,99999999,0.1,0.00001,0.00001,0.05,0.1,False,True,3,1.00,1.00,False,False,0.00001,3,1753182000000.0,1753185000000.0,1753185300000.0,1753185600000.0
884,ASP-USDT,ASP-USDT,ASP,USDT,USDT,USDS,10,0.1,10000000000,99999999,0.1,0.00001,0.00001,0.05,0.1,False,True,2,1.00,1.00,False,False,0.0001,5,1753354800000.0,1753357800000.0,1753358100000.0,1753358400000.0
885,XNY-USDT,XNY-USDT,XNY,USDT,USDT,USDS,100,0.1,10000000000,99999999,1,0.000001,0.000001,0.05,0.1,False,True,3,1.00,1.00,False,False,0.000001,0.5,1753272000000.0,1753275000000.0,1753275300000.0,1753275600000.0
886,XU3O8-USDT,XU3O8-USDT,XU3O8,USDT,USDT,USDS,0.1,0.1,10000000000,99999999,0.01,0.001,0.001,0.05,0.1,False,True,3,1.00,1.00,False,False,0.001,6,1753340400000.0,1753343400000.0,1753343700000.0,1753344000000.0
887,ELP-USDT,ELP-USDT,ELP,USDT,USDT,USDS,100,0.1,10000000000,99999999,1,0.000001,0.000001,0.05,0.1,False,True,3,1.00,1.00,False,False,0.000001,0.57,1753354800000.0,1753357800000.0,1753358100000.0,1753358400000.0
888,A47-USDT,A47-USDT,A47,USDT,USDT,USDS,10,0.1,10000000000,99999999,0.1,0.00001,0.00001,0.08,0.1,False,True,3,1.00,1.00,False,False,0.00001,0.25,1753693200000.0,1753696200000.0,1753696500000.0,1753696800000.0
889,URANUS-USDT,URANUS-USDT,URANUS,USDT,USDT,USDS,10,0.1,10000000000,99999999,0.1,0.0001,0.00001,0.08,0.1,False,True,3,1.00,1.00,False,False,0.0001,4.7,1753700400000.0,1753703400000.0,1753703700000.0,1753704000000.0
890,TREE-USDT,TREE-USDT,TREE,USDT,USDT,USDS,1,0.1,10000000000,99999999,0.01,0.0001,0.0001,0.05,0.1,True,True,1,1.00,1.00,False,False,0.0001,5,1753794000000.0,1753797000000.0,1753797300000.0,1753797600000.0
891,IKA-USDT,IKA-USDT,IKA,USDT,USDT,USDS,10,0.1,10000000000,99999999,1,0.000001,0.000001,0.05,0.1,False,True,3,1.00,1.00,False,False,0.000001,0.25,1753779600000.0,1753782600000.0,1753782900000.0,1753783200000.0
892,GAIA-USDT,GAIA-USDT,GAIA,USDT,USDT,USDS,10,0.1,10000000000,99999999,0.1,0.00001,0.00001,0.08,0.1,False,True,3,1.00,1.00,False,False,0.00001,5,1753862400000.0,1753865400000.0,1753865700000.0,1753866000000.0
893,NOBODY-USDT,NOBODY-USDT,NOBODY,USDT,USDT,USDS,10,0.1,10000000000,99999999,0.1,0.00001,0.00001,0.08,0.1,False,True,3,1.00,1.00,False,False,0.00001,0.3,1753956000000.0,1753959000000.0,1753959300000.0,1753959600000.0
894,A2Z-USDT,A2Z-USDT,A2Z,USDT,USDT,USDS,1000,0.1,10000000000,99999999,1,0.000001,0.0000001,0.08,0.1,False,True,1,1.00,1.00,False,False,0.000001,0.04,1754035200000.0,1754038200000.0,1754038500000.0,1754038800000.0
895,CYC-USDT,CYC-USDT,CYC,USDT,USDT,USDS,10,0.1,10000000000,99999999,0.1,0.00001,0.00001,0.08,0.1,False,True,3,1.00,1.00,False,False,0.00001,2.5,1754305200000.0,1754308200000.0,1754308500000.0,1754308800000.0
896,AIO-USDT,AIO-USDT,AIO,USDT,USDT,USDS,10,0.1,10000000000,99999999,0.1,0.00001,0.00001,0.08,0.1,False,True,3,1.00,1.00,False,False,0.00001,2,1754128800000.0,1754131800000.0,1754132100000.0,1754132400000.0
897,SUP-USDT,SUP-USDT,SUP,USDT,USDT,USDS,10,0.1,10000000000,99999999,0.1,0.00001,0.00001,0.08,0.1,False,True,3,1.00,1.00,False,False,0.00001,2,1754388000000.0,1754391000000.0,1754391300000.0,1754391600000.0
898,TOWNS-USDT,TOWNS-USDT,TOWNS,USDT,USDT,USDS,100,0.1,10000000000,99999999,1,0.000001,0.000001,0.05,0.1,False,True,1,1.00,1.00,False,False,0.000001,0.79,1754400600000.0,1754403600000.0,1754403900000.0,1754404200000.0
899,PROVE-USDT,PROVE-USDT,PROVE,USDT,USDT,USDS,1,0.1,10000000000,99999999,0.01,0.0001,0.0001,0.05,0.1,True,True,1,1.00,1.00,False,False,0.0001,5,1754409600000.0,1754412600000.0,1754412900000.0,1754413200000.0
900,PEPE-KCS,PEPE-KCS,PEPE,KCS,KCS,USDS,100000,0.001,60000000000,99999999,1,0.0000000001,0.0000000001,0.08,0.001,False,True,1,1.00,1.00,False,False,0.0000000001,0.00001,1754550000000.0,1754553000000.0,1754553300000.0,1754553600000.0
901,IN-USDT,IN-USDT,IN,USDT,USDT,USDS,10,0.1,10000000000,99999999,0.1,0.00001,0.00001,0.05,0.1,False,True,3,1.00,1.00,False,False,0.00001,2,1754557200000.0,1754560200000.0,1754560500000.0,1754560800000.0
902,DSYNC-USDT,DSYNC-USDT,DSYNC,USDT,USDT,USDS,10,0.1,10000000000,99999999,0.1,0.00001,0.00001,0.08,0.1,False,True,3,1.00,1.00,False,False,0.0001,1.5,1754902800000.0,1754905800000.0,1754906100000.0,1754906400000.0
903,SNEK-USDT,SNEK-USDT,SNEK,USDT,USDT,USDS,100,0.1,10000000000,99999999,1,0.000001,0.000001,0.08,0.1,False,True,3,1.00,1.00,False,False,0.000001,0.045,1755007200000.0,1755010200000.0,1755010500000.0,1755010800000.0
904,WAI-USDT,WAI-USDT,WAI,USDT,USDT,USDS,10,0.1,10000000000,99999999,0.1,0.00001,0.00001,0.05,0.1,False,True,3,1.00,1.00,False,False,0.00001,2,1754985600000.0,1754988600000.0,1754988900000.0,1754989200000.0
905,PROPS-USDT,PROPS-USDT,PROPS,USDT,USDT,USDS,100,0.1,10000000000,99999999,1,0.000001,0.000001,0.08,0.1,False,True,3,1.00,1.00,False,False,0.00001,0.35,1755079200000.0,1755082200000.0,1755082500000.0,1755082800000.0
906,PUBLIC-USDT,PUBLIC-USDT,PUBLIC,USDT,USDT,USDS,10,0.1,10000000000,99999999,0.1,0.00001,0.00001,0.05,0.1,False,True,3,1.00,1.00,False,False,0.00001,5,1755243000000.0,1755246000000.0,1755246300000.0,1755246600000.0
907,EGL1-USDT,EGL1-USDT,EGL1,USDT,USDT,USDS,10,0.1,10000000000,99999999,0.1,0.00001,0.00001,0.08,0.1,False,True,3,1.00,1.00,False,False,0.00001,0.77,1755594000000.0,1755597000000.0,1755597300000.0,1755597600000.0
908,ALKIMI-USDT,ALKIMI-USDT,ALKIMI,USDT,USDT,USDS,1,0.1,10000000000,99999999,0.1,0.00001,0.00001,0.05,0.1,False,True,3,1.00,1.00,False,False,0.0001,0.82,1755597600000.0,1755600600000.0,1755600900000.0,1755601200000.0
909,BLOCKST-USD1,BLOCKST-USD1,BLOCKST,USD1,USD1,USDS,100,0.1,10000000000,99999999,1,0.000001,0.000001,0.08,,False,True,3,1.00,1.00,False,False,0.0001,1.5,1755687600000.0,1755690600000.0,1755690900000.0,1755691200000.0
910,SAPIEN-USDT,SAPIEN-USDT,SAPIEN,USDT,USDT,USDS,10,0.1,10000000000,99999999,0.1,0.00001,0.00001,0.05,0.1,False,True,2,1.00,1.00,False,False,0.00001,5,1755705600000.0,1755708600000.0,1755708900000.0,1755709200000.0
911,AKE-USDT,AKE-USDT,AKE,USDT,USDT,USDS,1000,0.1,10000000000,99999999,1,0.0000001,0.0000001,0.08,0.1,False,True,3,1.00,1.00,False,False,0.0000001,0.04,1755774000000.0,1755777000000.0,1755777300000.0,1755777600000.0
912,ARIA-USDT,ARIA-USDT,ARIA,USDT,USDT,USDS,10,0.1,10000000000,99999999,0.1,0.00001,0.00001,0.05,0.1,False,True,3,1.00,1.00,False,False,0.00001,2.5,1755777600000.0,1755780600000.0,1755780900000.0,1755781200000.0
913,BAS-USDT,BAS-USDT,BAS,USDT,USDT,USDS,10,0.1,10000000000,99999999,0.1,0.00001,0.00001,0.08,0.1,False,True,3,1.00,1.00,False,False,0.00001,0.13,1755759600000.0,1755762600000.0,1755762900000.0,1755763200000.0
914,YZY-USDT,YZY-USDT,YZY,USDT,USDT,USDS,1,0.1,10000000000,99999999,0.01,0.0001,0.0001,0.08,0.1,False,True,3,1.00,1.00,False,False,0.0001,20,1755752400000.0,1755755400000.0,1755755700000.0,1755756000000.0
915,XPIN-USDT,XPIN-USDT,XPIN,USDT,USDT,USDS,1000,0.1,10000000000,99999999,1,0.0000001,0.0000001,0.08,0.1,False,True,3,1.00,1.00,False,False,0.0000001,0.03,1755867600000.0,1755870600000.0,1755870900000.0,1755871200000.0
916,BERT-USDT,BERT-USDT,BERT,USDT,USDT,USDS,10,0.1,10000000000,99999999,0.1,0.00001,0.00001,0.05,0.1,False,True,3,1.00,1.00,False,False,0.00001,0.7,1755856800000.0,1755859800000.0,1755860100000.0,1755860400000.0
917,BTR-USDT,BTR-USDT,BTR,USDT,USDT,USDS,10,0.1,10000000000,99999999,0.1,0.00001,0.00001,0.05,0.1,False,True,3,1.00,1.00,False,False,0.00001,5,1756288800000.0,1756291800000.0,1756292100000.0,1756292400000.0
918,AI3-USDT,AI3-USDT,AI3,USDT,USDT,USDS,10,0.1,10000000000,99999999,0.1,0.00001,0.00001,0.05,0.1,False,True,3,1.00,1.00,False,False,0.00001,5,1756299600000.0,1756302600000.0,1756302900000.0,1756303200000.0
919,CAMP-USDT,CAMP-USDT,CAMP,USDT,USDT,USDS,10,0.1,10000000000,99999999,1,0.000001,0.000001,0.05,0.1,False,True,2,1.00,1.00,False,False,0.000001,0.4,1756281600000.0,1756284600000.0,1756284900000.0,1756285200000.0
920,BTC-USD1,BTC-USD1,BTC,USD1,USD1,USDS,0.000001,0.1,10000000000,99999999,0.000001,0.01,0.01,0.05,,False,True,1,1.00,1.00,False,False,0.01,153300,1756710000000.0,1756713000000.0,1756713300000.0,1756713600000.0
921,ETH-USD1,ETH-USD1,ETH,USD1,USD1,USDS,0.0001,0.1,10000000000,99999999,0.0001,0.01,0.01,0.05,,False,True,1,1.00,1.00,False,False,0.01,6600,1756713600000.0,1756716600000.0,1756716900000.0,1756717200000.0
922,KORI-USDT,KORI-USDT,KORI,USDT,USDT,USDS,10,0.1,10000000000,99999999,1,0.000001,0.000001,0.08,0.1,False,True,3,1.00,1.00,False,False,0.000001,0.152,1756458000000.0,1756461000000.0,1756461300000.0,1756461600000.0
923,XLAB-USDT,XLAB-USDT,XLAB,USDT,USDT,USDS,10000,0.1,1000000000000,99999999,1,0.000000001,0.000000001,0.05,0.1,False,True,3,1.00,1.00,False,False,0.000000001,0.0005,1756448100000.0,1756451100000.0,1756451400000.0,1756451700000.0
924,WLFI-USDT,WLFI-USDT,WLFI,USDT,USDT,USDS,1,0.1,10000000000,99999999,0.01,0.0001,0.0001,0.03,0.1,False,True,1,1.00,1.00,False,False,0.0001,25,1756728000000.0,1756731000000.0,1756731300000.0,1756731600000.0
925,WLFI-USD1,WLFI-USD1,WLFI,USD1,USD1,USDS,1,0.1,10000000000,99999999,0.01,0.0001,0.0001,0.05,,False,True,1,1.00,1.00,False,False,0.0001,25,1756728000000.0,1756731000000.0,1756731300000.0,1756731600000.0
926,Q-USDT,Q-USDT,Q,USDT,USDT,USDS,100,0.1,10000000000,99999999,1,0.000001,0.000001,0.08,0.1,False,True,3,1.00,1.00,False,False,0.000001,0.2,1756796400000.0,1756799400000.0,1756799700000.0,1756800000000.0
927,SOMI-USDT,SOMI-USDT,SOMI,USDT,USDT,USDS,1,0.1,10000000000,99999999,0.01,0.0001,0.0001,0.05,0.1,False,True,1,1.00,1.00,False,False,0.0001,70,1756819800000.0,1756822800000.0,1756823100000.0,1756823400000.0
928,PTB-USDT,PTB-USDT,PTB,USDT,USDT,USDS,100,0.1,10000000000,99999999,1,0.000001,0.000001,0.05,0.1,False,True,3,1.00,1.00,False,False,0.00001,0.4,1756900800000.0,1756903800000.0,1756904100000.0,1756904400000.0
929,U-USDT,U-USDT,U,USDT,USDT,USDS,100,0.1,10000000000,99999999,1,0.000001,0.000001,0.05,0.1,False,True,2,1.00,1.00,False,False,0.000001,0.5,1756972800000.0,1756975800000.0,1756976100000.0,1756976400000.0
930,RARI-USDT,RARI-USDT,RARI,USDT,USDT,USDS,1,0.1,10000000000,99999999,0.01,0.0001,0.0001,0.08,0.1,False,True,2,1.00,1.00,False,False,0.0001,10,1756987200000.0,1756990200000.0,1756990500000.0,1756990800000.0
931,EGL1-USD1,EGL1-USD1,EGL1,USD1,USD1,USDS,10,0.1,10000000000,99999999,0.1,0.00001,0.00001,0.08,,False,True,3,1.00,1.00,False,False,0.00001,0.45,1756980000000.0,1756983000000.0,1756983300000.0,1756983600000.0
932,ART-USDT,ART-USDT,ART,USDT,USDT,USDS,1000,0.1,10000000000,99999999,1,0.0000001,0.0000001,0.08,0.1,False,True,2,1.00,1.00,False,False,0.00001,2,1757415600000.0,1757418600000.0,1757418900000.0,1757419200000.0
933,OPEN-USDT,OPEN-USDT,OPEN,USDT,USDT,USDS,0.1,0.1,10000000000,99999999,0.1,0.00001,0.00001,0.05,0.1,False,True,1,1.00,1.00,False,False,0.00001,4,1757332800000.0,1757335800000.0,1757336100000.0,1757336400000.0
934,AVNT-USDT,AVNT-USDT,AVNT,USDT,USDT,USDS,1,0.1,10000000000,99999999,0.1,0.00001,0.00001,0.05,0.1,False,True,1,1.00,1.00,False,False,0.00001,3.5,1757422800000.0,1757425800000.0,1757426100000.0,1757426400000.0
935,SWTCH-USDT,SWTCH-USDT,SWTCH,USDT,USDT,USDS,1,0.1,10000000000,99999999,0.1,0.00001,0.00001,0.05,0.1,False,True,3,1.00,1.00,False,False,0.00001,5,1757419200000.0,1757422200000.0,1757422500000.0,1757422800000.0
936,LINEA-USDT,LINEA-USDT,LINEA,USDT,USDT,USDS,10,0.1,10000000000,99999999,1,0.000001,0.000001,0.05,0.1,False,True,1,1.00,1.00,False,False,0.000001,0.5,1757512800000.0,1757515800000.0,1757516100000.0,1757516400000.0
937,XRP-USD1,XRP-USD1,XRP,USD1,USD1,USDS,0.1,0.1,10000000000,99999999,0.01,0.0001,0.0001,0.05,,False,True,1,1.00,1.00,False,False,0.0001,10,1757574000000.0,1757577000000.0,1757577300000.0,1757577600000.0
938,SOL-USD1,SOL-USD1,SOL,USD1,USD1,USDS,0.001,0.1,10000000000,99999999,0.001,0.01,0.01,0.05,,False,True,1,1.00,1.00,False,False,0.01,675,1757574000000.0,1757577000000.0,1757577300000.0,1757577600000.0
939,ADA-USD1,ADA-USD1,ADA,USD1,USD1,USDS,1,0.1,10000000000,99999999,0.01,0.0001,0.0001,0.05,,False,True,1,1.00,1.00,False,False,0.0001,3,1757574000000.0,1757577000000.0,1757577300000.0,1757577600000.0
940,TRUMP-USD1,TRUMP-USD1,TRUMP,USD1,USD1,USDS,0.1,0.1,10000000000,99999999,0.01,0.001,0.001,0.05,,False,True,1,1.00,1.00,False,False,0.001,26,1757577600000.0,1757580600000.0,1757580900000.0,1757581200000.0
941,DOGE-USD1,DOGE-USD1,DOGE,USD1,USD1,USDS,1,0.1,10000000000,99999999,0.1,0.00001,0.00001,0.05,,False,True,1,1.00,1.00,False,False,0.00001,0.75,1757577600000.0,1757580600000.0,1757580900000.0,1757581200000.0
942,POP-USDT,POP-USDT,POP,USDT,USDT,USDS,100,0.1,10000000000,99999999,1,0.000001,0.000001,0.05,0.1,False,True,3,1.00,1.00,False,False,0.000001,0.1,1757502000000.0,1757505000000.0,1757505300000.0,1757505600000.0
943,HOLO-USDT,HOLO-USDT,HOLO,USDT,USDT,USDS,1,0.1,10000000000,99999999,0.1,0.00001,0.00001,0.05,0.1,False,True,1,1.00,1.00,False,False,0.00001,2.5,1757588400000.0,1757591400000.0,1757591700000.0,1757592000000.0
944,UB-USDT,UB-USDT,UB,USDT,USDT,USDS,100,0.1,10000000000,99999999,1,0.000001,0.000001,0.05,0.1,False,True,3,1.00,1.00,False,False,0.000001,0.3,1757664000000.0,1757667000000.0,1757667300000.0,1757667600000.0
945,ZKC-USDT,ZKC-USDT,ZKC,USDT,USDT,USDS,1,0.1,10000000000,99999999,0.01,0.0001,0.0001,0.05,0.1,False,True,1,1.00,1.00,False,False,0.0001,5,1757941200000.0,1757944200000.0,1757944500000.0,1757944800000.0
946,COLS-USDT,COLS-USDT,COLS,USDT,USDT,USDS,10,0.1,10000000000,99999999,0.1,0.00001,0.00001,0.05,0.1,False,True,3,1.00,1.00,False,False,0.00001,0.3,1757916000000.0,1757919000000.0,1757919300000.0,1757919600000.0
947,XL1-USDT,XL1-USDT,XL1,USDT,USDT,USDS,1000,0.1,10000000000,99999999,1,0.0000001,0.0000001,0.05,0.1,False,True,3,1.00,1.00,False,False,0.0000001,0.0395,1758024000000.0,1758027000000.0,1758027300000.0,1758027600000.0
948,VLR-USDT,VLR-USDT,VLR,USDT,USDT,USDS,100,0.1,10000000000,99999999,1,0.000001,0.000001,0.05,0.1,False,True,3,1.00,1.00,False,False,0.00001,1.125,1758020400000.0,1758023400000.0,1758023700000.0,1758024000000.0
949,PORTALS-USDT,PORTALS-USDT,PORTALS,USDT,USDT,USDS,1,0.1,10000000000,99999999,0.1,0.00001,0.00001,0.05,0.1,False,True,2,1.00,1.00,False,False,0.00001,3,1758020400000.0,1758023400000.0,1758023700000.0,1758024000000.0
950,MAIGA-USDT,MAIGA-USDT,MAIGA,USDT,USDT,USDS,10,0.1,10000000000,99999999,0.1,0.00001,0.00001,0.05,0.1,False,True,3,1.00,1.00,True,False,0.00001,2,1758106800000.0,1758109800000.0,1758110100000.0,1758110400000.0
951,BARD-USDT,BARD-USDT,BARD,USDT,USDT,USDS,1,0.1,10000000000,99999999,0.01,0.0001,0.0001,0.05,0.1,False,True,1,1.00,1.00,False,False,0.0001,5.3,1758783600000.0,1758786600000.0,1758786900000.0,1758787200000.0
952,NUMI-USDT,NUMI-USDT,NUMI,USDT,USDT,USDS,1,0.1,10000000000,99999999,0.1,0.00001,0.00001,0.05,0.1,False,True,3,1.00,1.00,False,False,0.00001,1.2,1758438000000.0,1758441000000.0,1758441300000.0,1758441600000.0
953,SYND-USDT,SYND-USDT,SYND,USDT,USDT,USDS,0.1,0.1,10000000000,99999999,0.01,0.0001,0.0001,0.05,0.1,False,True,2,1.00,1.00,False,False,0.0001,5,1758304800000.0,1758307800000.0,1758308100000.0,1758308400000.0
954,0G-USDT,0G-USDT,0G,USDT,USDT,USDS,0.1,0.1,10000000000,99999999,0.01,0.0001,0.0001,0.05,0.1,False,True,1,1.00,1.00,False,False,0.0001,10,1758531600000.0,1758534600000.0,1758534900000.0,1758535200000.0
955,XAN-USDT,XAN-USDT,XAN,USDT,USDT,USDS,100,0.1,10000000000,99999999,1,0.000001,0.000001,0.05,0.1,False,True,2,1.00,1.00,False,False,0.000001,0.4,1759136400000.0,1759139400000.0,1759139700000.0,1759140000000.0
956,GAIN-USDT,GAIN-USDT,GAIN,USDT,USDT,USDS,1000,0.1,10000000000,99999999,1,0.0000001,0.0000001,0.05,0.1,False,True,3,1.00,1.00,False,False,0.00001,0.045,1760428800000.0,1760431800000.0,1760432100000.0,1760432400000.0
957,ASTER-USDT,ASTER-USDT,ASTER,USDT,USDT,USDS,0.1,0.1,10000000000,99999999,0.01,0.0001,0.0001,0.05,0.1,True,True,1,1.00,1.00,False,False,0.0001,10,1758700800000.0,1758703800000.0,1758704100000.0,1758704400000.0
958,PIN-USDT,PIN-USDT,PIN,USDT,USDT,USDS,1,0.1,10000000000,99999999,0.01,0.0001,0.0001,0.05,0.1,False,True,3,1.00,1.00,False,False,0.0001,2.3,1758711600000.0,1758714600000.0,1758714900000.0,1758715200000.0
959,XPL-USDT,XPL-USDT,XPL,USDT,USDT,USDS,1,0.1,10000000000,99999999,0.01,0.0001,0.0001,0.05,0.1,False,True,1,1.00,1.00,False,False,0.0001,5,1758801600000.0,1758804600000.0,1758804900000.0,1758805200000.0
960,STBL-USDT,STBL-USDT,STBL,USDT,USDT,USDS,10,0.1,10000000000,99999999,0.1,0.00001,0.00001,0.05,0.1,False,True,3,1.00,1.00,False,False,0.0001,5.7,1758783600000.0,1758786600000.0,1758786900000.0,1758787200000.0
961,BSU-USDT,BSU-USDT,BSU,USDT,USDT,USDS,1,0.1,10000000000,99999999,0.01,0.0001,0.0001,0.05,0.1,False,True,3,1.00,1.00,False,False,0.0001,1,1758787200000.0,1758790200000.0,1758790500000.0,1758790800000.0
962,HANA-USDT,HANA-USDT,HANA,USDT,USDT,USDS,10,0.1,10000000000,99999999,0.1,0.00001,0.00001,0.05,0.1,False,True,3,1.00,1.00,False,False,0.00001,5,1758888000000.0,1758891000000.0,1758891300000.0,1758891600000.0
963,MIRA-USDT,MIRA-USDT,MIRA,USDT,USDT,USDS,1,0.1,10000000000,99999999,0.01,0.0001,0.0001,0.05,0.1,False,True,1,1.00,1.00,False,False,0.0001,10,1758884400000.0,1758887400000.0,1758887700000.0,1758888000000.0
964,LIGHT-USDT,LIGHT-USDT,LIGHT,USDT,USDT,USDS,1,0.1,10000000000,99999999,0.01,0.0001,0.0001,0.05,0.1,False,True,3,1.00,1.00,False,False,0.0001,20.4,1758974400000.0,1758977400000.0,1758977700000.0,1758978000000.0
965,VFY-USDT,VFY-USDT,VFY,USDT,USDT,USDS,1,0.1,10000000000,99999999,0.1,0.00001,0.00001,0.05,0.1,False,True,3,1.00,1.00,False,False,0.00001,3,1759230000000.0,1759233000000.0,1759233300000.0,1759233600000.0
966,FF-USDT,FF-USDT,FF,USDT,USDT,USDS,10,0.1,10000000000,99999999,0.1,0.00001,0.00001,0.05,0.1,False,True,1,1.00,1.00,False,False,0.00001,1,1759147200000.0,1759150200000.0,1759150500000.0,1759150800000.0
967,EDEN-USDT,EDEN-USDT,EDEN,USDT,USDT,USDS,1,0.1,10000000000,99999999,0.01,0.0001,0.0001,0.05,0.1,False,True,1,1.00,1.00,False,False,0.0001,5,1759226400000.0,1759229400000.0,1759229700000.0,1759230000000.0
968,TRUTH-USDT,TRUTH-USDT,TRUTH,USDT,USDT,USDS,10,0.1,10000000000,99999999,1,0.000001,0.000001,0.05,0.1,False,True,3,1.00,1.00,False,False,0.000001,0.5,1759320000000.0,1759323000000.0,1759323300000.0,1759323600000.0
969,2Z-USDT,2Z-USDT,2Z,USDT,USDT,USDS,10,0.1,10000000000,99999999,0.1,0.00001,0.00001,0.05,0.1,False,True,1,1.00,1.00,False,False,0.00001,1,1759406400000.0,1759409400000.0,1759409700000.0,1759410000000.0
970,P-USDT,P-USDT,P,USDT,USDT,USDS,10,0.1,10000000000,99999999,0.1,0.00001,0.00001,0.05,0.1,False,True,3,1.00,1.00,False,False,0.00001,2,1759489200000.0,1759492200000.0,1759492500000.0,1759492800000.0
971,CYPR-USDT,CYPR-USDT,CYPR,USDT,USDT,USDS,10,0.1,10000000000,99999999,0.1,0.00001,0.00001,0.05,0.1,False,True,3,1.00,1.00,False,False,0.00001,2.5,1759654800000.0,1759657800000.0,1759658100000.0,1759658400000.0
972,MF-USDT,MF-USDT,MF,USDT,USDT,USDS,10,0.1,10000000000,99999999,0.1,0.00001,0.00001,0.05,0.1,False,True,3,1.00,1.00,False,False,0.00001,2,1759755600000.0,1759758600000.0,1759758900000.0,1759759200000.0
973,LYN-USDT,LYN-USDT,LYN,USDT,USDT,USDS,1,0.1,10000000000,99999999,0.01,0.0001,0.0001,0.05,0.1,False,True,3,1.00,1.00,False,False,0.0001,10,1759730400000.0,1759733400000.0,1759733700000.0,1759734000000.0
974,KGEN-USDT,KGEN-USDT,KGEN,USDT,USDT,USDS,10,0.1,10000000000,99999999,0.1,0.00001,0.00001,0.05,0.1,False,True,3,1.00,1.00,False,False,0.00001,5,1759845600000.0,1759848600000.0,1759848900000.0,1759849200000.0
975,KLINK-USDT,KLINK-USDT,KLINK,USDT,USDT,USDS,1000,0.1,10000000000,99999999,1,0.0000001,0.0000001,0.05,0.1,False,True,3,1.00,1.00,False,False,0.00001,2.5,1759831200000.0,1759834200000.0,1759834500000.0,1759834800000.0
976,PIPE-USDT,PIPE-USDT,PIPE,USDT,USDT,USDS,1,0.1,10000000000,99999999,0.01,0.0001,0.0001,0.05,0.1,False,True,3,1.00,1.00,False,False,0.0001,10,1759932000000.0,1759935000000.0,1759935300000.0,1759935600000.0
977,GIGGLE-USDT,GIGGLE-USDT,GIGGLE,USDT,USDT,USDS,0.001,0.1,10000000000,99999999,0.001,0.01,0.01,0.05,0.1,False,True,1,1.00,1.00,False,False,0.01,270,1760086800000.0,1760089800000.0,1760090100000.0,1760090400000.0
978,CLO-USDT,CLO-USDT,CLO,USDT,USDT,USDS,10,0.1,10000000000,99999999,0.1,0.00001,0.00001,0.05,0.1,False,True,3,1.00,1.00,False,False,0.00001,5,1760443200000.0,1760446200000.0,1760446500000.0,1760446800000.0
979,LAB-USDT,LAB-USDT,LAB,USDT,USDT,USDS,10,0.1,10000000000,99999999,0.1,0.00001,0.00001,0.05,0.1,False,True,3,1.00,1.00,False,False,0.00001,1,1760439600000.0,1760442600000.0,1760442900000.0,1760443200000.0
980,FLK-USDT,FLK-USDT,FLK,USDT,USDT,USDS,1,0.1,10000000000,99999999,0.01,0.0001,0.0001,0.05,0.1,False,True,3,1.00,1.00,False,False,0.0001,6,1760439600000.0,1760442600000.0,1760442900000.0,1760443200000.0
981,ANOME-USDT,ANOME-USDT,ANOME,USDT,USDT,USDS,10,0.1,10000000000,99999999,0.1,0.0000001,0.0000001,0.05,0.1,False,True,3,1.00,1.00,False,False,0.00001,1,1760691600000.0,1760694600000.0,1760694900000.0,1760695200000.0
982,ENSO-USDT,ENSO-USDT,ENSO,USDT,USDT,USDS,0.1,0.1,10000000000,99999999,0.01,0.0001,0.0001,0.05,0.1,False,True,1,1.00,1.00,False,False,0.0001,10,1760428800000.0,1760431800000.0,1760432100000.0,1760432400000.0
983,NOM-USDT,NOM-USDT,NOM,USDT,USDT,USDS,10,0.1,10000000000,99999999,0.1,0.00001,0.00001,0.05,0.1,False,True,1,1.00,1.00,False,False,0.00001,0.056,1760443200000.0,1760446200000.0,1760446500000.0,1760446800000.0
984,WBAI-USDT,WBAI-USDT,WBAI,USDT,USDT,USDS,100,0.1,10000000000,99999999,1,0.000001,0.000001,0.05,0.1,False,True,3,1.00,1.00,False,False,0.00001,1,1760526000000.0,1760529000000.0,1760529300000.0,1760529600000.0
985,RECALL-USDT,RECALL-USDT,RECALL,USDT,USDT,USDS,1,0.1,10000000000,99999999,0.01,0.0001,0.0001,0.05,0.1,False,True,3,1.00,1.00,False,False,0.0001,5,1760526300000.0,1760529300000.0,1760529600000.0,1760529900000.0
986,YB-USDT,YB-USDT,YB,USDT,USDT,USDS,1,0.1,10000000000,99999999,0.01,0.0001,0.0001,0.05,0.1,False,True,1,1.00,1.00,False,False,0.0001,10,1760522400000.0,1760525400000.0,1760525700000.0,1760526000000.0
987,XMN-USDT,XMN-USDT,XMN,USDT,USDT,USDS,10,0.1,10000000000,99999999,0.1,0.00001,0.00001,0.05,0.1,False,True,3,1.00,1.00,False,False,0.00001,0.12,1760515200000.0,1760518200000.0,1760518500000.0,1760518800000.0
988,ZBT-USDT,ZBT-USDT,ZBT,USDT,USDT,USDS,10,0.1,10000000000,99999999,0.1,0.00001,0.00001,0.05,0.1,False,True,1,1.00,1.00,False,False,0.00001,7.5,1760702400000.0,1760705400000.0,1760705700000.0,1760706000000.0
989,RVV-USDT,RVV-USDT,RVV,USDT,USDT,USDS,1000,0.1,10000000000,99999999,1,0.000001,0.0000001,0.05,0.1,False,True,3,1.00,1.00,False,False,0.000001,0.3,1760792400000.0,1760795400000.0,1760795700000.0,1760796000000.0
990,BLUAI-USDT,BLUAI-USDT,BLUAI,USDT,USDT,USDS,10,0.1,10000000000,99999999,1,0.000001,0.000001,0.05,0.1,False,True,3,1.00,1.00,False,False,0.000001,0.5,1761044400000.0,1761047400000.0,1761047700000.0,1761048000000.0
991,TURTLE-USDT,TURTLE-USDT,TURTLE,USDT,USDT,USDS,10,0.1,10000000000,99999999,0.1,0.00001,0.00001,0.05,0.1,False,True,1,1.00,1.00,False,False,0.0001,10,1761141600000.0,1761144600000.0,1761144900000.0,1761145200000.0
992,MET-USDT,MET-USDT,MET,USDT,USDT,USDS,1,0.1,10000000000,99999999,0.01,0.0001,0.0001,0.05,0.1,False,True,2,1.00,1.00,False,False,0.0001,25,1761224400000.0,1761227400000.0,1761227700000.0,1761228000000.0
993,LMTS-USDT,LMTS-USDT,LMTS,USDT,USDT,USDS,1,0.1,10000000000,99999999,0.01,0.0001,0.0001,0.05,0.1,False,True,3,1.00,1.00,False,False,0.0001,1,1761206400000.0,1761209400000.0,1761209700000.0,1761210000000.0
994,PING-USDT,PING-USDT,PING,USDT,USDT,USDS,100,0.1,10000000000,99999999,1,0.000001,0.000001,0.05,0.1,False,True,3,1.00,1.00,True,False,0.00001,0.12,1761296400000.0,1761299400000.0,1761299700000.0,1761300000000.0
995,COMMON-USDT,COMMON-USDT,COMMON,USDT,USDT,USDS,10,0.1,10000000000,99999999,1,0.000001,0.000001,0.05,0.1,False,True,2,1.00,1.00,False,False,0.000001,0.5,1761566400000.0,1761569400000.0,1761569700000.0,1761570000000.0
996,IAG-USDT,IAG-USDT,IAG,USDT,USDT,USDS,10,0.1,10000000000,99999999,0.1,0.00001,0.00001,0.05,0.1,False,True,3,1.00,1.00,False,False,0.00001,0.32,1761656400000.0,1761659400000.0,1761659700000.0,1761660000000.0
997,PIGGY-USDT,PIGGY-USDT,PIGGY,USDT,USDT,USDS,10,0.1,10000000000,99999999,0.1,0.00001,0.00001,0.05,0.1,False,True,3,1.00,1.00,False,False,0.00001,0.155,1769752800000.0,1769755800000.0,1769756100000.0,1769756400000.0
998,EAT-USDT,EAT-USDT,EAT,USDT,USDT,USDS,10,0.1,10000000000,99999999,0.1,0.00001,0.00001,0.05,0.1,False,True,2,1.00,1.00,False,False,0.00001,1.75,1761739200000.0,1761742200000.0,1761742500000.0,1761742800000.0
999,BOS-USDT,BOS-USDT,BOS,USDT,USDT,USDS,10,0.1,10000000000,99999999,1,0.000001,0.000001,0.05,0.1,False,True,3,1.00,1.00,False,False,0.000001,0.475,1761735600000.0,1761738600000.0,1761738900000.0,1761739200000.0
1000,KBEAT-USDT,KBEAT-USDT,KBEAT,USDT,USDT,USDS,10,0.1,10000000000,99999999,0.1,0.00001,0.00001,0.05,0.1,False,True,3,1.00,1.00,False,False,0.00001,3,1761987600000.0,1761990600000.0,1761990900000.0,1761991200000.0
1001,KITE-USDT,KITE-USDT,KITE,USDT,USDT,USDS,10,0.1,10000000000,99999999,0.1,0.00001,0.00001,0.05,0.1,False,True,1,1.00,1.00,False,False,0.00001,1,1762171200000.0,1762174200000.0,1762174500000.0,1762174800000.0
1002,TEAFI-USDT,TEAFI-USDT,TEAFI,USDT,USDT,USDS,10,0.1,10000000000,99999999,0.1,0.00001,0.00001,0.05,0.1,False,True,3,1.00,1.00,False,False,0.00001,0.2,1769677200000.0,1769680200000.0,1769680500000.0,1769680800000.0
1003,PLAI-USDT,PLAI-USDT,PLAI,USDT,USDT,USDS,100,0.1,10000000000,99999999,1,0.000001,0.000001,0.05,0.1,False,True,3,1.00,1.00,False,False,0.00001,2,1762254000000.0,1762257000000.0,1762257300000.0,1762257600000.0
1004,MMT-USDT,MMT-USDT,MMT,USDT,USDT,USDS,1,0.1,10000000000,99999999,0.01,0.0001,0.0001,0.05,0.1,False,True,1,1.00,1.00,False,False,0.0001,5,1762254000000.0,1762257000000.0,1762257300000.0,1762257600000.0
1005,TRUST-USDT,TRUST-USDT,TRUST,USDT,USDT,USDS,1,0.1,10000000000,99999999,0.1,0.00001,0.00001,0.05,0.1,False,True,3,1.00,1.00,False,False,0.00001,4,1762336800000.0,1762339800000.0,1762340100000.0,1762340400000.0
1006,UAI-USDT,UAI-USDT,UAI,USDT,USDT,USDS,10,0.1,1000000000,99999999,0.1,0.00001,0.00001,0.05,0.1,False,True,3,1.00,1.00,False,False,0.00001,2,1762430400000.0,1762433400000.0,1762433700000.0,1762434000000.0
1007,FOLKS-USDT,FOLKS-USDT,FOLKS,USDT,USDT,USDS,1,0.1,10000000000,99999999,0.01,0.0001,0.0001,0.05,0.1,False,True,3,1.00,1.00,False,False,0.0001,100,1762430400000.0,1762433400000.0,1762433700000.0,1762434000000.0
1008,CC-USDT,CC-USDT,CC,USDT,USDT,USDS,1,0.1,10000000000,99999999,0.1,0.00001,0.00001,0.05,0.1,False,True,2,1.00,1.00,False,False,0.00001,7.5,1762754400000.0,1762757400000.0,1762757700000.0,1762758000000.0
1009,EQTY-USDT,EQTY-USDT,EQTY,USDT,USDT,USDS,100,0.1,10000000000,99999999,1,0.000001,0.000001,0.05,0.1,False,True,3,1.00,1.00,False,False,0.000001,0.018,1762761600000.0,1762764600000.0,1762764900000.0,1762765200000.0
1010,ELIZAOS-USDT,ELIZAOS-USDT,ELIZAOS,USDT,USDT,USDS,100,0.1,10000000000,99999999,1,0.000001,0.000001,0.05,0.1,False,True,3,1.00,1.00,False,False,0.000001,0.026,1762768800000.0,1762771800000.0,1762772100000.0,1762772400000.0
1011,APR-USDT,APR-USDT,APR,USDT,USDT,USDS,1,0.1,10000000000,99999999,0.01,0.0001,0.0001,0.05,0.1,False,True,2,1.00,1.00,False,False,0.0001,0.85,1762765200000.0,1762768200000.0,1762768500000.0,1762768800000.0
1012,JCT-USDT,JCT-USDT,JCT,USDT,USDT,USDS,100,0.1,10000000000,99999999,1,0.000001,0.000001,0.05,0.1,False,True,3,1.00,1.00,False,False,0.000001,0.1,1762772400000.0,1762775400000.0,1762775700000.0,1762776000000.0
1013,ALLO-USDT,ALLO-USDT,ALLO,USDT,USDT,USDS,1,0.1,10000000000,99999999,0.01,0.0001,0.0001,0.05,0.1,False,True,1,1.00,1.00,False,False,0.0001,12.5,1762862400000.0,1762865400000.0,1762865700000.0,1762866000000.0
1014,BMB-USDT,BMB-USDT,BMB,USDT,USDT,USDS,10,0.1,10000000000,99999999,0.1,0.00001,0.00001,0.05,0.1,False,True,3,1.00,1.00,False,False,0.00001,2,1762952400000.0,1762955400000.0,1762955700000.0,1762956000000.0
1015,PLAYSOLANA-USDT,PLAYSOLANA-USDT,PLAYSOLANA,USDT,USDT,USDS,100,0.1,10000000000,99999999,1,0.000001,0.000001,0.05,0.1,False,True,3,1.00,1.00,False,False,0.00001,1,1763125200000.0,1763128200000.0,1763128500000.0,1763128800000.0
1016,PUNDIAI-USDT,PUNDIAI-USDT,PUNDIAI,USDT,USDT,USDS,1,0.1,10000000000,99999999,0.01,0.0001,0.0001,0.05,0.1,False,True,3,1.00,1.00,False,False,0.0001,2.55,1763103600000.0,1763106600000.0,1763106900000.0,1763107200000.0
1017,SUT-USDT,SUT-USDT,SUT,USDT,USDT,USDS,0.1,0.1,10000000000,99999999,0.01,0.001,0.001,0.05,0.1,False,True,3,1.00,1.00,False,False,0.001,8,1763542800000.0,1763545800000.0,1763546100000.0,1763546400000.0
1018,BOB-USDT,BOB-USDT,BOB,USDT,USDT,USDS,10,0.1,10000000000,99999999,0.1,0.00001,0.00001,0.05,0.1,False,True,3,1.00,1.00,False,False,0.00001,0.5,1763643600000.0,1763646600000.0,1763646900000.0,1763647200000.0
1019,PLAY-USDT,PLAY-USDT,PLAY,USDT,USDT,USDS,10,0.1,100000000,99999999,0.1,0.00001,0.00001,0.05,0.1,False,True,3,1.00,1.00,False,False,0.00001,0.27,1763715600000.0,1763718600000.0,1763718900000.0,1763719200000.0
1020,DIGI-USDT,DIGI-USDT,DIGI,USDT,USDT,USDS,10000,0.1,10000000000,99999999,1,0.00000001,0.00000001,0.05,0.1,False,True,3,1.00,1.00,False,False,0.0000001,0.015,1763805600000.0,1763808600000.0,1763808900000.0,1763809200000.0
1021,MON-USDT,MON-USDT,MON,USDT,USDT,USDS,10,0.1,10000000000,99999999,0.1,0.00001,0.00001,0.05,0.1,False,True,2,1.00,1.00,False,False,0.00001,1,1763992800000.0,1763995800000.0,1763996100000.0,1763996400000.0
1022,IRYS-USDT,IRYS-USDT,IRYS,USDT,USDT,USDS,10,0.1,10000000000,99999999,0.1,0.00001,0.00001,0.05,0.1,False,True,3,1.00,1.00,False,False,0.00001,5,1764072000000.0,1764075000000.0,1764075300000.0,1764075600000.0
1023,USDG-USDT,USDG-USDT,USDG,USDT,USDT,USDS,1,0.1,10000000000,99999999,0.01,0.0001,0.0001,0.05,0.1,False,True,2,1.00,1.00,False,False,0.0001,1.2,1764147600000.0,1764150600000.0,1764150900000.0,1764151200000.0
1024,BTC-USDG,BTC-USDG,BTC,USDG,USDG,USDS,0.00001,0.1,10000000000,99999999,0.00001,0.01,0.01,0.05,,False,True,1,1.00,1.00,False,False,0.01,105000,1764147600000.0,1764150600000.0,1764150900000.0,1764151200000.0
1025,TEN-USDT,TEN-USDT,TEN,USDT,USDT,USDS,100,0.1,10000000000,99999999,1,0.000001,0.000001,0.05,0.1,False,True,3,1.00,1.00,False,False,0.00001,4,1764244800000.0,1764247800000.0,1764248100000.0,1764248400000.0
1026,BEST-USDT,BEST-USDT,BEST,USDT,USDT,USDS,100,0.1,10000000000,99999999,1,0.000001,0.000001,0.05,0.1,False,True,3,1.00,1.00,False,False,0.000001,0.4,1764339600000.0,1764341400000.0,1764341700000.0,1764342000000.0
1027,SEEK-USDT,SEEK-USDT,SEEK,USDT,USDT,USDS,10,0.1,10000000000,99999999,0.1,0.00001,0.00001,0.05,0.1,False,True,3,1.00,1.00,False,False,0.0001,30,1764932400000.0,1764935400000.0,1764935700000.0,1764936000000.0
1028,STABLE-USDT,STABLE-USDT,STABLE,USDT,USDT,USDS,100,0.1,10000000000,99999999,1,0.000001,0.000001,0.05,0.1,False,True,2,1.00,1.00,False,False,0.000001,0.5,1765195200000.0,1765198200000.0,1765198500000.0,1765198800000.0
1029,NIGHT-USDT,NIGHT-USDT,NIGHT,USDT,USDT,USDS,10,0.1,10000000000,99999999,0.1,0.00001,0.00001,0.05,0.1,False,True,2,1.00,1.00,False,False,0.00001,1,1765270800000.0,1765273800000.0,1765274100000.0,1765274400000.0
1030,WET-USDT,WET-USDT,WET,USDT,USDT,USDS,10,0.1,10000000000,99999999,0.1,0.00001,0.00001,0.05,0.1,False,True,2,1.00,1.00,False,False,0.00001,5,1765288800000.0,1765291800000.0,1765292100000.0,1765292400000.0
1031,ADI-USDT,ADI-USDT,ADI,USDT,USDT,USDS,1,0.1,10000000000,99999999,0.01,0.0001,0.0001,0.05,0.1,False,True,3,1.00,1.00,False,False,0.0001,15,1765278000000.0,1765281000000.0,1765281300000.0,1765281600000.0
1032,KYO-USDT,KYO-USDT,KYO,USDT,USDT,USDS,10,0.1,10000000000,99999999,0.1,0.00001,0.00001,0.05,0.1,False,True,3,1.00,1.00,False,False,0.00001,5,1765353600000.0,1765356600000.0,1765356900000.0,1765357200000.0
1033,US-USDT,US-USDT,US,USDT,USDT,USDS,100,0.1,10000000000,99999999,1,0.000001,0.000001,0.05,0.1,False,True,3,1.00,1.00,False,False,0.00001,1,1765454400000.0,1765457400000.0,1765457700000.0,1765458000000.0
1034,CYS-USDT,CYS-USDT,CYS,USDT,USDT,USDS,10,0.1,10000000000,99999999,0.1,0.00001,0.00001,0.05,0.1,False,True,3,1.00,1.00,False,False,0.00001,4,1765443600000.0,1765446600000.0,1765446900000.0,1765447200000.0
1035,UDS-USDT,UDS-USDT,UDS,USDT,USDT,USDS,0.1,0.1,10000000000,99999999,0.01,0.0001,0.0001,0.05,0.1,False,True,3,1.00,1.00,False,False,0.0001,8,1765875600000.0,1765878600000.0,1765878900000.0,1765879200000.0
1036,THQ-USDT,THQ-USDT,THQ,USDT,USDT,USDS,10,0.1,10000000000,99999999,0.1,0.00001,0.00001,0.05,0.1,False,True,3,1.00,1.00,False,False,0.0001,10,1765893600000.0,1765896600000.0,1765896900000.0,1765897200000.0
1037,IR-USDT,IR-USDT,IR,USDT,USDT,USDS,100,0.1,10000000000,99999999,1,0.000001,0.000001,0.05,0.1,False,True,3,1.00,1.00,False,False,0.00001,2.5,1765969200000.0,1765972200000.0,1765972500000.0,1765972800000.0
1038,SCOR-USDT,SCOR-USDT,SCOR,USDT,USDT,USDS,100,0.1,10000000000,99999999,1,0.000001,0.000001,0.05,0.1,False,True,2,1.00,1.00,False,False,0.00001,2,1765962000000.0,1765965000000.0,1765965300000.0,1765965600000.0
1039,VOOI-USDT,VOOI-USDT,VOOI,USDT,USDT,USDS,100,0.1,10000000000,99999999,1,0.000001,0.000001,0.05,0.1,False,True,2,1.00,1.00,False,False,0.00001,8,1766059200000.0,1766062200000.0,1766062500000.0,1766062800000.0
1040,ZKP-USDT,ZKP-USDT,ZKP,USDT,USDT,USDS,10,0.1,10000000000,99999999,0.1,0.00001,0.00001,0.05,0.1,False,True,1,1.00,1.00,False,False,0.00001,5,1766145600000.0,1766148600000.0,1766148900000.0,1766149200000.0
1041,MIN-USDT,MIN-USDT,MIN,USDT,USDT,USDS,100,0.1,10000000000,99999999,1,0.000001,0.000001,0.05,0.1,False,True,3,1.00,1.00,False,False,0.000001,0.08,1766048400000.0,1766051400000.0,1766051700000.0,1766052000000.0
1042,ZIG-USDT,ZIG-USDT,ZIG,USDT,USDT,USDS,10,0.1,10000000000,99999999,0.1,0.00001,0.00001,0.05,0.1,False,True,2,1.00,1.00,False,False,0.00001,0.6,1766062800000.0,1766065800000.0,1766066100000.0,1766066400000.0
1043,TTD-USDT,TTD-USDT,TTD,USDT,USDT,USDS,100,0.1,10000000000,99999999,1,0.000001,0.000001,0.05,0.1,False,True,3,1.00,1.00,False,False,0.00001,2,1766221200000.0,1766224200000.0,1766224500000.0,1766224800000.0
1044,LIT-USDT,LIT-USDT,LIT,USDT,USDT,USDS,1,0.1,10000000000,99999999,0.01,0.001,0.001,0.05,0.1,False,True,2,1.00,1.00,False,False,0.001,10,1768483800000.0,1768486800000.0,1768487100000.0,1768487400000.0
1045,BTG-USDT,BTG-USDT,BTG,USDT,USDT,USDS,0.1,0.1,10000000000,99999999,0.01,0.001,0.001,0.05,0.1,False,True,3,1.00,1.00,False,False,0.001,22.59,1767322800000.0,1767325800000.0,1767326100000.0,1767326400000.0
1046,ESIM-USDT,ESIM-USDT,ESIM,USDT,USDT,USDS,10,0.1,10000000000,99999999,0.1,0.00001,0.00001,0.05,0.1,False,True,3,1.00,1.00,False,False,0.00001,4,1767614400000.0,1767617400000.0,1767617700000.0,1767618000000.0
1047,BREV-USDT,BREV-USDT,BREV,USDT,USDT,USDS,1,0.1,10000000000,99999999,0.01,0.0001,0.0001,0.05,0.1,False,True,1,1.00,1.00,False,False,0.0001,10,1767704400000.0,1767707400000.0,1767707700000.0,1767708000000.0
1048,RAIN-USDT,RAIN-USDT,RAIN,USDT,USDT,USDS,100,0.1,10000000000,99999999,1,0.000001,0.000001,0.05,0.1,False,True,3,1.00,1.00,False,False,0.000001,0.025,1767690000000.0,1767693000000.0,1767693300000.0,1767693600000.0
1049,ZTC-USDT,ZTC-USDT,ZTC,USDT,USDT,USDS,1000,0.1,10000000000,99999999,1,0.000001,0.0000001,0.05,0.1,False,True,3,1.00,1.00,False,False,0.000001,0.4762,1767783600000.0,1767786600000.0,1767786900000.0,1767787200000.0
1050,DN-USDT,DN-USDT,DN,USDT,USDT,USDS,1,0.1,10000000000,99999999,0.01,0.01,0.0001,0.05,0.1,False,True,3,1.00,1.00,False,False,0.0001,40,1767949200000.0,1767952200000.0,1767952500000.0,1767952800000.0
1051,BNRENSHENG-USDT,币安人生-USDT,BNRENSHENG,USDT,USDT,USDS,1,0.1,10000000000,99999999,0.1,0.00001,0.00001,0.05,0.1,False,True,1,1.00,1.00,False,False,0.00001,1.6,1767945600000.0,1767948600000.0,1767948900000.0,1767949200000.0
1052,SIGHT-USDT,SIGHT-USDT,SIGHT,USDT,USDT,USDS,1000,0.1,10000000000,99999999,1,0.0000001,0.0000001,0.05,0.1,False,True,3,1.00,1.00,False,False,0.00001,3.125,1768381200000.0,1768384200000.0,1768384500000.0,1768384800000.0
1053,FUN-USDT,FUN-USDT,FUN,USDT,USDT,USDS,10,0.1,10000000000,99999999,0.1,0.00001,0.00001,0.05,0.1,False,True,3,1.00,1.00,False,False,0.00001,3,1768482000000.0,1768485000000.0,1768485300000.0,1768485600000.0
1054,FOGO-USDT,FOGO-USDT,FOGO,USDT,USDT,USDS,1,0.1,10000000000,99999999,0.1,0.00001,0.00001,0.05,0.1,False,True,1,1.00,1.00,False,False,0.00001,2,1768482000000.0,1768485000000.0,1768485300000.0,1768485600000.0
1055,ULTIMA-USDT,ULTIMA-USDT,ULTIMA,USDT,USDT,USDS,0.0001,0.1,10000000000,99999999,0.0001,0.01,0.01,0.05,0.1,False,True,3,1.00,1.00,False,False,0.01,69000,1768550400000.0,1768553400000.0,1768553700000.0,1768554000000.0
1056,ELSA-USDT,ELSA-USDT,ELSA,USDT,USDT,USDS,1,0.1,10000000000,99999999,0.01,0.0001,0.0001,0.05,0.1,False,True,2,1.00,1.00,False,False,0.0001,5,1768896000000.0,1768899000000.0,1768899300000.0,1768899600000.0
1057,ACU-USDT,ACU-USDT,ACU,USDT,USDT,USDS,10,0.1,10000000000,99999999,0.1,0.00001,0.00001,0.05,0.1,False,True,2,1.00,1.00,False,False,0.00001,3,1768906800000.0,1768909800000.0,1768910100000.0,1768910400000.0
1058,SKR-USDT,SKR-USDT,SKR,USDT,USDT,USDS,100,0.1,10000000000,99999999,1,0.000001,0.000001,0.05,0.1,False,True,2,1.00,1.00,False,False,0.000001,0.5,1768957200000.0,1768960200000.0,1768960500000.0,1768960800000.0
1059,GWEI-USDT,GWEI-USDT,GWEI,USDT,USDT,USDS,100,0.1,10000000000,99999999,1,0.000001,0.000001,0.05,0.1,False,True,3,1.00,1.00,False,False,0.000001,0.5,1769000400000.0,1769003400000.0,1769003700000.0,1769004000000.0
1060,FIGHT-USDT,FIGHT-USDT,FIGHT,USDT,USDT,USDS,100,0.1,10000000000,99999999,1,0.000001,0.000001,0.05,0.1,False,True,2,1.00,1.00,False,False,0.000001,0.5,1769083200000.0,1769086200000.0,1769086500000.0,1769086800000.0
1061,SENT-USDT,SENT-USDT,SENT,USDT,USDT,USDS,10,0.1,10000000000,99999999,0.1,0.00001,0.00001,0.05,0.1,False,True,1,1.00,1.00,False,False,0.00001,0.5,1769079600000.0,1769082600000.0,1769082900000.0,1769083200000.0
1062,IMU-USDT,IMU-USDT,IMU,USDT,USDT,USDS,100,0.1,10000000000,99999999,1,0.000001,0.000001,0.05,0.1,False,True,3,1.00,1.00,False,False,0.000001,0.7,1769086800000.0,1769089800000.0,1769090100000.0,1769090400000.0
1063,SPACE-USDT,SPACE-USDT,SPACE,USDT,USDT,USDS,100,0.1,10000000000,99999999,1,0.000001,0.000001,0.05,0.1,False,True,2,1.00,1.00,False,False,0.000001,0.2,1769166000000.0,1769169000000.0,1769169300000.0,1769169600000.0
1064,SPACE-USD1,SPACE-USD1,SPACE,USD1,USD1,USDS,100,0.1,10000000000,99999999,1,0.000001,0.000001,0.05,,False,True,2,1.00,1.00,False,False,0.000001,0.2,1769166000000.0,1769169000000.0,1769169300000.0,1769169600000.0
1065,PYBOBO-USDT,PYBOBO-USDT,PYBOBO,USDT,USDT,USDS,1000,0.1,10000000000,99999999,1,0.0000001,0.0000001,0.05,0.1,False,True,2,1.00,1.00,False,False,0.0000001,0.00255,1769158800000.0,1769161800000.0,1769162100000.0,1769162400000.0
1066,BIRB-USDT,BIRB-USDT,BIRB,USDT,USDT,USDS,10,0.1,10000000000,99999999,0.1,0.00001,0.00001,0.05,0.1,False,True,2,1.00,1.00,False,False,0.00001,1,1769601600000.0,1769604600000.0,1769604900000.0,1769605200000.0
1067,KIN-USDT,KIN-USDT,KIN,USDT,USDT,USDS,10,0.1,10000000000,99999999,0.1,0.00001,0.00001,0.05,0.1,False,True,3,1.00,1.00,False,False,0.00001,1,1769767200000.0,1769770200000.0,1769770500000.0,1769770800000.0
1068,ZAMA-USDT,ZAMA-USDT,ZAMA,USDT,USDT,USDS,10,0.1,10000000000,99999999,0.1,0.00001,0.00001,0.05,0.1,False,True,1,1.00,1.00,False,False,0.00001,1,1770033600000.0,1770036600000.0,1770036900000.0,1770037200000.0
1069,PVT-USDT,PVT-USDT,PVT,USDT,USDT,USDS,100,0.1,10000000000,99999999,1,0.000001,0.000001,0.05,0.1,False,True,3,1.00,1.00,False,False,0.000001,0.00895,1769770800000.0,1769773800000.0,1769774100000.0,1769774400000.0
1070,INX-USDT,INX-USDT,INX,USDT,USDT,USDS,100,0.1,10000000000,99999999,1,0.000001,0.000001,0.05,0.1,False,True,2,1.00,1.00,False,False,0.000001,0.5,1769796000000.0,1769799000000.0,1769799300000.0,1769799600000.0
1071,TRIA-USDT,TRIA-USDT,TRIA,USDT,USDT,USDS,100,0.1,10000000000,99999999,1,0.000001,0.000001,0.05,0.1,False,True,2,1.00,1.00,False,False,0.000001,0.8,1770109200000.0,1770112200000.0,1770112500000.0,1770112800000.0
1072,WARD-USDT,WARD-USDT,WARD,USDT,USDT,USDS,10,0.1,10000000000,99999999,0.1,0.000001,0.000001,0.05,0.1,False,True,3,1.00,1.00,False,False,0.00001,2,1770202800000.0,1770205800000.0,1770206100000.0,1770206400000.0
1073,RNBW-USDT,RNBW-USDT,RNBW,USDT,USDT,USDS,10,0.1,10000000000,99999999,0.1,0.00001,0.00001,0.05,0.1,False,True,2,1.00,1.00,False,False,0.00001,1,1770307200000.0,1770310200000.0,1770310500000.0,1770310800000.0
1074,MOVA-USDT,MOVA-USDT,MOVA,USDT,USDT,USDS,1,0.1,10000000000,99999999,0.01,0.0001,0.0001,0.05,0.1,False,True,3,1.00,1.00,False,False,0.0001,50,1770368400000.0,1770371400000.0,1770371700000.0,1770372000000.0
1075,9BIT-USDT,9BIT-USDT,9BIT,USDT,USDT,USDS,100,0.1,10000000000,99999999,1,0.000001,0.000001,0.05,0.1,False,True,3,1.00,1.00,False,False,0.000001,0.07,1770640200000.0,1770643200000.0,1770643500000.0,1770643800000.0
1076,FRAX-USDT,FRAX-USDT,FRAX,USDT,USDT,USDS,1,0.1,10000000000,99999999,0.01,0.0001,0.0001,0.05,0.1,False,True,1,1.00,1.00,False,False,0.0001,7.25,1770710400000.0,1770713400000.0,1770713700000.0,1770714000000.0
1077,UP-USDT,UP-USDT,UP,USDT,USDT,USDS,10,0.1,10000000000,99999999,0.1,0.00001,0.00001,0.05,0.1,False,True,2,1.00,1.00,False,False,0.00001,1.5,1770739200000.0,1770742200000.0,1770742500000.0,1770742800000.0
1078,ESP-USDT,ESP-USDT,ESP,USDT,USDT,USDS,10,0.1,10000000000,99999999,0.1,0.00001,0.00001,0.05,0.1,False,True,1,1.00,1.00,False,False,0.00001,5,1770897600000.0,1770900600000.0,1770900900000.0,1770901200000.0
1079,AZTEC-USDT,AZTEC-USDT,AZTEC,USDT,USDT,USDS,10,0.1,10000000000,99999999,0.1,0.00001,0.00001,0.05,0.1,False,True,2,1.00,1.00,False,False,0.00001,0.5,1770876000000.0,1770879000000.0,1770879300000.0,1770879600000.0
1080,BNKR-USDT,BNKR-USDT,BNKR,USDT,USDT,USDS,1000,0.1,10000000000,99999999,1,0.0000001,0.0000001,0.05,0.1,False,True,2,1.00,1.00,False,False,0.0000001,0.0038965,1770973200000.0,1770976200000.0,1770976500000.0,1770976800000.0
1081,CRTR-USDT,CRTR-USDT,CRTR,USDT,USDT,USDS,10,0.1,10000000000,99999999,0.1,0.00001,0.00001,0.05,0.1,False,True,3,1.00,1.00,False,False,0.00001,1.5,1771840800000.0,1771843800000.0,1771844100000.0,1771844400000.0
1082,ROBO-USDT,ROBO-USDT,ROBO,USDT,USDT,USDS,10,0.1,10000000000,99999999,0.1,0.00001,0.00001,0.05,0.1,False,True,1,1.00,1.00,False,False,0.00001,1,1772182800000.0,1772185800000.0,1772186100000.0,1772186400000.0
1083,IDOS-USDT,IDOS-USDT,IDOS,USDT,USDT,USDS,10,0.1,10000000000,99999999,0.1,0.00001,0.00001,0.05,0.1,False,True,3,1.00,1.00,False,False,0.00001,2.5,1772715600000.0,1772718600000.0,1772718900000.0,1772719200000.0
1084,NOON-USDT,NOON-USDT,NOON,USDT,USDT,USDS,10,0.1,10000000000,99999999,0.1,0.00001,0.00001,0.05,0.1,False,True,3,1.00,1.00,False,False,0.00001,2,1772712000000.0,1772715000000.0,1772715300000.0,1772715600000.0
1085,GF-USDT,GF-USDT,GF,USDT,USDT,USDS,1000,0.1,10000000000,99999999,1,0.0000001,0.0000001,0.05,0.1,False,True,3,1.00,1.00,False,False,0.0000001,0.05,1772794800000.0,1772797800000.0,1772798100000.0,1772798400000.0
1086,NEXI-USDT,NEXI-USDT,NEXI,USDT,USDT,USDS,10,0.1,10000000000,99999999,0.1,0.00001,0.00001,0.05,0.1,False,True,3,1.00,1.00,False,False,0.00001,1,1773050400000.0,1773053400000.0,1773053700000.0,1773054000000.0
1087,MANTRA-USDT,MANTRA-USDT,MANTRA,USDT,USDT,USDS,10,0.1,10000000000,99999999,0.1,0.00001,0.00001,0.05,0.1,False,True,1,1.00,1.00,False,False,0.00001,0.055,1773115200000.0,1773118200000.0,1773118500000.0,1773118800000.0
1088,MANTRA-BTC,MANTRA-BTC,MANTRA,BTC,BTC,BTC,1,0.000001,10000000000,99999999,1,0.0000000001,0.0000000001,0.05,0.000001,False,True,1,1.00,1.00,False,False,0.0000000001,0.00000077,1773115800000.0,1773118200000.0,1773118500000.0,1773118800000.0
1089,SN3-USDT,SN3-USDT,SN3,USDT,USDT,USDS,1000,0.1,10000000000,99999999,1,0.00001,0.0000001,0.05,0.1,False,True,3,1.00,1.00,False,False,0.00001,1,1773212400000.0,1773215400000.0,1773215700000.0,1773216000000.0
1090,KAT-USDT,KAT-USDT,KAT,USDT,USDT,USDS,10,0.1,10000000000,99999999,0.1,0.01,0.00001,0.05,0.1,False,True,1,1.00,1.00,False,False,0.00001,1,1773835200000.0,1773838200000.0,1773838500000.0,1773838800000.0
1091,XAUM-USDT,XAUM-USDT,XAUM,USDT,USDT,USDS,0.0001,0.1,10000000000,99999999,0.0001,0.01,0.01,0.05,0.1,False,True,3,1.00,1.00,False,False,0.01,7500,1773738000000.0,1773741000000.0,1773741300000.0,1773741600000.0
1092,ION-USDT,ION-USDT,ION,USDT,USDT,USDS,100,0.1,10000000000,99999999,1,0.000001,0.000001,0.05,0.1,False,True,3,1.00,1.00,False,False,0.000001,0.006045,1774342800000.0,1774345800000.0,1774346100000.0,1774346400000.0
1093,PRL-USDT,PRL-USDT,PRL,USDT,USDT,USDS,10,0.1,10000000000,99999999,0.1,0.01,0.00001,0.05,0.1,False,True,2,1.00,1.00,False,False,0.00001,1,1774432800000.0,1774435800000.0,1774436100000.0,1774436400000.0
1094,WL-USDT,WL-USDT,WL,USDT,USDT,USDS,10,0.1,10000000000,99999999,0.1,0.01,0.00001,0.05,0.1,False,True,3,1.00,1.00,False,False,0.00001,1.5,1774947600000.0,1774950600000.0,1774950900000.0,1774951200000.0
1095,BASED-USDT,BASED-USDT,BASED,USDT,USDT,USDS,10,0.1,10000000000,99999999,0.01,0.00001,0.00001,0.05,0.1,False,True,2,1.00,1.00,False,False,0.00001,1.5,1774861200000.0,1774864200000.0,1774864500000.0,1774864800000.0
1096,EDGE-USDT,EDGE-USDT,EDGE,USDT,USDT,USDS,1,0.1,10000000000,99999999,0.01,0.01,0.0001,0.05,0.1,False,True,2,1.00,1.00,False,False,0.0001,10,1774956600000.0,1774959600000.0,1774959900000.0,1774960200000.0
1097,MEZO-USDT,MEZO-USDT,MEZO,USDT,USDT,USDS,10,0.1,10000000000,99999999,0.1,0.01,0.00001,0.05,0.1,False,True,2,1.00,1.00,False,False,0.00001,5,1775048400000.0,1775051400000.0,1775051700000.0,1775052000000.0
1098,USDS-USDT,USDS-USDT,USDS,USDT,USDT,USDS,0.1,0.1,10000000000,99999999,0.01,0.01,0.0001,0.05,0.1,False,True,1,1.00,1.00,False,False,0.0001,2,1775826000000.0,1775829000000.0,1775829300000.0,1775829600000.0
1099,OFC-USDT,OFC-USDT,OFC,USDT,USDT,USDS,10,0.1,10000000000,99999999,0.1,0.01,0.00001,0.05,0.1,False,True,2,1.00,1.00,False,False,0.00001,5,1775725200000.0,1775728200000.0,1775728500000.0,1775728800000.0
1100,RAVE-USDT,RAVE-USDT,RAVE,USDT,USDT,USDS,0.01,0.1,10000000000,99999999,0.01,0.01,0.001,0.05,0.1,False,True,2,1.00,1.00,False,False,0.001,90,1776405600000.0,1776408600000.0,1776408900000.0,1776409200000.0
