,symbol,code,type,displaySymbol,indexSymbol,markSymbol,fundingRateSymbol,fundingRate8hSymbol,contractUnderlyingAssets,settleCurrency,quoteCurrency,contractSize,lotSize,tickSize,priceScale,ratioScale,pricePrecision,minPriceEp,maxPriceEp,maxOrderQty,description,status,tipOrderQty,listTime,majorSymbol,defaultLeverage,fundingInterval,maxLeverage,leverageMargin,maxOI,baseCurrency,baseTickSize,baseTickSizeEv,quoteTickSize,quoteTickSizeEv,baseQtyPrecision,quoteQtyPrecision,minOrderValue,minOrderValueEv,maxBaseOrderSize,maxBaseOrderSizeEv,maxOrderValue,maxOrderValueEv,defaultTakerFee,defaultTakerFeeEr,defaultMakerFee,defaultMakerFeeEr,ieoOpenPriceEp,ieoInitDurationMs,buyPriceUpperLimitPct,sellPriceLowerLimitPct,leverage
0,BTCUSD,1,Perpetual,BTC / USD,.BTC,.MBTC,.BTCFR,.BTCFR8H,USD,BTC,USD,1.0,1.0,0.1,4,8,1,100000.0,10000000000.0,20000000.0,"BTC/USD perpetual contracts are priced on the .BTC Index. Each contract is worth 1 USD. Funding fees are paid and received every 8 hours at UTC time: 00:00, 08:00 and 16:00.",Listed,5000000,1574640000000,True,-10,28800.0,100.0,1034.0,-1.0,,,,,,,,,,,,,,,,,,,,,,
1,cETHUSD,1131,Perpetual,ETH / USD,.cETH,.McETH,.cETHFR,.cETHFR8H,USD,ETH,USD,1.0,1.0,0.01,4,8,2,10000.0,1000000000.0,5000000.0,"cETH/USD perpetual contracts are priced on the .cETH Index. Each contract is worth 1 USD. Funding fees are paid and received every 8 hours at UTC time: 00:00, 08:00 and 16:00.",Listed,1250000,1637722800000,True,-10,28800.0,100.0,1035.0,-1.0,,,,,,,,,,,,,,,,,,,,,,
2,cSOLUSD,110131,Perpetual,SOL / USD,.cSOL,.McSOL,.cSOLFR,.cSOLFR8H,USD,SOL,USD,1.0,1.0,0.01,4,8,2,10000.0,200000000.0,1000000.0,"cSOL/USD perpetual contracts are priced on the .cSOL Index. Each contract is worth 1 USD. Funding fees are paid and received every 8 hours at UTC time: 00:00, 08:00 and 16:00.",Listed,250000,1734667200000,True,-10,28800.0,50.0,1037.0,-1.0,,,,,,,,,,,,,,,,,,,,,,
3,cXRPUSD,110231,Perpetual,XRP / USD,.cXRP,.McXRP,.cXRPFR,.cXRPFR8H,USD,XRP,USD,1.0,1.0,0.0001,4,8,4,100.0,2000000.0,500000.0,"cXRP/USD perpetual contracts are priced on the .cXRP Index. Each contract is worth 1 USD. Funding fees are paid and received every 8 hours at UTC time: 00:00, 08:00 and 16:00.",Listed,125000,1734667200000,True,-10,28800.0,50.0,1004.0,-1.0,,,,,,,,,,,,,,,,,,,,,,
4,cADAUSD,121921,Perpetual,ADA / USD,.cADA,.McADA,.cADAFR,.cADAFR8H,USD,ADA,USD,1.0,1.0,0.0001,4,8,4,100.0,2000000.0,500000.0,"cADA/USD perpetual contracts are priced on the .cADA Index. Each contract is worth 1 USD. Funding fees are paid and received every 8 hours at UTC time: 00:00, 08:00 and 16:00.",Listed,125000,1737010800000,True,-10,28800.0,100.0,1025.0,-1.0,,,,,,,,,,,,,,,,,,,,,,
5,cSUIUSD,122021,Perpetual,SUI / USD,.cSUI,.McSUI,.cSUIFR,.cSUIFR8H,USD,SUI,USD,1.0,1.0,0.0001,4,8,4,100.0,2000000.0,500000.0,"cSUI/USD perpetual contracts are priced on the .cSUI Index. Each contract is worth 1 USD. Funding fees are paid and received every 8 hours at UTC time: 00:00, 08:00 and 16:00.",Listed,125000,1737010800000,True,-10,28800.0,100.0,1026.0,-1.0,,,,,,,,,,,,,,,,,,,,,,
6,cLINKUSD,122121,Perpetual,LINK / USD,.cLINK,.McLINK,.cLINKFR,.cLINKFR8H,USD,LINK,USD,1.0,1.0,0.001,4,8,3,1000.0,20000000.0,500000.0,"cLINK/USD perpetual contracts are priced on the .cLINK Index. Each contract is worth 1 USD. Funding fees are paid and received every 8 hours at UTC time: 00:00, 08:00 and 16:00.",Listed,125000,1737010800000,True,-10,28800.0,100.0,1027.0,-1.0,,,,,,,,,,,,,,,,,,,,,,
7,cAVAXUSD,122221,Perpetual,AVAX / USD,.cAVAX,.McAVAX,.cAVAXFR,.cAVAXFR8H,USD,AVAX,USD,1.0,1.0,0.01,4,8,2,10000.0,200000000.0,500000.0,"cAVAX/USD perpetual contracts are priced on the .cAVAX Index. Each contract is worth 1 USD. Funding fees are paid and received every 8 hours at UTC time: 00:00, 08:00 and 16:00.",Listed,125000,1737010800000,True,-10,28800.0,100.0,1028.0,-1.0,,,,,,,,,,,,,,,,,,,,,,
8,ETHUSD,11,Perpetual,ETH / USD,.ETH,.METH,.ETHFR,.ETHFR8H,ETH,USD,USD,0.005,1.0,0.01,4,8,2,10000.0,1000000000.0,500000.0,"ETH/USD perpetual contracts are priced on the .ETH Index. Each contract is worth 0.005 ETH. Funding fees are paid and received every 8 hours at UTC time: 00:00, 08:00 and 16:00.",Delisted,100000,1574650800000,True,-10,28800.0,100.0,1001.0,-1.0,,,,,,,,,,,,,,,,,,,,,,
9,XRPUSD,21,Perpetual,XRP / USD,.XRP,.MXRP,.XRPFR,.XRPFR8H,XRP,USD,USD,5.0,1.0,0.0001,4,8,4,100.0,2000000.0,500000.0,"XRP/USD perpetual contracts are priced on the .XRP Index. Each contract is worth 5 XRP. Funding fees are paid and received every 8 hours at UTC time: 00:00, 08:00 and 16:00.",Delisted,100000,1574650800000,False,-10,28800.0,100.0,1001.0,-1.0,,,,,,,,,,,,,,,,,,,,,,
10,LINKUSD,31,Perpetual,LINK / USD,.LINK,.MLINK,.LINKFR,.LINKFR8H,LINK,USD,USD,0.2,1.0,0.001,4,8,3,1000.0,20000000.0,500000.0,"LINK/USD perpetual contracts are priced on the .LINK Index. Each contract is worth 0.2 LINK. Funding fees are paid and received every 8 hours at UTC time: 00:00, 08:00 and 16:00.",Delisted,500000,1582513200000,False,-10,28800.0,100.0,1001.0,-1.0,,,,,,,,,,,,,,,,,,,,,,
11,XTZUSD,41,Perpetual,XTZ / USD,.XTZ,.MXTZ,.XTZFR,.XTZFR8H,XTZ,USD,USD,0.5,1.0,0.001,4,8,3,1000.0,20000000.0,500000.0,"XTZ/USD perpetual contracts are priced on the .XTZ Index. Each contract is worth 0.5 XTZ. Funding fees are paid and received every 8 hours at UTC time: 00:00, 08:00 and 16:00.",Delisted,200000,1583204400000,False,-10,28800.0,100.0,1001.0,-1.0,,,,,,,,,,,,,,,,,,,,,,
12,LTCUSD,51,Perpetual,LTC / USD,.LTC,.MLTC,.LTCFR,.LTCFR8H,LTC,USD,USD,0.02,1.0,0.01,4,8,2,10000.0,1000000000.0,500000.0,"LTC/USD perpetual contracts are priced on the .LTC Index. Each contract is worth 0.02 LTC. Funding fees are paid and received every 8 hours at UTC time: 00:00, 08:00 and 16:00.",Delisted,50000,1583722800000,False,-10,28800.0,100.0,1001.0,-1.0,,,,,,,,,,,,,,,,,,,,,,
13,GOLDUSD,61,Perpetual,GOLD / USD,.GOLD,.MGOLD,.GOLDFR,.GOLDFR8H,GOLD,USD,USD,0.001,1.0,0.05,4,8,2,50000.0,1000000000.0,500000.0,"GOLD/USD perpetual contracts are priced on the .GOLD Index. Each contract is worth 0.001 GOLD. Funding fees are paid and received every 8 hours at UTC time: 00:00, 08:00 and 16:00.",Delisted,50000,1584414000000,False,-10,28800.0,100.0,1001.0,-1.0,,,,,,,,,,,,,,,,,,,,,,
14,ADAUSD,71,Perpetual,ADA / USD,.ADA,.MADA,.ADAFR,.ADAFR8H,ADA,USD,USD,20.0,1.0,0.0001,4,8,4,100.0,100000000.0,500000.0,"ADA/USD perpetual contracts are priced on the .ADA Index. Each contract is worth 20 ADA. Funding fees are paid and received every 8 hours at UTC time: 00:00, 08:00 and 16:00.",Delisted,50000,1600311600000,False,-10,28800.0,100.0,1001.0,-1.0,,,,,,,,,,,,,,,,,,,,,,
15,BCHUSD,81,Perpetual,BCH / USD,.BCH,.MBCH,.BCHFR,.BCHFR8H,BCH,USD,USD,0.005,1.0,0.05,4,8,2,50000.0,1000000000.0,500000.0,"BCH/USD perpetual contracts are priced on the .BCH Index. Each contract is worth 0.005 BCH. Funding fees are paid and received every 8 hours at UTC time: 00:00, 08:00 and 16:00.",Delisted,100000,1600311600000,False,-10,28800.0,100.0,1001.0,-1.0,,,,,,,,,,,,,,,,,,,,,,
16,COMPUSD,91,Perpetual,COMP / USD,.COMP,.MCOMP,.COMPFR,.COMPFR8H,COMP,USD,USD,0.005,1.0,0.05,4,8,2,50000.0,1000000000.0,500000.0,"COMP/USD perpetual contracts are priced on the .COMP Index. Each contract is worth 0.005 COMP. Funding fees are paid and received every 8 hours at UTC time: 00:00, 08:00 and 16:00.",Delisted,50000,1600311600000,False,-10,28800.0,100.0,1001.0,-1.0,,,,,,,,,,,,,,,,,,,,,,
17,YFIUSD,111,Perpetual,YFI / USD,.YFI,.MYFI,.YFIFR,.YFIFR8H,YFI,USD,USD,0.0001,1.0,0.5,4,8,1,500000.0,10000000000.0,500000.0,"YFI/USD perpetual contracts are priced on the .YFI Index. Each contract is worth 0.0001 YFI. Funding fees are paid and received every 8 hours at UTC time: 00:00, 08:00 and 16:00.",Delisted,30000,1600311600000,False,-10,28800.0,100.0,1001.0,-1.0,,,,,,,,,,,,,,,,,,,,,,
18,ALGOUSD,121,Perpetual,ALGO / USD,.ALGO,.MALGO,.ALGOFR,.ALGOFR8H,ALGO,USD,USD,5.0,1.0,0.0001,4,8,4,100.0,2000000.0,500000.0,"ALGO/USD perpetual contracts are priced on the .ALGO Index. Each contract is worth 5 ALGO. Funding fees are paid and received every 8 hours at UTC time: 00:00, 08:00 and 16:00.",Delisted,50000,1600311600000,False,-10,28800.0,100.0,1001.0,-1.0,,,,,,,,,,,,,,,,,,,,,,
19,TRXUSD,131,Perpetual,TRX / USD,.TRX,.MTRX,.TRXFR,.TRXFR8H,TRX,USD,USD,100.0,1.0,0.0001,4,8,4,100.0,2000000.0,50000.0,"TRX/USD perpetual contracts are priced on the .TRX Index. Each contract is worth 100 TRX. Funding fees are paid and received every 8 hours at UTC time: 00:00, 08:00 and 16:00.",Delisted,12500,1621393200000,False,-10,28800.0,100.0,1001.0,-1.0,,,,,,,,,,,,,,,,,,,,,,
20,EOSUSD,141,Perpetual,EOS / USD,.EOS,.MEOS,.EOSFR,.EOSFR8H,EOS,USD,USD,1.0,1.0,0.001,4,8,3,1000.0,20000000.0,100000.0,"EOS/USD perpetual contracts are priced on the .EOS Index. Each contract is worth 1 EOS. Funding fees are paid and received every 8 hours at UTC time: 00:00, 08:00 and 16:00.",Delisted,25000,1621393200000,False,-10,28800.0,100.0,1001.0,-1.0,,,,,,,,,,,,,,,,,,,,,,
21,ONTUSD,151,Perpetual,ONT / USD,.ONT,.MONT,.ONTFR,.ONTFR8H,ONT,USD,USD,10.0,1.0,0.0001,4,8,4,100.0,2000000.0,30000.0,"ONT/USD perpetual contracts are priced on the .ONT Index. Each contract is worth 10 ONT. Funding fees are paid and received every 8 hours at UTC time: 00:00, 08:00 and 16:00.",Delisted,7500,1621393200000,False,-10,28800.0,100.0,1001.0,-1.0,,,,,,,,,,,,,,,,,,,,,,
22,NEOUSD,161,Perpetual,NEO / USD,.NEO,.MNEO,.NEOFR,.NEOFR8H,NEO,USD,USD,0.1,1.0,0.001,4,8,3,1000.0,200000000.0,100000.0,"NEO/USD perpetual contracts are priced on the .NEO Index. Each contract is worth 0.1 NEO. Funding fees are paid and received every 8 hours at UTC time: 00:00, 08:00 and 16:00.",Delisted,20000,1621393200000,False,-10,28800.0,100.0,1001.0,-1.0,,,,,,,,,,,,,,,,,,,,,,
23,DOTUSD,171,Perpetual,DOT / USD,.DOT,.MDOT,.DOTFR,.DOTFR8H,DOT,USD,USD,1.0,1.0,0.001,4,8,3,1000.0,2000000.0,500000.0,"DOT/USD perpetual contracts are priced on the .DOT Index. Each contract is worth 1 DOT. Funding fees are paid and received every 8 hours at UTC time: 00:00, 08:00 and 16:00.",Delisted,50000,1600311600000,False,-10,28800.0,100.0,1001.0,-1.0,,,,,,,,,,,,,,,,,,,,,,
24,UNIUSD,181,Perpetual,UNI / USD,.UNI,.MUNI,.UNIFR,.UNIFR8H,UNI,USD,USD,1.0,1.0,0.001,4,8,3,1000.0,20000000.0,500000.0,"UNI/USD perpetual contracts are priced on the .UNI Index. Each contract is worth 1 UNI. Funding fees are paid and received every 8 hours at UTC time: 00:00, 08:00 and 16:00.",Delisted,20000,1600830000000,False,-10,28800.0,100.0,1001.0,-1.0,,,,,,,,,,,,,,,,,,,,,,
25,AAVEUSD,191,Perpetual,AAVE / USD,.AAVE,.MAAVE,.AAVEFR,.AAVEFR8H,AAVE,USD,USD,0.01,1.0,0.01,4,8,2,10000.0,1000000000.0,200000.0,"AAVE/USD perpetual contracts are priced on the .AAVE Index. Each contract is worth 0.01 AAVE. Funding fees are paid and received every 8 hours at UTC time: 00:00, 08:00 and 16:00.",Delisted,50000,1614567600000,False,-10,28800.0,100.0,1001.0,-1.0,,,,,,,,,,,,,,,,,,,,,,
26,DOGEUSD,201,Perpetual,DOGE / USD,.DOGE,.MDOGE,.DOGEFR,.DOGEFR8H,DOGE,USD,USD,100.0,1.0,0.0001,4,8,4,100.0,2000000.0,100000.0,"DOGE/USD perpetual contracts are priced on the .DOGE Index. Each contract is worth 100 DOGE. Funding fees are paid and received every 8 hours at UTC time: 00:00, 08:00 and 16:00.",Delisted,50000,1614567600000,False,-10,28800.0,100.0,1001.0,-1.0,,,,,,,,,,,,,,,,,,,,,,
27,BATUSD,211,Perpetual,BAT / USD,.BAT,.MBAT,.BATFR,.BATFR8H,BAT,USD,USD,10.0,1.0,0.0001,4,8,4,100.0,2000000.0,100000.0,"BAT/USD perpetual contracts are priced on the .BAT Index. Each contract is worth 10 BAT. Funding fees are paid and received every 8 hours at UTC time: 00:00, 08:00 and 16:00.",Delisted,20000,1619589600000,False,-10,28800.0,100.0,1001.0,-1.0,,,,,,,,,,,,,,,,,,,,,,
28,CHZUSD,221,Perpetual,CHZ / USD,.CHZ,.MCHZ,.CHZFR,.CHZFR8H,CHZ,USD,USD,10.0,1.0,0.0001,4,8,4,100.0,2000000.0,300000.0,"CHZ/USD perpetual contracts are priced on the .CHZ Index. Each contract is worth 10 CHZ. Funding fees are paid and received every 8 hours at UTC time: 00:00, 08:00 and 16:00.",Delisted,60000,1619589600000,False,-10,28800.0,100.0,1001.0,-1.0,,,,,,,,,,,,,,,,,,,,,,
29,MANAUSD,231,Perpetual,MANA / USD,.MANA,.MMANA,.MANAFR,.MANAFR8H,MANA,USD,USD,10.0,1.0,0.0001,4,8,4,100.0,2000000.0,50000.0,"MANA/USD perpetual contracts are priced on the .MANA Index. Each contract is worth 10 MANA. Funding fees are paid and received every 8 hours at UTC time: 00:00, 08:00 and 16:00.",Delisted,12500,1619589600000,False,-10,28800.0,100.0,1001.0,-1.0,,,,,,,,,,,,,,,,,,,,,,
30,ENJUSD,241,Perpetual,ENJ / USD,.ENJ,.MENJ,.ENJFR,.ENJFR8H,ENJ,USD,USD,10.0,1.0,0.0001,4,8,4,100.0,2000000.0,400000.0,"ENJ/USD perpetual contracts are priced on the .ENJ Index. Each contract is worth 10 ENJ. Funding fees are paid and received every 8 hours at UTC time: 00:00, 08:00 and 16:00.",Delisted,80000,1619589600000,False,-10,28800.0,100.0,1001.0,-1.0,,,,,,,,,,,,,,,,,,,,,,
31,SUSHIUSD,251,Perpetual,SUSHI / USD,.SUSHI,.MSUSHI,.SUSHIFR,.SUSHIFR8H,SUSHI,USD,USD,1.0,1.0,0.0001,4,8,4,100.0,2000000.0,200000.0,"SUSHI/USD perpetual contracts are priced on the .SUSHI Index. Each contract is worth 1 SUSHI. Funding fees are paid and received every 8 hours at UTC time: 00:00, 08:00 and 16:00.",Delisted,40000,1619589600000,False,-10,28800.0,100.0,1001.0,-1.0,,,,,,,,,,,,,,,,,,,,,,
32,SNXUSD,261,Perpetual,SNX / USD,.SNX,.MSNX,.SNXFR,.SNXFR8H,SNX,USD,USD,1.0,1.0,0.001,4,8,3,1000.0,20000000.0,50000.0,"SNX/USD perpetual contracts are priced on the .SNX Index. Each contract is worth 1 SNX. Funding fees are paid and received every 8 hours at UTC time: 00:00, 08:00 and 16:00.",Delisted,12500,1619589600000,False,-10,28800.0,100.0,1001.0,-1.0,,,,,,,,,,,,,,,,,,,,,,
33,GRTUSD,271,Perpetual,GRT / USD,.GRT,.MGRT,.GRTFR,.GRTFR8H,GRT,USD,USD,10.0,1.0,0.0001,4,8,4,100.0,2000000.0,50000.0,"GRT/USD perpetual contracts are priced on the .GRT Index. Each contract is worth 10 GRT. Funding fees are paid and received every 8 hours at UTC time: 00:00, 08:00 and 16:00.",Delisted,12500,1619589600000,False,-10,28800.0,100.0,1001.0,-1.0,,,,,,,,,,,,,,,,,,,,,,
34,MKRUSD,281,Perpetual,MKR / USD,.MKR,.MMKR,.MKRFR,.MKRFR8H,MKR,USD,USD,0.001,1.0,0.1,4,8,1,100000.0,2000000000.0,100000.0,"MKR/USD perpetual contracts are priced on the .MKR Index. Each contract is worth 0.001 MKR. Funding fees are paid and received every 8 hours at UTC time: 00:00, 08:00 and 16:00.",Delisted,25000,1619589600000,False,-10,28800.0,100.0,1001.0,-1.0,,,,,,,,,,,,,,,,,,,,,,
35,ZECUSD,301,Perpetual,ZEC / USD,.ZEC,.MZEC,.ZECFR,.ZECFR8H,ZEC,USD,USD,0.01,1.0,0.01,4,8,2,10000.0,200000000.0,200000.0,"ZEC/USD perpetual contracts are priced on the .ZEC Index. Each contract is worth 0.01 ZEC. Funding fees are paid and received every 8 hours at UTC time: 00:00, 08:00 and 16:00.",Delisted,50000,1622170800000,False,-10,28800.0,100.0,1001.0,-1.0,,,,,,,,,,,,,,,,,,,,,,
36,FILUSD,311,Perpetual,FIL / USD,.FIL,.MFIL,.FILFR,.FILFR8H,FIL,USD,USD,0.1,1.0,0.001,4,8,3,1000.0,200000000.0,300000.0,"FIL/USD perpetual contracts are priced on the .FIL Index. Each contract is worth 0.1 FIL. Funding fees are paid and received every 8 hours at UTC time: 00:00, 08:00 and 16:00.",Delisted,60000,1622170800000,False,-10,28800.0,100.0,1001.0,-1.0,,,,,,,,,,,,,,,,,,,,,,
37,KSMUSD,321,Perpetual,KSM / USD,.KSM,.MKSM,.KSMFR,.KSMFR8H,KSM,USD,USD,0.01,1.0,0.01,4,8,2,10000.0,200000000.0,200000.0,"KSM/USD perpetual contracts are priced on the .KSM Index. Each contract is worth 0.01 KSM. Funding fees are paid and received every 8 hours at UTC time: 00:00, 08:00 and 16:00.",Delisted,50000,1622170800000,False,-10,28800.0,100.0,1001.0,-1.0,,,,,,,,,,,,,,,,,,,,,,
38,XMRUSD,331,Perpetual,XMR / USD,.XMR,.MXMR,.XMRFR,.XMRFR8H,XMR,USD,USD,0.01,1.0,0.01,4,8,2,10000.0,200000000.0,200000.0,"XMR/USD perpetual contracts are priced on the .XMR Index. Each contract is worth 0.01 XMR. Funding fees are paid and received every 8 hours at UTC time: 00:00, 08:00 and 16:00.",Delisted,50000,1622170800000,False,-10,28800.0,100.0,1001.0,-1.0,,,,,,,,,,,,,,,,,,,,,,
39,QTUMUSD,341,Perpetual,QTUM / USD,.QTUM,.MQTUM,.QTUMFR,.QTUMFR8H,QTUM,USD,USD,1.0,1.0,0.001,4,8,3,1000.0,20000000.0,50000.0,"QTUM/USD perpetual contracts are priced on the .QTUM Index. Each contract is worth 1 QTUM. Funding fees are paid and received every 8 hours at UTC time: 00:00, 08:00 and 16:00.",Delisted,12500,1622170800000,False,-10,28800.0,100.0,1001.0,-1.0,,,,,,,,,,,,,,,,,,,,,,
40,XLMUSD,351,Perpetual,XLM / USD,.XLM,.MXLM,.XLMFR,.XLMFR8H,XLM,USD,USD,10.0,1.0,0.0001,4,8,4,100.0,2000000.0,100000.0,"XLM/USD perpetual contracts are priced on the .XLM Index. Each contract is worth 10 XLM. Funding fees are paid and received every 8 hours at UTC time: 00:00, 08:00 and 16:00.",Delisted,25000,1622170800000,False,-10,28800.0,100.0,1001.0,-1.0,,,,,,,,,,,,,,,,,,,,,,
41,ATOMUSD,361,Perpetual,ATOM / USD,.ATOM,.MATOM,.ATOMFR,.ATOMFR8H,ATOM,USD,USD,1.0,1.0,0.001,4,8,3,1000.0,20000000.0,30000.0,"ATOM/USD perpetual contracts are priced on the .ATOM Index. Each contract is worth 1 ATOM. Funding fees are paid and received every 8 hours at UTC time: 00:00, 08:00 and 16:00.",Delisted,7500,1622170800000,False,-10,28800.0,100.0,1001.0,-1.0,,,,,,,,,,,,,,,,,,,,,,
42,LUNAOLDUSD,371,Perpetual,LUNAOLD / USD,.LUNAOLD,.MLUNAOLD,.LUNAOLDFR,.LUNAOLDFR8H,LUNAOLD,USD,USD,1.0,1.0,0.001,4,8,3,1000.0,20000000.0,50000.0,"LUNAOLD/USD perpetual contracts are priced on the .LUNAOLD Index. Each contract is worth 1 LUNAOLD. Funding fees are paid and received every 8 hours at UTC time: 00:00, 08:00 and 16:00.",Delisted,12500,1619578800000,False,-10,28800.0,100.0,1001.0,-1.0,,,,,,,,,,,,,,,,,,,,,,
43,SOLUSD,381,Perpetual,SOL / USD,.SOL,.MSOL,.SOLFR,.SOLFR8H,SOL,USD,USD,1.0,1.0,0.001,4,8,3,1000.0,20000000.0,400000.0,"SOL/USD perpetual contracts are priced on the .SOL Index. Each contract is worth 1 SOL. Funding fees are paid and received every 8 hours at UTC time: 00:00, 08:00 and 16:00.",Delisted,80000,1622170800000,False,-10,28800.0,100.0,1001.0,-1.0,,,,,,,,,,,,,,,,,,,,,,
44,uBTCUSD,1021,Perpetual,BTC / USD,.uBTC,.MuBTC,.uBTCFR,.uBTCFR8H,BTC,USD,USD,0.001,1.0,0.1,4,8,1,100000.0,10000000000.0,100000.0,"uBTC/USD perpetual contracts are priced on the .uBTC Index. Each contract is worth 0.001 BTC. Funding fees are paid and received every 8 hours at UTC time: 00:00, 08:00 and 16:00.",Delisted,20000,1633748400000,False,-10,28800.0,100.0,1001.0,-1.0,,,,,,,,,,,,,,,,,,,,,,
45,ZILUSD,27021,Perpetual,ZIL / USD,.ZIL,.MZIL,.ZILFR,.ZILFR8H,ZIL,USD,USD,10.0,1.0,0.0001,4,8,4,100.0,2000000.0,500000.0,"ZIL/USD perpetual contracts are priced on the .ZIL Index. Each contract is worth 10 ZIL. Funding fees are paid and received every 8 hours at UTC time: 00:00, 08:00 and 16:00.",Delisted,100000,1651226400000,False,-10,28800.0,100.0,1001.0,-1.0,,,,,,,,,,,,,,,,,,,,,,
46,GMTUSD,24221,Perpetual,GMT / USD,.GMT,.MGMT,.GMTFR,.GMTFR8H,GMT,USD,USD,1.0,1.0,0.0001,4,8,4,100.0,20000000.0,300000.0,"GMT/USD perpetual contracts are priced on the .GMT Index. Each contract is worth 1 GMT. Funding fees are paid and received every 8 hours at UTC time: 00:00, 08:00 and 16:00.",Delisted,60000,1651226400000,False,-10,28800.0,100.0,1001.0,-1.0,,,,,,,,,,,,,,,,,,,,,,
47,BNBUSD,9221,Perpetual,BNB / USD,.BNB,.MBNB,.BNBFR,.BNBFR8H,BNB,USD,USD,0.01,1.0,0.05,4,8,2,50000.0,1000000000.0,200000.0,"BNB/USD perpetual contracts are priced on the .BNB Index. Each contract is worth 0.01 BNB. Funding fees are paid and received every 8 hours at UTC time: 00:00, 08:00 and 16:00.",Delisted,40000,1651226400000,False,-10,28800.0,100.0,1001.0,-1.0,,,,,,,,,,,,,,,,,,,,,,
48,AVAXUSD,18121,Perpetual,AVAX / USD,.AVAX,.MAVAX,.AVAXFR,.AVAXFR8H,AVAX,USD,USD,0.1,1.0,0.001,4,8,3,1000.0,200000000.0,100000.0,"AVAX/USD perpetual contracts are priced on the .AVAX Index. Each contract is worth 0.1 AVAX. Funding fees are paid and received every 8 hours at UTC time: 00:00, 08:00 and 16:00.",Delisted,20000,1651226400000,False,-10,28800.0,100.0,1001.0,-1.0,,,,,,,,,,,,,,,,,,,,,,
49,u100VETUSD,27121,Perpetual,100VET / USD,.u100VET,.Mu100VET,.u100VETFR,.u100VETFR8H,100 VET,USD,USD,1.0,1.0,0.001,4,8,3,1000.0,20000000.0,100000.0,"u100VET/USD perpetual contracts are priced on the .u100VET Index. Each contract is worth 1 100VET. Funding fees are paid and received every 8 hours at UTC time: 00:00, 08:00 and 16:00.",Delisted,20000,1651226400000,False,-10,28800.0,100.0,1001.0,-1.0,,,,,,,,,,,,,,,,,,,,,,
50,WAVESUSD,27221,Perpetual,WAVES / USD,.WAVES,.MWAVES,.WAVESFR,.WAVESFR8H,WAVES,USD,USD,0.1,1.0,0.0001,4,8,4,100.0,20000000.0,500000.0,"WAVES/USD perpetual contracts are priced on the .WAVES Index. Each contract is worth 0.1 WAVES. Funding fees are paid and received every 8 hours at UTC time: 00:00, 08:00 and 16:00.",Delisted,100000,1651226400000,False,-10,28800.0,100.0,1001.0,-1.0,,,,,,,,,,,,,,,,,,,,,,
51,u100000SHIBUSD,27321,Perpetual,100000SHIB / USD,.u100000SHIB,.Mu100000SHIB,.u100000SHIBFR,.u100000SHIBFR8H,100000 SHIB,USD,USD,1.0,1.0,0.0001,4,8,4,100.0,20000000.0,200000.0,"u100000SHIB/USD perpetual contracts are priced on the .u100000SHIB Index. Each contract is worth 1 100000SHIB. Funding fees are paid and received every 8 hours at UTC time: 00:00, 08:00 and 16:00.",Delisted,40000,1651226400000,False,-10,28800.0,100.0,1001.0,-1.0,,,,,,,,,,,,,,,,,,,,,,
52,u100IOSTUSD,27421,Perpetual,100IOST / USD,.u100IOST,.Mu100IOST,.u100IOSTFR,.u100IOSTFR8H,100 IOST,USD,USD,1.0,1.0,0.0001,4,8,4,100.0,20000000.0,200000.0,"u100IOST/USD perpetual contracts are priced on the .u100IOST Index. Each contract is worth 1 100IOST. Funding fees are paid and received every 8 hours at UTC time: 00:00, 08:00 and 16:00.",Delisted,40000,1651226400000,False,-10,28800.0,100.0,1001.0,-1.0,,,,,,,,,,,,,,,,,,,,,,
53,ETCUSD,18021,Perpetual,ETC / USD,.ETC,.METC,.ETCFR,.ETCFR8H,ETC,USD,USD,0.1,1.0,0.001,4,8,3,1000.0,200000000.0,200000.0,"ETC/USD perpetual contracts are priced on the .ETC Index. Each contract is worth 0.1 ETC. Funding fees are paid and received every 8 hours at UTC time: 00:00, 08:00 and 16:00.",Delisted,40000,1651226400000,False,-10,28800.0,100.0,1001.0,-1.0,,,,,,,,,,,,,,,,,,,,,,
54,SANDUSD,5421,Perpetual,SAND / USD,.SAND,.MSAND,.SANDFR,.SANDFR8H,SAND,USD,USD,1.0,1.0,0.0001,4,8,4,100.0,20000000.0,200000.0,"SAND/USD perpetual contracts are priced on the .SAND Index. Each contract is worth 1 SAND. Funding fees are paid and received every 8 hours at UTC time: 00:00, 08:00 and 16:00.",Delisted,40000,1651226400000,False,-10,28800.0,100.0,1001.0,-1.0,,,,,,,,,,,,,,,,,,,,,,
55,APEUSD,13021,Perpetual,APE / USD,.APE,.MAPE,.APEFR,.APEFR8H,APE,USD,USD,0.1,1.0,0.005,4,8,3,5000.0,100000000.0,500000.0,"APE/USD perpetual contracts are priced on the .APE Index. Each contract is worth 0.1 APE. Funding fees are paid and received every 8 hours at UTC time: 00:00, 08:00 and 16:00.",Delisted,100000,1651226400000,False,-10,28800.0,100.0,1001.0,-1.0,,,,,,,,,,,,,,,,,,,,,,
56,MATICUSD,401,Perpetual,MATIC / USD,.MATIC,.MMATIC,.MATICFR,.MATICFR8H,MATIC,USD,USD,1.0,1.0,0.0001,4,8,4,100.0,20000000.0,500000.0,"MATIC/USD perpetual contracts are priced on the .MATIC Index. Each contract is worth 1 MATIC. Funding fees are paid and received every 8 hours at UTC time: 00:00, 08:00 and 16:00.",Delisted,100000,1651226400000,False,-10,28800.0,100.0,1001.0,-1.0,,,,,,,,,,,,,,,,,,,,,,
57,GALAUSD,14821,Perpetual,GALA / USD,.GALA,.MGALA,.GALAFR,.GALAFR8H,GALA,USD,USD,10.0,1.0,0.0001,4,8,4,100.0,2000000.0,300000.0,"GALA/USD perpetual contracts are priced on the .GALA Index. Each contract is worth 10 GALA. Funding fees are paid and received every 8 hours at UTC time: 00:00, 08:00 and 16:00.",Delisted,60000,1651226400000,False,-10,28800.0,100.0,1001.0,-1.0,,,,,,,,,,,,,,,,,,,,,,
58,AXSUSD,391,Perpetual,AXS / USD,.AXS,.MAXS,.AXSFR,.AXSFR8H,AXS,USD,USD,0.1,1.0,0.001,4,8,3,1000.0,200000000.0,200000.0,"AXS/USD perpetual contracts are priced on the .AXS Index. Each contract is worth 0.1 AXS. Funding fees are paid and received every 8 hours at UTC time: 00:00, 08:00 and 16:00.",Delisted,40000,1651226400000,False,-10,28800.0,100.0,1001.0,-1.0,,,,,,,,,,,,,,,,,,,,,,
59,NEARUSD,27521,Perpetual,NEAR / USD,.NEAR,.MNEAR,.NEARFR,.NEARFR8H,NEAR,USD,USD,0.1,1.0,0.005,4,8,3,5000.0,100000000.0,500000.0,"NEAR/USD perpetual contracts are priced on the .NEAR Index. Each contract is worth 0.1 NEAR. Funding fees are paid and received every 8 hours at UTC time: 00:00, 08:00 and 16:00.",Delisted,100000,1651226400000,False,-10,28800.0,100.0,1001.0,-1.0,,,,,,,,,,,,,,,,,,,,,,
60,u100JASMYUSD,27621,Perpetual,100JASMY / USD,.u100JASMY,.Mu100JASMY,.u100JASMYFR,.u100JASMYFR8H,100 JASMY,USD,USD,1.0,1.0,0.0001,4,8,4,100.0,20000000.0,300000.0,"u100JASMY/USD perpetual contracts are priced on the .u100JASMY Index. Each contract is worth 1 100JASMY. Funding fees are paid and received every 8 hours at UTC time: 00:00, 08:00 and 16:00.",Delisted,60000,1651226400000,False,-10,28800.0,100.0,1001.0,-1.0,,,,,,,,,,,,,,,,,,,,,,
61,LRCUSD,7421,Perpetual,LRC / USD,.LRC,.MLRC,.LRCFR,.LRCFR8H,LRC,USD,USD,10.0,1.0,0.0001,4,8,4,100.0,2000000.0,100000.0,"LRC/USD perpetual contracts are priced on the .LRC Index. Each contract is worth 10 LRC. Funding fees are paid and received every 8 hours at UTC time: 00:00, 08:00 and 16:00.",Delisted,20000,1651226400000,False,-10,28800.0,100.0,1001.0,-1.0,,,,,,,,,,,,,,,,,,,,,,
62,THETAUSD,27721,Perpetual,THETA / USD,.THETA,.MTHETA,.THETAFR,.THETAFR8H,THETA,USD,USD,1.0,1.0,0.0001,4,8,4,100.0,20000000.0,200000.0,"THETA/USD perpetual contracts are priced on the .THETA Index. Each contract is worth 1 THETA. Funding fees are paid and received every 8 hours at UTC time: 00:00, 08:00 and 16:00.",Delisted,40000,1651226400000,False,-10,28800.0,100.0,1001.0,-1.0,,,,,,,,,,,,,,,,,,,,,,
63,FTMUSD,5121,Perpetual,FTM / USD,.FTM,.MFTM,.FTMFR,.FTMFR8H,FTM,USD,USD,1.0,1.0,0.0001,4,8,4,100.0,2000000.0,500000.0,"FTM/USD perpetual contracts are priced on the .FTM Index. Each contract is worth 1 FTM. Funding fees are paid and received every 8 hours at UTC time: 00:00, 08:00 and 16:00.",Delisted,100000,1651226400000,False,-10,28800.0,100.0,1001.0,-1.0,,,,,,,,,,,,,,,,,,,,,,
64,SRMUSD,27821,Perpetual,SRM / USD,.SRM,.MSRM,.SRMFR,.SRMFR8H,SRM,USD,USD,1.0,1.0,0.0001,4,8,4,100.0,20000000.0,300000.0,"SRM/USD perpetual contracts are priced on the .SRM Index. Each contract is worth 1 SRM. Funding fees are paid and received every 8 hours at UTC time: 00:00, 08:00 and 16:00.",Delisted,60000,1651226400000,False,-10,28800.0,100.0,1001.0,-1.0,,,,,,,,,,,,,,,,,,,,,,
65,u100SLPUSD,27921,Perpetual,100SLP / USD,.u100SLP,.Mu100SLP,.u100SLPFR,.u100SLPFR8H,100 SLP,USD,USD,1.0,1.0,0.001,4,8,3,1000.0,20000000.0,300000.0,"u100SLP/USD perpetual contracts are priced on the .u100SLP Index. Each contract is worth 1 100SLP. Funding fees are paid and received every 8 hours at UTC time: 00:00, 08:00 and 16:00.",Delisted,60000,1651226400000,False,-10,28800.0,100.0,1001.0,-1.0,,,,,,,,,,,,,,,,,,,,,,
66,DYDXUSD,5221,Perpetual,DYDX / USD,.DYDX,.MDYDX,.DYDXFR,.DYDXFR8H,DYDX,USD,USD,1.0,1.0,0.001,4,8,3,1000.0,20000000.0,200000.0,"DYDX/USD perpetual contracts are priced on the .DYDX Index. Each contract is worth 1 DYDX. Funding fees are paid and received every 8 hours at UTC time: 00:00, 08:00 and 16:00.",Delisted,40000,1651226400000,False,-10,28800.0,100.0,1001.0,-1.0,,,,,,,,,,,,,,,,,,,,,,
67,CRVUSD,8421,Perpetual,CRV / USD,.CRV,.MCRV,.CRVFR,.CRVFR8H,CRV,USD,USD,1.0,1.0,0.001,4,8,3,1000.0,20000000.0,300000.0,"CRV/USD perpetual contracts are priced on the .CRV Index. Each contract is worth 1 CRV. Funding fees are paid and received every 8 hours at UTC time: 00:00, 08:00 and 16:00.",Delisted,60000,1651226400000,False,-10,28800.0,100.0,1001.0,-1.0,,,,,,,,,,,,,,,,,,,,,,
68,DASHUSD,18221,Perpetual,DASH / USD,.DASH,.MDASH,.DASHFR,.DASHFR8H,DASH,USD,USD,0.01,1.0,0.01,4,8,2,10000.0,200000000.0,500000.0,"DASH/USD perpetual contracts are priced on the .DASH Index. Each contract is worth 0.01 DASH. Funding fees are paid and received every 8 hours at UTC time: 00:00, 08:00 and 16:00.",Delisted,100000,1651226400000,False,-10,28800.0,100.0,1001.0,-1.0,,,,,,,,,,,,,,,,,,,,,,
69,ICPUSD,28021,Perpetual,ICP / USD,.ICP,.MICP,.ICPFR,.ICPFR8H,ICP,USD,USD,0.1,1.0,0.001,4,8,3,1000.0,200000000.0,500000.0,"ICP/USD perpetual contracts are priced on the .ICP Index. Each contract is worth 0.1 ICP. Funding fees are paid and received every 8 hours at UTC time: 00:00, 08:00 and 16:00.",Delisted,100000,1651226400000,False,-10,28800.0,100.0,1001.0,-1.0,,,,,,,,,,,,,,,,,,,,,,
70,KLAYUSD,28121,Perpetual,KLAY / USD,.KLAY,.MKLAY,.KLAYFR,.KLAYFR8H,KLAY,USD,USD,1.0,1.0,0.0001,4,8,4,100.0,2000000.0,500000.0,"KLAY/USD perpetual contracts are priced on the .KLAY Index. Each contract is worth 1 KLAY. Funding fees are paid and received every 8 hours at UTC time: 00:00, 08:00 and 16:00.",Delisted,100000,1651226400000,False,-10,28800.0,100.0,1001.0,-1.0,,,,,,,,,,,,,,,,,,,,,,
71,ONEUSD,28221,Perpetual,ONE / USD,.ONE,.MONE,.ONEFR,.ONEFR8H,ONE,USD,USD,10.0,1.0,0.0001,4,8,4,100.0,2000000.0,500000.0,"ONE/USD perpetual contracts are priced on the .ONE Index. Each contract is worth 10 ONE. Funding fees are paid and received every 8 hours at UTC time: 00:00, 08:00 and 16:00.",Delisted,100000,1651226400000,False,-10,28800.0,100.0,1001.0,-1.0,,,,,,,,,,,,,,,,,,,,,,
72,ALICEUSD,5521,Perpetual,ALICE / USD,.ALICE,.MALICE,.ALICEFR,.ALICEFR8H,ALICE,USD,USD,1.0,1.0,0.001,4,8,3,1000.0,20000000.0,100000.0,"ALICE/USD perpetual contracts are priced on the .ALICE Index. Each contract is worth 1 ALICE. Funding fees are paid and received every 8 hours at UTC time: 00:00, 08:00 and 16:00.",Delisted,20000,1651226400000,False,-10,28800.0,100.0,1001.0,-1.0,,,,,,,,,,,,,,,,,,,,,,
73,u100PEOPLEUSD,28321,Perpetual,100PEOPLE / USD,.u100PEOPLE,.Mu100PEOPLE,.u100PEOPLEFR,.u100PEOPLEFR8H,100 PEOPLE,USD,USD,1.0,1.0,0.001,4,8,3,1000.0,20000000.0,100000.0,"u100PEOPLE/USD perpetual contracts are priced on the .u100PEOPLE Index. Each contract is worth 1 100PEOPLE. Funding fees are paid and received every 8 hours at UTC time: 00:00, 08:00 and 16:00.",Delisted,20000,1651226400000,False,-10,28800.0,100.0,1001.0,-1.0,,,,,,,,,,,,,,,,,,,,,,
74,SKLUSD,28421,Perpetual,SKL / USD,.SKL,.MSKL,.SKLFR,.SKLFR8H,SKL,USD,USD,10.0,1.0,0.0001,4,8,4,100.0,2000000.0,300000.0,"SKL/USD perpetual contracts are priced on the .SKL Index. Each contract is worth 10 SKL. Funding fees are paid and received every 8 hours at UTC time: 00:00, 08:00 and 16:00.",Delisted,60000,1651226400000,False,-10,28800.0,100.0,1001.0,-1.0,,,,,,,,,,,,,,,,,,,,,,
75,IMXUSD,11621,Perpetual,IMX / USD,.IMX,.MIMX,.IMXFR,.IMXFR8H,IMX,USD,USD,1.0,1.0,0.0001,4,8,4,100.0,20000000.0,300000.0,"IMX/USD perpetual contracts are priced on the .IMX Index. Each contract is worth 1 IMX. Funding fees are paid and received every 8 hours at UTC time: 00:00, 08:00 and 16:00.",Delisted,60000,1651226400000,False,-10,28800.0,100.0,1001.0,-1.0,,,,,,,,,,,,,,,,,,,,,,
76,KNCUSD,8121,Perpetual,KNC / USD,.KNC,.MKNC,.KNCFR,.KNCFR8H,KNC,USD,USD,1.0,1.0,0.0001,4,8,4,100.0,20000000.0,200000.0,"KNC/USD perpetual contracts are priced on the .KNC Index. Each contract is worth 1 KNC. Funding fees are paid and received every 8 hours at UTC time: 00:00, 08:00 and 16:00.",Delisted,40000,1651226400000,False,-10,28800.0,100.0,1001.0,-1.0,,,,,,,,,,,,,,,,,,,,,,
77,u1000000NFTUSD,28521,Perpetual,1000000NFT / USD,.u1000000NFT,.Mu1000000NFT,.u1000000NFTFR,.u1000000NFTFR8H,1000000 NFT,USD,USD,1.0,1.0,0.001,4,8,3,1000.0,20000000.0,300000.0,"u1000000NFT/USD perpetual contracts are priced on the .u1000000NFT Index. Each contract is worth 1 1000000NFT. Funding fees are paid and received every 8 hours at UTC time: 00:00, 08:00 and 16:00.",Delisted,60000,1651226400000,False,-10,28800.0,100.0,1001.0,-1.0,,,,,,,,,,,,,,,,,,,,,,
78,RUNEUSD,28621,Perpetual,RUNE / USD,.RUNE,.MRUNE,.RUNEFR,.RUNEFR8H,RUNE,USD,USD,1.0,1.0,0.001,4,8,3,1000.0,20000000.0,100000.0,"RUNE/USD perpetual contracts are priced on the .RUNE Index. Each contract is worth 1 RUNE. Funding fees are paid and received every 8 hours at UTC time: 00:00, 08:00 and 16:00.",Delisted,20000,1651226400000,False,-10,28800.0,100.0,1001.0,-1.0,,,,,,,,,,,,,,,,,,,,,,
79,ASTRUSD,28721,Perpetual,ASTR / USD,.ASTR,.MASTR,.ASTRFR,.ASTRFR8H,ASTR,USD,USD,10.0,1.0,0.0001,4,8,4,100.0,2000000.0,300000.0,"ASTR/USD perpetual contracts are priced on the .ASTR Index. Each contract is worth 10 ASTR. Funding fees are paid and received every 8 hours at UTC time: 00:00, 08:00 and 16:00.",Delisted,60000,1651226400000,False,-10,28800.0,100.0,1001.0,-1.0,,,,,,,,,,,,,,,,,,,,,,
80,EGLDUSD,28821,Perpetual,EGLD / USD,.EGLD,.MEGLD,.EGLDFR,.EGLDFR8H,EGLD,USD,USD,0.01,1.0,0.05,4,8,2,50000.0,1000000000.0,500000.0,"EGLD/USD perpetual contracts are priced on the .EGLD Index. Each contract is worth 0.01 EGLD. Funding fees are paid and received every 8 hours at UTC time: 00:00, 08:00 and 16:00.",Delisted,100000,1651226400000,False,-10,28800.0,100.0,1001.0,-1.0,,,,,,,,,,,,,,,,,,,,,,
81,GLMRUSD,28921,Perpetual,GLMR / USD,.GLMR,.MGLMR,.GLMRFR,.GLMRFR8H,GLMR,USD,USD,1.0,1.0,0.0001,4,8,4,100.0,2000000.0,200000.0,"GLMR/USD perpetual contracts are priced on the .GLMR Index. Each contract is worth 1 GLMR. Funding fees are paid and received every 8 hours at UTC time: 00:00, 08:00 and 16:00.",Delisted,40000,1651226400000,False,-10,28800.0,100.0,1001.0,-1.0,,,,,,,,,,,,,,,,,,,,,,
82,FTTUSD,29021,Perpetual,FTT / USD,.FTT,.MFTT,.FTTFR,.FTTFR8H,FTT,USD,USD,0.1,1.0,0.0001,4,8,4,100.0,200000000.0,200000.0,"FTT/USD perpetual contracts are priced on the .FTT Index. Each contract is worth 0.1 FTT. Funding fees are paid and received every 8 hours at UTC time: 00:00, 08:00 and 16:00.",Delisted,40000,1651226400000,False,-10,28800.0,100.0,1001.0,-1.0,,,,,,,,,,,,,,,,,,,,,,
83,OMGUSD,11821,Perpetual,OMG / USD,.OMG,.MOMG,.OMGFR,.OMGFR8H,OMG,USD,USD,1.0,1.0,0.001,4,8,3,1000.0,20000000.0,200000.0,"OMG/USD perpetual contracts are priced on the .OMG Index. Each contract is worth 1 OMG. Funding fees are paid and received every 8 hours at UTC time: 00:00, 08:00 and 16:00.",Delisted,40000,1651226400000,False,-10,28800.0,100.0,1001.0,-1.0,,,,,,,,,,,,,,,,,,,,,,
84,DAOUSD,8221,Perpetual,DAO / USD,.DAO,.MDAO,.DAOFR,.DAOFR8H,DAO,USD,USD,1.0,1.0,0.001,4,8,3,1000.0,20000000.0,200000.0,"DAO/USD perpetual contracts are priced on the .DAO Index. Each contract is worth 1 DAO. Funding fees are paid and received every 8 hours at UTC time: 00:00, 08:00 and 16:00.",Delisted,40000,1651226400000,False,-10,28800.0,100.0,1001.0,-1.0,,,,,,,,,,,,,,,,,,,,,,
85,GALUSD,30121,Perpetual,GAL / USD,.GAL,.MGAL,.GALFR,.GALFR8H,GAL,USD,USD,0.1,1.0,0.0001,4,8,4,100.0,100000000.0,300000.0,"GAL/USD perpetual contracts are priced on the .GAL Index. Each contract is worth 0.1 GAL. Funding fees are paid and received every 8 hours at UTC time: 00:00, 08:00 and 16:00.",Delisted,60000,1652176800000,False,-10,28800.0,100.0,1001.0,-1.0,,,,,,,,,,,,,,,,,,,,,,
86,CELOUSD,30621,Perpetual,CELO / USD,.CELO,.MCELO,.CELOFR,.CELOFR8H,CELO,USD,USD,1.0,1.0,0.001,4,8,3,1000.0,20000000.0,300000.0,"CELO/USD perpetual contracts are priced on the .CELO Index. Each contract is worth 1 CELO. Funding fees are paid and received every 8 hours at UTC time: 00:00, 08:00 and 16:00.",Delisted,60000,1653991200000,False,-10,28800.0,100.0,1001.0,-1.0,,,,,,,,,,,,,,,,,,,,,,
87,KAVAUSD,30721,Perpetual,KAVA / USD,.KAVA,.MKAVA,.KAVAFR,.KAVAFR8H,KAVA,USD,USD,1.0,1.0,0.0001,4,8,4,100.0,20000000.0,150000.0,"KAVA/USD perpetual contracts are priced on the .KAVA Index. Each contract is worth 1 KAVA. Funding fees are paid and received every 8 hours at UTC time: 00:00, 08:00 and 16:00.",Delisted,30000,1653991200000,False,-10,28800.0,100.0,1001.0,-1.0,,,,,,,,,,,,,,,,,,,,,,
88,FLOWUSD,30821,Perpetual,FLOW / USD,.FLOW,.MFLOW,.FLOWFR,.FLOWFR8H,FLOW,USD,USD,1.0,1.0,0.001,4,8,3,1000.0,20000000.0,150000.0,"FLOW/USD perpetual contracts are priced on the .FLOW Index. Each contract is worth 1 FLOW. Funding fees are paid and received every 8 hours at UTC time: 00:00, 08:00 and 16:00.",Delisted,30000,1653991200000,False,-10,28800.0,100.0,1001.0,-1.0,,,,,,,,,,,,,,,,,,,,,,
89,OGNUSD,30921,Perpetual,OGN / USD,.OGN,.MOGN,.OGNFR,.OGNFR8H,OGN,USD,USD,10.0,1.0,0.0001,4,8,4,100.0,2000000.0,150000.0,"OGN/USD perpetual contracts are priced on the .OGN Index. Each contract is worth 10 OGN. Funding fees are paid and received every 8 hours at UTC time: 00:00, 08:00 and 16:00.",Delisted,30000,1653991200000,False,-10,28800.0,100.0,1001.0,-1.0,,,,,,,,,,,,,,,,,,,,,,
90,u1000HOTUSD,32421,Perpetual,1000HOT / USD,.u1000HOT,.Mu1000HOT,.u1000HOTFR,.u1000HOTFR8H,1000 HOT,USD,USD,1.0,1.0,0.001,4,8,3,1000.0,20000000.0,150000.0,"u1000HOT/USD perpetual contracts are priced on the .u1000HOT Index. Each contract is worth 1 1000HOT. Funding fees are paid and received every 8 hours at UTC time: 00:00, 08:00 and 16:00.",Delisted,30000,1653991200000,False,-10,28800.0,100.0,1001.0,-1.0,,,,,,,,,,,,,,,,,,,,,,
91,1INCHUSD,8021,Perpetual,1INCH / USD,.1INCH,.M1INCH,.1INCHFR,.1INCHFR8H,1INCH,USD,USD,1.0,1.0,0.0005,4,8,4,500.0,10000000.0,500000.0,"1INCH/USD perpetual contracts are priced on the .1INCH Index. Each contract is worth 1 1INCH. Funding fees are paid and received every 8 hours at UTC time: 00:00, 08:00 and 16:00.",Delisted,100000,1653991200000,False,-10,28800.0,100.0,1001.0,-1.0,,,,,,,,,,,,,,,,,,,,,,
92,BALUSD,23321,Perpetual,BAL / USD,.BAL,.MBAL,.BALFR,.BALFR8H,BAL,USD,USD,0.1,1.0,0.005,4,8,3,5000.0,100000000.0,500000.0,"BAL/USD perpetual contracts are priced on the .BAL Index. Each contract is worth 0.1 BAL. Funding fees are paid and received every 8 hours at UTC time: 00:00, 08:00 and 16:00.",Delisted,100000,1653991200000,False,-10,28800.0,100.0,1001.0,-1.0,,,,,,,,,,,,,,,,,,,,,,
93,MINAUSD,31121,Perpetual,MINA / USD,.MINA,.MMINA,.MINAFR,.MINAFR8H,MINA,USD,USD,1.0,1.0,0.001,4,8,3,1000.0,20000000.0,300000.0,"MINA/USD perpetual contracts are priced on the .MINA Index. Each contract is worth 1 MINA. Funding fees are paid and received every 8 hours at UTC time: 00:00, 08:00 and 16:00.",Delisted,60000,1653991200000,False,-10,28800.0,100.0,1001.0,-1.0,,,,,,,,,,,,,,,,,,,,,,
94,SXPUSD,25821,Perpetual,SXP / USD,.SXP,.MSXP,.SXPFR,.SXPFR8H,SXP,USD,USD,1.0,1.0,0.0005,4,8,4,500.0,10000000.0,500000.0,"SXP/USD perpetual contracts are priced on the .SXP Index. Each contract is worth 1 SXP. Funding fees are paid and received every 8 hours at UTC time: 00:00, 08:00 and 16:00.",Delisted,100000,1653991200000,False,-10,28800.0,100.0,1001.0,-1.0,,,,,,,,,,,,,,,,,,,,,,
95,BAKEUSD,21121,Perpetual,BAKE / USD,.BAKE,.MBAKE,.BAKEFR,.BAKEFR8H,BAKE,USD,USD,10.0,1.0,0.0001,4,8,4,100.0,2000000.0,100000.0,"BAKE/USD perpetual contracts are priced on the .BAKE Index. Each contract is worth 10 BAKE. Funding fees are paid and received every 8 hours at UTC time: 00:00, 08:00 and 16:00.",Delisted,20000,1653991200000,False,-10,28800.0,100.0,1001.0,-1.0,,,,,,,,,,,,,,,,,,,,,,
96,CHRUSD,11321,Perpetual,CHR / USD,.CHR,.MCHR,.CHRFR,.CHRFR8H,CHR,USD,USD,10.0,1.0,0.0001,4,8,4,100.0,2000000.0,200000.0,"CHR/USD perpetual contracts are priced on the .CHR Index. Each contract is worth 10 CHR. Funding fees are paid and received every 8 hours at UTC time: 00:00, 08:00 and 16:00.",Delisted,40000,1653991200000,False,-10,28800.0,100.0,1001.0,-1.0,,,,,,,,,,,,,,,,,,,,,,
97,COTIUSD,9921,Perpetual,COTI / USD,.COTI,.MCOTI,.COTIFR,.COTIFR8H,COTI,USD,USD,10.0,1.0,0.0001,4,8,4,100.0,2000000.0,300000.0,"COTI/USD perpetual contracts are priced on the .COTI Index. Each contract is worth 10 COTI. Funding fees are paid and received every 8 hours at UTC time: 00:00, 08:00 and 16:00.",Delisted,60000,1653991200000,False,-10,28800.0,100.0,1001.0,-1.0,,,,,,,,,,,,,,,,,,,,,,
98,ZRXUSD,7221,Perpetual,ZRX / USD,.ZRX,.MZRX,.ZRXFR,.ZRXFR8H,ZRX,USD,USD,10.0,1.0,0.0001,4,8,4,100.0,2000000.0,100000.0,"ZRX/USD perpetual contracts are priced on the .ZRX Index. Each contract is worth 10 ZRX. Funding fees are paid and received every 8 hours at UTC time: 00:00, 08:00 and 16:00.",Delisted,20000,1653991200000,False,-10,28800.0,100.0,1001.0,-1.0,,,,,,,,,,,,,,,,,,,,,,
99,WOOUSD,31321,Perpetual,WOO / USD,.WOO,.MWOO,.WOOFR,.WOOFR8H,WOO,USD,USD,10.0,1.0,0.0001,4,8,4,100.0,2000000.0,200000.0,"WOO/USD perpetual contracts are priced on the .WOO Index. Each contract is worth 10 WOO. Funding fees are paid and received every 8 hours at UTC time: 00:00, 08:00 and 16:00.",Delisted,40000,1653991200000,False,-10,28800.0,100.0,1001.0,-1.0,,,,,,,,,,,,,,,,,,,,,,
100,DODOUSD,31421,Perpetual,DODO / USD,.DODO,.MDODO,.DODOFR,.DODOFR8H,DODO,USD,USD,10.0,1.0,0.0001,4,8,4,100.0,2000000.0,200000.0,"DODO/USD perpetual contracts are priced on the .DODO Index. Each contract is worth 10 DODO. Funding fees are paid and received every 8 hours at UTC time: 00:00, 08:00 and 16:00.",Delisted,40000,1653991200000,False,-10,28800.0,100.0,1001.0,-1.0,,,,,,,,,,,,,,,,,,,,,,
101,C98USD,7921,Perpetual,C98 / USD,.C98,.MC98,.C98FR,.C98FR8H,C98,USD,USD,1.0,1.0,0.0005,4,8,4,500.0,10000000.0,500000.0,"C98/USD perpetual contracts are priced on the .C98 Index. Each contract is worth 1 C98. Funding fees are paid and received every 8 hours at UTC time: 00:00, 08:00 and 16:00.",Delisted,100000,1653991200000,False,-10,28800.0,100.0,1001.0,-1.0,,,,,,,,,,,,,,,,,,,,,,
102,ENSUSD,5621,Perpetual,ENS / USD,.ENS,.MENS,.ENSFR,.ENSFR8H,ENS,USD,USD,0.1,1.0,0.005,4,8,3,5000.0,100000000.0,300000.0,"ENS/USD perpetual contracts are priced on the .ENS Index. Each contract is worth 0.1 ENS. Funding fees are paid and received every 8 hours at UTC time: 00:00, 08:00 and 16:00.",Delisted,60000,1653991200000,False,-10,28800.0,100.0,1001.0,-1.0,,,,,,,,,,,,,,,,,,,,,,
103,RENUSD,11121,Perpetual,REN / USD,.REN,.MREN,.RENFR,.RENFR8H,REN,USD,USD,10.0,1.0,0.0001,4,8,4,100.0,2000000.0,200000.0,"REN/USD perpetual contracts are priced on the .REN Index. Each contract is worth 10 REN. Funding fees are paid and received every 8 hours at UTC time: 00:00, 08:00 and 16:00.",Delisted,40000,1653991200000,False,-10,28800.0,100.0,1001.0,-1.0,,,,,,,,,,,,,,,,,,,,,,
104,MASKUSD,6121,Perpetual,MASK / USD,.MASK,.MMASK,.MASKFR,.MASKFR8H,MASK,USD,USD,1.0,1.0,0.001,4,8,3,1000.0,20000000.0,200000.0,"MASK/USD perpetual contracts are priced on the .MASK Index. Each contract is worth 1 MASK. Funding fees are paid and received every 8 hours at UTC time: 00:00, 08:00 and 16:00.",Delisted,40000,1653991200000,False,-10,28800.0,100.0,1001.0,-1.0,,,,,,,,,,,,,,,,,,,,,,
105,ARUSD,31521,Perpetual,AR / USD,.AR,.MAR,.ARFR,.ARFR8H,AR,USD,USD,0.1,1.0,0.005,4,8,3,5000.0,100000000.0,300000.0,"AR/USD perpetual contracts are priced on the .AR Index. Each contract is worth 0.1 AR. Funding fees are paid and received every 8 hours at UTC time: 00:00, 08:00 and 16:00.",Delisted,60000,1653991200000,False,-10,28800.0,100.0,1001.0,-1.0,,,,,,,,,,,,,,,,,,,,,,
106,BITUSD,31621,Perpetual,BIT / USD,.BIT,.MBIT,.BITFR,.BITFR8H,BIT,USD,USD,1.0,1.0,0.001,4,8,3,1000.0,20000000.0,500000.0,"BIT/USD perpetual contracts are priced on the .BIT Index. Each contract is worth 1 BIT. Funding fees are paid and received every 8 hours at UTC time: 00:00, 08:00 and 16:00.",Delisted,100000,1653991200000,False,-10,28800.0,100.0,1001.0,-1.0,,,,,,,,,,,,,,,,,,,,,,
107,u100ANKRUSD,32521,Perpetual,100ANKR / USD,.u100ANKR,.Mu100ANKR,.u100ANKRFR,.u100ANKRFR8H,100 ANKR,USD,USD,1.0,1.0,0.001,4,8,3,1000.0,20000000.0,100000.0,"u100ANKR/USD perpetual contracts are priced on the .u100ANKR Index. Each contract is worth 1 100ANKR. Funding fees are paid and received every 8 hours at UTC time: 00:00, 08:00 and 16:00.",Delisted,20000,1653991200000,False,-10,28800.0,100.0,1001.0,-1.0,,,,,,,,,,,,,,,,,,,,,,
108,u100ARPAUSD,32621,Perpetual,100ARPA / USD,.u100ARPA,.Mu100ARPA,.u100ARPAFR,.u100ARPAFR8H,100 ARPA,USD,USD,1.0,1.0,0.001,4,8,3,1000.0,20000000.0,100000.0,"u100ARPA/USD perpetual contracts are priced on the .u100ARPA Index. Each contract is worth 1 100ARPA. Funding fees are paid and received every 8 hours at UTC time: 00:00, 08:00 and 16:00.",Delisted,20000,1653991200000,False,-10,28800.0,100.0,1001.0,-1.0,,,,,,,,,,,,,,,,,,,,,,
109,u100CELRUSD,32721,Perpetual,100CELR / USD,.u100CELR,.Mu100CELR,.u100CELRFR,.u100CELRFR8H,100 CELR,USD,USD,1.0,1.0,0.001,4,8,3,1000.0,20000000.0,200000.0,"u100CELR/USD perpetual contracts are priced on the .u100CELR Index. Each contract is worth 1 100CELR. Funding fees are paid and received every 8 hours at UTC time: 00:00, 08:00 and 16:00.",Delisted,40000,1653991200000,False,-10,28800.0,100.0,1001.0,-1.0,,,,,,,,,,,,,,,,,,,,,,
110,u1000RSRUSD,32821,Perpetual,1000RSR / USD,.u1000RSR,.Mu1000RSR,.u1000RSRFR,.u1000RSRFR8H,1000 RSR,USD,USD,1.0,1.0,0.001,4,8,3,1000.0,20000000.0,100000.0,"u1000RSR/USD perpetual contracts are priced on the .u1000RSR Index. Each contract is worth 1 1000RSR. Funding fees are paid and received every 8 hours at UTC time: 00:00, 08:00 and 16:00.",Delisted,20000,1653991200000,False,-10,28800.0,100.0,1001.0,-1.0,,,,,,,,,,,,,,,,,,,,,,
111,u1000REEFUSD,32921,Perpetual,1000REEF / USD,.u1000REEF,.Mu1000REEF,.u1000REEFFR,.u1000REEFFR8H,1000 REEF,USD,USD,1.0,1.0,0.001,4,8,3,1000.0,20000000.0,100000.0,"u1000REEF/USD perpetual contracts are priced on the .u1000REEF Index. Each contract is worth 1 1000REEF. Funding fees are paid and received every 8 hours at UTC time: 00:00, 08:00 and 16:00.",Delisted,20000,1653991200000,False,-10,28800.0,100.0,1001.0,-1.0,,,,,,,,,,,,,,,,,,,,,,
112,u100RVNUSD,33021,Perpetual,100RVN / USD,.u100RVN,.Mu100RVN,.u100RVNFR,.u100RVNFR8H,100 RVN,USD,USD,1.0,1.0,0.001,4,8,3,1000.0,20000000.0,200000.0,"u100RVN/USD perpetual contracts are priced on the .u100RVN Index. Each contract is worth 1 100RVN. Funding fees are paid and received every 8 hours at UTC time: 00:00, 08:00 and 16:00.",Delisted,40000,1653991200000,False,-10,28800.0,100.0,1001.0,-1.0,,,,,,,,,,,,,,,,,,,,,,
113,u1000DENTUSD,33221,Perpetual,1000DENT / USD,.u1000DENT,.Mu1000DENT,.u1000DENTFR,.u1000DENTFR8H,1000 DENT,USD,USD,1.0,1.0,0.001,4,8,3,1000.0,20000000.0,300000.0,"u1000DENT/USD perpetual contracts are priced on the .u1000DENT Index. Each contract is worth 1 1000DENT. Funding fees are paid and received every 8 hours at UTC time: 00:00, 08:00 and 16:00.",Delisted,60000,1653991200000,False,-10,28800.0,100.0,1001.0,-1.0,,,,,,,,,,,,,,,,,,,,,,
114,MOVROLDUSD,31721,Perpetual,MOVROLD / USD,.MOVROLD,.MMOVROLD,.MOVROLDFR,.MOVROLDFR8H,MOVROLD,USD,USD,0.1,1.0,0.01,4,8,2,10000.0,200000000.0,200000.0,"MOVROLD/USD perpetual contracts are priced on the .MOVROLD Index. Each contract is worth 0.1 MOVROLD. Funding fees are paid and received every 8 hours at UTC time: 00:00, 08:00 and 16:00.",Delisted,40000,1653991200000,False,-10,28800.0,100.0,1001.0,-1.0,,,,,,,,,,,,,,,,,,,,,,
115,OCEANUSD,6021,Perpetual,OCEAN / USD,.OCEAN,.MOCEAN,.OCEANFR,.OCEANFR8H,OCEAN,USD,USD,10.0,1.0,0.0001,4,8,4,100.0,2000000.0,200000.0,"OCEAN/USD perpetual contracts are priced on the .OCEAN Index. Each contract is worth 10 OCEAN. Funding fees are paid and received every 8 hours at UTC time: 00:00, 08:00 and 16:00.",Delisted,40000,1653991200000,False,-10,28800.0,100.0,1001.0,-1.0,,,,,,,,,,,,,,,,,,,,,,
116,RAYUSD,31821,Perpetual,RAY / USD,.RAY,.MRAY,.RAYFR,.RAYFR8H,RAY,USD,USD,1.0,1.0,0.001,4,8,3,1000.0,20000000.0,300000.0,"RAY/USD perpetual contracts are priced on the .RAY Index. Each contract is worth 1 RAY. Funding fees are paid and received every 8 hours at UTC time: 00:00, 08:00 and 16:00.",Delisted,60000,1653991200000,False,-10,28800.0,100.0,1001.0,-1.0,,,,,,,,,,,,,,,,,,,,,,
117,AUDIOUSD,16021,Perpetual,AUDIO / USD,.AUDIO,.MAUDIO,.AUDIOFR,.AUDIOFR8H,AUDIO,USD,USD,10.0,1.0,0.0001,4,8,4,100.0,2000000.0,100000.0,"AUDIO/USD perpetual contracts are priced on the .AUDIO Index. Each contract is worth 10 AUDIO. Funding fees are paid and received every 8 hours at UTC time: 00:00, 08:00 and 16:00.",Delisted,20000,1653991200000,False,-10,28800.0,100.0,1001.0,-1.0,,,,,,,,,,,,,,,,,,,,,,
118,CVXUSD,8921,Perpetual,CVX / USD,.CVX,.MCVX,.CVXFR,.CVXFR8H,CVX,USD,USD,0.1,1.0,0.01,4,8,2,10000.0,200000000.0,300000.0,"CVX/USD perpetual contracts are priced on the .CVX Index. Each contract is worth 0.1 CVX. Funding fees are paid and received every 8 hours at UTC time: 00:00, 08:00 and 16:00.",Delisted,60000,1653991200000,False,-10,28800.0,100.0,1001.0,-1.0,,,,,,,,,,,,,,,,,,,,,,
119,ZENUSD,31921,Perpetual,ZEN / USD,.ZEN,.MZEN,.ZENFR,.ZENFR8H,ZEN,USD,USD,0.1,1.0,0.001,4,8,3,1000.0,200000000.0,200000.0,"ZEN/USD perpetual contracts are priced on the .ZEN Index. Each contract is worth 0.1 ZEN. Funding fees are paid and received every 8 hours at UTC time: 00:00, 08:00 and 16:00.",Delisted,40000,1653991200000,False,-10,28800.0,100.0,1001.0,-1.0,,,,,,,,,,,,,,,,,,,,,,
120,MTLUSD,22021,Perpetual,MTL / USD,.MTL,.MMTL,.MTLFR,.MTLFR8H,MTL,USD,USD,1.0,1.0,0.0001,4,8,4,100.0,20000000.0,300000.0,"MTL/USD perpetual contracts are priced on the .MTL Index. Each contract is worth 1 MTL. Funding fees are paid and received every 8 hours at UTC time: 00:00, 08:00 and 16:00.",Delisted,60000,1653991200000,False,-10,28800.0,100.0,1001.0,-1.0,,,,,,,,,,,,,,,,,,,,,,
121,LPTUSD,11921,Perpetual,LPT / USD,.LPT,.MLPT,.LPTFR,.LPTFR8H,LPT,USD,USD,0.1,1.0,0.001,4,8,3,1000.0,200000000.0,300000.0,"LPT/USD perpetual contracts are priced on the .LPT Index. Each contract is worth 0.1 LPT. Funding fees are paid and received every 8 hours at UTC time: 00:00, 08:00 and 16:00.",Delisted,60000,1653991200000,False,-10,28800.0,100.0,1001.0,-1.0,,,,,,,,,,,,,,,,,,,,,,
122,u100IOTXUSD,33321,Perpetual,100IOTX / USD,.u100IOTX,.Mu100IOTX,.u100IOTXFR,.u100IOTXFR8H,100 IOTX,USD,USD,1.0,1.0,0.001,4,8,3,1000.0,20000000.0,100000.0,"u100IOTX/USD perpetual contracts are priced on the .u100IOTX Index. Each contract is worth 1 100IOTX. Funding fees are paid and received every 8 hours at UTC time: 00:00, 08:00 and 16:00.",Delisted,20000,1653991200000,False,-10,28800.0,100.0,1001.0,-1.0,,,,,,,,,,,,,,,,,,,,,,
123,STORJUSD,11421,Perpetual,STORJ / USD,.STORJ,.MSTORJ,.STORJFR,.STORJFR8H,STORJ,USD,USD,10.0,1.0,0.0001,4,8,4,100.0,2000000.0,100000.0,"STORJ/USD perpetual contracts are priced on the .STORJ Index. Each contract is worth 10 STORJ. Funding fees are paid and received every 8 hours at UTC time: 00:00, 08:00 and 16:00.",Delisted,20000,1653991200000,False,-10,28800.0,100.0,1001.0,-1.0,,,,,,,,,,,,,,,,,,,,,,
124,CVCUSD,20221,Perpetual,CVC / USD,.CVC,.MCVC,.CVCFR,.CVCFR8H,CVC,USD,USD,10.0,1.0,0.0001,4,8,4,100.0,2000000.0,200000.0,"CVC/USD perpetual contracts are priced on the .CVC Index. Each contract is worth 10 CVC. Funding fees are paid and received every 8 hours at UTC time: 00:00, 08:00 and 16:00.",Delisted,40000,1653991200000,False,-10,28800.0,100.0,1001.0,-1.0,,,,,,,,,,,,,,,,,,,,,,
125,INJUSD,17321,Perpetual,INJ / USD,.INJ,.MINJ,.INJFR,.INJFR8H,INJ,USD,USD,1.0,1.0,0.001,4,8,3,1000.0,20000000.0,200000.0,"INJ/USD perpetual contracts are priced on the .INJ Index. Each contract is worth 1 INJ. Funding fees are paid and received every 8 hours at UTC time: 00:00, 08:00 and 16:00.",Delisted,40000,1653991200000,False,-10,28800.0,100.0,1001.0,-1.0,,,,,,,,,,,,,,,,,,,,,,
126,u100LINAUSD,33521,Perpetual,100LINA / USD,.u100LINA,.Mu100LINA,.u100LINAFR,.u100LINAFR8H,100 LINA,USD,USD,1.0,1.0,0.001,4,8,3,1000.0,20000000.0,300000.0,"u100LINA/USD perpetual contracts are priced on the .u100LINA Index. Each contract is worth 1 100LINA. Funding fees are paid and received every 8 hours at UTC time: 00:00, 08:00 and 16:00.",Delisted,60000,1653991200000,False,-10,28800.0,100.0,1001.0,-1.0,,,,,,,,,,,,,,,,,,,,,,
127,TOMOUSD,29921,Perpetual,TOMO / USD,.TOMO,.MTOMO,.TOMOFR,.TOMOFR8H,TOMO,USD,USD,1.0,1.0,0.0005,4,8,4,500.0,10000000.0,500000.0,"TOMO/USD perpetual contracts are priced on the .TOMO Index. Each contract is worth 1 TOMO. Funding fees are paid and received every 8 hours at UTC time: 00:00, 08:00 and 16:00.",Delisted,100000,1653991200000,False,-10,28800.0,100.0,1001.0,-1.0,,,,,,,,,,,,,,,,,,,,,,
128,u100XEMUSD,33721,Perpetual,100XEM / USD,.u100XEM,.Mu100XEM,.u100XEMFR,.u100XEMFR8H,100 XEM,USD,USD,1.0,1.0,0.005,4,8,3,5000.0,100000000.0,100000.0,"u100XEM/USD perpetual contracts are priced on the .u100XEM Index. Each contract is worth 1 100XEM. Funding fees are paid and received every 8 hours at UTC time: 00:00, 08:00 and 16:00.",Delisted,20000,1653991200000,False,-10,28800.0,100.0,1001.0,-1.0,,,,,,,,,,,,,,,,,,,,,,
129,AGLDUSD,6421,Perpetual,AGLD / USD,.AGLD,.MAGLD,.AGLDFR,.AGLDFR8H,AGLD,USD,USD,10.0,1.0,0.0001,4,8,4,100.0,2000000.0,100000.0,"AGLD/USD perpetual contracts are priced on the .AGLD Index. Each contract is worth 10 AGLD. Funding fees are paid and received every 8 hours at UTC time: 00:00, 08:00 and 16:00.",Delisted,20000,1653991200000,False,-10,28800.0,100.0,1001.0,-1.0,,,,,,,,,,,,,,,,,,,,,,
130,ILVUSD,17821,Perpetual,ILV / USD,.ILV,.MILV,.ILVFR,.ILVFR8H,ILV,USD,USD,0.01,1.0,0.1,4,8,1,100000.0,2000000000.0,200000.0,"ILV/USD perpetual contracts are priced on the .ILV Index. Each contract is worth 0.01 ILV. Funding fees are paid and received every 8 hours at UTC time: 00:00, 08:00 and 16:00.",Delisted,40000,1653991200000,False,-10,28800.0,100.0,1001.0,-1.0,,,,,,,,,,,,,,,,,,,,,,
131,YGGUSD,6321,Perpetual,YGG / USD,.YGG,.MYGG,.YGGFR,.YGGFR8H,YGG,USD,USD,1.0,1.0,0.0001,4,8,4,100.0,2000000.0,500000.0,"YGG/USD perpetual contracts are priced on the .YGG Index. Each contract is worth 1 YGG. Funding fees are paid and received every 8 hours at UTC time: 00:00, 08:00 and 16:00.",Delisted,100000,1653991200000,False,-10,28800.0,100.0,1001.0,-1.0,,,,,,,,,,,,,,,,,,,,,,
132,SFPUSD,15621,Perpetual,SFP / USD,.SFP,.MSFP,.SFPFR,.SFPFR8H,SFP,USD,USD,10.0,1.0,0.0001,4,8,4,100.0,2000000.0,100000.0,"SFP/USD perpetual contracts are priced on the .SFP Index. Each contract is worth 10 SFP. Funding fees are paid and received every 8 hours at UTC time: 00:00, 08:00 and 16:00.",Delisted,20000,1653991200000,False,-10,28800.0,100.0,1001.0,-1.0,,,,,,,,,,,,,,,,,,,,,,
133,GTCUSD,5921,Perpetual,GTC / USD,.GTC,.MGTC,.GTCFR,.GTCFR8H,GTC,USD,USD,1.0,1.0,0.001,4,8,3,1000.0,20000000.0,100000.0,"GTC/USD perpetual contracts are priced on the .GTC Index. Each contract is worth 1 GTC. Funding fees are paid and received every 8 hours at UTC time: 00:00, 08:00 and 16:00.",Delisted,20000,1653991200000,False,-10,28800.0,100.0,1001.0,-1.0,,,,,,,,,,,,,,,,,,,,,,
134,API3USD,17221,Perpetual,API3 / USD,.API3,.MAPI3,.API3FR,.API3FR8H,API3,USD,USD,1.0,1.0,0.001,4,8,3,1000.0,20000000.0,200000.0,"API3/USD perpetual contracts are priced on the .API3 Index. Each contract is worth 1 API3. Funding fees are paid and received every 8 hours at UTC time: 00:00, 08:00 and 16:00.",Delisted,40000,1653991200000,False,-10,28800.0,100.0,1001.0,-1.0,,,,,,,,,,,,,,,,,,,,,,
135,u100ACHUSD,33921,Perpetual,100ACH / USD,.u100ACH,.Mu100ACH,.u100ACHFR,.u100ACHFR8H,100 ACH,USD,USD,1.0,1.0,0.001,4,8,3,1000.0,20000000.0,300000.0,"u100ACH/USD perpetual contracts are priced on the .u100ACH Index. Each contract is worth 1 100ACH. Funding fees are paid and received every 8 hours at UTC time: 00:00, 08:00 and 16:00.",Delisted,60000,1653991200000,False,-10,28800.0,100.0,1001.0,-1.0,,,,,,,,,,,,,,,,,,,,,,
136,OPUSD,34521,Perpetual,OP / USD,.OP,.MOP,.OPFR,.OPFR8H,OP,USD,USD,1.0,1.0,0.0001,4,8,4,100.0,2000000.0,500000.0,"OP/USD perpetual contracts are priced on the .OP Index. Each contract is worth 1 OP. Funding fees are paid and received every 8 hours at UTC time: 00:00, 08:00 and 16:00.",Delisted,100000,1655348400000,False,-10,28800.0,100.0,1001.0,-1.0,,,,,,,,,,,,,,,,,,,,,,
137,u100ROSEUSD,35521,Perpetual,100ROSE / USD,.u100ROSE,.Mu100ROSE,.u100ROSEFR,.u100ROSEFR8H,100 ROSE,USD,USD,1.0,1.0,0.001,4,8,3,1000.0,20000000.0,200000.0,"u100ROSE/USD perpetual contracts are priced on the .u100ROSE Index. Each contract is worth 1 100ROSE. Funding fees are paid and received every 8 hours at UTC time: 00:00, 08:00 and 16:00.",Delisted,40000,1656324000000,False,-10,28800.0,100.0,1001.0,-1.0,,,,,,,,,,,,,,,,,,,,,,
138,u1000LEVERUSD,37121,Perpetual,1000LEVER / USD,.u1000LEVER,.Mu1000LEVER,.u1000LEVERFR,.u1000LEVERFR8H,1000 LEVER,USD,USD,1.0,1.0,0.0001,4,8,4,100.0,20000000.0,200000.0,"u1000LEVER/USD perpetual contracts are priced on the .u1000LEVER Index. Each contract is worth 1 1000LEVER. Funding fees are paid and received every 8 hours at UTC time: 00:00, 08:00 and 16:00.",Delisted,40000,1659088800000,False,-10,28800.0,100.0,1001.0,-1.0,,,,,,,,,,,,,,,,,,,,,,
139,LDOUSD,35121,Perpetual,LDO / USD,.LDO,.MLDO,.LDOFR,.LDOFR8H,LDO,USD,USD,1.0,1.0,0.0005,4,8,4,500.0,10000000.0,500000.0,"LDO/USD perpetual contracts are priced on the .LDO Index. Each contract is worth 1 LDO. Funding fees are paid and received every 8 hours at UTC time: 00:00, 08:00 and 16:00.",Delisted,100000,1659495600000,False,-10,28800.0,100.0,1001.0,-1.0,,,,,,,,,,,,,,,,,,,,,,
140,FLMUSD,37921,Perpetual,FLM / USD,.FLM,.MFLM,.FLMFR,.FLMFR8H,FLM,USD,USD,10.0,1.0,0.0001,4,8,4,100.0,2000000.0,500000.0,"FLM/USD perpetual contracts are priced on the .FLM Index. Each contract is worth 10 FLM. Funding fees are paid and received every 8 hours at UTC time: 00:00, 08:00 and 16:00.",Delisted,100000,1660730400000,False,-10,28800.0,100.0,1001.0,-1.0,,,,,,,,,,,,,,,,,,,,,,
141,YFIIUSD,38021,Perpetual,YFII / USD,.YFII,.MYFII,.YFIIFR,.YFIIFR8H,YFII,USD,USD,0.001,1.0,0.5,4,8,1,500000.0,10000000000.0,500000.0,"YFII/USD perpetual contracts are priced on the .YFII Index. Each contract is worth 0.001 YFII. Funding fees are paid and received every 8 hours at UTC time: 00:00, 08:00 and 16:00.",Delisted,100000,1660730400000,False,-10,28800.0,100.0,1001.0,-1.0,,,,,,,,,,,,,,,,,,,,,,
142,HNTUSD,38121,Perpetual,HNT / USD,.HNT,.MHNT,.HNTFR,.HNTFR8H,HNT,USD,USD,1.0,1.0,0.001,4,8,3,1000.0,20000000.0,200000.0,"HNT/USD perpetual contracts are priced on the .HNT Index. Each contract is worth 1 HNT. Funding fees are paid and received every 8 hours at UTC time: 00:00, 08:00 and 16:00.",Delisted,40000,1660730400000,False,-10,28800.0,100.0,1001.0,-1.0,,,,,,,,,,,,,,,,,,,,,,
143,ALPHAUSD,20321,Perpetual,ALPHA / USD,.ALPHA,.MALPHA,.ALPHAFR,.ALPHAFR8H,ALPHA,USD,USD,10.0,1.0,0.0001,4,8,4,100.0,2000000.0,500000.0,"ALPHA/USD perpetual contracts are priced on the .ALPHA Index. Each contract is worth 10 ALPHA. Funding fees are paid and received every 8 hours at UTC time: 00:00, 08:00 and 16:00.",Delisted,100000,1660730400000,False,-10,28800.0,100.0,1001.0,-1.0,,,,,,,,,,,,,,,,,,,,,,
144,u1000SPELLUSD,38221,Perpetual,1000SPELL / USD,.u1000SPELL,.Mu1000SPELL,.u1000SPELLFR,.u1000SPELLFR8H,1000 SPELL,USD,USD,1.0,1.0,0.0001,4,8,4,100.0,20000000.0,500000.0,"u1000SPELL/USD perpetual contracts are priced on the .u1000SPELL Index. Each contract is worth 1 1000SPELL. Funding fees are paid and received every 8 hours at UTC time: 00:00, 08:00 and 16:00.",Delisted,100000,1660730400000,False,-10,28800.0,100.0,1001.0,-1.0,,,,,,,,,,,,,,,,,,,,,,
145,STGUSD,22221,Perpetual,STG / USD,.STG,.MSTG,.STGFR,.STGFR8H,STG,USD,USD,1.0,1.0,0.0001,4,8,4,100.0,2000000.0,1000000.0,"STG/USD perpetual contracts are priced on the .STG Index. Each contract is worth 1 STG. Funding fees are paid and received every 8 hours at UTC time: 00:00, 08:00 and 16:00.",Delisted,200000,1661508000000,False,-10,28800.0,100.0,1001.0,-1.0,,,,,,,,,,,,,,,,,,,,,,
146,FOOTBALLUSD,38521,Perpetual,FOOTBALL / USD,.FOOTBALL,.MFOOTBALL,.FOOTBALLFR,.FOOTBALLFR8H,FOOTBALL,USD,USD,0.01,1.0,0.01,4,8,2,10000.0,200000000.0,100000.0,"FOOTBALL/USD perpetual contracts are priced on the .FOOTBALL Index. Each contract is worth 0.01 FOOTBALL. Funding fees are paid and received every 8 hours at UTC time: 00:00, 08:00 and 16:00.",Delisted,20000,1662544800000,False,-10,28800.0,100.0,1001.0,-1.0,,,,,,,,,,,,,,,,,,,,,,
147,u1000LUNCUSD,39421,Perpetual,1000LUNC / USD,.u1000LUNC,.Mu1000LUNC,.u1000LUNCFR,.u1000LUNCFR8H,1000 LUNC,USD,USD,20.0,1.0,0.0001,4,8,4,100.0,2000000.0,100000.0,"u1000LUNC/USD perpetual contracts are priced on the .u1000LUNC Index. Each contract is worth 20 1000LUNC. Funding fees are paid and received every 8 hours at UTC time: 00:00, 08:00 and 16:00.",Delisted,20000,1663848000000,False,-10,28800.0,100.0,1001.0,-1.0,,,,,,,,,,,,,,,,,,,,,,
148,PROSUSD,39621,Perpetual,PROS / USD,.PROS,.MPROS,.PROSFR,.PROSFR8H,PROS,USD,USD,5.0,1.0,0.0001,4,8,4,100.0,2000000.0,200000000.0,"PROS/USD perpetual contracts are priced on the .PROS Index. Each contract is worth 5 PROS. Funding fees are paid and received every 8 hours at UTC time: 00:00, 08:00 and 16:00.",Delisted,40000000,1664445600000,False,-10,28800.0,100.0,1001.0,-1.0,,,,,,,,,,,,,,,,,,,,,,
149,u100SWEATUSD,39721,Perpetual,100SWEAT / USD,.u100SWEAT,.Mu100SWEAT,.u100SWEATFR,.u100SWEATFR8H,100 SWEAT,USD,USD,1.0,1.0,0.001,4,8,3,1000.0,1000000000.0,200000.0,"u100SWEAT/USD perpetual contracts are priced on the .u100SWEAT Index. Each contract is worth 1 100SWEAT. Funding fees are paid and received every 8 hours at UTC time: 00:00, 08:00 and 16:00.",Delisted,100000,1664445600000,False,-10,28800.0,100.0,1001.0,-1.0,,,,,,,,,,,,,,,,,,,,,,
150,FLUXUSD,39921,Perpetual,FLUX / USD,.FLUX,.MFLUX,.FLUXFR,.FLUXFR8H,FLUX,USD,USD,5.0,1.0,0.0001,4,8,4,100.0,2000000.0,200000.0,"FLUX/USD perpetual contracts are priced on the .FLUX Index. Each contract is worth 5 FLUX. Funding fees are paid and received every 8 hours at UTC time: 00:00, 08:00 and 16:00.",Delisted,40000,1664445600000,False,-10,28800.0,100.0,1001.0,-1.0,,,,,,,,,,,,,,,,,,,,,,
151,u100TRYBUSD,40421,Perpetual,100TRYB / USD,.u100TRYB,.Mu100TRYB,.u100TRYBFR,.u100TRYBFR8H,100 TRYB,USD,USD,1.0,1.0,0.001,4,8,3,1000.0,20000000.0,1000000.0,"u100TRYB/USD perpetual contracts are priced on the .u100TRYB Index. Each contract is worth 1 100TRYB. Funding fees are paid and received every 8 hours at UTC time: 00:00, 08:00 and 16:00.",Delisted,200000,1665482400000,False,-10,28800.0,100.0,1001.0,-1.0,,,,,,,,,,,,,,,,,,,,,,
152,PAXGUSD,9321,Perpetual,PAXG / USD,.PAXG,.MPAXG,.PAXGFR,.PAXGFR8H,PAXG,USD,USD,0.001,1.0,0.1,4,8,1,100000.0,2000000000.0,1000000.0,"PAXG/USD perpetual contracts are priced on the .PAXG Index. Each contract is worth 0.001 PAXG. Funding fees are paid and received every 8 hours at UTC time: 00:00, 08:00 and 16:00.",Delisted,200000,1665482400000,False,-10,28800.0,100.0,1001.0,-1.0,,,,,,,,,,,,,,,,,,,,,,
153,LUNA2USD,42021,Perpetual,LUNA2 / USD,.LUNA2,.MLUNA2,.LUNA2FR,.LUNA2FR8H,LUNA2,USD,USD,1.0,1.0,0.0001,4,8,4,100.0,2000000.0,200000.0,"LUNA2/USD perpetual contracts are priced on the .LUNA2 Index. Each contract is worth 1 LUNA2. Funding fees are paid and received every 8 hours at UTC time: 00:00, 08:00 and 16:00.",Delisted,40000,1666148400000,False,-10,28800.0,100.0,1001.0,-1.0,,,,,,,,,,,,,,,,,,,,,,
154,QNTUSD,12021,Perpetual,QNT / USD,.QNT,.MQNT,.QNTFR,.QNTFR8H,QNT,USD,USD,0.05,1.0,0.01,4,8,2,10000.0,200000000.0,100000.0,"QNT/USD perpetual contracts are priced on the .QNT Index. Each contract is worth 0.05 QNT. Funding fees are paid and received every 8 hours at UTC time: 00:00, 08:00 and 16:00.",Delisted,20000,1666148400000,False,-10,28800.0,100.0,1001.0,-1.0,,,,,,,,,,,,,,,,,,,,,,
155,APTUSD,42121,Perpetual,APT/ USD,.APT,.MAPT,.APTFR,.APTFR8H,APT,USD,USD,1.0,1.0,0.001,4,8,3,1000.0,20000000.0,500000.0,"APT/USD perpetual contracts are priced on the .APT Index. Each contract is worth 1 APT. Funding fees are paid and received every 8 hours at UTC time: 00:00, 08:00 and 16:00.",Delisted,100000,1666142700000,False,-10,28800.0,100.0,1001.0,-1.0,,,,,,,,,,,,,,,,,,,,,,
156,GMXUSD,43121,Perpetual,GMX / USD,.GMX,.MGMX,.GMXFR,.GMXFR8H,GMX,USD,USD,0.1,1.0,0.01,4,8,2,10000.0,200000000.0,500000.0,"GMX/USD perpetual contracts are priced on the .GMX Index. Each contract is worth 0.1 GMX. Funding fees are paid and received every 8 hours at UTC time: 00:00, 08:00 and 16:00.",Delisted,100000,1667296800000,False,-10,28800.0,100.0,1001.0,-1.0,,,,,,,,,,,,,,,,,,,,,,
157,HFTUSD,43521,Perpetual,HFT / USD,.HFT,.MHFT,.HFTFR,.HFTFR8H,HFT,USD,USD,1.0,1.0,0.0001,4,8,4,100.0,2000000.0,400000.0,"HFT/USD perpetual contracts are priced on the .HFT Index. Each contract is worth 1 HFT. Funding fees are paid and received every 8 hours at UTC time: 00:00, 08:00 and 16:00.",Delisted,80000,1667827800000,False,-10,28800.0,100.0,1001.0,-1.0,,,,,,,,,,,,,,,,,,,,,,
158,BANDUSD,22521,Perpetual,BAND / USD,.BAND,.MBAND,.BANDFR,.BANDFR8H,BAND,USD,USD,1.0,1.0,0.0001,4,8,4,100.0,2000000.0,300000.0,"BAND/USD perpetual contracts are priced on the .BAND Index. Each contract is worth 1 BAND. Funding fees are paid and received every 8 hours at UTC time: 00:00, 08:00 and 16:00.",Delisted,60000,1669024800000,False,-10,28800.0,100.0,1001.0,-1.0,,,,,,,,,,,,,,,,,,,,,,
159,sUSDTTRY,911,Spot,USDT / TRY,,,,,,,TRY,,,,4,8,3,,,,USDTTRY is a USDT/TRY spot trading pair. Minimum order value is 17 TRY,Delisted,100000,1660831200000,,,,,,,USDT,0.001 USDT,100000.0,0.001 TRY,10.0,3.0,2.0,17 TRY,170000.0,"500,000 USDT",50000000000000.0,"500,000 TRY",5000000000.0,0.001,100000.0,0.001,100000.0,0.0,300000.0,110.0,90.0,
160,sUSDTBRZ,961,Spot,USDT / BRZ,,,,,,,BRZ,,,,4,8,4,,,,USDTBRZ is a USDT/BRZ spot trading pair. Minimum order value is 5 BRZ,Delisted,100000,1676973600000,,,,,,,USDT,0.001 USDT,100000.0,0.0001 BRZ,1.0,3.0,2.0,5 BRZ,50000.0,"400,000 USDT",40000000000000.0,"500,000 BRZ",5000000000.0,0.001,100000.0,0.001,100000.0,,,150.0,50.0,
161,sBTCUSDT,1001,Spot,BTC / USDT,,,,,,,USDT,,,,8,8,2,,,,BTCUSDT is a BTC/USDT spot trading pair. Minimum order value is 1 USDT,Listed,2,1589338800000,,,,,,,BTC,0.000001 BTC,100.0,0.01 USDT,1000000.0,6.0,2.0,1 USDT,100000000.0,10 BTC,1000000000.0,"500,000 USDT",50000000000000.0,0.001,100000.0,0.001,100000.0,,,110.0,90.0,5.0
162,sBTCTRY,1011,Spot,BTC / TRY,,,,,,,TRY,,,,4,8,0,,,,BTCTRY is a BTC/TRY spot trading pair. Minimum order value is 17 TRY,Delisted,5,1660831200000,,,,,,,BTC,0.0000001 BTC,10.0,1 TRY,10000.0,7.0,2.0,17 TRY,170000.0,25 BTC,2500000000.0,"500,000 TRY",5000000000.0,0.001,100000.0,0.001,100000.0,0.0,300000.0,110.0,90.0,
163,sBTCUSDC,1041,Spot,BTC / USDC,,,,,,,USDC,,,,8,8,2,,,,BTCUSDC is a BTC/USDC spot trading pair. Minimum order value is 1 USDC,Listed,2,1659614400000,,,,,,,BTC,0.000001 BTC,100.0,0.01 USDC,1000000.0,6.0,2.0,1 USDC,100000000.0,10 BTC,1000000000.0,"500,000 USDC",50000000000000.0,0.001,100000.0,0.001,100000.0,0.0,300000.0,110.0,90.0,
164,sBTCUSDQ,1046,Spot,BTC / USDQ,,,,,,,USDQ,,,,8,8,2,,,,BTCUSDQ is a BTC/USDQ spot trading pair. Minimum order value is 1 USDQ,Delisted,2,1751018400000,,,,,,,BTC,0.000001 BTC,100.0,0.01 USDQ,1000000.0,6.0,2.0,1 USDQ,100000000.0,8 BTC,800000000.0,"500,000 USDQ",50000000000000.0,0.001,100000.0,0.001,100000.0,,,150.0,50.0,
165,sBTCUSDR,1056,Spot,BTC / USDR,,,,,,,USDR,,,,8,8,2,,,,BTCUSDR is a BTC/USDR spot trading pair. Minimum order value is 1 USDR,Delisted,2,1753869600000,,,,,,,BTC,0.000001 BTC,100.0,0.01 USDR,1000000.0,6.0,2.0,1 USDR,100000000.0,8 BTC,800000000.0,"500,000 USDR",50000000000000.0,0.001,100000.0,0.001,100000.0,,,150.0,50.0,
166,sBTCBRZ,1061,Spot,BTC / BRZ,,,,,,,BRZ,,,,4,8,0,,,,BTCBRZ is a BTC/BRZ spot trading pair. Minimum order value is 5 BRZ,Delisted,5,1664283600000,,,,,,,BTC,0.000001 BTC,100.0,1 BRZ,10000.0,6.0,2.0,5 BRZ,50000.0,25 BTC,2500000000.0,"500,000 BRZ",5000000000.0,0.001,100000.0,0.001,100000.0,,,110.0,90.0,
167,sETHUSDT,1101,Spot,ETH / USDT,,,,,,,USDT,,,,8,8,2,,,,ETHUSDT is a ETH/USDT spot trading pair. Minimum order value is 1 USDT,Listed,30,1589338800000,,,,,,,ETH,0.00001 ETH,1000.0,0.01 USDT,1000000.0,5.0,2.0,1 USDT,100000000.0,150 ETH,15000000000.0,"500,000 USDT",50000000000000.0,0.001,100000.0,0.001,100000.0,,,110.0,90.0,5.0
168,sETHTRY,1111,Spot,ETH / TRY,,,,,,,TRY,,,,4,8,0,,,,ETHTRY is a ETH/TRY spot trading pair. Minimum order value is 17 TRY,Delisted,90,1660831200000,,,,,,,ETH,0.000001 ETH,100.0,1 TRY,10000.0,6.0,2.0,17 TRY,170000.0,400 ETH,40000000000.0,"500,000 TRY",5000000000.0,0.001,100000.0,0.001,100000.0,0.0,300000.0,110.0,90.0,
169,sETHUSDC,1141,Spot,ETH / USDC,,,,,,,USDC,,,,8,8,2,,,,ETHUSDC is a ETH/USDC spot trading pair. Minimum order value is 1 USDC,Listed,30,1659614400000,,,,,,,ETH,0.00001 ETH,1000.0,0.01 USDC,1000000.0,5.0,2.0,1 USDC,100000000.0,150 ETH,15000000000.0,"500,000 USDC",50000000000000.0,0.001,100000.0,0.001,100000.0,0.0,300000.0,110.0,90.0,
170,sETHBRZ,1161,Spot,ETH / BRZ,,,,,,,BRZ,,,,4,8,2,,,,ETHBRZ is a ETH/BRZ spot trading pair. Minimum order value is 5 BRZ,Delisted,80,1664283600000,,,,,,,ETH,0.00001 ETH,1000.0,0.01 BRZ,100.0,5.0,2.0,5 BRZ,50000.0,400 ETH,40000000000.0,"500,000 BRZ",5000000000.0,0.001,100000.0,0.001,100000.0,,,110.0,90.0,
171,sETHBTC,1181,Spot,ETH / BTC,,,,,,,BTC,,,,8,8,5,,,,ETHBTC is a ETH/BTC spot trading pair. Minimum order value is 0.0001 BTC,Listed,70,1704362400000,,,,,,,ETH,0.001 ETH,100000.0,0.00001 BTC,1000.0,3.0,5.0,0.0001 BTC,10000.0,300 ETH,30000000000.0,"500,000 BTC",50000000000000.0,0.001,100000.0,0.001,100000.0,,,150.0,50.0,5.0
172,sXRPUSDT,1201,Spot,XRP / USDT,,,,,,,USDT,,,,8,8,4,,,,XRPUSDT is a XRP/USDT spot trading pair. Minimum order value is 1 USDT,Listed,100000,1589338800000,,,,,,,XRP,0.1 XRP,10000000.0,0.0001 USDT,10000.0,1.0,2.0,1 USDT,100000000.0,"500,000 XRP",50000000000000.0,"500,000 USDT",50000000000000.0,0.001,100000.0,0.001,100000.0,,,110.0,90.0,5.0
173,sXRPUSDC,1241,Spot,XRP / USDC,,,,,,,USDC,,,,8,8,4,,,,XRPUSDC is a XRP/USDC spot trading pair. Minimum order value is 1 USDC,Listed,100000,1659614400000,,,,,,,XRP,0.1 XRP,10000000.0,0.0001 USDC,10000.0,1.0,2.0,1 USDC,100000000.0,"500,000 XRP",50000000000000.0,"500,000 USDC",50000000000000.0,0.001,100000.0,0.001,100000.0,0.0,300000.0,110.0,90.0,
174,sLINKUSDT,1301,Spot,LINK / USDT,,,,,,,USDT,,,,8,8,2,,,,LINKUSDT is a LINK/USDT spot trading pair. Minimum order value is 1 USDT,Listed,7500,1589338800000,,,,,,,LINK,0.01 LINK,1000000.0,0.01 USDT,1000000.0,2.0,2.0,1 USDT,100000000.0,"30,000 LINK",3000000000000.0,"500,000 USDT",50000000000000.0,0.001,100000.0,0.001,100000.0,,,110.0,90.0,5.0
175,sLINKUSDC,1341,Spot,LINK / USDC,,,,,,,USDC,,,,8,8,3,,,,LINKUSDC is a LINK/USDC spot trading pair. Minimum order value is 1 USDC,Listed,5000,1659614400000,,,,,,,LINK,0.01 LINK,1000000.0,0.001 USDC,100000.0,2.0,2.0,1 USDC,100000000.0,"30,000 LINK",3000000000000.0,"500,000 USDC",50000000000000.0,0.001,100000.0,0.001,100000.0,0.0,300000.0,110.0,90.0,
176,sXTZUSDT,1401,Spot,XTZ / USDT,,,,,,,USDT,,,,8,8,4,,,,XTZUSDT is a XTZ/USDT spot trading pair. Minimum order value is 1 USDT,Listed,30000,1597028400000,,,,,,,XTZ,0.01 XTZ,1000000.0,0.0001 USDT,10000.0,2.0,2.0,1 USDT,100000000.0,"150,000 XTZ",15000000000000.0,"500,000 USDT",50000000000000.0,0.001,100000.0,0.001,100000.0,,,110.0,90.0,5.0
177,sXTZUSDC,1441,Spot,XTZ / USDC,,,,,,,USDC,,,,8,8,3,,,,XTZUSDC is a XTZ/USDC spot trading pair. Minimum order value is 1 USDC,Delisted,30000,1659614400000,,,,,,,XTZ,0.01 XTZ,1000000.0,0.001 USDC,100000.0,2.0,2.0,1 USDC,100000000.0,"150,000 XTZ",15000000000000.0,"500,000 USDC",50000000000000.0,0.001,100000.0,0.001,100000.0,0.0,300000.0,110.0,90.0,
178,sLTCUSDT,1501,Spot,LTC / USDT,,,,,,,USDT,,,,8,8,2,,,,LTCUSDT is a LTC/USDT spot trading pair. Minimum order value is 1 USDT,Listed,300,1596164400000,,,,,,,LTC,0.00001 LTC,1000.0,0.01 USDT,1000000.0,5.0,2.0,1 USDT,100000000.0,"4,000 LTC",400000000000.0,"500,000 USDT",50000000000000.0,0.001,100000.0,0.001,100000.0,,,110.0,90.0,5.0
179,sLTCUSDC,1541,Spot,LTC / USDC,,,,,,,USDC,,,,8,8,2,,,,LTCUSDC is a LTC/USDC spot trading pair. Minimum order value is 1 USDC,Listed,300,1659614400000,,,,,,,LTC,0.00001 LTC,1000.0,0.01 USDC,1000000.0,5.0,2.0,1 USDC,100000000.0,"4,000 LTC",400000000000.0,"500,000 USDC",50000000000000.0,0.001,100000.0,0.001,100000.0,0.0,300000.0,110.0,90.0,
180,sADAUSDT,1601,Spot,ADA / USDT,,,,,,,USDT,,,,8,8,4,,,,ADAUSDT is a ADA/USDT spot trading pair. Minimum order value is 1 USDT,Listed,100000,1595210400000,,,,,,,ADA,0.1 ADA,10000000.0,0.0001 USDT,10000.0,1.0,2.0,1 USDT,100000000.0,"500,000 ADA",50000000000000.0,"500,000 USDT",50000000000000.0,0.001,100000.0,0.001,100000.0,,,110.0,90.0,5.0
181,sADAUSDC,1641,Spot,ADA / USDC,,,,,,,USDC,,,,8,8,4,,,,ADAUSDC is a ADA/USDC spot trading pair. Minimum order value is 1 USDC,Listed,100000,1659614400000,,,,,,,ADA,0.1 ADA,10000000.0,0.0001 USDC,10000.0,1.0,2.0,1 USDC,100000000.0,"500,000 ADA",50000000000000.0,"500,000 USDC",50000000000000.0,0.001,100000.0,0.001,100000.0,0.0,300000.0,110.0,90.0,
182,sTRXUSDT,1701,Spot,TRX / USDT,,,,,,,USDT,,,,8,8,4,,,,TRXUSDT is a TRX/USDT spot trading pair. Minimum order value is 1 USDT,Listed,1875000,1594000800000,,,,,,,TRX,0.1 TRX,10000000.0,0.0001 USDT,10000.0,1.0,2.0,1 USDT,100000000.0,"7,500,000 TRX",750000000000000.0,"500,000 USDT",50000000000000.0,0.001,100000.0,0.001,100000.0,,,110.0,90.0,5.0
183,sTRXUSDC,1741,Spot,TRX / USDC,,,,,,,USDC,,,,8,8,4,,,,TRXUSDC is a TRX/USDC spot trading pair. Minimum order value is 1 USDC,Listed,500000,1659614400000,,,,,,,TRX,0.1 TRX,10000000.0,0.0001 USDC,10000.0,1.0,2.0,1 USDC,100000000.0,"2,000,000 TRX",200000000000000.0,"500,000 USDC",50000000000000.0,0.001,100000.0,0.001,100000.0,0.0,300000.0,110.0,90.0,
184,sONTUSDT,1801,Spot,ONT / USDT,,,,,,,USDT,,,,8,8,4,,,,ONTUSDT is a ONT/USDT spot trading pair. Minimum order value is 1 USDT,Listed,230000,1594605600000,,,,,,,ONT,0.1 ONT,10000000.0,0.0001 USDT,10000.0,1.0,2.0,1 USDT,100000000.0,"2,000,000 ONT",200000000000000.0,"500,000 USDT",50000000000000.0,0.001,100000.0,0.001,100000.0,,,110.0,90.0,
185,sONTUSDC,1841,Spot,ONT / USDC,,,,,,,USDC,,,,8,8,4,,,,ONTUSDC is a ONT/USDC spot trading pair. Minimum order value is 1 USDC,Listed,50000,1659614400000,,,,,,,ONT,0.1 ONT,10000000.0,0.0001 USDC,10000.0,1.0,2.0,1 USDC,100000000.0,"900,000 ONT",90000000000000.0,"500,000 USDC",50000000000000.0,0.001,100000.0,0.001,100000.0,0.0,300000.0,110.0,90.0,
186,sBCHUSDT,1901,Spot,BCH / USDT,,,,,,,USDT,,,,8,8,1,,,,BCHUSDT is a BCH/USDT spot trading pair. Minimum order value is 1 USDT,Listed,200,1596164400000,,,,,,,BCH,0.00001 BCH,1000.0,0.1 USDT,10000000.0,5.0,2.0,1 USDT,100000000.0,"1,500 BCH",150000000000.0,"500,000 USDT",50000000000000.0,0.001,100000.0,0.001,100000.0,,,110.0,90.0,5.0
187,sBCHUSDC,1941,Spot,BCH / USDC,,,,,,,USDC,,,,8,8,1,,,,BCHUSDC is a BCH/USDC spot trading pair. Minimum order value is 1 USDC,Delisted,200,1659614400000,,,,,,,BCH,0.00001 BCH,1000.0,0.1 USDC,10000000.0,5.0,2.0,1 USDC,100000000.0,"1,500 BCH",150000000000.0,"500,000 USDC",50000000000000.0,0.001,100000.0,0.001,100000.0,0.0,300000.0,110.0,90.0,
188,sNEOUSDT,2001,Spot,NEO / USDT,,,,,,,USDT,,,,8,8,2,,,,NEOUSDT is a NEO/USDT spot trading pair. Minimum order value is 1 USDT,Delisted,5000,1597028400000,,,,,,,NEO,0.001 NEO,100000.0,0.01 USDT,1000000.0,3.0,2.0,1 USDT,100000000.0,"20,000 NEO",2000000000000.0,"500,000 USDT",50000000000000.0,0.001,100000.0,0.001,100000.0,,,110.0,90.0,
189,sEOSUSDT,2101,Spot,EOS / USDT,,,,,,,USDT,,,,8,8,4,,,,EOSUSDT is a EOS/USDT spot trading pair. Minimum order value is 1 USDT,Delisted,20000,1599188400000,,,,,,,EOS,0.01 EOS,1000000.0,0.0001 USDT,10000.0,2.0,2.0,1 USDT,100000000.0,"200,000 EOS",20000000000000.0,"500,000 USDT",50000000000000.0,0.001,100000.0,0.001,100000.0,,,110.0,90.0,
190,sCOMPUSDT,2201,Spot,COMP / USDT,,,,,,,USDT,,,,8,8,2,,,,COMPUSDT is a COMP/USDT spot trading pair. Minimum order value is 1 USDT,Listed,250,1621393200000,,,,,,,COMP,0.0001 COMP,10000.0,0.01 USDT,1000000.0,4.0,2.0,1 USDT,100000000.0,"1,000 COMP",100000000000.0,"500,000 USDT",50000000000000.0,0.001,100000.0,0.001,100000.0,,,110.0,90.0,
191,sYFIUSDT,2401,Spot,YFI / USDT,,,,,,,USDT,,,,8,8,0,,,,YFIUSDT is a YFI/USDT spot trading pair. Minimum order value is 1 USDT,Listed,5,1621393200000,,,,,,,YFI,0.00001 YFI,1000.0,1 USDT,100000000.0,5.0,2.0,1 USDT,100000000.0,10 YFI,1000000000.0,"500,000 USDT",50000000000000.0,0.001,100000.0,0.001,100000.0,,,110.0,90.0,5.0
192,sALGOUSDT,2501,Spot,ALGO / USDT,,,,,,,USDT,,,,8,8,4,,,,ALGOUSDT is a ALGO/USDT spot trading pair. Minimum order value is 1 USDT,Listed,75000,1627009200000,,,,,,,ALGO,0.01 ALGO,1000000.0,0.0001 USDT,10000.0,2.0,2.0,1 USDT,100000000.0,"300,000 ALGO",30000000000000.0,"500,000 USDT",50000000000000.0,0.001,100000.0,0.001,100000.0,,,110.0,90.0,5.0
193,sDOTUSDT,2601,Spot,DOT / USDT,,,,,,,USDT,,,,8,8,3,,,,DOTUSDT is a DOT/USDT spot trading pair. Minimum order value is 1 USDT,Listed,2500,1627009200000,,,,,,,DOT,0.001 DOT,100000.0,0.001 USDT,100000.0,3.0,2.0,1 USDT,100000000.0,"10,000 DOT",1000000000000.0,"500,000 USDT",50000000000000.0,0.001,100000.0,0.001,100000.0,,,110.0,90.0,5.0
194,sDOTUSDC,2641,Spot,DOT / USDC,,,,,,,USDC,,,,8,8,3,,,,DOTUSDC is a DOT/USDC spot trading pair. Minimum order value is 1 USDC,Listed,2500,1659614400000,,,,,,,DOT,0.001 DOT,100000.0,0.001 USDC,100000.0,3.0,2.0,1 USDC,100000000.0,"10,000 DOT",1000000000000.0,"500,000 USDC",50000000000000.0,0.001,100000.0,0.001,100000.0,0.0,300000.0,110.0,90.0,
195,sUNIUSDT,2701,Spot,UNI / USDT,,,,,,,USDT,,,,8,8,3,,,,UNIUSDT is a UNI/USDT spot trading pair. Minimum order value is 1 USDT,Listed,3750,1621393200000,,,,,,,UNI,0.001 UNI,100000.0,0.001 USDT,100000.0,3.0,2.0,1 USDT,100000000.0,"15,000 UNI",1500000000000.0,"500,000 USDT",50000000000000.0,0.001,100000.0,0.001,100000.0,,,110.0,90.0,5.0
196,sAAVEUSDT,2801,Spot,AAVE / USDT,,,,,,,USDT,,,,8,8,2,,,,AAVEUSDT is a AAVE/USDT spot trading pair. Minimum order value is 1 USDT,Listed,250,1621393200000,,,,,,,AAVE,0.0001 AAVE,10000.0,0.01 USDT,1000000.0,4.0,2.0,1 USDT,100000000.0,"1,000 AAVE",100000000000.0,"500,000 USDT",50000000000000.0,0.001,100000.0,0.001,100000.0,,,110.0,90.0,5.0
197,sDOGEUSDT,2901,Spot,DOGE / USDT,,,,,,,USDT,,,,8,8,5,,,,DOGEUSDT is a DOGE/USDT spot trading pair. Minimum order value is 1 USDT,Listed,200000,1615604400000,,,,,,,DOGE,1 DOGE,100000000.0,0.00001 USDT,1000.0,0.0,2.0,1 USDT,100000000.0,"4,000,000 DOGE",400000000000000.0,"500,000 USDT",50000000000000.0,0.001,100000.0,0.001,100000.0,,,110.0,90.0,5.0
198,sDOGEUSDC,2941,Spot,DOGE / USDC,,,,,,,USDC,,,,8,8,5,,,,DOGEUSDC is a DOGE/USDC spot trading pair. Minimum order value is 1 USDC,Listed,200000,1659614400000,,,,,,,DOGE,1 DOGE,100000000.0,0.00001 USDC,1000.0,0.0,2.0,1 USDC,100000000.0,"4,000,000 DOGE",400000000000000.0,"500,000 USDC",50000000000000.0,0.001,100000.0,0.001,100000.0,0.0,300000.0,110.0,90.0,
199,sBATUSDT,3001,Spot,BAT / USDT,,,,,,,USDT,,,,8,8,4,,,,BATUSDT is a BAT/USDT spot trading pair. Minimum order value is 1 USDT,Listed,75000,1619575200000,,,,,,,BAT,0.01 BAT,1000000.0,0.0001 USDT,10000.0,2.0,2.0,1 USDT,100000000.0,"300,000 BAT",30000000000000.0,"500,000 USDT",50000000000000.0,0.001,100000.0,0.001,100000.0,,,110.0,90.0,
200,sBATUSDC,3041,Spot,BAT / USDC,,,,,,,USDC,,,,8,8,4,,,,BATUSDC is a BAT/USDC spot trading pair. Minimum order value is 1 USDC,Delisted,75000,1659614400000,,,,,,,BAT,0.01 BAT,1000000.0,0.0001 USDC,10000.0,2.0,2.0,1 USDC,100000000.0,"300,000 BAT",30000000000000.0,"500,000 USDC",50000000000000.0,0.001,100000.0,0.001,100000.0,0.0,300000.0,110.0,90.0,
201,sCHZUSDT,3101,Spot,CHZ / USDT,,,,,,,USDT,,,,8,8,5,,,,CHZUSDT is a CHZ/USDT spot trading pair. Minimum order value is 1 USDT,Listed,175000,1619575200000,,,,,,,CHZ,0.01 CHZ,1000000.0,0.00001 USDT,1000.0,2.0,2.0,1 USDT,100000000.0,"700,000 CHZ",70000000000000.0,"500,000 USDT",50000000000000.0,0.001,100000.0,0.001,100000.0,,,110.0,90.0,5.0
202,sMANAUSDT,3201,Spot,MANA / USDT,,,,,,,USDT,,,,8,8,4,,,,MANAUSDT is a MANA/USDT spot trading pair. Minimum order value is 1 USDT,Listed,50000,1619575200000,,,,,,,MANA,0.01 MANA,1000000.0,0.0001 USDT,10000.0,2.0,2.0,1 USDT,100000000.0,"200,000 MANA",20000000000000.0,"500,000 USDT",50000000000000.0,0.001,100000.0,0.001,100000.0,,,110.0,90.0,5.0
203,sMANAUSDC,3241,Spot,MANA / USDC,,,,,,,USDC,,,,8,8,4,,,,MANAUSDC is a MANA/USDC spot trading pair. Minimum order value is 1 USDC,Listed,50000,1659614400000,,,,,,,MANA,0.01 MANA,1000000.0,0.0001 USDC,10000.0,2.0,2.0,1 USDC,100000000.0,"200,000 MANA",20000000000000.0,"500,000 USDC",50000000000000.0,0.001,100000.0,0.001,100000.0,0.0,300000.0,110.0,90.0,
204,sENJUSDT,3301,Spot,ENJ / USDT,,,,,,,USDT,,,,8,8,5,,,,ENJUSDT is a ENJ/USDT spot trading pair. Minimum order value is 1 USDT,Listed,2500000,1619575200000,,,,,,,ENJ,0.1 ENJ,10000000.0,0.00001 USDT,1000.0,1.0,2.0,1 USDT,100000000.0,"10,000,000 ENJ",1000000000000000.0,"500,000 USDT",50000000000000.0,0.001,100000.0,0.001,100000.0,,,110.0,90.0,
205,sENJUSDC,3341,Spot,ENJ / USDC,,,,,,,USDC,,,,8,8,5,,,,ENJUSDC is a ENJ/USDC spot trading pair. Minimum order value is 1 USDC,Listed,2500000,1659614400000,,,,,,,ENJ,0.1 ENJ,10000000.0,0.00001 USDC,1000.0,1.0,2.0,1 USDC,100000000.0,"10,000,000 ENJ",1000000000000000.0,"500,000 USDC",50000000000000.0,0.001,100000.0,0.001,100000.0,0.0,300000.0,110.0,90.0,
206,sSUSHIUSDT,3401,Spot,SUSHI / USDT,,,,,,,USDT,,,,8,8,4,,,,SUSHIUSDT is a SUSHI/USDT spot trading pair. Minimum order value is 1 USDT,Listed,156250,1619575200000,,,,,,,SUSHI,0.1 SUSHI,10000000.0,0.0001 USDT,10000.0,1.0,2.0,1 USDT,100000000.0,"625,000 SUSHI",62500000000000.0,"500,000 USDT",50000000000000.0,0.001,100000.0,0.001,100000.0,,,110.0,90.0,
207,sSUSHIUSDC,3441,Spot,SUSHI / USDC,,,,,,,USDC,,,,8,8,4,,,,SUSHIUSDC is a SUSHI/USDC spot trading pair. Minimum order value is 1 USDC,Listed,156250,1659614400000,,,,,,,SUSHI,0.1 SUSHI,10000000.0,0.0001 USDC,10000.0,1.0,2.0,1 USDC,100000000.0,"625,000 SUSHI",62500000000000.0,"500,000 USDC",50000000000000.0,0.001,100000.0,0.001,100000.0,0.0,300000.0,110.0,90.0,
208,sSNXUSDT,3501,Spot,SNX / USDT,,,,,,,USDT,,,,8,8,3,,,,SNXUSDT is a SNX/USDT spot trading pair. Minimum order value is 1 USDT,Listed,7500,1619575200000,,,,,,,SNX,0.001 SNX,100000.0,0.001 USDT,100000.0,3.0,2.0,1 USDT,100000000.0,"30,000 SNX",3000000000000.0,"500,000 USDT",50000000000000.0,0.001,100000.0,0.001,100000.0,,,110.0,90.0,5.0
209,sGRTUSDT,3601,Spot,GRT / USDT,,,,,,,USDT,,,,8,8,5,,,,GRTUSDT is a GRT/USDT spot trading pair. Minimum order value is 1 USDT,Listed,2500000,1619575200000,,,,,,,GRT,0.1 GRT,10000000.0,0.00001 USDT,1000.0,1.0,2.0,1 USDT,100000000.0,"10,000,000 GRT",1000000000000000.0,"500,000 USDT",50000000000000.0,0.001,100000.0,0.001,100000.0,,,110.0,90.0,5.0
210,sMKRUSDT,3701,Spot,MKR / USDT,,,,,,,USDT,,,,8,8,1,,,,MKRUSDT is a MKR/USDT spot trading pair. Minimum order value is 1 USDT,Delisted,25,1619575200000,,,,,,,MKR,0.00001 MKR,1000.0,0.1 USDT,10000000.0,5.0,2.0,1 USDT,100000000.0,100 MKR,10000000000.0,"500,000 USDT",50000000000000.0,0.001,100000.0,0.001,100000.0,,,110.0,90.0,
211,sMKRUSDC,3741,Spot,MKR / USDC,,,,,,,USDC,,,,8,8,1,,,,MKRUSDC is a MKR/USDC spot trading pair. Minimum order value is 1 USDC,Delisted,25,1659614400000,,,,,,,MKR,0.00001 MKR,1000.0,0.1 USDC,10000000.0,5.0,2.0,1 USDC,100000000.0,100 MKR,10000000000.0,"500,000 USDC",50000000000000.0,0.001,100000.0,0.001,100000.0,0.0,300000.0,110.0,90.0,
212,sVETUSDT,3801,Spot,VET / USDT,,,,,,,USDT,,,,8,8,5,,,,VETUSDT is a VET/USDT spot trading pair. Minimum order value is 1 USDT,Listed,5000000,1758103200000,,,,,,,VET,0.1 VET,10000000.0,0.00001 USDT,1000.0,1.0,2.0,1 USDT,100000000.0,"20,000,000 VET",2000000000000000.0,"500,000 USDT",50000000000000.0,0.001,100000.0,0.001,100000.0,,,110.0,90.0,
213,sZECUSDT,3901,Spot,ZEC / USDT,,,,,,,USDT,,,,8,8,2,,,,ZECUSDT is a ZEC/USDT spot trading pair. Minimum order value is 1 USDT,Listed,500,1624590000000,,,,,,,ZEC,0.0001 ZEC,10000.0,0.01 USDT,1000000.0,4.0,2.0,1 USDT,100000000.0,"2,000 ZEC",200000000000.0,"500,000 USDT",50000000000000.0,0.001,100000.0,0.001,100000.0,,,110.0,90.0,5.0
214,sFILUSDT,4001,Spot,FIL / USDT,,,,,,,USDT,,,,8,8,3,,,,FILUSDT is a FIL/USDT spot trading pair. Minimum order value is 1 USDT,Listed,18000,1623207600000,,,,,,,FIL,0.001 FIL,100000.0,0.001 USDT,100000.0,3.0,2.0,1 USDT,100000000.0,"90,000 FIL",9000000000000.0,"500,000 USDT",50000000000000.0,0.001,100000.0,0.001,100000.0,,,110.0,90.0,5.0
215,sKSMUSDT,4101,Spot,KSM / USDT,,,,,,,USDT,,,,8,8,2,,,,KSMUSDT is a KSM/USDT spot trading pair. Minimum order value is 1 USDT,Listed,250,1627009200000,,,,,,,KSM,0.0001 KSM,10000.0,0.01 USDT,1000000.0,4.0,2.0,1 USDT,100000000.0,"1,000 KSM",100000000000.0,"500,000 USDT",50000000000000.0,0.001,100000.0,0.001,100000.0,,,110.0,90.0,
216,sQTUMUSDT,4301,Spot,QTUM / USDT,,,,,,,USDT,,,,8,8,3,,,,QTUMUSDT is a QTUM/USDT spot trading pair. Minimum order value is 1 USDT,Listed,7500,1624590000000,,,,,,,QTUM,0.001 QTUM,100000.0,0.001 USDT,100000.0,3.0,2.0,1 USDT,100000000.0,"30,000 QTUM",3000000000000.0,"500,000 USDT",50000000000000.0,0.001,100000.0,0.001,100000.0,,,110.0,90.0,
217,sQTUMUSDC,4341,Spot,QTUM / USDC,,,,,,,USDC,,,,8,8,4,,,,QTUMUSDC is a QTUM/USDC spot trading pair. Minimum order value is 1 USDC,Delisted,7500,1659614400000,,,,,,,QTUM,0.001 QTUM,100000.0,0.0001 USDC,10000.0,3.0,2.0,1 USDC,100000000.0,"30,000 QTUM",3000000000000.0,"500,000 USDC",50000000000000.0,0.001,100000.0,0.001,100000.0,0.0,300000.0,110.0,90.0,
218,sXLMUSDT,4401,Spot,XLM / USDT,,,,,,,USDT,,,,8,8,4,,,,XLMUSDT is a XLM/USDT spot trading pair. Minimum order value is 1 USDT,Listed,250000,1627009200000,,,,,,,XLM,0.01 XLM,1000000.0,0.0001 USDT,10000.0,2.0,2.0,1 USDT,100000000.0,"1,000,000 XLM",100000000000000.0,"500,000 USDT",50000000000000.0,0.001,100000.0,0.001,100000.0,,,110.0,90.0,
219,sXLMUSDC,4441,Spot,XLM / USDC,,,,,,,USDC,,,,8,8,4,,,,XLMUSDC is a XLM/USDC spot trading pair. Minimum order value is 1 USDC,Listed,250000,1659614400000,,,,,,,XLM,0.01 XLM,1000000.0,0.0001 USDC,10000.0,2.0,2.0,1 USDC,100000000.0,"1,000,000 XLM",100000000000000.0,"500,000 USDC",50000000000000.0,0.001,100000.0,0.001,100000.0,0.0,300000.0,110.0,90.0,
220,sATOMUSDT,4501,Spot,ATOM / USDT,,,,,,,USDT,,,,8,8,3,,,,ATOMUSDT is a ATOM/USDT spot trading pair. Minimum order value is 1 USDT,Listed,5000,1623207600000,,,,,,,ATOM,0.001 ATOM,100000.0,0.001 USDT,100000.0,3.0,2.0,1 USDT,100000000.0,"20,000 ATOM",2000000000000.0,"500,000 USDT",50000000000000.0,0.001,100000.0,0.001,100000.0,,,110.0,90.0,5.0
221,sATOMUSDC,4541,Spot,ATOM / USDC,,,,,,,USDC,,,,8,8,3,,,,ATOMUSDC is a ATOM/USDC spot trading pair. Minimum order value is 1 USDC,Listed,5000,1659614400000,,,,,,,ATOM,0.001 ATOM,100000.0,0.001 USDC,100000.0,3.0,2.0,1 USDC,100000000.0,"20,000 ATOM",2000000000000.0,"500,000 USDC",50000000000000.0,0.001,100000.0,0.001,100000.0,0.0,300000.0,110.0,90.0,
222,sLUNAOLDUSDT,4601,Spot,LUNAOLD / USDT,,,,,,,USDT,,,,8,8,3,,,,LUNAOLDUSDT is a LUNAOLD/USDT spot trading pair. Minimum order value is 1 USDT,Delisted,1000,1623207600000,,,,,,,LUNAOLD,0.001 LUNAOLD,100000.0,0.001 USDT,100000.0,3.0,2.0,1 USDT,100000000.0,"4,000 LUNAOLD",400000000000.0,"500,000 USDT",50000000000000.0,0.001,100000.0,0.001,100000.0,,,110.0,90.0,
223,sSOLUSDT,4701,Spot,SOL / USDT,,,,,,,USDT,,,,8,8,2,,,,SOLUSDT is a SOL/USDT spot trading pair. Minimum order value is 1 USDT,Listed,2500,1629428400000,,,,,,,SOL,0.001 SOL,100000.0,0.01 USDT,1000000.0,3.0,2.0,1 USDT,100000000.0,"10,000 SOL",1000000000000.0,"500,000 USDT",50000000000000.0,0.001,100000.0,0.001,100000.0,,,110.0,90.0,5.0
224,sSOLUSDC,4741,Spot,SOL / USDC,,,,,,,USDC,,,,8,8,2,,,,SOLUSDC is a SOL/USDC spot trading pair. Minimum order value is 1 USDC,Listed,2500,1659614400000,,,,,,,SOL,0.001 SOL,100000.0,0.01 USDC,1000000.0,3.0,2.0,1 USDC,100000000.0,"10,000 SOL",1000000000000.0,"500,000 USDC",50000000000000.0,0.001,100000.0,0.001,100000.0,0.0,300000.0,110.0,90.0,
225,sAXSUSDT,4801,Spot,AXS / USDT,,,,,,,USDT,,,,8,8,3,,,,AXSUSDT is a AXS/USDT spot trading pair. Minimum order value is 1 USDT,Listed,2500,1629428400000,,,,,,,AXS,0.001 AXS,100000.0,0.001 USDT,100000.0,3.0,2.0,1 USDT,100000000.0,"10,000 AXS",1000000000000.0,"500,000 USDT",50000000000000.0,0.001,100000.0,0.001,100000.0,,,110.0,90.0,
226,sMATICUSDT,4901,Spot,MATIC / USDT,,,,,,,USDT,,,,8,8,4,,,,MATICUSDT is a MATIC/USDT spot trading pair. Minimum order value is 1 USDT,Delisted,75000,1629428400000,,,,,,,MATIC,0.01 MATIC,1000000.0,0.0001 USDT,10000.0,2.0,2.0,1 USDT,100000000.0,"300,000 MATIC",30000000000000.0,"500,000 USDT",50000000000000.0,0.001,100000.0,0.001,100000.0,,,110.0,90.0,
227,sMATICUSDC,4941,Spot,MATIC / USDC,,,,,,,USDC,,,,8,8,4,,,,MATICUSDC is a MATIC/USDC spot trading pair. Minimum order value is 1 USDC,Delisted,75000,1659614400000,,,,,,,MATIC,0.01 MATIC,1000000.0,0.0001 USDC,10000.0,2.0,2.0,1 USDC,100000000.0,"300,000 MATIC",30000000000000.0,"500,000 USDC",50000000000000.0,0.001,100000.0,0.001,100000.0,0.0,300000.0,110.0,90.0,
228,sSHIBUSDT,5001,Spot,SHIB / USDT,,,,,,,USDT,,,,8,8,8,,,,SHIBUSDT is a SHIB/USDT spot trading pair. Minimum order value is 1 USDT,Listed,1500000000,1637895600000,,,,,,,SHIB,1 SHIB,100.0,0.00000001 USDT,1.0,0.0,2.0,1 USDT,100000000.0,"5,000,000,000 SHIB",500000000000.0,"500,000 USDT",50000000000000.0,0.001,100000.0,0.001,100000.0,,,110.0,90.0,
229,sSHIBUSDC,5041,Spot,SHIB / USDC,,,,,,,USDC,,,,8,8,8,,,,SHIBUSDC is a SHIB/USDC spot trading pair. Minimum order value is 1 USDC,Listed,1500000000,1659614400000,,,,,,,SHIB,1 SHIB,100.0,0.00000001 USDC,1.0,0.0,2.0,1 USDC,100000000.0,"5,000,000,000 SHIB",500000000000.0,"500,000 USDC",50000000000000.0,0.001,100000.0,0.001,100000.0,0.0,300000.0,110.0,90.0,
230,sFTMUSDT,5101,Spot,FTM / USDT,,,,,,,USDT,,,,8,8,4,,,,FTMUSDT is a FTM/USDT spot trading pair. Minimum order value is 1 USDT,Delisted,50000,1637895600000,,,,,,,FTM,0.01 FTM,1000000.0,0.0001 USDT,10000.0,2.0,2.0,1 USDT,100000000.0,"200,000 FTM",20000000000000.0,"500,000 USDT",50000000000000.0,0.001,100000.0,0.001,100000.0,,,110.0,90.0,
231,sDYDXUSDT,5201,Spot,DYDX / USDT,,,,,,,USDT,,,,8,8,4,,,,DYDXUSDT is a DYDX/USDT spot trading pair. Minimum order value is 1 USDT,Listed,7500,1637895600000,,,,,,,DYDX,0.001 DYDX,100000.0,0.0001 USDT,10000.0,3.0,2.0,1 USDT,100000000.0,"30,000 DYDX",3000000000000.0,"500,000 USDT",50000000000000.0,0.001,100000.0,0.001,100000.0,,,110.0,90.0,5.0
232,sVPADUSDT,5301,Spot,VPAD / USDT,,,,,,,USDT,,,,8,8,6,,,,VPADUSDT is a VPAD/USDT spot trading pair. Minimum order value is 1 USDT,Delisted,3000000,1640181600000,,,,,,,VPAD,0.1 VPAD,1000.0,0.000001 USDT,100.0,1.0,2.0,1 USDT,100000000.0,"15,000,000 VPAD",150000000000.0,"500,000 USDT",50000000000000.0,0.001,100000.0,0.001,100000.0,,,110.0,90.0,
233,sSANDUSDT,5401,Spot,SAND / USDT,,,,,,,USDT,,,,8,8,4,,,,SANDUSDT is a SAND/USDT spot trading pair. Minimum order value is 1 USDT,Listed,12500,1642561200000,,,,,,,SAND,0.01 SAND,1000000.0,0.0001 USDT,10000.0,2.0,2.0,1 USDT,100000000.0,"50,000 SAND",5000000000000.0,"500,000 USDT",50000000000000.0,0.001,100000.0,0.001,100000.0,,,110.0,90.0,5.0
234,sALICEUSDT,5501,Spot,ALICE / USDT,,,,,,,USDT,,,,8,8,4,,,,ALICEUSDT is a ALICE/USDT spot trading pair. Minimum order value is 1 USDT,Listed,500000,1642561200000,,,,,,,ALICE,0.01 ALICE,1000000.0,0.0001 USDT,10000.0,2.0,2.0,1 USDT,100000000.0,"2,000,000 ALICE",200000000000000.0,"500,000 USDT",50000000000000.0,0.001,100000.0,0.001,100000.0,,,110.0,90.0,
235,sALICEUSDC,5541,Spot,ALICE / USDC,,,,,,,USDC,,,,8,8,4,,,,ALICEUSDC is a ALICE/USDC spot trading pair. Minimum order value is 1 USDC,Delisted,7500,1659614400000,,,,,,,ALICE,0.001 ALICE,100000.0,0.0001 USDC,10000.0,3.0,2.0,1 USDC,100000000.0,"30,000 ALICE",3000000000000.0,"500,000 USDC",50000000000000.0,0.001,100000.0,0.001,100000.0,0.0,300000.0,110.0,90.0,
236,sENSUSDT,5601,Spot,ENS / USDT,,,,,,,USDT,,,,8,8,2,,,,ENSUSDT is a ENS/USDT spot trading pair. Minimum order value is 1 USDT,Listed,2500,1642561200000,,,,,,,ENS,0.001 ENS,100000.0,0.01 USDT,1000000.0,3.0,2.0,1 USDT,100000000.0,"10,000 ENS",1000000000000.0,"500,000 USDT",50000000000000.0,0.001,100000.0,0.001,100000.0,,,110.0,90.0,5.0
237,sANKRUSDT,5701,Spot,ANKR / USDT,,,,,,,USDT,,,,8,8,5,,,,ANKRUSDT is a ANKR/USDT spot trading pair. Minimum order value is 1 USDT,Listed,1000000,1642561200000,,,,,,,ANKR,0.1 ANKR,1000.0,0.00001 USDT,1000.0,1.0,2.0,1 USDT,100000000.0,"4,000,000 ANKR",40000000000.0,"500,000 USDT",50000000000000.0,0.001,100000.0,0.001,100000.0,,,110.0,90.0,
238,sGTCUSDT,5901,Spot,GTC / USDT,,,,,,,USDT,,,,8,8,5,,,,GTCUSDT is a GTC/USDT spot trading pair. Minimum order value is 1 USDT,Listed,7500,1642561200000,,,,,,,GTC,0.001 GTC,100000.0,0.00001 USDT,1000.0,3.0,2.0,1 USDT,100000000.0,"30,000 GTC",3000000000000.0,"500,000 USDT",50000000000000.0,0.001,100000.0,0.001,100000.0,,,110.0,90.0,5.0
239,sOCEANUSDT,6001,Spot,OCEAN / USDT,,,,,,,USDT,,,,8,8,4,,,,OCEANUSDT is a OCEAN/USDT spot trading pair. Minimum order value is 1 USDT,Delisted,100000,1642561200000,,,,,,,OCEAN,0.01 OCEAN,1000000.0,0.0001 USDT,10000.0,2.0,2.0,1 USDT,100000000.0,"500,000 OCEAN",50000000000000.0,"500,000 USDT",50000000000000.0,0.001,100000.0,0.001,100000.0,,,110.0,90.0,
240,sMASKUSDT,6101,Spot,MASK / USDT,,,,,,,USDT,,,,8,8,3,,,,MASKUSDT is a MASK/USDT spot trading pair. Minimum order value is 1 USDT,Listed,7500,1642561200000,,,,,,,MASK,0.001 MASK,100000.0,0.001 USDT,100000.0,3.0,2.0,1 USDT,100000000.0,"40,000 MASK",4000000000000.0,"500,000 USDT",50000000000000.0,0.001,100000.0,0.001,100000.0,,,110.0,90.0,5.0
241,sUSDCUSDT,6201,Spot,USDC / USDT,,,,,,,USDT,,,,8,8,4,,,,USDCUSDT is a USDC/USDT spot trading pair. Minimum order value is 1 USDT,Listed,100000,1642561200000,,,,,,,USDC,0.01 USDC,1000000.0,0.0001 USDT,10000.0,2.0,2.0,1 USDT,100000000.0,"400,000 USDC",40000000000000.0,"500,000 USDT",50000000000000.0,0.001,100000.0,0.001,100000.0,,,110.0,90.0,
242,sYGGUSDT,6301,Spot,YGG / USDT,,,,,,,USDT,,,,8,8,4,,,,YGGUSDT is a YGG/USDT spot trading pair. Minimum order value is 1 USDT,Listed,12500,1642561200000,,,,,,,YGG,0.01 YGG,1000000.0,0.0001 USDT,10000.0,2.0,2.0,1 USDT,100000000.0,"50,000 YGG",5000000000000.0,"500,000 USDT",50000000000000.0,0.001,100000.0,0.001,100000.0,,,110.0,90.0,5.0
243,sAGLDUSDT,6401,Spot,AGLD / USDT,,,,,,,USDT,,,,8,8,3,,,,AGLDUSDT is a AGLD/USDT spot trading pair. Minimum order value is 1 USDT,Listed,30000,1642561200000,,,,,,,AGLD,0.01 AGLD,1000000.0,0.001 USDT,100000.0,2.0,2.0,1 USDT,100000000.0,"150,000 AGLD",15000000000000.0,"500,000 USDT",50000000000000.0,0.001,100000.0,0.001,100000.0,,,110.0,90.0,
244,sSLPUSDT,6501,Spot,SLP / USDT,,,,,,,USDT,,,,8,8,6,,,,SLPUSDT is a SLP/USDT spot trading pair. Minimum order value is 1 USDT,Listed,1500000,1642561200000,,,,,,,SLP,0.1 SLP,1000.0,0.000001 USDT,100.0,1.0,2.0,1 USDT,100000000.0,"7,000,000 SLP",70000000000.0,"500,000 USDT",50000000000000.0,0.001,100000.0,0.001,100000.0,,,110.0,90.0,
245,sTUSDT,6601,Spot,T / USDT,,,,,,,USDT,,,,8,8,5,,,,TUSDT is a T/USDT spot trading pair. Minimum order value is 1 USDT,Listed,750000,1646215200000,,,,,,,T,0.1 T,1000.0,0.00001 USDT,1000.0,1.0,2.0,1 USDT,100000000.0,"4,000,000 T",40000000000.0,"500,000 USDT",50000000000000.0,0.001,100000.0,0.001,100000.0,,,110.0,90.0,
246,sSPELLUSDT,6701,Spot,SPELL / USDT,,,,,,,USDT,,,,8,8,7,,,,SPELLUSDT is a SPELL/USDT spot trading pair. Minimum order value is 1 USDT,Listed,100000000,1647226800000,,,,,,,SPELL,0.1 SPELL,1000.0,0.0000001 USDT,10.0,1.0,2.0,1 USDT,100000000.0,"500,000,000 SPELL",5000000000000.0,"500,000 USDT",50000000000000.0,0.001,100000.0,0.001,100000.0,,,110.0,90.0,
247,sTELUSDT,6801,Spot,TEL / USDT,,,,,,,USDT,,,,8,8,6,,,,TELUSDT is a TEL/USDT spot trading pair. Minimum order value is 1 USDT,Delisted,20000000,1647226800000,,,,,,,TEL,0.1 TEL,1000.0,0.000001 USDT,100.0,1.0,2.0,1 USDT,100000000.0,"100,000,000 TEL",1000000000000.0,"500,000 USDT",50000000000000.0,0.001,100000.0,0.001,100000.0,,,150.0,50.0,
248,sRSRUSDT,6901,Spot,RSR / USDT,,,,,,,USDT,,,,8,8,6,,,,RSRUSDT is a RSR/USDT spot trading pair. Minimum order value is 1 USDT,Listed,7000000,1647226800000,,,,,,,RSR,0.1 RSR,1000.0,0.000001 USDT,100.0,1.0,2.0,1 USDT,100000000.0,"40,000,000 RSR",400000000000.0,"500,000 USDT",50000000000000.0,0.001,100000.0,0.001,100000.0,,,110.0,90.0,
249,sAMPUSDT,7001,Spot,AMP / USDT,,,,,,,USDT,,,,8,8,6,,,,AMPUSDT is a AMP/USDT spot trading pair. Minimum order value is 1 USDT,Delisted,4000000,1647226800000,,,,,,,AMP,0.1 AMP,1000.0,0.000001 USDT,100.0,1.0,2.0,1 USDT,100000000.0,"20,000,000 AMP",200000000000.0,"500,000 USDT",50000000000000.0,0.001,100000.0,0.001,100000.0,,,110.0,90.0,
250,sPOLYUSDT,7101,Spot,POLY / USDT,,,,,,,USDT,,,,8,8,4,,,,POLYUSDT is a POLY/USDT spot trading pair. Minimum order value is 1 USDT,Delisted,250000,1647226800000,,,,,,,POLY,0.01 POLY,1000000.0,0.0001 USDT,10000.0,2.0,2.0,1 USDT,100000000.0,"1,400,000 POLY",140000000000000.0,"500,000 USDT",50000000000000.0,0.001,100000.0,0.001,100000.0,,,110.0,90.0,
251,sZRXUSDT,7201,Spot,ZRX / USDT,,,,,,,USDT,,,,8,8,4,,,,ZRXUSDT is a ZRX/USDT spot trading pair. Minimum order value is 1 USDT,Listed,200000,1647226800000,,,,,,,ZRX,0.01 ZRX,1000000.0,0.0001 USDT,10000.0,2.0,2.0,1 USDT,100000000.0,"1,000,000 ZRX",100000000000000.0,"500,000 USDT",50000000000000.0,0.001,100000.0,0.001,100000.0,,,110.0,90.0,
252,sTRIBEUSDT,7301,Spot,TRIBE / USDT,,,,,,,USDT,,,,8,8,4,,,,TRIBEUSDT is a TRIBE/USDT spot trading pair. Minimum order value is 1 USDT,Delisted,150000,1647226800000,,,,,,,TRIBE,0.01 TRIBE,1000000.0,0.0001 USDT,10000.0,2.0,2.0,1 USDT,100000000.0,"1,000,000 TRIBE",100000000000000.0,"500,000 USDT",50000000000000.0,0.001,100000.0,0.001,100000.0,,,110.0,90.0,
253,sLRCUSDT,7401,Spot,LRC / USDT,,,,,,,USDT,,,,8,8,4,,,,LRCUSDT is a LRC/USDT spot trading pair. Minimum order value is 1 USDT,Delisted,130000,1647226800000,,,,,,,LRC,0.01 LRC,1000000.0,0.0001 USDT,10000.0,2.0,2.0,1 USDT,100000000.0,"700,000 LRC",70000000000000.0,"500,000 USDT",50000000000000.0,0.001,100000.0,0.001,100000.0,,,110.0,90.0,
254,sFEIUSDT,7501,Spot,FEI / USDT,,,,,,,USDT,,,,8,8,5,,,,FEIUSDT is a FEI/USDT spot trading pair. Minimum order value is 1 USDT,Delisted,100000,1647226800000,,,,,,,FEI,0.01 FEI,1000000.0,0.00001 USDT,1000.0,2.0,2.0,1 USDT,100000000.0,"400,000 FEI",40000000000000.0,"500,000 USDT",50000000000000.0,0.001,100000.0,0.001,100000.0,,,110.0,90.0,
255,sTUSDUSDT,7601,Spot,TUSD / USDT,,,,,,,USDT,,,,8,8,4,,,,TUSDUSDT is a TUSD/USDT spot trading pair. Minimum order value is 1 USDT,Listed,125000,1647226800000,,,,,,,TUSD,0.01 TUSD,1000000.0,0.0001 USDT,10000.0,2.0,2.0,1 USDT,100000000.0,"500,000 TUSD",50000000000000.0,"500,000 USDT",50000000000000.0,0.001,100000.0,0.001,100000.0,,,110.0,90.0,
256,sUSDPUSDT,7701,Spot,USDP / USDT,,,,,,,USDT,,,,8,8,4,,,,USDPUSDT is a USDP/USDT spot trading pair. Minimum order value is 1 USDT,Listed,125000,1647226800000,,,,,,,USDP,0.01 USDP,1000000.0,0.0001 USDT,10000.0,2.0,2.0,1 USDT,100000000.0,"500,000 USDP",50000000000000.0,"500,000 USDT",50000000000000.0,0.001,100000.0,0.001,100000.0,,,110.0,90.0,
257,sDAIUSDT,7801,Spot,DAI / USDT,,,,,,,USDT,,,,8,8,4,,,,DAIUSDT is a DAI/USDT spot trading pair. Minimum order value is 1 USDT,Delisted,100000,1647226800000,,,,,,,DAI,0.01 DAI,1000000.0,0.0001 USDT,10000.0,2.0,2.0,1 USDT,100000000.0,"400,000 DAI",40000000000000.0,"500,000 USDT",50000000000000.0,0.001,100000.0,0.001,100000.0,,,110.0,90.0,
258,sDAIUSDC,7841,Spot,DAI / USDC,,,,,,,USDC,,,,8,8,4,,,,DAIUSDC is a DAI/USDC spot trading pair. Minimum order value is 1 USDC,Delisted,100000,1659614400000,,,,,,,DAI,0.01 DAI,1000000.0,0.0001 USDC,10000.0,2.0,2.0,1 USDC,100000000.0,"400,000 DAI",40000000000000.0,"500,000 USDC",50000000000000.0,0.001,100000.0,0.001,100000.0,0.0,300000.0,110.0,90.0,
259,sC98USDT,7901,Spot,C98 / USDT,,,,,,,USDT,,,,8,8,4,,,,C98USDT is a C98/USDT spot trading pair. Minimum order value is 1 USDT,Listed,80000,1647226800000,,,,,,,C98,0.01 C98,1000000.0,0.0001 USDT,10000.0,2.0,2.0,1 USDT,100000000.0,"400,000 C98",40000000000000.0,"500,000 USDT",50000000000000.0,0.001,100000.0,0.001,100000.0,,,110.0,90.0,
260,s1INCHUSDT,8001,Spot,1INCH / USDT,,,,,,,USDT,,,,8,8,4,,,,1INCHUSDT is a 1INCH/USDT spot trading pair. Minimum order value is 1 USDT,Listed,75000,1647226800000,,,,,,,1INCH,0.01 1INCH,1000000.0,0.0001 USDT,10000.0,2.0,2.0,1 USDT,100000000.0,"400,000 1INCH",40000000000000.0,"500,000 USDT",50000000000000.0,0.001,100000.0,0.001,100000.0,,,110.0,90.0,
261,sKNCUSDT,8101,Spot,KNC / USDT,,,,,,,USDT,,,,8,8,4,,,,KNCUSDT is a KNC/USDT spot trading pair. Minimum order value is 1 USDT,Listed,50000,1647226800000,,,,,,,KNC,0.01 KNC,1000000.0,0.0001 USDT,10000.0,2.0,2.0,1 USDT,100000000.0,"250,000 KNC",25000000000000.0,"500,000 USDT",50000000000000.0,0.001,100000.0,0.001,100000.0,,,110.0,90.0,
262,sDAOUSDT,8201,Spot,DAO / USDT,,,,,,,USDT,,,,8,8,5,,,,DAOUSDT is a DAO/USDT spot trading pair. Minimum order value is 1 USDT,Delisted,50000,1647226800000,,,,,,,DAO,0.01 DAO,1000000.0,0.00001 USDT,1000.0,2.0,2.0,1 USDT,100000000.0,"200,000 DAO",20000000000000.0,"500,000 USDT",50000000000000.0,0.001,100000.0,0.001,100000.0,,,150.0,50.0,
263,sBNTUSDT,8301,Spot,BNT / USDT,,,,,,,USDT,,,,8,8,4,,,,BNTUSDT is a BNT/USDT spot trading pair. Minimum order value is 1 USDT,Listed,45000,1647226800000,,,,,,,BNT,0.01 BNT,1000000.0,0.0001 USDT,10000.0,2.0,2.0,1 USDT,100000000.0,"200,000 BNT",20000000000000.0,"500,000 USDT",50000000000000.0,0.001,100000.0,0.001,100000.0,,,110.0,90.0,
264,sCRVUSDT,8401,Spot,CRV / USDT,,,,,,,USDT,,,,8,8,4,,,,CRVUSDT is a CRV/USDT spot trading pair. Minimum order value is 1 USDT,Listed,45000,1647226800000,,,,,,,CRV,0.01 CRV,1000000.0,0.0001 USDT,10000.0,2.0,2.0,1 USDT,100000000.0,"200,000 CRV",20000000000000.0,"500,000 USDT",50000000000000.0,0.001,100000.0,0.001,100000.0,,,110.0,90.0,5.0
265,sUMAUSDT,8501,Spot,UMA / USDT,,,,,,,USDT,,,,8,8,3,,,,UMAUSDT is a UMA/USDT spot trading pair. Minimum order value is 1 USDT,Listed,20000,1647226800000,,,,,,,UMA,0.01 UMA,1000000.0,0.001 USDT,100000.0,2.0,2.0,1 USDT,100000000.0,"100,000 UMA",10000000000000.0,"500,000 USDT",50000000000000.0,0.001,100000.0,0.001,100000.0,,,110.0,90.0,
266,sPERPUSDT,8601,Spot,PERP / USDT,,,,,,,USDT,,,,8,8,4,,,,PERPUSDT is a PERP/USDT spot trading pair. Minimum order value is 1 USDT,Delisted,20000,1647226800000,,,,,,,PERP,0.01 PERP,1000000.0,0.0001 USDT,10000.0,2.0,2.0,1 USDT,100000000.0,"100,000 PERP",10000000000000.0,"500,000 USDT",50000000000000.0,0.001,100000.0,0.001,100000.0,,,110.0,90.0,
267,sCAKEUSDT,8701,Spot,CAKE / USDT,,,,,,,USDT,,,,8,8,3,,,,CAKEUSDT is a CAKE/USDT spot trading pair. Minimum order value is 1 USDT,Listed,15000,1647226800000,,,,,,,CAKE,0.01 CAKE,1000000.0,0.001 USDT,100000.0,2.0,2.0,1 USDT,100000000.0,"80,000 CAKE",8000000000000.0,"500,000 USDT",50000000000000.0,0.001,100000.0,0.001,100000.0,,,110.0,90.0,
268,sCVXUSDT,8901,Spot,CVX / USDT,,,,,,,USDT,,,,8,8,3,,,,CVXUSDT is a CVX/USDT spot trading pair. Minimum order value is 1 USDT,Listed,5000,1647226800000,,,,,,,CVX,0.001 CVX,100000.0,0.001 USDT,100000.0,3.0,2.0,1 USDT,100000000.0,"25,000 CVX",2500000000000.0,"500,000 USDT",50000000000000.0,0.001,100000.0,0.001,100000.0,,,110.0,90.0,
269,sFXSUSDT,9001,Spot,FXS / USDT,,,,,,,USDT,,,,8,8,3,,,,FXSUSDT is a FXS/USDT spot trading pair. Minimum order value is 1 USDT,Delisted,5000,1647226800000,,,,,,,FXS,0.001 FXS,100000.0,0.001 USDT,100000.0,3.0,2.0,1 USDT,100000000.0,"25,000 FXS",2500000000000.0,"500,000 USDT",50000000000000.0,0.001,100000.0,0.001,100000.0,,,110.0,90.0,
270,sGNOUSDT,9101,Spot,GNO / USDT,,,,,,,USDT,,,,8,8,2,,,,GNOUSDT is a GNO/USDT spot trading pair. Minimum order value is 1 USDT,Delisted,300,1690441200000,,,,,,,GNO,0.0001 GNO,10000.0,0.01 USDT,1000000.0,4.0,2.0,1 USDT,100000000.0,"1,500 GNO",150000000000.0,"500,000 USDT",50000000000000.0,0.001,100000.0,0.001,100000.0,,,110.0,90.0,
271,sBNBUSDT,9201,Spot,BNB / USDT,,,,,,,USDT,,,,8,8,2,,,,BNBUSDT is a BNB/USDT spot trading pair. Minimum order value is 1 USDT,Listed,375,1647226800000,,,,,,,BNB,0.0001 BNB,10000.0,0.01 USDT,1000000.0,4.0,2.0,1 USDT,100000000.0,"1,500 BNB",150000000000.0,"500,000 USDT",50000000000000.0,0.001,100000.0,0.001,100000.0,,,110.0,90.0,5.0
272,sBNBUSDC,9241,Spot,BNB / USDC,,,,,,,USDC,,,,8,8,2,,,,BNBUSDC is a BNB/USDC spot trading pair. Minimum order value is 1 USDC,Listed,375,1659614400000,,,,,,,BNB,0.0001 BNB,10000.0,0.01 USDC,1000000.0,4.0,2.0,1 USDC,100000000.0,"1,500 BNB",150000000000.0,"500,000 USDC",50000000000000.0,0.001,100000.0,0.001,100000.0,0.0,300000.0,110.0,90.0,
273,sPAXGUSDT,9301,Spot,PAXG / USDT,,,,,,,USDT,,,,8,8,2,,,,PAXGUSDT is a PAXG/USDT spot trading pair. Minimum order value is 1 USDT,Listed,50,1647226800000,,,,,,,PAXG,0.00001 PAXG,1000.0,0.01 USDT,1000000.0,5.0,2.0,1 USDT,100000000.0,200 PAXG,20000000000.0,"500,000 USDT",50000000000000.0,0.001,100000.0,0.001,100000.0,,,110.0,90.0,5.0
274,sWBTCUSDT,9401,Spot,WBTC / USDT,,,,,,,USDT,,,,8,8,2,,,,WBTCUSDT is a WBTC/USDT spot trading pair. Minimum order value is 1 USDT,Listed,1,1647226800000,,,,,,,WBTC,0.00001 WBTC,1000.0,0.01 USDT,1000000.0,5.0,2.0,1 USDT,100000000.0,4 WBTC,400000000.0,"500,000 USDT",50000000000000.0,0.001,100000.0,0.001,100000.0,,,110.0,90.0,
275,sWBTCUSDC,9441,Spot,WBTC / USDC,,,,,,,USDC,,,,8,8,2,,,,WBTCUSDC is a WBTC/USDC spot trading pair. Minimum order value is 1 USDC,Delisted,3,1659614400000,,,,,,,WBTC,0.000001 WBTC,100.0,0.01 USDC,1000000.0,6.0,2.0,1 USDC,100000000.0,10 WBTC,1000000000.0,"500,000 USDC",50000000000000.0,0.001,100000.0,0.001,100000.0,0.0,300000.0,110.0,90.0,
276,sDENTUSDT,9501,Spot,DENT / USDT,,,,,,,USDT,,,,8,8,7,,,,DENTUSDT is a DENT/USDT spot trading pair. Minimum order value is 1 USDT,Listed,500000000,1647831600000,,,,,,,DENT,1 DENT,10000.0,0.0000001 USDT,10.0,0.0,2.0,1 USDT,100000000.0,"2,000,000,000 DENT",20000000000000.0,"500,000 USDT",50000000000000.0,0.001,100000.0,0.001,100000.0,,,110.0,90.0,
277,sHOTUSDT,9601,Spot,HOT / USDT,,,,,,,USDT,,,,8,8,6,,,,HOTUSDT is a HOT/USDT spot trading pair. Minimum order value is 1 USDT,Listed,20000000,1647831600000,,,,,,,HOT,0.1 HOT,1000.0,0.000001 USDT,100.0,1.0,2.0,1 USDT,100000000.0,"100,000,000 HOT",1000000000000.0,"500,000 USDT",50000000000000.0,0.001,100000.0,0.001,100000.0,,,110.0,90.0,
278,sXYOUSDT,9701,Spot,XYO / USDT,,,,,,,USDT,,,,8,8,6,,,,XYOUSDT is a XYO/USDT spot trading pair. Minimum order value is 1 USDT,Delisted,5000000,1651917600000,,,,,,,XYO,0.1 XYO,1000.0,0.000001 USDT,100.0,1.0,2.0,1 USDT,100000000.0,"25,000,000 XYO",250000000000.0,"500,000 USDT",50000000000000.0,0.001,100000.0,0.001,100000.0,,,150.0,50.0,
279,sMXCUSDT,9801,Spot,MXC / USDT,,,,,,,USDT,,,,8,8,6,,,,MXCUSDT is a MXC/USDT spot trading pair. Minimum order value is 1 USDT,Delisted,1000000,1647831600000,,,,,,,MXC,0.1 MXC,1000.0,0.000001 USDT,100.0,1.0,2.0,1 USDT,100000000.0,"5,000,000 MXC",50000000000.0,"500,000 USDT",50000000000000.0,0.001,100000.0,0.001,100000.0,,,150.0,50.0,
280,sCOTIUSDT,9901,Spot,COTI / USDT,,,,,,,USDT,,,,8,8,5,,,,COTIUSDT is a COTI/USDT spot trading pair. Minimum order value is 1 USDT,Listed,500000,1647831600000,,,,,,,COTI,0.01 COTI,1000000.0,0.00001 USDT,1000.0,2.0,2.0,1 USDT,100000000.0,"2,500,000 COTI",250000000000000.0,"500,000 USDT",50000000000000.0,0.001,100000.0,0.001,100000.0,,,110.0,90.0,
281,sFETUSDT,11001,Spot,FET / USDT,,,,,,,USDT,,,,8,8,4,,,,FETUSDT is a FET/USDT spot trading pair. Minimum order value is 1 USDT,Listed,350000,1647831600000,,,,,,,FET,0.01 FET,1000000.0,0.0001 USDT,10000.0,2.0,2.0,1 USDT,100000000.0,"1,800,000 FET",180000000000000.0,"500,000 USDT",50000000000000.0,0.001,100000.0,0.001,100000.0,,,110.0,90.0,5.0
282,sRENUSDT,11101,Spot,REN / USDT,,,,,,,USDT,,,,8,8,6,,,,RENUSDT is a REN/USDT spot trading pair. Minimum order value is 1 USDT,Delisted,300000,1647831600000,,,,,,,REN,0.01 REN,1000000.0,0.000001 USDT,100.0,2.0,2.0,1 USDT,100000000.0,"1,500,000 REN",150000000000000.0,"500,000 USDT",50000000000000.0,0.001,100000.0,0.001,100000.0,,,110.0,90.0,
283,sCTSIUSDT,11201,Spot,CTSI / USDT,,,,,,,USDT,,,,8,8,4,,,,CTSIUSDT is a CTSI/USDT spot trading pair. Minimum order value is 1 USDT,Delisted,280000,1647831600000,,,,,,,CTSI,0.01 CTSI,1000000.0,0.0001 USDT,10000.0,2.0,2.0,1 USDT,100000000.0,"1,300,000 CTSI",130000000000000.0,"500,000 USDT",50000000000000.0,0.001,100000.0,0.001,100000.0,,,110.0,90.0,
284,sCHRUSDT,11301,Spot,CHR / USDT,,,,,,,USDT,,,,8,8,4,,,,CHRUSDT is a CHR/USDT spot trading pair. Minimum order value is 1 USDT,Delisted,250000,1647831600000,,,,,,,CHR,0.01 CHR,1000000.0,0.0001 USDT,10000.0,2.0,2.0,1 USDT,100000000.0,"1,200,000 CHR",120000000000000.0,"500,000 USDT",50000000000000.0,0.001,100000.0,0.001,100000.0,,,110.0,90.0,
285,sSTORJUSDT,11401,Spot,STORJ / USDT,,,,,,,USDT,,,,8,8,4,,,,STORJUSDT is a STORJ/USDT spot trading pair. Minimum order value is 1 USDT,Delisted,100000,1647831600000,,,,,,,STORJ,0.01 STORJ,1000000.0,0.0001 USDT,10000.0,2.0,2.0,1 USDT,100000000.0,"500,000 STORJ",50000000000000.0,"500,000 USDT",50000000000000.0,0.001,100000.0,0.001,100000.0,,,110.0,90.0,
286,sBICOUSDT,11501,Spot,BICO / USDT,,,,,,,USDT,,,,8,8,5,,,,BICOUSDT is a BICO/USDT spot trading pair. Minimum order value is 1 USDT,Listed,80000,1647831600000,,,,,,,BICO,0.01 BICO,1000000.0,0.00001 USDT,1000.0,2.0,2.0,1 USDT,100000000.0,"400,000 BICO",40000000000000.0,"500,000 USDT",50000000000000.0,0.001,100000.0,0.001,100000.0,,,110.0,90.0,
287,sIMXUSDT,11601,Spot,IMX / USDT,,,,,,,USDT,,,,8,8,4,,,,IMXUSDT is a IMX/USDT spot trading pair. Minimum order value is 1 USDT,Listed,75000,1647831600000,,,,,,,IMX,0.01 IMX,1000000.0,0.0001 USDT,10000.0,2.0,2.0,1 USDT,100000000.0,"300,000 IMX",30000000000000.0,"500,000 USDT",50000000000000.0,0.001,100000.0,0.001,100000.0,,,110.0,90.0,5.0
288,sRNDRUSDT,11701,Spot,RNDR / USDT,,,,,,,USDT,,,,8,8,3,,,,RNDRUSDT is a RNDR/USDT spot trading pair. Minimum order value is 1 USDT,Delisted,40000,1647831600000,,,,,,,RNDR,0.01 RNDR,1000000.0,0.001 USDT,100000.0,2.0,2.0,1 USDT,100000000.0,"200,000 RNDR",20000000000000.0,"500,000 USDT",50000000000000.0,0.001,100000.0,0.001,100000.0,,,110.0,90.0,
289,sOMGUSDT,11801,Spot,OMG / USDT,,,,,,,USDT,,,,8,8,3,,,,OMGUSDT is a OMG/USDT spot trading pair. Minimum order value is 1 USDT,Delisted,25000,1647831600000,,,,,,,OMG,0.01 OMG,1000000.0,0.001 USDT,100000.0,2.0,2.0,1 USDT,100000000.0,"120,000 OMG",12000000000000.0,"500,000 USDT",50000000000000.0,0.001,100000.0,0.001,100000.0,,,110.0,90.0,
290,sLPTUSDT,11901,Spot,LPT / USDT,,,,,,,USDT,,,,8,8,2,,,,LPTUSDT is a LPT/USDT spot trading pair. Minimum order value is 1 USDT,Delisted,4000,1647831600000,,,,,,,LPT,0.001 LPT,100000.0,0.01 USDT,1000000.0,3.0,2.0,1 USDT,100000000.0,"20,000 LPT",2000000000000.0,"500,000 USDT",50000000000000.0,0.001,100000.0,0.001,100000.0,,,110.0,90.0,
291,sQNTUSDT,12001,Spot,QNT / USDT,,,,,,,USDT,,,,8,8,2,,,,QNTUSDT is a QNT/USDT spot trading pair. Minimum order value is 1 USDT,Listed,800,1647831600000,,,,,,,QNT,0.0001 QNT,10000.0,0.01 USDT,1000000.0,4.0,2.0,1 USDT,100000000.0,"4,000 QNT",400000000000.0,"500,000 USDT",50000000000000.0,0.001,100000.0,0.001,100000.0,,,110.0,90.0,
292,sAPEUSDT,13001,Spot,APE / USDT,,,,,,,USDT,,,,8,8,4,,,,APEUSDT is a APE/USDT spot trading pair. Minimum order value is 1 USDT,Listed,25000,1647831600000,,,,,,,APE,0.01 APE,1000000.0,0.0001 USDT,10000.0,2.0,2.0,1 USDT,100000000.0,"100,000 APE",10000000000000.0,"500,000 USDT",50000000000000.0,0.001,100000.0,0.001,100000.0,,,110.0,90.0,5.0
293,sAPEUSDC,13041,Spot,APE / USDC,,,,,,,USDC,,,,8,8,4,,,,APEUSDC is a APE/USDC spot trading pair. Minimum order value is 1 USDC,Listed,25000,1659614400000,,,,,,,APE,0.01 APE,1000000.0,0.0001 USDC,10000.0,2.0,2.0,1 USDC,100000000.0,"100,000 APE",10000000000000.0,"500,000 USDC",50000000000000.0,0.001,100000.0,0.001,100000.0,0.0,300000.0,110.0,90.0,
294,sSOSUSDT,13101,Spot,SOS / USDT,,,,,,,USDT,,,,8,8,8,,,,SOSUSDT is a SOS/USDT spot trading pair. Minimum order value is 1 USDT,Delisted,50000000000,1648548000000,,,,,,,SOS,1 SOS,100.0,0.00000001 USDT,1.0,0.0,2.0,1 USDT,100000000.0,"300,000,000,000 SOS",30000000000000.0,"500,000 USDT",50000000000000.0,0.001,100000.0,0.001,100000.0,,,150.0,50.0,
295,sMFTUSDT,13201,Spot,MFT / USDT,,,,,,,USDT,,,,8,8,6,,,,MFTUSDT is a MFT/USDT spot trading pair. Minimum order value is 1 USDT,Delisted,10000000,1648548000000,,,,,,,MFT,0.1 MFT,1000.0,0.000001 USDT,100.0,1.0,2.0,1 USDT,100000000.0,"50,000,000 MFT",500000000000.0,"500,000 USDT",50000000000000.0,0.001,100000.0,0.001,100000.0,,,110.0,90.0,
296,sOOKIUSDT,13301,Spot,OOKI / USDT,,,,,,,USDT,,,,8,8,6,,,,OOKIUSDT is a OOKI/USDT spot trading pair. Minimum order value is 1 USDT,Delisted,7500000,1648548000000,,,,,,,OOKI,0.1 OOKI,1000.0,0.000001 USDT,100.0,1.0,2.0,1 USDT,100000000.0,"35,000,000 OOKI",350000000000.0,"500,000 USDT",50000000000000.0,0.001,100000.0,0.001,100000.0,,,110.0,90.0,
297,sVRAUSDT,13501,Spot,VRA / USDT,,,,,,,USDT,,,,8,8,6,,,,VRAUSDT is a VRA/USDT spot trading pair. Minimum order value is 1 USDT,Delisted,4500000,1648548000000,,,,,,,VRA,0.1 VRA,1000.0,0.000001 USDT,100.0,1.0,2.0,1 USDT,100000000.0,"20,000,000 VRA",200000000000.0,"500,000 USDT",50000000000000.0,0.001,100000.0,0.001,100000.0,,,150.0,50.0,
298,sJASMYUSDT,13601,Spot,JASMY / USDT,,,,,,,USDT,,,,8,8,5,,,,JASMYUSDT is a JASMY/USDT spot trading pair. Minimum order value is 1 USDT,Listed,3000000,1648548000000,,,,,,,JASMY,0.1 JASMY,1000.0,0.00001 USDT,1000.0,1.0,2.0,1 USDT,100000000.0,"12,000,000 JASMY",120000000000.0,"500,000 USDT",50000000000000.0,0.001,100000.0,0.001,100000.0,,,110.0,90.0,5.0
299,sCELRUSDT,13701,Spot,CELR / USDT,,,,,,,USDT,,,,8,8,6,,,,CELRUSDT is a CELR/USDT spot trading pair. Minimum order value is 1 USDT,Listed,2200000,1648548000000,,,,,,,CELR,0.1 CELR,1000.0,0.000001 USDT,100.0,1.0,2.0,1 USDT,100000000.0,"12,000,000 CELR",120000000000.0,"500,000 USDT",50000000000000.0,0.001,100000.0,0.001,100000.0,,,110.0,90.0,
300,sFORUSDT,13801,Spot,FOR / USDT,,,,,,,USDT,,,,8,8,5,,,,FORUSDT is a FOR/USDT spot trading pair. Minimum order value is 1 USDT,Delisted,2200000,1648548000000,,,,,,,FOR,0.1 FOR,1000.0,0.00001 USDT,1000.0,1.0,2.0,1 USDT,100000000.0,"10,000,000 FOR",100000000000.0,"500,000 USDT",50000000000000.0,0.001,100000.0,0.001,100000.0,,,110.0,90.0,
301,sPEOPLEUSDT,13901,Spot,PEOPLE / USDT,,,,,,,USDT,,,,8,8,5,,,,PEOPLEUSDT is a PEOPLE/USDT spot trading pair. Minimum order value is 1 USDT,Listed,1500000,1648548000000,,,,,,,PEOPLE,0.1 PEOPLE,1000.0,0.00001 USDT,1000.0,1.0,2.0,1 USDT,100000000.0,"7,500,000 PEOPLE",75000000000.0,"500,000 USDT",50000000000000.0,0.001,100000.0,0.001,100000.0,,,110.0,90.0,5.0
302,sARPAUSDT,14001,Spot,ARPA / USDT,,,,,,,USDT,,,,8,8,5,,,,ARPAUSDT is a ARPA/USDT spot trading pair. Minimum order value is 1 USDT,Delisted,1250000,1648548000000,,,,,,,ARPA,0.1 ARPA,1000.0,0.00001 USDT,1000.0,1.0,2.0,1 USDT,100000000.0,"7,000,000 ARPA",70000000000.0,"500,000 USDT",50000000000000.0,0.001,100000.0,0.001,100000.0,,,110.0,90.0,
303,sORBSUSDT,14101,Spot,ORBS / USDT,,,,,,,USDT,,,,8,8,6,,,,ORBSUSDT is a ORBS/USDT spot trading pair. Minimum order value is 1 USDT,Listed,5000000,1750327200000,,,,,,,ORBS,0.1 ORBS,1000.0,0.000001 USDT,100.0,1.0,2.0,1 USDT,100000000.0,"20,000,000 ORBS",200000000000.0,"500,000 USDT",50000000000000.0,0.001,100000.0,0.001,100000.0,,,150.0,50.0,
304,sDFUSDT,14201,Spot,DF / USDT,,,,,,,USDT,,,,8,8,5,,,,DFUSDT is a DF/USDT spot trading pair. Minimum order value is 1 USDT,Delisted,1250000,1648548000000,,,,,,,DF,0.1 DF,1000.0,0.00001 USDT,1000.0,1.0,2.0,1 USDT,100000000.0,"6,000,000 DF",60000000000.0,"500,000 USDT",50000000000000.0,0.001,100000.0,0.001,100000.0,,,110.0,90.0,
305,sUMEEUSDT,14301,Spot,UMEE / USDT,,,,,,,USDT,,,,8,8,6,,,,UMEEUSDT is a UMEE/USDT spot trading pair. Minimum order value is 1 USDT,Delisted,1200000,1648548000000,,,,,,,UMEE,0.1 UMEE,1000.0,0.000001 USDT,100.0,1.0,2.0,1 USDT,100000000.0,"6,000,000 UMEE",60000000000.0,"500,000 USDT",50000000000000.0,0.001,100000.0,0.001,100000.0,,,150.0,50.0,
306,sTLMUSDT,14401,Spot,TLM / USDT,,,,,,,USDT,,,,8,8,6,,,,TLMUSDT is a TLM/USDT spot trading pair. Minimum order value is 1 USDT,Listed,900000,1648548000000,,,,,,,TLM,1 TLM,10000.0,0.000001 USDT,100.0,0.0,2.0,1 USDT,100000000.0,"4,000,000 TLM",40000000000.0,"500,000 USDT",50000000000000.0,0.001,100000.0,0.001,100000.0,,,110.0,90.0,
307,sIDEXUSDT,14501,Spot,IDEX / USDT,,,,,,,USDT,,,,8,8,5,,,,IDEXUSDT is a IDEX/USDT spot trading pair. Minimum order value is 1 USDT,Delisted,600000,1648548000000,,,,,,,IDEX,0.1 IDEX,1000.0,0.00001 USDT,1000.0,1.0,2.0,1 USDT,100000000.0,"3,000,000 IDEX",30000000000.0,"500,000 USDT",50000000000000.0,0.001,100000.0,0.001,100000.0,,,110.0,90.0,
308,sRLYUSDT,14601,Spot,RLY / USDT,,,,,,,USDT,,,,8,8,5,,,,RLYUSDT is a RLY/USDT spot trading pair. Minimum order value is 1 USDT,Delisted,450000,1648548000000,,,,,,,RLY,0.01 RLY,1000000.0,0.00001 USDT,1000.0,2.0,2.0,1 USDT,100000000.0,"2,000,000 RLY",200000000000000.0,"500,000 USDT",50000000000000.0,0.001,100000.0,0.001,100000.0,,,150.0,50.0,
309,sTRUUSDT,14701,Spot,TRU / USDT,,,,,,,USDT,,,,8,8,6,,,,TRUUSDT is a TRU/USDT spot trading pair. Minimum order value is 1 USDT,Listed,500000,1648548000000,,,,,,,TRU,0.01 TRU,1000000.0,0.000001 USDT,100.0,2.0,2.0,1 USDT,100000000.0,"2,000,000 TRU",200000000000000.0,"500,000 USDT",50000000000000.0,0.001,100000.0,0.001,100000.0,,,110.0,90.0,
310,sGALAUSDT,14801,Spot,GALA / USDT,,,,,,,USDT,,,,8,8,5,,,,GALAUSDT is a GALA/USDT spot trading pair. Minimum order value is 1 USDT,Listed,400000,1648548000000,,,,,,,GALA,0.01 GALA,1000000.0,0.00001 USDT,1000.0,2.0,2.0,1 USDT,100000000.0,"2,000,000 GALA",200000000000000.0,"500,000 USDT",50000000000000.0,0.001,100000.0,0.001,100000.0,,,110.0,90.0,5.0
311,sOXTUSDT,14901,Spot,OXT / USDT,,,,,,,USDT,,,,8,8,4,,,,OXTUSDT is a OXT/USDT spot trading pair. Minimum order value is 1 USDT,Delisted,350000,1648548000000,,,,,,,OXT,0.01 OXT,1000000.0,0.0001 USDT,10000.0,2.0,2.0,1 USDT,100000000.0,"1,750,000 OXT",175000000000000.0,"500,000 USDT",50000000000000.0,0.001,100000.0,0.001,100000.0,,,110.0,90.0,
312,sDUSKUSDT,15001,Spot,DUSK / USDT,,,,,,,USDT,,,,8,8,4,,,,DUSKUSDT is a DUSK/USDT spot trading pair. Minimum order value is 1 USDT,Delisted,250000,1648548000000,,,,,,,DUSK,0.01 DUSK,1000000.0,0.0001 USDT,10000.0,2.0,2.0,1 USDT,100000000.0,"1,200,000 DUSK",120000000000000.0,"500,000 USDT",50000000000000.0,0.001,100000.0,0.001,100000.0,,,110.0,90.0,
313,sBETAUSDT,15101,Spot,BETA / USDT,,,,,,,USDT,,,,8,8,5,,,,BETAUSDT is a BETA/USDT spot trading pair. Minimum order value is 1 USDT,Delisted,220000,1648548000000,,,,,,,BETA,0.01 BETA,1000000.0,0.00001 USDT,1000.0,2.0,2.0,1 USDT,100000000.0,"1,200,000 BETA",120000000000000.0,"500,000 USDT",50000000000000.0,0.001,100000.0,0.001,100000.0,,,110.0,90.0,
314,sFRONTUSDT,15201,Spot,FRONT / USDT,,,,,,,USDT,,,,8,8,4,,,,FRONTUSDT is a FRONT/USDT spot trading pair. Minimum order value is 1 USDT,Delisted,150000,1648548000000,,,,,,,FRONT,0.01 FRONT,1000000.0,0.0001 USDT,10000.0,2.0,2.0,1 USDT,100000000.0,"750,000 FRONT",75000000000000.0,"500,000 USDT",50000000000000.0,0.001,100000.0,0.001,100000.0,,,110.0,90.0,
315,sSUPERUSDT,15301,Spot,SUPER / USDT,,,,,,,USDT,,,,8,8,4,,,,SUPERUSDT is a SUPER/USDT spot trading pair. Minimum order value is 1 USDT,Listed,150000,1648548000000,,,,,,,SUPER,0.01 SUPER,1000000.0,0.0001 USDT,10000.0,2.0,2.0,1 USDT,100000000.0,"750,000 SUPER",75000000000000.0,"500,000 USDT",50000000000000.0,0.001,100000.0,0.001,100000.0,,,110.0,90.0,
316,sPSTAKEUSDT,15401,Spot,PSTAKE / USDT,,,,,,,USDT,,,,8,8,5,,,,PSTAKEUSDT is a PSTAKE/USDT spot trading pair. Minimum order value is 1 USDT,Delisted,130000,1648548000000,,,,,,,PSTAKE,0.01 PSTAKE,1000000.0,0.00001 USDT,1000.0,2.0,2.0,1 USDT,100000000.0,"700,000 PSTAKE",70000000000000.0,"500,000 USDT",50000000000000.0,0.001,100000.0,0.001,100000.0,,,150.0,50.0,
317,sDARUSDT,15501,Spot,DAR / USDT,,,,,,,USDT,,,,8,8,5,,,,DARUSDT is a DAR/USDT spot trading pair. Minimum order value is 1 USDT,Delisted,130000,1648548000000,,,,,,,DAR,0.01 DAR,1000000.0,0.00001 USDT,1000.0,2.0,2.0,1 USDT,100000000.0,"600,000 DAR",60000000000000.0,"500,000 USDT",50000000000000.0,0.001,100000.0,0.001,100000.0,,,110.0,90.0,
318,sSFPUSDT,15601,Spot,SFP / USDT,,,,,,,USDT,,,,8,8,4,,,,SFPUSDT is a SFP/USDT spot trading pair. Minimum order value is 1 USDT,Listed,120000,1648548000000,,,,,,,SFP,0.01 SFP,1000000.0,0.0001 USDT,10000.0,2.0,2.0,1 USDT,100000000.0,"600,000 SFP",60000000000000.0,"500,000 USDT",50000000000000.0,0.001,100000.0,0.001,100000.0,,,110.0,90.0,
319,sCVPUSDT,15701,Spot,CVP / USDT,,,,,,,USDT,,,,8,8,4,,,,CVPUSDT is a CVP/USDT spot trading pair. Minimum order value is 1 USDT,Delisted,120000,1648548000000,,,,,,,CVP,0.01 CVP,1000000.0,0.0001 USDT,10000.0,2.0,2.0,1 USDT,100000000.0,"600,000 CVP",60000000000000.0,"500,000 USDT",50000000000000.0,0.001,100000.0,0.001,100000.0,,,110.0,90.0,
320,sPLAUSDT,15801,Spot,PLA / USDT,,,,,,,USDT,,,,8,8,4,,,,PLAUSDT is a PLA/USDT spot trading pair. Minimum order value is 1 USDT,Delisted,120000,1648548000000,,,,,,,PLA,0.01 PLA,1000000.0,0.0001 USDT,10000.0,2.0,2.0,1 USDT,100000000.0,"600,000 PLA",60000000000000.0,"500,000 USDT",50000000000000.0,0.001,100000.0,0.001,100000.0,,,110.0,90.0,
321,sUSTUSDT,15901,Spot,UST / USDT,,,,,,,USDT,,,,8,8,6,,,,USTUSDT is a UST/USDT spot trading pair. Minimum order value is 1 USDT,Delisted,100000,1648548000000,,,,,,,UST,0.01 UST,1000000.0,0.000001 USDT,100.0,2.0,2.0,1 USDT,100000000.0,"500,000 UST",50000000000000.0,"500,000 USDT",50000000000000.0,0.001,100000.0,0.001,100000.0,,,110.0,90.0,
322,sAUDIOUSDT,16001,Spot,AUDIO / USDT,,,,,,,USDT,,,,8,8,5,,,,AUDIOUSDT is a AUDIO/USDT spot trading pair. Minimum order value is 1 USDT,Listed,100000,1648548000000,,,,,,,AUDIO,0.01 AUDIO,1000000.0,0.00001 USDT,1000.0,2.0,2.0,1 USDT,100000000.0,"500,000 AUDIO",50000000000000.0,"500,000 USDT",50000000000000.0,0.001,100000.0,0.001,100000.0,,,110.0,90.0,5.0
323,sCOCOSUSDT,16101,Spot,COCOS / USDT,,,,,,,USDT,,,,8,8,4,,,,COCOSUSDT is a COCOS/USDT spot trading pair. Minimum order value is 1 USDT,Delisted,80000,1648548000000,,,,,,,COCOS,0.01 COCOS,1000000.0,0.0001 USDT,10000.0,2.0,2.0,1 USDT,100000000.0,"400,000 COCOS",40000000000000.0,"500,000 USDT",50000000000000.0,0.001,100000.0,0.001,100000.0,,,110.0,90.0,
324,sVOXELUSDT,16201,Spot,VOXEL / USDT,,,,,,,USDT,,,,8,8,4,,,,VOXELUSDT is a VOXEL/USDT spot trading pair. Minimum order value is 1 USDT,Listed,80000,1648548000000,,,,,,,VOXEL,0.01 VOXEL,1000000.0,0.0001 USDT,10000.0,2.0,2.0,1 USDT,100000000.0,"400,000 VOXEL",40000000000000.0,"500,000 USDT",50000000000000.0,0.001,100000.0,0.001,100000.0,,,110.0,90.0,
325,sPOLSUSDT,16301,Spot,POLS / USDT,,,,,,,USDT,,,,8,8,4,,,,POLSUSDT is a POLS/USDT spot trading pair. Minimum order value is 1 USDT,Delisted,70000,1648548000000,,,,,,,POLS,0.01 POLS,1000000.0,0.0001 USDT,10000.0,2.0,2.0,1 USDT,100000000.0,"300,000 POLS",30000000000000.0,"500,000 USDT",50000000000000.0,0.001,100000.0,0.001,100000.0,,,110.0,90.0,
326,sMIRUSDT,16401,Spot,MIR / USDT,,,,,,,USDT,,,,8,8,5,,,,MIRUSDT is a MIR/USDT spot trading pair. Minimum order value is 1 USDT,Delisted,60000,1648548000000,,,,,,,MIR,0.01 MIR,1000000.0,0.00001 USDT,1000.0,2.0,2.0,1 USDT,100000000.0,"300,000 MIR",30000000000000.0,"500,000 USDT",50000000000000.0,0.001,100000.0,0.001,100000.0,,,110.0,90.0,
327,sLOOKSUSDT,16501,Spot,LOOKS / USDT,,,,,,,USDT,,,,8,8,5,,,,LOOKSUSDT is a LOOKS/USDT spot trading pair. Minimum order value is 1 USDT,Delisted,50000,1648548000000,,,,,,,LOOKS,0.01 LOOKS,1000000.0,0.00001 USDT,1000.0,2.0,2.0,1 USDT,100000000.0,"250,000 LOOKS",25000000000000.0,"500,000 USDT",50000000000000.0,0.001,100000.0,0.001,100000.0,,,150.0,50.0,
328,sGHSTUSDT,16601,Spot,GHST / USDT,,,,,,,USDT,,,,8,8,3,,,,GHSTUSDT is a GHST/USDT spot trading pair. Minimum order value is 1 USDT,Delisted,125000,1727172000000,,,,,,,GHST,0.01 GHST,1000000.0,0.001 USDT,100000.0,2.0,2.0,1 USDT,100000000.0,"500,000 GHST",50000000000000.0,"500,000 USDT",50000000000000.0,0.001,100000.0,0.001,100000.0,,,110.0,90.0,
329,sLOKAUSDT,16701,Spot,LOKA / USDT,,,,,,,USDT,,,,8,8,4,,,,LOKAUSDT is a LOKA/USDT spot trading pair. Minimum order value is 1 USDT,Delisted,45000,1648548000000,,,,,,,LOKA,0.01 LOKA,1000000.0,0.0001 USDT,10000.0,2.0,2.0,1 USDT,100000000.0,"200,000 LOKA",20000000000000.0,"500,000 USDT",50000000000000.0,0.001,100000.0,0.001,100000.0,,,110.0,90.0,
330,sMBOXUSDT,16801,Spot,MBOX / USDT,,,,,,,USDT,,,,8,8,5,,,,MBOXUSDT is a MBOX/USDT spot trading pair. Minimum order value is 1 USDT,Listed,750000,1724932800000,,,,,,,MBOX,0.01 MBOX,1000000.0,0.00001 USDT,1000.0,2.0,2.0,1 USDT,100000000.0,"3,000,000 MBOX",300000000000000.0,"500,000 USDT",50000000000000.0,0.001,100000.0,0.001,100000.0,,,110.0,90.0,
331,sANCUSDT,16901,Spot,ANC / USDT,,,,,,,USDT,,,,8,8,5,,,,ANCUSDT is a ANC/USDT spot trading pair. Minimum order value is 1 USDT,Delisted,35000,1648548000000,,,,,,,ANC,0.01 ANC,1000000.0,0.00001 USDT,1000.0,2.0,2.0,1 USDT,100000000.0,"150,000 ANC",15000000000000.0,"500,000 USDT",50000000000000.0,0.001,100000.0,0.001,100000.0,,,110.0,90.0,
332,sPORTOUSDT,17001,Spot,PORTO / USDT,,,,,,,USDT,,,,8,8,3,,,,PORTOUSDT is a PORTO/USDT spot trading pair. Minimum order value is 1 USDT,Listed,25000,1648548000000,,,,,,,PORTO,0.01 PORTO,1000000.0,0.001 USDT,100000.0,2.0,2.0,1 USDT,100000000.0,"120,000 PORTO",12000000000000.0,"500,000 USDT",50000000000000.0,0.001,100000.0,0.001,100000.0,,,110.0,90.0,
333,sLAZIOUSDT,17101,Spot,LAZIO / USDT,,,,,,,USDT,,,,8,8,3,,,,LAZIOUSDT is a LAZIO/USDT spot trading pair. Minimum order value is 1 USDT,Delisted,20000,1648548000000,,,,,,,LAZIO,0.01 LAZIO,1000000.0,0.001 USDT,100000.0,2.0,2.0,1 USDT,100000000.0,"100,000 LAZIO",10000000000000.0,"500,000 USDT",50000000000000.0,0.001,100000.0,0.001,100000.0,,,110.0,90.0,
334,sAPI3USDT,17201,Spot,API3 / USDT,,,,,,,USDT,,,,8,8,4,,,,API3USDT is a API3/USDT spot trading pair. Minimum order value is 1 USDT,Listed,100000,1648548000000,,,,,,,API3,0.01 API3,1000000.0,0.0001 USDT,10000.0,2.0,2.0,1 USDT,100000000.0,"400,000 API3",40000000000000.0,"500,000 USDT",50000000000000.0,0.001,100000.0,0.001,100000.0,,,110.0,90.0,5.0
335,sINJUSDT,17301,Spot,INJ / USDT,,,,,,,USDT,,,,8,8,3,,,,INJUSDT is a INJ/USDT spot trading pair. Minimum order value is 1 USDT,Listed,18000,1648548000000,,,,,,,INJ,0.01 INJ,1000000.0,0.001 USDT,100000.0,2.0,2.0,1 USDT,100000000.0,"80,000 INJ",8000000000000.0,"500,000 USDT",50000000000000.0,0.001,100000.0,0.001,100000.0,,,110.0,90.0,5.0
336,sSANTOSUSDT,17401,Spot,SANTOS / USDT,,,,,,,USDT,,,,8,8,3,,,,SANTOSUSDT is a SANTOS/USDT spot trading pair. Minimum order value is 1 USDT,Listed,17000,1648548000000,,,,,,,SANTOS,0.01 SANTOS,1000000.0,0.001 USDT,100000.0,2.0,2.0,1 USDT,100000000.0,"75,000 SANTOS",7500000000000.0,"500,000 USDT",50000000000000.0,0.001,100000.0,0.001,100000.0,,,110.0,90.0,
337,sALPINEUSDT,17501,Spot,ALPINE / USDT,,,,,,,USDT,,,,8,8,3,,,,ALPINEUSDT is a ALPINE/USDT spot trading pair. Minimum order value is 1 USDT,Listed,125000,1746615600000,,,,,,,ALPINE,0.01 ALPINE,1000000.0,0.001 USDT,100000.0,2.0,2.0,1 USDT,100000000.0,"500,000 ALPINE",50000000000000.0,"500,000 USDT",50000000000000.0,0.001,100000.0,0.001,100000.0,,,110.0,90.0,
338,sPYRUSDT,17601,Spot,PYR / USDT,,,,,,,USDT,,,,8,8,3,,,,PYRUSDT is a PYR/USDT spot trading pair. Minimum order value is 1 USDT,Listed,10000,1648548000000,,,,,,,PYR,0.01 PYR,1000000.0,0.001 USDT,100000.0,2.0,2.0,1 USDT,100000000.0,"50,000 PYR",5000000000000.0,"500,000 USDT",50000000000000.0,0.001,100000.0,0.001,100000.0,,,110.0,90.0,
339,sMETISUSDT,17701,Spot,METIS / USDT,,,,,,,USDT,,,,8,8,2,,,,METISUSDT is a METIS/USDT spot trading pair. Minimum order value is 1 USDT,Listed,600,1710244800000,,,,,,,METIS,0.0001 METIS,10000.0,0.01 USDT,1000000.0,4.0,2.0,1 USDT,100000000.0,"3,000 METIS",300000000000.0,"500,000 USDT",50000000000000.0,0.001,100000.0,0.001,100000.0,,,150.0,50.0,5.0
340,sILVUSDT,17801,Spot,ILV / USDT,,,,,,,USDT,,,,8,8,2,,,,ILVUSDT is a ILV/USDT spot trading pair. Minimum order value is 1 USDT,Listed,150,1648548000000,,,,,,,ILV,0.0001 ILV,10000.0,0.01 USDT,1000000.0,4.0,2.0,1 USDT,100000000.0,800 ILV,80000000000.0,"500,000 USDT",50000000000000.0,0.001,100000.0,0.001,100000.0,,,110.0,90.0,
341,sJOEUSDT,17901,Spot,JOE / USDT,,,,,,,USDT,,,,8,8,4,,,,JOEUSDT is a JOE/USDT spot trading pair. Minimum order value is 1 USDT,Listed,80000,1649412000000,,,,,,,JOE,0.01 JOE,1000000.0,0.0001 USDT,10000.0,2.0,2.0,1 USDT,100000000.0,"400,000 JOE",40000000000000.0,"500,000 USDT",50000000000000.0,0.001,100000.0,0.001,100000.0,,,110.0,90.0,
342,sETCUSDT,18001,Spot,ETC / USDT,,,,,,,USDT,,,,8,8,2,,,,ETCUSDT is a ETC/USDT spot trading pair. Minimum order value is 1 USDT,Listed,2000,1649412000000,,,,,,,ETC,0.001 ETC,100000.0,0.01 USDT,1000000.0,3.0,2.0,1 USDT,100000000.0,"10,000 ETC",1000000000000.0,"500,000 USDT",50000000000000.0,0.001,100000.0,0.001,100000.0,,,110.0,90.0,5.0
343,sAVAXUSDT,18101,Spot,AVAX / USDT,,,,,,,USDT,,,,8,8,2,,,,AVAXUSDT is a AVAX/USDT spot trading pair. Minimum order value is 1 USDT,Listed,1000,1649412000000,,,,,,,AVAX,0.001 AVAX,100000.0,0.01 USDT,1000000.0,3.0,2.0,1 USDT,100000000.0,"5,000 AVAX",500000000000.0,"500,000 USDT",50000000000000.0,0.001,100000.0,0.001,100000.0,,,110.0,90.0,5.0
344,sAVAXUSDC,18141,Spot,AVAX / USDC,,,,,,,USDC,,,,8,8,2,,,,AVAXUSDC is a AVAX/USDC spot trading pair. Minimum order value is 1 USDC,Listed,1000,1659614400000,,,,,,,AVAX,0.001 AVAX,100000.0,0.01 USDC,1000000.0,3.0,2.0,1 USDC,100000000.0,"5,000 AVAX",500000000000.0,"500,000 USDC",50000000000000.0,0.001,100000.0,0.001,100000.0,0.0,300000.0,110.0,90.0,
345,sDASHUSDT,18201,Spot,DASH / USDT,,,,,,,USDT,,,,8,8,2,,,,DASHUSDT is a DASH/USDT spot trading pair. Minimum order value is 1 USDT,Listed,700,1649412000000,,,,,,,DASH,0.0001 DASH,10000.0,0.01 USDT,1000000.0,4.0,2.0,1 USDT,100000000.0,"3,500 DASH",350000000000.0,"500,000 USDT",50000000000000.0,0.001,100000.0,0.001,100000.0,,,110.0,90.0,5.0
346,sRACAUSDT,18301,Spot,RACA / USDT,,,,,,,USDT,,,,8,8,7,,,,RACAUSDT is a RACA/USDT spot trading pair. Minimum order value is 1 USDT,Delisted,250000000,1649325600000,,,,,,,RACA,0.1 RACA,1000.0,0.0000001 USDT,10.0,1.0,2.0,1 USDT,100000000.0,"1,200,000,000 RACA",12000000000000.0,"500,000 USDT",50000000000000.0,0.001,100000.0,0.001,100000.0,,,150.0,50.0,
347,sCRTSUSDT,18401,Spot,CRTS / USDT,,,,,,,USDT,,,,8,8,7,,,,CRTSUSDT is a CRTS/USDT spot trading pair. Minimum order value is 1 USDT,Delisted,240000000,1649325600000,,,,,,,CRTS,0.1 CRTS,1000.0,0.0000001 USDT,10.0,1.0,2.0,1 USDT,100000000.0,"1,200,000,000 CRTS",12000000000000.0,"500,000 USDT",50000000000000.0,0.001,100000.0,0.001,100000.0,,,150.0,50.0,
348,sKEYUSDT,18501,Spot,KEY / USDT,,,,,,,USDT,,,,8,8,6,,,,KEYUSDT is a KEY/USDT spot trading pair. Minimum order value is 1 USDT,Delisted,10000000,1649325600000,,,,,,,KEY,0.1 KEY,1000.0,0.000001 USDT,100.0,1.0,2.0,1 USDT,100000000.0,"50,000,000 KEY",500000000000.0,"500,000 USDT",50000000000000.0,0.001,100000.0,0.001,100000.0,,,110.0,90.0,
349,sREEFUSDT,18601,Spot,REEF / USDT,,,,,,,USDT,,,,8,8,6,,,,REEFUSDT is a REEF/USDT spot trading pair. Minimum order value is 1 USDT,Delisted,8000000,1649325600000,,,,,,,REEF,0.1 REEF,1000.0,0.000001 USDT,100.0,1.0,2.0,1 USDT,100000000.0,"40,000,000 REEF",400000000000.0,"500,000 USDT",50000000000000.0,0.001,100000.0,0.001,100000.0,,,110.0,90.0,
350,sSTMXUSDT,18701,Spot,STMX / USDT,,,,,,,USDT,,,,8,8,6,,,,STMXUSDT is a STMX/USDT spot trading pair. Minimum order value is 1 USDT,Delisted,4500000,1649325600000,,,,,,,STMX,0.1 STMX,1000.0,0.000001 USDT,100.0,1.0,2.0,1 USDT,100000000.0,"20,000,000 STMX",200000000000.0,"500,000 USDT",50000000000000.0,0.001,100000.0,0.001,100000.0,,,110.0,90.0,
351,sPONDUSDT,18801,Spot,POND / USDT,,,,,,,USDT,,,,8,8,5,,,,PONDUSDT is a POND/USDT spot trading pair. Minimum order value is 1 USDT,Listed,2500000,1649325600000,,,,,,,POND,0.1 POND,1000.0,0.00001 USDT,1000.0,1.0,2.0,1 USDT,100000000.0,"10,000,000 POND",100000000000.0,"500,000 USDT",50000000000000.0,0.001,100000.0,0.001,100000.0,,,110.0,90.0,
352,sACHUSDT,18901,Spot,ACH / USDT,,,,,,,USDT,,,,8,8,5,,,,ACHUSDT is a ACH/USDT spot trading pair. Minimum order value is 1 USDT,Listed,2000000,1649325600000,,,,,,,ACH,0.1 ACH,1000.0,0.00001 USDT,1000.0,1.0,2.0,1 USDT,100000000.0,"10,000,000 ACH",100000000000.0,"500,000 USDT",50000000000000.0,0.001,100000.0,0.001,100000.0,,,110.0,90.0,
353,sGTOUSDT,19001,Spot,GTO / USDT,,,,,,,USDT,,,,8,8,5,,,,GTOUSDT is a GTO/USDT spot trading pair. Minimum order value is 1 USDT,Delisted,1800000,1649325600000,,,,,,,GTO,0.1 GTO,1000.0,0.00001 USDT,1000.0,1.0,2.0,1 USDT,100000000.0,"9,000,000 GTO",90000000000.0,"500,000 USDT",50000000000000.0,0.001,100000.0,0.001,100000.0,,,110.0,90.0,
354,sSNTUSDT,19101,Spot,SNT / USDT,,,,,,,USDT,,,,8,8,5,,,,SNTUSDT is a SNT/USDT spot trading pair. Minimum order value is 1 USDT,Delisted,1300000,1649325600000,,,,,,,SNT,0.1 SNT,1000.0,0.00001 USDT,1000.0,1.0,2.0,1 USDT,100000000.0,"6,000,000 SNT",60000000000.0,"500,000 USDT",50000000000000.0,0.001,100000.0,0.001,100000.0,,,150.0,50.0,
355,sOMUSDT,19201,Spot,OM / USDT,,,,,,,USDT,,,,8,8,4,,,,OMUSDT is a OM/USDT spot trading pair. Minimum order value is 1 USDT,Delisted,125000,1730282400000,,,,,,,OM,0.1 OM,1000.0,0.0001 USDT,10000.0,1.0,2.0,1 USDT,100000000.0,"500,000 OM",5000000000.0,"500,000 USDT",50000000000000.0,0.001,100000.0,0.001,100000.0,,,110.0,90.0,
356,sREAPUSDT,19301,Spot,REAP / USDT,,,,,,,USDT,,,,8,8,6,,,,REAPUSDT is a REAP/USDT spot trading pair. Minimum order value is 1 USDT,Delisted,1000000,1649325600000,,,,,,,REAP,0.1 REAP,1000.0,0.000001 USDT,100.0,1.0,2.0,1 USDT,100000000.0,"5,000,000 REAP",50000000000.0,"500,000 USDT",50000000000000.0,0.001,100000.0,0.001,100000.0,,,150.0,50.0,
357,sSTPTUSDT,19401,Spot,STPT / USDT,,,,,,,USDT,,,,8,8,5,,,,STPTUSDT is a STPT/USDT spot trading pair. Minimum order value is 1 USDT,Delisted,900000,1649325600000,,,,,,,STPT,0.1 STPT,1000.0,0.00001 USDT,1000.0,1.0,2.0,1 USDT,100000000.0,"4,000,000 STPT",40000000000.0,"500,000 USDT",50000000000000.0,0.001,100000.0,0.001,100000.0,,,110.0,90.0,
358,sTVKUSDT,19501,Spot,TVK / USDT,,,,,,,USDT,,,,8,8,5,,,,TVKUSDT is a TVK/USDT spot trading pair. Minimum order value is 1 USDT,Delisted,700000,1649325600000,,,,,,,TVK,0.1 TVK,1000.0,0.00001 USDT,1000.0,1.0,2.0,1 USDT,100000000.0,"3,000,000 TVK",30000000000.0,"500,000 USDT",50000000000000.0,0.001,100000.0,0.001,100000.0,,,110.0,90.0,
359,sSPAUSDT,19601,Spot,SPA / USDT,,,,,,,USDT,,,,8,8,6,,,,SPAUSDT is a SPA/USDT spot trading pair. Minimum order value is 1 USDT,Delisted,20000000,1649325600000,,,,,,,SPA,0.01 SPA,1000000.0,0.000001 USDT,100.0,2.0,2.0,1 USDT,100000000.0,"100,000,000 SPA",1e+16,"500,000 USDT",50000000000000.0,0.001,100000.0,0.001,100000.0,,,150.0,50.0,
360,sEPSUSDT,19701,Spot,EPS / USDT,,,,,,,USDT,,,,8,8,5,,,,EPSUSDT is a EPS/USDT spot trading pair. Minimum order value is 1 USDT,Delisted,450000,1649325600000,,,,,,,EPS,0.01 EPS,1000000.0,0.00001 USDT,1000.0,2.0,2.0,1 USDT,100000000.0,"2,000,000 EPS",200000000000000.0,"500,000 USDT",50000000000000.0,0.001,100000.0,0.001,100000.0,,,110.0,90.0,
361,sNKNUSDT,19801,Spot,NKN / USDT,,,,,,,USDT,,,,8,8,4,,,,NKNUSDT is a NKN/USDT spot trading pair. Minimum order value is 1 USDT,Delisted,1750000,1727175600000,,,,,,,NKN,0.01 NKN,1000000.0,0.0001 USDT,10000.0,2.0,2.0,1 USDT,100000000.0,"7,000,000 NKN",700000000000000.0,"500,000 USDT",50000000000000.0,0.001,100000.0,0.001,100000.0,,,110.0,90.0,
362,sMELOSUSDT,19901,Spot,MELOS / USDT,,,,,,,USDT,,,,8,8,5,,,,MELOSUSDT is a MELOS/USDT spot trading pair. Minimum order value is 1 USDT,Delisted,350000,1649325600000,,,,,,,MELOS,0.01 MELOS,1000000.0,0.00001 USDT,1000.0,2.0,2.0,1 USDT,100000000.0,"1,500,000 MELOS",150000000000000.0,"500,000 USDT",50000000000000.0,0.001,100000.0,0.001,100000.0,,,150.0,50.0,
363,sRSS3USDT,20001,Spot,RSS3 / USDT,,,,,,,USDT,,,,8,8,5,,,,RSS3USDT is a RSS3/USDT spot trading pair. Minimum order value is 1 USDT,Delisted,350000,1649325600000,,,,,,,RSS3,0.01 RSS3,1000000.0,0.00001 USDT,1000.0,2.0,2.0,1 USDT,100000000.0,"1,500,000 RSS3",150000000000000.0,"500,000 USDT",50000000000000.0,0.001,100000.0,0.001,100000.0,,,150.0,50.0,
364,sPOLCUSDT,20101,Spot,POLC / USDT,,,,,,,USDT,,,,8,8,5,,,,POLCUSDT is a POLC/USDT spot trading pair. Minimum order value is 1 USDT,Delisted,300000,1649325600000,,,,,,,POLC,0.01 POLC,1000000.0,0.00001 USDT,1000.0,2.0,2.0,1 USDT,100000000.0,"1,500,000 POLC",150000000000000.0,"500,000 USDT",50000000000000.0,0.001,100000.0,0.001,100000.0,,,150.0,50.0,
365,sCVCUSDT,20201,Spot,CVC / USDT,,,,,,,USDT,,,,8,8,5,,,,CVCUSDT is a CVC/USDT spot trading pair. Minimum order value is 1 USDT,Listed,750000,1728381600000,,,,,,,CVC,1 CVC,100000000.0,0.00001 USDT,1000.0,0.0,2.0,1 USDT,100000000.0,"3,000,000 CVC",300000000000000.0,"500,000 USDT",50000000000000.0,0.001,100000.0,0.001,100000.0,,,110.0,90.0,
366,sALPHAUSDT,20301,Spot,ALPHA / USDT,,,,,,,USDT,,,,8,8,4,,,,ALPHAUSDT is a ALPHA/USDT spot trading pair. Minimum order value is 1 USDT,Delisted,250000,1649325600000,,,,,,,ALPHA,0.01 ALPHA,1000000.0,0.0001 USDT,10000.0,2.0,2.0,1 USDT,100000000.0,"1,250,000 ALPHA",125000000000000.0,"500,000 USDT",50000000000000.0,0.001,100000.0,0.001,100000.0,,,110.0,90.0,
367,sELFUSDT,20401,Spot,ELF / USDT,,,,,,,USDT,,,,8,8,4,,,,ELFUSDT is a ELF/USDT spot trading pair. Minimum order value is 1 USDT,Delisted,250000,1649325600000,,,,,,,ELF,0.01 ELF,1000000.0,0.0001 USDT,10000.0,2.0,2.0,1 USDT,100000000.0,"1,250,000 ELF",125000000000000.0,"500,000 USDT",50000000000000.0,0.001,100000.0,0.001,100000.0,,,110.0,90.0,
368,sCLVUSDT,20501,Spot,CLV / USDT,,,,,,,USDT,,,,8,8,5,,,,CLVUSDT is a CLV/USDT spot trading pair. Minimum order value is 1 USDT,Delisted,2500000,1727085600000,,,,,,,CLV,0.01 CLV,1000000.0,0.00001 USDT,1000.0,2.0,2.0,1 USDT,100000000.0,"10,000,000 CLV",1000000000000000.0,"500,000 USDT",50000000000000.0,0.001,100000.0,0.001,100000.0,,,110.0,90.0,
369,sATAUSDT,20601,Spot,ATA / USDT,,,,,,,USDT,,,,8,8,4,,,,ATAUSDT is a ATA/USDT spot trading pair. Minimum order value is 1 USDT,Delisted,200000,1649325600000,,,,,,,ATA,0.01 ATA,1000000.0,0.0001 USDT,10000.0,2.0,2.0,1 USDT,100000000.0,"1,000,000 ATA",100000000000000.0,"500,000 USDT",50000000000000.0,0.001,100000.0,0.001,100000.0,,,110.0,90.0,
370,sALPACAUSDT,20701,Spot,ALPACA / USDT,,,,,,,USDT,,,,8,8,4,,,,ALPACAUSDT is a ALPACA/USDT spot trading pair. Minimum order value is 1 USDT,Delisted,625000,1724752800000,,,,,,,ALPACA,0.01 ALPACA,1000000.0,0.0001 USDT,10000.0,2.0,2.0,1 USDT,100000000.0,"2,500,000 ALPACA",250000000000000.0,"500,000 USDT",50000000000000.0,0.001,100000.0,0.001,100000.0,,,110.0,90.0,
371,sRAREUSDT,20801,Spot,RARE / USDT,,,,,,,USDT,,,,8,8,5,,,,RAREUSDT is a RARE/USDT spot trading pair. Minimum order value is 1 USDT,Listed,750000,1724752800000,,,,,,,RARE,0.01 RARE,1000000.0,0.00001 USDT,1000.0,2.0,2.0,1 USDT,100000000.0,"3,000,000 RARE",300000000000000.0,"500,000 USDT",50000000000000.0,0.001,100000.0,0.001,100000.0,,,110.0,90.0,
372,sBSWUSDT,20901,Spot,BSW / USDT,,,,,,,USDT,,,,8,8,4,,,,BSWUSDT is a BSW/USDT spot trading pair. Minimum order value is 1 USDT,Delisted,1750000,1725616800000,,,,,,,BSW,0.01 BSW,1000000.0,0.0001 USDT,10000.0,2.0,2.0,1 USDT,100000000.0,"7,000,000 BSW",700000000000000.0,"500,000 USDT",50000000000000.0,0.001,100000.0,0.001,100000.0,,,110.0,90.0,
373,sDREPUSDT,21001,Spot,DREP / USDT,,,,,,,USDT,,,,8,8,4,,,,DREPUSDT is a DREP/USDT spot trading pair. Minimum order value is 1 USDT,Delisted,140000,1649325600000,,,,,,,DREP,0.01 DREP,1000000.0,0.0001 USDT,10000.0,2.0,2.0,1 USDT,100000000.0,"700,000 DREP",70000000000000.0,"500,000 USDT",50000000000000.0,0.001,100000.0,0.001,100000.0,,,110.0,90.0,
374,sBAKEUSDT,21101,Spot,BAKE / USDT,,,,,,,USDT,,,,8,8,4,,,,BAKEUSDT is a BAKE/USDT spot trading pair. Minimum order value is 1 USDT,Delisted,130000,1649325600000,,,,,,,BAKE,0.01 BAKE,1000000.0,0.0001 USDT,10000.0,2.0,2.0,1 USDT,100000000.0,"600,000 BAKE",60000000000000.0,"500,000 USDT",50000000000000.0,0.001,100000.0,0.001,100000.0,,,110.0,90.0,
375,sTKOUSDT,21201,Spot,TKO / USDT,,,,,,,USDT,,,,8,8,4,,,,TKOUSDT is a TKO/USDT spot trading pair. Minimum order value is 1 USDT,Listed,120000,1649325600000,,,,,,,TKO,0.01 TKO,1000000.0,0.0001 USDT,10000.0,2.0,2.0,1 USDT,100000000.0,"600,000 TKO",60000000000000.0,"500,000 USDT",50000000000000.0,0.001,100000.0,0.001,100000.0,,,110.0,90.0,
376,sCHESSUSDT,21301,Spot,CHESS / USDT,,,,,,,USDT,,,,8,8,5,,,,CHESSUSDT is a CHESS/USDT spot trading pair. Minimum order value is 1 USDT,Delisted,1562500,1649325600000,,,,,,,CHESS,0.1 CHESS,10000000.0,0.00001 USDT,1000.0,1.0,2.0,1 USDT,100000000.0,"6,250,000 CHESS",625000000000000.0,"500,000 USDT",50000000000000.0,0.001,100000.0,0.001,100000.0,,,110.0,90.0,
377,sPUNDIXUSDT,21401,Spot,PUNDIX / USDT,,,,,,,USDT,,,,8,8,4,,,,PUNDIXUSDT is a PUNDIX/USDT spot trading pair. Minimum order value is 1 USDT,Listed,100000,1649325600000,,,,,,,PUNDIX,0.01 PUNDIX,1000000.0,0.0001 USDT,10000.0,2.0,2.0,1 USDT,100000000.0,"500,000 PUNDIX",50000000000000.0,"500,000 USDT",50000000000000.0,0.001,100000.0,0.001,100000.0,,,110.0,90.0,
378,sBELUSDT,21501,Spot,BEL / USDT,,,,,,,USDT,,,,8,8,4,,,,BELUSDT is a BEL/USDT spot trading pair. Minimum order value is 1 USDT,Listed,90000,1649325600000,,,,,,,BEL,0.01 BEL,1000000.0,0.0001 USDT,10000.0,2.0,2.0,1 USDT,100000000.0,"400,000 BEL",40000000000000.0,"500,000 USDT",50000000000000.0,0.001,100000.0,0.001,100000.0,,,110.0,90.0,
379,sTWTUSDT,21701,Spot,TWT / USDT,,,,,,,USDT,,,,8,8,4,,,,TWTUSDT is a TWT/USDT spot trading pair. Minimum order value is 1 USDT,Listed,70000,1649325600000,,,,,,,TWT,0.01 TWT,1000000.0,0.0001 USDT,10000.0,2.0,2.0,1 USDT,100000000.0,"350,000 TWT",35000000000000.0,"500,000 USDT",50000000000000.0,0.001,100000.0,0.001,100000.0,,,110.0,90.0,
380,sGODSUSDT,21801,Spot,GODS / USDT,,,,,,,USDT,,,,8,8,5,,,,GODSUSDT is a GODS/USDT spot trading pair. Minimum order value is 1 USDT,Delisted,60000,1649325600000,,,,,,,GODS,0.01 GODS,1000000.0,0.00001 USDT,1000.0,2.0,2.0,1 USDT,100000000.0,"300,000 GODS",30000000000000.0,"500,000 USDT",50000000000000.0,0.001,100000.0,0.001,100000.0,,,150.0,50.0,
381,sLITOLDUSDT,21901,Spot,LITOLD / USDT,,,,,,,USDT,,,,8,8,3,,,,LITOLDUSDT is a LITOLD/USDT spot trading pair. Minimum order value is 1 USDT,Delisted,60000,1649325600000,,,,,,,LITOLD,0.01 LITOLD,1000000.0,0.001 USDT,100000.0,2.0,2.0,1 USDT,100000000.0,"300,000 LITOLD",30000000000000.0,"500,000 USDT",50000000000000.0,0.001,100000.0,0.001,100000.0,,,110.0,90.0,
382,sMTLUSDT,22001,Spot,MTL / USDT,,,,,,,USDT,,,,8,8,3,,,,MTLUSDT is a MTL/USDT spot trading pair. Minimum order value is 1 USDT,Listed,45000,1649325600000,,,,,,,MTL,0.01 MTL,1000000.0,0.001 USDT,100000.0,2.0,2.0,1 USDT,100000000.0,"200,000 MTL",20000000000000.0,"500,000 USDT",50000000000000.0,0.001,100000.0,0.001,100000.0,,,110.0,90.0,
383,sQRDOUSDT,22101,Spot,QRDO / USDT,,,,,,,USDT,,,,8,8,5,,,,QRDOUSDT is a QRDO/USDT spot trading pair. Minimum order value is 1 USDT,Delisted,35000,1649325600000,,,,,,,QRDO,0.01 QRDO,1000000.0,0.00001 USDT,1000.0,2.0,2.0,1 USDT,100000000.0,"180,000 QRDO",18000000000000.0,"500,000 USDT",50000000000000.0,0.001,100000.0,0.001,100000.0,,,150.0,50.0,
384,sSTGUSDT,22201,Spot,STG / USDT,,,,,,,USDT,,,,8,8,4,,,,STGUSDT is a STG/USDT spot trading pair. Minimum order value is 1 USDT,Listed,35000,1661508000000,,,,,,,STG,0.01 STG,1000000.0,0.0001 USDT,10000.0,2.0,2.0,1 USDT,100000000.0,"180,000 STG",18000000000000.0,"500,000 USDT",50000000000000.0,0.001,100000.0,0.001,100000.0,,,150.0,50.0,5.0
385,sCTXUSDT,22301,Spot,CTX / USDT,,,,,,,USDT,,,,8,8,5,,,,CTXUSDT is a CTX/USDT spot trading pair. Minimum order value is 1 USDT,Delisted,25000,1649325600000,,,,,,,CTX,0.01 CTX,10000.0,0.00001 USDT,1000.0,2.0,2.0,1 USDT,100000000.0,"130,000 CTX",130000000000.0,"500,000 USDT",50000000000000.0,0.001,100000.0,0.001,100000.0,,,150.0,50.0,
386,sORNUSDT,22401,Spot,ORN / USDT,,,,,,,USDT,,,,8,8,4,,,,ORNUSDT is a ORN/USDT spot trading pair. Minimum order value is 1 USDT,Delisted,25000,1649325600000,,,,,,,ORN,0.01 ORN,1000000.0,0.0001 USDT,10000.0,2.0,2.0,1 USDT,100000000.0,"130,000 ORN",13000000000000.0,"500,000 USDT",50000000000000.0,0.001,100000.0,0.001,100000.0,,,110.0,90.0,
387,sBANDUSDT,22501,Spot,BAND / USDT,,,,,,,USDT,,,,8,8,4,,,,BANDUSDT is a BAND/USDT spot trading pair. Minimum order value is 1 USDT,Listed,20000,1649325600000,,,,,,,BAND,0.01 BAND,1000000.0,0.0001 USDT,10000.0,2.0,2.0,1 USDT,100000000.0,"100,000 BAND",10000000000000.0,"500,000 USDT",50000000000000.0,0.001,100000.0,0.001,100000.0,,,110.0,90.0,
388,sRADUSDT,22601,Spot,RAD / USDT,,,,,,,USDT,,,,8,8,3,,,,RADUSDT is a RAD/USDT spot trading pair. Minimum order value is 1 USDT,Listed,18000,1649325600000,,,,,,,RAD,0.01 RAD,1000000.0,0.001 USDT,100000.0,2.0,2.0,1 USDT,100000000.0,"90,000 RAD",9000000000000.0,"500,000 USDT",50000000000000.0,0.001,100000.0,0.001,100000.0,,,110.0,90.0,
389,sANTUSDT,22701,Spot,ANT / USDT,,,,,,,USDT,,,,8,8,3,,,,ANTUSDT is a ANT/USDT spot trading pair. Minimum order value is 1 USDT,Delisted,18000,1649325600000,,,,,,,ANT,0.01 ANT,1000000.0,0.001 USDT,100000.0,2.0,2.0,1 USDT,100000000.0,"90,000 ANT",9000000000000.0,"500,000 USDT",50000000000000.0,0.001,100000.0,0.001,100000.0,,,110.0,90.0,
390,sUNFIUSDT,22801,Spot,UNFI / USDT,,,,,,,USDT,,,,8,8,3,,,,UNFIUSDT is a UNFI/USDT spot trading pair. Minimum order value is 1 USDT,Delisted,15000,1649325600000,,,,,,,UNFI,0.01 UNFI,1000000.0,0.001 USDT,100000.0,2.0,2.0,1 USDT,100000000.0,"80,000 UNFI",8000000000000.0,"500,000 USDT",50000000000000.0,0.001,100000.0,0.001,100000.0,,,110.0,90.0,
391,sERNUSDT,22901,Spot,ERN / USDT,,,,,,,USDT,,,,8,8,3,,,,ERNUSDT is a ERN/USDT spot trading pair. Minimum order value is 1 USDT,Delisted,15000,1649325600000,,,,,,,ERN,0.01 ERN,1000000.0,0.001 USDT,100000.0,2.0,2.0,1 USDT,100000000.0,"80,000 ERN",8000000000000.0,"500,000 USDT",50000000000000.0,0.001,100000.0,0.001,100000.0,,,110.0,90.0,
392,sHIGHUSDT,23001,Spot,HIGH / USDT,,,,,,,USDT,,,,8,8,4,,,,HIGHUSDT is a HIGH/USDT spot trading pair. Minimum order value is 1 USDT,Listed,15000,1649325600000,,,,,,,HIGH,0.01 HIGH,1000000.0,0.0001 USDT,10000.0,2.0,2.0,1 USDT,100000000.0,"70,000 HIGH",7000000000000.0,"500,000 USDT",50000000000000.0,0.001,100000.0,0.001,100000.0,,,110.0,90.0,
393,sBONDUSDT,23101,Spot,BOND / USDT,,,,,,,USDT,,,,8,8,3,,,,BONDUSDT is a BOND/USDT spot trading pair. Minimum order value is 1 USDT,Delisted,10000,1649325600000,,,,,,,BOND,0.01 BOND,1000000.0,0.001 USDT,100000.0,2.0,2.0,1 USDT,100000000.0,"50,000 BOND",5000000000000.0,"500,000 USDT",50000000000000.0,0.001,100000.0,0.001,100000.0,,,110.0,90.0,
394,sXVSUSDT,23201,Spot,XVS / USDT,,,,,,,USDT,,,,8,8,2,,,,XVSUSDT is a XVS/USDT spot trading pair. Minimum order value is 1 USDT,Listed,9000,1649325600000,,,,,,,XVS,0.01 XVS,1000000.0,0.01 USDT,1000000.0,2.0,2.0,1 USDT,100000000.0,"40,000 XVS",4000000000000.0,"500,000 USDT",50000000000000.0,0.001,100000.0,0.001,100000.0,,,110.0,90.0,
395,sBALUSDT,23301,Spot,BAL / USDT,,,,,,,USDT,,,,8,8,3,,,,BALUSDT is a BAL/USDT spot trading pair. Minimum order value is 1 USDT,Delisted,6000,1649325600000,,,,,,,BAL,0.001 BAL,100000.0,0.001 USDT,100000.0,3.0,2.0,1 USDT,100000000.0,"30,000 BAL",3000000000000.0,"500,000 USDT",50000000000000.0,0.001,100000.0,0.001,100000.0,,,110.0,90.0,
396,sAUCTIONUSDT,23401,Spot,AUCTION / USDT,,,,,,,USDT,,,,8,8,2,,,,AUCTIONUSDT is a AUCTION/USDT spot trading pair. Minimum order value is 1 USDT,Listed,6000,1649325600000,,,,,,,AUCTION,0.001 AUCTION,100000.0,0.01 USDT,1000000.0,3.0,2.0,1 USDT,100000000.0,"30,000 AUCTION",3000000000000.0,"500,000 USDT",50000000000000.0,0.001,100000.0,0.001,100000.0,,,110.0,90.0,
397,sTORNUSDT,23501,Spot,TORN / USDT,,,,,,,USDT,,,,8,8,2,,,,TORNUSDT is a TORN/USDT spot trading pair. Minimum order value is 1 USDT,Delisted,2000,1649325600000,,,,,,,TORN,0.001 TORN,100000.0,0.01 USDT,1000000.0,3.0,2.0,1 USDT,100000000.0,"10,000 TORN",1000000000000.0,"500,000 USDT",50000000000000.0,0.001,100000.0,0.001,100000.0,,,110.0,90.0,
398,sBNXOLDUSDT,23601,Spot,BNXOLD / USDT,,,,,,,USDT,,,,8,8,3,,,,BNXOLDUSDT is a BNXOLD/USDT spot trading pair. Minimum order value is 1 USDT,Delisted,1800,1649325600000,,,,,,,BNXOLD,0.001 BNXOLD,100000.0,0.001 USDT,100000.0,3.0,2.0,1 USDT,100000000.0,"9,000 BNXOLD",900000000000.0,"500,000 USDT",50000000000000.0,0.001,100000.0,0.001,100000.0,,,110.0,90.0,
399,sFARMUSDT,23701,Spot,FARM / USDT,,,,,,,USDT,,,,8,8,2,,,,FARMUSDT is a FARM/USDT spot trading pair. Minimum order value is 1 USDT,Listed,1500,1714039200000,,,,,,,FARM,0.001 FARM,100000.0,0.01 USDT,1000000.0,3.0,2.0,1 USDT,100000000.0,"6,000 FARM",600000000000.0,"500,000 USDT",50000000000000.0,0.001,100000.0,0.001,100000.0,,,110.0,90.0,
400,sQUICKOLDUSDT,23801,Spot,QUICKOLD / USDT,,,,,,,USDT,,,,8,8,2,,,,QUICKOLDUSDT is a QUICKOLD/USDT spot trading pair. Minimum order value is 1 USDT,Delisted,400,1649325600000,,,,,,,QUICKOLD,0.0001 QUICKOLD,10000.0,0.01 USDT,1000000.0,4.0,2.0,1 USDT,100000000.0,"2,000 QUICKOLD",200000000000.0,"500,000 USDT",50000000000000.0,0.001,100000.0,0.001,100000.0,,,110.0,90.0,
401,sSHILLUSDT,23901,Spot,SHILL / USDT,,,,,,,USDT,,,,8,8,6,,,,SHILLUSDT is a SHILL/USDT spot trading pair. Minimum order value is 1 USDT,Delisted,800000,1650362400000,,,,,,,SHILL,0.1 SHILL,1000.0,0.000001 USDT,100.0,1.0,2.0,1 USDT,100000000.0,"4,000,000 SHILL",40000000000.0,"500,000 USDT",50000000000000.0,0.001,100000.0,0.001,100000.0,10180200.0,300000.0,150.0,50.0,
402,sGARIUSDT,24001,Spot,GARI / USDT,,,,,,,USDT,,,,8,8,5,,,,GARIUSDT is a GARI/USDT spot trading pair. Minimum order value is 1 USDT,Delisted,250000,1650362400000,,,,,,,GARI,0.01 GARI,1000000.0,0.00001 USDT,1000.0,2.0,2.0,1 USDT,100000000.0,"1,300,000 GARI",130000000000000.0,"500,000 USDT",50000000000000.0,0.001,100000.0,0.001,100000.0,36811300.0,300000.0,150.0,50.0,
403,sFIDAUSDT,24101,Spot,FIDA / USDT,,,,,,,USDT,,,,8,8,5,,,,FIDAUSDT is a FIDA/USDT spot trading pair. Minimum order value is 1 USDT,Listed,375000,1726826400000,,,,,,,FIDA,0.01 FIDA,1000000.0,0.00001 USDT,1000.0,2.0,2.0,1 USDT,100000000.0,"1,500,000 FIDA",150000000000000.0,"500,000 USDT",50000000000000.0,0.001,100000.0,0.001,100000.0,38000000.0,60000.0,110.0,90.0,
404,sGMTUSDT,24201,Spot,GMT / USDT,,,,,,,USDT,,,,8,8,5,,,,GMTUSDT is a GMT/USDT spot trading pair. Minimum order value is 1 USDT,Listed,5000000,1650362400000,,,,,,,GMT,0.1 GMT,10000000.0,0.00001 USDT,1000.0,1.0,2.0,1 USDT,100000000.0,"20,000,000 GMT",2000000000000000.0,"500,000 USDT",50000000000000.0,0.001,100000.0,0.001,100000.0,222000000.0,300000.0,110.0,90.0,
405,sINSUSDT,24301,Spot,INS / USDT,,,,,,,USDT,,,,8,8,7,,,,INSUSDT is a INS/USDT spot trading pair. Minimum order value is 1 USDT,Delisted,600000000,1650362400000,,,,,,,INS,0.1 INS,1000.0,0.0000001 USDT,10.0,1.0,2.0,1 USDT,100000000.0,"3,000,000,000 INS",30000000000000.0,"500,000 USDT",50000000000000.0,0.001,100000.0,0.001,100000.0,14600.0,300000.0,110.0,90.0,
406,sGMMUSDT,24401,Spot,GMM / USDT,,,,,,,USDT,,,,8,8,6,,,,GMMUSDT is a GMM/USDT spot trading pair. Minimum order value is 1 USDT,Delisted,19000000,1649930400000,,,,,,,GMM,0.1 GMM,1000.0,0.000001 USDT,100.0,1.0,2.0,1 USDT,100000000.0,"90,000,000 GMM",900000000000.0,"500,000 USDT",50000000000000.0,0.001,100000.0,0.001,100000.0,571000.0,300000.0,150.0,50.0,
407,sRANKERUSDT,24501,Spot,RANKER / USDT,,,,,,,USDT,,,,8,8,6,,,,RANKERUSDT is a RANKER/USDT spot trading pair. Minimum order value is 1 USDT,Delisted,3000000,1649930400000,,,,,,,RANKER,0.1 RANKER,1000.0,0.000001 USDT,100.0,1.0,2.0,1 USDT,100000000.0,"15,000,000 RANKER",150000000000.0,"500,000 USDT",50000000000000.0,0.001,100000.0,0.001,100000.0,2633200.0,300000.0,150.0,50.0,
408,s1EARTHUSDT,24601,Spot,1EARTH / USDT,,,,,,,USDT,,,,8,8,6,,,,1EARTHUSDT is a 1EARTH/USDT spot trading pair. Minimum order value is 1 USDT,Delisted,2500000,1649930400000,,,,,,,1EARTH,0.1 1EARTH,1000.0,0.000001 USDT,100.0,1.0,2.0,1 USDT,100000000.0,"13,000,000 1EARTH",130000000000.0,"500,000 USDT",50000000000000.0,0.001,100000.0,0.001,100000.0,3182700.0,300000.0,150.0,50.0,
409,sPERLUSDT,24701,Spot,PERL / USDT,,,,,,,USDT,,,,8,8,5,,,,PERLUSDT is a PERL/USDT spot trading pair. Minimum order value is 1 USDT,Delisted,1800000,1649930400000,,,,,,,PERL,0.1 PERL,1000.0,0.00001 USDT,1000.0,1.0,2.0,1 USDT,100000000.0,"9,000,000 PERL",90000000000.0,"500,000 USDT",50000000000000.0,0.001,100000.0,0.001,100000.0,4487000.0,300000.0,110.0,90.0,
410,sQIUSDT,24801,Spot,QI / USDT,,,,,,,USDT,,,,8,8,5,,,,QIUSDT is a QI/USDT spot trading pair. Minimum order value is 1 USDT,Delisted,1500000,1649930400000,,,,,,,QI,0.1 QI,1000.0,0.00001 USDT,1000.0,1.0,2.0,1 USDT,100000000.0,"8,000,000 QI",80000000000.0,"500,000 USDT",50000000000000.0,0.001,100000.0,0.001,100000.0,4948300.0,300000.0,110.0,90.0,
411,sRAMPUSDT,24901,Spot,RAMP / USDT,,,,,,,USDT,,,,8,8,4,,,,RAMPUSDT is a RAMP/USDT spot trading pair. Minimum order value is 1 USDT,Delisted,750000,1649930400000,,,,,,,RAMP,0.1 RAMP,1000.0,0.0001 USDT,10000.0,1.0,2.0,1 USDT,100000000.0,"3,500,000 RAMP",35000000000.0,"500,000 USDT",50000000000000.0,0.001,100000.0,0.001,100000.0,10354100.0,300000.0,110.0,90.0,
412,sDNTUSDT,25001,Spot,DNT / USDT,,,,,,,USDT,,,,8,8,4,,,,DNTUSDT is a DNT/USDT spot trading pair. Minimum order value is 1 USDT,Delisted,700000,1649930400000,,,,,,,DNT,0.1 DNT,1000.0,0.0001 USDT,10000.0,1.0,2.0,1 USDT,100000000.0,"3,500,000 DNT",35000000000.0,"500,000 USDT",50000000000000.0,0.001,100000.0,0.001,100000.0,13231100.0,300000.0,110.0,90.0,
413,sONSTONUSDT,25101,Spot,ONSTON / USDT,,,,,,,USDT,,,,8,8,6,,,,ONSTONUSDT is a ONSTON/USDT spot trading pair. Minimum order value is 1 USDT,Delisted,700000,1649930400000,,,,,,,ONSTON,0.1 ONSTON,1000.0,0.000001 USDT,100.0,1.0,2.0,1 USDT,100000000.0,"3,500,000 ONSTON",35000000000.0,"500,000 USDT",50000000000000.0,0.001,100000.0,0.001,100000.0,12104600.0,300000.0,150.0,50.0,
414,sLMRUSDT,25201,Spot,LMR / USDT,,,,,,,USDT,,,,8,8,6,,,,LMRUSDT is a LMR/USDT spot trading pair. Minimum order value is 1 USDT,Delisted,600000,1649930400000,,,,,,,LMR,0.1 LMR,1000.0,0.000001 USDT,100.0,1.0,2.0,1 USDT,100000000.0,"3,000,000 LMR",30000000000.0,"500,000 USDT",50000000000000.0,0.001,100000.0,0.001,100000.0,12534900.0,300000.0,150.0,50.0,
415,sVRUSDT,25301,Spot,VR / USDT,,,,,,,USDT,,,,8,8,6,,,,VRUSDT is a VR/USDT spot trading pair. Minimum order value is 1 USDT,Delisted,550000,1649930400000,,,,,,,VR,0.1 VR,1000.0,0.000001 USDT,100.0,1.0,2.0,1 USDT,100000000.0,"2,500,000 VR",25000000000.0,"500,000 USDT",50000000000000.0,0.001,100000.0,0.001,100000.0,12580700.0,300000.0,150.0,50.0,
416,sKONOUSDT,25401,Spot,KONO / USDT,,,,,,,USDT,,,,8,8,5,,,,KONOUSDT is a KONO/USDT spot trading pair. Minimum order value is 1 USDT,Delisted,450000,1649930400000,,,,,,,KONO,0.01 KONO,1000000.0,0.00001 USDT,1000.0,2.0,2.0,1 USDT,100000000.0,"2,000,000 KONO",200000000000000.0,"500,000 USDT",50000000000000.0,0.001,100000.0,0.001,100000.0,15817100.0,300000.0,150.0,50.0,
417,sCRPTUSDT,25501,Spot,CRPT / USDT,,,,,,,USDT,,,,8,8,5,,,,CRPTUSDT is a CRPT/USDT spot trading pair. Minimum order value is 1 USDT,Delisted,170000,1649930400000,,,,,,,CRPT,0.01 CRPT,1000000.0,0.00001 USDT,1000.0,2.0,2.0,1 USDT,100000000.0,"900,000 CRPT",90000000000000.0,"500,000 USDT",50000000000000.0,0.001,100000.0,0.001,100000.0,45527700.0,300000.0,150.0,50.0,
418,sCEEKUSDT,25601,Spot,CEEK / USDT,,,,,,,USDT,,,,8,8,5,,,,CEEKUSDT is a CEEK/USDT spot trading pair. Minimum order value is 1 USDT,Delisted,150000,1649930400000,,,,,,,CEEK,0.01 CEEK,1000000.0,0.00001 USDT,1000.0,2.0,2.0,1 USDT,100000000.0,"800,000 CEEK",80000000000000.0,"500,000 USDT",50000000000000.0,0.001,100000.0,0.001,100000.0,42312200.0,300000.0,150.0,50.0,
419,sUPOUSDT,25701,Spot,UPO / USDT,,,,,,,USDT,,,,8,8,5,,,,UPOUSDT is a UPO/USDT spot trading pair. Minimum order value is 1 USDT,Delisted,80000,1649930400000,,,,,,,UPO,0.01 UPO,1000000.0,0.00001 USDT,1000.0,2.0,2.0,1 USDT,100000000.0,"400,000 UPO",40000000000000.0,"500,000 USDT",50000000000000.0,0.001,100000.0,0.001,100000.0,64677500.0,300000.0,150.0,50.0,
420,sSXPUSDT,25801,Spot,SXP / USDT,,,,,,,USDT,,,,8,8,4,,,,SXPUSDT is a SXP/USDT spot trading pair. Minimum order value is 1 USDT,Delisted,70000,1649930400000,,,,,,,SXP,0.01 SXP,1000000.0,0.0001 USDT,10000.0,2.0,2.0,1 USDT,100000000.0,"350,000 SXP",35000000000000.0,"500,000 USDT",50000000000000.0,0.001,100000.0,0.001,100000.0,124000000.0,300000.0,110.0,90.0,
421,sBBFUSDT,25901,Spot,BBF / USDT,,,,,,,USDT,,,,8,8,3,,,,BBFUSDT is a BBF/USDT spot trading pair. Minimum order value is 1 USDT,Delisted,3500,1649930400000,,,,,,,BBF,0.001 BBF,100000.0,0.001 USDT,100000.0,3.0,2.0,1 USDT,100000000.0,"18,000 BBF",1800000000000.0,"500,000 USDT",50000000000000.0,0.001,100000.0,0.001,100000.0,3158000000.0,300000.0,150.0,50.0,
422,sSTRONGUSDT,26001,Spot,STRONG / USDT,,,,,,,USDT,,,,8,8,3,,,,STRONGUSDT is a STRONG/USDT spot trading pair. Minimum order value is 1 USDT,Delisted,2000,1649930400000,,,,,,,STRONG,0.001 STRONG,100000.0,0.001 USDT,100000.0,3.0,2.0,1 USDT,100000000.0,"10,000 STRONG",1000000000000.0,"500,000 USDT",50000000000000.0,0.001,100000.0,0.001,100000.0,4003000000.0,300000.0,150.0,50.0,
423,sWAVESUSDT,27201,Spot,WAVES / USDT,,,,,,,USDT,,,,8,8,3,,,,WAVESUSDT is a WAVES/USDT spot trading pair. Minimum order value is 1 USDT,Delisted,15000,1659013200000,,,,,,,WAVES,0.001 WAVES,100000.0,0.001 USDT,100000.0,3.0,2.0,1 USDT,100000000.0,"80,000 WAVES",8000000000000.0,"500,000 USDT",50000000000000.0,0.001,100000.0,0.001,100000.0,,,150.0,50.0,
424,sNEARUSDT,27501,Spot,NEAR / USDT,,,,,,,USDT,,,,8,8,3,,,,NEARUSDT is a NEAR/USDT spot trading pair. Minimum order value is 1 USDT,Listed,6000,1651917600000,,,,,,,NEAR,0.001 NEAR,100000.0,0.001 USDT,100000.0,3.0,2.0,1 USDT,100000000.0,"30,000 NEAR",3000000000000.0,"500,000 USDT",50000000000000.0,0.001,100000.0,0.001,100000.0,,,110.0,90.0,5.0
425,sKLAYUSDT,28101,Spot,KLAY / USDT,,,,,,,USDT,,,,8,8,4,,,,KLAYUSDT is a KLAY/USDT spot trading pair. Minimum order value is 1 USDT,Delisted,550000,1666267200000,,,,,,,KLAY,0.01 KLAY,1000000.0,0.0001 USDT,10000.0,2.0,2.0,1 USDT,100000000.0,"2,500,000 KLAY",250000000000000.0,"500,000 USDT",50000000000000.0,0.001,100000.0,0.001,100000.0,17150000.0,300000.0,150.0,50.0,
426,sASTRUSDT,28701,Spot,ASTR / USDT,,,,,,,USDT,,,,8,8,4,,,,ASTRUSDT is a ASTR/USDT spot trading pair. Minimum order value is 1 USDT,Delisted,1500000,1677751200000,,,,,,,ASTR,0.01 ASTR,100.0,0.0001 USDT,10000.0,2.0,2.0,1 USDT,100000000.0,"6,000,000 ASTR",60000000000.0,"500,000 USDT",50000000000000.0,0.001,100000.0,0.001,100000.0,,,150.0,50.0,
427,sBENDUSDT,29301,Spot,BEND / USDT,,,,,,,USDT,,,,8,8,6,,,,BENDUSDT is a BEND/USDT spot trading pair. Minimum order value is 1 USDT,Delisted,1500000,1651917600000,,,,,,,BEND,0.1 BEND,1000.0,0.000001 USDT,100.0,1.0,2.0,1 USDT,100000000.0,"7,000,000 BEND",70000000000.0,"500,000 USDT",50000000000000.0,0.001,100000.0,0.001,100000.0,,,110.0,90.0,
428,sBLOKUSDT,29401,Spot,BLOK / USDT,,,,,,,USDT,,,,8,8,6,,,,BLOKUSDT is a BLOK/USDT spot trading pair. Minimum order value is 1 USDT,Delisted,6500000,1651917600000,,,,,,,BLOK,0.1 BLOK,1000.0,0.000001 USDT,100.0,1.0,2.0,1 USDT,100000000.0,"30,000,000 BLOK",300000000000.0,"500,000 USDT",50000000000000.0,0.001,100000.0,0.001,100000.0,,,150.0,50.0,
429,sNESTUSDT,29501,Spot,NEST / USDT,,,,,,,USDT,,,,8,8,6,,,,NESTUSDT is a NEST/USDT spot trading pair. Minimum order value is 1 USDT,Delisted,3500000,1651917600000,,,,,,,NEST,0.1 NEST,1000.0,0.000001 USDT,100.0,1.0,2.0,1 USDT,100000000.0,"18,000,000 NEST",180000000000.0,"500,000 USDT",50000000000000.0,0.001,100000.0,0.001,100000.0,,,150.0,50.0,
430,sMDTUSDT,29601,Spot,MDT / USDT,,,,,,,USDT,,,,8,8,5,,,,MDTUSDT is a MDT/USDT spot trading pair. Minimum order value is 1 USDT,Delisted,1700000,1651917600000,,,,,,,MDT,0.1 MDT,1000.0,0.00001 USDT,1000.0,1.0,2.0,1 USDT,100000000.0,"8,000,000 MDT",80000000000.0,"500,000 USDT",50000000000000.0,0.001,100000.0,0.001,100000.0,,,110.0,90.0,
431,sTRVLUSDT,29701,Spot,TRVL / USDT,,,,,,,USDT,,,,8,8,5,,,,TRVLUSDT is a TRVL/USDT spot trading pair. Minimum order value is 1 USDT,Delisted,550000,1651917600000,,,,,,,TRVL,0.01 TRVL,100.0,0.00001 USDT,1000.0,2.0,2.0,1 USDT,100000000.0,"2,500,000 TRVL",25000000000.0,"500,000 USDT",50000000000000.0,0.001,100000.0,0.001,100000.0,,,150.0,50.0,
432,sPHAUSDT,29801,Spot,PHA / USDT,,,,,,,USDT,,,,8,8,4,,,,PHAUSDT is a PHA/USDT spot trading pair. Minimum order value is 1 USDT,Listed,330000,1651917600000,,,,,,,PHA,0.01 PHA,1000000.0,0.0001 USDT,10000.0,2.0,2.0,1 USDT,100000000.0,"1,500,000 PHA",150000000000000.0,"500,000 USDT",50000000000000.0,0.001,100000.0,0.001,100000.0,,,110.0,90.0,
433,sTOMOUSDT,29901,Spot,TOMO / USDT,,,,,,,USDT,,,,8,8,4,,,,TOMOUSDT is a TOMO/USDT spot trading pair. Minimum order value is 1 USDT,Delisted,80000,1651917600000,,,,,,,TOMO,0.01 TOMO,1000000.0,0.0001 USDT,10000.0,2.0,2.0,1 USDT,100000000.0,"400,000 TOMO",40000000000000.0,"500,000 USDT",50000000000000.0,0.001,100000.0,0.001,100000.0,,,110.0,90.0,
434,sNYMUSDT,30001,Spot,NYM / USDT,,,,,,,USDT,,,,8,8,5,,,,NYMUSDT is a NYM/USDT spot trading pair. Minimum order value is 1 USDT,Delisted,70000,1651917600000,,,,,,,NYM,0.01 NYM,1000000.0,0.00001 USDT,1000.0,2.0,2.0,1 USDT,100000000.0,"350,000 NYM",35000000000000.0,"500,000 USDT",50000000000000.0,0.001,100000.0,0.001,100000.0,,,150.0,50.0,
435,sGALUSDT,30101,Spot,GAL / USDT,,,,,,,USDT,,,,8,8,3,,,,GALUSDT is a GAL/USDT spot trading pair. Minimum order value is 1 USDT,Delisted,35000,1652176800000,,,,,,,GAL,0.001 GAL,100000.0,0.001 USDT,100000.0,3.0,2.0,1 USDT,100000000.0,"180,000 GAL",18000000000000.0,"500,000 USDT",50000000000000.0,0.001,100000.0,0.001,100000.0,,,110.0,90.0,
436,sUSNUSDT,30201,Spot,USN / USDT,,,,,,,USDT,,,,8,8,5,,,,USNUSDT is a USN/USDT spot trading pair. Minimum order value is 1 USDT,Delisted,100000,1690441200000,,,,,,,USN,0.01 USN,1000000.0,0.00001 USDT,1000.0,2.0,2.0,1 USDT,100000000.0,"500,000 USN",50000000000000.0,"500,000 USDT",50000000000000.0,0.001,100000.0,0.001,100000.0,,,110.0,90.0,
437,sEPXUSDT,30301,Spot,EPX / USDT,,,,,,,USDT,,,,8,8,7,,,,EPXUSDT is a EPX/USDT spot trading pair. Minimum order value is 1 USDT,Delisted,160000000,1653991200000,,,,,,,EPX,0.1 EPX,1000.0,0.0000001 USDT,10.0,1.0,2.0,1 USDT,100000000.0,"800,000,000 EPX",8000000000000.0,"500,000 USDT",50000000000000.0,0.001,100000.0,0.001,100000.0,124900.0,300000.0,110.0,90.0,
438,sGSTUSDT,30401,Spot,GST / USDT,,,,,,,USDT,,,,8,8,5,,,,GSTUSDT is a GST/USDT spot trading pair. Minimum order value is 1 USDT,Delisted,1200000,1653991200000,,,,,,,GST,0.001 GST,100000.0,0.00001 USDT,1000.0,3.0,2.0,1 USDT,100000000.0,"6,000,000 GST",600000000000000.0,"500,000 USDT",50000000000000.0,0.001,100000.0,0.001,100000.0,112100000.0,300000.0,150.0,50.0,
439,sOGNUSDT,30901,Spot,OGN / USDT,,,,,,,USDT,,,,8,8,4,,,,OGNUSDT is a OGN/USDT spot trading pair. Minimum order value is 1 USDT,Delisted,400000,1655294400000,,,,,,,OGN,0.01 OGN,1000000.0,0.0001 USDT,10000.0,2.0,2.0,1 USDT,100000000.0,"2,000,000 OGN",200000000000000.0,"500,000 USDT",50000000000000.0,0.001,100000.0,0.001,100000.0,20000000.0,300000.0,110.0,90.0,
440,sBITUSDT,31601,Spot,BIT / USDT,,,,,,,USDT,,,,8,8,5,,,,BITUSDT is a BIT/USDT spot trading pair. Minimum order value is 1 USDT,Delisted,240000,1689566399000,,,,,,,BIT,0.01 BIT,1000000.0,0.00001 USDT,1000.0,2.0,2.0,1 USDT,100000000.0,"1,200,000 BIT",120000000000000.0,"500,000 USDT",50000000000000.0,0.001,100000.0,0.001,100000.0,40000000.0,300000.0,150.0,50.0,
441,sUSDDUSDT,34001,Spot,USDD / USDT,,,,,,,USDT,,,,8,8,5,,,,USDDUSDT is a USDD/USDT spot trading pair. Minimum order value is 1 USDT,Delisted,100000,1653991200000,,,,,,,USDD,0.01 USDD,1000000.0,0.00001 USDT,1000.0,2.0,2.0,1 USDT,100000000.0,"400,000 USDD",40000000000000.0,"500,000 USDT",50000000000000.0,0.001,100000.0,0.001,100000.0,99780000.0,300000.0,150.0,50.0,
442,sBUSDUSDT,34101,Spot,BUSD / USDT,,,,,,,USDT,,,,8,8,4,,,,BUSDUSDT is a BUSD/USDT spot trading pair. Minimum order value is 1 USDT,Delisted,100000,1653991200000,,,,,,,BUSD,0.01 BUSD,1000000.0,0.0001 USDT,10000.0,2.0,2.0,1 USDT,100000000.0,"400,000 BUSD",40000000000000.0,"500,000 USDT",50000000000000.0,0.001,100000.0,0.001,100000.0,99807000.0,300000.0,110.0,90.0,
443,sBUSDUSDC,34141,Spot,BUSD / USDC,,,,,,,USDC,,,,8,8,4,,,,BUSDUSDC is a BUSD/USDC spot trading pair. Minimum order value is 1 USDC,Delisted,100000,1659614400000,,,,,,,BUSD,0.01 BUSD,1000000.0,0.0001 USDC,10000.0,2.0,2.0,1 USDC,100000000.0,"400,000 BUSD",40000000000000.0,"500,000 USDC",50000000000000.0,0.001,100000.0,0.001,100000.0,0.0,300000.0,110.0,90.0,
444,sLUNAUSDT,34201,Spot,LUNA / USDT,,,,,,,USDT,,,,8,8,4,,,,LUNAUSDT is a LUNA/USDT spot trading pair. Minimum order value is 1 USDT,Listed,10000,1654140600000,,,,,,,LUNA,0.01 LUNA,1000000.0,0.0001 USDT,10000.0,2.0,2.0,1 USDT,100000000.0,"100,000 LUNA",10000000000000.0,"500,000 USDT",50000000000000.0,0.001,100000.0,0.001,100000.0,643679000.0,300000.0,110.0,90.0,
445,sLUNCUSDT,34301,Spot,LUNC / USDT,,,,,,,USDT,,,,8,8,8,,,,LUNCUSDT is a LUNC/USDT spot trading pair. Minimum order value is 1 USDT,Listed,500000000,1654140600000,,,,,,,LUNC,1 LUNC,100.0,0.00000001 USDT,1.0,0.0,2.0,1 USDT,100000000.0,"2,000,000,000 LUNC",200000000000.0,"500,000 USDT",50000000000000.0,0.001,100000.0,0.001,100000.0,9609.0,300000.0,150.0,50.0,
446,sREVOUSDT,34401,Spot,REVO / USDT,,,,,,,USDT,,,,8,8,5,,,,REVOUSDT is a REVO/USDT spot trading pair. Minimum order value is 1 USDT,Delisted,150000,1655737200000,,,,,,,REVO,0.01 REVO,1000000.0,0.00001 USDT,1000.0,2.0,2.0,1 USDT,100000000.0,"800,000 REVO",80000000000000.0,"500,000 USDT",50000000000000.0,0.001,100000.0,0.001,100000.0,60000000.0,300000.0,150.0,50.0,
447,sOPUSDT,34501,Spot,OP / USDT,,,,,,,USDT,,,,8,8,4,,,,OPUSDT is a OP/USDT spot trading pair. Minimum order value is 1 USDT,Listed,156250,1654140600000,,,,,,,OP,0.01 OP,1000000.0,0.0001 USDT,10000.0,2.0,2.0,1 USDT,100000000.0,"625,000 OP",62500000000000.0,"500,000 USDT",50000000000000.0,0.001,100000.0,0.001,100000.0,170000000.0,300000.0,110.0,90.0,5.0
448,sOPUSDC,34541,Spot,OP / USDC,,,,,,,USDC,,,,8,8,4,,,,OPUSDC is a OP/USDC spot trading pair. Minimum order value is 1 USDC,Listed,156250,1659614400000,,,,,,,OP,0.01 OP,1000000.0,0.0001 USDC,10000.0,2.0,2.0,1 USDC,100000000.0,"625,000 OP",62500000000000.0,"500,000 USDC",50000000000000.0,0.001,100000.0,0.001,100000.0,0.0,300000.0,110.0,90.0,
449,sCROUSDT,34601,Spot,CRO / USDT,,,,,,,USDT,,,,8,8,5,,,,CROUSDT is a CRO/USDT spot trading pair. Minimum order value is 1 USDT,Listed,500000,1756371600000,,,,,,,CRO,0.01 CRO,1000000.0,0.00001 USDT,1000.0,2.0,2.0,1 USDT,100000000.0,"2,000,000 CRO",200000000000000.0,"500,000 USDT",50000000000000.0,0.001,100000.0,0.001,100000.0,17720000.0,300000.0,150.0,50.0,
450,sCROUSDC,34641,Spot,CRO / USDC,,,,,,,USDC,,,,8,8,5,,,,CROUSDC is a CRO/USDC spot trading pair. Minimum order value is 1 USDC,Delisted,500000,1659614400000,,,,,,,CRO,0.01 CRO,1000000.0,0.00001 USDC,1000.0,2.0,2.0,1 USDC,100000000.0,"2,500,000 CRO",250000000000000.0,"500,000 USDC",50000000000000.0,0.001,100000.0,0.001,100000.0,0.0,300000.0,110.0,90.0,
451,sSTETHUSDT,34701,Spot,STETH / USDT,,,,,,,USDT,,,,8,8,2,,,,STETHUSDT is a STETH/USDT spot trading pair. Minimum order value is 1 USDT,Delisted,60,1655035200000,,,,,,,STETH,0.00001 STETH,1000.0,0.01 USDT,1000000.0,5.0,2.0,1 USDT,100000000.0,300 STETH,30000000000.0,"500,000 USDT",50000000000000.0,0.001,100000.0,0.001,100000.0,140000000000.0,300000.0,150.0,50.0,
452,sSTETHUSDC,34741,Spot,STETH / USDC,,,,,,,USDC,,,,8,8,2,,,,STETHUSDC is a STETH/USDC spot trading pair. Minimum order value is 1 USDC,Delisted,60,1659614400000,,,,,,,STETH,0.00001 STETH,1000.0,0.01 USDC,1000000.0,5.0,2.0,1 USDC,100000000.0,300 STETH,30000000000.0,"500,000 USDC",50000000000000.0,0.001,100000.0,0.001,100000.0,0.0,300000.0,110.0,90.0,
453,sVGXUSDT,34801,Spot,VGX / USDT,,,,,,,USDT,,,,8,8,4,,,,VGXUSDT is a VGX/USDT spot trading pair. Minimum order value is 1 USDT,Delisted,200000,1655989200000,,,,,,,VGX,0.01 VGX,1000000.0,0.0001 USDT,10000.0,2.0,2.0,1 USDT,100000000.0,"1,000,000 VGX",100000000000000.0,"500,000 USDT",50000000000000.0,0.001,100000.0,0.001,100000.0,46500000.0,300000.0,110.0,90.0,
454,sNEXOUSDT,34901,Spot,NEXO / USDT,,,,,,,USDT,,,,8,8,3,,,,NEXOUSDT is a NEXO/USDT spot trading pair. Minimum order value is 1 USDT,Listed,130000,1656115200000,,,,,,,NEXO,0.01 NEXO,1000000.0,0.001 USDT,100000.0,2.0,2.0,1 USDT,100000000.0,"600,000 NEXO",60000000000000.0,"500,000 USDT",50000000000000.0,0.001,100000.0,0.001,100000.0,71873100.0,300000.0,110.0,90.0,
455,sCELUSDT,35001,Spot,CEL / USDT,,,,,,,USDT,,,,8,8,5,,,,CELUSDT is a CEL/USDT spot trading pair. Minimum order value is 1 USDT,Delisted,100000,1656115200000,,,,,,,CEL,0.01 CEL,100.0,0.00001 USDT,1000.0,2.0,2.0,1 USDT,100000000.0,"500,000 CEL",5000000000.0,"500,000 USDT",50000000000000.0,0.001,100000.0,0.001,100000.0,97604400.0,300000.0,150.0,50.0,
456,sLDOUSDT,35101,Spot,LDO / USDT,,,,,,,USDT,,,,8,8,4,,,,LDOUSDT is a LDO/USDT spot trading pair. Minimum order value is 1 USDT,Listed,100000,1656115200000,,,,,,,LDO,0.01 LDO,1000000.0,0.0001 USDT,10000.0,2.0,2.0,1 USDT,100000000.0,"400,000 LDO",40000000000000.0,"500,000 USDT",50000000000000.0,0.001,100000.0,0.001,100000.0,54223600.0,300000.0,110.0,90.0,5.0
457,sMULTIUSDT,35201,Spot,MULTI / USDT,,,,,,,USDT,,,,8,8,3,,,,MULTIUSDT is a MULTI/USDT spot trading pair. Minimum order value is 1 USDT,Delisted,30000,1656115200000,,,,,,,MULTI,0.01 MULTI,1000000.0,0.001 USDT,100000.0,2.0,2.0,1 USDT,100000000.0,"140,000 MULTI",14000000000000.0,"500,000 USDT",50000000000000.0,0.001,100000.0,0.001,100000.0,334000000.0,300000.0,110.0,90.0,
458,sSWPUSDT,35601,Spot,SWP / USDT,,,,,,,USDT,,,,8,8,6,,,,SWPUSDT is a SWP/USDT spot trading pair. Minimum order value is 1 USDT,Delisted,2000000,1657609200000,,,,,,,SWP,0.1 SWP,10000000.0,0.000001 USDT,100.0,1.0,2.0,1 USDT,100000000.0,"10,000,000 SWP",1000000000000000.0,"500,000 USDT",50000000000000.0,0.001,100000.0,0.001,100000.0,5000000.0,300000.0,150.0,50.0,
459,sWWYUSDT,35701,Spot,WWY / USDT,,,,,,,USDT,,,,8,8,6,,,,WWYUSDT is a WWY/USDT spot trading pair. Minimum order value is 1 USDT,Delisted,2500000,1656680400000,,,,,,,WWY,0.1 WWY,1000.0,0.000001 USDT,100.0,1.0,2.0,1 USDT,100000000.0,"12,500,000 WWY",125000000000.0,"500,000 USDT",50000000000000.0,0.001,100000.0,0.001,100000.0,3400000.0,18000000.0,150.0,50.0,
460,sBRZUSDT,36501,Spot,BRZ / USDT,,,,,,,USDT,,,,8,8,5,,,,BRZUSDT is a BRZ/USDT spot trading pair. Minimum order value is 1 USDT,Delisted,500000,1664283600000,,,,,,,BRZ,0.01 BRZ,100.0,0.00001 USDT,1000.0,2.0,2.0,1 USDT,100000000.0,"2,500,000 BRZ",25000000000.0,"500,000 USDT",50000000000000.0,0.001,100000.0,0.001,100000.0,,,110.0,90.0,
461,sBRZUSDC,36541,Spot,BRZ / USDC,,,,,,,USDC,,,,8,8,5,,,,BRZUSDC is a BRZ/USDC spot trading pair. Minimum order value is 1 USDC,Delisted,500000,1664283600000,,,,,,,BRZ,0.01 BRZ,100.0,0.00001 USDC,1000.0,2.0,2.0,1 USDC,100000000.0,"2,500,000 BRZ",25000000000.0,"500,000 USDC",50000000000000.0,0.001,100000.0,0.001,100000.0,,,110.0,90.0,
462,sLEVERUSDT,36601,Spot,LEVER / USDT,,,,,,,USDT,,,,8,8,6,,,,LEVERUSDT is a LEVER/USDT spot trading pair. Minimum order value is 1 USDT,Delisted,80000000,1658487600000,,,,,,,LEVER,1 LEVER,10000.0,0.000001 USDT,100.0,0.0,2.0,1 USDT,100000000.0,"400,000,000 LEVER",4000000000000.0,"500,000 USDT",50000000000000.0,0.001,100000.0,0.001,100000.0,326600.0,300000.0,110.0,90.0,
463,sTKBUSDT,36701,Spot,TKB / USDT,,,,,,,USDT,,,,8,8,5,,,,TKBUSDT is a TKB/USDT spot trading pair. Minimum order value is 1 USDT,Delisted,9000000,1662033600000,,,,,,,TKB,0.001 TKB,100000.0,0.00001 USDT,1000.0,3.0,2.0,1 USDT,100000000.0,"45,000,000 TKB",4500000000000000.0,"500,000 USDT",50000000000000.0,0.001,100000.0,0.001,100000.0,1000000.0,300000.0,150.0,50.0,
464,s1000VOLTUSDT,36801,Spot,VOLT(1K) / USDT,,,,,,,USDT,,,,8,8,7,,,,1000VOLTUSDT is a 1000VOLT/USDT spot trading pair. Minimum order value is 1 USDT,Delisted,90000000,1659009600000,,,,,,,1000VOLT,0.1 1000VOLT,1000.0,0.0000001 USDT,10.0,1.0,2.0,1 USDT,100000000.0,"450,000,000 1000VOLT",4500000000000.0,"500,000 USDT",50000000000000.0,0.001,100000.0,0.001,100000.0,81810.0,300000.0,150.0,50.0,
465,s1000000BABYDOGEUSDT,36901,Spot,1000000BABYDOGE / USDT,,,,,,,USDT,,,,8,8,7,,,,1000000BABYDOGEUSDT is a 1000000BABYDOGE/USDT spot trading pair. Minimum order value is 1 USDT,Listed,62500000,1726660800000,,,,,,,1000000BABYDOGE,1 1000000BABYDOGE,10000.0,0.0000001 USDT,10.0,0.0,2.0,1 USDT,100000000.0,"250,000,000 1000000BABYDOGE",2500000000000.0,"500,000 USDT",50000000000000.0,0.001,100000.0,0.001,100000.0,,,150.0,50.0,
466,sETHWUSDT,37601,Spot,ETHW / USDT,,,,,,,USDT,,,,8,8,2,,,,ETHWUSDT is a ETHW/USDT spot trading pair. Minimum order value is 1 USDT,Delisted,600,1663682400000,,,,,,,ETHW,0.00001 ETHW,1000.0,0.01 USDT,1000000.0,5.0,2.0,1 USDT,100000000.0,"3,000 ETHW",300000000000.0,"500,000 USDT",50000000000000.0,0.001,100000.0,0.001,100000.0,680000000.0,300000.0,150.0,50.0,
467,sETHSUSDT,37701,Spot,ETHS / USDT,,,,,,,USDT,,,,8,8,2,,,,ETHSUSDT is a ETHS/USDT spot trading pair. Minimum order value is 1 USDT,Delisted,60,1661256000000,,,,,,,ETHS,0.00001 ETHS,1000.0,0.01 USDT,1000000.0,5.0,2.0,1 USDT,100000000.0,300 ETHS,30000000000.0,"500,000 USDT",50000000000000.0,0.001,100000.0,0.001,100000.0,0.0,300000.0,150.0,50.0,
468,sCMPUSDT,38301,Spot,CMP / USDT,,,,,,,USDT,,,,8,8,4,,,,CMPUSDT is a CMP/USDT spot trading pair. Minimum order value is 1 USDT,Delisted,50000,1690441200000,,,,,,,CMP,0.01 CMP,1000000.0,0.0001 USDT,10000.0,2.0,2.0,1 USDT,100000000.0,"250,000 CMP",25000000000000.0,"500,000 USDT",50000000000000.0,0.001,100000.0,0.001,100000.0,,,150.0,50.0,
469,s1000BRISEUSDT,38601,Spot,BRISE(1K) / USDT,,,,,,,USDT,,,,8,8,7,,,,1000BRISEUSDT is a 1000BRISE/USDT spot trading pair. Minimum order value is 1 USDT,Delisted,120000000,1663160400000,,,,,,,1000BRISE,0.1 1000BRISE,1000.0,0.0000001 USDT,10.0,1.0,2.0,1 USDT,100000000.0,"600,000,000 1000BRISE",6000000000000.0,"500,000 USDT",50000000000000.0,0.001,100000.0,0.001,100000.0,40000.0,300000.0,150.0,50.0,
470,sDCUSDT,38701,Spot,DC / USDT,,,,,,,USDT,,,,8,8,7,,,,DCUSDT is a DC/USDT spot trading pair. Minimum order value is 1 USDT,Delisted,40000000,1663927200000,,,,,,,DC,0.1 DC,1000.0,0.0000001 USDT,10.0,1.0,2.0,1 USDT,100000000.0,"200,000,000 DC",2000000000000.0,"500,000 USDT",50000000000000.0,0.001,100000.0,0.001,100000.0,90000.0,300000.0,150.0,50.0,
471,sGMTTUSDT,38901,Spot,GoMining / USDT,,,,,,,USDT,,,,8,8,6,,,,GMTTUSDT is a GMTT/USDT spot trading pair. Minimum order value is 1 USDT,Delisted,1000000,1664190000000,,,,,,,GMTT,0.1 GMTT,10000000.0,0.000001 USDT,100.0,1.0,2.0,1 USDT,100000000.0,"5,000,000 GMTT",500000000000000.0,"500,000 USDT",50000000000000.0,0.001,100000.0,0.001,100000.0,10000000.0,300000.0,150.0,50.0,
472,sSUUSDT,39001,Spot,SU / USDT,,,,,,,USDT,,,,8,8,5,,,,SUUSDT is a SU/USDT spot trading pair. Minimum order value is 1 USDT,Delisted,1000000,1663934400000,,,,,,,SU,0.1 SU,10000000.0,0.00001 USDT,1000.0,1.0,2.0,1 USDT,100000000.0,"5,000,000 SU",500000000000000.0,"500,000 USDT",50000000000000.0,0.001,100000.0,0.001,100000.0,10000000.0,300000.0,150.0,50.0,
473,s1000VINUUSDT,39201,Spot,VINU(1K) / USDT,,,,,,,USDT,,,,8,8,8,,,,1000VINUUSDT is a 1000VINU/USDT spot trading pair. Minimum order value is 1 USDT,Delisted,4500000000,1664524800000,,,,,,,1000VINU,1 1000VINU,100.0,0.00000001 USDT,1.0,0.0,2.0,1 USDT,100000000.0,"20,000,000,000 1000VINU",2000000000000.0,"500,000 USDT",50000000000000.0,0.001,100000.0,0.001,100000.0,1500.0,300000.0,150.0,50.0,
474,sFLUXUSDT,39901,Spot,FLUX / USDT,,,,,,,USDT,,,,8,8,4,,,,FLUXUSDT is a FLUX/USDT spot trading pair. Minimum order value is 1 USDT,Listed,120000,1665748800000,,,,,,,FLUX,0.01 FLUX,1000000.0,0.0001 USDT,10000.0,2.0,2.0,1 USDT,100000000.0,"600,000 FLUX",60000000000000.0,"500,000 USDT",50000000000000.0,0.001,100000.0,0.001,100000.0,75000000.0,300000.0,150.0,50.0,
475,sJOTUSDT,40201,Spot,JOT / USDT,,,,,,,USDT,,,,8,8,5,,,,JOTUSDT is a JOT/USDT spot trading pair. Minimum order value is 1 USDT,Delisted,10000000,1668600000000,,,,,,,JOT,0.1 JOT,10000000.0,0.00001 USDT,1000.0,1.0,2.0,1 USDT,100000000.0,"5,000,000 JOT",500000000000000.0,"500,000 USDT",50000000000000.0,0.001,100000.0,0.001,100000.0,10000000.0,300000.0,150.0,50.0,
476,sHTUSDT,40601,Spot,HT / USDT,,,,,,,USDT,,,,8,8,4,,,,HTUSDT is a HT/USDT spot trading pair. Minimum order value is 1 USDT,Delisted,18000,1665748800000,,,,,,,HT,0.001 HT,100000.0,0.0001 USDT,10000.0,3.0,2.0,1 USDT,100000000.0,"80,000 HT",8000000000000.0,"500,000 USDT",50000000000000.0,0.001,100000.0,0.001,100000.0,500000000.0,300000.0,150.0,50.0,
477,sJSTUSDT,40701,Spot,JST / USDT,,,,,,,USDT,,,,8,8,5,,,,JSTUSDT is a JST/USDT spot trading pair. Minimum order value is 1 USDT,Listed,3125000,1745920800000,,,,,,,JST,0.01 JST,1000000.0,0.00001 USDT,1000.0,2.0,2.0,1 USDT,100000000.0,"12,500,000 JST",1250000000000000.0,"500,000 USDT",50000000000000.0,0.001,100000.0,0.001,100000.0,,,150.0,50.0,
478,sXENUSDT,40801,Spot,XEN / USDT,,,,,,,USDT,,,,8,8,7,,,,XENUSDT is a XEN/USDT spot trading pair. Minimum order value is 1 USDT,Delisted,400000000,1665748800000,,,,,,,XEN,0.1 XEN,1000.0,0.0000001 USDT,10.0,1.0,2.0,1 USDT,100000000.0,"2,000,000,000 XEN",20000000000000.0,"500,000 USDT",50000000000000.0,0.001,100000.0,0.001,100000.0,22200.0,300000.0,150.0,50.0,
479,sUTKUSDT,40901,Spot,UTK / USDT,,,,,,,USDT,,,,8,8,4,,,,UTKUSDT is a UTK/USDT spot trading pair. Minimum order value is 1 USDT,Delisted,800000,1665748800000,,,,,,,UTK,0.01 UTK,1000000.0,0.0001 USDT,10000.0,2.0,2.0,1 USDT,100000000.0,"4,000,000 UTK",400000000000000.0,"500,000 USDT",50000000000000.0,0.001,100000.0,0.001,100000.0,12000000.0,300000.0,150.0,50.0,
480,sNCTUSDT,41001,Spot,NCT / USDT,,,,,,,USDT,,,,8,8,6,,,,NCTUSDT is a NCT/USDT spot trading pair. Minimum order value is 1 USDT,Delisted,9000000,1665748800000,,,,,,,NCT,0.01 NCT,1000000.0,0.000001 USDT,100.0,2.0,2.0,1 USDT,100000000.0,"45,000,000 NCT",4500000000000000.0,"500,000 USDT",50000000000000.0,0.001,100000.0,0.001,100000.0,1000000.0,300000.0,150.0,50.0,
481,sETHAUSDT,41101,Spot,ETHA / USDT,,,,,,,USDT,,,,8,8,6,,,,ETHAUSDT is a ETHA/USDT spot trading pair. Minimum order value is 1 USDT,Delisted,3000000,1665748800000,,,,,,,ETHA,0.01 ETHA,1000000.0,0.000001 USDT,100.0,2.0,2.0,1 USDT,100000000.0,"15,000,000 ETHA",1500000000000000.0,"500,000 USDT",50000000000000.0,0.001,100000.0,0.001,100000.0,3000000.0,300000.0,150.0,50.0,
482,sPOLYXUSDT,41201,Spot,POLYX / USDT,,,,,,,USDT,,,,8,8,4,,,,POLYXUSDT is a POLYX/USDT spot trading pair. Minimum order value is 1 USDT,Listed,225000,1712829600000,,,,,,,POLYX,0.01 POLYX,10000.0,0.0001 USDT,10000.0,2.0,2.0,1 USDT,100000000.0,"900,000 POLYX",900000000000.0,"500,000 USDT",50000000000000.0,0.001,100000.0,0.001,100000.0,20000000.0,300000.0,150.0,50.0,
483,s1000000PITUSDT,41301,Spot,PIT(1M) / USDT,,,,,,,USDT,,,,8,8,7,,,,1000000PITUSDT is a 1000000PIT/USDT spot trading pair. Minimum order value is 1 USDT,Delisted,200000000,1666353600000,,,,,,,1000000PIT,0.1 1000000PIT,100.0,0.0000001 USDT,10.0,1.0,2.0,1 USDT,100000000.0,"1,000,000,000 1000000PIT",1000000000000.0,"500,000 USDT",50000000000000.0,0.001,100000.0,0.001,100000.0,49300.0,300000.0,150.0,50.0,
484,sFNDUSDT,41401,Spot,FND / USDT,,,,,,,USDT,,,,8,8,6,,,,FNDUSDT is a FND/USDT spot trading pair. Minimum order value is 1 USDT,Delisted,4500000,1666094400000,,,,,,,FND,0.01 FND,1000000.0,0.000001 USDT,100.0,2.0,2.0,1 USDT,100000000.0,"20,000,000 FND",2000000000000000.0,"500,000 USDT",50000000000000.0,0.001,100000.0,0.001,100000.0,50000.0,300000.0,150.0,50.0,
485,sAPTUSDT,42101,Spot,APT / USDT,,,,,,,USDT,,,,8,8,3,,,,APTUSDT is a APT/USDT spot trading pair. Minimum order value is 1 USDT,Listed,30000,1666332000000,,,,,,,APT,0.01 APT,1000000.0,0.001 USDT,100000.0,2.0,2.0,1 USDT,100000000.0,"120,000 APT",12000000000000.0,"500,000 USDT",50000000000000.0,0.001,100000.0,0.001,100000.0,400000000.0,300000.0,150.0,50.0,5.0
486,sREDOLDUSDT,42201,Spot,REDOLD / USDT,,,,,,,USDT,,,,8,8,8,,,,REDOLDUSDT is a REDOLD/USDT spot trading pair. Minimum order value is 1 USDT,Delisted,220000000,1667212200000,,,,,,,REDOLD,1 REDOLD,10000.0,0.00000001 USDT,1.0,0.0,2.0,1 USDT,100000000.0,"1,000,000,000 REDOLD",10000000000000.0,"500,000 USDT",50000000000000.0,0.001,100000.0,0.001,100000.0,300000.0,300000.0,150.0,50.0,
487,sTHEOLDUSDT,42301,Spot,THEOLD / USDT,,,,,,,USDT,,,,8,8,6,,,,THEOLDUSDT is a THEOLD/USDT spot trading pair. Minimum order value is 1 USDT,Delisted,3000000,1666353600000,,,,,,,THEOLD,0.01 THEOLD,1000000.0,0.000001 USDT,100.0,2.0,2.0,1 USDT,100000000.0,"15,000,000 THEOLD",1500000000000000.0,"500,000 USDT",50000000000000.0,0.001,100000.0,0.001,100000.0,3000000.0,300000.0,150.0,50.0,
488,sPSGUSDT,42401,Spot,PSG / USDT,,,,,,,USDT,,,,8,8,4,,,,PSGUSDT is a PSG/USDT spot trading pair. Minimum order value is 1 USDT,Delisted,15000,1667376000000,,,,,,,PSG,0.01 PSG,1000000.0,0.0001 USDT,10000.0,2.0,2.0,1 USDT,100000000.0,"534,644 PSG",53464400000000.0,"500,000 USDT",50000000000000.0,0.001,100000.0,0.001,100000.0,650000000.0,300000.0,150.0,50.0,
489,sCITYUSDT,42501,Spot,CITY / USDT,,,,,,,USDT,,,,8,8,3,,,,CITYUSDT is a CITY/USDT spot trading pair. Minimum order value is 1 USDT,Delisted,17000,1667376000000,,,,,,,CITY,0.001 CITY,100000.0,0.001 USDT,100000.0,3.0,2.0,1 USDT,100000000.0,"80,000 CITY",8000000000000.0,"500,000 USDT",50000000000000.0,0.001,100000.0,0.001,100000.0,550000000.0,300000.0,150.0,50.0,
490,sJUVUSDT,42601,Spot,JUV / USDT,,,,,,,USDT,,,,8,8,3,,,,JUVUSDT is a JUV/USDT spot trading pair. Minimum order value is 1 USDT,Listed,25000,1667376000000,,,,,,,JUV,0.001 JUV,100000.0,0.001 USDT,100000.0,3.0,2.0,1 USDT,100000000.0,"120,000 JUV",12000000000000.0,"500,000 USDT",50000000000000.0,0.001,100000.0,0.001,100000.0,350000000.0,300000.0,150.0,50.0,
491,sATMUSDT,42701,Spot,ATM / USDT,,,,,,,USDT,,,,8,8,3,,,,ATMUSDT is a ATM/USDT spot trading pair. Minimum order value is 1 USDT,Delisted,30000,1667376000000,,,,,,,ATM,0.001 ATM,100000.0,0.001 USDT,100000.0,3.0,2.0,1 USDT,100000000.0,"150,000 ATM",15000000000000.0,"500,000 USDT",50000000000000.0,0.001,100000.0,0.001,100000.0,300000000.0,300000.0,150.0,50.0,
492,sASRUSDT,42801,Spot,ASR / USDT,,,,,,,USDT,,,,8,8,3,,,,ASRUSDT is a ASR/USDT spot trading pair. Minimum order value is 1 USDT,Listed,78125,1746615600000,,,,,,,ASR,0.001 ASR,100000.0,0.001 USDT,100000.0,3.0,2.0,1 USDT,100000000.0,"312,500 ASR",31250000000000.0,"500,000 USDT",50000000000000.0,0.001,100000.0,0.001,100000.0,,,150.0,50.0,
493,sBARUSDT,42901,Spot,BAR / USDT,,,,,,,USDT,,,,8,8,4,,,,BARUSDT is a BAR/USDT spot trading pair. Minimum order value is 1 USDT,Delisted,23000,1667376000000,,,,,,,BAR,0.1 BAR,10000000.0,0.0001 USDT,10000.0,1.0,2.0,1 USDT,100000000.0,"915,248 BAR",91524800000000.0,"500,000 USDT",50000000000000.0,0.001,100000.0,0.001,100000.0,400000000.0,300000.0,150.0,50.0,
494,sGMXUSDT,43101,Spot,GMX / USDT,,,,,,,USDT,,,,8,8,2,,,,GMXUSDT is a GMX/USDT spot trading pair. Minimum order value is 1 USDT,Listed,2000,1676023200000,,,,,,,GMX,0.0001 GMX,10000.0,0.01 USDT,1000000.0,4.0,2.0,1 USDT,100000000.0,"8,000 GMX",800000000000.0,"500,000 USDT",50000000000000.0,0.001,100000.0,0.001,100000.0,,,150.0,50.0,5.0
495,sPLCUUSDT,43201,Spot,PLCU / USDT,,,,,,,USDT,,,,8,8,2,,,,PLCUUSDT is a PLCU/USDT spot trading pair. Minimum order value is 1 USDT,Delisted,60,1667995200000,,,,,,,PLCU,0.00001 PLCU,1000.0,0.01 USDT,1000000.0,5.0,2.0,1 USDT,100000000.0,300 PLCU,30000000000.0,"500,000 USDT",50000000000000.0,0.001,100000.0,0.001,100000.0,100000000000.0,300000.0,150.0,50.0,
496,sGLEECUSDT,43301,Spot,GLEEC / USDT,,,,,,,USDT,,,,8,8,6,,,,GLEECUSDT is a GLEEC/USDT spot trading pair. Minimum order value is 1 USDT,Delisted,2500000,1667984400000,,,,,,,GLEEC,0.01 GLEEC,1000000.0,0.000001 USDT,100.0,2.0,2.0,1 USDT,100000000.0,"13,000,000 GLEEC",1300000000000000.0,"500,000 USDT",50000000000000.0,0.001,100000.0,0.001,100000.0,3500000.0,300000.0,150.0,50.0,
497,sHFTUSDT,43501,Spot,HFT / USDT,,,,,,,USDT,,,,8,8,6,,,,HFTUSDT is a HFT/USDT spot trading pair. Minimum order value is 1 USDT,Listed,24000,1668081600000,,,,,,,HFT,0.01 HFT,1000000.0,0.000001 USDT,100.0,2.0,2.0,1 USDT,100000000.0,"120,000 HFT",12000000000000.0,"500,000 USDT",50000000000000.0,0.001,100000.0,0.001,100000.0,100000000.0,300000.0,150.0,50.0,
498,sPRMXUSDT,43701,Spot,PRMX / USDT,,,,,,,USDT,,,,8,8,8,,,,PRMXUSDT is a PRMX/USDT spot trading pair. Minimum order value is 1 USDT,Delisted,450000000,1669118400000,,,,,,,PRMX,1 PRMX,100000000.0,0.00000001 USDT,1.0,0.0,2.0,1 USDT,100000000.0,"2,300,000,000 PRMX",2.3e+17,"500,000 USDT",50000000000000.0,0.001,100000.0,0.001,100000.0,2000000.0,300000.0,150.0,50.0,
499,sWCIUSDT,43801,Spot,WCI / USDT,,,,,,,USDT,,,,8,8,6,,,,WCIUSDT is a WCI/USDT spot trading pair. Minimum order value is 1 USDT,Delisted,3600000,1668420000000,,,,,,,WCI,0.01 WCI,1000000.0,0.000001 USDT,100.0,2.0,2.0,1 USDT,100000000.0,"18,000,000 WCI",1800000000000000.0,"500,000 USDT",50000000000000.0,0.001,100000.0,0.001,100000.0,2500000.0,300000.0,150.0,50.0,
500,sCCXUSDT,43901,Spot,CCX / USDT,,,,,,,USDT,,,,8,8,6,,,,CCXUSDT is a CCX/USDT spot trading pair. Minimum order value is 1 USDT,Delisted,1800000,1670403600000,,,,,,,CCX,0.01 CCX,1000000.0,0.000001 USDT,100.0,2.0,2.0,1 USDT,100000000.0,"9,000,000 CCX",900000000000000.0,"500,000 USDT",50000000000000.0,0.001,100000.0,0.001,100000.0,4500000.0,300000.0,150.0,50.0,
501,sVRGWUSDT,44001,Spot,VRGW / USDT,,,,,,,USDT,,,,8,8,7,,,,VRGWUSDT is a VRGW/USDT spot trading pair. Minimum order value is 1 USDT,Delisted,48000000,1669798800000,,,,,,,VRGW,0.1 VRGW,1000.0,0.0000001 USDT,10.0,1.0,2.0,1 USDT,100000000.0,"230,000,000 VRGW",2300000000000.0,"500,000 USDT",50000000000000.0,0.001,100000.0,0.001,100000.0,200000.0,300000.0,150.0,50.0,
502,sARGUSDT,44101,Spot,ARG / USDT,,,,,,,USDT,,,,8,8,4,,,,ARGUSDT is a ARG/USDT spot trading pair. Minimum order value is 1 USDT,Delisted,13000,1669291200000,,,,,,,ARG,0.01 ARG,1000000.0,0.0001 USDT,10000.0,2.0,2.0,1 USDT,100000000.0,"767,340 ARG",76734000000000.0,"500,000 USDT",50000000000000.0,0.001,100000.0,0.001,100000.0,700000000.0,300000.0,150.0,50.0,
503,sINGUSDT,44201,Spot,ING / USDT,,,,,,,USDT,,,,8,8,7,,,,INGUSDT is a ING/USDT spot trading pair. Minimum order value is 1 USDT,Delisted,11000000,1669370400000,,,,,,,ING,0.1 ING,1000.0,0.0000001 USDT,10.0,1.0,2.0,1 USDT,100000000.0,"55,000,000 ING",550000000000.0,"500,000 USDT",50000000000000.0,0.001,100000.0,0.001,100000.0,900000.0,300000.0,150.0,50.0,
504,sBPTCUSDT,45001,Spot,BPTC / USDT,,,,,,,USDT,,,,8,8,5,,,,BPTCUSDT is a BPTC/USDT spot trading pair. Minimum order value is 1 USDT,Delisted,2000000,1669885200000,,,,,,,BPTC,0.01 BPTC,1000000.0,0.00001 USDT,1000.0,2.0,2.0,1 USDT,100000000.0,"10,000,000 BPTC",1000000000000000.0,"500,000 USDT",50000000000000.0,0.001,100000.0,0.001,100000.0,4000000.0,300000.0,150.0,50.0,
505,sHOOKUSDT,45201,Spot,HOOK / USDT,,,,,,,USDT,,,,8,8,4,,,,HOOKUSDT is a HOOK/USDT spot trading pair. Minimum order value is 1 USDT,Delisted,40000,1676023200000,,,,,,,HOOK,0.001 HOOK,100000.0,0.0001 USDT,10000.0,3.0,2.0,1 USDT,100000000.0,"150,000 HOOK",15000000000000.0,"500,000 USDT",50000000000000.0,0.001,100000.0,0.001,100000.0,,,150.0,50.0,
506,sZENIUSDT,45501,Spot,ZENI / USDT,,,,,,,USDT,,,,8,8,7,,,,ZENIUSDT is a ZENI/USDT spot trading pair. Minimum order value is 1 USDT,Delisted,40000000,1671013800000,,,,,,,ZENI,0.1 ZENI,1000.0,0.0000001 USDT,10.0,1.0,2.0,1 USDT,100000000.0,"200,000,000 ZENI",2000000000000.0,"500,000 USDT",50000000000000.0,0.001,100000.0,0.001,100000.0,,,150.0,50.0,
507,sTHETAUSDT,47701,Spot,THETA / USDT,,,,,,,USDT,,,,8,8,4,,,,THETAUSDT is a THETA/USDT spot trading pair. Minimum order value is 1 USDT,Listed,75000,1715853600000,,,,,,,THETA,0.01 THETA,1000000.0,0.0001 USDT,10000.0,2.0,2.0,1 USDT,100000000.0,"300,000 THETA",30000000000000.0,"500,000 USDT",50000000000000.0,0.001,100000.0,0.001,100000.0,,,150.0,50.0,
508,sRUNEUSDT,48001,Spot,RUNE / USDT,,,,,,,USDT,,,,8,8,3,,,,RUNEUSDT is a RUNE/USDT spot trading pair. Minimum order value is 1 USDT,Listed,25000,1717668000000,,,,,,,RUNE,0.01 RUNE,1000000.0,0.001 USDT,100000.0,2.0,2.0,1 USDT,100000000.0,"100,000 RUNE",10000000000000.0,"500,000 USDT",50000000000000.0,0.001,100000.0,0.001,100000.0,,,150.0,50.0,
509,sCELOUSDT,49701,Spot,CELO / USDT,,,,,,,USDT,,,,8,8,4,,,,CELOUSDT is a CELO/USDT spot trading pair. Minimum order value is 1 USDT,Listed,100000,1711015200000,,,,,,,CELO,0.01 CELO,1000000.0,0.0001 USDT,10000.0,2.0,2.0,1 USDT,100000000.0,"400,000 CELO",40000000000000.0,"500,000 USDT",50000000000000.0,0.001,100000.0,0.001,100000.0,,,150.0,50.0,
510,sARUSDT,51201,Spot,AR / USDT,,,,,,,USDT,,,,8,8,4,,,,ARUSDT is a AR/USDT spot trading pair. Minimum order value is 1 USDT,Listed,4000,1710496800000,,,,,,,AR,0.0001 AR,10000.0,0.0001 USDT,10000.0,4.0,2.0,1 USDT,100000000.0,"16,000 AR",1600000000000.0,"500,000 USDT",50000000000000.0,0.001,100000.0,0.001,100000.0,,,150.0,50.0,
511,sKAVAUSDT,53301,Spot,KAVA / USDT,,,,,,,USDT,,,,8,8,4,,,,KAVAUSDT is a KAVA/USDT spot trading pair. Minimum order value is 1 USDT,Listed,375000,1727431200000,,,,,,,KAVA,0.01 KAVA,1000000.0,0.0001 USDT,10000.0,2.0,2.0,1 USDT,100000000.0,"1,500,000 KAVA",150000000000000.0,"500,000 USDT",50000000000000.0,0.001,100000.0,0.001,100000.0,,,150.0,50.0,
512,sLOOTUSDT,54701,Spot,LOOT / USDT,,,,,,,USDT,,,,8,8,5,,,,LOOTUSDT is a LOOT/USDT spot trading pair. Minimum order value is 1 USDT,Delisted,150000,1671613200000,,,,,,,LOOT,0.01 LOOT,1000000.0,0.00001 USDT,1000.0,2.0,2.0,1 USDT,100000000.0,"700,000 LOOT",70000000000000.0,"500,000 USDT",50000000000000.0,0.001,100000.0,0.001,100000.0,,,150.0,50.0,
513,sSKLUSDT,54901,Spot,SKL / USDT,,,,,,,USDT,,,,8,8,5,,,,SKLUSDT is a SKL/USDT spot trading pair. Minimum order value is 1 USDT,Listed,1250000,1711533600000,,,,,,,SKL,1 SKL,10000.0,0.00001 USDT,1000.0,0.0,2.0,1 USDT,100000000.0,"5,000,000 SKL",50000000000.0,"500,000 USDT",50000000000000.0,0.001,100000.0,0.001,100000.0,,,150.0,50.0,
514,sHNTUSDT,55101,Spot,HNT / USDT,,,,,,,USDT,,,,8,8,4,,,,HNTUSDT is a HNT/USDT spot trading pair. Minimum order value is 1 USDT,Listed,15000,1733133600000,,,,,,,HNT,0.001 HNT,100000.0,0.0001 USDT,10000.0,3.0,2.0,1 USDT,100000000.0,"60,000 HNT",6000000000000.0,"500,000 USDT",50000000000000.0,0.001,100000.0,0.001,100000.0,,,150.0,50.0,
515,sLINAUSDT,56501,Spot,LINA / USDT,,,,,,,USDT,,,,8,8,6,,,,LINAUSDT is a LINA/USDT spot trading pair. Minimum order value is 1 USDT,Delisted,17500000,1713434400000,,,,,,,LINA,0.1 LINA,10000000.0,0.000001 USDT,100.0,1.0,2.0,1 USDT,100000000.0,"70,000,000 LINA",7000000000000000.0,"500,000 USDT",50000000000000.0,0.001,100000.0,0.001,100000.0,,,150.0,50.0,
516,sICPUSDT,56801,Spot,ICP / USDT,,,,,,,USDT,,,,8,8,3,,,,ICPUSDT is a ICP/USDT spot trading pair. Minimum order value is 1 USDT,Listed,10000,1716458400000,,,,,,,ICP,0.001 ICP,100000.0,0.001 USDT,100000.0,3.0,2.0,1 USDT,100000000.0,"40,000 ICP",4000000000000.0,"500,000 USDT",50000000000000.0,0.001,100000.0,0.001,100000.0,,,150.0,50.0,5.0
517,sIOTXUSDT,57501,Spot,IOTX / USDT,,,,,,,USDT,,,,8,8,5,,,,IOTXUSDT is a IOTX/USDT spot trading pair. Minimum order value is 1 USDT,Listed,2500000,1708423200000,,,,,,,IOTX,0.001 IOTX,100000.0,0.00001 USDT,1000.0,3.0,2.0,1 USDT,100000000.0,"10,000,000 IOTX",1000000000000000.0,"500,000 USDT",50000000000000.0,0.001,100000.0,0.001,100000.0,,,150.0,50.0,
518,s1000BONKUSDT,59001,Spot,BONK(1K) / USDT,,,,,,,USDT,,,,8,8,7,,,,1000BONKUSDT is a 1000BONK/USDT spot trading pair. Minimum order value is 1 USDT,Listed,50000000,1673352000000,,,,,,,1000BONK,0.1 1000BONK,1000.0,0.0000001 USDT,10.0,1.0,2.0,1 USDT,100000000.0,"200,000,000 1000BONK",2000000000000.0,"500,000 USDT",50000000000000.0,0.001,100000.0,0.001,100000.0,,,150.0,50.0,
519,sMAGICUSDT,59101,Spot,MAGIC / USDT,,,,,,,USDT,,,,8,8,4,,,,MAGICUSDT is a MAGIC/USDT spot trading pair. Minimum order value is 1 USDT,Listed,100000,1675159200000,,,,,,,MAGIC,0.001 MAGIC,100000.0,0.0001 USDT,10000.0,3.0,2.0,1 USDT,100000000.0,"400,000 MAGIC",40000000000000.0,"500,000 USDT",50000000000000.0,0.001,100000.0,0.001,100000.0,,,150.0,50.0,5.0
520,sAGIXUSDT,59901,Spot,AGIX / USDT,,,,,,,USDT,,,,8,8,5,,,,AGIXUSDT is a AGIX/USDT spot trading pair. Minimum order value is 1 USDT,Delisted,200000,1676023200000,,,,,,,AGIX,0.01 AGIX,1000000.0,0.00001 USDT,1000.0,2.0,2.0,1 USDT,100000000.0,"800,000 AGIX",80000000000000.0,"500,000 USDT",50000000000000.0,0.001,100000.0,0.001,100000.0,,,150.0,50.0,
521,sKMONUSDT,60001,Spot,KMON / USDT,,,,,,,USDT,,,,8,8,6,,,,KMONUSDT is a KMON/USDT spot trading pair. Minimum order value is 1 USDT,Delisted,10000000,1690441200000,,,,,,,KMON,0.01 KMON,1000000.0,0.000001 USDT,100.0,2.0,2.0,1 USDT,100000000.0,"40,000,000 KMON",4000000000000000.0,"500,000 USDT",50000000000000.0,0.001,100000.0,0.001,100000.0,,,150.0,50.0,
522,sBLURUSDT,60201,Spot,BLUR / USDT,,,,,,,USDT,,,,8,8,5,,,,BLURUSDT is a BLUR/USDT spot trading pair. Minimum order value is 1 USDT,Listed,200000,1676402100000,,,,,,,BLUR,0.01 BLUR,1000000.0,0.00001 USDT,1000.0,2.0,2.0,1 USDT,100000000.0,"800,000 BLUR",80000000000000.0,"500,000 USDT",50000000000000.0,0.001,100000.0,0.001,100000.0,,,150.0,50.0,5.0
523,sSSVUSDT,60501,Spot,SSV / USDT,,,,,,,USDT,,,,8,8,3,,,,SSVUSDT is a SSV/USDT spot trading pair. Minimum order value is 1 USDT,Listed,15625,1676628000000,,,,,,,SSV,0.001 SSV,100000.0,0.001 USDT,100000.0,3.0,2.0,1 USDT,100000000.0,"62,500 SSV",6250000000000.0,"500,000 USDT",50000000000000.0,0.001,100000.0,0.001,100000.0,,,150.0,50.0,
524,sRPLUSDT,60601,Spot,RPL / USDT,,,,,,,USDT,,,,8,8,3,,,,RPLUSDT is a RPL/USDT spot trading pair. Minimum order value is 1 USDT,Listed,4000,1676628000000,,,,,,,RPL,0.0001 RPL,10000.0,0.001 USDT,100000.0,4.0,2.0,1 USDT,100000000.0,"15,000 RPL",1500000000000.0,"500,000 USDT",50000000000000.0,0.001,100000.0,0.001,100000.0,,,150.0,50.0,
525,sACSUSDT,60701,Spot,ACS / USDT,,,,,,,USDT,,,,8,8,6,,,,ACSUSDT is a ACS/USDT spot trading pair. Minimum order value is 1 USDT,Delisted,7000000,1690441200000,,,,,,,ACS,0.01 ACS,100.0,0.000001 USDT,100.0,2.0,2.0,1 USDT,100000000.0,"30,000,000 ACS",300000000000.0,"500,000 USDT",50000000000000.0,0.001,100000.0,0.001,100000.0,,,150.0,50.0,
526,sPHBUSDT,60901,Spot,PHB / USDT,,,,,,,USDT,,,,8,8,4,,,,PHBUSDT is a PHB/USDT spot trading pair. Minimum order value is 1 USDT,Listed,50000,1710244800000,,,,,,,PHB,0.001 PHB,100000.0,0.0001 USDT,10000.0,3.0,2.0,1 USDT,100000000.0,"200,000 PHB",20000000000000.0,"500,000 USDT",50000000000000.0,0.001,100000.0,0.001,100000.0,,,150.0,50.0,
527,sSTXUSDT,61201,Spot,STX / USDT,,,,,,,USDT,,,,8,8,4,,,,STXUSDT is a STX/USDT spot trading pair. Minimum order value is 1 USDT,Listed,125000,1703671200000,,,,,,,STX,0.001 STX,100000.0,0.0001 USDT,10000.0,3.0,2.0,1 USDT,100000000.0,"500,000 STX",50000000000000.0,"500,000 USDT",50000000000000.0,0.001,100000.0,0.001,100000.0,,,150.0,50.0,5.0
528,s1000FLOKIUSDT,61301,Spot,FLOKI(1K) / USDT,,,,,,,USDT,,,,8,8,5,,,,1000FLOKIUSDT is a 1000FLOKI/USDT spot trading pair. Minimum order value is 1 USDT,Listed,2500000,1676977200000,,,,,,,1000FLOKI,0.01 1000FLOKI,100.0,0.00001 USDT,1000.0,2.0,2.0,1 USDT,100000000.0,"10,000,000 1000FLOKI",100000000000.0,"500,000 USDT",50000000000000.0,0.001,100000.0,0.001,100000.0,,,150.0,50.0,
529,sCFXUSDT,61401,Spot,CFX / USDT,,,,,,,USDT,,,,8,8,4,,,,CFXUSDT is a CFX/USDT spot trading pair. Minimum order value is 1 USDT,Listed,800000,1677492000000,,,,,,,CFX,0.01 CFX,1000000.0,0.0001 USDT,10000.0,2.0,2.0,1 USDT,100000000.0,"3,000,000 CFX",300000000000000.0,"500,000 USDT",50000000000000.0,0.001,100000.0,0.001,100000.0,,,150.0,50.0,5.0
530,sBNXUSDT,61801,Spot,BNX / USDT,,,,,,,USDT,,,,8,8,4,,,,BNXUSDT is a BNX/USDT spot trading pair. Minimum order value is 1 USDT,Delisted,150000,1678183200000,,,,,,,BNX,0.001 BNX,100000.0,0.0001 USDT,10000.0,3.0,2.0,1 USDT,100000000.0,"600,000 BNX",60000000000000.0,"500,000 USDT",50000000000000.0,0.001,100000.0,0.001,100000.0,,,150.0,50.0,
531,sLQTYUSDT,61901,Spot,LQTY / USDT,,,,,,,USDT,,,,8,8,3,,,,LQTYUSDT is a LQTY/USDT spot trading pair. Minimum order value is 1 USDT,Listed,75000,1677751200000,,,,,,,LQTY,0.001 LQTY,100000.0,0.001 USDT,100000.0,3.0,2.0,1 USDT,100000000.0,"300,000 LQTY",30000000000000.0,"500,000 USDT",50000000000000.0,0.001,100000.0,0.001,100000.0,,,150.0,50.0,5.0
532,sRDNTUSDT,62001,Spot,RDNT / USDT,,,,,,,USDT,,,,8,8,5,,,,RDNTUSDT is a RDNT/USDT spot trading pair. Minimum order value is 1 USDT,Delisted,500000,1677751200000,,,,,,,RDNT,0.01 RDNT,1000000.0,0.00001 USDT,1000.0,2.0,2.0,1 USDT,100000000.0,"2,000,000 RDNT",200000000000000.0,"500,000 USDT",50000000000000.0,0.001,100000.0,0.001,100000.0,,,150.0,50.0,
533,sDPXUSDT,62101,Spot,DPX / USDT,,,,,,,USDT,,,,8,8,2,,,,DPXUSDT is a DPX/USDT spot trading pair. Minimum order value is 1 USDT,Delisted,500,1677751200000,,,,,,,DPX,0.0001 DPX,10000.0,0.01 USDT,1000000.0,4.0,2.0,1 USDT,100000000.0,"2,000 DPX",200000000000.0,"500,000 USDT",50000000000000.0,0.001,100000.0,0.001,100000.0,,,150.0,50.0,
534,sGRAILUSDT,62201,Spot,GRAIL / USDT,,,,,,,USDT,,,,8,8,2,,,,GRAILUSDT is a GRAIL/USDT spot trading pair. Minimum order value is 1 USDT,Delisted,100,1677751200000,,,,,,,GRAIL,0.00001 GRAIL,1000.0,0.01 USDT,1000000.0,5.0,2.0,1 USDT,100000000.0,300 GRAIL,30000000000.0,"500,000 USDT",50000000000000.0,0.001,100000.0,0.001,100000.0,,,150.0,50.0,
535,sGNSUSDT,62301,Spot,GNS / USDT,,,,,,,USDT,,,,8,8,3,,,,GNSUSDT is a GNS/USDT spot trading pair. Minimum order value is 1 USDT,Listed,16000,1677751200000,,,,,,,GNS,0.001 GNS,100000.0,0.001 USDT,100000.0,3.0,2.0,1 USDT,100000000.0,"80,000 GNS",8000000000000.0,"500,000 USDT",50000000000000.0,0.001,100000.0,0.001,100000.0,,,150.0,50.0,5.0
536,sSYNUSDT,62401,Spot,SYN / USDT,,,,,,,USDT,,,,8,8,4,,,,SYNUSDT is a SYN/USDT spot trading pair. Minimum order value is 1 USDT,Listed,100000,1677751200000,,,,,,,SYN,0.001 SYN,100000.0,0.0001 USDT,10000.0,3.0,2.0,1 USDT,100000000.0,"400,000 SYN",40000000000000.0,"500,000 USDT",50000000000000.0,0.001,100000.0,0.001,100000.0,,,150.0,50.0,
537,sHBARUSDT,62501,Spot,HBAR / USDT,,,,,,,USDT,,,,8,8,5,,,,HBARUSDT is a HBAR/USDT spot trading pair. Minimum order value is 1 USDT,Listed,1250000,1715335200000,,,,,,,HBAR,1 HBAR,100000000.0,0.00001 USDT,1000.0,0.0,2.0,1 USDT,100000000.0,"5,000,000 HBAR",500000000000000.0,"500,000 USDT",50000000000000.0,0.001,100000.0,0.001,100000.0,,,150.0,50.0,5.0
538,sCKBUSDT,62601,Spot,CKB / USDT,,,,,,,USDT,,,,8,8,6,,,,CKBUSDT is a CKB/USDT spot trading pair. Minimum order value is 1 USDT,Listed,7500000,1714039200000,,,,,,,CKB,0.1 CKB,10000000.0,0.000001 USDT,100.0,1.0,2.0,1 USDT,100000000.0,"30,000,000 CKB",3000000000000000.0,"500,000 USDT",50000000000000.0,0.001,100000.0,0.001,100000.0,,,150.0,50.0,
539,sRLCUSDT,63001,Spot,RLC / USDT,,,,,,,USDT,,,,8,8,3,,,,RLCUSDT is a RLC/USDT spot trading pair. Minimum order value is 1 USDT,Listed,75000,1678186800000,,,,,,,RLC,0.001 RLC,100000.0,0.001 USDT,100000.0,3.0,2.0,1 USDT,100000000.0,"300,000 RLC",30000000000000.0,"500,000 USDT",50000000000000.0,0.001,100000.0,0.001,100000.0,,,150.0,50.0,
540,sIDUSDT,63501,Spot,ID / USDT,,,,,,,USDT,,,,8,8,4,,,,IDUSDT is a ID/USDT spot trading pair. Minimum order value is 1 USDT,Listed,750000,1679488200000,,,,,,,ID,1 ID,100000000.0,0.0001 USDT,10000.0,0.0,2.0,1 USDT,100000000.0,"3,000,000 ID",300000000000000.0,"500,000 USDT",50000000000000.0,0.001,100000.0,0.001,100000.0,,,150.0,50.0,5.0
541,sARBUSDT,63601,Spot,ARB / USDT,,,,,,,USDT,,,,8,8,4,,,,ARBUSDT is a ARB/USDT spot trading pair. Minimum order value is 1 USDT,Listed,150000,1679578200000,,,,,,,ARB,0.001 ARB,100000.0,0.0001 USDT,10000.0,3.0,2.0,1 USDT,100000000.0,"600,000 ARB",60000000000000.0,"500,000 USDT",50000000000000.0,0.001,100000.0,0.001,100000.0,,,150.0,50.0,5.0
542,sTOMIUSDT,63901,Spot,TOMI / USDT,,,,,,,USDT,,,,8,8,4,,,,TOMIUSDT is a TOMI/USDT spot trading pair. Minimum order value is 1 USDT,Delisted,50000,1680177600000,,,,,,,TOMI,0.001 TOMI,100000.0,0.0001 USDT,10000.0,3.0,2.0,1 USDT,100000000.0,"200,000 TOMI",20000000000000.0,"500,000 USDT",50000000000000.0,0.001,100000.0,0.001,100000.0,,,150.0,50.0,
543,sFLRUSDT,64201,Spot,FLR / USDT,,,,,,,USDT,,,,8,8,5,,,,FLRUSDT is a FLR/USDT spot trading pair. Minimum order value is 1 USDT,Listed,5000000,1681293600000,,,,,,,FLR,0.01 FLR,1000000.0,0.00001 USDT,1000.0,2.0,2.0,1 USDT,100000000.0,"20,000,000 FLR",2000000000000000.0,"500,000 USDT",50000000000000.0,0.001,100000.0,0.001,100000.0,,,150.0,50.0,
544,sEDUUSDT,65401,Spot,EDU / USDT,,,,,,,USDT,,,,8,8,4,,,,EDUUSDT is a EDU/USDT spot trading pair. Minimum order value is 1 USDT,Listed,2500000,1682683500000,,,,,,,EDU,1 EDU,100000000.0,0.0001 USDT,10000.0,0.0,2.0,1 USDT,100000000.0,"10,000,000 EDU",1000000000000000.0,"500,000 USDT",50000000000000.0,0.001,100000.0,0.001,100000.0,5000000.0,0.0,150.0,50.0,5.0
545,sSUIUSDT,65501,Spot,SUI / USDT,,,,,,,USDT,,,,8,8,4,,,,SUIUSDT is a SUI/USDT spot trading pair. Minimum order value is 1 USDT,Listed,1500000,1683115500000,,,,,,,SUI,0.001 SUI,100000.0,0.0001 USDT,10000.0,3.0,2.0,1 USDT,100000000.0,"6,000,000 SUI",600000000000000.0,"500,000 USDT",50000000000000.0,0.001,100000.0,0.001,100000.0,500000000.0,120000.0,150.0,50.0,5.0
546,sPTUSDT,65601,Spot,PT / USDT,,,,,,,USDT,,,,8,8,4,,,,PTUSDT is a PT/USDT spot trading pair. Minimum order value is 1 USDT,Listed,150000,1701356400000,,,,,,,PT,0.001 PT,100000.0,0.0001 USDT,10000.0,3.0,2.0,1 USDT,100000000.0,"600,000 PT",60000000000000.0,"500,000 USDT",50000000000000.0,0.001,100000.0,0.001,100000.0,20000000.0,10000.0,150.0,50.0,
547,sPEPEUSDT,66101,Spot,PEPE / USDT,,,,,,,USDT,,,,8,8,8,,,,PEPEUSDT is a PEPE/USDT spot trading pair. Minimum order value is 1 USDT,Listed,50000000000,1683367200000,,,,,,,PEPE,1 PEPE,100.0,0.00000001 USDT,1.0,0.0,2.0,1 USDT,100000000.0,"200,000,000,000 PEPE",20000000000000.0,"500,000 USDT",50000000000000.0,0.001,100000.0,0.001,100000.0,,,150.0,50.0,5.0
548,sTURBOUSDT,66601,Spot,TURBO / USDT,,,,,,,USDT,,,,8,8,6,,,,TURBOUSDT is a TURBO/USDT spot trading pair. Minimum order value is 1 USDT,Listed,200000000,1684404000000,,,,,,,TURBO,1 TURBO,10000.0,0.000001 USDT,100.0,0.0,2.0,1 USDT,100000000.0,"800,000,000 TURBO",8000000000000.0,"500,000 USDT",50000000000000.0,0.001,100000.0,0.001,100000.0,,,150.0,50.0,5.0
549,s10000LADYSUSDT,66701,Spot,LADYS(10K) / USDT,,,,,,,USDT,,,,8,8,7,,,,10000LADYSUSDT is a 10000LADYS/USDT spot trading pair. Minimum order value is 1 USDT,Delisted,100000000,1684404000000,,,,,,,10000LADYS,0.1 10000LADYS,1000.0,0.0000001 USDT,10.0,1.0,2.0,1 USDT,100000000.0,"400,000,000 10000LADYS",4000000000000.0,"500,000 USDT",50000000000000.0,0.001,100000.0,0.001,100000.0,,,150.0,50.0,
550,sORDIUSDT,67001,Spot,ORDI / USDT,,,,,,,USDT,,,,8,8,3,,,,ORDIUSDT is a ORDI/USDT spot trading pair. Minimum order value is 1 USDT,Listed,3000,1702893600000,,,,,,,ORDI,0.0001 ORDI,10000.0,0.001 USDT,100000.0,4.0,2.0,1 USDT,100000000.0,"10,000 ORDI",1000000000000.0,"500,000 USDT",50000000000000.0,0.001,100000.0,0.001,100000.0,,,150.0,50.0,5.0
551,sCOMBOUSDT,67101,Spot,COMBO / USDT,,,,,,,USDT,,,,8,8,4,,,,COMBOUSDT is a COMBO/USDT spot trading pair. Minimum order value is 1 USDT,Delisted,100000,1685693100000,,,,,,,COMBO,0.001 COMBO,100000.0,0.0001 USDT,10000.0,3.0,2.0,1 USDT,100000000.0,"400,000 COMBO",40000000000000.0,"500,000 USDT",50000000000000.0,0.001,100000.0,0.001,100000.0,,,150.0,50.0,
552,sPENDLEUSDT,67201,Spot,PENDLE / USDT,,,,,,,USDT,,,,8,8,3,,,,PENDLEUSDT is a PENDLE/USDT spot trading pair. Minimum order value is 1 USDT,Listed,100000,1688464800000,,,,,,,PENDLE,0.1 PENDLE,10000000.0,0.001 USDT,100000.0,1.0,2.0,1 USDT,100000000.0,"400,000 PENDLE",40000000000000.0,"500,000 USDT",50000000000000.0,0.001,100000.0,0.001,100000.0,,,150.0,50.0,5.0
553,sARKMUSDT,67701,Spot,ARKM / USDT,,,,,,,USDT,,,,8,8,4,,,,ARKMUSDT is a ARKM/USDT spot trading pair. Minimum order value is 1 USDT,Listed,100000,1689674400000,,,,,,,ARKM,0.001 ARKM,100000.0,0.0001 USDT,10000.0,3.0,2.0,1 USDT,100000000.0,"400,000 ARKM",40000000000000.0,"500,000 USDT",50000000000000.0,0.001,100000.0,0.001,100000.0,,,150.0,50.0,5.0
554,sQUICKUSDT,67801,Spot,QUICK / USDT,,,,,,,USDT,,,,8,8,5,,,,QUICKUSDT is a QUICK/USDT spot trading pair. Minimum order value is 1 USDT,Delisted,1500000,1689933600000,,,,,,,QUICK,0.01 QUICK,1000000.0,0.00001 USDT,1000.0,2.0,2.0,1 USDT,100000000.0,"6,000,000 QUICK",600000000000000.0,"500,000 USDT",50000000000000.0,0.001,100000.0,0.001,100000.0,,,150.0,50.0,
555,sWLDUSDT,67901,Spot,WLD / USDT,,,,,,,USDT,,,,8,8,4,,,,WLDUSDT is a WLD/USDT spot trading pair. Minimum order value is 1 USDT,Listed,50000,1690279200000,,,,,,,WLD,0.1 WLD,10000000.0,0.0001 USDT,10000.0,1.0,2.0,1 USDT,100000000.0,"200,000 WLD",20000000000000.0,"500,000 USDT",50000000000000.0,0.001,100000.0,0.001,100000.0,,,150.0,50.0,5.0
556,sFORTHUSDT,68501,Spot,FORTH / USDT,,,,,,,USDT,,,,8,8,3,,,,FORTHUSDT is a FORTH/USDT spot trading pair. Minimum order value is 1 USDT,Delisted,22500,1710842400000,,,,,,,FORTH,0.01 FORTH,1000000.0,0.001 USDT,100000.0,2.0,2.0,1 USDT,100000000.0,"90,000 FORTH",9000000000000.0,"500,000 USDT",50000000000000.0,0.001,100000.0,0.001,100000.0,,,150.0,50.0,
557,sCYBERUSDT,68701,Spot,CYBER / USDT,,,,,,,USDT,,,,8,8,3,,,,CYBERUSDT is a CYBER/USDT spot trading pair. Minimum order value is 1 USDT,Listed,50000,1692101400000,,,,,,,CYBER,0.001 CYBER,100000.0,0.001 USDT,100000.0,3.0,2.0,1 USDT,100000000.0,"200,000 CYBER",20000000000000.0,"500,000 USDT",50000000000000.0,0.001,100000.0,0.001,100000.0,,,150.0,50.0,5.0
558,sSEIUSDT,68801,Spot,SEI / USDT,,,,,,,USDT,,,,8,8,4,,,,SEIUSDT is a SEI/USDT spot trading pair. Minimum order value is 1 USDT,Listed,500000,1692352800000,,,,,,,SEI,0.001 SEI,1000.0,0.0001 USDT,10000.0,3.0,2.0,1 USDT,100000000.0,"2,000,000 SEI",2000000000000.0,"500,000 USDT",50000000000000.0,0.001,100000.0,0.001,100000.0,,,150.0,50.0,5.0
559,sBLZUSDT,69101,Spot,BLZ / USDT,,,,,,,USDT,,,,8,8,4,,,,BLZUSDT is a BLZ/USDT spot trading pair. Minimum order value is 1 USDT,Delisted,500000,1710496800000,,,,,,,BLZ,0.001 BLZ,100000.0,0.0001 USDT,10000.0,3.0,2.0,1 USDT,100000000.0,"2,000,000 BLZ",200000000000000.0,"500,000 USDT",50000000000000.0,0.001,100000.0,0.001,100000.0,,,150.0,50.0,
560,sTRBUSDT,69301,Spot,TRB / USDT,,,,,,,USDT,,,,8,8,2,,,,TRBUSDT is a TRB/USDT spot trading pair. Minimum order value is 1 USDT,Listed,1200,1699524000000,,,,,,,TRB,0.00001 TRB,1000.0,0.01 USDT,1000000.0,5.0,2.0,1 USDT,100000000.0,"5,000 TRB",500000000000.0,"500,000 USDT",50000000000000.0,0.001,100000.0,0.001,100000.0,,,150.0,50.0,
561,sHIFIUSDT,69601,Spot,HIFI / USDT,,,,,,,USDT,,,,8,8,4,,,,HIFIUSDT is a HIFI/USDT spot trading pair. Minimum order value is 1 USDT,Delisted,125000,1711533600000,,,,,,,HIFI,0.001 HIFI,100000.0,0.0001 USDT,10000.0,3.0,2.0,1 USDT,100000000.0,"500,000 HIFI",50000000000000.0,"500,000 USDT",50000000000000.0,0.001,100000.0,0.001,100000.0,20000000.0,1200000.0,150.0,50.0,
562,sNMRUSDT,69701,Spot,NMR / USDT,,,,,,,USDT,,,,8,8,2,,,,NMRUSDT is a NMR/USDT spot trading pair. Minimum order value is 1 USDT,Listed,5000,1709640000000,,,,,,,NMR,0.00001 NMR,1000.0,0.01 USDT,1000000.0,5.0,2.0,1 USDT,100000000.0,"20,000 NMR",2000000000000.0,"500,000 USDT",50000000000000.0,0.001,100000.0,0.001,100000.0,,,150.0,50.0,
563,sNTRNUSDT,69901,Spot,NTRN / USDT,,,,,,,USDT,,,,8,8,4,,,,NTRNUSDT is a NTRN/USDT spot trading pair. Minimum order value is 1 USDT,Delisted,500000,1697536800000,,,,,,,NTRN,0.001 NTRN,100000.0,0.0001 USDT,10000.0,3.0,2.0,1 USDT,100000000.0,"2,000,000 NTRN",200000000000000.0,"500,000 USDT",50000000000000.0,0.001,100000.0,0.001,100000.0,,,150.0,50.0,
564,sBIGTIMEUSDT,70001,Spot,BIGTIME / USDT,,,,,,,USDT,,,,8,8,5,,,,BIGTIMEUSDT is a BIGTIME/USDT spot trading pair. Minimum order value is 1 USDT,Listed,800000,1697536800000,,,,,,,BIGTIME,0.01 BIGTIME,1000000.0,0.00001 USDT,1000.0,2.0,2.0,1 USDT,100000000.0,"3,000,000 BIGTIME",300000000000000.0,"500,000 USDT",50000000000000.0,0.001,100000.0,0.001,100000.0,,,150.0,50.0,
565,sTIAUSDT,71201,Spot,TIA / USDT,,,,,,,USDT,,,,8,8,4,,,,TIAUSDT is a TIA/USDT spot trading pair. Minimum order value is 1 USDT,Listed,75000,1698999000000,,,,,,,TIA,0.01 TIA,1000000.0,0.0001 USDT,10000.0,2.0,2.0,1 USDT,100000000.0,"300,000 TIA",30000000000000.0,"500,000 USDT",50000000000000.0,0.001,100000.0,0.001,100000.0,,,150.0,50.0,5.0
566,sMEMEUSDT,71301,Spot,MEME / USDT,,,,,,,USDT,,,,8,8,6,,,,MEMEUSDT is a MEME/USDT spot trading pair. Minimum order value is 1 USDT,Listed,25000000,1698999000000,,,,,,,MEME,0.1 MEME,1000.0,0.000001 USDT,100.0,1.0,2.0,1 USDT,100000000.0,"100,000,000 MEME",1000000000000.0,"500,000 USDT",50000000000000.0,0.001,100000.0,0.001,100000.0,,,150.0,50.0,5.0
567,sTOKENUSDT,71701,Spot,TOKEN / USDT,,,,,,,USDT,,,,8,8,5,,,,TOKENUSDT is a TOKEN/USDT spot trading pair. Minimum order value is 1 USDT,Delisted,5000000,1699524000000,,,,,,,TOKEN,0.01 TOKEN,1000000.0,0.00001 USDT,1000.0,2.0,2.0,1 USDT,100000000.0,"20,000,000 TOKEN",2000000000000000.0,"500,000 USDT",50000000000000.0,0.001,100000.0,0.001,100000.0,,,150.0,50.0,
568,sBADGERUSDT,72201,Spot,BADGER / USDT,,,,,,,USDT,,,,8,8,3,,,,BADGERUSDT is a BADGER/USDT spot trading pair. Minimum order value is 1 USDT,Delisted,15000,1711447200000,,,,,,,BADGER,0.01 BADGER,1000000.0,0.001 USDT,100000.0,2.0,2.0,1 USDT,100000000.0,"60,000 BADGER",6000000000000.0,"500,000 USDT",50000000000000.0,0.001,100000.0,0.001,100000.0,,,150.0,50.0,
569,sKASUSDT,72401,Spot,KAS / USDT,,,,,,,USDT,,,,8,8,5,,,,KASUSDT is a KAS/USDT spot trading pair. Minimum order value is 1 USDT,Listed,1000000,1715680800000,,,,,,,KAS,0.01 KAS,1000000.0,0.00001 USDT,1000.0,2.0,2.0,1 USDT,100000000.0,"4,000,000 KAS",400000000000000.0,"500,000 USDT",50000000000000.0,0.001,100000.0,0.001,100000.0,,,150.0,50.0,
570,sPYTHUSDT,72801,Spot,PYTH / USDT,,,,,,,USDT,,,,8,8,4,,,,PYTHUSDT is a PYTH/USDT spot trading pair. Minimum order value is 1 USDT,Listed,500000,1700733600000,,,,,,,PYTH,0.001 PYTH,1000.0,0.0001 USDT,10000.0,3.0,2.0,1 USDT,100000000.0,"2,000,000 PYTH",2000000000000.0,"500,000 USDT",50000000000000.0,0.001,100000.0,0.001,100000.0,,,150.0,50.0,5.0
571,sJTOUSDT,73401,Spot,JTO / USDT,,,,,,,USDT,,,,8,8,4,,,,JTOUSDT is a JTO/USDT spot trading pair. Minimum order value is 1 USDT,Listed,50000,1702036800000,,,,,,,JTO,0.1 JTO,10000000.0,0.0001 USDT,10000.0,1.0,2.0,1 USDT,100000000.0,"200,000 JTO",20000000000000.0,"500,000 USDT",50000000000000.0,0.001,100000.0,0.001,100000.0,,,150.0,50.0,5.0
572,sPMGUSDT,73501,Spot,PMG / USDT,,,,,,,USDT,,,,8,8,4,,,,PMGUSDT is a PMG/USDT spot trading pair. Minimum order value is 1 USDT,Delisted,1000000,1702620000000,,,,,,,PMG,0.001 PMG,100000.0,0.0001 USDT,10000.0,3.0,2.0,1 USDT,100000000.0,"4,000,000 PMG",400000000000000.0,"500,000 USDT",50000000000000.0,0.001,100000.0,0.001,100000.0,,,150.0,50.0,
573,s1000EBPTCUSDT,73601,Spot,EBPTC(1K) / USDT,,,,,,,USDT,,,,8,8,7,,,,1000EBPTCUSDT is a 1000EBPTC/USDT spot trading pair. Minimum order value is 1 USDT,Listed,2500000000,1702375200000,,,,,,,1000EBPTC,0.1 1000EBPTC,100000.0,0.0000001 USDT,10.0,1.0,2.0,1 USDT,100000000.0,"10,000,000,000 1000EBPTC",1e+16,"500,000 USDT",50000000000000.0,0.001,100000.0,0.001,100000.0,,,150.0,50.0,
574,s1000SATSUSDT,73801,Spot,SATS(1K) / USDT,,,,,,,USDT,,,,8,8,8,,,,1000SATSUSDT is a 1000SATS/USDT spot trading pair. Minimum order value is 1 USDT,Listed,500000000,1702893600000,,,,,,,1000SATS,1 1000SATS,10000.0,0.00000001 USDT,1.0,0.0,2.0,1 USDT,100000000.0,"1,500,000,000 1000SATS",15000000000000.0,"500,000 USDT",50000000000000.0,0.001,100000.0,0.001,100000.0,,,150.0,50.0,
575,sACEUSDT,74101,Spot,ACE / USDT,,,,,,,USDT,,,,8,8,4,,,,ACEUSDT is a ACE/USDT spot trading pair. Minimum order value is 1 USDT,Listed,150000,1702879500000,,,,,,,ACE,0.1 ACE,10000000.0,0.0001 USDT,10000.0,1.0,2.0,1 USDT,100000000.0,"600,000 ACE",60000000000000.0,"500,000 USDT",50000000000000.0,0.001,100000.0,0.001,100000.0,,,150.0,50.0,5.0
576,sRATSUSDT,74301,Spot,RATS / USDT,,,,,,,USDT,,,,8,8,8,,,,RATSUSDT is a RATS/USDT spot trading pair. Minimum order value is 1 USDT,Listed,500000000,1705572000000,,,,,,,RATS,1 RATS,10000.0,0.00000001 USDT,1.0,0.0,2.0,1 USDT,100000000.0,"2,000,000,000 RATS",20000000000000.0,"500,000 USDT",50000000000000.0,0.001,100000.0,0.001,100000.0,,,150.0,50.0,
577,sALCXUSDT,74501,Spot,ALCX / USDT,,,,,,,USDT,,,,8,8,2,,,,ALCXUSDT is a ALCX/USDT spot trading pair. Minimum order value is 1 USDT,Listed,5000,1703671200000,,,,,,,ALCX,0.00001 ALCX,1000.0,0.01 USDT,1000000.0,5.0,2.0,1 USDT,100000000.0,"20,000 ALCX",2000000000000.0,"500,000 USDT",50000000000000.0,0.001,100000.0,0.001,100000.0,,,150.0,50.0,
578,sDEGOUSDT,74601,Spot,DEGO / USDT,,,,,,,USDT,,,,8,8,3,,,,DEGOUSDT is a DEGO/USDT spot trading pair. Minimum order value is 1 USDT,Listed,40000,1703671200000,,,,,,,DEGO,0.0001 DEGO,10000.0,0.001 USDT,100000.0,4.0,2.0,1 USDT,100000000.0,"160,000 DEGO",16000000000000.0,"500,000 USDT",50000000000000.0,0.001,100000.0,0.001,100000.0,,,150.0,50.0,
579,sNFPUSDT,74701,Spot,NFP / USDT,,,,,,,USDT,,,,8,8,5,,,,NFPUSDT is a NFP/USDT spot trading pair. Minimum order value is 1 USDT,Listed,150000,1703671500000,,,,,,,NFP,0.001 NFP,100000.0,0.00001 USDT,1000.0,3.0,2.0,1 USDT,100000000.0,"600,000 NFP",60000000000000.0,"500,000 USDT",50000000000000.0,0.001,100000.0,0.001,100000.0,,,150.0,50.0,
580,sMOVRUSDT,74801,Spot,MOVR / USDT,,,,,,,USDT,,,,8,8,3,,,,MOVRUSDT is a MOVR/USDT spot trading pair. Minimum order value is 1 USDT,Listed,7500,1704362400000,,,,,,,MOVR,0.0001 MOVR,10000.0,0.001 USDT,100000.0,4.0,2.0,1 USDT,100000000.0,"30,000 MOVR",3000000000000.0,"500,000 USDT",50000000000000.0,0.001,100000.0,0.001,100000.0,,,150.0,50.0,
581,sAIUSDT,74901,Spot,AI / USDT,,,,,,,USDT,,,,8,8,5,,,,AIUSDT is a AI/USDT spot trading pair. Minimum order value is 1 USDT,Listed,150000,1704363000000,,,,,,,AI,0.001 AI,100000.0,0.00001 USDT,1000.0,3.0,2.0,1 USDT,100000000.0,"600,000 AI",60000000000000.0,"500,000 USDT",50000000000000.0,0.001,100000.0,0.001,100000.0,,,150.0,50.0,5.0
582,sXAIUSDT,75001,Spot,XAI / USDT,,,,,,,USDT,,,,8,8,5,,,,XAIUSDT is a XAI/USDT spot trading pair. Minimum order value is 1 USDT,Listed,150000,1704795000000,,,,,,,XAI,0.1 XAI,10000000.0,0.00001 USDT,1000.0,1.0,2.0,1 USDT,100000000.0,"600,000 XAI",60000000000000.0,"500,000 USDT",50000000000000.0,0.001,100000.0,0.001,100000.0,,,150.0,50.0,5.0
583,sWIFUSDT,75501,Spot,WIF / USDT,,,,,,,USDT,,,,8,8,4,,,,WIFUSDT is a WIF/USDT spot trading pair. Minimum order value is 1 USDT,Listed,500000,1706781600000,,,,,,,WIF,0.001 WIF,100000.0,0.0001 USDT,10000.0,3.0,2.0,1 USDT,100000000.0,"2,000,000 WIF",200000000000000.0,"500,000 USDT",50000000000000.0,0.001,100000.0,0.001,100000.0,,,150.0,50.0,5.0
584,sMANTAUSDT,75601,Spot,MANTA / USDT,,,,,,,USDT,,,,8,8,4,,,,MANTAUSDT is a MANTA/USDT spot trading pair. Minimum order value is 1 USDT,Listed,150000,1705572600000,,,,,,,MANTA,0.001 MANTA,100000.0,0.0001 USDT,10000.0,3.0,2.0,1 USDT,100000000.0,"600,000 MANTA",60000000000000.0,"500,000 USDT",50000000000000.0,0.001,100000.0,0.001,100000.0,,,150.0,50.0,5.0
585,sONDOUSDT,75801,Spot,ONDO / USDT,,,,,,,USDT,,,,8,8,4,,,,ONDOUSDT is a ONDO/USDT spot trading pair. Minimum order value is 1 USDT,Listed,300000,1709035200000,,,,,,,ONDO,0.1 ONDO,10000000.0,0.0001 USDT,10000.0,1.0,2.0,1 USDT,100000000.0,"1,500,000 ONDO",150000000000000.0,"500,000 USDT",50000000000000.0,0.001,100000.0,0.001,100000.0,,,150.0,50.0,
586,s1000TROLLUSDT,76001,Spot,TROLL(1K) / USDT,,,,,,,USDT,,,,8,8,8,,,,1000TROLLUSDT is a 1000TROLL/USDT spot trading pair. Minimum order value is 1 USDT,Delisted,3000000000,1706176800000,,,,,,,1000TROLL,1 1000TROLL,10000.0,0.00000001 USDT,1.0,0.0,2.0,1 USDT,100000000.0,"12,000,000,000 1000TROLL",120000000000000.0,"500,000 USDT",50000000000000.0,0.001,100000.0,0.001,100000.0,,,150.0,50.0,
587,sRAYUSDT,76101,Spot,RAY / USDT,,,,,,,USDT,,,,8,8,3,,,,RAYUSDT is a RAY/USDT spot trading pair. Minimum order value is 1 USDT,Listed,150000,1706176800000,,,,,,,RAY,0.001 RAY,100000.0,0.001 USDT,100000.0,3.0,2.0,1 USDT,100000000.0,"600,000 RAY",60000000000000.0,"500,000 USDT",50000000000000.0,0.001,100000.0,0.001,100000.0,,,150.0,50.0,5.0
588,sALTUSDT,76201,Spot,ALT / USDT,,,,,,,USDT,,,,8,8,5,,,,ALTUSDT is a ALT/USDT spot trading pair. Minimum order value is 1 USDT,Listed,150000,1706178000000,,,,,,,ALT,0.001 ALT,100000.0,0.00001 USDT,1000.0,3.0,2.0,1 USDT,100000000.0,"600,000 ALT",60000000000000.0,"500,000 USDT",50000000000000.0,0.001,100000.0,0.001,100000.0,,,150.0,50.0,
589,sLSKUSDT,76301,Spot,LSK / USDT,,,,,,,USDT,,,,8,8,4,,,,LSKUSDT is a LSK/USDT spot trading pair. Minimum order value is 1 USDT,Listed,125000,1736762400000,,,,,,,LSK,0.1 LSK,10000000.0,0.0001 USDT,10000.0,1.0,2.0,1 USDT,100000000.0,"500,000 LSK",50000000000000.0,"500,000 USDT",50000000000000.0,0.001,100000.0,0.001,100000.0,,,150.0,50.0,
590,sTONUSDT,76501,Spot,TON / USDT,,,,,,,USDT,,,,8,8,3,,,,TONUSDT is a TON/USDT spot trading pair. Minimum order value is 1 USDT,Listed,75000,1708596000000,,,,,,,TON,0.0001 TON,10000.0,0.001 USDT,100000.0,4.0,2.0,1 USDT,100000000.0,"300,000 TON",30000000000000.0,"500,000 USDT",50000000000000.0,0.001,100000.0,0.001,100000.0,,,150.0,50.0,5.0
591,sJUPUSDT,76601,Spot,JUP / USDT,,,,,,,USDT,,,,8,8,4,,,,JUPUSDT is a JUP/USDT spot trading pair. Minimum order value is 1 USDT,Listed,1500000,1706781600000,,,,,,,JUP,0.001 JUP,1000.0,0.0001 USDT,10000.0,3.0,2.0,1 USDT,100000000.0,"6,000,000 JUP",6000000000000.0,"500,000 USDT",50000000000000.0,0.001,100000.0,0.001,100000.0,,,150.0,50.0,5.0
592,sDEFIUSDT,76701,Spot,DEFI / USDT,,,,,,,USDT,,,,8,8,6,,,,DEFIUSDT is a DEFI/USDT spot trading pair. Minimum order value is 1 USDT,Delisted,30000,1706695800000,,,,,,,DEFI,0.1 DEFI,10000000.0,0.000001 USDT,100.0,1.0,2.0,1 USDT,100000000.0,"120,000 DEFI",12000000000000.0,"500,000 USDT",50000000000000.0,0.001,100000.0,0.001,100000.0,,,150.0,50.0,
593,sZETAUSDT,76901,Spot,ZETA / USDT,,,,,,,USDT,,,,8,8,5,,,,ZETAUSDT is a ZETA/USDT spot trading pair. Minimum order value is 1 USDT,Listed,75000,1709200800000,,,,,,,ZETA,0.001 ZETA,100000.0,0.00001 USDT,1000.0,3.0,2.0,1 USDT,100000000.0,"300,000 ZETA",30000000000000.0,"500,000 USDT",50000000000000.0,0.001,100000.0,0.001,100000.0,,,150.0,50.0,
594,sRONUSDT,77001,Spot,RON / USDT,,,,,,,USDT,,,,8,8,5,,,,RONUSDT is a RON/USDT spot trading pair. Minimum order value is 1 USDT,Listed,50000,1708596000000,,,,,,,RON,0.01 RON,1000000.0,0.00001 USDT,1000.0,2.0,2.0,1 USDT,100000000.0,"200,000 RON",20000000000000.0,"500,000 USDT",50000000000000.0,0.001,100000.0,0.001,100000.0,,,150.0,50.0,5.0
595,sDYMUSDT,77101,Spot,DYM / USDT,,,,,,,USDT,,,,8,8,4,,,,DYMUSDT is a DYM/USDT spot trading pair. Minimum order value is 1 USDT,Listed,1250000,1708596000000,,,,,,,DYM,0.1 DYM,10000000.0,0.0001 USDT,10000.0,1.0,2.0,1 USDT,100000000.0,"5,000,000 DYM",500000000000000.0,"500,000 USDT",50000000000000.0,0.001,100000.0,0.001,100000.0,,,150.0,50.0,5.0
596,sDIAUSDT,77201,Spot,DIA / USDT,,,,,,,USDT,,,,8,8,4,,,,DIAUSDT is a DIA/USDT spot trading pair. Minimum order value is 1 USDT,Listed,300000,1708423200000,,,,,,,DIA,0.001 DIA,100000.0,0.0001 USDT,10000.0,3.0,2.0,1 USDT,100000000.0,"1,200,000 DIA",120000000000000.0,"500,000 USDT",50000000000000.0,0.001,100000.0,0.001,100000.0,,,150.0,50.0,
597,sPIXELUSDT,77301,Spot,PIXEL / USDT,,,,,,,USDT,,,,8,8,5,,,,PIXELUSDT is a PIXEL/USDT spot trading pair. Minimum order value is 1 USDT,Listed,300000,1708337400000,,,,,,,PIXEL,0.1 PIXEL,10000000.0,0.00001 USDT,1000.0,1.0,2.0,1 USDT,100000000.0,"1,200,000 PIXEL",120000000000000.0,"500,000 USDT",50000000000000.0,0.001,100000.0,0.001,100000.0,,,150.0,50.0,5.0
598,sMAVIAUSDT,77701,Spot,MAVIA / USDT,,,,,,,USDT,,,,8,8,5,,,,MAVIAUSDT is a MAVIA/USDT spot trading pair. Minimum order value is 1 USDT,Listed,25000,1709035200000,,,,,,,MAVIA,0.001 MAVIA,100000.0,0.00001 USDT,1000.0,3.0,2.0,1 USDT,100000000.0,"100,000 MAVIA",10000000000000.0,"500,000 USDT",50000000000000.0,0.001,100000.0,0.001,100000.0,,,150.0,50.0,
599,sPROMUSDT,77801,Spot,PROM / USDT,,,,,,,USDT,,,,8,8,3,,,,PROMUSDT is a PROM/USDT spot trading pair. Minimum order value is 1 USDT,Listed,25000,1736762400000,,,,,,,PROM,0.01 PROM,1000000.0,0.001 USDT,100000.0,2.0,2.0,1 USDT,100000000.0,"100,000 PROM",10000000000000.0,"500,000 USDT",50000000000000.0,0.001,100000.0,0.001,100000.0,,,150.0,50.0,
600,sSTRKUSDT,77901,Spot,STRK / USDT,,,,,,,USDT,,,,8,8,4,,,,STRKUSDT is a STRK/USDT spot trading pair. Minimum order value is 1 USDT,Listed,25000,1708434600000,,,,,,,STRK,0.0001 STRK,10000.0,0.0001 USDT,10000.0,4.0,2.0,1 USDT,100000000.0,"100,000 STRK",10000000000000.0,"500,000 USDT",50000000000000.0,0.001,100000.0,0.001,100000.0,,,150.0,50.0,
601,sGLMUSDT,78201,Spot,GLM / USDT,,,,,,,USDT,,,,8,8,4,,,,GLMUSDT is a GLM/USDT spot trading pair. Minimum order value is 1 USDT,Listed,400000,1709035200000,,,,,,,GLM,0.001 GLM,100000.0,0.0001 USDT,10000.0,3.0,2.0,1 USDT,100000000.0,"1,500,000 GLM",150000000000000.0,"500,000 USDT",50000000000000.0,0.001,100000.0,0.001,100000.0,,,150.0,50.0,
602,sPORTALUSDT,78301,Spot,PORTAL / USDT,,,,,,,USDT,,,,8,8,5,,,,PORTALUSDT is a PORTAL/USDT spot trading pair. Minimum order value is 1 USDT,Listed,150000,1709201400000,,,,,,,PORTAL,0.001 PORTAL,100000.0,0.00001 USDT,1000.0,3.0,2.0,1 USDT,100000000.0,"600,000 PORTAL",60000000000000.0,"500,000 USDT",50000000000000.0,0.001,100000.0,0.001,100000.0,,,150.0,50.0,5.0
603,sSLNUSDT,78401,Spot,SLN / USDT,,,,,,,USDT,,,,8,8,4,,,,SLNUSDT is a SLN/USDT spot trading pair. Minimum order value is 1 USDT,Delisted,25000,1709035200000,,,,,,,SLN,0.001 SLN,100000.0,0.0001 USDT,10000.0,3.0,2.0,1 USDT,100000000.0,"100,000 SLN",10000000000000.0,"500,000 USDT",50000000000000.0,0.001,100000.0,0.001,100000.0,,,150.0,50.0,
604,sAXLUSDT,78601,Spot,AXL / USDT,,,,,,,USDT,,,,8,8,4,,,,AXLUSDT is a AXL/USDT spot trading pair. Minimum order value is 1 USDT,Listed,75000,1709553600000,,,,,,,AXL,0.001 AXL,100000.0,0.0001 USDT,10000.0,3.0,2.0,1 USDT,100000000.0,"300,000 AXL",30000000000000.0,"500,000 USDT",50000000000000.0,0.001,100000.0,0.001,100000.0,,,150.0,50.0,5.0
605,sTAOUSDT,79001,Spot,TAO / USDT,,,,,,,USDT,,,,8,8,1,,,,TAOUSDT is a TAO/USDT spot trading pair. Minimum order value is 1 USDT,Listed,250,1709640000000,,,,,,,TAO,0.0001 TAO,10000.0,0.1 USDT,10000000.0,4.0,2.0,1 USDT,100000000.0,"1,000 TAO",100000000000.0,"500,000 USDT",50000000000000.0,0.001,100000.0,0.001,100000.0,,,150.0,50.0,5.0
606,sWINUSDT,79101,Spot,WIN / USDT,,,,,,,USDT,,,,8,8,8,,,,WINUSDT is a WIN/USDT spot trading pair. Minimum order value is 1 USDT,Listed,750000000,1709805600000,,,,,,,WIN,1 WIN,1000000.0,0.00000001 USDT,1.0,0.0,2.0,1 USDT,100000000.0,"3,000,000,000 WIN",3000000000000000.0,"500,000 USDT",50000000000000.0,0.001,100000.0,0.001,100000.0,,,150.0,50.0,
607,sMYROUSDT,79201,Spot,MYRO / USDT,,,,,,,USDT,,,,8,8,5,,,,MYROUSDT is a MYRO/USDT spot trading pair. Minimum order value is 1 USDT,Delisted,375000,1710756000000,,,,,,,MYRO,0.01 MYRO,1000000.0,0.00001 USDT,1000.0,2.0,2.0,1 USDT,100000000.0,"1,500,000 MYRO",150000000000000.0,"500,000 USDT",50000000000000.0,0.001,100000.0,0.001,100000.0,,,150.0,50.0,
608,sAEVOUSDT,79401,Spot,AEVO / USDT,,,,,,,USDT,,,,8,8,4,,,,AEVOUSDT is a AEVO/USDT spot trading pair. Minimum order value is 1 USDT,Listed,150000,1710324600000,,,,,,,AEVO,0.001 AEVO,100000.0,0.0001 USDT,10000.0,3.0,2.0,1 USDT,100000000.0,"600,000 AEVO",60000000000000.0,"500,000 USDT",50000000000000.0,0.001,100000.0,0.001,100000.0,,,150.0,50.0,
609,sIQUSDT,79501,Spot,IQ / USDT,,,,,,,USDT,,,,8,8,6,,,,IQUSDT is a IQ/USDT spot trading pair. Minimum order value is 1 USDT,Listed,10000000,1710324000000,,,,,,,IQ,0.01 IQ,1000000.0,0.000001 USDT,100.0,2.0,2.0,1 USDT,100000000.0,"40,000,000 IQ",4000000000000000.0,"500,000 USDT",50000000000000.0,0.001,100000.0,0.001,100000.0,,,150.0,50.0,
610,sVIBUSDT,79601,Spot,VIB / USDT,,,,,,,USDT,,,,8,8,5,,,,VIBUSDT is a VIB/USDT spot trading pair. Minimum order value is 1 USDT,Delisted,1500000,1710324000000,,,,,,,VIB,0.001 VIB,100000.0,0.00001 USDT,1000.0,3.0,2.0,1 USDT,100000000.0,"6,000,000 VIB",600000000000000.0,"500,000 USDT",50000000000000.0,0.001,100000.0,0.001,100000.0,,,150.0,50.0,
611,sASTUSDT,79701,Spot,AST / USDT,,,,,,,USDT,,,,8,8,4,,,,ASTUSDT is a AST/USDT spot trading pair. Minimum order value is 1 USDT,Delisted,1000000,1710244800000,,,,,,,AST,0.001 AST,10.0,0.0001 USDT,10000.0,3.0,2.0,1 USDT,100000000.0,"4,000,000 AST",40000000000.0,"500,000 USDT",50000000000000.0,0.001,100000.0,0.001,100000.0,,,150.0,50.0,
612,sDEXEUSDT,79801,Spot,DEXE / USDT,,,,,,,USDT,,,,8,8,3,,,,DEXEUSDT is a DEXE/USDT spot trading pair. Minimum order value is 1 USDT,Listed,20000,1710244800000,,,,,,,DEXE,0.0001 DEXE,10000.0,0.001 USDT,100000.0,4.0,2.0,1 USDT,100000000.0,"80,000 DEXE",8000000000000.0,"500,000 USDT",50000000000000.0,0.001,100000.0,0.001,100000.0,,,150.0,50.0,
613,sDUELUSDT,80101,Spot,DUEL / USDT,,,,,,,USDT,,,,8,8,6,,,,DUELUSDT is a DUEL/USDT spot trading pair. Minimum order value is 1 USDT,Delisted,7500000,1711108800000,,,,,,,DUEL,0.01 DUEL,1000000.0,0.000001 USDT,100.0,2.0,2.0,1 USDT,100000000.0,"30,000,000 DUEL",3000000000000000.0,"500,000 USDT",50000000000000.0,0.001,100000.0,0.001,100000.0,,,150.0,50.0,
614,sETHFIUSDT,80201,Spot,ETHFI / USDT,,,,,,,USDT,,,,8,8,3,,,,ETHFIUSDT is a ETHFI/USDT spot trading pair. Minimum order value is 1 USDT,Listed,150000,1710763800000,,,,,,,ETHFI,0.001 ETHFI,100000.0,0.001 USDT,100000.0,3.0,2.0,1 USDT,100000000.0,"600,000 ETHFI",60000000000000.0,"500,000 USDT",50000000000000.0,0.001,100000.0,0.001,100000.0,,,150.0,50.0,5.0
615,sVANRYUSDT,80501,Spot,VANRY / USDT,,,,,,,USDT,,,,8,8,6,,,,VANRYUSDT is a VANRY/USDT spot trading pair. Minimum order value is 1 USDT,Listed,450000,1710842400000,,,,,,,VANRY,0.01 VANRY,1000000.0,0.000001 USDT,100.0,2.0,2.0,1 USDT,100000000.0,"1,800,000 VANRY",180000000000000.0,"500,000 USDT",50000000000000.0,0.001,100000.0,0.001,100000.0,,,150.0,50.0,
616,sPENGUSDT,80601,Spot,PENG / USDT,,,,,,,USDT,,,,8,8,5,,,,PENGUSDT is a PENG/USDT spot trading pair. Minimum order value is 1 USDT,Delisted,75000,1710767400000,,,,,,,PENG,0.01 PENG,1000000.0,0.00001 USDT,1000.0,2.0,2.0,1 USDT,100000000.0,"300,000 PENG",30000000000000.0,"500,000 USDT",50000000000000.0,0.001,100000.0,0.001,100000.0,,,150.0,50.0,
617,sBOMEUSDT,80701,Spot,BOME / USDT,,,,,,,USDT,,,,8,8,6,,,,BOMEUSDT is a BOME/USDT spot trading pair. Minimum order value is 1 USDT,Listed,25000000,1710756000000,,,,,,,BOME,0.1 BOME,10000000.0,0.000001 USDT,100.0,1.0,2.0,1 USDT,100000000.0,"100,000,000 BOME",1e+16,"500,000 USDT",50000000000000.0,0.001,100000.0,0.001,100000.0,,,150.0,50.0,
618,sFUNUSDT,80801,Spot,FUN / USDT,,,,,,,USDT,,,,8,8,6,,,,FUNUSDT is a FUN/USDT spot trading pair. Minimum order value is 1 USDT,Delisted,20000000,1711015200000,,,,,,,FUN,0.1 FUN,10000000.0,0.000001 USDT,100.0,1.0,2.0,1 USDT,100000000.0,"80,000,000 FUN",8000000000000000.0,"500,000 USDT",50000000000000.0,0.001,100000.0,0.001,100000.0,,,150.0,50.0,
619,sVIDTUSDT,80901,Spot,VIDT / USDT,,,,,,,USDT,,,,8,8,5,,,,VIDTUSDT is a VIDT/USDT spot trading pair. Minimum order value is 1 USDT,Delisted,2000000,1710842400000,,,,,,,VIDT,0.01 VIDT,1000000.0,0.00001 USDT,1000.0,2.0,2.0,1 USDT,100000000.0,"8,000,000 VIDT",800000000000000.0,"500,000 USDT",50000000000000.0,0.001,100000.0,0.001,100000.0,,,150.0,50.0,
620,sSLERFOLDUSDT,81201,Spot,SLERFOLD / USDT,,,,,,,USDT,,,,8,8,4,,,,SLERFOLDUSDT is a SLERFOLD/USDT spot trading pair. Minimum order value is 1 USDT,Delisted,150000,1710842400000,,,,,,,SLERFOLD,0.01 SLERFOLD,1000000.0,0.0001 USDT,10000.0,2.0,2.0,1 USDT,100000000.0,"600,000 SLERFOLD",60000000000000.0,"500,000 USDT",50000000000000.0,0.001,100000.0,0.001,100000.0,,,150.0,50.0,
621,sNULSUSDT,81401,Spot,NULS / USDT,,,,,,,USDT,,,,8,8,4,,,,NULSUSDT is a NULS/USDT spot trading pair. Minimum order value is 1 USDT,Delisted,150000,1711447200000,,,,,,,NULS,1 NULS,100000000.0,0.0001 USDT,10000.0,0.0,2.0,1 USDT,100000000.0,"600,000 NULS",60000000000000.0,"500,000 USDT",50000000000000.0,0.001,100000.0,0.001,100000.0,,,150.0,50.0,
622,sZKJUSDT,81501,Spot,ZKJ / USDT,,,,,,,USDT,,,,8,8,5,,,,ZKJUSDT is a ZKJ/USDT spot trading pair. Minimum order value is 1 USDT,Listed,125000,1718791200000,,,,,,,ZKJ,0.01 ZKJ,1000000.0,0.00001 USDT,1000.0,2.0,2.0,1 USDT,100000000.0,"500,000 ZKJ",50000000000000.0,"500,000 USDT",50000000000000.0,0.001,100000.0,0.001,100000.0,,,150.0,50.0,
623,sLTOUSDT,81601,Spot,LTO / USDT,,,,,,,USDT,,,,8,8,4,,,,LTOUSDT is a LTO/USDT spot trading pair. Minimum order value is 1 USDT,Delisted,750000,1711447200000,,,,,,,LTO,1 LTO,100000000.0,0.0001 USDT,10000.0,0.0,2.0,1 USDT,100000000.0,"3,000,000 LTO",300000000000000.0,"500,000 USDT",50000000000000.0,0.001,100000.0,0.001,100000.0,,,150.0,50.0,
624,sNGLUSDT,81701,Spot,NGL / USDT,,,,,,,USDT,,,,8,8,5,,,,NGLUSDT is a NGL/USDT spot trading pair. Minimum order value is 1 USDT,Delisted,62500,1711533600000,,,,,,,NGL,0.01 NGL,1000000.0,0.00001 USDT,1000.0,2.0,2.0,1 USDT,100000000.0,"250,000 NGL",25000000000000.0,"500,000 USDT",50000000000000.0,0.001,100000.0,0.001,100000.0,,,150.0,50.0,
625,sWENUSDT,81801,Spot,WEN / USDT,,,,,,,USDT,,,,8,8,8,,,,WENUSDT is a WEN/USDT spot trading pair. Minimum order value is 1 USDT,Delisted,10000000000,1711620000000,,,,,,,WEN,1 WEN,10000.0,0.00000001 USDT,1.0,0.0,2.0,1 USDT,100000000.0,"40,000,000,000 WEN",400000000000000.0,"500,000 USDT",50000000000000.0,0.001,100000.0,0.001,100000.0,,,150.0,50.0,
626,sMLNUSDT,81901,Spot,MLN / USDT,,,,,,,USDT,,,,8,8,3,,,,MLNUSDT is a MLN/USDT spot trading pair. Minimum order value is 1 USDT,Listed,5000,1711620000000,,,,,,,MLN,0.001 MLN,100000.0,0.001 USDT,100000.0,3.0,2.0,1 USDT,100000000.0,"20,000 MLN",2000000000000.0,"500,000 USDT",50000000000000.0,0.001,100000.0,0.001,100000.0,,,150.0,50.0,
627,sBODENUSDT,82101,Spot,BODEN / USDT,,,,,,,USDT,,,,8,8,5,,,,BODENUSDT is a BODEN/USDT spot trading pair. Minimum order value is 1 USDT,Delisted,375000,1712052000000,,,,,,,BODEN,0.01 BODEN,1000000.0,0.00001 USDT,1000.0,2.0,2.0,1 USDT,100000000.0,"1,500,000 BODEN",150000000000000.0,"500,000 USDT",50000000000000.0,0.001,100000.0,0.001,100000.0,50000000.0,300000.0,150.0,50.0,
628,sENAUSDT,82201,Spot,ENA / USDT,,,,,,,USDT,,,,8,8,4,,,,ENAUSDT is a ENA/USDT spot trading pair. Minimum order value is 1 USDT,Listed,125000,1712045400000,,,,,,,ENA,0.001 ENA,100000.0,0.0001 USDT,10000.0,3.0,2.0,1 USDT,100000000.0,"500,000 ENA",50000000000000.0,"500,000 USDT",50000000000000.0,0.001,100000.0,0.001,100000.0,,,150.0,50.0,5.0
629,sAEROUSDT,82301,Spot,AERO / USDT,,,,,,,USDT,,,,8,8,4,,,,AEROUSDT is a AERO/USDT spot trading pair. Minimum order value is 1 USDT,Listed,100000,1712138400000,,,,,,,AERO,0.001 AERO,100000.0,0.0001 USDT,10000.0,3.0,2.0,1 USDT,100000000.0,"400,000 AERO",40000000000000.0,"500,000 USDT",50000000000000.0,0.001,100000.0,0.001,100000.0,,,150.0,50.0,
630,sFISUSDT,82401,Spot,FIS / USDT,,,,,,,USDT,,,,8,8,4,,,,FISUSDT is a FIS/USDT spot trading pair. Minimum order value is 1 USDT,Listed,175000,1712052000000,,,,,,,FIS,0.001 FIS,100000.0,0.0001 USDT,10000.0,3.0,2.0,1 USDT,100000000.0,"700,000 FIS",70000000000000.0,"500,000 USDT",50000000000000.0,0.001,100000.0,0.001,100000.0,,,150.0,50.0,
631,sBEAMXUSDT,82501,Spot,BEAMX / USDT,,,,,,,USDT,,,,8,8,6,,,,BEAMXUSDT is a BEAMX/USDT spot trading pair. Minimum order value is 1 USDT,Listed,15625000,1712052000000,,,,,,,BEAMX,1 BEAMX,100000000.0,0.000001 USDT,100.0,0.0,2.0,1 USDT,100000000.0,"62,500,000 BEAMX",6250000000000000.0,"500,000 USDT",50000000000000.0,0.001,100000.0,0.001,100000.0,,,150.0,50.0,
632,sORCAUSDT,82601,Spot,ORCA / USDT,,,,,,,USDT,,,,8,8,3,,,,ORCAUSDT is a ORCA/USDT spot trading pair. Minimum order value is 1 USDT,Listed,32500,1712052000000,,,,,,,ORCA,0.01 ORCA,1000000.0,0.001 USDT,100000.0,2.0,2.0,1 USDT,100000000.0,"130,000 ORCA",13000000000000.0,"500,000 USDT",50000000000000.0,0.001,100000.0,0.001,100000.0,,,150.0,50.0,5.0
633,sMFERUSDT,82701,Spot,MFER / USDT,,,,,,,USDT,,,,8,8,4,,,,MFERUSDT is a MFER/USDT spot trading pair. Minimum order value is 1 USDT,Delisted,125000,1712138400000,,,,,,,MFER,0.001 MFER,100000.0,0.0001 USDT,10000.0,3.0,2.0,1 USDT,100000000.0,"500,000 MFER",50000000000000.0,"500,000 USDT",50000000000000.0,0.001,100000.0,0.001,100000.0,,,150.0,50.0,
634,sDEGENUSDT,82801,Spot,DEGEN / USDT,,,,,,,USDT,,,,8,8,6,,,,DEGENUSDT is a DEGEN/USDT spot trading pair. Minimum order value is 1 USDT,Listed,2500000,1712138400000,,,,,,,DEGEN,0.01 DEGEN,10000.0,0.000001 USDT,100.0,2.0,2.0,1 USDT,100000000.0,"10,000,000 DEGEN",10000000000000.0,"500,000 USDT",50000000000000.0,0.001,100000.0,0.001,100000.0,,,150.0,50.0,
635,sPOPCATUSDT,83001,Spot,POPCAT / USDT,,,,,,,USDT,,,,8,8,5,,,,POPCATUSDT is a POPCAT/USDT spot trading pair. Minimum order value is 1 USDT,Listed,250000,1723111200000,,,,,,,POPCAT,0.01 POPCAT,1000000.0,0.00001 USDT,1000.0,2.0,2.0,1 USDT,100000000.0,"1,000,000 POPCAT",100000000000000.0,"500,000 USDT",50000000000000.0,0.001,100000.0,0.001,100000.0,,,150.0,50.0,
636,sWUSDT,83201,Spot,W / USDT,,,,,,,USDT,,,,8,8,5,,,,WUSDT is a W/USDT spot trading pair. Minimum order value is 1 USDT,Listed,125000,1712146200000,,,,,,,W,0.001 W,100000.0,0.00001 USDT,1000.0,3.0,2.0,1 USDT,100000000.0,"500,000 W",50000000000000.0,"500,000 USDT",50000000000000.0,0.001,100000.0,0.001,100000.0,,,150.0,50.0,5.0
637,sCOREUSDT,83601,Spot,CORE / USDT,,,,,,,USDT,,,,8,8,4,,,,COREUSDT is a CORE/USDT spot trading pair. Minimum order value is 1 USDT,Listed,62500,1713348000000,,,,,,,CORE,0.01 CORE,1000000.0,0.0001 USDT,10000.0,2.0,2.0,1 USDT,100000000.0,"250,000 CORE",25000000000000.0,"500,000 USDT",50000000000000.0,0.001,100000.0,0.001,100000.0,,,150.0,50.0,
638,sWERUSDT,83701,Spot,WER / USDT,,,,,,,USDT,,,,8,8,7,,,,WERUSDT is a WER/USDT spot trading pair. Minimum order value is 1 USDT,Delisted,150000000,1712923200000,,,,,,,WER,1 WER,1000000.0,0.0000001 USDT,10.0,0.0,2.0,1 USDT,100000000.0,"600,000,000 WER",600000000000000.0,"500,000 USDT",50000000000000.0,0.001,100000.0,0.001,100000.0,,,150.0,50.0,
639,sMEWUSDT,83801,Spot,MEW / USDT,,,,,,,USDT,,,,8,8,6,,,,MEWUSDT is a MEW/USDT spot trading pair. Minimum order value is 1 USDT,Listed,25000000,1712656800000,,,,,,,MEW,0.01 MEW,10000.0,0.000001 USDT,100.0,2.0,2.0,1 USDT,100000000.0,"100,000,000 MEW",100000000000000.0,"500,000 USDT",50000000000000.0,0.001,100000.0,0.001,100000.0,,,150.0,50.0,
640,sCOSUSDT,83901,Spot,COS / USDT,,,,,,,USDT,,,,8,8,6,,,,COSUSDT is a COS/USDT spot trading pair. Minimum order value is 1 USDT,Listed,10000000,1712656800000,,,,,,,COS,0.01 COS,1000000.0,0.000001 USDT,100.0,2.0,2.0,1 USDT,100000000.0,"40,000,000 COS",4000000000000000.0,"500,000 USDT",50000000000000.0,0.001,100000.0,0.001,100000.0,,,150.0,50.0,
641,sSAGAUSDT,84001,Spot,SAGA / USDT,,,,,,,USDT,,,,8,8,4,,,,SAGAUSDT is a SAGA/USDT spot trading pair. Minimum order value is 1 USDT,Listed,125000,1712650200000,,,,,,,SAGA,0.001 SAGA,100000.0,0.0001 USDT,10000.0,3.0,2.0,1 USDT,100000000.0,"500,000 SAGA",50000000000000.0,"500,000 USDT",50000000000000.0,0.001,100000.0,0.001,100000.0,,,150.0,50.0,5.0
642,sZEUSUSDT,84101,Spot,ZEUS / USDT,,,,,,,USDT,,,,8,8,6,,,,ZEUSUSDT is a ZEUS/USDT spot trading pair. Minimum order value is 1 USDT,Listed,5000000,1712656800000,,,,,,,ZEUS,0.01 ZEUS,1000000.0,0.000001 USDT,100.0,2.0,2.0,1 USDT,100000000.0,"20,000,000 ZEUS",2000000000000000.0,"500,000 USDT",50000000000000.0,0.001,100000.0,0.001,100000.0,,,150.0,50.0,
643,sTNSRUSDT,84201,Spot,TNSR / USDT,,,,,,,USDT,,,,8,8,4,,,,TNSRUSDT is a TNSR/USDT spot trading pair. Minimum order value is 1 USDT,Listed,75000,1712656800000,,,,,,,TNSR,0.1 TNSR,10000000.0,0.0001 USDT,10000.0,1.0,2.0,1 USDT,100000000.0,"300,000 TNSR",30000000000000.0,"500,000 USDT",50000000000000.0,0.001,100000.0,0.001,100000.0,,,150.0,50.0,5.0
644,sMASAUSDT,84501,Spot,MASA / USDT,,,,,,,USDT,,,,8,8,5,,,,MASAUSDT is a MASA/USDT spot trading pair. Minimum order value is 1 USDT,Delisted,125000,1712823000000,,,,,,,MASA,0.01 MASA,1000000.0,0.00001 USDT,1000.0,2.0,2.0,1 USDT,100000000.0,"500,000 MASA",50000000000000.0,"500,000 USDT",50000000000000.0,0.001,100000.0,0.001,100000.0,,,150.0,50.0,
645,sSHDWUSDT,84601,Spot,SHDW / USDT,,,,,,,USDT,,,,8,8,3,,,,SHDWUSDT is a SHDW/USDT spot trading pair. Minimum order value is 1 USDT,Delisted,75000,1712829600000,,,,,,,SHDW,0.001 SHDW,100000.0,0.001 USDT,100000.0,3.0,2.0,1 USDT,100000000.0,"300,000 SHDW",30000000000000.0,"500,000 USDT",50000000000000.0,0.001,100000.0,0.001,100000.0,,,150.0,50.0,
646,sANDYUSDT,84701,Spot,ANDY / USDT,,,,,,,USDT,,,,8,8,8,,,,ANDYUSDT is a ANDY/USDT spot trading pair. Minimum order value is 1 USDT,Listed,2500000000,1713960000000,,,,,,,ANDY,1 ANDY,10000.0,0.00000001 USDT,1.0,0.0,2.0,1 USDT,100000000.0,"10,000,000,000 ANDY",100000000000000.0,"500,000 USDT",50000000000000.0,0.001,100000.0,0.001,100000.0,,,150.0,50.0,
647,sBRETTUSDT,84801,Spot,BRETT / USDT,,,,,,,USDT,,,,8,8,5,,,,BRETTUSDT is a BRETT/USDT spot trading pair. Minimum order value is 1 USDT,Listed,1750000,1715853600000,,,,,,,BRETT,0.01 BRETT,1000000.0,0.00001 USDT,1000.0,2.0,2.0,1 USDT,100000000.0,"7,000,000 BRETT",700000000000000.0,"500,000 USDT",50000000000000.0,0.001,100000.0,0.001,100000.0,,,150.0,50.0,
648,sFOXYUSDT,85001,Spot,FOXY / USDT,,,,,,,USDT,,,,8,8,7,,,,FOXYUSDT is a FOXY/USDT spot trading pair. Minimum order value is 1 USDT,Listed,8750000,1714039200000,,,,,,,FOXY,0.1 FOXY,10000000.0,0.0000001 USDT,10.0,1.0,2.0,1 USDT,100000000.0,"35,000,000 FOXY",3500000000000000.0,"500,000 USDT",50000000000000.0,0.001,100000.0,0.001,100000.0,,,150.0,50.0,
649,sPRIMEUSDT,85201,Spot,PRIME / USDT,,,,,,,USDT,,,,8,8,4,,,,PRIMEUSDT is a PRIME/USDT spot trading pair. Minimum order value is 1 USDT,Listed,6250,1713434400000,,,,,,,PRIME,0.01 PRIME,1000000.0,0.0001 USDT,10000.0,2.0,2.0,1 USDT,100000000.0,"25,000 PRIME",2500000000000.0,"500,000 USDT",50000000000000.0,0.001,100000.0,0.001,100000.0,,,150.0,50.0,
650,sCREAMUSDT,85301,Spot,CREAM / USDT,,,,,,,USDT,,,,8,8,2,,,,CREAMUSDT is a CREAM/USDT spot trading pair. Minimum order value is 1 USDT,Delisted,3000,1713348000000,,,,,,,CREAM,0.001 CREAM,100000.0,0.01 USDT,1000000.0,3.0,2.0,1 USDT,100000000.0,"12,000 CREAM",1200000000000.0,"500,000 USDT",50000000000000.0,0.001,100000.0,0.001,100000.0,,,150.0,50.0,
651,sAERGOOLDUSDT,85401,Spot,AERGOOLD / USDT,,,,,,,USDT,,,,8,8,4,,,,AERGOOLDUSDT is a AERGOOLD/USDT spot trading pair. Minimum order value is 1 USDT,Delisted,1000000,1713348000000,,,,,,,AERGOOLD,0.01 AERGOOLD,1000000.0,0.0001 USDT,10000.0,2.0,2.0,1 USDT,100000000.0,"4,000,000 AERGOOLD",400000000000000.0,"500,000 USDT",50000000000000.0,0.001,100000.0,0.001,100000.0,,,150.0,50.0,
652,sKP3RUSDT,85501,Spot,KP3R / USDT,,,,,,,USDT,,,,8,8,2,,,,KP3RUSDT is a KP3R/USDT spot trading pair. Minimum order value is 1 USDT,Delisted,1750,1713434400000,,,,,,,KP3R,0.01 KP3R,1000000.0,0.01 USDT,1000000.0,2.0,2.0,1 USDT,100000000.0,"7,000 KP3R",700000000000.0,"500,000 USDT",50000000000000.0,0.001,100000.0,0.001,100000.0,,,150.0,50.0,
653,sXDCUSDT,85601,Spot,XDC / USDT,,,,,,,USDT,,,,8,8,5,,,,XDCUSDT is a XDC/USDT spot trading pair. Minimum order value is 1 USDT,Listed,3750000,1713520800000,,,,,,,XDC,0.1 XDC,10000000.0,0.00001 USDT,1000.0,1.0,2.0,1 USDT,100000000.0,"15,000,000 XDC",1500000000000000.0,"500,000 USDT",50000000000000.0,0.001,100000.0,0.001,100000.0,,,150.0,50.0,
654,sOMNIUSDT,85701,Spot,OMNI / USDT,,,,,,,USDT,,,,8,8,2,,,,OMNIUSDT is a OMNI/USDT spot trading pair. Minimum order value is 1 USDT,Delisted,125000,1713355800000,,,,,,,OMNI,0.01 OMNI,1000000.0,0.01 USDT,1000000.0,2.0,2.0,1 USDT,100000000.0,"500,000 OMNI",50000000000000.0,"500,000 USDT",50000000000000.0,0.001,100000.0,0.001,100000.0,,,150.0,50.0,
655,sPRCLUSDT,85801,Spot,PRCL / USDT,,,,,,,USDT,,,,8,8,5,,,,PRCLUSDT is a PRCL/USDT spot trading pair. Minimum order value is 1 USDT,Listed,125000,1713273000000,,,,,,,PRCL,0.01 PRCL,1000000.0,0.00001 USDT,1000.0,2.0,2.0,1 USDT,100000000.0,"500,000 PRCL",50000000000000.0,"500,000 USDT",50000000000000.0,0.001,100000.0,0.001,100000.0,,,150.0,50.0,
656,sRSTUSDT,85901,Spot,RST / USDT,,,,,,,USDT,,,,8,8,5,,,,RSTUSDT is a RST/USDT spot trading pair. Minimum order value is 1 USDT,Delisted,2500000,1719748800000,,,,,,,RST,0.1 RST,10000000.0,0.00001 USDT,1000.0,1.0,2.0,1 USDT,100000000.0,"10,000,000 RST",1000000000000000.0,"500,000 USDT",50000000000000.0,0.001,100000.0,0.001,100000.0,,,150.0,50.0,
657,sMERLUSDT,86001,Spot,MERL / USDT,,,,,,,USDT,,,,8,8,4,,,,MERLUSDT is a MERL/USDT spot trading pair. Minimum order value is 1 USDT,Listed,125000,1713521400000,,,,,,,MERL,0.01 MERL,1000000.0,0.0001 USDT,10000.0,2.0,2.0,1 USDT,100000000.0,"500,000 MERL",50000000000000.0,"500,000 USDT",50000000000000.0,0.001,100000.0,0.001,100000.0,,,150.0,50.0,
658,sREZUSDT,86301,Spot,REZ / USDT,,,,,,,USDT,,,,8,8,5,,,,REZUSDT is a REZ/USDT spot trading pair. Minimum order value is 1 USDT,Listed,125000,1714479000000,,,,,,,REZ,0.01 REZ,1000000.0,0.00001 USDT,1000.0,2.0,2.0,1 USDT,100000000.0,"500,000 REZ",50000000000000.0,"500,000 USDT",50000000000000.0,0.001,100000.0,0.001,100000.0,,,150.0,50.0,5.0
659,sMANEKIUSDT,86401,Spot,MANEKI / USDT,,,,,,,USDT,,,,8,8,5,,,,MANEKIUSDT is a MANEKI/USDT spot trading pair. Minimum order value is 1 USDT,Delisted,125000,1714039200000,,,,,,,MANEKI,0.01 MANEKI,1000000.0,0.00001 USDT,1000.0,2.0,2.0,1 USDT,100000000.0,"500,000 MANEKI",50000000000000.0,"500,000 USDT",50000000000000.0,0.001,100000.0,0.001,100000.0,,,150.0,50.0,
660,sSAFEUSDT,86501,Spot,SAFE / USDT,,,,,,,USDT,,,,8,8,4,,,,SAFEUSDT is a SAFE/USDT spot trading pair. Minimum order value is 1 USDT,Listed,62500,1714039200000,,,,,,,SAFE,0.01 SAFE,1000000.0,0.0001 USDT,10000.0,2.0,2.0,1 USDT,100000000.0,"250,000 SAFE",25000000000000.0,"500,000 USDT",50000000000000.0,0.001,100000.0,0.001,100000.0,,,150.0,50.0,
661,sZBCNUSDT,86701,Spot,ZBCN / USDT,,,,,,,USDT,,,,8,8,7,,,,ZBCNUSDT is a ZBCN/USDT spot trading pair. Minimum order value is 1 USDT,Listed,25000000,1748340000000,,,,,,,ZBCN,0.1 ZBCN,10000000.0,0.0000001 USDT,10.0,1.0,2.0,1 USDT,100000000.0,"100,000,000 ZBCN",1e+16,"500,000 USDT",50000000000000.0,0.001,100000.0,0.001,100000.0,,,150.0,50.0,
662,sKMNOUSDT,87201,Spot,KMNO / USDT,,,,,,,USDT,,,,8,8,5,,,,KMNOUSDT is a KMNO/USDT spot trading pair. Minimum order value is 1 USDT,Listed,2500000,1715335200000,,,,,,,KMNO,0.01 KMNO,10000.0,0.00001 USDT,1000.0,2.0,2.0,1 USDT,100000000.0,"10,000,000 KMNO",10000000000000.0,"500,000 USDT",50000000000000.0,0.001,100000.0,0.001,100000.0,,,150.0,50.0,
663,sZEROUSDT,87301,Spot,ZERO / USDT,,,,,,,USDT,,,,8,8,7,,,,ZEROUSDT is a ZERO/USDT spot trading pair. Minimum order value is 1 USDT,Delisted,250000000,1715335200000,,,,,,,ZERO,0.1 ZERO,100000.0,0.0000001 USDT,10.0,1.0,2.0,1 USDT,100000000.0,"1,000,000,000 ZERO",1000000000000000.0,"500,000 USDT",50000000000000.0,0.001,100000.0,0.001,100000.0,,,150.0,50.0,
664,sFRIENDUSDT,87401,Spot,FRIEND / USDT,,,,,,,USDT,,,,8,8,3,,,,FRIENDUSDT is a FRIEND/USDT spot trading pair. Minimum order value is 1 USDT,Delisted,62500,1715335200000,,,,,,,FRIEND,0.01 FRIEND,1000000.0,0.001 USDT,100000.0,2.0,2.0,1 USDT,100000000.0,"250,000 FRIEND",25000000000000.0,"500,000 USDT",50000000000000.0,0.001,100000.0,0.001,100000.0,,,150.0,50.0,
665,sBBUSDT,87501,Spot,BB / USDT,,,,,,,USDT,,,,8,8,4,,,,BBUSDT is a BB/USDT spot trading pair. Minimum order value is 1 USDT,Delisted,200000,1715595000000,,,,,,,BB,0.01 BB,1000000.0,0.0001 USDT,10000.0,2.0,2.0,1 USDT,100000000.0,"800,000 BB",80000000000000.0,"500,000 USDT",50000000000000.0,0.001,100000.0,0.001,100000.0,,,150.0,50.0,5.0
666,sNOTUSDT,87601,Spot,NOT / USDT,,,,,,,USDT,,,,8,8,6,,,,NOTUSDT is a NOT/USDT spot trading pair. Minimum order value is 1 USDT,Listed,12500000,1715861400000,,,,,,,NOT,0.1 NOT,10000000.0,0.000001 USDT,100.0,1.0,2.0,1 USDT,100000000.0,"50,000,000 NOT",5000000000000000.0,"500,000 USDT",50000000000000.0,0.001,100000.0,0.001,100000.0,,,150.0,50.0,5.0
667,sGMEUSDT,87801,Spot,GME / USDT,,,,,,,USDT,,,,8,8,6,,,,GMEUSDT is a GME/USDT spot trading pair. Minimum order value is 1 USDT,Delisted,7500000,1715774400000,,,,,,,GME,0.01 GME,1000000.0,0.000001 USDT,100.0,2.0,2.0,1 USDT,100000000.0,"30,000,000 GME",3000000000000000.0,"500,000 USDT",50000000000000.0,0.001,100000.0,0.001,100000.0,,,150.0,50.0,
668,sDRIFTUSDT,88201,Spot,DRIFT / USDT,,,,,,,USDT,,,,8,8,4,,,,DRIFTUSDT is a DRIFT/USDT spot trading pair. Minimum order value is 1 USDT,Listed,325000,1716285600000,,,,,,,DRIFT,0.01 DRIFT,1000000.0,0.0001 USDT,10000.0,2.0,2.0,1 USDT,100000000.0,"1,300,000 DRIFT",130000000000000.0,"500,000 USDT",50000000000000.0,0.001,100000.0,0.001,100000.0,,,150.0,50.0,
669,sTFUELUSDT,88301,Spot,TFUEL / USDT,,,,,,,USDT,,,,8,8,5,,,,TFUELUSDT is a TFUEL/USDT spot trading pair. Minimum order value is 1 USDT,Listed,1250000,1716285600000,,,,,,,TFUEL,0.01 TFUEL,1000000.0,0.00001 USDT,1000.0,2.0,2.0,1 USDT,100000000.0,"5,000,000 TFUEL",500000000000000.0,"500,000 USDT",50000000000000.0,0.001,100000.0,0.001,100000.0,,,150.0,50.0,
670,sMONOLDUSDT,88401,Spot,MONOLD / USDT,,,,,,,USDT,,,,8,8,5,,,,MONOLDUSDT is a MONOLD/USDT spot trading pair. Minimum order value is 1 USDT,Delisted,325000,1716897600000,,,,,,,MONOLD,0.01 MONOLD,1000000.0,0.00001 USDT,1000.0,2.0,2.0,1 USDT,100000000.0,"1,300,000 MONOLD",130000000000000.0,"500,000 USDT",50000000000000.0,0.001,100000.0,0.001,100000.0,,,150.0,50.0,
671,sMAGAUSDT,88501,Spot,MAGA / USDT,,,,,,,USDT,,,,8,8,8,,,,MAGAUSDT is a MAGA/USDT spot trading pair. Minimum order value is 1 USDT,Delisted,250000000,1716897600000,,,,,,,MAGA,1 MAGA,1000000.0,0.00000001 USDT,1.0,0.0,2.0,1 USDT,100000000.0,"1,000,000,000 MAGA",1000000000000000.0,"500,000 USDT",50000000000000.0,0.001,100000.0,0.001,100000.0,,,150.0,50.0,
672,sTAIKOUSDT,88701,Spot,TAIKO / USDT,,,,,,,USDT,,,,8,8,4,,,,TAIKOUSDT is a TAIKO/USDT spot trading pair. Minimum order value is 1 USDT,Listed,50000,1717593000000,,,,,,,TAIKO,0.001 TAIKO,100000.0,0.0001 USDT,10000.0,3.0,2.0,1 USDT,100000000.0,"200,000 TAIKO",20000000000000.0,"500,000 USDT",50000000000000.0,0.001,100000.0,0.001,100000.0,,,150.0,50.0,
673,sULTIUSDT,88801,Spot,ULTI / USDT,,,,,,,USDT,,,,8,8,6,,,,ULTIUSDT is a ULTI/USDT spot trading pair. Minimum order value is 1 USDT,Delisted,2500000,1717668600000,,,,,,,ULTI,0.1 ULTI,10000000.0,0.000001 USDT,100.0,1.0,2.0,1 USDT,100000000.0,"10,000,000 ULTI",1000000000000000.0,"500,000 USDT",50000000000000.0,0.001,100000.0,0.001,100000.0,,,150.0,50.0,
674,sIOUSDT,88901,Spot,IO / USDT,,,,,,,USDT,,,,8,8,5,,,,IOUSDT is a IO/USDT spot trading pair. Minimum order value is 1 USDT,Listed,30000,1718107800000,,,,,,,IO,0.01 IO,1000000.0,0.00001 USDT,1000.0,2.0,2.0,1 USDT,100000000.0,"120,000 IO",12000000000000.0,"500,000 USDT",50000000000000.0,0.001,100000.0,0.001,100000.0,,,150.0,50.0,5.0
675,sATHUSDT,89001,Spot,ATH / USDT,,,,,,,USDT,,,,8,8,6,,,,ATHUSDT is a ATH/USDT spot trading pair. Minimum order value is 1 USDT,Listed,1500000,1718272800000,,,,,,,ATH,0.1 ATH,10000000.0,0.000001 USDT,100.0,1.0,2.0,1 USDT,100000000.0,"6,000,000 ATH",600000000000000.0,"500,000 USDT",50000000000000.0,0.001,100000.0,0.001,100000.0,,,150.0,50.0,
676,sLISTAUSDT,89201,Spot,LISTA / USDT,,,,,,,USDT,,,,8,8,4,,,,LISTAUSDT is a LISTA/USDT spot trading pair. Minimum order value is 1 USDT,Listed,150000,1718878200000,,,,,,,LISTA,0.001 LISTA,100000.0,0.0001 USDT,10000.0,3.0,2.0,1 USDT,100000000.0,"600,000 LISTA",60000000000000.0,"500,000 USDT",50000000000000.0,0.001,100000.0,0.001,100000.0,,,150.0,50.0,5.0
677,sCOOKIEUSDT,89301,Spot,COOKIE / USDT,,,,,,,USDT,,,,8,8,5,,,,COOKIEUSDT is a COOKIE/USDT spot trading pair. Minimum order value is 1 USDT,Listed,1500000,1718704800000,,,,,,,COOKIE,0.1 COOKIE,10000000.0,0.00001 USDT,1000.0,1.0,2.0,1 USDT,100000000.0,"6,000,000 COOKIE",600000000000000.0,"500,000 USDT",50000000000000.0,0.001,100000.0,0.001,100000.0,,,150.0,50.0,
678,sPIRATEUSDT,89401,Spot,PIRATE / USDT,,,,,,,USDT,,,,8,8,5,,,,PIRATEUSDT is a PIRATE/USDT spot trading pair. Minimum order value is 1 USDT,Delisted,625000,1718704800000,,,,,,,PIRATE,0.1 PIRATE,10000000.0,0.00001 USDT,1000.0,1.0,2.0,1 USDT,100000000.0,"2,500,000 PIRATE",250000000000000.0,"500,000 USDT",50000000000000.0,0.001,100000.0,0.001,100000.0,,,150.0,50.0,
679,sZKUSDT,89601,Spot,ZK / USDT,,,,,,,USDT,,,,8,8,5,,,,ZKUSDT is a ZK/USDT spot trading pair. Minimum order value is 1 USDT,Listed,500000,1718704800000,,,,,,,ZK,0.01 ZK,1000000.0,0.00001 USDT,1000.0,2.0,2.0,1 USDT,100000000.0,"2,000,000 ZK",200000000000000.0,"500,000 USDT",50000000000000.0,0.001,100000.0,0.001,100000.0,,,150.0,50.0,5.0
680,sZROUSDT,90001,Spot,ZRO / USDT,,,,,,,USDT,,,,8,8,3,,,,ZROUSDT is a ZRO/USDT spot trading pair. Minimum order value is 1 USDT,Listed,32500,1718885400000,,,,,,,ZRO,0.01 ZRO,1000000.0,0.001 USDT,100000.0,2.0,2.0,1 USDT,100000000.0,"130,000 ZRO",13000000000000.0,"500,000 USDT",50000000000000.0,0.001,100000.0,0.001,100000.0,,,150.0,50.0,5.0
681,sBLASTUSDT,90301,Spot,BLAST / USDT,,,,,,,USDT,,,,8,8,6,,,,BLASTUSDT is a BLAST/USDT spot trading pair. Minimum order value is 1 USDT,Listed,3250000,1719414600000,,,,,,,BLAST,0.01 BLAST,1000000.0,0.000001 USDT,100.0,2.0,2.0,1 USDT,100000000.0,"13,000,000 BLAST",1300000000000000.0,"500,000 USDT",50000000000000.0,0.001,100000.0,0.001,100000.0,,,150.0,50.0,
682,sGUSDT,90501,Spot,G / USDT,,,,,,,USDT,,,,8,8,5,,,,GUSDT is a G/USDT spot trading pair. Minimum order value is 1 USDT,Listed,2500000,1721642400000,,,,,,,G,0.1 G,10000000.0,0.00001 USDT,1000.0,1.0,2.0,1 USDT,100000000.0,"10,000,000 G",1000000000000000.0,"500,000 USDT",50000000000000.0,0.001,100000.0,0.001,100000.0,,,150.0,50.0,5.0
683,sBANANAUSDT,90601,Spot,BANANA / USDT,,,,,,,USDT,,,,8,8,2,,,,BANANAUSDT is a BANANA/USDT spot trading pair. Minimum order value is 1 USDT,Listed,2000,1721642400000,,,,,,,BANANA,0.001 BANANA,100000.0,0.01 USDT,1000000.0,3.0,2.0,1 USDT,100000000.0,"8,000 BANANA",800000000000.0,"500,000 USDT",50000000000000.0,0.001,100000.0,0.001,100000.0,,,150.0,50.0,5.0
684,sUXLINKOLDUSDT,90801,Spot,UXLINKOLD / USDT,,,,,,,USDT,,,,8,8,4,,,,UXLINKOLDUSDT is a UXLINKOLD/USDT spot trading pair. Minimum order value is 1 USDT,Delisted,750000,1721988000000,,,,,,,UXLINKOLD,0.01 UXLINKOLD,1000000.0,0.0001 USDT,10000.0,2.0,2.0,1 USDT,100000000.0,"3,000,000 UXLINKOLD",300000000000000.0,"500,000 USDT",50000000000000.0,0.001,100000.0,0.001,100000.0,,,150.0,50.0,
685,sRENDERUSDT,90901,Spot,RENDER / USDT,,,,,,,USDT,,,,8,8,3,,,,RENDERUSDT is a RENDER/USDT spot trading pair. Minimum order value is 1 USDT,Listed,22500,1721988000000,,,,,,,RENDER,0.01 RENDER,1000000.0,0.001 USDT,100000.0,2.0,2.0,1 USDT,100000000.0,"90,000 RENDER",9000000000000.0,"500,000 USDT",50000000000000.0,0.001,100000.0,0.001,100000.0,,,150.0,50.0,5.0
686,sQKCUSDT,91101,Spot,QKC / USDT,,,,,,,USDT,,,,8,8,6,,,,QKCUSDT is a QKC/USDT spot trading pair. Minimum order value is 1 USDT,Listed,12500000,1722333600000,,,,,,,QKC,0.1 QKC,10000000.0,0.000001 USDT,100.0,1.0,2.0,1 USDT,100000000.0,"50,000,000 QKC",5000000000000000.0,"500,000 USDT",50000000000000.0,0.001,100000.0,0.001,100000.0,,,150.0,50.0,
687,sAVAILUSDT,91201,Spot,AVAIL / USDT,,,,,,,USDT,,,,8,8,6,,,,AVAILUSDT is a AVAIL/USDT spot trading pair. Minimum order value is 1 USDT,Listed,750000,1722333600000,,,,,,,AVAIL,0.1 AVAIL,10000000.0,0.000001 USDT,100.0,1.0,2.0,1 USDT,100000000.0,"3,000,000 AVAIL",300000000000000.0,"500,000 USDT",50000000000000.0,0.001,100000.0,0.001,100000.0,,,150.0,50.0,
688,sCRSUSDT,91401,Spot,CRS / USDT,,,,,,,USDT,,,,8,8,7,,,,CRSUSDT is a CRS/USDT spot trading pair. Minimum order value is 1 USDT,Delisted,125000,1724839200000,,,,,,,CRS,1 CRS,100000000.0,0.0000001 USDT,10.0,0.0,2.0,1 USDT,100000000.0,"500,000 CRS",50000000000000.0,"500,000 USDT",50000000000000.0,0.001,100000.0,0.001,100000.0,,,150.0,50.0,
689,sDOGSUSDT,91901,Spot,DOGS / USDT,,,,,,,USDT,,,,8,8,7,,,,DOGSUSDT is a DOGS/USDT spot trading pair. Minimum order value is 1 USDT,Listed,100000000,1724674200000,,,,,,,DOGS,1 DOGS,100000000.0,0.0000001 USDT,10.0,0.0,2.0,1 USDT,100000000.0,"400,000,000 DOGS",4e+16,"500,000 USDT",50000000000000.0,0.001,100000.0,0.001,100000.0,,,150.0,50.0,5.0
690,sSYSUSDT,92001,Spot,SYS / USDT,,,,,,,USDT,,,,8,8,5,,,,SYSUSDT is a SYS/USDT spot trading pair. Minimum order value is 1 USDT,Listed,1250000,1725012000000,,,,,,,SYS,0.01 SYS,1000000.0,0.00001 USDT,1000.0,2.0,2.0,1 USDT,100000000.0,"5,000,000 SYS",500000000000000.0,"500,000 USDT",50000000000000.0,0.001,100000.0,0.001,100000.0,,,150.0,50.0,
691,sSUNUSDT,92201,Spot,SUN / USDT,,,,,,,USDT,,,,8,8,5,,,,SUNUSDT is a SUN/USDT spot trading pair. Minimum order value is 1 USDT,Listed,3750000,1724666400000,,,,,,,SUN,0.1 SUN,10000000.0,0.00001 USDT,1000.0,1.0,2.0,1 USDT,100000000.0,"15,000,000 SUN",1500000000000000.0,"500,000 USDT",50000000000000.0,0.001,100000.0,0.001,100000.0,,,150.0,50.0,
692,sORDERUSDT,92601,Spot,ORDER / USDT,,,,,,,USDT,,,,8,8,4,,,,ORDERUSDT is a ORDER/USDT spot trading pair. Minimum order value is 1 USDT,Listed,500000,1733306400000,,,,,,,ORDER,0.01 ORDER,1000000.0,0.0001 USDT,10000.0,2.0,2.0,1 USDT,100000000.0,"2,000,000 ORDER",200000000000000.0,"500,000 USDT",50000000000000.0,0.001,100000.0,0.001,100000.0,,,150.0,50.0,
693,sCATUSDT,92801,Spot,CAT / USDT,,,,,,,USDT,,,,8,8,8,,,,CATUSDT is a CAT/USDT spot trading pair. Minimum order value is 1 USDT,Listed,6250000000,1726228800000,,,,,,,CAT,1 CAT,10000.0,0.00000001 USDT,1.0,0.0,2.0,1 USDT,100000000.0,"25,000,000,000 CAT",250000000000000.0,"500,000 USDT",50000000000000.0,0.001,100000.0,0.001,100000.0,,,150.0,50.0,
694,sNEIROETHUSDT,93001,Spot,NEIROETH / USDT,,,,,,,USDT,,,,8,8,4,,,,NEIROETHUSDT is a NEIROETH/USDT spot trading pair. Minimum order value is 1 USDT,Delisted,875000,1725876000000,,,,,,,NEIROETH,0.01 NEIROETH,1000000.0,0.0001 USDT,10000.0,2.0,2.0,1 USDT,100000000.0,"3,500,000 NEIROETH",350000000000000.0,"500,000 USDT",50000000000000.0,0.001,100000.0,0.001,100000.0,,,150.0,50.0,
695,sPOLUSDT,93301,Spot,POL / USDT,,,,,,,USDT,,,,8,8,4,,,,POLUSDT is a POL/USDT spot trading pair. Minimum order value is 1 USDT,Listed,375000,1726221600000,,,,,,,POL,0.01 POL,1000000.0,0.0001 USDT,10000.0,2.0,2.0,1 USDT,100000000.0,"1,500,000 POL",150000000000000.0,"500,000 USDT",50000000000000.0,0.001,100000.0,0.001,100000.0,,,150.0,50.0,5.0
696,sCATIUSDT,93501,Spot,CATI / USDT,,,,,,,USDT,,,,8,8,4,,,,CATIUSDT is a CATI/USDT spot trading pair. Minimum order value is 1 USDT,Listed,200000,1726830600000,,,,,,,CATI,0.01 CATI,1000000.0,0.0001 USDT,10000.0,2.0,2.0,1 USDT,100000000.0,"800,000 CATI",80000000000000.0,"500,000 USDT",50000000000000.0,0.001,100000.0,0.001,100000.0,,,150.0,50.0,5.0
697,sNEIROUSDT,93601,Spot,NEIRO / USDT,,,,,,,USDT,,,,8,8,8,,,,NEIROUSDT is a NEIRO/USDT spot trading pair. Minimum order value is 1 USDT,Listed,175000000,1726660800000,,,,,,,NEIRO,1 NEIRO,100000000.0,0.00000001 USDT,1.0,0.0,2.0,1 USDT,100000000.0,"700,000,000 NEIRO",7e+16,"500,000 USDT",50000000000000.0,0.001,100000.0,0.001,100000.0,,,150.0,50.0,5.0
698,sDATAUSDT,94501,Spot,DATA / USDT,,,,,,,USDT,,,,8,8,5,,,,DATAUSDT is a DATA/USDT spot trading pair. Minimum order value is 1 USDT,Delisted,3000000,1727085600000,,,,,,,DATA,0.01 DATA,1000000.0,0.00001 USDT,1000.0,2.0,2.0,1 USDT,100000000.0,"12,000,000 DATA",1200000000000000.0,"500,000 USDT",50000000000000.0,0.001,100000.0,0.001,100000.0,,,150.0,50.0,
699,sFIOUSDT,94601,Spot,FIO / USDT,,,,,,,USDT,,,,8,8,5,,,,FIOUSDT is a FIO/USDT spot trading pair. Minimum order value is 1 USDT,Delisted,4500000,1728381600000,,,,,,,FIO,0.01 FIO,1000000.0,0.00001 USDT,1000.0,2.0,2.0,1 USDT,100000000.0,"18,000,000 FIO",1800000000000000.0,"500,000 USDT",50000000000000.0,0.001,100000.0,0.001,100000.0,,,150.0,50.0,
700,sHMSTRUSDT,94801,Spot,HMSTR / USDT,,,,,,,USDT,,,,8,8,7,,,,HMSTRUSDT is a HMSTR/USDT spot trading pair. Minimum order value is 1 USDT,Listed,1250000,1727352600000,,,,,,,HMSTR,1 HMSTR,100000000.0,0.0000001 USDT,10.0,0.0,2.0,1 USDT,100000000.0,"5,000,000 HMSTR",500000000000000.0,"500,000 USDT",50000000000000.0,0.001,100000.0,0.001,100000.0,,,150.0,50.0,5.0
701,sSUNDOGUSDT,94901,Spot,SUNDOG / USDT,,,,,,,USDT,,,,8,8,5,,,,SUNDOGUSDT is a SUNDOG/USDT spot trading pair. Minimum order value is 1 USDT,Listed,400000,1727431200000,,,,,,,SUNDOG,0.1 SUNDOG,10000000.0,0.00001 USDT,1000.0,1.0,2.0,1 USDT,100000000.0,"1,600,000 SUNDOG",160000000000000.0,"500,000 USDT",50000000000000.0,0.001,100000.0,0.001,100000.0,,,150.0,50.0,
702,sPUFFYUSDT,95201,Spot,PUFFY / USDT,,,,,,,USDT,,,,8,8,7,,,,PUFFYUSDT is a PUFFY/USDT spot trading pair. Minimum order value is 1 USDT,Delisted,625000000,1728640800000,,,,,,,PUFFY,1 PUFFY,10000.0,0.0000001 USDT,10.0,0.0,2.0,1 USDT,100000000.0,"2,500,000,000 PUFFY",25000000000000.0,"500,000 USDT",50000000000000.0,0.001,100000.0,0.001,100000.0,,,150.0,50.0,
703,sMOODENGUSDT,95401,Spot,MOODENG / USDT,,,,,,,USDT,,,,8,8,5,,,,MOODENGUSDT is a MOODENG/USDT spot trading pair. Minimum order value is 1 USDT,Listed,1000000,1728381600000,,,,,,,MOODENG,0.1 MOODENG,10000000.0,0.00001 USDT,1000.0,1.0,2.0,1 USDT,100000000.0,"4,000,000 MOODENG",400000000000000.0,"500,000 USDT",50000000000000.0,0.001,100000.0,0.001,100000.0,,,150.0,50.0,
704,sEIGENUSDT,95501,Spot,EIGEN / USDT,,,,,,,USDT,,,,8,8,4,,,,EIGENUSDT is a EIGEN/USDT spot trading pair. Minimum order value is 1 USDT,Listed,37500,1728381600000,,,,,,,EIGEN,0.01 EIGEN,1000000.0,0.0001 USDT,10000.0,2.0,2.0,1 USDT,100000000.0,"150,000 EIGEN",15000000000000.0,"500,000 USDT",50000000000000.0,0.001,100000.0,0.001,100000.0,,,150.0,50.0,5.0
705,sCARVUSDT,96001,Spot,CARV / USDT,,,,,,,USDT,,,,8,8,4,,,,CARVUSDT is a CARV/USDT spot trading pair. Minimum order value is 1 USDT,Listed,125000,1728986400000,,,,,,,CARV,0.01 CARV,1000000.0,0.0001 USDT,10000.0,2.0,2.0,1 USDT,100000000.0,"500,000 CARV",50000000000000.0,"500,000 USDT",50000000000000.0,0.001,100000.0,0.001,100000.0,,,150.0,50.0,
706,sCATSUSDT,96101,Spot,CATS / USDT,,,,,,,USDT,,,,8,8,7,,,,CATSUSDT is a CATS/USDT spot trading pair. Minimum order value is 1 USDT,Delisted,1250000000,1728986400000,,,,,,,CATS,0.1 CATS,1000.0,0.0000001 USDT,10.0,1.0,2.0,1 USDT,100000000.0,"5,000,000,000 CATS",50000000000000.0,"500,000 USDT",50000000000000.0,0.001,100000.0,0.001,100000.0,,,150.0,50.0,
707,s1000MOGUSDT,96201,Spot,MOG(1K) / USDT,,,,,,,USDT,,,,8,8,8,,,,1000MOGUSDT is a 1000MOG/USDT spot trading pair. Minimum order value is 1 USDT,Listed,62500000,1728986400000,,,,,,,1000MOG,1 1000MOG,10000.0,0.00000001 USDT,1.0,0.0,2.0,1 USDT,100000000.0,"250,000,000 1000MOG",2500000000000.0,"500,000 USDT",50000000000000.0,0.001,100000.0,0.001,100000.0,,,150.0,50.0,
708,sOSMOUSDT,96301,Spot,OSMO / USDT,,,,,,,USDT,,,,8,8,4,,,,OSMOUSDT is a OSMO/USDT spot trading pair. Minimum order value is 1 USDT,Listed,250000,1728986400000,,,,,,,OSMO,0.01 OSMO,1000000.0,0.0001 USDT,10000.0,2.0,2.0,1 USDT,100000000.0,"1,000,000 OSMO",100000000000000.0,"500,000 USDT",50000000000000.0,0.001,100000.0,0.001,100000.0,,,150.0,50.0,
709,sPUFFERUSDT,96401,Spot,PUFFER / USDT,,,,,,,USDT,,,,8,8,5,,,,PUFFERUSDT is a PUFFER/USDT spot trading pair. Minimum order value is 1 USDT,Listed,375000,1729245600000,,,,,,,PUFFER,0.1 PUFFER,10000000.0,0.00001 USDT,1000.0,1.0,2.0,1 USDT,100000000.0,"1,500,000 PUFFER",150000000000000.0,"500,000 USDT",50000000000000.0,0.001,100000.0,0.001,100000.0,,,150.0,50.0,
710,sDBRUSDT,96501,Spot,DBR / USDT,,,,,,,USDT,,,,8,8,5,,,,DBRUSDT is a DBR/USDT spot trading pair. Minimum order value is 1 USDT,Listed,5000000,1729245600000,,,,,,,DBR,1 DBR,100000000.0,0.00001 USDT,1000.0,0.0,2.0,1 USDT,100000000.0,"20,000,000 DBR",2000000000000000.0,"500,000 USDT",50000000000000.0,0.001,100000.0,0.001,100000.0,,,150.0,50.0,
711,sSCRUSDT,96601,Spot,SCR / USDT,,,,,,,USDT,,,,8,8,5,,,,SCRUSDT is a SCR/USDT spot trading pair. Minimum order value is 1 USDT,Listed,1250000,1729588200000,,,,,,,SCR,0.1 SCR,10000000.0,0.00001 USDT,1000.0,1.0,2.0,1 USDT,100000000.0,"5,000,000 SCR",500000000000000.0,"500,000 USDT",50000000000000.0,0.001,100000.0,0.001,100000.0,,,150.0,50.0,5.0
712,sGOATUSDT,96701,Spot,GOAT / USDT,,,,,,,USDT,,,,8,8,5,,,,GOATUSDT is a GOAT/USDT spot trading pair. Minimum order value is 1 USDT,Listed,500000,1729504800000,,,,,,,GOAT,0.01 GOAT,10000.0,0.00001 USDT,1000.0,2.0,2.0,1 USDT,100000000.0,"2,000,000 GOAT",2000000000000.0,"500,000 USDT",50000000000000.0,0.001,100000.0,0.001,100000.0,,,150.0,50.0,
713,sDEEPUSDT,97101,Spot,DEEP / USDT,,,,,,,USDT,,,,8,8,6,,,,DEEPUSDT is a DEEP/USDT spot trading pair. Minimum order value is 1 USDT,Listed,2500000,1730455200000,,,,,,,DEEP,1 DEEP,100000000.0,0.000001 USDT,100.0,0.0,2.0,1 USDT,100000000.0,"10,000,000 DEEP",1000000000000000.0,"500,000 USDT",50000000000000.0,0.001,100000.0,0.001,100000.0,,,150.0,50.0,
714,sXUSDT,97301,Spot,X / USDT,,,,,,,USDT,,,,8,8,8,,,,XUSDT is a X/USDT spot trading pair. Minimum order value is 1 USDT,Delisted,2500000000,1730109600000,,,,,,,X,1 X,10000.0,0.00000001 USDT,1.0,0.0,2.0,1 USDT,100000000.0,"10,000,000,000 X",100000000000000.0,"500,000 USDT",50000000000000.0,0.001,100000.0,0.001,100000.0,,,150.0,50.0,
715,sGRASSUSDT,97601,Spot,GRASS / USDT,,,,,,,USDT,,,,8,8,4,,,,GRASSUSDT is a GRASS/USDT spot trading pair. Minimum order value is 1 USDT,Listed,175000,1730196000000,,,,,,,GRASS,0.1 GRASS,10000000.0,0.0001 USDT,10000.0,1.0,2.0,1 USDT,100000000.0,"700,000 GRASS",70000000000000.0,"500,000 USDT",50000000000000.0,0.001,100000.0,0.001,100000.0,,,150.0,50.0,
716,sTROYUSDT,97901,Spot,TROY / USDT,,,,,,,USDT,,,,8,8,6,,,,TROYUSDT is a TROY/USDT spot trading pair. Minimum order value is 1 USDT,Delisted,50000000,1730455200000,,,,,,,TROY,1 TROY,100000000.0,0.000001 USDT,100.0,0.0,2.0,1 USDT,100000000.0,"200,000,000 TROY",2e+16,"500,000 USDT",50000000000000.0,0.001,100000.0,0.001,100000.0,,,150.0,50.0,
717,sMICHIUSDT,98201,Spot,MICHI / USDT,,,,,,,USDT,,,,8,8,5,,,,MICHIUSDT is a MICHI/USDT spot trading pair. Minimum order value is 1 USDT,Delisted,375000,1730800800000,,,,,,,MICHI,0.01 MICHI,1000000.0,0.00001 USDT,1000.0,2.0,2.0,1 USDT,100000000.0,"1,500,000 MICHI",150000000000000.0,"500,000 USDT",50000000000000.0,0.001,100000.0,0.001,100000.0,,,150.0,50.0,
718,sVIRTUALUSDT,98301,Spot,VIRTUAL / USDT,,,,,,,USDT,,,,8,8,4,,,,VIRTUALUSDT is a VIRTUAL/USDT spot trading pair. Minimum order value is 1 USDT,Listed,375000,1730800800000,,,,,,,VIRTUAL,0.1 VIRTUAL,10000000.0,0.0001 USDT,10000.0,1.0,2.0,1 USDT,100000000.0,"1,500,000 VIRTUAL",150000000000000.0,"500,000 USDT",50000000000000.0,0.001,100000.0,0.001,100000.0,,,150.0,50.0,
719,sPONKEUSDT,98401,Spot,PONKE / USDT,,,,,,,USDT,,,,8,8,5,,,,PONKEUSDT is a PONKE/USDT spot trading pair. Minimum order value is 1 USDT,Delisted,300000,1730800800000,,,,,,,PONKE,0.1 PONKE,10000000.0,0.00001 USDT,1000.0,1.0,2.0,1 USDT,100000000.0,"1,200,000 PONKE",120000000000000.0,"500,000 USDT",50000000000000.0,0.001,100000.0,0.001,100000.0,,,150.0,50.0,
720,sPNUTUSDT,98601,Spot,PNUT / USDT,,,,,,,USDT,,,,8,8,5,,,,PNUTUSDT is a PNUT/USDT spot trading pair. Minimum order value is 1 USDT,Listed,1000000,1730973600000,,,,,,,PNUT,0.1 PNUT,10000000.0,0.00001 USDT,1000.0,1.0,2.0,1 USDT,100000000.0,"4,000,000 PNUT",400000000000000.0,"500,000 USDT",50000000000000.0,0.001,100000.0,0.001,100000.0,,,150.0,50.0,5.0
721,sCETUSUSDT,98701,Spot,CETUS / USDT,,,,,,,USDT,,,,8,8,5,,,,CETUSUSDT is a CETUS/USDT spot trading pair. Minimum order value is 1 USDT,Listed,425000,1730973600000,,,,,,,CETUS,0.01 CETUS,1000000.0,0.00001 USDT,1000.0,2.0,2.0,1 USDT,100000000.0,"1,700,000 CETUS",170000000000000.0,"500,000 USDT",50000000000000.0,0.001,100000.0,0.001,100000.0,,,150.0,50.0,5.0
722,sCOWUSDT,98801,Spot,COW / USDT,,,,,,,USDT,,,,8,8,4,,,,COWUSDT is a COW/USDT spot trading pair. Minimum order value is 1 USDT,Listed,250000,1730973600000,,,,,,,COW,0.01 COW,1000000.0,0.0001 USDT,10000.0,2.0,2.0,1 USDT,100000000.0,"1,000,000 COW",100000000000000.0,"500,000 USDT",50000000000000.0,0.001,100000.0,0.001,100000.0,,,150.0,50.0,5.0
723,sSLOFUSDT,99101,Spot,SLOF / USDT,,,,,,,USDT,,,,8,8,7,,,,SLOFUSDT is a SLOF/USDT spot trading pair. Minimum order value is 1 USDT,Delisted,350000000,1735466400000,,,,,,,SLOF,1 SLOF,100000000.0,0.0000001 USDT,10.0,0.0,2.0,1 USDT,100000000.0,"1,400,000,000 SLOF",1.4e+17,"500,000 USDT",50000000000000.0,0.001,100000.0,0.001,100000.0,,,150.0,50.0,
724,sSWELLUSDT,99201,Spot,SWELL / USDT,,,,,,,USDT,,,,8,8,5,,,,SWELLUSDT is a SWELL/USDT spot trading pair. Minimum order value is 1 USDT,Delisted,3750000,1731060000000,,,,,,,SWELL,0.01 SWELL,1000000.0,0.00001 USDT,1000.0,2.0,2.0,1 USDT,100000000.0,"15,000,000 SWELL",1500000000000000.0,"500,000 USDT",50000000000000.0,0.001,100000.0,0.001,100000.0,,,150.0,50.0,
725,sSMILEUSDT,99301,Spot,SMILE / USDT,,,,,,,USDT,,,,8,8,5,,,,SMILEUSDT is a SMILE/USDT spot trading pair. Minimum order value is 1 USDT,Delisted,425000,1731060000000,,,,,,,SMILE,0.01 SMILE,1000000.0,0.00001 USDT,1000.0,2.0,2.0,1 USDT,100000000.0,"1,700,000 SMILE",170000000000000.0,"500,000 USDT",50000000000000.0,0.001,100000.0,0.001,100000.0,,,150.0,50.0,
726,sACTUSDT,99801,Spot,ACT / USDT,,,,,,,USDT,,,,8,8,5,,,,ACTUSDT is a ACT/USDT spot trading pair. Minimum order value is 1 USDT,Listed,400000,1731326400000,,,,,,,ACT,0.1 ACT,10000000.0,0.00001 USDT,1000.0,1.0,2.0,1 USDT,100000000.0,"1,600,000 ACT",160000000000000.0,"500,000 USDT",50000000000000.0,0.001,100000.0,0.001,100000.0,,,150.0,50.0,5.0
727,sBANUSDT,100101,Spot,BAN / USDT,,,,,,,USDT,,,,8,8,5,,,,BANUSDT is a BAN/USDT spot trading pair. Minimum order value is 1 USDT,Listed,1500000,1731495600000,,,,,,,BAN,0.01 BAN,1000000.0,0.00001 USDT,1000.0,2.0,2.0,1 USDT,100000000.0,"6,000,000 BAN",600000000000000.0,"500,000 USDT",50000000000000.0,0.001,100000.0,0.001,100000.0,,,150.0,50.0,
728,sBILLYUSDT,100201,Spot,BILLY / USDT,,,,,,,USDT,,,,8,8,6,,,,BILLYUSDT is a BILLY/USDT spot trading pair. Minimum order value is 1 USDT,Delisted,2500000,1731495600000,,,,,,,BILLY,0.01 BILLY,1000000.0,0.000001 USDT,100.0,2.0,2.0,1 USDT,100000000.0,"10,000,000 BILLY",1000000000000000.0,"500,000 USDT",50000000000000.0,0.001,100000.0,0.001,100000.0,,,150.0,50.0,
729,sFWOGUSDT,100301,Spot,FWOG / USDT,,,,,,,USDT,,,,8,8,5,,,,FWOGUSDT is a FWOG/USDT spot trading pair. Minimum order value is 1 USDT,Delisted,250000,1731495600000,,,,,,,FWOG,0.01 FWOG,1000000.0,0.00001 USDT,1000.0,2.0,2.0,1 USDT,100000000.0,"1,000,000 FWOG",100000000000000.0,"500,000 USDT",50000000000000.0,0.001,100000.0,0.001,100000.0,,,150.0,50.0,
730,sNPCUSDT,100401,Spot,NPC / USDT,,,,,,,USDT,,,,8,8,6,,,,NPCUSDT is a NPC/USDT spot trading pair. Minimum order value is 1 USDT,Listed,3750000,1731495600000,,,,,,,NPC,0.01 NPC,1000000.0,0.000001 USDT,100.0,2.0,2.0,1 USDT,100000000.0,"15,000,000 NPC",1500000000000000.0,"500,000 USDT",50000000000000.0,0.001,100000.0,0.001,100000.0,,,150.0,50.0,
731,sAPUUSDT,100501,Spot,APU / USDT,,,,,,,USDT,,,,8,8,8,,,,APUUSDT is a APU/USDT spot trading pair. Minimum order value is 1 USDT,Listed,125000000,1731578400000,,,,,,,APU,1 APU,100000000.0,0.00000001 USDT,1.0,0.0,2.0,1 USDT,100000000.0,"500,000,000 APU",5e+16,"500,000 USDT",50000000000000.0,0.001,100000.0,0.001,100000.0,,,150.0,50.0,
732,sHIPPOUSDT,100601,Spot,HIPPO / USDT,,,,,,,USDT,,,,8,8,6,,,,HIPPOUSDT is a HIPPO/USDT spot trading pair. Minimum order value is 1 USDT,Delisted,7500000,1731578400000,,,,,,,HIPPO,0.1 HIPPO,10000000.0,0.000001 USDT,100.0,1.0,2.0,1 USDT,100000000.0,"30,000,000 HIPPO",3000000000000000.0,"500,000 USDT",50000000000000.0,0.001,100000.0,0.001,100000.0,,,150.0,50.0,
733,sSDUSDT,101001,Spot,SD / USDT,,,,,,,USDT,,,,8,8,4,,,,SDUSDT is a SD/USDT spot trading pair. Minimum order value is 1 USDT,Listed,125000,1731924000000,,,,,,,SD,0.01 SD,1000000.0,0.0001 USDT,10000.0,2.0,2.0,1 USDT,100000000.0,"500,000 SD",50000000000000.0,"500,000 USDT",50000000000000.0,0.001,100000.0,0.001,100000.0,,,150.0,50.0,
734,sMIGGLESUSDT,101101,Spot,MIGGLES / USDT,,,,,,,USDT,,,,8,8,5,,,,MIGGLESUSDT is a MIGGLES/USDT spot trading pair. Minimum order value is 1 USDT,Delisted,750000,1731924000000,,,,,,,MIGGLES,0.01 MIGGLES,1000000.0,0.00001 USDT,1000.0,2.0,2.0,1 USDT,100000000.0,"3,000,000 MIGGLES",300000000000000.0,"500,000 USDT",50000000000000.0,0.001,100000.0,0.001,100000.0,,,150.0,50.0,
735,sHAPPYUSDT,101201,Spot,HAPPY / USDT,,,,,,,USDT,,,,8,8,6,,,,HAPPYUSDT is a HAPPY/USDT spot trading pair. Minimum order value is 1 USDT,Delisted,5000000,1731924000000,,,,,,,HAPPY,0.01 HAPPY,1000000.0,0.000001 USDT,100.0,2.0,2.0,1 USDT,100000000.0,"20,000,000 HAPPY",2000000000000000.0,"500,000 USDT",50000000000000.0,0.001,100000.0,0.001,100000.0,,,150.0,50.0,
736,sNSUSDT,101301,Spot,NS / USDT,,,,,,,USDT,,,,8,8,5,,,,NSUSDT is a NS/USDT spot trading pair. Minimum order value is 1 USDT,Listed,375000,1731924000000,,,,,,,NS,1 NS,100000000.0,0.00001 USDT,1000.0,0.0,2.0,1 USDT,100000000.0,"1,500,000 NS",150000000000000.0,"500,000 USDT",50000000000000.0,0.001,100000.0,0.001,100000.0,,,150.0,50.0,
737,sAKTUSDT,101401,Spot,AKT / USDT,,,,,,,USDT,,,,8,8,4,,,,AKTUSDT is a AKT/USDT spot trading pair. Minimum order value is 1 USDT,Listed,37500,1732269600000,,,,,,,AKT,0.01 AKT,1000000.0,0.0001 USDT,10000.0,2.0,2.0,1 USDT,100000000.0,"150,000 AKT",15000000000000.0,"500,000 USDT",50000000000000.0,0.001,100000.0,0.001,100000.0,,,150.0,50.0,
738,sSCIHUBUSDT,110301,Spot,SCIHUB / USDT,,,,,,,USDT,,,,8,8,6,,,,SCIHUBUSDT is a SCIHUB/USDT spot trading pair. Minimum order value is 1 USDT,Delisted,1250000,1732096800000,,,,,,,SCIHUB,0.01 SCIHUB,1000000.0,0.000001 USDT,100.0,2.0,2.0,1 USDT,100000000.0,"5,000,000 SCIHUB",500000000000000.0,"500,000 USDT",50000000000000.0,0.001,100000.0,0.001,100000.0,,,150.0,50.0,
739,sGIGAUSDT,110401,Spot,GIGA / USDT,,,,,,,USDT,,,,8,8,6,,,,GIGAUSDT is a GIGA/USDT spot trading pair. Minimum order value is 1 USDT,Listed,5000000,1732096800000,,,,,,,GIGA,0.01 GIGA,1000000.0,0.000001 USDT,100.0,2.0,2.0,1 USDT,100000000.0,"20,000,000 GIGA",2000000000000000.0,"500,000 USDT",50000000000000.0,0.001,100000.0,0.001,100000.0,,,150.0,50.0,
740,sUROUSDT,110501,Spot,URO / USDT,,,,,,,USDT,,,,8,8,5,,,,UROUSDT is a URO/USDT spot trading pair. Minimum order value is 1 USDT,Delisted,2250000,1732096800000,,,,,,,URO,0.01 URO,1000000.0,0.00001 USDT,1000.0,2.0,2.0,1 USDT,100000000.0,"9,000,000 URO",900000000000000.0,"500,000 USDT",50000000000000.0,0.001,100000.0,0.001,100000.0,,,150.0,50.0,
741,sRIFSOLUSDT,110601,Spot,RIFSOL / USDT,,,,,,,USDT,,,,8,8,5,,,,RIFSOLUSDT is a RIFSOL/USDT spot trading pair. Minimum order value is 1 USDT,Delisted,1250000,1732096800000,,,,,,,RIFSOL,0.01 RIFSOL,1000000.0,0.00001 USDT,1000.0,2.0,2.0,1 USDT,100000000.0,"5,000,000 RIFSOL",500000000000000.0,"500,000 USDT",50000000000000.0,0.001,100000.0,0.001,100000.0,,,150.0,50.0,
742,sSCRTUSDT,110701,Spot,SCRT / USDT,,,,,,,USDT,,,,8,8,4,,,,SCRTUSDT is a SCRT/USDT spot trading pair. Minimum order value is 1 USDT,Listed,500000,1732269600000,,,,,,,SCRT,0.01 SCRT,1000000.0,0.0001 USDT,10000.0,2.0,2.0,1 USDT,100000000.0,"2,000,000 SCRT",200000000000000.0,"500,000 USDT",50000000000000.0,0.001,100000.0,0.001,100000.0,,,150.0,50.0,
743,sOLUSDT,110801,Spot,OL / USDT,,,,,,,USDT,,,,8,8,6,,,,OLUSDT is a OL/USDT spot trading pair. Minimum order value is 1 USDT,Listed,1500000,1732269600000,,,,,,,OL,0.1 OL,10000000.0,0.000001 USDT,100.0,1.0,2.0,1 USDT,100000000.0,"6,000,000 OL",600000000000000.0,"500,000 USDT",50000000000000.0,0.001,100000.0,0.001,100000.0,,,150.0,50.0,
744,sMORPHOUSDT,110901,Spot,MORPHO / USDT,,,,,,,USDT,,,,8,8,4,,,,MORPHOUSDT is a MORPHO/USDT spot trading pair. Minimum order value is 1 USDT,Listed,125000,1732269600000,,,,,,,MORPHO,0.01 MORPHO,1000000.0,0.0001 USDT,10000.0,2.0,2.0,1 USDT,100000000.0,"500,000 MORPHO",50000000000000.0,"500,000 USDT",50000000000000.0,0.001,100000.0,0.001,100000.0,,,150.0,50.0,
745,sCHILLGUYUSDT,111001,Spot,CHILLGUY / USDT,,,,,,,USDT,,,,8,8,5,,,,CHILLGUYUSDT is a CHILLGUY/USDT spot trading pair. Minimum order value is 1 USDT,Listed,500000,1732269600000,,,,,,,CHILLGUY,0.01 CHILLGUY,1000000.0,0.00001 USDT,1000.0,2.0,2.0,1 USDT,100000000.0,"2,000,000 CHILLGUY",200000000000000.0,"500,000 USDT",50000000000000.0,0.001,100000.0,0.001,100000.0,,,150.0,50.0,
746,sMEMEFIUSDT,111201,Spot,MEMEFI / USDT,,,,,,,USDT,,,,8,8,6,,,,MEMEFIUSDT is a MEMEFI/USDT spot trading pair. Minimum order value is 1 USDT,Delisted,25000000,1732528800000,,,,,,,MEMEFI,1 MEMEFI,100000000.0,0.000001 USDT,100.0,0.0,2.0,1 USDT,100000000.0,"100,000,000 MEMEFI",1e+16,"500,000 USDT",50000000000000.0,0.001,100000.0,0.001,100000.0,,,150.0,50.0,
747,s1000CHEEMSUSDT,111301,Spot,CHEEMS(1k) / USDT,,,,,,,USDT,,,,8,8,6,,,,1000CHEEMSUSDT is a 1000CHEEMS/USDT spot trading pair. Minimum order value is 1 USDT,Listed,125000000,1732528800000,,,,,,,1000CHEEMS,1 1000CHEEMS,10000.0,0.000001 USDT,100.0,0.0,2.0,1 USDT,100000000.0,"500,000,000 1000CHEEMS",5000000000000.0,"500,000 USDT",50000000000000.0,0.001,100000.0,0.001,100000.0,,,150.0,50.0,
748,sUSUALUSDT,111401,Spot,USUAL / USDT,,,,,,,USDT,,,,8,8,5,,,,USUALUSDT is a USUAL/USDT spot trading pair. Minimum order value is 1 USDT,Listed,625000,1734520200000,,,,,,,USUAL,1 USUAL,100000000.0,0.00001 USDT,1000.0,0.0,2.0,1 USDT,100000000.0,"2,500,000 USUAL",250000000000000.0,"500,000 USDT",50000000000000.0,0.001,100000.0,0.001,100000.0,,,150.0,50.0,
749,sFREDUSDT,111501,Spot,FRED / USDT,,,,,,,USDT,,,,8,8,4,,,,FREDUSDT is a FRED/USDT spot trading pair. Minimum order value is 1 USDT,Delisted,1500000,1732615200000,,,,,,,FRED,0.01 FRED,1000000.0,0.0001 USDT,10000.0,2.0,2.0,1 USDT,100000000.0,"6,000,000 FRED",600000000000000.0,"500,000 USDT",50000000000000.0,0.001,100000.0,0.001,100000.0,,,150.0,50.0,
750,sZRCUSDT,111601,Spot,ZRC / USDT,,,,,,,USDT,,,,8,8,5,,,,ZRCUSDT is a ZRC/USDT spot trading pair. Minimum order value is 1 USDT,Delisted,2000000,1732615200000,,,,,,,ZRC,1 ZRC,100000000.0,0.00001 USDT,1000.0,0.0,2.0,1 USDT,100000000.0,"8,000,000 ZRC",800000000000000.0,"500,000 USDT",50000000000000.0,0.001,100000.0,0.001,100000.0,,,150.0,50.0,
751,s1000WHYUSDT,111701,Spot,WHY(1k) / USDT,,,,,,,USDT,,,,8,8,8,,,,1000WHYUSDT is a 1000WHY/USDT spot trading pair. Minimum order value is 1 USDT,Delisted,500000000,1732615200000,,,,,,,1000WHY,1 1000WHY,10000.0,0.00000001 USDT,1.0,0.0,2.0,1 USDT,100000000.0,"2,000,000,000 1000WHY",20000000000000.0,"500,000 USDT",50000000000000.0,0.001,100000.0,0.001,100000.0,,,150.0,50.0,
752,sTHEUSDT,112201,Spot,THE / USDT,,,,,,,USDT,,,,8,8,4,,,,THEUSDT is a THE/USDT spot trading pair. Minimum order value is 1 USDT,Listed,125000,1732705200000,,,,,,,THE,0.01 THE,1000000.0,0.0001 USDT,10000.0,2.0,2.0,1 USDT,100000000.0,"500,000 THE",50000000000000.0,"500,000 USDT",50000000000000.0,0.001,100000.0,0.001,100000.0,,,150.0,50.0,
753,sMAJORUSDT,112301,Spot,MAJOR / USDT,,,,,,,USDT,,,,8,8,5,,,,MAJORUSDT is a MAJOR/USDT spot trading pair. Minimum order value is 1 USDT,Delisted,100000,1732795800000,,,,,,,MAJOR,0.01 MAJOR,1000000.0,0.00001 USDT,1000.0,2.0,2.0,1 USDT,100000000.0,"400,000 MAJOR",40000000000000.0,"500,000 USDT",50000000000000.0,0.001,100000.0,0.001,100000.0,,,150.0,50.0,
754,sHPOS10IUSDT,112701,Spot,HPOS10I / USDT,,,,,,,USDT,,,,8,8,4,,,,HPOS10IUSDT is a HPOS10I/USDT spot trading pair. Minimum order value is 1 USDT,Delisted,625000,1733133600000,,,,,,,HPOS10I,1 HPOS10I,100000000.0,0.0001 USDT,10000.0,0.0,2.0,1 USDT,100000000.0,"2,500,000 HPOS10I",250000000000000.0,"500,000 USDT",50000000000000.0,0.001,100000.0,0.001,100000.0,,,150.0,50.0,
755,sZEREBROUSDT,112801,Spot,ZEREBRO / USDT,,,,,,,USDT,,,,8,8,5,,,,ZEREBROUSDT is a ZEREBRO/USDT spot trading pair. Minimum order value is 1 USDT,Listed,375000,1733306400000,,,,,,,ZEREBRO,0.01 ZEREBRO,1000000.0,0.00001 USDT,1000.0,2.0,2.0,1 USDT,100000000.0,"1,500,000 ZEREBRO",150000000000000.0,"500,000 USDT",50000000000000.0,0.001,100000.0,0.001,100000.0,,,150.0,50.0,
756,sBARSIKUSDT,112901,Spot,BARSIK / USDT,,,,,,,USDT,,,,8,8,4,,,,BARSIKUSDT is a BARSIK/USDT spot trading pair. Minimum order value is 1 USDT,Delisted,2500000,1733306400000,,,,,,,BARSIK,0.01 BARSIK,1000000.0,0.0001 USDT,10000.0,2.0,2.0,1 USDT,100000000.0,"10,000,000 BARSIK",1000000000000000.0,"500,000 USDT",50000000000000.0,0.001,100000.0,0.001,100000.0,,,150.0,50.0,
757,sGOATSUSDT,113001,Spot,GOATS / USDT,,,,,,,USDT,,,,8,8,7,,,,GOATSUSDT is a GOATS/USDT spot trading pair. Minimum order value is 1 USDT,Delisted,62500000,1733393400000,,,,,,,GOATS,0.1 GOATS,10000000.0,0.0000001 USDT,10.0,1.0,2.0,1 USDT,100000000.0,"250,000,000 GOATS",2.5e+16,"500,000 USDT",50000000000000.0,0.001,100000.0,0.001,100000.0,,,150.0,50.0,
758,sKAIAUSDT,113201,Spot,KAIA / USDT,,,,,,,USDT,,,,8,8,4,,,,KAIAUSDT is a KAIA/USDT spot trading pair. Minimum order value is 1 USDT,Listed,625000,1750932000000,,,,,,,KAIA,0.1 KAIA,10000000.0,0.0001 USDT,10000.0,1.0,2.0,1 USDT,100000000.0,"2,500,000 KAIA",250000000000000.0,"500,000 USDT",50000000000000.0,0.001,100000.0,0.001,100000.0,,,150.0,50.0,
759,sMOVEUSDT,113301,Spot,MOVE / USDT,,,,,,,USDT,,,,8,8,5,,,,MOVEUSDT is a MOVE/USDT spot trading pair. Minimum order value is 1 USDT,Listed,125000,1733746200000,,,,,,,MOVE,0.1 MOVE,10000000.0,0.00001 USDT,1000.0,1.0,2.0,1 USDT,100000000.0,"500,000 MOVE",50000000000000.0,"500,000 USDT",50000000000000.0,0.001,100000.0,0.001,100000.0,,,150.0,50.0,5.0
760,sSPXUSDT,113401,Spot,SPX / USDT,,,,,,,USDT,,,,8,8,4,,,,SPXUSDT is a SPX/USDT spot trading pair. Minimum order value is 1 USDT,Listed,250000,1733738400000,,,,,,,SPX,0.1 SPX,10000000.0,0.0001 USDT,10000.0,1.0,2.0,1 USDT,100000000.0,"1,000,000 SPX",100000000000000.0,"500,000 USDT",50000000000000.0,0.001,100000.0,0.001,100000.0,,,150.0,50.0,
761,sSKIUSDT,113501,Spot,SKI / USDT,,,,,,,USDT,,,,8,8,5,,,,SKIUSDT is a SKI/USDT spot trading pair. Minimum order value is 1 USDT,Delisted,500000,1733738400000,,,,,,,SKI,0.01 SKI,1000000.0,0.00001 USDT,1000.0,2.0,2.0,1 USDT,100000000.0,"2,000,000 SKI",200000000000000.0,"500,000 USDT",50000000000000.0,0.001,100000.0,0.001,100000.0,,,150.0,50.0,
762,sTOSHIUSDT,113601,Spot,TOSHI / USDT,,,,,,,USDT,,,,8,8,7,,,,TOSHIUSDT is a TOSHI/USDT spot trading pair. Minimum order value is 1 USDT,Listed,500000000,1733738400000,,,,,,,TOSHI,0.1 TOSHI,1000.0,0.0000001 USDT,10.0,1.0,2.0,1 USDT,100000000.0,"2,000,000,000 TOSHI",20000000000000.0,"500,000 USDT",50000000000000.0,0.001,100000.0,0.001,100000.0,,,150.0,50.0,
763,sACXUSDT,113701,Spot,ACX / USDT,,,,,,,USDT,,,,8,8,4,,,,ACXUSDT is a ACX/USDT spot trading pair. Minimum order value is 1 USDT,Listed,125000,1733738400000,,,,,,,ACX,0.1 ACX,10000000.0,0.0001 USDT,10000.0,1.0,2.0,1 USDT,100000000.0,"500,000 ACX",50000000000000.0,"500,000 USDT",50000000000000.0,0.001,100000.0,0.001,100000.0,,,150.0,50.0,5.0
764,sWOLFUSDT,113801,Spot,WOLF / USDT,,,,,,,USDT,,,,8,8,8,,,,WOLFUSDT is a WOLF/USDT spot trading pair. Minimum order value is 1 USDT,Delisted,625000000,1733918400000,,,,,,,WOLF,1 WOLF,10000.0,0.00000001 USDT,1.0,0.0,2.0,1 USDT,100000000.0,"2,500,000,000 WOLF",25000000000000.0,"500,000 USDT",50000000000000.0,0.001,100000.0,0.001,100000.0,,,150.0,50.0,
765,sFUSDT,113901,Spot,F / USDT,,,,,,,USDT,,,,8,8,6,,,,FUSDT is a F/USDT spot trading pair. Minimum order value is 1 USDT,Listed,2500000,1733824800000,,,,,,,F,0.01 F,1000000.0,0.000001 USDT,100.0,2.0,2.0,1 USDT,100000000.0,"10,000,000 F",1000000000000000.0,"500,000 USDT",50000000000000.0,0.001,100000.0,0.001,100000.0,,,150.0,50.0,
766,sMEUSDT,114001,Spot,ME / USDT,,,,,,,USDT,,,,8,8,4,,,,MEUSDT is a ME/USDT spot trading pair. Minimum order value is 1 USDT,Listed,37500,1733839800000,,,,,,,ME,0.01 ME,1000000.0,0.0001 USDT,10000.0,2.0,2.0,1 USDT,100000000.0,"150,000 ME",15000000000000.0,"500,000 USDT",50000000000000.0,0.001,100000.0,0.001,100000.0,,,150.0,50.0,5.0
767,sMOZUSDT,114101,Spot,MOZ / USDT,,,,,,,USDT,,,,8,8,6,,,,MOZUSDT is a MOZ/USDT spot trading pair. Minimum order value is 1 USDT,Delisted,2500000,1733825400000,,,,,,,MOZ,1 MOZ,100000000.0,0.000001 USDT,100.0,0.0,2.0,1 USDT,100000000.0,"10,000,000 MOZ",1000000000000000.0,"500,000 USDT",50000000000000.0,0.001,100000.0,0.001,100000.0,,,150.0,50.0,
768,s1000MADUSDT,114501,Spot,MAD(1k) / USDT,,,,,,,USDT,,,,8,8,5,,,,1000MADUSDT is a 1000MAD/USDT spot trading pair. Minimum order value is 1 USDT,Delisted,2500000,1733914800000,,,,,,,1000MAD,0.1 1000MAD,1000.0,0.00001 USDT,1000.0,1.0,2.0,1 USDT,100000000.0,"10,000,000 1000MAD",100000000000.0,"500,000 USDT",50000000000000.0,0.001,100000.0,0.001,100000.0,,,150.0,50.0,
769,sKOMAUSDT,114601,Spot,KOMA / USDT,,,,,,,USDT,,,,8,8,6,,,,KOMAUSDT is a KOMA/USDT spot trading pair. Minimum order value is 1 USDT,Listed,1000000,1733914800000,,,,,,,KOMA,0.01 KOMA,1000000.0,0.000001 USDT,100.0,2.0,2.0,1 USDT,100000000.0,"4,000,000 KOMA",400000000000000.0,"500,000 USDT",50000000000000.0,0.001,100000.0,0.001,100000.0,,,150.0,50.0,
770,sXIONUSDT,114701,Spot,XION / USDT,,,,,,,USDT,,,,8,8,4,,,,XIONUSDT is a XION/USDT spot trading pair. Minimum order value is 1 USDT,Listed,25000,1733914800000,,,,,,,XION,0.01 XION,1000000.0,0.0001 USDT,10000.0,2.0,2.0,1 USDT,100000000.0,"100,000 XION",10000000000000.0,"500,000 USDT",50000000000000.0,0.001,100000.0,0.001,100000.0,,,150.0,50.0,
771,sSENDUSDT,115301,Spot,SEND / USDT,,,,,,,USDT,,,,8,8,4,,,,SENDUSDT is a SEND/USDT spot trading pair. Minimum order value is 1 USDT,Delisted,175000,1733998200000,,,,,,,SEND,0.1 SEND,10000000.0,0.0001 USDT,10000.0,1.0,2.0,1 USDT,100000000.0,"700,000 SEND",70000000000000.0,"500,000 USDT",50000000000000.0,0.001,100000.0,0.001,100000.0,,,150.0,50.0,
772,sAGENTUSDT,115401,Spot,AGENT / USDT,,,,,,,USDT,,,,8,8,6,,,,AGENTUSDT is a AGENT/USDT spot trading pair. Minimum order value is 1 USDT,Delisted,2500000,1737460800000,,,,,,,AGENT,0.01 AGENT,1000000.0,0.000001 USDT,100.0,2.0,2.0,1 USDT,100000000.0,"10,000,000 AGENT",1000000000000000.0,"500,000 USDT",50000000000000.0,0.001,100000.0,0.001,100000.0,,,150.0,50.0,
773,sAVAUSDT,115501,Spot,AVA / USDT,,,,,,,USDT,,,,8,8,4,,,,AVAUSDT is a AVA/USDT spot trading pair. Minimum order value is 1 USDT,Listed,62500,1734343200000,,,,,,,AVA,0.1 AVA,10000000.0,0.0001 USDT,10000.0,1.0,2.0,1 USDT,100000000.0,"250,000 AVA",25000000000000.0,"500,000 USDT",50000000000000.0,0.001,100000.0,0.001,100000.0,,,150.0,50.0,
774,sVELODROMEUSDT,115601,Spot,VELODROME / USDT,,,,,,,USDT,,,,8,8,5,,,,VELODROMEUSDT is a VELODROME/USDT spot trading pair. Minimum order value is 1 USDT,Listed,500000,1734343200000,,,,,,,VELODROME,0.1 VELODROME,10000000.0,0.00001 USDT,1000.0,1.0,2.0,1 USDT,100000000.0,"2,000,000 VELODROME",200000000000000.0,"500,000 USDT",50000000000000.0,0.001,100000.0,0.001,100000.0,,,150.0,50.0,
775,sVANAUSDT,115701,Spot,VANA / USDT,,,,,,,USDT,,,,8,8,3,,,,VANAUSDT is a VANA/USDT spot trading pair. Minimum order value is 1 USDT,Listed,125000,1734349200000,,,,,,,VANA,0.01 VANA,1000000.0,0.001 USDT,100000.0,2.0,2.0,1 USDT,100000000.0,"500,000 VANA",50000000000000.0,"500,000 USDT",50000000000000.0,0.001,100000.0,0.001,100000.0,,,150.0,50.0,
776,sSPECUSDT,116101,Spot,SPEC / USDT,,,,,,,USDT,,,,8,8,4,,,,SPECUSDT is a SPEC/USDT spot trading pair. Minimum order value is 1 USDT,Delisted,10000,1734429600000,,,,,,,SPEC,0.01 SPEC,1000000.0,0.0001 USDT,10000.0,2.0,2.0,1 USDT,100000000.0,"40,000 SPEC",4000000000000.0,"500,000 USDT",50000000000000.0,0.001,100000.0,0.001,100000.0,,,150.0,50.0,
777,sPENGUUSDT,116201,Spot,PENGU / USDT,,,,,,,USDT,,,,8,8,6,,,,PENGUUSDT is a PENGU/USDT spot trading pair. Minimum order value is 1 USDT,Listed,125000000000,1734444600000,,,,,,,PENGU,1 PENGU,10000.0,0.000001 USDT,100.0,0.0,2.0,1 USDT,100000000.0,"500,000,000,000 PENGU",5000000000000000.0,"500,000 USDT",50000000000000.0,0.001,100000.0,0.001,100000.0,,,150.0,50.0,
778,sSTREAMUSDT,116301,Spot,STREAM / USDT,,,,,,,USDT,,,,8,8,5,,,,STREAMUSDT is a STREAM/USDT spot trading pair. Minimum order value is 1 USDT,Delisted,125000,1734441000000,,,,,,,STREAM,0.1 STREAM,10000000.0,0.00001 USDT,1000.0,1.0,2.0,1 USDT,100000000.0,"500,000 STREAM",50000000000000.0,"500,000 USDT",50000000000000.0,0.001,100000.0,0.001,100000.0,,,150.0,50.0,
779,sMOCAUSDT,116401,Spot,MOCA / USDT,,,,,,,USDT,,,,8,8,5,,,,MOCAUSDT is a MOCA/USDT spot trading pair. Minimum order value is 1 USDT,Listed,1050000,1734429600000,,,,,,,MOCA,0.01 MOCA,1000000.0,0.00001 USDT,1000.0,2.0,2.0,1 USDT,100000000.0,"4,200,000 MOCA",420000000000000.0,"500,000 USDT",50000000000000.0,0.001,100000.0,0.001,100000.0,,,150.0,50.0,
780,sBLUEUSDT,116801,Spot,BLUE / USDT,,,,,,,USDT,,,,8,8,5,,,,BLUEUSDT is a BLUE/USDT spot trading pair. Minimum order value is 1 USDT,Listed,250000,1734688800000,,,,,,,BLUE,0.01 BLUE,1000000.0,0.00001 USDT,1000.0,2.0,2.0,1 USDT,100000000.0,"1,000,000 BLUE",100000000000000.0,"500,000 USDT",50000000000000.0,0.001,100000.0,0.001,100000.0,,,150.0,50.0,
781,sHYPEUSDT,116901,Spot,HYPE / USDT,,,,,,,USDT,,,,8,8,3,,,,HYPEUSDT is a HYPE/USDT spot trading pair. Minimum order value is 1 USDT,Listed,3125,1750932000000,,,,,,,HYPE,0.01 HYPE,1000000.0,0.001 USDT,100000.0,2.0,2.0,1 USDT,100000000.0,"12,500 HYPE",1250000000000.0,"500,000 USDT",50000000000000.0,0.001,100000.0,0.001,100000.0,,,150.0,50.0,
782,sAIXBTUSDT,117101,Spot,AIXBT / USDT,,,,,,,USDT,,,,8,8,4,,,,AIXBTUSDT is a AIXBT/USDT spot trading pair. Minimum order value is 1 USDT,Listed,500000,1734948000000,,,,,,,AIXBT,0.1 AIXBT,10000000.0,0.0001 USDT,10000.0,1.0,2.0,1 USDT,100000000.0,"2,000,000 AIXBT",200000000000000.0,"500,000 USDT",50000000000000.0,0.001,100000.0,0.001,100000.0,,,150.0,50.0,
783,sFARTCOINUSDT,117201,Spot,FARTCOIN / USDT,,,,,,,USDT,,,,8,8,5,,,,FARTCOINUSDT is a FARTCOIN/USDT spot trading pair. Minimum order value is 1 USDT,Listed,175000,1734948000000,,,,,,,FARTCOIN,0.01 FARTCOIN,1000000.0,0.00001 USDT,1000.0,2.0,2.0,1 USDT,100000000.0,"700,000 FARTCOIN",70000000000000.0,"500,000 USDT",50000000000000.0,0.001,100000.0,0.001,100000.0,,,150.0,50.0,
784,sCGPTUSDT,117301,Spot,CGPT / USDT,,,,,,,USDT,,,,8,8,5,,,,CGPTUSDT is a CGPT/USDT spot trading pair. Minimum order value is 1 USDT,Listed,500000,1734948000000,,,,,,,CGPT,0.01 CGPT,1000000.0,0.00001 USDT,1000.0,2.0,2.0,1 USDT,100000000.0,"2,000,000 CGPT",200000000000000.0,"500,000 USDT",50000000000000.0,0.001,100000.0,0.001,100000.0,,,150.0,50.0,
785,sLUNAIUSDT,117401,Spot,LUNAI / USDT,,,,,,,USDT,,,,8,8,5,,,,LUNAIUSDT is a LUNAI/USDT spot trading pair. Minimum order value is 1 USDT,Delisted,1375000,1734948000000,,,,,,,LUNAI,0.1 LUNAI,10000000.0,0.00001 USDT,1000.0,1.0,2.0,1 USDT,100000000.0,"5,500,000 LUNAI",550000000000000.0,"500,000 USDT",50000000000000.0,0.001,100000.0,0.001,100000.0,,,150.0,50.0,
786,sAI16ZUSDT,117501,Spot,AI16Z / USDT,,,,,,,USDT,,,,8,8,5,,,,AI16ZUSDT is a AI16Z/USDT spot trading pair. Minimum order value is 1 USDT,Delisted,250000,1734948000000,,,,,,,AI16Z,0.01 AI16Z,1000000.0,0.00001 USDT,1000.0,2.0,2.0,1 USDT,100000000.0,"1,000,000 AI16Z",100000000000000.0,"500,000 USDT",50000000000000.0,0.001,100000.0,0.001,100000.0,,,150.0,50.0,
787,sGEARUSDT,118001,Spot,GEAR / USDT,,,,,,,USDT,,,,8,8,6,,,,GEARUSDT is a GEAR/USDT spot trading pair. Minimum order value is 1 USDT,Delisted,12500000,1735120800000,,,,,,,GEAR,0.1 GEAR,10000000.0,0.000001 USDT,100.0,1.0,2.0,1 USDT,100000000.0,"50,000,000 GEAR",5000000000000000.0,"500,000 USDT",50000000000000.0,0.001,100000.0,0.001,100000.0,,,150.0,50.0,
788,sZENTUSDT,118101,Spot,ZENT / USDT,,,,,,,USDT,,,,8,8,6,,,,ZENTUSDT is a ZENT/USDT spot trading pair. Minimum order value is 1 USDT,Delisted,5000000,1735120800000,,,,,,,ZENT,0.01 ZENT,1000000.0,0.000001 USDT,100.0,2.0,2.0,1 USDT,100000000.0,"20,000,000 ZENT",2000000000000000.0,"500,000 USDT",50000000000000.0,0.001,100000.0,0.001,100000.0,,,150.0,50.0,
789,sPAALUSDT,118301,Spot,PAAL / USDT,,,,,,,USDT,,,,8,8,5,,,,PAALUSDT is a PAAL/USDT spot trading pair. Minimum order value is 1 USDT,Listed,375000,1735552800000,,,,,,,PAAL,0.01 PAAL,1000000.0,0.00001 USDT,1000.0,2.0,2.0,1 USDT,100000000.0,"1,500,000 PAAL",150000000000000.0,"500,000 USDT",50000000000000.0,0.001,100000.0,0.001,100000.0,,,150.0,50.0,
790,sGRIFFAINUSDT,118401,Spot,GRIFFAIN / USDT,,,,,,,USDT,,,,8,8,6,,,,GRIFFAINUSDT is a GRIFFAIN/USDT spot trading pair. Minimum order value is 1 USDT,Listed,625000,1735552800000,,,,,,,GRIFFAIN,0.01 GRIFFAIN,1000000.0,0.000001 USDT,100.0,2.0,2.0,1 USDT,100000000.0,"2,500,000 GRIFFAIN",250000000000000.0,"500,000 USDT",50000000000000.0,0.001,100000.0,0.001,100000.0,,,150.0,50.0,
791,sARCUSDT,118501,Spot,ARC / USDT,,,,,,,USDT,,,,8,8,5,,,,ARCUSDT is a ARC/USDT spot trading pair. Minimum order value is 1 USDT,Listed,500000,1735552800000,,,,,,,ARC,0.01 ARC,1000000.0,0.00001 USDT,1000.0,2.0,2.0,1 USDT,100000000.0,"2,000,000 ARC",200000000000000.0,"500,000 USDT",50000000000000.0,0.001,100000.0,0.001,100000.0,,,150.0,50.0,
792,sLUMIAUSDT,118601,Spot,LUMIA / USDT,,,,,,,USDT,,,,8,8,4,,,,LUMIAUSDT is a LUMIA/USDT spot trading pair. Minimum order value is 1 USDT,Listed,100000,1735552800000,,,,,,,LUMIA,0.01 LUMIA,1000000.0,0.0001 USDT,10000.0,2.0,2.0,1 USDT,100000000.0,"400,000 LUMIA",40000000000000.0,"500,000 USDT",50000000000000.0,0.001,100000.0,0.001,100000.0,,,150.0,50.0,
793,sBIOUSDT,119201,Spot,BIO / USDT,,,,,,,USDT,,,,8,8,5,,,,BIOUSDT is a BIO/USDT spot trading pair. Minimum order value is 1 USDT,Listed,125000,1735899000000,,,,,,,BIO,0.1 BIO,10000000.0,0.00001 USDT,1000.0,1.0,2.0,1 USDT,100000000.0,"500,000 BIO",50000000000000.0,"500,000 USDT",50000000000000.0,0.001,100000.0,0.001,100000.0,,,150.0,50.0,
794,sXNETUSDT,119301,Spot,XNET / USDT,,,,,,,USDT,,,,8,8,5,,,,XNETUSDT is a XNET/USDT spot trading pair. Minimum order value is 1 USDT,Delisted,2250000,1737388800000,,,,,,,XNET,0.1 XNET,10000000.0,0.00001 USDT,1000.0,1.0,2.0,1 USDT,100000000.0,"9,000,000 XNET",900000000000000.0,"500,000 USDT",50000000000000.0,0.001,100000.0,0.001,100000.0,,,150.0,50.0,
795,sALCHUSDT,119401,Spot,ALCH / USDT,,,,,,,USDT,,,,8,8,5,,,,ALCHUSDT is a ALCH/USDT spot trading pair. Minimum order value is 1 USDT,Listed,875000,1736157600000,,,,,,,ALCH,0.01 ALCH,1000000.0,0.00001 USDT,1000.0,2.0,2.0,1 USDT,100000000.0,"3,500,000 ALCH",350000000000000.0,"500,000 USDT",50000000000000.0,0.001,100000.0,0.001,100000.0,,,150.0,50.0,
796,sFLOCKUSDT,119501,Spot,FLOCK / USDT,,,,,,,USDT,,,,8,8,5,,,,FLOCKUSDT is a FLOCK/USDT spot trading pair. Minimum order value is 1 USDT,Listed,175000,1736157600000,,,,,,,FLOCK,0.01 FLOCK,1000000.0,0.00001 USDT,1000.0,2.0,2.0,1 USDT,100000000.0,"700,000 FLOCK",70000000000000.0,"500,000 USDT",50000000000000.0,0.001,100000.0,0.001,100000.0,,,150.0,50.0,
797,sSWARMSUSDT,119601,Spot,SWARMS / USDT,,,,,,,USDT,,,,8,8,6,,,,SWARMSUSDT is a SWARMS/USDT spot trading pair. Minimum order value is 1 USDT,Listed,500000,1736157600000,,,,,,,SWARMS,0.01 SWARMS,1000000.0,0.000001 USDT,100.0,2.0,2.0,1 USDT,100000000.0,"2,000,000 SWARMS",200000000000000.0,"500,000 USDT",50000000000000.0,0.001,100000.0,0.001,100000.0,,,150.0,50.0,
798,sAVAAIUSDT,119801,Spot,AVAAI / USDT,,,,,,,USDT,,,,8,8,6,,,,AVAAIUSDT is a AVAAI/USDT spot trading pair. Minimum order value is 1 USDT,Listed,875000,1736244000000,,,,,,,AVAAI,0.01 AVAAI,1000000.0,0.000001 USDT,100.0,2.0,2.0,1 USDT,100000000.0,"3,500,000 AVAAI",350000000000000.0,"500,000 USDT",50000000000000.0,0.001,100000.0,0.001,100000.0,,,150.0,50.0,
799,sSONICUSDT,120201,Spot,SONIC / USDT,,,,,,,USDT,,,,8,8,5,,,,SONICUSDT is a SONIC/USDT spot trading pair. Minimum order value is 1 USDT,Listed,175000,1736416800000,,,,,,,SONIC,0.1 SONIC,10000000.0,0.00001 USDT,1000.0,1.0,2.0,1 USDT,100000000.0,"700,000 SONIC",70000000000000.0,"500,000 USDT",50000000000000.0,0.001,100000.0,0.001,100000.0,,,150.0,50.0,
800,sDUSDT,120301,Spot,D / USDT,,,,,,,USDT,,,,8,8,5,,,,DUSDT is a D/USDT spot trading pair. Minimum order value is 1 USDT,Listed,625000,1736416800000,,,,,,,D,0.01 D,1000000.0,0.00001 USDT,1000.0,2.0,2.0,1 USDT,100000000.0,"2,500,000 D",250000000000000.0,"500,000 USDT",50000000000000.0,0.001,100000.0,0.001,100000.0,,,150.0,50.0,
801,sBUZZUSDT,120401,Spot,BUZZ / USDT,,,,,,,USDT,,,,8,8,5,,,,BUZZUSDT is a BUZZ/USDT spot trading pair. Minimum order value is 1 USDT,Delisted,1500000,1736416800000,,,,,,,BUZZ,0.01 BUZZ,1000000.0,0.00001 USDT,1000.0,2.0,2.0,1 USDT,100000000.0,"6,000,000 BUZZ",600000000000000.0,"500,000 USDT",50000000000000.0,0.001,100000.0,0.001,100000.0,,,150.0,50.0,
802,sREXUSDT,120601,Spot,REX / USDT,,,,,,,USDT,,,,8,8,6,,,,REXUSDT is a REX/USDT spot trading pair. Minimum order value is 1 USDT,Delisted,8333333,1747648800000,,,,,,,REX,0.1 REX,10000000.0,0.000001 USDT,100.0,1.0,2.0,1 USDT,100000000.0,"33,333,332 REX",3333333200000000.0,"500,000 USDT",50000000000000.0,0.001,100000.0,0.001,100000.0,,,150.0,50.0,
803,sFUELUSDT,120701,Spot,FUEL / USDT,,,,,,,USDT,,,,8,8,6,,,,FUELUSDT is a FUEL/USDT spot trading pair. Minimum order value is 1 USDT,Listed,15625000,1751277600000,,,,,,,FUEL,0.1 FUEL,10000000.0,0.000001 USDT,100.0,1.0,2.0,1 USDT,100000000.0,"62,500,000 FUEL",6250000000000000.0,"500,000 USDT",50000000000000.0,0.001,100000.0,0.001,100000.0,,,150.0,50.0,
804,sSUSDT,122301,Spot,S / USDT,,,,,,,USDT,,,,8,8,5,,,,SUSDT is a S/USDT spot trading pair. Minimum order value is 1 USDT,Listed,200000,1737016200000,,,,,,,S,0.01 S,1000000.0,0.00001 USDT,1000.0,2.0,2.0,1 USDT,100000000.0,"800,000 S",80000000000000.0,"500,000 USDT",50000000000000.0,0.001,100000.0,0.001,100000.0,,,150.0,50.0,
805,sA8USDT,122401,Spot,A8 / USDT,,,,,,,USDT,,,,8,8,5,,,,A8USDT is a A8/USDT spot trading pair. Minimum order value is 1 USDT,Listed,375000,1736942400000,,,,,,,A8,0.01 A8,1000000.0,0.00001 USDT,1000.0,2.0,2.0,1 USDT,100000000.0,"1,500,000 A8",150000000000000.0,"500,000 USDT",50000000000000.0,0.001,100000.0,0.001,100000.0,,,150.0,50.0,
806,sSOLVUSDT,122601,Spot,SOLV / USDT,,,,,,,USDT,,,,8,8,5,,,,SOLVUSDT is a SOLV/USDT spot trading pair. Minimum order value is 1 USDT,Listed,12500000,1737108600000,,,,,,,SOLV,0.1 SOLV,10000000.0,0.00001 USDT,1000.0,1.0,2.0,1 USDT,100000000.0,"50,000,000 SOLV",5000000000000000.0,"500,000 USDT",50000000000000.0,0.001,100000.0,0.001,100000.0,,,150.0,50.0,
807,sGPSUSDT,122701,Spot,GPS / USDT,,,,,,,USDT,,,,8,8,6,,,,GPSUSDT is a GPS/USDT spot trading pair. Minimum order value is 1 USDT,Listed,2500000,1737108000000,,,,,,,GPS,0.1 GPS,10000000.0,0.000001 USDT,100.0,1.0,2.0,1 USDT,100000000.0,"10,000,000 GPS",1000000000000000.0,"500,000 USDT",50000000000000.0,0.001,100000.0,0.001,100000.0,,,150.0,50.0,
808,sTRUMPUSDT,122901,Spot,TRUMP / USDT,,,,,,,USDT,,,,8,8,3,,,,TRUMPUSDT is a TRUMP/USDT spot trading pair. Minimum order value is 1 USDT,Listed,6250,1737206100000,,,,,,,TRUMP,0.01 TRUMP,1000000.0,0.001 USDT,100000.0,2.0,2.0,1 USDT,100000000.0,"25,000 TRUMP",2500000000000.0,"500,000 USDT",50000000000000.0,0.001,100000.0,0.001,100000.0,,,150.0,50.0,
809,sMELANIAUSDT,123001,Spot,MELANIA / USDT,,,,,,,USDT,,,,8,8,5,,,,MELANIAUSDT is a MELANIA/USDT spot trading pair. Minimum order value is 1 USDT,Listed,1000000,1737356400000,,,,,,,MELANIA,1 MELANIA,100000000.0,0.00001 USDT,1000.0,0.0,2.0,1 USDT,100000000.0,"4,000,000 MELANIA",400000000000000.0,"500,000 USDT",50000000000000.0,0.001,100000.0,0.001,100000.0,,,150.0,50.0,
810,sNCUSDT,123101,Spot,NC / USDT,,,,,,,USDT,,,,8,8,5,,,,NCUSDT is a NC/USDT spot trading pair. Minimum order value is 1 USDT,Delisted,1250000,1737356400000,,,,,,,NC,0.01 NC,1000000.0,0.00001 USDT,1000.0,2.0,2.0,1 USDT,100000000.0,"5,000,000 NC",500000000000000.0,"500,000 USDT",50000000000000.0,0.001,100000.0,0.001,100000.0,,,150.0,50.0,
811,sDUCKUSDT,123201,Spot,DUCK / USDT,,,,,,,USDT,,,,8,8,7,,,,DUCKUSDT is a DUCK/USDT spot trading pair. Minimum order value is 1 USDT,Listed,25000000,1737356400000,,,,,,,DUCK,1 DUCK,100000000.0,0.0000001 USDT,10.0,0.0,2.0,1 USDT,100000000.0,"100,000,000 DUCK",1e+16,"500,000 USDT",50000000000000.0,0.001,100000.0,0.001,100000.0,,,150.0,50.0,
812,sPLUMEUSDT,123701,Spot,PLUME / USDT,,,,,,,USDT,,,,8,8,5,,,,PLUMEUSDT is a PLUME/USDT spot trading pair. Minimum order value is 1 USDT,Listed,875000,1737626400000,,,,,,,PLUME,0.1 PLUME,10000000.0,0.00001 USDT,1000.0,1.0,2.0,1 USDT,100000000.0,"3,500,000 PLUME",350000000000000.0,"500,000 USDT",50000000000000.0,0.001,100000.0,0.001,100000.0,,,150.0,50.0,
813,sANIMEUSDT,123801,Spot,ANIME / USDT,,,,,,,USDT,,,,8,8,5,,,,ANIMEUSDT is a ANIME/USDT spot trading pair. Minimum order value is 1 USDT,Listed,12500000,1738836000000,,,,,,,ANIME,0.1 ANIME,10000000.0,0.00001 USDT,1000.0,1.0,2.0,1 USDT,100000000.0,"50,000,000 ANIME",5000000000000000.0,"500,000 USDT",50000000000000.0,0.001,100000.0,0.001,100000.0,,,150.0,50.0,
814,sJUSDT,123901,Spot,J / USDT,,,,,,,USDT,,,,8,8,4,,,,JUSDT is a J/USDT spot trading pair. Minimum order value is 1 USDT,Delisted,250000,1737626400000,,,,,,,J,0.01 J,1000000.0,0.0001 USDT,10000.0,2.0,2.0,1 USDT,100000000.0,"1,000,000 J",100000000000000.0,"500,000 USDT",50000000000000.0,0.001,100000.0,0.001,100000.0,,,150.0,50.0,
815,sVTHOUSDT,124001,Spot,VTHO / USDT,,,,,,,USDT,,,,8,8,6,,,,VTHOUSDT is a VTHO/USDT spot trading pair. Minimum order value is 1 USDT,Listed,62500000,1758103200000,,,,,,,VTHO,1 VTHO,100000000.0,0.000001 USDT,100.0,0.0,2.0,1 USDT,100000000.0,"200,000,000 VTHO",2e+16,"500,000 USDT",50000000000000.0,0.001,100000.0,0.001,100000.0,,,150.0,50.0,
816,sVINEUSDT,124101,Spot,VINE / USDT,,,,,,,USDT,,,,8,8,5,,,,VINEUSDT is a VINE/USDT spot trading pair. Minimum order value is 1 USDT,Listed,1250000,1739185200000,,,,,,,VINE,0.01 VINE,1000000.0,0.00001 USDT,1000.0,2.0,2.0,1 USDT,100000000.0,"5,000,000 VINE",500000000000000.0,"500,000 USDT",50000000000000.0,0.001,100000.0,0.001,100000.0,,,150.0,50.0,
817,sVVVUSDT,124501,Spot,VVV / USDT,,,,,,,USDT,,,,8,8,3,,,,VVVUSDT is a VVV/USDT spot trading pair. Minimum order value is 1 USDT,Listed,20000,1739185200000,,,,,,,VVV,0.01 VVV,1000000.0,0.001 USDT,100000.0,2.0,2.0,1 USDT,100000000.0,"80,000 VVV",8000000000000.0,"500,000 USDT",50000000000000.0,0.001,100000.0,0.001,100000.0,,,150.0,50.0,
818,sPIPPINUSDT,124601,Spot,PIPPIN / USDT,,,,,,,USDT,,,,8,8,5,,,,PIPPINUSDT is a PIPPIN/USDT spot trading pair. Minimum order value is 1 USDT,Listed,5000000,1739185200000,,,,,,,PIPPIN,0.01 PIPPIN,1000000.0,0.00001 USDT,1000.0,2.0,2.0,1 USDT,100000000.0,"20,000,000 PIPPIN",2000000000000000.0,"500,000 USDT",50000000000000.0,0.001,100000.0,0.001,100000.0,,,150.0,50.0,
819,sBERAUSDT,124701,Spot,BERA / USDT,,,,,,,USDT,,,,8,8,3,,,,BERAUSDT is a BERA/USDT spot trading pair. Minimum order value is 1 USDT,Listed,125000,1738922400000,,,,,,,BERA,0.01 BERA,1000000.0,0.001 USDT,100000.0,2.0,2.0,1 USDT,100000000.0,"500,000 BERA",50000000000000.0,"500,000 USDT",50000000000000.0,0.001,100000.0,0.001,100000.0,,,150.0,50.0,
820,sTSTUSDT,124901,Spot,TST / USDT,,,,,,,USDT,,,,8,8,5,,,,TSTUSDT is a TST/USDT spot trading pair. Minimum order value is 1 USDT,Listed,10000000,1739185200000,,,,,,,TST,0.1 TST,10000000.0,0.00001 USDT,1000.0,1.0,2.0,1 USDT,100000000.0,"40,000,000 TST",4000000000000000.0,"500,000 USDT",50000000000000.0,0.001,100000.0,0.001,100000.0,,,150.0,50.0,
821,sLAYERUSDT,125101,Spot,LAYER / USDT,,,,,,,USDT,,,,8,8,4,,,,LAYERUSDT is a LAYER/USDT spot trading pair. Minimum order value is 1 USDT,Listed,125000,1739283000000,,,,,,,LAYER,0.01 LAYER,1000000.0,0.0001 USDT,10000.0,2.0,2.0,1 USDT,100000000.0,"500,000 LAYER",50000000000000.0,"500,000 USDT",50000000000000.0,0.001,100000.0,0.001,100000.0,,,150.0,50.0,
822,sIPUSDT,125301,Spot,IP / USDT,,,,,,,USDT,,,,8,8,3,,,,IPUSDT is a IP/USDT spot trading pair. Minimum order value is 1 USDT,Listed,35725,1739437800000,,,,,,,IP,0.01 IP,1000000.0,0.001 USDT,100000.0,2.0,2.0,1 USDT,100000000.0,"142,900 IP",14290000000000.0,"500,000 USDT",50000000000000.0,0.001,100000.0,0.001,100000.0,,,150.0,50.0,
823,sBROCCOLIUSDT,125501,Spot,BROCCOLI / USDT,,,,,,,USDT,,,,8,8,5,,,,BROCCOLIUSDT is a BROCCOLI/USDT spot trading pair. Minimum order value is 1 USDT,Listed,2659574,1742551200000,,,,,,,BROCCOLI,0.001 BROCCOLI,100000.0,0.00001 USDT,1000.0,3.0,2.0,1 USDT,100000000.0,"10,638,296 BROCCOLI",1063829600000000.0,"500,000 USDT",50000000000000.0,0.001,100000.0,0.001,100000.0,,,150.0,50.0,
824,sB3USDT,125601,Spot,B3 / USDT,,,,,,,USDT,,,,8,8,6,,,,B3USDT is a B3/USDT spot trading pair. Minimum order value is 1 USDT,Listed,13275000,1739786400000,,,,,,,B3,0.01 B3,1000000.0,0.000001 USDT,100.0,2.0,2.0,1 USDT,100000000.0,"53,100,000 B3",5310000000000000.0,"500,000 USDT",50000000000000.0,0.001,100000.0,0.001,100000.0,,,150.0,50.0,
825,sHEIUSDT,125701,Spot,HEI / USDT,,,,,,,USDT,,,,8,8,4,,,,HEIUSDT is a HEI/USDT spot trading pair. Minimum order value is 1 USDT,Listed,178125,1739786400000,,,,,,,HEI,0.1 HEI,10000000.0,0.0001 USDT,10000.0,1.0,2.0,1 USDT,100000000.0,"712,500 HEI",71250000000000.0,"500,000 USDT",50000000000000.0,0.001,100000.0,0.001,100000.0,,,150.0,50.0,
826,sSHELLUSDT,125801,Spot,SHELL / USDT,,,,,,,USDT,,,,8,8,4,,,,SHELLUSDT is a SHELL/USDT spot trading pair. Minimum order value is 1 USDT,Listed,234425,1739786400000,,,,,,,SHELL,0.1 SHELL,10000000.0,0.0001 USDT,10000.0,1.0,2.0,1 USDT,100000000.0,"937,700 SHELL",93770000000000.0,"500,000 USDT",50000000000000.0,0.001,100000.0,0.001,100000.0,,,150.0,50.0,
827,sJAILSTOOLUSDT,125901,Spot,JAILSTOOL / USDT,,,,,,,USDT,,,,8,8,5,,,,JAILSTOOLUSDT is a JAILSTOOL/USDT spot trading pair. Minimum order value is 1 USDT,Delisted,3720250,1739786400000,,,,,,,JAILSTOOL,0.01 JAILSTOOL,1000000.0,0.00001 USDT,1000.0,2.0,2.0,1 USDT,100000000.0,"14,881,000 JAILSTOOL",1488100000000000.0,"500,000 USDT",50000000000000.0,0.001,100000.0,0.001,100000.0,,,150.0,50.0,
828,sKAITOUSDT,126401,Spot,KAITO / USDT,,,,,,,USDT,,,,8,8,4,,,,KAITOUSDT is a KAITO/USDT spot trading pair. Minimum order value is 1 USDT,Listed,125000,1740057000000,,,,,,,KAITO,0.01 KAITO,1000000.0,0.0001 USDT,10000.0,2.0,2.0,1 USDT,100000000.0,"500,000 KAITO",50000000000000.0,"500,000 USDT",50000000000000.0,0.001,100000.0,0.001,100000.0,,,150.0,50.0,
829,sEURQUSDT,127601,Spot,EURQ / USDT,,,,,,,USDT,,,,8,8,4,,,,EURQUSDT is a EURQ/USDT spot trading pair. Minimum order value is 1 USDT,Delisted,125000,1751018400000,,,,,,,EURQ,0.0001 EURQ,10000.0,0.0001 USDT,10000.0,4.0,2.0,1 USDT,100000000.0,"500,000 EURQ",50000000000000.0,"500,000 USDT",50000000000000.0,0.001,100000.0,0.001,100000.0,,,150.0,50.0,
830,sUSDQUSDT,127701,Spot,USDQ / USDT,,,,,,,USDT,,,,8,8,4,,,,USDQUSDT is a USDQ/USDT spot trading pair. Minimum order value is 1 USDT,Delisted,125000,1751018400000,,,,,,,USDQ,0.0001 USDQ,10000.0,0.0001 USDT,10000.0,4.0,2.0,1 USDT,100000000.0,"500,000 USDQ",50000000000000.0,"500,000 USDT",50000000000000.0,0.001,100000.0,0.001,100000.0,,,150.0,50.0,
831,sEURRUSDT,127801,Spot,EURR / USDT,,,,,,,USDT,,,,8,8,4,,,,EURRUSDT is a EURR/USDT spot trading pair. Minimum order value is 1 USDT,Delisted,125000,1753869600000,,,,,,,EURR,0.0001 EURR,10000.0,0.0001 USDT,10000.0,4.0,2.0,1 USDT,100000000.0,"500,000 EURR",50000000000000.0,"500,000 USDT",50000000000000.0,0.001,100000.0,0.001,100000.0,,,150.0,50.0,
832,sUSDRUSDT,127901,Spot,USDR / USDT,,,,,,,USDT,,,,8,8,4,,,,USDRUSDT is a USDR/USDT spot trading pair. Minimum order value is 1 USDT,Delisted,125000,1753869600000,,,,,,,USDR,0.0001 USDR,10000.0,0.0001 USDT,10000.0,4.0,2.0,1 USDT,100000000.0,"500,000 USDR",50000000000000.0,"500,000 USDT",50000000000000.0,0.001,100000.0,0.001,100000.0,,,150.0,50.0,
833,sXAUTUSDT,128001,Spot,XAUT / USDT,,,,,,,USDT,,,,8,8,1,,,,XAUTUSDT is a XAUT/USDT spot trading pair. Minimum order value is 1 USDT,Listed,45,1751536800000,,,,,,,XAUT,0.0001 XAUT,10000.0,0.1 USDT,10000000.0,4.0,2.0,1 USDT,100000000.0,180 XAUT,18000000000.0,"500,000 USDT",50000000000000.0,0.001,100000.0,0.001,100000.0,,,150.0,50.0,
834,sREDUSDT,128101,Spot,RED / USDT,,,,,,,USDT,,,,8,8,4,,,,REDUSDT is a RED/USDT spot trading pair. Minimum order value is 1 USDT,Listed,125000,1741267800000,,,,,,,RED,0.01 RED,1000000.0,0.0001 USDT,10000.0,2.0,2.0,1 USDT,100000000.0,"500,000 RED",50000000000000.0,"500,000 USDT",50000000000000.0,0.001,100000.0,0.001,100000.0,,,150.0,50.0,
835,sELXUSDT,128501,Spot,ELX / USDT,,,,,,,USDT,,,,8,8,4,,,,ELXUSDT is a ELX/USDT spot trading pair. Minimum order value is 1 USDT,Listed,296912,1741600800000,,,,,,,ELX,0.1 ELX,10000000.0,0.0001 USDT,10000.0,1.0,2.0,1 USDT,100000000.0,"1,187,648 ELX",118764800000000.0,"500,000 USDT",50000000000000.0,0.001,100000.0,0.001,100000.0,,,150.0,50.0,
836,sROAMUSDT,128601,Spot,ROAM / USDT,,,,,,,USDT,,,,8,8,5,,,,ROAMUSDT is a ROAM/USDT spot trading pair. Minimum order value is 1 USDT,Listed,536020,1741600800000,,,,,,,ROAM,0.1 ROAM,10000000.0,0.00001 USDT,1000.0,1.0,2.0,1 USDT,100000000.0,"2,144,080 ROAM",214408000000000.0,"500,000 USDT",50000000000000.0,0.001,100000.0,0.001,100000.0,,,150.0,50.0,
837,sAVLUSDT,128901,Spot,AVL / USDT,,,,,,,USDT,,,,8,8,5,,,,AVLUSDT is a AVL/USDT spot trading pair. Minimum order value is 1 USDT,Listed,328947,1742810400000,,,,,,,AVL,0.1 AVL,10000000.0,0.00001 USDT,1000.0,1.0,2.0,1 USDT,100000000.0,"1,315,788 AVL",131578800000000.0,"500,000 USDT",50000000000000.0,0.001,100000.0,0.001,100000.0,,,150.0,50.0,
838,sBMTUSDT,129001,Spot,BMT / USDT,,,,,,,USDT,,,,8,8,5,,,,BMTUSDT is a BMT/USDT spot trading pair. Minimum order value is 1 USDT,Listed,543478,1742378400000,,,,,,,BMT,0.1 BMT,10000000.0,0.00001 USDT,1000.0,1.0,2.0,1 USDT,100000000.0,"2,173,912 BMT",217391200000000.0,"500,000 USDT",50000000000000.0,0.001,100000.0,0.001,100000.0,,,150.0,50.0,
839,sEPICUSDT,129101,Spot,EPIC / USDT,,,,,,,USDT,,,,8,8,3,,,,EPICUSDT is a EPIC/USDT spot trading pair. Minimum order value is 1 USDT,Listed,78864,1741946400000,,,,,,,EPIC,0.1 EPIC,10000000.0,0.001 USDT,100000.0,1.0,2.0,1 USDT,100000000.0,"315,456 EPIC",31545600000000.0,"500,000 USDT",50000000000000.0,0.001,100000.0,0.001,100000.0,,,150.0,50.0,
840,sMUBARAKUSDT,129201,Spot,MUBARAK / USDT,,,,,,,USDT,,,,8,8,5,,,,MUBARAKUSDT is a MUBARAK/USDT spot trading pair. Minimum order value is 1 USDT,Listed,1041666,1742205600000,,,,,,,MUBARAK,0.001 MUBARAK,100000.0,0.00001 USDT,1000.0,3.0,2.0,1 USDT,100000000.0,"4,166,664 MUBARAK",416666400000000.0,"500,000 USDT",50000000000000.0,0.001,100000.0,0.001,100000.0,,,150.0,50.0,
841,sTUTUSDT,129401,Spot,TUT / USDT,,,,,,,USDT,,,,8,8,5,,,,TUTUSDT is a TUT/USDT spot trading pair. Minimum order value is 1 USDT,Listed,5681818,1742378400000,,,,,,,TUT,0.001 TUT,100000.0,0.00001 USDT,1000.0,3.0,2.0,1 USDT,100000000.0,"22,727,272 TUT",2272727200000000.0,"500,000 USDT",50000000000000.0,0.001,100000.0,0.001,100000.0,,,150.0,50.0,
842,sFORMUSDT,129501,Spot,FORM / USDT,,,,,,,USDT,,,,8,8,4,,,,FORMUSDT is a FORM/USDT spot trading pair. Minimum order value is 1 USDT,Listed,96154,1742378400000,,,,,,,FORM,0.1 FORM,10000000.0,0.0001 USDT,10000.0,1.0,2.0,1 USDT,100000000.0,"384,616 FORM",38461600000000.0,"500,000 USDT",50000000000000.0,0.001,100000.0,0.001,100000.0,,,150.0,50.0,
843,sSIRENUSDT,129801,Spot,SIREN / USDT,,,,,,,USDT,,,,8,8,5,,,,SIRENUSDT is a SIREN/USDT spot trading pair. Minimum order value is 1 USDT,Listed,1893939,1742551200000,,,,,,,SIREN,0.001 SIREN,100000.0,0.00001 USDT,1000.0,3.0,2.0,1 USDT,100000000.0,"7,575,756 SIREN",757575600000000.0,"500,000 USDT",50000000000000.0,0.001,100000.0,0.001,100000.0,,,150.0,50.0,
844,sBIDUSDT,129901,Spot,BID / USDT,,,,,,,USDT,,,,8,8,5,,,,BIDUSDT is a BID/USDT spot trading pair. Minimum order value is 1 USDT,Delisted,1000000,1750759200000,,,,,,,BID,0.01 BID,1000000.0,0.00001 USDT,1000.0,2.0,2.0,1 USDT,100000000.0,"4,000,000 BID",400000000000000.0,"500,000 USDT",50000000000000.0,0.001,100000.0,0.001,100000.0,,,150.0,50.0,
845,sXTERUSDT,130001,Spot,XTER / USDT,,,,,,,USDT,,,,8,8,5,,,,XTERUSDT is a XTER/USDT spot trading pair. Minimum order value is 1 USDT,Delisted,1250000,1757671200000,,,,,,,XTER,0.1 XTER,10000000.0,0.00001 USDT,1000.0,1.0,2.0,1 USDT,100000000.0,"5,000,000 XTER",500000000000000.0,"500,000 USDT",50000000000000.0,0.001,100000.0,0.001,100000.0,,,150.0,50.0,
846,sCPOOLUSDT,130101,Spot,CPOOL / USDT,,,,,,,USDT,,,,8,8,5,,,,CPOOLUSDT is a CPOOL/USDT spot trading pair. Minimum order value is 1 USDT,Listed,625000,1755597600000,,,,,,,CPOOL,0.01 CPOOL,1000000.0,0.00001 USDT,1000.0,2.0,2.0,1 USDT,100000000.0,"2,500,000 CPOOL",250000000000000.0,"500,000 USDT",50000000000000.0,0.001,100000.0,0.001,100000.0,,,150.0,50.0,
847,sVICUSDT,130401,Spot,VIC / USDT,,,,,,,USDT,,,,8,8,4,,,,VICUSDT is a VIC/USDT spot trading pair. Minimum order value is 1 USDT,Listed,500000,1755079200000,,,,,,,VIC,0.01 VIC,1000000.0,0.0001 USDT,10000.0,2.0,2.0,1 USDT,100000000.0,"2,000,000 VIC",200000000000000.0,"500,000 USDT",50000000000000.0,0.001,100000.0,0.001,100000.0,,,150.0,50.0,
848,sBANANAS31USDT,130701,Spot,BANANAS31 / USDT,,,,,,,USDT,,,,8,8,6,,,,BANANAS31USDT is a BANANAS31/USDT spot trading pair. Minimum order value is 1 USDT,Listed,50000000,1742551200000,,,,,,,BANANAS31,1 BANANAS31,100000000.0,0.000001 USDT,100.0,0.0,2.0,1 USDT,100000000.0,"100,000,000 BANANAS31",1e+16,"500,000 USDT",50000000000000.0,0.001,100000.0,0.001,100000.0,,,150.0,50.0,
849,sBRUSDT,130801,Spot,BR / USDT,,,,,,,USDT,,,,8,8,5,,,,BRUSDT is a BR/USDT spot trading pair. Minimum order value is 1 USDT,Listed,781250,1742551200000,,,,,,,BR,0.01 BR,1000000.0,0.00001 USDT,1000.0,2.0,2.0,1 USDT,100000000.0,"3,125,000 BR",312500000000000.0,"500,000 USDT",50000000000000.0,0.001,100000.0,0.001,100000.0,,,150.0,50.0,
850,sNILUSDT,131101,Spot,NIL / USDT,,,,,,,USDT,,,,8,8,4,,,,NILUSDT is a NIL/USDT spot trading pair. Minimum order value is 1 USDT,Listed,1562500,1742823000000,,,,,,,NIL,0.1 NIL,10000000.0,0.0001 USDT,10000.0,1.0,2.0,1 USDT,100000000.0,"6,250,000 NIL",625000000000000.0,"500,000 USDT",50000000000000.0,0.001,100000.0,0.001,100000.0,,,150.0,50.0,
851,sPARTIUSDT,131201,Spot,PARTI / USDT,,,,,,,USDT,,,,8,8,4,,,,PARTIUSDT is a PARTI/USDT spot trading pair. Minimum order value is 1 USDT,Listed,125000,1742908200000,,,,,,,PARTI,0.1 PARTI,10000000.0,0.0001 USDT,10000.0,1.0,2.0,1 USDT,100000000.0,"500,000 PARTI",50000000000000.0,"500,000 USDT",50000000000000.0,0.001,100000.0,0.001,100000.0,,,150.0,50.0,
852,sJELLYJELLYUSDT,132001,Spot,JELLYJELLY / USDT,,,,,,,USDT,,,,8,8,6,,,,JELLYJELLYUSDT is a JELLYJELLY/USDT spot trading pair. Minimum order value is 1 USDT,Listed,6250000,1743076800000,,,,,,,JELLYJELLY,0.1 JELLYJELLY,10000000.0,0.000001 USDT,100.0,1.0,2.0,1 USDT,100000000.0,"25,000,000 JELLYJELLY",2500000000000000.0,"500,000 USDT",50000000000000.0,0.001,100000.0,0.001,100000.0,,,150.0,50.0,
853,sGHIBLIUSDT,132401,Spot,GHIBLI / USDT,,,,,,,USDT,,,,8,8,5,,,,GHIBLIUSDT is a GHIBLI/USDT spot trading pair. Minimum order value is 1 USDT,Delisted,3378378,1743156000000,,,,,,,GHIBLI,0.001 GHIBLI,100000.0,0.00001 USDT,1000.0,3.0,2.0,1 USDT,100000000.0,"13,513,512 GHIBLI",1351351200000000.0,"500,000 USDT",50000000000000.0,0.001,100000.0,0.001,100000.0,,,150.0,50.0,
854,sKILOUSDT,132501,Spot,KILO / USDT,,,,,,,USDT,,,,8,8,6,,,,KILOUSDT is a KILO/USDT spot trading pair. Minimum order value is 1 USDT,Listed,1096491,1743156000000,,,,,,,KILO,0.01 KILO,1000000.0,0.000001 USDT,100.0,2.0,2.0,1 USDT,100000000.0,"4,385,964 KILO",438596400000000.0,"500,000 USDT",50000000000000.0,0.001,100000.0,0.001,100000.0,,,150.0,50.0,
855,sWALUSDT,132601,Spot,WAL / USDT,,,,,,,USDT,,,,8,8,4,,,,WALUSDT is a WAL/USDT spot trading pair. Minimum order value is 1 USDT,Listed,250000,1743156000000,,,,,,,WAL,0.1 WAL,10000000.0,0.0001 USDT,10000.0,1.0,2.0,1 USDT,100000000.0,"1,000,000 WAL",100000000000000.0,"500,000 USDT",50000000000000.0,0.001,100000.0,0.001,100000.0,,,150.0,50.0,
856,sGUNUSDT,132801,Spot,GUN / USDT,,,,,,,USDT,,,,8,8,5,,,,GUNUSDT is a GUN/USDT spot trading pair. Minimum order value is 1 USDT,Listed,1250000,1743426600000,,,,,,,GUN,0.001 GUN,1.0,0.00001 USDT,1000.0,3.0,2.0,1 USDT,100000000.0,"5,000,000 GUN",5000000000.0,"500,000 USDT",50000000000000.0,0.001,100000.0,0.001,100000.0,,,150.0,50.0,
857,sPUMPOLDUSDT,133201,Spot,PUMPOLD / USDT,,,,,,,USDT,,,,8,8,5,,,,PUMPOLDUSDT is a PUMPOLD/USDT spot trading pair. Minimum order value is 1 USDT,Delisted,2717391,1743588000000,,,,,,,PUMPOLD,0.01 PUMPOLD,1000000.0,0.00001 USDT,1000.0,2.0,2.0,1 USDT,100000000.0,"10,869,564 PUMPOLD",1086956400000000.0,"500,000 USDT",50000000000000.0,0.001,100000.0,0.001,100000.0,,,150.0,50.0,
858,sSTOUSDT,133501,Spot,STO / USDT,,,,,,,USDT,,,,8,8,4,,,,STOUSDT is a STO/USDT spot trading pair. Minimum order value is 1 USDT,Listed,1666666,1743685200000,,,,,,,STO,0.1 STO,10000000.0,0.0001 USDT,10000.0,1.0,2.0,1 USDT,100000000.0,"6,666,664 STO",666666400000000.0,"500,000 USDT",50000000000000.0,0.001,100000.0,0.001,100000.0,,,150.0,50.0,
859,sRFCUSDT,133901,Spot,RFC / USDT,,,,,,,USDT,,,,8,8,5,,,,RFCUSDT is a RFC/USDT spot trading pair. Minimum order value is 1 USDT,Delisted,2083333,1744192800000,,,,,,,RFC,0.001 RFC,100000.0,0.00001 USDT,1000.0,3.0,2.0,1 USDT,100000000.0,"8,333,332 RFC",833333200000000.0,"500,000 USDT",50000000000000.0,0.001,100000.0,0.001,100000.0,,,150.0,50.0,
860,sDEXTFUSDT,134101,Spot,DEXTF / USDT,,,,,,,USDT,,,,8,8,5,,,,DEXTFUSDT is a DEXTF/USDT spot trading pair. Minimum order value is 1 USDT,Listed,1041666,1750154400000,,,,,,,DEXTF,0.01 DEXTF,1000000.0,0.00001 USDT,1000.0,2.0,2.0,1 USDT,100000000.0,"4,166,664 DEXTF",416666400000000.0,"500,000 USDT",50000000000000.0,0.001,100000.0,0.001,100000.0,,,150.0,50.0,
861,sBABYUSDT,134201,Spot,BABY / USDT,,,,,,,USDT,,,,8,8,5,,,,BABYUSDT is a BABY/USDT spot trading pair. Minimum order value is 1 USDT,Listed,1785714,1744283400000,,,,,,,BABY,0.001 BABY,100000.0,0.00001 USDT,1000.0,3.0,2.0,1 USDT,100000000.0,"7,142,856 BABY",714285600000000.0,"500,000 USDT",50000000000000.0,0.001,100000.0,0.001,100000.0,,,150.0,50.0,
862,sFHEUSDT,134401,Spot,FHE / USDT,,,,,,,USDT,,,,8,8,5,,,,FHEUSDT is a FHE/USDT spot trading pair. Minimum order value is 1 USDT,Listed,1250000,1744294200000,,,,,,,FHE,0.01 FHE,1000000.0,0.00001 USDT,1000.0,2.0,2.0,1 USDT,100000000.0,"5,000,000 FHE",500000000000000.0,"500,000 USDT",50000000000000.0,0.001,100000.0,0.001,100000.0,,,150.0,50.0,
863,sPROMPTUSDT,134701,Spot,PROMPT / USDT,,,,,,,USDT,,,,8,8,5,,,,PROMPTUSDT is a PROMPT/USDT spot trading pair. Minimum order value is 1 USDT,Listed,735294,1744365600000,,,,,,,PROMPT,0.01 PROMPT,1000000.0,0.00001 USDT,1000.0,2.0,2.0,1 USDT,100000000.0,"2,941,176 PROMPT",294117600000000.0,"500,000 USDT",50000000000000.0,0.001,100000.0,0.001,100000.0,,,150.0,50.0,
864,sKERNELUSDT,135201,Spot,KERNEL / USDT,,,,,,,USDT,,,,8,8,4,,,,KERNELUSDT is a KERNEL/USDT spot trading pair. Minimum order value is 1 USDT,Listed,125000,1744632600000,,,,,,,KERNEL,0.01 KERNEL,1000000.0,0.0001 USDT,10000.0,2.0,2.0,1 USDT,100000000.0,"500,000 KERNEL",50000000000000.0,"500,000 USDT",50000000000000.0,0.001,100000.0,0.001,100000.0,,,150.0,50.0,
865,sCLANKERUSDT,135501,Spot,CLANKER / USDT,,,,,,,USDT,,,,8,8,3,,,,CLANKERUSDT is a CLANKER/USDT spot trading pair. Minimum order value is 1 USDT,Listed,2000,1755597600000,,,,,,,CLANKER,0.01 CLANKER,1000000.0,0.001 USDT,100000.0,2.0,2.0,1 USDT,100000000.0,"8,000 CLANKER",800000000000.0,"500,000 USDT",50000000000000.0,0.001,100000.0,0.001,100000.0,,,150.0,50.0,
866,sWCTUSDT,135601,Spot,WCT / USDT,,,,,,,USDT,,,,8,8,4,,,,WCTUSDT is a WCT/USDT spot trading pair. Minimum order value is 1 USDT,Listed,250000,1744715400000,,,,,,,WCT,0.01 WCT,1000000.0,0.0001 USDT,10000.0,2.0,2.0,1 USDT,100000000.0,"1,000,000 WCT",100000000000000.0,"500,000 USDT",50000000000000.0,0.001,100000.0,0.001,100000.0,,,150.0,50.0,
867,sFLUIDUSDT,135801,Spot,FLUID / USDT,,,,,,,USDT,,,,8,8,3,,,,FLUIDUSDT is a FLUID/USDT spot trading pair. Minimum order value is 1 USDT,Listed,20000,1758794400000,,,,,,,FLUID,0.01 FLUID,1000000.0,0.001 USDT,100000.0,2.0,2.0,1 USDT,100000000.0,"80,000 FLUID",8000000000000.0,"500,000 USDT",50000000000000.0,0.001,100000.0,0.001,100000.0,,,150.0,50.0,
868,sXCNUSDT,136001,Spot,XCN / USDT,,,,,,,USDT,,,,8,8,6,,,,XCNUSDT is a XCN/USDT spot trading pair. Minimum order value is 1 USDT,Listed,10000000,1755770400000,,,,,,,XCN,0.1 XCN,10000000.0,0.000001 USDT,100.0,1.0,2.0,1 USDT,100000000.0,"40,000,000 XCN",4000000000000000.0,"500,000 USDT",50000000000000.0,0.001,100000.0,0.001,100000.0,,,150.0,50.0,
869,sDARKUSDT,137301,Spot,DARK / USDT,,,,,,,USDT,,,,8,8,5,,,,DARKUSDT is a DARK/USDT spot trading pair. Minimum order value is 1 USDT,Delisted,5000000,1745229600000,,,,,,,DARK,0.001 DARK,100000.0,0.00001 USDT,1000.0,3.0,2.0,1 USDT,100000000.0,"20,000,000 DARK",2000000000000000.0,"500,000 USDT",50000000000000.0,0.001,100000.0,0.001,100000.0,,,150.0,50.0,
870,sEPTUSDT,137601,Spot,EPT / USDT,,,,,,,USDT,,,,8,8,6,,,,EPTUSDT is a EPT/USDT spot trading pair. Minimum order value is 1 USDT,Delisted,2500000,1745237400000,,,,,,,EPT,0.01 EPT,1000000.0,0.000001 USDT,100.0,2.0,2.0,1 USDT,100000000.0,"10,000,000 EPT",1000000000000000.0,"500,000 USDT",50000000000000.0,0.001,100000.0,0.001,100000.0,,,150.0,50.0,
871,sBANKUSDT,137701,Spot,BANK / USDT,,,,,,,USDT,,,,8,8,5,,,,BANKUSDT is a BANK/USDT spot trading pair. Minimum order value is 1 USDT,Listed,2777777,1745229600000,,,,,,,BANK,0.001 BANK,100000.0,0.00001 USDT,1000.0,3.0,2.0,1 USDT,100000000.0,"11,111,108 BANK",1111110800000000.0,"500,000 USDT",50000000000000.0,0.001,100000.0,0.001,100000.0,,,150.0,50.0,
872,sHYPERUSDT,138201,Spot,HYPER / USDT,,,,,,,USDT,,,,8,8,4,,,,HYPERUSDT is a HYPER/USDT spot trading pair. Minimum order value is 1 USDT,Listed,500000,1745327400000,,,,,,,HYPER,0.01 HYPER,1000000.0,0.0001 USDT,10000.0,2.0,2.0,1 USDT,100000000.0,"2,000,000 HYPER",200000000000000.0,"500,000 USDT",50000000000000.0,0.001,100000.0,0.001,100000.0,,,150.0,50.0,
873,sSKYAIUSDT,138401,Spot,SKYAI / USDT,,,,,,,USDT,,,,8,8,5,,,,SKYAIUSDT is a SKYAI/USDT spot trading pair. Minimum order value is 1 USDT,Listed,2941176,1745402400000,,,,,,,SKYAI,0.001 SKYAI,100000.0,0.00001 USDT,1000.0,3.0,2.0,1 USDT,100000000.0,"11,764,704 SKYAI",1176470400000000.0,"500,000 USDT",50000000000000.0,0.001,100000.0,0.001,100000.0,,,150.0,50.0,
874,sZORAUSDT,138501,Spot,ZORA / USDT,,,,,,,USDT,,,,8,8,5,,,,ZORAUSDT is a ZORA/USDT spot trading pair. Minimum order value is 1 USDT,Listed,6250000,1745413800000,,,,,,,ZORA,0.01 ZORA,1000000.0,0.00001 USDT,1000.0,2.0,2.0,1 USDT,100000000.0,"25,000,000 ZORA",2500000000000000.0,"500,000 USDT",50000000000000.0,0.001,100000.0,0.001,100000.0,,,150.0,50.0,
875,sINITUSDT,138901,Spot,INIT / USDT,,,,,,,USDT,,,,8,8,4,,,,INITUSDT is a INIT/USDT spot trading pair. Minimum order value is 1 USDT,Listed,156250,1745493000000,,,,,,,INIT,0.01 INIT,1000000.0,0.0001 USDT,10000.0,2.0,2.0,1 USDT,100000000.0,"625,000 INIT",62500000000000.0,"500,000 USDT",50000000000000.0,0.001,100000.0,0.001,100000.0,,,150.0,50.0,
876,sDOLOUSDT,139001,Spot,DOLO / USDT,,,,,,,USDT,,,,8,8,5,,,,DOLOUSDT is a DOLO/USDT spot trading pair. Minimum order value is 1 USDT,Listed,500000,1745500200000,,,,,,,DOLO,0.1 DOLO,10000000.0,0.00001 USDT,1000.0,1.0,2.0,1 USDT,100000000.0,"2,000,000 DOLO",200000000000000.0,"500,000 USDT",50000000000000.0,0.001,100000.0,0.001,100000.0,,,150.0,50.0,
877,sSIGNUSDT,139401,Spot,SIGN / USDT,,,,,,,USDT,,,,8,8,5,,,,SIGNUSDT is a SIGN/USDT spot trading pair. Minimum order value is 1 USDT,Listed,2500000,1745838600000,,,,,,,SIGN,0.01 SIGN,1000000.0,0.00001 USDT,1000.0,2.0,2.0,1 USDT,100000000.0,"10,000,000 SIGN",1000000000000000.0,"500,000 USDT",50000000000000.0,0.001,100000.0,0.001,100000.0,,,150.0,50.0,
878,sHOUSEUSDT,139801,Spot,HOUSE / USDT,,,,,,,USDT,,,,8,8,5,,,,HOUSEUSDT is a HOUSE/USDT spot trading pair. Minimum order value is 1 USDT,Delisted,2083333,1746529200000,,,,,,,HOUSE,0.001 HOUSE,100000.0,0.00001 USDT,1000.0,3.0,2.0,1 USDT,100000000.0,"8,333,332 HOUSE",833333200000000.0,"500,000 USDT",50000000000000.0,0.001,100000.0,0.001,100000.0,,,150.0,50.0,
879,sHAEDALUSDT,139901,Spot,HAEDAL / USDT,,,,,,,USDT,,,,8,8,5,,,,HAEDALUSDT is a HAEDAL/USDT spot trading pair. Minimum order value is 1 USDT,Listed,500000,1745928600000,,,,,,,HAEDAL,0.01 HAEDAL,1000000.0,0.00001 USDT,1000.0,2.0,2.0,1 USDT,100000000.0,"2,000,000 HAEDAL",200000000000000.0,"500,000 USDT",50000000000000.0,0.001,100000.0,0.001,100000.0,,,150.0,50.0,
880,sBOOPUSDT,140201,Spot,BOOP / USDT,,,,,,,USDT,,,,8,8,4,,,,BOOPUSDT is a BOOP/USDT spot trading pair. Minimum order value is 1 USDT,Delisted,416666,1746529200000,,,,,,,BOOP,0.01 BOOP,1000000.0,0.0001 USDT,10000.0,2.0,2.0,1 USDT,100000000.0,"1,666,664 BOOP",166666400000000.0,"500,000 USDT",50000000000000.0,0.001,100000.0,0.001,100000.0,,,150.0,50.0,
881,sGORKUSDT,140301,Spot,GORK / USDT,,,,,,,USDT,,,,8,8,5,,,,GORKUSDT is a GORK/USDT spot trading pair. Minimum order value is 1 USDT,Delisted,2500000,1746529200000,,,,,,,GORK,0.001 GORK,100000.0,0.00001 USDT,1000.0,3.0,2.0,1 USDT,100000000.0,"10,000,000 GORK",1000000000000000.0,"500,000 USDT",50000000000000.0,0.001,100000.0,0.001,100000.0,,,150.0,50.0,
882,sB2USDT,140401,Spot,B2 / USDT,,,,,,,USDT,,,,8,8,4,,,,B2USDT is a B2/USDT spot trading pair. Minimum order value is 1 USDT,Listed,192307,1746529200000,,,,,,,B2,0.01 B2,1000000.0,0.0001 USDT,10000.0,2.0,2.0,1 USDT,100000000.0,"769,228 B2",76922800000000.0,"500,000 USDT",50000000000000.0,0.001,100000.0,0.001,100000.0,,,150.0,50.0,
883,sSYRUPUSDT,140901,Spot,SYRUP / USDT,,,,,,,USDT,,,,8,8,4,,,,SYRUPUSDT is a SYRUP/USDT spot trading pair. Minimum order value is 1 USDT,Listed,625000,1746615600000,,,,,,,SYRUP,0.1 SYRUP,10000000.0,0.0001 USDT,10000.0,1.0,2.0,1 USDT,100000000.0,"2,500,000 SYRUP",250000000000000.0,"500,000 USDT",50000000000000.0,0.001,100000.0,0.001,100000.0,,,150.0,50.0,
884,sOBOLUSDT,141001,Spot,OBOL / USDT,,,,,,,USDT,,,,8,8,4,,,,OBOLUSDT is a OBOL/USDT spot trading pair. Minimum order value is 1 USDT,Delisted,312500,1746616200000,,,,,,,OBOL,0.01 OBOL,1000000.0,0.0001 USDT,10000.0,2.0,2.0,1 USDT,100000000.0,"1,250,000 OBOL",125000000000000.0,"500,000 USDT",50000000000000.0,0.001,100000.0,0.001,100000.0,,,150.0,50.0,
885,sMILKUSDT,141801,Spot,MILK / USDT,,,,,,,USDT,,,,8,8,5,,,,MILKUSDT is a MILK/USDT spot trading pair. Minimum order value is 1 USDT,Delisted,1250000,1747227600000,,,,,,,MILK,0.01 MILK,1000000.0,0.00001 USDT,1000.0,2.0,2.0,1 USDT,100000000.0,"5,000,000 MILK",500000000000000.0,"500,000 USDT",50000000000000.0,0.001,100000.0,0.001,100000.0,,,150.0,50.0,
886,sSXTUSDT,142201,Spot,SXT / USDT,,,,,,,USDT,,,,8,8,5,,,,SXTUSDT is a SXT/USDT spot trading pair. Minimum order value is 1 USDT,Listed,833334,1746709800000,,,,,,,SXT,0.01 SXT,1000000.0,0.00001 USDT,1000.0,2.0,2.0,1 USDT,100000000.0,"3,333,336 SXT",333333600000000.0,"500,000 USDT",50000000000000.0,0.001,100000.0,0.001,100000.0,,,150.0,50.0,
887,sDOODUSDT,142601,Spot,DOOD / USDT,,,,,,,USDT,,,,8,8,6,,,,DOODUSDT is a DOOD/USDT spot trading pair. Minimum order value is 1 USDT,Listed,25000000,1746796500000,,,,,,,DOOD,0.01 DOOD,1000000.0,0.000001 USDT,100.0,2.0,2.0,1 USDT,100000000.0,"100,000,000 DOOD",1e+16,"500,000 USDT",50000000000000.0,0.001,100000.0,0.001,100000.0,,,150.0,50.0,
888,sNXPCUSDT,142801,Spot,NXPC / USDT,,,,,,,USDT,,,,8,8,4,,,,NXPCUSDT is a NXPC/USDT spot trading pair. Minimum order value is 1 USDT,Listed,208333,1747289400000,,,,,,,NXPC,0.1 NXPC,10000000.0,0.0001 USDT,10000.0,1.0,2.0,1 USDT,100000000.0,"833,332 NXPC",83333200000000.0,"500,000 USDT",50000000000000.0,0.001,100000.0,0.001,100000.0,,,150.0,50.0,
889,sNAVXUSDT,142901,Spot,NAVX / USDT,,,,,,,USDT,,,,8,8,5,,,,NAVXUSDT is a NAVX/USDT spot trading pair. Minimum order value is 1 USDT,Listed,1785714,1747227600000,,,,,,,NAVX,0.01 NAVX,1000000.0,0.00001 USDT,1000.0,2.0,2.0,1 USDT,100000000.0,"7,142,856 NAVX",714285600000000.0,"500,000 USDT",50000000000000.0,0.001,100000.0,0.001,100000.0,,,150.0,50.0,
890,sSCAUSDT,143001,Spot,SCA / USDT,,,,,,,USDT,,,,8,8,5,,,,SCAUSDT is a SCA/USDT spot trading pair. Minimum order value is 1 USDT,Listed,625000,1747227600000,,,,,,,SCA,0.01 SCA,1000000.0,0.00001 USDT,1000.0,2.0,2.0,1 USDT,100000000.0,"2,500,000 SCA",250000000000000.0,"500,000 USDT",50000000000000.0,0.001,100000.0,0.001,100000.0,,,150.0,50.0,
891,sOGUSDT,143101,Spot,OG / USDT,,,,,,,USDT,,,,8,8,3,,,,OGUSDT is a OG/USDT spot trading pair. Minimum order value is 1 USDT,Listed,25000,1747648800000,,,,,,,OG,0.1 OG,10000000.0,0.001 USDT,100000.0,1.0,2.0,1 USDT,100000000.0,"100,000 OG",10000000000000.0,"500,000 USDT",50000000000000.0,0.001,100000.0,0.001,100000.0,,,150.0,50.0,
892,sPRAIUSDT,143701,Spot,PRAI / USDT,,,,,,,USDT,,,,8,8,5,,,,PRAIUSDT is a PRAI/USDT spot trading pair. Minimum order value is 1 USDT,Delisted,250000,1747233600000,,,,,,,PRAI,0.01 PRAI,1000000.0,0.00001 USDT,1000.0,2.0,2.0,1 USDT,100000000.0,"1,000,000 PRAI",100000000000000.0,"500,000 USDT",50000000000000.0,0.001,100000.0,0.001,100000.0,,,150.0,50.0,
893,sLAUNCHCOINUSDT,144001,Spot,LAUNCHCOIN  / USDT,,,,,,,USDT,,,,8,8,4,,,,LAUNCHCOINUSDT is a LAUNCHCOIN/USDT spot trading pair. Minimum order value is 1 USDT,Delisted,500000,1747648800000,,,,,,,LAUNCHCOIN,0.01 LAUNCHCOIN,1000000.0,0.0001 USDT,10000.0,2.0,2.0,1 USDT,100000000.0,"2,000,000 LAUNCHCOIN",200000000000000.0,"500,000 USDT",50000000000000.0,0.001,100000.0,0.001,100000.0,,,150.0,50.0,
894,sMIRAIUSDT,144101,Spot,MIRAI / USDT,,,,,,,USDT,,,,8,8,6,,,,MIRAIUSDT is a MIRAI/USDT spot trading pair. Minimum order value is 1 USDT,Delisted,6250000,1747648800000,,,,,,,MIRAI,0.01 MIRAI,1000000.0,0.000001 USDT,100.0,2.0,2.0,1 USDT,100000000.0,"25,000,000 MIRAI",2500000000000000.0,"500,000 USDT",50000000000000.0,0.001,100000.0,0.001,100000.0,,,150.0,50.0,
895,sTGTUSDT,144301,Spot,TGT / USDT,,,,,,,USDT,,,,8,8,5,,,,TGTUSDT is a TGT/USDT spot trading pair. Minimum order value is 1 USDT,Delisted,312500,1747822200000,,,,,,,TGT,0.01 TGT,1000000.0,0.00001 USDT,1000.0,2.0,2.0,1 USDT,100000000.0,"1,250,000 TGT",125000000000000.0,"500,000 USDT",50000000000000.0,0.001,100000.0,0.001,100000.0,,,150.0,50.0,
896,sSAROSUSDT,144401,Spot,SAROS / USDT,,,,,,,USDT,,,,8,8,6,,,,SAROSUSDT is a SAROS/USDT spot trading pair. Minimum order value is 1 USDT,Delisted,781250,1747821600000,,,,,,,SAROS,0.01 SAROS,1000000.0,0.000001 USDT,100.0,2.0,2.0,1 USDT,100000000.0,"3,125,000 SAROS",312500000000000.0,"500,000 USDT",50000000000000.0,0.001,100000.0,0.001,100000.0,,,150.0,50.0,
897,sAWEUSDT,144701,Spot,AWE / USDT,,,,,,,USDT,,,,8,8,5,,,,AWEUSDT is a AWE/USDT spot trading pair. Minimum order value is 1 USDT,Listed,1562500,1747908000000,,,,,,,AWE,0.01 AWE,1000000.0,0.00001 USDT,1000.0,2.0,2.0,1 USDT,100000000.0,"6,250,000 AWE",625000000000000.0,"500,000 USDT",50000000000000.0,0.001,100000.0,0.001,100000.0,,,150.0,50.0,
898,sSOONUSDT,144901,Spot,SOON / USDT,,,,,,,USDT,,,,8,8,4,,,,SOONUSDT is a SOON/USDT spot trading pair. Minimum order value is 1 USDT,Listed,312500,1747998600000,,,,,,,SOON,0.01 SOON,1000000.0,0.0001 USDT,10000.0,2.0,2.0,1 USDT,100000000.0,"1,250,000 SOON",125000000000000.0,"500,000 USDT",50000000000000.0,0.001,100000.0,0.001,100000.0,,,150.0,50.0,
899,sBUSDT,145001,Spot,B / USDT,,,,,,,USDT,,,,8,8,5,,,,BUSDT is a B/USDT spot trading pair. Minimum order value is 1 USDT,Listed,500000,1747994400000,,,,,,,B,0.01 B,1000000.0,0.00001 USDT,1000.0,2.0,2.0,1 USDT,100000000.0,"2,000,000 B",200000000000000.0,"500,000 USDT",50000000000000.0,0.001,100000.0,0.001,100000.0,,,150.0,50.0,
900,sRWAUSDT,145101,Spot,RWA / USDT,,,,,,,USDT,,,,8,8,5,,,,RWAUSDT is a RWA/USDT spot trading pair. Minimum order value is 1 USDT,Delisted,12500000,1747994400000,,,,,,,RWA,0.001 RWA,100000.0,0.00001 USDT,1000.0,3.0,2.0,1 USDT,100000000.0,"50,000,000 RWA",5000000000000000.0,"500,000 USDT",50000000000000.0,0.001,100000.0,0.001,100000.0,,,150.0,50.0,
901,sHUMAUSDT,145501,Spot,HUMA / USDT,,,,,,,USDT,,,,8,8,5,,,,HUMAUSDT is a HUMA/USDT spot trading pair. Minimum order value is 1 USDT,Listed,1250000,1748265000000,,,,,,,HUMA,0.01 HUMA,1000000.0,0.00001 USDT,1000.0,2.0,2.0,1 USDT,100000000.0,"5,000,000 HUMA",500000000000000.0,"500,000 USDT",50000000000000.0,0.001,100000.0,0.001,100000.0,,,150.0,50.0,
902,sOBTUSDT,145601,Spot,OBT / USDT,,,,,,,USDT,,,,8,8,6,,,,OBTUSDT is a OBT/USDT spot trading pair. Minimum order value is 1 USDT,Delisted,50000000,1748253600000,,,,,,,OBT,0.01 OBT,1000000.0,0.000001 USDT,100.0,2.0,2.0,1 USDT,100000000.0,"200,000,000 OBT",2e+16,"500,000 USDT",50000000000000.0,0.001,100000.0,0.001,100000.0,,,150.0,50.0,
903,sELDEUSDT,145801,Spot,ELDE  / USDT,,,,,,,USDT,,,,8,8,5,,,,ELDEUSDT is a ELDE/USDT spot trading pair. Minimum order value is 1 USDT,Delisted,250000,1748340600000,,,,,,,ELDE,0.01 ELDE,1000000.0,0.00001 USDT,1000.0,2.0,2.0,1 USDT,100000000.0,"1,000,000 ELDE",100000000000000.0,"500,000 USDT",50000000000000.0,0.001,100000.0,0.001,100000.0,,,150.0,50.0,
904,sUSD1USDT,145901,Spot,USD1 / USDT,,,,,,,USDT,,,,8,8,4,,,,USD1USDT is a USD1/USDT spot trading pair. Minimum order value is 1 USDT,Listed,125000,1748340000000,,,,,,,USD1,0.1 USD1,10000000.0,0.0001 USDT,10000.0,1.0,2.0,1 USDT,100000000.0,"500,000 USD1",50000000000000.0,"500,000 USDT",50000000000000.0,0.001,100000.0,0.001,100000.0,,,150.0,50.0,
905,sSOPHUSDT,146601,Spot,SOPH / USDT,,,,,,,USDT,,,,8,8,5,,,,SOPHUSDT is a SOPH/USDT spot trading pair. Minimum order value is 1 USDT,Listed,2500000,1748437800000,,,,,,,SOPH,0.01 SOPH,1000000.0,0.00001 USDT,1000.0,2.0,2.0,1 USDT,100000000.0,"10,000,000 SOPH",1000000000000000.0,"500,000 USDT",50000000000000.0,0.001,100000.0,0.001,100000.0,,,150.0,50.0,
906,sTAIUSDT,146701,Spot,TAI / USDT,,,,,,,USDT,,,,8,8,5,,,,TAIUSDT is a TAI/USDT spot trading pair. Minimum order value is 1 USDT,Listed,1000000,1748426400000,,,,,,,TAI,0.01 TAI,1000000.0,0.00001 USDT,1000.0,2.0,2.0,1 USDT,100000000.0,"4,000,000 TAI",400000000000000.0,"500,000 USDT",50000000000000.0,0.001,100000.0,0.001,100000.0,,,150.0,50.0,
907,sAUSDT,146801,Spot,A / USDT,,,,,,,USDT,,,,8,8,4,,,,AUSDT is a A/USDT spot trading pair. Minimum order value is 1 USDT,Listed,156250,1748426400000,,,,,,,A,0.01 A,1000000.0,0.0001 USDT,10000.0,2.0,2.0,1 USDT,100000000.0,"625,000 A",62500000000000.0,"500,000 USDT",50000000000000.0,0.001,100000.0,0.001,100000.0,,,150.0,50.0,
908,sBDXNUSDT,147201,Spot,BDXN / USDT,,,,,,,USDT,,,,8,8,5,,,,BDXNUSDT is a BDXN/USDT spot trading pair. Minimum order value is 1 USDT,Listed,312500,1748945400000,,,,,,,BDXN,0.1 BDXN,10000000.0,0.00001 USDT,1000.0,1.0,2.0,1 USDT,100000000.0,"1,250,000 BDXN",125000000000000.0,"500,000 USDT",50000000000000.0,0.001,100000.0,0.001,100000.0,,,150.0,50.0,
909,sSQDUSDT,147301,Spot,SQD / USDT,,,,,,,USDT,,,,8,8,5,,,,SQDUSDT is a SQD/USDT spot trading pair. Minimum order value is 1 USDT,Listed,625000,1748944800000,,,,,,,SQD,0.01 SQD,1000000.0,0.00001 USDT,1000.0,2.0,2.0,1 USDT,100000000.0,"2,500,000 SQD",250000000000000.0,"500,000 USDT",50000000000000.0,0.001,100000.0,0.001,100000.0,,,150.0,50.0,
910,sEDGENUSDT,147401,Spot,EDGEN / USDT,,,,,,,USDT,,,,8,8,5,,,,EDGENUSDT is a EDGEN/USDT spot trading pair. Minimum order value is 1 USDT,Delisted,6250000,1748944800000,,,,,,,EDGEN,0.001 EDGEN,100000.0,0.00001 USDT,1000.0,3.0,2.0,1 USDT,100000000.0,"25,000,000 EDGEN",2500000000000000.0,"500,000 USDT",50000000000000.0,0.001,100000.0,0.001,100000.0,,,150.0,50.0,
911,sLAUSDT,147601,Spot,LA / USDT,,,,,,,USDT,,,,8,8,4,,,,LAUSDT is a LA/USDT spot trading pair. Minimum order value is 1 USDT,Listed,2500000,1749103200000,,,,,,,LA,0.1 LA,10000000.0,0.0001 USDT,10000.0,1.0,2.0,1 USDT,100000000.0,"10,000,000 LA",1000000000000000.0,"500,000 USDT",50000000000000.0,0.001,100000.0,0.001,100000.0,,,150.0,50.0,
912,sPUMPBTCUSDT,148301,Spot,PUMPBTC / USDT,,,,,,,USDT,,,,8,8,5,,,,PUMPBTCUSDT is a PUMPBTC/USDT spot trading pair. Minimum order value is 1 USDT,Listed,2500000,1749463200000,,,,,,,PUMPBTC,0.001 PUMPBTC,100000.0,0.00001 USDT,1000.0,3.0,2.0,1 USDT,100000000.0,"10,000,000 PUMPBTC",1000000000000000.0,"500,000 USDT",50000000000000.0,0.001,100000.0,0.001,100000.0,,,150.0,50.0,
913,sFLYUSDT,148401,Spot,FLY / USDT,,,,,,,USDT,,,,8,8,4,,,,FLYUSDT is a FLY/USDT spot trading pair. Minimum order value is 1 USDT,Delisted,625000,1749463200000,,,,,,,FLY,0.01 FLY,1000000.0,0.0001 USDT,10000.0,2.0,2.0,1 USDT,100000000.0,"2,500,000 FLY",250000000000000.0,"500,000 USDT",50000000000000.0,0.001,100000.0,0.001,100000.0,,,150.0,50.0,
914,sSKATEUSDT,148501,Spot,SKATE / USDT,,,,,,,USDT,,,,8,8,5,,,,SKATEUSDT is a SKATE/USDT spot trading pair. Minimum order value is 1 USDT,Listed,1250000,1749463800000,,,,,,,SKATE,0.01 SKATE,1000000.0,0.00001 USDT,1000.0,2.0,2.0,1 USDT,100000000.0,"5,000,000 SKATE",500000000000000.0,"500,000 USDT",50000000000000.0,0.001,100000.0,0.001,100000.0,,,150.0,50.0,
915,sHOMEUSDT,148801,Spot,HOME / USDT,,,,,,,USDT,,,,8,8,6,,,,HOMEUSDT is a HOME/USDT spot trading pair. Minimum order value is 1 USDT,Listed,12500000,1749553800000,,,,,,,HOME,0.01 HOME,1000000.0,0.000001 USDT,100.0,2.0,2.0,1 USDT,100000000.0,"50,000,000 HOME",5000000000000000.0,"500,000 USDT",50000000000000.0,0.001,100000.0,0.001,100000.0,,,150.0,50.0,
916,sRESOLVUSDT,148901,Spot,RESOLV / USDT,,,,,,,USDT,,,,8,8,4,,,,RESOLVUSDT is a RESOLV/USDT spot trading pair. Minimum order value is 1 USDT,Listed,1250000,1749561000000,,,,,,,RESOLV,0.1 RESOLV,10000000.0,0.0001 USDT,10000.0,1.0,2.0,1 USDT,100000000.0,"5,000,000 RESOLV",500000000000000.0,"500,000 USDT",50000000000000.0,0.001,100000.0,0.001,100000.0,,,150.0,50.0,
917,sZEXUSDT,149201,Spot,ZEX / USDT,,,,,,,USDT,,,,8,8,5,,,,ZEXUSDT is a ZEX/USDT spot trading pair. Minimum order value is 1 USDT,Listed,1250000,1749636000000,,,,,,,ZEX,0.01 ZEX,1000000.0,0.00001 USDT,1000.0,2.0,2.0,1 USDT,100000000.0,"5,000,000 ZEX",500000000000000.0,"500,000 USDT",50000000000000.0,0.001,100000.0,0.001,100000.0,,,150.0,50.0,
918,sIDOLUSDT,149301,Spot,IDOL / USDT,,,,,,,USDT,,,,8,8,5,,,,IDOLUSDT is a IDOL/USDT spot trading pair. Minimum order value is 1 USDT,Listed,2500000,1749643800000,,,,,,,IDOL,0.001 IDOL,100000.0,0.00001 USDT,1000.0,3.0,2.0,1 USDT,100000000.0,"10,000,000 IDOL",1000000000000000.0,"500,000 USDT",50000000000000.0,0.001,100000.0,0.001,100000.0,,,150.0,50.0,
919,sCLOUDUSDT,149401,Spot,CLOUD / USDT,,,,,,,USDT,,,,8,8,5,,,,CLOUDUSDT is a CLOUD/USDT spot trading pair. Minimum order value is 1 USDT,Listed,1000000,1749722400000,,,,,,,CLOUD,0.01 CLOUD,1000000.0,0.00001 USDT,1000.0,2.0,2.0,1 USDT,100000000.0,"4,000,000 CLOUD",400000000000000.0,"500,000 USDT",50000000000000.0,0.001,100000.0,0.001,100000.0,,,150.0,50.0,
920,sLABUBUUSDT,149501,Spot,LABUBU / USDT,,,,,,,USDT,,,,8,8,5,,,,LABUBUUSDT is a LABUBU/USDT spot trading pair. Minimum order value is 1 USDT,Delisted,3125000,1749722400000,,,,,,,LABUBU,0.01 LABUBU,1000000.0,0.00001 USDT,1000.0,2.0,2.0,1 USDT,100000000.0,"12,500,000 LABUBU",1250000000000000.0,"500,000 USDT",50000000000000.0,0.001,100000.0,0.001,100000.0,,,150.0,50.0,
921,sCUDISUSDT,149901,Spot,CUDIS / USDT,,,,,,,USDT,,,,8,8,5,,,,CUDISUSDT is a CUDIS/USDT spot trading pair. Minimum order value is 1 USDT,Delisted,1562500,1756116600000,,,,,,,CUDIS,1 CUDIS,100000000.0,0.00001 USDT,1000.0,0.0,2.0,1 USDT,100000000.0,"6,250,000 CUDIS",625000000000000.0,"500,000 USDT",50000000000000.0,0.001,100000.0,0.001,100000.0,,,150.0,50.0,
922,sSPKUSDT,150001,Spot,SPK / USDT,,,,,,,USDT,,,,8,8,6,,,,SPKUSDT is a SPK/USDT spot trading pair. Minimum order value is 1 USDT,Listed,2500000,1750151400000,,,,,,,SPK,1 SPK,100000000.0,0.000001 USDT,100.0,0.0,2.0,1 USDT,100000000.0,"10,000,000 SPK",1000000000000000.0,"500,000 USDT",50000000000000.0,0.001,100000.0,0.001,100000.0,,,150.0,50.0,
923,sBRICUSDT,150501,Spot,BRIC / USDT,,,,,,,USDT,,,,8,8,5,,,,BRICUSDT is a BRIC/USDT spot trading pair. Minimum order value is 1 USDT,Delisted,5000000,1750672800000,,,,,,,BRIC,0.01 BRIC,1000000.0,0.00001 USDT,1000.0,2.0,2.0,1 USDT,100000000.0,"20,000,000 BRIC",2000000000000000.0,"500,000 USDT",50000000000000.0,0.001,100000.0,0.001,100000.0,,,150.0,50.0,
924,sNEWTUSDT,150701,Spot,NEWT / USDT,,,,,,,USDT,,,,8,8,4,,,,NEWTUSDT is a NEWT/USDT spot trading pair. Minimum order value is 1 USDT,Listed,500000,1750774200000,,,,,,,NEWT,0.01 NEWT,1000000.0,0.0001 USDT,10000.0,2.0,2.0,1 USDT,100000000.0,"2,000,000 NEWT",200000000000000.0,"500,000 USDT",50000000000000.0,0.001,100000.0,0.001,100000.0,,,150.0,50.0,
925,sDMCUSDT,150801,Spot,DMC / USDT,,,,,,,USDT,,,,8,8,6,,,,DMCUSDT is a DMC/USDT spot trading pair. Minimum order value is 1 USDT,Delisted,25000000,1750763400000,,,,,,,DMC,0.1 DMC,10000000.0,0.000001 USDT,100.0,1.0,2.0,1 USDT,100000000.0,"100,000,000 DMC",1e+16,"500,000 USDT",50000000000000.0,0.001,100000.0,0.001,100000.0,,,150.0,50.0,
926,sHUSDT,151101,Spot,H / USDT,,,,,,,USDT,,,,8,8,5,,,,HUSDT is a H/USDT spot trading pair. Minimum order value is 1 USDT,Listed,2500000,1750842600000,,,,,,,H,0.01 H,1000000.0,0.00001 USDT,1000.0,2.0,2.0,1 USDT,100000000.0,"10,000,000 H",1000000000000000.0,"500,000 USDT",50000000000000.0,0.001,100000.0,0.001,100000.0,,,150.0,50.0,
927,sCESSUSDT,151501,Spot,CESS / USDT,,,,,,,USDT,,,,8,8,5,,,,CESSUSDT is a CESS/USDT spot trading pair. Minimum order value is 1 USDT,Delisted,5000000,1750932600000,,,,,,,CESS,0.01 CESS,1000000.0,0.00001 USDT,1000.0,2.0,2.0,1 USDT,100000000.0,"20,000,000 CESS",2000000000000000.0,"500,000 USDT",50000000000000.0,0.001,100000.0,0.001,100000.0,,,150.0,50.0,
928,sSAHARAUSDT,151601,Spot,SAHARA / USDT,,,,,,,USDT,,,,8,8,5,,,,SAHARAUSDT is a SAHARA/USDT spot trading pair. Minimum order value is 1 USDT,Listed,5000000,1750939800000,,,,,,,SAHARA,0.01 SAHARA,1000000.0,0.00001 USDT,1000.0,2.0,2.0,1 USDT,100000000.0,"20,000,000 SAHARA",2000000000000000.0,"500,000 USDT",50000000000000.0,0.001,100000.0,0.001,100000.0,,,150.0,50.0,
929,sMOREUSDT,151901,Spot,MORE / USDT,,,,,,,USDT,,,,8,8,5,,,,MOREUSDT is a MORE/USDT spot trading pair. Minimum order value is 1 USDT,Delisted,500000,1751026200000,,,,,,,MORE,0.01 MORE,1000000.0,0.00001 USDT,1000.0,2.0,2.0,1 USDT,100000000.0,"2,000,000 MORE",200000000000000.0,"500,000 USDT",50000000000000.0,0.001,100000.0,0.001,100000.0,,,150.0,50.0,
930,sSOSOUSDT,152001,Spot,SOSO / USDT,,,,,,,USDT,,,,8,8,4,,,,SOSOUSDT is a SOSO/USDT spot trading pair. Minimum order value is 1 USDT,Listed,200000,1751277600000,,,,,,,SOSO,0.01 SOSO,1000000.0,0.0001 USDT,10000.0,2.0,2.0,1 USDT,100000000.0,"800,000 SOSO",80000000000000.0,"500,000 USDT",50000000000000.0,0.001,100000.0,0.001,100000.0,,,150.0,50.0,
931,sFRAGUSDT,152101,Spot,FRAG / USDT,,,,,,,USDT,,,,8,8,5,,,,FRAGUSDT is a FRAG/USDT spot trading pair. Minimum order value is 1 USDT,Delisted,625000,1751359200000,,,,,,,FRAG,0.01 FRAG,1000000.0,0.00001 USDT,1000.0,2.0,2.0,1 USDT,100000000.0,"2,500,000 FRAG",250000000000000.0,"500,000 USDT",50000000000000.0,0.001,100000.0,0.001,100000.0,,,150.0,50.0,
932,sBGSCUSDT,152701,Spot,BGSC / USDT,,,,,,,USDT,,,,8,8,6,,,,BGSCUSDT is a BGSC/USDT spot trading pair. Minimum order value is 1 USDT,Delisted,20000000,1751450400000,,,,,,,BGSC,0.1 BGSC,10000000.0,0.000001 USDT,100.0,1.0,2.0,1 USDT,100000000.0,"80,000,000 BGSC",8000000000000000.0,"500,000 USDT",50000000000000.0,0.001,100000.0,0.001,100000.0,,,150.0,50.0,
933,sEGL1USDT,152801,Spot,EGL1 / USDT,,,,,,,USDT,,,,8,8,5,,,,EGL1USDT is a EGL1/USDT spot trading pair. Minimum order value is 1 USDT,Delisted,2000000,1751450400000,,,,,,,EGL1,0.01 EGL1,1000000.0,0.00001 USDT,1000.0,2.0,2.0,1 USDT,100000000.0,"8,000,000 EGL1",800000000000000.0,"500,000 USDT",50000000000000.0,0.001,100000.0,0.001,100000.0,,,150.0,50.0,
934,sAAPLXUSDT,152901,Spot,AAPLX / USDT,,,,,,,USDT,,,,8,8,2,,,,AAPLXUSDT is a AAPLX/USDT spot trading pair. Minimum order value is 1 USDT,Listed,625,1751536800000,,,,,,,AAPLX,0.001 AAPLX,100000.0,0.01 USDT,1000000.0,3.0,2.0,1 USDT,100000000.0,"2,500 AAPLX",250000000000.0,"500,000 USDT",50000000000000.0,0.001,100000.0,0.001,100000.0,,,150.0,50.0,
935,sTSLAXUSDT,153001,Spot,TSLAX / USDT,,,,,,,USDT,,,,8,8,2,,,,TSLAXUSDT is a TSLAX/USDT spot trading pair. Minimum order value is 1 USDT,Listed,390,1751536800000,,,,,,,TSLAX,0.001 TSLAX,100000.0,0.01 USDT,1000000.0,3.0,2.0,1 USDT,100000000.0,"1,560 TSLAX",156000000000.0,"500,000 USDT",50000000000000.0,0.001,100000.0,0.001,100000.0,,,150.0,50.0,
936,sNVDAXUSDT,153101,Spot,NVDAX / USDT,,,,,,,USDT,,,,8,8,2,,,,NVDAXUSDT is a NVDAX/USDT spot trading pair. Minimum order value is 1 USDT,Listed,800,1751536800000,,,,,,,NVDAX,0.001 NVDAX,100000.0,0.01 USDT,1000000.0,3.0,2.0,1 USDT,100000000.0,"3,200 NVDAX",320000000000.0,"500,000 USDT",50000000000000.0,0.001,100000.0,0.001,100000.0,,,150.0,50.0,
937,sCOINXUSDT,153201,Spot,COINX / USDT,,,,,,,USDT,,,,8,8,2,,,,COINXUSDT is a COINX/USDT spot trading pair. Minimum order value is 1 USDT,Listed,375,1751536800000,,,,,,,COINX,0.001 COINX,100000.0,0.01 USDT,1000000.0,3.0,2.0,1 USDT,100000000.0,"1,500 COINX",150000000000.0,"500,000 USDT",50000000000000.0,0.001,100000.0,0.001,100000.0,,,150.0,50.0,
938,sICNTUSDT,153301,Spot,ICNT / USDT,,,,,,,USDT,,,,8,8,4,,,,ICNTUSDT is a ICNT/USDT spot trading pair. Minimum order value is 1 USDT,Listed,500000,1751537400000,,,,,,,ICNT,0.01 ICNT,1000000.0,0.0001 USDT,10000.0,2.0,2.0,1 USDT,100000000.0,"2,000,000 ICNT",200000000000000.0,"500,000 USDT",50000000000000.0,0.001,100000.0,0.001,100000.0,,,150.0,50.0,
939,sHOODXUSDT,153501,Spot,HOODX / USDT,,,,,,,USDT,,,,8,8,2,,,,HOODXUSDT is a HOODX/USDT spot trading pair. Minimum order value is 1 USDT,Listed,1250,1751623200000,,,,,,,HOODX,0.001 HOODX,100000.0,0.01 USDT,1000000.0,3.0,2.0,1 USDT,100000000.0,"5,000 HOODX",500000000000.0,"500,000 USDT",50000000000000.0,0.001,100000.0,0.001,100000.0,,,150.0,50.0,
940,sGOOGLXUSDT,153701,Spot,GOOGLX / USDT,,,,,,,USDT,,,,8,8,2,,,,GOOGLXUSDT is a GOOGLX/USDT spot trading pair. Minimum order value is 1 USDT,Listed,625,1751882400000,,,,,,,GOOGLX,0.0001 GOOGLX,10000.0,0.01 USDT,1000000.0,4.0,2.0,1 USDT,100000000.0,"2,500 GOOGLX",250000000000.0,"500,000 USDT",50000000000000.0,0.001,100000.0,0.001,100000.0,,,150.0,50.0,
941,sCRCLXUSDT,153801,Spot,CRCLX / USDT,,,,,,,USDT,,,,8,8,2,,,,CRCLXUSDT is a CRCLX/USDT spot trading pair. Minimum order value is 1 USDT,Listed,625,1751882400000,,,,,,,CRCLX,0.0001 CRCLX,10000.0,0.01 USDT,1000000.0,4.0,2.0,1 USDT,100000000.0,"2,500 CRCLX",250000000000.0,"500,000 USDT",50000000000000.0,0.001,100000.0,0.001,100000.0,,,150.0,50.0,
942,sMETAXUSDT,153901,Spot,METAX / USDT,,,,,,,USDT,,,,8,8,2,,,,METAXUSDT is a METAX/USDT spot trading pair. Minimum order value is 1 USDT,Listed,167,1751882400000,,,,,,,METAX,0.0001 METAX,10000.0,0.01 USDT,1000000.0,4.0,2.0,1 USDT,100000000.0,668 METAX,66800000000.0,"500,000 USDT",50000000000000.0,0.001,100000.0,0.001,100000.0,,,150.0,50.0,
943,sAINUSDT,154001,Spot,AIN / USDT,,,,,,,USDT,,,,8,8,5,,,,AINUSDT is a AIN/USDT spot trading pair. Minimum order value is 1 USDT,Listed,2000000,1751882400000,,,,,,,AIN,0.01 AIN,1000000.0,0.00001 USDT,1000.0,2.0,2.0,1 USDT,100000000.0,"8,000,000 AIN",800000000000000.0,"500,000 USDT",50000000000000.0,0.001,100000.0,0.001,100000.0,,,150.0,50.0,
944,sCROSSUSDT,154101,Spot,CROSS / USDT,,,,,,,USDT,,,,8,8,5,,,,CROSSUSDT is a CROSS/USDT spot trading pair. Minimum order value is 1 USDT,Listed,2000000,1751882400000,,,,,,,CROSS,0.01 CROSS,1000000.0,0.00001 USDT,1000.0,2.0,2.0,1 USDT,100000000.0,"8,000,000 CROSS",800000000000000.0,"500,000 USDT",50000000000000.0,0.001,100000.0,0.001,100000.0,,,150.0,50.0,
945,sECHOUSDT,154201,Spot,ECHO / USDT,,,,,,,USDT,,,,8,8,5,,,,ECHOUSDT is a ECHO/USDT spot trading pair. Minimum order value is 1 USDT,Delisted,2500000,1751882400000,,,,,,,ECHO,0.01 ECHO,1000000.0,0.00001 USDT,1000.0,2.0,2.0,1 USDT,100000000.0,"10,000,000 ECHO",1000000000000000.0,"500,000 USDT",50000000000000.0,0.001,100000.0,0.001,100000.0,,,150.0,50.0,
946,sAMZNXUSDT,154301,Spot,AMZNX / USDT,,,,,,,USDT,,,,8,8,2,,,,AMZNXUSDT is a AMZNX/USDT spot trading pair. Minimum order value is 1 USDT,Listed,500,1751968800000,,,,,,,AMZNX,0.0001 AMZNX,10000.0,0.01 USDT,1000000.0,4.0,2.0,1 USDT,100000000.0,"2,000 AMZNX",200000000000.0,"500,000 USDT",50000000000000.0,0.001,100000.0,0.001,100000.0,,,150.0,50.0,
947,sBOOMUSDT,154401,Spot,BOOM / USDT,,,,,,,USDT,,,,8,8,5,,,,BOOMUSDT is a BOOM/USDT spot trading pair. Minimum order value is 1 USDT,Delisted,5000000,1752055200000,,,,,,,BOOM,0.01 BOOM,1000000.0,0.00001 USDT,1000.0,2.0,2.0,1 USDT,100000000.0,"20,000,000 BOOM",2000000000000000.0,"500,000 USDT",50000000000000.0,0.001,100000.0,0.001,100000.0,,,150.0,50.0,
948,sRCADEUSDT,154501,Spot,RCADE / USDT,,,,,,,USDT,,,,8,8,6,,,,RCADEUSDT is a RCADE/USDT spot trading pair. Minimum order value is 1 USDT,Delisted,25000000,1752066600000,,,,,,,RCADE,0.1 RCADE,10000000.0,0.000001 USDT,100.0,1.0,2.0,1 USDT,100000000.0,"100,000,000 RCADE",1e+16,"500,000 USDT",50000000000000.0,0.001,100000.0,0.001,100000.0,,,150.0,50.0,
949,sTANSSIUSDT,154601,Spot,TANSSI / USDT,,,,,,,USDT,,,,8,8,5,,,,TANSSIUSDT is a TANSSI/USDT spot trading pair. Minimum order value is 1 USDT,Delisted,250000,1752059400000,,,,,,,TANSSI,0.01 TANSSI,1000000.0,0.00001 USDT,1000.0,2.0,2.0,1 USDT,100000000.0,"1,000,000 TANSSI",100000000000000.0,"500,000 USDT",50000000000000.0,0.001,100000.0,0.001,100000.0,,,150.0,50.0,
950,sVELVETUSDT,155001,Spot,VELVET / USDT,,,,,,,USDT,,,,8,8,5,,,,VELVETUSDT is a VELVET/USDT spot trading pair. Minimum order value is 1 USDT,Listed,2500000,1752490800000,,,,,,,VELVET,0.1 VELVET,10000000.0,0.00001 USDT,1000.0,1.0,2.0,1 USDT,100000000.0,"10,000,000 VELVET",1000000000000000.0,"500,000 USDT",50000000000000.0,0.001,100000.0,0.001,100000.0,,,150.0,50.0,
951,sUSELESSUSDT,155101,Spot,USELESS / USDT,,,,,,,USDT,,,,8,8,5,,,,USELESSUSDT is a USELESS/USDT spot trading pair. Minimum order value is 1 USDT,Listed,500000,1752490800000,,,,,,,USELESS,0.1 USELESS,10000000.0,0.00001 USDT,1000.0,1.0,2.0,1 USDT,100000000.0,"2,000,000 USELESS",200000000000000.0,"500,000 USDT",50000000000000.0,0.001,100000.0,0.001,100000.0,,,150.0,50.0,
952,sPUMPUSDT,155401,Spot,PUMP / USDT,,,,,,,USDT,,,,8,8,6,,,,PUMPUSDT is a PUMP/USDT spot trading pair. Minimum order value is 1 USDT,Listed,25000000,1752573600000,,,,,,,PUMP,1 PUMP,100000000.0,0.000001 USDT,100.0,0.0,2.0,1 USDT,100000000.0,"100,000,000 PUMP",1e+16,"500,000 USDT",50000000000000.0,0.001,100000.0,0.001,100000.0,,,150.0,50.0,
953,sVSNUSDT,155801,Spot,VSN / USDT,,,,,,,USDT,,,,8,8,5,,,,VSNUSDT is a VSN/USDT spot trading pair. Minimum order value is 1 USDT,Listed,5000000,1752667800000,,,,,,,VSN,0.1 VSN,10000000.0,0.00001 USDT,1000.0,1.0,2.0,1 USDT,100000000.0,"20,000,000 VSN",2000000000000000.0,"500,000 USDT",50000000000000.0,0.001,100000.0,0.001,100000.0,,,150.0,50.0,
954,sESUSDT,155901,Spot,ES / USDT,,,,,,,USDT,,,,8,8,5,,,,ESUSDT is a ES/USDT spot trading pair. Minimum order value is 1 USDT,Listed,500000,1752660600000,,,,,,,ES,0.1 ES,10000000.0,0.00001 USDT,1000.0,1.0,2.0,1 USDT,100000000.0,"2,000,000 ES",200000000000000.0,"500,000 USDT",50000000000000.0,0.001,100000.0,0.001,100000.0,,,150.0,50.0,
955,sCUSDT,156101,Spot,C / USDT,,,,,,,USDT,,,,8,8,4,,,,CUSDT is a C/USDT spot trading pair. Minimum order value is 1 USDT,Listed,500000,1752847800000,,,,,,,C,0.1 C,10000000.0,0.0001 USDT,10000.0,1.0,2.0,1 USDT,100000000.0,"2,000,000 C",200000000000000.0,"500,000 USDT",50000000000000.0,0.001,100000.0,0.001,100000.0,,,150.0,50.0,
956,sERAUSDT,156301,Spot,ERA / USDT,,,,,,,USDT,,,,8,8,4,,,,ERAUSDT is a ERA/USDT spot trading pair. Minimum order value is 1 USDT,Listed,500000,1752766800000,,,,,,,ERA,0.1 ERA,10000000.0,0.0001 USDT,10000.0,1.0,2.0,1 USDT,100000000.0,"2,000,000 ERA",200000000000000.0,"500,000 USDT",50000000000000.0,0.001,100000.0,0.001,100000.0,,,150.0,50.0,
957,sCSKYUSDT,156501,Spot,CSKY / USDT,,,,,,,USDT,,,,8,8,5,,,,CSKYUSDT is a CSKY/USDT spot trading pair. Minimum order value is 1 USDT,Delisted,500000,1753099800000,,,,,,,CSKY,1 CSKY,100000000.0,0.00001 USDT,1000.0,0.0,2.0,1 USDT,100000000.0,"2,000,000 CSKY",200000000000000.0,"500,000 USDT",50000000000000.0,0.001,100000.0,0.001,100000.0,,,150.0,50.0,
958,sTAKERUSDT,156601,Spot,TAKER / USDT,,,,,,,USDT,,,,8,8,5,,,,TAKERUSDT is a TAKER/USDT spot trading pair. Minimum order value is 1 USDT,Delisted,5000000,1753092000000,,,,,,,TAKER,0.1 TAKER,10000000.0,0.00001 USDT,1000.0,1.0,2.0,1 USDT,100000000.0,"20,000,000 TAKER",2000000000000000.0,"500,000 USDT",50000000000000.0,0.001,100000.0,0.001,100000.0,,,150.0,50.0,
959,sTAUSDT,156701,Spot,TA / USDT,,,,,,,USDT,,,,8,8,5,,,,TAUSDT is a TA/USDT spot trading pair. Minimum order value is 1 USDT,Listed,500000,1753089000000,,,,,,,TA,1 TA,100000000.0,0.00001 USDT,1000.0,0.0,2.0,1 USDT,100000000.0,"2,000,000 TA",200000000000000.0,"500,000 USDT",50000000000000.0,0.001,100000.0,0.001,100000.0,,,150.0,50.0,
960,sZKWASMUSDT,157001,Spot,ZKWASM / USDT,,,,,,,USDT,,,,8,8,5,,,,ZKWASMUSDT is a ZKWASM/USDT spot trading pair. Minimum order value is 1 USDT,Delisted,500000,1753186200000,,,,,,,ZKWASM,1 ZKWASM,100000000.0,0.00001 USDT,1000.0,0.0,2.0,1 USDT,100000000.0,"2,000,000 ZKWASM",200000000000000.0,"500,000 USDT",50000000000000.0,0.001,100000.0,0.001,100000.0,,,150.0,50.0,
961,sELPUSDT,157201,Spot,ELP / USDT,,,,,,,USDT,,,,8,8,5,,,,ELPUSDT is a ELP/USDT spot trading pair. Minimum order value is 1 USDT,Delisted,625000,1753359000000,,,,,,,ELP,1 ELP,100000000.0,0.00001 USDT,1000.0,0.0,2.0,1 USDT,100000000.0,"2,500,000 ELP",250000000000000.0,"500,000 USDT",50000000000000.0,0.001,100000.0,0.001,100000.0,,,150.0,50.0,
962,sYALAUSDT,157301,Spot,YALA / USDT,,,,,,,USDT,,,,8,8,4,,,,YALAUSDT is a YALA/USDT spot trading pair. Minimum order value is 1 USDT,Delisted,625000,1753351200000,,,,,,,YALA,0.1 YALA,10000000.0,0.0001 USDT,10000.0,1.0,2.0,1 USDT,100000000.0,"2,500,000 YALA",250000000000000.0,"500,000 USDT",50000000000000.0,0.001,100000.0,0.001,100000.0,,,150.0,50.0,
963,sEDGEUSDT,157401,Spot,EDGE / USDT,,,,,,,USDT,,,,8,8,5,,,,EDGEUSDT is a EDGE/USDT spot trading pair. Minimum order value is 1 USDT,Delisted,625000,1753351200000,,,,,,,EDGE,0.01 EDGE,1000000.0,0.00001 USDT,1000.0,2.0,2.0,1 USDT,100000000.0,"2,500,000 EDGE",250000000000000.0,"500,000 USDT",50000000000000.0,0.001,100000.0,0.001,100000.0,,,150.0,50.0,
964,sASPUSDT,157501,Spot,ASP / USDT,,,,,,,USDT,,,,8,8,5,,,,ASPUSDT is a ASP/USDT spot trading pair. Minimum order value is 1 USDT,Listed,625000,1753437600000,,,,,,,ASP,0.1 ASP,10000000.0,0.00001 USDT,1000.0,1.0,2.0,1 USDT,100000000.0,"2,500,000 ASP",250000000000000.0,"500,000 USDT",50000000000000.0,0.001,100000.0,0.001,100000.0,,,150.0,50.0,
965,sLNUSDT,157601,Spot,LN / USDT,,,,,,,USDT,,,,8,8,5,,,,LNUSDT is a LN/USDT spot trading pair. Minimum order value is 1 USDT,Delisted,5000000,1753696800000,,,,,,,LN,1 LN,100000000.0,0.00001 USDT,1000.0,0.0,2.0,1 USDT,100000000.0,"20,000,000 LN",2000000000000000.0,"500,000 USDT",50000000000000.0,0.001,100000.0,0.001,100000.0,,,150.0,50.0,
966,sTAGUSDT,157701,Spot,TAG / USDT,,,,,,,USDT,,,,8,8,7,,,,TAGUSDT is a TAG/USDT spot trading pair. Minimum order value is 1 USDT,Listed,250000000,1753696800000,,,,,,,TAG,1 TAG,100000000.0,0.0000001 USDT,10.0,0.0,2.0,1 USDT,100000000.0,"1,000,000,000 TAG",1e+17,"500,000 USDT",50000000000000.0,0.001,100000.0,0.001,100000.0,,,150.0,50.0,
967,sTREEUSDT,157901,Spot,TREE / USDT,,,,,,,USDT,,,,8,8,4,,,,TREEUSDT is a TREE/USDT spot trading pair. Minimum order value is 1 USDT,Listed,250000,1753798200000,,,,,,,TREE,0.1 TREE,10000000.0,0.0001 USDT,10000.0,1.0,2.0,1 USDT,100000000.0,"1,000,000 TREE",100000000000000.0,"500,000 USDT",50000000000000.0,0.001,100000.0,0.001,100000.0,,,150.0,50.0,
968,sDELABSUSDT,158001,Spot,DELABS / USDT,,,,,,,USDT,,,,8,8,5,,,,DELABSUSDT is a DELABS/USDT spot trading pair. Minimum order value is 1 USDT,Delisted,6250000,1753783200000,,,,,,,DELABS,1 DELABS,100000000.0,0.00001 USDT,1000.0,0.0,2.0,1 USDT,100000000.0,"25,000,000 DELABS",2500000000000000.0,"500,000 USDT",50000000000000.0,0.001,100000.0,0.001,100000.0,,,150.0,50.0,
969,sA2ZUSDT,158201,Spot,A2Z / USDT,,,,,,,USDT,,,,8,8,6,,,,A2ZUSDT is a A2Z/USDT spot trading pair. Minimum order value is 1 USDT,Delisted,25000000,1753866000000,,,,,,,A2Z,1 A2Z,100000000.0,0.000001 USDT,100.0,0.0,2.0,1 USDT,100000000.0,"100,000,000 A2Z",1e+16,"500,000 USDT",50000000000000.0,0.001,100000.0,0.001,100000.0,,,150.0,50.0,
970,sESPORTSUSDT,158301,Spot,ESPORTS / USDT,,,,,,,USDT,,,,8,8,5,,,,ESPORTSUSDT is a ESPORTS/USDT spot trading pair. Minimum order value is 1 USDT,Listed,1000000,1753869600000,,,,,,,ESPORTS,0.1 ESPORTS,10000000.0,0.00001 USDT,1000.0,1.0,2.0,1 USDT,100000000.0,"4,000,000 ESPORTS",400000000000000.0,"500,000 USDT",50000000000000.0,0.001,100000.0,0.001,100000.0,,,150.0,50.0,
971,sIKAUSDT,158401,Spot,IKA / USDT,,,,,,,USDT,,,,8,8,6,,,,IKAUSDT is a IKA/USDT spot trading pair. Minimum order value is 1 USDT,Listed,5000000,1753869600000,,,,,,,IKA,1 IKA,100000000.0,0.000001 USDT,100.0,0.0,2.0,1 USDT,100000000.0,"20,000,000 IKA",2000000000000000.0,"500,000 USDT",50000000000000.0,0.001,100000.0,0.001,100000.0,,,150.0,50.0,
972,sNAORISUSDT,158701,Spot,NAORIS / USDT,,,,,,,USDT,,,,8,8,5,,,,NAORISUSDT is a NAORIS/USDT spot trading pair. Minimum order value is 1 USDT,Listed,1250000,1753963800000,,,,,,,NAORIS,0.1 NAORIS,10000000.0,0.00001 USDT,1000.0,1.0,2.0,1 USDT,100000000.0,"5,000,000 NAORIS",500000000000000.0,"500,000 USDT",50000000000000.0,0.001,100000.0,0.001,100000.0,,,150.0,50.0,
973,sRHEAUSDT,158901,Spot,RHEA / USDT,,,,,,,USDT,,,,8,8,5,,,,RHEAUSDT is a RHEA/USDT spot trading pair. Minimum order value is 1 USDT,Listed,2500000,1754042400000,,,,,,,RHEA,1 RHEA,100000000.0,0.00001 USDT,1000.0,0.0,2.0,1 USDT,100000000.0,"10,000,000 RHEA",1000000000000000.0,"500,000 USDT",50000000000000.0,0.001,100000.0,0.001,100000.0,,,150.0,50.0,
974,sMCDXUSDT,159001,Spot,MCDX / USDT,,,,,,,USDT,,,,8,8,2,,,,MCDXUSDT is a MCDX/USDT spot trading pair. Minimum order value is 1 USDT,Listed,500,1754042400000,,,,,,,MCDX,0.001 MCDX,100000.0,0.01 USDT,1000000.0,3.0,2.0,1 USDT,100000000.0,"2,000 MCDX",200000000000.0,"500,000 USDT",50000000000000.0,0.001,100000.0,0.001,100000.0,,,150.0,50.0,
975,sPROVEUSDT,159301,Spot,PROVE / USDT,,,,,,,USDT,,,,8,8,4,,,,PROVEUSDT is a PROVE/USDT spot trading pair. Minimum order value is 1 USDT,Listed,250000,1754413800000,,,,,,,PROVE,0.01 PROVE,1000000.0,0.0001 USDT,10000.0,2.0,2.0,1 USDT,100000000.0,"1,000,000 PROVE",100000000000000.0,"500,000 USDT",50000000000000.0,0.001,100000.0,0.001,100000.0,,,150.0,50.0,
976,sTOWNSUSDT,159401,Spot,TOWNS / USDT,,,,,,,USDT,,,,8,8,5,,,,TOWNSUSDT is a TOWNS/USDT spot trading pair. Minimum order value is 1 USDT,Listed,5000000,1754404800000,,,,,,,TOWNS,0.1 TOWNS,10000000.0,0.00001 USDT,1000.0,1.0,2.0,1 USDT,100000000.0,"20,000,000 TOWNS",2000000000000000.0,"500,000 USDT",50000000000000.0,0.001,100000.0,0.001,100000.0,,,150.0,50.0,
977,sICEUSDT,159901,Spot,ICE / USDT,,,,,,,USDT,,,,8,8,6,,,,ICEUSDT is a ICE/USDT spot trading pair. Minimum order value is 1 USDT,Delisted,25000000,1754560800000,,,,,,,ICE,1 ICE,100000000.0,0.000001 USDT,100.0,0.0,2.0,1 USDT,100000000.0,"100,000,000 ICE",1e+16,"500,000 USDT",50000000000000.0,0.001,100000.0,0.001,100000.0,,,150.0,50.0,
978,sINUSDT,160001,Spot,IN / USDT,,,,,,,USDT,,,,8,8,5,,,,INUSDT is a IN/USDT spot trading pair. Minimum order value is 1 USDT,Listed,1250000,1754561400000,,,,,,,IN,0.01 IN,1000000.0,0.00001 USDT,1000.0,2.0,2.0,1 USDT,100000000.0,"5,000,000 IN",500000000000000.0,"500,000 USDT",50000000000000.0,0.001,100000.0,0.001,100000.0,,,150.0,50.0,
979,sBNKRUSDT,160401,Spot,BNKR / USDT,,,,,,,USDT,,,,8,8,7,,,,BNKRUSDT is a BNKR/USDT spot trading pair. Minimum order value is 1 USDT,Listed,125000000,1754647200000,,,,,,,BNKR,1 BNKR,1000000.0,0.0000001 USDT,10.0,0.0,2.0,1 USDT,100000000.0,"500,000,000 BNKR",500000000000000.0,"500,000 USDT",50000000000000.0,0.001,100000.0,0.001,100000.0,,,150.0,50.0,
980,sFIRUSDT,160501,Spot,FIR / USDT,,,,,,,USDT,,,,8,8,5,,,,FIRUSDT is a FIR/USDT spot trading pair. Minimum order value is 1 USDT,Delisted,1250000,1754651400000,,,,,,,FIR,1 FIR,100000000.0,0.00001 USDT,1000.0,0.0,2.0,1 USDT,100000000.0,"5,000,000 FIR",500000000000000.0,"500,000 USDT",50000000000000.0,0.001,100000.0,0.001,100000.0,,,150.0,50.0,
981,sBSUUSDT,160601,Spot,BSU / USDT,,,,,,,USDT,,,,8,8,5,,,,BSUUSDT is a BSU/USDT spot trading pair. Minimum order value is 1 USDT,Delisted,1562500,1754906400000,,,,,,,BSU,1 BSU,100000000.0,0.00001 USDT,1000.0,0.0,2.0,1 USDT,100000000.0,"6,250,000 BSU",625000000000000.0,"500,000 USDT",50000000000000.0,0.001,100000.0,0.001,100000.0,,,150.0,50.0,
982,sGAME2USDT,160701,Spot,GAME2 / USDT,,,,,,,USDT,,,,8,8,6,,,,GAME2USDT is a GAME2/USDT spot trading pair. Minimum order value is 1 USDT,Delisted,31250000,1754906400000,,,,,,,GAME2,1 GAME2,100000000.0,0.000001 USDT,100.0,0.0,2.0,1 USDT,100000000.0,"125,000,000 GAME2",1.25e+16,"500,000 USDT",50000000000000.0,0.001,100000.0,0.001,100000.0,,,150.0,50.0,
983,sXNYUSDT,160801,Spot,XNY / USDT,,,,,,,USDT,,,,8,8,6,,,,XNYUSDT is a XNY/USDT spot trading pair. Minimum order value is 1 USDT,Listed,15625000,1754906400000,,,,,,,XNY,1 XNY,100000000.0,0.000001 USDT,100.0,0.0,2.0,1 USDT,100000000.0,"62,500,000 XNY",6250000000000000.0,"500,000 USDT",50000000000000.0,0.001,100000.0,0.001,100000.0,,,150.0,50.0,
984,sSLAYUSDT,161101,Spot,SLAY / USDT,,,,,,,USDT,,,,8,8,5,,,,SLAYUSDT is a SLAY/USDT spot trading pair. Minimum order value is 1 USDT,Delisted,2500000,1754992800000,,,,,,,SLAY,1 SLAY,100000000.0,0.00001 USDT,1000.0,0.0,2.0,1 USDT,100000000.0,"10,000,000 SLAY",1000000000000000.0,"500,000 USDT",50000000000000.0,0.001,100000.0,0.001,100000.0,,,150.0,50.0,
985,sXCXUSDT,161201,Spot,XCX / USDT,,,,,,,USDT,,,,8,8,5,,,,XCXUSDT is a XCX/USDT spot trading pair. Minimum order value is 1 USDT,Delisted,1562500,1754992800000,,,,,,,XCX,1 XCX,100000000.0,0.00001 USDT,1000.0,0.0,2.0,1 USDT,100000000.0,"6,250,000 XCX",625000000000000.0,"500,000 USDT",50000000000000.0,0.001,100000.0,0.001,100000.0,,,150.0,50.0,
986,sURANUSUSDT,161301,Spot,URANUS / USDT,,,,,,,USDT,,,,8,8,5,,,,URANUSUSDT is a URANUS/USDT spot trading pair. Minimum order value is 1 USDT,Delisted,312500,1755079200000,,,,,,,URANUS,0.1 URANUS,10000000.0,0.00001 USDT,1000.0,1.0,2.0,1 USDT,100000000.0,"1,250,000 URANUS",125000000000000.0,"500,000 USDT",50000000000000.0,0.001,100000.0,0.001,100000.0,,,150.0,50.0,
987,sACAUSDT,161401,Spot,ACA / USDT,,,,,,,USDT,,,,8,8,4,,,,ACAUSDT is a ACA/USDT spot trading pair. Minimum order value is 1 USDT,Delisted,5000000,1755079200000,,,,,,,ACA,0.01 ACA,1000000.0,0.0001 USDT,10000.0,2.0,2.0,1 USDT,100000000.0,"20,000,000 ACA",2000000000000000.0,"500,000 USDT",50000000000000.0,0.001,100000.0,0.001,100000.0,,,150.0,50.0,
988,sWAIUSDT,161501,Spot,WAI / USDT,,,,,,,USDT,,,,8,8,5,,,,WAIUSDT is a WAI/USDT spot trading pair. Minimum order value is 1 USDT,Delisted,2500000,1755079200000,,,,,,,WAI,0.1 WAI,10000000.0,0.00001 USDT,1000.0,1.0,2.0,1 USDT,100000000.0,"10,000,000 WAI",1000000000000000.0,"500,000 USDT",50000000000000.0,0.001,100000.0,0.001,100000.0,,,150.0,50.0,
989,sAIBOTUSDT,161601,Spot,AIBOT / USDT,,,,,,,USDT,,,,8,8,5,,,,AIBOTUSDT is a AIBOT/USDT spot trading pair. Minimum order value is 1 USDT,Delisted,1250000,1755166500000,,,,,,,AIBOT,1 AIBOT,100000000.0,0.00001 USDT,1000.0,0.0,2.0,1 USDT,100000000.0,"5,000,000 AIBOT",500000000000000.0,"500,000 USDT",50000000000000.0,0.001,100000.0,0.001,100000.0,,,150.0,50.0,
990,sOVLUSDT,161701,Spot,OVL / USDT,,,,,,,USDT,,,,8,8,4,,,,OVLUSDT is a OVL/USDT spot trading pair. Minimum order value is 1 USDT,Delisted,50000,1755162600000,,,,,,,OVL,0.1 OVL,10000000.0,0.0001 USDT,10000.0,1.0,2.0,1 USDT,100000000.0,"200,000 OVL",20000000000000.0,"500,000 USDT",50000000000000.0,0.001,100000.0,0.001,100000.0,,,150.0,50.0,
991,sAIOUSDT,161901,Spot,AIO / USDT,,,,,,,USDT,,,,8,8,5,,,,AIOUSDT is a AIO/USDT spot trading pair. Minimum order value is 1 USDT,Listed,1562500,1755511200000,,,,,,,AIO,1 AIO,100000000.0,0.00001 USDT,1000.0,0.0,2.0,1 USDT,100000000.0,"6,250,000 AIO",625000000000000.0,"500,000 USDT",50000000000000.0,0.001,100000.0,0.001,100000.0,,,150.0,50.0,
992,sINSPUSDT,162001,Spot,INSP / USDT,,,,,,,USDT,,,,8,8,6,,,,INSPUSDT is a INSP/USDT spot trading pair. Minimum order value is 1 USDT,Listed,5000000,1755252000000,,,,,,,INSP,1 INSP,100000000.0,0.000001 USDT,100.0,0.0,2.0,1 USDT,100000000.0,"20,000,000 INSP",2000000000000000.0,"500,000 USDT",50000000000000.0,0.001,100000.0,0.001,100000.0,,,150.0,50.0,
993,sTCOMUSDT,162101,Spot,TCOM / USDT,,,,,,,USDT,,,,8,8,5,,,,TCOMUSDT is a TCOM/USDT spot trading pair. Minimum order value is 1 USDT,Listed,500000,1755263400000,,,,,,,TCOM,1 TCOM,100000000.0,0.00001 USDT,1000.0,0.0,2.0,1 USDT,100000000.0,"2,000,000 TCOM",200000000000000.0,"500,000 USDT",50000000000000.0,0.001,100000.0,0.001,100000.0,,,150.0,50.0,
994,sWILDUSDT,162201,Spot,WILD / USDT,,,,,,,USDT,,,,8,8,4,,,,WILDUSDT is a WILD/USDT spot trading pair. Minimum order value is 1 USDT,Delisted,250000,1755511200000,,,,,,,WILD,0.01 WILD,1000000.0,0.0001 USDT,10000.0,2.0,2.0,1 USDT,100000000.0,"1,000,000 WILD",100000000000000.0,"500,000 USDT",50000000000000.0,0.001,100000.0,0.001,100000.0,,,150.0,50.0,
995,sSAPIENUSDT,162301,Spot,SAPIEN / USDT,,,,,,,USDT,,,,8,8,5,,,,SAPIENUSDT is a SAPIEN/USDT spot trading pair. Minimum order value is 1 USDT,Listed,1250000,1756893600000,,,,,,,SAPIEN,1 SAPIEN,100000000.0,0.00001 USDT,1000.0,0.0,2.0,1 USDT,100000000.0,"5,000,000 SAPIEN",500000000000000.0,"500,000 USDT",50000000000000.0,0.001,100000.0,0.001,100000.0,,,150.0,50.0,
996,sYZYUSDT,162401,Spot,YZY / USDT,,,,,,,USDT,,,,8,8,4,,,,YZYUSDT is a YZY/USDT spot trading pair. Minimum order value is 1 USDT,Listed,125000,1755759600000,,,,,,,YZY,0.1 YZY,10000000.0,0.0001 USDT,10000.0,1.0,2.0,1 USDT,100000000.0,"500,000 YZY",50000000000000.0,"500,000 USDT",50000000000000.0,0.001,100000.0,0.001,100000.0,,,150.0,50.0,
997,sARIAUSDT,162501,Spot,ARIA / USDT,,,,,,,USDT,,,,8,8,5,,,,ARIAUSDT is a ARIA/USDT spot trading pair. Minimum order value is 1 USDT,Listed,500000,1755781800000,,,,,,,ARIA,1 ARIA,100000000.0,0.00001 USDT,1000.0,0.0,2.0,1 USDT,100000000.0,"2,000,000 ARIA",200000000000000.0,"500,000 USDT",50000000000000.0,0.001,100000.0,0.001,100000.0,,,150.0,50.0,
998,sUSDEUSDT,162701,Spot,USDE / USDT,,,,,,,USDT,,,,8,8,4,,,,USDEUSDT is a USDE/USDT spot trading pair. Minimum order value is 1 USDT,Listed,125000,1758625200000,,,,,,,USDE,0.01 USDE,1000000.0,0.0001 USDT,10000.0,2.0,2.0,1 USDT,100000000.0,"500,000 USDE",50000000000000.0,"500,000 USDT",50000000000000.0,0.001,100000.0,0.001,100000.0,,,150.0,50.0,
999,sJITOSOLUSDT,162801,Spot,JITOSOL / USDT,,,,,,,USDT,,,,8,8,2,,,,JITOSOLUSDT is a JITOSOL/USDT spot trading pair. Minimum order value is 1 USDT,Listed,625,1760522400000,,,,,,,JITOSOL,0.001 JITOSOL,100000.0,0.01 USDT,1000000.0,3.0,2.0,1 USDT,100000000.0,"2,500 JITOSOL",250000000000.0,"500,000 USDT",50000000000000.0,0.001,100000.0,0.001,100000.0,,,150.0,50.0,
1000,sXPINUSDT,162901,Spot,XPIN / USDT,,,,,,,USDT,,,,8,8,7,,,,XPINUSDT is a XPIN/USDT spot trading pair. Minimum order value is 1 USDT,Listed,50000000,1755871800000,,,,,,,XPIN,1 XPIN,100000000.0,0.0000001 USDT,10.0,0.0,2.0,1 USDT,100000000.0,"200,000,000 XPIN",2e+16,"500,000 USDT",50000000000000.0,0.001,100000.0,0.001,100000.0,,,150.0,50.0,
1001,sTOWNUSDT,163201,Spot,TOWN / USDT,,,,,,,USDT,,,,8,8,5,,,,TOWNUSDT is a TOWN/USDT spot trading pair. Minimum order value is 1 USDT,Delisted,2500000,1756199400000,,,,,,,TOWN,1 TOWN,100000000.0,0.00001 USDT,1000.0,0.0,2.0,1 USDT,100000000.0,"10,000,000 TOWN",1000000000000000.0,"500,000 USDT",50000000000000.0,0.001,100000.0,0.001,100000.0,,,150.0,50.0,
1002,sCAMPUSDT,163301,Spot,CAMP / USDT,,,,,,,USDT,,,,8,8,6,,,,CAMPUSDT is a CAMP/USDT spot trading pair. Minimum order value is 1 USDT,Listed,12500000,1756285800000,,,,,,,CAMP,1 CAMP,100000000.0,0.000001 USDT,100.0,0.0,2.0,1 USDT,100000000.0,"50,000,000 CAMP",5000000000000000.0,"500,000 USDT",50000000000000.0,0.001,100000.0,0.001,100000.0,,,150.0,50.0,
1003,sBERTUSDT,163401,Spot,BERT / USDT,,,,,,,USDT,,,,8,8,6,,,,BERTUSDT is a BERT/USDT spot trading pair. Minimum order value is 1 USDT,Listed,1562500,1756288800000,,,,,,,BERT,0.01 BERT,1000000.0,0.000001 USDT,100.0,2.0,2.0,1 USDT,100000000.0,"6,250,000 BERT",625000000000000.0,"500,000 USDT",50000000000000.0,0.001,100000.0,0.001,100000.0,,,150.0,50.0,
1004,sBTRUSDT,163501,Spot,BTR / USDT,,,,,,,USDT,,,,8,8,5,,,,BTRUSDT is a BTR/USDT spot trading pair. Minimum order value is 1 USDT,Listed,500000,1756293000000,,,,,,,BTR,0.1 BTR,10000000.0,0.00001 USDT,1000.0,1.0,2.0,1 USDT,100000000.0,"2,000,000 BTR",200000000000000.0,"500,000 USDT",50000000000000.0,0.001,100000.0,0.001,100000.0,,,150.0,50.0,
1005,sMITOUSDT,164001,Spot,MITO / USDT,,,,,,,USDT,,,,8,8,5,,,,MITOUSDT is a MITO/USDT spot trading pair. Minimum order value is 1 USDT,Listed,500000,1756482000000,,,,,,,MITO,0.1 MITO,10000000.0,0.00001 USDT,1000.0,1.0,2.0,1 USDT,100000000.0,"2,000,000 MITO",200000000000000.0,"500,000 USDT",50000000000000.0,0.001,100000.0,0.001,100000.0,,,150.0,50.0,
1006,sWODUSDT,164101,Spot,WOD / USDT,,,,,,,USDT,,,,8,8,5,,,,WODUSDT is a WOD/USDT spot trading pair. Minimum order value is 1 USDT,Delisted,2500000,1756720800000,,,,,,,WOD,0.01 WOD,1000000.0,0.00001 USDT,1000.0,2.0,2.0,1 USDT,100000000.0,"10,000,000 WOD",1000000000000000.0,"500,000 USDT",50000000000000.0,0.001,100000.0,0.001,100000.0,,,150.0,50.0,
1007,sAIOTUSDT,164201,Spot,AIOT / USDT,,,,,,,USDT,,,,8,8,4,,,,AIOTUSDT is a AIOT/USDT spot trading pair. Minimum order value is 1 USDT,Delisted,100000,1756720800000,,,,,,,AIOT,0.1 AIOT,10000000.0,0.0001 USDT,10000.0,1.0,2.0,1 USDT,100000000.0,"400,000 AIOT",40000000000000.0,"500,000 USDT",50000000000000.0,0.001,100000.0,0.001,100000.0,,,150.0,50.0,
1008,sWLFIUSDT,164301,Spot,WLFI / USDT,,,,,,,USDT,,,,8,8,4,,,,WLFIUSDT is a WLFI/USDT spot trading pair. Minimum order value is 1 USDT,Listed,500000,1756732200000,,,,,,,WLFI,0.1 WLFI,10000000.0,0.0001 USDT,10000.0,1.0,2.0,1 USDT,100000000.0,"2,000,000 WLFI",200000000000000.0,"500,000 USDT",50000000000000.0,0.001,100000.0,0.001,100000.0,,,150.0,50.0,
1009,sSOMIUSDT,164701,Spot,SOMI / USDT,,,,,,,USDT,,,,8,8,4,,,,SOMIUSDT is a SOMI/USDT spot trading pair. Minimum order value is 1 USDT,Listed,125000,1756824000000,,,,,,,SOMI,0.1 SOMI,10000000.0,0.0001 USDT,10000.0,1.0,2.0,1 USDT,100000000.0,"500,000 SOMI",50000000000000.0,"500,000 USDT",50000000000000.0,0.001,100000.0,0.001,100000.0,,,150.0,50.0,
1010,sQUSDT,164801,Spot,Q / USDT,,,,,,,USDT,,,,8,8,6,,,,QUSDT is a Q/USDT spot trading pair. Minimum order value is 1 USDT,Listed,5000000,1756800600000,,,,,,,Q,1 Q,100000000.0,0.000001 USDT,100.0,0.0,2.0,1 USDT,100000000.0,"20,000,000 Q",2000000000000000.0,"500,000 USDT",50000000000000.0,0.001,100000.0,0.001,100000.0,,,150.0,50.0,
1011,sFORESTUSDT,164901,Spot,FOREST / USDT,,,,,,,USDT,,,,8,8,5,,,,FORESTUSDT is a FOREST/USDT spot trading pair. Minimum order value is 1 USDT,Delisted,3125000,1756807200000,,,,,,,FOREST,1 FOREST,100000000.0,0.00001 USDT,1000.0,0.0,2.0,1 USDT,100000000.0,"12,500,000 FOREST",1250000000000000.0,"500,000 USDT",50000000000000.0,0.001,100000.0,0.001,100000.0,,,150.0,50.0,
1012,sPTBUSDT,165201,Spot,PTB / USDT,,,,,,,USDT,,,,8,8,7,,,,PTBUSDT is a PTB/USDT spot trading pair. Minimum order value is 1 USDT,Listed,12500000,1756905000000,,,,,,,PTB,1 PTB,100000000.0,0.0000001 USDT,10.0,0.0,2.0,1 USDT,100000000.0,"50,000,000 PTB",5000000000000000.0,"500,000 USDT",50000000000000.0,0.001,100000.0,0.001,100000.0,,,150.0,50.0,
1013,sNOBODYUSDT,165401,Spot,NOBODY / USDT,,,,,,,USDT,,,,8,8,5,,,,NOBODYUSDT is a NOBODY/USDT spot trading pair. Minimum order value is 1 USDT,Delisted,2500000,1756980600000,,,,,,,NOBODY,1 NOBODY,100000000.0,0.00001 USDT,1000.0,0.0,2.0,1 USDT,100000000.0,"10,000,000 NOBODY",1000000000000000.0,"500,000 USDT",50000000000000.0,0.001,100000.0,0.001,100000.0,,,150.0,50.0,
1014,sTAKEUSDT,165601,Spot,TAKE / USDT,,,,,,,USDT,,,,8,8,5,,,,TAKEUSDT is a TAKE/USDT spot trading pair. Minimum order value is 1 USDT,Listed,625000,1759230000000,,,,,,,TAKE,0.1 TAKE,10000000.0,0.00001 USDT,1000.0,1.0,2.0,1 USDT,100000000.0,"2,500,000 TAKE",250000000000000.0,"500,000 USDT",50000000000000.0,0.001,100000.0,0.001,100000.0,,,150.0,50.0,
1015,sSHARDSUSDT,165801,Spot,SHARDS / USDT,,,,,,,USDT,,,,8,8,5,,,,SHARDSUSDT is a SHARDS/USDT spot trading pair. Minimum order value is 1 USDT,Delisted,2500000,1757074200000,,,,,,,SHARDS,1 SHARDS,100000000.0,0.00001 USDT,1000.0,0.0,2.0,1 USDT,100000000.0,"10,000,000 SHARDS",1000000000000000.0,"500,000 USDT",50000000000000.0,0.001,100000.0,0.001,100000.0,,,150.0,50.0,
1016,sGATAUSDT,165901,Spot,GATA / USDT,,,,,,,USDT,,,,8,8,4,,,,GATAUSDT is a GATA/USDT spot trading pair. Minimum order value is 1 USDT,Delisted,2500000,1757066400000,,,,,,,GATA,0.1 GATA,10000000.0,0.0001 USDT,10000.0,1.0,2.0,1 USDT,100000000.0,"10,000,000 GATA",1000000000000000.0,"500,000 USDT",50000000000000.0,0.001,100000.0,0.001,100000.0,,,150.0,50.0,
1017,sNODEUSDT,166001,Spot,NODE / USDT,,,,,,,USDT,,,,8,8,5,,,,NODEUSDT is a NODE/USDT spot trading pair. Minimum order value is 1 USDT,Delisted,1562500,1757066400000,,,,,,,NODE,0.1 NODE,10000000.0,0.00001 USDT,1000.0,1.0,2.0,1 USDT,100000000.0,"6,250,000 NODE",625000000000000.0,"500,000 USDT",50000000000000.0,0.001,100000.0,0.001,100000.0,,,150.0,50.0,
1018,sUUSDT,166101,Spot,U / USDT,,,,,,,USDT,,,,8,8,5,,,,UUSDT is a U/USDT spot trading pair. Minimum order value is 1 USDT,Delisted,12500000,1757066400000,,,,,,,U,1 U,100000000.0,0.00001 USDT,1000.0,0.0,2.0,1 USDT,100000000.0,"50,000,000 U",5000000000000000.0,"500,000 USDT",50000000000000.0,0.001,100000.0,0.001,100000.0,,,150.0,50.0,
1019,sOPENUSDT,166301,Spot,OPEN / USDT,,,,,,,USDT,,,,8,8,4,,,,OPENUSDT is a OPEN/USDT spot trading pair. Minimum order value is 1 USDT,Listed,500000,1757337600000,,,,,,,OPEN,0.01 OPEN,1000000.0,0.0001 USDT,10000.0,2.0,2.0,1 USDT,100000000.0,"2,000,000 OPEN",200000000000000.0,"500,000 USDT",50000000000000.0,0.001,100000.0,0.001,100000.0,,,150.0,50.0,
1020,sMIRRORUSDT,166701,Spot,MIRROR / USDT,,,,,,,USDT,,,,8,8,5,,,,MIRRORUSDT is a MIRROR/USDT spot trading pair. Minimum order value is 1 USDT,Delisted,2500000,1757412000000,,,,,,,MIRROR,1 MIRROR,100000000.0,0.00001 USDT,1000.0,0.0,2.0,1 USDT,100000000.0,"10,000,000 MIRROR",1000000000000000.0,"500,000 USDT",50000000000000.0,0.001,100000.0,0.001,100000.0,,,150.0,50.0,
1021,sAVNTUSDT,166801,Spot,AVNT / USDT,,,,,,,USDT,,,,8,8,5,,,,AVNTUSDT is a AVNT/USDT spot trading pair. Minimum order value is 1 USDT,Listed,500000,1757427000000,,,,,,,AVNT,0.1 AVNT,10000000.0,0.00001 USDT,1000.0,1.0,2.0,1 USDT,100000000.0,"2,000,000 AVNT",200000000000000.0,"500,000 USDT",50000000000000.0,0.001,100000.0,0.001,100000.0,,,150.0,50.0,
1022,sARTUSDT,166901,Spot,ART / USDT,,,,,,,USDT,,,,8,8,5,,,,ARTUSDT is a ART/USDT spot trading pair. Minimum order value is 1 USDT,Delisted,500000,1757419800000,,,,,,,ART,0.1 ART,10000000.0,0.00001 USDT,1000.0,1.0,2.0,1 USDT,100000000.0,"2,000,000 ART",200000000000000.0,"500,000 USDT",50000000000000.0,0.001,100000.0,0.001,100000.0,,,150.0,50.0,
1023,sSWTCHUSDT,167201,Spot,SWTCH / USDT,,,,,,,USDT,,,,8,8,5,,,,SWTCHUSDT is a SWTCH/USDT spot trading pair. Minimum order value is 1 USDT,Delisted,1250000,1757498400000,,,,,,,SWTCH,0.1 SWTCH,10000000.0,0.00001 USDT,1000.0,1.0,2.0,1 USDT,100000000.0,"5,000,000 SWTCH",500000000000000.0,"500,000 USDT",50000000000000.0,0.001,100000.0,0.001,100000.0,,,150.0,50.0,
1024,sLINEAUSDT,167301,Spot,LINEA / USDT,,,,,,,USDT,,,,8,8,5,,,,LINEAUSDT is a LINEA/USDT spot trading pair. Minimum order value is 1 USDT,Listed,5000000,1757517000000,,,,,,,LINEA,1 LINEA,100000000.0,0.00001 USDT,1000.0,0.0,2.0,1 USDT,100000000.0,"20,000,000 LINEA",2000000000000000.0,"500,000 USDT",50000000000000.0,0.001,100000.0,0.001,100000.0,,,150.0,50.0,
1025,sSKYUSDT,167501,Spot,SKY / USDT,,,,,,,USDT,,,,8,8,5,,,,SKYUSDT is a SKY/USDT spot trading pair. Minimum order value is 1 USDT,Listed,1562500,1758099600000,,,,,,,SKY,0.1 SKY,10000000.0,0.00001 USDT,1000.0,1.0,2.0,1 USDT,100000000.0,"6,250,000 SKY",625000000000000.0,"500,000 USDT",50000000000000.0,0.001,100000.0,0.001,100000.0,,,150.0,50.0,5.0
1026,sHOLOUSDT,167601,Spot,HOLO / USDT,,,,,,,USDT,,,,8,8,4,,,,HOLOUSDT is a HOLO/USDT spot trading pair. Minimum order value is 1 USDT,Listed,500000,1757592600000,,,,,,,HOLO,0.1 HOLO,10000000.0,0.0001 USDT,10000.0,1.0,2.0,1 USDT,100000000.0,"2,000,000 HOLO",200000000000000.0,"500,000 USDT",50000000000000.0,0.001,100000.0,0.001,100000.0,,,150.0,50.0,
1027,sUBUSDT,167701,Spot,UB / USDT,,,,,,,USDT,,,,8,8,6,,,,UBUSDT is a UB/USDT spot trading pair. Minimum order value is 1 USDT,Listed,12500000,1757668200000,,,,,,,UB,1 UB,100000000.0,0.000001 USDT,100.0,0.0,2.0,1 USDT,100000000.0,"50,000,000 UB",5000000000000000.0,"500,000 USDT",50000000000000.0,0.001,100000.0,0.001,100000.0,,,150.0,50.0,
1028,sAAUSDT,168001,Spot,AA / USDT,,,,,,,USDT,,,,8,8,5,,,,AAUSDT is a AA/USDT spot trading pair. Minimum order value is 1 USDT,Delisted,1250000,1757930400000,,,,,,,AA,1 AA,100000000.0,0.00001 USDT,1000.0,0.0,2.0,1 USDT,100000000.0,"5,000,000 AA",500000000000000.0,"500,000 USDT",50000000000000.0,0.001,100000.0,0.001,100000.0,,,150.0,50.0,
1029,sZKCUSDT,168101,Spot,ZKC / USDT,,,,,,,USDT,,,,8,8,4,,,,ZKCUSDT is a ZKC/USDT spot trading pair. Minimum order value is 1 USDT,Listed,250000,1757945400000,,,,,,,ZKC,0.01 ZKC,1000000.0,0.0001 USDT,10000.0,2.0,2.0,1 USDT,100000000.0,"1,000,000 ZKC",100000000000000.0,"500,000 USDT",50000000000000.0,0.001,100000.0,0.001,100000.0,,,150.0,50.0,
1030,sPORTALSUSDT,168401,Spot,PORTALS / USDT,,,,,,,USDT,,,,8,8,5,,,,PORTALSUSDT is a PORTALS/USDT spot trading pair. Minimum order value is 1 USDT,Listed,1250000,1758024600000,,,,,,,PORTALS,0.1 PORTALS,10000000.0,0.00001 USDT,1000.0,1.0,2.0,1 USDT,100000000.0,"5,000,000 PORTALS",500000000000000.0,"500,000 USDT",50000000000000.0,0.001,100000.0,0.001,100000.0,,,150.0,50.0,
1031,sVLRUSDT,168501,Spot,VLR / USDT,,,,,,,USDT,,,,8,8,7,,,,VLRUSDT is a VLR/USDT spot trading pair. Minimum order value is 1 USDT,Delisted,5000000,1758103200000,,,,,,,VLR,1 VLR,100000000.0,0.0000001 USDT,10.0,0.0,2.0,1 USDT,100000000.0,"20,000,000 VLR",2000000000000000.0,"500,000 USDT",50000000000000.0,0.001,100000.0,0.001,100000.0,,,150.0,50.0,
1032,sBARDUSDT,168601,Spot,BARD / USDT,,,,,,,USDT,,,,8,8,4,,,,BARDUSDT is a BARD/USDT spot trading pair. Minimum order value is 1 USDT,Listed,125000,1758193800000,,,,,,,BARD,0.01 BARD,1000000.0,0.0001 USDT,10000.0,2.0,2.0,1 USDT,100000000.0,"500,000 BARD",50000000000000.0,"500,000 USDT",50000000000000.0,0.001,100000.0,0.001,100000.0,,,150.0,50.0,
1033,sAIAUSDT,168901,Spot,AIA / USDT,,,,,,,USDT,,,,8,8,5,,,,AIAUSDT is a AIA/USDT spot trading pair. Minimum order value is 1 USDT,Listed,312500,1766138400000,,,,,,,AIA,0.1 AIA,10000000.0,0.00001 USDT,1000.0,1.0,2.0,1 USDT,100000000.0,"5,000,000 AIA",500000000000000.0,"500,000 USDT",50000000000000.0,0.001,100000.0,0.001,100000.0,,,150.0,50.0,
1034,sSTBLUSDT,169001,Spot,STBL / USDT,,,,,,,USDT,,,,8,8,5,,,,STBLUSDT is a STBL/USDT spot trading pair. Minimum order value is 1 USDT,Listed,312500,1759053600000,,,,,,,STBL,0.1 STBL,10000000.0,0.00001 USDT,1000.0,1.0,2.0,1 USDT,100000000.0,"1,250,000 STBL",125000000000000.0,"500,000 USDT",50000000000000.0,0.001,100000.0,0.001,100000.0,,,150.0,50.0,
1035,sHEMIUSDT,169101,Spot,HEMI / USDT,,,,,,,USDT,,,,8,8,5,,,,HEMIUSDT is a HEMI/USDT spot trading pair. Minimum order value is 1 USDT,Listed,2500000,1758276000000,,,,,,,HEMI,1 HEMI,100000000.0,0.00001 USDT,1000.0,0.0,2.0,1 USDT,100000000.0,"10,000,000 HEMI",1000000000000000.0,"500,000 USDT",50000000000000.0,0.001,100000.0,0.001,100000.0,,,150.0,50.0,
1036,s0GUSDT,169201,Spot,0G / USDT,,,,,,,USDT,,,,8,8,3,,,,0GUSDT is a 0G/USDT spot trading pair. Minimum order value is 1 USDT,Listed,50000,1758535800000,,,,,,,0G,0.01 0G,1000000.0,0.001 USDT,100000.0,2.0,2.0,1 USDT,100000000.0,"200,000 0G",20000000000000.0,"500,000 USDT",50000000000000.0,0.001,100000.0,0.001,100000.0,,,150.0,50.0,
1037,sASTERUSDT,169301,Spot,ASTER / USDT,,,,,,,USDT,,,,8,8,4,,,,ASTERUSDT is a ASTER/USDT spot trading pair. Minimum order value is 1 USDT,Listed,100000,1758535200000,,,,,,,ASTER,0.1 ASTER,10000000.0,0.0001 USDT,10000.0,1.0,2.0,1 USDT,100000000.0,"400,000 ASTER",40000000000000.0,"500,000 USDT",50000000000000.0,0.001,100000.0,0.001,100000.0,,,150.0,50.0,
1038,sTRADOORUSDT,169501,Spot,TRADOOR / USDT,,,,,,,USDT,,,,8,8,4,,,,TRADOORUSDT is a TRADOOR/USDT spot trading pair. Minimum order value is 1 USDT,Listed,100000,1764756000000,,,,,,,TRADOOR,0.1 TRADOOR,10000000.0,0.0001 USDT,10000.0,1.0,2.0,1 USDT,100000000.0,"400,000 TRADOOR",40000000000000.0,"500,000 USDT",50000000000000.0,0.001,100000.0,0.001,100000.0,,,150.0,50.0,
1039,sXANUSDT,169701,Spot,XAN / USDT,,,,,,,USDT,,,,8,8,5,,,,XANUSDT is a XAN/USDT spot trading pair. Minimum order value is 1 USDT,Listed,5000000,1759143600000,,,,,,,XAN,1 XAN,100000000.0,0.00001 USDT,1000.0,0.0,2.0,1 USDT,100000000.0,"20,000,000 XAN",2000000000000000.0,"500,000 USDT",50000000000000.0,0.001,100000.0,0.001,100000.0,,,150.0,50.0,
1040,sBLESSUSDT,169801,Spot,BLESS / USDT,,,,,,,USDT,,,,8,8,6,,,,BLESSUSDT is a BLESS/USDT spot trading pair. Minimum order value is 1 USDT,Listed,1250000,1758794400000,,,,,,,BLESS,1 BLESS,100000000.0,0.000001 USDT,100.0,0.0,2.0,1 USDT,100000000.0,"5,000,000 BLESS",500000000000000.0,"500,000 USDT",50000000000000.0,0.001,100000.0,0.001,100000.0,,,150.0,50.0,
1041,sXPLUSDT,170001,Spot,XPL / USDT,,,,,,,USDT,,,,8,8,4,,,,XPLUSDT is a XPL/USDT spot trading pair. Minimum order value is 1 USDT,Listed,156250,1758805800000,,,,,,,XPL,0.01 XPL,1000000.0,0.0001 USDT,10000.0,2.0,2.0,1 USDT,100000000.0,"625,000 XPL",62500000000000.0,"500,000 USDT",50000000000000.0,0.001,100000.0,0.001,100000.0,,,150.0,50.0,
1042,sCOAIUSDT,170101,Spot,COAI / USDT,,,,,,,USDT,,,,8,8,4,,,,COAIUSDT is a COAI/USDT spot trading pair. Minimum order value is 1 USDT,Listed,25000,1760090400000,,,,,,,COAI,0.01 COAI,1000000.0,0.0001 USDT,10000.0,2.0,2.0,1 USDT,100000000.0,"100,000 COAI",10000000000000.0,"500,000 USDT",50000000000000.0,0.001,100000.0,0.001,100000.0,,,150.0,50.0,
1043,sMIRAUSDT,170301,Spot,MIRA / USDT,,,,,,,USDT,,,,8,8,4,,,,MIRAUSDT is a MIRA/USDT spot trading pair. Minimum order value is 1 USDT,Listed,250000,1758888600000,,,,,,,MIRA,0.1 MIRA,10000000.0,0.0001 USDT,10000.0,1.0,2.0,1 USDT,100000000.0,"1,000,000 MIRA",100000000000000.0,"500,000 USDT",50000000000000.0,0.001,100000.0,0.001,100000.0,,,150.0,50.0,
1044,sHANAUSDT,170401,Spot,HANA / USDT,,,,,,,USDT,,,,8,8,6,,,,HANAUSDT is a HANA/USDT spot trading pair. Minimum order value is 1 USDT,Listed,500000,1758892200000,,,,,,,HANA,1 HANA,100000000.0,0.000001 USDT,100.0,0.0,2.0,1 USDT,100000000.0,"2,000,000 HANA",200000000000000.0,"500,000 USDT",50000000000000.0,0.001,100000.0,0.001,100000.0,,,150.0,50.0,
1045,sLIGHTUSDT,170701,Spot,LIGHT / USDT,,,,,,,USDT,,,,8,8,4,,,,LIGHTUSDT is a LIGHT/USDT spot trading pair. Minimum order value is 1 USDT,Listed,156250,1759053600000,,,,,,,LIGHT,0.1 LIGHT,10000000.0,0.0001 USDT,10000.0,1.0,2.0,1 USDT,100000000.0,"625,000 LIGHT",62500000000000.0,"500,000 USDT",50000000000000.0,0.001,100000.0,0.001,100000.0,,,150.0,50.0,
1046,sNOMUSDT,170901,Spot,NOM / USDT,,,,,,,USDT,,,,8,8,5,,,,NOMUSDT is a NOM/USDT spot trading pair. Minimum order value is 1 USDT,Listed,2500000,1759309200000,,,,,,,NOM,1 NOM,100000000.0,0.00001 USDT,1000.0,0.0,2.0,1 USDT,100000000.0,"10,000,000 NOM",1000000000000000.0,"500,000 USDT",50000000000000.0,0.001,100000.0,0.001,100000.0,,,150.0,50.0,
1047,sFFUSDT,171001,Spot,FF / USDT,,,,,,,USDT,,,,8,8,5,,,,FFUSDT is a FF/USDT spot trading pair. Minimum order value is 1 USDT,Listed,2500000,1759153200000,,,,,,,FF,0.1 FF,10000000.0,0.00001 USDT,1000.0,1.0,2.0,1 USDT,100000000.0,"10,000,000 FF",1000000000000000.0,"500,000 USDT",50000000000000.0,0.001,100000.0,0.001,100000.0,,,150.0,50.0,
1048,sVFYUSDT,171301,Spot,VFY / USDT,,,,,,,USDT,,,,8,8,5,,,,VFYUSDT is a VFY/USDT spot trading pair. Minimum order value is 1 USDT,Listed,500000,1759234200000,,,,,,,VFY,1 VFY,100000000.0,0.00001 USDT,1000.0,0.0,2.0,1 USDT,100000000.0,"2,000,000 VFY",200000000000000.0,"500,000 USDT",50000000000000.0,0.001,100000.0,0.001,100000.0,,,150.0,50.0,
1049,sEDENUSDT,171401,Spot,EDEN / USDT,,,,,,,USDT,,,,8,8,4,,,,EDENUSDT is a EDEN/USDT spot trading pair. Minimum order value is 1 USDT,Listed,250000,1759230600000,,,,,,,EDEN,0.1 EDEN,10000000.0,0.0001 USDT,10000.0,1.0,2.0,1 USDT,100000000.0,"1,000,000 EDEN",100000000000000.0,"500,000 USDT",50000000000000.0,0.001,100000.0,0.001,100000.0,,,150.0,50.0,
1050,s2ZUSDT,171801,Spot,2Z / USDT,,,,,,,USDT,,,,8,8,5,,,,2ZUSDT is a 2Z/USDT spot trading pair. Minimum order value is 1 USDT,Listed,2500000,1759410600000,,,,,,,2Z,0.1 2Z,10000000.0,0.00001 USDT,1000.0,1.0,2.0,1 USDT,100000000.0,"10,000,000 2Z",1000000000000000.0,"500,000 USDT",50000000000000.0,0.001,100000.0,0.001,100000.0,,,150.0,50.0,
1051,sEVAAUSDT,171901,Spot,EVAA / USDT,,,,,,,USDT,,,,8,8,4,,,,EVAAUSDT is a EVAA/USDT spot trading pair. Minimum order value is 1 USDT,Listed,31250,1760004000000,,,,,,,EVAA,0.1 EVAA,10000000.0,0.0001 USDT,10000.0,1.0,2.0,1 USDT,100000000.0,"125,000 EVAA",12500000000000.0,"500,000 USDT",50000000000000.0,0.001,100000.0,0.001,100000.0,,,150.0,50.0,
1052,sKGENUSDT,172101,Spot,KGEN / USDT,,,,,,,USDT,,,,8,8,5,,,,KGENUSDT is a KGEN/USDT spot trading pair. Minimum order value is 1 USDT,Listed,500000,1760004000000,,,,,,,KGEN,0.1 KGEN,10000000.0,0.00001 USDT,1000.0,1.0,2.0,1 USDT,100000000.0,"2,000,000 KGEN",200000000000000.0,"500,000 USDT",50000000000000.0,0.001,100000.0,0.001,100000.0,,,150.0,50.0,
1053,sPUSDT,172301,Spot,P / USDT,,,,,,,USDT,,,,8,8,6,,,,PUSDT is a P/USDT spot trading pair. Minimum order value is 1 USDT,Delisted,1562500,1760004000000,,,,,,,P,0.1 P,10000000.0,0.000001 USDT,100.0,1.0,2.0,1 USDT,100000000.0,"6,250,000 P",625000000000000.0,"500,000 USDT",50000000000000.0,0.001,100000.0,0.001,100000.0,,,150.0,50.0,
1054,sPIPEUSDT,172401,Spot,PIPE / USDT,,,,,,,USDT,,,,8,8,5,,,,PIPEUSDT is a PIPE/USDT spot trading pair. Minimum order value is 1 USDT,Delisted,500000,1760004000000,,,,,,,PIPE,0.1 PIPE,10000000.0,0.00001 USDT,1000.0,1.0,2.0,1 USDT,100000000.0,"2,000,000 PIPE",200000000000000.0,"500,000 USDT",50000000000000.0,0.001,100000.0,0.001,100000.0,,,150.0,50.0,
1055,sGIGGLEUSDT,172501,Spot,GIGGLE / USDT,,,,,,,USDT,,,,8,8,2,,,,GIGGLEUSDT is a GIGGLE/USDT spot trading pair. Minimum order value is 1 USDT,Listed,1250,1760623800000,,,,,,,GIGGLE,0.001 GIGGLE,100000.0,0.01 USDT,1000000.0,3.0,2.0,1 USDT,100000000.0,"5,000 GIGGLE",500000000000.0,"500,000 USDT",50000000000000.0,0.001,100000.0,0.001,100000.0,,,150.0,50.0,
1056,sMETUSDT,172701,Spot,MET / USDT,,,,,,,USDT,,,,8,8,4,,,,METUSDT is a MET/USDT spot trading pair. Minimum order value is 1 USDT,Listed,500000,1761228600000,,,,,,,MET,0.1 MET,10000000.0,0.0001 USDT,10000.0,1.0,2.0,1 USDT,100000000.0,"625,000 MET",62500000000000.0,"500,000 USDT",50000000000000.0,0.001,100000.0,0.001,100000.0,,,150.0,50.0,
1057,sEULUSDT,172801,Spot,EUL / USDT,,,,,,,USDT,,,,8,8,3,,,,EULUSDT is a EUL/USDT spot trading pair. Minimum order value is 1 USDT,Listed,12500,1760366400000,,,,,,,EUL,0.001 EUL,100000.0,0.001 USDT,100000.0,3.0,2.0,1 USDT,100000000.0,"50,000 EUL",5000000000000.0,"500,000 USDT",50000000000000.0,0.001,100000.0,0.001,100000.0,,,150.0,50.0,
1058,sENSOUSDT,172901,Spot,ENSO / USDT,,,,,,,USDT,,,,8,8,3,,,,ENSOUSDT is a ENSO/USDT spot trading pair. Minimum order value is 1 USDT,Listed,31250,1760433000000,,,,,,,ENSO,0.001 ENSO,100000.0,0.001 USDT,100000.0,3.0,2.0,1 USDT,100000000.0,"125,000 ENSO",12500000000000.0,"500,000 USDT",50000000000000.0,0.001,100000.0,0.001,100000.0,,,150.0,50.0,
1059,sLABUSDT,173001,Spot,LAB / USDT,,,,,,,USDT,,,,8,8,5,,,,LABUSDT is a LAB/USDT spot trading pair. Minimum order value is 1 USDT,Listed,125000,1760443800000,,,,,,,LAB,1 LAB,100000000.0,0.00001 USDT,1000.0,0.0,2.0,1 USDT,100000000.0,"500,000 LAB",50000000000000.0,"500,000 USDT",50000000000000.0,0.001,100000.0,0.001,100000.0,,,150.0,50.0,
1060,sYBUSDT,173301,Spot,YB / USDT,,,,,,,USDT,,,,8,8,4,,,,YBUSDT is a YB/USDT spot trading pair. Minimum order value is 1 USDT,Listed,125000,1760526600000,,,,,,,YB,0.01 YB,1000000.0,0.0001 USDT,10000.0,2.0,2.0,1 USDT,100000000.0,"500,000 YB",50000000000000.0,"500,000 USDT",50000000000000.0,0.001,100000.0,0.001,100000.0,,,150.0,50.0,
1061,sRECALLUSDT,173401,Spot,RECALL / USDT,,,,,,,USDT,,,,8,8,4,,,,RECALLUSDT is a RECALL/USDT spot trading pair. Minimum order value is 1 USDT,Listed,250000,1760608800000,,,,,,,RECALL,0.1 RECALL,10000000.0,0.0001 USDT,10000.0,1.0,2.0,1 USDT,100000000.0,"1,000,000 RECALL",100000000000000.0,"500,000 USDT",50000000000000.0,0.001,100000.0,0.001,100000.0,,,150.0,50.0,
1062,sZBTUSDT,173701,Spot,ZBT / USDT,,,,,,,USDT,,,,8,8,5,,,,ZBTUSDT is a ZBT/USDT spot trading pair. Minimum order value is 1 USDT,Listed,500000,1760706600000,,,,,,,ZBT,1 ZBT,100000000.0,0.00001 USDT,1000.0,0.0,2.0,1 USDT,100000000.0,"2,000,000 ZBT",200000000000000.0,"500,000 USDT",50000000000000.0,0.001,100000.0,0.001,100000.0,,,150.0,50.0,
1063,sRVVUSDT,173901,Spot,RVV / USDT,,,,,,,USDT,,,,8,8,6,,,,RVVUSDT is a RVV/USDT spot trading pair. Minimum order value is 1 USDT,Delisted,15625000,1761904800000,,,,,,,RVV,1 RVV,100000000.0,0.000001 USDT,100.0,0.0,2.0,1 USDT,100000000.0,"62,500,000 RVV",6250000000000000.0,"500,000 USDT",50000000000000.0,0.001,100000.0,0.001,100000.0,,,150.0,50.0,
1064,sBLUAIUSDT,174201,Spot,BLUAI / USDT,,,,,,,USDT,,,,8,8,6,,,,BLUAIUSDT is a BLUAI/USDT spot trading pair. Minimum order value is 1 USDT,Listed,2500000,1761048600000,,,,,,,BLUAI,1 BLUAI,100000000.0,0.000001 USDT,100.0,0.0,2.0,1 USDT,100000000.0,"10,000,000 BLUAI",1000000000000000.0,"500,000 USDT",50000000000000.0,0.001,100000.0,0.001,100000.0,,,150.0,50.0,
1065,sTURTLEUSDT,174401,Spot,TURTLE / USDT,,,,,,,USDT,,,,8,8,5,,,,TURTLEUSDT is a TURTLE/USDT spot trading pair. Minimum order value is 1 USDT,Listed,625000,1761224400000,,,,,,,TURTLE,0.1 TURTLE,10000000.0,0.00001 USDT,1000.0,1.0,2.0,1 USDT,100000000.0,"2,500,000 TURTLE",250000000000000.0,"500,000 USDT",50000000000000.0,0.001,100000.0,0.001,100000.0,,,150.0,50.0,
1066,sONUSDT,174501,Spot,ON / USDT,,,,,,,USDT,,,,8,8,5,,,,ONUSDT is a ON/USDT spot trading pair. Minimum order value is 1 USDT,Listed,500000,1761300600000,,,,,,,ON,0.1 ON,10000000.0,0.00001 USDT,1000.0,1.0,2.0,1 USDT,100000000.0,"2,000,000 ON",200000000000000.0,"500,000 USDT",50000000000000.0,0.001,100000.0,0.001,100000.0,,,150.0,50.0,
1067,sTCU29USDT,174701,Spot,TCU29 / USDT,,,,,,,USDT,,,,8,8,3,,,,TCU29USDT is a TCU29/USDT spot trading pair. Minimum order value is 1 USDT,Listed,1250000,1761818400000,,,,,,,TCU29,0.1 TCU29,10000000.0,0.001 USDT,100000.0,1.0,2.0,1 USDT,100000000.0,"100,000 TCU29",10000000000000.0,"500,000 USDT",50000000000000.0,0.001,100000.0,0.001,100000.0,,,150.0,50.0,
1068,sSYNDUSDT,174801,Spot,SYND / USDT,,,,,,,USDT,,,,8,8,5,,,,SYNDUSDT is a SYND/USDT spot trading pair. Minimum order value is 1 USDT,Listed,500000,1761559200000,,,,,,,SYND,0.1 SYND,10000000.0,0.00001 USDT,1000.0,1.0,2.0,1 USDT,100000000.0,"2,000,000 SYND",200000000000000.0,"500,000 USDT",50000000000000.0,0.001,100000.0,0.001,100000.0,,,150.0,50.0,
1069,sCOMMONUSDT,174901,Spot,COMMON / USDT,,,,,,,USDT,,,,8,8,5,,,,COMMONUSDT is a COMMON/USDT spot trading pair. Minimum order value is 1 USDT,Delisted,5000000,1761570600000,,,,,,,COMMON,1 COMMON,100000000.0,0.00001 USDT,1000.0,0.0,2.0,1 USDT,100000000.0,"20,000,000 COMMON",2000000000000000.0,"500,000 USDT",50000000000000.0,0.001,100000.0,0.001,100000.0,,,150.0,50.0,
1070,sSLERFUSDT,175101,Spot,SLERF / USDT,,,,,,,USDT,,,,8,8,5,,,,SLERFUSDT is a SLERF/USDT spot trading pair. Minimum order value is 1 USDT,Delisted,12500000,1761656400000,,,,,,,SLERF,0.01 SLERF,1000000.0,0.00001 USDT,1000.0,2.0,2.0,1 USDT,100000000.0,"50,000,000 SLERF",5000000000000000.0,"500,000 USDT",50000000000000.0,0.001,100000.0,0.001,100000.0,,,150.0,50.0,
1071,sUXLINKUSDT,175201,Spot,UXLINK / USDT,,,,,,,USDT,,,,8,8,5,,,,UXLINKUSDT is a UXLINK/USDT spot trading pair. Minimum order value is 1 USDT,Delisted,2500000,1761656400000,,,,,,,UXLINK,0.01 UXLINK,1000000.0,0.00001 USDT,1000.0,2.0,2.0,1 USDT,100000000.0,"10,000,000 UXLINK",1000000000000000.0,"500,000 USDT",50000000000000.0,0.001,100000.0,0.001,100000.0,,,150.0,50.0,
1072,sATUSDT,175301,Spot,AT / USDT,,,,,,,USDT,,,,8,8,4,,,,ATUSDT is a AT/USDT spot trading pair. Minimum order value is 1 USDT,Listed,312500,1761732000000,,,,,,,AT,0.01 AT,1000000.0,0.0001 USDT,10000.0,2.0,2.0,1 USDT,100000000.0,"1,250,000 AT",125000000000000.0,"500,000 USDT",50000000000000.0,0.001,100000.0,0.001,100000.0,,,150.0,50.0,
1073,sPIGGYUSDT,175401,Spot,PIGGY / USDT,,,,,,,USDT,,,,8,8,4,,,,PIGGYUSDT is a PIGGY/USDT spot trading pair. Minimum order value is 1 USDT,Listed,100000,1761732000000,,,,,,,PIGGY,0.01 PIGGY,1000000.0,0.0001 USDT,10000.0,2.0,2.0,1 USDT,100000000.0,"400,000 PIGGY",40000000000000.0,"500,000 USDT",50000000000000.0,0.001,100000.0,0.001,100000.0,,,150.0,50.0,
1074,sBOSUSDT,175501,Spot,BOS / USDT,,,,,,,USDT,,,,8,8,6,,,,BOSUSDT is a BOS/USDT spot trading pair. Minimum order value is 1 USDT,Delisted,12500000,1761818400000,,,,,,,BOS,1 BOS,100000000.0,0.000001 USDT,100.0,0.0,2.0,1 USDT,100000000.0,"50,000,000 BOS",5000000000000000.0,"500,000 USDT",50000000000000.0,0.001,100000.0,0.001,100000.0,,,150.0,50.0,
1075,sBELIEVEUSDT,175601,Spot,BELIEVE / USDT,,,,,,,USDT,,,,8,8,6,,,,BELIEVEUSDT is a BELIEVE/USDT spot trading pair. Minimum order value is 1 USDT,Listed,2500000,1761807600000,,,,,,,BELIEVE,1 BELIEVE,100000000.0,0.000001 USDT,100.0,0.0,2.0,1 USDT,100000000.0,"10,000,000 BELIEVE",1000000000000000.0,"500,000 USDT",50000000000000.0,0.001,100000.0,0.001,100000.0,,,150.0,50.0,
1076,sMONUSDT,175701,Spot,MON / USDT,,,,,,,USDT,,,,8,8,5,,,,MONUSDT is a MON/USDT spot trading pair. Minimum order value is 1 USDT,Listed,5000000,1763997000000,,,,,,,MON,0.1 MON,10000000.0,0.00001 USDT,1000.0,1.0,2.0,1 USDT,100000000.0,"20,000,000 MON",2000000000000000.0,"500,000 USDT",50000000000000.0,0.001,100000.0,0.001,100000.0,,,150.0,50.0,
1077,sMMTUSDT,176001,Spot,MMT / USDT,,,,,,,USDT,,,,8,8,4,,,,MMTUSDT is a MMT/USDT spot trading pair. Minimum order value is 1 USDT,Listed,250000,1762258200000,,,,,,,MMT,0.1 MMT,10000000.0,0.0001 USDT,10000.0,1.0,2.0,1 USDT,100000000.0,"1,250,000 MMT",125000000000000.0,"500,000 USDT",50000000000000.0,0.001,100000.0,0.001,100000.0,,,150.0,50.0,
1078,sMEGAUSDT,176101,Spot,MEGA / USDT,,,,,,,USDT,,,,8,8,5,,,,MEGAUSDT is a MEGA/USDT spot trading pair. Minimum order value is 1 USDT,Listed,1250000,1770631200000,,,,,,,MEGA,1 MEGA,100000000.0,0.00001 USDT,1000.0,0.0,2.0,1 USDT,100000000.0,"3,802,568 MEGA",380256800000000.0,"500,000 USDT",50000000000000.0,0.001,100000.0,0.001,100000.0,,,150.0,50.0,
1079,sKITEUSDT,176201,Spot,KITE / USDT,,,,,,,USDT,,,,8,8,4,,,,KITEUSDT is a KITE/USDT spot trading pair. Minimum order value is 1 USDT,Listed,1000000,1762175400000,,,,,,,KITE,0.1 KITE,10000000.0,0.0001 USDT,10000.0,1.0,2.0,1 USDT,100000000.0,"4,000,000 KITE",400000000000000.0,"500,000 USDT",50000000000000.0,0.001,100000.0,0.001,100000.0,,,150.0,50.0,
1080,sCCUSDT,176301,Spot,CC / USDT,,,,,,,USDT,,,,8,8,5,,,,CCUSDT is a CC/USDT spot trading pair. Minimum order value is 1 USDT,Listed,1250000,1762758600000,,,,,,,CC,1 CC,100000000.0,0.00001 USDT,1000.0,0.0,2.0,1 USDT,100000000.0,"5,000,000 CC",500000000000000.0,"500,000 USDT",50000000000000.0,0.001,100000.0,0.001,100000.0,,,150.0,50.0,
1081,sTRUSTUSDT,176401,Spot,TRUST / USDT,,,,,,,USDT,,,,8,8,5,,,,TRUSTUSDT is a TRUST/USDT spot trading pair. Minimum order value is 1 USDT,Listed,500000,1762337400000,,,,,,,TRUST,0.1 TRUST,10000000.0,0.00001 USDT,1000.0,1.0,2.0,1 USDT,100000000.0,"2,000,000 TRUST",200000000000000.0,"500,000 USDT",50000000000000.0,0.001,100000.0,0.001,100000.0,,,150.0,50.0,
1082,sUAIUSDT,176601,Spot,UAI / USDT,,,,,,,USDT,,,,8,8,5,,,,UAIUSDT is a UAI/USDT spot trading pair. Minimum order value is 1 USDT,Listed,500000,1762434600000,,,,,,,UAI,0.1 UAI,10000000.0,0.00001 USDT,1000.0,1.0,2.0,1 USDT,100000000.0,"2,000,000 UAI",200000000000000.0,"500,000 USDT",50000000000000.0,0.001,100000.0,0.001,100000.0,,,150.0,50.0,
1083,sSTABLEUSDT,176901,Spot,STABLE / USDT,,,,,,,USDT,,,,8,8,5,,,,STABLEUSDT is a STABLE/USDT spot trading pair. Minimum order value is 1 USDT,Listed,5000000,1765199400000,,,,,,,STABLE,0.1 STABLE,10000000.0,0.00001 USDT,1000.0,1.0,2.0,1 USDT,100000000.0,"20,000,000 STABLE",2000000000000000.0,"500,000 USDT",50000000000000.0,0.001,100000.0,0.001,100000.0,,,150.0,50.0,
1084,sARIAIPUSDT,177001,Spot,ARIAIP / USDT,,,,,,,USDT,,,,8,8,5,,,,ARIAIPUSDT is a ARIAIP/USDT spot trading pair. Minimum order value is 1 USDT,Listed,1250000,1762768800000,,,,,,,ARIAIP,0.1 ARIAIP,10000000.0,0.00001 USDT,1000.0,1.0,2.0,1 USDT,100000000.0,"5,000,000 ARIAIP",500000000000000.0,"500,000 USDT",50000000000000.0,0.001,100000.0,0.001,100000.0,,,150.0,50.0,
1085,sALLOUSDT,177401,Spot,ALLO / USDT,,,,,,,USDT,,,,8,8,4,,,,ALLOUSDT is a ALLO/USDT spot trading pair. Minimum order value is 1 USDT,Listed,500000,1762870200000,,,,,,,ALLO,0.1 ALLO,10000000.0,0.0001 USDT,10000.0,1.0,2.0,1 USDT,100000000.0,"2,000,000 ALLO",200000000000000.0,"500,000 USDT",50000000000000.0,0.001,100000.0,0.001,100000.0,,,150.0,50.0,
1086,sELIZAOSUSDT,177501,Spot,ELIZAOS / USDT,,,,,,,USDT,,,,8,8,6,,,,ELIZAOSUSDT is a ELIZAOS/USDT spot trading pair. Minimum order value is 1 USDT,Listed,12500000,1762930800000,,,,,,,ELIZAOS,1 ELIZAOS,100000000.0,0.000001 USDT,100.0,0.0,2.0,1 USDT,100000000.0,"50,000,000 ELIZAOS",5000000000000000.0,"500,000 USDT",50000000000000.0,0.001,100000.0,0.001,100000.0,,,150.0,50.0,
1087,sPLANCKUSDT,177701,Spot,PLANCK / USDT,,,,,,,USDT,,,,8,8,4,,,,PLANCKUSDT is a PLANCK/USDT spot trading pair. Minimum order value is 1 USDT,Delisted,250000,1763043000000,,,,,,,PLANCK,0.1 PLANCK,10000000.0,0.0001 USDT,10000.0,1.0,2.0,1 USDT,100000000.0,"1,000,000 PLANCK",100000000000000.0,"500,000 USDT",50000000000000.0,0.001,100000.0,0.001,100000.0,,,150.0,50.0,
1088,sBEATUSDT,177801,Spot,BEAT / USDT,,,,,,,USDT,,,,8,8,5,,,,BEATUSDT is a BEAT/USDT spot trading pair. Minimum order value is 1 USDT,Listed,312500,1763028000000,,,,,,,BEAT,0.1 BEAT,10000000.0,0.00001 USDT,1000.0,1.0,2.0,1 USDT,100000000.0,"1,250,000 BEAT",125000000000000.0,"500,000 USDT",50000000000000.0,0.001,100000.0,0.001,100000.0,,,150.0,50.0,
1089,sPIEVERSEUSDT,178101,Spot,PIEVERSE / USDT,,,,,,,USDT,,,,8,8,5,,,,PIEVERSEUSDT is a PIEVERSE/USDT spot trading pair. Minimum order value is 1 USDT,Listed,500000,1763125800000,,,,,,,PIEVERSE,0.01 PIEVERSE,1000000.0,0.00001 USDT,1000.0,2.0,2.0,1 USDT,100000000.0,"2,000,000 PIEVERSE",200000000000000.0,"500,000 USDT",50000000000000.0,0.001,100000.0,0.001,100000.0,,,150.0,50.0,
1090,sZIGUSDT,178201,Spot,ZIG / USDT,,,,,,,USDT,,,,8,8,5,,,,ZIGUSDT is a ZIG/USDT spot trading pair. Minimum order value is 1 USDT,Listed,1562500,1767704400000,,,,,,,ZIG,0.01 ZIG,1000000.0,0.00001 USDT,1000.0,2.0,2.0,1 USDT,100000000.0,"6,250,000 ZIG",625000000000000.0,"500,000 USDT",50000000000000.0,0.001,100000.0,0.001,100000.0,,,150.0,50.0,
1091,sSENTUSDT,178401,Spot,SENT / USDT,,,,,,,USDT,,,,8,8,5,,,,SENTUSDT is a SENT/USDT spot trading pair. Minimum order value is 1 USDT,Listed,6250000,1769087400000,,,,,,,SENT,1 SENT,100000000.0,0.00001 USDT,1000.0,0.0,2.0,1 USDT,100000000.0,"25,000,000 SENT",2500000000000000.0,"500,000 USDT",50000000000000.0,0.001,100000.0,0.001,100000.0,,,150.0,50.0,
1092,sDGRAMUSDT,178501,Spot,DGRAM / USDT,,,,,,,USDT,,,,8,8,6,,,,DGRAMUSDT is a DGRAM/USDT spot trading pair. Minimum order value is 1 USDT,Delisted,12500000,1763546400000,,,,,,,DGRAM,1 DGRAM,100000000.0,0.000001 USDT,100.0,0.0,2.0,1 USDT,100000000.0,"50,000,000 DGRAM",5000000000000000.0,"500,000 USDT",50000000000000.0,0.001,100000.0,0.001,100000.0,,,150.0,50.0,
1093,sGAIBUSDT,178601,Spot,GAIB / USDT,,,,,,,USDT,,,,8,8,5,,,,GAIBUSDT is a GAIB/USDT spot trading pair. Minimum order value is 1 USDT,Listed,2735229,1765879200000,,,,,,,GAIB,1 GAIB,100000000.0,0.00001 USDT,1000.0,0.0,2.0,1 USDT,100000000.0,"10,914,644 GAIB",1091464400000000.0,"500,000 USDT",50000000000000.0,0.001,100000.0,0.001,100000.0,,,150.0,50.0,
1094,sRLSUSDT,178801,Spot,RLS / USDT,,,,,,,USDT,,,,8,8,6,,,,RLSUSDT is a RLS/USDT spot trading pair. Minimum order value is 1 USDT,Listed,5000000,1764669600000,,,,,,,RLS,1 RLS,100000000.0,0.000001 USDT,100.0,0.0,2.0,1 USDT,100000000.0,"20,000,000 RLS",2000000000000000.0,"500,000 USDT",50000000000000.0,0.001,100000.0,0.001,100000.0,,,150.0,50.0,
1095,sWETUSDT,179001,Spot,WET / USDT,,,,,,,USDT,,,,8,8,5,,,,WETUSDT is a WET/USDT spot trading pair. Minimum order value is 1 USDT,Listed,1250000,1765293000000,,,,,,,WET,1 WET,100000000.0,0.00001 USDT,1000.0,0.0,2.0,1 USDT,100000000.0,"5,000,000 WET",500000000000000.0,"500,000 USDT",50000000000000.0,0.001,100000.0,0.001,100000.0,,,150.0,50.0,
1096,sPOWERUSDT,179101,Spot,POWER / USDT,,,,,,,USDT,,,,8,8,4,,,,POWERUSDT is a POWER/USDT spot trading pair. Minimum order value is 1 USDT,Listed,625000,1765533600000,,,,,,,POWER,0.1 POWER,10000000.0,0.0001 USDT,10000.0,1.0,2.0,1 USDT,100000000.0,"2,500,000 POWER",250000000000000.0,"500,000 USDT",50000000000000.0,0.001,100000.0,0.001,100000.0,,,150.0,50.0,
1097,sNIGHTUSDT,179201,Spot,NIGHT / USDT,,,,,,,USDT,,,,8,8,5,,,,NIGHTUSDT is a NIGHT/USDT spot trading pair. Minimum order value is 1 USDT,Listed,50000000,1765275000000,,,,,,,NIGHT,0.1 NIGHT,10000000.0,0.00001 USDT,1000.0,1.0,2.0,1 USDT,100000000.0,"200,000,000 NIGHT",2e+16,"500,000 USDT",50000000000000.0,0.001,100000.0,0.001,100000.0,,,150.0,50.0,
1098,sUSUSDT,179401,Spot,US / USDT,,,,,,,USDT,,,,8,8,6,,,,USUSDT is a US/USDT spot trading pair. Minimum order value is 1 USDT,Listed,5000000,1765458600000,,,,,,,US,1 US,100000000.0,0.000001 USDT,100.0,0.0,2.0,1 USDT,100000000.0,"20,000,000 US",2000000000000000.0,"500,000 USDT",50000000000000.0,0.001,100000.0,0.001,100000.0,,,150.0,50.0,
1099,sALMANAKUSDT,179501,Spot,ALMANAK / USDT,,,,,,,USDT,,,,8,8,5,,,,ALMANAKUSDT is a ALMANAK/USDT spot trading pair. Minimum order value is 1 USDT,Delisted,1250000,1765455000000,,,,,,,ALMANAK,1 ALMANAK,100000000.0,0.00001 USDT,1000.0,0.0,2.0,1 USDT,100000000.0,"5,000,000 ALMANAK",500000000000000.0,"500,000 USDT",50000000000000.0,0.001,100000.0,0.001,100000.0,,,150.0,50.0,
1100,sCYSUSDT,179601,Spot,CYS / USDT,,,,,,,USDT,,,,8,8,4,,,,CYSUSDT is a CYS/USDT spot trading pair. Minimum order value is 1 USDT,Listed,625000,1765533600000,,,,,,,CYS,0.1 CYS,10000000.0,0.0001 USDT,10000.0,1.0,2.0,1 USDT,100000000.0,"2,000,000 CYS",200000000000000.0,"500,000 USDT",50000000000000.0,0.001,100000.0,0.001,100000.0,,,150.0,50.0,
1101,sRAVEUSDT,179901,Spot,RAVE / USDT,,,,,,,USDT,,,,8,8,5,,,,RAVEUSDT is a RAVE/USDT spot trading pair. Minimum order value is 1 USDT,Listed,625000,1765792800000,,,,,,,RAVE,1 RAVE,100000000.0,0.00001 USDT,1000.0,0.0,2.0,1 USDT,100000000.0,"2,000,000 RAVE",200000000000000.0,"500,000 USDT",50000000000000.0,0.001,100000.0,0.001,100000.0,,,150.0,50.0,
1102,sGUAUSDT,180101,Spot,GUA / USDT,,,,,,,USDT,,,,8,8,5,,,,GUAUSDT is a GUA/USDT spot trading pair. Minimum order value is 1 USDT,Listed,1312335,1765879200000,,,,,,,GUA,1 GUA,100000000.0,0.00001 USDT,1000.0,0.0,2.0,1 USDT,100000000.0,"5,249,340 GUA",524934000000000.0,"500,000 USDT",50000000000000.0,0.001,100000.0,0.001,100000.0,,,150.0,50.0,
1103,sTITNUSDT,180201,Spot,TITN / USDT,,,,,,,USDT,,,,8,8,5,,,,TITNUSDT is a TITN/USDT spot trading pair. Minimum order value is 1 USDT,Delisted,1303305,1765879200000,,,,,,,TITN,1 TITN,100000000.0,0.00001 USDT,1000.0,0.0,2.0,1 USDT,100000000.0,"5,213,220 TITN",521322000000000.0,"500,000 USDT",50000000000000.0,0.001,100000.0,0.001,100000.0,,,150.0,50.0,
1104,sLMTSUSDT,180301,Spot,LMTS / USDT,,,,,,,USDT,,,,8,8,5,,,,LMTSUSDT is a LMTS/USDT spot trading pair. Minimum order value is 1 USDT,Listed,592697,1765879200000,,,,,,,LMTS,0.1 LMTS,10000000.0,0.00001 USDT,1000.0,1.0,2.0,1 USDT,100000000.0,"2,370,788 LMTS",237078800000000.0,"500,000 USDT",50000000000000.0,0.001,100000.0,0.001,100000.0,,,150.0,50.0,
1105,sSCORUSDT,180401,Spot,SCOR / USDT,,,,,,,USDT,,,,8,8,5,,,,SCORUSDT is a SCOR/USDT spot trading pair. Minimum order value is 1 USDT,Listed,8283631,1766052000000,,,,,,,SCOR,1 SCOR,100000000.0,0.00001 USDT,1000.0,0.0,2.0,1 USDT,100000000.0,"50,000,000 SCOR",5000000000000000.0,"500,000 USDT",50000000000000.0,0.001,100000.0,0.001,100000.0,,,150.0,50.0,
1106,sVOOIUSDT,180501,Spot,VOOI / USDT,,,,,,,USDT,,,,8,8,5,,,,VOOIUSDT is a VOOI/USDT spot trading pair. Minimum order value is 1 USDT,Delisted,250000,1766138400000,,,,,,,VOOI,0.1 VOOI,10000000.0,0.00001 USDT,1000.0,1.0,2.0,1 USDT,100000000.0,"1,000,000 VOOI",100000000000000.0,"500,000 USDT",50000000000000.0,0.001,100000.0,0.001,100000.0,,,150.0,50.0,
1107,sZKPUSDT,180601,Spot,ZKP / USDT,,,,,,,USDT,,,,8,8,5,,,,ZKPUSDT is a ZKP/USDT spot trading pair. Minimum order value is 1 USDT,Listed,1250000,1766154600000,,,,,,,ZKP,0.1 ZKP,10000000.0,0.00001 USDT,1000.0,1.0,2.0,1 USDT,100000000.0,"5,000,000 ZKP",500000000000000.0,"500,000 USDT",50000000000000.0,0.001,100000.0,0.001,100000.0,,,150.0,50.0,
1108,sIRUSDT,180701,Spot,IR / USDT,,,,,,,USDT,,,,8,8,5,,,,IRUSDT is a IR/USDT spot trading pair. Minimum order value is 1 USDT,Listed,625000,1766401200000,,,,,,,IR,0.1 IR,10000000.0,0.00001 USDT,1000.0,1.0,2.0,1 USDT,100000000.0,"2,500,000 IR",250000000000000.0,"500,000 USDT",50000000000000.0,0.001,100000.0,0.001,100000.0,,,150.0,50.0,
1109,sLITUSDT,181001,Spot,LIT / USDT,,,,,,,USDT,,,,8,8,3,,,,LITUSDT is a LIT/USDT spot trading pair. Minimum order value is 1 USDT,Listed,62500,1767088800000,,,,,,,LIT,0.01 LIT,1000000.0,0.001 USDT,100000.0,2.0,2.0,1 USDT,100000000.0,"200,000 LIT",20000000000000.0,"500,000 USDT",50000000000000.0,0.001,100000.0,0.001,100000.0,,,150.0,50.0,
1110,sMAGMAUSDT,181101,Spot,MAGMA / USDT,,,,,,,USDT,,,,8,8,5,,,,MAGMAUSDT is a MAGMA/USDT spot trading pair. Minimum order value is 1 USDT,Listed,1250000,1767002400000,,,,,,,MAGMA,0.1 MAGMA,10000000.0,0.00001 USDT,1000.0,1.0,2.0,1 USDT,100000000.0,"4,000,000 MAGMA",400000000000000.0,"500,000 USDT",50000000000000.0,0.001,100000.0,0.001,100000.0,,,150.0,50.0,
1111,sOOOOUSDT,181201,Spot,OOOO / USDT,,,,,,,USDT,,,,8,8,5,,,,OOOOUSDT is a OOOO/USDT spot trading pair. Minimum order value is 1 USDT,Delisted,1250000,1767096600000,,,,,,,OOOO,1 OOOO,100000000.0,0.00001 USDT,1000.0,0.0,2.0,1 USDT,100000000.0,"5,000,000 OOOO",500000000000000.0,"500,000 USDT",50000000000000.0,0.001,100000.0,0.001,100000.0,,,150.0,50.0,
1112,sBREVUSDT,181301,Spot,BREV / USDT,,,,,,,USDT,,,,8,8,4,,,,BREVUSDT is a BREV/USDT spot trading pair. Minimum order value is 1 USDT,Listed,312500,1767708600000,,,,,,,BREV,0.01 BREV,1000000.0,0.0001 USDT,10000.0,2.0,2.0,1 USDT,100000000.0,"1,250,000 BREV",125000000000000.0,"500,000 USDT",50000000000000.0,0.001,100000.0,0.001,100000.0,,,150.0,50.0,
1113,sBTGUSDT,181601,Spot,BTG / USDT,,,,,,,USDT,,,,8,8,3,,,,BTGUSDT is a BTG/USDT spot trading pair. Minimum order value is 1 USDT,Delisted,19744,1767607200000,,,,,,,BTG,0.01 BTG,1000000.0,0.001 USDT,100000.0,2.0,2.0,1 USDT,100000000.0,"78,976 BTG",7897600000000.0,"500,000 USDT",50000000000000.0,0.001,100000.0,0.001,100000.0,,,150.0,50.0,
1114,sWHITEWHALEUSDT,181701,Spot,WHITEWHALE / USDT,,,,,,,USDT,,,,8,8,5,,,,WHITEWHALEUSDT is a WHITEWHALE/USDT spot trading pair. Minimum order value is 1 USDT,Listed,1366120,1767780000000,,,,,,,WHITEWHALE,0.1 WHITEWHALE,10000000.0,0.00001 USDT,1000.0,1.0,2.0,1 USDT,100000000.0,"5,464,480 WHITEWHALE",546448000000000.0,"500,000 USDT",50000000000000.0,0.001,100000.0,0.001,100000.0,,,150.0,50.0,
1115,sFOGOUSDT,181901,Spot,FOGO / USDT,,,,,,,USDT,,,,8,8,5,,,,FOGOUSDT is a FOGO/USDT spot trading pair. Minimum order value is 1 USDT,Listed,1250000,1768486200000,,,,,,,FOGO,0.1 FOGO,10000000.0,0.00001 USDT,1000.0,1.0,2.0,1 USDT,100000000.0,"10,000,000 FOGO",1000000000000000.0,"500,000 USDT",50000000000000.0,0.001,100000.0,0.001,100000.0,,,150.0,50.0,
1116,sDNUSDT,182001,Spot,DN / USDT,,,,,,,USDT,,,,8,8,4,,,,DNUSDT is a DN/USDT spot trading pair. Minimum order value is 1 USDT,Listed,625000,1767953400000,,,,,,,DN,0.1 DN,10000000.0,0.0001 USDT,10000.0,1.0,2.0,1 USDT,100000000.0,"2,000,000 DN",200000000000000.0,"500,000 USDT",50000000000000.0,0.001,100000.0,0.001,100000.0,,,150.0,50.0,
1117,sZAMAUSDT,182101,Spot,ZAMA / USDT,,,,,,,USDT,,,,8,8,5,,,,ZAMAUSDT is a ZAMA/USDT spot trading pair. Minimum order value is 1 USDT,Listed,1785714,1770112800000,,,,,,,ZAMA,1 ZAMA,100000000.0,0.00001 USDT,1000.0,0.0,2.0,1 USDT,100000000.0,"8,000,000 ZAMA",800000000000000.0,"500,000 USDT",50000000000000.0,0.001,100000.0,0.001,100000.0,,,150.0,50.0,
1118,sSKRUSDT,182301,Spot,SKR / USDT,,,,,,,USDT,,,,8,8,6,,,,SKRUSDT is a SKR/USDT spot trading pair. Minimum order value is 1 USDT,Listed,1250000,1768968000000,,,,,,,SKR,0.1 SKR,10000000.0,0.000001 USDT,100.0,1.0,2.0,1 USDT,100000000.0,"62,500,000 SKR",6250000000000000.0,"500,000 USDT",50000000000000.0,0.001,100000.0,0.001,100000.0,,,150.0,50.0,
1119,sFRAXUSDT,182401,Spot,FRAX / USDT,,,,,,,USDT,,,,8,8,4,,,,FRAXUSDT is a FRAX/USDT spot trading pair. Minimum order value is 1 USDT,Listed,156250,1768467600000,,,,,,,FRAX,0.01 FRAX,1000000.0,0.0001 USDT,10000.0,2.0,2.0,1 USDT,100000000.0,"625,000 FRAX",62500000000000.0,"500,000 USDT",50000000000000.0,0.001,100000.0,0.001,100000.0,,,150.0,50.0,
1120,sPIVXUSDT,182501,Spot,PIVX / USDT,,,,,,,USDT,,,,8,8,4,,,,PIVXUSDT is a PIVX/USDT spot trading pair. Minimum order value is 1 USDT,Listed,761730,1768557600000,,,,,,,PIVX,1 PIVX,100000000.0,0.0001 USDT,10000.0,0.0,2.0,1 USDT,100000000.0,"3,046,920 PIVX",304692000000000.0,"500,000 USDT",50000000000000.0,0.001,100000.0,0.001,100000.0,,,150.0,50.0,
1121,sSPORTFUNUSDT,182701,Spot,SPORTFUN / USDT,,,,,,,USDT,,,,8,8,5,,,,SPORTFUNUSDT is a SPORTFUN/USDT spot trading pair. Minimum order value is 1 USDT,Listed,1562500,1768816800000,,,,,,,SPORTFUN,1 SPORTFUN,100000000.0,0.00001 USDT,1000.0,0.0,2.0,1 USDT,100000000.0,"6,250,000 SPORTFUN",625000000000000.0,"500,000 USDT",50000000000000.0,0.001,100000.0,0.001,100000.0,,,150.0,50.0,
1122,sELSAUSDT,182901,Spot,ELSA / USDT,,,,,,,USDT,,,,8,8,5,,,,ELSAUSDT is a ELSA/USDT spot trading pair. Minimum order value is 1 USDT,Listed,12500000000,1768900200000,,,,,,,ELSA,0.1 ELSA,10000000.0,0.00001 USDT,1000.0,1.0,2.0,1 USDT,100000000.0,"5,000,000 ELSA",500000000000000.0,"500,000 USDT",50000000000000.0,0.001,100000.0,0.001,100000.0,,,150.0,50.0,
1123,sIMUUSDT,183001,Spot,IMU / USDT,,,,,,,USDT,,,,8,8,6,,,,IMUUSDT is a IMU/USDT spot trading pair. Minimum order value is 1 USDT,Delisted,12500000,1769091000000,,,,,,,IMU,1 IMU,100000000.0,0.000001 USDT,100.0,0.0,2.0,1 USDT,100000000.0,"50,000,000 IMU",5000000000000000.0,"500,000 USDT",50000000000000.0,0.001,100000.0,0.001,100000.0,,,150.0,50.0,
1124,sACUUSDT,183101,Spot,ACU / USDT,,,,,,,USDT,,,,8,8,5,,,,ACUUSDT is a ACU/USDT spot trading pair. Minimum order value is 1 USDT,Listed,1250000,1769076000000,,,,,,,ACU,0.1 ACU,10000000.0,0.00001 USDT,1000.0,1.0,2.0,1 USDT,100000000.0,"4,000,000 ACU",400000000000000.0,"500,000 USDT",50000000000000.0,0.001,100000.0,0.001,100000.0,,,150.0,50.0,
1125,sSLVONUSDT,183901,Spot,SLVON / USDT,,,,,,,USDT,,,,8,8,2,,,,SLVONUSDT is a SLVON/USDT spot trading pair. Minimum order value is 1 USDT,Listed,125000,1769508000000,,,,,,,SLVON,0.01 SLVON,1000000.0,0.01 USDT,1000000.0,2.0,2.0,1 USDT,100000000.0,"5,000 SLVON",500000000000.0,"500,000 USDT",50000000000000.0,0.001,100000.0,0.001,100000.0,,,150.0,50.0,
1126,sGWEIUSDT,184001,Spot,GWEI / USDT,,,,,,,USDT,,,,8,8,5,,,,GWEIUSDT is a GWEI/USDT spot trading pair. Minimum order value is 1 USDT,Listed,4742033,1769508000000,,,,,,,GWEI,1 GWEI,100000000.0,0.00001 USDT,1000.0,0.0,2.0,1 USDT,100000000.0,"20,000,000 GWEI",2000000000000000.0,"500,000 USDT",50000000000000.0,0.001,100000.0,0.001,100000.0,,,150.0,50.0,
1127,sOPINIONUSDT,184101,Spot,OPINION / USDT,,,,,,,USDT,,,,8,8,4,,,,OPINIONUSDT is a OPINION/USDT spot trading pair. Minimum order value is 1 USDT,Listed,250000,1772272800000,,,,,,,OPINION,0.1 OPINION,10000000.0,0.0001 USDT,10000.0,1.0,2.0,1 USDT,100000000.0,"1,000,000 OPINION",100000000000000.0,"500,000 USDT",50000000000000.0,0.001,100000.0,0.001,100000.0,,,150.0,50.0,
1128,sBIRBUSDT,184201,Spot,BIRB / USDT,,,,,,,USDT,,,,8,8,5,,,,BIRBUSDT is a BIRB/USDT spot trading pair. Minimum order value is 1 USDT,Listed,500000,1769605800000,,,,,,,BIRB,0.1 BIRB,10000000.0,0.00001 USDT,1000.0,1.0,2.0,1 USDT,100000000.0,"2,000,000 BIRB",200000000000000.0,"500,000 USDT",50000000000000.0,0.001,100000.0,0.001,100000.0,,,150.0,50.0,
1129,sAMDONUSDT,184301,Spot,AMDON / USDT,,,,,,,USDT,,,,8,8,2,,,,AMDONUSDT is a AMDON/USDT spot trading pair. Minimum order value is 1 USDT,Listed,491,1769680800000,,,,,,,AMDON,0.001 AMDON,100000.0,0.01 USDT,1000000.0,3.0,2.0,1 USDT,100000000.0,"1,964 AMDON",196400000000.0,"500,000 USDT",50000000000000.0,0.001,100000.0,0.001,100000.0,,,150.0,50.0,
1130,sMSTRONUSDT,184401,Spot,MSTRON / USDT,,,,,,,USDT,,,,8,8,2,,,,MSTRONUSDT is a MSTRON/USDT spot trading pair. Minimum order value is 1 USDT,Listed,125000,1769680800000,,,,,,,MSTRON,0.001 MSTRON,100000.0,0.01 USDT,1000000.0,3.0,2.0,1 USDT,100000000.0,"4,000 MSTRON",400000000000.0,"500,000 USDT",50000000000000.0,0.001,100000.0,0.001,100000.0,,,150.0,50.0,
1131,sSPYONUSDT,184501,Spot,SPYON / USDT,,,,,,,USDT,,,,8,8,2,,,,SPYONUSDT is a SPYON/USDT spot trading pair. Minimum order value is 1 USDT,Listed,25000,1769680800000,,,,,,,SPYON,0.001 SPYON,100000.0,0.01 USDT,1000000.0,3.0,2.0,1 USDT,100000000.0,"1,000 SPYON",100000000000.0,"500,000 USDT",50000000000000.0,0.001,100000.0,0.001,100000.0,,,150.0,50.0,
1132,sQQQONUSDT,184601,Spot,QQQON / USDT,,,,,,,USDT,,,,8,8,2,,,,QQQONUSDT is a QQQON/USDT spot trading pair. Minimum order value is 1 USDT,Listed,25000,1769680800000,,,,,,,QQQON,0.001 QQQON,100000.0,0.01 USDT,1000000.0,3.0,2.0,1 USDT,100000000.0,"1,000 QQQON",100000000000.0,"500,000 USDT",50000000000000.0,0.001,100000.0,0.001,100000.0,,,150.0,50.0,
1133,sMSFTONUSDT,184701,Spot,MSFTON / USDT,,,,,,,USDT,,,,8,8,2,,,,MSFTONUSDT is a MSFTON/USDT spot trading pair. Minimum order value is 1 USDT,Listed,274,1769680800000,,,,,,,MSFTON,0.001 MSFTON,100000.0,0.01 USDT,1000000.0,3.0,2.0,1 USDT,100000000.0,"1,096 MSFTON",109600000000.0,"500,000 USDT",50000000000000.0,0.001,100000.0,0.001,100000.0,,,150.0,50.0,
1134,sINXUSDT,185101,Spot,INX / USDT,,,,,,,USDT,,,,8,8,5,,,,INXUSDT is a INX/USDT spot trading pair. Minimum order value is 1 USDT,Listed,6073858,1776160800000,,,,,,,INX,1 INX,100000000.0,0.00001 USDT,1000.0,0.0,2.0,1 USDT,100000000.0,"24,295,432 INX",2429543200000000.0,"500,000 USDT",50000000000000.0,0.001,100000.0,0.001,100000.0,,,150.0,50.0,
1135,sTRIAUSDT,185301,Spot,TRIA / USDT,,,,,,,USDT,,,,8,8,6,,,,TRIAUSDT is a TRIA/USDT spot trading pair. Minimum order value is 1 USDT,Listed,12500000,1770113400000,,,,,,,TRIA,1 TRIA,100000000.0,0.000001 USDT,100.0,0.0,2.0,1 USDT,100000000.0,"50,000,000 TRIA",5000000000000000.0,"500,000 USDT",50000000000000.0,0.001,100000.0,0.001,100000.0,,,150.0,50.0,
1136,sRNBWUSDT,185401,Spot,RNBW / USDT,,,,,,,USDT,,,,8,8,5,,,,RNBWUSDT is a RNBW/USDT spot trading pair. Minimum order value is 1 USDT,Listed,1250000,1770379200000,,,,,,,RNBW,0.1 RNBW,10000000.0,0.00001 USDT,1000.0,1.0,2.0,1 USDT,100000000.0,"5,000,000 RNBW",500000000000000.0,"500,000 USDT",50000000000000.0,0.001,100000.0,0.001,100000.0,,,150.0,50.0,
1137,sMETAONUSDT,187201,Spot,METAON / USDT,,,,,,,USDT,,,,8,8,2,,,,METAONUSDT is a METAON/USDT spot trading pair. Minimum order value is 1 USDT,Listed,185,1770811200000,,,,,,,METAON,0.001 METAON,100000.0,0.01 USDT,1000000.0,3.0,2.0,1 USDT,100000000.0,740 METAON,74000000000.0,"500,000 USDT",50000000000000.0,0.001,100000.0,0.001,100000.0,,,150.0,50.0,
1138,sGOOGLONUSDT,187301,Spot,GOOGLON / USDT,,,,,,,USDT,,,,8,8,2,,,,GOOGLONUSDT is a GOOGLON/USDT spot trading pair. Minimum order value is 1 USDT,Listed,390,1770811200000,,,,,,,GOOGLON,0.001 GOOGLON,100000.0,0.01 USDT,1000000.0,3.0,2.0,1 USDT,100000000.0,"1,560 GOOGLON",156000000000.0,"500,000 USDT",50000000000000.0,0.001,100000.0,0.001,100000.0,,,150.0,50.0,
1139,sESPUSDT,187401,Spot,ESP / USDT,,,,,,,USDT,,,,8,8,5,,,,ESPUSDT is a ESP/USDT spot trading pair. Minimum order value is 1 USDT,Listed,1532426,1770976800000,,,,,,,ESP,0.1 ESP,10000000.0,0.00001 USDT,1000.0,1.0,2.0,1 USDT,100000000.0,"6,129,704 ESP",612970400000000.0,"500,000 USDT",50000000000000.0,0.001,100000.0,0.001,100000.0,,,150.0,50.0,
1140,sAZTECUSDT,187501,Spot,AZTEC / USDT,,,,,,,USDT,,,,8,8,6,,,,AZTECUSDT is a AZTEC/USDT spot trading pair. Minimum order value is 1 USDT,Listed,12500000,1770880200000,,,,,,,AZTEC,1 AZTEC,100000000.0,0.000001 USDT,100.0,0.0,2.0,1 USDT,100000000.0,"50,000,000 AZTEC",5000000000000000.0,"500,000 USDT",50000000000000.0,0.001,100000.0,0.001,100000.0,,,150.0,50.0,
1141,sAAPLONUSDT,187601,Spot,AAPLON / USDT,,,,,,,USDT,,,,8,8,2,,,,AAPLONUSDT is a AAPLON/USDT spot trading pair. Minimum order value is 1 USDT,Listed,455,1770811200000,,,,,,,AAPLON,0.001 AAPLON,100000.0,0.01 USDT,1000000.0,3.0,2.0,1 USDT,100000000.0,"1,820 AAPLON",182000000000.0,"500,000 USDT",50000000000000.0,0.001,100000.0,0.001,100000.0,,,150.0,50.0,
1142,sHOODONUSDT,187701,Spot,HOODON / USDT,,,,,,,USDT,,,,8,8,2,,,,HOODONUSDT is a HOODON/USDT spot trading pair. Minimum order value is 1 USDT,Listed,1448,1770811200000,,,,,,,HOODON,0.001 HOODON,100000.0,0.01 USDT,1000000.0,3.0,2.0,1 USDT,100000000.0,"5,792 HOODON",579200000000.0,"500,000 USDT",50000000000000.0,0.001,100000.0,0.001,100000.0,,,150.0,50.0,
1143,sCOINONUSDT,187801,Spot,COINON / USDT,,,,,,,USDT,,,,8,8,2,,,,COINONUSDT is a COINON/USDT spot trading pair. Minimum order value is 1 USDT,Listed,758,1770811200000,,,,,,,COINON,0.001 COINON,100000.0,0.01 USDT,1000000.0,3.0,2.0,1 USDT,100000000.0,"3,032 COINON",303200000000.0,"500,000 USDT",50000000000000.0,0.001,100000.0,0.001,100000.0,,,150.0,50.0,
1144,sCRCLONUSDT,187901,Spot,CRCLON / USDT,,,,,,,USDT,,,,8,8,2,,,,CRCLONUSDT is a CRCLON/USDT spot trading pair. Minimum order value is 1 USDT,Listed,2123,1770811200000,,,,,,,CRCLON,0.001 CRCLON,100000.0,0.01 USDT,1000000.0,3.0,2.0,1 USDT,100000000.0,"8,492 CRCLON",849200000000.0,"500,000 USDT",50000000000000.0,0.001,100000.0,0.001,100000.0,,,150.0,50.0,
1145,sTSLAONUSDT,188001,Spot,TSLAON / USDT,,,,,,,USDT,,,,8,8,2,,,,TSLAONUSDT is a TSLAON/USDT spot trading pair. Minimum order value is 1 USDT,Listed,299,1770811200000,,,,,,,TSLAON,0.001 TSLAON,100000.0,0.01 USDT,1000000.0,3.0,2.0,1 USDT,100000000.0,"1,196 TSLAON",119600000000.0,"500,000 USDT",50000000000000.0,0.001,100000.0,0.001,100000.0,,,150.0,50.0,
1146,sNVDAONUSDT,188101,Spot,NVDAON / USDT,,,,,,,USDT,,,,8,8,2,,,,NVDAONUSDT is a NVDAON/USDT spot trading pair. Minimum order value is 1 USDT,Listed,655,1770811200000,,,,,,,NVDAON,0.001 NVDAON,100000.0,0.01 USDT,1000000.0,3.0,2.0,1 USDT,100000000.0,"2,620 NVDAON",262000000000.0,"500,000 USDT",50000000000000.0,0.001,100000.0,0.001,100000.0,,,150.0,50.0,
1147,sAMZNONUSDT,188201,Spot,AMZNON / USDT,,,,,,,USDT,,,,8,8,2,,,,AMZNONUSDT is a AMZNON/USDT spot trading pair. Minimum order value is 1 USDT,Listed,600,1770811200000,,,,,,,AMZNON,0.001 AMZNON,100000.0,0.01 USDT,1000000.0,3.0,2.0,1 USDT,100000000.0,"2,400 AMZNON",240000000000.0,"500,000 USDT",50000000000000.0,0.001,100000.0,0.001,100000.0,,,150.0,50.0,
1148,sOPNUSDT,188501,Spot,OPN / USDT,,,,,,,USDT,,,,8,8,4,,,,OPNUSDT is a OPN/USDT spot trading pair. Minimum order value is 1 USDT,Listed,312500,1772716200000,,,,,,,OPN,0.1 OPN,10000000.0,0.0001 USDT,10000.0,1.0,2.0,1 USDT,100000000.0,"1,047,120 OPN",104712000000000.0,"500,000 USDT",50000000000000.0,0.001,100000.0,0.001,100000.0,,,150.0,50.0,
1149,sROBOUSDT,188601,Spot,ROBO / USDT,,,,,,,USDT,,,,8,8,5,,,,ROBOUSDT is a ROBO/USDT spot trading pair. Minimum order value is 1 USDT,Listed,4166666,1772186400000,,,,,,,ROBO,1 ROBO,100000000.0,0.00001 USDT,1000.0,0.0,2.0,1 USDT,100000000.0,"13,157,892 ROBO",1315789200000000.0,"500,000 USDT",50000000000000.0,0.001,100000.0,0.001,100000.0,,,150.0,50.0,
1150,sKATUSDT,188901,Spot,KAT / USDT,,,,,,,USDT,,,,8,8,5,,,,KATUSDT is a KAT/USDT spot trading pair. Minimum order value is 1 USDT,Listed,6250000,1773839400000,,,,,,,KAT,1 KAT,100000000.0,0.00001 USDT,1000.0,0.0,2.0,1 USDT,100000000.0,"34,223,132 KAT",3422313200000000.0,"500,000 USDT",50000000000000.0,0.001,100000.0,0.001,100000.0,,,150.0,50.0,
1151,sMANTRAUSDT,189001,Spot,MANTRA / USDT,,,,,,,USDT,,,,8,8,5,,,,MANTRAUSDT is a MANTRA/USDT spot trading pair. Minimum order value is 1 USDT,Listed,8716875,1772611800000,,,,,,,MANTRA,1 MANTRA,100000000.0,0.00001 USDT,1000.0,0.0,2.0,1 USDT,100000000.0,"34,867,500 MANTRA",3486750000000000.0,"500,000 USDT",50000000000000.0,0.001,100000.0,0.001,100000.0,,,150.0,50.0,
1152,sCFGUSDT,190701,Spot,CFG / USDT,,,,,,,USDT,,,,8,8,4,,,,CFGUSDT is a CFG/USDT spot trading pair. Minimum order value is 1 USDT,Listed,523450,1776420000000,,,,,,,CFG,0.1 CFG,10000000.0,0.0001 USDT,10000.0,1.0,2.0,1 USDT,100000000.0,"2,093,800 CFG",209380000000000.0,"500,000 USDT",50000000000000.0,0.001,100000.0,0.001,100000.0,,,150.0,50.0,
1153,sEDGEXUSDT,191001,Spot,EDGEX / USDT,,,,,,,USDT,,,,8,8,4,,,,EDGEXUSDT is a EDGEX/USDT spot trading pair. Minimum order value is 1 USDT,Listed,171844,1775124000000,,,,,,,EDGEX,0.1 EDGEX,10000000.0,0.0001 USDT,10000.0,1.0,2.0,1 USDT,100000000.0,"687,376 EDGEX",68737600000000.0,"500,000 USDT",50000000000000.0,0.001,100000.0,0.001,100000.0,,,150.0,50.0,
1154,sPRLUSDT,192001,Spot,PRL / USDT,,,,,,,USDT,,,,8,8,4,,,,PRLUSDT is a PRL/USDT spot trading pair. Minimum order value is 1 USDT,Listed,707413,1774605600000,,,,,,,PRL,0.1 PRL,10000000.0,0.0001 USDT,10000.0,1.0,2.0,1 USDT,100000000.0,"2,829,652 PRL",282965200000000.0,"500,000 USDT",50000000000000.0,0.001,100000.0,0.001,100000.0,,,150.0,50.0,
1155,sBASEDUSDT,192101,Spot,BASED / USDT,,,,,,,USDT,,,,8,8,4,,,,BASEDUSDT is a BASED/USDT spot trading pair. Minimum order value is 1 USDT,Listed,1250000,1774865400000,,,,,,,BASED,0.1 BASED,10000000.0,0.0001 USDT,10000.0,1.0,2.0,1 USDT,100000000.0,"4,170,140 BASED",417014000000000.0,"500,000 USDT",50000000000000.0,0.001,100000.0,0.001,100000.0,,,150.0,50.0,
1156,sCVXONUSDT,192301,Spot,CVXON / USDT,,,,,,,USDT,,,,8,8,2,,,,CVXONUSDT is a CVXON/USDT spot trading pair. Minimum order value is 1 USDT,Listed,576,1774951200000,,,,,,,CVXON,0.001 CVXON,100000.0,0.01 USDT,1000000.0,3.0,2.0,1 USDT,100000000.0,"2,304 CVXON",230400000000.0,"500,000 USDT",50000000000000.0,0.001,100000.0,0.001,100000.0,,,150.0,50.0,
1157,sIAUONUSDT,192401,Spot,IAUON / USDT,,,,,,,USDT,,,,8,8,2,,,,IAUONUSDT is a IAUON/USDT spot trading pair. Minimum order value is 1 USDT,Listed,1467,1774951200000,,,,,,,IAUON,0.001 IAUON,100000.0,0.01 USDT,1000000.0,3.0,2.0,1 USDT,100000000.0,"5,868 IAUON",586800000000.0,"500,000 USDT",50000000000000.0,0.001,100000.0,0.001,100000.0,,,150.0,50.0,
1158,sPLTRONUSDT,192501,Spot,PLTRON / USDT,,,,,,,USDT,,,,8,8,2,,,,PLTRONUSDT is a PLTRON/USDT spot trading pair. Minimum order value is 1 USDT,Listed,874,1774951200000,,,,,,,PLTRON,0.001 PLTRON,100000.0,0.01 USDT,1000000.0,3.0,2.0,1 USDT,100000000.0,"3,496 PLTRON",349600000000.0,"500,000 USDT",50000000000000.0,0.001,100000.0,0.001,100000.0,,,150.0,50.0,
1159,sUNITASUSDT,192901,Spot,UNITAS / USDT,,,,,,,USDT,,,,8,8,4,,,,UNITASUSDT is a UNITAS/USDT spot trading pair. Minimum order value is 1 USDT,Delisted,471342,1775642400000,,,,,,,UNITAS,0.1 UNITAS,10000000.0,0.0001 USDT,10000.0,1.0,2.0,1 USDT,100000000.0,"1,885,368 UNITAS",188536800000000.0,"500,000 USDT",50000000000000.0,0.001,100000.0,0.001,100000.0,,,150.0,50.0,
1160,sUPUSDT,193101,Spot,UP / USDT,,,,,,,USDT,,,,8,8,4,,,,UPUSDT is a UP/USDT spot trading pair. Minimum order value is 1 USDT,Listed,567408,1776074400000,,,,,,,UP,0.1 UP,10000000.0,0.0001 USDT,10000.0,1.0,2.0,1 USDT,100000000.0,"2,269,632 UP",226963200000000.0,"500,000 USDT",50000000000000.0,0.001,100000.0,0.001,100000.0,,,150.0,50.0,
1161,sUSDSUSDT,193201,Spot,USDS / USDT,,,,,,,USDT,,,,8,8,4,,,,USDSUSDT is a USDS/USDT spot trading pair. Minimum order value is 1 USDT,Listed,125050,1775815200000,,,,,,,USDS,0.1 USDS,10000000.0,0.0001 USDT,10000.0,1.0,2.0,1 USDT,100000000.0,"500,200 USDS",50020000000000.0,"500,000 USDT",50000000000000.0,0.001,100000.0,0.001,100000.0,,,150.0,50.0,
1162,sOFCUSDT,193401,Spot,OFC / USDT,,,,,,,USDT,,,,8,8,5,,,,OFCUSDT is a OFC/USDT spot trading pair. Minimum order value is 1 USDT,Listed,2329916,1776074400000,,,,,,,OFC,1 OFC,100000000.0,0.00001 USDT,1000.0,0.0,2.0,1 USDT,100000000.0,"9,319,664 OFC",931966400000000.0,"500,000 USDT",50000000000000.0,0.001,100000.0,0.001,100000.0,,,150.0,50.0,
1163,sPORUSDT,193501,Spot,POR / USDT,,,,,,,USDT,,,,8,8,4,,,,PORUSDT is a POR/USDT spot trading pair. Minimum order value is 1 USDT,Listed,205187,1776160800000,,,,,,,POR,0.1 POR,10000000.0,0.0001 USDT,10000.0,1.0,2.0,1 USDT,100000000.0,"820,748 POR",82074800000000.0,"500,000 USDT",50000000000000.0,0.001,100000.0,0.001,100000.0,,,150.0,50.0,
1164,sSTUSDT,193601,Spot,ST / USDT,,,,,,,USDT,,,,8,8,4,,,,STUSDT is a ST/USDT spot trading pair. Minimum order value is 1 USDT,Listed,1011326,1776247200000,,,,,,,ST,0.1 ST,10000000.0,0.0001 USDT,10000.0,1.0,2.0,1 USDT,100000000.0,"4,045,304 ST",404530400000000.0,"500,000 USDT",50000000000000.0,0.001,100000.0,0.001,100000.0,,,150.0,50.0,
1165,sGENIUSUSDT,193701,Spot,GENIUS / USDT,,,,,,,USDT,,,,8,8,4,,,,GENIUSUSDT is a GENIUS/USDT spot trading pair. Minimum order value is 1 USDT,Listed,182641,1776247200000,,,,,,,GENIUS,0.1 GENIUS,10000000.0,0.0001 USDT,10000.0,1.0,2.0,1 USDT,100000000.0,"730,564 GENIUS",73056400000000.0,"500,000 USDT",50000000000000.0,0.001,100000.0,0.001,100000.0,,,150.0,50.0,
